unit,method,metric,response,category,n,median_dRMSE,pct_sites_improved,p_onesided_wilcoxon,q_BH,sig
M1vsM2_12m,tertiles,Absolute Mortality,ETmax,High,37,0.00015,48.6,0.2832,0.3186,ns
M1vsM2_12m,tertiles,Absolute Mortality,GPPsat,High,37,-1.09291,67.6,0.002753,0.01941,*
M1vsM2_12m,tertiles,Absolute Mortality,NEPmax,High,37,-0.98383,62.2,0.006678,0.02724,*
M1vsM2_12m,tertiles,Absolute Mortality,WUE,High,37,-0.05832,56.8,0.1289,0.1872,ns
M1vsM2_12m,tertiles,Absolute Mortality,uWUE,High,37,0.01933,48.6,0.2987,0.3279,ns
M1vsM2_12m,tertiles,Absolute Mortality,ETmax,Mid,37,-0.00383,67.6,0.0657,0.1232,ns
M1vsM2_12m,tertiles,Absolute Mortality,GPPsat,Mid,37,-1.09029,70.3,0.01278,0.04109,*
M1vsM2_12m,tertiles,Absolute Mortality,NEPmax,Mid,37,-0.36308,56.8,0.1167,0.181,ns
M1vsM2_12m,tertiles,Absolute Mortality,WUE,Mid,37,-0.00498,54.1,0.108,0.1749,ns
M1vsM2_12m,tertiles,Absolute Mortality,uWUE,Mid,37,-0.04558,59.5,0.07377,0.1328,ns
M1vsM2_12m,tertiles,Absolute Mortality,ETmax,Low,38,8e-05,50,0.5058,0.5293,ns
M1vsM2_12m,tertiles,Absolute Mortality,GPPsat,Low,38,-0.92395,71.1,0.002238,0.01941,*
M1vsM2_12m,tertiles,Absolute Mortality,NEPmax,Low,38,-0.9844,63.2,0.003978,0.02072,*
M1vsM2_12m,tertiles,Absolute Mortality,WUE,Low,38,-0.0766,65.8,0.04352,0.1031,ns
M1vsM2_12m,tertiles,Absolute Mortality,uWUE,Low,38,-0.06386,68.4,0.05533,0.1115,ns
M1vsM2_12m,tertiles,Relative Mortality,ETmax,High,37,-0.00383,62.2,0.03397,0.08492,ns
M1vsM2_12m,tertiles,Relative Mortality,GPPsat,High,37,-1.12505,70.3,0.0006912,0.01555,*
M1vsM2_12m,tertiles,Relative Mortality,NEPmax,High,37,-0.64504,64.9,0.004944,0.02225,*
M1vsM2_12m,tertiles,Relative Mortality,WUE,High,37,-0.00498,54.1,0.1787,0.2234,ns
M1vsM2_12m,tertiles,Relative Mortality,uWUE,High,37,-0.02478,54.1,0.1597,0.2114,ns
M1vsM2_12m,tertiles,Relative Mortality,ETmax,Mid,37,-0.00081,56.8,0.1561,0.2114,ns
M1vsM2_12m,tertiles,Relative Mortality,GPPsat,Mid,37,-1.36389,78.4,0.001554,0.01748,*
M1vsM2_12m,tertiles,Relative Mortality,NEPmax,Mid,37,-1.27398,59.5,0.007263,0.02724,*
M1vsM2_12m,tertiles,Relative Mortality,WUE,Mid,37,-0.06792,64.9,0.02866,0.0806,ns
M1vsM2_12m,tertiles,Relative Mortality,uWUE,Mid,37,-0.07343,62.2,0.03069,0.08125,ns
M1vsM2_12m,tertiles,Relative Mortality,ETmax,Low,38,0.00046,47.4,0.8079,0.8079,ns
M1vsM2_12m,tertiles,Relative Mortality,GPPsat,Low,38,-0.51527,60.5,0.05697,0.1115,ns
M1vsM2_12m,tertiles,Relative Mortality,NEPmax,Low,38,-0.36889,57.9,0.09347,0.1618,ns
M1vsM2_12m,tertiles,Relative Mortality,WUE,Low,38,-0.08843,57.9,0.1384,0.1946,ns
M1vsM2_12m,tertiles,Relative Mortality,uWUE,Low,38,-0.03736,60.5,0.2342,0.2773,ns
M1vsM2_12m,tertiles,Relative Disturbance,ETmax,High,37,-0.00162,64.9,0.02322,0.06966,ns
M1vsM2_12m,tertiles,Relative Disturbance,GPPsat,High,37,-1.312,67.6,0.001408,0.01748,*
M1vsM2_12m,tertiles,Relative Disturbance,NEPmax,High,37,-1.56797,64.9,0.003019,0.01941,*
M1vsM2_12m,tertiles,Relative Disturbance,WUE,High,37,-0.0023,51.4,0.3643,0.3903,ns
M1vsM2_12m,tertiles,Relative Disturbance,uWUE,High,37,-0.02326,51.4,0.1709,0.2198,ns
M1vsM2_12m,tertiles,Relative Disturbance,ETmax,Mid,37,-0.00081,54.1,0.2439,0.2814,ns
M1vsM2_12m,tertiles,Relative Disturbance,GPPsat,Mid,37,-1.36389,83.8,0.0004517,0.01555,*
M1vsM2_12m,tertiles,Relative Disturbance,NEPmax,Mid,37,-1.27398,64.9,0.004144,0.02072,*
M1vsM2_12m,tertiles,Relative Disturbance,WUE,Mid,37,-0.07571,64.9,0.01278,0.04109,*
M1vsM2_12m,tertiles,Relative Disturbance,uWUE,Mid,37,-0.05078,62.2,0.1289,0.1872,ns
M1vsM2_12m,tertiles,Relative Disturbance,ETmax,Low,38,0.00096,47.4,0.7476,0.7646,ns
M1vsM2_12m,tertiles,Relative Disturbance,GPPsat,Low,38,-0.46317,57.9,0.1088,0.1749,ns
M1vsM2_12m,tertiles,Relative Disturbance,NEPmax,Low,38,-0.22132,52.6,0.2211,0.2689,ns
M1vsM2_12m,tertiles,Relative Disturbance,WUE,Low,38,-0.08843,60.5,0.05216,0.1115,ns
M1vsM2_12m,tertiles,Relative Disturbance,uWUE,Low,38,-0.05218,63.2,0.05063,0.1115,ns
M1vsM2_12m,equal_width,Absolute Mortality,ETmax,Mid,52,-0.00033,53.8,0.2128,0.2992,ns
M1vsM2_12m,equal_width,Absolute Mortality,GPPsat,Mid,52,-1.10898,63.5,0.008411,0.03785,*
M1vsM2_12m,equal_width,Absolute Mortality,NEPmax,Mid,52,-0.65795,59.6,0.01957,0.05504,ns
M1vsM2_12m,equal_width,Absolute Mortality,WUE,Mid,52,-0.0753,59.6,0.01393,0.04847,*
M1vsM2_12m,equal_width,Absolute Mortality,uWUE,Mid,52,-0.04614,59.6,0.0422,0.07912,ns
M1vsM2_12m,equal_width,Absolute Mortality,ETmax,Low,54,-0.00277,55.6,0.262,0.3573,ns
M1vsM2_12m,equal_width,Absolute Mortality,GPPsat,Low,54,-1.07814,75.9,8.7e-05,0.003915,**
M1vsM2_12m,equal_width,Absolute Mortality,NEPmax,Low,54,-0.87287,63,0.001119,0.01117,*
M1vsM2_12m,equal_width,Absolute Mortality,WUE,Low,54,-0.04476,59.3,0.114,0.1761,ns
M1vsM2_12m,equal_width,Absolute Mortality,uWUE,Low,54,-0.03736,59.3,0.1174,0.1761,ns
M1vsM2_12m,equal_width,Absolute Mortality,ETmax,High,6,-0.00253,66.7,0.417,0.4938,ns
M1vsM2_12m,equal_width,Absolute Mortality,GPPsat,High,6,-0.4593,66.7,0.1473,0.2138,ns
M1vsM2_12m,equal_width,Absolute Mortality,NEPmax,High,6,0.07374,50,0.417,0.4938,ns
M1vsM2_12m,equal_width,Absolute Mortality,WUE,High,6,-0.02838,50,0.583,0.6201,ns
M1vsM2_12m,equal_width,Absolute Mortality,uWUE,High,6,-0.04338,50,0.3375,0.4219,ns
M1vsM2_12m,equal_width,Relative Mortality,ETmax,Mid,34,-0.0056,67.6,0.005982,0.02991,*
M1vsM2_12m,equal_width,Relative Mortality,GPPsat,Mid,34,-1.36004,73.5,0.0005144,0.007716,**
M1vsM2_12m,equal_width,Relative Mortality,NEPmax,Mid,34,-0.82734,64.7,0.004025,0.02636,*
M1vsM2_12m,equal_width,Relative Mortality,WUE,Mid,34,-0.00364,52.9,0.3283,0.4219,ns
M1vsM2_12m,equal_width,Relative Mortality,uWUE,Mid,34,-0.02402,52.9,0.3283,0.4219,ns
M1vsM2_12m,equal_width,Relative Mortality,ETmax,High,8,0.00083,37.5,0.688,0.688,ns
M1vsM2_12m,equal_width,Relative Mortality,GPPsat,High,8,-1.74923,62.5,0.09172,0.1474,ns
M1vsM2_12m,equal_width,Relative Mortality,NEPmax,High,8,-1.99368,75,0.05366,0.08944,ns
M1vsM2_12m,equal_width,Relative Mortality,WUE,High,8,-0.35724,75,0.05366,0.08944,ns
M1vsM2_12m,equal_width,Relative Mortality,uWUE,High,8,-0.37292,62.5,0.05366,0.08944,ns
M1vsM2_12m,equal_width,Relative Mortality,ETmax,Low,70,-3e-05,51.4,0.5925,0.6201,ns
M1vsM2_12m,equal_width,Relative Mortality,GPPsat,Low,70,-1.00057,68.6,0.001241,0.01117,*
M1vsM2_12m,equal_width,Relative Mortality,NEPmax,Low,70,-0.56898,57.1,0.01431,0.04847,*
M1vsM2_12m,equal_width,Relative Mortality,WUE,Low,70,-0.06165,60,0.02673,0.0633,ns
M1vsM2_12m,equal_width,Relative Mortality,uWUE,Low,70,-0.05506,61.4,0.03714,0.07266,ns
M1vsM2_12m,equal_width,Relative Disturbance,ETmax,Mid,39,-0.00403,66.7,0.009708,0.03971,*
M1vsM2_12m,equal_width,Relative Disturbance,GPPsat,Mid,39,-1.61572,74.4,0.0002364,0.005319,**
M1vsM2_12m,equal_width,Relative Disturbance,NEPmax,Mid,39,-0.98383,64.1,0.004441,0.02636,*
M1vsM2_12m,equal_width,Relative Disturbance,WUE,Mid,39,-0.0023,51.3,0.4308,0.497,ns
M1vsM2_12m,equal_width,Relative Disturbance,uWUE,Mid,39,-0.01323,51.3,0.4694,0.5152,ns
M1vsM2_12m,equal_width,Relative Disturbance,ETmax,High,10,-0.00016,50,0.4594,0.5152,ns
M1vsM2_12m,equal_width,Relative Disturbance,GPPsat,High,10,-1.8427,70,0.03327,0.0713,ns
M1vsM2_12m,equal_width,Relative Disturbance,NEPmax,High,10,-3.3895,80,0.01616,0.04847,*
M1vsM2_12m,equal_width,Relative Disturbance,WUE,High,10,-0.35724,80,0.02639,0.0633,ns
M1vsM2_12m,equal_width,Relative Disturbance,uWUE,High,10,-0.37292,70,0.01616,0.04847,*
M1vsM2_12m,equal_width,Relative Disturbance,ETmax,Low,63,0.00022,49.2,0.6404,0.6549,ns
M1vsM2_12m,equal_width,Relative Disturbance,GPPsat,Low,63,-0.77983,66.7,0.004687,0.02636,*
M1vsM2_12m,equal_width,Relative Disturbance,NEPmax,Low,63,-0.36308,55.6,0.03252,0.0713,ns
M1vsM2_12m,equal_width,Relative Disturbance,WUE,Low,63,-0.06792,60.3,0.02262,0.05987,ns
M1vsM2_12m,equal_width,Relative Disturbance,uWUE,Low,63,-0.05933,61.9,0.03671,0.07266,ns
M1vsM2_12m,natural_breaks,Absolute Mortality,ETmax,High,29,-0.00022,51.7,0.3095,0.3397,ns
M1vsM2_12m,natural_breaks,Absolute Mortality,GPPsat,High,29,-1.09291,72.4,0.002822,0.02124,*
M1vsM2_12m,natural_breaks,Absolute Mortality,NEPmax,High,29,-1.77661,65.5,0.006447,0.02638,*
M1vsM2_12m,natural_breaks,Absolute Mortality,WUE,High,29,-0.05832,55.2,0.1819,0.2206,ns
M1vsM2_12m,natural_breaks,Absolute Mortality,uWUE,High,29,0.01933,48.3,0.3327,0.3565,ns
M1vsM2_12m,natural_breaks,Absolute Mortality,ETmax,Mid,46,-0.00245,63,0.03572,0.09455,ns
M1vsM2_12m,natural_breaks,Absolute Mortality,GPPsat,Mid,46,-1.10767,67.4,0.007878,0.02954,*
M1vsM2_12m,natural_breaks,Absolute Mortality,NEPmax,Mid,46,-0.40345,56.5,0.08432,0.1459,ns
M1vsM2_12m,natural_breaks,Absolute Mortality,WUE,Mid,46,-0.00664,54.3,0.1025,0.1538,ns
M1vsM2_12m,natural_breaks,Absolute Mortality,uWUE,Mid,46,-0.0453,58.7,0.06582,0.125,ns
M1vsM2_12m,natural_breaks,Absolute Mortality,ETmax,Low,37,0.00022,48.6,0.548,0.5735,ns
M1vsM2_12m,natural_breaks,Absolute Mortality,GPPsat,Low,37,-0.77983,70.3,0.003308,0.02124,*
M1vsM2_12m,natural_breaks,Absolute Mortality,NEPmax,Low,37,-0.76486,62.2,0.00563,0.02534,*
M1vsM2_12m,natural_breaks,Absolute Mortality,WUE,Low,37,-0.07749,67.6,0.02769,0.08306,ns
M1vsM2_12m,natural_breaks,Absolute Mortality,uWUE,Low,37,-0.06735,67.6,0.06011,0.125,ns
M1vsM2_12m,natural_breaks,Relative Mortality,ETmax,Mid,45,-0.00254,60,0.04208,0.1052,ns
M1vsM2_12m,natural_breaks,Relative Mortality,GPPsat,Mid,45,-1.36389,80,0.0002054,0.004622,**
M1vsM2_12m,natural_breaks,Relative Mortality,NEPmax,Mid,45,-1.20395,62.2,0.003491,0.02124,*
M1vsM2_12m,natural_breaks,Relative Mortality,WUE,Mid,45,-0.03413,60,0.06665,0.125,ns
M1vsM2_12m,natural_breaks,Relative Mortality,uWUE,Mid,45,-0.04558,55.6,0.1863,0.2206,ns
M1vsM2_12m,natural_breaks,Relative Mortality,ETmax,High,26,-0.00115,57.7,0.1319,0.1798,ns
M1vsM2_12m,natural_breaks,Relative Mortality,GPPsat,High,26,-1.21853,65.4,0.005156,0.02534,*
M1vsM2_12m,natural_breaks,Relative Mortality,NEPmax,High,26,-0.57992,65.4,0.01271,0.04399,*
M1vsM2_12m,natural_breaks,Relative Mortality,WUE,High,26,-0.03332,61.5,0.09761,0.1515,ns
M1vsM2_12m,natural_breaks,Relative Mortality,uWUE,High,26,-0.05122,61.5,0.02109,0.06777,ns
M1vsM2_12m,natural_breaks,Relative Mortality,ETmax,Low,41,0.00022,48.8,0.7738,0.7738,ns
M1vsM2_12m,natural_breaks,Relative Mortality,GPPsat,Low,41,-0.55331,61,0.05405,0.1216,ns
M1vsM2_12m,natural_breaks,Relative Mortality,NEPmax,Low,41,-0.36308,56.1,0.08888,0.1478,ns
M1vsM2_12m,natural_breaks,Relative Mortality,WUE,Low,41,-0.07749,56.1,0.1141,0.1636,ns
M1vsM2_12m,natural_breaks,Relative Mortality,uWUE,Low,41,-0.04502,61,0.1788,0.2206,ns
M1vsM2_12m,natural_breaks,Relative Disturbance,ETmax,Mid,49,-0.00108,59.2,0.0746,0.1343,ns
M1vsM2_12m,natural_breaks,Relative Disturbance,GPPsat,Mid,49,-1.36389,79.6,0.0001918,0.004622,**
M1vsM2_12m,natural_breaks,Relative Disturbance,NEPmax,Mid,49,-1.32342,63.3,0.001422,0.02124,*
M1vsM2_12m,natural_breaks,Relative Disturbance,WUE,Mid,49,-0.00831,57.1,0.1163,0.1636,ns
M1vsM2_12m,natural_breaks,Relative Disturbance,uWUE,Mid,49,-0.03576,59.2,0.216,0.2492,ns
M1vsM2_12m,natural_breaks,Relative Disturbance,ETmax,High,24,-0.00251,58.3,0.09199,0.1478,ns
M1vsM2_12m,natural_breaks,Relative Disturbance,GPPsat,High,24,-1.36004,70.8,0.002236,0.02124,*
M1vsM2_12m,natural_breaks,Relative Disturbance,NEPmax,High,24,-1.83144,70.8,0.003776,0.02124,*
M1vsM2_12m,natural_breaks,Relative Disturbance,WUE,High,24,-0.03332,58.3,0.1692,0.2176,ns
M1vsM2_12m,natural_breaks,Relative Disturbance,uWUE,High,24,-0.06844,54.2,0.04457,0.1055,ns
M1vsM2_12m,natural_breaks,Relative Disturbance,ETmax,Low,39,7e-04,48.7,0.7418,0.7587,ns
M1vsM2_12m,natural_breaks,Relative Disturbance,GPPsat,Low,39,-0.4491,56.4,0.1397,0.1849,ns
M1vsM2_12m,natural_breaks,Relative Disturbance,NEPmax,Low,39,-0.13321,51.3,0.2719,0.3059,ns
M1vsM2_12m,natural_breaks,Relative Disturbance,WUE,Low,39,-0.09937,61.5,0.03429,0.09455,ns
M1vsM2_12m,natural_breaks,Relative Disturbance,uWUE,Low,39,-0.04502,61.5,0.06153,0.125,ns
M1vsM2_24m,tertiles,Absolute Mortality,ETmax,High,37,-0.00147,56.8,0.4759,0.5099,ns
M1vsM2_24m,tertiles,Absolute Mortality,GPPsat,High,37,-0.8182,67.6,0.006401,0.024,*
M1vsM2_24m,tertiles,Absolute Mortality,NEPmax,High,37,-1.10995,64.9,0.001043,0.008655,**
M1vsM2_24m,tertiles,Absolute Mortality,WUE,High,37,-0.05569,56.8,0.1634,0.2451,ns
M1vsM2_24m,tertiles,Absolute Mortality,uWUE,High,37,-0.05837,56.8,0.2534,0.3258,ns
M1vsM2_24m,tertiles,Absolute Mortality,ETmax,Mid,37,-9e-04,51.4,0.4223,0.475,ns
M1vsM2_24m,tertiles,Absolute Mortality,GPPsat,Mid,37,-1.27238,67.6,0.01278,0.04425,*
M1vsM2_24m,tertiles,Absolute Mortality,NEPmax,Mid,37,-0.34815,59.5,0.06765,0.1536,ns
M1vsM2_24m,tertiles,Absolute Mortality,WUE,Mid,37,0.01102,48.6,0.1137,0.1968,ns
M1vsM2_24m,tertiles,Absolute Mortality,uWUE,Mid,37,-0.00367,56.8,0.1109,0.1968,ns
M1vsM2_24m,tertiles,Absolute Mortality,ETmax,Low,38,0.00389,39.5,0.7383,0.7726,ns
M1vsM2_24m,tertiles,Absolute Mortality,GPPsat,Low,38,-0.92845,76.3,0.0005512,0.008268,**
M1vsM2_24m,tertiles,Absolute Mortality,NEPmax,Low,38,-1.02671,63.2,0.006055,0.024,*
M1vsM2_24m,tertiles,Absolute Mortality,WUE,Low,38,-0.0487,65.8,0.1116,0.1968,ns
M1vsM2_24m,tertiles,Absolute Mortality,uWUE,Low,38,-0.05949,60.5,0.07554,0.1545,ns
M1vsM2_24m,tertiles,Relative Mortality,ETmax,High,37,-0.00119,54.1,0.452,0.4961,ns
M1vsM2_24m,tertiles,Relative Mortality,GPPsat,High,37,-0.9384,64.9,0.004332,0.0195,*
M1vsM2_24m,tertiles,Relative Mortality,NEPmax,High,37,-1.01975,67.6,0.0009425,0.008655,**
M1vsM2_24m,tertiles,Relative Mortality,WUE,High,37,0.01171,48.6,0.1748,0.2537,ns
M1vsM2_24m,tertiles,Relative Mortality,uWUE,High,37,-0.01237,54.1,0.1455,0.2338,ns
M1vsM2_24m,tertiles,Relative Mortality,ETmax,Mid,37,-9e-04,54.1,0.3586,0.4203,ns
M1vsM2_24m,tertiles,Relative Mortality,GPPsat,Mid,37,-1.04355,78.4,0.001154,0.008655,**
M1vsM2_24m,tertiles,Relative Mortality,NEPmax,Mid,37,-1.14191,62.2,0.004332,0.0195,*
M1vsM2_24m,tertiles,Relative Mortality,WUE,Mid,37,-0.05808,64.9,0.07168,0.1536,ns
M1vsM2_24m,tertiles,Relative Mortality,uWUE,Mid,37,-0.05837,62.2,0.06964,0.1536,ns
M1vsM2_24m,tertiles,Relative Mortality,ETmax,Low,38,0.00376,39.5,0.871,0.8908,ns
M1vsM2_24m,tertiles,Relative Mortality,GPPsat,Low,38,-0.75212,68.4,0.02116,0.06802,ns
M1vsM2_24m,tertiles,Relative Mortality,NEPmax,Low,38,-0.31238,57.9,0.06212,0.1536,ns
M1vsM2_24m,tertiles,Relative Mortality,WUE,Low,38,-0.0487,57.9,0.2477,0.3258,ns
M1vsM2_24m,tertiles,Relative Mortality,uWUE,Low,38,-0.02201,57.9,0.2298,0.3133,ns
M1vsM2_24m,tertiles,Relative Disturbance,ETmax,High,37,-0.00119,54.1,0.3643,0.4203,ns
M1vsM2_24m,tertiles,Relative Disturbance,GPPsat,High,37,-0.9384,64.9,0.003789,0.0195,*
M1vsM2_24m,tertiles,Relative Disturbance,NEPmax,High,37,-1.10995,67.6,0.0005031,0.008268,**
M1vsM2_24m,tertiles,Relative Disturbance,WUE,High,37,0.02873,45.9,0.3643,0.4203,ns
M1vsM2_24m,tertiles,Relative Disturbance,uWUE,High,37,-0.01237,54.1,0.1949,0.2741,ns
M1vsM2_24m,tertiles,Relative Disturbance,ETmax,Mid,37,-9e-04,54.1,0.3643,0.4203,ns
M1vsM2_24m,tertiles,Relative Disturbance,GPPsat,Mid,37,-1.04355,81.1,0.0002754,0.008268,**
M1vsM2_24m,tertiles,Relative Disturbance,NEPmax,Mid,37,-1.09407,67.6,0.001979,0.01272,*
M1vsM2_24m,tertiles,Relative Disturbance,WUE,Mid,37,-0.03698,59.5,0.06379,0.1536,ns
M1vsM2_24m,tertiles,Relative Disturbance,uWUE,Mid,37,-0.05688,59.5,0.1387,0.2312,ns
M1vsM2_24m,tertiles,Relative Disturbance,ETmax,Low,38,0.00276,39.5,0.9181,0.9181,ns
M1vsM2_24m,tertiles,Relative Disturbance,GPPsat,Low,38,-0.71169,65.8,0.04219,0.1266,ns
M1vsM2_24m,tertiles,Relative Disturbance,NEPmax,Low,38,-0.26037,52.6,0.1585,0.2451,ns
M1vsM2_24m,tertiles,Relative Disturbance,WUE,Low,38,-0.09483,65.8,0.08641,0.1691,ns
M1vsM2_24m,tertiles,Relative Disturbance,uWUE,Low,38,-0.02514,60.5,0.06954,0.1536,ns
M1vsM2_24m,equal_width,Absolute Mortality,ETmax,Mid,52,-0.00092,53.8,0.4475,0.5593,ns
M1vsM2_24m,equal_width,Absolute Mortality,GPPsat,Mid,52,-0.91971,67.3,0.008003,0.03274,*
M1vsM2_24m,equal_width,Absolute Mortality,NEPmax,Mid,52,-0.98891,59.6,0.006881,0.03096,*
M1vsM2_24m,equal_width,Absolute Mortality,WUE,Mid,52,-0.0605,57.7,0.01636,0.06134,ns
M1vsM2_24m,equal_width,Absolute Mortality,uWUE,Mid,52,-0.04944,57.7,0.0422,0.1117,ns
M1vsM2_24m,equal_width,Absolute Mortality,ETmax,Low,54,0.00179,44.4,0.6571,0.7453,ns
M1vsM2_24m,equal_width,Absolute Mortality,GPPsat,Low,54,-1.20626,75.9,3.117e-05,0.001403,**
M1vsM2_24m,equal_width,Absolute Mortality,NEPmax,Low,54,-0.91689,64.8,0.0009972,0.007655,**
M1vsM2_24m,equal_width,Absolute Mortality,WUE,Low,54,-0.03294,57.4,0.2677,0.3885,ns
M1vsM2_24m,equal_width,Absolute Mortality,uWUE,Low,54,-0.02721,59.3,0.1315,0.2192,ns
M1vsM2_24m,equal_width,Absolute Mortality,ETmax,High,6,0.00196,50,0.8527,0.8726,ns
M1vsM2_24m,equal_width,Absolute Mortality,GPPsat,High,6,-0.05506,50,0.3375,0.4602,ns
M1vsM2_24m,equal_width,Absolute Mortality,NEPmax,High,6,-0.68727,66.7,0.1042,0.1804,ns
M1vsM2_24m,equal_width,Absolute Mortality,WUE,High,6,0.00415,50,0.6625,0.7453,ns
M1vsM2_24m,equal_width,Absolute Mortality,uWUE,High,6,0.02275,50,0.583,0.6904,ns
M1vsM2_24m,equal_width,Relative Mortality,ETmax,Mid,34,-0.00155,55.9,0.1649,0.2474,ns
M1vsM2_24m,equal_width,Relative Mortality,GPPsat,Mid,34,-1.04803,70.6,0.002662,0.01497,*
M1vsM2_24m,equal_width,Relative Mortality,NEPmax,Mid,34,-1.01999,73.5,0.0002767,0.00333,**
M1vsM2_24m,equal_width,Relative Mortality,WUE,Mid,34,-0.00444,50,0.304,0.4275,ns
M1vsM2_24m,equal_width,Relative Mortality,uWUE,Mid,34,-0.00057,50,0.3534,0.4678,ns
M1vsM2_24m,equal_width,Relative Mortality,ETmax,High,8,0.00162,50,0.8532,0.8726,ns
M1vsM2_24m,equal_width,Relative Mortality,GPPsat,High,8,-0.66493,50,0.1468,0.2278,ns
M1vsM2_24m,equal_width,Relative Mortality,NEPmax,High,8,-2.0806,62.5,0.09172,0.172,ns
M1vsM2_24m,equal_width,Relative Mortality,WUE,High,8,-0.301,62.5,0.09172,0.172,ns
M1vsM2_24m,equal_width,Relative Mortality,uWUE,High,8,-0.38631,75,0.07074,0.1447,ns
M1vsM2_24m,equal_width,Relative Mortality,ETmax,Low,70,0.00159,45.7,0.8003,0.8726,ns
M1vsM2_24m,equal_width,Relative Mortality,GPPsat,Low,70,-0.91971,72.9,0.000296,0.00333,**
M1vsM2_24m,equal_width,Relative Mortality,NEPmax,Low,70,-0.61129,57.1,0.006874,0.03096,*
M1vsM2_24m,equal_width,Relative Mortality,WUE,Low,70,-0.05667,60,0.101,0.1804,ns
M1vsM2_24m,equal_width,Relative Mortality,uWUE,Low,70,-0.03542,60,0.05977,0.1361,ns
M1vsM2_24m,equal_width,Relative Disturbance,ETmax,Mid,39,-0.00119,53.8,0.1397,0.2246,ns
M1vsM2_24m,equal_width,Relative Disturbance,GPPsat,Mid,39,-1.04355,71.8,0.00138,0.008869,**
M1vsM2_24m,equal_width,Relative Disturbance,NEPmax,Mid,39,-1.02023,71.8,0.0002243,0.00333,**
M1vsM2_24m,equal_width,Relative Disturbance,WUE,Mid,39,0.02005,46.2,0.5028,0.6115,ns
M1vsM2_24m,equal_width,Relative Disturbance,uWUE,Mid,39,0.00091,48.7,0.4473,0.5593,ns
M1vsM2_24m,equal_width,Relative Disturbance,ETmax,High,10,0.00162,50,0.8894,0.8894,ns
M1vsM2_24m,equal_width,Relative Disturbance,GPPsat,High,10,-1.51681,60,0.05146,0.1286,ns
M1vsM2_24m,equal_width,Relative Disturbance,NEPmax,High,10,-3.13525,70,0.02639,0.07918,ns
M1vsM2_24m,equal_width,Relative Disturbance,WUE,High,10,-0.301,70,0.03327,0.09358,ns
M1vsM2_24m,equal_width,Relative Disturbance,uWUE,High,10,-0.38631,80,0.02639,0.07918,ns
M1vsM2_24m,equal_width,Relative Disturbance,ETmax,Low,63,0.00161,46,0.8404,0.8726,ns
M1vsM2_24m,equal_width,Relative Disturbance,GPPsat,Low,63,-0.81886,71.4,0.001021,0.007655,**
M1vsM2_24m,equal_width,Relative Disturbance,NEPmax,Low,63,-0.33397,55.6,0.02154,0.07455,ns
M1vsM2_24m,equal_width,Relative Disturbance,WUE,Low,63,-0.05764,61.9,0.06049,0.1361,ns
M1vsM2_24m,equal_width,Relative Disturbance,uWUE,Low,63,-0.03035,60.3,0.06471,0.1387,ns
M1vsM2_24m,natural_breaks,Absolute Mortality,ETmax,High,29,-0.00119,55.2,0.594,0.652,ns
M1vsM2_24m,natural_breaks,Absolute Mortality,GPPsat,High,29,-0.9384,65.5,0.01159,0.0418,*
M1vsM2_24m,natural_breaks,Absolute Mortality,NEPmax,High,29,-1.45791,65.5,0.003015,0.01938,*
M1vsM2_24m,natural_breaks,Absolute Mortality,WUE,High,29,-0.05569,55.2,0.2377,0.3112,ns
M1vsM2_24m,natural_breaks,Absolute Mortality,uWUE,High,29,-0.01237,51.7,0.3728,0.4302,ns
M1vsM2_24m,natural_breaks,Absolute Mortality,ETmax,Mid,46,-0.00118,54.3,0.2776,0.3287,ns
M1vsM2_24m,natural_breaks,Absolute Mortality,GPPsat,Mid,46,-1.12213,69.6,0.005627,0.02532,*
M1vsM2_24m,natural_breaks,Absolute Mortality,NEPmax,Mid,46,-0.67479,60.9,0.02725,0.08175,ns
M1vsM2_24m,natural_breaks,Absolute Mortality,WUE,Mid,46,-0.00479,50,0.1126,0.2027,ns
M1vsM2_24m,natural_breaks,Absolute Mortality,uWUE,Mid,46,-0.03229,60.9,0.04519,0.113,ns
M1vsM2_24m,natural_breaks,Absolute Mortality,ETmax,Low,37,0.00395,37.8,0.7747,0.8107,ns
M1vsM2_24m,natural_breaks,Absolute Mortality,GPPsat,Low,37,-0.81886,75.7,0.0007283,0.009946,**
M1vsM2_24m,natural_breaks,Absolute Mortality,NEPmax,Low,37,-1.09407,62.2,0.007893,0.03229,*
M1vsM2_24m,natural_breaks,Absolute Mortality,WUE,Low,37,-0.05764,67.6,0.0759,0.1553,ns
M1vsM2_24m,natural_breaks,Absolute Mortality,uWUE,Low,37,-0.05688,59.5,0.09467,0.1775,ns
M1vsM2_24m,natural_breaks,Relative Mortality,ETmax,Mid,45,-0.00095,55.6,0.163,0.253,ns
M1vsM2_24m,natural_breaks,Relative Mortality,GPPsat,Mid,45,-1.04355,77.8,0.000884,0.009946,**
M1vsM2_24m,natural_breaks,Relative Mortality,NEPmax,Mid,45,-1.09407,64.4,0.00186,0.01674,*
M1vsM2_24m,natural_breaks,Relative Mortality,WUE,Mid,45,-0.03698,60,0.1418,0.2279,ns
M1vsM2_24m,natural_breaks,Relative Mortality,uWUE,Mid,45,-0.00367,51.1,0.242,0.3112,ns
M1vsM2_24m,natural_breaks,Relative Mortality,ETmax,High,26,-0.00069,53.8,0.6197,0.664,ns
M1vsM2_24m,natural_breaks,Relative Mortality,GPPsat,High,26,-0.62253,61.5,0.01447,0.04652,*
M1vsM2_24m,natural_breaks,Relative Mortality,NEPmax,High,26,-1.06082,65.4,0.004448,0.02224,*
M1vsM2_24m,natural_breaks,Relative Mortality,WUE,High,26,-0.01948,50,0.1265,0.219,ns
M1vsM2_24m,natural_breaks,Relative Mortality,uWUE,High,26,-0.07809,65.4,0.04441,0.113,ns
M1vsM2_24m,natural_breaks,Relative Mortality,ETmax,Low,41,0.00382,39,0.923,0.923,ns
M1vsM2_24m,natural_breaks,Relative Mortality,GPPsat,Low,41,-0.73981,68.3,0.01207,0.0418,*
M1vsM2_24m,natural_breaks,Relative Mortality,NEPmax,Low,41,-0.33397,58.5,0.04359,0.113,ns
M1vsM2_24m,natural_breaks,Relative Mortality,WUE,Low,41,-0.05764,58.5,0.1721,0.2581,ns
M1vsM2_24m,natural_breaks,Relative Mortality,uWUE,Low,41,-0.02408,61,0.1411,0.2279,ns
M1vsM2_24m,natural_breaks,Relative Disturbance,ETmax,Mid,49,-0.00147,53.1,0.2654,0.3287,ns
M1vsM2_24m,natural_breaks,Relative Disturbance,GPPsat,Mid,49,-1.03804,79.6,0.0001308,0.005885,**
M1vsM2_24m,natural_breaks,Relative Disturbance,NEPmax,Mid,49,-1.10142,67.3,0.000289,0.006502,**
M1vsM2_24m,natural_breaks,Relative Disturbance,WUE,Mid,49,-0.03116,55.1,0.216,0.2991,ns
M1vsM2_24m,natural_breaks,Relative Disturbance,uWUE,Mid,49,-0.0405,53.1,0.2753,0.3287,ns
M1vsM2_24m,natural_breaks,Relative Disturbance,ETmax,High,24,-0.00069,54.2,0.5737,0.6454,ns
M1vsM2_24m,natural_breaks,Relative Disturbance,GPPsat,High,24,-1.12213,62.5,0.00411,0.02224,*
M1vsM2_24m,natural_breaks,Relative Disturbance,NEPmax,High,24,-1.42116,70.8,0.002236,0.01677,*
M1vsM2_24m,natural_breaks,Relative Disturbance,WUE,High,24,0.02022,45.8,0.1997,0.2898,ns
M1vsM2_24m,natural_breaks,Relative Disturbance,uWUE,High,24,-0.07809,62.5,0.08292,0.1622,ns
M1vsM2_24m,natural_breaks,Relative Disturbance,ETmax,Low,39,0.00183,41,0.9175,0.923,ns
M1vsM2_24m,natural_breaks,Relative Disturbance,GPPsat,Low,39,-0.65895,64.1,0.07048,0.151,ns
M1vsM2_24m,natural_breaks,Relative Disturbance,NEPmax,Low,39,-0.24706,51.3,0.2193,0.2991,ns
M1vsM2_24m,natural_breaks,Relative Disturbance,WUE,Low,39,-0.1088,66.7,0.05821,0.1379,ns
M1vsM2_24m,natural_breaks,Relative Disturbance,uWUE,Low,39,-0.01993,61.5,0.06861,0.151,ns
M3vsM4_12m,tertiles,Absolute Mortality,ETmax,High,37,0.00303,37.8,0.9682,0.9682,ns
M3vsM4_12m,tertiles,Absolute Mortality,GPPsat,High,37,-1.14668,75.7,0.01329,0.05156,ns
M3vsM4_12m,tertiles,Absolute Mortality,NEPmax,High,37,-0.57376,62.2,0.01609,0.05369,ns
M3vsM4_12m,tertiles,Absolute Mortality,WUE,High,37,-0.02285,56.8,0.4699,0.5784,ns
M3vsM4_12m,tertiles,Absolute Mortality,uWUE,High,37,-0.00622,51.4,0.482,0.5784,ns
M3vsM4_12m,tertiles,Absolute Mortality,ETmax,Mid,37,0.00018,45.9,0.4223,0.5589,ns
M3vsM4_12m,tertiles,Absolute Mortality,GPPsat,Mid,37,-0.92344,67.6,0.0167,0.05369,ns
M3vsM4_12m,tertiles,Absolute Mortality,NEPmax,Mid,37,-0.74043,59.5,0.08727,0.1571,ns
M3vsM4_12m,tertiles,Absolute Mortality,WUE,Mid,37,-0.044,51.4,0.09724,0.1683,ns
M3vsM4_12m,tertiles,Absolute Mortality,uWUE,Mid,37,-0.00443,51.4,0.1949,0.2924,ns
M3vsM4_12m,tertiles,Absolute Mortality,ETmax,Low,38,-0.00049,52.6,0.2477,0.3596,ns
M3vsM4_12m,tertiles,Absolute Mortality,GPPsat,Low,38,-0.62302,68.4,0.00381,0.04075,*
M3vsM4_12m,tertiles,Absolute Mortality,NEPmax,Low,38,-1.20803,76.3,0.0004257,0.01916,*
M3vsM4_12m,tertiles,Absolute Mortality,WUE,Low,38,-0.09122,71.1,0.02191,0.06072,ns
M3vsM4_12m,tertiles,Absolute Mortality,uWUE,Low,38,-0.05451,60.5,0.129,0.2002,ns
M3vsM4_12m,tertiles,Relative Mortality,ETmax,High,37,0.00308,37.8,0.8579,0.8978,ns
M3vsM4_12m,tertiles,Relative Mortality,GPPsat,High,37,-1.01488,75.7,0.003789,0.04075,*
M3vsM4_12m,tertiles,Relative Mortality,NEPmax,High,37,-0.73359,62.2,0.0093,0.0465,*
M3vsM4_12m,tertiles,Relative Mortality,WUE,High,37,0.03133,45.9,0.446,0.5734,ns
M3vsM4_12m,tertiles,Relative Mortality,uWUE,High,37,0.01671,43.2,0.63,0.7269,ns
M3vsM4_12m,tertiles,Relative Mortality,ETmax,Mid,37,0.00029,45.9,0.3309,0.4653,ns
M3vsM4_12m,tertiles,Relative Mortality,GPPsat,Mid,37,-1.08054,75.7,0.01136,0.05113,ns
M3vsM4_12m,tertiles,Relative Mortality,NEPmax,Mid,37,-1.35285,62.2,0.008571,0.0465,*
M3vsM4_12m,tertiles,Relative Mortality,WUE,Mid,37,-0.09565,64.9,0.05324,0.1089,ns
M3vsM4_12m,tertiles,Relative Mortality,uWUE,Mid,37,-0.05306,64.9,0.01938,0.05813,ns
M3vsM4_12m,tertiles,Relative Mortality,ETmax,Low,38,-4e-04,52.6,0.4884,0.5784,ns
M3vsM4_12m,tertiles,Relative Mortality,GPPsat,Low,38,-0.1969,60.5,0.02779,0.06582,ns
M3vsM4_12m,tertiles,Relative Mortality,NEPmax,Low,38,-0.52021,73.7,0.01375,0.05156,ns
M3vsM4_12m,tertiles,Relative Mortality,WUE,Low,38,-0.08205,68.4,0.04091,0.08765,ns
M3vsM4_12m,tertiles,Relative Mortality,uWUE,Low,38,-0.00621,55.3,0.3585,0.4888,ns
M3vsM4_12m,tertiles,Relative Disturbance,ETmax,High,37,0.00312,40.5,0.892,0.9122,ns
M3vsM4_12m,tertiles,Relative Disturbance,GPPsat,High,37,-1.09734,75.7,0.006134,0.04601,*
M3vsM4_12m,tertiles,Relative Disturbance,NEPmax,High,37,-0.73359,62.2,0.008571,0.0465,*
M3vsM4_12m,tertiles,Relative Disturbance,WUE,High,37,0.07492,43.2,0.6581,0.7404,ns
M3vsM4_12m,tertiles,Relative Disturbance,uWUE,High,37,0.0311,43.2,0.696,0.7639,ns
M3vsM4_12m,tertiles,Relative Disturbance,ETmax,Mid,37,-0.00211,51.4,0.108,0.18,ns
M3vsM4_12m,tertiles,Relative Disturbance,GPPsat,Mid,37,-1.14668,75.7,0.004528,0.04075,*
M3vsM4_12m,tertiles,Relative Disturbance,NEPmax,Mid,37,-1.51339,67.6,0.002283,0.04075,*
M3vsM4_12m,tertiles,Relative Disturbance,WUE,Mid,37,-0.11403,67.6,0.02406,0.06072,ns
M3vsM4_12m,tertiles,Relative Disturbance,uWUE,Mid,37,-0.05303,62.2,0.05659,0.1107,ns
M3vsM4_12m,tertiles,Relative Disturbance,ETmax,Low,38,0.00014,44.7,0.7658,0.8205,ns
M3vsM4_12m,tertiles,Relative Disturbance,GPPsat,Low,38,-0.28897,60.5,0.03383,0.07611,ns
M3vsM4_12m,tertiles,Relative Disturbance,NEPmax,Low,38,-0.41826,68.4,0.06762,0.1268,ns
M3vsM4_12m,tertiles,Relative Disturbance,WUE,Low,38,-0.06972,68.4,0.02429,0.06072,ns
M3vsM4_12m,tertiles,Relative Disturbance,uWUE,Low,38,-0.01572,57.9,0.123,0.1977,ns
M3vsM4_12m,equal_width,Absolute Mortality,ETmax,Mid,52,0.00071,42.3,0.6673,0.7508,ns
M3vsM4_12m,equal_width,Absolute Mortality,GPPsat,Mid,52,-0.79743,65.4,0.1036,0.222,ns
M3vsM4_12m,equal_width,Absolute Mortality,NEPmax,Mid,52,-0.2504,53.8,0.1036,0.222,ns
M3vsM4_12m,equal_width,Absolute Mortality,WUE,Mid,52,-0.04579,57.7,0.1444,0.2872,ns
M3vsM4_12m,equal_width,Absolute Mortality,uWUE,Mid,52,-0.02475,53.8,0.1593,0.2987,ns
M3vsM4_12m,equal_width,Absolute Mortality,ETmax,Low,54,-0.00064,53.7,0.2141,0.3523,ns
M3vsM4_12m,equal_width,Absolute Mortality,GPPsat,Low,54,-0.94005,72.2,4.633e-05,0.001801,**
M3vsM4_12m,equal_width,Absolute Mortality,NEPmax,Low,54,-1.05035,74.1,0.0002145,0.002413,**
M3vsM4_12m,equal_width,Absolute Mortality,WUE,Low,54,-0.08648,64.8,0.02688,0.08065,ns
M3vsM4_12m,equal_width,Absolute Mortality,uWUE,Low,54,-0.0081,55.6,0.2192,0.3523,ns
M3vsM4_12m,equal_width,Absolute Mortality,ETmax,High,6,0.01068,0,0.9895,0.9895,ns
M3vsM4_12m,equal_width,Absolute Mortality,GPPsat,High,6,-2.7949,100,0.01802,0.05791,ns
M3vsM4_12m,equal_width,Absolute Mortality,NEPmax,High,6,-2.43887,100,0.01802,0.05791,ns
M3vsM4_12m,equal_width,Absolute Mortality,WUE,High,6,0.08857,33.3,0.6625,0.7508,ns
M3vsM4_12m,equal_width,Absolute Mortality,uWUE,High,6,0.00198,50,0.583,0.7093,ns
M3vsM4_12m,equal_width,Relative Mortality,ETmax,Mid,34,0.00051,47.1,0.4864,0.706,ns
M3vsM4_12m,equal_width,Relative Mortality,GPPsat,Mid,34,-1.37297,85.3,0.0001355,0.002032,**
M3vsM4_12m,equal_width,Relative Mortality,NEPmax,Mid,34,-1.42115,70.6,0.002038,0.01529,*
M3vsM4_12m,equal_width,Relative Mortality,WUE,Mid,34,0.03779,44.1,0.5746,0.7093,ns
M3vsM4_12m,equal_width,Relative Mortality,uWUE,Mid,34,0.02391,41.2,0.8084,0.8872,ns
M3vsM4_12m,equal_width,Relative Mortality,ETmax,High,8,0.00447,25,0.9463,0.9678,ns
M3vsM4_12m,equal_width,Relative Mortality,GPPsat,High,8,-0.17673,50,0.5832,0.7093,ns
M3vsM4_12m,equal_width,Relative Mortality,NEPmax,High,8,-0.26116,50,0.1814,0.3265,ns
M3vsM4_12m,equal_width,Relative Mortality,WUE,High,8,-0.09652,62.5,0.3631,0.5635,ns
M3vsM4_12m,equal_width,Relative Mortality,uWUE,High,8,-0.13294,62.5,0.1468,0.2872,ns
M3vsM4_12m,equal_width,Relative Mortality,ETmax,Low,70,0.00014,47.1,0.521,0.7093,ns
M3vsM4_12m,equal_width,Relative Mortality,GPPsat,Low,70,-0.89566,65.7,0.00244,0.01568,*
M3vsM4_12m,equal_width,Relative Mortality,NEPmax,Low,70,-0.68682,65.7,0.005362,0.02623,*
M3vsM4_12m,equal_width,Relative Mortality,WUE,Low,70,-0.08648,67.1,0.00583,0.02623,*
M3vsM4_12m,equal_width,Relative Mortality,uWUE,Low,70,-0.03087,60,0.0362,0.1018,ns
M3vsM4_12m,equal_width,Relative Disturbance,ETmax,Mid,39,0.00083,46.2,0.5361,0.7093,ns
M3vsM4_12m,equal_width,Relative Disturbance,GPPsat,Mid,39,-1.49515,84.6,8.006e-05,0.001801,**
M3vsM4_12m,equal_width,Relative Disturbance,NEPmax,Mid,39,-1.47596,69.2,0.001095,0.009857,**
M3vsM4_12m,equal_width,Relative Disturbance,WUE,Mid,39,0.04425,43.6,0.6648,0.7508,ns
M3vsM4_12m,equal_width,Relative Disturbance,uWUE,Mid,39,0.0311,41,0.8475,0.908,ns
M3vsM4_12m,equal_width,Relative Disturbance,ETmax,High,10,0.0031,30,0.8894,0.9307,ns
M3vsM4_12m,equal_width,Relative Disturbance,GPPsat,High,10,-0.57834,60,0.4192,0.6288,ns
M3vsM4_12m,equal_width,Relative Disturbance,NEPmax,High,10,-0.48308,60,0.09257,0.2192,ns
M3vsM4_12m,equal_width,Relative Disturbance,WUE,High,10,-0.1725,70,0.2074,0.3523,ns
M3vsM4_12m,equal_width,Relative Disturbance,uWUE,High,10,-0.20816,70,0.06314,0.1578,ns
M3vsM4_12m,equal_width,Relative Disturbance,ETmax,Low,63,8e-05,47.6,0.5395,0.7093,ns
M3vsM4_12m,equal_width,Relative Disturbance,GPPsat,Low,63,-0.79645,63.5,0.008362,0.03421,*
M3vsM4_12m,equal_width,Relative Disturbance,NEPmax,Low,63,-0.54587,65.1,0.01293,0.04848,*
M3vsM4_12m,equal_width,Relative Disturbance,WUE,Low,63,-0.08757,68.3,0.004155,0.02337,*
M3vsM4_12m,equal_width,Relative Disturbance,uWUE,Low,63,-0.01818,60.3,0.04073,0.1078,ns
M3vsM4_12m,natural_breaks,Absolute Mortality,ETmax,High,29,0.00308,37.9,0.9778,0.9778,ns
M3vsM4_12m,natural_breaks,Absolute Mortality,GPPsat,High,29,-1.42109,79.3,0.0153,0.05113,ns
M3vsM4_12m,natural_breaks,Absolute Mortality,NEPmax,High,29,-0.73359,65.5,0.01704,0.05113,ns
M3vsM4_12m,natural_breaks,Absolute Mortality,WUE,High,29,0.04425,48.3,0.6514,0.7329,ns
M3vsM4_12m,natural_breaks,Absolute Mortality,uWUE,High,29,0.0391,41.4,0.7689,0.8439,ns
M3vsM4_12m,natural_breaks,Absolute Mortality,ETmax,Mid,46,2e-04,45.7,0.4435,0.5252,ns
M3vsM4_12m,natural_breaks,Absolute Mortality,GPPsat,Mid,46,-0.87904,67.4,0.01089,0.05086,ns
M3vsM4_12m,natural_breaks,Absolute Mortality,NEPmax,Mid,46,-0.61748,58.7,0.05063,0.1085,ns
M3vsM4_12m,natural_breaks,Absolute Mortality,WUE,Mid,46,-0.05415,58.7,0.04839,0.1085,ns
M3vsM4_12m,natural_breaks,Absolute Mortality,uWUE,Mid,46,-0.03039,58.7,0.04839,0.1085,ns
M3vsM4_12m,natural_breaks,Absolute Mortality,ETmax,Low,37,-0.00025,51.4,0.2583,0.3749,ns
M3vsM4_12m,natural_breaks,Absolute Mortality,GPPsat,Low,37,-0.41625,67.6,0.006134,0.04326,*
M3vsM4_12m,natural_breaks,Absolute Mortality,NEPmax,Low,37,-1.17331,75.7,0.0006912,0.02151,*
M3vsM4_12m,natural_breaks,Absolute Mortality,WUE,Low,37,-0.09312,70.3,0.02582,0.06835,ns
M3vsM4_12m,natural_breaks,Absolute Mortality,uWUE,Low,37,-0.05303,59.5,0.1634,0.2626,ns
M3vsM4_12m,natural_breaks,Relative Mortality,ETmax,Mid,45,0.00083,44.4,0.4107,0.4995,ns
M3vsM4_12m,natural_breaks,Relative Mortality,GPPsat,Mid,45,-1.06766,73.3,0.01387,0.05113,ns
M3vsM4_12m,natural_breaks,Relative Mortality,NEPmax,Mid,45,-1.35285,64.4,0.0113,0.05086,ns
M3vsM4_12m,natural_breaks,Relative Mortality,WUE,Mid,45,-0.05734,55.6,0.1469,0.2543,ns
M3vsM4_12m,natural_breaks,Relative Mortality,uWUE,Mid,45,-0.03132,55.6,0.1418,0.2543,ns
M3vsM4_12m,natural_breaks,Relative Mortality,ETmax,High,26,0.00327,38.5,0.8681,0.9085,ns
M3vsM4_12m,natural_breaks,Relative Mortality,GPPsat,High,26,-1.06382,80.8,0.002407,0.02708,*
M3vsM4_12m,natural_breaks,Relative Mortality,NEPmax,High,26,-0.82804,61.5,0.005962,0.04326,*
M3vsM4_12m,natural_breaks,Relative Mortality,WUE,High,26,-0.03239,53.8,0.333,0.4395,ns
M3vsM4_12m,natural_breaks,Relative Mortality,uWUE,High,26,-0.02017,50,0.3516,0.4395,ns
M3vsM4_12m,natural_breaks,Relative Mortality,ETmax,Low,41,-0.00025,51.2,0.4587,0.5293,ns
M3vsM4_12m,natural_breaks,Relative Mortality,GPPsat,Low,41,-0.2192,61,0.02095,0.05893,ns
M3vsM4_12m,natural_breaks,Relative Mortality,NEPmax,Low,41,-0.49454,70.7,0.01573,0.05113,ns
M3vsM4_12m,natural_breaks,Relative Mortality,WUE,Low,41,-0.08539,68.3,0.03102,0.07755,ns
M3vsM4_12m,natural_breaks,Relative Mortality,uWUE,Low,41,-0.00622,56.1,0.2931,0.4122,ns
M3vsM4_12m,natural_breaks,Relative Disturbance,ETmax,Mid,49,-0.00079,51,0.1551,0.2586,ns
M3vsM4_12m,natural_breaks,Relative Disturbance,GPPsat,Mid,49,-1.38473,75.5,0.001839,0.02708,*
M3vsM4_12m,natural_breaks,Relative Disturbance,NEPmax,Mid,49,-1.51339,67.3,0.0009561,0.02151,*
M3vsM4_12m,natural_breaks,Relative Disturbance,WUE,Mid,49,-0.05734,55.1,0.24,0.3629,ns
M3vsM4_12m,natural_breaks,Relative Disturbance,uWUE,Mid,49,-0.00622,51,0.349,0.4395,ns
M3vsM4_12m,natural_breaks,Relative Disturbance,ETmax,High,24,0.00327,37.5,0.9332,0.9544,ns
M3vsM4_12m,natural_breaks,Relative Disturbance,GPPsat,High,24,-1.05611,79.2,0.006729,0.04326,*
M3vsM4_12m,natural_breaks,Relative Disturbance,NEPmax,High,24,-0.65368,62.5,0.009941,0.05086,ns
M3vsM4_12m,natural_breaks,Relative Disturbance,WUE,High,24,-0.03239,54.2,0.3187,0.4345,ns
M3vsM4_12m,natural_breaks,Relative Disturbance,uWUE,High,24,-0.04359,58.3,0.242,0.3629,ns
M3vsM4_12m,natural_breaks,Relative Disturbance,ETmax,Low,39,0.00021,43.6,0.7929,0.8495,ns
M3vsM4_12m,natural_breaks,Relative Disturbance,GPPsat,Low,39,-0.2192,59,0.0535,0.1094,ns
M3vsM4_12m,natural_breaks,Relative Disturbance,NEPmax,Low,39,-0.34198,66.7,0.09131,0.1787,ns
M3vsM4_12m,natural_breaks,Relative Disturbance,WUE,Low,39,-0.07871,69.2,0.01666,0.05113,ns
M3vsM4_12m,natural_breaks,Relative Disturbance,uWUE,Low,39,-0.01325,56.4,0.1429,0.2543,ns
M3vsM4_24m,tertiles,Absolute Mortality,ETmax,High,37,0.00293,40.5,0.9515,0.9515,ns
M3vsM4_24m,tertiles,Absolute Mortality,GPPsat,High,37,-1.07906,73,0.004528,0.03042,*
M3vsM4_24m,tertiles,Absolute Mortality,NEPmax,High,37,-0.80765,64.9,0.02493,0.09348,ns
M3vsM4_24m,tertiles,Absolute Mortality,WUE,High,37,-0.04841,54.1,0.6012,0.6599,ns
M3vsM4_24m,tertiles,Absolute Mortality,uWUE,High,37,-0.05269,56.8,0.304,0.38,ns
M3vsM4_24m,tertiles,Absolute Mortality,ETmax,Mid,37,-0.00108,62.2,0.03069,0.1053,ns
M3vsM4_24m,tertiles,Absolute Mortality,GPPsat,Mid,37,-0.61841,67.6,0.01049,0.04293,*
M3vsM4_24m,tertiles,Absolute Mortality,NEPmax,Mid,37,-0.82586,54.1,0.1991,0.2987,ns
M3vsM4_24m,tertiles,Absolute Mortality,WUE,Mid,37,-0.05446,59.5,0.1053,0.2059,ns
M3vsM4_24m,tertiles,Absolute Mortality,uWUE,Mid,37,-0.03356,54.1,0.1321,0.2378,ns
M3vsM4_24m,tertiles,Absolute Mortality,ETmax,Low,38,-0.00035,52.6,0.2211,0.3169,ns
M3vsM4_24m,tertiles,Absolute Mortality,GPPsat,Low,38,-0.69278,68.4,0.01016,0.04293,*
M3vsM4_24m,tertiles,Absolute Mortality,NEPmax,Low,38,-0.9641,81.6,0.0001704,0.00767,**
M3vsM4_24m,tertiles,Absolute Mortality,WUE,Low,38,-0.03642,57.9,0.1961,0.2987,ns
M3vsM4_24m,tertiles,Absolute Mortality,uWUE,Low,38,-0.01518,55.3,0.2477,0.3279,ns
M3vsM4_24m,tertiles,Relative Mortality,ETmax,High,37,0.00084,40.5,0.8009,0.8318,ns
M3vsM4_24m,tertiles,Relative Mortality,GPPsat,High,37,-0.75653,73,0.0008955,0.01343,*
M3vsM4_24m,tertiles,Relative Mortality,NEPmax,High,37,-0.85667,59.5,0.04138,0.1164,ns
M3vsM4_24m,tertiles,Relative Mortality,WUE,High,37,-0.02726,51.4,0.5777,0.65,ns
M3vsM4_24m,tertiles,Relative Mortality,uWUE,High,37,-0.05269,56.8,0.2632,0.3384,ns
M3vsM4_24m,tertiles,Relative Mortality,ETmax,Mid,37,-0.00045,54.1,0.1867,0.2987,ns
M3vsM4_24m,tertiles,Relative Mortality,GPPsat,Mid,37,-0.98134,70.3,0.004732,0.03042,*
M3vsM4_24m,tertiles,Relative Mortality,NEPmax,Mid,37,-0.94307,70.3,0.008571,0.04286,*
M3vsM4_24m,tertiles,Relative Mortality,WUE,Mid,37,-0.10702,64.9,0.0759,0.1708,ns
M3vsM4_24m,tertiles,Relative Mortality,uWUE,Mid,37,-0.09634,56.8,0.04851,0.1284,ns
M3vsM4_24m,tertiles,Relative Mortality,ETmax,Low,38,-0.00122,60.5,0.1449,0.2507,ns
M3vsM4_24m,tertiles,Relative Mortality,GPPsat,Low,38,-0.50478,65.8,0.06575,0.1557,ns
M3vsM4_24m,tertiles,Relative Mortality,NEPmax,Low,38,-0.90629,71.1,0.008358,0.04286,*
M3vsM4_24m,tertiles,Relative Mortality,WUE,Low,38,-0.03642,55.3,0.3161,0.3845,ns
M3vsM4_24m,tertiles,Relative Mortality,uWUE,Low,38,-0.00758,52.6,0.4366,0.5038,ns
M3vsM4_24m,tertiles,Relative Disturbance,ETmax,High,37,0.00084,43.2,0.8133,0.8318,ns
M3vsM4_24m,tertiles,Relative Disturbance,GPPsat,High,37,-1.07906,73,0.0004517,0.01016,*
M3vsM4_24m,tertiles,Relative Disturbance,NEPmax,High,37,-0.85667,59.5,0.04138,0.1164,ns
M3vsM4_24m,tertiles,Relative Disturbance,WUE,High,37,0.02815,48.6,0.7065,0.7569,ns
M3vsM4_24m,tertiles,Relative Disturbance,uWUE,High,37,-0.05269,56.8,0.2253,0.3169,ns
M3vsM4_24m,tertiles,Relative Disturbance,ETmax,Mid,37,-0.00225,56.8,0.05162,0.1291,ns
M3vsM4_24m,tertiles,Relative Disturbance,GPPsat,Mid,37,-0.98134,75.7,0.002177,0.02257,*
M3vsM4_24m,tertiles,Relative Disturbance,NEPmax,Mid,37,-0.9537,73,0.002508,0.02257,*
M3vsM4_24m,tertiles,Relative Disturbance,WUE,Mid,37,-0.07682,62.2,0.1025,0.2059,ns
M3vsM4_24m,tertiles,Relative Disturbance,uWUE,Mid,37,-0.01065,51.4,0.2391,0.3261,ns
M3vsM4_24m,tertiles,Relative Disturbance,ETmax,Low,38,-0.00035,55.3,0.4309,0.5038,ns
M3vsM4_24m,tertiles,Relative Disturbance,GPPsat,Low,38,-0.28469,60.5,0.1921,0.2987,ns
M3vsM4_24m,tertiles,Relative Disturbance,NEPmax,Low,38,-0.75163,68.4,0.03275,0.1053,ns
M3vsM4_24m,tertiles,Relative Disturbance,WUE,Low,38,-0.05592,60.5,0.08871,0.1901,ns
M3vsM4_24m,tertiles,Relative Disturbance,uWUE,Low,38,-0.02989,57.9,0.129,0.2378,ns
M3vsM4_24m,equal_width,Absolute Mortality,ETmax,Mid,52,-5e-05,50,0.346,0.4579,ns
M3vsM4_24m,equal_width,Absolute Mortality,GPPsat,Mid,52,-0.59018,61.5,0.04471,0.1258,ns
M3vsM4_24m,equal_width,Absolute Mortality,NEPmax,Mid,52,-0.3203,55.8,0.3131,0.4269,ns
M3vsM4_24m,equal_width,Absolute Mortality,WUE,Mid,52,-0.07757,59.6,0.229,0.3553,ns
M3vsM4_24m,equal_width,Absolute Mortality,uWUE,Mid,52,-0.09115,59.6,0.07705,0.1825,ns
M3vsM4_24m,equal_width,Absolute Mortality,ETmax,Low,54,-0.00125,59.3,0.09976,0.2041,ns
M3vsM4_24m,equal_width,Absolute Mortality,GPPsat,Low,54,-0.74298,74.1,0.0002775,0.003122,**
M3vsM4_24m,equal_width,Absolute Mortality,NEPmax,Low,54,-0.9641,74.1,5.34e-05,0.000801,***
M3vsM4_24m,equal_width,Absolute Mortality,WUE,Low,54,-0.03642,57.4,0.1548,0.2787,ns
M3vsM4_24m,equal_width,Absolute Mortality,uWUE,Low,54,-0.00758,51.9,0.282,0.4094,ns
M3vsM4_24m,equal_width,Absolute Mortality,ETmax,High,6,0.00614,0,0.9895,0.9946,ns
M3vsM4_24m,equal_width,Absolute Mortality,GPPsat,High,6,-2.24284,100,0.01802,0.0737,ns
M3vsM4_24m,equal_width,Absolute Mortality,NEPmax,High,6,-2.11129,100,0.01802,0.0737,ns
M3vsM4_24m,equal_width,Absolute Mortality,WUE,High,6,0.17293,33.3,0.6625,0.7644,ns
M3vsM4_24m,equal_width,Absolute Mortality,uWUE,High,6,0.02192,50,0.583,0.7231,ns
M3vsM4_24m,equal_width,Relative Mortality,ETmax,Mid,34,-4e-04,52.9,0.0857,0.1928,ns
M3vsM4_24m,equal_width,Relative Mortality,GPPsat,Mid,34,-1.39353,85.3,5.203e-05,0.000801,***
M3vsM4_24m,equal_width,Relative Mortality,NEPmax,Mid,34,-1.38744,64.7,0.009585,0.04792,*
M3vsM4_24m,equal_width,Relative Mortality,WUE,Mid,34,0.00045,50,0.742,0.8144,ns
M3vsM4_24m,equal_width,Relative Mortality,uWUE,Mid,34,-0.03372,52.9,0.5946,0.7231,ns
M3vsM4_24m,equal_width,Relative Mortality,ETmax,High,8,0.00954,12.5,0.9929,0.9946,ns
M3vsM4_24m,equal_width,Relative Mortality,GPPsat,High,8,0.29622,37.5,0.7357,0.8144,ns
M3vsM4_24m,equal_width,Relative Mortality,NEPmax,High,8,-0.26926,62.5,0.1814,0.3003,ns
M3vsM4_24m,equal_width,Relative Mortality,WUE,High,8,-0.10629,62.5,0.312,0.4269,ns
M3vsM4_24m,equal_width,Relative Mortality,uWUE,High,8,-0.22695,75,0.09172,0.1965,ns
M3vsM4_24m,equal_width,Relative Mortality,ETmax,Low,70,-0.00049,55.7,0.1869,0.3003,ns
M3vsM4_24m,equal_width,Relative Mortality,GPPsat,Low,70,-0.68405,65.7,0.006127,0.04595,*
M3vsM4_24m,equal_width,Relative Mortality,NEPmax,Low,70,-0.83296,68.6,0.003614,0.03253,*
M3vsM4_24m,equal_width,Relative Mortality,WUE,Low,70,-0.05592,60,0.05065,0.1341,ns
M3vsM4_24m,equal_width,Relative Mortality,uWUE,Low,70,-0.02297,54.3,0.1052,0.2059,ns
M3vsM4_24m,equal_width,Relative Disturbance,ETmax,Mid,39,-0.00225,56.4,0.03537,0.118,ns
M3vsM4_24m,equal_width,Relative Disturbance,GPPsat,Mid,39,-1.45528,84.6,8.345e-06,0.0003755,***
M3vsM4_24m,equal_width,Relative Disturbance,NEPmax,Mid,39,-1.36759,64.1,0.008672,0.04792,*
M3vsM4_24m,equal_width,Relative Disturbance,WUE,Mid,39,0.02815,48.7,0.7929,0.8495,ns
M3vsM4_24m,equal_width,Relative Disturbance,uWUE,Mid,39,-0.02373,51.3,0.6494,0.7644,ns
M3vsM4_24m,equal_width,Relative Disturbance,ETmax,High,10,0.00706,20,0.9946,0.9946,ns
M3vsM4_24m,equal_width,Relative Disturbance,GPPsat,High,10,0.0638,50,0.3799,0.4884,ns
M3vsM4_24m,equal_width,Relative Disturbance,NEPmax,High,10,-0.60677,70,0.06314,0.1578,ns
M3vsM4_24m,equal_width,Relative Disturbance,WUE,High,10,-0.15562,70,0.1795,0.3003,ns
M3vsM4_24m,equal_width,Relative Disturbance,uWUE,High,10,-0.27246,80,0.04157,0.1247,ns
M3vsM4_24m,equal_width,Relative Disturbance,ETmax,Low,63,-4e-04,54,0.2723,0.4084,ns
M3vsM4_24m,equal_width,Relative Disturbance,GPPsat,Low,63,-0.51684,63.5,0.03671,0.118,ns
M3vsM4_24m,equal_width,Relative Disturbance,NEPmax,Low,63,-0.82586,68.3,0.007331,0.04713,*
M3vsM4_24m,equal_width,Relative Disturbance,WUE,Low,63,-0.06514,60.3,0.03302,0.118,ns
M3vsM4_24m,equal_width,Relative Disturbance,uWUE,Low,63,-0.01971,54,0.133,0.2493,ns
M3vsM4_24m,natural_breaks,Absolute Mortality,ETmax,High,29,0.003,41.4,0.9322,0.9332,ns
M3vsM4_24m,natural_breaks,Absolute Mortality,GPPsat,High,29,-1.26165,75.9,0.004733,0.03303,*
M3vsM4_24m,natural_breaks,Absolute Mortality,NEPmax,High,29,-0.80765,65.5,0.07677,0.157,ns
M3vsM4_24m,natural_breaks,Absolute Mortality,WUE,High,29,0.0465,48.3,0.8181,0.8562,ns
M3vsM4_24m,natural_breaks,Absolute Mortality,uWUE,High,29,0.02919,48.3,0.6353,0.6973,ns
M3vsM4_24m,natural_breaks,Absolute Mortality,ETmax,Mid,46,-0.00049,58.7,0.07012,0.1502,ns
M3vsM4_24m,natural_breaks,Absolute Mortality,GPPsat,Mid,46,-0.53445,67.4,0.007645,0.03823,*
M3vsM4_24m,natural_breaks,Absolute Mortality,NEPmax,Mid,46,-0.84126,56.5,0.06866,0.1502,ns
M3vsM4_24m,natural_breaks,Absolute Mortality,WUE,Mid,46,-0.06649,60.9,0.04215,0.1186,ns
M3vsM4_24m,natural_breaks,Absolute Mortality,uWUE,Mid,46,-0.06475,60.9,0.02163,0.07487,ns
M3vsM4_24m,natural_breaks,Absolute Mortality,ETmax,Low,37,-4e-04,51.4,0.2208,0.3227,ns
M3vsM4_24m,natural_breaks,Absolute Mortality,GPPsat,Low,37,-0.68926,67.6,0.01549,0.06337,ns
M3vsM4_24m,natural_breaks,Absolute Mortality,NEPmax,Low,37,-0.94109,81.1,0.0002754,0.006196,**
M3vsM4_24m,natural_breaks,Absolute Mortality,WUE,Low,37,-0.04046,59.5,0.1597,0.2764,ns
M3vsM4_24m,natural_breaks,Absolute Mortality,uWUE,Low,37,-0.01065,54.1,0.2987,0.3954,ns
M3vsM4_24m,natural_breaks,Relative Mortality,ETmax,Mid,45,-0.00023,51.1,0.205,0.3181,ns
M3vsM4_24m,natural_breaks,Relative Mortality,GPPsat,Mid,45,-0.98134,71.1,0.002942,0.02648,*
M3vsM4_24m,natural_breaks,Relative Mortality,NEPmax,Mid,45,-0.91389,64.4,0.02971,0.09551,ns
M3vsM4_24m,natural_breaks,Relative Mortality,WUE,Mid,45,-0.04841,57.8,0.2456,0.3453,ns
M3vsM4_24m,natural_breaks,Relative Mortality,uWUE,Mid,45,-0.03519,53.3,0.1803,0.3005,ns
M3vsM4_24m,natural_breaks,Relative Mortality,ETmax,High,26,0.00192,42.3,0.813,0.8562,ns
M3vsM4_24m,natural_breaks,Relative Mortality,GPPsat,High,26,-0.83782,73.1,0.001894,0.0213,*
M3vsM4_24m,natural_breaks,Relative Mortality,NEPmax,High,26,-1.06194,65.4,0.01113,0.0501,ns
M3vsM4_24m,natural_breaks,Relative Mortality,WUE,High,26,-0.03902,57.7,0.4096,0.4895,ns
M3vsM4_24m,natural_breaks,Relative Mortality,uWUE,High,26,-0.05873,61.5,0.1265,0.2373,ns
M3vsM4_24m,natural_breaks,Relative Mortality,ETmax,Low,41,-0.00108,58.5,0.1891,0.3039,ns
M3vsM4_24m,natural_breaks,Relative Mortality,GPPsat,Low,41,-0.51684,65.9,0.04991,0.1321,ns
M3vsM4_24m,natural_breaks,Relative Mortality,NEPmax,Low,41,-0.89463,70.7,0.00597,0.03358,*
M3vsM4_24m,natural_breaks,Relative Mortality,WUE,Low,41,-0.04046,56.1,0.2223,0.3227,ns
M3vsM4_24m,natural_breaks,Relative Mortality,uWUE,Low,41,-0.01065,53.7,0.3112,0.4001,ns
M3vsM4_24m,natural_breaks,Relative Disturbance,ETmax,Mid,49,-0.00173,55.1,0.04174,0.1186,ns
M3vsM4_24m,natural_breaks,Relative Disturbance,GPPsat,Mid,49,-1.16572,75.5,0.0001413,0.006196,**
M3vsM4_24m,natural_breaks,Relative Disturbance,NEPmax,Mid,49,-1.01154,69.4,0.005138,0.03303,*
M3vsM4_24m,natural_breaks,Relative Disturbance,WUE,Mid,49,-0.02726,55.1,0.4841,0.5531,ns
M3vsM4_24m,natural_breaks,Relative Disturbance,uWUE,Mid,49,0.0029,49,0.4134,0.4895,ns
M3vsM4_24m,natural_breaks,Relative Disturbance,ETmax,High,24,0.00282,41.7,0.9332,0.9332,ns
M3vsM4_24m,natural_breaks,Relative Disturbance,GPPsat,High,24,-0.83782,75,0.001866,0.0213,*
M3vsM4_24m,natural_breaks,Relative Disturbance,NEPmax,High,24,-0.83216,62.5,0.01916,0.07185,ns
M3vsM4_24m,natural_breaks,Relative Disturbance,WUE,High,24,-0.03902,54.2,0.3393,0.4242,ns
M3vsM4_24m,natural_breaks,Relative Disturbance,uWUE,High,24,-0.06786,66.7,0.08737,0.1709,ns
M3vsM4_24m,natural_breaks,Relative Disturbance,ETmax,Low,39,-0.00031,53.8,0.4916,0.5531,ns
M3vsM4_24m,natural_breaks,Relative Disturbance,GPPsat,Low,39,-0.2124,59,0.2673,0.3645,ns
M3vsM4_24m,natural_breaks,Relative Disturbance,NEPmax,Low,39,-0.67741,66.7,0.05821,0.1455,ns
M3vsM4_24m,natural_breaks,Relative Disturbance,WUE,Low,39,-0.05737,61.5,0.06153,0.1457,ns
M3vsM4_24m,natural_breaks,Relative Disturbance,uWUE,Low,39,-0.02622,56.4,0.1493,0.2687,ns
M5vsM6_raw_12m,tertiles,Absolute Mortality,ETmax,High,37,-0.00283,59.5,0.04006,0.6831,ns
M5vsM6_raw_12m,tertiles,Absolute Mortality,GPPsat,High,37,0.19443,40.5,0.9151,0.9661,ns
M5vsM6_raw_12m,tertiles,Absolute Mortality,NEPmax,High,37,0.07333,48.6,0.5836,0.8472,ns
M5vsM6_raw_12m,tertiles,Absolute Mortality,WUE,High,37,-0.01899,54.1,0.1053,0.7539,ns
M5vsM6_raw_12m,tertiles,Absolute Mortality,uWUE,High,37,-0.01166,56.8,0.1561,0.7539,ns
M5vsM6_raw_12m,tertiles,Absolute Mortality,ETmax,Mid,37,0.00133,43.2,0.8173,0.9412,ns
M5vsM6_raw_12m,tertiles,Absolute Mortality,GPPsat,Mid,37,-0.08185,54.1,0.2781,0.7823,ns
M5vsM6_raw_12m,tertiles,Absolute Mortality,NEPmax,Mid,37,0.03625,48.6,0.4341,0.8154,ns
M5vsM6_raw_12m,tertiles,Absolute Mortality,WUE,Mid,37,0.0043,48.6,0.37,0.8154,ns
M5vsM6_raw_12m,tertiles,Absolute Mortality,uWUE,Mid,37,-0.00766,54.1,0.3254,0.8154,ns
M5vsM6_raw_12m,tertiles,Absolute Mortality,ETmax,Low,38,9e-04,42.1,0.5748,0.8472,ns
M5vsM6_raw_12m,tertiles,Absolute Mortality,GPPsat,Low,38,-0.20679,60.5,0.1201,0.7539,ns
M5vsM6_raw_12m,tertiles,Absolute Mortality,NEPmax,Low,38,0.03468,47.4,0.2298,0.7687,ns
M5vsM6_raw_12m,tertiles,Absolute Mortality,WUE,Low,38,0.02049,39.5,0.8195,0.9412,ns
M5vsM6_raw_12m,tertiles,Absolute Mortality,uWUE,Low,38,0.01711,44.7,0.9245,0.9661,ns
M5vsM6_raw_12m,tertiles,Relative Mortality,ETmax,High,37,0.00066,43.2,0.5421,0.8472,ns
M5vsM6_raw_12m,tertiles,Relative Mortality,GPPsat,High,37,0.06917,45.9,0.7368,0.9412,ns
M5vsM6_raw_12m,tertiles,Relative Mortality,NEPmax,High,37,0.1756,35.1,0.9693,0.9693,ns
M5vsM6_raw_12m,tertiles,Relative Mortality,WUE,High,37,0.01918,45.9,0.554,0.8472,ns
M5vsM6_raw_12m,tertiles,Relative Mortality,uWUE,High,37,-0.0095,56.8,0.4046,0.8154,ns
M5vsM6_raw_12m,tertiles,Relative Mortality,ETmax,Mid,37,-0.00105,56.8,0.2299,0.7687,ns
M5vsM6_raw_12m,tertiles,Relative Mortality,GPPsat,Mid,37,0.02924,48.6,0.4579,0.8154,ns
M5vsM6_raw_12m,tertiles,Relative Mortality,NEPmax,Mid,37,-0.25491,62.2,0.01008,0.4537,ns
M5vsM6_raw_12m,tertiles,Relative Mortality,WUE,Mid,37,-0.02575,54.1,0.0759,0.6831,ns
M5vsM6_raw_12m,tertiles,Relative Mortality,uWUE,Mid,37,-0.01527,56.8,0.1489,0.7539,ns
M5vsM6_raw_12m,tertiles,Relative Mortality,ETmax,Low,38,0.00043,44.7,0.4711,0.8154,ns
M5vsM6_raw_12m,tertiles,Relative Mortality,GPPsat,Low,38,-0.13769,60.5,0.1843,0.7539,ns
M5vsM6_raw_12m,tertiles,Relative Mortality,NEPmax,Low,38,0.10364,47.4,0.4711,0.8154,ns
M5vsM6_raw_12m,tertiles,Relative Mortality,WUE,Low,38,0.00375,42.1,0.8308,0.9412,ns
M5vsM6_raw_12m,tertiles,Relative Mortality,uWUE,Low,38,0.01786,42.1,0.9447,0.9661,ns
M5vsM6_raw_12m,tertiles,Relative Disturbance,ETmax,High,37,0.00066,40.5,0.6186,0.8699,ns
M5vsM6_raw_12m,tertiles,Relative Disturbance,GPPsat,High,37,0.02354,48.6,0.6907,0.9412,ns
M5vsM6_raw_12m,tertiles,Relative Disturbance,NEPmax,High,37,0.14077,40.5,0.8366,0.9412,ns
M5vsM6_raw_12m,tertiles,Relative Disturbance,WUE,High,37,0.02515,43.2,0.7609,0.9412,ns
M5vsM6_raw_12m,tertiles,Relative Disturbance,uWUE,High,37,-0.00708,51.4,0.512,0.8472,ns
M5vsM6_raw_12m,tertiles,Relative Disturbance,ETmax,Mid,37,-0.00075,56.8,0.2391,0.7687,ns
M5vsM6_raw_12m,tertiles,Relative Disturbance,GPPsat,Mid,37,0.02924,48.6,0.4282,0.8154,ns
M5vsM6_raw_12m,tertiles,Relative Disturbance,NEPmax,Mid,37,-0.18048,56.8,0.06193,0.6831,ns
M5vsM6_raw_12m,tertiles,Relative Disturbance,WUE,Mid,37,-0.02575,51.4,0.04555,0.6831,ns
M5vsM6_raw_12m,tertiles,Relative Disturbance,uWUE,Mid,37,-0.0185,56.8,0.1827,0.7539,ns
M5vsM6_raw_12m,tertiles,Relative Disturbance,ETmax,Low,38,0.00067,47.4,0.3423,0.8154,ns
M5vsM6_raw_12m,tertiles,Relative Disturbance,GPPsat,Low,38,-0.13769,57.9,0.257,0.771,ns
M5vsM6_raw_12m,tertiles,Relative Disturbance,NEPmax,Low,38,0.05155,47.4,0.4596,0.8154,ns
M5vsM6_raw_12m,tertiles,Relative Disturbance,WUE,Low,38,0.00347,47.4,0.8079,0.9412,ns
M5vsM6_raw_12m,tertiles,Relative Disturbance,uWUE,Low,38,0.00267,47.4,0.9113,0.9661,ns
M5vsM6_raw_12m,equal_width,Absolute Mortality,ETmax,Mid,52,0.00037,48.1,0.5345,0.859,ns
M5vsM6_raw_12m,equal_width,Absolute Mortality,GPPsat,Mid,52,0.08507,46.2,0.8809,0.9667,ns
M5vsM6_raw_12m,equal_width,Absolute Mortality,NEPmax,Mid,52,0.14067,40.4,0.9281,0.9667,ns
M5vsM6_raw_12m,equal_width,Absolute Mortality,WUE,Mid,52,-0.02506,51.9,0.04735,0.6699,ns
M5vsM6_raw_12m,equal_width,Absolute Mortality,uWUE,Mid,52,-0.01326,57.7,0.08107,0.6699,ns
M5vsM6_raw_12m,equal_width,Absolute Mortality,ETmax,Low,54,0.00015,48.1,0.3429,0.859,ns
M5vsM6_raw_12m,equal_width,Absolute Mortality,GPPsat,Low,54,-0.23313,59.3,0.04253,0.6699,ns
M5vsM6_raw_12m,equal_width,Absolute Mortality,NEPmax,Low,54,-0.12956,53.7,0.05369,0.6699,ns
M5vsM6_raw_12m,equal_width,Absolute Mortality,WUE,Low,54,0.0233,40.7,0.8809,0.9667,ns
M5vsM6_raw_12m,equal_width,Absolute Mortality,uWUE,Low,54,0.00964,46.3,0.8956,0.9667,ns
M5vsM6_raw_12m,equal_width,Absolute Mortality,ETmax,High,6,-0.00127,50,0.3375,0.859,ns
M5vsM6_raw_12m,equal_width,Absolute Mortality,GPPsat,High,6,0.2511,33.3,0.8958,0.9667,ns
M5vsM6_raw_12m,equal_width,Absolute Mortality,NEPmax,High,6,-0.28206,66.7,0.1042,0.6699,ns
M5vsM6_raw_12m,equal_width,Absolute Mortality,WUE,High,6,-0.01127,66.7,0.5,0.859,ns
M5vsM6_raw_12m,equal_width,Absolute Mortality,uWUE,High,6,-0.00269,50,0.6625,0.9316,ns
M5vsM6_raw_12m,equal_width,Relative Mortality,ETmax,Mid,34,2e-04,50,0.5273,0.859,ns
M5vsM6_raw_12m,equal_width,Relative Mortality,GPPsat,Mid,34,0.07202,44.1,0.4932,0.859,ns
M5vsM6_raw_12m,equal_width,Relative Mortality,NEPmax,Mid,34,0.04943,47.1,0.5813,0.902,ns
M5vsM6_raw_12m,equal_width,Relative Mortality,WUE,Mid,34,0.01058,47.1,0.4254,0.859,ns
M5vsM6_raw_12m,equal_width,Relative Mortality,uWUE,Mid,34,-0.00224,50,0.4864,0.859,ns
M5vsM6_raw_12m,equal_width,Relative Mortality,ETmax,High,8,0.00064,25,0.7794,0.9667,ns
M5vsM6_raw_12m,equal_width,Relative Mortality,GPPsat,High,8,0.7145,37.5,0.96,0.9667,ns
M5vsM6_raw_12m,equal_width,Relative Mortality,NEPmax,High,8,0.62836,12.5,0.9463,0.9667,ns
M5vsM6_raw_12m,equal_width,Relative Mortality,WUE,High,8,0.00039,50,0.4168,0.859,ns
M5vsM6_raw_12m,equal_width,Relative Mortality,uWUE,High,8,-0.04174,75,0.1468,0.673,ns
M5vsM6_raw_12m,equal_width,Relative Mortality,ETmax,Low,70,-2e-05,50,0.2656,0.859,ns
M5vsM6_raw_12m,equal_width,Relative Mortality,GPPsat,Low,70,-0.09131,57.1,0.1791,0.673,ns
M5vsM6_raw_12m,equal_width,Relative Mortality,NEPmax,Low,70,-0.1138,52.9,0.09999,0.6699,ns
M5vsM6_raw_12m,equal_width,Relative Mortality,WUE,Low,70,0.00304,47.1,0.5,0.859,ns
M5vsM6_raw_12m,equal_width,Relative Mortality,uWUE,Low,70,-0.00013,50,0.7188,0.9514,ns
M5vsM6_raw_12m,equal_width,Relative Disturbance,ETmax,Mid,39,-0.00058,53.8,0.3004,0.859,ns
M5vsM6_raw_12m,equal_width,Relative Disturbance,GPPsat,Mid,39,0.02354,48.7,0.4972,0.859,ns
M5vsM6_raw_12m,equal_width,Relative Disturbance,NEPmax,Mid,39,0.05362,46.2,0.4805,0.859,ns
M5vsM6_raw_12m,equal_width,Relative Disturbance,WUE,Mid,39,0.01918,43.6,0.6338,0.9316,ns
M5vsM6_raw_12m,equal_width,Relative Disturbance,uWUE,Mid,39,0.00413,46.2,0.6442,0.9316,ns
M5vsM6_raw_12m,equal_width,Relative Disturbance,ETmax,High,10,0.00078,20,0.8689,0.9667,ns
M5vsM6_raw_12m,equal_width,Relative Disturbance,GPPsat,High,10,0.36981,40,0.9667,0.9667,ns
M5vsM6_raw_12m,equal_width,Relative Disturbance,NEPmax,High,10,0.48555,30,0.9232,0.9667,ns
M5vsM6_raw_12m,equal_width,Relative Disturbance,WUE,High,10,-0.03966,60,0.1795,0.673,ns
M5vsM6_raw_12m,equal_width,Relative Disturbance,uWUE,High,10,-0.05469,80,0.06314,0.6699,ns
M5vsM6_raw_12m,equal_width,Relative Disturbance,ETmax,Low,63,1e-04,49.2,0.3673,0.859,ns
M5vsM6_raw_12m,equal_width,Relative Disturbance,GPPsat,Low,63,-0.09464,55.6,0.1681,0.673,ns
M5vsM6_raw_12m,equal_width,Relative Disturbance,NEPmax,Low,63,-0.07864,52.4,0.1613,0.673,ns
M5vsM6_raw_12m,equal_width,Relative Disturbance,WUE,Low,63,0.00286,47.6,0.4442,0.859,ns
M5vsM6_raw_12m,equal_width,Relative Disturbance,uWUE,Low,63,-0.00234,50.8,0.6974,0.951,ns
M5vsM6_raw_12m,natural_breaks,Absolute Mortality,ETmax,High,29,-0.00287,58.6,0.09725,0.7551,ns
M5vsM6_raw_12m,natural_breaks,Absolute Mortality,GPPsat,High,29,0.19443,44.8,0.7944,0.8937,ns
M5vsM6_raw_12m,natural_breaks,Absolute Mortality,NEPmax,High,29,0.07333,48.3,0.6024,0.8173,ns
M5vsM6_raw_12m,natural_breaks,Absolute Mortality,WUE,High,29,-0.01899,55.2,0.1398,0.7551,ns
M5vsM6_raw_12m,natural_breaks,Absolute Mortality,uWUE,High,29,-0.01166,58.6,0.1351,0.7551,ns
M5vsM6_raw_12m,natural_breaks,Absolute Mortality,ETmax,Mid,46,0.00039,47.8,0.6285,0.8173,ns
M5vsM6_raw_12m,natural_breaks,Absolute Mortality,GPPsat,Mid,46,0.04383,47.8,0.5865,0.8173,ns
M5vsM6_raw_12m,natural_breaks,Absolute Mortality,NEPmax,Mid,46,0.04493,47.8,0.4093,0.7551,ns
M5vsM6_raw_12m,natural_breaks,Absolute Mortality,WUE,Mid,46,0.00651,47.8,0.4008,0.7551,ns
M5vsM6_raw_12m,natural_breaks,Absolute Mortality,uWUE,Mid,46,-0.00729,54.3,0.339,0.7551,ns
M5vsM6_raw_12m,natural_breaks,Absolute Mortality,ETmax,Low,37,0.00114,40.5,0.6357,0.8173,ns
M5vsM6_raw_12m,natural_breaks,Absolute Mortality,GPPsat,Low,37,-0.22003,62.2,0.08258,0.7551,ns
M5vsM6_raw_12m,natural_breaks,Absolute Mortality,NEPmax,Low,37,0.02411,48.6,0.2076,0.7551,ns
M5vsM6_raw_12m,natural_breaks,Absolute Mortality,WUE,Low,37,0.01601,40.5,0.7701,0.8937,ns
M5vsM6_raw_12m,natural_breaks,Absolute Mortality,uWUE,Low,37,0.01788,43.2,0.9304,0.9431,ns
M5vsM6_raw_12m,natural_breaks,Relative Mortality,ETmax,Mid,45,-0.00058,53.3,0.4019,0.7551,ns
M5vsM6_raw_12m,natural_breaks,Relative Mortality,GPPsat,Mid,45,0.11561,40,0.8657,0.9431,ns
M5vsM6_raw_12m,natural_breaks,Relative Mortality,NEPmax,Mid,45,0.03625,48.9,0.3381,0.7551,ns
M5vsM6_raw_12m,natural_breaks,Relative Mortality,WUE,Mid,45,0.01103,46.7,0.1955,0.7551,ns
M5vsM6_raw_12m,natural_breaks,Relative Mortality,uWUE,Mid,45,-0.01335,57.8,0.1495,0.7551,ns
M5vsM6_raw_12m,natural_breaks,Relative Mortality,ETmax,High,26,0.00064,42.3,0.4195,0.7551,ns
M5vsM6_raw_12m,natural_breaks,Relative Mortality,GPPsat,High,26,-0.14341,53.8,0.4899,0.767,ns
M5vsM6_raw_12m,natural_breaks,Relative Mortality,NEPmax,High,26,0.06348,46.2,0.6294,0.8173,ns
M5vsM6_raw_12m,natural_breaks,Relative Mortality,WUE,High,26,0.00903,50,0.4595,0.767,ns
M5vsM6_raw_12m,natural_breaks,Relative Mortality,uWUE,High,26,-0.00829,53.8,0.39,0.7551,ns
M5vsM6_raw_12m,natural_breaks,Relative Mortality,ETmax,Low,41,2e-04,46.3,0.4179,0.7551,ns
M5vsM6_raw_12m,natural_breaks,Relative Mortality,GPPsat,Low,41,-0.22003,63.4,0.08888,0.7551,ns
M5vsM6_raw_12m,natural_breaks,Relative Mortality,NEPmax,Low,41,0.02411,48.8,0.3487,0.7551,ns
M5vsM6_raw_12m,natural_breaks,Relative Mortality,WUE,Low,41,0.00286,46.3,0.7415,0.8937,ns
M5vsM6_raw_12m,natural_breaks,Relative Mortality,uWUE,Low,41,0.01635,43.9,0.9431,0.9431,ns
M5vsM6_raw_12m,natural_breaks,Relative Disturbance,ETmax,Mid,49,-0.00075,55.1,0.2622,0.7551,ns
M5vsM6_raw_12m,natural_breaks,Relative Disturbance,GPPsat,Mid,49,-0.02712,53.1,0.2557,0.7551,ns
M5vsM6_raw_12m,natural_breaks,Relative Disturbance,NEPmax,Mid,49,-0.07864,51,0.2622,0.7551,ns
M5vsM6_raw_12m,natural_breaks,Relative Disturbance,WUE,Mid,49,0.00872,44.9,0.2494,0.7551,ns
M5vsM6_raw_12m,natural_breaks,Relative Disturbance,uWUE,Mid,49,-0.01317,53.1,0.2431,0.7551,ns
M5vsM6_raw_12m,natural_breaks,Relative Disturbance,ETmax,High,24,0.00066,37.5,0.6813,0.8517,ns
M5vsM6_raw_12m,natural_breaks,Relative Disturbance,GPPsat,High,24,0.14485,37.5,0.9294,0.9431,ns
M5vsM6_raw_12m,natural_breaks,Relative Disturbance,NEPmax,High,24,0.06348,45.8,0.6288,0.8173,ns
M5vsM6_raw_12m,natural_breaks,Relative Disturbance,WUE,High,24,0.00131,50,0.4041,0.7551,ns
M5vsM6_raw_12m,natural_breaks,Relative Disturbance,uWUE,High,24,-0.00829,54.2,0.4943,0.767,ns
M5vsM6_raw_12m,natural_breaks,Relative Disturbance,ETmax,Low,39,0.00114,46.2,0.3821,0.7551,ns
M5vsM6_raw_12m,natural_breaks,Relative Disturbance,GPPsat,Low,39,-0.12506,59,0.2319,0.7551,ns
M5vsM6_raw_12m,natural_breaks,Relative Disturbance,NEPmax,Low,39,0.03625,46.2,0.475,0.767,ns
M5vsM6_raw_12m,natural_breaks,Relative Disturbance,WUE,Low,39,0.00265,48.7,0.7765,0.8937,ns
M5vsM6_raw_12m,natural_breaks,Relative Disturbance,uWUE,Low,39,0.00241,48.7,0.8967,0.9431,ns
M5vsM6_raw_24m,tertiles,Absolute Mortality,ETmax,High,37,0.00192,32.4,0.9151,0.9731,ns
M5vsM6_raw_24m,tertiles,Absolute Mortality,GPPsat,High,37,0.12457,37.8,0.9078,0.9731,ns
M5vsM6_raw_24m,tertiles,Absolute Mortality,NEPmax,High,37,-0.20856,54.1,0.09216,0.6606,ns
M5vsM6_raw_24m,tertiles,Absolute Mortality,WUE,High,37,-0.05483,62.2,0.1634,0.7353,ns
M5vsM6_raw_24m,tertiles,Absolute Mortality,uWUE,High,37,-0.023,62.2,0.02582,0.6448,ns
M5vsM6_raw_24m,tertiles,Absolute Mortality,ETmax,Mid,37,-0.00078,56.8,0.1289,0.6606,ns
M5vsM6_raw_24m,tertiles,Absolute Mortality,GPPsat,Mid,37,-0.09237,59.5,0.3474,0.8898,ns
M5vsM6_raw_24m,tertiles,Absolute Mortality,NEPmax,Mid,37,0.00076,48.6,0.7655,0.9731,ns
M5vsM6_raw_24m,tertiles,Absolute Mortality,WUE,Mid,37,0.00035,48.6,0.5421,0.9731,ns
M5vsM6_raw_24m,tertiles,Absolute Mortality,uWUE,Mid,37,-0.00529,56.8,0.3586,0.8898,ns
M5vsM6_raw_24m,tertiles,Absolute Mortality,ETmax,Low,38,-6e-04,57.9,0.2761,0.8282,ns
M5vsM6_raw_24m,tertiles,Absolute Mortality,GPPsat,Low,38,-0.01628,52.6,0.4026,0.9059,ns
M5vsM6_raw_24m,tertiles,Absolute Mortality,NEPmax,Low,38,0.21018,31.6,0.8518,0.9731,ns
M5vsM6_raw_24m,tertiles,Absolute Mortality,WUE,Low,38,0.0404,36.8,0.9578,0.9731,ns
M5vsM6_raw_24m,tertiles,Absolute Mortality,uWUE,Low,38,0.01683,39.5,0.9731,0.9731,ns
M5vsM6_raw_24m,tertiles,Relative Mortality,ETmax,High,37,0.00132,37.8,0.8475,0.9731,ns
M5vsM6_raw_24m,tertiles,Relative Mortality,GPPsat,High,37,0.18927,37.8,0.8833,0.9731,ns
M5vsM6_raw_24m,tertiles,Relative Mortality,NEPmax,High,37,0.13824,37.8,0.9599,0.9731,ns
M5vsM6_raw_24m,tertiles,Relative Mortality,WUE,High,37,0.00035,48.6,0.6636,0.9731,ns
M5vsM6_raw_24m,tertiles,Relative Mortality,uWUE,High,37,-0.01375,59.5,0.3757,0.8898,ns
M5vsM6_raw_24m,tertiles,Relative Mortality,ETmax,Mid,37,0.00029,48.6,0.506,0.9731,ns
M5vsM6_raw_24m,tertiles,Relative Mortality,GPPsat,Mid,37,-0.06715,54.1,0.32,0.8898,ns
M5vsM6_raw_24m,tertiles,Relative Mortality,NEPmax,Mid,37,-0.30687,54.1,0.02866,0.6448,ns
M5vsM6_raw_24m,tertiles,Relative Mortality,WUE,Mid,37,-0.02973,56.8,0.1321,0.6606,ns
M5vsM6_raw_24m,tertiles,Relative Mortality,uWUE,Mid,37,-0.01058,56.8,0.1827,0.7474,ns
M5vsM6_raw_24m,tertiles,Relative Mortality,ETmax,Low,38,-0.00117,60.5,0.07976,0.6606,ns
M5vsM6_raw_24m,tertiles,Relative Mortality,GPPsat,Low,38,-0.05123,57.9,0.4366,0.9356,ns
M5vsM6_raw_24m,tertiles,Relative Mortality,NEPmax,Low,38,0.1888,42.1,0.871,0.9731,ns
M5vsM6_raw_24m,tertiles,Relative Mortality,WUE,Low,38,0.02838,42.1,0.9136,0.9731,ns
M5vsM6_raw_24m,tertiles,Relative Mortality,uWUE,Low,38,0.00798,42.1,0.845,0.9731,ns
M5vsM6_raw_24m,tertiles,Relative Disturbance,ETmax,High,37,0.00174,35.1,0.9451,0.9731,ns
M5vsM6_raw_24m,tertiles,Relative Disturbance,GPPsat,High,37,0.18927,40.5,0.8475,0.9731,ns
M5vsM6_raw_24m,tertiles,Relative Disturbance,NEPmax,High,37,0.07087,40.5,0.8009,0.9731,ns
M5vsM6_raw_24m,tertiles,Relative Disturbance,WUE,High,37,0.00035,48.6,0.8252,0.9731,ns
M5vsM6_raw_24m,tertiles,Relative Disturbance,uWUE,High,37,-0.00529,51.4,0.6854,0.9731,ns
M5vsM6_raw_24m,tertiles,Relative Disturbance,ETmax,Mid,37,-0.00068,54.1,0.2391,0.7687,ns
M5vsM6_raw_24m,tertiles,Relative Disturbance,GPPsat,Mid,37,-0.06574,56.8,0.2391,0.7687,ns
M5vsM6_raw_24m,tertiles,Relative Disturbance,NEPmax,Mid,37,-0.00358,51.4,0.1109,0.6606,ns
M5vsM6_raw_24m,tertiles,Relative Disturbance,WUE,Mid,37,-0.02703,56.8,0.0657,0.6606,ns
M5vsM6_raw_24m,tertiles,Relative Disturbance,uWUE,Mid,37,-0.01379,62.2,0.2164,0.7687,ns
M5vsM6_raw_24m,tertiles,Relative Disturbance,ETmax,Low,38,-9e-04,57.9,0.08871,0.6606,ns
M5vsM6_raw_24m,tertiles,Relative Disturbance,GPPsat,Low,38,-0.0453,52.6,0.5917,0.9731,ns
M5vsM6_raw_24m,tertiles,Relative Disturbance,NEPmax,Low,38,0.14382,42.1,0.8856,0.9731,ns
M5vsM6_raw_24m,tertiles,Relative Disturbance,WUE,Low,38,0.02188,42.1,0.8856,0.9731,ns
M5vsM6_raw_24m,tertiles,Relative Disturbance,uWUE,Low,38,0.00403,44.7,0.6252,0.9731,ns
M5vsM6_raw_24m,equal_width,Absolute Mortality,ETmax,Mid,52,0.00097,40.4,0.8556,0.9761,ns
M5vsM6_raw_24m,equal_width,Absolute Mortality,GPPsat,Mid,52,0.06628,44.2,0.8753,0.9761,ns
M5vsM6_raw_24m,equal_width,Absolute Mortality,NEPmax,Mid,52,0.0446,42.3,0.6966,0.9499,ns
M5vsM6_raw_24m,equal_width,Absolute Mortality,WUE,Mid,52,-0.03315,55.8,0.05916,0.9499,ns
M5vsM6_raw_24m,equal_width,Absolute Mortality,uWUE,Mid,52,-0.01094,59.6,0.09876,0.9499,ns
M5vsM6_raw_24m,equal_width,Absolute Mortality,ETmax,Low,54,-0.00078,57.4,0.174,0.9499,ns
M5vsM6_raw_24m,equal_width,Absolute Mortality,GPPsat,Low,54,-0.08143,55.6,0.2564,0.9499,ns
M5vsM6_raw_24m,equal_width,Absolute Mortality,NEPmax,Low,54,0.07606,44.4,0.6151,0.9499,ns
M5vsM6_raw_24m,equal_width,Absolute Mortality,WUE,Low,54,0.03539,40.7,0.9859,0.9875,ns
M5vsM6_raw_24m,equal_width,Absolute Mortality,uWUE,Low,54,0.00403,44.4,0.8876,0.9761,ns
M5vsM6_raw_24m,equal_width,Absolute Mortality,ETmax,High,6,-0.00028,50,0.3375,0.9499,ns
M5vsM6_raw_24m,equal_width,Absolute Mortality,GPPsat,High,6,0.02525,50,0.583,0.9499,ns
M5vsM6_raw_24m,equal_width,Absolute Mortality,NEPmax,High,6,-0.24409,66.7,0.1473,0.9499,ns
M5vsM6_raw_24m,equal_width,Absolute Mortality,WUE,High,6,-0.04337,66.7,0.417,0.9499,ns
M5vsM6_raw_24m,equal_width,Absolute Mortality,uWUE,High,6,-0.02267,66.7,0.417,0.9499,ns
M5vsM6_raw_24m,equal_width,Relative Mortality,ETmax,Mid,34,0.00047,44.1,0.69,0.9499,ns
M5vsM6_raw_24m,equal_width,Relative Mortality,GPPsat,Mid,34,0.14343,41.2,0.8843,0.9761,ns
M5vsM6_raw_24m,equal_width,Relative Mortality,NEPmax,Mid,34,0.04542,47.1,0.6592,0.9499,ns
M5vsM6_raw_24m,equal_width,Relative Mortality,WUE,Mid,34,-0.00513,52.9,0.4054,0.9499,ns
M5vsM6_raw_24m,equal_width,Relative Mortality,uWUE,Mid,34,-0.01269,61.8,0.2059,0.9499,ns
M5vsM6_raw_24m,equal_width,Relative Mortality,ETmax,High,8,0.00299,12.5,0.9706,0.9875,ns
M5vsM6_raw_24m,equal_width,Relative Mortality,GPPsat,High,8,0.22055,25,0.883,0.9761,ns
M5vsM6_raw_24m,equal_width,Relative Mortality,NEPmax,High,8,0.47955,25,0.883,0.9761,ns
M5vsM6_raw_24m,equal_width,Relative Mortality,WUE,High,8,-0.00373,50,0.5832,0.9499,ns
M5vsM6_raw_24m,equal_width,Relative Mortality,uWUE,High,8,-0.01197,50,0.6369,0.9499,ns
M5vsM6_raw_24m,equal_width,Relative Mortality,ETmax,Low,70,-6e-04,55.7,0.1063,0.9499,ns
M5vsM6_raw_24m,equal_width,Relative Mortality,GPPsat,Low,70,-0.08002,57.1,0.2148,0.9499,ns
M5vsM6_raw_24m,equal_width,Relative Mortality,NEPmax,Low,70,0.04213,45.7,0.3012,0.9499,ns
M5vsM6_raw_24m,equal_width,Relative Mortality,WUE,Low,70,0.01089,47.1,0.676,0.9499,ns
M5vsM6_raw_24m,equal_width,Relative Mortality,uWUE,Low,70,0.00333,48.6,0.6262,0.9499,ns
M5vsM6_raw_24m,equal_width,Relative Disturbance,ETmax,Mid,39,-0.00038,51.3,0.3662,0.9499,ns
M5vsM6_raw_24m,equal_width,Relative Disturbance,GPPsat,Mid,39,0.09151,46.2,0.7373,0.9758,ns
M5vsM6_raw_24m,equal_width,Relative Disturbance,NEPmax,Mid,39,0.01998,48.7,0.4089,0.9499,ns
M5vsM6_raw_24m,equal_width,Relative Disturbance,WUE,Mid,39,-0.00429,51.3,0.525,0.9499,ns
M5vsM6_raw_24m,equal_width,Relative Disturbance,uWUE,Mid,39,-0.01076,56.4,0.5802,0.9499,ns
M5vsM6_raw_24m,equal_width,Relative Disturbance,ETmax,High,10,0.00341,10,0.9875,0.9875,ns
M5vsM6_raw_24m,equal_width,Relative Disturbance,GPPsat,High,10,0.22055,20,0.9369,0.9875,ns
M5vsM6_raw_24m,equal_width,Relative Disturbance,NEPmax,High,10,0.40083,30,0.8894,0.9761,ns
M5vsM6_raw_24m,equal_width,Relative Disturbance,WUE,High,10,-0.00373,50,0.5406,0.9499,ns
M5vsM6_raw_24m,equal_width,Relative Disturbance,uWUE,High,10,-0.00958,50,0.5406,0.9499,ns
M5vsM6_raw_24m,equal_width,Relative Disturbance,ETmax,Low,63,-0.00053,54,0.1596,0.9499,ns
M5vsM6_raw_24m,equal_width,Relative Disturbance,GPPsat,Low,63,-0.07699,57.1,0.2414,0.9499,ns
M5vsM6_raw_24m,equal_width,Relative Disturbance,NEPmax,Low,63,0.04997,44.4,0.4795,0.9499,ns
M5vsM6_raw_24m,equal_width,Relative Disturbance,WUE,Low,63,0.01005,47.6,0.6013,0.9499,ns
M5vsM6_raw_24m,equal_width,Relative Disturbance,uWUE,Low,63,-0.00296,50.8,0.4173,0.9499,ns
M5vsM6_raw_24m,natural_breaks,Absolute Mortality,ETmax,High,29,0.00132,37.9,0.7818,0.9748,ns
M5vsM6_raw_24m,natural_breaks,Absolute Mortality,GPPsat,High,29,0.25184,37.9,0.8453,0.9748,ns
M5vsM6_raw_24m,natural_breaks,Absolute Mortality,NEPmax,High,29,-0.20856,55.2,0.1089,0.9097,ns
M5vsM6_raw_24m,natural_breaks,Absolute Mortality,WUE,High,29,-0.05383,58.6,0.4228,0.9136,ns
M5vsM6_raw_24m,natural_breaks,Absolute Mortality,uWUE,High,29,-0.02234,58.6,0.05723,0.9097,ns
M5vsM6_raw_24m,natural_breaks,Absolute Mortality,ETmax,Mid,46,-1e-04,50,0.3311,0.9097,ns
M5vsM6_raw_24m,natural_breaks,Absolute Mortality,GPPsat,Mid,46,-0.07136,54.3,0.5261,0.9748,ns
M5vsM6_raw_24m,natural_breaks,Absolute Mortality,NEPmax,Mid,46,0.01753,47.8,0.7404,0.9748,ns
M5vsM6_raw_24m,natural_breaks,Absolute Mortality,WUE,Mid,46,-0.00367,52.2,0.2776,0.9097,ns
M5vsM6_raw_24m,natural_breaks,Absolute Mortality,uWUE,Mid,46,-0.00806,58.7,0.2354,0.9097,ns
M5vsM6_raw_24m,natural_breaks,Absolute Mortality,ETmax,Low,37,-0.00053,56.8,0.3254,0.9097,ns
M5vsM6_raw_24m,natural_breaks,Absolute Mortality,GPPsat,Low,37,-0.02547,54.1,0.3419,0.9097,ns
M5vsM6_raw_24m,natural_breaks,Absolute Mortality,NEPmax,Low,37,0.18402,32.4,0.8291,0.9748,ns
M5vsM6_raw_24m,natural_breaks,Absolute Mortality,WUE,Low,37,0.04126,37.8,0.9545,0.9748,ns
M5vsM6_raw_24m,natural_breaks,Absolute Mortality,uWUE,Low,37,0.01258,40.5,0.9693,0.9748,ns
M5vsM6_raw_24m,natural_breaks,Relative Mortality,ETmax,Mid,45,0.00038,44.4,0.641,0.9748,ns
M5vsM6_raw_24m,natural_breaks,Relative Mortality,GPPsat,Mid,45,0.03448,46.7,0.6619,0.9748,ns
M5vsM6_raw_24m,natural_breaks,Relative Mortality,NEPmax,Mid,45,0.0343,44.4,0.2748,0.9097,ns
M5vsM6_raw_24m,natural_breaks,Relative Mortality,WUE,Mid,45,-0.01624,51.1,0.2281,0.9097,ns
M5vsM6_raw_24m,natural_breaks,Relative Mortality,uWUE,Mid,45,-0.01375,60,0.2247,0.9097,ns
M5vsM6_raw_24m,natural_breaks,Relative Mortality,ETmax,High,26,0.00145,42.3,0.7373,0.9748,ns
M5vsM6_raw_24m,natural_breaks,Relative Mortality,GPPsat,High,26,0.15692,38.5,0.799,0.9748,ns
M5vsM6_raw_24m,natural_breaks,Relative Mortality,NEPmax,High,26,0.01812,46.2,0.8197,0.9748,ns
M5vsM6_raw_24m,natural_breaks,Relative Mortality,WUE,High,26,-0.00513,53.8,0.5904,0.9748,ns
M5vsM6_raw_24m,natural_breaks,Relative Mortality,uWUE,High,26,-0.01094,57.7,0.39,0.9136,ns
M5vsM6_raw_24m,natural_breaks,Relative Mortality,ETmax,Low,41,-0.00114,58.5,0.1244,0.9097,ns
M5vsM6_raw_24m,natural_breaks,Relative Mortality,GPPsat,Low,41,-0.08305,61,0.2799,0.9097,ns
M5vsM6_raw_24m,natural_breaks,Relative Mortality,NEPmax,Low,41,0.14126,43.9,0.766,0.9748,ns
M5vsM6_raw_24m,natural_breaks,Relative Mortality,WUE,Low,41,0.02553,43.9,0.8808,0.9748,ns
M5vsM6_raw_24m,natural_breaks,Relative Mortality,uWUE,Low,41,0.01026,41.5,0.8376,0.9748,ns
M5vsM6_raw_24m,natural_breaks,Relative Disturbance,ETmax,Mid,49,-0.00038,51,0.2854,0.9097,ns
M5vsM6_raw_24m,natural_breaks,Relative Disturbance,GPPsat,Mid,49,-0.06715,57.1,0.2526,0.9097,ns
M5vsM6_raw_24m,natural_breaks,Relative Disturbance,NEPmax,Mid,49,0.0343,46.9,0.2687,0.9097,ns
M5vsM6_raw_24m,natural_breaks,Relative Disturbance,WUE,Mid,49,-0.01638,53.1,0.3454,0.9097,ns
M5vsM6_raw_24m,natural_breaks,Relative Disturbance,uWUE,Mid,49,-0.01379,59.2,0.3639,0.9097,ns
M5vsM6_raw_24m,natural_breaks,Relative Disturbance,ETmax,High,24,0.00197,29.2,0.9748,0.9748,ns
M5vsM6_raw_24m,natural_breaks,Relative Disturbance,GPPsat,High,24,0.20464,29.2,0.9652,0.9748,ns
M5vsM6_raw_24m,natural_breaks,Relative Disturbance,NEPmax,High,24,0.01812,45.8,0.6501,0.9748,ns
M5vsM6_raw_24m,natural_breaks,Relative Disturbance,WUE,High,24,-0.01266,54.2,0.4263,0.9136,ns
M5vsM6_raw_24m,natural_breaks,Relative Disturbance,uWUE,High,24,-0.00207,50,0.6288,0.9748,ns
M5vsM6_raw_24m,natural_breaks,Relative Disturbance,ETmax,Low,39,-0.00068,59,0.08463,0.9097,ns
M5vsM6_raw_24m,natural_breaks,Relative Disturbance,GPPsat,Low,39,-0.07699,53.8,0.4916,0.9748,ns
M5vsM6_raw_24m,natural_breaks,Relative Disturbance,NEPmax,Low,39,0.14126,41,0.8863,0.9748,ns
M5vsM6_raw_24m,natural_breaks,Relative Disturbance,WUE,Low,39,0.02553,41,0.8992,0.9748,ns
M5vsM6_raw_24m,natural_breaks,Relative Disturbance,uWUE,Low,39,0.00338,46.2,0.6072,0.9748,ns
M5vsM6_anom_12m,tertiles,Absolute Mortality,ETmax,High,37,0.00025,48.6,0.3309,0.3545,ns
M5vsM6_anom_12m,tertiles,Absolute Mortality,GPPsat,High,37,-1.19658,70.3,0.003019,0.01235,*
M5vsM6_anom_12m,tertiles,Absolute Mortality,NEPmax,High,37,-0.98758,70.3,0.002177,0.01128,*
M5vsM6_anom_12m,tertiles,Absolute Mortality,WUE,High,37,-0.05642,54.1,0.1197,0.1584,ns
M5vsM6_anom_12m,tertiles,Absolute Mortality,uWUE,High,37,0.01957,48.6,0.2781,0.3053,ns
M5vsM6_anom_12m,tertiles,Absolute Mortality,ETmax,Mid,37,-0.00485,75.7,0.04006,0.08194,ns
M5vsM6_anom_12m,tertiles,Absolute Mortality,GPPsat,Mid,37,-1.59949,73,0.007893,0.02732,*
M5vsM6_anom_12m,tertiles,Absolute Mortality,NEPmax,Mid,37,-0.58775,64.9,0.05324,0.09583,ns
M5vsM6_anom_12m,tertiles,Absolute Mortality,WUE,Mid,37,-0.03637,51.4,0.09986,0.1442,ns
M5vsM6_anom_12m,tertiles,Absolute Mortality,uWUE,Mid,37,0.00482,48.6,0.1561,0.2006,ns
M5vsM6_anom_12m,tertiles,Absolute Mortality,ETmax,Low,38,0.00057,50,0.4309,0.451,ns
M5vsM6_anom_12m,tertiles,Absolute Mortality,GPPsat,Low,38,-1.30891,73.7,0.001341,0.01101,*
M5vsM6_anom_12m,tertiles,Absolute Mortality,NEPmax,Low,38,-1.07102,71.1,0.001546,0.01101,*
M5vsM6_anom_12m,tertiles,Absolute Mortality,WUE,Low,38,-0.09138,63.2,0.03069,0.07672,ns
M5vsM6_anom_12m,tertiles,Absolute Mortality,uWUE,Low,38,-0.06381,73.7,0.01774,0.05603,ns
M5vsM6_anom_12m,tertiles,Relative Mortality,ETmax,High,37,-0.00342,64.9,0.06765,0.1087,ns
M5vsM6_anom_12m,tertiles,Relative Mortality,GPPsat,High,37,-1.25602,70.3,0.001713,0.01101,*
M5vsM6_anom_12m,tertiles,Relative Mortality,NEPmax,High,37,-0.91763,70.3,0.0005597,0.006297,**
M5vsM6_anom_12m,tertiles,Relative Mortality,WUE,High,37,-0.03637,54.1,0.1025,0.1442,ns
M5vsM6_anom_12m,tertiles,Relative Mortality,uWUE,High,37,-0.00179,51.4,0.2033,0.2396,ns
M5vsM6_anom_12m,tertiles,Relative Mortality,ETmax,Mid,37,-0.00378,59.5,0.06011,0.104,ns
M5vsM6_anom_12m,tertiles,Relative Mortality,GPPsat,Mid,37,-1.65466,78.4,0.0005597,0.006297,**
M5vsM6_anom_12m,tertiles,Relative Mortality,NEPmax,Mid,37,-1.3162,70.3,0.004144,0.01554,*
M5vsM6_anom_12m,tertiles,Relative Mortality,WUE,Mid,37,-0.07006,56.8,0.02322,0.0653,ns
M5vsM6_anom_12m,tertiles,Relative Mortality,uWUE,Mid,37,-0.07918,59.5,0.04006,0.08194,ns
M5vsM6_anom_12m,tertiles,Relative Mortality,ETmax,Low,38,0.00039,50,0.7568,0.774,ns
M5vsM6_anom_12m,tertiles,Relative Mortality,GPPsat,Low,38,-0.6623,68.4,0.02779,0.07356,ns
M5vsM6_anom_12m,tertiles,Relative Mortality,NEPmax,Low,38,-0.68537,65.8,0.03965,0.08194,ns
M5vsM6_anom_12m,tertiles,Relative Mortality,WUE,Low,38,-0.07847,57.9,0.1692,0.2116,ns
M5vsM6_anom_12m,tertiles,Relative Mortality,uWUE,Low,38,-0.04147,60.5,0.1921,0.2337,ns
M5vsM6_anom_12m,tertiles,Relative Disturbance,ETmax,High,37,-0.00254,62.2,0.0803,0.1246,ns
M5vsM6_anom_12m,tertiles,Relative Disturbance,GPPsat,High,37,-1.39054,70.3,0.002508,0.01128,*
M5vsM6_anom_12m,tertiles,Relative Disturbance,NEPmax,High,37,-1.2771,73,0.0004517,0.006297,**
M5vsM6_anom_12m,tertiles,Relative Disturbance,WUE,High,37,-0.03107,51.4,0.2391,0.269,ns
M5vsM6_anom_12m,tertiles,Relative Disturbance,uWUE,High,37,-0.00179,51.4,0.2076,0.2396,ns
M5vsM6_anom_12m,tertiles,Relative Disturbance,ETmax,Mid,37,-0.00418,62.2,0.04412,0.08632,ns
M5vsM6_anom_12m,tertiles,Relative Disturbance,GPPsat,Mid,37,-1.74957,83.8,9.15e-05,0.004117,**
M5vsM6_anom_12m,tertiles,Relative Disturbance,NEPmax,Mid,37,-1.3162,73,0.002508,0.01128,*
M5vsM6_anom_12m,tertiles,Relative Disturbance,WUE,Mid,37,-0.08606,56.8,0.01868,0.05603,ns
M5vsM6_anom_12m,tertiles,Relative Disturbance,uWUE,Mid,37,-0.03487,56.8,0.108,0.1473,ns
M5vsM6_anom_12m,tertiles,Relative Disturbance,ETmax,Low,38,0.00057,50,0.7999,0.7999,ns
M5vsM6_anom_12m,tertiles,Relative Disturbance,GPPsat,Low,38,-0.6623,63.2,0.04914,0.09214,ns
M5vsM6_anom_12m,tertiles,Relative Disturbance,NEPmax,Low,38,-0.56239,60.5,0.09347,0.1402,ns
M5vsM6_anom_12m,tertiles,Relative Disturbance,WUE,Low,38,-0.07254,60.5,0.06575,0.1087,ns
M5vsM6_anom_12m,tertiles,Relative Disturbance,uWUE,Low,38,-0.05789,63.2,0.03965,0.08194,ns
M5vsM6_anom_12m,equal_width,Absolute Mortality,ETmax,Mid,52,-0.00343,59.6,0.08959,0.1423,ns
M5vsM6_anom_12m,equal_width,Absolute Mortality,GPPsat,Mid,52,-1.26364,67.3,0.00518,0.02331,*
M5vsM6_anom_12m,equal_width,Absolute Mortality,NEPmax,Mid,52,-0.9526,65.4,0.01182,0.04188,*
M5vsM6_anom_12m,equal_width,Absolute Mortality,WUE,Mid,52,-0.06324,53.8,0.0121,0.04188,*
M5vsM6_anom_12m,equal_width,Absolute Mortality,uWUE,Mid,52,-0.00268,50,0.06472,0.1165,ns
M5vsM6_anom_12m,equal_width,Absolute Mortality,ETmax,Low,54,-0.0023,59.3,0.2217,0.2772,ns
M5vsM6_anom_12m,equal_width,Absolute Mortality,GPPsat,Low,54,-1.65849,75.9,5.154e-05,0.002319,**
M5vsM6_anom_12m,equal_width,Absolute Mortality,NEPmax,Low,54,-0.98394,72.2,0.0001883,0.004236,**
M5vsM6_anom_12m,equal_width,Absolute Mortality,WUE,Low,54,-0.0698,57.4,0.1028,0.1513,ns
M5vsM6_anom_12m,equal_width,Absolute Mortality,uWUE,Low,54,-0.04147,63,0.08153,0.1359,ns
M5vsM6_anom_12m,equal_width,Absolute Mortality,ETmax,High,6,0.00524,33.3,0.583,0.583,ns
M5vsM6_anom_12m,equal_width,Absolute Mortality,GPPsat,High,6,-0.46622,83.3,0.1042,0.1513,ns
M5vsM6_anom_12m,equal_width,Absolute Mortality,NEPmax,High,6,-0.48298,66.7,0.1473,0.2008,ns
M5vsM6_anom_12m,equal_width,Absolute Mortality,WUE,High,6,-0.11473,66.7,0.5,0.5114,ns
M5vsM6_anom_12m,equal_width,Absolute Mortality,uWUE,High,6,-0.08894,66.7,0.2647,0.3134,ns
M5vsM6_anom_12m,equal_width,Relative Mortality,ETmax,Mid,34,-0.00355,61.8,0.03001,0.07503,ns
M5vsM6_anom_12m,equal_width,Relative Mortality,GPPsat,Mid,34,-1.58366,70.6,0.001044,0.005873,**
M5vsM6_anom_12m,equal_width,Relative Mortality,NEPmax,Mid,34,-1.17492,70.6,0.0006163,0.005837,**
M5vsM6_anom_12m,equal_width,Relative Mortality,WUE,Mid,34,-0.04639,55.9,0.1963,0.2524,ns
M5vsM6_anom_12m,equal_width,Relative Mortality,uWUE,Mid,34,0.00152,50,0.2748,0.3171,ns
M5vsM6_anom_12m,equal_width,Relative Mortality,ETmax,High,8,-0.00282,75,0.2643,0.3134,ns
M5vsM6_anom_12m,equal_width,Relative Mortality,GPPsat,High,8,-1.12581,75,0.09172,0.1423,ns
M5vsM6_anom_12m,equal_width,Relative Mortality,NEPmax,High,8,-1.34553,75,0.05366,0.1006,ns
M5vsM6_anom_12m,equal_width,Relative Mortality,WUE,High,8,-0.30384,62.5,0.07074,0.1224,ns
M5vsM6_anom_12m,equal_width,Relative Mortality,uWUE,High,8,-0.29771,62.5,0.117,0.1645,ns
M5vsM6_anom_12m,equal_width,Relative Mortality,ETmax,Low,70,-0.00158,54.3,0.428,0.4586,ns
M5vsM6_anom_12m,equal_width,Relative Mortality,GPPsat,Low,70,-1.13316,72.9,0.0003158,0.004737,**
M5vsM6_anom_12m,equal_width,Relative Mortality,NEPmax,Low,70,-0.75768,67.1,0.003195,0.01597,*
M5vsM6_anom_12m,equal_width,Relative Mortality,WUE,Low,70,-0.07254,55.7,0.02363,0.06647,ns
M5vsM6_anom_12m,equal_width,Relative Mortality,uWUE,Low,70,-0.05789,60,0.04161,0.08512,ns
M5vsM6_anom_12m,equal_width,Relative Disturbance,ETmax,Mid,39,-0.00367,56.4,0.0376,0.0846,ns
M5vsM6_anom_12m,equal_width,Relative Disturbance,GPPsat,Mid,39,-1.82291,71.8,0.0006485,0.005837,**
M5vsM6_anom_12m,equal_width,Relative Disturbance,NEPmax,Mid,39,-1.2771,69.2,0.0008655,0.005873,**
M5vsM6_anom_12m,equal_width,Relative Disturbance,WUE,Mid,39,-0.03107,51.3,0.3053,0.3434,ns
M5vsM6_anom_12m,equal_width,Relative Disturbance,uWUE,Mid,39,0.00482,48.7,0.3981,0.437,ns
M5vsM6_anom_12m,equal_width,Relative Disturbance,ETmax,High,10,-0.00227,80,0.154,0.2039,ns
M5vsM6_anom_12m,equal_width,Relative Disturbance,GPPsat,High,10,-1.62143,80,0.03327,0.0788,ns
M5vsM6_anom_12m,equal_width,Relative Disturbance,NEPmax,High,10,-2.55177,80,0.01616,0.05193,ns
M5vsM6_anom_12m,equal_width,Relative Disturbance,WUE,High,10,-0.30384,70,0.02639,0.06987,ns
M5vsM6_anom_12m,equal_width,Relative Disturbance,uWUE,High,10,-0.29771,70,0.05146,0.1006,ns
M5vsM6_anom_12m,equal_width,Relative Disturbance,ETmax,Low,63,-0.00204,55.6,0.4713,0.4933,ns
M5vsM6_anom_12m,equal_width,Relative Disturbance,GPPsat,Low,63,-0.75647,71.4,0.001021,0.005873,**
M5vsM6_anom_12m,equal_width,Relative Disturbance,NEPmax,Low,63,-0.69399,66.7,0.007057,0.02887,*
M5vsM6_anom_12m,equal_width,Relative Disturbance,WUE,Low,63,-0.07502,57.1,0.01855,0.05565,ns
M5vsM6_anom_12m,equal_width,Relative Disturbance,uWUE,Low,63,-0.05888,60.3,0.03954,0.08473,ns
M5vsM6_anom_12m,natural_breaks,Absolute Mortality,ETmax,High,29,-0.00037,51.7,0.3647,0.3907,ns
M5vsM6_anom_12m,natural_breaks,Absolute Mortality,GPPsat,High,29,-1.27127,75.9,0.00322,0.01418,*
M5vsM6_anom_12m,natural_breaks,Absolute Mortality,NEPmax,High,29,-1.36675,72.4,0.002014,0.01168,*
M5vsM6_anom_12m,natural_breaks,Absolute Mortality,WUE,High,29,-0.08167,51.7,0.2056,0.2342,ns
M5vsM6_anom_12m,natural_breaks,Absolute Mortality,uWUE,High,29,0.0312,48.3,0.3486,0.3826,ns
M5vsM6_anom_12m,natural_breaks,Absolute Mortality,ETmax,Mid,46,-0.00426,69.6,0.02107,0.05926,ns
M5vsM6_anom_12m,natural_breaks,Absolute Mortality,GPPsat,Mid,46,-1.43558,69.6,0.003967,0.01488,*
M5vsM6_anom_12m,natural_breaks,Absolute Mortality,NEPmax,Mid,46,-0.70122,65.2,0.03837,0.08222,ns
M5vsM6_anom_12m,natural_breaks,Absolute Mortality,WUE,Mid,46,-0.03372,52.2,0.06866,0.1103,ns
M5vsM6_anom_12m,natural_breaks,Absolute Mortality,uWUE,Mid,46,-0.00088,50,0.09867,0.1431,ns
M5vsM6_anom_12m,natural_breaks,Absolute Mortality,ETmax,Low,37,0.00148,48.6,0.482,0.5044,ns
M5vsM6_anom_12m,natural_breaks,Absolute Mortality,GPPsat,Low,37,-0.99506,73,0.001886,0.01168,*
M5vsM6_anom_12m,natural_breaks,Absolute Mortality,NEPmax,Low,37,-0.82584,70.3,0.002076,0.01168,*
M5vsM6_anom_12m,natural_breaks,Absolute Mortality,WUE,Low,37,-0.09671,64.9,0.0201,0.05926,ns
M5vsM6_anom_12m,natural_breaks,Absolute Mortality,uWUE,Low,37,-0.06257,73,0.0224,0.0593,ns
M5vsM6_anom_12m,natural_breaks,Relative Mortality,ETmax,Mid,45,-0.00378,60,0.02542,0.06356,ns
M5vsM6_anom_12m,natural_breaks,Relative Mortality,GPPsat,Mid,45,-1.75402,77.8,0.0001519,0.003418,**
M5vsM6_anom_12m,natural_breaks,Relative Mortality,NEPmax,Mid,45,-1.3162,71.1,0.0007007,0.007882,**
M5vsM6_anom_12m,natural_breaks,Relative Mortality,WUE,Mid,45,-0.05642,51.1,0.07268,0.1128,ns
M5vsM6_anom_12m,natural_breaks,Relative Mortality,uWUE,Mid,45,-0.00179,51.1,0.2082,0.2342,ns
M5vsM6_anom_12m,natural_breaks,Relative Mortality,ETmax,High,26,-0.00227,65.4,0.1374,0.1717,ns
M5vsM6_anom_12m,natural_breaks,Relative Mortality,GPPsat,High,26,-0.84036,69.2,0.01864,0.05926,ns
M5vsM6_anom_12m,natural_breaks,Relative Mortality,NEPmax,High,26,-0.75829,73.1,0.003288,0.01418,*
M5vsM6_anom_12m,natural_breaks,Relative Mortality,WUE,High,26,-0.08775,61.5,0.04938,0.08547,ns
M5vsM6_anom_12m,natural_breaks,Relative Mortality,uWUE,High,26,-0.06961,61.5,0.03771,0.08222,ns
M5vsM6_anom_12m,natural_breaks,Relative Mortality,ETmax,Low,41,-0.00035,51.2,0.7539,0.771,ns
M5vsM6_anom_12m,natural_breaks,Relative Mortality,GPPsat,Low,41,-0.68476,68.3,0.01968,0.05926,ns
M5vsM6_anom_12m,natural_breaks,Relative Mortality,NEPmax,Low,41,-0.67675,63.4,0.03792,0.08222,ns
M5vsM6_anom_12m,natural_breaks,Relative Mortality,WUE,Low,41,-0.07502,58.5,0.1067,0.1456,ns
M5vsM6_anom_12m,natural_breaks,Relative Mortality,uWUE,Low,41,-0.04808,61,0.1469,0.1787,ns
M5vsM6_anom_12m,natural_breaks,Relative Disturbance,ETmax,Mid,49,-0.00418,57.1,0.04834,0.08547,ns
M5vsM6_anom_12m,natural_breaks,Relative Disturbance,GPPsat,Mid,49,-1.75402,79.6,0.0001035,0.003418,**
M5vsM6_anom_12m,natural_breaks,Relative Disturbance,NEPmax,Mid,49,-1.3162,73.5,0.0003729,0.005594,**
M5vsM6_anom_12m,natural_breaks,Relative Disturbance,WUE,Mid,49,-0.05642,51,0.1163,0.1539,ns
M5vsM6_anom_12m,natural_breaks,Relative Disturbance,uWUE,Mid,49,-0.02669,55.1,0.2073,0.2342,ns
M5vsM6_anom_12m,natural_breaks,Relative Disturbance,ETmax,High,24,-0.0031,70.8,0.04732,0.08547,ns
M5vsM6_anom_12m,natural_breaks,Relative Disturbance,GPPsat,High,24,-1.32328,75,0.003467,0.01418,*
M5vsM6_anom_12m,natural_breaks,Relative Disturbance,NEPmax,High,24,-1.29591,75,0.001415,0.01168,*
M5vsM6_anom_12m,natural_breaks,Relative Disturbance,WUE,High,24,-0.05902,58.3,0.08292,0.1244,ns
M5vsM6_anom_12m,natural_breaks,Relative Disturbance,uWUE,High,24,-0.03218,54.2,0.1018,0.1431,ns
M5vsM6_anom_12m,natural_breaks,Relative Disturbance,ETmax,Low,39,-0.00035,51.3,0.7807,0.7807,ns
M5vsM6_anom_12m,natural_breaks,Relative Disturbance,GPPsat,Low,39,-0.63984,61.5,0.0535,0.08917,ns
M5vsM6_anom_12m,natural_breaks,Relative Disturbance,NEPmax,Low,39,-0.54622,59,0.1277,0.1642,ns
M5vsM6_anom_12m,natural_breaks,Relative Disturbance,WUE,Low,39,-0.07502,61.5,0.0424,0.08547,ns
M5vsM6_anom_12m,natural_breaks,Relative Disturbance,uWUE,Low,39,-0.05689,61.5,0.04633,0.08547,ns
M5vsM6_anom_24m,tertiles,Absolute Mortality,ETmax,High,37,-0.00261,59.5,0.1227,0.195,ns
M5vsM6_anom_24m,tertiles,Absolute Mortality,GPPsat,High,37,-0.74292,67.6,0.001979,0.009895,**
M5vsM6_anom_24m,tertiles,Absolute Mortality,NEPmax,High,37,-0.98765,64.9,0.001408,0.007921,**
M5vsM6_anom_24m,tertiles,Absolute Mortality,WUE,High,37,-0.05676,54.1,0.2345,0.2931,ns
M5vsM6_anom_24m,tertiles,Absolute Mortality,uWUE,High,37,-0.02605,51.4,0.2681,0.3094,ns
M5vsM6_anom_24m,tertiles,Absolute Mortality,ETmax,Mid,37,0.00011,48.6,0.3814,0.4087,ns
M5vsM6_anom_24m,tertiles,Absolute Mortality,GPPsat,Mid,37,-1.185,70.3,0.01609,0.05307,ns
M5vsM6_anom_24m,tertiles,Absolute Mortality,NEPmax,Mid,37,-0.33952,56.8,0.08258,0.1785,ns
M5vsM6_anom_24m,tertiles,Absolute Mortality,WUE,Mid,37,-0.06943,56.8,0.108,0.1945,ns
M5vsM6_anom_24m,tertiles,Absolute Mortality,uWUE,Mid,37,-0.01648,56.8,0.08727,0.1785,ns
M5vsM6_anom_24m,tertiles,Absolute Mortality,ETmax,Low,38,0.00158,44.7,0.5058,0.5293,ns
M5vsM6_anom_24m,tertiles,Absolute Mortality,GPPsat,Low,38,-1.00505,73.7,0.000345,0.005659,**
M5vsM6_anom_24m,tertiles,Absolute Mortality,NEPmax,Low,38,-1.0221,73.7,0.002342,0.01054,*
M5vsM6_anom_24m,tertiles,Absolute Mortality,WUE,Low,38,-0.07312,57.9,0.2211,0.2842,ns
M5vsM6_anom_24m,tertiles,Absolute Mortality,uWUE,Low,38,-0.0865,68.4,0.05865,0.1466,ns
M5vsM6_anom_24m,tertiles,Relative Mortality,ETmax,High,37,-0.00132,51.4,0.2632,0.3094,ns
M5vsM6_anom_24m,tertiles,Relative Mortality,GPPsat,High,37,-1.03818,70.3,0.0008507,0.00638,**
M5vsM6_anom_24m,tertiles,Relative Mortality,NEPmax,High,37,-0.91171,70.3,0.0005031,0.005659,**
M5vsM6_anom_24m,tertiles,Relative Mortality,WUE,High,37,-0.05676,56.8,0.1387,0.195,ns
M5vsM6_anom_24m,tertiles,Relative Mortality,uWUE,High,37,-0.02605,56.8,0.08727,0.1785,ns
M5vsM6_anom_24m,tertiles,Relative Mortality,ETmax,Mid,37,-0.00161,56.8,0.1053,0.1945,ns
M5vsM6_anom_24m,tertiles,Relative Mortality,GPPsat,Mid,37,-1.1592,78.4,0.0008507,0.00638,**
M5vsM6_anom_24m,tertiles,Relative Mortality,NEPmax,Mid,37,-1.56184,64.9,0.003462,0.01298,*
M5vsM6_anom_24m,tertiles,Relative Mortality,WUE,Mid,37,-0.09317,56.8,0.1227,0.195,ns
M5vsM6_anom_24m,tertiles,Relative Mortality,uWUE,Mid,37,-0.08897,62.2,0.05489,0.1466,ns
M5vsM6_anom_24m,tertiles,Relative Mortality,ETmax,Low,38,0.00149,44.7,0.6839,0.6994,ns
M5vsM6_anom_24m,tertiles,Relative Mortality,GPPsat,Low,38,-0.80666,63.2,0.01651,0.05307,ns
M5vsM6_anom_24m,tertiles,Relative Mortality,NEPmax,Low,38,-0.53691,60.5,0.06954,0.1647,ns
M5vsM6_anom_24m,tertiles,Relative Mortality,WUE,Low,38,-0.07312,55.3,0.3694,0.4054,ns
M5vsM6_anom_24m,tertiles,Relative Mortality,uWUE,Low,38,-0.02161,57.9,0.2617,0.3094,ns
M5vsM6_anom_24m,tertiles,Relative Disturbance,ETmax,High,37,-0.00161,56.8,0.1354,0.195,ns
M5vsM6_anom_24m,tertiles,Relative Disturbance,GPPsat,High,37,-0.96297,67.6,0.002628,0.01075,*
M5vsM6_anom_24m,tertiles,Relative Disturbance,NEPmax,High,37,-0.91171,70.3,0.0004053,0.005659,**
M5vsM6_anom_24m,tertiles,Relative Disturbance,WUE,High,37,-0.04544,51.4,0.3643,0.4054,ns
M5vsM6_anom_24m,tertiles,Relative Disturbance,uWUE,High,37,-0.02605,56.8,0.1354,0.195,ns
M5vsM6_anom_24m,tertiles,Relative Disturbance,ETmax,Mid,37,-0.00261,54.1,0.1597,0.2178,ns
M5vsM6_anom_24m,tertiles,Relative Disturbance,GPPsat,Mid,37,-1.33051,81.1,0.0002198,0.005659,**
M5vsM6_anom_24m,tertiles,Relative Disturbance,NEPmax,Mid,37,-1.78635,70.3,0.001408,0.007921,**
M5vsM6_anom_24m,tertiles,Relative Disturbance,WUE,Mid,37,-0.06581,59.5,0.09986,0.1945,ns
M5vsM6_anom_24m,tertiles,Relative Disturbance,uWUE,Mid,37,-0.07847,56.8,0.1137,0.195,ns
M5vsM6_anom_24m,tertiles,Relative Disturbance,ETmax,Low,38,0.00174,42.1,0.7746,0.7746,ns
M5vsM6_anom_24m,tertiles,Relative Disturbance,GPPsat,Low,38,-0.7433,63.2,0.02347,0.07041,ns
M5vsM6_anom_24m,tertiles,Relative Disturbance,NEPmax,Low,38,-0.30426,55.3,0.2084,0.2758,ns
M5vsM6_anom_24m,tertiles,Relative Disturbance,WUE,Low,38,-0.08668,57.9,0.1384,0.195,ns
M5vsM6_anom_24m,tertiles,Relative Disturbance,uWUE,Low,38,-0.05138,63.2,0.05697,0.1466,ns
M5vsM6_anom_24m,equal_width,Absolute Mortality,ETmax,Mid,52,-0.00156,55.8,0.1507,0.2338,ns
M5vsM6_anom_24m,equal_width,Absolute Mortality,GPPsat,Mid,52,-0.89853,69.2,0.007238,0.03257,*
M5vsM6_anom_24m,equal_width,Absolute Mortality,NEPmax,Mid,52,-0.92206,63.5,0.005749,0.02875,*
M5vsM6_anom_24m,equal_width,Absolute Mortality,WUE,Mid,52,-0.08057,59.6,0.03001,0.09004,ns
M5vsM6_anom_24m,equal_width,Absolute Mortality,uWUE,Mid,52,-0.07366,55.8,0.02432,0.0842,ns
M5vsM6_anom_24m,equal_width,Absolute Mortality,ETmax,Low,54,0.00078,46.3,0.4215,0.5269,ns
M5vsM6_anom_24m,equal_width,Absolute Mortality,GPPsat,Low,54,-1.27159,75.9,1.013e-05,0.0004557,***
M5vsM6_anom_24m,equal_width,Absolute Mortality,NEPmax,Low,54,-0.95528,68.5,0.0003926,0.002964,**
M5vsM6_anom_24m,equal_width,Absolute Mortality,WUE,Low,54,-0.06888,53.7,0.3588,0.4613,ns
M5vsM6_anom_24m,equal_width,Absolute Mortality,uWUE,Low,54,-0.03751,63,0.09678,0.1815,ns
M5vsM6_anom_24m,equal_width,Absolute Mortality,ETmax,High,6,0.00027,50,0.7353,0.7695,ns
M5vsM6_anom_24m,equal_width,Absolute Mortality,GPPsat,High,6,0.13547,33.3,0.5,0.5625,ns
M5vsM6_anom_24m,equal_width,Absolute Mortality,NEPmax,High,6,-0.34877,50,0.2647,0.3609,ns
M5vsM6_anom_24m,equal_width,Absolute Mortality,WUE,High,6,-0.04538,50,0.6625,0.7098,ns
M5vsM6_anom_24m,equal_width,Absolute Mortality,uWUE,High,6,-0.03183,50,0.5,0.5625,ns
M5vsM6_anom_24m,equal_width,Relative Mortality,ETmax,Mid,34,-0.00229,55.9,0.05787,0.1266,ns
M5vsM6_anom_24m,equal_width,Relative Mortality,GPPsat,Mid,34,-1.1393,73.5,0.0005804,0.003731,**
M5vsM6_anom_24m,equal_width,Relative Mortality,NEPmax,Mid,34,-0.94453,73.5,0.0002285,0.00257,**
M5vsM6_anom_24m,equal_width,Relative Mortality,WUE,Mid,34,-0.0511,55.9,0.2525,0.355,ns
M5vsM6_anom_24m,equal_width,Relative Mortality,uWUE,Mid,34,-0.01952,55.9,0.2011,0.2919,ns
M5vsM6_anom_24m,equal_width,Relative Mortality,ETmax,High,8,0.00317,37.5,0.7794,0.7794,ns
M5vsM6_anom_24m,equal_width,Relative Mortality,GPPsat,High,8,-0.95027,62.5,0.117,0.198,ns
M5vsM6_anom_24m,equal_width,Relative Mortality,NEPmax,High,8,-1.43575,75,0.07074,0.1384,ns
M5vsM6_anom_24m,equal_width,Relative Mortality,WUE,High,8,-0.22391,62.5,0.117,0.198,ns
M5vsM6_anom_24m,equal_width,Relative Mortality,uWUE,High,8,-0.4283,62.5,0.1468,0.2338,ns
M5vsM6_anom_24m,equal_width,Relative Mortality,ETmax,Low,70,-0.00021,50,0.4465,0.543,ns
M5vsM6_anom_24m,equal_width,Relative Mortality,GPPsat,Low,70,-0.9206,70,0.000223,0.00257,**
M5vsM6_anom_24m,equal_width,Relative Mortality,NEPmax,Low,70,-0.73352,60,0.008751,0.0358,*
M5vsM6_anom_24m,equal_width,Relative Mortality,WUE,Low,70,-0.07312,55.7,0.1716,0.2573,ns
M5vsM6_anom_24m,equal_width,Relative Mortality,uWUE,Low,70,-0.05138,60,0.05908,0.1266,ns
M5vsM6_anom_24m,equal_width,Relative Disturbance,ETmax,Mid,39,-0.0028,59,0.03647,0.1026,ns
M5vsM6_anom_24m,equal_width,Relative Disturbance,GPPsat,Mid,39,-1.09359,74.4,0.0003951,0.002964,**
M5vsM6_anom_24m,equal_width,Relative Disturbance,NEPmax,Mid,39,-0.97735,71.8,0.0001632,0.00257,**
M5vsM6_anom_24m,equal_width,Relative Disturbance,WUE,Mid,39,-0.04283,51.3,0.4805,0.5625,ns
M5vsM6_anom_24m,equal_width,Relative Disturbance,uWUE,Mid,39,-0.01299,53.8,0.286,0.3785,ns
M5vsM6_anom_24m,equal_width,Relative Disturbance,ETmax,High,10,0.00317,40,0.7622,0.7794,ns
M5vsM6_anom_24m,equal_width,Relative Disturbance,GPPsat,High,10,-1.5805,70,0.04157,0.11,ns
M5vsM6_anom_24m,equal_width,Relative Disturbance,NEPmax,High,10,-2.27693,80,0.02075,0.0778,ns
M5vsM6_anom_24m,equal_width,Relative Disturbance,WUE,High,10,-0.22391,70,0.05146,0.1266,ns
M5vsM6_anom_24m,equal_width,Relative Disturbance,uWUE,High,10,-0.4283,70,0.06314,0.1291,ns
M5vsM6_anom_24m,equal_width,Relative Disturbance,ETmax,Low,63,0.00078,47.6,0.545,0.5981,ns
M5vsM6_anom_24m,equal_width,Relative Disturbance,GPPsat,Low,63,-0.91378,68.3,0.0007539,0.004241,**
M5vsM6_anom_24m,equal_width,Relative Disturbance,NEPmax,Low,63,-0.56316,58.7,0.02828,0.09004,ns
M5vsM6_anom_24m,equal_width,Relative Disturbance,WUE,Low,63,-0.07333,57.1,0.1188,0.198,ns
M5vsM6_anom_24m,equal_width,Relative Disturbance,uWUE,Low,63,-0.04406,60.3,0.05345,0.1266,ns
M5vsM6_anom_24m,natural_breaks,Absolute Mortality,ETmax,High,29,-0.00152,55.2,0.2182,0.2805,ns
M5vsM6_anom_24m,natural_breaks,Absolute Mortality,GPPsat,High,29,-0.85149,69,0.004443,0.01818,*
M5vsM6_anom_24m,natural_breaks,Absolute Mortality,NEPmax,High,29,-1.0602,69,0.002469,0.01376,*
M5vsM6_anom_24m,natural_breaks,Absolute Mortality,WUE,High,29,-0.06581,55.2,0.3566,0.3914,ns
M5vsM6_anom_24m,natural_breaks,Absolute Mortality,uWUE,High,29,0.00453,48.3,0.3406,0.3885,ns
M5vsM6_anom_24m,natural_breaks,Absolute Mortality,ETmax,Mid,46,-0.00133,54.3,0.1852,0.2525,ns
M5vsM6_anom_24m,natural_breaks,Absolute Mortality,GPPsat,Mid,46,-1.1264,69.6,0.007197,0.02699,*
M5vsM6_anom_24m,natural_breaks,Absolute Mortality,NEPmax,Mid,46,-0.34689,56.5,0.04624,0.1156,ns
M5vsM6_anom_24m,natural_breaks,Absolute Mortality,WUE,Mid,46,-0.0567,54.3,0.1006,0.1741,ns
M5vsM6_anom_24m,natural_breaks,Absolute Mortality,uWUE,Mid,46,-0.0285,58.7,0.04416,0.1156,ns
M5vsM6_anom_24m,natural_breaks,Absolute Mortality,ETmax,Low,37,0.00183,43.2,0.554,0.5798,ns
M5vsM6_anom_24m,natural_breaks,Absolute Mortality,GPPsat,Low,37,-1.09632,73,0.0003439,0.003869,**
M5vsM6_anom_24m,natural_breaks,Absolute Mortality,NEPmax,Low,37,-1.06685,73,0.002753,0.01376,*
M5vsM6_anom_24m,natural_breaks,Absolute Mortality,WUE,Low,37,-0.07333,59.5,0.1597,0.2446,ns
M5vsM6_anom_24m,natural_breaks,Absolute Mortality,uWUE,Low,37,-0.08769,67.6,0.06765,0.1324,ns
M5vsM6_anom_24m,natural_breaks,Relative Mortality,ETmax,Mid,45,-0.00161,55.6,0.06378,0.1305,ns
M5vsM6_anom_24m,natural_breaks,Relative Mortality,GPPsat,Mid,45,-1.26772,82.2,0.0002435,0.003652,**
M5vsM6_anom_24m,natural_breaks,Relative Mortality,NEPmax,Mid,45,-1.56184,66.7,0.0008185,0.007367,**
M5vsM6_anom_24m,natural_breaks,Relative Mortality,WUE,Mid,45,-0.04283,53.3,0.2637,0.3207,ns
M5vsM6_anom_24m,natural_breaks,Relative Mortality,uWUE,Mid,45,-0.07847,55.6,0.163,0.2446,ns
M5vsM6_anom_24m,natural_breaks,Relative Mortality,ETmax,High,26,-0.00142,53.8,0.3803,0.4074,ns
M5vsM6_anom_24m,natural_breaks,Relative Mortality,GPPsat,High,26,-0.7358,61.5,0.01113,0.03578,*
M5vsM6_anom_24m,natural_breaks,Relative Mortality,NEPmax,High,26,-0.84671,69.2,0.004128,0.01818,*
M5vsM6_anom_24m,natural_breaks,Relative Mortality,WUE,High,26,-0.08483,61.5,0.06377,0.1305,ns
M5vsM6_anom_24m,natural_breaks,Relative Mortality,uWUE,High,26,-0.06851,65.4,0.02525,0.07576,ns
M5vsM6_anom_24m,natural_breaks,Relative Mortality,ETmax,Low,41,0.00166,43.9,0.7288,0.7453,ns
M5vsM6_anom_24m,natural_breaks,Relative Mortality,GPPsat,Low,41,-0.74368,63.4,0.01018,0.03525,*
M5vsM6_anom_24m,natural_breaks,Relative Mortality,NEPmax,Low,41,-0.51066,61,0.05405,0.128,ns
M5vsM6_anom_24m,natural_breaks,Relative Mortality,WUE,Low,41,-0.07333,56.1,0.2585,0.3207,ns
M5vsM6_anom_24m,natural_breaks,Relative Mortality,uWUE,Low,41,-0.02562,58.5,0.1721,0.2498,ns
M5vsM6_anom_24m,natural_breaks,Relative Disturbance,ETmax,Mid,49,-0.00261,55.1,0.1087,0.1812,ns
M5vsM6_anom_24m,natural_breaks,Relative Disturbance,GPPsat,Mid,49,-1.1592,77.6,0.0001991,0.003652,**
M5vsM6_anom_24m,natural_breaks,Relative Disturbance,NEPmax,Mid,49,-1.78635,71.4,0.0001359,0.003652,**
M5vsM6_anom_24m,natural_breaks,Relative Disturbance,WUE,Mid,49,-0.04283,53.1,0.3454,0.3885,ns
M5vsM6_anom_24m,natural_breaks,Relative Disturbance,uWUE,Mid,49,-0.05597,57.1,0.1827,0.2525,ns
M5vsM6_anom_24m,natural_breaks,Relative Disturbance,ETmax,High,24,-0.00234,58.3,0.1997,0.2642,ns
M5vsM6_anom_24m,natural_breaks,Relative Disturbance,GPPsat,High,24,-1.11159,70.8,0.001065,0.007989,**
M5vsM6_anom_24m,natural_breaks,Relative Disturbance,NEPmax,High,24,-0.94968,70.8,0.002236,0.01376,*
M5vsM6_anom_24m,natural_breaks,Relative Disturbance,WUE,High,24,-0.0687,58.3,0.142,0.2282,ns
M5vsM6_anom_24m,natural_breaks,Relative Disturbance,uWUE,High,24,-0.04711,58.3,0.07059,0.1324,ns
M5vsM6_anom_24m,natural_breaks,Relative Disturbance,ETmax,Low,39,0.00166,41,0.7807,0.7807,ns
M5vsM6_anom_24m,natural_breaks,Relative Disturbance,GPPsat,Low,39,-0.74292,61.5,0.04116,0.1156,ns
M5vsM6_anom_24m,natural_breaks,Relative Disturbance,NEPmax,Low,39,-0.29378,53.8,0.286,0.3387,ns
M5vsM6_anom_24m,natural_breaks,Relative Disturbance,WUE,Low,39,-0.08738,59,0.09363,0.1685,ns
M5vsM6_anom_24m,natural_breaks,Relative Disturbance,uWUE,Low,39,-0.04406,61.5,0.05821,0.1305,ns
M7vsM8_raw_12m,tertiles,Absolute Mortality,ETmax,High,37,-4e-05,51.4,0.5241,0.8414,ns
M7vsM8_raw_12m,tertiles,Absolute Mortality,GPPsat,High,37,0.06403,48.6,0.788,0.8626,ns
M7vsM8_raw_12m,tertiles,Absolute Mortality,NEPmax,High,37,-0.02316,51.4,0.56,0.8414,ns
M7vsM8_raw_12m,tertiles,Absolute Mortality,WUE,High,37,-0.00646,54.1,0.3474,0.8414,ns
M7vsM8_raw_12m,tertiles,Absolute Mortality,uWUE,High,37,-0.01359,54.1,0.1671,0.8414,ns
M7vsM8_raw_12m,tertiles,Absolute Mortality,ETmax,Mid,37,0.00025,43.2,0.56,0.8414,ns
M7vsM8_raw_12m,tertiles,Absolute Mortality,GPPsat,Mid,37,0.00875,48.6,0.554,0.8414,ns
M7vsM8_raw_12m,tertiles,Absolute Mortality,NEPmax,Mid,37,-0.16237,51.4,0.3757,0.8414,ns
M7vsM8_raw_12m,tertiles,Absolute Mortality,WUE,Mid,37,-0.01918,59.5,0.2345,0.8414,ns
M7vsM8_raw_12m,tertiles,Absolute Mortality,uWUE,Mid,37,-0.00254,51.4,0.4579,0.8414,ns
M7vsM8_raw_12m,tertiles,Absolute Mortality,ETmax,Low,38,-4e-04,52.6,0.5519,0.8414,ns
M7vsM8_raw_12m,tertiles,Absolute Mortality,GPPsat,Low,38,-0.00762,50,0.4481,0.8414,ns
M7vsM8_raw_12m,tertiles,Absolute Mortality,NEPmax,Low,38,-0.16047,60.5,0.09347,0.701,ns
M7vsM8_raw_12m,tertiles,Absolute Mortality,WUE,Low,38,-0.00188,50,0.6252,0.8414,ns
M7vsM8_raw_12m,tertiles,Absolute Mortality,uWUE,Low,38,0.00257,47.4,0.7383,0.8626,ns
M7vsM8_raw_12m,tertiles,Relative Mortality,ETmax,High,37,0.00056,45.9,0.6012,0.8414,ns
M7vsM8_raw_12m,tertiles,Relative Mortality,GPPsat,High,37,0.10273,40.5,0.7924,0.8626,ns
M7vsM8_raw_12m,tertiles,Relative Mortality,NEPmax,High,37,0.15223,32.4,0.9573,0.9573,ns
M7vsM8_raw_12m,tertiles,Relative Mortality,WUE,High,37,-0.00646,54.1,0.6854,0.8567,ns
M7vsM8_raw_12m,tertiles,Relative Mortality,uWUE,High,37,0.00688,48.6,0.5777,0.8414,ns
M7vsM8_raw_12m,tertiles,Relative Mortality,ETmax,Mid,37,-4e-05,51.4,0.5659,0.8414,ns
M7vsM8_raw_12m,tertiles,Relative Mortality,GPPsat,Mid,37,-0.08053,56.8,0.3586,0.8414,ns
M7vsM8_raw_12m,tertiles,Relative Mortality,NEPmax,Mid,37,-0.18002,70.3,0.03877,0.5989,ns
M7vsM8_raw_12m,tertiles,Relative Mortality,WUE,Mid,37,-0.01314,59.5,0.05324,0.5989,ns
M7vsM8_raw_12m,tertiles,Relative Mortality,uWUE,Mid,37,0.00086,48.6,0.2632,0.8414,ns
M7vsM8_raw_12m,tertiles,Relative Mortality,ETmax,Low,38,-0.00031,50,0.5748,0.8414,ns
M7vsM8_raw_12m,tertiles,Relative Mortality,GPPsat,Low,38,0.00499,50,0.6787,0.8567,ns
M7vsM8_raw_12m,tertiles,Relative Mortality,NEPmax,Low,38,-0.30204,60.5,0.09107,0.701,ns
M7vsM8_raw_12m,tertiles,Relative Mortality,WUE,Low,38,-0.00125,50,0.7142,0.8626,ns
M7vsM8_raw_12m,tertiles,Relative Mortality,uWUE,Low,38,-0.01173,55.3,0.4653,0.8414,ns
M7vsM8_raw_12m,tertiles,Relative Disturbance,ETmax,High,37,0.00021,48.6,0.5718,0.8414,ns
M7vsM8_raw_12m,tertiles,Relative Disturbance,GPPsat,High,37,0.10273,37.8,0.8051,0.8626,ns
M7vsM8_raw_12m,tertiles,Relative Disturbance,NEPmax,High,37,0.27962,32.4,0.9053,0.9259,ns
M7vsM8_raw_12m,tertiles,Relative Disturbance,WUE,High,37,0.00302,48.6,0.7747,0.8626,ns
M7vsM8_raw_12m,tertiles,Relative Disturbance,uWUE,High,37,-0.00254,51.4,0.4579,0.8414,ns
M7vsM8_raw_12m,tertiles,Relative Disturbance,ETmax,Mid,37,0.00013,48.6,0.6357,0.8414,ns
M7vsM8_raw_12m,tertiles,Relative Disturbance,GPPsat,Mid,37,-0.20931,62.2,0.1709,0.8414,ns
M7vsM8_raw_12m,tertiles,Relative Disturbance,NEPmax,Mid,37,-0.22444,70.3,0.0224,0.5989,ns
M7vsM8_raw_12m,tertiles,Relative Disturbance,WUE,Mid,37,-0.02515,62.2,0.04138,0.5989,ns
M7vsM8_raw_12m,tertiles,Relative Disturbance,uWUE,Mid,37,0.00776,43.2,0.6186,0.8414,ns
M7vsM8_raw_12m,tertiles,Relative Disturbance,ETmax,Low,38,-8e-05,50,0.5347,0.8414,ns
M7vsM8_raw_12m,tertiles,Relative Disturbance,GPPsat,Low,38,0.09795,47.4,0.8415,0.8806,ns
M7vsM8_raw_12m,tertiles,Relative Disturbance,NEPmax,Low,38,-0.17729,60.5,0.1921,0.8414,ns
M7vsM8_raw_12m,tertiles,Relative Disturbance,WUE,Low,38,-0.00366,52.6,0.5917,0.8414,ns
M7vsM8_raw_12m,tertiles,Relative Disturbance,uWUE,Low,38,-0.01977,57.9,0.1921,0.8414,ns
M7vsM8_raw_12m,equal_width,Absolute Mortality,ETmax,Mid,52,4e-04,44.2,0.7154,0.9198,ns
M7vsM8_raw_12m,equal_width,Absolute Mortality,GPPsat,Mid,52,0.09763,46.2,0.8536,0.9736,ns
M7vsM8_raw_12m,equal_width,Absolute Mortality,NEPmax,Mid,52,0.14402,44.2,0.9281,0.9736,ns
M7vsM8_raw_12m,equal_width,Absolute Mortality,WUE,Mid,52,-0.02061,59.6,0.07317,0.6586,ns
M7vsM8_raw_12m,equal_width,Absolute Mortality,uWUE,Mid,52,-0.00906,51.9,0.1849,0.8318,ns
M7vsM8_raw_12m,equal_width,Absolute Mortality,ETmax,Low,54,-0.00062,53.7,0.4047,0.9197,ns
M7vsM8_raw_12m,equal_width,Absolute Mortality,GPPsat,Low,54,-0.06961,51.9,0.3088,0.8764,ns
M7vsM8_raw_12m,equal_width,Absolute Mortality,NEPmax,Low,54,-0.32646,64.8,0.01204,0.3635,ns
M7vsM8_raw_12m,equal_width,Absolute Mortality,WUE,Low,54,-0.00188,50,0.7518,0.9398,ns
M7vsM8_raw_12m,equal_width,Absolute Mortality,uWUE,Low,54,-8e-04,50,0.6759,0.9197,ns
M7vsM8_raw_12m,equal_width,Absolute Mortality,ETmax,High,6,7e-04,50,0.6625,0.9197,ns
M7vsM8_raw_12m,equal_width,Absolute Mortality,GPPsat,High,6,0.14558,50,0.583,0.9197,ns
M7vsM8_raw_12m,equal_width,Absolute Mortality,NEPmax,High,6,-0.18649,50,0.3375,0.8764,ns
M7vsM8_raw_12m,equal_width,Absolute Mortality,WUE,High,6,0.01514,50,0.6625,0.9197,ns
M7vsM8_raw_12m,equal_width,Absolute Mortality,uWUE,High,6,-0.00287,50,0.5,0.9197,ns
M7vsM8_raw_12m,equal_width,Relative Mortality,ETmax,Mid,34,0,50,0.4932,0.9197,ns
M7vsM8_raw_12m,equal_width,Relative Mortality,GPPsat,Mid,34,-0.07297,50,0.2635,0.847,ns
M7vsM8_raw_12m,equal_width,Relative Mortality,NEPmax,Mid,34,0.08101,44.1,0.5746,0.9197,ns
M7vsM8_raw_12m,equal_width,Relative Mortality,WUE,Mid,34,-0.00603,55.9,0.5273,0.9197,ns
M7vsM8_raw_12m,equal_width,Relative Mortality,uWUE,Mid,34,0.01357,38.2,0.9594,0.9736,ns
M7vsM8_raw_12m,equal_width,Relative Mortality,ETmax,High,8,0.00284,37.5,0.5832,0.9197,ns
M7vsM8_raw_12m,equal_width,Relative Mortality,GPPsat,High,8,0.83541,25,0.9706,0.9736,ns
M7vsM8_raw_12m,equal_width,Relative Mortality,NEPmax,High,8,0.41947,25,0.9293,0.9736,ns
M7vsM8_raw_12m,equal_width,Relative Mortality,WUE,High,8,0.00817,50,0.6369,0.9197,ns
M7vsM8_raw_12m,equal_width,Relative Mortality,uWUE,High,8,-0.05359,75,0.02935,0.4403,ns
M7vsM8_raw_12m,equal_width,Relative Mortality,ETmax,Low,70,5e-05,50,0.5789,0.9197,ns
M7vsM8_raw_12m,equal_width,Relative Mortality,GPPsat,Low,70,-0.04816,51.4,0.6129,0.9197,ns
M7vsM8_raw_12m,equal_width,Relative Mortality,NEPmax,Low,70,-0.18612,62.9,0.04374,0.4921,ns
M7vsM8_raw_12m,equal_width,Relative Mortality,WUE,Low,70,-0.00531,54.3,0.2376,0.847,ns
M7vsM8_raw_12m,equal_width,Relative Mortality,uWUE,Low,70,-0.01623,54.3,0.2376,0.847,ns
M7vsM8_raw_12m,equal_width,Relative Disturbance,ETmax,Mid,39,-0.00058,59,0.1248,0.8023,ns
M7vsM8_raw_12m,equal_width,Relative Disturbance,GPPsat,Mid,39,-0.16062,53.8,0.1731,0.8318,ns
M7vsM8_raw_12m,equal_width,Relative Disturbance,NEPmax,Mid,39,0.05237,48.7,0.3506,0.8764,ns
M7vsM8_raw_12m,equal_width,Relative Disturbance,WUE,Mid,39,-0.00559,53.8,0.6126,0.9197,ns
M7vsM8_raw_12m,equal_width,Relative Disturbance,uWUE,Mid,39,0.014,35.9,0.9725,0.9736,ns
M7vsM8_raw_12m,equal_width,Relative Disturbance,ETmax,High,10,0.00284,30,0.6949,0.9197,ns
M7vsM8_raw_12m,equal_width,Relative Disturbance,GPPsat,High,10,0.38609,20,0.9736,0.9736,ns
M7vsM8_raw_12m,equal_width,Relative Disturbance,NEPmax,High,10,0.35638,30,0.9074,0.9736,ns
M7vsM8_raw_12m,equal_width,Relative Disturbance,WUE,High,10,-0.02949,60,0.3417,0.8764,ns
M7vsM8_raw_12m,equal_width,Relative Disturbance,uWUE,High,10,-0.0364,80,0.01616,0.3635,ns
M7vsM8_raw_12m,equal_width,Relative Disturbance,ETmax,Low,63,0.00025,46,0.7814,0.9504,ns
M7vsM8_raw_12m,equal_width,Relative Disturbance,GPPsat,Low,63,-0.03931,50.8,0.6878,0.9197,ns
M7vsM8_raw_12m,equal_width,Relative Disturbance,NEPmax,Low,63,-0.19222,61.9,0.09492,0.7119,ns
M7vsM8_raw_12m,equal_width,Relative Disturbance,WUE,Low,63,-0.00468,54,0.25,0.847,ns
M7vsM8_raw_12m,equal_width,Relative Disturbance,uWUE,Low,63,-0.01887,55.6,0.1804,0.8318,ns
M7vsM8_raw_12m,natural_breaks,Absolute Mortality,ETmax,High,29,-0.00052,58.6,0.3171,0.8896,ns
M7vsM8_raw_12m,natural_breaks,Absolute Mortality,GPPsat,High,29,0.09252,48.3,0.8005,0.9068,ns
M7vsM8_raw_12m,natural_breaks,Absolute Mortality,NEPmax,High,29,0.07267,44.8,0.6981,0.8976,ns
M7vsM8_raw_12m,natural_breaks,Absolute Mortality,WUE,High,29,-0.02041,55.2,0.3327,0.8896,ns
M7vsM8_raw_12m,natural_breaks,Absolute Mortality,uWUE,High,29,-0.01414,58.6,0.1398,0.8766,ns
M7vsM8_raw_12m,natural_breaks,Absolute Mortality,ETmax,Mid,46,0.00071,41.3,0.6729,0.8976,ns
M7vsM8_raw_12m,natural_breaks,Absolute Mortality,GPPsat,Mid,46,0.03639,47.8,0.6034,0.8896,ns
M7vsM8_raw_12m,natural_breaks,Absolute Mortality,NEPmax,Mid,46,-0.16482,56.5,0.274,0.8896,ns
M7vsM8_raw_12m,natural_breaks,Absolute Mortality,WUE,Mid,46,-0.00954,56.5,0.2561,0.8896,ns
M7vsM8_raw_12m,natural_breaks,Absolute Mortality,uWUE,Mid,46,-0.00084,50,0.4135,0.8896,ns
M7vsM8_raw_12m,natural_breaks,Absolute Mortality,ETmax,Low,37,-0.00033,51.4,0.6128,0.8896,ns
M7vsM8_raw_12m,natural_breaks,Absolute Mortality,GPPsat,Low,37,-0.08222,51.4,0.3872,0.8896,ns
M7vsM8_raw_12m,natural_breaks,Absolute Mortality,NEPmax,Low,37,-0.12871,59.5,0.1227,0.8766,ns
M7vsM8_raw_12m,natural_breaks,Absolute Mortality,WUE,Low,37,-0.00429,51.4,0.607,0.8896,ns
M7vsM8_raw_12m,natural_breaks,Absolute Mortality,uWUE,Low,37,0.00419,45.9,0.7701,0.9068,ns
M7vsM8_raw_12m,natural_breaks,Relative Mortality,ETmax,Mid,45,-4e-05,51.1,0.4417,0.8896,ns
M7vsM8_raw_12m,natural_breaks,Relative Mortality,GPPsat,Mid,45,-0.03931,51.1,0.5672,0.8896,ns
M7vsM8_raw_12m,natural_breaks,Relative Mortality,NEPmax,Mid,45,-0.1165,57.8,0.3097,0.8896,ns
M7vsM8_raw_12m,natural_breaks,Relative Mortality,WUE,Mid,45,-0.01314,60,0.1368,0.8766,ns
M7vsM8_raw_12m,natural_breaks,Relative Mortality,uWUE,Mid,45,0.00756,44.4,0.536,0.8896,ns
M7vsM8_raw_12m,natural_breaks,Relative Mortality,ETmax,High,26,0.00062,46.2,0.5904,0.8896,ns
M7vsM8_raw_12m,natural_breaks,Relative Mortality,GPPsat,High,26,0.09763,38.5,0.8061,0.9068,ns
M7vsM8_raw_12m,natural_breaks,Relative Mortality,NEPmax,High,26,0.21593,34.6,0.8511,0.9079,ns
M7vsM8_raw_12m,natural_breaks,Relative Mortality,WUE,High,26,0.0153,46.2,0.6853,0.8976,ns
M7vsM8_raw_12m,natural_breaks,Relative Mortality,uWUE,High,26,-0.00807,53.8,0.3238,0.8896,ns
M7vsM8_raw_12m,natural_breaks,Relative Mortality,ETmax,Low,41,0.00016,48.8,0.6888,0.8976,ns
M7vsM8_raw_12m,natural_breaks,Relative Mortality,GPPsat,Low,41,-0.08222,53.7,0.4536,0.8896,ns
M7vsM8_raw_12m,natural_breaks,Relative Mortality,NEPmax,Low,41,-0.30814,63.4,0.04359,0.8766,ns
M7vsM8_raw_12m,natural_breaks,Relative Mortality,WUE,Low,41,-0.00429,53.7,0.5103,0.8896,ns
M7vsM8_raw_12m,natural_breaks,Relative Mortality,uWUE,Low,41,-0.0156,56.1,0.3928,0.8896,ns
M7vsM8_raw_12m,natural_breaks,Relative Disturbance,ETmax,Mid,49,-0.00021,53.1,0.4643,0.8896,ns
M7vsM8_raw_12m,natural_breaks,Relative Disturbance,GPPsat,Mid,49,-0.33985,61.2,0.06036,0.8766,ns
M7vsM8_raw_12m,natural_breaks,Relative Disturbance,NEPmax,Mid,49,-0.18002,63.3,0.08492,0.8766,ns
M7vsM8_raw_12m,natural_breaks,Relative Disturbance,WUE,Mid,49,-0.0208,61.2,0.09971,0.8766,ns
M7vsM8_raw_12m,natural_breaks,Relative Disturbance,uWUE,Mid,49,0.00776,42.9,0.8376,0.9079,ns
M7vsM8_raw_12m,natural_breaks,Relative Disturbance,ETmax,High,24,0.00089,41.7,0.7305,0.9068,ns
M7vsM8_raw_12m,natural_breaks,Relative Disturbance,GPPsat,High,24,0.18631,29.2,0.9795,0.9795,ns
M7vsM8_raw_12m,natural_breaks,Relative Disturbance,NEPmax,High,24,0.21593,29.2,0.8877,0.9079,ns
M7vsM8_raw_12m,natural_breaks,Relative Disturbance,WUE,High,24,0.0153,45.8,0.7669,0.9068,ns
M7vsM8_raw_12m,natural_breaks,Relative Disturbance,uWUE,High,24,-0.0171,54.2,0.1997,0.8896,ns
M7vsM8_raw_12m,natural_breaks,Relative Disturbance,ETmax,Low,39,0.00016,48.7,0.5361,0.8896,ns
M7vsM8_raw_12m,natural_breaks,Relative Disturbance,GPPsat,Low,39,0.13187,46.2,0.8752,0.9079,ns
M7vsM8_raw_12m,natural_breaks,Relative Disturbance,NEPmax,Low,39,-0.16237,59,0.2362,0.8896,ns
M7vsM8_raw_12m,natural_breaks,Relative Disturbance,WUE,Low,39,-0.00303,51.3,0.5965,0.8896,ns
M7vsM8_raw_12m,natural_breaks,Relative Disturbance,uWUE,Low,39,-0.02014,59,0.1558,0.8766,ns
M7vsM8_raw_24m,tertiles,Absolute Mortality,ETmax,High,37,-0.00035,51.4,0.4223,0.644,ns
M7vsM8_raw_24m,tertiles,Absolute Mortality,GPPsat,High,37,0.06191,45.9,0.482,0.6572,ns
M7vsM8_raw_24m,tertiles,Absolute Mortality,NEPmax,High,37,-0.08958,51.4,0.2987,0.6153,ns
M7vsM8_raw_24m,tertiles,Absolute Mortality,WUE,High,37,-0.024,67.6,0.05162,0.3482,ns
M7vsM8_raw_24m,tertiles,Absolute Mortality,uWUE,High,37,-0.01427,56.8,0.09216,0.3873,ns
M7vsM8_raw_24m,tertiles,Absolute Mortality,ETmax,Mid,37,-0.00105,59.5,0.09467,0.3873,ns
M7vsM8_raw_24m,tertiles,Absolute Mortality,GPPsat,Mid,37,-0.25002,62.2,0.03877,0.3482,ns
M7vsM8_raw_24m,tertiles,Absolute Mortality,NEPmax,Mid,37,-0.06478,54.1,0.554,0.7276,ns
M7vsM8_raw_24m,tertiles,Absolute Mortality,WUE,Mid,37,-0.01859,59.5,0.1455,0.5128,ns
M7vsM8_raw_24m,tertiles,Absolute Mortality,uWUE,Mid,37,0.00146,48.6,0.4579,0.644,ns
M7vsM8_raw_24m,tertiles,Absolute Mortality,ETmax,Low,38,-0.00152,63.2,0.06212,0.3482,ns
M7vsM8_raw_24m,tertiles,Absolute Mortality,GPPsat,Low,38,-0.02247,55.3,0.4026,0.644,ns
M7vsM8_raw_24m,tertiles,Absolute Mortality,NEPmax,Low,38,-0.01984,55.3,0.4366,0.644,ns
M7vsM8_raw_24m,tertiles,Absolute Mortality,WUE,Low,38,0.05122,39.5,0.9651,0.9651,ns
M7vsM8_raw_24m,tertiles,Absolute Mortality,uWUE,Low,38,0.01986,44.7,0.9551,0.9651,ns
M7vsM8_raw_24m,tertiles,Relative Mortality,ETmax,High,37,7e-05,48.6,0.4341,0.644,ns
M7vsM8_raw_24m,tertiles,Relative Mortality,GPPsat,High,37,0.0445,45.9,0.4579,0.644,ns
M7vsM8_raw_24m,tertiles,Relative Mortality,NEPmax,High,37,0.21133,40.5,0.9324,0.9651,ns
M7vsM8_raw_24m,tertiles,Relative Mortality,WUE,High,37,-0.01237,59.5,0.1634,0.5128,ns
M7vsM8_raw_24m,tertiles,Relative Mortality,uWUE,High,37,-0.00484,54.1,0.2832,0.6153,ns
M7vsM8_raw_24m,tertiles,Relative Mortality,ETmax,Mid,37,-0.00036,54.1,0.2164,0.5409,ns
M7vsM8_raw_24m,tertiles,Relative Mortality,GPPsat,Mid,37,-0.18399,59.5,0.03877,0.3482,ns
M7vsM8_raw_24m,tertiles,Relative Mortality,NEPmax,Mid,37,-0.12585,64.9,0.04273,0.3482,ns
M7vsM8_raw_24m,tertiles,Relative Mortality,WUE,Mid,37,-0.01345,59.5,0.2583,0.6117,ns
M7vsM8_raw_24m,tertiles,Relative Mortality,uWUE,Mid,37,-0.01412,56.8,0.1709,0.5128,ns
M7vsM8_raw_24m,tertiles,Relative Mortality,ETmax,Low,38,-0.00135,71.1,0.02969,0.3482,ns
M7vsM8_raw_24m,tertiles,Relative Mortality,GPPsat,Low,38,-0.02247,57.9,0.4139,0.644,ns
M7vsM8_raw_24m,tertiles,Relative Mortality,NEPmax,Low,38,-0.07608,55.3,0.397,0.644,ns
M7vsM8_raw_24m,tertiles,Relative Mortality,WUE,Low,38,0.0057,47.4,0.877,0.9651,ns
M7vsM8_raw_24m,tertiles,Relative Mortality,uWUE,Low,38,0.01429,39.5,0.9639,0.9651,ns
M7vsM8_raw_24m,tertiles,Relative Disturbance,ETmax,High,37,3e-04,45.9,0.6186,0.767,ns
M7vsM8_raw_24m,tertiles,Relative Disturbance,GPPsat,High,37,0.0445,45.9,0.44,0.644,ns
M7vsM8_raw_24m,tertiles,Relative Disturbance,NEPmax,High,37,0.18224,45.9,0.6636,0.7771,ns
M7vsM8_raw_24m,tertiles,Relative Disturbance,WUE,High,37,-0.01237,56.8,0.2076,0.5409,ns
M7vsM8_raw_24m,tertiles,Relative Disturbance,uWUE,High,37,0.00182,48.6,0.5659,0.7276,ns
M7vsM8_raw_24m,tertiles,Relative Disturbance,ETmax,Mid,37,-0.00128,56.8,0.1525,0.5128,ns
M7vsM8_raw_24m,tertiles,Relative Disturbance,GPPsat,Mid,37,-0.18399,59.5,0.06964,0.3482,ns
M7vsM8_raw_24m,tertiles,Relative Disturbance,NEPmax,Mid,37,-0.12585,64.9,0.05489,0.3482,ns
M7vsM8_raw_24m,tertiles,Relative Disturbance,WUE,Mid,37,-0.00724,56.8,0.44,0.644,ns
M7vsM8_raw_24m,tertiles,Relative Disturbance,uWUE,Mid,37,-0.0307,62.2,0.1908,0.5366,ns
M7vsM8_raw_24m,tertiles,Relative Disturbance,ETmax,Low,38,-0.00174,71.1,0.01838,0.3482,ns
M7vsM8_raw_24m,tertiles,Relative Disturbance,GPPsat,Low,38,-0.02247,57.9,0.3008,0.6153,ns
M7vsM8_raw_24m,tertiles,Relative Disturbance,NEPmax,Low,38,-0.00219,50,0.6735,0.7771,ns
M7vsM8_raw_24m,tertiles,Relative Disturbance,WUE,Low,38,-0.00739,52.6,0.6306,0.767,ns
M7vsM8_raw_24m,tertiles,Relative Disturbance,uWUE,Low,38,0.01263,39.5,0.9361,0.9651,ns
M7vsM8_raw_24m,equal_width,Absolute Mortality,ETmax,Mid,52,-0.00035,51.9,0.2785,0.5541,ns
M7vsM8_raw_24m,equal_width,Absolute Mortality,GPPsat,Mid,52,-0.01962,50,0.1898,0.5023,ns
M7vsM8_raw_24m,equal_width,Absolute Mortality,NEPmax,Mid,52,0.09552,44.2,0.7598,0.9105,ns
M7vsM8_raw_24m,equal_width,Absolute Mortality,WUE,Mid,52,-0.02335,71.2,0.01563,0.1941,ns
M7vsM8_raw_24m,equal_width,Absolute Mortality,uWUE,Mid,52,0.00039,50,0.2128,0.5319,ns
M7vsM8_raw_24m,equal_width,Absolute Mortality,ETmax,Low,54,-0.00119,63,0.05093,0.3274,ns
M7vsM8_raw_24m,equal_width,Absolute Mortality,GPPsat,Low,54,-0.05346,59.3,0.174,0.5023,ns
M7vsM8_raw_24m,equal_width,Absolute Mortality,NEPmax,Low,54,-0.09785,61.1,0.1507,0.4846,ns
M7vsM8_raw_24m,equal_width,Absolute Mortality,WUE,Low,54,0.00925,42.6,0.9463,0.9875,ns
M7vsM8_raw_24m,equal_width,Absolute Mortality,uWUE,Low,54,0.00028,50,0.8826,0.9529,ns
M7vsM8_raw_24m,equal_width,Absolute Mortality,ETmax,High,6,-0.00229,66.7,0.2647,0.5541,ns
M7vsM8_raw_24m,equal_width,Absolute Mortality,GPPsat,High,6,0.03074,50,0.583,0.8199,ns
M7vsM8_raw_24m,equal_width,Absolute Mortality,NEPmax,High,6,-0.27106,66.7,0.1473,0.4846,ns
M7vsM8_raw_24m,equal_width,Absolute Mortality,WUE,High,6,0.00924,33.3,0.583,0.8199,ns
M7vsM8_raw_24m,equal_width,Absolute Mortality,uWUE,High,6,-0.00058,50,0.417,0.6997,ns
M7vsM8_raw_24m,equal_width,Relative Mortality,ETmax,Mid,34,-0.00137,58.8,0.09118,0.4109,ns
M7vsM8_raw_24m,equal_width,Relative Mortality,GPPsat,Mid,34,0.02781,47.1,0.2417,0.5541,ns
M7vsM8_raw_24m,equal_width,Relative Mortality,NEPmax,Mid,34,0.13325,41.2,0.7689,0.9105,ns
M7vsM8_raw_24m,equal_width,Relative Mortality,WUE,Mid,34,-0.00583,58.8,0.2863,0.5541,ns
M7vsM8_raw_24m,equal_width,Relative Mortality,uWUE,Mid,34,-0.00084,52.9,0.4727,0.7598,ns
M7vsM8_raw_24m,equal_width,Relative Mortality,ETmax,High,8,0.00455,12.5,0.9788,0.9875,ns
M7vsM8_raw_24m,equal_width,Relative Mortality,GPPsat,High,8,0.50962,37.5,0.8186,0.921,ns
M7vsM8_raw_24m,equal_width,Relative Mortality,NEPmax,High,8,0.0198,50,0.6369,0.8684,ns
M7vsM8_raw_24m,equal_width,Relative Mortality,WUE,High,8,-0.03345,62.5,0.2643,0.5541,ns
M7vsM8_raw_24m,equal_width,Relative Mortality,uWUE,High,8,-0.03829,75,0.02935,0.2365,ns
M7vsM8_raw_24m,equal_width,Relative Mortality,ETmax,Low,70,-0.00124,62.9,0.01658,0.1941,ns
M7vsM8_raw_24m,equal_width,Relative Mortality,GPPsat,Low,70,-0.08279,60,0.06047,0.3402,ns
M7vsM8_raw_24m,equal_width,Relative Mortality,NEPmax,Low,70,-0.10211,60,0.1293,0.4846,ns
M7vsM8_raw_24m,equal_width,Relative Mortality,WUE,Low,70,-0.00839,52.9,0.5811,0.8199,ns
M7vsM8_raw_24m,equal_width,Relative Mortality,uWUE,Low,70,0.00781,45.7,0.8147,0.921,ns
M7vsM8_raw_24m,equal_width,Relative Disturbance,ETmax,Mid,39,-0.00147,61.5,0.01725,0.1941,ns
M7vsM8_raw_24m,equal_width,Relative Disturbance,GPPsat,Mid,39,-0.09419,51.3,0.09131,0.4109,ns
M7vsM8_raw_24m,equal_width,Relative Disturbance,NEPmax,Mid,39,0.05315,48.7,0.2955,0.5541,ns
M7vsM8_raw_24m,equal_width,Relative Disturbance,WUE,Mid,39,-0.00409,56.4,0.4198,0.6997,ns
M7vsM8_raw_24m,equal_width,Relative Disturbance,uWUE,Mid,39,0.01152,46.2,0.7281,0.9101,ns
M7vsM8_raw_24m,equal_width,Relative Disturbance,ETmax,High,10,0.00419,10,0.9875,0.9875,ns
M7vsM8_raw_24m,equal_width,Relative Disturbance,GPPsat,High,10,0.31538,30,0.8894,0.9529,ns
M7vsM8_raw_24m,equal_width,Relative Disturbance,NEPmax,High,10,0.0198,50,0.6583,0.8712,ns
M7vsM8_raw_24m,equal_width,Relative Disturbance,WUE,High,10,-0.03345,60,0.1795,0.5023,ns
M7vsM8_raw_24m,equal_width,Relative Disturbance,uWUE,High,10,-0.03829,80,0.009529,0.1941,ns
M7vsM8_raw_24m,equal_width,Relative Disturbance,ETmax,Low,63,-0.00128,63.5,0.03153,0.2365,ns
M7vsM8_raw_24m,equal_width,Relative Disturbance,GPPsat,Low,63,-0.07132,60.3,0.1008,0.4125,ns
M7vsM8_raw_24m,equal_width,Relative Disturbance,NEPmax,Low,63,-0.08738,57.1,0.3571,0.6427,ns
M7vsM8_raw_24m,equal_width,Relative Disturbance,WUE,Low,63,-0.00954,54,0.5612,0.8199,ns
M7vsM8_raw_24m,equal_width,Relative Disturbance,uWUE,Low,63,0.00451,47.6,0.7021,0.9028,ns
M7vsM8_raw_24m,natural_breaks,Absolute Mortality,ETmax,High,29,-0.00147,55.2,0.2182,0.5587,ns
M7vsM8_raw_24m,natural_breaks,Absolute Mortality,GPPsat,High,29,-0.05036,51.7,0.3647,0.6078,ns
M7vsM8_raw_24m,natural_breaks,Absolute Mortality,NEPmax,High,29,-0.08958,51.7,0.3647,0.6078,ns
M7vsM8_raw_24m,natural_breaks,Absolute Mortality,WUE,High,29,-0.024,62.1,0.1259,0.4263,ns
M7vsM8_raw_24m,natural_breaks,Absolute Mortality,uWUE,High,29,-0.01427,58.6,0.1049,0.4263,ns
M7vsM8_raw_24m,natural_breaks,Absolute Mortality,ETmax,Mid,46,-0.00035,54.3,0.285,0.6078,ns
M7vsM8_raw_24m,natural_breaks,Absolute Mortality,GPPsat,Mid,46,-0.08359,54.3,0.09678,0.4263,ns
M7vsM8_raw_24m,natural_breaks,Absolute Mortality,NEPmax,Mid,46,-0.05285,52.2,0.4565,0.6683,ns
M7vsM8_raw_24m,natural_breaks,Absolute Mortality,WUE,Mid,46,-0.01845,63,0.05783,0.4196,ns
M7vsM8_raw_24m,natural_breaks,Absolute Mortality,uWUE,Mid,46,-0.00169,50,0.3511,0.6078,ns
M7vsM8_raw_24m,natural_breaks,Absolute Mortality,ETmax,Low,37,-0.00154,64.9,0.04006,0.4196,ns
M7vsM8_raw_24m,natural_breaks,Absolute Mortality,GPPsat,Low,37,-0.02636,56.8,0.3586,0.6078,ns
M7vsM8_raw_24m,natural_breaks,Absolute Mortality,NEPmax,Low,37,-0.02518,56.8,0.4282,0.6647,ns
M7vsM8_raw_24m,natural_breaks,Absolute Mortality,WUE,Low,37,0.05292,40.5,0.9649,0.9649,ns
M7vsM8_raw_24m,natural_breaks,Absolute Mortality,uWUE,Low,37,0.02468,43.2,0.9625,0.9649,ns
M7vsM8_raw_24m,natural_breaks,Relative Mortality,ETmax,Mid,45,-0.00035,51.1,0.1986,0.5586,ns
M7vsM8_raw_24m,natural_breaks,Relative Mortality,GPPsat,Mid,45,-0.15526,55.6,0.06378,0.4196,ns
M7vsM8_raw_24m,natural_breaks,Relative Mortality,NEPmax,Mid,45,-0.0145,53.3,0.359,0.6078,ns
M7vsM8_raw_24m,natural_breaks,Relative Mortality,WUE,Mid,45,-0.00793,60,0.4283,0.6647,ns
M7vsM8_raw_24m,natural_breaks,Relative Mortality,uWUE,Mid,45,-0.01427,60,0.1955,0.5586,ns
M7vsM8_raw_24m,natural_breaks,Relative Mortality,ETmax,High,26,1e-04,50,0.5904,0.7699,ns
M7vsM8_raw_24m,natural_breaks,Relative Mortality,GPPsat,High,26,0.05321,46.2,0.5904,0.7699,ns
M7vsM8_raw_24m,natural_breaks,Relative Mortality,NEPmax,High,26,0.0198,50,0.6294,0.7699,ns
M7vsM8_raw_24m,natural_breaks,Relative Mortality,WUE,High,26,-0.01857,57.7,0.1114,0.4263,ns
M7vsM8_raw_24m,natural_breaks,Relative Mortality,uWUE,High,26,-0.00151,50,0.3057,0.6078,ns
M7vsM8_raw_24m,natural_breaks,Relative Mortality,ETmax,Low,41,-0.0015,70.7,0.02229,0.4196,ns
M7vsM8_raw_24m,natural_breaks,Relative Mortality,GPPsat,Low,41,-0.02636,58.5,0.2756,0.6078,ns
M7vsM8_raw_24m,natural_breaks,Relative Mortality,NEPmax,Low,41,-0.08738,56.1,0.267,0.6078,ns
M7vsM8_raw_24m,natural_breaks,Relative Mortality,WUE,Low,41,0.00559,48.8,0.7415,0.8342,ns
M7vsM8_raw_24m,natural_breaks,Relative Mortality,uWUE,Low,41,0.01504,39,0.961,0.9649,ns
M7vsM8_raw_24m,natural_breaks,Relative Disturbance,ETmax,Mid,49,-0.0015,61.2,0.01974,0.4196,ns
M7vsM8_raw_24m,natural_breaks,Relative Disturbance,GPPsat,Mid,49,-0.07132,53.1,0.06527,0.4196,ns
M7vsM8_raw_24m,natural_breaks,Relative Disturbance,NEPmax,Mid,49,-0.08958,57.1,0.1326,0.4263,ns
M7vsM8_raw_24m,natural_breaks,Relative Disturbance,WUE,Mid,49,-0.00724,57.1,0.4604,0.6683,ns
M7vsM8_raw_24m,natural_breaks,Relative Disturbance,uWUE,Mid,49,-0.01412,55.1,0.4841,0.6808,ns
M7vsM8_raw_24m,natural_breaks,Relative Disturbance,ETmax,High,24,0.00159,33.3,0.9468,0.9649,ns
M7vsM8_raw_24m,natural_breaks,Relative Disturbance,GPPsat,High,24,-0.02484,50,0.6501,0.7699,ns
M7vsM8_raw_24m,natural_breaks,Relative Disturbance,NEPmax,High,24,0.0198,50,0.6179,0.7699,ns
M7vsM8_raw_24m,natural_breaks,Relative Disturbance,WUE,High,24,-0.01857,58.3,0.107,0.4263,ns
M7vsM8_raw_24m,natural_breaks,Relative Disturbance,uWUE,High,24,-0.01031,58.3,0.1295,0.4263,ns
M7vsM8_raw_24m,natural_breaks,Relative Disturbance,ETmax,Low,39,-0.0015,69.2,0.03123,0.4196,ns
M7vsM8_raw_24m,natural_breaks,Relative Disturbance,GPPsat,Low,39,-0.02636,59,0.2235,0.5587,ns
M7vsM8_raw_24m,natural_breaks,Relative Disturbance,NEPmax,Low,39,-0.02518,51.3,0.6338,0.7699,ns
M7vsM8_raw_24m,natural_breaks,Relative Disturbance,WUE,Low,39,-0.00524,51.3,0.6799,0.7845,ns
M7vsM8_raw_24m,natural_breaks,Relative Disturbance,uWUE,Low,39,0.01172,38.5,0.9401,0.9649,ns
M7vsM8_anom_12m,tertiles,Absolute Mortality,ETmax,High,37,0.00284,37.8,0.9877,0.9877,ns
M7vsM8_anom_12m,tertiles,Absolute Mortality,GPPsat,High,37,-1.11712,67.6,0.006401,0.0288,*
M7vsM8_anom_12m,tertiles,Absolute Mortality,NEPmax,High,37,-0.82047,62.2,0.03512,0.1054,ns
M7vsM8_anom_12m,tertiles,Absolute Mortality,WUE,High,37,-0.0465,62.2,0.3146,0.4235,ns
M7vsM8_anom_12m,tertiles,Absolute Mortality,uWUE,High,37,-0.00907,51.4,0.4046,0.4792,ns
M7vsM8_anom_12m,tertiles,Absolute Mortality,ETmax,Mid,37,-0.00108,67.6,0.0657,0.1556,ns
M7vsM8_anom_12m,tertiles,Absolute Mortality,GPPsat,Mid,37,-1.24648,67.6,0.006134,0.0288,*
M7vsM8_anom_12m,tertiles,Absolute Mortality,NEPmax,Mid,37,-1.09842,59.5,0.09986,0.1954,ns
M7vsM8_anom_12m,tertiles,Absolute Mortality,WUE,Mid,37,-0.01898,54.1,0.1908,0.318,ns
M7vsM8_anom_12m,tertiles,Absolute Mortality,uWUE,Mid,37,-0.02035,51.4,0.2781,0.402,ns
M7vsM8_anom_12m,tertiles,Absolute Mortality,ETmax,Low,38,-0.00194,55.3,0.3585,0.436,ns
M7vsM8_anom_12m,tertiles,Absolute Mortality,GPPsat,Low,38,-0.93112,68.4,0.001219,0.01828,*
M7vsM8_anom_12m,tertiles,Absolute Mortality,NEPmax,Low,38,-1.33167,71.1,0.0004974,0.01828,*
M7vsM8_anom_12m,tertiles,Absolute Mortality,WUE,Low,38,-0.02473,63.2,0.1729,0.2993,ns
M7vsM8_anom_12m,tertiles,Absolute Mortality,uWUE,Low,38,-0.08393,63.2,0.08641,0.1815,ns
M7vsM8_anom_12m,tertiles,Relative Mortality,ETmax,High,37,-0.00037,56.8,0.6012,0.6441,ns
M7vsM8_anom_12m,tertiles,Relative Mortality,GPPsat,High,37,-1.24648,64.9,0.003462,0.02226,*
M7vsM8_anom_12m,tertiles,Relative Mortality,NEPmax,High,37,-0.50984,56.8,0.05162,0.1291,ns
M7vsM8_anom_12m,tertiles,Relative Mortality,WUE,High,37,-0.01474,56.8,0.3419,0.436,ns
M7vsM8_anom_12m,tertiles,Relative Mortality,uWUE,High,37,-0.01925,54.1,0.2534,0.3801,ns
M7vsM8_anom_12m,tertiles,Relative Mortality,ETmax,Mid,37,-8e-05,51.4,0.5954,0.6441,ns
M7vsM8_anom_12m,tertiles,Relative Mortality,GPPsat,Mid,37,-1.18847,75.7,0.002508,0.02162,*
M7vsM8_anom_12m,tertiles,Relative Mortality,NEPmax,Mid,37,-1.20158,67.6,0.004528,0.02547,*
M7vsM8_anom_12m,tertiles,Relative Mortality,WUE,Mid,37,-0.0465,70.3,0.07377,0.166,ns
M7vsM8_anom_12m,tertiles,Relative Mortality,uWUE,Mid,37,-0.07609,56.8,0.1109,0.2079,ns
M7vsM8_anom_12m,tertiles,Relative Mortality,ETmax,Low,38,-0.00112,52.6,0.5174,0.5969,ns
M7vsM8_anom_12m,tertiles,Relative Mortality,GPPsat,Low,38,-0.60057,63.2,0.01184,0.04843,*
M7vsM8_anom_12m,tertiles,Relative Mortality,NEPmax,Low,38,-1.16186,68.4,0.01774,0.06653,ns
M7vsM8_anom_12m,tertiles,Relative Mortality,WUE,Low,38,-0.00471,52.6,0.3531,0.436,ns
M7vsM8_anom_12m,tertiles,Relative Mortality,uWUE,Low,38,-0.02403,55.3,0.2858,0.402,ns
M7vsM8_anom_12m,tertiles,Relative Disturbance,ETmax,High,37,-0.00022,54.1,0.7168,0.7501,ns
M7vsM8_anom_12m,tertiles,Relative Disturbance,GPPsat,High,37,-1.3739,64.9,0.002883,0.02162,*
M7vsM8_anom_12m,tertiles,Relative Disturbance,NEPmax,High,37,-0.50984,56.8,0.03512,0.1054,ns
M7vsM8_anom_12m,tertiles,Relative Disturbance,WUE,High,37,-0.01474,51.4,0.5659,0.6366,ns
M7vsM8_anom_12m,tertiles,Relative Disturbance,uWUE,High,37,-0.00907,51.4,0.32,0.4235,ns
M7vsM8_anom_12m,tertiles,Relative Disturbance,ETmax,Mid,37,-0.00162,59.5,0.2164,0.3477,ns
M7vsM8_anom_12m,tertiles,Relative Disturbance,GPPsat,Mid,37,-1.18847,75.7,0.001213,0.01828,*
M7vsM8_anom_12m,tertiles,Relative Disturbance,NEPmax,Mid,37,-1.20158,70.3,0.001979,0.02162,*
M7vsM8_anom_12m,tertiles,Relative Disturbance,WUE,Mid,37,-0.0428,70.3,0.04006,0.1127,ns
M7vsM8_anom_12m,tertiles,Relative Disturbance,uWUE,Mid,37,-0.04028,56.8,0.2391,0.3711,ns
M7vsM8_anom_12m,tertiles,Relative Disturbance,ETmax,Low,38,0.00035,47.4,0.7523,0.7694,ns
M7vsM8_anom_12m,tertiles,Relative Disturbance,GPPsat,Low,38,-0.54518,63.2,0.01973,0.0683,ns
M7vsM8_anom_12m,tertiles,Relative Disturbance,NEPmax,Low,38,-1.08941,65.8,0.05063,0.1291,ns
M7vsM8_anom_12m,tertiles,Relative Disturbance,WUE,Low,38,-0.02092,57.9,0.1416,0.2549,ns
M7vsM8_anom_12m,tertiles,Relative Disturbance,uWUE,Low,38,-0.04532,57.9,0.08871,0.1815,ns
M7vsM8_anom_12m,equal_width,Absolute Mortality,ETmax,Mid,52,-0.00015,51.9,0.6837,0.7504,ns
M7vsM8_anom_12m,equal_width,Absolute Mortality,GPPsat,Mid,52,-0.72108,59.6,0.05499,0.165,ns
M7vsM8_anom_12m,equal_width,Absolute Mortality,NEPmax,Mid,52,-0.53505,53.8,0.1706,0.3199,ns
M7vsM8_anom_12m,equal_width,Absolute Mortality,WUE,Mid,52,-0.04625,61.5,0.1036,0.2331,ns
M7vsM8_anom_12m,equal_width,Absolute Mortality,uWUE,Mid,52,-0.02969,55.8,0.2575,0.3995,ns
M7vsM8_anom_12m,equal_width,Absolute Mortality,ETmax,Low,54,-0.00194,59.3,0.2374,0.3884,ns
M7vsM8_anom_12m,equal_width,Absolute Mortality,GPPsat,Low,54,-1.2008,72.2,1.275e-05,0.0005736,***
M7vsM8_anom_12m,equal_width,Absolute Mortality,NEPmax,Low,54,-1.30106,70.4,0.0001597,0.001796,**
M7vsM8_anom_12m,equal_width,Absolute Mortality,WUE,Low,54,-0.02473,61.1,0.161,0.3199,ns
M7vsM8_anom_12m,equal_width,Absolute Mortality,uWUE,Low,54,-0.04532,55.6,0.09976,0.2331,ns
M7vsM8_anom_12m,equal_width,Absolute Mortality,ETmax,High,6,0.01141,16.7,0.982,0.9896,ns
M7vsM8_anom_12m,equal_width,Absolute Mortality,GPPsat,High,6,-2.62856,100,0.01802,0.06756,ns
M7vsM8_anom_12m,equal_width,Absolute Mortality,NEPmax,High,6,-1.82266,100,0.01802,0.06756,ns
M7vsM8_anom_12m,equal_width,Absolute Mortality,WUE,High,6,0.08209,33.3,0.6625,0.7453,ns
M7vsM8_anom_12m,equal_width,Absolute Mortality,uWUE,High,6,-0.0695,50,0.5,0.6429,ns
M7vsM8_anom_12m,equal_width,Relative Mortality,ETmax,Mid,34,-7e-04,64.7,0.2417,0.3884,ns
M7vsM8_anom_12m,equal_width,Relative Mortality,GPPsat,Mid,34,-1.88787,76.5,0.0001268,0.001796,**
M7vsM8_anom_12m,equal_width,Relative Mortality,NEPmax,Mid,34,-1.03064,67.6,0.008344,0.04172,*
M7vsM8_anom_12m,equal_width,Relative Mortality,WUE,Mid,34,-0.00907,52.9,0.5,0.6429,ns
M7vsM8_anom_12m,equal_width,Relative Mortality,uWUE,Mid,34,-0.01416,52.9,0.5273,0.6591,ns
M7vsM8_anom_12m,equal_width,Relative Mortality,ETmax,High,8,0.00709,12.5,0.9896,0.9896,ns
M7vsM8_anom_12m,equal_width,Relative Mortality,GPPsat,High,8,0.259,37.5,0.7357,0.7882,ns
M7vsM8_anom_12m,equal_width,Relative Mortality,NEPmax,High,8,0.25616,37.5,0.4168,0.5861,ns
M7vsM8_anom_12m,equal_width,Relative Mortality,WUE,High,8,-0.10999,62.5,0.3631,0.5447,ns
M7vsM8_anom_12m,equal_width,Relative Mortality,uWUE,High,8,-0.19324,62.5,0.1468,0.3146,ns
M7vsM8_anom_12m,equal_width,Relative Mortality,ETmax,Low,70,-0.00039,52.9,0.4697,0.6405,ns
M7vsM8_anom_12m,equal_width,Relative Mortality,GPPsat,Low,70,-0.8196,67.1,0.0005812,0.005231,**
M7vsM8_anom_12m,equal_width,Relative Mortality,NEPmax,Low,70,-1.11061,65.7,0.003029,0.01717,*
M7vsM8_anom_12m,equal_width,Relative Mortality,WUE,Low,70,-0.03852,62.9,0.05313,0.165,ns
M7vsM8_anom_12m,equal_width,Relative Mortality,uWUE,Low,70,-0.04532,55.7,0.08821,0.2331,ns
M7vsM8_anom_12m,equal_width,Relative Disturbance,ETmax,Mid,39,-0.00097,61.5,0.1696,0.3199,ns
M7vsM8_anom_12m,equal_width,Relative Disturbance,GPPsat,Mid,39,-1.89787,76.9,4.277e-05,0.0009623,***
M7vsM8_anom_12m,equal_width,Relative Disturbance,NEPmax,Mid,39,-1.20158,66.7,0.003052,0.01717,*
M7vsM8_anom_12m,equal_width,Relative Disturbance,WUE,Mid,39,-0.00386,51.3,0.6126,0.7191,ns
M7vsM8_anom_12m,equal_width,Relative Disturbance,uWUE,Mid,39,-0.00907,51.3,0.6232,0.7191,ns
M7vsM8_anom_12m,equal_width,Relative Disturbance,ETmax,High,10,0.00512,30,0.9793,0.9896,ns
M7vsM8_anom_12m,equal_width,Relative Disturbance,GPPsat,High,10,0.00537,50,0.3799,0.5514,ns
M7vsM8_anom_12m,equal_width,Relative Disturbance,NEPmax,High,10,-0.2126,50,0.1795,0.3231,ns
M7vsM8_anom_12m,equal_width,Relative Disturbance,WUE,High,10,-0.20823,70,0.2074,0.359,ns
M7vsM8_anom_12m,equal_width,Relative Disturbance,uWUE,High,10,-0.19324,70,0.06314,0.1776,ns
M7vsM8_anom_12m,equal_width,Relative Disturbance,ETmax,Low,63,-2e-04,52.4,0.6039,0.7191,ns
M7vsM8_anom_12m,equal_width,Relative Disturbance,GPPsat,Low,63,-0.73529,65.1,0.002528,0.01717,*
M7vsM8_anom_12m,equal_width,Relative Disturbance,NEPmax,Low,63,-1.0804,65.1,0.01293,0.05817,ns
M7vsM8_anom_12m,equal_width,Relative Disturbance,WUE,Low,63,-0.04032,63.5,0.04445,0.1539,ns
M7vsM8_anom_12m,equal_width,Relative Disturbance,uWUE,Low,63,-0.04501,55.6,0.09492,0.2331,ns
M7vsM8_anom_12m,natural_breaks,Absolute Mortality,ETmax,High,29,0.00276,41.4,0.9582,0.9582,ns
M7vsM8_anom_12m,natural_breaks,Absolute Mortality,GPPsat,High,29,-1.43406,72.4,0.009213,0.03769,*
M7vsM8_anom_12m,natural_breaks,Absolute Mortality,NEPmax,High,29,-0.56026,62.1,0.05723,0.1515,ns
M7vsM8_anom_12m,natural_breaks,Absolute Mortality,WUE,High,29,-0.01474,55.2,0.5086,0.5869,ns
M7vsM8_anom_12m,natural_breaks,Absolute Mortality,uWUE,High,29,0.00046,48.3,0.6024,0.6611,ns
M7vsM8_anom_12m,natural_breaks,Absolute Mortality,ETmax,Mid,46,-5e-04,60.9,0.2158,0.3236,ns
M7vsM8_anom_12m,natural_breaks,Absolute Mortality,GPPsat,Mid,46,-1.21619,65.2,0.002854,0.0214,*
M7vsM8_anom_12m,natural_breaks,Absolute Mortality,NEPmax,Mid,46,-1.06,60.9,0.03837,0.1151,ns
M7vsM8_anom_12m,natural_breaks,Absolute Mortality,WUE,Mid,46,-0.04327,60.9,0.06172,0.1543,ns
M7vsM8_anom_12m,natural_breaks,Absolute Mortality,uWUE,Mid,46,-0.03966,54.3,0.1212,0.2371,ns
M7vsM8_anom_12m,natural_breaks,Absolute Mortality,ETmax,Low,37,-0.0017,54.1,0.3988,0.4758,ns
M7vsM8_anom_12m,natural_breaks,Absolute Mortality,GPPsat,Low,37,-0.83885,67.6,0.001798,0.02001,*
M7vsM8_anom_12m,natural_breaks,Absolute Mortality,NEPmax,Low,37,-1.29674,70.3,0.0008079,0.01483,*
M7vsM8_anom_12m,natural_breaks,Absolute Mortality,WUE,Low,37,-0.02719,62.2,0.1908,0.3152,ns
M7vsM8_anom_12m,natural_breaks,Absolute Mortality,uWUE,Low,37,-0.07625,62.2,0.1053,0.2165,ns
M7vsM8_anom_12m,natural_breaks,Relative Mortality,ETmax,Mid,45,-0.00037,55.6,0.3137,0.4097,ns
M7vsM8_anom_12m,natural_breaks,Relative Mortality,GPPsat,Mid,45,-1.15513,71.1,0.003862,0.02483,*
M7vsM8_anom_12m,natural_breaks,Relative Mortality,NEPmax,Mid,45,-1.03969,66.7,0.007616,0.03587,*
M7vsM8_anom_12m,natural_breaks,Relative Mortality,WUE,Mid,45,-0.04032,66.7,0.09909,0.2165,ns
M7vsM8_anom_12m,natural_breaks,Relative Mortality,uWUE,Mid,45,-0.03903,55.6,0.26,0.3687,ns
M7vsM8_anom_12m,natural_breaks,Relative Mortality,ETmax,High,26,0.00028,50,0.8452,0.8644,ns
M7vsM8_anom_12m,natural_breaks,Relative Mortality,GPPsat,High,26,-1.40398,69.2,0.002224,0.02001,*
M7vsM8_anom_12m,natural_breaks,Relative Mortality,NEPmax,High,26,-0.53505,57.7,0.03771,0.1151,ns
M7vsM8_anom_12m,natural_breaks,Relative Mortality,WUE,High,26,-0.04368,57.7,0.3422,0.4278,ns
M7vsM8_anom_12m,natural_breaks,Relative Mortality,uWUE,High,26,-0.04523,53.8,0.1548,0.268,ns
M7vsM8_anom_12m,natural_breaks,Relative Mortality,ETmax,Low,41,-0.00108,53.7,0.5361,0.6032,ns
M7vsM8_anom_12m,natural_breaks,Relative Mortality,GPPsat,Low,41,-0.73529,63.4,0.007971,0.03587,*
M7vsM8_anom_12m,natural_breaks,Relative Mortality,NEPmax,Low,41,-1.09842,65.9,0.01679,0.06295,ns
M7vsM8_anom_12m,natural_breaks,Relative Mortality,WUE,Low,41,-0.00711,53.7,0.3021,0.4097,ns
M7vsM8_anom_12m,natural_breaks,Relative Mortality,uWUE,Low,41,-0.04028,56.1,0.2035,0.3157,ns
M7vsM8_anom_12m,natural_breaks,Relative Disturbance,ETmax,Mid,49,-0.0015,59.2,0.1961,0.3152,ns
M7vsM8_anom_12m,natural_breaks,Relative Disturbance,GPPsat,Mid,49,-1.35449,73.5,0.0002998,0.01349,*
M7vsM8_anom_12m,natural_breaks,Relative Disturbance,NEPmax,Mid,49,-1.44244,67.3,0.0009887,0.01483,*
M7vsM8_anom_12m,natural_breaks,Relative Disturbance,WUE,Mid,49,-0.02719,61.2,0.2622,0.3687,ns
M7vsM8_anom_12m,natural_breaks,Relative Disturbance,uWUE,Mid,49,-0.03903,55.1,0.4018,0.4758,ns
M7vsM8_anom_12m,natural_breaks,Relative Disturbance,ETmax,High,24,0.00028,50,0.8448,0.8644,ns
M7vsM8_anom_12m,natural_breaks,Relative Disturbance,GPPsat,High,24,-1.31019,66.7,0.006729,0.03587,*
M7vsM8_anom_12m,natural_breaks,Relative Disturbance,NEPmax,High,24,-0.33099,58.3,0.05323,0.1497,ns
M7vsM8_anom_12m,natural_breaks,Relative Disturbance,WUE,High,24,-0.04368,58.3,0.3187,0.4097,ns
M7vsM8_anom_12m,natural_breaks,Relative Disturbance,uWUE,High,24,-0.04523,54.2,0.1357,0.2442,ns
M7vsM8_anom_12m,natural_breaks,Relative Disturbance,ETmax,Low,39,2e-05,48.7,0.7418,0.7948,ns
M7vsM8_anom_12m,natural_breaks,Relative Disturbance,GPPsat,Low,39,-0.46586,61.5,0.03537,0.1151,ns
M7vsM8_anom_12m,natural_breaks,Relative Disturbance,NEPmax,Low,39,-1.0804,64.1,0.08249,0.1954,ns
M7vsM8_anom_12m,natural_breaks,Relative Disturbance,WUE,Low,39,-0.02385,59,0.1058,0.2165,ns
M7vsM8_anom_12m,natural_breaks,Relative Disturbance,uWUE,Low,39,-0.04501,56.4,0.1277,0.2394,ns
M7vsM8_anom_24m,tertiles,Absolute Mortality,ETmax,High,37,0.00294,27,0.996,0.9978,ns
M7vsM8_anom_24m,tertiles,Absolute Mortality,GPPsat,High,37,-0.71618,70.3,0.01549,0.05809,ns
M7vsM8_anom_24m,tertiles,Absolute Mortality,NEPmax,High,37,-0.66447,67.6,0.02769,0.08306,ns
M7vsM8_anom_24m,tertiles,Absolute Mortality,WUE,High,37,-0.04977,54.1,0.4579,0.5026,ns
M7vsM8_anom_24m,tertiles,Absolute Mortality,uWUE,High,37,-0.0416,54.1,0.3254,0.4068,ns
M7vsM8_anom_24m,tertiles,Absolute Mortality,ETmax,Mid,37,-0.00065,51.4,0.3757,0.4335,ns
M7vsM8_anom_24m,tertiles,Absolute Mortality,GPPsat,Mid,37,-0.72338,73,0.006134,0.03943,*
M7vsM8_anom_24m,tertiles,Absolute Mortality,NEPmax,Mid,37,-0.25238,54.1,0.1748,0.2712,ns
M7vsM8_anom_24m,tertiles,Absolute Mortality,WUE,Mid,37,-0.04394,54.1,0.09986,0.1798,ns
M7vsM8_anom_24m,tertiles,Absolute Mortality,uWUE,Mid,37,-0.0194,54.1,0.2253,0.3272,ns
M7vsM8_anom_24m,tertiles,Absolute Mortality,ETmax,Low,38,-0.00163,57.9,0.06575,0.1425,ns
M7vsM8_anom_24m,tertiles,Absolute Mortality,GPPsat,Low,38,-0.50209,71.1,0.00381,0.02972,*
M7vsM8_anom_24m,tertiles,Absolute Mortality,NEPmax,Low,38,-1.39313,78.9,0.0003272,0.01472,*
M7vsM8_anom_24m,tertiles,Absolute Mortality,WUE,Low,38,-0.03956,60.5,0.1321,0.2201,ns
M7vsM8_anom_24m,tertiles,Absolute Mortality,uWUE,Low,38,-0.02248,55.3,0.1384,0.2224,ns
M7vsM8_anom_24m,tertiles,Relative Mortality,ETmax,High,37,0.00443,32.4,0.9911,0.9978,ns
M7vsM8_anom_24m,tertiles,Relative Mortality,GPPsat,High,37,-0.72338,75.7,0.001213,0.02568,*
M7vsM8_anom_24m,tertiles,Relative Mortality,NEPmax,High,37,-0.73918,64.9,0.0201,0.06946,ns
M7vsM8_anom_24m,tertiles,Relative Mortality,WUE,High,37,0.00463,48.6,0.44,0.495,ns
M7vsM8_anom_24m,tertiles,Relative Mortality,uWUE,High,37,-0.00775,51.4,0.353,0.4181,ns
M7vsM8_anom_24m,tertiles,Relative Mortality,ETmax,Mid,37,0.00035,45.9,0.3093,0.3998,ns
M7vsM8_anom_24m,tertiles,Relative Mortality,GPPsat,Mid,37,-0.71618,70.3,0.01381,0.05809,ns
M7vsM8_anom_24m,tertiles,Relative Mortality,NEPmax,Mid,37,-0.66447,64.9,0.01491,0.05809,ns
M7vsM8_anom_24m,tertiles,Relative Mortality,WUE,Mid,37,-0.11829,64.9,0.05162,0.1343,ns
M7vsM8_anom_24m,tertiles,Relative Mortality,uWUE,Mid,37,-0.07224,56.8,0.06964,0.1425,ns
M7vsM8_anom_24m,tertiles,Relative Mortality,ETmax,Low,38,-0.00125,57.9,0.1172,0.2028,ns
M7vsM8_anom_24m,tertiles,Relative Mortality,GPPsat,Low,38,-0.49064,68.4,0.01375,0.05809,ns
M7vsM8_anom_24m,tertiles,Relative Mortality,NEPmax,Low,38,-1.19296,71.1,0.01427,0.05809,ns
M7vsM8_anom_24m,tertiles,Relative Mortality,WUE,Low,38,-0.03208,55.3,0.2809,0.3831,ns
M7vsM8_anom_24m,tertiles,Relative Mortality,uWUE,Low,38,-0.01377,55.3,0.311,0.3998,ns
M7vsM8_anom_24m,tertiles,Relative Disturbance,ETmax,High,37,0.00347,29.7,0.9978,0.9978,ns
M7vsM8_anom_24m,tertiles,Relative Disturbance,GPPsat,High,37,-0.66737,73,0.002076,0.02568,*
M7vsM8_anom_24m,tertiles,Relative Disturbance,NEPmax,High,37,-0.73918,62.2,0.02161,0.06946,ns
M7vsM8_anom_24m,tertiles,Relative Disturbance,WUE,High,37,0.02791,45.9,0.6012,0.6441,ns
M7vsM8_anom_24m,tertiles,Relative Disturbance,uWUE,High,37,-0.00775,51.4,0.3419,0.4158,ns
M7vsM8_anom_24m,tertiles,Relative Disturbance,ETmax,Mid,37,-0.00166,56.8,0.09216,0.1728,ns
M7vsM8_anom_24m,tertiles,Relative Disturbance,GPPsat,Mid,37,-0.73282,78.4,0.002283,0.02568,*
M7vsM8_anom_24m,tertiles,Relative Disturbance,NEPmax,Mid,37,-1.14599,73,0.003963,0.02972,*
M7vsM8_anom_24m,tertiles,Relative Disturbance,WUE,Mid,37,-0.09856,59.5,0.06964,0.1425,ns
M7vsM8_anom_24m,tertiles,Relative Disturbance,uWUE,Mid,37,-0.03722,51.4,0.2781,0.3831,ns
M7vsM8_anom_24m,tertiles,Relative Disturbance,ETmax,Low,38,-0.00031,50,0.2254,0.3272,ns
M7vsM8_anom_24m,tertiles,Relative Disturbance,GPPsat,Low,38,-0.40613,63.2,0.05373,0.1343,ns
M7vsM8_anom_24m,tertiles,Relative Disturbance,NEPmax,Low,38,-0.57791,65.8,0.04352,0.1224,ns
M7vsM8_anom_24m,tertiles,Relative Disturbance,WUE,Low,38,-0.04685,63.2,0.05865,0.1389,ns
M7vsM8_anom_24m,tertiles,Relative Disturbance,uWUE,Low,38,-0.03733,60.5,0.07763,0.1519,ns
M7vsM8_anom_24m,equal_width,Absolute Mortality,ETmax,Mid,52,0.00186,34.6,0.9517,0.9946,ns
M7vsM8_anom_24m,equal_width,Absolute Mortality,GPPsat,Mid,52,-0.38978,65.4,0.08384,0.1986,ns
M7vsM8_anom_24m,equal_width,Absolute Mortality,NEPmax,Mid,52,-0.22779,57.7,0.2023,0.3252,ns
M7vsM8_anom_24m,equal_width,Absolute Mortality,WUE,Mid,52,-0.08501,57.7,0.1464,0.2643,ns
M7vsM8_anom_24m,equal_width,Absolute Mortality,uWUE,Mid,52,-0.07506,57.7,0.0941,0.2016,ns
M7vsM8_anom_24m,equal_width,Absolute Mortality,ETmax,Low,54,-0.00138,59.3,0.06059,0.1776,ns
M7vsM8_anom_24m,equal_width,Absolute Mortality,GPPsat,Low,54,-0.67489,74.1,4.633e-05,0.0009626,***
M7vsM8_anom_24m,equal_width,Absolute Mortality,NEPmax,Low,54,-1.3188,72.2,0.0001597,0.001796,**
M7vsM8_anom_24m,equal_width,Absolute Mortality,WUE,Low,54,-0.03208,57.4,0.139,0.2643,ns
M7vsM8_anom_24m,equal_width,Absolute Mortality,uWUE,Low,54,-0.00689,51.9,0.2374,0.3684,ns
M7vsM8_anom_24m,equal_width,Absolute Mortality,ETmax,High,6,0.00667,16.7,0.982,0.9946,ns
M7vsM8_anom_24m,equal_width,Absolute Mortality,GPPsat,High,6,-2.3989,100,0.01802,0.06236,ns
M7vsM8_anom_24m,equal_width,Absolute Mortality,NEPmax,High,6,-1.78145,100,0.01802,0.06236,ns
M7vsM8_anom_24m,equal_width,Absolute Mortality,WUE,High,6,0.0522,33.3,0.6625,0.8058,ns
M7vsM8_anom_24m,equal_width,Absolute Mortality,uWUE,High,6,0.06758,50,0.6625,0.8058,ns
M7vsM8_anom_24m,equal_width,Relative Mortality,ETmax,Mid,34,0.00164,41.2,0.874,0.9593,ns
M7vsM8_anom_24m,equal_width,Relative Mortality,GPPsat,Mid,34,-1.53551,85.3,6.417e-05,0.0009626,***
M7vsM8_anom_24m,equal_width,Relative Mortality,NEPmax,Mid,34,-1.13787,70.6,0.002662,0.01997,*
M7vsM8_anom_24m,equal_width,Relative Mortality,WUE,Mid,34,0.01627,47.1,0.5679,0.7744,ns
M7vsM8_anom_24m,equal_width,Relative Mortality,uWUE,Mid,34,-0.00378,50,0.6592,0.8058,ns
M7vsM8_anom_24m,equal_width,Relative Mortality,ETmax,High,8,0.01059,12.5,0.9929,0.9946,ns
M7vsM8_anom_24m,equal_width,Relative Mortality,GPPsat,High,8,0.2906,50,0.6369,0.8058,ns
M7vsM8_anom_24m,equal_width,Relative Mortality,NEPmax,High,8,-0.16598,62.5,0.2643,0.3965,ns
M7vsM8_anom_24m,equal_width,Relative Mortality,WUE,High,8,-0.10605,62.5,0.3631,0.5271,ns
M7vsM8_anom_24m,equal_width,Relative Mortality,uWUE,High,8,-0.26941,62.5,0.1468,0.2643,ns
M7vsM8_anom_24m,equal_width,Relative Mortality,ETmax,Low,70,-0.00085,51.4,0.1163,0.2378,ns
M7vsM8_anom_24m,equal_width,Relative Mortality,GPPsat,Low,70,-0.53265,67.1,0.004526,0.0291,*
M7vsM8_anom_24m,equal_width,Relative Mortality,NEPmax,Low,70,-0.57359,65.7,0.007102,0.03995,*
M7vsM8_anom_24m,equal_width,Relative Mortality,WUE,Low,70,-0.04685,60,0.03096,0.09952,ns
M7vsM8_anom_24m,equal_width,Relative Mortality,uWUE,Low,70,-0.0311,55.7,0.07093,0.1878,ns
M7vsM8_anom_24m,equal_width,Relative Disturbance,ETmax,Mid,39,0.00063,43.6,0.6947,0.8227,ns
M7vsM8_anom_24m,equal_width,Relative Disturbance,GPPsat,Mid,39,-1.42402,84.6,4.035e-05,0.0009626,***
M7vsM8_anom_24m,equal_width,Relative Disturbance,NEPmax,Mid,39,-1.14599,69.2,0.001892,0.01703,*
M7vsM8_anom_24m,equal_width,Relative Disturbance,WUE,Mid,39,0.02791,43.6,0.7188,0.8293,ns
M7vsM8_anom_24m,equal_width,Relative Disturbance,uWUE,Mid,39,0.00019,48.7,0.7681,0.8641,ns
M7vsM8_anom_24m,equal_width,Relative Disturbance,ETmax,High,10,0.00899,20,0.9946,0.9946,ns
M7vsM8_anom_24m,equal_width,Relative Disturbance,GPPsat,High,10,-0.17799,60,0.3799,0.5342,ns
M7vsM8_anom_24m,equal_width,Relative Disturbance,NEPmax,High,10,-0.61298,70,0.09257,0.2016,ns
M7vsM8_anom_24m,equal_width,Relative Disturbance,WUE,High,10,-0.18963,70,0.1795,0.2991,ns
M7vsM8_anom_24m,equal_width,Relative Disturbance,uWUE,High,10,-0.26941,70,0.06314,0.1776,ns
M7vsM8_anom_24m,equal_width,Relative Disturbance,ETmax,Low,63,-0.00067,50.8,0.1715,0.2969,ns
M7vsM8_anom_24m,equal_width,Relative Disturbance,GPPsat,Low,63,-0.48636,65.1,0.01141,0.05707,ns
M7vsM8_anom_24m,equal_width,Relative Disturbance,NEPmax,Low,63,-0.48272,65.1,0.01764,0.06236,ns
M7vsM8_anom_24m,equal_width,Relative Disturbance,WUE,Low,63,-0.05401,61.9,0.01705,0.06236,ns
M7vsM8_anom_24m,equal_width,Relative Disturbance,uWUE,Low,63,-0.02497,55.6,0.07772,0.1943,ns
M7vsM8_anom_24m,natural_breaks,Absolute Mortality,ETmax,High,29,0.00331,24.1,0.9936,0.9984,ns
M7vsM8_anom_24m,natural_breaks,Absolute Mortality,GPPsat,High,29,-1.42402,75.9,0.007274,0.04092,*
M7vsM8_anom_24m,natural_breaks,Absolute Mortality,NEPmax,High,29,-0.66447,65.5,0.0832,0.1702,ns
M7vsM8_anom_24m,natural_breaks,Absolute Mortality,WUE,High,29,0.00463,48.3,0.6673,0.715,ns
M7vsM8_anom_24m,natural_breaks,Absolute Mortality,uWUE,High,29,0.01964,48.3,0.6353,0.7147,ns
M7vsM8_anom_24m,natural_breaks,Absolute Mortality,ETmax,Mid,46,-0.00022,50,0.4652,0.5367,ns
M7vsM8_anom_24m,natural_breaks,Absolute Mortality,GPPsat,Mid,46,-0.48988,69.6,0.008875,0.04437,*
M7vsM8_anom_24m,natural_breaks,Absolute Mortality,NEPmax,Mid,46,-0.28936,58.7,0.06306,0.1577,ns
M7vsM8_anom_24m,natural_breaks,Absolute Mortality,WUE,Mid,46,-0.06432,58.7,0.03747,0.1123,ns
M7vsM8_anom_24m,natural_breaks,Absolute Mortality,uWUE,Mid,46,-0.06127,58.7,0.04519,0.1196,ns
M7vsM8_anom_24m,natural_breaks,Absolute Mortality,ETmax,Low,37,-0.00149,56.8,0.09216,0.1803,ns
M7vsM8_anom_24m,natural_breaks,Absolute Mortality,GPPsat,Low,37,-0.48636,70.3,0.005878,0.03803,*
M7vsM8_anom_24m,natural_breaks,Absolute Mortality,NEPmax,Low,37,-1.34867,78.4,0.0005307,0.01194,*
M7vsM8_anom_24m,natural_breaks,Absolute Mortality,WUE,Low,37,-0.03863,59.5,0.1455,0.2425,ns
M7vsM8_anom_24m,natural_breaks,Absolute Mortality,uWUE,Low,37,-0.00775,54.1,0.1787,0.2872,ns
M7vsM8_anom_24m,natural_breaks,Relative Mortality,ETmax,Mid,45,0.00132,40,0.6536,0.715,ns
M7vsM8_anom_24m,natural_breaks,Relative Mortality,GPPsat,Mid,45,-0.71618,73.3,0.005916,0.03803,*
M7vsM8_anom_24m,natural_breaks,Relative Mortality,NEPmax,Mid,45,-0.66447,66.7,0.02052,0.07104,ns
M7vsM8_anom_24m,natural_breaks,Relative Mortality,WUE,Mid,45,-0.08029,57.8,0.1271,0.22,ns
M7vsM8_anom_24m,natural_breaks,Relative Mortality,uWUE,Mid,45,-0.02501,53.3,0.218,0.3066,ns
M7vsM8_anom_24m,natural_breaks,Relative Mortality,ETmax,High,26,0.00389,34.6,0.9836,0.9984,ns
M7vsM8_anom_24m,natural_breaks,Relative Mortality,GPPsat,High,26,-0.95284,73.1,0.003549,0.03803,*
M7vsM8_anom_24m,natural_breaks,Relative Mortality,NEPmax,High,26,-0.7815,65.4,0.01357,0.05087,ns
M7vsM8_anom_24m,natural_breaks,Relative Mortality,WUE,High,26,-0.03348,53.8,0.3422,0.4278,ns
M7vsM8_anom_24m,natural_breaks,Relative Mortality,uWUE,High,26,-0.06311,53.8,0.2307,0.3146,ns
M7vsM8_anom_24m,natural_breaks,Relative Mortality,ETmax,Low,41,-0.00127,58.5,0.08083,0.1702,ns
M7vsM8_anom_24m,natural_breaks,Relative Mortality,GPPsat,Low,41,-0.51781,68.3,0.01207,0.0494,*
M7vsM8_anom_24m,natural_breaks,Relative Mortality,NEPmax,Low,41,-1.11056,68.3,0.01207,0.0494,*
M7vsM8_anom_24m,natural_breaks,Relative Mortality,WUE,Low,41,-0.03863,56.1,0.2071,0.3007,ns
M7vsM8_anom_24m,natural_breaks,Relative Mortality,uWUE,Low,41,-0.0194,56.1,0.1962,0.2943,ns
M7vsM8_anom_24m,natural_breaks,Relative Disturbance,ETmax,Mid,49,-0.00149,51,0.1961,0.2943,ns
M7vsM8_anom_24m,natural_breaks,Relative Disturbance,GPPsat,Mid,49,-0.73282,77.6,0.0004624,0.01194,*
M7vsM8_anom_24m,natural_breaks,Relative Disturbance,NEPmax,Mid,49,-1.21404,71.4,0.001422,0.02132,*
M7vsM8_anom_24m,natural_breaks,Relative Disturbance,WUE,Mid,49,-0.00297,51,0.3751,0.4562,ns
M7vsM8_anom_24m,natural_breaks,Relative Disturbance,uWUE,Mid,49,-0.00775,51,0.4173,0.4941,ns
M7vsM8_anom_24m,natural_breaks,Relative Disturbance,ETmax,High,24,0.00444,29.2,0.9984,0.9984,ns
M7vsM8_anom_24m,natural_breaks,Relative Disturbance,GPPsat,High,24,-0.95284,75,0.004859,0.03803,*
M7vsM8_anom_24m,natural_breaks,Relative Disturbance,NEPmax,High,24,-0.53276,62.5,0.03707,0.1123,ns
M7vsM8_anom_24m,natural_breaks,Relative Disturbance,WUE,High,24,-0.03348,54.2,0.2602,0.3437,ns
M7vsM8_anom_24m,natural_breaks,Relative Disturbance,uWUE,High,24,-0.06311,54.2,0.1236,0.22,ns
M7vsM8_anom_24m,natural_breaks,Relative Disturbance,ETmax,Low,39,5e-05,48.7,0.2673,0.3437,ns
M7vsM8_anom_24m,natural_breaks,Relative Disturbance,GPPsat,Low,39,-0.37923,61.5,0.08039,0.1702,ns
M7vsM8_anom_24m,natural_breaks,Relative Disturbance,NEPmax,Low,39,-0.43303,64.1,0.07432,0.1702,ns
M7vsM8_anom_24m,natural_breaks,Relative Disturbance,WUE,Low,39,-0.04977,64.1,0.03994,0.1123,ns
M7vsM8_anom_24m,natural_breaks,Relative Disturbance,uWUE,Low,39,-0.02497,59,0.1137,0.2132,ns
