unit,method,metric,response,category,n,median_dRMSE,pct_sites_improved,p_onesided_wilcoxon,q_BH,sig
M1vsM2_12m,tertiles,Absolute Mortality,ETmax,High,37,-0.00057,51.4,0.4699,0.5707,ns
M1vsM2_12m,tertiles,Absolute Mortality,GPPsat,High,37,-0.15675,54.1,0.09467,0.2307,ns
M1vsM2_12m,tertiles,Absolute Mortality,NEPmax,High,37,-0.36451,51.4,0.09216,0.2307,ns
M1vsM2_12m,tertiles,Absolute Mortality,WUE,High,37,-0.00546,51.4,0.2731,0.3964,ns
M1vsM2_12m,tertiles,Absolute Mortality,uWUE,High,37,-0.05353,62.2,0.212,0.3669,ns
M1vsM2_12m,tertiles,Absolute Mortality,ETmax,Mid,37,-0.00044,56.8,0.3814,0.5201,ns
M1vsM2_12m,tertiles,Absolute Mortality,GPPsat,Mid,37,-0.80652,70.3,0.003623,0.05434,ns
M1vsM2_12m,tertiles,Absolute Mortality,NEPmax,Mid,37,-0.47256,64.9,0.02161,0.1045,ns
M1vsM2_12m,tertiles,Absolute Mortality,WUE,Mid,37,-0.04525,54.1,0.2486,0.3801,ns
M1vsM2_12m,tertiles,Absolute Mortality,uWUE,Mid,37,-0.05777,62.2,0.1258,0.2577,ns
M1vsM2_12m,tertiles,Absolute Mortality,ETmax,Low,38,-0.00344,57.9,0.07976,0.2243,ns
M1vsM2_12m,tertiles,Absolute Mortality,GPPsat,Low,38,-0.97802,63.2,0.01535,0.1045,ns
M1vsM2_12m,tertiles,Absolute Mortality,NEPmax,Low,38,-1.27353,63.2,0.02599,0.1063,ns
M1vsM2_12m,tertiles,Absolute Mortality,WUE,Low,38,0.01656,50,0.5634,0.6036,ns
M1vsM2_12m,tertiles,Absolute Mortality,uWUE,Low,38,0.03929,34.2,0.8308,0.8308,ns
M1vsM2_12m,tertiles,Relative Mortality,ETmax,High,37,-0.00057,59.5,0.2345,0.3769,ns
M1vsM2_12m,tertiles,Relative Mortality,GPPsat,High,37,-0.65128,64.9,0.02084,0.1045,ns
M1vsM2_12m,tertiles,Relative Mortality,NEPmax,High,37,-0.39227,56.8,0.0167,0.1045,ns
M1vsM2_12m,tertiles,Relative Mortality,WUE,High,37,-0.01894,56.8,0.1867,0.3501,ns
M1vsM2_12m,tertiles,Relative Mortality,uWUE,High,37,-0.01308,59.5,0.2208,0.368,ns
M1vsM2_12m,tertiles,Relative Mortality,ETmax,Mid,37,-0.00093,56.8,0.1025,0.2307,ns
M1vsM2_12m,tertiles,Relative Mortality,GPPsat,Mid,37,-0.78132,64.9,0.01491,0.1045,ns
M1vsM2_12m,tertiles,Relative Mortality,NEPmax,Mid,37,-0.72056,62.2,0.02322,0.1045,ns
M1vsM2_12m,tertiles,Relative Mortality,WUE,Mid,37,-0.02308,51.4,0.1597,0.3125,ns
M1vsM2_12m,tertiles,Relative Mortality,uWUE,Mid,37,-0.0593,59.5,0.09986,0.2307,ns
M1vsM2_12m,tertiles,Relative Mortality,ETmax,Low,38,-7e-05,50,0.5462,0.6036,ns
M1vsM2_12m,tertiles,Relative Mortality,GPPsat,Low,38,-0.78801,57.9,0.03723,0.1206,ns
M1vsM2_12m,tertiles,Relative Mortality,NEPmax,Low,38,-0.56659,60.5,0.126,0.2577,ns
M1vsM2_12m,tertiles,Relative Mortality,WUE,Low,38,0.04562,47.4,0.7999,0.8303,ns
M1vsM2_12m,tertiles,Relative Mortality,uWUE,Low,38,0.03931,39.5,0.8118,0.8303,ns
M1vsM2_12m,tertiles,Relative Disturbance,ETmax,High,37,-0.00034,54.1,0.482,0.5707,ns
M1vsM2_12m,tertiles,Relative Disturbance,GPPsat,High,37,-0.65128,62.2,0.02966,0.1112,ns
M1vsM2_12m,tertiles,Relative Disturbance,NEPmax,High,37,-0.69097,62.2,0.007573,0.08519,ns
M1vsM2_12m,tertiles,Relative Disturbance,WUE,High,37,-0.0166,54.1,0.2534,0.3801,ns
M1vsM2_12m,tertiles,Relative Disturbance,uWUE,High,37,-0.03203,59.5,0.2076,0.3669,ns
M1vsM2_12m,tertiles,Relative Disturbance,ETmax,Mid,37,-0.00269,59.5,0.03752,0.1206,ns
M1vsM2_12m,tertiles,Relative Disturbance,GPPsat,Mid,37,-0.90705,73,0.002177,0.05434,ns
M1vsM2_12m,tertiles,Relative Disturbance,NEPmax,Mid,37,-1.3882,64.9,0.003019,0.05434,ns
M1vsM2_12m,tertiles,Relative Disturbance,WUE,Mid,37,0.00901,48.6,0.2987,0.4201,ns
M1vsM2_12m,tertiles,Relative Disturbance,uWUE,Mid,37,0.01896,48.6,0.452,0.5673,ns
M1vsM2_12m,tertiles,Relative Disturbance,ETmax,Low,38,-0.00063,52.6,0.5116,0.5903,ns
M1vsM2_12m,tertiles,Relative Disturbance,GPPsat,Low,38,-0.53967,52.6,0.07976,0.2243,ns
M1vsM2_12m,tertiles,Relative Disturbance,NEPmax,Low,38,-0.15721,52.6,0.4309,0.5673,ns
M1vsM2_12m,tertiles,Relative Disturbance,WUE,Low,38,-0.00956,52.6,0.5519,0.6036,ns
M1vsM2_12m,tertiles,Relative Disturbance,uWUE,Low,38,-0.00334,50,0.4538,0.5673,ns
M1vsM2_12m,equal_width,Absolute Mortality,ETmax,Mid,52,-0.00051,53.8,0.3941,0.5721,ns
M1vsM2_12m,equal_width,Absolute Mortality,GPPsat,Mid,52,-0.50836,57.7,0.02762,0.113,ns
M1vsM2_12m,equal_width,Absolute Mortality,NEPmax,Mid,52,-0.37633,55.8,0.05499,0.1363,ns
M1vsM2_12m,equal_width,Absolute Mortality,WUE,Mid,52,-0.03416,55.8,0.05601,0.1363,ns
M1vsM2_12m,equal_width,Absolute Mortality,uWUE,Mid,52,-0.06257,63.5,0.05106,0.1363,ns
M1vsM2_12m,equal_width,Absolute Mortality,ETmax,Low,54,-0.00228,59.3,0.05755,0.1363,ns
M1vsM2_12m,equal_width,Absolute Mortality,GPPsat,Low,54,-1.03663,68.5,0.0007006,0.03153,*
M1vsM2_12m,equal_width,Absolute Mortality,NEPmax,Low,54,-1.93679,66.7,0.00309,0.04635,*
M1vsM2_12m,equal_width,Absolute Mortality,WUE,Low,54,0.04537,48.1,0.6973,0.7653,ns
M1vsM2_12m,equal_width,Absolute Mortality,uWUE,Low,54,0.03396,40.7,0.861,0.8806,ns
M1vsM2_12m,equal_width,Absolute Mortality,ETmax,High,6,0.00275,33.3,0.9533,0.9533,ns
M1vsM2_12m,equal_width,Absolute Mortality,GPPsat,High,6,0.41337,50,0.6625,0.7453,ns
M1vsM2_12m,equal_width,Absolute Mortality,NEPmax,High,6,0.42796,33.3,0.7992,0.8363,ns
M1vsM2_12m,equal_width,Absolute Mortality,WUE,High,6,0.06741,50,0.6625,0.7453,ns
M1vsM2_12m,equal_width,Absolute Mortality,uWUE,High,6,-0.03818,66.7,0.3375,0.5424,ns
M1vsM2_12m,equal_width,Relative Mortality,ETmax,Mid,34,-0.00058,58.8,0.07795,0.1594,ns
M1vsM2_12m,equal_width,Relative Mortality,GPPsat,Mid,34,-0.74092,67.6,0.01561,0.09088,ns
M1vsM2_12m,equal_width,Relative Mortality,NEPmax,Mid,34,-0.90172,61.8,0.002957,0.04635,*
M1vsM2_12m,equal_width,Relative Mortality,WUE,Mid,34,0.00395,50,0.3922,0.5721,ns
M1vsM2_12m,equal_width,Relative Mortality,uWUE,Mid,34,-0.00803,55.9,0.5068,0.6516,ns
M1vsM2_12m,equal_width,Relative Mortality,ETmax,High,8,-0.00071,62.5,0.6369,0.7453,ns
M1vsM2_12m,equal_width,Relative Mortality,GPPsat,High,8,-1.01321,62.5,0.07074,0.1592,ns
M1vsM2_12m,equal_width,Relative Mortality,NEPmax,High,8,-0.77882,62.5,0.1468,0.2643,ns
M1vsM2_12m,equal_width,Relative Mortality,WUE,High,8,-0.14551,87.5,0.04003,0.1336,ns
M1vsM2_12m,equal_width,Relative Mortality,uWUE,High,8,-0.25409,75,0.09172,0.1794,ns
M1vsM2_12m,equal_width,Relative Mortality,ETmax,Low,70,-8e-04,52.9,0.2753,0.4764,ns
M1vsM2_12m,equal_width,Relative Mortality,GPPsat,Low,70,-0.64927,60,0.007826,0.07043,ns
M1vsM2_12m,equal_width,Relative Mortality,NEPmax,Low,70,-0.47937,58.6,0.05506,0.1363,ns
M1vsM2_12m,equal_width,Relative Mortality,WUE,Low,70,0.01994,48.6,0.5257,0.6571,ns
M1vsM2_12m,equal_width,Relative Mortality,uWUE,Low,70,0.00265,48.6,0.4511,0.6265,ns
M1vsM2_12m,equal_width,Relative Disturbance,ETmax,Mid,39,-0.00058,56.4,0.1336,0.2505,ns
M1vsM2_12m,equal_width,Relative Disturbance,GPPsat,Mid,39,-0.36544,64.1,0.02261,0.113,ns
M1vsM2_12m,equal_width,Relative Disturbance,NEPmax,Mid,39,-0.69097,59,0.006624,0.07043,ns
M1vsM2_12m,equal_width,Relative Disturbance,WUE,Mid,39,0.05028,43.6,0.6232,0.7453,ns
M1vsM2_12m,equal_width,Relative Disturbance,uWUE,Mid,39,0.01574,48.7,0.7418,0.7948,ns
M1vsM2_12m,equal_width,Relative Disturbance,ETmax,High,10,-0.00071,70,0.4594,0.6265,ns
M1vsM2_12m,equal_width,Relative Disturbance,GPPsat,High,10,-1.13756,70,0.02639,0.113,ns
M1vsM2_12m,equal_width,Relative Disturbance,NEPmax,High,10,-1.84932,70,0.04157,0.1336,ns
M1vsM2_12m,equal_width,Relative Disturbance,WUE,High,10,-0.18845,90,0.01616,0.09088,ns
M1vsM2_12m,equal_width,Relative Disturbance,uWUE,High,10,-0.25409,80,0.04157,0.1336,ns
M1vsM2_12m,equal_width,Relative Disturbance,ETmax,Low,63,-0.00075,52.4,0.2861,0.4768,ns
M1vsM2_12m,equal_width,Relative Disturbance,GPPsat,Low,63,-0.6606,60.3,0.009695,0.07271,ns
M1vsM2_12m,equal_width,Relative Disturbance,NEPmax,Low,63,-0.47256,58.7,0.07772,0.1594,ns
M1vsM2_12m,equal_width,Relative Disturbance,WUE,Low,63,-3e-05,50.8,0.5014,0.6516,ns
M1vsM2_12m,equal_width,Relative Disturbance,uWUE,Low,63,-2e-04,50.8,0.3829,0.5721,ns
M1vsM2_12m,natural_breaks,Absolute Mortality,ETmax,High,29,6e-05,48.3,0.6673,0.715,ns
M1vsM2_12m,natural_breaks,Absolute Mortality,GPPsat,High,29,-0.19171,55.2,0.101,0.2059,ns
M1vsM2_12m,natural_breaks,Absolute Mortality,NEPmax,High,29,-0.39227,51.7,0.09358,0.2005,ns
M1vsM2_12m,natural_breaks,Absolute Mortality,WUE,High,29,-0.00546,51.7,0.3976,0.5964,ns
M1vsM2_12m,natural_breaks,Absolute Mortality,uWUE,High,29,-0.00539,55.2,0.5172,0.6561,ns
M1vsM2_12m,natural_breaks,Absolute Mortality,ETmax,Mid,46,-0.00063,58.7,0.1765,0.3055,ns
M1vsM2_12m,natural_breaks,Absolute Mortality,GPPsat,Mid,46,-0.7163,67.4,0.002668,0.039,*
M1vsM2_12m,natural_breaks,Absolute Mortality,NEPmax,Mid,46,-0.46128,63,0.01328,0.08402,ns
M1vsM2_12m,natural_breaks,Absolute Mortality,WUE,Mid,46,-0.03416,52.2,0.1497,0.2694,ns
M1vsM2_12m,natural_breaks,Absolute Mortality,uWUE,Mid,46,-0.06873,67.4,0.01797,0.08402,ns
M1vsM2_12m,natural_breaks,Absolute Mortality,ETmax,Low,37,-0.0031,56.8,0.1053,0.2059,ns
M1vsM2_12m,natural_breaks,Absolute Mortality,GPPsat,Low,37,-0.95132,62.2,0.0224,0.08402,ns
M1vsM2_12m,natural_breaks,Absolute Mortality,NEPmax,Low,37,-1.15887,62.2,0.03631,0.1257,ns
M1vsM2_12m,natural_breaks,Absolute Mortality,WUE,Low,37,-3e-05,51.4,0.554,0.6561,ns
M1vsM2_12m,natural_breaks,Absolute Mortality,uWUE,Low,37,0.04043,32.4,0.8711,0.8711,ns
M1vsM2_12m,natural_breaks,Relative Mortality,ETmax,Mid,45,-0.00182,60,0.0401,0.1289,ns
M1vsM2_12m,natural_breaks,Relative Mortality,GPPsat,Mid,45,-0.90705,71.1,0.001795,0.039,*
M1vsM2_12m,natural_breaks,Relative Mortality,NEPmax,Mid,45,-0.72056,60,0.005199,0.039,*
M1vsM2_12m,natural_breaks,Relative Mortality,WUE,Mid,45,-0.02308,53.3,0.2786,0.4478,ns
M1vsM2_12m,natural_breaks,Relative Mortality,uWUE,Mid,45,-2e-04,51.1,0.5981,0.6773,ns
M1vsM2_12m,natural_breaks,Relative Mortality,ETmax,High,26,-0.00032,53.8,0.6294,0.6908,ns
M1vsM2_12m,natural_breaks,Relative Mortality,GPPsat,High,26,-0.27857,57.7,0.08122,0.1924,ns
M1vsM2_12m,natural_breaks,Relative Mortality,NEPmax,High,26,-0.54162,61.5,0.0224,0.08402,ns
M1vsM2_12m,natural_breaks,Relative Mortality,WUE,High,26,-0.05449,57.7,0.08914,0.2005,ns
M1vsM2_12m,natural_breaks,Relative Mortality,uWUE,High,26,-0.07063,73.1,0.01751,0.08402,ns
M1vsM2_12m,natural_breaks,Relative Mortality,ETmax,Low,41,-0.00052,51.2,0.4897,0.6481,ns
M1vsM2_12m,natural_breaks,Relative Mortality,GPPsat,Low,41,-0.63795,56.1,0.0664,0.1758,ns
M1vsM2_12m,natural_breaks,Relative Mortality,NEPmax,Low,41,-0.47256,58.5,0.2146,0.3577,ns
M1vsM2_12m,natural_breaks,Relative Mortality,WUE,Low,41,0.05808,46.3,0.7738,0.7914,ns
M1vsM2_12m,natural_breaks,Relative Mortality,uWUE,Low,41,0.03647,41.5,0.7201,0.7536,ns
M1vsM2_12m,natural_breaks,Relative Disturbance,ETmax,Mid,49,-0.00093,57.1,0.05354,0.1586,ns
M1vsM2_12m,natural_breaks,Relative Disturbance,GPPsat,Mid,49,-0.67532,69.4,0.004578,0.039,*
M1vsM2_12m,natural_breaks,Relative Disturbance,NEPmax,Mid,49,-0.90069,61.2,0.003618,0.039,*
M1vsM2_12m,natural_breaks,Relative Disturbance,WUE,Mid,49,0.02449,49,0.3714,0.5762,ns
M1vsM2_12m,natural_breaks,Relative Disturbance,uWUE,Mid,49,0.01896,49,0.602,0.6773,ns
M1vsM2_12m,natural_breaks,Relative Disturbance,ETmax,High,24,-0.00039,58.3,0.4602,0.6471,ns
M1vsM2_12m,natural_breaks,Relative Disturbance,GPPsat,High,24,-0.7289,62.5,0.02199,0.08402,ns
M1vsM2_12m,natural_breaks,Relative Disturbance,NEPmax,High,24,-1.18732,66.7,0.004471,0.039,*
M1vsM2_12m,natural_breaks,Relative Disturbance,WUE,High,24,-0.06203,58.3,0.142,0.2662,ns
M1vsM2_12m,natural_breaks,Relative Disturbance,uWUE,High,24,-0.06115,66.7,0.0564,0.1586,ns
M1vsM2_12m,natural_breaks,Relative Disturbance,ETmax,Low,39,-0.00052,51.3,0.525,0.6561,ns
M1vsM2_12m,natural_breaks,Relative Disturbance,GPPsat,Low,39,-0.29801,53.8,0.0763,0.1908,ns
M1vsM2_12m,natural_breaks,Relative Disturbance,NEPmax,Low,39,-0.05955,53.8,0.4253,0.6173,ns
M1vsM2_12m,natural_breaks,Relative Disturbance,WUE,Low,39,-3e-05,51.3,0.5527,0.6561,ns
M1vsM2_12m,natural_breaks,Relative Disturbance,uWUE,Low,39,0.00065,48.7,0.4861,0.6481,ns
M1vsM2_24m,tertiles,Absolute Mortality,ETmax,High,37,-0.00063,54.1,0.3757,0.5107,ns
M1vsM2_24m,tertiles,Absolute Mortality,GPPsat,High,37,-0.05299,51.4,0.0803,0.2259,ns
M1vsM2_24m,tertiles,Absolute Mortality,NEPmax,High,37,0.01166,48.6,0.09216,0.2304,ns
M1vsM2_24m,tertiles,Absolute Mortality,WUE,High,37,-0.02005,56.8,0.108,0.2431,ns
M1vsM2_24m,tertiles,Absolute Mortality,uWUE,High,37,-0.04072,54.1,0.2781,0.4172,ns
M1vsM2_24m,tertiles,Absolute Mortality,ETmax,Mid,37,-0.00021,51.4,0.4639,0.573,ns
M1vsM2_24m,tertiles,Absolute Mortality,GPPsat,Mid,37,-0.64866,81.1,0.001408,0.03114,*
M1vsM2_24m,tertiles,Absolute Mortality,NEPmax,Mid,37,-0.97727,62.2,0.03631,0.1167,ns
M1vsM2_24m,tertiles,Absolute Mortality,WUE,Mid,37,-0.01858,54.1,0.4699,0.573,ns
M1vsM2_24m,tertiles,Absolute Mortality,uWUE,Mid,37,-0.06244,62.2,0.2033,0.375,ns
M1vsM2_24m,tertiles,Absolute Mortality,ETmax,Low,38,-0.00087,52.6,0.2254,0.3843,ns
M1vsM2_24m,tertiles,Absolute Mortality,GPPsat,Low,38,-0.74235,60.5,0.02688,0.09945,ns
M1vsM2_24m,tertiles,Absolute Mortality,NEPmax,Low,38,-1.55687,65.8,0.02873,0.09945,ns
M1vsM2_24m,tertiles,Absolute Mortality,WUE,Low,38,-0.0256,57.9,0.3859,0.5107,ns
M1vsM2_24m,tertiles,Absolute Mortality,uWUE,Low,38,0.05299,39.5,0.6141,0.674,ns
M1vsM2_24m,tertiles,Relative Mortality,ETmax,High,37,-0.00039,51.4,0.5,0.5921,ns
M1vsM2_24m,tertiles,Relative Mortality,GPPsat,High,37,-0.69721,70.3,0.006134,0.06901,ns
M1vsM2_24m,tertiles,Relative Mortality,NEPmax,High,37,-0.55332,59.5,0.02161,0.09165,ns
M1vsM2_24m,tertiles,Relative Mortality,WUE,High,37,-0.0182,56.8,0.1289,0.2585,ns
M1vsM2_24m,tertiles,Relative Mortality,uWUE,High,37,-0.01535,54.1,0.2583,0.4008,ns
M1vsM2_24m,tertiles,Relative Mortality,ETmax,Mid,37,-0.00242,64.9,0.01734,0.09165,ns
M1vsM2_24m,tertiles,Relative Mortality,GPPsat,Mid,37,-0.44558,62.2,0.01278,0.09165,ns
M1vsM2_24m,tertiles,Relative Mortality,NEPmax,Mid,37,-1.24328,56.8,0.0224,0.09165,ns
M1vsM2_24m,tertiles,Relative Mortality,WUE,Mid,37,-0.06997,59.5,0.108,0.2431,ns
M1vsM2_24m,tertiles,Relative Mortality,uWUE,Mid,37,-0.0555,56.8,0.2391,0.3843,ns
M1vsM2_24m,tertiles,Relative Mortality,ETmax,Low,38,0.00068,42.1,0.8195,0.8308,ns
M1vsM2_24m,tertiles,Relative Mortality,GPPsat,Low,38,-0.70639,60.5,0.06036,0.1811,ns
M1vsM2_24m,tertiles,Relative Mortality,NEPmax,Low,38,-1.33555,60.5,0.1201,0.2573,ns
M1vsM2_24m,tertiles,Relative Mortality,WUE,Low,38,-0.01402,52.6,0.7568,0.792,ns
M1vsM2_24m,tertiles,Relative Mortality,uWUE,Low,38,0.04582,44.7,0.6141,0.674,ns
M1vsM2_24m,tertiles,Relative Disturbance,ETmax,High,37,0.00056,45.9,0.7269,0.7788,ns
M1vsM2_24m,tertiles,Relative Disturbance,GPPsat,High,37,-0.50706,64.9,0.018,0.09165,ns
M1vsM2_24m,tertiles,Relative Disturbance,NEPmax,High,37,-0.70112,59.5,0.0201,0.09165,ns
M1vsM2_24m,tertiles,Relative Disturbance,WUE,High,37,-0.0182,56.8,0.1321,0.2585,ns
M1vsM2_24m,tertiles,Relative Disturbance,uWUE,High,37,-0.01535,54.1,0.2391,0.3843,ns
M1vsM2_24m,tertiles,Relative Disturbance,ETmax,Mid,37,-0.00287,73,0.008226,0.07404,ns
M1vsM2_24m,tertiles,Relative Disturbance,GPPsat,Mid,37,-0.70954,70.3,0.002076,0.03114,*
M1vsM2_24m,tertiles,Relative Disturbance,NEPmax,Mid,37,-1.6436,67.6,0.001979,0.03114,*
M1vsM2_24m,tertiles,Relative Disturbance,WUE,Mid,37,-0.03108,54.1,0.304,0.4413,ns
M1vsM2_24m,tertiles,Relative Disturbance,uWUE,Mid,37,0.01241,45.9,0.6128,0.674,ns
M1vsM2_24m,tertiles,Relative Disturbance,ETmax,Low,38,0.00062,39.5,0.8308,0.8308,ns
M1vsM2_24m,tertiles,Relative Disturbance,GPPsat,Low,38,-0.56805,57.9,0.09107,0.2304,ns
M1vsM2_24m,tertiles,Relative Disturbance,NEPmax,Low,38,-0.39484,50,0.337,0.474,ns
M1vsM2_24m,tertiles,Relative Disturbance,WUE,Low,38,-0.02504,57.9,0.4711,0.573,ns
M1vsM2_24m,tertiles,Relative Disturbance,uWUE,Low,38,-0.05446,55.3,0.2084,0.375,ns
M1vsM2_24m,equal_width,Absolute Mortality,ETmax,Mid,52,-4e-04,53.8,0.3131,0.5218,ns
M1vsM2_24m,equal_width,Absolute Mortality,GPPsat,Mid,52,-0.31067,63.5,0.01268,0.05798,ns
M1vsM2_24m,equal_width,Absolute Mortality,NEPmax,Mid,52,-0.06861,50,0.102,0.1995,ns
M1vsM2_24m,equal_width,Absolute Mortality,WUE,Mid,52,-0.05049,59.6,0.04138,0.1115,ns
M1vsM2_24m,equal_width,Absolute Mortality,uWUE,Mid,52,-0.0681,59.6,0.06358,0.1467,ns
M1vsM2_24m,equal_width,Absolute Mortality,ETmax,Low,54,-6e-04,53.7,0.1853,0.3335,ns
M1vsM2_24m,equal_width,Absolute Mortality,GPPsat,Low,54,-0.74235,68.5,0.001366,0.05779,ns
M1vsM2_24m,equal_width,Absolute Mortality,NEPmax,Low,54,-1.64804,70.4,0.002568,0.05779,ns
M1vsM2_24m,equal_width,Absolute Mortality,WUE,Low,54,-0.02106,53.7,0.6019,0.7321,ns
M1vsM2_24m,equal_width,Absolute Mortality,uWUE,Low,54,0.04754,44.4,0.7151,0.8045,ns
M1vsM2_24m,equal_width,Absolute Mortality,ETmax,High,6,0.00256,33.3,0.9289,0.9289,ns
M1vsM2_24m,equal_width,Absolute Mortality,GPPsat,High,6,0.32957,33.3,0.7353,0.8071,ns
M1vsM2_24m,equal_width,Absolute Mortality,NEPmax,High,6,0.37689,33.3,0.6625,0.7644,ns
M1vsM2_24m,equal_width,Absolute Mortality,WUE,High,6,0.05441,50,0.6625,0.7644,ns
M1vsM2_24m,equal_width,Absolute Mortality,uWUE,High,6,0.01356,50,0.583,0.7321,ns
M1vsM2_24m,equal_width,Relative Mortality,ETmax,Mid,34,-0.00159,58.8,0.06846,0.1467,ns
M1vsM2_24m,equal_width,Relative Mortality,GPPsat,Mid,34,-0.70338,70.6,0.006279,0.05798,ns
M1vsM2_24m,equal_width,Relative Mortality,NEPmax,Mid,34,-0.70495,64.7,0.004451,0.05798,ns
M1vsM2_24m,equal_width,Relative Mortality,WUE,Mid,34,-0.0033,50,0.304,0.5218,ns
M1vsM2_24m,equal_width,Relative Mortality,uWUE,Mid,34,0.00838,50,0.5946,0.7321,ns
M1vsM2_24m,equal_width,Relative Mortality,ETmax,High,8,0.00236,37.5,0.883,0.9096,ns
M1vsM2_24m,equal_width,Relative Mortality,GPPsat,High,8,-0.86968,75,0.04003,0.1115,ns
M1vsM2_24m,equal_width,Relative Mortality,NEPmax,High,8,-0.93207,62.5,0.117,0.2193,ns
M1vsM2_24m,equal_width,Relative Mortality,WUE,High,8,-0.27795,87.5,0.02935,0.1101,ns
M1vsM2_24m,equal_width,Relative Mortality,uWUE,High,8,-0.36833,75,0.09172,0.1876,ns
M1vsM2_24m,equal_width,Relative Mortality,ETmax,Low,70,-0.00026,51.4,0.3518,0.5654,ns
M1vsM2_24m,equal_width,Relative Mortality,GPPsat,Low,70,-0.45844,60,0.01288,0.05798,ns
M1vsM2_24m,equal_width,Relative Mortality,NEPmax,Low,70,-1.13455,55.7,0.04214,0.1115,ns
M1vsM2_24m,equal_width,Relative Mortality,WUE,Low,70,-0.0256,55.7,0.4418,0.612,ns
M1vsM2_24m,equal_width,Relative Mortality,uWUE,Low,70,-0.00263,50,0.4488,0.612,ns
M1vsM2_24m,equal_width,Relative Disturbance,ETmax,Mid,39,-0.00212,59,0.05504,0.1376,ns
M1vsM2_24m,equal_width,Relative Disturbance,GPPsat,Mid,39,-0.50706,66.7,0.01255,0.05798,ns
M1vsM2_24m,equal_width,Relative Disturbance,NEPmax,Mid,39,-0.70112,61.5,0.007161,0.05798,ns
M1vsM2_24m,equal_width,Relative Disturbance,WUE,Mid,39,0.03156,46.2,0.5527,0.7316,ns
M1vsM2_24m,equal_width,Relative Disturbance,uWUE,Mid,39,0.01905,43.6,0.7681,0.823,ns
M1vsM2_24m,equal_width,Relative Disturbance,ETmax,High,10,0.00174,40,0.8894,0.9096,ns
M1vsM2_24m,equal_width,Relative Disturbance,GPPsat,High,10,-1.10693,80,0.01247,0.05798,ns
M1vsM2_24m,equal_width,Relative Disturbance,NEPmax,High,10,-1.58493,70,0.04157,0.1115,ns
M1vsM2_24m,equal_width,Relative Disturbance,WUE,High,10,-0.30784,90,0.009529,0.05798,ns
M1vsM2_24m,equal_width,Relative Disturbance,uWUE,High,10,-0.36833,80,0.04157,0.1115,ns
M1vsM2_24m,equal_width,Relative Disturbance,ETmax,Low,63,-0.00021,50.8,0.42,0.612,ns
M1vsM2_24m,equal_width,Relative Disturbance,GPPsat,Low,63,-0.47129,60.3,0.01513,0.06188,ns
M1vsM2_24m,equal_width,Relative Disturbance,NEPmax,Low,63,-1.15521,55.6,0.06558,0.1467,ns
M1vsM2_24m,equal_width,Relative Disturbance,WUE,Low,63,-0.03108,57.1,0.4442,0.612,ns
M1vsM2_24m,equal_width,Relative Disturbance,uWUE,Low,63,-0.04072,52.4,0.4388,0.612,ns
M1vsM2_24m,natural_breaks,Absolute Mortality,ETmax,High,29,0.00094,48.3,0.7056,0.7938,ns
M1vsM2_24m,natural_breaks,Absolute Mortality,GPPsat,High,29,-0.13022,55.2,0.0832,0.1783,ns
M1vsM2_24m,natural_breaks,Absolute Mortality,NEPmax,High,29,0.01166,48.3,0.1215,0.2377,ns
M1vsM2_24m,natural_breaks,Absolute Mortality,WUE,High,29,-0.00714,51.7,0.3486,0.5089,ns
M1vsM2_24m,natural_breaks,Absolute Mortality,uWUE,High,29,0.00971,48.3,0.5687,0.7108,ns
M1vsM2_24m,natural_breaks,Absolute Mortality,ETmax,Mid,46,-0.00039,56.5,0.1522,0.2854,ns
M1vsM2_24m,natural_breaks,Absolute Mortality,GPPsat,Mid,46,-0.57786,73.9,0.00111,0.02415,*
M1vsM2_24m,natural_breaks,Absolute Mortality,NEPmax,Mid,46,-0.87027,60.9,0.02338,0.1026,ns
M1vsM2_24m,natural_breaks,Absolute Mortality,WUE,Mid,46,-0.03966,56.5,0.1794,0.3229,ns
M1vsM2_24m,natural_breaks,Absolute Mortality,uWUE,Mid,46,-0.081,65.2,0.03487,0.1026,ns
M1vsM2_24m,natural_breaks,Absolute Mortality,ETmax,Low,37,-0.00082,51.4,0.2832,0.4552,ns
M1vsM2_24m,natural_breaks,Absolute Mortality,GPPsat,Low,37,-0.74219,59.5,0.03631,0.1026,ns
M1vsM2_24m,natural_breaks,Absolute Mortality,NEPmax,Low,37,-1.52853,64.9,0.03877,0.1026,ns
M1vsM2_24m,natural_breaks,Absolute Mortality,WUE,Low,37,-0.02653,59.5,0.393,0.5526,ns
M1vsM2_24m,natural_breaks,Absolute Mortality,uWUE,Low,37,0.05793,37.8,0.6746,0.7938,ns
M1vsM2_24m,natural_breaks,Relative Mortality,ETmax,Mid,45,-0.00246,64.4,0.01839,0.09195,ns
M1vsM2_24m,natural_breaks,Relative Mortality,GPPsat,Mid,45,-0.82175,68.9,0.0009544,0.02415,*
M1vsM2_24m,natural_breaks,Relative Mortality,NEPmax,Mid,45,-1.24328,62.2,0.002147,0.02415,*
M1vsM2_24m,natural_breaks,Relative Mortality,WUE,Mid,45,-0.03108,53.3,0.294,0.4562,ns
M1vsM2_24m,natural_breaks,Relative Mortality,uWUE,Mid,45,0.00971,48.9,0.6782,0.7938,ns
M1vsM2_24m,natural_breaks,Relative Mortality,ETmax,High,26,0.00061,46.2,0.7615,0.8164,ns
M1vsM2_24m,natural_breaks,Relative Mortality,GPPsat,High,26,-0.24252,65.4,0.03373,0.1026,ns
M1vsM2_24m,natural_breaks,Relative Mortality,NEPmax,High,26,-0.62722,57.7,0.04684,0.1109,ns
M1vsM2_24m,natural_breaks,Relative Mortality,WUE,High,26,-0.02938,65.4,0.03771,0.1026,ns
M1vsM2_24m,natural_breaks,Relative Mortality,uWUE,High,26,-0.1375,65.4,0.03187,0.1026,ns
M1vsM2_24m,natural_breaks,Relative Mortality,ETmax,Low,41,0.00057,43.9,0.762,0.8164,ns
M1vsM2_24m,natural_breaks,Relative Mortality,GPPsat,Low,41,-0.69053,58.5,0.09752,0.1995,ns
M1vsM2_24m,natural_breaks,Relative Mortality,NEPmax,Low,41,-1.11389,56.1,0.2223,0.3847,ns
M1vsM2_24m,natural_breaks,Relative Mortality,WUE,Low,41,-0.01858,53.7,0.6979,0.7938,ns
M1vsM2_24m,natural_breaks,Relative Mortality,uWUE,Low,41,0.04461,46.3,0.5464,0.7025,ns
M1vsM2_24m,natural_breaks,Relative Disturbance,ETmax,Mid,49,-0.00242,67.3,0.01327,0.0754,ns
M1vsM2_24m,natural_breaks,Relative Disturbance,GPPsat,Mid,49,-0.70954,67.3,0.003839,0.03455,*
M1vsM2_24m,natural_breaks,Relative Disturbance,NEPmax,Mid,49,-1.17098,61.2,0.00544,0.0408,*
M1vsM2_24m,natural_breaks,Relative Disturbance,WUE,Mid,49,-0.0182,51,0.5159,0.6828,ns
M1vsM2_24m,natural_breaks,Relative Disturbance,uWUE,Mid,49,0.01905,42.9,0.8327,0.8327,ns
M1vsM2_24m,natural_breaks,Relative Disturbance,ETmax,High,24,0.00085,41.7,0.8234,0.8327,ns
M1vsM2_24m,natural_breaks,Relative Disturbance,GPPsat,High,24,-0.50821,66.7,0.0134,0.0754,ns
M1vsM2_24m,natural_breaks,Relative Disturbance,NEPmax,High,24,-0.93207,70.8,0.001703,0.02415,*
M1vsM2_24m,natural_breaks,Relative Disturbance,WUE,High,24,-0.06305,66.7,0.02517,0.1026,ns
M1vsM2_24m,natural_breaks,Relative Disturbance,uWUE,High,24,-0.1375,66.7,0.04194,0.1049,ns
M1vsM2_24m,natural_breaks,Relative Disturbance,ETmax,Low,39,0.00062,41,0.8084,0.8327,ns
M1vsM2_24m,natural_breaks,Relative Disturbance,GPPsat,Low,39,-0.44558,59,0.08249,0.1783,ns
M1vsM2_24m,natural_breaks,Relative Disturbance,NEPmax,Low,39,0.08819,48.7,0.3506,0.5089,ns
M1vsM2_24m,natural_breaks,Relative Disturbance,WUE,Low,39,-0.02355,56.4,0.4583,0.625,ns
M1vsM2_24m,natural_breaks,Relative Disturbance,uWUE,Low,39,-0.0511,53.8,0.2627,0.4379,ns
M3vsM4_12m,tertiles,Absolute Mortality,ETmax,High,37,0.00082,45.9,0.8252,0.8252,ns
M3vsM4_12m,tertiles,Absolute Mortality,GPPsat,High,37,-0.65176,73,0.006678,0.03339,*
M3vsM4_12m,tertiles,Absolute Mortality,NEPmax,High,37,-0.5088,67.6,0.002508,0.01971,*
M3vsM4_12m,tertiles,Absolute Mortality,WUE,High,37,-0.01061,51.4,0.3872,0.5125,ns
M3vsM4_12m,tertiles,Absolute Mortality,uWUE,High,37,-0.00603,54.1,0.3757,0.5123,ns
M3vsM4_12m,tertiles,Absolute Mortality,ETmax,Mid,37,-0.00104,56.8,0.2935,0.4555,ns
M3vsM4_12m,tertiles,Absolute Mortality,GPPsat,Mid,37,-0.30232,73,0.0201,0.06957,ns
M3vsM4_12m,tertiles,Absolute Mortality,NEPmax,Mid,37,-0.42476,67.6,0.03877,0.1091,ns
M3vsM4_12m,tertiles,Absolute Mortality,WUE,Mid,37,-0.02493,59.5,0.2253,0.3621,ns
M3vsM4_12m,tertiles,Absolute Mortality,uWUE,Mid,37,-0.02223,59.5,0.1489,0.2681,ns
M3vsM4_12m,tertiles,Absolute Mortality,ETmax,Low,38,-0.00094,57.9,0.05697,0.1349,ns
M3vsM4_12m,tertiles,Absolute Mortality,GPPsat,Low,38,-0.55002,57.9,0.009403,0.03847,*
M3vsM4_12m,tertiles,Absolute Mortality,NEPmax,Low,38,-0.79722,71.1,0.001546,0.01739,*
M3vsM4_12m,tertiles,Absolute Mortality,WUE,Low,38,-0.01489,55.3,0.3213,0.4819,ns
M3vsM4_12m,tertiles,Absolute Mortality,uWUE,Low,38,0.01703,47.4,0.7042,0.7729,ns
M3vsM4_12m,tertiles,Relative Mortality,ETmax,High,37,0.00109,45.9,0.7967,0.8252,ns
M3vsM4_12m,tertiles,Relative Mortality,GPPsat,High,37,-0.422,70.3,0.01182,0.04432,*
M3vsM4_12m,tertiles,Relative Mortality,NEPmax,High,37,-0.77019,70.3,0.004944,0.02781,*
M3vsM4_12m,tertiles,Relative Mortality,WUE,High,37,-0.05043,54.1,0.3643,0.5123,ns
M3vsM4_12m,tertiles,Relative Mortality,uWUE,High,37,-0.02223,59.5,0.1949,0.3249,ns
M3vsM4_12m,tertiles,Relative Mortality,ETmax,Mid,37,-0.00109,62.2,0.03175,0.09526,ns
M3vsM4_12m,tertiles,Relative Mortality,GPPsat,Mid,37,-0.69595,75.7,0.002628,0.01971,*
M3vsM4_12m,tertiles,Relative Mortality,NEPmax,Mid,37,-0.74797,75.7,0.0003633,0.008175,**
M3vsM4_12m,tertiles,Relative Mortality,WUE,Mid,37,-0.04849,59.5,0.09216,0.1885,ns
M3vsM4_12m,tertiles,Relative Mortality,uWUE,Mid,37,-0.00943,59.5,0.1421,0.2664,ns
M3vsM4_12m,tertiles,Relative Mortality,ETmax,Low,38,-3e-04,52.6,0.3585,0.5123,ns
M3vsM4_12m,tertiles,Relative Mortality,GPPsat,Low,38,-0.22876,57.9,0.06036,0.1358,ns
M3vsM4_12m,tertiles,Relative Mortality,NEPmax,Low,38,-0.26932,60.5,0.05063,0.1266,ns
M3vsM4_12m,tertiles,Relative Mortality,WUE,Low,38,-0.01098,52.6,0.5974,0.6893,ns
M3vsM4_12m,tertiles,Relative Mortality,uWUE,Low,38,0.02501,42.1,0.8233,0.8252,ns
M3vsM4_12m,tertiles,Relative Disturbance,ETmax,High,37,0.00037,48.6,0.8009,0.8252,ns
M3vsM4_12m,tertiles,Relative Disturbance,GPPsat,High,37,-0.422,70.3,0.02582,0.08299,ns
M3vsM4_12m,tertiles,Relative Disturbance,NEPmax,High,37,-0.53452,70.3,0.003623,0.02329,*
M3vsM4_12m,tertiles,Relative Disturbance,WUE,High,37,-0.00858,51.4,0.4699,0.5874,ns
M3vsM4_12m,tertiles,Relative Disturbance,uWUE,High,37,-0.01547,59.5,0.1827,0.3162,ns
M3vsM4_12m,tertiles,Relative Disturbance,ETmax,Mid,37,-0.00266,64.9,0.008929,0.03847,*
M3vsM4_12m,tertiles,Relative Disturbance,GPPsat,Mid,37,-0.65176,75.7,0.001275,0.01739,*
M3vsM4_12m,tertiles,Relative Disturbance,NEPmax,Mid,37,-1.15973,78.4,0.0001095,0.004925,**
M3vsM4_12m,tertiles,Relative Disturbance,WUE,Mid,37,-0.04849,59.5,0.08258,0.177,ns
M3vsM4_12m,tertiles,Relative Disturbance,uWUE,Mid,37,-0.00603,51.4,0.506,0.5992,ns
M3vsM4_12m,tertiles,Relative Disturbance,ETmax,Low,38,0.00013,47.4,0.6941,0.7729,ns
M3vsM4_12m,tertiles,Relative Disturbance,GPPsat,Low,38,-0.24449,57.9,0.05063,0.1266,ns
M3vsM4_12m,tertiles,Relative Disturbance,NEPmax,Low,38,-0.15336,57.9,0.1384,0.2664,ns
M3vsM4_12m,tertiles,Relative Disturbance,WUE,Low,38,-0.01489,55.3,0.4538,0.5835,ns
M3vsM4_12m,tertiles,Relative Disturbance,uWUE,Low,38,0.00274,50,0.4884,0.594,ns
M3vsM4_12m,equal_width,Absolute Mortality,ETmax,Mid,52,-0.00016,55.8,0.3393,0.5265,ns
M3vsM4_12m,equal_width,Absolute Mortality,GPPsat,Mid,52,-0.27271,65.4,0.07837,0.2172,ns
M3vsM4_12m,equal_width,Absolute Mortality,NEPmax,Mid,52,-0.32067,63.5,0.0233,0.08739,ns
M3vsM4_12m,equal_width,Absolute Mortality,WUE,Mid,52,-0.03138,57.7,0.1571,0.3214,ns
M3vsM4_12m,equal_width,Absolute Mortality,uWUE,Mid,52,-0.01885,59.6,0.1036,0.2331,ns
M3vsM4_12m,equal_width,Absolute Mortality,ETmax,Low,54,-0.00074,55.6,0.08822,0.2172,ns
M3vsM4_12m,equal_width,Absolute Mortality,GPPsat,Low,54,-0.55002,66.7,0.0003574,0.005361,**
M3vsM4_12m,equal_width,Absolute Mortality,NEPmax,Low,54,-0.79722,72.2,0.0001545,0.005361,**
M3vsM4_12m,equal_width,Absolute Mortality,WUE,Low,54,-0.01098,51.9,0.5,0.6241,ns
M3vsM4_12m,equal_width,Absolute Mortality,uWUE,Low,54,0.00687,48.1,0.7859,0.842,ns
M3vsM4_12m,equal_width,Absolute Mortality,ETmax,High,6,0.00515,16.7,0.9533,0.9533,ns
M3vsM4_12m,equal_width,Absolute Mortality,GPPsat,High,6,-1.44797,100,0.01802,0.0737,ns
M3vsM4_12m,equal_width,Absolute Mortality,NEPmax,High,6,-2.78673,83.3,0.02959,0.1024,ns
M3vsM4_12m,equal_width,Absolute Mortality,WUE,High,6,-0.0991,66.7,0.3375,0.5265,ns
M3vsM4_12m,equal_width,Absolute Mortality,uWUE,High,6,0.00888,50,0.417,0.6241,ns
M3vsM4_12m,equal_width,Relative Mortality,ETmax,Mid,34,-9e-05,52.9,0.4659,0.6241,ns
M3vsM4_12m,equal_width,Relative Mortality,GPPsat,Mid,34,-0.95903,73.5,0.002662,0.01342,*
M3vsM4_12m,equal_width,Relative Mortality,NEPmax,Mid,34,-1.41374,79.4,0.0005144,0.005787,**
M3vsM4_12m,equal_width,Relative Mortality,WUE,Mid,34,0.00452,47.1,0.5136,0.6241,ns
M3vsM4_12m,equal_width,Relative Mortality,uWUE,Mid,34,-0.00964,55.9,0.5409,0.6241,ns
M3vsM4_12m,equal_width,Relative Mortality,ETmax,High,8,0.00252,25,0.9083,0.9505,ns
M3vsM4_12m,equal_width,Relative Mortality,GPPsat,High,8,-0.07111,62.5,0.5279,0.6241,ns
M3vsM4_12m,equal_width,Relative Mortality,NEPmax,High,8,0.09428,50,0.5279,0.6241,ns
M3vsM4_12m,equal_width,Relative Mortality,WUE,High,8,-0.13375,75,0.1814,0.3401,ns
M3vsM4_12m,equal_width,Relative Mortality,uWUE,High,8,-0.24592,75,0.09172,0.2172,ns
M3vsM4_12m,equal_width,Relative Mortality,ETmax,Low,70,-0.00085,57.1,0.0901,0.2172,ns
M3vsM4_12m,equal_width,Relative Mortality,GPPsat,Low,70,-0.31356,65.7,0.00142,0.01065,*
M3vsM4_12m,equal_width,Relative Mortality,NEPmax,Low,70,-0.41389,65.7,0.00142,0.01065,*
M3vsM4_12m,equal_width,Relative Mortality,WUE,Low,70,-0.01596,57.1,0.2431,0.4051,ns
M3vsM4_12m,equal_width,Relative Mortality,uWUE,Low,70,0.00156,50,0.5373,0.6241,ns
M3vsM4_12m,equal_width,Relative Disturbance,ETmax,Mid,39,-0.00022,61.5,0.1137,0.2436,ns
M3vsM4_12m,equal_width,Relative Disturbance,GPPsat,Mid,39,-0.70291,74.4,0.002684,0.01342,*
M3vsM4_12m,equal_width,Relative Disturbance,NEPmax,Mid,39,-0.83577,76.9,0.0003394,0.005361,**
M3vsM4_12m,equal_width,Relative Disturbance,WUE,Mid,39,0.01408,41,0.7848,0.842,ns
M3vsM4_12m,equal_width,Relative Disturbance,uWUE,Mid,39,-0.00233,51.3,0.7188,0.8086,ns
M3vsM4_12m,equal_width,Relative Disturbance,ETmax,High,10,0.00252,20,0.9485,0.9533,ns
M3vsM4_12m,equal_width,Relative Disturbance,GPPsat,High,10,-0.07111,60,0.5406,0.6241,ns
M3vsM4_12m,equal_width,Relative Disturbance,NEPmax,High,10,-0.24994,60,0.2378,0.4051,ns
M3vsM4_12m,equal_width,Relative Disturbance,WUE,High,10,-0.17435,80,0.06314,0.1894,ns
M3vsM4_12m,equal_width,Relative Disturbance,uWUE,High,10,-0.24592,80,0.04157,0.1336,ns
M3vsM4_12m,equal_width,Relative Disturbance,ETmax,Low,63,-0.00069,54,0.2247,0.4044,ns
M3vsM4_12m,equal_width,Relative Disturbance,GPPsat,Low,63,-0.30968,65.1,0.001713,0.01101,*
M3vsM4_12m,equal_width,Relative Disturbance,NEPmax,Low,63,-0.40302,65.1,0.003754,0.01689,*
M3vsM4_12m,equal_width,Relative Disturbance,WUE,Low,63,-0.02122,60.3,0.175,0.3401,ns
M3vsM4_12m,equal_width,Relative Disturbance,uWUE,Low,63,-0.00039,50.8,0.515,0.6241,ns
M3vsM4_12m,natural_breaks,Absolute Mortality,ETmax,High,29,0.00025,48.3,0.8005,0.8377,ns
M3vsM4_12m,natural_breaks,Absolute Mortality,GPPsat,High,29,-0.70291,72.4,0.009764,0.04491,*
M3vsM4_12m,natural_breaks,Absolute Mortality,NEPmax,High,29,-0.77019,65.5,0.007274,0.04491,*
M3vsM4_12m,natural_breaks,Absolute Mortality,WUE,High,29,-0.01061,51.7,0.5086,0.6539,ns
M3vsM4_12m,natural_breaks,Absolute Mortality,uWUE,High,29,0.00881,48.3,0.594,0.7034,ns
M3vsM4_12m,natural_breaks,Absolute Mortality,ETmax,Mid,46,-0.00098,54.3,0.343,0.4979,ns
M3vsM4_12m,natural_breaks,Absolute Mortality,GPPsat,Mid,46,-0.306,73.9,0.00998,0.04491,*
M3vsM4_12m,natural_breaks,Absolute Mortality,NEPmax,Mid,46,-0.43598,69.6,0.008875,0.04491,*
M3vsM4_12m,natural_breaks,Absolute Mortality,WUE,Mid,46,-0.02307,58.7,0.1234,0.2314,ns
M3vsM4_12m,natural_breaks,Absolute Mortality,uWUE,Mid,46,-0.02271,63,0.04624,0.1095,ns
M3vsM4_12m,natural_breaks,Absolute Mortality,ETmax,Low,37,-0.00079,56.8,0.06964,0.1416,ns
M3vsM4_12m,natural_breaks,Absolute Mortality,GPPsat,Low,37,-0.53655,56.8,0.01491,0.061,ns
M3vsM4_12m,natural_breaks,Absolute Mortality,NEPmax,Low,37,-0.77507,70.3,0.002508,0.02257,*
M3vsM4_12m,natural_breaks,Absolute Mortality,WUE,Low,37,-0.01214,54.1,0.3586,0.5044,ns
M3vsM4_12m,natural_breaks,Absolute Mortality,uWUE,Low,37,0.02818,45.9,0.7792,0.8377,ns
M3vsM4_12m,natural_breaks,Relative Mortality,ETmax,Mid,45,-0.00091,62.2,0.04108,0.1087,ns
M3vsM4_12m,natural_breaks,Relative Mortality,GPPsat,Mid,45,-0.69595,71.1,0.001339,0.01506,*
M3vsM4_12m,natural_breaks,Relative Mortality,NEPmax,Mid,45,-1.02635,77.8,7.8e-05,0.001755,**
M3vsM4_12m,natural_breaks,Relative Mortality,WUE,Mid,45,-0.04849,55.6,0.1803,0.312,ns
M3vsM4_12m,natural_breaks,Relative Mortality,uWUE,Mid,45,-0.00785,57.8,0.4955,0.6539,ns
M3vsM4_12m,natural_breaks,Relative Mortality,ETmax,High,26,0.00125,38.5,0.8626,0.8822,ns
M3vsM4_12m,natural_breaks,Relative Mortality,GPPsat,High,26,-0.41854,76.9,0.03009,0.0956,ns
M3vsM4_12m,natural_breaks,Relative Mortality,NEPmax,High,26,-0.42782,69.2,0.03187,0.0956,ns
M3vsM4_12m,natural_breaks,Relative Mortality,WUE,High,26,-0.05487,57.7,0.2711,0.4357,ns
M3vsM4_12m,natural_breaks,Relative Mortality,uWUE,High,26,-0.06953,65.4,0.03567,0.1003,ns
M3vsM4_12m,natural_breaks,Relative Mortality,ETmax,Low,41,-0.00048,53.7,0.3066,0.46,ns
M3vsM4_12m,natural_breaks,Relative Mortality,GPPsat,Low,41,-0.1945,58.5,0.04603,0.1095,ns
M3vsM4_12m,natural_breaks,Relative Mortality,NEPmax,Low,41,-0.1825,58.5,0.05548,0.1189,ns
M3vsM4_12m,natural_breaks,Relative Mortality,WUE,Low,41,-0.01214,53.7,0.531,0.6637,ns
M3vsM4_12m,natural_breaks,Relative Mortality,uWUE,Low,41,0.02183,41.5,0.7854,0.8377,ns
M3vsM4_12m,natural_breaks,Relative Disturbance,ETmax,Mid,49,-0.00246,67.3,0.007202,0.04491,*
M3vsM4_12m,natural_breaks,Relative Disturbance,GPPsat,Mid,49,-0.69595,73.5,0.0006568,0.009853,**
M3vsM4_12m,natural_breaks,Relative Disturbance,NEPmax,Mid,49,-1.15973,77.6,2.081e-05,0.0009365,***
M3vsM4_12m,natural_breaks,Relative Disturbance,WUE,Mid,49,-0.01061,53.1,0.2887,0.4481,ns
M3vsM4_12m,natural_breaks,Relative Disturbance,uWUE,Mid,49,-0.00233,51,0.7346,0.8264,ns
M3vsM4_12m,natural_breaks,Relative Disturbance,ETmax,High,24,0.00125,37.5,0.9294,0.9294,ns
M3vsM4_12m,natural_breaks,Relative Disturbance,GPPsat,High,24,-0.35024,75,0.05021,0.113,ns
M3vsM4_12m,natural_breaks,Relative Disturbance,NEPmax,High,24,-0.4346,70.8,0.02199,0.08246,ns
M3vsM4_12m,natural_breaks,Relative Disturbance,WUE,High,24,-0.07714,58.3,0.2245,0.3741,ns
M3vsM4_12m,natural_breaks,Relative Disturbance,uWUE,High,24,-0.06953,66.7,0.02517,0.08711,ns
M3vsM4_12m,natural_breaks,Relative Disturbance,ETmax,Low,39,3e-05,46.2,0.6947,0.8016,ns
M3vsM4_12m,natural_breaks,Relative Disturbance,GPPsat,Low,39,-0.1945,56.4,0.07238,0.1416,ns
M3vsM4_12m,natural_breaks,Relative Disturbance,NEPmax,Low,39,-0.12422,56.4,0.1696,0.3052,ns
M3vsM4_12m,natural_breaks,Relative Disturbance,WUE,Low,39,-0.01764,56.4,0.4253,0.5799,ns
M3vsM4_12m,natural_breaks,Relative Disturbance,uWUE,Low,39,0.00588,48.7,0.5692,0.6923,ns
M3vsM4_24m,tertiles,Absolute Mortality,ETmax,High,37,0.00101,35.1,0.9283,0.9494,ns
M3vsM4_24m,tertiles,Absolute Mortality,GPPsat,High,37,-0.51372,73,0.008226,0.04113,*
M3vsM4_24m,tertiles,Absolute Mortality,NEPmax,High,37,-0.5202,75.7,0.003161,0.02845,*
M3vsM4_24m,tertiles,Absolute Mortality,WUE,High,37,-0.04879,59.5,0.1709,0.3606,ns
M3vsM4_24m,tertiles,Absolute Mortality,uWUE,High,37,-0.0343,54.1,0.2164,0.3606,ns
M3vsM4_24m,tertiles,Absolute Mortality,ETmax,Mid,37,0.00063,40.5,0.63,0.7461,ns
M3vsM4_24m,tertiles,Absolute Mortality,GPPsat,Mid,37,-0.22876,73,0.009684,0.04358,*
M3vsM4_24m,tertiles,Absolute Mortality,NEPmax,Mid,37,-0.36045,56.8,0.1289,0.3413,ns
M3vsM4_24m,tertiles,Absolute Mortality,WUE,Mid,37,0.01358,45.9,0.3643,0.4968,ns
M3vsM4_24m,tertiles,Absolute Mortality,uWUE,Mid,37,-0.02173,62.2,0.2345,0.3769,ns
M3vsM4_24m,tertiles,Absolute Mortality,ETmax,Low,38,-0.00056,55.3,0.3008,0.423,ns
M3vsM4_24m,tertiles,Absolute Mortality,GPPsat,Low,38,-0.28193,55.3,0.02116,0.07325,ns
M3vsM4_24m,tertiles,Absolute Mortality,NEPmax,Low,38,-0.47063,73.7,0.001779,0.02001,*
M3vsM4_24m,tertiles,Absolute Mortality,WUE,Low,38,-0.02001,55.3,0.4596,0.6083,ns
M3vsM4_24m,tertiles,Absolute Mortality,uWUE,Low,38,-0.00298,50,0.5231,0.6362,ns
M3vsM4_24m,tertiles,Relative Mortality,ETmax,High,37,0.00081,40.5,0.8613,0.9178,ns
M3vsM4_24m,tertiles,Relative Mortality,GPPsat,High,37,-0.32871,73,0.006965,0.04113,*
M3vsM4_24m,tertiles,Relative Mortality,NEPmax,High,37,-0.45039,73,0.01092,0.04468,*
M3vsM4_24m,tertiles,Relative Mortality,WUE,High,37,-0.04668,59.5,0.1709,0.3606,ns
M3vsM4_24m,tertiles,Relative Mortality,uWUE,High,37,-0.0343,59.5,0.1949,0.3606,ns
M3vsM4_24m,tertiles,Relative Mortality,ETmax,Mid,37,2e-05,48.6,0.2987,0.423,ns
M3vsM4_24m,tertiles,Relative Mortality,GPPsat,Mid,37,-0.51372,73,0.004144,0.03108,*
M3vsM4_24m,tertiles,Relative Mortality,NEPmax,Mid,37,-0.80428,75.7,0.001213,0.0182,*
M3vsM4_24m,tertiles,Relative Mortality,WUE,Mid,37,-0.04879,59.5,0.1421,0.3551,ns
M3vsM4_24m,tertiles,Relative Mortality,uWUE,Mid,37,-0.01872,54.1,0.2987,0.423,ns
M3vsM4_24m,tertiles,Relative Mortality,ETmax,Low,38,0.00048,42.1,0.6682,0.7518,ns
M3vsM4_24m,tertiles,Relative Mortality,GPPsat,Low,38,-0.10251,55.3,0.1088,0.3061,ns
M3vsM4_24m,tertiles,Relative Mortality,NEPmax,Low,38,-0.17713,57.9,0.1009,0.3028,ns
M3vsM4_24m,tertiles,Relative Mortality,WUE,Low,38,0.02092,42.1,0.7523,0.8256,ns
M3vsM4_24m,tertiles,Relative Mortality,uWUE,Low,38,-0.02346,52.6,0.4826,0.6205,ns
M3vsM4_24m,tertiles,Relative Disturbance,ETmax,High,37,0.001,35.1,0.9776,0.9776,ns
M3vsM4_24m,tertiles,Relative Disturbance,GPPsat,High,37,-0.36294,70.3,0.01609,0.06032,ns
M3vsM4_24m,tertiles,Relative Disturbance,NEPmax,High,37,-0.45039,73,0.007573,0.04113,*
M3vsM4_24m,tertiles,Relative Disturbance,WUE,High,37,-0.04063,56.8,0.2439,0.3784,ns
M3vsM4_24m,tertiles,Relative Disturbance,uWUE,High,37,-0.0343,56.8,0.1748,0.3606,ns
M3vsM4_24m,tertiles,Relative Disturbance,ETmax,Mid,37,-0.0013,59.5,0.03512,0.1129,ns
M3vsM4_24m,tertiles,Relative Disturbance,GPPsat,Mid,37,-0.52952,78.4,0.001213,0.0182,*
M3vsM4_24m,tertiles,Relative Disturbance,NEPmax,Mid,37,-0.80428,78.4,0.0005597,0.0182,*
M3vsM4_24m,tertiles,Relative Disturbance,WUE,Mid,37,-0.04668,59.5,0.2033,0.3606,ns
M3vsM4_24m,tertiles,Relative Disturbance,uWUE,Mid,37,-0.00173,51.4,0.6636,0.7518,ns
M3vsM4_24m,tertiles,Relative Disturbance,ETmax,Low,38,0.00049,36.8,0.877,0.9178,ns
M3vsM4_24m,tertiles,Relative Disturbance,GPPsat,Low,38,-0.08153,52.6,0.1882,0.3606,ns
M3vsM4_24m,tertiles,Relative Disturbance,NEPmax,Low,38,-0.12342,55.3,0.2084,0.3606,ns
M3vsM4_24m,tertiles,Relative Disturbance,WUE,Low,38,0.01569,44.7,0.5116,0.6362,ns
M3vsM4_24m,tertiles,Relative Disturbance,uWUE,Low,38,-0.0576,57.9,0.1805,0.3606,ns
M3vsM4_24m,equal_width,Absolute Mortality,ETmax,Mid,52,0.00064,40.4,0.6673,0.787,ns
M3vsM4_24m,equal_width,Absolute Mortality,GPPsat,Mid,52,-0.24729,67.3,0.05705,0.1604,ns
M3vsM4_24m,equal_width,Absolute Mortality,NEPmax,Mid,52,-0.36664,61.5,0.08668,0.195,ns
M3vsM4_24m,equal_width,Absolute Mortality,WUE,Mid,52,-0.05126,57.7,0.08668,0.195,ns
M3vsM4_24m,equal_width,Absolute Mortality,uWUE,Mid,52,-0.03701,59.6,0.08668,0.195,ns
M3vsM4_24m,equal_width,Absolute Mortality,ETmax,Low,54,0.00012,48.1,0.4897,0.6481,ns
M3vsM4_24m,equal_width,Absolute Mortality,GPPsat,Low,54,-0.3507,64.8,0.0009138,0.01557,*
M3vsM4_24m,equal_width,Absolute Mortality,NEPmax,Low,54,-0.59054,72.2,0.0003805,0.01557,*
M3vsM4_24m,equal_width,Absolute Mortality,WUE,Low,54,0.01154,48.1,0.6821,0.787,ns
M3vsM4_24m,equal_width,Absolute Mortality,uWUE,Low,54,-0.00298,50,0.7151,0.8045,ns
M3vsM4_24m,equal_width,Absolute Mortality,ETmax,High,6,0.00166,33.3,0.8527,0.8924,ns
M3vsM4_24m,equal_width,Absolute Mortality,GPPsat,High,6,-1.14242,83.3,0.02959,0.1024,ns
M3vsM4_24m,equal_width,Absolute Mortality,NEPmax,High,6,-2.74214,100,0.01802,0.0737,ns
M3vsM4_24m,equal_width,Absolute Mortality,WUE,High,6,-0.04485,66.7,0.417,0.6053,ns
M3vsM4_24m,equal_width,Absolute Mortality,uWUE,High,6,-0.04202,66.7,0.2647,0.5179,ns
M3vsM4_24m,equal_width,Relative Mortality,ETmax,Mid,34,0.00065,41.2,0.774,0.8496,ns
M3vsM4_24m,equal_width,Relative Mortality,GPPsat,Mid,34,-0.70058,76.5,0.001638,0.01557,*
M3vsM4_24m,equal_width,Relative Mortality,NEPmax,Mid,34,-0.8774,76.5,0.00328,0.0246,*
M3vsM4_24m,equal_width,Relative Mortality,WUE,Mid,34,-0.01636,52.9,0.3857,0.6044,ns
M3vsM4_24m,equal_width,Relative Mortality,uWUE,Mid,34,-0.01054,52.9,0.6143,0.7679,ns
M3vsM4_24m,equal_width,Relative Mortality,ETmax,High,8,0.00103,25,0.9083,0.9289,ns
M3vsM4_24m,equal_width,Relative Mortality,GPPsat,High,8,-0.19298,62.5,0.3631,0.6044,ns
M3vsM4_24m,equal_width,Relative Mortality,NEPmax,High,8,-0.0462,75,0.1814,0.371,ns
M3vsM4_24m,equal_width,Relative Mortality,WUE,High,8,-0.14443,87.5,0.05366,0.1604,ns
M3vsM4_24m,equal_width,Relative Mortality,uWUE,High,8,-0.28213,87.5,0.09172,0.1965,ns
M3vsM4_24m,equal_width,Relative Mortality,ETmax,Low,70,0.00012,47.1,0.4029,0.6044,ns
M3vsM4_24m,equal_width,Relative Mortality,GPPsat,Low,70,-0.23005,62.9,0.006653,0.03742,*
M3vsM4_24m,equal_width,Relative Mortality,NEPmax,Low,70,-0.36684,64.3,0.003943,0.02535,*
M3vsM4_24m,equal_width,Relative Mortality,WUE,Low,70,0.00035,50,0.4418,0.6213,ns
M3vsM4_24m,equal_width,Relative Mortality,uWUE,Low,70,-0.02496,52.9,0.3033,0.5459,ns
M3vsM4_24m,equal_width,Relative Disturbance,ETmax,Mid,39,0.00061,46.2,0.5139,0.6607,ns
M3vsM4_24m,equal_width,Relative Disturbance,GPPsat,Mid,39,-0.50264,76.9,0.00173,0.01557,*
M3vsM4_24m,equal_width,Relative Disturbance,NEPmax,Mid,39,-0.71715,76.9,0.00173,0.01557,*
M3vsM4_24m,equal_width,Relative Disturbance,WUE,Mid,39,0.02453,46.2,0.6648,0.787,ns
M3vsM4_24m,equal_width,Relative Disturbance,uWUE,Mid,39,0.0222,46.2,0.8046,0.8621,ns
M3vsM4_24m,equal_width,Relative Disturbance,ETmax,High,10,0.00103,20,0.9584,0.9584,ns
M3vsM4_24m,equal_width,Relative Disturbance,GPPsat,High,10,-0.19298,60,0.3799,0.6044,ns
M3vsM4_24m,equal_width,Relative Disturbance,NEPmax,High,10,-0.13129,80,0.07679,0.195,ns
M3vsM4_24m,equal_width,Relative Disturbance,WUE,High,10,-0.2418,90,0.02639,0.09898,ns
M3vsM4_24m,equal_width,Relative Disturbance,uWUE,High,10,-0.28213,90,0.04157,0.1336,ns
M3vsM4_24m,equal_width,Relative Disturbance,ETmax,Low,63,0.00021,46,0.4877,0.6481,ns
M3vsM4_24m,equal_width,Relative Disturbance,GPPsat,Low,63,-0.22876,61.9,0.007613,0.03807,*
M3vsM4_24m,equal_width,Relative Disturbance,NEPmax,Low,63,-0.2979,61.9,0.01204,0.05419,ns
M3vsM4_24m,equal_width,Relative Disturbance,WUE,Low,63,-0.01909,52.4,0.3908,0.6044,ns
M3vsM4_24m,equal_width,Relative Disturbance,uWUE,Low,63,-0.03159,55.6,0.2955,0.5459,ns
M3vsM4_24m,natural_breaks,Absolute Mortality,ETmax,High,29,0.00107,37.9,0.9168,0.9423,ns
M3vsM4_24m,natural_breaks,Absolute Mortality,GPPsat,High,29,-0.51372,75.9,0.007722,0.04437,*
M3vsM4_24m,natural_breaks,Absolute Mortality,NEPmax,High,29,-0.57862,79.3,0.004733,0.03549,*
M3vsM4_24m,natural_breaks,Absolute Mortality,WUE,High,29,-0.03212,55.2,0.4228,0.6343,ns
M3vsM4_24m,natural_breaks,Absolute Mortality,uWUE,High,29,0.0222,44.8,0.5086,0.6732,ns
M3vsM4_24m,natural_breaks,Absolute Mortality,ETmax,Mid,46,5e-04,39.1,0.6924,0.7989,ns
M3vsM4_24m,natural_breaks,Absolute Mortality,GPPsat,Mid,46,-0.24729,71.7,0.008875,0.04437,*
M3vsM4_24m,natural_breaks,Absolute Mortality,NEPmax,Mid,46,-0.32917,58.7,0.05413,0.1353,ns
M3vsM4_24m,natural_breaks,Absolute Mortality,WUE,Mid,46,-0.0247,52.2,0.1446,0.2958,ns
M3vsM4_24m,natural_breaks,Absolute Mortality,uWUE,Mid,46,-0.04354,67.4,0.05413,0.1353,ns
M3vsM4_24m,natural_breaks,Absolute Mortality,ETmax,Low,37,-0.00016,54.1,0.3093,0.4971,ns
M3vsM4_24m,natural_breaks,Absolute Mortality,GPPsat,Low,37,-0.23134,54.1,0.03285,0.1012,ns
M3vsM4_24m,natural_breaks,Absolute Mortality,NEPmax,Low,37,-0.41393,73,0.002883,0.02595,*
M3vsM4_24m,natural_breaks,Absolute Mortality,WUE,Low,37,-0.01997,54.1,0.494,0.6732,ns
M3vsM4_24m,natural_breaks,Absolute Mortality,uWUE,Low,37,0.00976,48.6,0.607,0.7383,ns
M3vsM4_24m,natural_breaks,Relative Mortality,ETmax,Mid,45,0.00032,46.7,0.3506,0.544,ns
M3vsM4_24m,natural_breaks,Relative Mortality,GPPsat,Mid,45,-0.51372,75.6,0.001389,0.01563,*
M3vsM4_24m,natural_breaks,Relative Mortality,NEPmax,Mid,45,-0.84749,80,0.0001806,0.006997,**
M3vsM4_24m,natural_breaks,Relative Mortality,WUE,Mid,45,-0.01997,55.6,0.2748,0.4581,ns
M3vsM4_24m,natural_breaks,Relative Mortality,uWUE,Mid,45,0.01199,46.7,0.8076,0.9086,ns
M3vsM4_24m,natural_breaks,Relative Mortality,ETmax,High,26,0.00083,38.5,0.9423,0.9423,ns
M3vsM4_24m,natural_breaks,Relative Mortality,GPPsat,High,26,-0.34582,69.2,0.03373,0.1012,ns
M3vsM4_24m,natural_breaks,Relative Mortality,NEPmax,High,26,-0.38844,73.1,0.03187,0.1012,ns
M3vsM4_24m,natural_breaks,Relative Mortality,WUE,High,26,-0.05879,65.4,0.1067,0.24,ns
M3vsM4_24m,natural_breaks,Relative Mortality,uWUE,High,26,-0.08957,73.1,0.01543,0.06944,ns
M3vsM4_24m,natural_breaks,Relative Mortality,ETmax,Low,41,0.00031,43.9,0.5567,0.6958,ns
M3vsM4_24m,natural_breaks,Relative Mortality,GPPsat,Low,41,-0.11357,56.1,0.08479,0.2008,ns
M3vsM4_24m,natural_breaks,Relative Mortality,NEPmax,Low,41,-0.10421,53.7,0.1856,0.3632,ns
M3vsM4_24m,natural_breaks,Relative Mortality,WUE,Low,41,0.01779,43.9,0.6465,0.7655,ns
M3vsM4_24m,natural_breaks,Relative Mortality,uWUE,Low,41,-0.03119,53.7,0.4484,0.651,ns
M3vsM4_24m,natural_breaks,Relative Disturbance,ETmax,Mid,49,-6e-05,51,0.1284,0.2751,ns
M3vsM4_24m,natural_breaks,Relative Disturbance,GPPsat,Mid,49,-0.64451,77.6,0.0005918,0.008877,**
M3vsM4_24m,natural_breaks,Relative Disturbance,NEPmax,Mid,49,-0.84749,75.5,0.000311,0.006997,**
M3vsM4_24m,natural_breaks,Relative Disturbance,WUE,Mid,49,-0.01997,55.1,0.5079,0.6732,ns
M3vsM4_24m,natural_breaks,Relative Disturbance,uWUE,Mid,49,0.01615,44.9,0.8674,0.9293,ns
M3vsM4_24m,natural_breaks,Relative Disturbance,ETmax,High,24,0.00083,37.5,0.9403,0.9423,ns
M3vsM4_24m,natural_breaks,Relative Disturbance,GPPsat,High,24,-0.34582,70.8,0.03267,0.1012,ns
M3vsM4_24m,natural_breaks,Relative Disturbance,NEPmax,High,24,-0.42699,79.2,0.008523,0.04437,*
M3vsM4_24m,natural_breaks,Relative Disturbance,WUE,High,24,-0.05879,66.7,0.05021,0.1353,ns
M3vsM4_24m,natural_breaks,Relative Disturbance,uWUE,High,24,-0.07321,75,0.02053,0.084,ns
M3vsM4_24m,natural_breaks,Relative Disturbance,ETmax,Low,39,0.00032,38.5,0.8664,0.9293,ns
M3vsM4_24m,natural_breaks,Relative Disturbance,GPPsat,Low,39,-0.0716,51.3,0.2405,0.4329,ns
M3vsM4_24m,natural_breaks,Relative Disturbance,NEPmax,Low,39,-0.10421,53.8,0.2627,0.4547,ns
M3vsM4_24m,natural_breaks,Relative Disturbance,WUE,Low,39,0.01717,43.6,0.525,0.675,ns
M3vsM4_24m,natural_breaks,Relative Disturbance,uWUE,Low,39,-0.04594,56.4,0.2152,0.4035,ns
M5vsM6_raw_12m,tertiles,Absolute Mortality,ETmax,High,37,-0.00031,64.9,0.1167,0.6562,ns
M5vsM6_raw_12m,tertiles,Absolute Mortality,GPPsat,High,37,0.12712,35.1,0.9813,0.9987,ns
M5vsM6_raw_12m,tertiles,Absolute Mortality,NEPmax,High,37,0.14485,37.8,0.7609,0.9162,ns
M5vsM6_raw_12m,tertiles,Absolute Mortality,WUE,High,37,-0.00382,54.1,0.6186,0.9162,ns
M5vsM6_raw_12m,tertiles,Absolute Mortality,uWUE,High,37,-0.00278,54.1,0.5421,0.9162,ns
M5vsM6_raw_12m,tertiles,Absolute Mortality,ETmax,Mid,37,0.00121,27,0.9987,0.9987,ns
M5vsM6_raw_12m,tertiles,Absolute Mortality,GPPsat,Mid,37,-0.1044,64.9,0.01229,0.1243,ns
M5vsM6_raw_12m,tertiles,Absolute Mortality,NEPmax,Mid,37,-0.02592,54.1,0.1421,0.7103,ns
M5vsM6_raw_12m,tertiles,Absolute Mortality,WUE,Mid,37,-0.00085,51.4,0.2832,0.7908,ns
M5vsM6_raw_12m,tertiles,Absolute Mortality,uWUE,Mid,37,0.01346,37.8,0.6526,0.9162,ns
M5vsM6_raw_12m,tertiles,Absolute Mortality,ETmax,Low,38,-0.00059,57.9,0.3694,0.9162,ns
M5vsM6_raw_12m,tertiles,Absolute Mortality,GPPsat,Low,38,-0.21064,73.7,0.003649,0.08951,ns
M5vsM6_raw_12m,tertiles,Absolute Mortality,NEPmax,Low,38,0.03905,44.7,0.7336,0.9162,ns
M5vsM6_raw_12m,tertiles,Absolute Mortality,WUE,Low,38,-0.0071,57.9,0.2477,0.7908,ns
M5vsM6_raw_12m,tertiles,Absolute Mortality,uWUE,Low,38,0.00509,44.7,0.7092,0.9162,ns
M5vsM6_raw_12m,tertiles,Relative Mortality,ETmax,High,37,0.00081,40.5,0.8833,0.9244,ns
M5vsM6_raw_12m,tertiles,Relative Mortality,GPPsat,High,37,0.05043,43.2,0.8475,0.9162,ns
M5vsM6_raw_12m,tertiles,Relative Mortality,NEPmax,High,37,0.14485,40.5,0.7168,0.9162,ns
M5vsM6_raw_12m,tertiles,Relative Mortality,WUE,High,37,-0.00085,54.1,0.6854,0.9162,ns
M5vsM6_raw_12m,tertiles,Relative Mortality,uWUE,High,37,0.00636,45.9,0.6186,0.9162,ns
M5vsM6_raw_12m,tertiles,Relative Mortality,ETmax,Mid,37,-0.00049,64.9,0.2486,0.7908,ns
M5vsM6_raw_12m,tertiles,Relative Mortality,GPPsat,Mid,37,-0.04087,56.8,0.1053,0.6562,ns
M5vsM6_raw_12m,tertiles,Relative Mortality,NEPmax,Mid,37,0.00105,48.6,0.2884,0.7908,ns
M5vsM6_raw_12m,tertiles,Relative Mortality,WUE,Mid,37,-0.00382,51.4,0.2253,0.7908,ns
M5vsM6_raw_12m,tertiles,Relative Mortality,uWUE,Mid,37,-0.00838,54.1,0.4639,0.9162,ns
M5vsM6_raw_12m,tertiles,Relative Mortality,ETmax,Low,38,0.00071,44.7,0.8308,0.9162,ns
M5vsM6_raw_12m,tertiles,Relative Mortality,GPPsat,Low,38,-0.13426,73.7,0.003978,0.08951,ns
M5vsM6_raw_12m,tertiles,Relative Mortality,NEPmax,Low,38,0.03279,47.4,0.6469,0.9162,ns
M5vsM6_raw_12m,tertiles,Relative Mortality,WUE,Low,38,-0.0071,57.9,0.2125,0.7908,ns
M5vsM6_raw_12m,tertiles,Relative Mortality,uWUE,Low,38,0.01219,36.8,0.7142,0.9162,ns
M5vsM6_raw_12m,tertiles,Relative Disturbance,ETmax,High,37,0.00054,43.2,0.8366,0.9162,ns
M5vsM6_raw_12m,tertiles,Relative Disturbance,GPPsat,High,37,0.0361,48.6,0.7561,0.9162,ns
M5vsM6_raw_12m,tertiles,Relative Disturbance,NEPmax,High,37,0.10381,43.2,0.518,0.9162,ns
M5vsM6_raw_12m,tertiles,Relative Disturbance,WUE,High,37,6e-04,48.6,0.8291,0.9162,ns
M5vsM6_raw_12m,tertiles,Relative Disturbance,uWUE,High,37,0.00481,48.6,0.68,0.9162,ns
M5vsM6_raw_12m,tertiles,Relative Disturbance,ETmax,Mid,37,-0.00052,59.5,0.2987,0.7908,ns
M5vsM6_raw_12m,tertiles,Relative Disturbance,GPPsat,Mid,37,-0.04087,54.1,0.09467,0.6562,ns
M5vsM6_raw_12m,tertiles,Relative Disturbance,NEPmax,Mid,37,0.0471,43.2,0.5301,0.9162,ns
M5vsM6_raw_12m,tertiles,Relative Disturbance,WUE,Mid,37,-0.01663,64.9,0.01381,0.1243,ns
M5vsM6_raw_12m,tertiles,Relative Disturbance,uWUE,Mid,37,-0.01069,54.1,0.2781,0.7908,ns
M5vsM6_raw_12m,tertiles,Relative Disturbance,ETmax,Low,38,6e-04,47.4,0.8551,0.9162,ns
M5vsM6_raw_12m,tertiles,Relative Disturbance,GPPsat,Low,38,-0.11022,71.1,0.01016,0.1243,ns
M5vsM6_raw_12m,tertiles,Relative Disturbance,NEPmax,Low,38,0.00043,50,0.5519,0.9162,ns
M5vsM6_raw_12m,tertiles,Relative Disturbance,WUE,Low,38,-0.00187,50,0.4884,0.9162,ns
M5vsM6_raw_12m,tertiles,Relative Disturbance,uWUE,Low,38,0.01315,34.2,0.8233,0.9162,ns
M5vsM6_raw_12m,equal_width,Absolute Mortality,ETmax,Mid,52,0.00021,48.1,0.7541,0.9599,ns
M5vsM6_raw_12m,equal_width,Absolute Mortality,GPPsat,Mid,52,0.03154,46.2,0.8151,0.9599,ns
M5vsM6_raw_12m,equal_width,Absolute Mortality,NEPmax,Mid,52,0.09037,40.4,0.7765,0.9599,ns
M5vsM6_raw_12m,equal_width,Absolute Mortality,WUE,Mid,52,-0.00684,55.8,0.2128,0.9599,ns
M5vsM6_raw_12m,equal_width,Absolute Mortality,uWUE,Mid,52,0.00512,46.2,0.5489,0.9599,ns
M5vsM6_raw_12m,equal_width,Absolute Mortality,ETmax,Low,54,-0.00034,53.7,0.5548,0.9599,ns
M5vsM6_raw_12m,equal_width,Absolute Mortality,GPPsat,Low,54,-0.21064,74.1,0.0001264,0.005689,**
M5vsM6_raw_12m,equal_width,Absolute Mortality,NEPmax,Low,54,-0.00425,50,0.3981,0.9599,ns
M5vsM6_raw_12m,equal_width,Absolute Mortality,WUE,Low,54,-0.00577,53.7,0.3915,0.9599,ns
M5vsM6_raw_12m,equal_width,Absolute Mortality,uWUE,Low,54,0.00607,44.4,0.6973,0.9599,ns
M5vsM6_raw_12m,equal_width,Absolute Mortality,ETmax,High,6,0.00163,33.3,0.8958,0.9722,ns
M5vsM6_raw_12m,equal_width,Absolute Mortality,GPPsat,High,6,0.41088,16.7,0.9533,0.9818,ns
M5vsM6_raw_12m,equal_width,Absolute Mortality,NEPmax,High,6,-0.24189,50,0.3375,0.9599,ns
M5vsM6_raw_12m,equal_width,Absolute Mortality,WUE,High,6,0.01431,50,0.6625,0.9599,ns
M5vsM6_raw_12m,equal_width,Absolute Mortality,uWUE,High,6,0.00771,50,0.7353,0.9599,ns
M5vsM6_raw_12m,equal_width,Relative Mortality,ETmax,Mid,34,-2e-05,50,0.5205,0.9599,ns
M5vsM6_raw_12m,equal_width,Relative Mortality,GPPsat,Mid,34,0.05353,41.2,0.7078,0.9599,ns
M5vsM6_raw_12m,equal_width,Relative Mortality,NEPmax,Mid,34,0.1647,41.2,0.6778,0.9599,ns
M5vsM6_raw_12m,equal_width,Relative Mortality,WUE,Mid,34,-0.00625,55.9,0.5205,0.9599,ns
M5vsM6_raw_12m,equal_width,Relative Mortality,uWUE,Mid,34,0.00959,44.1,0.7941,0.9599,ns
M5vsM6_raw_12m,equal_width,Relative Mortality,ETmax,High,8,0.00104,37.5,0.7794,0.9599,ns
M5vsM6_raw_12m,equal_width,Relative Mortality,GPPsat,High,8,0.15499,37.5,0.96,0.9818,ns
M5vsM6_raw_12m,equal_width,Relative Mortality,NEPmax,High,8,-0.11579,50,0.2206,0.9599,ns
M5vsM6_raw_12m,equal_width,Relative Mortality,WUE,High,8,-0.00531,62.5,0.5279,0.9599,ns
M5vsM6_raw_12m,equal_width,Relative Mortality,uWUE,High,8,-0.0036,50,0.312,0.9599,ns
M5vsM6_raw_12m,equal_width,Relative Mortality,ETmax,Low,70,-4e-05,51.4,0.7569,0.9599,ns
M5vsM6_raw_12m,equal_width,Relative Mortality,GPPsat,Low,70,-0.11022,68.6,0.001041,0.01923,*
M5vsM6_raw_12m,equal_width,Relative Mortality,NEPmax,Low,70,0.01381,47.1,0.5396,0.9599,ns
M5vsM6_raw_12m,equal_width,Relative Mortality,WUE,Low,70,-0.00576,52.9,0.1997,0.9599,ns
M5vsM6_raw_12m,equal_width,Relative Mortality,uWUE,Low,70,0.00336,45.7,0.6129,0.9599,ns
M5vsM6_raw_12m,equal_width,Relative Disturbance,ETmax,Mid,39,-3e-04,56.4,0.2582,0.9599,ns
M5vsM6_raw_12m,equal_width,Relative Disturbance,GPPsat,Mid,39,0.00923,48.7,0.4972,0.9599,ns
M5vsM6_raw_12m,equal_width,Relative Disturbance,NEPmax,Mid,39,0.14485,41,0.7093,0.9599,ns
M5vsM6_raw_12m,equal_width,Relative Disturbance,WUE,Mid,39,-0.00085,51.3,0.6019,0.9599,ns
M5vsM6_raw_12m,equal_width,Relative Disturbance,uWUE,Mid,39,0.00863,46.2,0.8603,0.9678,ns
M5vsM6_raw_12m,equal_width,Relative Disturbance,ETmax,High,10,0.00138,30,0.9074,0.9722,ns
M5vsM6_raw_12m,equal_width,Relative Disturbance,GPPsat,High,10,0.15656,30,0.9875,0.9875,ns
M5vsM6_raw_12m,equal_width,Relative Disturbance,NEPmax,High,10,-0.11579,50,0.1795,0.9599,ns
M5vsM6_raw_12m,equal_width,Relative Disturbance,WUE,High,10,-0.01238,70,0.2074,0.9599,ns
M5vsM6_raw_12m,equal_width,Relative Disturbance,uWUE,High,10,-0.02345,60,0.1106,0.9599,ns
M5vsM6_raw_12m,equal_width,Relative Disturbance,ETmax,Low,63,0.00032,49.2,0.8319,0.9599,ns
M5vsM6_raw_12m,equal_width,Relative Disturbance,GPPsat,Low,63,-0.10474,68.3,0.001282,0.01923,*
M5vsM6_raw_12m,equal_width,Relative Disturbance,NEPmax,Low,63,0.00913,47.6,0.5368,0.9599,ns
M5vsM6_raw_12m,equal_width,Relative Disturbance,WUE,Low,63,-0.0058,54,0.1989,0.9599,ns
M5vsM6_raw_12m,equal_width,Relative Disturbance,uWUE,Low,63,0.00734,42.9,0.6171,0.9599,ns
M5vsM6_raw_12m,natural_breaks,Absolute Mortality,ETmax,High,29,-0.00031,62.1,0.2445,0.8801,ns
M5vsM6_raw_12m,natural_breaks,Absolute Mortality,GPPsat,High,29,0.12712,31,0.9767,0.9867,ns
M5vsM6_raw_12m,natural_breaks,Absolute Mortality,NEPmax,High,29,0.14485,41.4,0.6981,0.9414,ns
M5vsM6_raw_12m,natural_breaks,Absolute Mortality,WUE,High,29,-0.00056,51.7,0.6673,0.9414,ns
M5vsM6_raw_12m,natural_breaks,Absolute Mortality,uWUE,High,29,-0.01069,58.6,0.3566,0.8801,ns
M5vsM6_raw_12m,natural_breaks,Absolute Mortality,ETmax,Mid,46,0.00088,37,0.9867,0.9867,ns
M5vsM6_raw_12m,natural_breaks,Absolute Mortality,GPPsat,Mid,46,-0.02029,60.9,0.05178,0.4181,ns
M5vsM6_raw_12m,natural_breaks,Absolute Mortality,NEPmax,Mid,46,0.02407,47.8,0.2456,0.8801,ns
M5vsM6_raw_12m,natural_breaks,Absolute Mortality,WUE,Mid,46,-0.00233,52.2,0.3551,0.8801,ns
M5vsM6_raw_12m,natural_breaks,Absolute Mortality,uWUE,Mid,46,0.01394,37,0.8263,0.9414,ns
M5vsM6_raw_12m,natural_breaks,Absolute Mortality,ETmax,Low,37,-0.00067,56.8,0.3814,0.8801,ns
M5vsM6_raw_12m,natural_breaks,Absolute Mortality,GPPsat,Low,37,-0.21235,75.7,0.001554,0.03496,*
M5vsM6_raw_12m,natural_breaks,Absolute Mortality,NEPmax,Low,37,0.01849,45.9,0.7116,0.9414,ns
M5vsM6_raw_12m,natural_breaks,Absolute Mortality,WUE,Low,37,-0.00836,59.5,0.1709,0.8801,ns
M5vsM6_raw_12m,natural_breaks,Absolute Mortality,uWUE,Low,37,0.00284,45.9,0.6636,0.9414,ns
M5vsM6_raw_12m,natural_breaks,Relative Mortality,ETmax,Mid,45,-0.00031,57.8,0.4107,0.8801,ns
M5vsM6_raw_12m,natural_breaks,Relative Mortality,GPPsat,Mid,45,0.00122,48.9,0.334,0.8801,ns
M5vsM6_raw_12m,natural_breaks,Relative Mortality,NEPmax,Mid,45,0.06283,42.2,0.6701,0.9414,ns
M5vsM6_raw_12m,natural_breaks,Relative Mortality,WUE,Mid,45,-0.00529,53.3,0.235,0.8801,ns
M5vsM6_raw_12m,natural_breaks,Relative Mortality,uWUE,Mid,45,-0.00269,53.3,0.6024,0.9414,ns
M5vsM6_raw_12m,natural_breaks,Relative Mortality,ETmax,High,26,0.00041,42.3,0.7615,0.9414,ns
M5vsM6_raw_12m,natural_breaks,Relative Mortality,GPPsat,High,26,0.04636,46.2,0.8787,0.9414,ns
M5vsM6_raw_12m,natural_breaks,Relative Mortality,NEPmax,High,26,0.08972,46.2,0.4096,0.8801,ns
M5vsM6_raw_12m,natural_breaks,Relative Mortality,WUE,High,26,-0.00071,53.8,0.6943,0.9414,ns
M5vsM6_raw_12m,natural_breaks,Relative Mortality,uWUE,High,26,0.00101,50,0.3803,0.8801,ns
M5vsM6_raw_12m,natural_breaks,Relative Mortality,ETmax,Low,41,0.00068,46.3,0.8675,0.9414,ns
M5vsM6_raw_12m,natural_breaks,Relative Mortality,GPPsat,Low,41,-0.18925,75.6,0.0008952,0.03496,*
M5vsM6_raw_12m,natural_breaks,Relative Mortality,NEPmax,Low,41,0.01849,48.8,0.5155,0.9414,ns
M5vsM6_raw_12m,natural_breaks,Relative Mortality,WUE,Low,41,-0.00583,56.1,0.242,0.8801,ns
M5vsM6_raw_12m,natural_breaks,Relative Mortality,uWUE,Low,41,0.01284,34.1,0.7929,0.9414,ns
M5vsM6_raw_12m,natural_breaks,Relative Disturbance,ETmax,Mid,49,-3e-04,57.1,0.3381,0.8801,ns
M5vsM6_raw_12m,natural_breaks,Relative Disturbance,GPPsat,Mid,49,-0.04481,55.1,0.04447,0.4181,ns
M5vsM6_raw_12m,natural_breaks,Relative Disturbance,NEPmax,Mid,49,0.06059,40.8,0.7247,0.9414,ns
M5vsM6_raw_12m,natural_breaks,Relative Disturbance,WUE,Mid,49,-0.01206,57.1,0.05574,0.4181,ns
M5vsM6_raw_12m,natural_breaks,Relative Disturbance,uWUE,Mid,49,-0.01069,59.2,0.2308,0.8801,ns
M5vsM6_raw_12m,natural_breaks,Relative Disturbance,ETmax,High,24,0.00071,41.7,0.8515,0.9414,ns
M5vsM6_raw_12m,natural_breaks,Relative Disturbance,GPPsat,High,24,0.11344,41.7,0.9713,0.9867,ns
M5vsM6_raw_12m,natural_breaks,Relative Disturbance,NEPmax,High,24,0.08972,45.8,0.2986,0.8801,ns
M5vsM6_raw_12m,natural_breaks,Relative Disturbance,WUE,High,24,-0.00071,54.2,0.8234,0.9414,ns
M5vsM6_raw_12m,natural_breaks,Relative Disturbance,uWUE,High,24,0.01613,37.5,0.8308,0.9414,ns
M5vsM6_raw_12m,natural_breaks,Relative Disturbance,ETmax,Low,39,0.00068,46.2,0.8752,0.9414,ns
M5vsM6_raw_12m,natural_breaks,Relative Disturbance,GPPsat,Low,39,-0.1157,71.8,0.008037,0.1206,ns
M5vsM6_raw_12m,natural_breaks,Relative Disturbance,NEPmax,Low,39,-0.01763,51.3,0.4972,0.9414,ns
M5vsM6_raw_12m,natural_breaks,Relative Disturbance,WUE,Low,39,-0.00571,51.3,0.4639,0.9414,ns
M5vsM6_raw_12m,natural_breaks,Relative Disturbance,uWUE,Low,39,0.01346,33.3,0.8442,0.9414,ns
M5vsM6_raw_24m,tertiles,Absolute Mortality,ETmax,High,37,-0.00083,59.5,0.1949,0.8619,ns
M5vsM6_raw_24m,tertiles,Absolute Mortality,GPPsat,High,37,0.10425,35.1,0.9944,0.9944,ns
M5vsM6_raw_24m,tertiles,Absolute Mortality,NEPmax,High,37,0.04209,45.9,0.8947,0.9944,ns
M5vsM6_raw_24m,tertiles,Absolute Mortality,WUE,High,37,0.00269,43.2,0.8291,0.9944,ns
M5vsM6_raw_24m,tertiles,Absolute Mortality,uWUE,High,37,0.00016,48.6,0.6636,0.9944,ns
M5vsM6_raw_24m,tertiles,Absolute Mortality,ETmax,Mid,37,0.00065,37.8,0.966,0.9944,ns
M5vsM6_raw_24m,tertiles,Absolute Mortality,GPPsat,Mid,37,-0.00929,51.4,0.2681,0.8619,ns
M5vsM6_raw_24m,tertiles,Absolute Mortality,NEPmax,Mid,37,-0.09228,59.5,0.05489,0.6409,ns
M5vsM6_raw_24m,tertiles,Absolute Mortality,WUE,Mid,37,0.00613,45.9,0.6357,0.9944,ns
M5vsM6_raw_24m,tertiles,Absolute Mortality,uWUE,Mid,37,0.00717,43.2,0.8646,0.9944,ns
M5vsM6_raw_24m,tertiles,Absolute Mortality,ETmax,Low,38,-0.00078,63.2,0.05697,0.6409,ns
M5vsM6_raw_24m,tertiles,Absolute Mortality,GPPsat,Low,38,-0.02277,55.3,0.311,0.8619,ns
M5vsM6_raw_24m,tertiles,Absolute Mortality,NEPmax,Low,38,-0.00228,52.6,0.4538,0.9944,ns
M5vsM6_raw_24m,tertiles,Absolute Mortality,WUE,Low,38,-0.00293,52.6,0.2761,0.8619,ns
M5vsM6_raw_24m,tertiles,Absolute Mortality,uWUE,Low,38,-0.00464,55.3,0.3639,0.8619,ns
M5vsM6_raw_24m,tertiles,Relative Mortality,ETmax,High,37,0.00065,37.8,0.9434,0.9944,ns
M5vsM6_raw_24m,tertiles,Relative Mortality,GPPsat,High,37,0.10425,40.5,0.9799,0.9944,ns
M5vsM6_raw_24m,tertiles,Relative Mortality,NEPmax,High,37,0.01235,48.6,0.7116,0.9944,ns
M5vsM6_raw_24m,tertiles,Relative Mortality,WUE,High,37,0.00838,35.1,0.9792,0.9944,ns
M5vsM6_raw_24m,tertiles,Relative Mortality,uWUE,High,37,-0.00113,54.1,0.7269,0.9944,ns
M5vsM6_raw_24m,tertiles,Relative Mortality,ETmax,Mid,37,-0.00083,62.2,0.03752,0.6409,ns
M5vsM6_raw_24m,tertiles,Relative Mortality,GPPsat,Mid,37,0.00059,48.6,0.494,0.9944,ns
M5vsM6_raw_24m,tertiles,Relative Mortality,NEPmax,Mid,37,-0.03752,56.8,0.2731,0.8619,ns
M5vsM6_raw_24m,tertiles,Relative Mortality,WUE,Mid,37,-0.00941,62.2,0.09467,0.7101,ns
M5vsM6_raw_24m,tertiles,Relative Mortality,uWUE,Mid,37,-0.00354,51.4,0.494,0.9944,ns
M5vsM6_raw_24m,tertiles,Relative Mortality,ETmax,Low,38,-0.00063,60.5,0.2042,0.8619,ns
M5vsM6_raw_24m,tertiles,Relative Mortality,GPPsat,Low,38,-0.02413,52.6,0.1882,0.8619,ns
M5vsM6_raw_24m,tertiles,Relative Mortality,NEPmax,Low,38,-0.00228,52.6,0.3639,0.8619,ns
M5vsM6_raw_24m,tertiles,Relative Mortality,WUE,Low,38,0.00606,44.7,0.5347,0.9944,ns
M5vsM6_raw_24m,tertiles,Relative Mortality,uWUE,Low,38,0.00607,42.1,0.7746,0.9944,ns
M5vsM6_raw_24m,tertiles,Relative Disturbance,ETmax,High,37,0.00026,43.2,0.8545,0.9944,ns
M5vsM6_raw_24m,tertiles,Relative Disturbance,GPPsat,High,37,0.05221,43.2,0.9573,0.9944,ns
M5vsM6_raw_24m,tertiles,Relative Disturbance,NEPmax,High,37,0.02622,48.6,0.6357,0.9944,ns
M5vsM6_raw_24m,tertiles,Relative Disturbance,WUE,High,37,0.0102,35.1,0.9867,0.9944,ns
M5vsM6_raw_24m,tertiles,Relative Disturbance,uWUE,High,37,0.00656,48.6,0.8742,0.9944,ns
M5vsM6_raw_24m,tertiles,Relative Disturbance,ETmax,Mid,37,-0.00011,51.4,0.3364,0.8619,ns
M5vsM6_raw_24m,tertiles,Relative Disturbance,GPPsat,Mid,37,0.0315,43.2,0.56,0.9944,ns
M5vsM6_raw_24m,tertiles,Relative Disturbance,NEPmax,Mid,37,-0.05154,62.2,0.1827,0.8619,ns
M5vsM6_raw_24m,tertiles,Relative Disturbance,WUE,Mid,37,-0.01425,64.9,0.01938,0.6409,ns
M5vsM6_raw_24m,tertiles,Relative Disturbance,uWUE,Mid,37,-0.00056,54.1,0.3364,0.8619,ns
M5vsM6_raw_24m,tertiles,Relative Disturbance,ETmax,Low,38,-0.00077,65.8,0.0735,0.6615,ns
M5vsM6_raw_24m,tertiles,Relative Disturbance,GPPsat,Low,38,-0.03213,55.3,0.2432,0.8619,ns
M5vsM6_raw_24m,tertiles,Relative Disturbance,NEPmax,Low,38,0.01234,47.4,0.6086,0.9944,ns
M5vsM6_raw_24m,tertiles,Relative Disturbance,WUE,Low,38,0.00616,42.1,0.6415,0.9944,ns
M5vsM6_raw_24m,tertiles,Relative Disturbance,uWUE,Low,38,0.0037,44.7,0.6577,0.9944,ns
M5vsM6_raw_24m,equal_width,Absolute Mortality,ETmax,Mid,52,0.00028,46.2,0.771,0.9905,ns
M5vsM6_raw_24m,equal_width,Absolute Mortality,GPPsat,Mid,52,0.06153,38.5,0.964,0.9905,ns
M5vsM6_raw_24m,equal_width,Absolute Mortality,NEPmax,Mid,52,0.00569,50,0.5597,0.9905,ns
M5vsM6_raw_24m,equal_width,Absolute Mortality,WUE,Mid,52,0.00081,48.1,0.6336,0.9905,ns
M5vsM6_raw_24m,equal_width,Absolute Mortality,uWUE,Mid,52,0.00471,48.1,0.8772,0.9905,ns
M5vsM6_raw_24m,equal_width,Absolute Mortality,ETmax,Low,54,-0.00061,57.4,0.1352,0.9905,ns
M5vsM6_raw_24m,equal_width,Absolute Mortality,GPPsat,Low,54,-0.02875,57.4,0.1013,0.9905,ns
M5vsM6_raw_24m,equal_width,Absolute Mortality,NEPmax,Low,54,-0.03609,57.4,0.197,0.9905,ns
M5vsM6_raw_24m,equal_width,Absolute Mortality,WUE,Low,54,5e-04,50,0.4148,0.9905,ns
M5vsM6_raw_24m,equal_width,Absolute Mortality,uWUE,Low,54,0.00073,50,0.3816,0.9905,ns
M5vsM6_raw_24m,equal_width,Absolute Mortality,ETmax,High,6,-0.00061,83.3,0.1473,0.9905,ns
M5vsM6_raw_24m,equal_width,Absolute Mortality,GPPsat,High,6,0.39044,33.3,0.9533,0.9905,ns
M5vsM6_raw_24m,equal_width,Absolute Mortality,NEPmax,High,6,0.11019,33.3,0.8958,0.9905,ns
M5vsM6_raw_24m,equal_width,Absolute Mortality,WUE,High,6,0.02962,16.7,0.9289,0.9905,ns
M5vsM6_raw_24m,equal_width,Absolute Mortality,uWUE,High,6,0.0015,50,0.6625,0.9905,ns
M5vsM6_raw_24m,equal_width,Relative Mortality,ETmax,Mid,34,0.00025,41.2,0.8554,0.9905,ns
M5vsM6_raw_24m,equal_width,Relative Mortality,GPPsat,Mid,34,0.00218,50,0.7892,0.9905,ns
M5vsM6_raw_24m,equal_width,Relative Mortality,NEPmax,Mid,34,-0.04315,52.9,0.5544,0.9905,ns
M5vsM6_raw_24m,equal_width,Relative Mortality,WUE,Mid,34,0.00598,41.2,0.9421,0.9905,ns
M5vsM6_raw_24m,equal_width,Relative Mortality,uWUE,Mid,34,-0.00206,52.9,0.8515,0.9905,ns
M5vsM6_raw_24m,equal_width,Relative Mortality,ETmax,High,8,0.00157,37.5,0.8532,0.9905,ns
M5vsM6_raw_24m,equal_width,Relative Mortality,GPPsat,High,8,0.2971,12.5,0.9896,0.9905,ns
M5vsM6_raw_24m,equal_width,Relative Mortality,NEPmax,High,8,0.05609,37.5,0.8532,0.9905,ns
M5vsM6_raw_24m,equal_width,Relative Mortality,WUE,High,8,0.0162,25,0.9083,0.9905,ns
M5vsM6_raw_24m,equal_width,Relative Mortality,uWUE,High,8,0.01614,37.5,0.6369,0.9905,ns
M5vsM6_raw_24m,equal_width,Relative Mortality,ETmax,Low,70,-0.00077,61.4,0.0525,0.9905,ns
M5vsM6_raw_24m,equal_width,Relative Mortality,GPPsat,Low,70,-0.0077,50,0.2871,0.9905,ns
M5vsM6_raw_24m,equal_width,Relative Mortality,NEPmax,Low,70,-0.01813,54.3,0.2694,0.9905,ns
M5vsM6_raw_24m,equal_width,Relative Mortality,WUE,Low,70,-0.00614,52.9,0.2063,0.9905,ns
M5vsM6_raw_24m,equal_width,Relative Mortality,uWUE,Low,70,0.00204,48.6,0.528,0.9905,ns
M5vsM6_raw_24m,equal_width,Relative Disturbance,ETmax,Mid,39,-5e-05,51.3,0.4198,0.9905,ns
M5vsM6_raw_24m,equal_width,Relative Disturbance,GPPsat,Mid,39,0.00059,48.7,0.7968,0.9905,ns
M5vsM6_raw_24m,equal_width,Relative Disturbance,NEPmax,Mid,39,-0.02793,51.3,0.6285,0.9905,ns
M5vsM6_raw_24m,equal_width,Relative Disturbance,WUE,Mid,39,0.00838,38.5,0.975,0.9905,ns
M5vsM6_raw_24m,equal_width,Relative Disturbance,uWUE,Mid,39,-0.00056,51.3,0.8808,0.9905,ns
M5vsM6_raw_24m,equal_width,Relative Disturbance,ETmax,High,10,0.0019,30,0.9369,0.9905,ns
M5vsM6_raw_24m,equal_width,Relative Disturbance,GPPsat,High,10,0.26725,20,0.9905,0.9905,ns
M5vsM6_raw_24m,equal_width,Relative Disturbance,NEPmax,High,10,0.05609,40,0.7622,0.9905,ns
M5vsM6_raw_24m,equal_width,Relative Disturbance,WUE,High,10,0.00554,40,0.6949,0.9905,ns
M5vsM6_raw_24m,equal_width,Relative Disturbance,uWUE,High,10,0.00616,50,0.4192,0.9905,ns
M5vsM6_raw_24m,equal_width,Relative Disturbance,ETmax,Low,63,-0.00058,58.7,0.1243,0.9905,ns
M5vsM6_raw_24m,equal_width,Relative Disturbance,GPPsat,Low,63,-0.01599,50.8,0.2351,0.9905,ns
M5vsM6_raw_24m,equal_width,Relative Disturbance,NEPmax,Low,63,-0.03327,55.6,0.2028,0.9905,ns
M5vsM6_raw_24m,equal_width,Relative Disturbance,WUE,Low,63,-0.00885,54,0.1579,0.9905,ns
M5vsM6_raw_24m,equal_width,Relative Disturbance,uWUE,Low,63,0.00223,47.6,0.5177,0.9905,ns
M5vsM6_raw_24m,natural_breaks,Absolute Mortality,ETmax,High,29,-0.00033,55.2,0.3566,0.9277,ns
M5vsM6_raw_24m,natural_breaks,Absolute Mortality,GPPsat,High,29,0.10925,31,0.9927,0.9927,ns
M5vsM6_raw_24m,natural_breaks,Absolute Mortality,NEPmax,High,29,0.01235,48.3,0.8347,0.9927,ns
M5vsM6_raw_24m,natural_breaks,Absolute Mortality,WUE,High,29,0.00269,41.4,0.8065,0.9927,ns
M5vsM6_raw_24m,natural_breaks,Absolute Mortality,uWUE,High,29,-0.00056,51.7,0.4741,0.9277,ns
M5vsM6_raw_24m,natural_breaks,Absolute Mortality,ETmax,Mid,46,4e-04,45.7,0.8529,0.9927,ns
M5vsM6_raw_24m,natural_breaks,Absolute Mortality,GPPsat,Mid,46,0.00218,50,0.4522,0.9277,ns
M5vsM6_raw_24m,natural_breaks,Absolute Mortality,NEPmax,Mid,46,-0.04586,54.3,0.2158,0.9001,ns
M5vsM6_raw_24m,natural_breaks,Absolute Mortality,WUE,Mid,46,0.00616,45.7,0.726,0.9927,ns
M5vsM6_raw_24m,natural_breaks,Absolute Mortality,uWUE,Mid,46,0.00857,41.3,0.9548,0.9927,ns
M5vsM6_raw_24m,natural_breaks,Absolute Mortality,ETmax,Low,37,-0.00078,62.2,0.06964,0.9001,ns
M5vsM6_raw_24m,natural_breaks,Absolute Mortality,GPPsat,Low,37,-0.02523,56.8,0.2253,0.9001,ns
M5vsM6_raw_24m,natural_breaks,Absolute Mortality,NEPmax,Low,37,-0.00298,54.1,0.353,0.9277,ns
M5vsM6_raw_24m,natural_breaks,Absolute Mortality,WUE,Low,37,-0.00433,54.1,0.2391,0.9001,ns
M5vsM6_raw_24m,natural_breaks,Absolute Mortality,uWUE,Low,37,-0.00561,56.8,0.2884,0.9269,ns
M5vsM6_raw_24m,natural_breaks,Relative Mortality,ETmax,Mid,45,-0.00038,53.3,0.3137,0.9277,ns
M5vsM6_raw_24m,natural_breaks,Relative Mortality,GPPsat,Mid,45,0.0348,44.4,0.8681,0.9927,ns
M5vsM6_raw_24m,natural_breaks,Relative Mortality,NEPmax,Mid,45,-0.05836,60,0.1687,0.9001,ns
M5vsM6_raw_24m,natural_breaks,Relative Mortality,WUE,Mid,45,-0.00153,53.3,0.2385,0.9001,ns
M5vsM6_raw_24m,natural_breaks,Relative Mortality,uWUE,Mid,45,-0.00883,57.8,0.2748,0.9269,ns
M5vsM6_raw_24m,natural_breaks,Relative Mortality,ETmax,High,26,0.00065,42.3,0.8197,0.9927,ns
M5vsM6_raw_24m,natural_breaks,Relative Mortality,GPPsat,High,26,0.09941,38.5,0.9681,0.9927,ns
M5vsM6_raw_24m,natural_breaks,Relative Mortality,NEPmax,High,26,0.04241,46.2,0.8681,0.9927,ns
M5vsM6_raw_24m,natural_breaks,Relative Mortality,WUE,High,26,0.00854,38.5,0.9579,0.9927,ns
M5vsM6_raw_24m,natural_breaks,Relative Mortality,uWUE,High,26,0.01,46.2,0.8787,0.9927,ns
M5vsM6_raw_24m,natural_breaks,Relative Mortality,ETmax,Low,41,-0.00068,61,0.153,0.9001,ns
M5vsM6_raw_24m,natural_breaks,Relative Mortality,GPPsat,Low,41,-0.03893,56.1,0.07156,0.9001,ns
M5vsM6_raw_24m,natural_breaks,Relative Mortality,NEPmax,Low,41,0.00146,48.8,0.469,0.9277,ns
M5vsM6_raw_24m,natural_breaks,Relative Mortality,WUE,Low,41,0.00598,46.3,0.4587,0.9277,ns
M5vsM6_raw_24m,natural_breaks,Relative Mortality,uWUE,Low,41,0.00698,41.5,0.7777,0.9927,ns
M5vsM6_raw_24m,natural_breaks,Relative Disturbance,ETmax,Mid,49,0.00024,49,0.4486,0.9277,ns
M5vsM6_raw_24m,natural_breaks,Relative Disturbance,GPPsat,Mid,49,0.0208,44.9,0.5593,0.9927,ns
M5vsM6_raw_24m,natural_breaks,Relative Disturbance,NEPmax,Mid,49,-0.03752,57.1,0.24,0.9001,ns
M5vsM6_raw_24m,natural_breaks,Relative Disturbance,WUE,Mid,49,-0.00153,55.1,0.2278,0.9001,ns
M5vsM6_raw_24m,natural_breaks,Relative Disturbance,uWUE,Mid,49,-0.00056,53.1,0.4289,0.9277,ns
M5vsM6_raw_24m,natural_breaks,Relative Disturbance,ETmax,High,24,0.00042,41.7,0.8379,0.9927,ns
M5vsM6_raw_24m,natural_breaks,Relative Disturbance,GPPsat,High,24,0.11052,37.5,0.9884,0.9927,ns
M5vsM6_raw_24m,natural_breaks,Relative Disturbance,NEPmax,High,24,0.00708,50,0.6501,0.9927,ns
M5vsM6_raw_24m,natural_breaks,Relative Disturbance,WUE,High,24,0.00854,37.5,0.9294,0.9927,ns
M5vsM6_raw_24m,natural_breaks,Relative Disturbance,uWUE,High,24,0.00616,50,0.8082,0.9927,ns
M5vsM6_raw_24m,natural_breaks,Relative Disturbance,ETmax,Low,39,-0.00077,66.7,0.06861,0.9001,ns
M5vsM6_raw_24m,natural_breaks,Relative Disturbance,GPPsat,Low,39,-0.03227,56.4,0.2112,0.9001,ns
M5vsM6_raw_24m,natural_breaks,Relative Disturbance,NEPmax,Low,39,0.00146,48.7,0.5527,0.9927,ns
M5vsM6_raw_24m,natural_breaks,Relative Disturbance,WUE,Low,39,0.00613,43.6,0.6072,0.9927,ns
M5vsM6_raw_24m,natural_breaks,Relative Disturbance,uWUE,Low,39,0.00516,43.6,0.7093,0.9927,ns
M5vsM6_anom_12m,tertiles,Absolute Mortality,ETmax,High,37,0.00098,43.2,0.7319,0.7842,ns
M5vsM6_anom_12m,tertiles,Absolute Mortality,GPPsat,High,37,-0.117,54.1,0.09216,0.2365,ns
M5vsM6_anom_12m,tertiles,Absolute Mortality,NEPmax,High,37,-0.35443,54.1,0.09986,0.2365,ns
M5vsM6_anom_12m,tertiles,Absolute Mortality,WUE,High,37,-0.0177,51.4,0.4105,0.5433,ns
M5vsM6_anom_12m,tertiles,Absolute Mortality,uWUE,High,37,-0.02754,59.5,0.2781,0.447,ns
M5vsM6_anom_12m,tertiles,Absolute Mortality,ETmax,Mid,37,-0.00044,51.4,0.3474,0.5043,ns
M5vsM6_anom_12m,tertiles,Absolute Mortality,GPPsat,Mid,37,-0.80999,78.4,0.001554,0.02969,*
M5vsM6_anom_12m,tertiles,Absolute Mortality,NEPmax,Mid,37,-0.54574,67.6,0.02966,0.1213,ns
M5vsM6_anom_12m,tertiles,Absolute Mortality,WUE,Mid,37,-0.03126,54.1,0.2632,0.4386,ns
M5vsM6_anom_12m,tertiles,Absolute Mortality,uWUE,Mid,37,-0.02703,56.8,0.1787,0.3497,ns
M5vsM6_anom_12m,tertiles,Absolute Mortality,ETmax,Low,38,-0.00225,57.9,0.09591,0.2365,ns
M5vsM6_anom_12m,tertiles,Absolute Mortality,GPPsat,Low,38,-0.86885,60.5,0.02429,0.1203,ns
M5vsM6_anom_12m,tertiles,Absolute Mortality,NEPmax,Low,38,-1.55122,65.8,0.01651,0.1061,ns
M5vsM6_anom_12m,tertiles,Absolute Mortality,WUE,Low,38,-0.00196,50,0.5917,0.712,ns
M5vsM6_anom_12m,tertiles,Absolute Mortality,uWUE,Low,38,0.05283,36.8,0.8118,0.8496,ns
M5vsM6_anom_12m,tertiles,Relative Mortality,ETmax,High,37,-0.00107,54.1,0.4105,0.5433,ns
M5vsM6_anom_12m,tertiles,Relative Mortality,GPPsat,High,37,-0.67704,64.9,0.01549,0.1061,ns
M5vsM6_anom_12m,tertiles,Relative Mortality,NEPmax,High,37,-0.50952,62.2,0.01938,0.109,ns
M5vsM6_anom_12m,tertiles,Relative Mortality,WUE,High,37,-0.03932,56.8,0.1197,0.2692,ns
M5vsM6_anom_12m,tertiles,Relative Mortality,uWUE,High,37,-0.02693,54.1,0.2299,0.3979,ns
M5vsM6_anom_12m,tertiles,Relative Mortality,ETmax,Mid,37,-2e-04,51.4,0.1354,0.2901,ns
M5vsM6_anom_12m,tertiles,Relative Mortality,GPPsat,Mid,37,-0.94925,67.6,0.01329,0.1061,ns
M5vsM6_anom_12m,tertiles,Relative Mortality,NEPmax,Mid,37,-0.83554,62.2,0.03285,0.1232,ns
M5vsM6_anom_12m,tertiles,Relative Mortality,WUE,Mid,37,-0.0316,54.1,0.2884,0.4474,ns
M5vsM6_anom_12m,tertiles,Relative Mortality,uWUE,Mid,37,-0.0326,59.5,0.1455,0.2976,ns
M5vsM6_anom_12m,tertiles,Relative Mortality,ETmax,Low,38,0.00094,47.4,0.6196,0.715,ns
M5vsM6_anom_12m,tertiles,Relative Mortality,GPPsat,Low,38,-0.69863,60.5,0.04352,0.1506,ns
M5vsM6_anom_12m,tertiles,Relative Mortality,NEPmax,Low,38,-0.93946,63.2,0.06391,0.1917,ns
M5vsM6_anom_12m,tertiles,Relative Mortality,WUE,Low,38,0.03079,44.7,0.845,0.8551,ns
M5vsM6_anom_12m,tertiles,Relative Mortality,uWUE,Low,38,0.05165,39.5,0.8551,0.8551,ns
M5vsM6_anom_12m,tertiles,Relative Disturbance,ETmax,High,37,0.00068,48.6,0.6012,0.712,ns
M5vsM6_anom_12m,tertiles,Relative Disturbance,GPPsat,High,37,-0.67704,62.2,0.02674,0.1203,ns
M5vsM6_anom_12m,tertiles,Relative Disturbance,NEPmax,High,37,-0.79325,64.9,0.01136,0.1061,ns
M5vsM6_anom_12m,tertiles,Relative Disturbance,WUE,High,37,-0.03021,54.1,0.1908,0.3577,ns
M5vsM6_anom_12m,tertiles,Relative Disturbance,uWUE,High,37,-0.02703,56.8,0.2299,0.3979,ns
M5vsM6_anom_12m,tertiles,Relative Disturbance,ETmax,Mid,37,-0.0021,59.5,0.05324,0.1711,ns
M5vsM6_anom_12m,tertiles,Relative Disturbance,GPPsat,Mid,37,-0.94925,73,0.001798,0.02969,*
M5vsM6_anom_12m,tertiles,Relative Disturbance,NEPmax,Mid,37,-1.0394,67.6,0.001979,0.02969,*
M5vsM6_anom_12m,tertiles,Relative Disturbance,WUE,Mid,37,-0.0177,51.4,0.3814,0.5364,ns
M5vsM6_anom_12m,tertiles,Relative Disturbance,uWUE,Mid,37,0.01605,45.9,0.5836,0.712,ns
M5vsM6_anom_12m,tertiles,Relative Disturbance,ETmax,Low,38,0.00131,44.7,0.6415,0.7217,ns
M5vsM6_anom_12m,tertiles,Relative Disturbance,GPPsat,Low,38,-0.52614,57.9,0.09107,0.2365,ns
M5vsM6_anom_12m,tertiles,Relative Disturbance,NEPmax,Low,38,-0.38254,55.3,0.3318,0.4976,ns
M5vsM6_anom_12m,tertiles,Relative Disturbance,WUE,Low,38,-3e-04,50,0.6682,0.7334,ns
M5vsM6_anom_12m,tertiles,Relative Disturbance,uWUE,Low,38,0.00607,50,0.5289,0.68,ns
M5vsM6_anom_12m,equal_width,Absolute Mortality,ETmax,Mid,52,0.00042,46.2,0.5847,0.7518,ns
M5vsM6_anom_12m,equal_width,Absolute Mortality,GPPsat,Mid,52,-0.61278,61.5,0.02045,0.09335,ns
M5vsM6_anom_12m,equal_width,Absolute Mortality,NEPmax,Mid,52,-0.3706,55.8,0.1362,0.2666,ns
M5vsM6_anom_12m,equal_width,Absolute Mortality,WUE,Mid,52,-0.03043,53.8,0.1343,0.2666,ns
M5vsM6_anom_12m,equal_width,Absolute Mortality,uWUE,Mid,52,-0.04393,59.6,0.08525,0.2064,ns
M5vsM6_anom_12m,equal_width,Absolute Mortality,ETmax,Low,54,-0.00163,59.3,0.06817,0.183,ns
M5vsM6_anom_12m,equal_width,Absolute Mortality,GPPsat,Low,54,-0.99008,68.5,0.0009972,0.0231,*
M5vsM6_anom_12m,equal_width,Absolute Mortality,NEPmax,Low,54,-1.70925,72.2,0.001026,0.0231,*
M5vsM6_anom_12m,equal_width,Absolute Mortality,WUE,Low,54,-0.00946,50,0.6943,0.7811,ns
M5vsM6_anom_12m,equal_width,Absolute Mortality,uWUE,Low,54,0.03893,40.7,0.8893,0.9095,ns
M5vsM6_anom_12m,equal_width,Absolute Mortality,ETmax,High,6,0.00452,16.7,0.982,0.982,ns
M5vsM6_anom_12m,equal_width,Absolute Mortality,GPPsat,High,6,0.45708,50,0.6625,0.7811,ns
M5vsM6_anom_12m,equal_width,Absolute Mortality,NEPmax,High,6,0.70038,33.3,0.7992,0.8363,ns
M5vsM6_anom_12m,equal_width,Absolute Mortality,WUE,High,6,0.0329,50,0.583,0.7518,ns
M5vsM6_anom_12m,equal_width,Absolute Mortality,uWUE,High,6,-0.06172,66.7,0.3375,0.5785,ns
M5vsM6_anom_12m,equal_width,Relative Mortality,ETmax,Mid,34,-0.00114,58.8,0.1485,0.2784,ns
M5vsM6_anom_12m,equal_width,Relative Mortality,GPPsat,Mid,34,-0.74352,70.6,0.0105,0.06749,ns
M5vsM6_anom_12m,equal_width,Relative Mortality,NEPmax,Mid,34,-0.77681,67.6,0.004025,0.06038,ns
M5vsM6_anom_12m,equal_width,Relative Mortality,WUE,Mid,34,0.00789,50,0.3471,0.5785,ns
M5vsM6_anom_12m,equal_width,Relative Mortality,uWUE,Mid,34,-0.00581,50,0.5679,0.7518,ns
M5vsM6_anom_12m,equal_width,Relative Mortality,ETmax,High,8,0.00073,50,0.7357,0.8075,ns
M5vsM6_anom_12m,equal_width,Relative Mortality,GPPsat,High,8,-1.10272,62.5,0.09172,0.2064,ns
M5vsM6_anom_12m,equal_width,Relative Mortality,NEPmax,High,8,-0.85687,62.5,0.117,0.2507,ns
M5vsM6_anom_12m,equal_width,Relative Mortality,WUE,High,8,-0.18815,87.5,0.05366,0.161,ns
M5vsM6_anom_12m,equal_width,Relative Mortality,uWUE,High,8,-0.3132,75,0.09172,0.2064,ns
M5vsM6_anom_12m,equal_width,Relative Mortality,ETmax,Low,70,0.00068,47.1,0.3804,0.6114,ns
M5vsM6_anom_12m,equal_width,Relative Mortality,GPPsat,Low,70,-0.69863,61.4,0.008211,0.06749,ns
M5vsM6_anom_12m,equal_width,Relative Mortality,NEPmax,Low,70,-0.59512,60,0.04374,0.1406,ns
M5vsM6_anom_12m,equal_width,Relative Mortality,WUE,Low,70,0.01749,48.6,0.6781,0.7811,ns
M5vsM6_anom_12m,equal_width,Relative Mortality,uWUE,Low,70,0.02255,48.6,0.6016,0.752,ns
M5vsM6_anom_12m,equal_width,Relative Disturbance,ETmax,Mid,39,-0.00069,53.8,0.2537,0.4567,ns
M5vsM6_anom_12m,equal_width,Relative Disturbance,GPPsat,Mid,39,-0.54853,64.1,0.02046,0.09335,ns
M5vsM6_anom_12m,equal_width,Relative Disturbance,NEPmax,Mid,39,-0.54574,64.1,0.007735,0.06749,ns
M5vsM6_anom_12m,equal_width,Relative Disturbance,WUE,Mid,39,0.04599,46.2,0.5747,0.7518,ns
M5vsM6_anom_12m,equal_width,Relative Disturbance,uWUE,Mid,39,0.01605,43.6,0.7968,0.8363,ns
M5vsM6_anom_12m,equal_width,Relative Disturbance,ETmax,High,10,-0.00228,60,0.5406,0.7518,ns
M5vsM6_anom_12m,equal_width,Relative Disturbance,GPPsat,High,10,-1.15836,70,0.03327,0.1248,ns
M5vsM6_anom_12m,equal_width,Relative Disturbance,NEPmax,High,10,-1.89167,70,0.03327,0.1248,ns
M5vsM6_anom_12m,equal_width,Relative Disturbance,WUE,High,10,-0.22037,90,0.02075,0.09335,ns
M5vsM6_anom_12m,equal_width,Relative Disturbance,uWUE,High,10,-0.3132,80,0.04157,0.1406,ns
M5vsM6_anom_12m,equal_width,Relative Disturbance,ETmax,Low,63,0.00052,47.6,0.4066,0.631,ns
M5vsM6_anom_12m,equal_width,Relative Disturbance,GPPsat,Low,63,-0.7044,63.5,0.01006,0.06749,ns
M5vsM6_anom_12m,equal_width,Relative Disturbance,NEPmax,Low,63,-0.45366,60.3,0.06915,0.183,ns
M5vsM6_anom_12m,equal_width,Relative Disturbance,WUE,Low,63,0.01129,49.2,0.6731,0.7811,ns
M5vsM6_anom_12m,equal_width,Relative Disturbance,uWUE,Low,63,-0.00209,50.8,0.5341,0.7518,ns
M5vsM6_anom_12m,natural_breaks,Absolute Mortality,ETmax,High,29,0.00172,41.4,0.8065,0.8291,ns
M5vsM6_anom_12m,natural_breaks,Absolute Mortality,GPPsat,High,29,-0.16374,55.2,0.09002,0.2025,ns
M5vsM6_anom_12m,natural_breaks,Absolute Mortality,NEPmax,High,29,-0.35443,55.2,0.1049,0.2186,ns
M5vsM6_anom_12m,natural_breaks,Absolute Mortality,WUE,High,29,0.06197,48.3,0.5086,0.7153,ns
M5vsM6_anom_12m,natural_breaks,Absolute Mortality,uWUE,High,29,-0.01166,51.7,0.5345,0.7288,ns
M5vsM6_anom_12m,natural_breaks,Absolute Mortality,ETmax,Mid,46,-0.00032,52.2,0.2388,0.398,ns
M5vsM6_anom_12m,natural_breaks,Absolute Mortality,GPPsat,Mid,46,-0.7926,73.9,0.001283,0.03621,*
M5vsM6_anom_12m,natural_breaks,Absolute Mortality,NEPmax,Mid,46,-0.64115,65.2,0.02279,0.1059,ns
M5vsM6_anom_12m,natural_breaks,Absolute Mortality,WUE,Mid,46,-0.03073,54.3,0.1682,0.2911,ns
M5vsM6_anom_12m,natural_breaks,Absolute Mortality,uWUE,Mid,46,-0.05962,63,0.04519,0.1452,ns
M5vsM6_anom_12m,natural_breaks,Absolute Mortality,ETmax,Low,37,-0.00158,56.8,0.1258,0.2264,ns
M5vsM6_anom_12m,natural_breaks,Absolute Mortality,GPPsat,Low,37,-0.78844,59.5,0.03397,0.1274,ns
M5vsM6_anom_12m,natural_breaks,Absolute Mortality,NEPmax,Low,37,-1.5449,64.9,0.02322,0.1059,ns
M5vsM6_anom_12m,natural_breaks,Absolute Mortality,WUE,Low,37,-0.03457,51.4,0.5895,0.7403,ns
M5vsM6_anom_12m,natural_breaks,Absolute Mortality,uWUE,Low,37,0.06182,35.1,0.8291,0.8291,ns
M5vsM6_anom_12m,natural_breaks,Relative Mortality,ETmax,Mid,45,-0.00159,55.6,0.05965,0.179,ns
M5vsM6_anom_12m,natural_breaks,Relative Mortality,GPPsat,Mid,45,-0.94925,71.1,0.001609,0.03621,*
M5vsM6_anom_12m,natural_breaks,Relative Mortality,NEPmax,Mid,45,-0.83554,62.2,0.007616,0.05712,ns
M5vsM6_anom_12m,natural_breaks,Relative Mortality,WUE,Mid,45,-0.0316,51.1,0.3717,0.5768,ns
M5vsM6_anom_12m,natural_breaks,Relative Mortality,uWUE,Mid,45,0.00495,48.9,0.6742,0.7984,ns
M5vsM6_anom_12m,natural_breaks,Relative Mortality,ETmax,High,26,0.00014,50,0.7118,0.8033,ns
M5vsM6_anom_12m,natural_breaks,Relative Mortality,GPPsat,High,26,-0.4139,61.5,0.067,0.1884,ns
M5vsM6_anom_12m,natural_breaks,Relative Mortality,NEPmax,High,26,-0.52763,65.4,0.03009,0.1231,ns
M5vsM6_anom_12m,natural_breaks,Relative Mortality,WUE,High,26,-0.08129,61.5,0.07385,0.1904,ns
M5vsM6_anom_12m,natural_breaks,Relative Mortality,uWUE,High,26,-0.09167,69.2,0.01543,0.0992,ns
M5vsM6_anom_12m,natural_breaks,Relative Mortality,ETmax,Low,41,0.00101,46.3,0.5922,0.7403,ns
M5vsM6_anom_12m,natural_breaks,Relative Mortality,GPPsat,Low,41,-0.69287,58.5,0.07702,0.1904,ns
M5vsM6_anom_12m,natural_breaks,Relative Mortality,NEPmax,Low,41,-0.74254,61,0.1192,0.2264,ns
M5vsM6_anom_12m,natural_breaks,Relative Mortality,WUE,Low,41,0.03065,46.3,0.8109,0.8291,ns
M5vsM6_anom_12m,natural_breaks,Relative Mortality,uWUE,Low,41,0.04383,41.5,0.8038,0.8291,ns
M5vsM6_anom_12m,natural_breaks,Relative Disturbance,ETmax,Mid,49,-0.00061,53.1,0.1069,0.2186,ns
M5vsM6_anom_12m,natural_breaks,Relative Disturbance,GPPsat,Mid,49,-0.88749,69.4,0.003839,0.04319,*
M5vsM6_anom_12m,natural_breaks,Relative Disturbance,NEPmax,Mid,49,-1.00789,65.3,0.003308,0.04319,*
M5vsM6_anom_12m,natural_breaks,Relative Disturbance,WUE,Mid,49,-0.0177,51,0.4173,0.6259,ns
M5vsM6_anom_12m,natural_breaks,Relative Disturbance,uWUE,Mid,49,0.03527,42.9,0.7898,0.8291,ns
M5vsM6_anom_12m,natural_breaks,Relative Disturbance,ETmax,High,24,-0.00114,58.3,0.5057,0.7153,ns
M5vsM6_anom_12m,natural_breaks,Relative Disturbance,GPPsat,High,24,-0.85476,62.5,0.02353,0.1059,ns
M5vsM6_anom_12m,natural_breaks,Relative Disturbance,NEPmax,High,24,-0.85687,70.8,0.00621,0.05589,ns
M5vsM6_anom_12m,natural_breaks,Relative Disturbance,WUE,High,24,-0.08129,58.3,0.1236,0.2264,ns
M5vsM6_anom_12m,natural_breaks,Relative Disturbance,uWUE,High,24,-0.07997,70.8,0.03707,0.1283,ns
M5vsM6_anom_12m,natural_breaks,Relative Disturbance,ETmax,Low,39,0.00101,43.6,0.6546,0.7961,ns
M5vsM6_anom_12m,natural_breaks,Relative Disturbance,GPPsat,Low,39,-0.35941,59,0.08039,0.1904,ns
M5vsM6_anom_12m,natural_breaks,Relative Disturbance,NEPmax,Low,39,-0.37831,53.8,0.3506,0.5634,ns
M5vsM6_anom_12m,natural_breaks,Relative Disturbance,WUE,Low,39,0.03065,48.7,0.714,0.8033,ns
M5vsM6_anom_12m,natural_breaks,Relative Disturbance,uWUE,Low,39,0.02905,48.7,0.5802,0.7403,ns
M5vsM6_anom_24m,tertiles,Absolute Mortality,ETmax,High,37,0.00027,48.6,0.4046,0.5505,ns
M5vsM6_anom_24m,tertiles,Absolute Mortality,GPPsat,High,37,-0.0774,56.8,0.0849,0.2122,ns
M5vsM6_anom_24m,tertiles,Absolute Mortality,NEPmax,High,37,-0.1591,51.4,0.08969,0.2124,ns
M5vsM6_anom_24m,tertiles,Absolute Mortality,WUE,High,37,-0.03133,54.1,0.1227,0.2629,ns
M5vsM6_anom_24m,tertiles,Absolute Mortality,uWUE,High,37,-0.00915,59.5,0.3988,0.5505,ns
M5vsM6_anom_24m,tertiles,Absolute Mortality,ETmax,Mid,37,-6e-05,51.4,0.7116,0.7877,ns
M5vsM6_anom_24m,tertiles,Absolute Mortality,GPPsat,Mid,37,-0.77903,78.4,0.001479,0.02331,*
M5vsM6_anom_24m,tertiles,Absolute Mortality,NEPmax,Mid,37,-0.78156,67.6,0.02966,0.1335,ns
M5vsM6_anom_24m,tertiles,Absolute Mortality,WUE,Mid,37,-0.04924,54.1,0.2781,0.4316,ns
M5vsM6_anom_24m,tertiles,Absolute Mortality,uWUE,Mid,37,-0.07384,62.2,0.1387,0.2837,ns
M5vsM6_anom_24m,tertiles,Absolute Mortality,ETmax,Low,38,-0.00024,52.6,0.2477,0.4288,ns
M5vsM6_anom_24m,tertiles,Absolute Mortality,GPPsat,Low,38,-0.65612,60.5,0.03842,0.1572,ns
M5vsM6_anom_24m,tertiles,Absolute Mortality,NEPmax,Low,38,-1.0588,63.2,0.04487,0.1683,ns
M5vsM6_anom_24m,tertiles,Absolute Mortality,WUE,Low,38,-0.03472,60.5,0.4196,0.5505,ns
M5vsM6_anom_24m,tertiles,Absolute Mortality,uWUE,Low,38,0.03655,42.1,0.8308,0.8308,ns
M5vsM6_anom_24m,tertiles,Relative Mortality,ETmax,High,37,0.00067,48.6,0.63,0.7662,ns
M5vsM6_anom_24m,tertiles,Relative Mortality,GPPsat,High,37,-0.3166,67.6,0.009684,0.1089,ns
M5vsM6_anom_24m,tertiles,Relative Mortality,NEPmax,High,37,-0.66092,62.2,0.0201,0.113,ns
M5vsM6_anom_24m,tertiles,Relative Mortality,WUE,High,37,-0.04924,59.5,0.05324,0.1711,ns
M5vsM6_anom_24m,tertiles,Relative Mortality,uWUE,High,37,-0.00268,54.1,0.4282,0.5505,ns
M5vsM6_anom_24m,tertiles,Relative Mortality,ETmax,Mid,37,-0.0015,59.5,0.0849,0.2122,ns
M5vsM6_anom_24m,tertiles,Relative Mortality,GPPsat,Mid,37,-0.62258,70.3,0.01329,0.113,ns
M5vsM6_anom_24m,tertiles,Relative Mortality,NEPmax,Mid,37,-1.20586,62.2,0.018,0.113,ns
M5vsM6_anom_24m,tertiles,Relative Mortality,WUE,Mid,37,-0.06695,59.5,0.1671,0.3009,ns
M5vsM6_anom_24m,tertiles,Relative Mortality,uWUE,Mid,37,-0.05998,64.9,0.1671,0.3009,ns
M5vsM6_anom_24m,tertiles,Relative Mortality,ETmax,Low,38,0.00127,44.7,0.7702,0.7877,ns
M5vsM6_anom_24m,tertiles,Relative Mortality,GPPsat,Low,38,-0.59611,57.9,0.0715,0.2122,ns
M5vsM6_anom_24m,tertiles,Relative Mortality,NEPmax,Low,38,-0.97752,57.9,0.1656,0.3009,ns
M5vsM6_anom_24m,tertiles,Relative Mortality,WUE,Low,38,-0.00014,50,0.7383,0.7877,ns
M5vsM6_anom_24m,tertiles,Relative Mortality,uWUE,Low,38,0.03062,44.7,0.7476,0.7877,ns
M5vsM6_anom_24m,tertiles,Relative Disturbance,ETmax,High,37,0.00102,43.2,0.7609,0.7877,ns
M5vsM6_anom_24m,tertiles,Relative Disturbance,GPPsat,High,37,-0.28369,62.2,0.02322,0.1161,ns
M5vsM6_anom_24m,tertiles,Relative Disturbance,NEPmax,High,37,-0.66092,59.5,0.01938,0.113,ns
M5vsM6_anom_24m,tertiles,Relative Disturbance,WUE,High,37,-0.0584,56.8,0.0849,0.2122,ns
M5vsM6_anom_24m,tertiles,Relative Disturbance,uWUE,High,37,-0.00586,56.8,0.3872,0.5505,ns
M5vsM6_anom_24m,tertiles,Relative Disturbance,ETmax,Mid,37,-0.00248,64.9,0.05324,0.1711,ns
M5vsM6_anom_24m,tertiles,Relative Disturbance,GPPsat,Mid,37,-0.8258,78.4,0.001408,0.02331,*
M5vsM6_anom_24m,tertiles,Relative Disturbance,NEPmax,Mid,37,-1.57204,70.3,0.001554,0.02331,*
M5vsM6_anom_24m,tertiles,Relative Disturbance,WUE,Mid,37,-0.04231,56.8,0.2731,0.4316,ns
M5vsM6_anom_24m,tertiles,Relative Disturbance,uWUE,Mid,37,-0.00081,51.4,0.6854,0.7877,ns
M5vsM6_anom_24m,tertiles,Relative Disturbance,ETmax,Low,38,0.00113,44.7,0.7476,0.7877,ns
M5vsM6_anom_24m,tertiles,Relative Disturbance,GPPsat,Low,38,-0.4627,55.3,0.1201,0.2629,ns
M5vsM6_anom_24m,tertiles,Relative Disturbance,NEPmax,Low,38,-0.1743,52.6,0.4083,0.5505,ns
M5vsM6_anom_24m,tertiles,Relative Disturbance,WUE,Low,38,-0.0263,55.3,0.4769,0.5961,ns
M5vsM6_anom_24m,tertiles,Relative Disturbance,uWUE,Low,38,-0.01039,55.3,0.2761,0.4316,ns
M5vsM6_anom_24m,equal_width,Absolute Mortality,ETmax,Mid,52,0.00036,48.1,0.6805,0.8058,ns
M5vsM6_anom_24m,equal_width,Absolute Mortality,GPPsat,Mid,52,-0.27103,67.3,0.009987,0.07491,ns
M5vsM6_anom_24m,equal_width,Absolute Mortality,NEPmax,Mid,52,-0.47877,55.8,0.06706,0.1588,ns
M5vsM6_anom_24m,equal_width,Absolute Mortality,WUE,Mid,52,-0.05809,57.7,0.03826,0.1287,ns
M5vsM6_anom_24m,equal_width,Absolute Mortality,uWUE,Mid,52,-0.07757,63.5,0.0581,0.1538,ns
M5vsM6_anom_24m,equal_width,Absolute Mortality,ETmax,Low,54,-0.00061,57.4,0.1674,0.3014,ns
M5vsM6_anom_24m,equal_width,Absolute Mortality,GPPsat,Low,54,-0.91665,66.7,0.001961,0.06315,ns
M5vsM6_anom_24m,equal_width,Absolute Mortality,NEPmax,Low,54,-1.79207,68.5,0.00421,0.06315,ns
M5vsM6_anom_24m,equal_width,Absolute Mortality,WUE,Low,54,-0.0263,55.6,0.5717,0.7496,ns
M5vsM6_anom_24m,equal_width,Absolute Mortality,uWUE,Low,54,0.03062,46.3,0.8956,0.9289,ns
M5vsM6_anom_24m,equal_width,Absolute Mortality,ETmax,High,6,0.00222,16.7,0.9533,0.9533,ns
M5vsM6_anom_24m,equal_width,Absolute Mortality,GPPsat,High,6,0.18599,33.3,0.7992,0.8991,ns
M5vsM6_anom_24m,equal_width,Absolute Mortality,NEPmax,High,6,0.6695,33.3,0.6625,0.8058,ns
M5vsM6_anom_24m,equal_width,Absolute Mortality,WUE,High,6,0.01451,50,0.583,0.7496,ns
M5vsM6_anom_24m,equal_width,Absolute Mortality,uWUE,High,6,0.06902,50,0.6625,0.8058,ns
M5vsM6_anom_24m,equal_width,Relative Mortality,ETmax,Mid,34,-0.00073,55.9,0.1649,0.3014,ns
M5vsM6_anom_24m,equal_width,Relative Mortality,GPPsat,Mid,34,-0.54781,70.6,0.007597,0.07491,ns
M5vsM6_anom_24m,equal_width,Relative Mortality,NEPmax,Mid,34,-0.75846,67.6,0.003636,0.06315,ns
M5vsM6_anom_24m,equal_width,Relative Mortality,WUE,Mid,34,-0.02302,55.9,0.126,0.2577,ns
M5vsM6_anom_24m,equal_width,Relative Mortality,uWUE,Mid,34,0.03529,47.1,0.7792,0.899,ns
M5vsM6_anom_24m,equal_width,Relative Mortality,ETmax,High,8,0.00341,25,0.9083,0.9289,ns
M5vsM6_anom_24m,equal_width,Relative Mortality,GPPsat,High,8,-0.7888,75,0.04003,0.1287,ns
M5vsM6_anom_24m,equal_width,Relative Mortality,NEPmax,High,8,-0.99454,62.5,0.1814,0.3139,ns
M5vsM6_anom_24m,equal_width,Relative Mortality,WUE,High,8,-0.23299,87.5,0.05366,0.1538,ns
M5vsM6_anom_24m,equal_width,Relative Mortality,uWUE,High,8,-0.38681,87.5,0.07074,0.1592,ns
M5vsM6_anom_24m,equal_width,Relative Mortality,ETmax,Low,70,-0.00013,51.4,0.465,0.7357,ns
M5vsM6_anom_24m,equal_width,Relative Mortality,GPPsat,Low,70,-0.4627,61.4,0.01634,0.08487,ns
M5vsM6_anom_24m,equal_width,Relative Mortality,NEPmax,Low,70,-0.52514,57.1,0.05506,0.1538,ns
M5vsM6_anom_24m,equal_width,Relative Mortality,WUE,Low,70,-0.01953,52.9,0.528,0.7357,ns
M5vsM6_anom_24m,equal_width,Relative Mortality,uWUE,Low,70,-0.00594,54.3,0.493,0.7357,ns
M5vsM6_anom_24m,equal_width,Relative Disturbance,ETmax,Mid,39,-0.0011,53.8,0.1626,0.3014,ns
M5vsM6_anom_24m,equal_width,Relative Disturbance,GPPsat,Mid,39,-0.30075,66.7,0.01725,0.08487,ns
M5vsM6_anom_24m,equal_width,Relative Disturbance,NEPmax,Mid,39,-0.66092,61.5,0.008672,0.07491,ns
M5vsM6_anom_24m,equal_width,Relative Disturbance,WUE,Mid,39,-0.01362,51.3,0.3151,0.5252,ns
M5vsM6_anom_24m,equal_width,Relative Disturbance,uWUE,Mid,39,0.04687,46.2,0.8723,0.9289,ns
M5vsM6_anom_24m,equal_width,Relative Disturbance,ETmax,High,10,0.00185,40,0.846,0.9285,ns
M5vsM6_anom_24m,equal_width,Relative Disturbance,GPPsat,High,10,-1.0123,80,0.01247,0.08014,ns
M5vsM6_anom_24m,equal_width,Relative Disturbance,NEPmax,High,10,-1.77195,70,0.06314,0.1578,ns
M5vsM6_anom_24m,equal_width,Relative Disturbance,WUE,High,10,-0.29072,90,0.02075,0.08487,ns
M5vsM6_anom_24m,equal_width,Relative Disturbance,uWUE,High,10,-0.38681,90,0.03327,0.1248,ns
M5vsM6_anom_24m,equal_width,Relative Disturbance,ETmax,Low,63,-6e-05,50.8,0.5395,0.7357,ns
M5vsM6_anom_24m,equal_width,Relative Disturbance,GPPsat,Low,63,-0.5723,61.9,0.01918,0.08487,ns
M5vsM6_anom_24m,equal_width,Relative Disturbance,NEPmax,Low,63,-0.56918,58.7,0.07575,0.1623,ns
M5vsM6_anom_24m,equal_width,Relative Disturbance,WUE,Low,63,-0.02547,54,0.5205,0.7357,ns
M5vsM6_anom_24m,equal_width,Relative Disturbance,uWUE,Low,63,-0.00863,54,0.485,0.7357,ns
M5vsM6_anom_24m,natural_breaks,Absolute Mortality,ETmax,High,29,0.00067,44.8,0.6514,0.7998,ns
M5vsM6_anom_24m,natural_breaks,Absolute Mortality,GPPsat,High,29,-0.18013,58.6,0.1049,0.2224,ns
M5vsM6_anom_24m,natural_breaks,Absolute Mortality,NEPmax,High,29,-0.1591,51.7,0.09358,0.2224,ns
M5vsM6_anom_24m,natural_breaks,Absolute Mortality,WUE,High,29,-0.03133,51.7,0.2583,0.447,ns
M5vsM6_anom_24m,natural_breaks,Absolute Mortality,uWUE,High,29,-0.00325,55.2,0.619,0.7958,ns
M5vsM6_anom_24m,natural_breaks,Absolute Mortality,ETmax,Mid,46,-0.00032,54.3,0.384,0.5721,ns
M5vsM6_anom_24m,natural_breaks,Absolute Mortality,GPPsat,Mid,46,-0.7008,73.9,0.001032,0.02321,*
M5vsM6_anom_24m,natural_breaks,Absolute Mortality,NEPmax,Mid,46,-0.75894,65.2,0.01947,0.1071,ns
M5vsM6_anom_24m,natural_breaks,Absolute Mortality,WUE,Mid,46,-0.03197,56.5,0.1257,0.2356,ns
M5vsM6_anom_24m,natural_breaks,Absolute Mortality,uWUE,Mid,46,-0.07802,65.2,0.03086,0.1263,ns
M5vsM6_anom_24m,natural_breaks,Absolute Mortality,ETmax,Low,37,-2e-04,51.4,0.3093,0.4889,ns
M5vsM6_anom_24m,natural_breaks,Absolute Mortality,GPPsat,Low,37,-0.61993,59.5,0.05162,0.1659,ns
M5vsM6_anom_24m,natural_breaks,Absolute Mortality,NEPmax,Low,37,-1.01355,62.2,0.06011,0.1803,ns
M5vsM6_anom_24m,natural_breaks,Absolute Mortality,WUE,Low,37,-0.04231,59.5,0.446,0.6082,ns
M5vsM6_anom_24m,natural_breaks,Absolute Mortality,uWUE,Low,37,0.04031,40.5,0.8475,0.8668,ns
M5vsM6_anom_24m,natural_breaks,Relative Mortality,ETmax,Mid,45,-0.00205,60,0.1072,0.2224,ns
M5vsM6_anom_24m,natural_breaks,Relative Mortality,GPPsat,Mid,45,-1.10835,75.6,0.0009914,0.02321,*
M5vsM6_anom_24m,natural_breaks,Relative Mortality,NEPmax,Mid,45,-1.20586,64.4,0.001731,0.02596,*
M5vsM6_anom_24m,natural_breaks,Relative Mortality,WUE,Mid,45,-0.04924,57.8,0.2147,0.3865,ns
M5vsM6_anom_24m,natural_breaks,Relative Mortality,uWUE,Mid,45,-0.00325,53.3,0.6701,0.7998,ns
M5vsM6_anom_24m,natural_breaks,Relative Mortality,ETmax,High,26,0.00096,42.3,0.799,0.8561,ns
M5vsM6_anom_24m,natural_breaks,Relative Mortality,GPPsat,High,26,-0.16344,61.5,0.04938,0.1659,ns
M5vsM6_anom_24m,natural_breaks,Relative Mortality,NEPmax,High,26,-0.69862,61.5,0.04684,0.1659,ns
M5vsM6_anom_24m,natural_breaks,Relative Mortality,WUE,High,26,-0.06672,65.4,0.02379,0.1071,ns
M5vsM6_anom_24m,natural_breaks,Relative Mortality,uWUE,High,26,-0.10601,69.2,0.09761,0.2224,ns
M5vsM6_anom_24m,natural_breaks,Relative Mortality,ETmax,Low,41,0.00111,46.3,0.7157,0.7998,ns
M5vsM6_anom_24m,natural_breaks,Relative Mortality,GPPsat,Low,41,-0.5723,56.1,0.1116,0.2224,ns
M5vsM6_anom_24m,natural_breaks,Relative Mortality,NEPmax,Low,41,-0.48109,56.1,0.3021,0.4889,ns
M5vsM6_anom_24m,natural_breaks,Relative Mortality,WUE,Low,41,0.00556,48.8,0.7288,0.7998,ns
M5vsM6_anom_24m,natural_breaks,Relative Mortality,uWUE,Low,41,0.02846,46.3,0.7024,0.7998,ns
M5vsM6_anom_24m,natural_breaks,Relative Disturbance,ETmax,Mid,49,-0.00205,59.2,0.1106,0.2224,ns
M5vsM6_anom_24m,natural_breaks,Relative Disturbance,GPPsat,Mid,49,-0.8258,69.4,0.003727,0.03355,*
M5vsM6_anom_24m,natural_breaks,Relative Disturbance,NEPmax,Mid,49,-0.94149,63.3,0.003021,0.03355,*
M5vsM6_anom_24m,natural_breaks,Relative Disturbance,WUE,Mid,49,-0.03133,55.1,0.3941,0.5721,ns
M5vsM6_anom_24m,natural_breaks,Relative Disturbance,uWUE,Mid,49,0.02372,46.9,0.9037,0.9037,ns
M5vsM6_anom_24m,natural_breaks,Relative Disturbance,ETmax,High,24,0.00096,41.7,0.8234,0.8617,ns
M5vsM6_anom_24m,natural_breaks,Relative Disturbance,GPPsat,High,24,-0.53136,70.8,0.01442,0.09269,ns
M5vsM6_anom_24m,natural_breaks,Relative Disturbance,NEPmax,High,24,-1.01537,70.8,0.008523,0.06392,ns
M5vsM6_anom_24m,natural_breaks,Relative Disturbance,WUE,High,24,-0.06978,62.5,0.02353,0.1071,ns
M5vsM6_anom_24m,natural_breaks,Relative Disturbance,uWUE,High,24,-0.10601,70.8,0.07864,0.2212,ns
M5vsM6_anom_24m,natural_breaks,Relative Disturbance,ETmax,Low,39,0.00111,46.2,0.7234,0.7998,ns
M5vsM6_anom_24m,natural_breaks,Relative Disturbance,GPPsat,Low,39,-0.3531,56.4,0.1137,0.2224,ns
M5vsM6_anom_24m,natural_breaks,Relative Disturbance,NEPmax,Low,39,-0.04762,51.3,0.4308,0.6058,ns
M5vsM6_anom_24m,natural_breaks,Relative Disturbance,WUE,Low,39,-0.02547,53.8,0.4861,0.6433,ns
M5vsM6_anom_24m,natural_breaks,Relative Disturbance,uWUE,Low,39,-0.00863,53.8,0.3151,0.4889,ns
M7vsM8_raw_12m,tertiles,Absolute Mortality,ETmax,High,37,0.00027,45.9,0.7368,0.9985,ns
M7vsM8_raw_12m,tertiles,Absolute Mortality,GPPsat,High,37,0.02244,45.9,0.8133,0.9985,ns
M7vsM8_raw_12m,tertiles,Absolute Mortality,NEPmax,High,37,0.05163,45.9,0.7466,0.9985,ns
M7vsM8_raw_12m,tertiles,Absolute Mortality,WUE,High,37,0.00415,48.6,0.7655,0.9985,ns
M7vsM8_raw_12m,tertiles,Absolute Mortality,uWUE,High,37,-0.00189,51.4,0.5836,0.9985,ns
M7vsM8_raw_12m,tertiles,Absolute Mortality,ETmax,Mid,37,0.00099,35.1,0.9985,0.9985,ns
M7vsM8_raw_12m,tertiles,Absolute Mortality,GPPsat,Mid,37,-0.04225,70.3,0.0657,0.9855,ns
M7vsM8_raw_12m,tertiles,Absolute Mortality,NEPmax,Mid,37,0.041,40.5,0.788,0.9985,ns
M7vsM8_raw_12m,tertiles,Absolute Mortality,WUE,Mid,37,-0.00033,51.4,0.506,0.9985,ns
M7vsM8_raw_12m,tertiles,Absolute Mortality,uWUE,Mid,37,-0.0011,51.4,0.4639,0.9985,ns
M7vsM8_raw_12m,tertiles,Absolute Mortality,ETmax,Low,38,2e-05,50,0.6415,0.9985,ns
M7vsM8_raw_12m,tertiles,Absolute Mortality,GPPsat,Low,38,-0.06151,57.9,0.1516,0.9985,ns
M7vsM8_raw_12m,tertiles,Absolute Mortality,NEPmax,Low,38,0.10628,34.2,0.9934,0.9985,ns
M7vsM8_raw_12m,tertiles,Absolute Mortality,WUE,Low,38,0.00585,44.7,0.6086,0.9985,ns
M7vsM8_raw_12m,tertiles,Absolute Mortality,uWUE,Low,38,0.00648,42.1,0.8039,0.9985,ns
M7vsM8_raw_12m,tertiles,Relative Mortality,ETmax,High,37,0.00099,37.8,0.9886,0.9985,ns
M7vsM8_raw_12m,tertiles,Relative Mortality,GPPsat,High,37,0.01648,48.6,0.8291,0.9985,ns
M7vsM8_raw_12m,tertiles,Relative Mortality,NEPmax,High,37,0.08724,32.4,0.953,0.9985,ns
M7vsM8_raw_12m,tertiles,Relative Mortality,WUE,High,37,0.00415,45.9,0.8439,0.9985,ns
M7vsM8_raw_12m,tertiles,Relative Mortality,uWUE,High,37,0.00046,48.6,0.5361,0.9985,ns
M7vsM8_raw_12m,tertiles,Relative Mortality,ETmax,Mid,37,8e-05,48.6,0.6581,0.9985,ns
M7vsM8_raw_12m,tertiles,Relative Mortality,GPPsat,Mid,37,-0.01868,56.8,0.393,0.9985,ns
M7vsM8_raw_12m,tertiles,Relative Mortality,NEPmax,Mid,37,0.00551,48.6,0.6854,0.9985,ns
M7vsM8_raw_12m,tertiles,Relative Mortality,WUE,Mid,37,0.00148,48.6,0.4579,0.9985,ns
M7vsM8_raw_12m,tertiles,Relative Mortality,uWUE,Mid,37,-0.00649,51.4,0.4699,0.9985,ns
M7vsM8_raw_12m,tertiles,Relative Mortality,ETmax,Low,38,0.00068,44.7,0.8518,0.9985,ns
M7vsM8_raw_12m,tertiles,Relative Mortality,GPPsat,Low,38,-0.11531,68.4,0.02347,0.9855,ns
M7vsM8_raw_12m,tertiles,Relative Mortality,NEPmax,Low,38,0.08613,39.5,0.9494,0.9985,ns
M7vsM8_raw_12m,tertiles,Relative Mortality,WUE,Low,38,0.00047,50,0.5231,0.9985,ns
M7vsM8_raw_12m,tertiles,Relative Mortality,uWUE,Low,38,0.00821,44.7,0.8079,0.9985,ns
M7vsM8_raw_12m,tertiles,Relative Disturbance,ETmax,High,37,0.00089,37.8,0.9872,0.9985,ns
M7vsM8_raw_12m,tertiles,Relative Disturbance,GPPsat,High,37,0.01648,48.6,0.6691,0.9985,ns
M7vsM8_raw_12m,tertiles,Relative Disturbance,NEPmax,High,37,0.09023,29.7,0.9381,0.9985,ns
M7vsM8_raw_12m,tertiles,Relative Disturbance,WUE,High,37,0.00207,48.6,0.8252,0.9985,ns
M7vsM8_raw_12m,tertiles,Relative Disturbance,uWUE,High,37,0.00629,45.9,0.6357,0.9985,ns
M7vsM8_raw_12m,tertiles,Relative Disturbance,ETmax,Mid,37,0.00022,45.9,0.7368,0.9985,ns
M7vsM8_raw_12m,tertiles,Relative Disturbance,GPPsat,Mid,37,-0.02548,59.5,0.4046,0.9985,ns
M7vsM8_raw_12m,tertiles,Relative Disturbance,NEPmax,Mid,37,-0.00911,51.4,0.6581,0.9985,ns
M7vsM8_raw_12m,tertiles,Relative Disturbance,WUE,Mid,37,0.00502,43.2,0.452,0.9985,ns
M7vsM8_raw_12m,tertiles,Relative Disturbance,uWUE,Mid,37,-0.00649,54.1,0.3309,0.9985,ns
M7vsM8_raw_12m,tertiles,Relative Disturbance,ETmax,Low,38,0.00016,47.4,0.8344,0.9985,ns
M7vsM8_raw_12m,tertiles,Relative Disturbance,GPPsat,Low,38,-0.0627,65.8,0.06212,0.9855,ns
M7vsM8_raw_12m,tertiles,Relative Disturbance,NEPmax,Low,38,0.10525,39.5,0.9537,0.9985,ns
M7vsM8_raw_12m,tertiles,Relative Disturbance,WUE,Low,38,-0.00158,52.6,0.6086,0.9985,ns
M7vsM8_raw_12m,tertiles,Relative Disturbance,uWUE,Low,38,0.01159,44.7,0.8518,0.9985,ns
M7vsM8_raw_12m,equal_width,Absolute Mortality,ETmax,Mid,52,0.00094,34.6,0.9928,0.9928,ns
M7vsM8_raw_12m,equal_width,Absolute Mortality,GPPsat,Mid,52,-0.01045,51.9,0.7425,0.9928,ns
M7vsM8_raw_12m,equal_width,Absolute Mortality,NEPmax,Mid,52,0.06902,42.3,0.8931,0.9928,ns
M7vsM8_raw_12m,equal_width,Absolute Mortality,WUE,Mid,52,-0.00365,55.8,0.5453,0.9928,ns
M7vsM8_raw_12m,equal_width,Absolute Mortality,uWUE,Mid,52,-0.00203,51.9,0.4331,0.9928,ns
M7vsM8_raw_12m,equal_width,Absolute Mortality,ETmax,Low,54,-4e-05,51.9,0.7352,0.9928,ns
M7vsM8_raw_12m,equal_width,Absolute Mortality,GPPsat,Low,54,-0.07795,66.7,0.02432,0.5472,ns
M7vsM8_raw_12m,equal_width,Absolute Mortality,NEPmax,Low,54,0.06818,38.9,0.9802,0.9928,ns
M7vsM8_raw_12m,equal_width,Absolute Mortality,WUE,Low,54,0.00571,42.6,0.7463,0.9928,ns
M7vsM8_raw_12m,equal_width,Absolute Mortality,uWUE,Low,54,0.00648,44.4,0.8368,0.9928,ns
M7vsM8_raw_12m,equal_width,Absolute Mortality,ETmax,High,6,0.00063,50,0.583,0.9928,ns
M7vsM8_raw_12m,equal_width,Absolute Mortality,GPPsat,High,6,0.07363,33.3,0.7353,0.9928,ns
M7vsM8_raw_12m,equal_width,Absolute Mortality,NEPmax,High,6,0.06943,33.3,0.5,0.9928,ns
M7vsM8_raw_12m,equal_width,Absolute Mortality,WUE,High,6,0.00538,33.3,0.6625,0.9928,ns
M7vsM8_raw_12m,equal_width,Absolute Mortality,uWUE,High,6,-0.00486,50,0.6625,0.9928,ns
M7vsM8_raw_12m,equal_width,Relative Mortality,ETmax,Mid,34,0.00036,44.1,0.8704,0.9928,ns
M7vsM8_raw_12m,equal_width,Relative Mortality,GPPsat,Mid,34,-0.01672,52.9,0.6273,0.9928,ns
M7vsM8_raw_12m,equal_width,Relative Mortality,NEPmax,Mid,34,0.06145,35.3,0.8308,0.9928,ns
M7vsM8_raw_12m,equal_width,Relative Mortality,WUE,Mid,34,0.01162,38.2,0.9563,0.9928,ns
M7vsM8_raw_12m,equal_width,Relative Mortality,uWUE,Mid,34,0.00458,44.1,0.8554,0.9928,ns
M7vsM8_raw_12m,equal_width,Relative Mortality,ETmax,High,8,0.00293,25,0.9083,0.9928,ns
M7vsM8_raw_12m,equal_width,Relative Mortality,GPPsat,High,8,0.06857,37.5,0.883,0.9928,ns
M7vsM8_raw_12m,equal_width,Relative Mortality,NEPmax,High,8,0.14686,37.5,0.9083,0.9928,ns
M7vsM8_raw_12m,equal_width,Relative Mortality,WUE,High,8,-0.0199,75,0.2206,0.9928,ns
M7vsM8_raw_12m,equal_width,Relative Mortality,uWUE,High,8,-0.02564,62.5,0.05366,0.5759,ns
M7vsM8_raw_12m,equal_width,Relative Mortality,ETmax,Low,70,0.00024,45.7,0.906,0.9928,ns
M7vsM8_raw_12m,equal_width,Relative Mortality,GPPsat,Low,70,-0.04824,62.9,0.05572,0.5759,ns
M7vsM8_raw_12m,equal_width,Relative Mortality,NEPmax,Low,70,0.06118,42.9,0.9535,0.9928,ns
M7vsM8_raw_12m,equal_width,Relative Mortality,WUE,Low,70,0.00047,50,0.428,0.9928,ns
M7vsM8_raw_12m,equal_width,Relative Mortality,uWUE,Low,70,0.00292,48.6,0.6525,0.9928,ns
M7vsM8_raw_12m,equal_width,Relative Disturbance,ETmax,Mid,39,9e-05,46.2,0.6849,0.9928,ns
M7vsM8_raw_12m,equal_width,Relative Disturbance,GPPsat,Mid,39,-0.02705,56.4,0.3506,0.9928,ns
M7vsM8_raw_12m,equal_width,Relative Disturbance,NEPmax,Mid,39,0.05163,35.9,0.854,0.9928,ns
M7vsM8_raw_12m,equal_width,Relative Disturbance,WUE,Mid,39,0.01441,38.5,0.9688,0.9928,ns
M7vsM8_raw_12m,equal_width,Relative Disturbance,uWUE,Mid,39,0.00364,43.6,0.904,0.9928,ns
M7vsM8_raw_12m,equal_width,Relative Disturbance,ETmax,High,10,0.00253,20,0.9584,0.9928,ns
M7vsM8_raw_12m,equal_width,Relative Disturbance,GPPsat,High,10,0.1422,30,0.9485,0.9928,ns
M7vsM8_raw_12m,equal_width,Relative Disturbance,NEPmax,High,10,0.14686,40,0.8894,0.9928,ns
M7vsM8_raw_12m,equal_width,Relative Disturbance,WUE,High,10,-0.02738,80,0.07679,0.5759,ns
M7vsM8_raw_12m,equal_width,Relative Disturbance,uWUE,High,10,-0.03339,70,0.01616,0.5472,ns
M7vsM8_raw_12m,equal_width,Relative Disturbance,ETmax,Low,63,0.00027,46,0.9411,0.9928,ns
M7vsM8_raw_12m,equal_width,Relative Disturbance,GPPsat,Low,63,-0.04225,63.5,0.07478,0.5759,ns
M7vsM8_raw_12m,equal_width,Relative Disturbance,NEPmax,Low,63,0.0651,42.9,0.9487,0.9928,ns
M7vsM8_raw_12m,equal_width,Relative Disturbance,WUE,Low,63,0.00128,49.2,0.4686,0.9928,ns
M7vsM8_raw_12m,equal_width,Relative Disturbance,uWUE,Low,63,0.00666,47.6,0.6974,0.9928,ns
M7vsM8_raw_12m,natural_breaks,Absolute Mortality,ETmax,High,29,0.00049,44.8,0.7203,0.9963,ns
M7vsM8_raw_12m,natural_breaks,Absolute Mortality,GPPsat,High,29,0.05284,44.8,0.8005,0.9963,ns
M7vsM8_raw_12m,natural_breaks,Absolute Mortality,NEPmax,High,29,0.08078,44.8,0.6514,0.9963,ns
M7vsM8_raw_12m,natural_breaks,Absolute Mortality,WUE,High,29,-0.00448,51.7,0.6905,0.9963,ns
M7vsM8_raw_12m,natural_breaks,Absolute Mortality,uWUE,High,29,-0.00218,55.2,0.3406,0.9963,ns
M7vsM8_raw_12m,natural_breaks,Absolute Mortality,ETmax,Mid,46,0.00073,39.1,0.9963,0.9963,ns
M7vsM8_raw_12m,natural_breaks,Absolute Mortality,GPPsat,Mid,46,-0.02598,65.2,0.1373,0.9963,ns
M7vsM8_raw_12m,natural_breaks,Absolute Mortality,NEPmax,Mid,46,0.03785,41.3,0.8721,0.9963,ns
M7vsM8_raw_12m,natural_breaks,Absolute Mortality,WUE,Mid,46,0.00177,47.8,0.6729,0.9963,ns
M7vsM8_raw_12m,natural_breaks,Absolute Mortality,uWUE,Mid,46,0.00442,47.8,0.7333,0.9963,ns
M7vsM8_raw_12m,natural_breaks,Absolute Mortality,ETmax,Low,37,6e-05,48.6,0.6746,0.9963,ns
M7vsM8_raw_12m,natural_breaks,Absolute Mortality,GPPsat,Low,37,-0.06376,59.5,0.1025,0.9963,ns
M7vsM8_raw_12m,natural_breaks,Absolute Mortality,NEPmax,Low,37,0.09196,35.1,0.9891,0.9963,ns
M7vsM8_raw_12m,natural_breaks,Absolute Mortality,WUE,Low,37,0.00543,45.9,0.548,0.9963,ns
M7vsM8_raw_12m,natural_breaks,Absolute Mortality,uWUE,Low,37,0.00629,43.2,0.7466,0.9963,ns
M7vsM8_raw_12m,natural_breaks,Relative Mortality,ETmax,Mid,45,0.00049,40,0.9241,0.9963,ns
M7vsM8_raw_12m,natural_breaks,Relative Mortality,GPPsat,Mid,45,0.01648,48.9,0.8227,0.9963,ns
M7vsM8_raw_12m,natural_breaks,Relative Mortality,NEPmax,Mid,45,0.0651,44.4,0.8397,0.9963,ns
M7vsM8_raw_12m,natural_breaks,Relative Mortality,WUE,Mid,45,0.00626,46.7,0.7326,0.9963,ns
M7vsM8_raw_12m,natural_breaks,Relative Mortality,uWUE,Mid,45,-0.00189,53.3,0.5135,0.9963,ns
M7vsM8_raw_12m,natural_breaks,Relative Mortality,ETmax,High,26,0.00056,42.3,0.9225,0.9963,ns
M7vsM8_raw_12m,natural_breaks,Relative Mortality,GPPsat,High,26,-0.02508,53.8,0.6294,0.9963,ns
M7vsM8_raw_12m,natural_breaks,Relative Mortality,NEPmax,High,26,0.06145,30.8,0.8787,0.9963,ns
M7vsM8_raw_12m,natural_breaks,Relative Mortality,WUE,High,26,0.00012,50,0.5706,0.9963,ns
M7vsM8_raw_12m,natural_breaks,Relative Mortality,uWUE,High,26,0.00355,46.2,0.4195,0.9963,ns
M7vsM8_raw_12m,natural_breaks,Relative Mortality,ETmax,Low,41,6e-05,48.8,0.8246,0.9963,ns
M7vsM8_raw_12m,natural_breaks,Relative Mortality,GPPsat,Low,41,-0.13494,70.7,0.008258,0.3716,ns
M7vsM8_raw_12m,natural_breaks,Relative Mortality,NEPmax,Low,41,0.0803,41.5,0.9564,0.9963,ns
M7vsM8_raw_12m,natural_breaks,Relative Mortality,WUE,Low,41,0.00128,48.8,0.5464,0.9963,ns
M7vsM8_raw_12m,natural_breaks,Relative Mortality,uWUE,Low,41,0.00975,43.9,0.8312,0.9963,ns
M7vsM8_raw_12m,natural_breaks,Relative Disturbance,ETmax,Mid,49,0.00045,44.9,0.8778,0.9963,ns
M7vsM8_raw_12m,natural_breaks,Relative Disturbance,GPPsat,Mid,49,-0.02705,59.2,0.1624,0.9963,ns
M7vsM8_raw_12m,natural_breaks,Relative Disturbance,NEPmax,Mid,49,0.00551,49,0.728,0.9963,ns
M7vsM8_raw_12m,natural_breaks,Relative Disturbance,WUE,Mid,49,0.00502,44.9,0.5,0.9963,ns
M7vsM8_raw_12m,natural_breaks,Relative Disturbance,uWUE,Mid,49,-0.00218,53.1,0.3751,0.9963,ns
M7vsM8_raw_12m,natural_breaks,Relative Disturbance,ETmax,High,24,0.00069,37.5,0.9554,0.9963,ns
M7vsM8_raw_12m,natural_breaks,Relative Disturbance,GPPsat,High,24,0.07624,41.7,0.9606,0.9963,ns
M7vsM8_raw_12m,natural_breaks,Relative Disturbance,NEPmax,High,24,0.07925,25,0.9436,0.9963,ns
M7vsM8_raw_12m,natural_breaks,Relative Disturbance,WUE,High,24,0.00311,45.8,0.8764,0.9963,ns
M7vsM8_raw_12m,natural_breaks,Relative Disturbance,uWUE,High,24,0.0068,41.7,0.6813,0.9963,ns
M7vsM8_raw_12m,natural_breaks,Relative Disturbance,ETmax,Low,39,0.00027,46.2,0.8507,0.9963,ns
M7vsM8_raw_12m,natural_breaks,Relative Disturbance,GPPsat,Low,39,-0.06164,66.7,0.05504,0.9963,ns
M7vsM8_raw_12m,natural_breaks,Relative Disturbance,NEPmax,Low,39,0.11855,38.5,0.9646,0.9963,ns
M7vsM8_raw_12m,natural_breaks,Relative Disturbance,WUE,Low,39,-0.00282,53.8,0.5582,0.9963,ns
M7vsM8_raw_12m,natural_breaks,Relative Disturbance,uWUE,Low,39,0.01155,46.2,0.8374,0.9963,ns
M7vsM8_raw_24m,tertiles,Absolute Mortality,ETmax,High,37,3e-05,48.6,0.6907,0.9964,ns
M7vsM8_raw_24m,tertiles,Absolute Mortality,GPPsat,High,37,0.0562,43.2,0.9283,0.9964,ns
M7vsM8_raw_24m,tertiles,Absolute Mortality,NEPmax,High,37,0.0611,35.1,0.8803,0.9964,ns
M7vsM8_raw_24m,tertiles,Absolute Mortality,WUE,High,37,0.00049,48.6,0.6636,0.9964,ns
M7vsM8_raw_24m,tertiles,Absolute Mortality,uWUE,High,37,0.0024,45.9,0.7065,0.9964,ns
M7vsM8_raw_24m,tertiles,Absolute Mortality,ETmax,Mid,37,8e-04,40.5,0.953,0.9964,ns
M7vsM8_raw_24m,tertiles,Absolute Mortality,GPPsat,Mid,37,-0.02779,56.8,0.05489,0.9737,ns
M7vsM8_raw_24m,tertiles,Absolute Mortality,NEPmax,Mid,37,-0.03799,56.8,0.1709,0.9737,ns
M7vsM8_raw_24m,tertiles,Absolute Mortality,WUE,Mid,37,0.02323,29.7,0.9742,0.9964,ns
M7vsM8_raw_24m,tertiles,Absolute Mortality,uWUE,Mid,37,0.00235,45.9,0.5836,0.9964,ns
M7vsM8_raw_24m,tertiles,Absolute Mortality,ETmax,Low,38,-0.00031,57.9,0.2042,0.9737,ns
M7vsM8_raw_24m,tertiles,Absolute Mortality,GPPsat,Low,38,-0.04524,57.9,0.1416,0.9737,ns
M7vsM8_raw_24m,tertiles,Absolute Mortality,NEPmax,Low,38,0.01485,47.4,0.8039,0.9964,ns
M7vsM8_raw_24m,tertiles,Absolute Mortality,WUE,Low,38,0.0069,42.1,0.7875,0.9964,ns
M7vsM8_raw_24m,tertiles,Absolute Mortality,uWUE,Low,38,-0.00053,52.6,0.6415,0.9964,ns
M7vsM8_raw_24m,tertiles,Relative Mortality,ETmax,High,37,0.00072,29.7,0.9964,0.9964,ns
M7vsM8_raw_24m,tertiles,Relative Mortality,GPPsat,High,37,0.04274,37.8,0.9028,0.9964,ns
M7vsM8_raw_24m,tertiles,Relative Mortality,NEPmax,High,37,0.02497,45.9,0.6907,0.9964,ns
M7vsM8_raw_24m,tertiles,Relative Mortality,WUE,High,37,0.01336,32.4,0.9891,0.9964,ns
M7vsM8_raw_24m,tertiles,Relative Mortality,uWUE,High,37,0.00579,40.5,0.8051,0.9964,ns
M7vsM8_raw_24m,tertiles,Relative Mortality,ETmax,Mid,37,-0.00026,56.8,0.3586,0.9964,ns
M7vsM8_raw_24m,tertiles,Relative Mortality,GPPsat,Mid,37,-0.03484,62.2,0.2164,0.9737,ns
M7vsM8_raw_24m,tertiles,Relative Mortality,NEPmax,Mid,37,0.11625,40.5,0.6636,0.9964,ns
M7vsM8_raw_24m,tertiles,Relative Mortality,WUE,Mid,37,0.00496,48.6,0.6357,0.9964,ns
M7vsM8_raw_24m,tertiles,Relative Mortality,uWUE,Mid,37,-0.00656,54.1,0.488,0.9964,ns
M7vsM8_raw_24m,tertiles,Relative Mortality,ETmax,Low,38,-0.00045,60.5,0.2001,0.9737,ns
M7vsM8_raw_24m,tertiles,Relative Mortality,GPPsat,Low,38,-0.04586,57.9,0.06212,0.9737,ns
M7vsM8_raw_24m,tertiles,Relative Mortality,NEPmax,Low,38,-0.02205,52.6,0.4826,0.9964,ns
M7vsM8_raw_24m,tertiles,Relative Mortality,WUE,Low,38,0.00735,39.5,0.7958,0.9964,ns
M7vsM8_raw_24m,tertiles,Relative Mortality,uWUE,Low,38,0.00066,50,0.6735,0.9964,ns
M7vsM8_raw_24m,tertiles,Relative Disturbance,ETmax,High,37,0.00066,29.7,0.9957,0.9964,ns
M7vsM8_raw_24m,tertiles,Relative Disturbance,GPPsat,High,37,0.0321,45.9,0.7967,0.9964,ns
M7vsM8_raw_24m,tertiles,Relative Disturbance,NEPmax,High,37,0.01637,48.6,0.548,0.9964,ns
M7vsM8_raw_24m,tertiles,Relative Disturbance,WUE,High,37,0.01336,32.4,0.9903,0.9964,ns
M7vsM8_raw_24m,tertiles,Relative Disturbance,uWUE,High,37,0.01248,40.5,0.892,0.9964,ns
M7vsM8_raw_24m,tertiles,Relative Disturbance,ETmax,Mid,37,-0.00026,54.1,0.518,0.9964,ns
M7vsM8_raw_24m,tertiles,Relative Disturbance,GPPsat,Mid,37,-0.04746,59.5,0.1787,0.9737,ns
M7vsM8_raw_24m,tertiles,Relative Disturbance,NEPmax,Mid,37,0.03072,40.5,0.5836,0.9964,ns
M7vsM8_raw_24m,tertiles,Relative Disturbance,WUE,Mid,37,0.00496,48.6,0.4341,0.9964,ns
M7vsM8_raw_24m,tertiles,Relative Disturbance,uWUE,Mid,37,-0.00802,59.5,0.2781,0.9964,ns
M7vsM8_raw_24m,tertiles,Relative Disturbance,ETmax,Low,38,-0.00042,63.2,0.1449,0.9737,ns
M7vsM8_raw_24m,tertiles,Relative Disturbance,GPPsat,Low,38,-0.02335,52.6,0.2001,0.9737,ns
M7vsM8_raw_24m,tertiles,Relative Disturbance,NEPmax,Low,38,-0.00281,50,0.7658,0.9964,ns
M7vsM8_raw_24m,tertiles,Relative Disturbance,WUE,Low,38,0.00933,39.5,0.8584,0.9964,ns
M7vsM8_raw_24m,tertiles,Relative Disturbance,uWUE,Low,38,0.00396,44.7,0.6469,0.9964,ns
M7vsM8_raw_24m,equal_width,Absolute Mortality,ETmax,Mid,52,0.00026,42.3,0.9553,0.9979,ns
M7vsM8_raw_24m,equal_width,Absolute Mortality,GPPsat,Mid,52,0.00243,50,0.706,0.9979,ns
M7vsM8_raw_24m,equal_width,Absolute Mortality,NEPmax,Mid,52,0.0597,38.5,0.7872,0.9979,ns
M7vsM8_raw_24m,equal_width,Absolute Mortality,WUE,Mid,52,0.00473,44.2,0.8339,0.9979,ns
M7vsM8_raw_24m,equal_width,Absolute Mortality,uWUE,Mid,52,0.0049,42.3,0.6966,0.9979,ns
M7vsM8_raw_24m,equal_width,Absolute Mortality,ETmax,Low,54,-0.00031,55.6,0.3148,0.9979,ns
M7vsM8_raw_24m,equal_width,Absolute Mortality,GPPsat,Low,54,-0.04998,57.4,0.03735,0.9979,ns
M7vsM8_raw_24m,equal_width,Absolute Mortality,NEPmax,Low,54,-0.02205,53.7,0.5137,0.9979,ns
M7vsM8_raw_24m,equal_width,Absolute Mortality,WUE,Low,54,0.00933,40.7,0.8792,0.9979,ns
M7vsM8_raw_24m,equal_width,Absolute Mortality,uWUE,Low,54,-0.001,53.7,0.5684,0.9979,ns
M7vsM8_raw_24m,equal_width,Absolute Mortality,ETmax,High,6,-8e-05,50,0.417,0.9979,ns
M7vsM8_raw_24m,equal_width,Absolute Mortality,GPPsat,High,6,0.08439,33.3,0.8527,0.9979,ns
M7vsM8_raw_24m,equal_width,Absolute Mortality,NEPmax,High,6,-0.03785,50,0.583,0.9979,ns
M7vsM8_raw_24m,equal_width,Absolute Mortality,WUE,High,6,0.03,0,0.9895,0.9979,ns
M7vsM8_raw_24m,equal_width,Absolute Mortality,uWUE,High,6,0.02441,50,0.8527,0.9979,ns
M7vsM8_raw_24m,equal_width,Relative Mortality,ETmax,Mid,34,0.00069,29.4,0.979,0.9979,ns
M7vsM8_raw_24m,equal_width,Relative Mortality,GPPsat,Mid,34,0.01987,47.1,0.4524,0.9979,ns
M7vsM8_raw_24m,equal_width,Relative Mortality,NEPmax,Mid,34,0.01221,47.1,0.5679,0.9979,ns
M7vsM8_raw_24m,equal_width,Relative Mortality,WUE,Mid,34,0.01956,32.4,0.9965,0.9979,ns
M7vsM8_raw_24m,equal_width,Relative Mortality,uWUE,Mid,34,0.00407,41.2,0.8351,0.9979,ns
M7vsM8_raw_24m,equal_width,Relative Mortality,ETmax,High,8,0.00155,37.5,0.96,0.9979,ns
M7vsM8_raw_24m,equal_width,Relative Mortality,GPPsat,High,8,0.24687,25,0.9788,0.9979,ns
M7vsM8_raw_24m,equal_width,Relative Mortality,NEPmax,High,8,0.05449,37.5,0.6369,0.9979,ns
M7vsM8_raw_24m,equal_width,Relative Mortality,WUE,High,8,0.0013,37.5,0.6369,0.9979,ns
M7vsM8_raw_24m,equal_width,Relative Mortality,uWUE,High,8,0.01178,37.5,0.6369,0.9979,ns
M7vsM8_raw_24m,equal_width,Relative Mortality,ETmax,Low,70,-0.00039,60,0.1421,0.9979,ns
M7vsM8_raw_24m,equal_width,Relative Mortality,GPPsat,Low,70,-0.03524,58.6,0.07835,0.9979,ns
M7vsM8_raw_24m,equal_width,Relative Mortality,NEPmax,Low,70,0.01803,47.1,0.7208,0.9979,ns
M7vsM8_raw_24m,equal_width,Relative Mortality,WUE,Low,70,0.00531,44.3,0.6843,0.9979,ns
M7vsM8_raw_24m,equal_width,Relative Mortality,uWUE,Low,70,-0.001,52.9,0.5187,0.9979,ns
M7vsM8_raw_24m,equal_width,Relative Disturbance,ETmax,Mid,39,0.00021,38.5,0.8046,0.9979,ns
M7vsM8_raw_24m,equal_width,Relative Disturbance,GPPsat,Mid,39,-0.02173,53.8,0.3715,0.9979,ns
M7vsM8_raw_24m,equal_width,Relative Disturbance,NEPmax,Mid,39,0.02497,43.6,0.7848,0.9979,ns
M7vsM8_raw_24m,equal_width,Relative Disturbance,WUE,Mid,39,0.01823,30.8,0.9979,0.9979,ns
M7vsM8_raw_24m,equal_width,Relative Disturbance,uWUE,Mid,39,0.00579,41,0.878,0.9979,ns
M7vsM8_raw_24m,equal_width,Relative Disturbance,ETmax,High,10,0.00175,30,0.9875,0.9979,ns
M7vsM8_raw_24m,equal_width,Relative Disturbance,GPPsat,High,10,0.15872,20,0.9875,0.9979,ns
M7vsM8_raw_24m,equal_width,Relative Disturbance,NEPmax,High,10,0.0531,40,0.5,0.9979,ns
M7vsM8_raw_24m,equal_width,Relative Disturbance,WUE,High,10,-0.00279,50,0.4594,0.9979,ns
M7vsM8_raw_24m,equal_width,Relative Disturbance,uWUE,High,10,0.00423,50,0.5406,0.9979,ns
M7vsM8_raw_24m,equal_width,Relative Disturbance,ETmax,Low,63,-0.00036,58.7,0.2566,0.9979,ns
M7vsM8_raw_24m,equal_width,Relative Disturbance,GPPsat,Low,63,-0.04746,57.1,0.08387,0.9979,ns
M7vsM8_raw_24m,equal_width,Relative Disturbance,NEPmax,Low,63,0.00832,49.2,0.6118,0.9979,ns
M7vsM8_raw_24m,equal_width,Relative Disturbance,WUE,Low,63,0.00566,44.4,0.6429,0.9979,ns
M7vsM8_raw_24m,equal_width,Relative Disturbance,uWUE,Low,63,-0.00097,52.4,0.5068,0.9979,ns
M7vsM8_raw_24m,natural_breaks,Absolute Mortality,ETmax,High,29,3e-05,48.3,0.6829,0.9976,ns
M7vsM8_raw_24m,natural_breaks,Absolute Mortality,GPPsat,High,29,0.0562,41.4,0.9476,0.9976,ns
M7vsM8_raw_24m,natural_breaks,Absolute Mortality,NEPmax,High,29,0.07406,34.5,0.8123,0.9976,ns
M7vsM8_raw_24m,natural_breaks,Absolute Mortality,WUE,High,29,-0.00567,51.7,0.4914,0.9976,ns
M7vsM8_raw_24m,natural_breaks,Absolute Mortality,uWUE,High,29,-0.00262,51.7,0.457,0.9976,ns
M7vsM8_raw_24m,natural_breaks,Absolute Mortality,ETmax,Mid,46,0.00052,43.5,0.9369,0.9976,ns
M7vsM8_raw_24m,natural_breaks,Absolute Mortality,GPPsat,Mid,46,-0.01942,54.3,0.1065,0.9976,ns
M7vsM8_raw_24m,natural_breaks,Absolute Mortality,NEPmax,Mid,46,-0.01241,52.2,0.3715,0.9976,ns
M7vsM8_raw_24m,natural_breaks,Absolute Mortality,WUE,Mid,46,0.02266,30.4,0.9906,0.9976,ns
M7vsM8_raw_24m,natural_breaks,Absolute Mortality,uWUE,Mid,46,0.0088,41.3,0.7999,0.9976,ns
M7vsM8_raw_24m,natural_breaks,Absolute Mortality,ETmax,Low,37,-0.00036,56.8,0.2076,0.9976,ns
M7vsM8_raw_24m,natural_breaks,Absolute Mortality,GPPsat,Low,37,-0.05483,59.5,0.0803,0.9976,ns
M7vsM8_raw_24m,natural_breaks,Absolute Mortality,NEPmax,Low,37,0.00832,48.6,0.7269,0.9976,ns
M7vsM8_raw_24m,natural_breaks,Absolute Mortality,WUE,Low,37,0.00566,43.2,0.7417,0.9976,ns
M7vsM8_raw_24m,natural_breaks,Absolute Mortality,uWUE,Low,37,-0.00097,54.1,0.5718,0.9976,ns
M7vsM8_raw_24m,natural_breaks,Relative Mortality,ETmax,Mid,45,0.00016,46.7,0.6982,0.9976,ns
M7vsM8_raw_24m,natural_breaks,Relative Mortality,GPPsat,Mid,45,-0.00856,53.3,0.6619,0.9976,ns
M7vsM8_raw_24m,natural_breaks,Relative Mortality,NEPmax,Mid,45,0.07606,40,0.6943,0.9976,ns
M7vsM8_raw_24m,natural_breaks,Relative Mortality,WUE,Mid,45,0.00977,44.4,0.8582,0.9976,ns
M7vsM8_raw_24m,natural_breaks,Relative Mortality,uWUE,Mid,45,-0.00406,51.1,0.3932,0.9976,ns
M7vsM8_raw_24m,natural_breaks,Relative Mortality,ETmax,High,26,0.00069,34.6,0.9836,0.9976,ns
M7vsM8_raw_24m,natural_breaks,Relative Mortality,GPPsat,High,26,0.03822,38.5,0.7845,0.9976,ns
M7vsM8_raw_24m,natural_breaks,Relative Mortality,NEPmax,High,26,0.00275,50,0.6197,0.9976,ns
M7vsM8_raw_24m,natural_breaks,Relative Mortality,WUE,High,26,0.01029,34.6,0.9423,0.9976,ns
M7vsM8_raw_24m,natural_breaks,Relative Mortality,uWUE,High,26,0.01178,42.3,0.8328,0.9976,ns
M7vsM8_raw_24m,natural_breaks,Relative Mortality,ETmax,Low,41,-0.00046,61,0.1688,0.9976,ns
M7vsM8_raw_24m,natural_breaks,Relative Mortality,GPPsat,Low,41,-0.08175,61,0.02161,0.9726,ns
M7vsM8_raw_24m,natural_breaks,Relative Mortality,NEPmax,Low,41,-0.01394,51.2,0.5052,0.9976,ns
M7vsM8_raw_24m,natural_breaks,Relative Mortality,WUE,Low,41,0.00904,39,0.8074,0.9976,ns
M7vsM8_raw_24m,natural_breaks,Relative Mortality,uWUE,Low,41,0.00142,48.8,0.7373,0.9976,ns
M7vsM8_raw_24m,natural_breaks,Relative Disturbance,ETmax,Mid,49,8e-05,46.9,0.6249,0.9976,ns
M7vsM8_raw_24m,natural_breaks,Relative Disturbance,GPPsat,Mid,49,-0.05569,65.3,0.04355,0.9798,ns
M7vsM8_raw_24m,natural_breaks,Relative Disturbance,NEPmax,Mid,49,0.03508,40.8,0.651,0.9976,ns
M7vsM8_raw_24m,natural_breaks,Relative Disturbance,WUE,Mid,49,0.00977,42.9,0.8039,0.9976,ns
M7vsM8_raw_24m,natural_breaks,Relative Disturbance,uWUE,Mid,49,-0.00656,59.2,0.2462,0.9976,ns
M7vsM8_raw_24m,natural_breaks,Relative Disturbance,ETmax,High,24,0.00096,33.3,0.9938,0.9976,ns
M7vsM8_raw_24m,natural_breaks,Relative Disturbance,GPPsat,High,24,0.06838,25,0.9976,0.9976,ns
M7vsM8_raw_24m,natural_breaks,Relative Disturbance,NEPmax,High,24,0.00275,50,0.5285,0.9976,ns
M7vsM8_raw_24m,natural_breaks,Relative Disturbance,WUE,High,24,0.00467,37.5,0.9126,0.9976,ns
M7vsM8_raw_24m,natural_breaks,Relative Disturbance,uWUE,High,24,0.018,33.3,0.9606,0.9976,ns
M7vsM8_raw_24m,natural_breaks,Relative Disturbance,ETmax,Low,39,-0.00041,61.5,0.146,0.9976,ns
M7vsM8_raw_24m,natural_breaks,Relative Disturbance,GPPsat,Low,39,-0.03564,53.8,0.1696,0.9976,ns
M7vsM8_raw_24m,natural_breaks,Relative Disturbance,NEPmax,Low,39,-0.01394,51.3,0.6996,0.9976,ns
M7vsM8_raw_24m,natural_breaks,Relative Disturbance,WUE,Low,39,0.00962,38.5,0.8808,0.9976,ns
M7vsM8_raw_24m,natural_breaks,Relative Disturbance,uWUE,Low,39,0.00402,43.6,0.6996,0.9976,ns
M7vsM8_anom_12m,tertiles,Absolute Mortality,ETmax,High,37,0.00088,40.5,0.8773,0.9244,ns
M7vsM8_anom_12m,tertiles,Absolute Mortality,GPPsat,High,37,-0.44668,70.3,0.01008,0.04124,*
M7vsM8_anom_12m,tertiles,Absolute Mortality,NEPmax,High,37,-0.66087,70.3,0.003019,0.03178,*
M7vsM8_anom_12m,tertiles,Absolute Mortality,WUE,High,37,-0.02253,54.1,0.32,0.4592,ns
M7vsM8_anom_12m,tertiles,Absolute Mortality,uWUE,High,37,-0.04049,54.1,0.212,0.3669,ns
M7vsM8_anom_12m,tertiles,Absolute Mortality,ETmax,Mid,37,9e-05,48.6,0.6691,0.7924,ns
M7vsM8_anom_12m,tertiles,Absolute Mortality,GPPsat,Mid,37,-0.28605,70.3,0.01609,0.05171,ns
M7vsM8_anom_12m,tertiles,Absolute Mortality,NEPmax,Mid,37,-0.50072,62.2,0.07168,0.1792,ns
M7vsM8_anom_12m,tertiles,Absolute Mortality,WUE,Mid,37,-0.00855,51.4,0.44,0.5824,ns
M7vsM8_anom_12m,tertiles,Absolute Mortality,uWUE,Mid,37,-0.04407,59.5,0.1258,0.2638,ns
M7vsM8_anom_12m,tertiles,Absolute Mortality,ETmax,Low,38,-4e-05,50,0.2001,0.366,ns
M7vsM8_anom_12m,tertiles,Absolute Mortality,GPPsat,Low,38,-0.32995,63.2,0.008358,0.03857,*
M7vsM8_anom_12m,tertiles,Absolute Mortality,NEPmax,Low,38,-0.49904,76.3,0.001107,0.0201,*
M7vsM8_anom_12m,tertiles,Absolute Mortality,WUE,Low,38,0.00823,47.4,0.4596,0.5909,ns
M7vsM8_anom_12m,tertiles,Absolute Mortality,uWUE,Low,38,0.01353,47.4,0.5634,0.7042,ns
M7vsM8_anom_12m,tertiles,Relative Mortality,ETmax,High,37,6e-04,40.5,0.8833,0.9244,ns
M7vsM8_anom_12m,tertiles,Relative Mortality,GPPsat,High,37,-0.48742,70.3,0.006965,0.03857,*
M7vsM8_anom_12m,tertiles,Relative Mortality,NEPmax,High,37,-0.61732,67.6,0.008571,0.03857,*
M7vsM8_anom_12m,tertiles,Relative Mortality,WUE,High,37,-0.03646,54.1,0.2632,0.4084,ns
M7vsM8_anom_12m,tertiles,Relative Mortality,uWUE,High,37,-0.04225,56.8,0.1525,0.2983,ns
M7vsM8_anom_12m,tertiles,Relative Mortality,ETmax,Mid,37,-0.00115,56.8,0.09724,0.2188,ns
M7vsM8_anom_12m,tertiles,Relative Mortality,GPPsat,Mid,37,-0.64659,75.7,0.004732,0.03178,*
M7vsM8_anom_12m,tertiles,Relative Mortality,NEPmax,Mid,37,-0.76693,73,0.00134,0.0201,*
M7vsM8_anom_12m,tertiles,Relative Mortality,WUE,Mid,37,-0.02768,54.1,0.2731,0.4097,ns
M7vsM8_anom_12m,tertiles,Relative Mortality,uWUE,Mid,37,-0.05124,56.8,0.08258,0.1956,ns
M7vsM8_anom_12m,tertiles,Relative Mortality,ETmax,Low,38,0.00067,42.1,0.7523,0.8256,ns
M7vsM8_anom_12m,tertiles,Relative Mortality,GPPsat,Low,38,-0.16992,57.9,0.06036,0.1598,ns
M7vsM8_anom_12m,tertiles,Relative Mortality,NEPmax,Low,38,-0.37878,68.4,0.02599,0.07797,ns
M7vsM8_anom_12m,tertiles,Relative Mortality,WUE,Low,38,0.01784,44.7,0.7383,0.8256,ns
M7vsM8_anom_12m,tertiles,Relative Mortality,uWUE,Low,38,0.02229,47.4,0.7092,0.8183,ns
M7vsM8_anom_12m,tertiles,Relative Disturbance,ETmax,High,37,0.00088,40.5,0.9127,0.9335,ns
M7vsM8_anom_12m,tertiles,Relative Disturbance,GPPsat,High,37,-0.56282,70.3,0.01381,0.05162,ns
M7vsM8_anom_12m,tertiles,Relative Disturbance,NEPmax,High,37,-0.61732,67.6,0.004944,0.03178,*
M7vsM8_anom_12m,tertiles,Relative Disturbance,WUE,High,37,-0.02253,51.4,0.37,0.5045,ns
M7vsM8_anom_12m,tertiles,Relative Disturbance,uWUE,High,37,-0.03543,54.1,0.2033,0.366,ns
M7vsM8_anom_12m,tertiles,Relative Disturbance,ETmax,Mid,37,-0.00144,59.5,0.01491,0.05162,ns
M7vsM8_anom_12m,tertiles,Relative Disturbance,GPPsat,Mid,37,-0.64659,73,0.003623,0.03178,*
M7vsM8_anom_12m,tertiles,Relative Disturbance,NEPmax,Mid,37,-0.81405,78.4,0.0001748,0.007867,**
M7vsM8_anom_12m,tertiles,Relative Disturbance,WUE,Mid,37,-0.02768,54.1,0.2632,0.4084,ns
M7vsM8_anom_12m,tertiles,Relative Disturbance,uWUE,Mid,37,0.00994,48.6,0.2583,0.4084,ns
M7vsM8_anom_12m,tertiles,Relative Disturbance,ETmax,Low,38,0.00129,39.5,0.9463,0.9463,ns
M7vsM8_anom_12m,tertiles,Relative Disturbance,GPPsat,Low,38,-0.16992,60.5,0.03842,0.1081,ns
M7vsM8_anom_12m,tertiles,Relative Disturbance,NEPmax,Low,38,-0.21216,63.2,0.129,0.2638,ns
M7vsM8_anom_12m,tertiles,Relative Disturbance,WUE,Low,38,0.01004,47.4,0.5917,0.7197,ns
M7vsM8_anom_12m,tertiles,Relative Disturbance,uWUE,Low,38,-0.03471,57.9,0.3265,0.4592,ns
M7vsM8_anom_12m,equal_width,Absolute Mortality,ETmax,Mid,52,0.00038,48.1,0.6094,0.7324,ns
M7vsM8_anom_12m,equal_width,Absolute Mortality,GPPsat,Mid,52,-0.26421,65.4,0.08959,0.2293,ns
M7vsM8_anom_12m,equal_width,Absolute Mortality,NEPmax,Mid,52,-0.38952,63.5,0.04918,0.1581,ns
M7vsM8_anom_12m,equal_width,Absolute Mortality,WUE,Mid,52,-0.02815,53.8,0.3003,0.5496,ns
M7vsM8_anom_12m,equal_width,Absolute Mortality,uWUE,Mid,52,-0.04438,55.8,0.06825,0.2047,ns
M7vsM8_anom_12m,equal_width,Absolute Mortality,ETmax,Low,54,6e-05,46.3,0.3685,0.5923,ns
M7vsM8_anom_12m,equal_width,Absolute Mortality,GPPsat,Low,54,-0.45447,66.7,0.0002865,0.006446,**
M7vsM8_anom_12m,equal_width,Absolute Mortality,NEPmax,Low,54,-0.5471,74.1,0.0001352,0.006084,**
M7vsM8_anom_12m,equal_width,Absolute Mortality,WUE,Low,54,0.01062,46.3,0.6282,0.7324,ns
M7vsM8_anom_12m,equal_width,Absolute Mortality,uWUE,Low,54,0.0018,50,0.6347,0.7324,ns
M7vsM8_anom_12m,equal_width,Absolute Mortality,ETmax,High,6,0.00437,33.3,0.8958,0.9369,ns
M7vsM8_anom_12m,equal_width,Absolute Mortality,GPPsat,High,6,-1.4696,100,0.01802,0.0737,ns
M7vsM8_anom_12m,equal_width,Absolute Mortality,NEPmax,High,6,-2.64419,83.3,0.02959,0.1109,ns
M7vsM8_anom_12m,equal_width,Absolute Mortality,WUE,High,6,-0.04839,66.7,0.2008,0.4108,ns
M7vsM8_anom_12m,equal_width,Absolute Mortality,uWUE,High,6,-0.05487,66.7,0.2008,0.4108,ns
M7vsM8_anom_12m,equal_width,Relative Mortality,ETmax,Mid,34,0.00059,38.2,0.7078,0.7769,ns
M7vsM8_anom_12m,equal_width,Relative Mortality,GPPsat,Mid,34,-0.99431,76.5,0.002151,0.0108,*
M7vsM8_anom_12m,equal_width,Relative Mortality,NEPmax,Mid,34,-1.5857,76.5,0.00155,0.0108,*
M7vsM8_anom_12m,equal_width,Relative Mortality,WUE,Mid,34,0.00289,50,0.4795,0.6563,ns
M7vsM8_anom_12m,equal_width,Relative Mortality,uWUE,Mid,34,-0.03393,52.9,0.4121,0.6051,ns
M7vsM8_anom_12m,equal_width,Relative Mortality,ETmax,High,8,0.0023,37.5,0.9293,0.9369,ns
M7vsM8_anom_12m,equal_width,Relative Mortality,GPPsat,High,8,-0.0722,50,0.5279,0.6757,ns
M7vsM8_anom_12m,equal_width,Relative Mortality,NEPmax,High,8,-0.06547,50,0.4168,0.6051,ns
M7vsM8_anom_12m,equal_width,Relative Mortality,WUE,High,8,-0.14149,75,0.1814,0.4081,ns
M7vsM8_anom_12m,equal_width,Relative Mortality,uWUE,High,8,-0.24279,75,0.09172,0.2293,ns
M7vsM8_anom_12m,equal_width,Relative Mortality,ETmax,Low,70,-0.00028,51.4,0.3053,0.5496,ns
M7vsM8_anom_12m,equal_width,Relative Mortality,GPPsat,Low,70,-0.31707,65.7,0.001993,0.0108,*
M7vsM8_anom_12m,equal_width,Relative Mortality,NEPmax,Low,70,-0.4196,68.6,0.001622,0.0108,*
M7vsM8_anom_12m,equal_width,Relative Mortality,WUE,Low,70,0.00891,48.6,0.4883,0.6563,ns
M7vsM8_anom_12m,equal_width,Relative Mortality,uWUE,Low,70,-0.00798,51.4,0.3367,0.5828,ns
M7vsM8_anom_12m,equal_width,Relative Disturbance,ETmax,Mid,39,0.00044,43.6,0.361,0.5923,ns
M7vsM8_anom_12m,equal_width,Relative Disturbance,GPPsat,Mid,39,-0.66652,76.9,0.00216,0.0108,*
M7vsM8_anom_12m,equal_width,Relative Disturbance,NEPmax,Mid,39,-1.27201,76.9,0.0007498,0.0108,*
M7vsM8_anom_12m,equal_width,Relative Disturbance,WUE,Mid,39,0.03561,43.6,0.7507,0.8044,ns
M7vsM8_anom_12m,equal_width,Relative Disturbance,uWUE,Mid,39,0.01365,46.2,0.6699,0.7536,ns
M7vsM8_anom_12m,equal_width,Relative Disturbance,ETmax,High,10,0.00169,40,0.9369,0.9369,ns
M7vsM8_anom_12m,equal_width,Relative Disturbance,GPPsat,High,10,-0.0722,50,0.5406,0.6757,ns
M7vsM8_anom_12m,equal_width,Relative Disturbance,NEPmax,High,10,-0.2066,60,0.154,0.3648,ns
M7vsM8_anom_12m,equal_width,Relative Disturbance,WUE,High,10,-0.16606,80,0.07679,0.216,ns
M7vsM8_anom_12m,equal_width,Relative Disturbance,uWUE,High,10,-0.24279,80,0.04157,0.1439,ns
M7vsM8_anom_12m,equal_width,Relative Disturbance,ETmax,Low,63,2e-05,49.2,0.4959,0.6563,ns
M7vsM8_anom_12m,equal_width,Relative Disturbance,GPPsat,Low,63,-0.34611,65.1,0.001829,0.0108,*
M7vsM8_anom_12m,equal_width,Relative Disturbance,NEPmax,Low,63,-0.39587,66.7,0.004326,0.01947,*
M7vsM8_anom_12m,equal_width,Relative Disturbance,WUE,Low,63,-0.00855,50.8,0.3987,0.6051,ns
M7vsM8_anom_12m,equal_width,Relative Disturbance,uWUE,Low,63,-0.02535,54,0.2655,0.5195,ns
M7vsM8_anom_12m,natural_breaks,Absolute Mortality,ETmax,High,29,0.00088,37.9,0.8951,0.9273,ns
M7vsM8_anom_12m,natural_breaks,Absolute Mortality,GPPsat,High,29,-0.66652,75.9,0.01159,0.06032,ns
M7vsM8_anom_12m,natural_breaks,Absolute Mortality,NEPmax,High,29,-0.79865,72.4,0.005362,0.04022,*
M7vsM8_anom_12m,natural_breaks,Absolute Mortality,WUE,High,29,0.02743,48.3,0.4655,0.6547,ns
M7vsM8_anom_12m,natural_breaks,Absolute Mortality,uWUE,High,29,0.01108,44.8,0.5516,0.7301,ns
M7vsM8_anom_12m,natural_breaks,Absolute Mortality,ETmax,Mid,46,0.00034,47.8,0.653,0.7346,ns
M7vsM8_anom_12m,natural_breaks,Absolute Mortality,GPPsat,Mid,46,-0.32636,67.4,0.01027,0.06032,ns
M7vsM8_anom_12m,natural_breaks,Absolute Mortality,NEPmax,Mid,46,-0.47804,63,0.02525,0.08117,ns
M7vsM8_anom_12m,natural_breaks,Absolute Mortality,WUE,Mid,46,-0.01812,54.3,0.3115,0.5191,ns
M7vsM8_anom_12m,natural_breaks,Absolute Mortality,uWUE,Mid,46,-0.05787,65.2,0.02163,0.07612,ns
M7vsM8_anom_12m,natural_breaks,Absolute Mortality,ETmax,Low,37,-0.00011,51.4,0.1827,0.3366,ns
M7vsM8_anom_12m,natural_breaks,Absolute Mortality,GPPsat,Low,37,-0.31379,62.2,0.01329,0.06032,ns
M7vsM8_anom_12m,natural_breaks,Absolute Mortality,NEPmax,Low,37,-0.4945,75.7,0.001798,0.01618,*
M7vsM8_anom_12m,natural_breaks,Absolute Mortality,WUE,Low,37,0.00766,48.6,0.4341,0.6301,ns
M7vsM8_anom_12m,natural_breaks,Absolute Mortality,uWUE,Low,37,0.01587,45.9,0.6526,0.7346,ns
M7vsM8_anom_12m,natural_breaks,Relative Mortality,ETmax,Mid,45,3e-05,48.9,0.2018,0.3492,ns
M7vsM8_anom_12m,natural_breaks,Relative Mortality,GPPsat,Mid,45,-0.64659,73.3,0.001669,0.01618,*
M7vsM8_anom_12m,natural_breaks,Relative Mortality,NEPmax,Mid,45,-0.81405,77.8,0.0001886,0.004243,**
M7vsM8_anom_12m,natural_breaks,Relative Mortality,WUE,Mid,45,-0.02768,53.3,0.3548,0.5702,ns
M7vsM8_anom_12m,natural_breaks,Relative Mortality,uWUE,Mid,45,0.00994,48.9,0.4019,0.6029,ns
M7vsM8_anom_12m,natural_breaks,Relative Mortality,ETmax,High,26,0.00074,42.3,0.9067,0.9273,ns
M7vsM8_anom_12m,natural_breaks,Relative Mortality,GPPsat,High,26,-0.52512,73.1,0.03009,0.09027,ns
M7vsM8_anom_12m,natural_breaks,Relative Mortality,NEPmax,High,26,-0.37602,61.5,0.03771,0.09983,ns
M7vsM8_anom_12m,natural_breaks,Relative Mortality,WUE,High,26,-0.04619,57.7,0.187,0.3366,ns
M7vsM8_anom_12m,natural_breaks,Relative Mortality,uWUE,High,26,-0.07162,69.2,0.01864,0.07612,ns
M7vsM8_anom_12m,natural_breaks,Relative Mortality,ETmax,Low,41,9e-05,46.3,0.6221,0.7346,ns
M7vsM8_anom_12m,natural_breaks,Relative Mortality,GPPsat,Low,41,-0.1556,58.5,0.04603,0.109,ns
M7vsM8_anom_12m,natural_breaks,Relative Mortality,NEPmax,Low,41,-0.3617,65.9,0.04603,0.109,ns
M7vsM8_anom_12m,natural_breaks,Relative Mortality,WUE,Low,41,0.02324,43.9,0.7113,0.7807,ns
M7vsM8_anom_12m,natural_breaks,Relative Mortality,uWUE,Low,41,0.01587,48.8,0.627,0.7346,ns
M7vsM8_anom_12m,natural_breaks,Relative Disturbance,ETmax,Mid,49,-0.00045,51,0.06784,0.1454,ns
M7vsM8_anom_12m,natural_breaks,Relative Disturbance,GPPsat,Mid,49,-0.73025,73.5,0.001168,0.01618,*
M7vsM8_anom_12m,natural_breaks,Relative Disturbance,NEPmax,Mid,49,-0.98135,77.6,7.842e-05,0.003529,**
M7vsM8_anom_12m,natural_breaks,Relative Disturbance,WUE,Mid,49,-0.00303,51,0.5,0.6818,ns
M7vsM8_anom_12m,natural_breaks,Relative Disturbance,uWUE,Mid,49,0.01365,42.9,0.5982,0.7346,ns
M7vsM8_anom_12m,natural_breaks,Relative Disturbance,ETmax,High,24,0.00073,45.8,0.858,0.9193,ns
M7vsM8_anom_12m,natural_breaks,Relative Disturbance,GPPsat,High,24,-0.52512,70.8,0.03482,0.09792,ns
M7vsM8_anom_12m,natural_breaks,Relative Disturbance,NEPmax,High,24,-0.57137,66.7,0.0134,0.06032,ns
M7vsM8_anom_12m,natural_breaks,Relative Disturbance,WUE,High,24,-0.05535,58.3,0.1552,0.3175,ns
M7vsM8_anom_12m,natural_breaks,Relative Disturbance,uWUE,High,24,-0.08328,70.8,0.02199,0.07612,ns
M7vsM8_anom_12m,natural_breaks,Relative Disturbance,ETmax,Low,39,0.00105,41,0.9385,0.9385,ns
M7vsM8_anom_12m,natural_breaks,Relative Disturbance,GPPsat,Low,39,-0.1556,59,0.05504,0.1238,ns
M7vsM8_anom_12m,natural_breaks,Relative Disturbance,NEPmax,Low,39,-0.15908,61.5,0.1661,0.3249,ns
M7vsM8_anom_12m,natural_breaks,Relative Disturbance,WUE,Low,39,0.01017,46.2,0.6019,0.7346,ns
M7vsM8_anom_12m,natural_breaks,Relative Disturbance,uWUE,Low,39,-0.02535,56.4,0.3715,0.5764,ns
M7vsM8_anom_24m,tertiles,Absolute Mortality,ETmax,High,37,0.00047,40.5,0.9151,0.9359,ns
M7vsM8_anom_24m,tertiles,Absolute Mortality,GPPsat,High,37,-0.50235,62.2,0.01329,0.06459,ns
M7vsM8_anom_24m,tertiles,Absolute Mortality,NEPmax,High,37,-0.52156,64.9,0.008929,0.05978,ns
M7vsM8_anom_24m,tertiles,Absolute Mortality,WUE,High,37,-0.03708,59.5,0.1489,0.3047,ns
M7vsM8_anom_24m,tertiles,Absolute Mortality,uWUE,High,37,-0.00969,51.4,0.2534,0.3679,ns
M7vsM8_anom_24m,tertiles,Absolute Mortality,ETmax,Mid,37,0.00033,40.5,0.56,0.7185,ns
M7vsM8_anom_24m,tertiles,Absolute Mortality,GPPsat,Mid,37,-0.33387,73,0.01092,0.06143,ns
M7vsM8_anom_24m,tertiles,Absolute Mortality,NEPmax,Mid,37,-0.24331,62.2,0.07808,0.2169,ns
M7vsM8_anom_24m,tertiles,Absolute Mortality,WUE,Mid,37,0.01113,45.9,0.494,0.6538,ns
M7vsM8_anom_24m,tertiles,Absolute Mortality,uWUE,Mid,37,-0.01709,56.8,0.2253,0.3679,ns
M7vsM8_anom_24m,tertiles,Absolute Mortality,ETmax,Low,38,-3e-05,50,0.2125,0.3679,ns
M7vsM8_anom_24m,tertiles,Absolute Mortality,GPPsat,Low,38,-0.22816,60.5,0.02044,0.07664,ns
M7vsM8_anom_24m,tertiles,Absolute Mortality,NEPmax,Low,38,-0.55964,68.4,0.001475,0.02212,*
M7vsM8_anom_24m,tertiles,Absolute Mortality,WUE,Low,38,-0.01541,50,0.4596,0.6267,ns
M7vsM8_anom_24m,tertiles,Absolute Mortality,uWUE,Low,38,0.01043,44.7,0.6361,0.7736,ns
M7vsM8_anom_24m,tertiles,Relative Mortality,ETmax,High,37,0.00055,37.8,0.8891,0.9359,ns
M7vsM8_anom_24m,tertiles,Relative Mortality,GPPsat,High,37,-0.49731,67.6,0.0093,0.05978,ns
M7vsM8_anom_24m,tertiles,Relative Mortality,NEPmax,High,37,-0.62446,64.9,0.02493,0.08629,ns
M7vsM8_anom_24m,tertiles,Relative Mortality,WUE,High,37,-0.0286,54.1,0.2486,0.3679,ns
M7vsM8_anom_24m,tertiles,Relative Mortality,uWUE,High,37,-0.01709,56.8,0.2534,0.3679,ns
M7vsM8_anom_24m,tertiles,Relative Mortality,ETmax,Mid,37,-8e-04,56.8,0.1258,0.283,ns
M7vsM8_anom_24m,tertiles,Relative Mortality,GPPsat,Mid,37,-0.4659,70.3,0.004528,0.04075,*
M7vsM8_anom_24m,tertiles,Relative Mortality,NEPmax,Mid,37,-0.7937,73,0.0005031,0.01132,*
M7vsM8_anom_24m,tertiles,Relative Mortality,WUE,Mid,37,-0.04794,62.2,0.1053,0.2514,ns
M7vsM8_anom_24m,tertiles,Relative Mortality,uWUE,Mid,37,-0.00447,51.4,0.2439,0.3679,ns
M7vsM8_anom_24m,tertiles,Relative Mortality,ETmax,Low,38,0.00069,36.8,0.7658,0.8763,ns
M7vsM8_anom_24m,tertiles,Relative Mortality,GPPsat,Low,38,-0.10999,57.9,0.08193,0.2169,ns
M7vsM8_anom_24m,tertiles,Relative Mortality,NEPmax,Low,38,-0.20574,57.9,0.06575,0.1972,ns
M7vsM8_anom_24m,tertiles,Relative Mortality,WUE,Low,38,0.01407,39.5,0.7789,0.8763,ns
M7vsM8_anom_24m,tertiles,Relative Mortality,uWUE,Low,38,0.01043,44.7,0.6577,0.7788,ns
M7vsM8_anom_24m,tertiles,Relative Disturbance,ETmax,High,37,0.00085,32.4,0.9703,0.9703,ns
M7vsM8_anom_24m,tertiles,Relative Disturbance,GPPsat,High,37,-0.50235,67.6,0.01435,0.06459,ns
M7vsM8_anom_24m,tertiles,Relative Disturbance,NEPmax,High,37,-0.55515,64.9,0.018,0.07362,ns
M7vsM8_anom_24m,tertiles,Relative Disturbance,WUE,High,37,-0.03708,54.1,0.3146,0.4425,ns
M7vsM8_anom_24m,tertiles,Relative Disturbance,uWUE,High,37,-0.03116,59.5,0.1908,0.3679,ns
M7vsM8_anom_24m,tertiles,Relative Disturbance,ETmax,Mid,37,-0.00229,64.9,0.02769,0.08899,ns
M7vsM8_anom_24m,tertiles,Relative Disturbance,GPPsat,Mid,37,-0.4659,73,0.002076,0.02335,*
M7vsM8_anom_24m,tertiles,Relative Disturbance,NEPmax,Mid,37,-0.9131,73,0.000165,0.007425,**
M7vsM8_anom_24m,tertiles,Relative Disturbance,WUE,Mid,37,-0.0286,56.8,0.2033,0.3679,ns
M7vsM8_anom_24m,tertiles,Relative Disturbance,uWUE,Mid,37,0.00761,37.8,0.8173,0.8971,ns
M7vsM8_anom_24m,tertiles,Relative Disturbance,ETmax,Low,38,0.00073,34.2,0.8965,0.9359,ns
M7vsM8_anom_24m,tertiles,Relative Disturbance,GPPsat,Low,38,-0.03898,55.3,0.1062,0.2514,ns
M7vsM8_anom_24m,tertiles,Relative Disturbance,NEPmax,Low,38,-0.18664,57.9,0.1416,0.3034,ns
M7vsM8_anom_24m,tertiles,Relative Disturbance,WUE,Low,38,0.00771,44.7,0.5748,0.7185,ns
M7vsM8_anom_24m,tertiles,Relative Disturbance,uWUE,Low,38,-0.02754,55.3,0.2387,0.3679,ns
M7vsM8_anom_24m,equal_width,Absolute Mortality,ETmax,Mid,52,0.00031,44.2,0.7455,0.8458,ns
M7vsM8_anom_24m,equal_width,Absolute Mortality,GPPsat,Mid,52,-0.33548,61.5,0.07837,0.2074,ns
M7vsM8_anom_24m,equal_width,Absolute Mortality,NEPmax,Mid,52,-0.216,57.7,0.08959,0.2172,ns
M7vsM8_anom_24m,equal_width,Absolute Mortality,WUE,Mid,52,-0.03284,59.6,0.07445,0.2074,ns
M7vsM8_anom_24m,equal_width,Absolute Mortality,uWUE,Mid,52,-0.01564,55.8,0.1103,0.2482,ns
M7vsM8_anom_24m,equal_width,Absolute Mortality,ETmax,Low,54,0.00036,46.3,0.3027,0.5722,ns
M7vsM8_anom_24m,equal_width,Absolute Mortality,GPPsat,Low,54,-0.42682,66.7,0.0007218,0.01624,*
M7vsM8_anom_24m,equal_width,Absolute Mortality,NEPmax,Low,54,-0.55964,68.5,0.0002145,0.009652,**
M7vsM8_anom_24m,equal_width,Absolute Mortality,WUE,Low,54,0.01308,42.6,0.7209,0.8458,ns
M7vsM8_anom_24m,equal_width,Absolute Mortality,uWUE,Low,54,0.01043,46.3,0.7518,0.8458,ns
M7vsM8_anom_24m,equal_width,Absolute Mortality,ETmax,High,6,0.00461,16.7,0.8527,0.8924,ns
M7vsM8_anom_24m,equal_width,Absolute Mortality,GPPsat,High,6,-1.23545,83.3,0.02959,0.1109,ns
M7vsM8_anom_24m,equal_width,Absolute Mortality,NEPmax,High,6,-2.48053,100,0.01802,0.0737,ns
M7vsM8_anom_24m,equal_width,Absolute Mortality,WUE,High,6,-0.08112,66.7,0.2008,0.4304,ns
M7vsM8_anom_24m,equal_width,Absolute Mortality,uWUE,High,6,-0.01813,50,0.3375,0.6048,ns
M7vsM8_anom_24m,equal_width,Relative Mortality,ETmax,Mid,34,0.00056,41.2,0.8265,0.8855,ns
M7vsM8_anom_24m,equal_width,Relative Mortality,GPPsat,Mid,34,-0.61781,76.5,0.001466,0.01779,*
M7vsM8_anom_24m,equal_width,Relative Mortality,NEPmax,Mid,34,-1.15982,73.5,0.004025,0.02113,*
M7vsM8_anom_24m,equal_width,Relative Mortality,WUE,Mid,34,-0.01897,52.9,0.4254,0.6246,ns
M7vsM8_anom_24m,equal_width,Relative Mortality,uWUE,Mid,34,-0.00563,52.9,0.6655,0.8093,ns
M7vsM8_anom_24m,equal_width,Relative Mortality,ETmax,High,8,0.00088,25,0.9463,0.9584,ns
M7vsM8_anom_24m,equal_width,Relative Mortality,GPPsat,High,8,0.14757,37.5,0.5832,0.7719,ns
M7vsM8_anom_24m,equal_width,Relative Mortality,NEPmax,High,8,-0.04353,50,0.4168,0.6246,ns
M7vsM8_anom_24m,equal_width,Relative Mortality,WUE,High,8,-0.14229,75,0.07074,0.2074,ns
M7vsM8_anom_24m,equal_width,Relative Mortality,uWUE,High,8,-0.27141,75,0.09172,0.2172,ns
M7vsM8_anom_24m,equal_width,Relative Mortality,ETmax,Low,70,0.00019,47.1,0.2561,0.5238,ns
M7vsM8_anom_24m,equal_width,Relative Mortality,GPPsat,Low,70,-0.32855,62.9,0.004226,0.02113,*
M7vsM8_anom_24m,equal_width,Relative Mortality,NEPmax,Low,70,-0.30748,62.9,0.002484,0.01863,*
M7vsM8_anom_24m,equal_width,Relative Mortality,WUE,Low,70,0.00215,48.6,0.4442,0.6246,ns
M7vsM8_anom_24m,equal_width,Relative Mortality,uWUE,Low,70,0.00324,47.1,0.4303,0.6246,ns
M7vsM8_anom_24m,equal_width,Relative Disturbance,ETmax,Mid,39,0.00055,43.6,0.6179,0.7945,ns
M7vsM8_anom_24m,equal_width,Relative Disturbance,GPPsat,Mid,39,-0.51976,74.4,0.001581,0.01779,*
M7vsM8_anom_24m,equal_width,Relative Disturbance,NEPmax,Mid,39,-1.11194,74.4,0.002257,0.01863,*
M7vsM8_anom_24m,equal_width,Relative Disturbance,WUE,Mid,39,0.01113,46.2,0.6546,0.8093,ns
M7vsM8_anom_24m,equal_width,Relative Disturbance,uWUE,Mid,39,0.00301,48.7,0.8007,0.8789,ns
M7vsM8_anom_24m,equal_width,Relative Disturbance,ETmax,High,10,0.00088,30,0.9584,0.9584,ns
M7vsM8_anom_24m,equal_width,Relative Disturbance,GPPsat,High,10,0.14757,40,0.5808,0.7719,ns
M7vsM8_anom_24m,equal_width,Relative Disturbance,NEPmax,High,10,-0.053,50,0.3051,0.5722,ns
M7vsM8_anom_24m,equal_width,Relative Disturbance,WUE,High,10,-0.2091,80,0.03327,0.1152,ns
M7vsM8_anom_24m,equal_width,Relative Disturbance,uWUE,High,10,-0.27141,80,0.04157,0.1336,ns
M7vsM8_anom_24m,equal_width,Relative Disturbance,ETmax,Low,63,0.00029,46,0.3495,0.6048,ns
M7vsM8_anom_24m,equal_width,Relative Disturbance,GPPsat,Low,63,-0.33387,63.5,0.003319,0.02113,*
M7vsM8_anom_24m,equal_width,Relative Disturbance,NEPmax,Low,63,-0.2714,61.9,0.006413,0.02886,*
M7vsM8_anom_24m,equal_width,Relative Disturbance,WUE,Low,63,-0.00053,50.8,0.4253,0.6246,ns
M7vsM8_anom_24m,equal_width,Relative Disturbance,uWUE,Low,63,0.00347,47.6,0.4253,0.6246,ns
M7vsM8_anom_24m,natural_breaks,Absolute Mortality,ETmax,High,29,0.00142,37.9,0.9263,0.9263,ns
M7vsM8_anom_24m,natural_breaks,Absolute Mortality,GPPsat,High,29,-0.50252,65.5,0.01095,0.0616,ns
M7vsM8_anom_24m,natural_breaks,Absolute Mortality,NEPmax,High,29,-0.70564,65.5,0.01034,0.0616,ns
M7vsM8_anom_24m,natural_breaks,Absolute Mortality,WUE,High,29,0.00552,48.3,0.3893,0.584,ns
M7vsM8_anom_24m,natural_breaks,Absolute Mortality,uWUE,High,29,0.00761,41.4,0.5856,0.759,ns
M7vsM8_anom_24m,natural_breaks,Absolute Mortality,ETmax,Mid,46,3e-04,43.5,0.5435,0.7411,ns
M7vsM8_anom_24m,natural_breaks,Absolute Mortality,GPPsat,Mid,46,-0.33567,69.6,0.008363,0.0616,ns
M7vsM8_anom_24m,natural_breaks,Absolute Mortality,NEPmax,Mid,46,-0.21959,63,0.04118,0.1387,ns
M7vsM8_anom_24m,natural_breaks,Absolute Mortality,WUE,Mid,46,-0.02329,56.5,0.1471,0.2879,ns
M7vsM8_anom_24m,natural_breaks,Absolute Mortality,uWUE,Mid,46,-0.03632,63,0.04315,0.1387,ns
M7vsM8_anom_24m,natural_breaks,Absolute Mortality,ETmax,Low,37,8e-05,48.6,0.2253,0.39,ns
M7vsM8_anom_24m,natural_breaks,Absolute Mortality,GPPsat,Low,37,-0.17926,59.5,0.03175,0.1299,ns
M7vsM8_anom_24m,natural_breaks,Absolute Mortality,NEPmax,Low,37,-0.55515,67.6,0.002393,0.02153,*
M7vsM8_anom_24m,natural_breaks,Absolute Mortality,WUE,Low,37,0.00293,48.6,0.5241,0.737,ns
M7vsM8_anom_24m,natural_breaks,Absolute Mortality,uWUE,Low,37,0.0145,43.2,0.7219,0.8121,ns
M7vsM8_anom_24m,natural_breaks,Relative Mortality,ETmax,Mid,45,-1e-05,51.1,0.26,0.4333,ns
M7vsM8_anom_24m,natural_breaks,Relative Mortality,GPPsat,Mid,45,-0.51976,71.1,0.001243,0.01398,*
M7vsM8_anom_24m,natural_breaks,Relative Mortality,NEPmax,Mid,45,-1.11194,75.6,0.0001167,0.002627,**
M7vsM8_anom_24m,natural_breaks,Relative Mortality,WUE,Mid,45,-0.01947,53.3,0.3258,0.5056,ns
M7vsM8_anom_24m,natural_breaks,Relative Mortality,uWUE,Mid,45,0.00347,46.7,0.7176,0.8121,ns
M7vsM8_anom_24m,natural_breaks,Relative Mortality,ETmax,High,26,0.00056,38.5,0.9188,0.9263,ns
M7vsM8_anom_24m,natural_breaks,Relative Mortality,GPPsat,High,26,-0.47016,65.4,0.04938,0.1389,ns
M7vsM8_anom_24m,natural_breaks,Relative Mortality,NEPmax,High,26,-0.37983,61.5,0.07747,0.1835,ns
M7vsM8_anom_24m,natural_breaks,Relative Mortality,WUE,High,26,-0.08219,65.4,0.0933,0.2042,ns
M7vsM8_anom_24m,natural_breaks,Relative Mortality,uWUE,High,26,-0.09142,65.4,0.0284,0.1278,ns
M7vsM8_anom_24m,natural_breaks,Relative Mortality,ETmax,Low,41,0.00063,39,0.6368,0.7745,ns
M7vsM8_anom_24m,natural_breaks,Relative Mortality,GPPsat,Low,41,-0.16224,58.5,0.06153,0.1538,ns
M7vsM8_anom_24m,natural_breaks,Relative Mortality,NEPmax,Low,41,-0.19587,56.1,0.0953,0.2042,ns
M7vsM8_anom_24m,natural_breaks,Relative Mortality,WUE,Low,41,0.01357,41.5,0.6842,0.8102,ns
M7vsM8_anom_24m,natural_breaks,Relative Mortality,uWUE,Low,41,0.00635,46.3,0.6072,0.759,ns
M7vsM8_anom_24m,natural_breaks,Relative Disturbance,ETmax,Mid,49,-0.00066,53.1,0.1624,0.3044,ns
M7vsM8_anom_24m,natural_breaks,Relative Disturbance,GPPsat,Mid,49,-0.64568,73.5,0.0005518,0.008276,**
M7vsM8_anom_24m,natural_breaks,Relative Disturbance,NEPmax,Mid,49,-1.09227,71.4,9.565e-05,0.002627,**
M7vsM8_anom_24m,natural_breaks,Relative Disturbance,WUE,Mid,49,-0.01947,51,0.5198,0.737,ns
M7vsM8_anom_24m,natural_breaks,Relative Disturbance,uWUE,Mid,49,0.00761,40.8,0.9071,0.9263,ns
M7vsM8_anom_24m,natural_breaks,Relative Disturbance,ETmax,High,24,0.00045,41.7,0.8705,0.9263,ns
M7vsM8_anom_24m,natural_breaks,Relative Disturbance,GPPsat,High,24,-0.47016,66.7,0.04732,0.1389,ns
M7vsM8_anom_24m,natural_breaks,Relative Disturbance,NEPmax,High,24,-0.46482,66.7,0.03945,0.1387,ns
M7vsM8_anom_24m,natural_breaks,Relative Disturbance,WUE,High,24,-0.08766,66.7,0.05972,0.1538,ns
M7vsM8_anom_24m,natural_breaks,Relative Disturbance,uWUE,High,24,-0.10189,66.7,0.02353,0.1177,ns
M7vsM8_anom_24m,natural_breaks,Relative Disturbance,ETmax,Low,39,0.00072,33.3,0.904,0.9263,ns
M7vsM8_anom_24m,natural_breaks,Relative Disturbance,GPPsat,Low,39,-0.02023,53.8,0.146,0.2879,ns
M7vsM8_anom_24m,natural_breaks,Relative Disturbance,NEPmax,Low,39,-0.1774,56.4,0.1767,0.3181,ns
M7vsM8_anom_24m,natural_breaks,Relative Disturbance,WUE,Low,39,0.01249,43.6,0.5911,0.759,ns
M7vsM8_anom_24m,natural_breaks,Relative Disturbance,uWUE,Low,39,-0.01784,53.8,0.2812,0.452,ns
