unit,method,metric,response,category,n,median_dRMSE,pct_sites_improved,p_onesided_wilcoxon,q_BH,sig
M1vsM2_12m,tertiles,Absolute Mortality,ETmax,High,37,-0.00018,54.1,0.4699,0.5502,ns
M1vsM2_12m,tertiles,Absolute Mortality,GPPsat,High,37,-0.65874,64.9,0.03175,0.1099,ns
M1vsM2_12m,tertiles,Absolute Mortality,NEPmax,High,37,-0.52069,56.8,0.07377,0.1509,ns
M1vsM2_12m,tertiles,Absolute Mortality,WUE,High,37,-0.05723,59.5,0.05659,0.1381,ns
M1vsM2_12m,tertiles,Absolute Mortality,uWUE,High,37,-0.01055,54.1,0.2164,0.3358,ns
M1vsM2_12m,tertiles,Absolute Mortality,ETmax,Mid,37,-0.00074,56.8,0.2253,0.338,ns
M1vsM2_12m,tertiles,Absolute Mortality,GPPsat,Mid,37,-0.83298,67.6,0.02406,0.102,ns
M1vsM2_12m,tertiles,Absolute Mortality,NEPmax,Mid,37,-0.65757,64.9,0.05833,0.1381,ns
M1vsM2_12m,tertiles,Absolute Mortality,WUE,Mid,37,-0.03723,51.4,0.2583,0.3632,ns
M1vsM2_12m,tertiles,Absolute Mortality,uWUE,Mid,37,-0.03061,54.1,0.3254,0.4184,ns
M1vsM2_12m,tertiles,Absolute Mortality,ETmax,Low,38,-0.00355,57.9,0.04768,0.1341,ns
M1vsM2_12m,tertiles,Absolute Mortality,GPPsat,Low,38,-1.1539,65.8,0.008695,0.08865,ns
M1vsM2_12m,tertiles,Absolute Mortality,NEPmax,Low,38,-1.69953,65.8,0.008695,0.08865,ns
M1vsM2_12m,tertiles,Absolute Mortality,WUE,Low,38,-0.01659,55.3,0.3859,0.4709,ns
M1vsM2_12m,tertiles,Absolute Mortality,uWUE,Low,38,0.04101,42.1,0.7702,0.8059,ns
M1vsM2_12m,tertiles,Relative Mortality,ETmax,High,37,-0.00067,59.5,0.1709,0.2849,ns
M1vsM2_12m,tertiles,Relative Mortality,GPPsat,High,37,-0.74153,64.9,0.01182,0.08865,ns
M1vsM2_12m,tertiles,Relative Mortality,NEPmax,High,37,-0.52069,62.2,0.03631,0.1126,ns
M1vsM2_12m,tertiles,Relative Mortality,WUE,High,37,-0.06108,59.5,0.03752,0.1126,ns
M1vsM2_12m,tertiles,Relative Mortality,uWUE,High,37,-0.03061,59.5,0.09467,0.1704,ns
M1vsM2_12m,tertiles,Relative Mortality,ETmax,Mid,37,-0.00128,56.8,0.1321,0.2287,ns
M1vsM2_12m,tertiles,Relative Mortality,GPPsat,Mid,37,-0.75402,70.3,0.01938,0.102,ns
M1vsM2_12m,tertiles,Relative Mortality,NEPmax,Mid,37,-0.83388,62.2,0.02406,0.102,ns
M1vsM2_12m,tertiles,Relative Mortality,WUE,Mid,37,-0.06292,59.5,0.08727,0.1636,ns
M1vsM2_12m,tertiles,Relative Mortality,uWUE,Mid,37,-0.02685,54.1,0.3872,0.4709,ns
M1vsM2_12m,tertiles,Relative Mortality,ETmax,Low,38,-0.00109,52.6,0.3008,0.4102,ns
M1vsM2_12m,tertiles,Relative Mortality,GPPsat,Low,38,-1.00649,63.2,0.03171,0.1099,ns
M1vsM2_12m,tertiles,Relative Mortality,NEPmax,Low,38,-0.91923,63.2,0.05373,0.1381,ns
M1vsM2_12m,tertiles,Relative Mortality,WUE,Low,38,0.01263,47.4,0.7568,0.8059,ns
M1vsM2_12m,tertiles,Relative Mortality,uWUE,Low,38,0.03586,36.8,0.8965,0.8965,ns
M1vsM2_12m,tertiles,Relative Disturbance,ETmax,High,37,-0.00051,56.8,0.3254,0.4184,ns
M1vsM2_12m,tertiles,Relative Disturbance,GPPsat,High,37,-0.74551,64.9,0.01008,0.08865,ns
M1vsM2_12m,tertiles,Relative Disturbance,NEPmax,High,37,-0.56183,62.2,0.02161,0.102,ns
M1vsM2_12m,tertiles,Relative Disturbance,WUE,High,37,-0.06108,62.2,0.0657,0.1408,ns
M1vsM2_12m,tertiles,Relative Disturbance,uWUE,High,37,-0.04436,59.5,0.06193,0.1393,ns
M1vsM2_12m,tertiles,Relative Disturbance,ETmax,Mid,37,-0.00225,64.9,0.02493,0.102,ns
M1vsM2_12m,tertiles,Relative Disturbance,GPPsat,Mid,37,-0.96764,70.3,0.005393,0.08865,ns
M1vsM2_12m,tertiles,Relative Disturbance,NEPmax,Mid,37,-0.99469,70.3,0.005878,0.08865,ns
M1vsM2_12m,tertiles,Relative Disturbance,WUE,Mid,37,-0.00628,51.4,0.2439,0.354,ns
M1vsM2_12m,tertiles,Relative Disturbance,uWUE,Mid,37,0.001,48.6,0.788,0.8059,ns
M1vsM2_12m,tertiles,Relative Disturbance,ETmax,Low,38,0.00105,47.4,0.5116,0.5755,ns
M1vsM2_12m,tertiles,Relative Disturbance,GPPsat,Low,38,-0.63994,63.2,0.08641,0.1636,ns
M1vsM2_12m,tertiles,Relative Disturbance,NEPmax,Low,38,-0.35584,55.3,0.1961,0.3152,ns
M1vsM2_12m,tertiles,Relative Disturbance,WUE,Low,38,-0.01554,52.6,0.4769,0.5502,ns
M1vsM2_12m,tertiles,Relative Disturbance,uWUE,Low,38,0.028,42.1,0.663,0.7276,ns
M1vsM2_12m,equal_width,Absolute Mortality,ETmax,Mid,52,-7e-04,57.7,0.2317,0.3476,ns
M1vsM2_12m,equal_width,Absolute Mortality,GPPsat,Mid,52,-0.7141,65.4,0.01831,0.0778,ns
M1vsM2_12m,equal_width,Absolute Mortality,NEPmax,Mid,52,-0.43248,57.7,0.08525,0.1827,ns
M1vsM2_12m,equal_width,Absolute Mortality,WUE,Mid,52,-0.07745,63.5,0.009748,0.0778,ns
M1vsM2_12m,equal_width,Absolute Mortality,uWUE,Mid,52,-0.02858,59.6,0.06358,0.1506,ns
M1vsM2_12m,equal_width,Absolute Mortality,ETmax,Low,54,-0.00282,59.3,0.03333,0.09999,ns
M1vsM2_12m,equal_width,Absolute Mortality,GPPsat,Low,54,-1.21255,70.4,0.001119,0.02518,*
M1vsM2_12m,equal_width,Absolute Mortality,NEPmax,Low,54,-1.50071,72.2,0.0008619,0.02518,*
M1vsM2_12m,equal_width,Absolute Mortality,WUE,Low,54,0.01258,48.1,0.5785,0.6727,ns
M1vsM2_12m,equal_width,Absolute Mortality,uWUE,Low,54,0.03226,40.7,0.9002,0.9207,ns
M1vsM2_12m,equal_width,Absolute Mortality,ETmax,High,6,0.00382,16.7,0.9704,0.9704,ns
M1vsM2_12m,equal_width,Absolute Mortality,GPPsat,High,6,0.37716,33.3,0.7992,0.8562,ns
M1vsM2_12m,equal_width,Absolute Mortality,NEPmax,High,6,0.66036,16.7,0.8527,0.8924,ns
M1vsM2_12m,equal_width,Absolute Mortality,WUE,High,6,0.00758,50,0.583,0.6727,ns
M1vsM2_12m,equal_width,Absolute Mortality,uWUE,High,6,-0.05487,50,0.3375,0.4467,ns
M1vsM2_12m,equal_width,Relative Mortality,ETmax,Mid,34,-0.00131,67.6,0.09691,0.1896,ns
M1vsM2_12m,equal_width,Relative Mortality,GPPsat,Mid,34,-0.85657,67.6,0.01098,0.0778,ns
M1vsM2_12m,equal_width,Relative Mortality,NEPmax,Mid,34,-0.93691,64.7,0.01432,0.0778,ns
M1vsM2_12m,equal_width,Relative Mortality,WUE,Mid,34,-0.05057,55.9,0.09118,0.1865,ns
M1vsM2_12m,equal_width,Relative Mortality,uWUE,Mid,34,-0.01077,52.9,0.3345,0.4467,ns
M1vsM2_12m,equal_width,Relative Mortality,ETmax,High,8,-0.00256,50,0.312,0.4388,ns
M1vsM2_12m,equal_width,Relative Mortality,GPPsat,High,8,-0.93737,62.5,0.117,0.2193,ns
M1vsM2_12m,equal_width,Relative Mortality,NEPmax,High,8,-0.37981,62.5,0.2206,0.3476,ns
M1vsM2_12m,equal_width,Relative Mortality,WUE,High,8,-0.22204,75,0.05366,0.1421,ns
M1vsM2_12m,equal_width,Relative Mortality,uWUE,High,8,-0.20149,87.5,0.07074,0.1592,ns
M1vsM2_12m,equal_width,Relative Mortality,ETmax,Low,70,-0.00091,51.4,0.1745,0.2909,ns
M1vsM2_12m,equal_width,Relative Mortality,GPPsat,Low,70,-0.7935,65.7,0.006333,0.07452,ns
M1vsM2_12m,equal_width,Relative Mortality,NEPmax,Low,70,-0.83885,61.4,0.01888,0.0778,ns
M1vsM2_12m,equal_width,Relative Mortality,WUE,Low,70,-0.00767,52.9,0.4465,0.5581,ns
M1vsM2_12m,equal_width,Relative Mortality,uWUE,Low,70,0.02343,44.3,0.7784,0.8562,ns
M1vsM2_12m,equal_width,Relative Disturbance,ETmax,Mid,39,-0.00067,61.5,0.2277,0.3476,ns
M1vsM2_12m,equal_width,Relative Disturbance,GPPsat,Mid,39,-0.75402,69.2,0.006624,0.07452,ns
M1vsM2_12m,equal_width,Relative Disturbance,NEPmax,Mid,39,-0.85772,64.1,0.02046,0.0778,ns
M1vsM2_12m,equal_width,Relative Disturbance,WUE,Mid,39,-0.03723,51.3,0.2537,0.3683,ns
M1vsM2_12m,equal_width,Relative Disturbance,uWUE,Mid,39,0.00453,48.7,0.5527,0.6722,ns
M1vsM2_12m,equal_width,Relative Disturbance,ETmax,High,10,-0.00315,60,0.154,0.2773,ns
M1vsM2_12m,equal_width,Relative Disturbance,GPPsat,High,10,-1.27335,70,0.04157,0.1169,ns
M1vsM2_12m,equal_width,Relative Disturbance,NEPmax,High,10,-0.7302,70,0.06314,0.1506,ns
M1vsM2_12m,equal_width,Relative Disturbance,WUE,High,10,-0.24512,80,0.02075,0.0778,ns
M1vsM2_12m,equal_width,Relative Disturbance,uWUE,High,10,-0.23731,90,0.03327,0.09999,ns
M1vsM2_12m,equal_width,Relative Disturbance,ETmax,Low,63,-0.00108,52.4,0.1733,0.2909,ns
M1vsM2_12m,equal_width,Relative Disturbance,GPPsat,Low,63,-0.68757,63.5,0.01886,0.0778,ns
M1vsM2_12m,equal_width,Relative Disturbance,NEPmax,Low,63,-0.65757,60.3,0.03057,0.09999,ns
M1vsM2_12m,equal_width,Relative Disturbance,WUE,Low,63,-0.00907,54,0.42,0.54,ns
M1vsM2_12m,equal_width,Relative Disturbance,uWUE,Low,63,0.02681,44.4,0.7874,0.8562,ns
M1vsM2_12m,natural_breaks,Absolute Mortality,ETmax,High,29,0.00063,48.3,0.6751,0.7628,ns
M1vsM2_12m,natural_breaks,Absolute Mortality,GPPsat,High,29,-0.65874,58.6,0.07677,0.1645,ns
M1vsM2_12m,natural_breaks,Absolute Mortality,NEPmax,High,29,-0.52069,55.2,0.1172,0.1953,ns
M1vsM2_12m,natural_breaks,Absolute Mortality,WUE,High,29,-0.05723,55.2,0.1497,0.2405,ns
M1vsM2_12m,natural_breaks,Absolute Mortality,uWUE,High,29,-0.00698,51.7,0.2724,0.3606,ns
M1vsM2_12m,natural_breaks,Absolute Mortality,ETmax,Mid,46,-0.00105,60.9,0.09309,0.1676,ns
M1vsM2_12m,natural_breaks,Absolute Mortality,GPPsat,Mid,46,-0.78726,71.7,0.005988,0.05712,ns
M1vsM2_12m,natural_breaks,Absolute Mortality,NEPmax,Mid,46,-0.6097,65.2,0.02107,0.0862,ns
M1vsM2_12m,natural_breaks,Absolute Mortality,WUE,Mid,46,-0.0405,56.5,0.08775,0.167,ns
M1vsM2_12m,natural_breaks,Absolute Mortality,uWUE,Mid,46,-0.0294,56.5,0.2063,0.3065,ns
M1vsM2_12m,natural_breaks,Absolute Mortality,ETmax,Low,37,-0.00316,56.8,0.06193,0.1435,ns
M1vsM2_12m,natural_breaks,Absolute Mortality,GPPsat,Low,37,-1.12804,64.9,0.01329,0.06644,ns
M1vsM2_12m,natural_breaks,Absolute Mortality,NEPmax,Low,37,-1.52549,64.9,0.01278,0.06644,ns
M1vsM2_12m,natural_breaks,Absolute Mortality,WUE,Low,37,-0.00628,54.1,0.4046,0.5202,ns
M1vsM2_12m,natural_breaks,Absolute Mortality,uWUE,Low,37,0.05499,40.5,0.8092,0.8276,ns
M1vsM2_12m,natural_breaks,Relative Mortality,ETmax,Mid,45,-0.00164,60,0.06378,0.1435,ns
M1vsM2_12m,natural_breaks,Relative Mortality,GPPsat,Mid,45,-0.75402,71.1,0.003491,0.05712,ns
M1vsM2_12m,natural_breaks,Relative Mortality,NEPmax,Mid,45,-0.83388,64.4,0.007616,0.05712,ns
M1vsM2_12m,natural_breaks,Relative Mortality,WUE,Mid,45,-0.05723,57.8,0.1158,0.1953,ns
M1vsM2_12m,natural_breaks,Relative Mortality,uWUE,Mid,45,-0.00698,51.1,0.7289,0.7628,ns
M1vsM2_12m,natural_breaks,Relative Mortality,ETmax,High,26,-0.00035,53.8,0.4696,0.587,ns
M1vsM2_12m,natural_breaks,Relative Mortality,GPPsat,High,26,-0.73336,65.4,0.02679,0.09273,ns
M1vsM2_12m,natural_breaks,Relative Mortality,NEPmax,High,26,-0.50155,61.5,0.04441,0.1249,ns
M1vsM2_12m,natural_breaks,Relative Mortality,WUE,High,26,-0.12422,65.4,0.02525,0.09273,ns
M1vsM2_12m,natural_breaks,Relative Mortality,uWUE,High,26,-0.12284,69.2,0.006405,0.05712,ns
M1vsM2_12m,natural_breaks,Relative Mortality,ETmax,Low,41,-0.00109,53.7,0.2502,0.3412,ns
M1vsM2_12m,natural_breaks,Relative Mortality,GPPsat,Low,41,-0.93145,61,0.05264,0.1316,ns
M1vsM2_12m,natural_breaks,Relative Mortality,NEPmax,Low,41,-0.906,61,0.08682,0.167,ns
M1vsM2_12m,natural_breaks,Relative Mortality,WUE,Low,41,0.01937,46.3,0.6979,0.7628,ns
M1vsM2_12m,natural_breaks,Relative Mortality,uWUE,Low,41,0.04276,36.6,0.8884,0.8884,ns
M1vsM2_12m,natural_breaks,Relative Disturbance,ETmax,Mid,49,-0.00184,61.2,0.03831,0.1149,ns
M1vsM2_12m,natural_breaks,Relative Disturbance,GPPsat,Mid,49,-0.96764,67.3,0.004194,0.05712,ns
M1vsM2_12m,natural_breaks,Relative Disturbance,NEPmax,Mid,49,-0.99469,67.3,0.007202,0.05712,ns
M1vsM2_12m,natural_breaks,Relative Disturbance,WUE,Mid,49,-0.0439,55.1,0.1698,0.2635,ns
M1vsM2_12m,natural_breaks,Relative Disturbance,uWUE,Mid,49,0.001,49,0.7044,0.7628,ns
M1vsM2_12m,natural_breaks,Relative Disturbance,ETmax,High,24,-0.00084,58.3,0.2331,0.3278,ns
M1vsM2_12m,natural_breaks,Relative Disturbance,GPPsat,High,24,-0.87371,70.8,0.01072,0.06644,ns
M1vsM2_12m,natural_breaks,Relative Disturbance,NEPmax,High,24,-0.70978,66.7,0.01664,0.0749,ns
M1vsM2_12m,natural_breaks,Relative Disturbance,WUE,High,24,-0.1374,62.5,0.05021,0.1316,ns
M1vsM2_12m,natural_breaks,Relative Disturbance,uWUE,High,24,-0.09874,66.7,0.03267,0.105,ns
M1vsM2_12m,natural_breaks,Relative Disturbance,ETmax,Low,39,0.00092,48.7,0.5139,0.6086,ns
M1vsM2_12m,natural_breaks,Relative Disturbance,GPPsat,Low,39,-0.5923,61.5,0.08905,0.167,ns
M1vsM2_12m,natural_breaks,Relative Disturbance,NEPmax,Low,39,-0.28798,53.8,0.2112,0.3065,ns
M1vsM2_12m,natural_breaks,Relative Disturbance,WUE,Low,39,-0.00418,51.3,0.4916,0.598,ns
M1vsM2_12m,natural_breaks,Relative Disturbance,uWUE,Low,39,0.02897,41,0.714,0.7628,ns
M1vsM2_24m,tertiles,Absolute Mortality,ETmax,High,37,0.00024,48.6,0.518,0.5977,ns
M1vsM2_24m,tertiles,Absolute Mortality,GPPsat,High,37,-0.41401,64.9,0.04851,0.1364,ns
M1vsM2_24m,tertiles,Absolute Mortality,NEPmax,High,37,-0.54618,64.9,0.0803,0.1737,ns
M1vsM2_24m,tertiles,Absolute Mortality,WUE,High,37,-0.0309,54.1,0.0849,0.1737,ns
M1vsM2_24m,tertiles,Absolute Mortality,uWUE,High,37,-0.00841,51.4,0.3254,0.505,ns
M1vsM2_24m,tertiles,Absolute Mortality,ETmax,Mid,37,-0.00041,59.5,0.3586,0.5371,ns
M1vsM2_24m,tertiles,Absolute Mortality,GPPsat,Mid,37,-0.81391,67.6,0.01734,0.09843,ns
M1vsM2_24m,tertiles,Absolute Mortality,NEPmax,Mid,37,-0.5872,64.9,0.04701,0.1364,ns
M1vsM2_24m,tertiles,Absolute Mortality,WUE,Mid,37,-0.00663,54.1,0.4164,0.5394,ns
M1vsM2_24m,tertiles,Absolute Mortality,uWUE,Mid,37,-0.00222,54.1,0.446,0.5424,ns
M1vsM2_24m,tertiles,Absolute Mortality,ETmax,Low,38,-0.00213,60.5,0.08193,0.1737,ns
M1vsM2_24m,tertiles,Absolute Mortality,GPPsat,Low,38,-1.1466,65.8,0.01276,0.09572,ns
M1vsM2_24m,tertiles,Absolute Mortality,NEPmax,Low,38,-1.50253,65.8,0.01276,0.09572,ns
M1vsM2_24m,tertiles,Absolute Mortality,WUE,Low,38,-0.01765,52.6,0.4196,0.5394,ns
M1vsM2_24m,tertiles,Absolute Mortality,uWUE,Low,38,0.00692,47.4,0.7568,0.8059,ns
M1vsM2_24m,tertiles,Relative Mortality,ETmax,High,37,-0.00059,56.8,0.2731,0.4389,ns
M1vsM2_24m,tertiles,Relative Mortality,GPPsat,High,37,-0.81391,67.6,0.008226,0.09572,ns
M1vsM2_24m,tertiles,Relative Mortality,NEPmax,High,37,-0.57945,62.2,0.03752,0.1364,ns
M1vsM2_24m,tertiles,Relative Mortality,WUE,High,37,-0.06009,56.8,0.04851,0.1364,ns
M1vsM2_24m,tertiles,Relative Mortality,uWUE,High,37,-0.00514,54.1,0.1991,0.3318,ns
M1vsM2_24m,tertiles,Relative Mortality,ETmax,Mid,37,-0.00023,54.1,0.1991,0.3318,ns
M1vsM2_24m,tertiles,Relative Mortality,GPPsat,Mid,37,-0.68758,67.6,0.04412,0.1364,ns
M1vsM2_24m,tertiles,Relative Mortality,NEPmax,Mid,37,-0.66917,70.3,0.01868,0.09843,ns
M1vsM2_24m,tertiles,Relative Mortality,WUE,Mid,37,-0.0309,56.8,0.1748,0.3146,ns
M1vsM2_24m,tertiles,Relative Mortality,uWUE,Mid,37,-0.00841,54.1,0.37,0.5371,ns
M1vsM2_24m,tertiles,Relative Mortality,ETmax,Low,38,-0.00104,57.9,0.3859,0.5394,ns
M1vsM2_24m,tertiles,Relative Mortality,GPPsat,Low,38,-1.10027,63.2,0.02347,0.09843,ns
M1vsM2_24m,tertiles,Relative Mortality,NEPmax,Low,38,-1.14862,63.2,0.05373,0.1422,ns
M1vsM2_24m,tertiles,Relative Mortality,WUE,Low,38,0.01346,47.4,0.7702,0.8059,ns
M1vsM2_24m,tertiles,Relative Mortality,uWUE,Low,38,0.03066,44.7,0.8679,0.8679,ns
M1vsM2_24m,tertiles,Relative Disturbance,ETmax,High,37,-1e-05,51.4,0.506,0.5977,ns
M1vsM2_24m,tertiles,Relative Disturbance,GPPsat,High,37,-0.91214,67.6,0.0093,0.09572,ns
M1vsM2_24m,tertiles,Relative Disturbance,NEPmax,High,37,-0.66059,62.2,0.02084,0.09843,ns
M1vsM2_24m,tertiles,Relative Disturbance,WUE,High,37,-0.06009,56.8,0.07168,0.1737,ns
M1vsM2_24m,tertiles,Relative Disturbance,uWUE,High,37,-0.01275,54.1,0.1748,0.3146,ns
M1vsM2_24m,tertiles,Relative Disturbance,ETmax,Mid,37,-0.00157,64.9,0.02406,0.09843,ns
M1vsM2_24m,tertiles,Relative Disturbance,GPPsat,Mid,37,-0.8546,70.3,0.01136,0.09572,ns
M1vsM2_24m,tertiles,Relative Disturbance,NEPmax,Mid,37,-0.98023,75.7,0.005164,0.09572,ns
M1vsM2_24m,tertiles,Relative Disturbance,WUE,Mid,37,0.00362,48.6,0.446,0.5424,ns
M1vsM2_24m,tertiles,Relative Disturbance,uWUE,Mid,37,0.00187,48.6,0.788,0.8059,ns
M1vsM2_24m,tertiles,Relative Disturbance,ETmax,Low,38,-0.00022,52.6,0.6523,0.7159,ns
M1vsM2_24m,tertiles,Relative Disturbance,GPPsat,Low,38,-0.32641,60.5,0.07554,0.1737,ns
M1vsM2_24m,tertiles,Relative Disturbance,NEPmax,Low,38,-0.24404,57.9,0.1656,0.3146,ns
M1vsM2_24m,tertiles,Relative Disturbance,WUE,Low,38,-0.01765,55.3,0.4196,0.5394,ns
M1vsM2_24m,tertiles,Relative Disturbance,uWUE,Low,38,-0.00082,50,0.5804,0.653,ns
M1vsM2_24m,equal_width,Absolute Mortality,ETmax,Mid,52,-3e-05,51.9,0.5776,0.722,ns
M1vsM2_24m,equal_width,Absolute Mortality,GPPsat,Mid,52,-0.48498,67.3,0.02281,0.09945,ns
M1vsM2_24m,equal_width,Absolute Mortality,NEPmax,Mid,52,-0.46654,61.5,0.0941,0.2016,ns
M1vsM2_24m,equal_width,Absolute Mortality,WUE,Mid,52,-0.05352,61.5,0.02648,0.09945,ns
M1vsM2_24m,equal_width,Absolute Mortality,uWUE,Mid,52,-0.00923,57.7,0.1036,0.2119,ns
M1vsM2_24m,equal_width,Absolute Mortality,ETmax,Low,54,-0.00154,63,0.05093,0.1432,ns
M1vsM2_24m,equal_width,Absolute Mortality,GPPsat,Low,54,-1.12353,68.5,0.001328,0.02988,*
M1vsM2_24m,equal_width,Absolute Mortality,NEPmax,Low,54,-1.5727,72.2,0.000766,0.02988,*
M1vsM2_24m,equal_width,Absolute Mortality,WUE,Low,54,0.01346,48.1,0.625,0.7601,ns
M1vsM2_24m,equal_width,Absolute Mortality,uWUE,Low,54,0.01729,44.4,0.8876,0.8876,ns
M1vsM2_24m,equal_width,Absolute Mortality,ETmax,High,6,0.00112,33.3,0.7992,0.8173,ns
M1vsM2_24m,equal_width,Absolute Mortality,GPPsat,High,6,0.22173,33.3,0.7992,0.8173,ns
M1vsM2_24m,equal_width,Absolute Mortality,NEPmax,High,6,0.75515,33.3,0.7992,0.8173,ns
M1vsM2_24m,equal_width,Absolute Mortality,WUE,High,6,0.05096,33.3,0.7353,0.8173,ns
M1vsM2_24m,equal_width,Absolute Mortality,uWUE,High,6,-0.00931,50,0.5,0.6818,ns
M1vsM2_24m,equal_width,Relative Mortality,ETmax,Mid,34,-5e-04,58.8,0.1916,0.3593,ns
M1vsM2_24m,equal_width,Relative Mortality,GPPsat,Mid,34,-0.83425,70.6,0.009585,0.09506,ns
M1vsM2_24m,equal_width,Relative Mortality,NEPmax,Mid,34,-0.63863,67.6,0.01561,0.09945,ns
M1vsM2_24m,equal_width,Relative Mortality,WUE,Mid,34,-0.0195,52.9,0.126,0.2465,ns
M1vsM2_24m,equal_width,Relative Mortality,uWUE,Mid,34,0.00348,47.1,0.4254,0.5982,ns
M1vsM2_24m,equal_width,Relative Mortality,ETmax,High,8,-0.00213,62.5,0.4168,0.5982,ns
M1vsM2_24m,equal_width,Relative Mortality,GPPsat,High,8,-0.94062,62.5,0.09172,0.2016,ns
M1vsM2_24m,equal_width,Relative Mortality,NEPmax,High,8,-0.62466,62.5,0.2206,0.3971,ns
M1vsM2_24m,equal_width,Relative Mortality,WUE,High,8,-0.21588,75,0.07074,0.1675,ns
M1vsM2_24m,equal_width,Relative Mortality,uWUE,High,8,-0.11251,87.5,0.07074,0.1675,ns
M1vsM2_24m,equal_width,Relative Mortality,ETmax,Low,70,-0.00045,54.3,0.2675,0.445,ns
M1vsM2_24m,equal_width,Relative Mortality,GPPsat,Low,70,-0.69295,64.3,0.01056,0.09506,ns
M1vsM2_24m,equal_width,Relative Mortality,NEPmax,Low,70,-0.68532,64.3,0.01496,0.09945,ns
M1vsM2_24m,equal_width,Relative Mortality,WUE,Low,70,-0.00586,51.4,0.5743,0.722,ns
M1vsM2_24m,equal_width,Relative Mortality,uWUE,Low,70,0.00692,48.6,0.7987,0.8173,ns
M1vsM2_24m,equal_width,Relative Disturbance,ETmax,Mid,39,-4e-05,53.8,0.2955,0.4586,ns
M1vsM2_24m,equal_width,Relative Disturbance,GPPsat,Mid,39,-0.8546,71.8,0.006124,0.09186,ns
M1vsM2_24m,equal_width,Relative Disturbance,NEPmax,Mid,39,-0.66059,66.7,0.02046,0.09945,ns
M1vsM2_24m,equal_width,Relative Disturbance,WUE,Mid,39,0.00362,48.7,0.3715,0.5572,ns
M1vsM2_24m,equal_width,Relative Disturbance,uWUE,Mid,39,0.00862,41,0.7093,0.8173,ns
M1vsM2_24m,equal_width,Relative Disturbance,ETmax,High,10,-0.00213,70,0.2704,0.445,ns
M1vsM2_24m,equal_width,Relative Disturbance,GPPsat,High,10,-1.14502,70,0.03327,0.09982,ns
M1vsM2_24m,equal_width,Relative Disturbance,NEPmax,High,10,-0.82518,70,0.06314,0.1671,ns
M1vsM2_24m,equal_width,Relative Disturbance,WUE,High,10,-0.22866,80,0.02639,0.09945,ns
M1vsM2_24m,equal_width,Relative Disturbance,uWUE,High,10,-0.21789,90,0.03327,0.09982,ns
M1vsM2_24m,equal_width,Relative Disturbance,ETmax,Low,63,-0.00067,55.6,0.2769,0.445,ns
M1vsM2_24m,equal_width,Relative Disturbance,GPPsat,Low,63,-0.56082,61.9,0.02656,0.09945,ns
M1vsM2_24m,equal_width,Relative Disturbance,NEPmax,Low,63,-0.51469,63.5,0.02873,0.09945,ns
M1vsM2_24m,equal_width,Relative Disturbance,WUE,Low,63,-0.01055,52.4,0.545,0.7213,ns
M1vsM2_24m,equal_width,Relative Disturbance,uWUE,Low,63,-0.00222,50.8,0.7794,0.8173,ns
M1vsM2_24m,natural_breaks,Absolute Mortality,ETmax,High,29,0.00102,41.4,0.6594,0.7418,ns
M1vsM2_24m,natural_breaks,Absolute Mortality,GPPsat,High,29,-0.41401,62.1,0.07073,0.1768,ns
M1vsM2_24m,natural_breaks,Absolute Mortality,NEPmax,High,29,-0.4184,62.1,0.1398,0.2621,ns
M1vsM2_24m,natural_breaks,Absolute Mortality,WUE,High,29,0.01222,48.3,0.2056,0.3305,ns
M1vsM2_24m,natural_breaks,Absolute Mortality,uWUE,High,29,0.01439,48.3,0.4655,0.5819,ns
M1vsM2_24m,natural_breaks,Absolute Mortality,ETmax,Mid,46,-0.00061,63,0.1601,0.2881,ns
M1vsM2_24m,natural_breaks,Absolute Mortality,GPPsat,Mid,46,-0.83425,69.6,0.007197,0.07437,ns
M1vsM2_24m,natural_breaks,Absolute Mortality,NEPmax,Mid,46,-0.60194,67.4,0.01569,0.07437,ns
M1vsM2_24m,natural_breaks,Absolute Mortality,WUE,Mid,46,-0.02686,58.7,0.1709,0.2958,ns
M1vsM2_24m,natural_breaks,Absolute Mortality,uWUE,Mid,46,-0.00627,56.5,0.2422,0.3758,ns
M1vsM2_24m,natural_breaks,Absolute Mortality,ETmax,Low,37,-0.00157,59.5,0.108,0.2114,ns
M1vsM2_24m,natural_breaks,Absolute Mortality,GPPsat,Low,37,-1.0676,64.9,0.01868,0.07437,ns
M1vsM2_24m,natural_breaks,Absolute Mortality,NEPmax,Low,37,-1.43635,64.9,0.018,0.07437,ns
M1vsM2_24m,natural_breaks,Absolute Mortality,WUE,Low,37,-0.01055,51.4,0.44,0.5819,ns
M1vsM2_24m,natural_breaks,Absolute Mortality,uWUE,Low,37,0.00809,45.9,0.8009,0.8191,ns
M1vsM2_24m,natural_breaks,Relative Mortality,ETmax,Mid,45,-0.00062,60,0.09331,0.1995,ns
M1vsM2_24m,natural_breaks,Relative Mortality,GPPsat,Mid,45,-0.78337,71.1,0.005547,0.07437,ns
M1vsM2_24m,natural_breaks,Relative Mortality,NEPmax,Mid,45,-0.66917,71.1,0.005916,0.07437,ns
M1vsM2_24m,natural_breaks,Relative Mortality,WUE,Mid,45,-0.0309,53.3,0.334,0.4848,ns
M1vsM2_24m,natural_breaks,Relative Mortality,uWUE,Mid,45,0.00509,46.7,0.7853,0.8191,ns
M1vsM2_24m,natural_breaks,Relative Mortality,ETmax,High,26,-0.00016,50,0.5,0.6081,ns
M1vsM2_24m,natural_breaks,Relative Mortality,GPPsat,High,26,-0.73587,65.4,0.02379,0.08236,ns
M1vsM2_24m,natural_breaks,Relative Mortality,NEPmax,High,26,-0.63863,61.5,0.05203,0.1463,ns
M1vsM2_24m,natural_breaks,Relative Mortality,WUE,High,26,-0.09785,61.5,0.01983,0.07437,ns
M1vsM2_24m,natural_breaks,Relative Mortality,uWUE,High,26,-0.04318,69.2,0.01751,0.07437,ns
M1vsM2_24m,natural_breaks,Relative Mortality,ETmax,Low,41,-0.00103,56.1,0.3828,0.5384,ns
M1vsM2_24m,natural_breaks,Relative Mortality,GPPsat,Low,41,-1.0676,61,0.04991,0.1463,ns
M1vsM2_24m,natural_breaks,Relative Mortality,NEPmax,Low,41,-0.70147,61,0.09752,0.1995,ns
M1vsM2_24m,natural_breaks,Relative Mortality,WUE,Low,41,0.01051,48.8,0.7201,0.7903,ns
M1vsM2_24m,natural_breaks,Relative Mortality,uWUE,Low,41,0.05324,43.9,0.8501,0.8501,ns
M1vsM2_24m,natural_breaks,Relative Disturbance,ETmax,Mid,49,-0.00062,57.1,0.06654,0.1761,ns
M1vsM2_24m,natural_breaks,Relative Disturbance,GPPsat,Mid,49,-0.8546,69.4,0.01197,0.07437,ns
M1vsM2_24m,natural_breaks,Relative Disturbance,NEPmax,Mid,49,-0.98023,69.4,0.01079,0.07437,ns
M1vsM2_24m,natural_breaks,Relative Disturbance,WUE,Mid,49,-0.01526,51,0.4368,0.5819,ns
M1vsM2_24m,natural_breaks,Relative Disturbance,uWUE,Mid,49,0.00187,49,0.7722,0.8191,ns
M1vsM2_24m,natural_breaks,Relative Disturbance,ETmax,High,24,-0.00095,58.3,0.2986,0.4478,ns
M1vsM2_24m,natural_breaks,Relative Disturbance,GPPsat,High,24,-0.94062,70.8,0.009208,0.07437,ns
M1vsM2_24m,natural_breaks,Relative Disturbance,NEPmax,High,24,-0.66523,70.8,0.0155,0.07437,ns
M1vsM2_24m,natural_breaks,Relative Disturbance,WUE,High,24,-0.13728,58.3,0.03267,0.105,ns
M1vsM2_24m,natural_breaks,Relative Disturbance,uWUE,High,24,-0.02652,58.3,0.08292,0.1866,ns
M1vsM2_24m,natural_breaks,Relative Disturbance,ETmax,Low,39,-0.00022,53.8,0.639,0.7373,ns
M1vsM2_24m,natural_breaks,Relative Disturbance,GPPsat,Low,39,-0.31684,59,0.08039,0.1866,ns
M1vsM2_24m,natural_breaks,Relative Disturbance,NEPmax,Low,39,-0.21104,56.4,0.1803,0.3006,ns
M1vsM2_24m,natural_breaks,Relative Disturbance,WUE,Low,39,-0.01055,53.8,0.4583,0.5819,ns
M1vsM2_24m,natural_breaks,Relative Disturbance,uWUE,Low,39,0.00575,48.7,0.6179,0.7318,ns
M3vsM4_12m,tertiles,Absolute Mortality,ETmax,High,37,7e-04,40.5,0.9241,0.9241,ns
M3vsM4_12m,tertiles,Absolute Mortality,GPPsat,High,37,-0.42495,59.5,0.0093,0.07902,ns
M3vsM4_12m,tertiles,Absolute Mortality,NEPmax,High,37,-0.49106,62.2,0.01182,0.07902,ns
M3vsM4_12m,tertiles,Absolute Mortality,WUE,High,37,-0.03751,59.5,0.09724,0.1903,ns
M3vsM4_12m,tertiles,Absolute Mortality,uWUE,High,37,0.00777,45.9,0.3586,0.538,ns
M3vsM4_12m,tertiles,Absolute Mortality,ETmax,Mid,37,1e-05,48.6,0.6357,0.7868,ns
M3vsM4_12m,tertiles,Absolute Mortality,GPPsat,Mid,37,-0.45309,73,0.0201,0.112,ns
M3vsM4_12m,tertiles,Absolute Mortality,NEPmax,Mid,37,-0.53667,62.2,0.06964,0.1741,ns
M3vsM4_12m,tertiles,Absolute Mortality,WUE,Mid,37,-0.01394,54.1,0.2681,0.4309,ns
M3vsM4_12m,tertiles,Absolute Mortality,uWUE,Mid,37,-0.02044,51.4,0.512,0.6777,ns
M3vsM4_12m,tertiles,Absolute Mortality,ETmax,Low,38,-0.00082,55.3,0.09107,0.1863,ns
M3vsM4_12m,tertiles,Absolute Mortality,GPPsat,Low,38,-0.16613,57.9,0.04914,0.1474,ns
M3vsM4_12m,tertiles,Absolute Mortality,NEPmax,Low,38,-0.67248,68.4,0.01056,0.07902,ns
M3vsM4_12m,tertiles,Absolute Mortality,WUE,Low,38,-0.02158,52.6,0.397,0.5583,ns
M3vsM4_12m,tertiles,Absolute Mortality,uWUE,Low,38,0.02922,44.7,0.6469,0.7868,ns
M3vsM4_12m,tertiles,Relative Mortality,ETmax,High,37,0.00019,45.9,0.7466,0.8514,ns
M3vsM4_12m,tertiles,Relative Mortality,GPPsat,High,37,-0.156,62.2,0.0224,0.112,ns
M3vsM4_12m,tertiles,Relative Mortality,NEPmax,High,37,-0.49106,62.2,0.04273,0.1418,ns
M3vsM4_12m,tertiles,Relative Mortality,WUE,High,37,-0.03306,59.5,0.04412,0.1418,ns
M3vsM4_12m,tertiles,Relative Mortality,uWUE,High,37,-0.0358,56.8,0.1258,0.2264,ns
M3vsM4_12m,tertiles,Relative Mortality,ETmax,Mid,37,9e-05,48.6,0.353,0.538,ns
M3vsM4_12m,tertiles,Relative Mortality,GPPsat,Mid,37,-0.5862,64.9,0.01229,0.07902,ns
M3vsM4_12m,tertiles,Relative Mortality,NEPmax,Mid,37,-0.69692,70.3,0.002753,0.06193,ns
M3vsM4_12m,tertiles,Relative Mortality,WUE,Mid,37,-0.05052,62.2,0.0803,0.177,ns
M3vsM4_12m,tertiles,Relative Mortality,uWUE,Mid,37,0.00567,48.6,0.3757,0.5454,ns
M3vsM4_12m,tertiles,Relative Mortality,ETmax,Low,38,-0.00027,50,0.4366,0.5954,ns
M3vsM4_12m,tertiles,Relative Mortality,GPPsat,Low,38,-0.2777,63.2,0.04219,0.1418,ns
M3vsM4_12m,tertiles,Relative Mortality,NEPmax,Low,38,-0.46183,60.5,0.0735,0.1741,ns
M3vsM4_12m,tertiles,Relative Mortality,WUE,Low,38,0.02318,44.7,0.8118,0.8595,ns
M3vsM4_12m,tertiles,Relative Mortality,uWUE,Low,38,0.03876,36.8,0.8938,0.9142,ns
M3vsM4_12m,tertiles,Relative Disturbance,ETmax,High,37,0.00019,43.2,0.8051,0.8595,ns
M3vsM4_12m,tertiles,Relative Disturbance,GPPsat,High,37,-0.1273,59.5,0.03285,0.1344,ns
M3vsM4_12m,tertiles,Relative Disturbance,NEPmax,High,37,-0.52699,64.9,0.02674,0.1203,ns
M3vsM4_12m,tertiles,Relative Disturbance,WUE,High,37,-0.03306,56.8,0.08258,0.177,ns
M3vsM4_12m,tertiles,Relative Disturbance,uWUE,High,37,-0.06191,59.5,0.06765,0.1741,ns
M3vsM4_12m,tertiles,Relative Disturbance,ETmax,Mid,37,-0.00155,59.5,0.1025,0.1922,ns
M3vsM4_12m,tertiles,Relative Disturbance,GPPsat,Mid,37,-0.69247,70.3,0.00563,0.07902,ns
M3vsM4_12m,tertiles,Relative Disturbance,NEPmax,Mid,37,-0.69692,70.3,0.001097,0.04938,*
M3vsM4_12m,tertiles,Relative Disturbance,WUE,Mid,37,-0.04431,56.8,0.2253,0.3756,ns
M3vsM4_12m,tertiles,Relative Disturbance,uWUE,Mid,37,0.03801,37.8,0.8213,0.8595,ns
M3vsM4_12m,tertiles,Relative Disturbance,ETmax,Low,38,0.00071,42.1,0.7568,0.8514,ns
M3vsM4_12m,tertiles,Relative Disturbance,GPPsat,Low,38,-0.15123,60.5,0.06391,0.1741,ns
M3vsM4_12m,tertiles,Relative Disturbance,NEPmax,Low,38,-0.31213,57.9,0.1321,0.2286,ns
M3vsM4_12m,tertiles,Relative Disturbance,WUE,Low,38,-0.00757,52.6,0.5289,0.68,ns
M3vsM4_12m,tertiles,Relative Disturbance,uWUE,Low,38,0.01117,44.7,0.7092,0.8399,ns
M3vsM4_12m,equal_width,Absolute Mortality,ETmax,Mid,52,0.00042,44.2,0.7366,0.8085,ns
M3vsM4_12m,equal_width,Absolute Mortality,GPPsat,Mid,52,-0.14167,55.8,0.08813,0.2479,ns
M3vsM4_12m,equal_width,Absolute Mortality,NEPmax,Mid,52,-0.27969,55.8,0.1247,0.2952,ns
M3vsM4_12m,equal_width,Absolute Mortality,WUE,Mid,52,-0.05901,63.5,0.02232,0.0913,ns
M3vsM4_12m,equal_width,Absolute Mortality,uWUE,Mid,52,-0.00723,51.9,0.1706,0.3338,ns
M3vsM4_12m,equal_width,Absolute Mortality,ETmax,Low,54,-0.00066,55.6,0.1124,0.281,ns
M3vsM4_12m,equal_width,Absolute Mortality,GPPsat,Low,54,-0.527,68.5,0.001087,0.02447,*
M3vsM4_12m,equal_width,Absolute Mortality,NEPmax,Low,54,-0.74119,70.4,0.0005851,0.02447,*
M3vsM4_12m,equal_width,Absolute Mortality,WUE,Low,54,0.00746,48.1,0.6151,0.7318,ns
M3vsM4_12m,equal_width,Absolute Mortality,uWUE,Low,54,0.03876,40.7,0.8452,0.8644,ns
M3vsM4_12m,equal_width,Absolute Mortality,ETmax,High,6,0.00474,16.7,0.982,0.982,ns
M3vsM4_12m,equal_width,Absolute Mortality,GPPsat,High,6,-1.60804,83.3,0.04675,0.1618,ns
M3vsM4_12m,equal_width,Absolute Mortality,NEPmax,High,6,-2.23227,83.3,0.04675,0.1618,ns
M3vsM4_12m,equal_width,Absolute Mortality,WUE,High,6,0.02837,50,0.5,0.7031,ns
M3vsM4_12m,equal_width,Absolute Mortality,uWUE,High,6,-0.05321,66.7,0.1473,0.3012,ns
M3vsM4_12m,equal_width,Relative Mortality,ETmax,Mid,34,1e-04,47.1,0.6078,0.7318,ns
M3vsM4_12m,equal_width,Relative Mortality,GPPsat,Mid,34,-0.62669,70.6,0.002806,0.02491,*
M3vsM4_12m,equal_width,Relative Mortality,NEPmax,Mid,34,-0.65809,73.5,0.002662,0.02491,*
M3vsM4_12m,equal_width,Relative Mortality,WUE,Mid,34,-0.02794,58.8,0.1124,0.281,ns
M3vsM4_12m,equal_width,Relative Mortality,uWUE,Mid,34,-0.01255,50,0.4054,0.6669,ns
M3vsM4_12m,equal_width,Relative Mortality,ETmax,High,8,0.001,50,0.5832,0.7318,ns
M3vsM4_12m,equal_width,Relative Mortality,GPPsat,High,8,0.09078,37.5,0.5832,0.7318,ns
M3vsM4_12m,equal_width,Relative Mortality,NEPmax,High,8,0.30759,37.5,0.6369,0.7348,ns
M3vsM4_12m,equal_width,Relative Mortality,WUE,High,8,-0.1844,62.5,0.1468,0.3012,ns
M3vsM4_12m,equal_width,Relative Mortality,uWUE,High,8,-0.13356,75,0.1468,0.3012,ns
M3vsM4_12m,equal_width,Relative Mortality,ETmax,Low,70,6e-05,48.6,0.4534,0.6669,ns
M3vsM4_12m,equal_width,Relative Mortality,GPPsat,Low,70,-0.34375,62.9,0.007336,0.04127,*
M3vsM4_12m,equal_width,Relative Mortality,NEPmax,Low,70,-0.52072,62.9,0.006874,0.04127,*
M3vsM4_12m,equal_width,Relative Mortality,WUE,Low,70,-0.01673,52.9,0.3961,0.6669,ns
M3vsM4_12m,equal_width,Relative Mortality,uWUE,Low,70,0.01884,42.9,0.7624,0.8168,ns
M3vsM4_12m,equal_width,Relative Disturbance,ETmax,Mid,39,9e-05,48.7,0.4308,0.6669,ns
M3vsM4_12m,equal_width,Relative Disturbance,GPPsat,Mid,39,-0.72007,69.2,0.003321,0.02491,*
M3vsM4_12m,equal_width,Relative Disturbance,NEPmax,Mid,39,-0.67203,71.8,0.002571,0.02491,*
M3vsM4_12m,equal_width,Relative Disturbance,WUE,Mid,39,-0.02281,56.4,0.2907,0.5451,ns
M3vsM4_12m,equal_width,Relative Disturbance,uWUE,Mid,39,0.00777,46.2,0.6179,0.7318,ns
M3vsM4_12m,equal_width,Relative Disturbance,ETmax,High,10,0.00128,40,0.6583,0.7405,ns
M3vsM4_12m,equal_width,Relative Disturbance,GPPsat,High,10,0.09078,40,0.4594,0.6669,ns
M3vsM4_12m,equal_width,Relative Disturbance,NEPmax,High,10,0.02691,50,0.4192,0.6669,ns
M3vsM4_12m,equal_width,Relative Disturbance,WUE,High,10,-0.2192,70,0.06314,0.1894,ns
M3vsM4_12m,equal_width,Relative Disturbance,uWUE,High,10,-0.20242,80,0.06314,0.1894,ns
M3vsM4_12m,equal_width,Relative Disturbance,ETmax,Low,63,2e-05,49.2,0.5205,0.7097,ns
M3vsM4_12m,equal_width,Relative Disturbance,GPPsat,Low,63,-0.32597,63.5,0.01081,0.05407,ns
M3vsM4_12m,equal_width,Relative Disturbance,NEPmax,Low,63,-0.50476,61.9,0.01436,0.06462,ns
M3vsM4_12m,equal_width,Relative Disturbance,WUE,Low,63,-0.0131,52.4,0.4013,0.6669,ns
M3vsM4_12m,equal_width,Relative Disturbance,uWUE,Low,63,0.0205,42.9,0.7874,0.8241,ns
M3vsM4_12m,natural_breaks,Absolute Mortality,ETmax,High,29,0.00235,31,0.983,0.983,ns
M3vsM4_12m,natural_breaks,Absolute Mortality,GPPsat,High,29,-0.5862,65.5,0.009213,0.06568,ns
M3vsM4_12m,natural_breaks,Absolute Mortality,NEPmax,High,29,-0.49561,62.1,0.03466,0.1114,ns
M3vsM4_12m,natural_breaks,Absolute Mortality,WUE,High,29,-0.00443,51.7,0.2724,0.4379,ns
M3vsM4_12m,natural_breaks,Absolute Mortality,uWUE,High,29,0.0171,41.4,0.5259,0.696,ns
M3vsM4_12m,natural_breaks,Absolute Mortality,ETmax,Mid,46,-0.00019,54.3,0.339,0.4921,ns
M3vsM4_12m,natural_breaks,Absolute Mortality,GPPsat,Mid,46,-0.40731,67.4,0.01291,0.06568,ns
M3vsM4_12m,natural_breaks,Absolute Mortality,NEPmax,Mid,46,-0.52072,63,0.01612,0.06568,ns
M3vsM4_12m,natural_breaks,Absolute Mortality,WUE,Mid,46,-0.0429,60.9,0.0604,0.1431,ns
M3vsM4_12m,natural_breaks,Absolute Mortality,uWUE,Mid,46,-0.02577,54.3,0.285,0.4422,ns
M3vsM4_12m,natural_breaks,Absolute Mortality,ETmax,Low,37,-0.00077,54.1,0.1227,0.24,ns
M3vsM4_12m,natural_breaks,Absolute Mortality,GPPsat,Low,37,-0.07304,56.8,0.07168,0.152,ns
M3vsM4_12m,natural_breaks,Absolute Mortality,NEPmax,Low,37,-0.64416,67.6,0.01609,0.06568,ns
M3vsM4_12m,natural_breaks,Absolute Mortality,WUE,Low,37,-0.02036,51.4,0.4639,0.6326,ns
M3vsM4_12m,natural_breaks,Absolute Mortality,uWUE,Low,37,0.03795,43.2,0.7219,0.8645,ns
M3vsM4_12m,natural_breaks,Relative Mortality,ETmax,Mid,45,9e-05,48.9,0.3018,0.4527,ns
M3vsM4_12m,natural_breaks,Relative Mortality,GPPsat,Mid,45,-0.36153,66.7,0.01387,0.06568,ns
M3vsM4_12m,natural_breaks,Relative Mortality,NEPmax,Mid,45,-0.61077,66.7,0.00916,0.06568,ns
M3vsM4_12m,natural_breaks,Relative Mortality,WUE,Mid,45,-0.04431,57.8,0.1715,0.2969,ns
M3vsM4_12m,natural_breaks,Relative Mortality,uWUE,Mid,45,0.02113,44.4,0.7684,0.8645,ns
M3vsM4_12m,natural_breaks,Relative Mortality,ETmax,High,26,0.00179,42.3,0.8886,0.9088,ns
M3vsM4_12m,natural_breaks,Relative Mortality,GPPsat,High,26,-0.47913,61.5,0.01751,0.06568,ns
M3vsM4_12m,natural_breaks,Relative Mortality,NEPmax,High,26,-0.55738,69.2,0.008484,0.06568,ns
M3vsM4_12m,natural_breaks,Relative Mortality,WUE,High,26,-0.07255,61.5,0.03985,0.1121,ns
M3vsM4_12m,natural_breaks,Relative Mortality,uWUE,High,26,-0.06844,69.2,0.01041,0.06568,ns
M3vsM4_12m,natural_breaks,Relative Mortality,ETmax,Low,41,-0.00056,51.2,0.373,0.5245,ns
M3vsM4_12m,natural_breaks,Relative Mortality,GPPsat,Low,41,-0.22943,61,0.0424,0.1122,ns
M3vsM4_12m,natural_breaks,Relative Mortality,NEPmax,Low,41,-0.38699,58.5,0.0698,0.152,ns
M3vsM4_12m,natural_breaks,Relative Mortality,WUE,Low,41,0.00927,48.8,0.6842,0.8552,ns
M3vsM4_12m,natural_breaks,Relative Mortality,uWUE,Low,41,0.03957,36.6,0.8756,0.9088,ns
M3vsM4_12m,natural_breaks,Relative Disturbance,ETmax,Mid,49,-0.00087,53.1,0.1391,0.2504,ns
M3vsM4_12m,natural_breaks,Relative Disturbance,GPPsat,Mid,49,-0.69247,67.3,0.004578,0.06568,ns
M3vsM4_12m,natural_breaks,Relative Disturbance,NEPmax,Mid,49,-0.69692,67.3,0.004578,0.06568,ns
M3vsM4_12m,natural_breaks,Relative Disturbance,WUE,Mid,49,-0.04431,57.1,0.2131,0.3551,ns
M3vsM4_12m,natural_breaks,Relative Disturbance,uWUE,Mid,49,0.03801,40.8,0.8173,0.8757,ns
M3vsM4_12m,natural_breaks,Relative Disturbance,ETmax,High,24,0.00018,45.8,0.8159,0.8757,ns
M3vsM4_12m,natural_breaks,Relative Disturbance,GPPsat,High,24,-0.27612,62.5,0.03945,0.1121,ns
M3vsM4_12m,natural_breaks,Relative Disturbance,NEPmax,High,24,-0.54169,70.8,0.007883,0.06568,ns
M3vsM4_12m,natural_breaks,Relative Disturbance,WUE,High,24,-0.05333,58.3,0.05021,0.1255,ns
M3vsM4_12m,natural_breaks,Relative Disturbance,uWUE,High,24,-0.06726,66.7,0.02053,0.07108,ns
M3vsM4_12m,natural_breaks,Relative Disturbance,ETmax,Low,39,7e-04,43.6,0.7507,0.8645,ns
M3vsM4_12m,natural_breaks,Relative Disturbance,GPPsat,Low,39,-0.07304,59,0.07432,0.152,ns
M3vsM4_12m,natural_breaks,Relative Disturbance,NEPmax,Low,39,-0.2659,56.4,0.1367,0.2504,ns
M3vsM4_12m,natural_breaks,Relative Disturbance,WUE,Low,39,-0.00205,51.3,0.5692,0.7319,ns
M3vsM4_12m,natural_breaks,Relative Disturbance,uWUE,Low,39,0.01719,43.6,0.7463,0.8645,ns
M3vsM4_24m,tertiles,Absolute Mortality,ETmax,High,37,0.00131,32.4,0.9599,0.9599,ns
M3vsM4_24m,tertiles,Absolute Mortality,GPPsat,High,37,-0.29706,56.8,0.01549,0.08505,ns
M3vsM4_24m,tertiles,Absolute Mortality,NEPmax,High,37,-0.58151,59.5,0.01229,0.08505,ns
M3vsM4_24m,tertiles,Absolute Mortality,WUE,High,37,-0.02654,59.5,0.07377,0.1953,ns
M3vsM4_24m,tertiles,Absolute Mortality,uWUE,High,37,0.01119,48.6,0.3814,0.5107,ns
M3vsM4_24m,tertiles,Absolute Mortality,ETmax,Mid,37,-0.00016,51.4,0.512,0.64,ns
M3vsM4_24m,tertiles,Absolute Mortality,GPPsat,Mid,37,-0.37421,73,0.01229,0.08505,ns
M3vsM4_24m,tertiles,Absolute Mortality,NEPmax,Mid,37,-0.6321,64.9,0.1025,0.2041,ns
M3vsM4_24m,tertiles,Absolute Mortality,WUE,Mid,37,-0.01469,51.4,0.2832,0.4552,ns
M3vsM4_24m,tertiles,Absolute Mortality,uWUE,Mid,37,0.00629,48.6,0.3474,0.5107,ns
M3vsM4_24m,tertiles,Absolute Mortality,ETmax,Low,38,-0.00104,55.3,0.04768,0.1533,ns
M3vsM4_24m,tertiles,Absolute Mortality,GPPsat,Low,38,-0.11963,55.3,0.09347,0.2041,ns
M3vsM4_24m,tertiles,Absolute Mortality,NEPmax,Low,38,-0.58406,63.2,0.02268,0.08505,ns
M3vsM4_24m,tertiles,Absolute Mortality,WUE,Low,38,-0.02551,52.6,0.3859,0.5107,ns
M3vsM4_24m,tertiles,Absolute Mortality,uWUE,Low,38,0.02384,44.7,0.7568,0.8733,ns
M3vsM4_24m,tertiles,Relative Mortality,ETmax,High,37,0.00112,37.8,0.7967,0.8744,ns
M3vsM4_24m,tertiles,Relative Mortality,GPPsat,High,37,-0.29706,62.2,0.01734,0.08505,ns
M3vsM4_24m,tertiles,Relative Mortality,NEPmax,High,37,-0.50606,62.2,0.01868,0.08505,ns
M3vsM4_24m,tertiles,Relative Mortality,WUE,High,37,-0.00465,54.1,0.1025,0.2041,ns
M3vsM4_24m,tertiles,Relative Mortality,uWUE,High,37,-0.00164,51.4,0.1634,0.2941,ns
M3vsM4_24m,tertiles,Relative Mortality,ETmax,Mid,37,1e-04,48.6,0.2987,0.4636,ns
M3vsM4_24m,tertiles,Relative Mortality,GPPsat,Mid,37,-0.35542,64.9,0.0224,0.08505,ns
M3vsM4_24m,tertiles,Relative Mortality,NEPmax,Mid,37,-0.78175,67.6,0.008226,0.08505,ns
M3vsM4_24m,tertiles,Relative Mortality,WUE,Mid,37,-0.05738,64.9,0.04701,0.1533,ns
M3vsM4_24m,tertiles,Relative Mortality,uWUE,Mid,37,-0.01142,51.4,0.3814,0.5107,ns
M3vsM4_24m,tertiles,Relative Mortality,ETmax,Low,38,-0.00036,52.6,0.3859,0.5107,ns
M3vsM4_24m,tertiles,Relative Mortality,GPPsat,Low,38,-0.23683,57.9,0.05216,0.1565,ns
M3vsM4_24m,tertiles,Relative Mortality,NEPmax,Low,38,-0.45739,57.9,0.1088,0.2041,ns
M3vsM4_24m,tertiles,Relative Mortality,WUE,Low,38,0.03562,44.7,0.7832,0.8744,ns
M3vsM4_24m,tertiles,Relative Mortality,uWUE,Low,38,0.02097,39.5,0.877,0.9094,ns
M3vsM4_24m,tertiles,Relative Disturbance,ETmax,High,37,0.00112,35.1,0.8803,0.9094,ns
M3vsM4_24m,tertiles,Relative Disturbance,GPPsat,High,37,-0.29706,62.2,0.01938,0.08505,ns
M3vsM4_24m,tertiles,Relative Disturbance,NEPmax,High,37,-0.69366,64.9,0.01329,0.08505,ns
M3vsM4_24m,tertiles,Relative Disturbance,WUE,High,37,-0.01469,56.8,0.1053,0.2041,ns
M3vsM4_24m,tertiles,Relative Disturbance,uWUE,High,37,-0.0423,56.8,0.08258,0.2041,ns
M3vsM4_24m,tertiles,Relative Disturbance,ETmax,Mid,37,-0.0013,56.8,0.0657,0.1848,ns
M3vsM4_24m,tertiles,Relative Disturbance,GPPsat,Mid,37,-0.49145,70.3,0.009684,0.08505,ns
M3vsM4_24m,tertiles,Relative Disturbance,NEPmax,Mid,37,-0.75025,67.6,0.005164,0.08505,ns
M3vsM4_24m,tertiles,Relative Disturbance,WUE,Mid,37,-0.02654,54.1,0.2253,0.3756,ns
M3vsM4_24m,tertiles,Relative Disturbance,uWUE,Mid,37,0.02814,37.8,0.8891,0.9094,ns
M3vsM4_24m,tertiles,Relative Disturbance,ETmax,Low,38,0.00035,47.4,0.6577,0.7788,ns
M3vsM4_24m,tertiles,Relative Disturbance,GPPsat,Low,38,-0.15405,52.6,0.09591,0.2041,ns
M3vsM4_24m,tertiles,Relative Disturbance,NEPmax,Low,38,-0.41117,55.3,0.1729,0.2993,ns
M3vsM4_24m,tertiles,Relative Disturbance,WUE,Low,38,-0.02551,52.6,0.4252,0.5467,ns
M3vsM4_24m,tertiles,Relative Disturbance,uWUE,Low,38,0.00869,47.4,0.5861,0.7128,ns
M3vsM4_24m,equal_width,Absolute Mortality,ETmax,Mid,52,0.00102,42.3,0.8151,0.8531,ns
M3vsM4_24m,equal_width,Absolute Mortality,GPPsat,Mid,52,-0.24011,55.8,0.07317,0.1937,ns
M3vsM4_24m,equal_width,Absolute Mortality,NEPmax,Mid,52,-0.37703,53.8,0.1616,0.3304,ns
M3vsM4_24m,equal_width,Absolute Mortality,WUE,Mid,52,-0.04753,63.5,0.01711,0.0974,ns
M3vsM4_24m,equal_width,Absolute Mortality,uWUE,Mid,52,-0.01286,53.8,0.1362,0.3301,ns
M3vsM4_24m,equal_width,Absolute Mortality,ETmax,Low,54,-0.00061,53.7,0.06375,0.1913,ns
M3vsM4_24m,equal_width,Absolute Mortality,GPPsat,Low,54,-0.48833,64.8,0.002435,0.02289,*
M3vsM4_24m,equal_width,Absolute Mortality,NEPmax,Low,54,-0.72195,68.5,0.001255,0.02289,*
M3vsM4_24m,equal_width,Absolute Mortality,WUE,Low,54,0.02634,46.3,0.6151,0.692,ns
M3vsM4_24m,equal_width,Absolute Mortality,uWUE,Low,54,0.02097,38.9,0.8826,0.9027,ns
M3vsM4_24m,equal_width,Absolute Mortality,ETmax,High,6,0.00405,16.7,0.982,0.982,ns
M3vsM4_24m,equal_width,Absolute Mortality,GPPsat,High,6,-1.54581,83.3,0.07111,0.1937,ns
M3vsM4_24m,equal_width,Absolute Mortality,NEPmax,High,6,-1.67126,83.3,0.04675,0.1912,ns
M3vsM4_24m,equal_width,Absolute Mortality,WUE,High,6,0.01545,50,0.5,0.6599,ns
M3vsM4_24m,equal_width,Absolute Mortality,uWUE,High,6,-0.01757,66.7,0.3375,0.5795,ns
M3vsM4_24m,equal_width,Relative Mortality,ETmax,Mid,34,0.00065,41.2,0.6143,0.692,ns
M3vsM4_24m,equal_width,Relative Mortality,GPPsat,Mid,34,-0.58936,70.6,0.002957,0.02289,*
M3vsM4_24m,equal_width,Relative Mortality,NEPmax,Mid,34,-0.83543,73.5,0.002394,0.02289,*
M3vsM4_24m,equal_width,Relative Mortality,WUE,Mid,34,-0.00458,52.9,0.1824,0.3421,ns
M3vsM4_24m,equal_width,Relative Mortality,uWUE,Mid,34,0.01688,44.1,0.4121,0.5795,ns
M3vsM4_24m,equal_width,Relative Mortality,ETmax,High,8,0.00085,50,0.5279,0.6599,ns
M3vsM4_24m,equal_width,Relative Mortality,GPPsat,High,8,-0.05304,50,0.3631,0.5795,ns
M3vsM4_24m,equal_width,Relative Mortality,NEPmax,High,8,0.26308,37.5,0.4721,0.6438,ns
M3vsM4_24m,equal_width,Relative Mortality,WUE,High,8,-0.16013,62.5,0.1468,0.3301,ns
M3vsM4_24m,equal_width,Relative Mortality,uWUE,High,8,-0.12115,75,0.1468,0.3301,ns
M3vsM4_24m,equal_width,Relative Mortality,ETmax,Low,70,9e-05,48.6,0.3984,0.5795,ns
M3vsM4_24m,equal_width,Relative Mortality,GPPsat,Low,70,-0.23683,58.6,0.01732,0.0974,ns
M3vsM4_24m,equal_width,Relative Mortality,NEPmax,Low,70,-0.55152,60,0.02821,0.141,ns
M3vsM4_24m,equal_width,Relative Mortality,WUE,Low,70,-0.0252,54.3,0.3562,0.5795,ns
M3vsM4_24m,equal_width,Relative Mortality,uWUE,Low,70,0.01494,45.7,0.7532,0.8267,ns
M3vsM4_24m,equal_width,Relative Disturbance,ETmax,Mid,39,0.00023,46.2,0.3981,0.5795,ns
M3vsM4_24m,equal_width,Relative Disturbance,GPPsat,Mid,39,-0.60993,71.8,0.003052,0.02289,*
M3vsM4_24m,equal_width,Relative Disturbance,NEPmax,Mid,39,-0.79197,71.8,0.002684,0.02289,*
M3vsM4_24m,equal_width,Relative Disturbance,WUE,Mid,39,-0.00452,51.3,0.4089,0.5795,ns
M3vsM4_24m,equal_width,Relative Disturbance,uWUE,Mid,39,0.01756,43.6,0.5965,0.692,ns
M3vsM4_24m,equal_width,Relative Disturbance,ETmax,High,10,0.00083,40,0.5808,0.692,ns
M3vsM4_24m,equal_width,Relative Disturbance,GPPsat,High,10,-0.33563,60,0.154,0.3301,ns
M3vsM4_24m,equal_width,Relative Disturbance,NEPmax,High,10,-0.2103,50,0.1795,0.3421,ns
M3vsM4_24m,equal_width,Relative Disturbance,WUE,High,10,-0.22114,70,0.06314,0.1913,ns
M3vsM4_24m,equal_width,Relative Disturbance,uWUE,High,10,-0.20202,80,0.06314,0.1913,ns
M3vsM4_24m,equal_width,Relative Disturbance,ETmax,Low,63,1e-04,47.6,0.515,0.6599,ns
M3vsM4_24m,equal_width,Relative Disturbance,GPPsat,Low,63,-0.20601,55.6,0.03404,0.1532,ns
M3vsM4_24m,equal_width,Relative Disturbance,NEPmax,Low,63,-0.49292,58.7,0.05728,0.1913,ns
M3vsM4_24m,equal_width,Relative Disturbance,WUE,Low,63,-0.03368,54,0.3344,0.5795,ns
M3vsM4_24m,equal_width,Relative Disturbance,uWUE,Low,63,0.01869,44.4,0.7854,0.8416,ns
M3vsM4_24m,natural_breaks,Absolute Mortality,ETmax,High,29,0.00177,27.6,0.9923,0.9923,ns
M3vsM4_24m,natural_breaks,Absolute Mortality,GPPsat,High,29,-0.56879,62.1,0.01798,0.08988,ns
M3vsM4_24m,natural_breaks,Absolute Mortality,NEPmax,High,29,-0.6164,62.1,0.02997,0.1037,ns
M3vsM4_24m,natural_breaks,Absolute Mortality,WUE,High,29,-0.00452,51.7,0.2246,0.3485,ns
M3vsM4_24m,natural_breaks,Absolute Mortality,uWUE,High,29,0.04274,44.8,0.5772,0.7421,ns
M3vsM4_24m,natural_breaks,Absolute Mortality,ETmax,Mid,46,-0.00018,52.2,0.339,0.4767,ns
M3vsM4_24m,natural_breaks,Absolute Mortality,GPPsat,Mid,46,-0.36481,67.4,0.006176,0.06948,ns
M3vsM4_24m,natural_breaks,Absolute Mortality,NEPmax,Mid,46,-0.6068,63,0.02725,0.1022,ns
M3vsM4_24m,natural_breaks,Absolute Mortality,WUE,Mid,46,-0.03671,58.7,0.08264,0.1859,ns
M3vsM4_24m,natural_breaks,Absolute Mortality,uWUE,Mid,46,-0.00949,52.2,0.1548,0.2786,ns
M3vsM4_24m,natural_breaks,Absolute Mortality,ETmax,Low,37,-0.00078,54.1,0.06193,0.1548,ns
M3vsM4_24m,natural_breaks,Absolute Mortality,GPPsat,Low,37,-0.10209,54.1,0.1321,0.2477,ns
M3vsM4_24m,natural_breaks,Absolute Mortality,NEPmax,Low,37,-0.49292,62.2,0.03397,0.1092,ns
M3vsM4_24m,natural_breaks,Absolute Mortality,WUE,Low,37,-0.01734,51.4,0.452,0.5993,ns
M3vsM4_24m,natural_breaks,Absolute Mortality,uWUE,Low,37,0.02898,43.2,0.8173,0.9045,ns
M3vsM4_24m,natural_breaks,Relative Mortality,ETmax,Mid,45,1e-04,48.9,0.2214,0.3485,ns
M3vsM4_24m,natural_breaks,Relative Mortality,GPPsat,Mid,45,-0.27578,64.4,0.02348,0.1022,ns
M3vsM4_24m,natural_breaks,Relative Mortality,NEPmax,Mid,45,-0.58151,64.4,0.0463,0.1253,ns
M3vsM4_24m,natural_breaks,Relative Mortality,WUE,Mid,45,-0.03576,57.8,0.1863,0.3193,ns
M3vsM4_24m,natural_breaks,Relative Mortality,uWUE,Mid,45,0.02316,42.2,0.8531,0.9045,ns
M3vsM4_24m,natural_breaks,Relative Mortality,ETmax,High,26,0.00177,30.8,0.9362,0.9575,ns
M3vsM4_24m,natural_breaks,Relative Mortality,GPPsat,High,26,-0.53684,65.4,0.005546,0.06948,ns
M3vsM4_24m,natural_breaks,Relative Mortality,NEPmax,High,26,-0.75747,69.2,0.001746,0.04597,*
M3vsM4_24m,natural_breaks,Relative Mortality,WUE,High,26,-0.05941,61.5,0.02679,0.1022,ns
M3vsM4_24m,natural_breaks,Relative Mortality,uWUE,High,26,-0.10098,69.2,0.009088,0.08006,ns
M3vsM4_24m,natural_breaks,Relative Mortality,ETmax,Low,41,-0.00025,53.7,0.3251,0.4719,ns
M3vsM4_24m,natural_breaks,Relative Mortality,GPPsat,Low,41,-0.20601,56.1,0.0664,0.1573,ns
M3vsM4_24m,natural_breaks,Relative Mortality,NEPmax,Low,41,-0.42186,56.1,0.09752,0.209,ns
M3vsM4_24m,natural_breaks,Relative Mortality,WUE,Low,41,0.01833,46.3,0.6934,0.8211,ns
M3vsM4_24m,natural_breaks,Relative Mortality,uWUE,Low,41,0.02194,39,0.856,0.9045,ns
M3vsM4_24m,natural_breaks,Relative Disturbance,ETmax,Mid,49,1e-04,49,0.1305,0.2477,ns
M3vsM4_24m,natural_breaks,Relative Disturbance,GPPsat,Mid,49,-0.49145,67.3,0.01079,0.08006,ns
M3vsM4_24m,natural_breaks,Relative Disturbance,NEPmax,Mid,49,-0.69366,65.3,0.01544,0.08686,ns
M3vsM4_24m,natural_breaks,Relative Disturbance,WUE,Mid,49,-0.02385,55.1,0.3165,0.4719,ns
M3vsM4_24m,natural_breaks,Relative Disturbance,uWUE,Mid,49,0.02775,40.8,0.8496,0.9045,ns
M3vsM4_24m,natural_breaks,Relative Disturbance,ETmax,High,24,0.00083,37.5,0.8643,0.9045,ns
M3vsM4_24m,natural_breaks,Relative Disturbance,GPPsat,High,24,-0.33563,66.7,0.01245,0.08006,ns
M3vsM4_24m,natural_breaks,Relative Disturbance,NEPmax,High,24,-0.75747,70.8,0.002043,0.04597,*
M3vsM4_24m,natural_breaks,Relative Disturbance,WUE,High,24,-0.05171,58.3,0.04732,0.1253,ns
M3vsM4_24m,natural_breaks,Relative Disturbance,uWUE,High,24,-0.04367,62.5,0.04457,0.1253,ns
M3vsM4_24m,natural_breaks,Relative Disturbance,ETmax,Low,39,9e-05,48.7,0.639,0.7772,ns
M3vsM4_24m,natural_breaks,Relative Disturbance,GPPsat,Low,39,-0.10209,51.3,0.1058,0.2165,ns
M3vsM4_24m,natural_breaks,Relative Disturbance,NEPmax,Low,39,-0.32941,53.8,0.1916,0.3193,ns
M3vsM4_24m,natural_breaks,Relative Disturbance,WUE,Low,39,-0.01734,51.3,0.4528,0.5993,ns
M3vsM4_24m,natural_breaks,Relative Disturbance,uWUE,Low,39,0.01109,46.2,0.639,0.7772,ns
M5vsM6_raw_12m,tertiles,Absolute Mortality,ETmax,High,37,-0.00034,59.5,0.1561,0.4791,ns
M5vsM6_raw_12m,tertiles,Absolute Mortality,GPPsat,High,37,0.14948,24.3,0.9977,0.9977,ns
M5vsM6_raw_12m,tertiles,Absolute Mortality,NEPmax,High,37,0.16839,32.4,0.9703,0.9977,ns
M5vsM6_raw_12m,tertiles,Absolute Mortality,WUE,High,37,-0.00974,54.1,0.4046,0.7262,ns
M5vsM6_raw_12m,tertiles,Absolute Mortality,uWUE,High,37,-0.01003,59.5,0.4639,0.7732,ns
M5vsM6_raw_12m,tertiles,Absolute Mortality,ETmax,Mid,37,0.00057,37.8,0.9918,0.9977,ns
M5vsM6_raw_12m,tertiles,Absolute Mortality,GPPsat,Mid,37,-0.15647,75.7,0.001631,0.05384,ns
M5vsM6_raw_12m,tertiles,Absolute Mortality,NEPmax,Mid,37,-0.09956,59.5,0.0167,0.2505,ns
M5vsM6_raw_12m,tertiles,Absolute Mortality,WUE,Mid,37,-0.00386,56.8,0.1827,0.5138,ns
M5vsM6_raw_12m,tertiles,Absolute Mortality,uWUE,Mid,37,0.00302,45.9,0.494,0.7939,ns
M5vsM6_raw_12m,tertiles,Absolute Mortality,ETmax,Low,38,-4e-04,52.6,0.4196,0.7262,ns
M5vsM6_raw_12m,tertiles,Absolute Mortality,GPPsat,Low,38,-0.0579,55.3,0.05216,0.3353,ns
M5vsM6_raw_12m,tertiles,Absolute Mortality,NEPmax,Low,38,0.02278,44.7,0.2858,0.6179,ns
M5vsM6_raw_12m,tertiles,Absolute Mortality,WUE,Low,38,-0.0156,63.2,0.1035,0.3882,ns
M5vsM6_raw_12m,tertiles,Absolute Mortality,uWUE,Low,38,0.00216,50,0.397,0.7262,ns
M5vsM6_raw_12m,tertiles,Relative Mortality,ETmax,High,37,0.00023,48.6,0.788,0.915,ns
M5vsM6_raw_12m,tertiles,Relative Mortality,GPPsat,High,37,0.01731,45.9,0.8051,0.915,ns
M5vsM6_raw_12m,tertiles,Relative Mortality,NEPmax,High,37,0.14197,32.4,0.9713,0.9977,ns
M5vsM6_raw_12m,tertiles,Relative Mortality,WUE,High,37,0.00911,43.2,0.6526,0.915,ns
M5vsM6_raw_12m,tertiles,Relative Mortality,uWUE,High,37,0.00943,45.9,0.7116,0.915,ns
M5vsM6_raw_12m,tertiles,Relative Mortality,ETmax,Mid,37,-0.00018,54.1,0.3474,0.7107,ns
M5vsM6_raw_12m,tertiles,Relative Mortality,GPPsat,Mid,37,-0.01589,51.4,0.1597,0.4791,ns
M5vsM6_raw_12m,tertiles,Relative Mortality,NEPmax,Mid,37,-0.0671,56.8,0.03069,0.2908,ns
M5vsM6_raw_12m,tertiles,Relative Mortality,WUE,Mid,37,-0.01919,67.6,0.03877,0.2908,ns
M5vsM6_raw_12m,tertiles,Relative Mortality,uWUE,Mid,37,-0.01161,59.5,0.3814,0.7262,ns
M5vsM6_raw_12m,tertiles,Relative Mortality,ETmax,Low,38,0.00031,47.4,0.7336,0.915,ns
M5vsM6_raw_12m,tertiles,Relative Mortality,GPPsat,Low,38,-0.06237,57.9,0.06212,0.3494,ns
M5vsM6_raw_12m,tertiles,Relative Mortality,NEPmax,Low,38,0.00637,47.4,0.2211,0.5526,ns
M5vsM6_raw_12m,tertiles,Relative Mortality,WUE,Low,38,-0.0156,63.2,0.0984,0.3882,ns
M5vsM6_raw_12m,tertiles,Relative Mortality,uWUE,Low,38,-0.00056,50,0.2524,0.5977,ns
M5vsM6_raw_12m,tertiles,Relative Disturbance,ETmax,High,37,-0.00012,51.4,0.518,0.8039,ns
M5vsM6_raw_12m,tertiles,Relative Disturbance,GPPsat,High,37,0.01731,45.9,0.7701,0.915,ns
M5vsM6_raw_12m,tertiles,Relative Disturbance,NEPmax,High,37,0.13791,32.4,0.9515,0.9977,ns
M5vsM6_raw_12m,tertiles,Relative Disturbance,WUE,High,37,0.00911,43.2,0.8133,0.915,ns
M5vsM6_raw_12m,tertiles,Relative Disturbance,uWUE,High,37,0.00943,48.6,0.7417,0.915,ns
M5vsM6_raw_12m,tertiles,Relative Disturbance,ETmax,Mid,37,-0.00011,51.4,0.5836,0.8472,ns
M5vsM6_raw_12m,tertiles,Relative Disturbance,GPPsat,Mid,37,0.03087,48.6,0.2884,0.6179,ns
M5vsM6_raw_12m,tertiles,Relative Disturbance,NEPmax,Mid,37,-0.02438,54.1,0.09216,0.3882,ns
M5vsM6_raw_12m,tertiles,Relative Disturbance,WUE,Mid,37,-0.02316,70.3,0.002393,0.05384,ns
M5vsM6_raw_12m,tertiles,Relative Disturbance,uWUE,Mid,37,-0.01592,62.2,0.1455,0.4791,ns
M5vsM6_raw_12m,tertiles,Relative Disturbance,ETmax,Low,38,0.00031,47.4,0.7658,0.915,ns
M5vsM6_raw_12m,tertiles,Relative Disturbance,GPPsat,Low,38,-0.13591,60.5,0.03383,0.2908,ns
M5vsM6_raw_12m,tertiles,Relative Disturbance,NEPmax,Low,38,-0.00766,50,0.0984,0.3882,ns
M5vsM6_raw_12m,tertiles,Relative Disturbance,WUE,Low,38,-0.01297,60.5,0.2168,0.5526,ns
M5vsM6_raw_12m,tertiles,Relative Disturbance,uWUE,Low,38,0.00726,44.7,0.5748,0.8472,ns
M5vsM6_raw_12m,equal_width,Absolute Mortality,ETmax,Mid,52,0.00033,44.2,0.8317,0.9749,ns
M5vsM6_raw_12m,equal_width,Absolute Mortality,GPPsat,Mid,52,0.0766,40.4,0.7951,0.9749,ns
M5vsM6_raw_12m,equal_width,Absolute Mortality,NEPmax,Mid,52,0.06351,46.2,0.5417,0.9749,ns
M5vsM6_raw_12m,equal_width,Absolute Mortality,WUE,Mid,52,-0.01159,59.6,0.08668,0.4334,ns
M5vsM6_raw_12m,equal_width,Absolute Mortality,uWUE,Mid,52,-0.00377,51.9,0.5163,0.9749,ns
M5vsM6_raw_12m,equal_width,Absolute Mortality,ETmax,Low,54,-0.00032,53.7,0.4623,0.9749,ns
M5vsM6_raw_12m,equal_width,Absolute Mortality,GPPsat,Low,54,-0.15672,66.7,0.001961,0.08823,ns
M5vsM6_raw_12m,equal_width,Absolute Mortality,NEPmax,Low,54,-0.00332,50,0.07163,0.4029,ns
M5vsM6_raw_12m,equal_width,Absolute Mortality,WUE,Low,54,-0.01451,61.1,0.1191,0.4871,ns
M5vsM6_raw_12m,equal_width,Absolute Mortality,uWUE,Low,54,-0.00262,51.9,0.2997,0.8991,ns
M5vsM6_raw_12m,equal_width,Absolute Mortality,ETmax,High,6,-0.00043,66.7,0.5,0.9749,ns
M5vsM6_raw_12m,equal_width,Absolute Mortality,GPPsat,High,6,0.35127,16.7,0.9533,0.9749,ns
M5vsM6_raw_12m,equal_width,Absolute Mortality,NEPmax,High,6,0.17731,0,0.9895,0.9895,ns
M5vsM6_raw_12m,equal_width,Absolute Mortality,WUE,High,6,0.02652,16.7,0.8958,0.9749,ns
M5vsM6_raw_12m,equal_width,Absolute Mortality,uWUE,High,6,-0.00016,50,0.583,0.9749,ns
M5vsM6_raw_12m,equal_width,Relative Mortality,ETmax,Mid,34,-0.00016,52.9,0.5409,0.9749,ns
M5vsM6_raw_12m,equal_width,Relative Mortality,GPPsat,Mid,34,0.0119,47.1,0.6209,0.9749,ns
M5vsM6_raw_12m,equal_width,Relative Mortality,NEPmax,Mid,34,0.13092,35.3,0.9143,0.9749,ns
M5vsM6_raw_12m,equal_width,Relative Mortality,WUE,Mid,34,0.00075,50,0.5,0.9749,ns
M5vsM6_raw_12m,equal_width,Relative Mortality,uWUE,Mid,34,0.01107,44.1,0.8971,0.9749,ns
M5vsM6_raw_12m,equal_width,Relative Mortality,ETmax,High,8,0.00071,37.5,0.6369,0.9749,ns
M5vsM6_raw_12m,equal_width,Relative Mortality,GPPsat,High,8,0.14818,25,0.9293,0.9749,ns
M5vsM6_raw_12m,equal_width,Relative Mortality,NEPmax,High,8,0.24583,37.5,0.9293,0.9749,ns
M5vsM6_raw_12m,equal_width,Relative Mortality,WUE,High,8,0.01358,37.5,0.6369,0.9749,ns
M5vsM6_raw_12m,equal_width,Relative Mortality,uWUE,High,8,0.00183,50,0.3631,0.9749,ns
M5vsM6_raw_12m,equal_width,Relative Mortality,ETmax,Low,70,9e-05,50,0.659,0.9749,ns
M5vsM6_raw_12m,equal_width,Relative Mortality,GPPsat,Low,70,-0.06237,57.1,0.02746,0.2188,ns
M5vsM6_raw_12m,equal_width,Relative Mortality,NEPmax,Low,70,-0.01736,51.4,0.03263,0.2188,ns
M5vsM6_raw_12m,equal_width,Relative Mortality,WUE,Low,70,-0.01711,64.3,0.02601,0.2188,ns
M5vsM6_raw_12m,equal_width,Relative Mortality,uWUE,Low,70,-0.00917,55.7,0.1701,0.6369,ns
M5vsM6_raw_12m,equal_width,Relative Disturbance,ETmax,Mid,39,-0.00048,61.5,0.1164,0.4871,ns
M5vsM6_raw_12m,equal_width,Relative Disturbance,GPPsat,Mid,39,0.04478,41,0.7848,0.9749,ns
M5vsM6_raw_12m,equal_width,Relative Disturbance,NEPmax,Mid,39,0.12393,33.3,0.9295,0.9749,ns
M5vsM6_raw_12m,equal_width,Relative Disturbance,WUE,Mid,39,-0.00677,53.8,0.4473,0.9749,ns
M5vsM6_raw_12m,equal_width,Relative Disturbance,uWUE,Mid,39,0.00943,46.2,0.904,0.9749,ns
M5vsM6_raw_12m,equal_width,Relative Disturbance,ETmax,High,10,0.00103,30,0.7926,0.9749,ns
M5vsM6_raw_12m,equal_width,Relative Disturbance,GPPsat,High,10,0.14596,30,0.9369,0.9749,ns
M5vsM6_raw_12m,equal_width,Relative Disturbance,NEPmax,High,10,0.22636,40,0.9485,0.9749,ns
M5vsM6_raw_12m,equal_width,Relative Disturbance,WUE,High,10,0.00585,40,0.5808,0.9749,ns
M5vsM6_raw_12m,equal_width,Relative Disturbance,uWUE,High,10,-0.00911,60,0.2378,0.7642,ns
M5vsM6_raw_12m,equal_width,Relative Disturbance,ETmax,Low,63,0.00042,46,0.8757,0.9749,ns
M5vsM6_raw_12m,equal_width,Relative Disturbance,GPPsat,Low,63,-0.13199,61.9,0.007613,0.1713,ns
M5vsM6_raw_12m,equal_width,Relative Disturbance,NEPmax,Low,63,-0.04992,54,0.01411,0.2117,ns
M5vsM6_raw_12m,equal_width,Relative Disturbance,WUE,Low,63,-0.01732,63.5,0.03404,0.2188,ns
M5vsM6_raw_12m,equal_width,Relative Disturbance,uWUE,Low,63,-0.0061,54,0.184,0.6369,ns
M5vsM6_raw_12m,natural_breaks,Absolute Mortality,ETmax,High,29,-0.00018,58.6,0.3095,0.6963,ns
M5vsM6_raw_12m,natural_breaks,Absolute Mortality,GPPsat,High,29,0.16201,20.7,0.9991,0.9991,ns
M5vsM6_raw_12m,natural_breaks,Absolute Mortality,NEPmax,High,29,0.18622,31,0.952,0.9963,ns
M5vsM6_raw_12m,natural_breaks,Absolute Mortality,WUE,High,29,-0.01919,58.6,0.2944,0.6963,ns
M5vsM6_raw_12m,natural_breaks,Absolute Mortality,uWUE,High,29,-0.01549,62.1,0.2653,0.6963,ns
M5vsM6_raw_12m,natural_breaks,Absolute Mortality,ETmax,Mid,46,0.00046,43.5,0.9238,0.9898,ns
M5vsM6_raw_12m,natural_breaks,Absolute Mortality,GPPsat,Mid,46,-0.13591,67.4,0.005122,0.2305,ns
M5vsM6_raw_12m,natural_breaks,Absolute Mortality,NEPmax,Mid,46,-0.05035,56.5,0.04023,0.2586,ns
M5vsM6_raw_12m,natural_breaks,Absolute Mortality,WUE,Mid,46,-0.00276,52.2,0.3798,0.7432,ns
M5vsM6_raw_12m,natural_breaks,Absolute Mortality,uWUE,Mid,46,0.0049,45.7,0.7369,0.9585,ns
M5vsM6_raw_12m,natural_breaks,Absolute Mortality,ETmax,Low,37,-0.00025,51.4,0.452,0.7659,ns
M5vsM6_raw_12m,natural_breaks,Absolute Mortality,GPPsat,Low,37,-0.07752,56.8,0.03877,0.2586,ns
M5vsM6_raw_12m,natural_breaks,Absolute Mortality,NEPmax,Low,37,0.02378,43.2,0.2987,0.6963,ns
M5vsM6_raw_12m,natural_breaks,Absolute Mortality,WUE,Low,37,-0.0169,64.9,0.06011,0.3381,ns
M5vsM6_raw_12m,natural_breaks,Absolute Mortality,uWUE,Low,37,-0.00192,51.4,0.3474,0.7429,ns
M5vsM6_raw_12m,natural_breaks,Relative Mortality,ETmax,Mid,45,-0.00011,51.1,0.5761,0.8641,ns
M5vsM6_raw_12m,natural_breaks,Relative Mortality,GPPsat,Mid,45,0.03087,46.7,0.4595,0.7659,ns
M5vsM6_raw_12m,natural_breaks,Relative Mortality,NEPmax,Mid,45,0.02177,48.9,0.2527,0.6963,ns
M5vsM6_raw_12m,natural_breaks,Relative Mortality,WUE,Mid,45,-0.01919,66.7,0.03289,0.2586,ns
M5vsM6_raw_12m,natural_breaks,Relative Mortality,uWUE,Mid,45,-0.0061,55.6,0.4595,0.7659,ns
M5vsM6_raw_12m,natural_breaks,Relative Mortality,ETmax,High,26,1e-04,50,0.7118,0.9585,ns
M5vsM6_raw_12m,natural_breaks,Relative Mortality,GPPsat,High,26,0.0119,46.2,0.7455,0.9585,ns
M5vsM6_raw_12m,natural_breaks,Relative Mortality,NEPmax,High,26,0.13994,34.6,0.8681,0.9619,ns
M5vsM6_raw_12m,natural_breaks,Relative Mortality,WUE,High,26,0.01395,38.5,0.6943,0.9585,ns
M5vsM6_raw_12m,natural_breaks,Relative Mortality,uWUE,High,26,0.00062,50,0.5203,0.8361,ns
M5vsM6_raw_12m,natural_breaks,Relative Mortality,ETmax,Low,41,0.00029,48.8,0.6655,0.9585,ns
M5vsM6_raw_12m,natural_breaks,Relative Mortality,GPPsat,Low,41,-0.13199,61,0.01907,0.2586,ns
M5vsM6_raw_12m,natural_breaks,Relative Mortality,NEPmax,Low,41,0.00425,48.8,0.1411,0.5771,ns
M5vsM6_raw_12m,natural_breaks,Relative Mortality,WUE,Low,41,-0.01195,61,0.1624,0.6088,ns
M5vsM6_raw_12m,natural_breaks,Relative Mortality,uWUE,Low,41,0.00081,48.8,0.3632,0.7429,ns
M5vsM6_raw_12m,natural_breaks,Relative Disturbance,ETmax,Mid,49,-0.00018,55.1,0.4212,0.7659,ns
M5vsM6_raw_12m,natural_breaks,Relative Disturbance,GPPsat,Mid,49,0.01731,49,0.2753,0.6963,ns
M5vsM6_raw_12m,natural_breaks,Relative Disturbance,NEPmax,Mid,49,-0.0109,51,0.1801,0.6233,ns
M5vsM6_raw_12m,natural_breaks,Relative Disturbance,WUE,Mid,49,-0.01919,65.3,0.01229,0.2586,ns
M5vsM6_raw_12m,natural_breaks,Relative Disturbance,uWUE,Mid,49,-0.01591,61.2,0.1263,0.5685,ns
M5vsM6_raw_12m,natural_breaks,Relative Disturbance,ETmax,High,24,0.00031,45.8,0.784,0.9619,ns
M5vsM6_raw_12m,natural_breaks,Relative Disturbance,GPPsat,High,24,0.04813,41.7,0.8308,0.9619,ns
M5vsM6_raw_12m,natural_breaks,Relative Disturbance,NEPmax,High,24,0.13994,25,0.9866,0.9991,ns
M5vsM6_raw_12m,natural_breaks,Relative Disturbance,WUE,High,24,0.01395,37.5,0.858,0.9619,ns
M5vsM6_raw_12m,natural_breaks,Relative Disturbance,uWUE,High,24,0.01481,41.7,0.8764,0.9619,ns
M5vsM6_raw_12m,natural_breaks,Relative Disturbance,ETmax,Low,39,0.00034,46.2,0.816,0.9619,ns
M5vsM6_raw_12m,natural_breaks,Relative Disturbance,GPPsat,Low,39,-0.13199,61.5,0.0284,0.2586,ns
M5vsM6_raw_12m,natural_breaks,Relative Disturbance,NEPmax,Low,39,-0.02382,51.3,0.06861,0.3431,ns
M5vsM6_raw_12m,natural_breaks,Relative Disturbance,WUE,Low,39,-0.00904,61.5,0.2071,0.6658,ns
M5vsM6_raw_12m,natural_breaks,Relative Disturbance,uWUE,Low,39,0.00678,46.2,0.5527,0.8577,ns
M5vsM6_raw_24m,tertiles,Absolute Mortality,ETmax,High,37,8e-05,43.2,0.518,0.8039,ns
M5vsM6_raw_24m,tertiles,Absolute Mortality,GPPsat,High,37,0.03531,40.5,0.9573,0.9986,ns
M5vsM6_raw_24m,tertiles,Absolute Mortality,NEPmax,High,37,0.10081,27,0.9899,0.9986,ns
M5vsM6_raw_24m,tertiles,Absolute Mortality,WUE,High,37,-0.00878,59.5,0.2987,0.6111,ns
M5vsM6_raw_24m,tertiles,Absolute Mortality,uWUE,High,37,-0.00501,56.8,0.1991,0.5702,ns
M5vsM6_raw_24m,tertiles,Absolute Mortality,ETmax,Mid,37,0.00101,32.4,0.9986,0.9986,ns
M5vsM6_raw_24m,tertiles,Absolute Mortality,GPPsat,Mid,37,-0.08201,73,0.01008,0.2268,ns
M5vsM6_raw_24m,tertiles,Absolute Mortality,NEPmax,Mid,37,-0.05005,62.2,0.00563,0.2268,ns
M5vsM6_raw_24m,tertiles,Absolute Mortality,WUE,Mid,37,0.00401,37.8,0.6636,0.8339,ns
M5vsM6_raw_24m,tertiles,Absolute Mortality,uWUE,Mid,37,0.00421,40.5,0.607,0.8298,ns
M5vsM6_raw_24m,tertiles,Absolute Mortality,ETmax,Low,38,-5e-04,57.9,0.2342,0.5702,ns
M5vsM6_raw_24m,tertiles,Absolute Mortality,GPPsat,Low,38,-0.02851,57.9,0.1729,0.5558,ns
M5vsM6_raw_24m,tertiles,Absolute Mortality,NEPmax,Low,38,-0.0481,55.3,0.02688,0.2797,ns
M5vsM6_raw_24m,tertiles,Absolute Mortality,WUE,Low,38,-0.00952,60.5,0.1585,0.5558,ns
M5vsM6_raw_24m,tertiles,Absolute Mortality,uWUE,Low,38,-0.00315,55.3,0.3318,0.6491,ns
M5vsM6_raw_24m,tertiles,Relative Mortality,ETmax,High,37,0.00039,24.3,0.9955,0.9986,ns
M5vsM6_raw_24m,tertiles,Relative Mortality,GPPsat,High,37,-0.02973,56.8,0.5895,0.8298,ns
M5vsM6_raw_24m,tertiles,Relative Mortality,NEPmax,High,37,0.04837,35.1,0.9434,0.9986,ns
M5vsM6_raw_24m,tertiles,Relative Mortality,WUE,High,37,0.00238,48.6,0.4759,0.8039,ns
M5vsM6_raw_24m,tertiles,Relative Mortality,uWUE,High,37,-0.00475,56.8,0.212,0.5702,ns
M5vsM6_raw_24m,tertiles,Relative Mortality,ETmax,Mid,37,-0.00049,59.5,0.2345,0.5702,ns
M5vsM6_raw_24m,tertiles,Relative Mortality,GPPsat,Mid,37,-0.02447,54.1,0.2884,0.6111,ns
M5vsM6_raw_24m,tertiles,Relative Mortality,NEPmax,Mid,37,-0.06285,56.8,0.1709,0.5558,ns
M5vsM6_raw_24m,tertiles,Relative Mortality,WUE,Mid,37,-0.01123,64.9,0.05162,0.2904,ns
M5vsM6_raw_24m,tertiles,Relative Mortality,uWUE,Mid,37,-0.00974,54.1,0.2534,0.5702,ns
M5vsM6_raw_24m,tertiles,Relative Mortality,ETmax,Low,38,0,50,0.6086,0.8298,ns
M5vsM6_raw_24m,tertiles,Relative Mortality,GPPsat,Low,38,-0.05069,60.5,0.1088,0.5118,ns
M5vsM6_raw_24m,tertiles,Relative Mortality,NEPmax,Low,38,-0.02301,52.6,0.04352,0.2797,ns
M5vsM6_raw_24m,tertiles,Relative Mortality,WUE,Low,38,0.00457,44.7,0.5174,0.8039,ns
M5vsM6_raw_24m,tertiles,Relative Mortality,uWUE,Low,38,0.00365,42.1,0.6941,0.8339,ns
M5vsM6_raw_24m,tertiles,Relative Disturbance,ETmax,High,37,0.00022,29.7,0.9751,0.9986,ns
M5vsM6_raw_24m,tertiles,Relative Disturbance,GPPsat,High,37,-0.02486,51.4,0.68,0.8339,ns
M5vsM6_raw_24m,tertiles,Relative Disturbance,NEPmax,High,37,0.04837,35.1,0.9362,0.9986,ns
M5vsM6_raw_24m,tertiles,Relative Disturbance,WUE,High,37,0.00236,48.6,0.5361,0.8041,ns
M5vsM6_raw_24m,tertiles,Relative Disturbance,uWUE,High,37,-0.00324,54.1,0.2534,0.5702,ns
M5vsM6_raw_24m,tertiles,Relative Disturbance,ETmax,Mid,37,-0.00025,54.1,0.6907,0.8339,ns
M5vsM6_raw_24m,tertiles,Relative Disturbance,GPPsat,Mid,37,-0.02447,56.8,0.4282,0.7707,ns
M5vsM6_raw_24m,tertiles,Relative Disturbance,NEPmax,Mid,37,-0.05669,56.8,0.1137,0.5118,ns
M5vsM6_raw_24m,tertiles,Relative Disturbance,WUE,Mid,37,-0.01107,64.9,0.02493,0.2797,ns
M5vsM6_raw_24m,tertiles,Relative Disturbance,uWUE,Mid,37,-0.00993,56.8,0.1671,0.5558,ns
M5vsM6_raw_24m,tertiles,Relative Disturbance,ETmax,Low,38,0,50,0.4196,0.7707,ns
M5vsM6_raw_24m,tertiles,Relative Disturbance,GPPsat,Low,38,-0.05069,63.2,0.03607,0.2797,ns
M5vsM6_raw_24m,tertiles,Relative Disturbance,NEPmax,Low,38,-0.03607,52.6,0.04219,0.2797,ns
M5vsM6_raw_24m,tertiles,Relative Disturbance,WUE,Low,38,0.00457,44.7,0.5174,0.8039,ns
M5vsM6_raw_24m,tertiles,Relative Disturbance,uWUE,Low,38,0.00423,42.1,0.7042,0.8339,ns
M5vsM6_raw_24m,equal_width,Absolute Mortality,ETmax,Mid,52,0.00023,36.5,0.9408,0.9895,ns
M5vsM6_raw_24m,equal_width,Absolute Mortality,GPPsat,Mid,52,0.0035,48.1,0.6473,0.8567,ns
M5vsM6_raw_24m,equal_width,Absolute Mortality,NEPmax,Mid,52,0.01458,46.2,0.5597,0.8201,ns
M5vsM6_raw_24m,equal_width,Absolute Mortality,WUE,Mid,52,-0.00182,51.9,0.2754,0.8201,ns
M5vsM6_raw_24m,equal_width,Absolute Mortality,uWUE,Mid,52,0.00106,48.1,0.3527,0.8201,ns
M5vsM6_raw_24m,equal_width,Absolute Mortality,ETmax,Low,54,-0.00019,51.9,0.5717,0.8201,ns
M5vsM6_raw_24m,equal_width,Absolute Mortality,GPPsat,Low,54,-0.05231,66.7,0.01745,0.2103,ns
M5vsM6_raw_24m,equal_width,Absolute Mortality,NEPmax,Low,54,-0.04076,55.6,0.01177,0.2103,ns
M5vsM6_raw_24m,equal_width,Absolute Mortality,WUE,Low,54,-0.00257,53.7,0.1876,0.8201,ns
M5vsM6_raw_24m,equal_width,Absolute Mortality,uWUE,Low,54,-0.00183,53.7,0.2997,0.8201,ns
M5vsM6_raw_24m,equal_width,Absolute Mortality,ETmax,High,6,-4e-05,50,0.417,0.8201,ns
M5vsM6_raw_24m,equal_width,Absolute Mortality,GPPsat,High,6,0.10992,50,0.8527,0.9895,ns
M5vsM6_raw_24m,equal_width,Absolute Mortality,NEPmax,High,6,0.09162,0,0.9895,0.9895,ns
M5vsM6_raw_24m,equal_width,Absolute Mortality,WUE,High,6,-0.00312,50,0.5,0.8201,ns
M5vsM6_raw_24m,equal_width,Absolute Mortality,uWUE,High,6,-0.00018,50,0.3375,0.8201,ns
M5vsM6_raw_24m,equal_width,Relative Mortality,ETmax,Mid,34,0.00023,29.4,0.9837,0.9895,ns
M5vsM6_raw_24m,equal_width,Relative Mortality,GPPsat,Mid,34,-0.03636,58.8,0.5341,0.8201,ns
M5vsM6_raw_24m,equal_width,Relative Mortality,NEPmax,Mid,34,0.03831,38.2,0.7252,0.9324,ns
M5vsM6_raw_24m,equal_width,Relative Mortality,WUE,Mid,34,0.00011,50,0.3662,0.8201,ns
M5vsM6_raw_24m,equal_width,Relative Mortality,uWUE,Mid,34,-0.00279,52.9,0.4321,0.8201,ns
M5vsM6_raw_24m,equal_width,Relative Mortality,ETmax,High,8,7e-04,12.5,0.9463,0.9895,ns
M5vsM6_raw_24m,equal_width,Relative Mortality,GPPsat,High,8,-0.0167,50,0.6369,0.8567,ns
M5vsM6_raw_24m,equal_width,Relative Mortality,NEPmax,High,8,0.12664,25,0.9706,0.9895,ns
M5vsM6_raw_24m,equal_width,Relative Mortality,WUE,High,8,-0.00045,50,0.5832,0.8201,ns
M5vsM6_raw_24m,equal_width,Relative Mortality,uWUE,High,8,0.00048,50,0.4721,0.8201,ns
M5vsM6_raw_24m,equal_width,Relative Mortality,ETmax,Low,70,-0.00038,55.7,0.3606,0.8201,ns
M5vsM6_raw_24m,equal_width,Relative Mortality,GPPsat,Low,70,-0.02897,57.1,0.09999,0.7499,ns
M5vsM6_raw_24m,equal_width,Relative Mortality,NEPmax,Low,70,-0.05337,55.7,0.01194,0.2103,ns
M5vsM6_raw_24m,equal_width,Relative Mortality,WUE,Low,70,-0.00257,54.3,0.1257,0.7987,ns
M5vsM6_raw_24m,equal_width,Relative Mortality,uWUE,Low,70,-0.00014,50,0.2772,0.8201,ns
M5vsM6_raw_24m,equal_width,Relative Disturbance,ETmax,Mid,39,0.00012,41,0.7929,0.9895,ns
M5vsM6_raw_24m,equal_width,Relative Disturbance,GPPsat,Mid,39,0.03531,48.7,0.9132,0.9895,ns
M5vsM6_raw_24m,equal_width,Relative Disturbance,NEPmax,Mid,39,0.00666,43.6,0.5582,0.8201,ns
M5vsM6_raw_24m,equal_width,Relative Disturbance,WUE,Mid,39,0.00236,48.7,0.3768,0.8201,ns
M5vsM6_raw_24m,equal_width,Relative Disturbance,uWUE,Mid,39,-0.00475,53.8,0.3352,0.8201,ns
M5vsM6_raw_24m,equal_width,Relative Disturbance,ETmax,High,10,0.00082,10,0.9736,0.9895,ns
M5vsM6_raw_24m,equal_width,Relative Disturbance,GPPsat,High,10,-0.02253,50,0.5406,0.8201,ns
M5vsM6_raw_24m,equal_width,Relative Disturbance,NEPmax,High,10,0.06326,30,0.9736,0.9895,ns
M5vsM6_raw_24m,equal_width,Relative Disturbance,WUE,High,10,-0.00782,60,0.4594,0.8201,ns
M5vsM6_raw_24m,equal_width,Relative Disturbance,uWUE,High,10,-0.00412,60,0.2074,0.8201,ns
M5vsM6_raw_24m,equal_width,Relative Disturbance,ETmax,Low,63,-0.00025,52.4,0.5558,0.8201,ns
M5vsM6_raw_24m,equal_width,Relative Disturbance,GPPsat,Low,63,-0.05273,63.5,0.02336,0.2103,ns
M5vsM6_raw_24m,equal_width,Relative Disturbance,NEPmax,Low,63,-0.03879,54,0.0195,0.2103,ns
M5vsM6_raw_24m,equal_width,Relative Disturbance,WUE,Low,63,-0.00225,54,0.142,0.7987,ns
M5vsM6_raw_24m,equal_width,Relative Disturbance,uWUE,Low,63,0.00078,47.6,0.4066,0.8201,ns
M5vsM6_raw_24m,natural_breaks,Absolute Mortality,ETmax,High,29,8e-05,41.4,0.6829,0.9439,ns
M5vsM6_raw_24m,natural_breaks,Absolute Mortality,GPPsat,High,29,0.03501,41.4,0.9562,0.9938,ns
M5vsM6_raw_24m,natural_breaks,Absolute Mortality,NEPmax,High,29,0.08242,31,0.9601,0.9938,ns
M5vsM6_raw_24m,natural_breaks,Absolute Mortality,WUE,High,29,-0.00723,58.6,0.3728,0.7815,ns
M5vsM6_raw_24m,natural_breaks,Absolute Mortality,uWUE,High,29,-0.00665,58.6,0.101,0.3721,ns
M5vsM6_raw_24m,natural_breaks,Absolute Mortality,ETmax,Mid,46,0.00055,37,0.9894,0.9938,ns
M5vsM6_raw_24m,natural_breaks,Absolute Mortality,GPPsat,Mid,46,-0.0638,65.2,0.05534,0.3558,ns
M5vsM6_raw_24m,natural_breaks,Absolute Mortality,NEPmax,Mid,46,-0.006,52.2,0.07463,0.3721,ns
M5vsM6_raw_24m,natural_breaks,Absolute Mortality,WUE,Mid,46,0.00361,41.3,0.5478,0.849,ns
M5vsM6_raw_24m,natural_breaks,Absolute Mortality,uWUE,Mid,46,0.00425,41.3,0.7474,0.9439,ns
M5vsM6_raw_24m,natural_breaks,Absolute Mortality,ETmax,Low,37,-0.00049,56.8,0.2681,0.6954,ns
M5vsM6_raw_24m,natural_breaks,Absolute Mortality,GPPsat,Low,37,-0.03255,59.5,0.108,0.3721,ns
M5vsM6_raw_24m,natural_breaks,Absolute Mortality,NEPmax,Low,37,-0.06285,56.8,0.02322,0.3406,ns
M5vsM6_raw_24m,natural_breaks,Absolute Mortality,WUE,Low,37,-0.00971,62.2,0.1025,0.3721,ns
M5vsM6_raw_24m,natural_breaks,Absolute Mortality,uWUE,Low,37,-0.00358,56.8,0.2781,0.6954,ns
M5vsM6_raw_24m,natural_breaks,Relative Mortality,ETmax,Mid,45,8e-05,44.4,0.8076,0.9564,ns
M5vsM6_raw_24m,natural_breaks,Relative Mortality,GPPsat,Mid,45,-0.02082,53.3,0.5539,0.849,ns
M5vsM6_raw_24m,natural_breaks,Relative Mortality,NEPmax,Mid,45,-0.05005,55.6,0.1343,0.3847,ns
M5vsM6_raw_24m,natural_breaks,Relative Mortality,WUE,Mid,45,-0.00971,62.2,0.1368,0.3847,ns
M5vsM6_raw_24m,natural_breaks,Relative Mortality,uWUE,Mid,45,-0.00974,57.8,0.1158,0.3721,ns
M5vsM6_raw_24m,natural_breaks,Relative Mortality,ETmax,High,26,0.00031,30.8,0.9362,0.9938,ns
M5vsM6_raw_24m,natural_breaks,Relative Mortality,GPPsat,High,26,-0.03392,53.8,0.5405,0.849,ns
M5vsM6_raw_24m,natural_breaks,Relative Mortality,NEPmax,High,26,0.06326,30.8,0.9393,0.9938,ns
M5vsM6_raw_24m,natural_breaks,Relative Mortality,WUE,High,26,0.00279,46.2,0.4495,0.8428,ns
M5vsM6_raw_24m,natural_breaks,Relative Mortality,uWUE,High,26,-0.00204,53.8,0.3706,0.7815,ns
M5vsM6_raw_24m,natural_breaks,Relative Mortality,ETmax,Low,41,-3e-04,53.7,0.428,0.8374,ns
M5vsM6_raw_24m,natural_breaks,Relative Mortality,GPPsat,Low,41,-0.05273,63.4,0.0448,0.3406,ns
M5vsM6_raw_24m,natural_breaks,Relative Mortality,NEPmax,Low,41,-0.01266,51.2,0.06474,0.3642,ns
M5vsM6_raw_24m,natural_breaks,Relative Mortality,WUE,Low,41,0.00106,46.3,0.3439,0.7815,ns
M5vsM6_raw_24m,natural_breaks,Relative Mortality,uWUE,Low,41,0.00416,41.5,0.7244,0.9439,ns
M5vsM6_raw_24m,natural_breaks,Relative Disturbance,ETmax,Mid,49,7e-05,46.9,0.7955,0.9564,ns
M5vsM6_raw_24m,natural_breaks,Relative Disturbance,GPPsat,Mid,49,-0.02447,55.1,0.5396,0.849,ns
M5vsM6_raw_24m,natural_breaks,Relative Disturbance,NEPmax,Mid,49,-0.01266,55.1,0.1032,0.3721,ns
M5vsM6_raw_24m,natural_breaks,Relative Disturbance,WUE,Mid,49,-0.00971,63.3,0.04264,0.3406,ns
M5vsM6_raw_24m,natural_breaks,Relative Disturbance,uWUE,Mid,49,-0.01068,59.2,0.04541,0.3406,ns
M5vsM6_raw_24m,natural_breaks,Relative Disturbance,ETmax,High,24,2e-04,29.2,0.9581,0.9938,ns
M5vsM6_raw_24m,natural_breaks,Relative Disturbance,GPPsat,High,24,-0.01008,50,0.7014,0.9439,ns
M5vsM6_raw_24m,natural_breaks,Relative Disturbance,NEPmax,High,24,0.06741,25,0.9938,0.9938,ns
M5vsM6_raw_24m,natural_breaks,Relative Disturbance,WUE,High,24,0.00279,45.8,0.5624,0.849,ns
M5vsM6_raw_24m,natural_breaks,Relative Disturbance,uWUE,High,24,0.00168,50,0.5848,0.849,ns
M5vsM6_raw_24m,natural_breaks,Relative Disturbance,ETmax,Low,39,-8e-05,51.3,0.3821,0.7815,ns
M5vsM6_raw_24m,natural_breaks,Relative Disturbance,GPPsat,Low,39,-0.05273,64.1,0.02578,0.3406,ns
M5vsM6_raw_24m,natural_breaks,Relative Disturbance,NEPmax,Low,39,-0.03879,53.8,0.0275,0.3406,ns
M5vsM6_raw_24m,natural_breaks,Relative Disturbance,WUE,Low,39,0.00462,43.6,0.5692,0.849,ns
M5vsM6_raw_24m,natural_breaks,Relative Disturbance,uWUE,Low,39,0.0043,41,0.7551,0.9439,ns
M5vsM6_anom_12m,tertiles,Absolute Mortality,ETmax,High,37,0.00085,48.6,0.6186,0.6959,ns
M5vsM6_anom_12m,tertiles,Absolute Mortality,GPPsat,High,37,-0.55932,62.2,0.04851,0.1364,ns
M5vsM6_anom_12m,tertiles,Absolute Mortality,NEPmax,High,37,-0.32037,56.8,0.0849,0.1592,ns
M5vsM6_anom_12m,tertiles,Absolute Mortality,WUE,High,37,-0.0417,62.2,0.05833,0.1381,ns
M5vsM6_anom_12m,tertiles,Absolute Mortality,uWUE,High,37,-0.00728,54.1,0.2033,0.3268,ns
M5vsM6_anom_12m,tertiles,Absolute Mortality,ETmax,Mid,37,-0.00039,54.1,0.2884,0.4128,ns
M5vsM6_anom_12m,tertiles,Absolute Mortality,GPPsat,Mid,37,-0.78916,67.6,0.0201,0.1075,ns
M5vsM6_anom_12m,tertiles,Absolute Mortality,NEPmax,Mid,37,-0.81343,62.2,0.05162,0.1366,ns
M5vsM6_anom_12m,tertiles,Absolute Mortality,WUE,Mid,37,-0.01032,51.4,0.2253,0.3448,ns
M5vsM6_anom_12m,tertiles,Absolute Mortality,uWUE,Mid,37,-0.03205,54.1,0.2935,0.4128,ns
M5vsM6_anom_12m,tertiles,Absolute Mortality,ETmax,Low,38,-0.00392,60.5,0.05697,0.1381,ns
M5vsM6_anom_12m,tertiles,Absolute Mortality,GPPsat,Low,38,-0.82985,65.8,0.01097,0.0922,ns
M5vsM6_anom_12m,tertiles,Absolute Mortality,NEPmax,Low,38,-1.53644,65.8,0.008695,0.0922,ns
M5vsM6_anom_12m,tertiles,Absolute Mortality,WUE,Low,38,-0.01551,55.3,0.397,0.4829,ns
M5vsM6_anom_12m,tertiles,Absolute Mortality,uWUE,Low,38,0.026,39.5,0.7958,0.8139,ns
M5vsM6_anom_12m,tertiles,Relative Mortality,ETmax,High,37,-0.00077,51.4,0.3309,0.4379,ns
M5vsM6_anom_12m,tertiles,Relative Mortality,GPPsat,High,37,-0.63739,64.9,0.01229,0.0922,ns
M5vsM6_anom_12m,tertiles,Relative Mortality,NEPmax,High,37,-0.32037,59.5,0.04273,0.1364,ns
M5vsM6_anom_12m,tertiles,Relative Mortality,WUE,High,37,-0.0417,54.1,0.04701,0.1364,ns
M5vsM6_anom_12m,tertiles,Relative Mortality,uWUE,High,37,-0.03205,59.5,0.09986,0.1798,ns
M5vsM6_anom_12m,tertiles,Relative Mortality,ETmax,Mid,37,-0.00113,56.8,0.1597,0.2764,ns
M5vsM6_anom_12m,tertiles,Relative Mortality,GPPsat,Mid,37,-0.55932,67.6,0.02866,0.1075,ns
M5vsM6_anom_12m,tertiles,Relative Mortality,NEPmax,Mid,37,-0.84131,62.2,0.02406,0.1075,ns
M5vsM6_anom_12m,tertiles,Relative Mortality,WUE,Mid,37,-0.06753,67.6,0.0759,0.1485,ns
M5vsM6_anom_12m,tertiles,Relative Mortality,uWUE,Mid,37,-0.03578,54.1,0.353,0.4539,ns
M5vsM6_anom_12m,tertiles,Relative Mortality,ETmax,Low,38,-0.00109,55.3,0.3059,0.4171,ns
M5vsM6_anom_12m,tertiles,Relative Mortality,GPPsat,Low,38,-0.8605,63.2,0.02599,0.1075,ns
M5vsM6_anom_12m,tertiles,Relative Mortality,NEPmax,Low,38,-1.20353,63.2,0.04626,0.1364,ns
M5vsM6_anom_12m,tertiles,Relative Mortality,WUE,Low,38,0.00686,47.4,0.7658,0.8014,ns
M5vsM6_anom_12m,tertiles,Relative Mortality,uWUE,Low,38,0.02985,34.2,0.9113,0.9113,ns
M5vsM6_anom_12m,tertiles,Relative Disturbance,ETmax,High,37,0.00085,48.6,0.506,0.5992,ns
M5vsM6_anom_12m,tertiles,Relative Disturbance,GPPsat,High,37,-0.86236,64.9,0.01229,0.0922,ns
M5vsM6_anom_12m,tertiles,Relative Disturbance,NEPmax,High,37,-0.76009,62.2,0.02674,0.1075,ns
M5vsM6_anom_12m,tertiles,Relative Disturbance,WUE,High,37,-0.0459,56.8,0.0657,0.1478,ns
M5vsM6_anom_12m,tertiles,Relative Disturbance,uWUE,High,37,-0.03739,62.2,0.0759,0.1485,ns
M5vsM6_anom_12m,tertiles,Relative Disturbance,ETmax,Mid,37,-0.00225,64.9,0.02322,0.1075,ns
M5vsM6_anom_12m,tertiles,Relative Disturbance,GPPsat,Mid,37,-0.84496,70.3,0.007893,0.0922,ns
M5vsM6_anom_12m,tertiles,Relative Disturbance,NEPmax,Mid,37,-1.08606,67.6,0.007573,0.0922,ns
M5vsM6_anom_12m,tertiles,Relative Disturbance,WUE,Mid,37,-0.01782,56.8,0.2299,0.3448,ns
M5vsM6_anom_12m,tertiles,Relative Disturbance,uWUE,Mid,37,0.01425,43.2,0.7609,0.8014,ns
M5vsM6_anom_12m,tertiles,Relative Disturbance,ETmax,Low,38,2e-04,50,0.5577,0.6434,ns
M5vsM6_anom_12m,tertiles,Relative Disturbance,GPPsat,Low,38,-0.63388,60.5,0.06954,0.1485,ns
M5vsM6_anom_12m,tertiles,Relative Disturbance,NEPmax,Low,38,-0.46782,55.3,0.1729,0.2882,ns
M5vsM6_anom_12m,tertiles,Relative Disturbance,WUE,Low,38,-0.01551,55.3,0.397,0.4829,ns
M5vsM6_anom_12m,tertiles,Relative Disturbance,uWUE,Low,38,0.01749,42.1,0.6735,0.7392,ns
M5vsM6_anom_12m,equal_width,Absolute Mortality,ETmax,Mid,52,-0.00106,53.8,0.2908,0.4161,ns
M5vsM6_anom_12m,equal_width,Absolute Mortality,GPPsat,Mid,52,-0.58372,63.5,0.01831,0.08924,ns
M5vsM6_anom_12m,equal_width,Absolute Mortality,NEPmax,Mid,52,-0.3153,55.8,0.09258,0.1984,ns
M5vsM6_anom_12m,equal_width,Absolute Mortality,WUE,Mid,52,-0.08652,63.5,0.008622,0.0776,ns
M5vsM6_anom_12m,equal_width,Absolute Mortality,uWUE,Mid,52,-0.0263,55.8,0.08813,0.1983,ns
M5vsM6_anom_12m,equal_width,Absolute Mortality,ETmax,Low,54,-0.00205,59.3,0.04658,0.131,ns
M5vsM6_anom_12m,equal_width,Absolute Mortality,GPPsat,Low,54,-1.0385,70.4,0.001152,0.02592,*
M5vsM6_anom_12m,equal_width,Absolute Mortality,NEPmax,Low,54,-1.67977,72.2,0.0008126,0.02592,*
M5vsM6_anom_12m,equal_width,Absolute Mortality,WUE,Low,54,0.00068,50,0.5819,0.6714,ns
M5vsM6_anom_12m,equal_width,Absolute Mortality,uWUE,Low,54,0.0269,40.7,0.8941,0.9144,ns
M5vsM6_anom_12m,equal_width,Absolute Mortality,ETmax,High,6,0.00523,16.7,0.9704,0.9704,ns
M5vsM6_anom_12m,equal_width,Absolute Mortality,GPPsat,High,6,0.39009,33.3,0.7992,0.8562,ns
M5vsM6_anom_12m,equal_width,Absolute Mortality,NEPmax,High,6,0.71194,16.7,0.8527,0.8924,ns
M5vsM6_anom_12m,equal_width,Absolute Mortality,WUE,High,6,-6e-04,50,0.5,0.6081,ns
M5vsM6_anom_12m,equal_width,Absolute Mortality,uWUE,High,6,-0.07559,66.7,0.2647,0.4148,ns
M5vsM6_anom_12m,equal_width,Relative Mortality,ETmax,Mid,34,-0.0017,58.8,0.1779,0.3265,ns
M5vsM6_anom_12m,equal_width,Relative Mortality,GPPsat,Mid,34,-0.90064,67.6,0.01496,0.08924,ns
M5vsM6_anom_12m,equal_width,Relative Mortality,NEPmax,Mid,34,-0.86805,61.8,0.01561,0.08924,ns
M5vsM6_anom_12m,equal_width,Relative Mortality,WUE,Mid,34,-0.01563,50,0.126,0.2465,ns
M5vsM6_anom_12m,equal_width,Relative Mortality,uWUE,Mid,34,-0.0095,52.9,0.2981,0.4161,ns
M5vsM6_anom_12m,equal_width,Relative Mortality,ETmax,High,8,-0.00125,50,0.3631,0.4783,ns
M5vsM6_anom_12m,equal_width,Relative Mortality,GPPsat,High,8,-0.89194,62.5,0.117,0.2393,ns
M5vsM6_anom_12m,equal_width,Relative Mortality,NEPmax,High,8,-0.445,62.5,0.1814,0.3265,ns
M5vsM6_anom_12m,equal_width,Relative Mortality,WUE,High,8,-0.24328,75,0.07074,0.1675,ns
M5vsM6_anom_12m,equal_width,Relative Mortality,uWUE,High,8,-0.15883,87.5,0.07074,0.1675,ns
M5vsM6_anom_12m,equal_width,Relative Mortality,ETmax,Low,70,-0.00036,52.9,0.2269,0.3927,ns
M5vsM6_anom_12m,equal_width,Relative Mortality,GPPsat,Low,70,-0.6716,64.3,0.006763,0.0776,ns
M5vsM6_anom_12m,equal_width,Relative Mortality,NEPmax,Low,70,-0.89722,61.4,0.01942,0.08924,ns
M5vsM6_anom_12m,equal_width,Relative Mortality,WUE,Low,70,-0.01792,57.1,0.3827,0.4783,ns
M5vsM6_anom_12m,equal_width,Relative Mortality,uWUE,Low,70,0.0122,42.9,0.7749,0.8505,ns
M5vsM6_anom_12m,equal_width,Relative Disturbance,ETmax,Mid,39,-0.00113,53.8,0.2673,0.4148,ns
M5vsM6_anom_12m,equal_width,Relative Disturbance,GPPsat,Mid,39,-0.86236,69.2,0.008349,0.0776,ns
M5vsM6_anom_12m,equal_width,Relative Disturbance,NEPmax,Mid,39,-0.85694,61.5,0.02932,0.1015,ns
M5vsM6_anom_12m,equal_width,Relative Disturbance,WUE,Mid,39,0.0053,48.7,0.286,0.4161,ns
M5vsM6_anom_12m,equal_width,Relative Disturbance,uWUE,Mid,39,0.00867,46.2,0.5637,0.6676,ns
M5vsM6_anom_12m,equal_width,Relative Disturbance,ETmax,High,10,-0.00185,60,0.3051,0.4161,ns
M5vsM6_anom_12m,equal_width,Relative Disturbance,GPPsat,High,10,-1.25803,70,0.04157,0.1247,ns
M5vsM6_anom_12m,equal_width,Relative Disturbance,NEPmax,High,10,-0.86174,70,0.05146,0.1362,ns
M5vsM6_anom_12m,equal_width,Relative Disturbance,WUE,High,10,-0.24799,80,0.02639,0.1015,ns
M5vsM6_anom_12m,equal_width,Relative Disturbance,uWUE,High,10,-0.22204,90,0.03327,0.1069,ns
M5vsM6_anom_12m,equal_width,Relative Disturbance,ETmax,Low,63,-0.00039,54,0.2393,0.3988,ns
M5vsM6_anom_12m,equal_width,Relative Disturbance,GPPsat,Low,63,-0.61591,61.9,0.01983,0.08924,ns
M5vsM6_anom_12m,equal_width,Relative Disturbance,NEPmax,Low,63,-0.84131,60.3,0.02828,0.1015,ns
M5vsM6_anom_12m,equal_width,Relative Disturbance,WUE,Low,63,-0.01802,57.1,0.3803,0.4783,ns
M5vsM6_anom_12m,equal_width,Relative Disturbance,uWUE,Low,63,0.01015,44.4,0.7586,0.8505,ns
M5vsM6_anom_12m,natural_breaks,Absolute Mortality,ETmax,High,29,0.00191,44.8,0.7689,0.8209,ns
M5vsM6_anom_12m,natural_breaks,Absolute Mortality,GPPsat,High,29,-0.48341,58.6,0.09725,0.1823,ns
M5vsM6_anom_12m,natural_breaks,Absolute Mortality,NEPmax,High,29,-0.5736,55.2,0.1351,0.2338,ns
M5vsM6_anom_12m,natural_breaks,Absolute Mortality,WUE,High,29,-0.03655,55.2,0.1599,0.2482,ns
M5vsM6_anom_12m,natural_breaks,Absolute Mortality,uWUE,High,29,-0.00327,51.7,0.3171,0.4369,ns
M5vsM6_anom_12m,natural_breaks,Absolute Mortality,ETmax,Mid,46,-0.00095,56.5,0.1326,0.2338,ns
M5vsM6_anom_12m,natural_breaks,Absolute Mortality,GPPsat,Mid,46,-0.71327,69.6,0.005122,0.06707,ns
M5vsM6_anom_12m,natural_breaks,Absolute Mortality,NEPmax,Mid,46,-0.65028,63,0.01797,0.06991,ns
M5vsM6_anom_12m,natural_breaks,Absolute Mortality,WUE,Mid,46,-0.04403,58.7,0.0731,0.1509,ns
M5vsM6_anom_12m,natural_breaks,Absolute Mortality,uWUE,Mid,46,-0.03821,56.5,0.1548,0.2482,ns
M5vsM6_anom_12m,natural_breaks,Absolute Mortality,ETmax,Low,37,-0.00367,59.5,0.07377,0.1509,ns
M5vsM6_anom_12m,natural_breaks,Absolute Mortality,GPPsat,Low,37,-0.70365,64.9,0.0167,0.06991,ns
M5vsM6_anom_12m,natural_breaks,Absolute Mortality,NEPmax,Low,37,-1.40738,64.9,0.01278,0.06991,ns
M5vsM6_anom_12m,natural_breaks,Absolute Mortality,WUE,Low,37,-0.01299,54.1,0.4164,0.5511,ns
M5vsM6_anom_12m,natural_breaks,Absolute Mortality,uWUE,Low,37,0.02897,37.8,0.8291,0.8479,ns
M5vsM6_anom_12m,natural_breaks,Relative Mortality,ETmax,Mid,45,-0.00225,62.2,0.04108,0.1121,ns
M5vsM6_anom_12m,natural_breaks,Relative Mortality,GPPsat,Mid,45,-0.78916,68.9,0.004269,0.06707,ns
M5vsM6_anom_12m,natural_breaks,Relative Mortality,NEPmax,Mid,45,-0.85694,62.2,0.01034,0.06991,ns
M5vsM6_anom_12m,natural_breaks,Relative Mortality,WUE,Mid,45,-0.0417,57.8,0.1575,0.2482,ns
M5vsM6_anom_12m,natural_breaks,Relative Mortality,uWUE,Mid,45,0.00867,46.7,0.758,0.8209,ns
M5vsM6_anom_12m,natural_breaks,Relative Mortality,ETmax,High,26,0.00103,42.3,0.7845,0.8209,ns
M5vsM6_anom_12m,natural_breaks,Relative Mortality,GPPsat,High,26,-0.62275,65.4,0.03009,0.1042,ns
M5vsM6_anom_12m,natural_breaks,Relative Mortality,NEPmax,High,26,-0.54023,61.5,0.04684,0.1121,ns
M5vsM6_anom_12m,natural_breaks,Relative Mortality,WUE,High,26,-0.10512,61.5,0.01864,0.06991,ns
M5vsM6_anom_12m,natural_breaks,Relative Mortality,uWUE,High,26,-0.09488,76.9,0.005962,0.06707,ns
M5vsM6_anom_12m,natural_breaks,Relative Mortality,ETmax,Low,41,-0.00039,53.7,0.3204,0.4369,ns
M5vsM6_anom_12m,natural_breaks,Relative Mortality,GPPsat,Low,41,-0.70365,61,0.0473,0.1121,ns
M5vsM6_anom_12m,natural_breaks,Relative Mortality,NEPmax,Low,41,-1.08606,61,0.07891,0.1544,ns
M5vsM6_anom_12m,natural_breaks,Relative Mortality,WUE,Low,41,-0.00194,51.2,0.6221,0.7367,ns
M5vsM6_anom_12m,natural_breaks,Relative Mortality,uWUE,Low,41,0.03072,34.1,0.8956,0.8956,ns
M5vsM6_anom_12m,natural_breaks,Relative Disturbance,ETmax,Mid,49,-0.00225,59.2,0.04447,0.1121,ns
M5vsM6_anom_12m,natural_breaks,Relative Disturbance,GPPsat,Mid,49,-0.84496,67.3,0.00544,0.06707,ns
M5vsM6_anom_12m,natural_breaks,Relative Disturbance,NEPmax,Mid,49,-1.08606,65.3,0.01229,0.06991,ns
M5vsM6_anom_12m,natural_breaks,Relative Disturbance,WUE,Mid,49,-0.02618,57.1,0.1673,0.251,ns
M5vsM6_anom_12m,natural_breaks,Relative Disturbance,uWUE,Mid,49,0.00867,44.9,0.6905,0.7968,ns
M5vsM6_anom_12m,natural_breaks,Relative Disturbance,ETmax,High,24,1e-04,50,0.4943,0.6179,ns
M5vsM6_anom_12m,natural_breaks,Relative Disturbance,GPPsat,High,24,-0.90064,70.8,0.0155,0.06991,ns
M5vsM6_anom_12m,natural_breaks,Relative Disturbance,NEPmax,High,24,-0.78676,66.7,0.0134,0.06991,ns
M5vsM6_anom_12m,natural_breaks,Relative Disturbance,WUE,High,24,-0.10512,58.3,0.04457,0.1121,ns
M5vsM6_anom_12m,natural_breaks,Relative Disturbance,uWUE,High,24,-0.05826,70.8,0.04732,0.1121,ns
M5vsM6_anom_12m,natural_breaks,Relative Disturbance,ETmax,Low,39,-0.00018,51.3,0.5417,0.6588,ns
M5vsM6_anom_12m,natural_breaks,Relative Disturbance,GPPsat,Low,39,-0.61591,59,0.07048,0.1509,ns
M5vsM6_anom_12m,natural_breaks,Relative Disturbance,NEPmax,Low,39,-0.34769,53.8,0.1803,0.2618,ns
M5vsM6_anom_12m,natural_breaks,Relative Disturbance,WUE,Low,39,-0.01299,53.8,0.4308,0.5538,ns
M5vsM6_anom_12m,natural_breaks,Relative Disturbance,uWUE,Low,39,0.02483,41,0.7188,0.8086,ns
M5vsM6_anom_24m,tertiles,Absolute Mortality,ETmax,High,37,2e-05,48.6,0.37,0.4978,ns
M5vsM6_anom_24m,tertiles,Absolute Mortality,GPPsat,High,37,-0.50383,62.2,0.04701,0.134,ns
M5vsM6_anom_24m,tertiles,Absolute Mortality,NEPmax,High,37,-0.475,59.5,0.09467,0.1937,ns
M5vsM6_anom_24m,tertiles,Absolute Mortality,WUE,High,37,-0.01574,56.8,0.07377,0.166,ns
M5vsM6_anom_24m,tertiles,Absolute Mortality,uWUE,High,37,0.00043,48.6,0.3146,0.4719,ns
M5vsM6_anom_24m,tertiles,Absolute Mortality,ETmax,Mid,37,-0.00012,54.1,0.3872,0.4978,ns
M5vsM6_anom_24m,tertiles,Absolute Mortality,GPPsat,Mid,37,-0.95707,64.9,0.018,0.1012,ns
M5vsM6_anom_24m,tertiles,Absolute Mortality,NEPmax,Mid,37,-0.74626,64.9,0.03631,0.1257,ns
M5vsM6_anom_24m,tertiles,Absolute Mortality,WUE,Mid,37,-0.00836,51.4,0.4341,0.528,ns
M5vsM6_anom_24m,tertiles,Absolute Mortality,uWUE,Mid,37,-0.01201,54.1,0.2884,0.4474,ns
M5vsM6_anom_24m,tertiles,Absolute Mortality,ETmax,Low,38,-0.00171,60.5,0.06954,0.1647,ns
M5vsM6_anom_24m,tertiles,Absolute Mortality,GPPsat,Low,38,-1.04529,68.4,0.01712,0.1012,ns
M5vsM6_anom_24m,tertiles,Absolute Mortality,NEPmax,Low,38,-1.46925,63.2,0.01276,0.1012,ns
M5vsM6_anom_24m,tertiles,Absolute Mortality,WUE,Low,38,-0.00529,52.6,0.4942,0.5853,ns
M5vsM6_anom_24m,tertiles,Absolute Mortality,uWUE,Low,38,-0.00462,50,0.7042,0.7545,ns
M5vsM6_anom_24m,tertiles,Relative Mortality,ETmax,High,37,-0.00044,59.5,0.2208,0.3549,ns
M5vsM6_anom_24m,tertiles,Relative Mortality,GPPsat,High,37,-0.94811,62.2,0.01329,0.1012,ns
M5vsM6_anom_24m,tertiles,Relative Mortality,NEPmax,High,37,-0.58897,62.2,0.03285,0.1232,ns
M5vsM6_anom_24m,tertiles,Relative Mortality,WUE,High,37,-0.05932,56.8,0.05005,0.134,ns
M5vsM6_anom_24m,tertiles,Relative Mortality,uWUE,High,37,-0.02224,54.1,0.1197,0.2243,ns
M5vsM6_anom_24m,tertiles,Relative Mortality,ETmax,Mid,37,0.00034,45.9,0.1421,0.2557,ns
M5vsM6_anom_24m,tertiles,Relative Mortality,GPPsat,Mid,37,-0.53899,67.6,0.04851,0.134,ns
M5vsM6_anom_24m,tertiles,Relative Mortality,NEPmax,Mid,37,-0.69388,64.9,0.03069,0.1232,ns
M5vsM6_anom_24m,tertiles,Relative Mortality,WUE,Mid,37,-0.02988,62.2,0.1489,0.2578,ns
M5vsM6_anom_24m,tertiles,Relative Mortality,uWUE,Mid,37,-0.01732,51.4,0.3814,0.4978,ns
M5vsM6_anom_24m,tertiles,Relative Mortality,ETmax,Low,38,-0.00055,57.9,0.3859,0.4978,ns
M5vsM6_anom_24m,tertiles,Relative Mortality,GPPsat,Low,38,-1.04962,65.8,0.02268,0.1134,ns
M5vsM6_anom_24m,tertiles,Relative Mortality,NEPmax,Low,38,-1.18685,60.5,0.05533,0.1383,ns
M5vsM6_anom_24m,tertiles,Relative Mortality,WUE,Low,38,0.0121,42.1,0.8271,0.8271,ns
M5vsM6_anom_24m,tertiles,Relative Mortality,uWUE,Low,38,0.02439,47.4,0.8233,0.8271,ns
M5vsM6_anom_24m,tertiles,Relative Disturbance,ETmax,High,37,-2e-04,56.8,0.37,0.4978,ns
M5vsM6_anom_24m,tertiles,Relative Disturbance,GPPsat,High,37,-1.00032,62.2,0.01609,0.1012,ns
M5vsM6_anom_24m,tertiles,Relative Disturbance,NEPmax,High,37,-0.74626,64.9,0.01734,0.1012,ns
M5vsM6_anom_24m,tertiles,Relative Disturbance,WUE,High,37,-0.01956,56.8,0.0849,0.1819,ns
M5vsM6_anom_24m,tertiles,Relative Disturbance,uWUE,High,37,-0.02603,56.8,0.1053,0.2059,ns
M5vsM6_anom_24m,tertiles,Relative Disturbance,ETmax,Mid,37,-0.00113,54.1,0.02866,0.1232,ns
M5vsM6_anom_24m,tertiles,Relative Disturbance,GPPsat,Mid,37,-0.84075,67.6,0.01549,0.1012,ns
M5vsM6_anom_24m,tertiles,Relative Disturbance,NEPmax,Mid,37,-1.05891,67.6,0.008929,0.1012,ns
M5vsM6_anom_24m,tertiles,Relative Disturbance,WUE,Mid,37,-0.00739,56.8,0.3988,0.4985,ns
M5vsM6_anom_24m,tertiles,Relative Disturbance,uWUE,Mid,37,0.00309,43.2,0.7319,0.7659,ns
M5vsM6_anom_24m,tertiles,Relative Disturbance,ETmax,Low,38,-3e-04,52.6,0.5917,0.6495,ns
M5vsM6_anom_24m,tertiles,Relative Disturbance,GPPsat,Low,38,-0.32673,65.8,0.05063,0.134,ns
M5vsM6_anom_24m,tertiles,Relative Disturbance,NEPmax,Low,38,-0.16136,55.3,0.1805,0.3008,ns
M5vsM6_anom_24m,tertiles,Relative Disturbance,WUE,Low,38,0.00297,47.4,0.5289,0.6103,ns
M5vsM6_anom_24m,tertiles,Relative Disturbance,uWUE,Low,38,-0.01115,52.6,0.5577,0.6274,ns
M5vsM6_anom_24m,equal_width,Absolute Mortality,ETmax,Mid,52,0.00018,48.1,0.4046,0.5518,ns
M5vsM6_anom_24m,equal_width,Absolute Mortality,GPPsat,Mid,52,-0.52141,65.4,0.01957,0.09335,ns
M5vsM6_anom_24m,equal_width,Absolute Mortality,NEPmax,Mid,52,-0.34983,57.7,0.112,0.2393,ns
M5vsM6_anom_24m,equal_width,Absolute Mortality,WUE,Mid,52,-0.05574,63.5,0.02045,0.09335,ns
M5vsM6_anom_24m,equal_width,Absolute Mortality,uWUE,Mid,52,-0.02048,53.8,0.08384,0.1986,ns
M5vsM6_anom_24m,equal_width,Absolute Mortality,ETmax,Low,54,-0.0011,63,0.04332,0.1299,ns
M5vsM6_anom_24m,equal_width,Absolute Mortality,GPPsat,Low,54,-1.0937,70.4,0.00122,0.02744,*
M5vsM6_anom_24m,equal_width,Absolute Mortality,NEPmax,Low,54,-1.4937,70.4,0.0006405,0.02744,*
M5vsM6_anom_24m,equal_width,Absolute Mortality,WUE,Low,54,0.00912,46.3,0.7151,0.837,ns
M5vsM6_anom_24m,equal_width,Absolute Mortality,uWUE,Low,54,0.00351,48.1,0.8411,0.8721,ns
M5vsM6_anom_24m,equal_width,Absolute Mortality,ETmax,High,6,0.00143,33.3,0.9533,0.9533,ns
M5vsM6_anom_24m,equal_width,Absolute Mortality,GPPsat,High,6,0.2323,16.7,0.8527,0.8721,ns
M5vsM6_anom_24m,equal_width,Absolute Mortality,NEPmax,High,6,0.59322,33.3,0.7992,0.8562,ns
M5vsM6_anom_24m,equal_width,Absolute Mortality,WUE,High,6,0.027,33.3,0.7992,0.8562,ns
M5vsM6_anom_24m,equal_width,Absolute Mortality,uWUE,High,6,-0.006,50,0.417,0.5519,ns
M5vsM6_anom_24m,equal_width,Relative Mortality,ETmax,Mid,34,-0.00028,55.9,0.2059,0.3457,ns
M5vsM6_anom_24m,equal_width,Relative Mortality,GPPsat,Mid,34,-0.97035,64.7,0.01098,0.08958,ns
M5vsM6_anom_24m,equal_width,Relative Mortality,NEPmax,Mid,34,-0.83019,67.6,0.01003,0.08958,ns
M5vsM6_anom_24m,equal_width,Relative Mortality,WUE,Mid,34,-0.01015,55.9,0.1225,0.2397,ns
M5vsM6_anom_24m,equal_width,Relative Mortality,uWUE,Mid,34,-0.01024,52.9,0.2635,0.4089,ns
M5vsM6_anom_24m,equal_width,Relative Mortality,ETmax,High,8,-0.00132,62.5,0.3631,0.5107,ns
M5vsM6_anom_24m,equal_width,Relative Mortality,GPPsat,High,8,-0.9905,62.5,0.117,0.2393,ns
M5vsM6_anom_24m,equal_width,Relative Mortality,NEPmax,High,8,-0.70449,62.5,0.2206,0.3545,ns
M5vsM6_anom_24m,equal_width,Relative Mortality,WUE,High,8,-0.21644,75,0.05366,0.1421,ns
M5vsM6_anom_24m,equal_width,Relative Mortality,uWUE,High,8,-0.12048,75,0.09172,0.2064,ns
M5vsM6_anom_24m,equal_width,Relative Mortality,ETmax,Low,70,-3e-04,52.9,0.1916,0.3449,ns
M5vsM6_anom_24m,equal_width,Relative Mortality,GPPsat,Low,70,-0.72489,65.7,0.01194,0.08958,ns
M5vsM6_anom_24m,equal_width,Relative Mortality,NEPmax,Low,70,-0.54039,60,0.02429,0.09939,ns
M5vsM6_anom_24m,equal_width,Relative Mortality,WUE,Low,70,-0.00187,50,0.6129,0.7537,ns
M5vsM6_anom_24m,equal_width,Relative Mortality,uWUE,Low,70,0.00538,47.1,0.7458,0.839,ns
M5vsM6_anom_24m,equal_width,Relative Disturbance,ETmax,Mid,39,-7e-05,51.3,0.3403,0.494,ns
M5vsM6_anom_24m,equal_width,Relative Disturbance,GPPsat,Mid,39,-0.95148,64.1,0.008349,0.08958,ns
M5vsM6_anom_24m,equal_width,Relative Disturbance,NEPmax,Mid,39,-0.91411,66.7,0.01398,0.08986,ns
M5vsM6_anom_24m,equal_width,Relative Disturbance,WUE,Mid,39,-0.00836,53.8,0.3102,0.4652,ns
M5vsM6_anom_24m,equal_width,Relative Disturbance,uWUE,Mid,39,0.00309,48.7,0.525,0.675,ns
M5vsM6_anom_24m,equal_width,Relative Disturbance,ETmax,High,10,-0.00179,70,0.2074,0.3457,ns
M5vsM6_anom_24m,equal_width,Relative Disturbance,GPPsat,High,10,-1.17204,70,0.04157,0.1299,ns
M5vsM6_anom_24m,equal_width,Relative Disturbance,NEPmax,High,10,-0.99855,70,0.06314,0.1578,ns
M5vsM6_anom_24m,equal_width,Relative Disturbance,WUE,High,10,-0.21644,80,0.02075,0.09335,ns
M5vsM6_anom_24m,equal_width,Relative Disturbance,uWUE,High,10,-0.22979,80,0.04157,0.1299,ns
M5vsM6_anom_24m,equal_width,Relative Disturbance,ETmax,Low,63,-0.00036,54,0.1914,0.3449,ns
M5vsM6_anom_24m,equal_width,Relative Disturbance,GPPsat,Low,63,-0.33811,65.1,0.02741,0.1028,ns
M5vsM6_anom_24m,equal_width,Relative Disturbance,NEPmax,Low,63,-0.3566,58.7,0.04708,0.1324,ns
M5vsM6_anom_24m,equal_width,Relative Disturbance,WUE,Low,63,1e-04,49.2,0.6197,0.7537,ns
M5vsM6_anom_24m,equal_width,Relative Disturbance,uWUE,Low,63,0.00156,47.6,0.7254,0.837,ns
M5vsM6_anom_24m,natural_breaks,Absolute Mortality,ETmax,High,29,0.00088,44.8,0.4914,0.625,ns
M5vsM6_anom_24m,natural_breaks,Absolute Mortality,GPPsat,High,29,-0.50383,55.2,0.09358,0.1908,ns
M5vsM6_anom_24m,natural_breaks,Absolute Mortality,NEPmax,High,29,-0.475,58.6,0.1172,0.2197,ns
M5vsM6_anom_24m,natural_breaks,Absolute Mortality,WUE,High,29,-0.01195,51.7,0.1877,0.3119,ns
M5vsM6_anom_24m,natural_breaks,Absolute Mortality,uWUE,High,29,0.00156,44.8,0.4655,0.6162,ns
M5vsM6_anom_24m,natural_breaks,Absolute Mortality,ETmax,Mid,46,-0.00049,56.5,0.1737,0.3007,ns
M5vsM6_anom_24m,natural_breaks,Absolute Mortality,GPPsat,Mid,46,-0.94425,69.6,0.005627,0.08305,ns
M5vsM6_anom_24m,natural_breaks,Absolute Mortality,NEPmax,Mid,46,-0.64143,65.2,0.01846,0.08305,ns
M5vsM6_anom_24m,natural_breaks,Absolute Mortality,WUE,Mid,46,-0.01765,56.5,0.194,0.3119,ns
M5vsM6_anom_24m,natural_breaks,Absolute Mortality,uWUE,Mid,46,-0.01802,56.5,0.1373,0.2471,ns
M5vsM6_anom_24m,natural_breaks,Absolute Mortality,ETmax,Low,37,-0.00107,59.5,0.09216,0.1908,ns
M5vsM6_anom_24m,natural_breaks,Absolute Mortality,GPPsat,Low,37,-1.00932,67.6,0.02322,0.08707,ns
M5vsM6_anom_24m,natural_breaks,Absolute Mortality,NEPmax,Low,37,-1.42558,62.2,0.018,0.08305,ns
M5vsM6_anom_24m,natural_breaks,Absolute Mortality,WUE,Low,37,-0.00383,51.4,0.518,0.6301,ns
M5vsM6_anom_24m,natural_breaks,Absolute Mortality,uWUE,Low,37,0.00105,48.6,0.7466,0.7999,ns
M5vsM6_anom_24m,natural_breaks,Relative Mortality,ETmax,Mid,45,-8e-05,53.3,0.06812,0.1533,ns
M5vsM6_anom_24m,natural_breaks,Relative Mortality,GPPsat,Mid,45,-0.70646,71.1,0.005547,0.08305,ns
M5vsM6_anom_24m,natural_breaks,Relative Mortality,NEPmax,Mid,45,-0.69388,64.4,0.009732,0.08305,ns
M5vsM6_anom_24m,natural_breaks,Relative Mortality,WUE,Mid,45,-0.02988,57.8,0.2979,0.4324,ns
M5vsM6_anom_24m,natural_breaks,Relative Mortality,uWUE,Mid,45,0.00309,44.4,0.7886,0.8038,ns
M5vsM6_anom_24m,natural_breaks,Relative Mortality,ETmax,High,26,-0.00016,53.8,0.5,0.625,ns
M5vsM6_anom_24m,natural_breaks,Relative Mortality,GPPsat,High,26,-0.97421,57.7,0.03985,0.1195,ns
M5vsM6_anom_24m,natural_breaks,Relative Mortality,NEPmax,High,26,-0.66761,65.4,0.03985,0.1195,ns
M5vsM6_anom_24m,natural_breaks,Relative Mortality,WUE,High,26,-0.0995,61.5,0.02109,0.08626,ns
M5vsM6_anom_24m,natural_breaks,Relative Mortality,uWUE,High,26,-0.06394,69.2,0.008484,0.08305,ns
M5vsM6_anom_24m,natural_breaks,Relative Mortality,ETmax,Low,41,-0.00053,56.1,0.3779,0.5314,ns
M5vsM6_anom_24m,natural_breaks,Relative Mortality,GPPsat,Low,41,-0.95707,63.4,0.04991,0.1404,ns
M5vsM6_anom_24m,natural_breaks,Relative Mortality,NEPmax,Low,41,-0.58348,58.5,0.09752,0.1908,ns
M5vsM6_anom_24m,natural_breaks,Relative Mortality,WUE,Low,41,0.01135,43.9,0.7816,0.8038,ns
M5vsM6_anom_24m,natural_breaks,Relative Mortality,uWUE,Low,41,0.01886,46.3,0.8038,0.8038,ns
M5vsM6_anom_24m,natural_breaks,Relative Disturbance,ETmax,Mid,49,-7e-05,51,0.06784,0.1533,ns
M5vsM6_anom_24m,natural_breaks,Relative Disturbance,GPPsat,Mid,49,-0.84075,67.3,0.01544,0.08305,ns
M5vsM6_anom_24m,natural_breaks,Relative Disturbance,NEPmax,Mid,49,-1.05891,65.3,0.009965,0.08305,ns
M5vsM6_anom_24m,natural_breaks,Relative Disturbance,WUE,Mid,49,-0.01195,57.1,0.425,0.5796,ns
M5vsM6_anom_24m,natural_breaks,Relative Disturbance,uWUE,Mid,49,0.00309,44.9,0.701,0.7694,ns
M5vsM6_anom_24m,natural_breaks,Relative Disturbance,ETmax,High,24,-0.00058,62.5,0.2245,0.3367,ns
M5vsM6_anom_24m,natural_breaks,Relative Disturbance,GPPsat,High,24,-1.01661,62.5,0.0134,0.08305,ns
M5vsM6_anom_24m,natural_breaks,Relative Disturbance,NEPmax,High,24,-0.80299,70.8,0.0134,0.08305,ns
M5vsM6_anom_24m,natural_breaks,Relative Disturbance,WUE,High,24,-0.13131,58.3,0.03707,0.1195,ns
M5vsM6_anom_24m,natural_breaks,Relative Disturbance,uWUE,High,24,-0.02923,62.5,0.05323,0.1409,ns
M5vsM6_anom_24m,natural_breaks,Relative Disturbance,ETmax,Low,39,-0.00025,53.8,0.5802,0.6694,ns
M5vsM6_anom_24m,natural_breaks,Relative Disturbance,GPPsat,Low,39,-0.31534,64.1,0.05661,0.1415,ns
M5vsM6_anom_24m,natural_breaks,Relative Disturbance,NEPmax,Low,39,-0.09369,53.8,0.2032,0.3153,ns
M5vsM6_anom_24m,natural_breaks,Relative Disturbance,WUE,Low,39,0.00584,46.2,0.5472,0.648,ns
M5vsM6_anom_24m,natural_breaks,Relative Disturbance,uWUE,Low,39,-0.01029,51.3,0.5965,0.671,ns
M7vsM8_raw_12m,tertiles,Absolute Mortality,ETmax,High,37,-0.00056,62.2,0.02493,0.3739,ns
M7vsM8_raw_12m,tertiles,Absolute Mortality,GPPsat,High,37,0.07367,40.5,0.9028,0.9924,ns
M7vsM8_raw_12m,tertiles,Absolute Mortality,NEPmax,High,37,0.07658,32.4,0.9703,0.9924,ns
M7vsM8_raw_12m,tertiles,Absolute Mortality,WUE,High,37,-0.00356,56.8,0.518,0.8132,ns
M7vsM8_raw_12m,tertiles,Absolute Mortality,uWUE,High,37,-0.00338,54.1,0.6526,0.9112,ns
M7vsM8_raw_12m,tertiles,Absolute Mortality,ETmax,Mid,37,0.00078,32.4,0.996,0.996,ns
M7vsM8_raw_12m,tertiles,Absolute Mortality,GPPsat,Mid,37,-0.09696,62.2,0.006965,0.1567,ns
M7vsM8_raw_12m,tertiles,Absolute Mortality,NEPmax,Mid,37,-0.06993,59.5,0.09467,0.4235,ns
M7vsM8_raw_12m,tertiles,Absolute Mortality,WUE,Mid,37,0.00301,45.9,0.2486,0.6211,ns
M7vsM8_raw_12m,tertiles,Absolute Mortality,uWUE,Mid,37,0.00549,40.5,0.488,0.8132,ns
M7vsM8_raw_12m,tertiles,Absolute Mortality,ETmax,Low,38,0.00023,47.4,0.6682,0.9112,ns
M7vsM8_raw_12m,tertiles,Absolute Mortality,GPPsat,Low,38,-0.05684,57.9,0.06212,0.4235,ns
M7vsM8_raw_12m,tertiles,Absolute Mortality,NEPmax,Low,38,-0.01618,50,0.2761,0.6211,ns
M7vsM8_raw_12m,tertiles,Absolute Mortality,WUE,Low,38,-0.01071,63.2,0.1009,0.4235,ns
M7vsM8_raw_12m,tertiles,Absolute Mortality,uWUE,Low,38,-0.00365,52.6,0.4942,0.8132,ns
M7vsM8_raw_12m,tertiles,Relative Mortality,ETmax,High,37,-0.00011,51.4,0.7466,0.9881,ns
M7vsM8_raw_12m,tertiles,Relative Mortality,GPPsat,High,37,0.02791,43.2,0.6581,0.9112,ns
M7vsM8_raw_12m,tertiles,Relative Mortality,NEPmax,High,37,0.07658,40.5,0.9586,0.9924,ns
M7vsM8_raw_12m,tertiles,Relative Mortality,WUE,High,37,0.01156,45.9,0.8545,0.9924,ns
M7vsM8_raw_12m,tertiles,Relative Mortality,uWUE,High,37,0.00875,43.2,0.8439,0.9924,ns
M7vsM8_raw_12m,tertiles,Relative Mortality,ETmax,Mid,37,-0.00034,54.1,0.1489,0.5586,ns
M7vsM8_raw_12m,tertiles,Relative Mortality,GPPsat,Mid,37,-0.03467,56.8,0.08969,0.4235,ns
M7vsM8_raw_12m,tertiles,Relative Mortality,NEPmax,Mid,37,-0.06398,51.4,0.2681,0.6211,ns
M7vsM8_raw_12m,tertiles,Relative Mortality,WUE,Mid,37,-0.01356,59.5,0.05324,0.4235,ns
M7vsM8_raw_12m,tertiles,Relative Mortality,uWUE,Mid,37,-0.0107,56.8,0.4579,0.8132,ns
M7vsM8_raw_12m,tertiles,Relative Mortality,ETmax,Low,38,0.00041,36.8,0.9113,0.9924,ns
M7vsM8_raw_12m,tertiles,Relative Mortality,GPPsat,Low,38,-0.04565,60.5,0.07763,0.4235,ns
M7vsM8_raw_12m,tertiles,Relative Mortality,NEPmax,Low,38,-0.01009,50,0.2042,0.6127,ns
M7vsM8_raw_12m,tertiles,Relative Mortality,WUE,Low,38,-0.01189,60.5,0.1035,0.4235,ns
M7vsM8_raw_12m,tertiles,Relative Mortality,uWUE,Low,38,0.00805,47.4,0.397,0.8132,ns
M7vsM8_raw_12m,tertiles,Relative Disturbance,ETmax,High,37,-0.00022,54.1,0.4105,0.8132,ns
M7vsM8_raw_12m,tertiles,Relative Disturbance,GPPsat,High,37,0.0084,48.6,0.4639,0.8132,ns
M7vsM8_raw_12m,tertiles,Relative Disturbance,NEPmax,High,37,0.06361,40.5,0.9262,0.9924,ns
M7vsM8_raw_12m,tertiles,Relative Disturbance,WUE,High,37,0.01156,43.2,0.9078,0.9924,ns
M7vsM8_raw_12m,tertiles,Relative Disturbance,uWUE,High,37,0.00955,43.2,0.8773,0.9924,ns
M7vsM8_raw_12m,tertiles,Relative Disturbance,ETmax,Mid,37,2e-04,48.6,0.5241,0.8132,ns
M7vsM8_raw_12m,tertiles,Relative Disturbance,GPPsat,Mid,37,-0.00034,51.4,0.2486,0.6211,ns
M7vsM8_raw_12m,tertiles,Relative Disturbance,NEPmax,Mid,37,0.00529,48.6,0.4282,0.8132,ns
M7vsM8_raw_12m,tertiles,Relative Disturbance,WUE,Mid,37,-0.0139,67.6,0.003623,0.1567,ns
M7vsM8_raw_12m,tertiles,Relative Disturbance,uWUE,Mid,37,-0.01733,59.5,0.1991,0.6127,ns
M7vsM8_raw_12m,tertiles,Relative Disturbance,ETmax,Low,38,3e-04,39.5,0.8828,0.9924,ns
M7vsM8_raw_12m,tertiles,Relative Disturbance,GPPsat,Low,38,-0.05684,60.5,0.05865,0.4235,ns
M7vsM8_raw_12m,tertiles,Relative Disturbance,NEPmax,Low,38,-0.03299,52.6,0.1767,0.6115,ns
M7vsM8_raw_12m,tertiles,Relative Disturbance,WUE,Low,38,-0.0082,55.3,0.2342,0.6211,ns
M7vsM8_raw_12m,tertiles,Relative Disturbance,uWUE,Low,38,0.00496,44.7,0.6252,0.9112,ns
M7vsM8_raw_12m,equal_width,Absolute Mortality,ETmax,Mid,52,0.00019,48.1,0.5633,0.965,ns
M7vsM8_raw_12m,equal_width,Absolute Mortality,GPPsat,Mid,52,0.01463,48.1,0.6336,0.965,ns
M7vsM8_raw_12m,equal_width,Absolute Mortality,NEPmax,Mid,52,0.04798,42.3,0.8429,0.965,ns
M7vsM8_raw_12m,equal_width,Absolute Mortality,WUE,Mid,52,-0.00433,53.8,0.1423,0.5821,ns
M7vsM8_raw_12m,equal_width,Absolute Mortality,uWUE,Mid,52,0.00317,46.2,0.7123,0.965,ns
M7vsM8_raw_12m,equal_width,Absolute Mortality,ETmax,Low,54,0.00025,44.4,0.7491,0.965,ns
M7vsM8_raw_12m,equal_width,Absolute Mortality,GPPsat,Low,54,-0.08106,61.1,0.006417,0.2494,ns
M7vsM8_raw_12m,equal_width,Absolute Mortality,NEPmax,Low,54,-0.03299,51.9,0.1352,0.5821,ns
M7vsM8_raw_12m,equal_width,Absolute Mortality,WUE,Low,54,-0.00957,59.3,0.139,0.5821,ns
M7vsM8_raw_12m,equal_width,Absolute Mortality,uWUE,Low,54,-0.00365,51.9,0.4249,0.9348,ns
M7vsM8_raw_12m,equal_width,Absolute Mortality,ETmax,High,6,-0.00102,66.7,0.3375,0.8997,ns
M7vsM8_raw_12m,equal_width,Absolute Mortality,GPPsat,High,6,0.05083,33.3,0.7992,0.965,ns
M7vsM8_raw_12m,equal_width,Absolute Mortality,NEPmax,High,6,0.00742,50,0.7353,0.965,ns
M7vsM8_raw_12m,equal_width,Absolute Mortality,WUE,High,6,0.02073,33.3,0.9533,0.965,ns
M7vsM8_raw_12m,equal_width,Absolute Mortality,uWUE,High,6,0.00292,50,0.7353,0.965,ns
M7vsM8_raw_12m,equal_width,Relative Mortality,ETmax,Mid,34,-0.00031,58.8,0.304,0.8997,ns
M7vsM8_raw_12m,equal_width,Relative Mortality,GPPsat,Mid,34,0.00332,50,0.3662,0.8997,ns
M7vsM8_raw_12m,equal_width,Relative Mortality,NEPmax,Mid,34,0.0701,41.2,0.9088,0.965,ns
M7vsM8_raw_12m,equal_width,Relative Mortality,WUE,Mid,34,0.00097,50,0.7365,0.965,ns
M7vsM8_raw_12m,equal_width,Relative Mortality,uWUE,Mid,34,0.01161,41.2,0.965,0.965,ns
M7vsM8_raw_12m,equal_width,Relative Mortality,ETmax,High,8,0.00097,25,0.8186,0.965,ns
M7vsM8_raw_12m,equal_width,Relative Mortality,GPPsat,High,8,0.16145,37.5,0.7794,0.965,ns
M7vsM8_raw_12m,equal_width,Relative Mortality,NEPmax,High,8,0.13691,37.5,0.883,0.965,ns
M7vsM8_raw_12m,equal_width,Relative Mortality,WUE,High,8,0.00784,50,0.5279,0.965,ns
M7vsM8_raw_12m,equal_width,Relative Mortality,uWUE,High,8,0.00106,50,0.3631,0.8997,ns
M7vsM8_raw_12m,equal_width,Relative Mortality,ETmax,Low,70,0.00027,44.3,0.6823,0.965,ns
M7vsM8_raw_12m,equal_width,Relative Mortality,GPPsat,Low,70,-0.02674,57.1,0.03221,0.2494,ns
M7vsM8_raw_12m,equal_width,Relative Mortality,NEPmax,Low,70,-0.03299,51.4,0.1233,0.5821,ns
M7vsM8_raw_12m,equal_width,Relative Mortality,WUE,Low,70,-0.01032,58.6,0.02897,0.2494,ns
M7vsM8_raw_12m,equal_width,Relative Mortality,uWUE,Low,70,-0.00908,52.9,0.3094,0.8997,ns
M7vsM8_raw_12m,equal_width,Relative Disturbance,ETmax,Mid,39,-0.00056,66.7,0.03325,0.2494,ns
M7vsM8_raw_12m,equal_width,Relative Disturbance,GPPsat,Mid,39,0.0084,48.7,0.4363,0.9348,ns
M7vsM8_raw_12m,equal_width,Relative Disturbance,NEPmax,Mid,39,0.04756,41,0.904,0.965,ns
M7vsM8_raw_12m,equal_width,Relative Disturbance,WUE,Mid,39,0.00599,46.2,0.7765,0.965,ns
M7vsM8_raw_12m,equal_width,Relative Disturbance,uWUE,Mid,39,0.01148,46.2,0.9418,0.965,ns
M7vsM8_raw_12m,equal_width,Relative Disturbance,ETmax,High,10,0.0013,20,0.9074,0.965,ns
M7vsM8_raw_12m,equal_width,Relative Disturbance,GPPsat,High,10,0.10892,40,0.7296,0.965,ns
M7vsM8_raw_12m,equal_width,Relative Disturbance,NEPmax,High,10,0.13691,40,0.8894,0.965,ns
M7vsM8_raw_12m,equal_width,Relative Disturbance,WUE,High,10,-0.00481,60,0.3799,0.8997,ns
M7vsM8_raw_12m,equal_width,Relative Disturbance,uWUE,High,10,0.00054,50,0.3051,0.8997,ns
M7vsM8_raw_12m,equal_width,Relative Disturbance,ETmax,Low,63,0.00035,39.7,0.8942,0.965,ns
M7vsM8_raw_12m,equal_width,Relative Disturbance,GPPsat,Low,63,-0.03467,58.7,0.02154,0.2494,ns
M7vsM8_raw_12m,equal_width,Relative Disturbance,NEPmax,Low,63,-0.03765,52.4,0.1257,0.5821,ns
M7vsM8_raw_12m,equal_width,Relative Disturbance,WUE,Low,63,-0.01036,60.3,0.02614,0.2494,ns
M7vsM8_raw_12m,equal_width,Relative Disturbance,uWUE,Low,63,-0.00727,50.8,0.3545,0.8997,ns
M7vsM8_raw_12m,natural_breaks,Absolute Mortality,ETmax,High,29,-0.00056,62.1,0.06785,0.4362,ns
M7vsM8_raw_12m,natural_breaks,Absolute Mortality,GPPsat,High,29,0.10318,37.9,0.9402,0.9616,ns
M7vsM8_raw_12m,natural_breaks,Absolute Mortality,NEPmax,High,29,0.07658,34.5,0.9402,0.9616,ns
M7vsM8_raw_12m,natural_breaks,Absolute Mortality,WUE,High,29,-0.00511,62.1,0.4144,0.7917,ns
M7vsM8_raw_12m,natural_breaks,Absolute Mortality,uWUE,High,29,-0.00372,55.2,0.4914,0.8845,ns
M7vsM8_raw_12m,natural_breaks,Absolute Mortality,ETmax,Mid,46,0.00049,39.1,0.9342,0.9616,ns
M7vsM8_raw_12m,natural_breaks,Absolute Mortality,GPPsat,Mid,46,-0.03979,58.7,0.01657,0.3837,ns
M7vsM8_raw_12m,natural_breaks,Absolute Mortality,NEPmax,Mid,46,-0.01948,54.3,0.2032,0.7033,ns
M7vsM8_raw_12m,natural_breaks,Absolute Mortality,WUE,Mid,46,0.00406,43.5,0.4135,0.7917,ns
M7vsM8_raw_12m,natural_breaks,Absolute Mortality,uWUE,Mid,46,0.00584,41.3,0.7439,0.9616,ns
M7vsM8_raw_12m,natural_breaks,Absolute Mortality,ETmax,Low,37,0.00028,45.9,0.7116,0.9616,ns
M7vsM8_raw_12m,natural_breaks,Absolute Mortality,GPPsat,Low,37,-0.05948,59.5,0.04851,0.4362,ns
M7vsM8_raw_12m,natural_breaks,Absolute Mortality,NEPmax,Low,37,0.00529,48.6,0.3254,0.7917,ns
M7vsM8_raw_12m,natural_breaks,Absolute Mortality,WUE,Low,37,-0.01113,64.9,0.06193,0.4362,ns
M7vsM8_raw_12m,natural_breaks,Absolute Mortality,uWUE,Low,37,-0.00727,54.1,0.4223,0.7917,ns
M7vsM8_raw_12m,natural_breaks,Relative Mortality,ETmax,Mid,45,-0.00027,53.3,0.3177,0.7917,ns
M7vsM8_raw_12m,natural_breaks,Relative Mortality,GPPsat,Mid,45,0.0084,46.7,0.4019,0.7917,ns
M7vsM8_raw_12m,natural_breaks,Relative Mortality,NEPmax,Mid,45,0.03844,46.7,0.7252,0.9616,ns
M7vsM8_raw_12m,natural_breaks,Relative Mortality,WUE,Mid,45,-0.01094,60,0.08779,0.4938,ns
M7vsM8_raw_12m,natural_breaks,Relative Mortality,uWUE,Mid,45,-0.00746,55.6,0.4063,0.7917,ns
M7vsM8_raw_12m,natural_breaks,Relative Mortality,ETmax,High,26,0.00037,46.2,0.7118,0.9616,ns
M7vsM8_raw_12m,natural_breaks,Relative Mortality,GPPsat,High,26,0.0081,50,0.3998,0.7917,ns
M7vsM8_raw_12m,natural_breaks,Relative Mortality,NEPmax,High,26,0.05051,42.3,0.839,0.9616,ns
M7vsM8_raw_12m,natural_breaks,Relative Mortality,WUE,High,26,0.01231,46.2,0.7693,0.9616,ns
M7vsM8_raw_12m,natural_breaks,Relative Mortality,uWUE,High,26,0.00752,42.3,0.7204,0.9616,ns
M7vsM8_raw_12m,natural_breaks,Relative Mortality,ETmax,Low,41,0.00028,41.5,0.8074,0.9616,ns
M7vsM8_raw_12m,natural_breaks,Relative Mortality,GPPsat,Low,41,-0.0542,63.4,0.03288,0.4362,ns
M7vsM8_raw_12m,natural_breaks,Relative Mortality,NEPmax,Low,41,-0.02832,51.2,0.1592,0.597,ns
M7vsM8_raw_12m,natural_breaks,Relative Mortality,WUE,Low,41,-0.01028,56.1,0.1244,0.5224,ns
M7vsM8_raw_12m,natural_breaks,Relative Mortality,uWUE,Low,41,0.00992,46.3,0.5413,0.9021,ns
M7vsM8_raw_12m,natural_breaks,Relative Disturbance,ETmax,Mid,49,-0.00036,55.1,0.3025,0.7917,ns
M7vsM8_raw_12m,natural_breaks,Relative Disturbance,GPPsat,Mid,49,-0.00754,51,0.1069,0.5224,ns
M7vsM8_raw_12m,natural_breaks,Relative Disturbance,NEPmax,Mid,49,0.026,46.9,0.5159,0.8929,ns
M7vsM8_raw_12m,natural_breaks,Relative Disturbance,WUE,Mid,49,-0.01343,63.3,0.01705,0.3837,ns
M7vsM8_raw_12m,natural_breaks,Relative Disturbance,uWUE,Mid,49,-0.00893,57.1,0.2956,0.7917,ns
M7vsM8_raw_12m,natural_breaks,Relative Disturbance,ETmax,High,24,0.00027,45.8,0.6915,0.9616,ns
M7vsM8_raw_12m,natural_breaks,Relative Disturbance,GPPsat,High,24,0.01318,45.8,0.784,0.9616,ns
M7vsM8_raw_12m,natural_breaks,Relative Disturbance,NEPmax,High,24,0.11481,37.5,0.9731,0.9731,ns
M7vsM8_raw_12m,natural_breaks,Relative Disturbance,WUE,High,24,0.01328,41.7,0.9214,0.9616,ns
M7vsM8_raw_12m,natural_breaks,Relative Disturbance,uWUE,High,24,0.01052,37.5,0.9171,0.9616,ns
M7vsM8_raw_12m,natural_breaks,Relative Disturbance,ETmax,Low,39,0.00035,38.5,0.8992,0.9616,ns
M7vsM8_raw_12m,natural_breaks,Relative Disturbance,GPPsat,Low,39,-0.0542,61.5,0.05821,0.4362,ns
M7vsM8_raw_12m,natural_breaks,Relative Disturbance,NEPmax,Low,39,-0.03765,53.8,0.1277,0.5224,ns
M7vsM8_raw_12m,natural_breaks,Relative Disturbance,WUE,Low,39,-0.00611,53.8,0.2405,0.773,ns
M7vsM8_raw_12m,natural_breaks,Relative Disturbance,uWUE,Low,39,0.00374,46.2,0.5856,0.9412,ns
M7vsM8_raw_24m,tertiles,Absolute Mortality,ETmax,High,37,0.00023,37.8,0.7747,0.9224,ns
M7vsM8_raw_24m,tertiles,Absolute Mortality,GPPsat,High,37,0.06423,43.2,0.8366,0.9412,ns
M7vsM8_raw_24m,tertiles,Absolute Mortality,NEPmax,High,37,0.07961,37.8,0.9399,0.9984,ns
M7vsM8_raw_24m,tertiles,Absolute Mortality,WUE,High,37,-0.00907,62.2,0.3364,0.8038,ns
M7vsM8_raw_24m,tertiles,Absolute Mortality,uWUE,High,37,0.00104,40.5,0.3586,0.8038,ns
M7vsM8_raw_24m,tertiles,Absolute Mortality,ETmax,Mid,37,0.00082,29.7,0.9984,0.9984,ns
M7vsM8_raw_24m,tertiles,Absolute Mortality,GPPsat,Mid,37,-0.02931,56.8,0.02406,0.5074,ns
M7vsM8_raw_24m,tertiles,Absolute Mortality,NEPmax,Mid,37,-0.08824,67.6,0.003161,0.1422,ns
M7vsM8_raw_24m,tertiles,Absolute Mortality,WUE,Mid,37,-0.00019,51.4,0.5718,0.8242,ns
M7vsM8_raw_24m,tertiles,Absolute Mortality,uWUE,Mid,37,0.00171,40.5,0.6746,0.8673,ns
M7vsM8_raw_24m,tertiles,Absolute Mortality,ETmax,Low,38,0,50,0.4596,0.8242,ns
M7vsM8_raw_24m,tertiles,Absolute Mortality,GPPsat,Low,38,-0.04098,63.2,0.1172,0.6592,ns
M7vsM8_raw_24m,tertiles,Absolute Mortality,NEPmax,Low,38,-2e-05,50,0.5174,0.8242,ns
M7vsM8_raw_24m,tertiles,Absolute Mortality,WUE,Low,38,-0.00722,63.2,0.1767,0.7338,ns
M7vsM8_raw_24m,tertiles,Absolute Mortality,uWUE,Low,38,-0.00502,55.3,0.3585,0.8038,ns
M7vsM8_raw_24m,tertiles,Relative Mortality,ETmax,High,37,0.00047,24.3,0.9984,0.9984,ns
M7vsM8_raw_24m,tertiles,Relative Mortality,GPPsat,High,37,0.04051,48.6,0.647,0.8563,ns
M7vsM8_raw_24m,tertiles,Relative Mortality,NEPmax,High,37,0.03953,37.8,0.8863,0.9727,ns
M7vsM8_raw_24m,tertiles,Relative Mortality,WUE,High,37,-0.0037,64.9,0.1991,0.7338,ns
M7vsM8_raw_24m,tertiles,Relative Mortality,uWUE,High,37,0.00063,45.9,0.3474,0.8038,ns
M7vsM8_raw_24m,tertiles,Relative Mortality,ETmax,Mid,37,0,48.6,0.393,0.8038,ns
M7vsM8_raw_24m,tertiles,Relative Mortality,GPPsat,Mid,37,-0.0056,54.1,0.212,0.7338,ns
M7vsM8_raw_24m,tertiles,Relative Mortality,NEPmax,Mid,37,-0.04239,64.9,0.06193,0.5074,ns
M7vsM8_raw_24m,tertiles,Relative Mortality,WUE,Mid,37,-0.00678,62.2,0.1949,0.7338,ns
M7vsM8_raw_24m,tertiles,Relative Mortality,uWUE,Mid,37,0.00104,45.9,0.4164,0.8146,ns
M7vsM8_raw_24m,tertiles,Relative Mortality,ETmax,Low,38,0.00023,44.7,0.7789,0.9224,ns
M7vsM8_raw_24m,tertiles,Relative Mortality,GPPsat,Low,38,-0.0495,60.5,0.05865,0.5074,ns
M7vsM8_raw_24m,tertiles,Relative Mortality,NEPmax,Low,38,-0.00572,52.6,0.2298,0.7385,ns
M7vsM8_raw_24m,tertiles,Relative Mortality,WUE,Low,38,-0.00066,50,0.5058,0.8242,ns
M7vsM8_raw_24m,tertiles,Relative Mortality,uWUE,Low,38,0.00125,44.7,0.5634,0.8242,ns
M7vsM8_raw_24m,tertiles,Relative Disturbance,ETmax,High,37,0.00047,27,0.9948,0.9984,ns
M7vsM8_raw_24m,tertiles,Relative Disturbance,GPPsat,High,37,0.01373,48.6,0.548,0.8242,ns
M7vsM8_raw_24m,tertiles,Relative Disturbance,NEPmax,High,37,0.03953,40.5,0.8291,0.9412,ns
M7vsM8_raw_24m,tertiles,Relative Disturbance,WUE,High,37,-0.00425,62.2,0.3757,0.8038,ns
M7vsM8_raw_24m,tertiles,Relative Disturbance,uWUE,High,37,0.00126,45.9,0.44,0.8242,ns
M7vsM8_raw_24m,tertiles,Relative Disturbance,ETmax,Mid,37,0.00021,43.2,0.7417,0.9224,ns
M7vsM8_raw_24m,tertiles,Relative Disturbance,GPPsat,Mid,37,-0.00095,51.4,0.3814,0.8038,ns
M7vsM8_raw_24m,tertiles,Relative Disturbance,NEPmax,Mid,37,-0.03427,62.2,0.09986,0.642,ns
M7vsM8_raw_24m,tertiles,Relative Disturbance,WUE,Mid,37,-0.00754,64.9,0.06765,0.5074,ns
M7vsM8_raw_24m,tertiles,Relative Disturbance,uWUE,Mid,37,-0.00325,51.4,0.2681,0.8038,ns
M7vsM8_raw_24m,tertiles,Relative Disturbance,ETmax,Low,38,0.00013,47.4,0.5861,0.8242,ns
M7vsM8_raw_24m,tertiles,Relative Disturbance,GPPsat,Low,38,-0.0495,63.2,0.03965,0.5074,ns
M7vsM8_raw_24m,tertiles,Relative Disturbance,NEPmax,Low,38,-0.00572,52.6,0.155,0.7338,ns
M7vsM8_raw_24m,tertiles,Relative Disturbance,WUE,Low,38,-0.00045,50,0.5691,0.8242,ns
M7vsM8_raw_24m,tertiles,Relative Disturbance,uWUE,Low,38,0.00231,39.5,0.6141,0.8374,ns
M7vsM8_raw_24m,equal_width,Absolute Mortality,ETmax,Mid,52,0.00047,30.8,0.9762,0.9953,ns
M7vsM8_raw_24m,equal_width,Absolute Mortality,GPPsat,Mid,52,0.01996,46.2,0.5309,0.9188,ns
M7vsM8_raw_24m,equal_width,Absolute Mortality,NEPmax,Mid,52,-0.0334,55.8,0.3163,0.8896,ns
M7vsM8_raw_24m,equal_width,Absolute Mortality,WUE,Mid,52,-0.00453,61.5,0.1247,0.8896,ns
M7vsM8_raw_24m,equal_width,Absolute Mortality,uWUE,Mid,52,0.00453,34.6,0.7513,0.9953,ns
M7vsM8_raw_24m,equal_width,Absolute Mortality,ETmax,Low,54,1e-04,48.1,0.6912,0.9953,ns
M7vsM8_raw_24m,equal_width,Absolute Mortality,GPPsat,Low,54,-0.04225,64.8,0.01125,0.4298,ns
M7vsM8_raw_24m,equal_width,Absolute Mortality,NEPmax,Low,54,-2e-05,50,0.2879,0.8896,ns
M7vsM8_raw_24m,equal_width,Absolute Mortality,WUE,Low,54,-0.00458,57.4,0.2791,0.8896,ns
M7vsM8_raw_24m,equal_width,Absolute Mortality,uWUE,Low,54,-0.00501,55.6,0.1899,0.8896,ns
M7vsM8_raw_24m,equal_width,Absolute Mortality,ETmax,High,6,0.00033,33.3,0.7992,0.9953,ns
M7vsM8_raw_24m,equal_width,Absolute Mortality,GPPsat,High,6,0.08245,33.3,0.8958,0.9953,ns
M7vsM8_raw_24m,equal_width,Absolute Mortality,NEPmax,High,6,0.04484,33.3,0.7992,0.9953,ns
M7vsM8_raw_24m,equal_width,Absolute Mortality,WUE,High,6,0.02165,50,0.8527,0.9953,ns
M7vsM8_raw_24m,equal_width,Absolute Mortality,uWUE,High,6,-0.00715,50,0.2008,0.8896,ns
M7vsM8_raw_24m,equal_width,Relative Mortality,ETmax,Mid,34,0.00048,26.5,0.9953,0.9953,ns
M7vsM8_raw_24m,equal_width,Relative Mortality,GPPsat,Mid,34,0.00224,50,0.4659,0.9188,ns
M7vsM8_raw_24m,equal_width,Relative Mortality,NEPmax,Mid,34,0.00881,44.1,0.5813,0.9688,ns
M7vsM8_raw_24m,equal_width,Relative Mortality,WUE,Mid,34,-0.00277,64.7,0.2635,0.8896,ns
M7vsM8_raw_24m,equal_width,Relative Mortality,uWUE,Mid,34,0.00046,47.1,0.4932,0.9188,ns
M7vsM8_raw_24m,equal_width,Relative Mortality,ETmax,High,8,0.00081,12.5,0.9463,0.9953,ns
M7vsM8_raw_24m,equal_width,Relative Mortality,GPPsat,High,8,0.11397,37.5,0.8186,0.9953,ns
M7vsM8_raw_24m,equal_width,Relative Mortality,NEPmax,High,8,0.10549,25,0.985,0.9953,ns
M7vsM8_raw_24m,equal_width,Relative Mortality,WUE,High,8,-0.00714,62.5,0.312,0.8896,ns
M7vsM8_raw_24m,equal_width,Relative Mortality,uWUE,High,8,0.00417,25,0.688,0.9953,ns
M7vsM8_raw_24m,equal_width,Relative Mortality,ETmax,Low,70,4e-05,48.6,0.5303,0.9188,ns
M7vsM8_raw_24m,equal_width,Relative Mortality,GPPsat,Low,70,-0.03649,58.6,0.03574,0.4298,ns
M7vsM8_raw_24m,equal_width,Relative Mortality,NEPmax,Low,70,-0.02106,58.6,0.03908,0.4298,ns
M7vsM8_raw_24m,equal_width,Relative Mortality,WUE,Low,70,-0.0045,55.7,0.2637,0.8896,ns
M7vsM8_raw_24m,equal_width,Relative Mortality,uWUE,Low,70,0.00082,47.1,0.3562,0.9188,ns
M7vsM8_raw_24m,equal_width,Relative Disturbance,ETmax,Mid,39,0.00023,35.9,0.9196,0.9953,ns
M7vsM8_raw_24m,equal_width,Relative Disturbance,GPPsat,Mid,39,0.01373,46.2,0.6126,0.9845,ns
M7vsM8_raw_24m,equal_width,Relative Disturbance,NEPmax,Mid,39,0.00638,46.2,0.5195,0.9188,ns
M7vsM8_raw_24m,equal_width,Relative Disturbance,WUE,Mid,39,-0.00183,61.5,0.4473,0.9188,ns
M7vsM8_raw_24m,equal_width,Relative Disturbance,uWUE,Mid,39,0.00021,48.7,0.4639,0.9188,ns
M7vsM8_raw_24m,equal_width,Relative Disturbance,ETmax,High,10,0.00109,10,0.9736,0.9953,ns
M7vsM8_raw_24m,equal_width,Relative Disturbance,GPPsat,High,10,0.09203,40,0.7296,0.9953,ns
M7vsM8_raw_24m,equal_width,Relative Disturbance,NEPmax,High,10,0.09019,30,0.9793,0.9953,ns
M7vsM8_raw_24m,equal_width,Relative Disturbance,WUE,High,10,-0.00714,70,0.1795,0.8896,ns
M7vsM8_raw_24m,equal_width,Relative Disturbance,uWUE,High,10,0.00156,40,0.3799,0.9188,ns
M7vsM8_raw_24m,equal_width,Relative Disturbance,ETmax,Low,63,0.00013,46,0.6878,0.9953,ns
M7vsM8_raw_24m,equal_width,Relative Disturbance,GPPsat,Low,63,-0.04842,61.9,0.02262,0.4298,ns
M7vsM8_raw_24m,equal_width,Relative Disturbance,NEPmax,Low,63,-0.02323,58.7,0.04775,0.4298,ns
M7vsM8_raw_24m,equal_width,Relative Disturbance,WUE,Low,63,-0.0041,55.6,0.2047,0.8896,ns
M7vsM8_raw_24m,equal_width,Relative Disturbance,uWUE,Low,63,0.00171,44.4,0.4334,0.9188,ns
M7vsM8_raw_24m,natural_breaks,Absolute Mortality,ETmax,High,29,0.00023,37.9,0.7882,0.9953,ns
M7vsM8_raw_24m,natural_breaks,Absolute Mortality,GPPsat,High,29,0.06423,41.4,0.8649,0.9953,ns
M7vsM8_raw_24m,natural_breaks,Absolute Mortality,NEPmax,High,29,0.07983,37.9,0.9134,0.9953,ns
M7vsM8_raw_24m,natural_breaks,Absolute Mortality,WUE,High,29,-0.00907,65.5,0.3249,0.77,ns
M7vsM8_raw_24m,natural_breaks,Absolute Mortality,uWUE,High,29,0.00063,41.4,0.3095,0.77,ns
M7vsM8_raw_24m,natural_breaks,Absolute Mortality,ETmax,Mid,46,0.00068,32.6,0.9953,0.9953,ns
M7vsM8_raw_24m,natural_breaks,Absolute Mortality,GPPsat,Mid,46,-0.02549,54.3,0.06723,0.4322,ns
M7vsM8_raw_24m,natural_breaks,Absolute Mortality,NEPmax,Mid,46,-0.05017,60.9,0.01366,0.4322,ns
M7vsM8_raw_24m,natural_breaks,Absolute Mortality,WUE,Mid,46,-6e-05,50,0.657,0.9291,ns
M7vsM8_raw_24m,natural_breaks,Absolute Mortality,uWUE,Mid,46,0.00231,39.1,0.7404,0.9799,ns
M7vsM8_raw_24m,natural_breaks,Absolute Mortality,ETmax,Low,37,7e-05,48.6,0.488,0.8892,ns
M7vsM8_raw_24m,natural_breaks,Absolute Mortality,GPPsat,Low,37,-0.04132,64.9,0.0657,0.4322,ns
M7vsM8_raw_24m,natural_breaks,Absolute Mortality,NEPmax,Low,37,-0.00077,51.4,0.494,0.8892,ns
M7vsM8_raw_24m,natural_breaks,Absolute Mortality,WUE,Low,37,-0.00765,64.9,0.1109,0.4996,ns
M7vsM8_raw_24m,natural_breaks,Absolute Mortality,uWUE,Low,37,-0.00532,56.8,0.3254,0.77,ns
M7vsM8_raw_24m,natural_breaks,Relative Mortality,ETmax,Mid,45,0.00023,42.2,0.8107,0.9953,ns
M7vsM8_raw_24m,natural_breaks,Relative Mortality,GPPsat,Mid,45,-0.00095,51.1,0.4506,0.8892,ns
M7vsM8_raw_24m,natural_breaks,Relative Mortality,NEPmax,Mid,45,-0.02554,60,0.0896,0.4996,ns
M7vsM8_raw_24m,natural_breaks,Relative Mortality,WUE,Mid,45,-0.00491,62.2,0.2637,0.77,ns
M7vsM8_raw_24m,natural_breaks,Relative Mortality,uWUE,Mid,45,0.00021,48.9,0.2456,0.77,ns
M7vsM8_raw_24m,natural_breaks,Relative Mortality,ETmax,High,26,0.00052,23.1,0.9926,0.9953,ns
M7vsM8_raw_24m,natural_breaks,Relative Mortality,GPPsat,High,26,0.0423,46.2,0.6197,0.9291,ns
M7vsM8_raw_24m,natural_breaks,Relative Mortality,NEPmax,High,26,0.04582,34.6,0.948,0.9953,ns
M7vsM8_raw_24m,natural_breaks,Relative Mortality,WUE,High,26,-0.00298,61.5,0.3422,0.77,ns
M7vsM8_raw_24m,natural_breaks,Relative Mortality,uWUE,High,26,0.00231,42.3,0.5805,0.9291,ns
M7vsM8_raw_24m,natural_breaks,Relative Mortality,ETmax,Low,41,0.00012,46.3,0.6465,0.9291,ns
M7vsM8_raw_24m,natural_breaks,Relative Mortality,GPPsat,Low,41,-0.05058,63.4,0.02299,0.4322,ns
M7vsM8_raw_24m,natural_breaks,Relative Mortality,NEPmax,Low,41,-0.00945,53.7,0.1721,0.6323,ns
M7vsM8_raw_24m,natural_breaks,Relative Mortality,WUE,Low,41,-0.0014,53.7,0.3158,0.77,ns
M7vsM8_raw_24m,natural_breaks,Relative Mortality,uWUE,Low,41,0.00142,43.9,0.5972,0.9291,ns
M7vsM8_raw_24m,natural_breaks,Relative Disturbance,ETmax,Mid,49,0.00021,40.8,0.8757,0.9953,ns
M7vsM8_raw_24m,natural_breaks,Relative Disturbance,GPPsat,Mid,49,-0.01158,55.1,0.1827,0.6323,ns
M7vsM8_raw_24m,natural_breaks,Relative Disturbance,NEPmax,Mid,49,-0.03427,61.2,0.05918,0.4322,ns
M7vsM8_raw_24m,natural_breaks,Relative Disturbance,WUE,Mid,49,-0.00754,65.3,0.05801,0.4322,ns
M7vsM8_raw_24m,natural_breaks,Relative Disturbance,uWUE,Mid,49,-0.0053,55.1,0.1436,0.5874,ns
M7vsM8_raw_24m,natural_breaks,Relative Disturbance,ETmax,High,24,0.00058,20.8,0.9943,0.9953,ns
M7vsM8_raw_24m,natural_breaks,Relative Disturbance,GPPsat,High,24,0.05623,37.5,0.908,0.9953,ns
M7vsM8_raw_24m,natural_breaks,Relative Disturbance,NEPmax,High,24,0.07013,29.2,0.9927,0.9953,ns
M7vsM8_raw_24m,natural_breaks,Relative Disturbance,WUE,High,24,-0.00298,62.5,0.393,0.8422,ns
M7vsM8_raw_24m,natural_breaks,Relative Disturbance,uWUE,High,24,0.00231,37.5,0.6607,0.9291,ns
M7vsM8_raw_24m,natural_breaks,Relative Disturbance,ETmax,Low,39,0.00012,48.7,0.475,0.8892,ns
M7vsM8_raw_24m,natural_breaks,Relative Disturbance,GPPsat,Low,39,-0.05058,64.1,0.03123,0.4322,ns
M7vsM8_raw_24m,natural_breaks,Relative Disturbance,NEPmax,Low,39,-0.00945,53.8,0.111,0.4996,ns
M7vsM8_raw_24m,natural_breaks,Relative Disturbance,WUE,Low,39,7e-05,48.7,0.6338,0.9291,ns
M7vsM8_raw_24m,natural_breaks,Relative Disturbance,uWUE,Low,39,0.0027,38.5,0.6947,0.9474,ns
M7vsM8_anom_12m,tertiles,Absolute Mortality,ETmax,High,37,0.00223,37.8,0.9813,0.9813,ns
M7vsM8_anom_12m,tertiles,Absolute Mortality,GPPsat,High,37,-0.37998,64.9,0.005878,0.08171,ns
M7vsM8_anom_12m,tertiles,Absolute Mortality,NEPmax,High,37,-0.43916,64.9,0.01609,0.08255,ns
M7vsM8_anom_12m,tertiles,Absolute Mortality,WUE,High,37,-0.04545,62.2,0.04412,0.1418,ns
M7vsM8_anom_12m,tertiles,Absolute Mortality,uWUE,High,37,0.00608,48.6,0.2935,0.4636,ns
M7vsM8_anom_12m,tertiles,Absolute Mortality,ETmax,Mid,37,1e-04,48.6,0.6907,0.8399,ns
M7vsM8_anom_12m,tertiles,Absolute Mortality,GPPsat,Mid,37,-0.4815,70.3,0.02322,0.102,ns
M7vsM8_anom_12m,tertiles,Absolute Mortality,NEPmax,Mid,37,-0.63374,67.6,0.1053,0.1974,ns
M7vsM8_anom_12m,tertiles,Absolute Mortality,WUE,Mid,37,-0.01708,51.4,0.2987,0.4636,ns
M7vsM8_anom_12m,tertiles,Absolute Mortality,uWUE,Mid,37,-0.01065,56.8,0.4282,0.6032,ns
M7vsM8_anom_12m,tertiles,Absolute Mortality,ETmax,Low,38,-0.00153,57.9,0.0715,0.1689,ns
M7vsM8_anom_12m,tertiles,Absolute Mortality,GPPsat,Low,38,-0.11137,57.9,0.07976,0.1689,ns
M7vsM8_anom_12m,tertiles,Absolute Mortality,NEPmax,Low,38,-0.73028,65.8,0.01651,0.08255,ns
M7vsM8_anom_12m,tertiles,Absolute Mortality,WUE,Low,38,-0.02034,52.6,0.4309,0.6032,ns
M7vsM8_anom_12m,tertiles,Absolute Mortality,uWUE,Low,38,0.03591,42.1,0.7092,0.8399,ns
M7vsM8_anom_12m,tertiles,Relative Mortality,ETmax,High,37,0.00223,43.2,0.9127,0.9359,ns
M7vsM8_anom_12m,tertiles,Relative Mortality,GPPsat,High,37,-0.37998,67.6,0.01229,0.08255,ns
M7vsM8_anom_12m,tertiles,Relative Mortality,NEPmax,High,37,-0.45447,64.9,0.04006,0.1387,ns
M7vsM8_anom_12m,tertiles,Relative Mortality,WUE,High,37,-0.02115,62.2,0.02866,0.1075,ns
M7vsM8_anom_12m,tertiles,Relative Mortality,uWUE,High,37,-0.01569,59.5,0.1025,0.1974,ns
M7vsM8_anom_12m,tertiles,Relative Mortality,ETmax,Mid,37,-0.00046,54.1,0.3254,0.4881,ns
M7vsM8_anom_12m,tertiles,Relative Mortality,GPPsat,Mid,37,-0.54622,67.6,0.01609,0.08255,ns
M7vsM8_anom_12m,tertiles,Relative Mortality,NEPmax,Mid,37,-0.72735,73,0.005878,0.08171,ns
M7vsM8_anom_12m,tertiles,Relative Mortality,WUE,Mid,37,-0.04856,64.9,0.06379,0.1689,ns
M7vsM8_anom_12m,tertiles,Relative Mortality,uWUE,Mid,37,0.00608,48.6,0.4759,0.6299,ns
M7vsM8_anom_12m,tertiles,Relative Mortality,ETmax,Low,38,0.00022,47.4,0.4423,0.6032,ns
M7vsM8_anom_12m,tertiles,Relative Mortality,GPPsat,Low,38,-0.21538,57.9,0.06954,0.1689,ns
M7vsM8_anom_12m,tertiles,Relative Mortality,NEPmax,Low,38,-0.57385,60.5,0.07554,0.1689,ns
M7vsM8_anom_12m,tertiles,Relative Mortality,WUE,Low,38,0.02743,39.5,0.8551,0.9359,ns
M7vsM8_anom_12m,tertiles,Relative Mortality,uWUE,Low,38,0.03591,39.5,0.9016,0.9359,ns
M7vsM8_anom_12m,tertiles,Relative Disturbance,ETmax,High,37,0.00166,43.2,0.9151,0.9359,ns
M7vsM8_anom_12m,tertiles,Relative Disturbance,GPPsat,High,37,-0.37998,67.6,0.01491,0.08255,ns
M7vsM8_anom_12m,tertiles,Relative Disturbance,NEPmax,High,37,-0.59292,64.9,0.02493,0.102,ns
M7vsM8_anom_12m,tertiles,Relative Disturbance,WUE,High,37,-0.01708,59.5,0.05324,0.1597,ns
M7vsM8_anom_12m,tertiles,Relative Disturbance,uWUE,High,37,-0.05015,62.2,0.06011,0.1689,ns
M7vsM8_anom_12m,tertiles,Relative Disturbance,ETmax,Mid,37,-0.0016,59.5,0.08258,0.1689,ns
M7vsM8_anom_12m,tertiles,Relative Disturbance,GPPsat,Mid,37,-0.67664,73,0.007263,0.08171,ns
M7vsM8_anom_12m,tertiles,Relative Disturbance,NEPmax,Mid,37,-0.72735,75.7,0.002177,0.08171,ns
M7vsM8_anom_12m,tertiles,Relative Disturbance,WUE,Mid,37,-0.04598,59.5,0.1489,0.2526,ns
M7vsM8_anom_12m,tertiles,Relative Disturbance,uWUE,Mid,37,0.03119,37.8,0.8891,0.9359,ns
M7vsM8_anom_12m,tertiles,Relative Disturbance,ETmax,Low,38,0.00047,42.1,0.8118,0.9359,ns
M7vsM8_anom_12m,tertiles,Relative Disturbance,GPPsat,Low,38,-0.09555,52.6,0.123,0.2214,ns
M7vsM8_anom_12m,tertiles,Relative Disturbance,NEPmax,Low,38,-0.24151,57.9,0.1516,0.2526,ns
M7vsM8_anom_12m,tertiles,Relative Disturbance,WUE,Low,38,0.00735,47.4,0.6196,0.7967,ns
M7vsM8_anom_12m,tertiles,Relative Disturbance,uWUE,Low,38,0.02229,47.4,0.6839,0.8399,ns
M7vsM8_anom_12m,equal_width,Absolute Mortality,ETmax,Mid,52,0.00048,46.2,0.8735,0.9078,ns
M7vsM8_anom_12m,equal_width,Absolute Mortality,GPPsat,Mid,52,-0.33055,61.5,0.04735,0.142,ns
M7vsM8_anom_12m,equal_width,Absolute Mortality,NEPmax,Mid,52,-0.28925,59.6,0.2402,0.4699,ns
M7vsM8_anom_12m,equal_width,Absolute Mortality,WUE,Mid,52,-0.05168,65.4,0.01239,0.06442,ns
M7vsM8_anom_12m,equal_width,Absolute Mortality,uWUE,Mid,52,-0.0119,55.8,0.1323,0.2857,ns
M7vsM8_anom_12m,equal_width,Absolute Mortality,ETmax,Low,54,-0.00072,53.7,0.1333,0.2857,ns
M7vsM8_anom_12m,equal_width,Absolute Mortality,GPPsat,Low,54,-0.61143,64.8,0.002307,0.03157,*
M7vsM8_anom_12m,equal_width,Absolute Mortality,NEPmax,Low,54,-0.7771,70.4,0.0009138,0.03157,*
M7vsM8_anom_12m,equal_width,Absolute Mortality,WUE,Low,54,0.01223,46.3,0.6635,0.8069,ns
M7vsM8_anom_12m,equal_width,Absolute Mortality,uWUE,Low,54,0.03591,40.7,0.8876,0.9078,ns
M7vsM8_anom_12m,equal_width,Absolute Mortality,ETmax,High,6,0.00672,16.7,0.982,0.982,ns
M7vsM8_anom_12m,equal_width,Absolute Mortality,GPPsat,High,6,-1.64804,83.3,0.07111,0.1882,ns
M7vsM8_anom_12m,equal_width,Absolute Mortality,NEPmax,High,6,-2.16875,83.3,0.02959,0.1152,ns
M7vsM8_anom_12m,equal_width,Absolute Mortality,WUE,High,6,-0.00505,50,0.417,0.647,ns
M7vsM8_anom_12m,equal_width,Absolute Mortality,uWUE,High,6,-0.04038,66.7,0.1473,0.3012,ns
M7vsM8_anom_12m,equal_width,Relative Mortality,ETmax,Mid,34,0.00036,44.1,0.8515,0.9078,ns
M7vsM8_anom_12m,equal_width,Relative Mortality,GPPsat,Mid,34,-0.58931,73.5,0.002806,0.03157,*
M7vsM8_anom_12m,equal_width,Relative Mortality,NEPmax,Mid,34,-0.78647,76.5,0.004918,0.03688,*
M7vsM8_anom_12m,equal_width,Relative Mortality,WUE,Mid,34,-0.01912,55.9,0.1092,0.2586,ns
M7vsM8_anom_12m,equal_width,Relative Mortality,uWUE,Mid,34,-0.00081,50,0.4456,0.6615,ns
M7vsM8_anom_12m,equal_width,Relative Mortality,ETmax,High,8,0.0012,50,0.5832,0.7719,ns
M7vsM8_anom_12m,equal_width,Relative Mortality,GPPsat,High,8,-0.07771,50,0.4721,0.6639,ns
M7vsM8_anom_12m,equal_width,Relative Mortality,NEPmax,High,8,0.05878,37.5,0.688,0.8147,ns
M7vsM8_anom_12m,equal_width,Relative Mortality,WUE,High,8,-0.18196,87.5,0.07074,0.1882,ns
M7vsM8_anom_12m,equal_width,Relative Mortality,uWUE,High,8,-0.12937,87.5,0.09172,0.2293,ns
M7vsM8_anom_12m,equal_width,Relative Mortality,ETmax,Low,70,-2e-05,50,0.4557,0.6615,ns
M7vsM8_anom_12m,equal_width,Relative Mortality,GPPsat,Low,70,-0.34752,61.4,0.01269,0.06442,ns
M7vsM8_anom_12m,equal_width,Relative Mortality,NEPmax,Low,70,-0.57547,64.3,0.01288,0.06442,ns
M7vsM8_anom_12m,equal_width,Relative Mortality,WUE,Low,70,-0.01204,51.4,0.4052,0.647,ns
M7vsM8_anom_12m,equal_width,Relative Mortality,uWUE,Low,70,0.02982,44.3,0.7749,0.8717,ns
M7vsM8_anom_12m,equal_width,Relative Disturbance,ETmax,Mid,39,0.00018,46.2,0.7093,0.8184,ns
M7vsM8_anom_12m,equal_width,Relative Disturbance,GPPsat,Mid,39,-0.69578,74.4,0.002357,0.03157,*
M7vsM8_anom_12m,equal_width,Relative Disturbance,NEPmax,Mid,39,-0.78868,76.9,0.003612,0.03251,*
M7vsM8_anom_12m,equal_width,Relative Disturbance,WUE,Mid,39,-0.01708,53.8,0.2907,0.5233,ns
M7vsM8_anom_12m,equal_width,Relative Disturbance,uWUE,Mid,39,0.00634,48.7,0.6338,0.8069,ns
M7vsM8_anom_12m,equal_width,Relative Disturbance,ETmax,High,10,0.00114,50,0.6583,0.8069,ns
M7vsM8_anom_12m,equal_width,Relative Disturbance,GPPsat,High,10,-0.25514,60,0.2704,0.507,ns
M7vsM8_anom_12m,equal_width,Relative Disturbance,NEPmax,High,10,-0.20557,50,0.3051,0.5281,ns
M7vsM8_anom_12m,equal_width,Relative Disturbance,WUE,High,10,-0.23099,90,0.03327,0.1152,ns
M7vsM8_anom_12m,equal_width,Relative Disturbance,uWUE,High,10,-0.19876,90,0.04157,0.1336,ns
M7vsM8_anom_12m,equal_width,Relative Disturbance,ETmax,Low,63,0.00018,49.2,0.5232,0.7135,ns
M7vsM8_anom_12m,equal_width,Relative Disturbance,GPPsat,Low,63,-0.32436,58.7,0.02492,0.1121,ns
M7vsM8_anom_12m,equal_width,Relative Disturbance,NEPmax,Low,63,-0.51955,61.9,0.03202,0.1152,ns
M7vsM8_anom_12m,equal_width,Relative Disturbance,WUE,Low,63,-0.0109,50.8,0.3855,0.6426,ns
M7vsM8_anom_12m,equal_width,Relative Disturbance,uWUE,Low,63,0.03052,42.9,0.8049,0.8834,ns
M7vsM8_anom_12m,natural_breaks,Absolute Mortality,ETmax,High,29,0.00264,31,0.9908,0.9908,ns
M7vsM8_anom_12m,natural_breaks,Absolute Mortality,GPPsat,High,29,-0.4355,72.4,0.004443,0.04998,*
M7vsM8_anom_12m,natural_breaks,Absolute Mortality,NEPmax,High,29,-0.52279,65.5,0.03466,0.09174,ns
M7vsM8_anom_12m,natural_breaks,Absolute Mortality,WUE,High,29,-0.01226,55.2,0.1497,0.2694,ns
M7vsM8_anom_12m,natural_breaks,Absolute Mortality,uWUE,High,29,0.00608,48.3,0.4484,0.6305,ns
M7vsM8_anom_12m,natural_breaks,Absolute Mortality,ETmax,Mid,46,-0.00056,52.2,0.5737,0.7593,ns
M7vsM8_anom_12m,natural_breaks,Absolute Mortality,GPPsat,Mid,46,-0.45122,65.2,0.01328,0.08389,ns
M7vsM8_anom_12m,natural_breaks,Absolute Mortality,NEPmax,Mid,46,-0.63094,67.4,0.0259,0.08615,ns
M7vsM8_anom_12m,natural_breaks,Absolute Mortality,WUE,Mid,46,-0.04075,58.7,0.0716,0.1611,ns
M7vsM8_anom_12m,natural_breaks,Absolute Mortality,uWUE,Mid,46,-0.01216,56.5,0.2354,0.3653,ns
M7vsM8_anom_12m,natural_breaks,Absolute Mortality,ETmax,Low,37,-0.00147,56.8,0.0849,0.1819,ns
M7vsM8_anom_12m,natural_breaks,Absolute Mortality,GPPsat,Low,37,-0.0667,56.8,0.1109,0.2268,ns
M7vsM8_anom_12m,natural_breaks,Absolute Mortality,NEPmax,Low,37,-0.69502,64.9,0.02493,0.08615,ns
M7vsM8_anom_12m,natural_breaks,Absolute Mortality,WUE,Low,37,-0.0109,51.4,0.5,0.6818,ns
M7vsM8_anom_12m,natural_breaks,Absolute Mortality,uWUE,Low,37,0.03816,40.5,0.7792,0.9086,ns
M7vsM8_anom_12m,natural_breaks,Relative Mortality,ETmax,Mid,45,-0.00075,55.6,0.3548,0.5321,ns
M7vsM8_anom_12m,natural_breaks,Relative Mortality,GPPsat,Mid,45,-0.4355,68.9,0.01511,0.08389,ns
M7vsM8_anom_12m,natural_breaks,Relative Mortality,NEPmax,Mid,45,-0.56731,68.9,0.03459,0.09174,ns
M7vsM8_anom_12m,natural_breaks,Relative Mortality,WUE,Mid,45,-0.04598,57.8,0.1393,0.2611,ns
M7vsM8_anom_12m,natural_breaks,Relative Mortality,uWUE,Mid,45,0.01545,44.4,0.8076,0.9086,ns
M7vsM8_anom_12m,natural_breaks,Relative Mortality,ETmax,High,26,0.00238,38.5,0.9506,0.9722,ns
M7vsM8_anom_12m,natural_breaks,Relative Mortality,GPPsat,High,26,-0.4314,69.2,0.01271,0.08389,ns
M7vsM8_anom_12m,natural_breaks,Relative Mortality,NEPmax,High,26,-0.64465,69.2,0.004128,0.04998,*
M7vsM8_anom_12m,natural_breaks,Relative Mortality,WUE,High,26,-0.05195,69.2,0.01864,0.08389,ns
M7vsM8_anom_12m,natural_breaks,Relative Mortality,uWUE,High,26,-0.08208,73.1,0.00738,0.06642,ns
M7vsM8_anom_12m,natural_breaks,Relative Mortality,ETmax,Low,41,0.00026,46.3,0.4179,0.6066,ns
M7vsM8_anom_12m,natural_breaks,Relative Mortality,GPPsat,Low,41,-0.15604,56.1,0.06474,0.1533,ns
M7vsM8_anom_12m,natural_breaks,Relative Mortality,NEPmax,Low,41,-0.51955,61,0.06474,0.1533,ns
M7vsM8_anom_12m,natural_breaks,Relative Mortality,WUE,Low,41,0.01673,43.9,0.7201,0.8799,ns
M7vsM8_anom_12m,natural_breaks,Relative Mortality,uWUE,Low,41,0.03816,39,0.8859,0.9346,ns
M7vsM8_anom_12m,natural_breaks,Relative Disturbance,ETmax,Mid,49,-0.00095,55.1,0.1934,0.3108,ns
M7vsM8_anom_12m,natural_breaks,Relative Disturbance,GPPsat,Mid,49,-0.67664,71.4,0.004319,0.04998,*
M7vsM8_anom_12m,natural_breaks,Relative Disturbance,NEPmax,Mid,49,-0.72735,71.4,0.01705,0.08389,ns
M7vsM8_anom_12m,natural_breaks,Relative Disturbance,WUE,Mid,49,-0.04545,57.1,0.1648,0.2768,ns
M7vsM8_anom_12m,natural_breaks,Relative Disturbance,uWUE,Mid,49,0.03119,40.8,0.8472,0.9299,ns
M7vsM8_anom_12m,natural_breaks,Relative Disturbance,ETmax,High,24,0.00225,41.7,0.893,0.9346,ns
M7vsM8_anom_12m,natural_breaks,Relative Disturbance,GPPsat,High,24,-0.43074,70.8,0.02872,0.08615,ns
M7vsM8_anom_12m,natural_breaks,Relative Disturbance,NEPmax,High,24,-0.59388,70.8,0.002444,0.04998,*
M7vsM8_anom_12m,natural_breaks,Relative Disturbance,WUE,High,24,-0.05195,66.7,0.02689,0.08615,ns
M7vsM8_anom_12m,natural_breaks,Relative Disturbance,uWUE,High,24,-0.06538,70.8,0.02053,0.084,ns
M7vsM8_anom_12m,natural_breaks,Relative Disturbance,ETmax,Low,39,0.00028,43.6,0.7968,0.9086,ns
M7vsM8_anom_12m,natural_breaks,Relative Disturbance,GPPsat,Low,39,-0.03506,51.3,0.1367,0.2611,ns
M7vsM8_anom_12m,natural_breaks,Relative Disturbance,NEPmax,Low,39,-0.23684,56.4,0.1661,0.2768,ns
M7vsM8_anom_12m,natural_breaks,Relative Disturbance,WUE,Low,39,0.00773,46.2,0.6494,0.835,ns
M7vsM8_anom_12m,natural_breaks,Relative Disturbance,uWUE,Low,39,0.02912,46.2,0.7234,0.8799,ns
M7vsM8_anom_24m,tertiles,Absolute Mortality,ETmax,High,37,0.0017,37.8,0.9784,0.982,ns
M7vsM8_anom_24m,tertiles,Absolute Mortality,GPPsat,High,37,-0.44391,62.2,0.01136,0.08043,ns
M7vsM8_anom_24m,tertiles,Absolute Mortality,NEPmax,High,37,-0.3447,59.5,0.04555,0.1651,ns
M7vsM8_anom_24m,tertiles,Absolute Mortality,WUE,High,37,-0.03984,56.8,0.09986,0.2114,ns
M7vsM8_anom_24m,tertiles,Absolute Mortality,uWUE,High,37,0.00471,48.6,0.3586,0.5206,ns
M7vsM8_anom_24m,tertiles,Absolute Mortality,ETmax,Mid,37,0.00079,37.8,0.8803,0.9432,ns
M7vsM8_anom_24m,tertiles,Absolute Mortality,GPPsat,Mid,37,-0.43529,67.6,0.01609,0.08043,ns
M7vsM8_anom_24m,tertiles,Absolute Mortality,NEPmax,Mid,37,-0.65459,67.6,0.08258,0.2114,ns
M7vsM8_anom_24m,tertiles,Absolute Mortality,WUE,Mid,37,-0.0272,54.1,0.3093,0.5155,ns
M7vsM8_anom_24m,tertiles,Absolute Mortality,uWUE,Mid,37,-0.01056,59.5,0.3364,0.5206,ns
M7vsM8_anom_24m,tertiles,Absolute Mortality,ETmax,Low,38,-0.00094,55.3,0.1321,0.2377,ns
M7vsM8_anom_24m,tertiles,Absolute Mortality,GPPsat,Low,38,-0.09126,57.9,0.06762,0.2029,ns
M7vsM8_anom_24m,tertiles,Absolute Mortality,NEPmax,Low,38,-0.69421,63.2,0.008034,0.08043,ns
M7vsM8_anom_24m,tertiles,Absolute Mortality,WUE,Low,38,-0.01964,52.6,0.4366,0.5949,ns
M7vsM8_anom_24m,tertiles,Absolute Mortality,uWUE,Low,38,0.00176,50,0.5974,0.7265,ns
M7vsM8_anom_24m,tertiles,Relative Mortality,ETmax,High,37,0.0017,29.7,0.9713,0.982,ns
M7vsM8_anom_24m,tertiles,Relative Mortality,GPPsat,High,37,-0.38604,59.5,0.01549,0.08043,ns
M7vsM8_anom_24m,tertiles,Relative Mortality,NEPmax,High,37,-0.6222,62.2,0.06379,0.2029,ns
M7vsM8_anom_24m,tertiles,Relative Mortality,WUE,High,37,-0.00786,51.4,0.08727,0.2114,ns
M7vsM8_anom_24m,tertiles,Relative Mortality,uWUE,High,37,-0.02433,59.5,0.1289,0.2377,ns
M7vsM8_anom_24m,tertiles,Relative Mortality,ETmax,Mid,37,0.00038,48.6,0.4759,0.5949,ns
M7vsM8_anom_24m,tertiles,Relative Mortality,GPPsat,Mid,37,-0.55766,64.9,0.01609,0.08043,ns
M7vsM8_anom_24m,tertiles,Relative Mortality,NEPmax,Mid,37,-0.75059,67.6,0.007893,0.08043,ns
M7vsM8_anom_24m,tertiles,Relative Mortality,WUE,Mid,37,-0.04061,67.6,0.09724,0.2114,ns
M7vsM8_anom_24m,tertiles,Relative Mortality,uWUE,Mid,37,-0.01136,54.1,0.3586,0.5206,ns
M7vsM8_anom_24m,tertiles,Relative Mortality,ETmax,Low,38,-0.00071,52.6,0.4653,0.5949,ns
M7vsM8_anom_24m,tertiles,Relative Mortality,GPPsat,Low,38,-0.37067,63.2,0.03493,0.1572,ns
M7vsM8_anom_24m,tertiles,Relative Mortality,NEPmax,Low,38,-0.47722,60.5,0.04768,0.1651,ns
M7vsM8_anom_24m,tertiles,Relative Mortality,WUE,Low,38,0.01838,44.7,0.7383,0.868,ns
M7vsM8_anom_24m,tertiles,Relative Mortality,uWUE,Low,38,0.01447,44.7,0.7916,0.8836,ns
M7vsM8_anom_24m,tertiles,Relative Disturbance,ETmax,High,37,0.00202,27,0.982,0.982,ns
M7vsM8_anom_24m,tertiles,Relative Disturbance,GPPsat,High,37,-0.43529,62.2,0.01609,0.08043,ns
M7vsM8_anom_24m,tertiles,Relative Disturbance,NEPmax,High,37,-0.70049,64.9,0.04555,0.1651,ns
M7vsM8_anom_24m,tertiles,Relative Disturbance,WUE,High,37,-0.0272,51.4,0.1053,0.2114,ns
M7vsM8_anom_24m,tertiles,Relative Disturbance,uWUE,High,37,-0.02433,59.5,0.108,0.2114,ns
M7vsM8_anom_24m,tertiles,Relative Disturbance,ETmax,Mid,37,-0.00065,56.8,0.1748,0.3025,ns
M7vsM8_anom_24m,tertiles,Relative Disturbance,GPPsat,Mid,37,-0.55766,67.6,0.005164,0.08043,ns
M7vsM8_anom_24m,tertiles,Relative Disturbance,NEPmax,Mid,37,-0.6817,67.6,0.003161,0.08043,ns
M7vsM8_anom_24m,tertiles,Relative Disturbance,WUE,Mid,37,-0.03677,56.8,0.393,0.5526,ns
M7vsM8_anom_24m,tertiles,Relative Disturbance,uWUE,Mid,37,0.00584,45.9,0.8051,0.8836,ns
M7vsM8_anom_24m,tertiles,Relative Disturbance,ETmax,Low,38,0.00032,47.4,0.7523,0.868,ns
M7vsM8_anom_24m,tertiles,Relative Disturbance,GPPsat,Low,38,-0.13285,57.9,0.08641,0.2114,ns
M7vsM8_anom_24m,tertiles,Relative Disturbance,NEPmax,Low,38,-0.28659,57.9,0.09591,0.2114,ns
M7vsM8_anom_24m,tertiles,Relative Disturbance,WUE,Low,38,-0.01964,55.3,0.337,0.5206,ns
M7vsM8_anom_24m,tertiles,Relative Disturbance,uWUE,Low,38,-0.00057,52.6,0.4653,0.5949,ns
M7vsM8_anom_24m,equal_width,Absolute Mortality,ETmax,Mid,52,0.001,42.3,0.944,0.9879,ns
M7vsM8_anom_24m,equal_width,Absolute Mortality,GPPsat,Mid,52,-0.28972,57.7,0.04918,0.1581,ns
M7vsM8_anom_24m,equal_width,Absolute Mortality,NEPmax,Mid,52,-0.05807,53.8,0.2545,0.4773,ns
M7vsM8_anom_24m,equal_width,Absolute Mortality,WUE,Mid,52,-0.04293,63.5,0.0233,0.1051,ns
M7vsM8_anom_24m,equal_width,Absolute Mortality,uWUE,Mid,52,-0.02047,57.7,0.1382,0.3274,ns
M7vsM8_anom_24m,equal_width,Absolute Mortality,ETmax,Low,54,-2e-05,50,0.2482,0.4773,ns
M7vsM8_anom_24m,equal_width,Absolute Mortality,GPPsat,Low,54,-0.43641,64.8,0.002709,0.03047,*
M7vsM8_anom_24m,equal_width,Absolute Mortality,NEPmax,Low,54,-0.71236,70.4,0.0004874,0.02193,*
M7vsM8_anom_24m,equal_width,Absolute Mortality,WUE,Low,54,0.01189,48.1,0.6118,0.7542,ns
M7vsM8_anom_24m,equal_width,Absolute Mortality,uWUE,Low,54,0.01374,46.3,0.8006,0.8787,ns
M7vsM8_anom_24m,equal_width,Absolute Mortality,ETmax,High,6,0.0037,0,0.9895,0.9895,ns
M7vsM8_anom_24m,equal_width,Absolute Mortality,GPPsat,High,6,-1.61387,83.3,0.07111,0.2,ns
M7vsM8_anom_24m,equal_width,Absolute Mortality,NEPmax,High,6,-1.58034,83.3,0.04675,0.1581,ns
M7vsM8_anom_24m,equal_width,Absolute Mortality,WUE,High,6,0.0242,33.3,0.6625,0.7845,ns
M7vsM8_anom_24m,equal_width,Absolute Mortality,uWUE,High,6,-0.04834,66.7,0.3375,0.5625,ns
M7vsM8_anom_24m,equal_width,Relative Mortality,ETmax,Mid,34,0.001,35.3,0.9676,0.9895,ns
M7vsM8_anom_24m,equal_width,Relative Mortality,GPPsat,Mid,34,-0.49516,67.6,0.00193,0.02896,*
M7vsM8_anom_24m,equal_width,Relative Mortality,NEPmax,Mid,34,-0.70924,73.5,0.007597,0.06838,ns
M7vsM8_anom_24m,equal_width,Relative Mortality,WUE,Mid,34,0.00277,47.1,0.247,0.4773,ns
M7vsM8_anom_24m,equal_width,Relative Mortality,uWUE,Mid,34,-0.01556,55.9,0.304,0.5401,ns
M7vsM8_anom_24m,equal_width,Relative Mortality,ETmax,High,8,0.00198,37.5,0.5279,0.7311,ns
M7vsM8_anom_24m,equal_width,Relative Mortality,GPPsat,High,8,-0.1278,50,0.312,0.5401,ns
M7vsM8_anom_24m,equal_width,Relative Mortality,NEPmax,High,8,0.27534,37.5,0.5279,0.7311,ns
M7vsM8_anom_24m,equal_width,Relative Mortality,WUE,High,8,-0.18284,75,0.09172,0.2428,ns
M7vsM8_anom_24m,equal_width,Relative Mortality,uWUE,High,8,-0.10701,75,0.1468,0.3303,ns
M7vsM8_anom_24m,equal_width,Relative Mortality,ETmax,Low,70,0.00032,48.6,0.5743,0.7542,ns
M7vsM8_anom_24m,equal_width,Relative Mortality,GPPsat,Low,70,-0.29928,61.4,0.01452,0.08169,ns
M7vsM8_anom_24m,equal_width,Relative Mortality,NEPmax,Low,70,-0.35487,61.4,0.01213,0.07796,ns
M7vsM8_anom_24m,equal_width,Relative Mortality,WUE,Low,70,-0.02834,55.7,0.3871,0.6007,ns
M7vsM8_anom_24m,equal_width,Relative Mortality,uWUE,Low,70,0.0042,48.6,0.6843,0.7872,ns
M7vsM8_anom_24m,equal_width,Relative Disturbance,ETmax,Mid,39,0.00117,35.9,0.9175,0.983,ns
M7vsM8_anom_24m,equal_width,Relative Disturbance,GPPsat,Mid,39,-0.4737,69.2,0.001581,0.02896,*
M7vsM8_anom_24m,equal_width,Relative Disturbance,NEPmax,Mid,39,-0.70049,71.8,0.009351,0.07013,ns
M7vsM8_anom_24m,equal_width,Relative Disturbance,WUE,Mid,39,0.00533,46.2,0.5139,0.7311,ns
M7vsM8_anom_24m,equal_width,Relative Disturbance,uWUE,Mid,39,-0.00448,53.8,0.5361,0.7311,ns
M7vsM8_anom_24m,equal_width,Relative Disturbance,ETmax,High,10,0.00188,40,0.6201,0.7542,ns
M7vsM8_anom_24m,equal_width,Relative Disturbance,GPPsat,High,10,-0.42677,60,0.1311,0.3274,ns
M7vsM8_anom_24m,equal_width,Relative Disturbance,NEPmax,High,10,-0.25321,50,0.1795,0.3846,ns
M7vsM8_anom_24m,equal_width,Relative Disturbance,WUE,High,10,-0.20206,80,0.04157,0.1559,ns
M7vsM8_anom_24m,equal_width,Relative Disturbance,uWUE,High,10,-0.21058,80,0.06314,0.1894,ns
M7vsM8_anom_24m,equal_width,Relative Disturbance,ETmax,Low,63,0.00025,49.2,0.5934,0.7542,ns
M7vsM8_anom_24m,equal_width,Relative Disturbance,GPPsat,Low,63,-0.20809,58.7,0.03509,0.1435,ns
M7vsM8_anom_24m,equal_width,Relative Disturbance,NEPmax,Low,63,-0.3447,60.3,0.02336,0.1051,ns
M7vsM8_anom_24m,equal_width,Relative Disturbance,WUE,Low,63,-0.02891,55.6,0.3596,0.578,ns
M7vsM8_anom_24m,equal_width,Relative Disturbance,uWUE,Low,63,0.00471,47.6,0.6998,0.7872,ns
M7vsM8_anom_24m,natural_breaks,Absolute Mortality,ETmax,High,29,0.00275,27.6,0.995,0.995,ns
M7vsM8_anom_24m,natural_breaks,Absolute Mortality,GPPsat,High,29,-0.4737,69,0.01159,0.07135,ns
M7vsM8_anom_24m,natural_breaks,Absolute Mortality,NEPmax,High,29,-0.5438,58.6,0.08656,0.1948,ns
M7vsM8_anom_24m,natural_breaks,Absolute Mortality,WUE,High,29,0.00447,48.3,0.2311,0.4,ns
M7vsM8_anom_24m,natural_breaks,Absolute Mortality,uWUE,High,29,0.02643,44.8,0.5516,0.7179,ns
M7vsM8_anom_24m,natural_breaks,Absolute Mortality,ETmax,Mid,46,0.00039,45.7,0.7113,0.8423,ns
M7vsM8_anom_24m,natural_breaks,Absolute Mortality,GPPsat,Mid,46,-0.42145,63,0.00914,0.07135,ns
M7vsM8_anom_24m,natural_breaks,Absolute Mortality,NEPmax,Mid,46,-0.6384,67.4,0.02052,0.08396,ns
M7vsM8_anom_24m,natural_breaks,Absolute Mortality,WUE,Mid,46,-0.03382,60.9,0.08602,0.1948,ns
M7vsM8_anom_24m,natural_breaks,Absolute Mortality,uWUE,Mid,46,-0.0163,60.9,0.1446,0.2603,ns
M7vsM8_anom_24m,natural_breaks,Absolute Mortality,ETmax,Low,37,-8e-04,54.1,0.1387,0.26,ns
M7vsM8_anom_24m,natural_breaks,Absolute Mortality,GPPsat,Low,37,-0.05761,56.8,0.09467,0.2029,ns
M7vsM8_anom_24m,natural_breaks,Absolute Mortality,NEPmax,Low,37,-0.6817,62.2,0.01229,0.07135,ns
M7vsM8_anom_24m,natural_breaks,Absolute Mortality,WUE,Low,37,-0.01151,51.4,0.512,0.7179,ns
M7vsM8_anom_24m,natural_breaks,Absolute Mortality,uWUE,Low,37,0.00369,48.6,0.6746,0.8204,ns
M7vsM8_anom_24m,natural_breaks,Relative Mortality,ETmax,Mid,45,0.00095,44.4,0.5583,0.7179,ns
M7vsM8_anom_24m,natural_breaks,Relative Mortality,GPPsat,Mid,45,-0.40761,64.4,0.01427,0.07135,ns
M7vsM8_anom_24m,natural_breaks,Relative Mortality,NEPmax,Mid,45,-0.5438,62.2,0.04415,0.1182,ns
M7vsM8_anom_24m,natural_breaks,Relative Mortality,WUE,Mid,45,-0.03402,57.8,0.3632,0.5941,ns
M7vsM8_anom_24m,natural_breaks,Relative Mortality,uWUE,Mid,45,-0.00408,51.1,0.7684,0.845,ns
M7vsM8_anom_24m,natural_breaks,Relative Mortality,ETmax,High,26,0.00209,26.9,0.9825,0.995,ns
M7vsM8_anom_24m,natural_breaks,Relative Mortality,GPPsat,High,26,-0.45875,61.5,0.007915,0.07135,ns
M7vsM8_anom_24m,natural_breaks,Relative Mortality,NEPmax,High,26,-0.71048,73.1,0.006405,0.07135,ns
M7vsM8_anom_24m,natural_breaks,Relative Mortality,WUE,High,26,-0.06684,57.7,0.0284,0.09831,ns
M7vsM8_anom_24m,natural_breaks,Relative Mortality,uWUE,High,26,-0.06385,69.2,0.01751,0.07881,ns
M7vsM8_anom_24m,natural_breaks,Relative Mortality,ETmax,Low,41,-0.00062,53.7,0.3828,0.5941,ns
M7vsM8_anom_24m,natural_breaks,Relative Mortality,GPPsat,Low,41,-0.30381,61,0.04603,0.1182,ns
M7vsM8_anom_24m,natural_breaks,Relative Mortality,NEPmax,Low,41,-0.3318,58.5,0.0473,0.1182,ns
M7vsM8_anom_24m,natural_breaks,Relative Mortality,WUE,Low,41,0.01084,48.8,0.5972,0.7465,ns
M7vsM8_anom_24m,natural_breaks,Relative Mortality,uWUE,Low,41,0.01952,43.9,0.7699,0.845,ns
M7vsM8_anom_24m,natural_breaks,Relative Disturbance,ETmax,Mid,49,0.00095,46.9,0.5278,0.7179,ns
M7vsM8_anom_24m,natural_breaks,Relative Disturbance,GPPsat,Mid,49,-0.55766,67.3,0.005287,0.07135,ns
M7vsM8_anom_24m,natural_breaks,Relative Disturbance,NEPmax,Mid,49,-0.6817,65.3,0.02502,0.09383,ns
M7vsM8_anom_24m,natural_breaks,Relative Disturbance,WUE,Mid,49,-0.03086,55.1,0.5,0.7179,ns
M7vsM8_anom_24m,natural_breaks,Relative Disturbance,uWUE,Mid,49,0.00584,46.9,0.8093,0.8671,ns
M7vsM8_anom_24m,natural_breaks,Relative Disturbance,ETmax,High,24,0.00108,29.2,0.9032,0.9452,ns
M7vsM8_anom_24m,natural_breaks,Relative Disturbance,GPPsat,High,24,-0.41067,62.5,0.0134,0.07135,ns
M7vsM8_anom_24m,natural_breaks,Relative Disturbance,NEPmax,High,24,-0.71048,70.8,0.005277,0.07135,ns
M7vsM8_anom_24m,natural_breaks,Relative Disturbance,WUE,High,24,-0.10386,54.2,0.03482,0.1119,ns
M7vsM8_anom_24m,natural_breaks,Relative Disturbance,uWUE,High,24,-0.03067,66.7,0.04457,0.1182,ns
M7vsM8_anom_24m,natural_breaks,Relative Disturbance,ETmax,Low,39,0.00025,48.7,0.7327,0.845,ns
M7vsM8_anom_24m,natural_breaks,Relative Disturbance,GPPsat,Low,39,-0.05761,56.4,0.1033,0.2071,ns
M7vsM8_anom_24m,natural_breaks,Relative Disturbance,NEPmax,Low,39,-0.24138,56.4,0.1058,0.2071,ns
M7vsM8_anom_24m,natural_breaks,Relative Disturbance,WUE,Low,39,-0.01151,53.8,0.3821,0.5941,ns
M7vsM8_anom_24m,natural_breaks,Relative Disturbance,uWUE,Low,39,-0.00016,51.3,0.5139,0.7179,ns
