unit,method,metric,response,category,n,median_dRMSE,pct_sites_improved,p_onesided_wilcoxon,q_BH,sig
M1vsM2_12m,tertiles,Absolute Mortality,ETmax,High,31,-0.00211,54.8,0.07769,0.1457,ns
M1vsM2_12m,tertiles,Absolute Mortality,GPPsat,High,31,-0.05583,51.6,0.2685,0.3345,ns
M1vsM2_12m,tertiles,Absolute Mortality,NEPmax,High,31,-0.68372,64.5,0.01518,0.09006,ns
M1vsM2_12m,tertiles,Absolute Mortality,WUE,High,31,-0.02283,51.6,0.176,0.2475,ns
M1vsM2_12m,tertiles,Absolute Mortality,uWUE,High,31,-0.01219,51.6,0.197,0.2686,ns
M1vsM2_12m,tertiles,Absolute Mortality,ETmax,Mid,31,-2e-05,54.8,0.3881,0.426,ns
M1vsM2_12m,tertiles,Absolute Mortality,GPPsat,Mid,31,-0.92944,64.5,0.01011,0.09006,ns
M1vsM2_12m,tertiles,Absolute Mortality,NEPmax,Mid,31,-0.8263,64.5,0.03202,0.09006,ns
M1vsM2_12m,tertiles,Absolute Mortality,WUE,Mid,31,-0.02454,54.8,0.1518,0.2347,ns
M1vsM2_12m,tertiles,Absolute Mortality,uWUE,Mid,31,-0.01143,54.8,0.2253,0.2897,ns
M1vsM2_12m,tertiles,Absolute Mortality,ETmax,Low,31,0.00093,48.4,0.4961,0.5192,ns
M1vsM2_12m,tertiles,Absolute Mortality,GPPsat,Low,31,-0.84442,64.5,0.02679,0.09006,ns
M1vsM2_12m,tertiles,Absolute Mortality,NEPmax,Low,31,-1.02756,64.5,0.009596,0.09006,ns
M1vsM2_12m,tertiles,Absolute Mortality,WUE,Low,31,-0.03145,61.3,0.03202,0.09006,ns
M1vsM2_12m,tertiles,Absolute Mortality,uWUE,Low,31,-0.01824,61.3,0.07215,0.1412,ns
M1vsM2_12m,tertiles,Relative Mortality,ETmax,High,31,0.00166,48.4,0.275,0.3345,ns
M1vsM2_12m,tertiles,Relative Mortality,GPPsat,High,31,-0.29122,61.3,0.05512,0.124,ns
M1vsM2_12m,tertiles,Relative Mortality,NEPmax,High,31,-0.45003,64.5,0.01518,0.09006,ns
M1vsM2_12m,tertiles,Relative Mortality,WUE,High,31,0.01334,48.4,0.3296,0.3708,ns
M1vsM2_12m,tertiles,Relative Mortality,uWUE,High,31,-0.01219,58.1,0.1428,0.2294,ns
M1vsM2_12m,tertiles,Relative Mortality,ETmax,Mid,31,-0.00101,58.1,0.176,0.2475,ns
M1vsM2_12m,tertiles,Relative Mortality,GPPsat,Mid,31,-0.52333,58.1,0.06198,0.1328,ns
M1vsM2_12m,tertiles,Relative Mortality,NEPmax,Mid,31,-0.78892,64.5,0.02802,0.09006,ns
M1vsM2_12m,tertiles,Relative Mortality,WUE,Mid,31,-0.06651,64.5,0.01935,0.09006,ns
M1vsM2_12m,tertiles,Relative Mortality,uWUE,Mid,31,0.00524,45.2,0.2253,0.2897,ns
M1vsM2_12m,tertiles,Relative Mortality,ETmax,Low,31,-7e-04,51.6,0.4649,0.4981,ns
M1vsM2_12m,tertiles,Relative Mortality,GPPsat,Low,31,-0.84442,61.3,0.02445,0.09006,ns
M1vsM2_12m,tertiles,Relative Mortality,NEPmax,Low,31,-0.99493,64.5,0.007757,0.09006,ns
M1vsM2_12m,tertiles,Relative Mortality,WUE,Low,31,-0.02087,54.8,0.1428,0.2294,ns
M1vsM2_12m,tertiles,Relative Mortality,uWUE,Low,31,-0.05207,64.5,0.0695,0.1412,ns
M1vsM2_12m,tertiles,Relative Disturbance,ETmax,High,31,0.00176,45.2,0.3226,0.3708,ns
M1vsM2_12m,tertiles,Relative Disturbance,GPPsat,High,31,-0.29122,58.1,0.08974,0.1553,ns
M1vsM2_12m,tertiles,Relative Disturbance,NEPmax,High,31,-0.44381,64.5,0.0256,0.09006,ns
M1vsM2_12m,tertiles,Relative Disturbance,WUE,High,31,0.0441,41.9,0.5195,0.5313,ns
M1vsM2_12m,tertiles,Relative Disturbance,uWUE,High,31,-0.00331,51.6,0.295,0.3493,ns
M1vsM2_12m,tertiles,Relative Disturbance,ETmax,Mid,31,-0.00243,67.7,0.04887,0.1222,ns
M1vsM2_12m,tertiles,Relative Disturbance,GPPsat,Mid,31,-0.38002,61.3,0.02029,0.09006,ns
M1vsM2_12m,tertiles,Relative Disturbance,NEPmax,Mid,31,-0.8263,64.5,0.005578,0.09006,ns
M1vsM2_12m,tertiles,Relative Disturbance,WUE,Mid,31,-0.06651,67.7,0.007757,0.09006,ns
M1vsM2_12m,tertiles,Relative Disturbance,uWUE,Mid,31,0.00284,48.4,0.1564,0.2347,ns
M1vsM2_12m,tertiles,Relative Disturbance,ETmax,Low,31,0.00093,45.2,0.6561,0.6561,ns
M1vsM2_12m,tertiles,Relative Disturbance,GPPsat,Low,31,-0.84442,61.3,0.05297,0.124,ns
M1vsM2_12m,tertiles,Relative Disturbance,NEPmax,Low,31,-1.02756,64.5,0.0256,0.09006,ns
M1vsM2_12m,tertiles,Relative Disturbance,WUE,Low,31,-0.02162,58.1,0.08974,0.1553,ns
M1vsM2_12m,tertiles,Relative Disturbance,uWUE,Low,31,-0.06297,67.7,0.04503,0.1192,ns
M1vsM2_12m,equal_width,Absolute Mortality,ETmax,Mid,35,-2e-05,51.4,0.2916,0.4085,ns
M1vsM2_12m,equal_width,Absolute Mortality,GPPsat,Mid,35,-0.05583,51.4,0.286,0.4085,ns
M1vsM2_12m,equal_width,Absolute Mortality,NEPmax,Mid,35,-0.44381,57.1,0.05514,0.1135,ns
M1vsM2_12m,equal_width,Absolute Mortality,WUE,Mid,35,-0.03919,54.3,0.1569,0.289,ns
M1vsM2_12m,equal_width,Absolute Mortality,uWUE,Mid,35,0.00524,48.6,0.286,0.4085,ns
M1vsM2_12m,equal_width,Absolute Mortality,ETmax,Low,53,-0.00022,52.8,0.3226,0.4085,ns
M1vsM2_12m,equal_width,Absolute Mortality,GPPsat,Low,53,-1.0053,69.8,0.0005974,0.01045,*
M1vsM2_12m,equal_width,Absolute Mortality,NEPmax,Low,53,-1.07766,71.7,0.0002687,0.009403,**
M1vsM2_12m,equal_width,Absolute Mortality,WUE,Low,53,-0.03145,60.4,0.01145,0.04962,*
M1vsM2_12m,equal_width,Absolute Mortality,uWUE,Low,53,-0.04044,62.3,0.02,0.05832,ns
M1vsM2_12m,equal_width,Absolute Mortality,ETmax,High,5,-0.00502,60,,,""
M1vsM2_12m,equal_width,Absolute Mortality,GPPsat,High,5,0.68628,20,,,""
M1vsM2_12m,equal_width,Absolute Mortality,NEPmax,High,5,0.31641,40,,,""
M1vsM2_12m,equal_width,Absolute Mortality,WUE,High,5,0.0441,20,,,""
M1vsM2_12m,equal_width,Absolute Mortality,uWUE,High,5,0.02262,40,,,""
M1vsM2_12m,equal_width,Relative Mortality,ETmax,Mid,33,0.00166,45.5,0.4644,0.4644,ns
M1vsM2_12m,equal_width,Relative Mortality,GPPsat,Mid,33,-0.29122,60.6,0.07391,0.1437,ns
M1vsM2_12m,equal_width,Relative Mortality,NEPmax,Mid,33,-0.68372,66.7,0.01276,0.04962,*
M1vsM2_12m,equal_width,Relative Mortality,WUE,Mid,33,-0.01347,51.5,0.4221,0.4444,ns
M1vsM2_12m,equal_width,Relative Mortality,uWUE,Mid,33,-0.01143,54.5,0.3406,0.4085,ns
M1vsM2_12m,equal_width,Relative Mortality,ETmax,Low,53,-7e-04,54.7,0.329,0.4085,ns
M1vsM2_12m,equal_width,Relative Mortality,GPPsat,Low,53,-0.84442,62.3,0.004995,0.03067,*
M1vsM2_12m,equal_width,Relative Mortality,NEPmax,Low,53,-0.99493,64.2,0.003031,0.03067,*
M1vsM2_12m,equal_width,Relative Mortality,WUE,Low,53,-0.05161,60.4,0.005257,0.03067,*
M1vsM2_12m,equal_width,Relative Mortality,uWUE,Low,53,-0.05207,58.5,0.02967,0.07989,ns
M1vsM2_12m,equal_width,Relative Mortality,ETmax,High,7,-0.0071,71.4,0.03796,0.08562,ns
M1vsM2_12m,equal_width,Relative Mortality,GPPsat,High,7,0.18455,42.9,0.3363,0.4085,ns
M1vsM2_12m,equal_width,Relative Mortality,NEPmax,High,7,-0.44381,57.1,0.1763,0.3085,ns
M1vsM2_12m,equal_width,Relative Mortality,WUE,High,7,0.03152,42.9,0.3999,0.4374,ns
M1vsM2_12m,equal_width,Relative Mortality,uWUE,High,7,0.02262,42.9,0.3999,0.4374,ns
M1vsM2_12m,equal_width,Relative Disturbance,ETmax,Mid,35,0.00166,45.7,0.3502,0.4085,ns
M1vsM2_12m,equal_width,Relative Disturbance,GPPsat,Mid,35,-0.29122,60,0.03914,0.08562,ns
M1vsM2_12m,equal_width,Relative Disturbance,NEPmax,Mid,35,-0.45003,62.9,0.01696,0.05395,ns
M1vsM2_12m,equal_width,Relative Disturbance,WUE,Mid,35,0.01334,48.6,0.3502,0.4085,ns
M1vsM2_12m,equal_width,Relative Disturbance,uWUE,Mid,35,-0.00331,51.4,0.4317,0.4444,ns
M1vsM2_12m,equal_width,Relative Disturbance,ETmax,Low,53,-0.00075,56.6,0.3069,0.4085,ns
M1vsM2_12m,equal_width,Relative Disturbance,GPPsat,Low,53,-0.66869,60.4,0.01119,0.04962,*
M1vsM2_12m,equal_width,Relative Disturbance,NEPmax,Low,53,-0.8263,64.2,0.003853,0.03067,*
M1vsM2_12m,equal_width,Relative Disturbance,WUE,Low,53,-0.04235,60.4,0.01471,0.05149,ns
M1vsM2_12m,equal_width,Relative Disturbance,uWUE,Low,53,-0.04044,58.5,0.0341,0.08525,ns
M1vsM2_12m,equal_width,Relative Disturbance,ETmax,High,5,-0.00718,60,,,""
M1vsM2_12m,equal_width,Relative Disturbance,GPPsat,High,5,-1.67395,60,,,""
M1vsM2_12m,equal_width,Relative Disturbance,NEPmax,High,5,-3.6691,80,,,""
M1vsM2_12m,equal_width,Relative Disturbance,WUE,High,5,-0.15981,60,,,""
M1vsM2_12m,equal_width,Relative Disturbance,uWUE,High,5,-0.13744,60,,,""
M1vsM2_12m,natural_breaks,Absolute Mortality,ETmax,High,20,-0.00227,55,0.09253,0.1602,ns
M1vsM2_12m,natural_breaks,Absolute Mortality,GPPsat,High,20,-0.01899,50,0.2814,0.3332,ns
M1vsM2_12m,natural_breaks,Absolute Mortality,NEPmax,High,20,-0.35868,55,0.09253,0.1602,ns
M1vsM2_12m,natural_breaks,Absolute Mortality,WUE,High,20,0.04627,40,0.5223,0.5733,ns
M1vsM2_12m,natural_breaks,Absolute Mortality,uWUE,High,20,0.00522,50,0.3614,0.417,ns
M1vsM2_12m,natural_breaks,Absolute Mortality,ETmax,Mid,43,-0.00012,55.8,0.2791,0.3332,ns
M1vsM2_12m,natural_breaks,Absolute Mortality,GPPsat,Mid,43,-0.67476,62.8,0.01005,0.08462,ns
M1vsM2_12m,natural_breaks,Absolute Mortality,NEPmax,Mid,43,-0.8263,69.8,0.005145,0.08462,ns
M1vsM2_12m,natural_breaks,Absolute Mortality,WUE,Mid,43,-0.04235,60.5,0.05894,0.1369,ns
M1vsM2_12m,natural_breaks,Absolute Mortality,uWUE,Mid,43,-0.01824,55.8,0.1454,0.2256,ns
M1vsM2_12m,natural_breaks,Absolute Mortality,ETmax,Low,30,0.0012,46.7,0.4918,0.5533,ns
M1vsM2_12m,natural_breaks,Absolute Mortality,GPPsat,Low,30,-0.75656,63.3,0.03677,0.1182,ns
M1vsM2_12m,natural_breaks,Absolute Mortality,NEPmax,Low,30,-1.01125,63.3,0.01316,0.08462,ns
M1vsM2_12m,natural_breaks,Absolute Mortality,WUE,Low,30,-0.04153,60,0.03207,0.1182,ns
M1vsM2_12m,natural_breaks,Absolute Mortality,uWUE,Low,30,-0.03754,60,0.08096,0.1584,ns
M1vsM2_12m,natural_breaks,Relative Mortality,ETmax,High,26,0.00171,46.2,0.2796,0.3332,ns
M1vsM2_12m,natural_breaks,Relative Mortality,GPPsat,High,26,-0.24993,57.7,0.1431,0.2256,ns
M1vsM2_12m,natural_breaks,Relative Mortality,NEPmax,High,26,-0.43489,61.5,0.04938,0.1369,ns
M1vsM2_12m,natural_breaks,Relative Mortality,WUE,High,26,0.03781,42.3,0.6197,0.6338,ns
M1vsM2_12m,natural_breaks,Relative Mortality,uWUE,High,26,-0.00737,53.8,0.2464,0.3262,ns
M1vsM2_12m,natural_breaks,Relative Mortality,ETmax,Mid,32,-0.00193,62.5,0.1068,0.1781,ns
M1vsM2_12m,natural_breaks,Relative Mortality,GPPsat,Mid,32,-0.343,59.4,0.03414,0.1182,ns
M1vsM2_12m,natural_breaks,Relative Mortality,NEPmax,Mid,32,-0.80761,65.6,0.01155,0.08462,ns
M1vsM2_12m,natural_breaks,Relative Mortality,WUE,Mid,32,-0.09063,65.6,0.02535,0.1141,ns
M1vsM2_12m,natural_breaks,Relative Mortality,uWUE,Mid,32,0.00404,46.9,0.2189,0.2985,ns
M1vsM2_12m,natural_breaks,Relative Mortality,ETmax,Low,35,1e-04,48.6,0.5424,0.5811,ns
M1vsM2_12m,natural_breaks,Relative Mortality,GPPsat,Low,35,-0.84442,62.9,0.02421,0.1141,ns
M1vsM2_12m,natural_breaks,Relative Mortality,NEPmax,Low,35,-1.02756,65.7,0.007848,0.08462,ns
M1vsM2_12m,natural_breaks,Relative Mortality,WUE,Low,35,-0.02162,57.1,0.06083,0.1369,ns
M1vsM2_12m,natural_breaks,Relative Mortality,uWUE,Low,35,-0.06297,65.7,0.04987,0.1369,ns
M1vsM2_12m,natural_breaks,Relative Disturbance,ETmax,Mid,35,-0.00211,62.9,0.09095,0.1602,ns
M1vsM2_12m,natural_breaks,Relative Disturbance,GPPsat,Mid,35,-0.66869,65.7,0.007169,0.08462,ns
M1vsM2_12m,natural_breaks,Relative Disturbance,NEPmax,Mid,35,-0.83652,71.4,0.001921,0.08462,ns
M1vsM2_12m,natural_breaks,Relative Disturbance,WUE,Mid,35,-0.05578,65.7,0.02329,0.1141,ns
M1vsM2_12m,natural_breaks,Relative Disturbance,uWUE,Mid,35,0.00284,48.6,0.2087,0.2936,ns
M1vsM2_12m,natural_breaks,Relative Disturbance,ETmax,Low,35,0.00093,45.7,0.714,0.714,ns
M1vsM2_12m,natural_breaks,Relative Disturbance,GPPsat,Low,35,-0.64263,57.1,0.05888,0.1369,ns
M1vsM2_12m,natural_breaks,Relative Disturbance,NEPmax,Low,35,-0.80294,60,0.03645,0.1182,ns
M1vsM2_12m,natural_breaks,Relative Disturbance,WUE,Low,35,-0.02162,57.1,0.07359,0.1519,ns
M1vsM2_12m,natural_breaks,Relative Disturbance,uWUE,Low,35,-0.06297,65.7,0.05888,0.1369,ns
M1vsM2_12m,natural_breaks,Relative Disturbance,ETmax,High,23,0.00166,47.8,0.193,0.2802,ns
M1vsM2_12m,natural_breaks,Relative Disturbance,GPPsat,High,23,-0.20864,56.5,0.1615,0.2422,ns
M1vsM2_12m,natural_breaks,Relative Disturbance,NEPmax,High,23,-0.42597,60.9,0.07427,0.1519,ns
M1vsM2_12m,natural_breaks,Relative Disturbance,WUE,High,23,0.0441,39.1,0.602,0.63,ns
M1vsM2_12m,natural_breaks,Relative Disturbance,uWUE,High,23,-0.00331,52.2,0.2566,0.3299,ns
M1vsM2_24m,tertiles,Absolute Mortality,ETmax,High,31,9e-04,35.5,0.6704,0.7358,ns
M1vsM2_24m,tertiles,Absolute Mortality,GPPsat,High,31,-0.13961,51.6,0.09965,0.1868,ns
M1vsM2_24m,tertiles,Absolute Mortality,NEPmax,High,31,-0.73387,71,0.01518,0.09886,ns
M1vsM2_24m,tertiles,Absolute Mortality,WUE,High,31,-0.01021,51.6,0.1428,0.207,ns
M1vsM2_24m,tertiles,Absolute Mortality,uWUE,High,31,-0.0543,64.5,0.06198,0.155,ns
M1vsM2_24m,tertiles,Absolute Mortality,ETmax,Mid,31,5e-04,45.2,0.7806,0.7806,ns
M1vsM2_24m,tertiles,Absolute Mortality,GPPsat,Mid,31,-1.05221,67.7,0.009103,0.09586,ns
M1vsM2_24m,tertiles,Absolute Mortality,NEPmax,Mid,31,-0.08856,51.6,0.1141,0.2012,ns
M1vsM2_24m,tertiles,Absolute Mortality,WUE,Mid,31,-0.04397,58.1,0.1299,0.2012,ns
M1vsM2_24m,tertiles,Absolute Mortality,uWUE,Mid,31,-0.02621,54.8,0.2372,0.3041,ns
M1vsM2_24m,tertiles,Absolute Mortality,ETmax,Low,31,0.00071,48.4,0.2816,0.3425,ns
M1vsM2_24m,tertiles,Absolute Mortality,GPPsat,Low,31,-0.69077,67.7,0.02229,0.1096,ns
M1vsM2_24m,tertiles,Absolute Mortality,NEPmax,Low,31,-0.94349,58.1,0.05089,0.1527,ns
M1vsM2_24m,tertiles,Absolute Mortality,WUE,Low,31,-0.07434,61.3,0.03494,0.1209,ns
M1vsM2_24m,tertiles,Absolute Mortality,uWUE,Low,31,-0.02011,64.5,0.08058,0.1813,ns
M1vsM2_24m,tertiles,Relative Mortality,ETmax,High,31,0.00094,38.7,0.6914,0.7407,ns
M1vsM2_24m,tertiles,Relative Mortality,GPPsat,High,31,-0.36082,61.3,0.02445,0.1096,ns
M1vsM2_24m,tertiles,Relative Mortality,NEPmax,High,31,-0.53066,67.7,0.006959,0.09586,ns
M1vsM2_24m,tertiles,Relative Mortality,WUE,High,31,-0.04397,54.8,0.2372,0.3041,ns
M1vsM2_24m,tertiles,Relative Mortality,uWUE,High,31,-0.0543,67.7,0.05963,0.155,ns
M1vsM2_24m,tertiles,Relative Mortality,ETmax,Mid,31,0.00032,45.2,0.4727,0.5454,ns
M1vsM2_24m,tertiles,Relative Mortality,GPPsat,Mid,31,-1.12338,61.3,0.01757,0.09886,ns
M1vsM2_24m,tertiles,Relative Mortality,NEPmax,Mid,31,-0.08856,54.8,0.2137,0.2914,ns
M1vsM2_24m,tertiles,Relative Mortality,WUE,Mid,31,-0.07434,61.3,0.01594,0.09886,ns
M1vsM2_24m,tertiles,Relative Mortality,uWUE,Mid,31,-0.01039,54.8,0.1341,0.2012,ns
M1vsM2_24m,tertiles,Relative Mortality,ETmax,Low,31,0.00071,45.2,0.5429,0.6108,ns
M1vsM2_24m,tertiles,Relative Mortality,GPPsat,Low,31,-0.69077,64.5,0.03972,0.1277,ns
M1vsM2_24m,tertiles,Relative Mortality,NEPmax,Low,31,-0.99498,58.1,0.02679,0.1096,ns
M1vsM2_24m,tertiles,Relative Mortality,WUE,Low,31,-0.05611,54.8,0.1472,0.207,ns
M1vsM2_24m,tertiles,Relative Mortality,uWUE,Low,31,-0.02011,61.3,0.1218,0.2012,ns
M1vsM2_24m,tertiles,Relative Disturbance,ETmax,High,31,0.00116,35.5,0.7442,0.7612,ns
M1vsM2_24m,tertiles,Relative Disturbance,GPPsat,High,31,-0.36082,61.3,0.03202,0.1201,ns
M1vsM2_24m,tertiles,Relative Disturbance,NEPmax,High,31,-0.53066,64.5,0.01065,0.09586,ns
M1vsM2_24m,tertiles,Relative Disturbance,WUE,High,31,-0.01021,51.6,0.3881,0.4596,ns
M1vsM2_24m,tertiles,Relative Disturbance,uWUE,High,31,-0.03128,64.5,0.09296,0.1868,ns
M1vsM2_24m,tertiles,Relative Disturbance,ETmax,Mid,31,-0.00073,54.8,0.2433,0.3041,ns
M1vsM2_24m,tertiles,Relative Disturbance,GPPsat,Mid,31,-0.8624,61.3,0.006959,0.09586,ns
M1vsM2_24m,tertiles,Relative Disturbance,NEPmax,Mid,31,-0.23152,58.1,0.1218,0.2012,ns
M1vsM2_24m,tertiles,Relative Disturbance,WUE,Mid,31,-0.08045,61.3,0.008633,0.09586,ns
M1vsM2_24m,tertiles,Relative Disturbance,uWUE,Mid,31,-0.02011,58.1,0.1341,0.2012,ns
M1vsM2_24m,tertiles,Relative Disturbance,ETmax,Low,31,0.00076,38.7,0.7442,0.7612,ns
M1vsM2_24m,tertiles,Relative Disturbance,GPPsat,Low,31,-0.69077,64.5,0.06198,0.155,ns
M1vsM2_24m,tertiles,Relative Disturbance,NEPmax,Low,31,-0.99498,58.1,0.06692,0.1585,ns
M1vsM2_24m,tertiles,Relative Disturbance,WUE,Low,31,-0.05611,58.1,0.09626,0.1868,ns
M1vsM2_24m,tertiles,Relative Disturbance,uWUE,Low,31,-0.03817,61.3,0.09296,0.1868,ns
M1vsM2_24m,equal_width,Absolute Mortality,ETmax,Mid,35,9e-04,37.1,0.7464,0.7684,ns
M1vsM2_24m,equal_width,Absolute Mortality,GPPsat,Mid,35,-0.33946,54.3,0.1208,0.2013,ns
M1vsM2_24m,equal_width,Absolute Mortality,NEPmax,Mid,35,-0.15293,60,0.08069,0.1486,ns
M1vsM2_24m,equal_width,Absolute Mortality,WUE,Mid,35,-0.01021,51.4,0.1051,0.1839,ns
M1vsM2_24m,equal_width,Absolute Mortality,uWUE,Mid,35,-0.04292,60,0.05888,0.1212,ns
M1vsM2_24m,equal_width,Absolute Mortality,ETmax,Low,53,0.00023,49.1,0.3851,0.4493,ns
M1vsM2_24m,equal_width,Absolute Mortality,GPPsat,Low,53,-1.16811,71.7,0.0004799,0.01679,*
M1vsM2_24m,equal_width,Absolute Mortality,NEPmax,Low,53,-0.94349,60.4,0.007276,0.05219,ns
M1vsM2_24m,equal_width,Absolute Mortality,WUE,Low,53,-0.05985,62.3,0.01573,0.07428,ns
M1vsM2_24m,equal_width,Absolute Mortality,uWUE,Low,53,-0.02621,62.3,0.04295,0.111,ns
M1vsM2_24m,equal_width,Absolute Mortality,ETmax,High,5,0.00311,20,,,""
M1vsM2_24m,equal_width,Absolute Mortality,GPPsat,High,5,0.55209,20,,,""
M1vsM2_24m,equal_width,Absolute Mortality,NEPmax,High,5,-0.05706,60,,,""
M1vsM2_24m,equal_width,Absolute Mortality,WUE,High,5,0.00336,40,,,""
M1vsM2_24m,equal_width,Absolute Mortality,uWUE,High,5,-0.0543,60,,,""
M1vsM2_24m,equal_width,Relative Mortality,ETmax,Mid,33,0.00094,36.4,0.8142,0.8142,ns
M1vsM2_24m,equal_width,Relative Mortality,GPPsat,Mid,33,-0.44066,63.6,0.0191,0.07428,ns
M1vsM2_24m,equal_width,Relative Mortality,NEPmax,Mid,33,-0.19186,63.6,0.0191,0.07428,ns
M1vsM2_24m,equal_width,Relative Mortality,WUE,Mid,33,-0.01021,51.5,0.3671,0.4493,ns
M1vsM2_24m,equal_width,Relative Mortality,uWUE,Mid,33,-0.03128,63.6,0.1629,0.2478,ns
M1vsM2_24m,equal_width,Relative Mortality,ETmax,Low,53,5e-04,47.2,0.4542,0.5128,ns
M1vsM2_24m,equal_width,Relative Mortality,GPPsat,Low,53,-0.69077,64.2,0.006272,0.05219,ns
M1vsM2_24m,equal_width,Relative Mortality,NEPmax,Low,53,-0.35951,56.6,0.04628,0.111,ns
M1vsM2_24m,equal_width,Relative Mortality,WUE,Low,53,-0.07175,60.4,0.004745,0.05219,ns
M1vsM2_24m,equal_width,Relative Mortality,uWUE,Low,53,-0.02011,60.4,0.03981,0.111,ns
M1vsM2_24m,equal_width,Relative Mortality,ETmax,High,7,0.00247,42.9,0.2771,0.373,ns
M1vsM2_24m,equal_width,Relative Mortality,GPPsat,High,7,0.55209,42.9,0.2771,0.373,ns
M1vsM2_24m,equal_width,Relative Mortality,NEPmax,High,7,-1.5615,71.4,0.07539,0.1466,ns
M1vsM2_24m,equal_width,Relative Mortality,WUE,High,7,-0.05745,57.1,0.3363,0.4359,ns
M1vsM2_24m,equal_width,Relative Mortality,uWUE,High,7,-0.0543,57.1,0.2771,0.373,ns
M1vsM2_24m,equal_width,Relative Disturbance,ETmax,Mid,35,0.00058,40,0.5875,0.6231,ns
M1vsM2_24m,equal_width,Relative Disturbance,GPPsat,Mid,35,-0.36082,60,0.02155,0.07541,ns
M1vsM2_24m,equal_width,Relative Disturbance,NEPmax,Mid,35,-0.11342,57.1,0.04821,0.111,ns
M1vsM2_24m,equal_width,Relative Disturbance,WUE,Mid,35,-0.01021,51.4,0.3747,0.4493,ns
M1vsM2_24m,equal_width,Relative Disturbance,uWUE,Mid,35,-0.03128,62.9,0.1492,0.2373,ns
M1vsM2_24m,equal_width,Relative Disturbance,ETmax,Low,53,0.00071,45.3,0.5807,0.6231,ns
M1vsM2_24m,equal_width,Relative Disturbance,GPPsat,Low,53,-0.69077,64.2,0.007456,0.05219,ns
M1vsM2_24m,equal_width,Relative Disturbance,NEPmax,Low,53,-0.35951,58.5,0.04295,0.111,ns
M1vsM2_24m,equal_width,Relative Disturbance,WUE,Low,53,-0.06423,58.5,0.01145,0.06678,ns
M1vsM2_24m,equal_width,Relative Disturbance,uWUE,Low,53,-0.02011,60.4,0.05074,0.111,ns
M1vsM2_24m,equal_width,Relative Disturbance,ETmax,High,5,0.00247,40,,,""
M1vsM2_24m,equal_width,Relative Disturbance,GPPsat,High,5,-2.29102,60,,,""
M1vsM2_24m,equal_width,Relative Disturbance,NEPmax,High,5,-3.70409,100,,,""
M1vsM2_24m,equal_width,Relative Disturbance,WUE,High,5,-0.0894,80,,,""
M1vsM2_24m,equal_width,Relative Disturbance,uWUE,High,5,-0.14108,60,,,""
M1vsM2_24m,natural_breaks,Absolute Mortality,ETmax,High,20,0.00149,35,0.5959,0.6703,ns
M1vsM2_24m,natural_breaks,Absolute Mortality,GPPsat,High,20,-0.23954,55,0.1125,0.1746,ns
M1vsM2_24m,natural_breaks,Absolute Mortality,NEPmax,High,20,-0.4434,70,0.06527,0.1469,ns
M1vsM2_24m,natural_breaks,Absolute Mortality,WUE,High,20,0.01287,45,0.4041,0.4663,ns
M1vsM2_24m,natural_breaks,Absolute Mortality,uWUE,High,20,-0.04861,60,0.1125,0.1746,ns
M1vsM2_24m,natural_breaks,Absolute Mortality,ETmax,Mid,43,5e-04,44.2,0.7086,0.7399,ns
M1vsM2_24m,natural_breaks,Absolute Mortality,GPPsat,Mid,43,-1.05221,62.8,0.006325,0.1056,ns
M1vsM2_24m,natural_breaks,Absolute Mortality,NEPmax,Mid,43,-0.35951,58.1,0.02219,0.1365,ns
M1vsM2_24m,natural_breaks,Absolute Mortality,WUE,Mid,43,-0.05611,58.1,0.04489,0.1469,ns
M1vsM2_24m,natural_breaks,Absolute Mortality,uWUE,Mid,43,-0.02848,60.5,0.132,0.198,ns
M1vsM2_24m,natural_breaks,Absolute Mortality,ETmax,Low,30,0.00074,46.7,0.348,0.4121,ns
M1vsM2_24m,natural_breaks,Absolute Mortality,GPPsat,Low,30,-0.5886,66.7,0.03207,0.1374,ns
M1vsM2_24m,natural_breaks,Absolute Mortality,NEPmax,Low,30,-0.62739,56.7,0.064,0.1469,ns
M1vsM2_24m,natural_breaks,Absolute Mortality,WUE,Low,30,-0.07539,63.3,0.03358,0.1374,ns
M1vsM2_24m,natural_breaks,Absolute Mortality,uWUE,Low,30,-0.03581,63.3,0.08731,0.1746,ns
M1vsM2_24m,natural_breaks,Relative Mortality,ETmax,High,26,0.00112,38.5,0.6943,0.7399,ns
M1vsM2_24m,natural_breaks,Relative Mortality,GPPsat,High,26,-0.35209,61.5,0.05767,0.1469,ns
M1vsM2_24m,natural_breaks,Relative Mortality,NEPmax,High,26,-0.95443,69.2,0.01113,0.1056,ns
M1vsM2_24m,natural_breaks,Relative Mortality,WUE,High,26,-0.00342,50,0.3422,0.4121,ns
M1vsM2_24m,natural_breaks,Relative Mortality,uWUE,High,26,-0.04279,65.4,0.0933,0.1746,ns
M1vsM2_24m,natural_breaks,Relative Mortality,ETmax,Mid,32,-3e-05,50,0.3167,0.3959,ns
M1vsM2_24m,natural_breaks,Relative Mortality,GPPsat,Mid,32,-1.1171,59.4,0.01046,0.1056,ns
M1vsM2_24m,natural_breaks,Relative Mortality,NEPmax,Mid,32,-0.06457,53.1,0.2301,0.3137,ns
M1vsM2_24m,natural_breaks,Relative Mortality,WUE,Mid,32,-0.0774,62.5,0.02426,0.1365,ns
M1vsM2_24m,natural_breaks,Relative Mortality,uWUE,Mid,32,-0.01944,56.2,0.1923,0.2704,ns
M1vsM2_24m,natural_breaks,Relative Mortality,ETmax,Low,35,0.00076,40,0.6855,0.7399,ns
M1vsM2_24m,natural_breaks,Relative Mortality,GPPsat,Low,35,-0.69077,65.7,0.03151,0.1374,ns
M1vsM2_24m,natural_breaks,Relative Mortality,NEPmax,Low,35,-1.17843,60,0.0224,0.1365,ns
M1vsM2_24m,natural_breaks,Relative Mortality,WUE,Low,35,-0.05611,57.1,0.08069,0.1729,ns
M1vsM2_24m,natural_breaks,Relative Mortality,uWUE,Low,35,-0.03817,62.9,0.05333,0.1469,ns
M1vsM2_24m,natural_breaks,Relative Disturbance,ETmax,Mid,35,0.00032,45.7,0.2483,0.3287,ns
M1vsM2_24m,natural_breaks,Relative Disturbance,GPPsat,Mid,35,-1.11083,65.7,0.001921,0.08643,ns
M1vsM2_24m,natural_breaks,Relative Disturbance,NEPmax,Mid,35,-0.23152,60,0.04659,0.1469,ns
M1vsM2_24m,natural_breaks,Relative Disturbance,WUE,Mid,35,-0.05985,57.1,0.05333,0.1469,ns
M1vsM2_24m,natural_breaks,Relative Disturbance,uWUE,Mid,35,-0.02621,60,0.1649,0.2394,ns
M1vsM2_24m,natural_breaks,Relative Disturbance,ETmax,Low,35,0.00071,42.9,0.7464,0.7464,ns
M1vsM2_24m,natural_breaks,Relative Disturbance,GPPsat,Low,35,-0.63763,62.9,0.06283,0.1469,ns
M1vsM2_24m,natural_breaks,Relative Disturbance,NEPmax,Low,35,-0.35951,54.3,0.1022,0.1746,ns
M1vsM2_24m,natural_breaks,Relative Disturbance,WUE,Low,35,-0.05611,60,0.04987,0.1469,ns
M1vsM2_24m,natural_breaks,Relative Disturbance,uWUE,Low,35,-0.03817,60,0.09926,0.1746,ns
M1vsM2_24m,natural_breaks,Relative Disturbance,ETmax,High,23,0.0013,39.1,0.7234,0.7399,ns
M1vsM2_24m,natural_breaks,Relative Disturbance,GPPsat,High,23,-0.34337,56.5,0.109,0.1746,ns
M1vsM2_24m,natural_breaks,Relative Disturbance,NEPmax,High,23,-1.17498,69.6,0.01173,0.1056,ns
M1vsM2_24m,natural_breaks,Relative Disturbance,WUE,High,23,-0.01021,52.2,0.2868,0.3688,ns
M1vsM2_24m,natural_breaks,Relative Disturbance,uWUE,High,23,-0.0543,65.2,0.109,0.1746,ns
M3vsM4_12m,tertiles,Absolute Mortality,ETmax,High,31,-5e-05,51.6,0.4805,0.5544,ns
M3vsM4_12m,tertiles,Absolute Mortality,GPPsat,High,31,-0.51624,71,0.0256,0.07199,ns
M3vsM4_12m,tertiles,Absolute Mortality,NEPmax,High,31,-1.13419,77.4,0.002461,0.02547,*
M3vsM4_12m,tertiles,Absolute Mortality,WUE,High,31,-0.06313,58.1,0.04503,0.09922,ns
M3vsM4_12m,tertiles,Absolute Mortality,uWUE,High,31,-0.03105,54.8,0.05297,0.09922,ns
M3vsM4_12m,tertiles,Absolute Mortality,ETmax,Mid,31,0.00124,41.9,0.7567,0.8107,ns
M3vsM4_12m,tertiles,Absolute Mortality,GPPsat,Mid,31,-0.34047,64.5,0.02931,0.07758,ns
M3vsM4_12m,tertiles,Absolute Mortality,NEPmax,Mid,31,-0.4108,67.7,0.01757,0.06084,ns
M3vsM4_12m,tertiles,Absolute Mortality,WUE,Mid,31,-0.00073,51.6,0.2312,0.2812,ns
M3vsM4_12m,tertiles,Absolute Mortality,uWUE,Mid,31,-0.0271,64.5,0.2137,0.2812,ns
M3vsM4_12m,tertiles,Absolute Mortality,ETmax,Low,31,0.00133,45.2,0.6982,0.7663,ns
M3vsM4_12m,tertiles,Absolute Mortality,GPPsat,Low,31,-0.60309,67.7,0.003962,0.02547,*
M3vsM4_12m,tertiles,Absolute Mortality,NEPmax,Low,31,-0.54387,77.4,0.0007252,0.01746,*
M3vsM4_12m,tertiles,Absolute Mortality,WUE,Low,31,-0.03653,61.3,0.04887,0.09922,ns
M3vsM4_12m,tertiles,Absolute Mortality,uWUE,Low,31,-0.00368,54.8,0.2253,0.2812,ns
M3vsM4_12m,tertiles,Relative Mortality,ETmax,High,31,0.00126,38.7,0.938,0.9511,ns
M3vsM4_12m,tertiles,Relative Mortality,GPPsat,High,31,-0.34047,67.7,0.0256,0.07199,ns
M3vsM4_12m,tertiles,Relative Mortality,NEPmax,High,31,-0.68372,71,0.003737,0.02547,*
M3vsM4_12m,tertiles,Relative Mortality,WUE,High,31,-0.01021,54.8,0.1709,0.2481,ns
M3vsM4_12m,tertiles,Relative Mortality,uWUE,High,31,-0.03405,61.3,0.06441,0.1115,ns
M3vsM4_12m,tertiles,Relative Mortality,ETmax,Mid,31,-0.00087,51.6,0.2025,0.2812,ns
M3vsM4_12m,tertiles,Relative Mortality,GPPsat,Mid,31,-0.73007,74.2,0.006959,0.03006,*
M3vsM4_12m,tertiles,Relative Mortality,NEPmax,Mid,31,-0.83841,77.4,0.003524,0.02547,*
M3vsM4_12m,tertiles,Relative Mortality,WUE,Mid,31,-0.05711,54.8,0.05512,0.09922,ns
M3vsM4_12m,tertiles,Relative Mortality,uWUE,Mid,31,-0.00619,51.6,0.2312,0.2812,ns
M3vsM4_12m,tertiles,Relative Mortality,ETmax,Low,31,0.00027,48.4,0.6415,0.7217,ns
M3vsM4_12m,tertiles,Relative Mortality,GPPsat,Low,31,-0.37977,61.3,0.02127,0.06836,ns
M3vsM4_12m,tertiles,Relative Mortality,NEPmax,Low,31,-0.54387,74.2,0.001923,0.02547,*
M3vsM4_12m,tertiles,Relative Mortality,WUE,Low,31,-0.01217,61.3,0.07769,0.1295,ns
M3vsM4_12m,tertiles,Relative Mortality,uWUE,Low,31,-0.00955,61.3,0.1564,0.2347,ns
M3vsM4_12m,tertiles,Relative Disturbance,ETmax,High,31,0.00126,38.7,0.9511,0.9511,ns
M3vsM4_12m,tertiles,Relative Disturbance,GPPsat,High,31,-0.35682,64.5,0.03202,0.08005,ns
M3vsM4_12m,tertiles,Relative Disturbance,NEPmax,High,31,-0.76279,71,0.005274,0.02966,*
M3vsM4_12m,tertiles,Relative Disturbance,WUE,High,31,-0.00663,51.6,0.2194,0.2812,ns
M3vsM4_12m,tertiles,Relative Disturbance,uWUE,High,31,-0.04189,64.5,0.05297,0.09922,ns
M3vsM4_12m,tertiles,Relative Disturbance,ETmax,Mid,31,-0.00107,54.8,0.1218,0.189,ns
M3vsM4_12m,tertiles,Relative Disturbance,GPPsat,Mid,31,-0.60309,74.2,0.007348,0.03006,*
M3vsM4_12m,tertiles,Relative Disturbance,NEPmax,Mid,31,-0.62769,77.4,0.0007758,0.01746,*
M3vsM4_12m,tertiles,Relative Disturbance,WUE,Mid,31,-0.04766,54.8,0.05089,0.09922,ns
M3vsM4_12m,tertiles,Relative Disturbance,uWUE,Mid,31,0.00202,45.2,0.3732,0.442,ns
M3vsM4_12m,tertiles,Relative Disturbance,ETmax,Low,31,0.00154,45.2,0.7747,0.8107,ns
M3vsM4_12m,tertiles,Relative Disturbance,GPPsat,Low,31,-0.37977,64.5,0.01594,0.05979,ns
M3vsM4_12m,tertiles,Relative Disturbance,NEPmax,Low,31,-0.54387,74.2,0.006588,0.03006,*
M3vsM4_12m,tertiles,Relative Disturbance,WUE,Low,31,-0.03653,64.5,0.05512,0.09922,ns
M3vsM4_12m,tertiles,Relative Disturbance,uWUE,Low,31,-0.02461,64.5,0.1218,0.189,ns
M3vsM4_12m,equal_width,Absolute Mortality,ETmax,Mid,35,0.00038,45.7,0.6128,0.6703,ns
M3vsM4_12m,equal_width,Absolute Mortality,GPPsat,Mid,35,-0.20525,62.9,0.1569,0.2387,ns
M3vsM4_12m,equal_width,Absolute Mortality,NEPmax,Mid,35,-0.62769,71.4,0.01116,0.0434,*
M3vsM4_12m,equal_width,Absolute Mortality,WUE,Mid,35,-0.01021,54.3,0.06913,0.1344,ns
M3vsM4_12m,equal_width,Absolute Mortality,uWUE,Mid,35,-0.0271,51.4,0.2041,0.2857,ns
M3vsM4_12m,equal_width,Absolute Mortality,ETmax,Low,53,0.00133,45.3,0.7661,0.8125,ns
M3vsM4_12m,equal_width,Absolute Mortality,GPPsat,Low,53,-0.60309,67.9,0.0002433,0.00286,**
M3vsM4_12m,equal_width,Absolute Mortality,NEPmax,Low,53,-0.56347,75.5,5.277e-05,0.001847,**
M3vsM4_12m,equal_width,Absolute Mortality,WUE,Low,53,-0.02935,58.5,0.03478,0.08114,ns
M3vsM4_12m,equal_width,Absolute Mortality,uWUE,Low,53,-0.02461,62.3,0.05552,0.1215,ns
M3vsM4_12m,equal_width,Absolute Mortality,ETmax,High,5,-0.00154,60,,,""
M3vsM4_12m,equal_width,Absolute Mortality,GPPsat,High,5,-1.69858,100,,,""
M3vsM4_12m,equal_width,Absolute Mortality,NEPmax,High,5,-1.35977,80,,,""
M3vsM4_12m,equal_width,Absolute Mortality,WUE,High,5,-0.01038,60,,,""
M3vsM4_12m,equal_width,Absolute Mortality,uWUE,High,5,-0.02891,60,,,""
M3vsM4_12m,equal_width,Relative Mortality,ETmax,Mid,33,0.00144,36.4,0.8912,0.8912,ns
M3vsM4_12m,equal_width,Relative Mortality,GPPsat,Mid,33,-0.30874,66.7,0.02682,0.06705,ns
M3vsM4_12m,equal_width,Relative Mortality,NEPmax,Mid,33,-0.68372,72.7,0.005042,0.02206,*
M3vsM4_12m,equal_width,Relative Mortality,WUE,Mid,33,0.00345,48.5,0.2777,0.3471,ns
M3vsM4_12m,equal_width,Relative Mortality,uWUE,Mid,33,-0.03405,60.6,0.1459,0.2321,ns
M3vsM4_12m,equal_width,Relative Mortality,ETmax,Low,53,-0.00058,50.9,0.4965,0.5792,ns
M3vsM4_12m,equal_width,Relative Mortality,GPPsat,Low,53,-0.57613,66,0.002006,0.0117,*
M3vsM4_12m,equal_width,Relative Mortality,NEPmax,Low,53,-0.49992,73.6,0.0003268,0.00286,**
M3vsM4_12m,equal_width,Relative Mortality,WUE,Low,53,-0.04012,60.4,0.01681,0.05047,ns
M3vsM4_12m,equal_width,Relative Mortality,uWUE,Low,53,-0.00619,56.6,0.144,0.2321,ns
M3vsM4_12m,equal_width,Relative Mortality,ETmax,High,7,-5e-05,57.1,0.4663,0.5628,ns
M3vsM4_12m,equal_width,Relative Mortality,GPPsat,High,7,-0.93126,85.7,0.1024,0.1793,ns
M3vsM4_12m,equal_width,Relative Mortality,NEPmax,High,7,-1.77464,85.7,0.01731,0.05047,ns
M3vsM4_12m,equal_width,Relative Mortality,WUE,High,7,-0.06313,71.4,0.1763,0.2571,ns
M3vsM4_12m,equal_width,Relative Mortality,uWUE,High,7,-0.15896,57.1,0.1024,0.1793,ns
M3vsM4_12m,equal_width,Relative Disturbance,ETmax,Mid,35,0.00144,40,0.814,0.8379,ns
M3vsM4_12m,equal_width,Relative Disturbance,GPPsat,Mid,35,-0.34047,65.7,0.02155,0.05801,ns
M3vsM4_12m,equal_width,Relative Disturbance,NEPmax,Mid,35,-0.62769,74.3,0.002749,0.01375,*
M3vsM4_12m,equal_width,Relative Disturbance,WUE,Mid,35,-0.00663,51.4,0.2536,0.3287,ns
M3vsM4_12m,equal_width,Relative Disturbance,uWUE,Mid,35,-0.03105,57.1,0.2381,0.3205,ns
M3vsM4_12m,equal_width,Relative Disturbance,ETmax,Low,53,0.00027,49.1,0.5598,0.632,ns
M3vsM4_12m,equal_width,Relative Disturbance,GPPsat,Low,53,-0.55267,67.9,0.001599,0.0112,*
M3vsM4_12m,equal_width,Relative Disturbance,NEPmax,Low,53,-0.54387,73.6,0.0002869,0.00286,**
M3vsM4_12m,equal_width,Relative Disturbance,WUE,Low,53,-0.04012,60.4,0.01504,0.05047,ns
M3vsM4_12m,equal_width,Relative Disturbance,uWUE,Low,53,-0.00955,58.5,0.06504,0.1339,ns
M3vsM4_12m,equal_width,Relative Disturbance,ETmax,High,5,-5e-05,60,,,""
M3vsM4_12m,equal_width,Relative Disturbance,GPPsat,High,5,-0.93126,80,,,""
M3vsM4_12m,equal_width,Relative Disturbance,NEPmax,High,5,-1.77464,80,,,""
M3vsM4_12m,equal_width,Relative Disturbance,WUE,High,5,-0.17256,60,,,""
M3vsM4_12m,equal_width,Relative Disturbance,uWUE,High,5,-0.15896,60,,,""
M3vsM4_12m,natural_breaks,Absolute Mortality,ETmax,High,20,0.00051,45,0.7889,0.8256,ns
M3vsM4_12m,natural_breaks,Absolute Mortality,GPPsat,High,20,-0.43653,65,0.1437,0.2181,ns
M3vsM4_12m,natural_breaks,Absolute Mortality,NEPmax,High,20,-1.01291,75,0.01913,0.0615,ns
M3vsM4_12m,natural_breaks,Absolute Mortality,WUE,High,20,-0.00338,50,0.3338,0.4173,ns
M3vsM4_12m,natural_breaks,Absolute Mortality,uWUE,High,20,-0.05839,60,0.0865,0.1497,ns
M3vsM4_12m,natural_breaks,Absolute Mortality,ETmax,Mid,43,0.00038,48.8,0.4928,0.5686,ns
M3vsM4_12m,natural_breaks,Absolute Mortality,GPPsat,Mid,43,-0.40961,69.8,0.004165,0.02923,*
M3vsM4_12m,natural_breaks,Absolute Mortality,NEPmax,Mid,43,-0.45067,72.1,0.001347,0.02021,*
M3vsM4_12m,natural_breaks,Absolute Mortality,WUE,Mid,43,-0.02935,55.8,0.03278,0.07682,ns
M3vsM4_12m,natural_breaks,Absolute Mortality,uWUE,Mid,43,-0.02461,60.5,0.1102,0.1836,ns
M3vsM4_12m,natural_breaks,Absolute Mortality,ETmax,Low,30,0.00143,43.3,0.7036,0.7826,ns
M3vsM4_12m,natural_breaks,Absolute Mortality,GPPsat,Low,30,-0.57788,66.7,0.006409,0.02926,*
M3vsM4_12m,natural_breaks,Absolute Mortality,NEPmax,Low,30,-0.55367,76.7,0.0009488,0.02021,*
M3vsM4_12m,natural_breaks,Absolute Mortality,WUE,Low,30,-0.03833,63.3,0.03846,0.08241,ns
M3vsM4_12m,natural_breaks,Absolute Mortality,uWUE,Low,30,-0.00207,53.3,0.2358,0.3316,ns
M3vsM4_12m,natural_breaks,Relative Mortality,ETmax,High,26,0.00107,38.5,0.9532,0.9532,ns
M3vsM4_12m,natural_breaks,Relative Mortality,GPPsat,High,26,-0.43653,69.2,0.03009,0.07523,ns
M3vsM4_12m,natural_breaks,Relative Mortality,NEPmax,High,26,-0.94121,73.1,0.006877,0.02926,*
M3vsM4_12m,natural_breaks,Relative Mortality,WUE,High,26,-0.00159,50,0.3611,0.4276,ns
M3vsM4_12m,natural_breaks,Relative Mortality,uWUE,High,26,-0.03797,65.4,0.06066,0.1137,ns
M3vsM4_12m,natural_breaks,Relative Mortality,ETmax,Mid,32,-0.00118,53.1,0.1454,0.2181,ns
M3vsM4_12m,natural_breaks,Relative Mortality,GPPsat,Mid,32,-0.50635,68.8,0.02221,0.06663,ns
M3vsM4_12m,natural_breaks,Relative Mortality,NEPmax,Mid,32,-0.55171,75,0.004547,0.02923,*
M3vsM4_12m,natural_breaks,Relative Mortality,WUE,Mid,32,-0.05639,56.2,0.03414,0.07682,ns
M3vsM4_12m,natural_breaks,Relative Mortality,uWUE,Mid,32,0.00131,46.9,0.2842,0.3762,ns
M3vsM4_12m,natural_breaks,Relative Mortality,ETmax,Low,35,0.00111,45.7,0.7305,0.7826,ns
M3vsM4_12m,natural_breaks,Relative Mortality,GPPsat,Low,35,-0.55267,65.7,0.005965,0.02926,*
M3vsM4_12m,natural_breaks,Relative Mortality,NEPmax,Low,35,-0.56347,74.3,0.0007639,0.02021,*
M3vsM4_12m,natural_breaks,Relative Mortality,WUE,Low,35,-0.03653,62.9,0.04199,0.0859,ns
M3vsM4_12m,natural_breaks,Relative Mortality,uWUE,Low,35,-0.02461,62.9,0.1454,0.2181,ns
M3vsM4_12m,natural_breaks,Relative Disturbance,ETmax,Mid,35,0.00027,48.6,0.3502,0.4259,ns
M3vsM4_12m,natural_breaks,Relative Disturbance,GPPsat,Mid,35,-0.57613,68.6,0.01563,0.05409,ns
M3vsM4_12m,natural_breaks,Relative Disturbance,NEPmax,Mid,35,-0.56347,68.6,0.007502,0.02926,*
M3vsM4_12m,natural_breaks,Relative Disturbance,WUE,Mid,35,-0.04766,54.3,0.06913,0.1244,ns
M3vsM4_12m,natural_breaks,Relative Disturbance,uWUE,Mid,35,6e-04,48.6,0.3145,0.4043,ns
M3vsM4_12m,natural_breaks,Relative Disturbance,ETmax,Low,35,0.00154,42.9,0.8655,0.8852,ns
M3vsM4_12m,natural_breaks,Relative Disturbance,GPPsat,Low,35,-0.29757,60,0.02516,0.07075,ns
M3vsM4_12m,natural_breaks,Relative Disturbance,NEPmax,Low,35,-0.49992,74.3,0.002891,0.02602,*
M3vsM4_12m,natural_breaks,Relative Disturbance,WUE,Low,35,-0.03653,62.9,0.04821,0.09432,ns
M3vsM4_12m,natural_breaks,Relative Disturbance,uWUE,Low,35,-0.02461,62.9,0.153,0.2221,ns
M3vsM4_12m,natural_breaks,Relative Disturbance,ETmax,High,23,0.00037,47.8,0.7132,0.7826,ns
M3vsM4_12m,natural_breaks,Relative Disturbance,GPPsat,High,23,-0.74093,78.3,0.007803,0.02926,*
M3vsM4_12m,natural_breaks,Relative Disturbance,NEPmax,High,23,-1.28269,82.6,0.001838,0.02068,*
M3vsM4_12m,natural_breaks,Relative Disturbance,WUE,High,23,-0.00663,52.2,0.2766,0.3762,ns
M3vsM4_12m,natural_breaks,Relative Disturbance,uWUE,High,23,-0.03405,65.2,0.02866,0.07523,ns
M3vsM4_24m,tertiles,Absolute Mortality,ETmax,High,31,0.00066,32.3,0.9927,0.9956,ns
M3vsM4_24m,tertiles,Absolute Mortality,GPPsat,High,31,-0.64108,67.7,0.03202,0.1492,ns
M3vsM4_24m,tertiles,Absolute Mortality,NEPmax,High,31,-0.67709,51.6,0.03064,0.1492,ns
M3vsM4_24m,tertiles,Absolute Mortality,WUE,High,31,-0.04394,51.6,0.1031,0.1719,ns
M3vsM4_24m,tertiles,Absolute Mortality,uWUE,High,31,-0.06077,58.1,0.03494,0.1492,ns
M3vsM4_24m,tertiles,Absolute Mortality,ETmax,Mid,31,0.00118,41.9,0.9331,0.9956,ns
M3vsM4_24m,tertiles,Absolute Mortality,GPPsat,Mid,31,-0.37969,64.5,0.09296,0.1719,ns
M3vsM4_24m,tertiles,Absolute Mortality,NEPmax,Mid,31,-0.34055,61.3,0.2433,0.3318,ns
M3vsM4_24m,tertiles,Absolute Mortality,WUE,Mid,31,-0.02265,54.8,0.2253,0.3251,ns
M3vsM4_24m,tertiles,Absolute Mortality,uWUE,Mid,31,0.01806,45.2,0.6844,0.8324,ns
M3vsM4_24m,tertiles,Absolute Mortality,ETmax,Low,31,0.00016,48.4,0.705,0.8349,ns
M3vsM4_24m,tertiles,Absolute Mortality,GPPsat,Low,31,-0.54256,71,0.005899,0.1492,ns
M3vsM4_24m,tertiles,Absolute Mortality,NEPmax,Low,31,-0.34063,61.3,0.05734,0.1677,ns
M3vsM4_24m,tertiles,Absolute Mortality,WUE,Low,31,-0.03612,61.3,0.04503,0.1559,ns
M3vsM4_24m,tertiles,Absolute Mortality,uWUE,Low,31,-0.04269,64.5,0.03648,0.1492,ns
M3vsM4_24m,tertiles,Relative Mortality,ETmax,High,31,0.00066,35.5,0.9956,0.9956,ns
M3vsM4_24m,tertiles,Relative Mortality,GPPsat,High,31,-0.58409,64.5,0.03346,0.1492,ns
M3vsM4_24m,tertiles,Relative Mortality,NEPmax,High,31,-0.02552,51.6,0.09626,0.1719,ns
M3vsM4_24m,tertiles,Relative Mortality,WUE,High,31,0.01711,48.4,0.3156,0.4057,ns
M3vsM4_24m,tertiles,Relative Mortality,uWUE,High,31,-0.03901,54.8,0.07488,0.1685,ns
M3vsM4_24m,tertiles,Relative Mortality,ETmax,Mid,31,0.00057,41.9,0.725,0.8365,ns
M3vsM4_24m,tertiles,Relative Mortality,GPPsat,Mid,31,-0.52978,74.2,0.009103,0.1492,ns
M3vsM4_24m,tertiles,Relative Mortality,NEPmax,Mid,31,-0.31705,54.8,0.166,0.2576,ns
M3vsM4_24m,tertiles,Relative Mortality,WUE,Mid,31,-0.07799,58.1,0.04143,0.1554,ns
M3vsM4_24m,tertiles,Relative Mortality,uWUE,Mid,31,-0.0342,54.8,0.295,0.3904,ns
M3vsM4_24m,tertiles,Relative Mortality,ETmax,Low,31,0.00044,45.2,0.8528,0.9594,ns
M3vsM4_24m,tertiles,Relative Mortality,GPPsat,Low,31,-0.39584,64.5,0.06441,0.1685,ns
M3vsM4_24m,tertiles,Relative Mortality,NEPmax,Low,31,-0.36711,67.7,0.01844,0.1492,ns
M3vsM4_24m,tertiles,Relative Mortality,WUE,Low,31,-0.03612,61.3,0.07488,0.1685,ns
M3vsM4_24m,tertiles,Relative Mortality,uWUE,Low,31,-0.02104,58.1,0.09626,0.1719,ns
M3vsM4_24m,tertiles,Relative Disturbance,ETmax,High,31,0.00062,38.7,0.9694,0.9956,ns
M3vsM4_24m,tertiles,Relative Disturbance,GPPsat,High,31,-0.71898,67.7,0.01757,0.1492,ns
M3vsM4_24m,tertiles,Relative Disturbance,NEPmax,High,31,-0.02552,51.6,0.08974,0.1719,ns
M3vsM4_24m,tertiles,Relative Disturbance,WUE,High,31,0.01883,45.2,0.2253,0.3251,ns
M3vsM4_24m,tertiles,Relative Disturbance,uWUE,High,31,-0.03093,51.6,0.1218,0.1958,ns
M3vsM4_24m,tertiles,Relative Disturbance,ETmax,Mid,31,0.00045,45.2,0.6704,0.8324,ns
M3vsM4_24m,tertiles,Relative Disturbance,GPPsat,Mid,31,-0.2905,71,0.03346,0.1492,ns
M3vsM4_24m,tertiles,Relative Disturbance,NEPmax,Mid,31,-0.31705,61.3,0.05297,0.1677,ns
M3vsM4_24m,tertiles,Relative Disturbance,WUE,Mid,31,-0.04815,58.1,0.05963,0.1677,ns
M3vsM4_24m,tertiles,Relative Disturbance,uWUE,Mid,31,-0.0342,54.8,0.2312,0.3251,ns
M3vsM4_24m,tertiles,Relative Disturbance,ETmax,Low,31,0.00118,38.7,0.9568,0.9956,ns
M3vsM4_24m,tertiles,Relative Disturbance,GPPsat,Low,31,-0.54256,64.5,0.03648,0.1492,ns
M3vsM4_24m,tertiles,Relative Disturbance,NEPmax,Low,31,-0.36711,61.3,0.08355,0.1719,ns
M3vsM4_24m,tertiles,Relative Disturbance,WUE,Low,31,-0.0391,64.5,0.07488,0.1685,ns
M3vsM4_24m,tertiles,Relative Disturbance,uWUE,Low,31,-0.04269,61.3,0.09965,0.1719,ns
M3vsM4_24m,equal_width,Absolute Mortality,ETmax,Mid,35,0.00118,31.4,0.9957,0.9957,ns
M3vsM4_24m,equal_width,Absolute Mortality,GPPsat,Mid,35,-0.37969,60,0.186,0.2959,ns
M3vsM4_24m,equal_width,Absolute Mortality,NEPmax,Mid,35,0.0076,48.6,0.09366,0.1821,ns
M3vsM4_24m,equal_width,Absolute Mortality,WUE,Mid,35,-0.01961,51.4,0.1345,0.2241,ns
M3vsM4_24m,equal_width,Absolute Mortality,uWUE,Mid,35,-0.04727,57.1,0.05888,0.1472,ns
M3vsM4_24m,equal_width,Absolute Mortality,ETmax,Low,53,0.00016,49.1,0.7495,0.9045,ns
M3vsM4_24m,equal_width,Absolute Mortality,GPPsat,Low,53,-0.54256,71.7,0.001032,0.03613,*
M3vsM4_24m,equal_width,Absolute Mortality,NEPmax,Low,53,-0.34055,62.3,0.03759,0.1267,ns
M3vsM4_24m,equal_width,Absolute Mortality,WUE,Low,53,-0.0391,60.4,0.01573,0.09175,ns
M3vsM4_24m,equal_width,Absolute Mortality,uWUE,Low,53,-0.02036,54.7,0.1342,0.2241,ns
M3vsM4_24m,equal_width,Absolute Mortality,ETmax,High,5,0.00351,20,,,""
M3vsM4_24m,equal_width,Absolute Mortality,GPPsat,High,5,-1.68554,80,,,""
M3vsM4_24m,equal_width,Absolute Mortality,NEPmax,High,5,-0.94087,80,,,""
M3vsM4_24m,equal_width,Absolute Mortality,WUE,High,5,0.05066,40,,,""
M3vsM4_24m,equal_width,Absolute Mortality,uWUE,High,5,-0.03093,60,,,""
M3vsM4_24m,equal_width,Relative Mortality,ETmax,Mid,33,0.00058,42.4,0.9286,0.9737,ns
M3vsM4_24m,equal_width,Relative Mortality,GPPsat,Mid,33,-0.48908,66.7,0.03556,0.1267,ns
M3vsM4_24m,equal_width,Relative Mortality,NEPmax,Mid,33,-0.02552,51.5,0.1055,0.1944,ns
M3vsM4_24m,equal_width,Relative Mortality,WUE,Mid,33,0.01513,48.5,0.296,0.4144,ns
M3vsM4_24m,equal_width,Relative Mortality,uWUE,Mid,33,0.00017,48.5,0.2718,0.404,ns
M3vsM4_24m,equal_width,Relative Mortality,ETmax,Low,53,0.00108,41.5,0.9304,0.9737,ns
M3vsM4_24m,equal_width,Relative Mortality,GPPsat,Low,53,-0.39584,67.9,0.007456,0.08107,ns
M3vsM4_24m,equal_width,Relative Mortality,NEPmax,Low,53,-0.34055,60.4,0.04802,0.1293,ns
M3vsM4_24m,equal_width,Relative Mortality,WUE,Low,53,-0.05208,62.3,0.01438,0.09175,ns
M3vsM4_24m,equal_width,Relative Mortality,uWUE,Low,53,-0.03523,60.4,0.04543,0.1293,ns
M3vsM4_24m,equal_width,Relative Mortality,ETmax,High,7,0.00066,28.6,0.9458,0.9737,ns
M3vsM4_24m,equal_width,Relative Mortality,GPPsat,High,7,-1.37326,71.4,0.07539,0.1649,ns
M3vsM4_24m,equal_width,Relative Mortality,NEPmax,High,7,-0.94087,71.4,0.07539,0.1649,ns
M3vsM4_24m,equal_width,Relative Mortality,WUE,High,7,0.04967,42.9,0.3999,0.5184,ns
M3vsM4_24m,equal_width,Relative Mortality,uWUE,High,7,-0.03093,57.1,0.2771,0.404,ns
M3vsM4_24m,equal_width,Relative Disturbance,ETmax,Mid,35,0.00058,42.9,0.9193,0.9737,ns
M3vsM4_24m,equal_width,Relative Disturbance,GPPsat,Mid,35,-0.58409,65.7,0.03037,0.1267,ns
M3vsM4_24m,equal_width,Relative Disturbance,NEPmax,Mid,35,-0.31705,54.3,0.08571,0.1765,ns
M3vsM4_24m,equal_width,Relative Disturbance,WUE,Mid,35,0.01883,45.7,0.4382,0.5477,ns
M3vsM4_24m,equal_width,Relative Disturbance,uWUE,Mid,35,0.00017,48.6,0.3087,0.4155,ns
M3vsM4_24m,equal_width,Relative Disturbance,ETmax,Low,53,0.00108,41.5,0.9425,0.9737,ns
M3vsM4_24m,equal_width,Relative Disturbance,GPPsat,Low,53,-0.37969,67.9,0.009265,0.08107,ns
M3vsM4_24m,equal_width,Relative Disturbance,NEPmax,Low,53,-0.34063,60.4,0.03981,0.1267,ns
M3vsM4_24m,equal_width,Relative Disturbance,WUE,Low,53,-0.05208,62.3,0.009047,0.08107,ns
M3vsM4_24m,equal_width,Relative Disturbance,uWUE,Low,53,-0.03523,60.4,0.03832,0.1267,ns
M3vsM4_24m,equal_width,Relative Disturbance,ETmax,High,5,0.00066,20,,,""
M3vsM4_24m,equal_width,Relative Disturbance,GPPsat,High,5,-1.37326,80,,,""
M3vsM4_24m,equal_width,Relative Disturbance,NEPmax,High,5,-3.07497,60,,,""
M3vsM4_24m,equal_width,Relative Disturbance,WUE,High,5,-0.09751,60,,,""
M3vsM4_24m,equal_width,Relative Disturbance,uWUE,High,5,-0.12874,60,,,""
M3vsM4_24m,natural_breaks,Absolute Mortality,ETmax,High,20,0.00151,20,0.9987,0.9987,ns
M3vsM4_24m,natural_breaks,Absolute Mortality,GPPsat,High,20,-0.54293,55,0.1437,0.2309,ns
M3vsM4_24m,natural_breaks,Absolute Mortality,NEPmax,High,20,-0.33474,50,0.0865,0.1769,ns
M3vsM4_24m,natural_breaks,Absolute Mortality,WUE,High,20,0.03425,40,0.4926,0.6157,ns
M3vsM4_24m,natural_breaks,Absolute Mortality,uWUE,High,20,-0.04585,55,0.1198,0.2156,ns
M3vsM4_24m,natural_breaks,Absolute Mortality,ETmax,Mid,43,0.00045,46.5,0.8404,0.9455,ns
M3vsM4_24m,natural_breaks,Absolute Mortality,GPPsat,Mid,43,-0.48908,72.1,0.009733,0.1427,ns
M3vsM4_24m,natural_breaks,Absolute Mortality,NEPmax,Mid,43,-0.36178,60.5,0.06483,0.1536,ns
M3vsM4_24m,natural_breaks,Absolute Mortality,WUE,Mid,43,-0.07251,60.5,0.03648,0.1472,ns
M3vsM4_24m,natural_breaks,Absolute Mortality,uWUE,Mid,43,0.00017,48.8,0.3474,0.4598,ns
M3vsM4_24m,natural_breaks,Absolute Mortality,ETmax,Low,30,3e-04,46.7,0.7642,0.8818,ns
M3vsM4_24m,natural_breaks,Absolute Mortality,GPPsat,Low,30,-0.48597,70,0.009519,0.1427,ns
M3vsM4_24m,natural_breaks,Absolute Mortality,NEPmax,Low,30,-0.32884,60,0.06931,0.156,ns
M3vsM4_24m,natural_breaks,Absolute Mortality,WUE,Low,30,-0.02932,60,0.05662,0.1472,ns
M3vsM4_24m,natural_breaks,Absolute Mortality,uWUE,Low,30,-0.04357,66.7,0.03207,0.1472,ns
M3vsM4_24m,natural_breaks,Relative Mortality,ETmax,High,26,0.00064,34.6,0.9909,0.9987,ns
M3vsM4_24m,natural_breaks,Relative Mortality,GPPsat,High,26,-0.56508,65.4,0.03771,0.1472,ns
M3vsM4_24m,natural_breaks,Relative Mortality,NEPmax,High,26,-0.21335,53.8,0.07385,0.1583,ns
M3vsM4_24m,natural_breaks,Relative Mortality,WUE,High,26,0.02505,42.3,0.3706,0.4765,ns
M3vsM4_24m,natural_breaks,Relative Mortality,uWUE,High,26,-0.03497,53.8,0.1021,0.1997,ns
M3vsM4_24m,natural_breaks,Relative Mortality,ETmax,Mid,32,0.00051,46.9,0.6423,0.7606,ns
M3vsM4_24m,natural_breaks,Relative Mortality,GPPsat,Mid,32,-0.50086,68.8,0.0314,0.1472,ns
M3vsM4_24m,natural_breaks,Relative Mortality,NEPmax,Mid,32,-0.02828,50,0.2534,0.3678,ns
M3vsM4_24m,natural_breaks,Relative Mortality,WUE,Mid,32,-0.06033,59.4,0.05289,0.1472,ns
M3vsM4_24m,natural_breaks,Relative Mortality,uWUE,Mid,32,-0.02182,53.1,0.3234,0.441,ns
M3vsM4_24m,natural_breaks,Relative Mortality,ETmax,Low,35,0.00108,40,0.9392,0.9987,ns
M3vsM4_24m,natural_breaks,Relative Mortality,GPPsat,Low,35,-0.42939,68.6,0.01766,0.1472,ns
M3vsM4_24m,natural_breaks,Relative Mortality,NEPmax,Low,35,-0.37341,68.6,0.01268,0.1427,ns
M3vsM4_24m,natural_breaks,Relative Mortality,WUE,Low,35,-0.0391,62.9,0.04501,0.1472,ns
M3vsM4_24m,natural_breaks,Relative Mortality,uWUE,Low,35,-0.04269,60,0.05888,0.1472,ns
M3vsM4_24m,natural_breaks,Relative Disturbance,ETmax,Mid,35,0.00057,45.7,0.6002,0.73,ns
M3vsM4_24m,natural_breaks,Relative Disturbance,GPPsat,Mid,35,-0.37969,71.4,0.02714,0.1472,ns
M3vsM4_24m,natural_breaks,Relative Disturbance,NEPmax,Mid,35,-0.24161,57.1,0.1309,0.2266,ns
M3vsM4_24m,natural_breaks,Relative Disturbance,WUE,Mid,35,-0.04815,54.3,0.1731,0.2687,ns
M3vsM4_24m,natural_breaks,Relative Disturbance,uWUE,Mid,35,-0.00943,51.4,0.275,0.3867,ns
M3vsM4_24m,natural_breaks,Relative Disturbance,ETmax,Low,35,0.0013,34.3,0.983,0.9987,ns
M3vsM4_24m,natural_breaks,Relative Disturbance,GPPsat,Low,35,-0.42939,62.9,0.05158,0.1472,ns
M3vsM4_24m,natural_breaks,Relative Disturbance,NEPmax,Low,35,-0.34063,57.1,0.1175,0.2156,ns
M3vsM4_24m,natural_breaks,Relative Disturbance,WUE,Low,35,-0.0391,65.7,0.04055,0.1472,ns
M3vsM4_24m,natural_breaks,Relative Disturbance,uWUE,Low,35,-0.04269,60,0.138,0.23,ns
M3vsM4_24m,natural_breaks,Relative Disturbance,ETmax,High,23,0.00045,43.5,0.9339,0.9987,ns
M3vsM4_24m,natural_breaks,Relative Disturbance,GPPsat,High,23,-0.71898,69.6,0.01173,0.1427,ns
M3vsM4_24m,natural_breaks,Relative Disturbance,NEPmax,High,23,-0.67709,60.9,0.02318,0.1472,ns
M3vsM4_24m,natural_breaks,Relative Disturbance,WUE,High,23,0.01883,43.5,0.2374,0.3561,ns
M3vsM4_24m,natural_breaks,Relative Disturbance,uWUE,High,23,-0.03901,56.5,0.0487,0.1472,ns
M5vsM6_raw_12m,tertiles,Absolute Mortality,ETmax,High,31,-6e-05,51.6,0.3018,0.8725,ns
M5vsM6_raw_12m,tertiles,Absolute Mortality,GPPsat,High,31,0.0814,38.7,0.8137,0.9389,ns
M5vsM6_raw_12m,tertiles,Absolute Mortality,NEPmax,High,31,-0.10426,58.1,0.08974,0.7219,ns
M5vsM6_raw_12m,tertiles,Absolute Mortality,WUE,High,31,0.00133,48.4,0.295,0.8725,ns
M5vsM6_raw_12m,tertiles,Absolute Mortality,uWUE,High,31,0.00627,48.4,0.4339,0.8725,ns
M5vsM6_raw_12m,tertiles,Absolute Mortality,ETmax,Mid,31,0.00027,45.2,0.7567,0.9389,ns
M5vsM6_raw_12m,tertiles,Absolute Mortality,GPPsat,Mid,31,-0.06468,54.8,0.4805,0.8725,ns
M5vsM6_raw_12m,tertiles,Absolute Mortality,NEPmax,Mid,31,0.08283,38.7,0.7315,0.9389,ns
M5vsM6_raw_12m,tertiles,Absolute Mortality,WUE,Mid,31,-0.01745,54.8,0.4649,0.8725,ns
M5vsM6_raw_12m,tertiles,Absolute Mortality,uWUE,Mid,31,0.01689,35.5,0.9635,0.9635,ns
M5vsM6_raw_12m,tertiles,Absolute Mortality,ETmax,Low,31,-0.00014,51.6,0.5039,0.8725,ns
M5vsM6_raw_12m,tertiles,Absolute Mortality,GPPsat,Low,31,-0.05569,54.8,0.1709,0.7693,ns
M5vsM6_raw_12m,tertiles,Absolute Mortality,NEPmax,Low,31,-0.14195,58.1,0.166,0.7693,ns
M5vsM6_raw_12m,tertiles,Absolute Mortality,WUE,Low,31,-0.00676,51.6,0.5815,0.8951,ns
M5vsM6_raw_12m,tertiles,Absolute Mortality,uWUE,Low,31,-0.0032,54.8,0.3439,0.8725,ns
M5vsM6_raw_12m,tertiles,Relative Mortality,ETmax,High,31,0.00162,32.3,0.9103,0.9526,ns
M5vsM6_raw_12m,tertiles,Relative Mortality,GPPsat,High,31,0.0522,48.4,0.5273,0.8725,ns
M5vsM6_raw_12m,tertiles,Relative Mortality,NEPmax,High,31,0.02089,48.4,0.5195,0.8725,ns
M5vsM6_raw_12m,tertiles,Relative Mortality,WUE,High,31,0.00186,45.2,0.6415,0.9312,ns
M5vsM6_raw_12m,tertiles,Relative Mortality,uWUE,High,31,0.00821,38.7,0.9103,0.9526,ns
M5vsM6_raw_12m,tertiles,Relative Mortality,ETmax,Mid,31,-0.00067,61.3,0.1218,0.7693,ns
M5vsM6_raw_12m,tertiles,Relative Mortality,GPPsat,Mid,31,0.12264,41.9,0.8084,0.9389,ns
M5vsM6_raw_12m,tertiles,Relative Mortality,NEPmax,Mid,31,0.01589,45.2,0.5195,0.8725,ns
M5vsM6_raw_12m,tertiles,Relative Mortality,WUE,Mid,31,-0.02519,54.8,0.3226,0.8725,ns
M5vsM6_raw_12m,tertiles,Relative Mortality,uWUE,Mid,31,-0.00777,54.8,0.3658,0.8725,ns
M5vsM6_raw_12m,tertiles,Relative Mortality,ETmax,Low,31,-0.00068,54.8,0.4805,0.8725,ns
M5vsM6_raw_12m,tertiles,Relative Mortality,GPPsat,Low,31,-0.05569,58.1,0.09626,0.7219,ns
M5vsM6_raw_12m,tertiles,Relative Mortality,NEPmax,Low,31,-0.16142,61.3,0.03346,0.7219,ns
M5vsM6_raw_12m,tertiles,Relative Mortality,WUE,Low,31,-0.00919,54.8,0.4416,0.8725,ns
M5vsM6_raw_12m,tertiles,Relative Mortality,uWUE,Low,31,0.00992,45.2,0.7315,0.9389,ns
M5vsM6_raw_12m,tertiles,Relative Disturbance,ETmax,High,31,9e-04,38.7,0.7567,0.9389,ns
M5vsM6_raw_12m,tertiles,Relative Disturbance,GPPsat,High,31,0.0814,38.7,0.8659,0.9504,ns
M5vsM6_raw_12m,tertiles,Relative Disturbance,NEPmax,High,31,-0.01849,51.6,0.2883,0.8725,ns
M5vsM6_raw_12m,tertiles,Relative Disturbance,WUE,High,31,0.00396,41.9,0.7975,0.9389,ns
M5vsM6_raw_12m,tertiles,Relative Disturbance,uWUE,High,31,0.02191,29,0.9491,0.9635,ns
M5vsM6_raw_12m,tertiles,Relative Disturbance,ETmax,Mid,31,-0.00013,54.8,0.2558,0.8725,ns
M5vsM6_raw_12m,tertiles,Relative Disturbance,GPPsat,Mid,31,-0.1472,54.8,0.3439,0.8725,ns
M5vsM6_raw_12m,tertiles,Relative Disturbance,NEPmax,Mid,31,0.1038,45.2,0.5968,0.8951,ns
M5vsM6_raw_12m,tertiles,Relative Disturbance,WUE,Mid,31,-0.02906,61.3,0.03202,0.7219,ns
M5vsM6_raw_12m,tertiles,Relative Disturbance,uWUE,Mid,31,-0.01275,61.3,0.08661,0.7219,ns
M5vsM6_raw_12m,tertiles,Relative Disturbance,ETmax,Low,31,-0.00068,54.8,0.5429,0.8725,ns
M5vsM6_raw_12m,tertiles,Relative Disturbance,GPPsat,Low,31,-0.05569,54.8,0.1564,0.7693,ns
M5vsM6_raw_12m,tertiles,Relative Disturbance,NEPmax,Low,31,-0.14195,58.1,0.05734,0.7219,ns
M5vsM6_raw_12m,tertiles,Relative Disturbance,WUE,Low,31,-0.00676,51.6,0.7806,0.9389,ns
M5vsM6_raw_12m,tertiles,Relative Disturbance,uWUE,Low,31,0.00992,48.4,0.8388,0.9437,ns
M5vsM6_raw_12m,equal_width,Absolute Mortality,ETmax,Mid,35,-0.00013,54.3,0.2183,0.7309,ns
M5vsM6_raw_12m,equal_width,Absolute Mortality,GPPsat,Mid,35,0.10616,34.3,0.9372,0.9833,ns
M5vsM6_raw_12m,equal_width,Absolute Mortality,NEPmax,Mid,35,0.0042,48.6,0.5163,0.8526,ns
M5vsM6_raw_12m,equal_width,Absolute Mortality,WUE,Mid,35,-0.00344,51.4,0.2916,0.7309,ns
M5vsM6_raw_12m,equal_width,Absolute Mortality,uWUE,Mid,35,0.00752,42.9,0.8691,0.9833,ns
M5vsM6_raw_12m,equal_width,Absolute Mortality,ETmax,Low,53,0.00027,49.1,0.6868,0.8571,ns
M5vsM6_raw_12m,equal_width,Absolute Mortality,GPPsat,Low,53,-0.1472,60.4,0.05652,0.6853,ns
M5vsM6_raw_12m,equal_width,Absolute Mortality,NEPmax,Low,53,-0.07807,50.9,0.1522,0.7309,ns
M5vsM6_raw_12m,equal_width,Absolute Mortality,WUE,Low,53,-0.00984,54.7,0.3484,0.7309,ns
M5vsM6_raw_12m,equal_width,Absolute Mortality,uWUE,Low,53,0.00058,47.2,0.6805,0.8571,ns
M5vsM6_raw_12m,equal_width,Absolute Mortality,ETmax,High,5,0.00118,20,,,""
M5vsM6_raw_12m,equal_width,Absolute Mortality,GPPsat,High,5,0.20582,40,,,""
M5vsM6_raw_12m,equal_width,Absolute Mortality,NEPmax,High,5,-0.39595,80,,,""
M5vsM6_raw_12m,equal_width,Absolute Mortality,WUE,High,5,0.03155,20,,,""
M5vsM6_raw_12m,equal_width,Absolute Mortality,uWUE,High,5,-0.01722,60,,,""
M5vsM6_raw_12m,equal_width,Relative Mortality,ETmax,Mid,33,0.00027,48.5,0.6057,0.8571,ns
M5vsM6_raw_12m,equal_width,Relative Mortality,GPPsat,Mid,33,-3e-05,51.5,0.3084,0.7309,ns
M5vsM6_raw_12m,equal_width,Relative Mortality,NEPmax,Mid,33,0.1038,42.4,0.7102,0.8571,ns
M5vsM6_raw_12m,equal_width,Relative Mortality,WUE,Mid,33,0.00136,48.5,0.6261,0.8571,ns
M5vsM6_raw_12m,equal_width,Relative Mortality,uWUE,Mid,33,0.02101,30.3,0.9833,0.9833,ns
M5vsM6_raw_12m,equal_width,Relative Mortality,ETmax,Low,53,-0.00014,54.7,0.2765,0.7309,ns
M5vsM6_raw_12m,equal_width,Relative Mortality,GPPsat,Low,53,-0.01473,50.9,0.3484,0.7309,ns
M5vsM6_raw_12m,equal_width,Relative Mortality,NEPmax,Low,53,-0.11566,54.7,0.07832,0.6853,ns
M5vsM6_raw_12m,equal_width,Relative Mortality,WUE,Low,53,-0.00984,54.7,0.3132,0.7309,ns
M5vsM6_raw_12m,equal_width,Relative Mortality,uWUE,Low,53,-0.0045,54.7,0.355,0.7309,ns
M5vsM6_raw_12m,equal_width,Relative Mortality,ETmax,High,7,0.00165,14.3,0.9246,0.9833,ns
M5vsM6_raw_12m,equal_width,Relative Mortality,GPPsat,High,7,0.20582,28.6,0.9246,0.9833,ns
M5vsM6_raw_12m,equal_width,Relative Mortality,NEPmax,High,7,-0.30497,71.4,0.07539,0.6853,ns
M5vsM6_raw_12m,equal_width,Relative Mortality,WUE,High,7,0.01922,42.9,0.3363,0.7309,ns
M5vsM6_raw_12m,equal_width,Relative Mortality,uWUE,High,7,-0.01722,57.1,0.2771,0.7309,ns
M5vsM6_raw_12m,equal_width,Relative Disturbance,ETmax,Mid,35,0.00027,48.6,0.4253,0.7834,ns
M5vsM6_raw_12m,equal_width,Relative Disturbance,GPPsat,Mid,35,0.0488,48.6,0.5359,0.8526,ns
M5vsM6_raw_12m,equal_width,Relative Disturbance,NEPmax,Mid,35,0.10625,42.9,0.7084,0.8571,ns
M5vsM6_raw_12m,equal_width,Relative Disturbance,WUE,Mid,35,0.00186,45.7,0.7027,0.8571,ns
M5vsM6_raw_12m,equal_width,Relative Disturbance,uWUE,Mid,35,0.00833,34.3,0.9595,0.9833,ns
M5vsM6_raw_12m,equal_width,Relative Disturbance,ETmax,Low,53,-0.00014,54.7,0.3851,0.7488,ns
M5vsM6_raw_12m,equal_width,Relative Disturbance,GPPsat,Low,53,-0.01473,50.9,0.2885,0.7309,ns
M5vsM6_raw_12m,equal_width,Relative Disturbance,NEPmax,Low,53,-0.14195,56.6,0.04543,0.6853,ns
M5vsM6_raw_12m,equal_width,Relative Disturbance,WUE,Low,53,-0.00984,54.7,0.3452,0.7309,ns
M5vsM6_raw_12m,equal_width,Relative Disturbance,uWUE,Low,53,-0.00219,50.9,0.5353,0.8526,ns
M5vsM6_raw_12m,equal_width,Relative Disturbance,ETmax,High,5,0.00165,0,,,""
M5vsM6_raw_12m,equal_width,Relative Disturbance,GPPsat,High,5,0.0814,40,,,""
M5vsM6_raw_12m,equal_width,Relative Disturbance,NEPmax,High,5,-0.01849,60,,,""
M5vsM6_raw_12m,equal_width,Relative Disturbance,WUE,High,5,-0.04877,60,,,""
M5vsM6_raw_12m,equal_width,Relative Disturbance,uWUE,High,5,-0.02338,80,,,""
M5vsM6_raw_12m,natural_breaks,Absolute Mortality,ETmax,High,20,0.00038,45,0.3614,0.9141,ns
M5vsM6_raw_12m,natural_breaks,Absolute Mortality,GPPsat,High,20,0.06393,45,0.4187,0.9141,ns
M5vsM6_raw_12m,natural_breaks,Absolute Mortality,NEPmax,High,20,-0.06138,55,0.269,0.8645,ns
M5vsM6_raw_12m,natural_breaks,Absolute Mortality,WUE,High,20,0.00867,40,0.6386,0.9141,ns
M5vsM6_raw_12m,natural_breaks,Absolute Mortality,uWUE,High,20,-0.01175,55,0.07532,0.6778,ns
M5vsM6_raw_12m,natural_breaks,Absolute Mortality,ETmax,Mid,43,-6e-05,51.2,0.6117,0.9141,ns
M5vsM6_raw_12m,natural_breaks,Absolute Mortality,GPPsat,Mid,43,0.0488,48.8,0.6876,0.9141,ns
M5vsM6_raw_12m,natural_breaks,Absolute Mortality,NEPmax,Mid,43,0.03684,44.2,0.4353,0.9141,ns
M5vsM6_raw_12m,natural_breaks,Absolute Mortality,WUE,Mid,43,-0.01972,58.1,0.2145,0.8607,ns
M5vsM6_raw_12m,natural_breaks,Absolute Mortality,uWUE,Mid,43,0.0205,34.9,0.9875,0.9875,ns
M5vsM6_raw_12m,natural_breaks,Absolute Mortality,ETmax,Low,30,-5e-05,50,0.5082,0.9141,ns
M5vsM6_raw_12m,natural_breaks,Absolute Mortality,GPPsat,Low,30,-0.0475,53.3,0.2295,0.8607,ns
M5vsM6_raw_12m,natural_breaks,Absolute Mortality,NEPmax,Low,30,-0.15168,60,0.129,0.685,ns
M5vsM6_raw_12m,natural_breaks,Absolute Mortality,WUE,Low,30,0.00163,50,0.6054,0.9141,ns
M5vsM6_raw_12m,natural_breaks,Absolute Mortality,uWUE,Low,30,-0.00385,56.7,0.3181,0.9141,ns
M5vsM6_raw_12m,natural_breaks,Relative Mortality,ETmax,High,26,0.0014,30.8,0.8787,0.9414,ns
M5vsM6_raw_12m,natural_breaks,Relative Mortality,GPPsat,High,26,0.09374,38.5,0.7536,0.9141,ns
M5vsM6_raw_12m,natural_breaks,Relative Mortality,NEPmax,High,26,0.0012,50,0.39,0.9141,ns
M5vsM6_raw_12m,natural_breaks,Relative Mortality,WUE,High,26,0.00613,42.3,0.8061,0.9301,ns
M5vsM6_raw_12m,natural_breaks,Relative Mortality,uWUE,High,26,0.00827,34.6,0.8569,0.9414,ns
M5vsM6_raw_12m,natural_breaks,Relative Mortality,ETmax,Mid,32,-0.00056,59.4,0.2534,0.8645,ns
M5vsM6_raw_12m,natural_breaks,Relative Mortality,GPPsat,Mid,32,-0.07361,53.1,0.6833,0.9141,ns
M5vsM6_raw_12m,natural_breaks,Relative Mortality,NEPmax,Mid,32,0.07032,43.8,0.6283,0.9141,ns
M5vsM6_raw_12m,natural_breaks,Relative Mortality,WUE,Mid,32,-0.02245,56.2,0.137,0.685,ns
M5vsM6_raw_12m,natural_breaks,Relative Mortality,uWUE,Mid,32,-0.005,53.1,0.5037,0.9141,ns
M5vsM6_raw_12m,natural_breaks,Relative Mortality,ETmax,Low,35,-0.00068,54.3,0.4189,0.9141,ns
M5vsM6_raw_12m,natural_breaks,Relative Mortality,GPPsat,Low,35,-0.03931,54.3,0.1309,0.685,ns
M5vsM6_raw_12m,natural_breaks,Relative Mortality,NEPmax,Low,35,-0.16142,60,0.0339,0.6778,ns
M5vsM6_raw_12m,natural_breaks,Relative Mortality,WUE,Low,35,-0.00919,54.3,0.5294,0.9141,ns
M5vsM6_raw_12m,natural_breaks,Relative Mortality,uWUE,Low,35,0.00015,48.6,0.6971,0.9141,ns
M5vsM6_raw_12m,natural_breaks,Relative Disturbance,ETmax,Mid,35,-0.00093,62.9,0.06698,0.6778,ns
M5vsM6_raw_12m,natural_breaks,Relative Disturbance,GPPsat,Mid,35,-3e-05,51.4,0.4967,0.9141,ns
M5vsM6_raw_12m,natural_breaks,Relative Disturbance,NEPmax,Mid,35,0.19272,40,0.7719,0.9141,ns
M5vsM6_raw_12m,natural_breaks,Relative Disturbance,WUE,Mid,35,-0.02519,57.1,0.03516,0.6778,ns
M5vsM6_raw_12m,natural_breaks,Relative Disturbance,uWUE,Mid,35,-0.00323,51.4,0.4576,0.9141,ns
M5vsM6_raw_12m,natural_breaks,Relative Disturbance,ETmax,Low,35,-0.00013,51.4,0.725,0.9141,ns
M5vsM6_raw_12m,natural_breaks,Relative Disturbance,GPPsat,Low,35,-0.05569,54.3,0.1949,0.8607,ns
M5vsM6_raw_12m,natural_breaks,Relative Disturbance,NEPmax,Low,35,-0.14195,57.1,0.04659,0.6778,ns
M5vsM6_raw_12m,natural_breaks,Relative Disturbance,WUE,Low,35,-0.00919,54.3,0.7305,0.9141,ns
M5vsM6_raw_12m,natural_breaks,Relative Disturbance,uWUE,Low,35,0.00992,48.6,0.8583,0.9414,ns
M5vsM6_raw_12m,natural_breaks,Relative Disturbance,ETmax,High,23,0.00162,26.1,0.9299,0.951,ns
M5vsM6_raw_12m,natural_breaks,Relative Disturbance,GPPsat,High,23,0.10609,39.1,0.7434,0.9141,ns
M5vsM6_raw_12m,natural_breaks,Relative Disturbance,NEPmax,High,23,-0.17125,60.9,0.1034,0.685,ns
M5vsM6_raw_12m,natural_breaks,Relative Disturbance,WUE,High,23,0.01922,39.1,0.9071,0.9493,ns
M5vsM6_raw_12m,natural_breaks,Relative Disturbance,uWUE,High,23,0.00833,34.8,0.7335,0.9141,ns
M5vsM6_raw_24m,tertiles,Absolute Mortality,ETmax,High,31,-1e-04,54.8,0.2685,0.5254,ns
M5vsM6_raw_24m,tertiles,Absolute Mortality,GPPsat,High,31,-0.042,54.8,0.2372,0.5083,ns
M5vsM6_raw_24m,tertiles,Absolute Mortality,NEPmax,High,31,-0.12938,61.3,0.07488,0.3948,ns
M5vsM6_raw_24m,tertiles,Absolute Mortality,WUE,High,31,-0.00467,54.8,0.3296,0.5613,ns
M5vsM6_raw_24m,tertiles,Absolute Mortality,uWUE,High,31,-0.01228,67.7,0.01757,0.2636,ns
M5vsM6_raw_24m,tertiles,Absolute Mortality,ETmax,Mid,31,-0.00022,58.1,0.4727,0.6647,ns
M5vsM6_raw_24m,tertiles,Absolute Mortality,GPPsat,Mid,31,-0.2133,61.3,0.06692,0.3948,ns
M5vsM6_raw_24m,tertiles,Absolute Mortality,NEPmax,Mid,31,-0.11949,54.8,0.1428,0.4283,ns
M5vsM6_raw_24m,tertiles,Absolute Mortality,WUE,Mid,31,-0.0087,51.6,0.3296,0.5613,ns
M5vsM6_raw_24m,tertiles,Absolute Mortality,uWUE,Mid,31,-0.00456,54.8,0.4262,0.6613,ns
M5vsM6_raw_24m,tertiles,Absolute Mortality,ETmax,Low,31,-0.00035,51.6,0.4649,0.6647,ns
M5vsM6_raw_24m,tertiles,Absolute Mortality,GPPsat,Low,31,0.07547,45.2,0.5273,0.671,ns
M5vsM6_raw_24m,tertiles,Absolute Mortality,NEPmax,Low,31,0.03479,45.2,0.5738,0.671,ns
M5vsM6_raw_24m,tertiles,Absolute Mortality,WUE,Low,31,-0.02079,58.1,0.197,0.4432,ns
M5vsM6_raw_24m,tertiles,Absolute Mortality,uWUE,Low,31,0.00956,41.9,0.6268,0.6879,ns
M5vsM6_raw_24m,tertiles,Relative Mortality,ETmax,High,31,0.00035,41.9,0.9511,0.9511,ns
M5vsM6_raw_24m,tertiles,Relative Mortality,GPPsat,High,31,-0.41162,67.7,0.01674,0.2636,ns
M5vsM6_raw_24m,tertiles,Relative Mortality,NEPmax,High,31,-0.10524,58.1,0.1341,0.4283,ns
M5vsM6_raw_24m,tertiles,Relative Mortality,WUE,High,31,0.00063,48.4,0.6982,0.7481,ns
M5vsM6_raw_24m,tertiles,Relative Mortality,uWUE,High,31,-0.00725,61.3,0.1141,0.3948,ns
M5vsM6_raw_24m,tertiles,Relative Mortality,ETmax,Mid,31,-0.00112,71,0.005578,0.251,ns
M5vsM6_raw_24m,tertiles,Relative Mortality,GPPsat,Mid,31,0.13043,41.9,0.6119,0.6879,ns
M5vsM6_raw_24m,tertiles,Relative Mortality,NEPmax,Mid,31,0.00927,48.4,0.5507,0.671,ns
M5vsM6_raw_24m,tertiles,Relative Mortality,WUE,Mid,31,-0.01243,51.6,0.1709,0.4432,ns
M5vsM6_raw_24m,tertiles,Relative Mortality,uWUE,Mid,31,-0.00397,58.1,0.3018,0.5613,ns
M5vsM6_raw_24m,tertiles,Relative Mortality,ETmax,Low,31,-0.00022,51.6,0.5195,0.671,ns
M5vsM6_raw_24m,tertiles,Relative Mortality,GPPsat,Low,31,-0.04499,51.6,0.2685,0.5254,ns
M5vsM6_raw_24m,tertiles,Relative Mortality,NEPmax,Low,31,-0.05585,54.8,0.08355,0.3948,ns
M5vsM6_raw_24m,tertiles,Relative Mortality,WUE,Low,31,-0.02337,64.5,0.07488,0.3948,ns
M5vsM6_raw_24m,tertiles,Relative Mortality,uWUE,Low,31,0.00583,45.2,0.4493,0.6647,ns
M5vsM6_raw_24m,tertiles,Relative Disturbance,ETmax,High,31,0.00034,45.2,0.8482,0.8675,ns
M5vsM6_raw_24m,tertiles,Relative Disturbance,GPPsat,High,31,-0.07046,58.1,0.1811,0.4432,ns
M5vsM6_raw_24m,tertiles,Relative Disturbance,NEPmax,High,31,-0.12938,58.1,0.1067,0.3948,ns
M5vsM6_raw_24m,tertiles,Relative Disturbance,WUE,High,31,-0.00189,51.6,0.5584,0.671,ns
M5vsM6_raw_24m,tertiles,Relative Disturbance,uWUE,High,31,-0.00553,61.3,0.1612,0.4432,ns
M5vsM6_raw_24m,tertiles,Relative Disturbance,ETmax,Mid,31,-0.00097,71,0.02445,0.2751,ns
M5vsM6_raw_24m,tertiles,Relative Disturbance,GPPsat,Mid,31,-0.0339,51.6,0.1916,0.4432,ns
M5vsM6_raw_24m,tertiles,Relative Disturbance,NEPmax,Mid,31,0.00927,48.4,0.5815,0.671,ns
M5vsM6_raw_24m,tertiles,Relative Disturbance,WUE,Mid,31,-0.01447,61.3,0.06441,0.3948,ns
M5vsM6_raw_24m,tertiles,Relative Disturbance,uWUE,Mid,31,-0.0056,61.3,0.08974,0.3948,ns
M5vsM6_raw_24m,tertiles,Relative Disturbance,ETmax,Low,31,7e-05,48.4,0.5661,0.671,ns
M5vsM6_raw_24m,tertiles,Relative Disturbance,GPPsat,Low,31,-0.04499,51.6,0.3585,0.5761,ns
M5vsM6_raw_24m,tertiles,Relative Disturbance,NEPmax,Low,31,-0.02985,54.8,0.1067,0.3948,ns
M5vsM6_raw_24m,tertiles,Relative Disturbance,WUE,Low,31,-0.00699,51.6,0.3368,0.5613,ns
M5vsM6_raw_24m,tertiles,Relative Disturbance,uWUE,Low,31,0.01031,41.9,0.7184,0.7518,ns
M5vsM6_raw_24m,equal_width,Absolute Mortality,ETmax,Mid,35,-6e-05,54.3,0.4317,0.645,ns
M5vsM6_raw_24m,equal_width,Absolute Mortality,GPPsat,Mid,35,-0.04061,51.4,0.2695,0.5549,ns
M5vsM6_raw_24m,equal_width,Absolute Mortality,NEPmax,Mid,35,-0.06225,51.4,0.2483,0.5432,ns
M5vsM6_raw_24m,equal_width,Absolute Mortality,WUE,Mid,35,0.00182,48.6,0.5939,0.645,ns
M5vsM6_raw_24m,equal_width,Absolute Mortality,uWUE,Mid,35,-0.01219,68.6,0.02516,0.3322,ns
M5vsM6_raw_24m,equal_width,Absolute Mortality,ETmax,Low,53,-0.00035,54.7,0.3851,0.636,ns
M5vsM6_raw_24m,equal_width,Absolute Mortality,GPPsat,Low,53,-0.06036,54.7,0.116,0.4061,ns
M5vsM6_raw_24m,equal_width,Absolute Mortality,NEPmax,Low,53,-0.02985,52.8,0.2052,0.4787,ns
M5vsM6_raw_24m,equal_width,Absolute Mortality,WUE,Low,53,-0.01811,60.4,0.05074,0.3349,ns
M5vsM6_raw_24m,equal_width,Absolute Mortality,uWUE,Low,53,0.00641,45.3,0.6081,0.645,ns
M5vsM6_raw_24m,equal_width,Absolute Mortality,ETmax,High,5,-1e-04,60,,,""
M5vsM6_raw_24m,equal_width,Absolute Mortality,GPPsat,High,5,-0.042,60,,,""
M5vsM6_raw_24m,equal_width,Absolute Mortality,NEPmax,High,5,-0.39523,80,,,""
M5vsM6_raw_24m,equal_width,Absolute Mortality,WUE,High,5,0.00063,40,,,""
M5vsM6_raw_24m,equal_width,Absolute Mortality,uWUE,High,5,-0.00553,60,,,""
M5vsM6_raw_24m,equal_width,Relative Mortality,ETmax,Mid,33,-4e-05,51.5,0.6978,0.7184,ns
M5vsM6_raw_24m,equal_width,Relative Mortality,GPPsat,Mid,33,-0.44873,66.7,0.0175,0.3322,ns
M5vsM6_raw_24m,equal_width,Relative Mortality,NEPmax,Mid,33,0.00927,48.5,0.3739,0.636,ns
M5vsM6_raw_24m,equal_width,Relative Mortality,WUE,Mid,33,-0.00189,51.5,0.5639,0.645,ns
M5vsM6_raw_24m,equal_width,Relative Mortality,uWUE,Mid,33,-0.00169,54.5,0.296,0.5755,ns
M5vsM6_raw_24m,equal_width,Relative Mortality,ETmax,Low,53,-0.00041,58.5,0.188,0.4787,ns
M5vsM6_raw_24m,equal_width,Relative Mortality,GPPsat,Low,53,0.06459,45.3,0.5353,0.645,ns
M5vsM6_raw_24m,equal_width,Relative Mortality,NEPmax,Low,53,-0.02985,52.8,0.1695,0.4787,ns
M5vsM6_raw_24m,equal_width,Relative Mortality,WUE,Low,53,-0.01799,56.6,0.08639,0.378,ns
M5vsM6_raw_24m,equal_width,Relative Mortality,uWUE,Low,53,-0.00128,50.9,0.4437,0.645,ns
M5vsM6_raw_24m,equal_width,Relative Mortality,ETmax,High,7,6e-05,42.9,0.6001,0.645,ns
M5vsM6_raw_24m,equal_width,Relative Mortality,GPPsat,High,7,-0.042,57.1,0.5337,0.645,ns
M5vsM6_raw_24m,equal_width,Relative Mortality,NEPmax,High,7,-0.39523,85.7,0.03796,0.3322,ns
M5vsM6_raw_24m,equal_width,Relative Mortality,WUE,High,7,-0.00467,57.1,0.3363,0.6195,ns
M5vsM6_raw_24m,equal_width,Relative Mortality,uWUE,High,7,-0.06351,85.7,0.03796,0.3322,ns
M5vsM6_raw_24m,equal_width,Relative Disturbance,ETmax,Mid,35,0.00034,45.7,0.7568,0.7568,ns
M5vsM6_raw_24m,equal_width,Relative Disturbance,GPPsat,Mid,35,-0.44461,62.9,0.06698,0.3349,ns
M5vsM6_raw_24m,equal_width,Relative Disturbance,NEPmax,Mid,35,0.00927,48.6,0.3998,0.636,ns
M5vsM6_raw_24m,equal_width,Relative Disturbance,WUE,Mid,35,-0.00189,51.4,0.6065,0.645,ns
M5vsM6_raw_24m,equal_width,Relative Disturbance,uWUE,Mid,35,-0.0035,57.1,0.1995,0.4787,ns
M5vsM6_raw_24m,equal_width,Relative Disturbance,ETmax,Low,53,-5e-04,60.4,0.1695,0.4787,ns
M5vsM6_raw_24m,equal_width,Relative Disturbance,GPPsat,Low,53,0.06459,45.3,0.5106,0.645,ns
M5vsM6_raw_24m,equal_width,Relative Disturbance,NEPmax,Low,53,-0.05585,54.7,0.09809,0.3815,ns
M5vsM6_raw_24m,equal_width,Relative Disturbance,WUE,Low,53,-0.01799,56.6,0.06617,0.3349,ns
M5vsM6_raw_24m,equal_width,Relative Disturbance,uWUE,Low,53,0.00149,49.1,0.5141,0.645,ns
M5vsM6_raw_24m,equal_width,Relative Disturbance,ETmax,High,5,-1e-04,60,,,""
M5vsM6_raw_24m,equal_width,Relative Disturbance,GPPsat,High,5,-0.16105,80,,,""
M5vsM6_raw_24m,equal_width,Relative Disturbance,NEPmax,High,5,-0.10524,80,,,""
M5vsM6_raw_24m,equal_width,Relative Disturbance,WUE,High,5,-0.03023,60,,,""
M5vsM6_raw_24m,equal_width,Relative Disturbance,uWUE,High,5,-0.07232,100,,,""
M5vsM6_raw_24m,natural_breaks,Absolute Mortality,ETmax,High,20,-1e-04,60,0.2568,0.4664,ns
M5vsM6_raw_24m,natural_breaks,Absolute Mortality,GPPsat,High,20,-0.30405,65,0.2005,0.4296,ns
M5vsM6_raw_24m,natural_breaks,Absolute Mortality,NEPmax,High,20,-0.10486,60,0.1523,0.4031,ns
M5vsM6_raw_24m,natural_breaks,Absolute Mortality,WUE,High,20,0.00826,40,0.7889,0.8453,ns
M5vsM6_raw_24m,natural_breaks,Absolute Mortality,uWUE,High,20,-0.0126,70,0.025,0.2812,ns
M5vsM6_raw_24m,natural_breaks,Absolute Mortality,ETmax,Mid,43,-0.00022,55.8,0.3883,0.5824,ns
M5vsM6_raw_24m,natural_breaks,Absolute Mortality,GPPsat,Mid,43,-0.07046,55.8,0.09922,0.3103,ns
M5vsM6_raw_24m,natural_breaks,Absolute Mortality,NEPmax,Mid,43,-0.12938,55.8,0.1195,0.3362,ns
M5vsM6_raw_24m,natural_breaks,Absolute Mortality,WUE,Mid,43,-0.01811,60.5,0.06483,0.3103,ns
M5vsM6_raw_24m,natural_breaks,Absolute Mortality,uWUE,Mid,43,-0.00397,55.8,0.2591,0.4664,ns
M5vsM6_raw_24m,natural_breaks,Absolute Mortality,ETmax,Low,30,-0.00014,50,0.541,0.714,ns
M5vsM6_raw_24m,natural_breaks,Absolute Mortality,GPPsat,Low,30,0.07897,43.3,0.5164,0.7042,ns
M5vsM6_raw_24m,natural_breaks,Absolute Mortality,NEPmax,Low,30,0.02044,46.7,0.4836,0.6801,ns
M5vsM6_raw_24m,natural_breaks,Absolute Mortality,WUE,Low,30,-0.01763,56.7,0.2754,0.4767,ns
M5vsM6_raw_24m,natural_breaks,Absolute Mortality,uWUE,Low,30,0.01131,43.3,0.6133,0.7666,ns
M5vsM6_raw_24m,natural_breaks,Relative Mortality,ETmax,High,26,0.00042,42.3,0.9393,0.9513,ns
M5vsM6_raw_24m,natural_breaks,Relative Mortality,GPPsat,High,26,-0.11575,61.5,0.08914,0.3103,ns
M5vsM6_raw_24m,natural_breaks,Relative Mortality,NEPmax,High,26,-0.12243,57.7,0.1021,0.3103,ns
M5vsM6_raw_24m,natural_breaks,Relative Mortality,WUE,High,26,0.00075,46.2,0.7031,0.8076,ns
M5vsM6_raw_24m,natural_breaks,Relative Mortality,uWUE,High,26,-0.00361,57.7,0.1803,0.4056,ns
M5vsM6_raw_24m,natural_breaks,Relative Mortality,ETmax,Mid,32,-0.00106,65.6,0.02221,0.2812,ns
M5vsM6_raw_24m,natural_breaks,Relative Mortality,GPPsat,Mid,32,-0.04713,53.1,0.2301,0.4664,ns
M5vsM6_raw_24m,natural_breaks,Relative Mortality,NEPmax,Mid,32,0.01898,46.9,0.7221,0.8076,ns
M5vsM6_raw_24m,natural_breaks,Relative Mortality,WUE,Mid,32,-0.01056,56.2,0.1631,0.4056,ns
M5vsM6_raw_24m,natural_breaks,Relative Mortality,uWUE,Mid,32,-0.00972,65.6,0.08466,0.3103,ns
M5vsM6_raw_24m,natural_breaks,Relative Mortality,ETmax,Low,35,-0.00022,54.3,0.4446,0.6454,ns
M5vsM6_raw_24m,natural_breaks,Relative Mortality,GPPsat,Low,35,0.00119,48.6,0.3685,0.5824,ns
M5vsM6_raw_24m,natural_breaks,Relative Mortality,NEPmax,Low,35,-0.08145,57.1,0.04199,0.3103,ns
M5vsM6_raw_24m,natural_breaks,Relative Mortality,WUE,Low,35,-0.02079,60,0.1022,0.3103,ns
M5vsM6_raw_24m,natural_breaks,Relative Mortality,uWUE,Low,35,0.01031,42.9,0.6797,0.8076,ns
M5vsM6_raw_24m,natural_breaks,Relative Disturbance,ETmax,Mid,35,-0.00099,71.4,0.01838,0.2812,ns
M5vsM6_raw_24m,natural_breaks,Relative Disturbance,GPPsat,Mid,35,-0.0339,51.4,0.2536,0.4664,ns
M5vsM6_raw_24m,natural_breaks,Relative Disturbance,NEPmax,Mid,35,0.02869,45.7,0.7358,0.8076,ns
M5vsM6_raw_24m,natural_breaks,Relative Disturbance,WUE,Mid,35,-0.02802,65.7,0.01268,0.2812,ns
M5vsM6_raw_24m,natural_breaks,Relative Disturbance,uWUE,Mid,35,-0.00725,62.9,0.07133,0.3103,ns
M5vsM6_raw_24m,natural_breaks,Relative Disturbance,ETmax,Low,35,7e-05,48.6,0.5554,0.714,ns
M5vsM6_raw_24m,natural_breaks,Relative Disturbance,GPPsat,Low,35,-0.04499,51.4,0.3262,0.5437,ns
M5vsM6_raw_24m,natural_breaks,Relative Disturbance,NEPmax,Low,35,-0.02985,54.3,0.08069,0.3103,ns
M5vsM6_raw_24m,natural_breaks,Relative Disturbance,WUE,Low,35,-0.00699,51.4,0.3809,0.5824,ns
M5vsM6_raw_24m,natural_breaks,Relative Disturbance,uWUE,Low,35,0.00583,45.7,0.725,0.8076,ns
M5vsM6_raw_24m,natural_breaks,Relative Disturbance,ETmax,High,23,5e-04,39.1,0.9513,0.9513,ns
M5vsM6_raw_24m,natural_breaks,Relative Disturbance,GPPsat,High,23,-0.16105,60.9,0.1034,0.3103,ns
M5vsM6_raw_24m,natural_breaks,Relative Disturbance,NEPmax,High,23,-0.21254,65.2,0.06227,0.3103,ns
M5vsM6_raw_24m,natural_breaks,Relative Disturbance,WUE,High,23,0.00088,43.5,0.8385,0.8775,ns
M5vsM6_raw_24m,natural_breaks,Relative Disturbance,uWUE,High,23,-0.00553,56.5,0.1768,0.4056,ns
M5vsM6_anom_12m,tertiles,Absolute Mortality,ETmax,High,31,-0.00123,54.8,0.0695,0.1295,ns
M5vsM6_anom_12m,tertiles,Absolute Mortality,GPPsat,High,31,0.07969,48.4,0.275,0.3257,ns
M5vsM6_anom_12m,tertiles,Absolute Mortality,NEPmax,High,31,-0.70989,71,0.01122,0.0721,ns
M5vsM6_anom_12m,tertiles,Absolute Mortality,WUE,High,31,-0.04688,54.8,0.1179,0.1608,ns
M5vsM6_anom_12m,tertiles,Absolute Mortality,uWUE,High,31,-0.05722,51.6,0.08058,0.1295,ns
M5vsM6_anom_12m,tertiles,Absolute Mortality,ETmax,Mid,31,0.00024,45.2,0.3439,0.3775,ns
M5vsM6_anom_12m,tertiles,Absolute Mortality,GPPsat,Mid,31,-0.59271,71,0.009103,0.0721,ns
M5vsM6_anom_12m,tertiles,Absolute Mortality,NEPmax,Mid,31,-0.59396,64.5,0.07769,0.1295,ns
M5vsM6_anom_12m,tertiles,Absolute Mortality,WUE,Mid,31,-0.03744,61.3,0.1031,0.1547,ns
M5vsM6_anom_12m,tertiles,Absolute Mortality,uWUE,Mid,31,-0.01378,54.8,0.2253,0.274,ns
M5vsM6_anom_12m,tertiles,Absolute Mortality,ETmax,Low,31,-1e-05,51.6,0.5661,0.5925,ns
M5vsM6_anom_12m,tertiles,Absolute Mortality,GPPsat,Low,31,-0.89024,67.7,0.01374,0.07715,ns
M5vsM6_anom_12m,tertiles,Absolute Mortality,NEPmax,Low,31,-1.29308,71,0.004447,0.06636,ns
M5vsM6_anom_12m,tertiles,Absolute Mortality,WUE,Low,31,-0.06975,64.5,0.02127,0.07715,ns
M5vsM6_anom_12m,tertiles,Absolute Mortality,uWUE,Low,31,-0.05004,67.7,0.05089,0.1272,ns
M5vsM6_anom_12m,tertiles,Relative Mortality,ETmax,High,31,0.00103,41.9,0.295,0.3395,ns
M5vsM6_anom_12m,tertiles,Relative Mortality,GPPsat,High,31,-0.42971,64.5,0.06198,0.1295,ns
M5vsM6_anom_12m,tertiles,Relative Mortality,NEPmax,High,31,-0.77461,67.7,0.01674,0.07715,ns
M5vsM6_anom_12m,tertiles,Relative Mortality,WUE,High,31,-0.03641,51.6,0.166,0.2134,ns
M5vsM6_anom_12m,tertiles,Relative Mortality,uWUE,High,31,-0.05722,58.1,0.07769,0.1295,ns
M5vsM6_anom_12m,tertiles,Relative Mortality,ETmax,Mid,31,-0.00081,58.1,0.1067,0.1549,ns
M5vsM6_anom_12m,tertiles,Relative Mortality,GPPsat,Mid,31,-0.6731,58.1,0.06198,0.1295,ns
M5vsM6_anom_12m,tertiles,Relative Mortality,NEPmax,Mid,31,-0.6367,67.7,0.03494,0.1048,ns
M5vsM6_anom_12m,tertiles,Relative Mortality,WUE,Mid,31,-0.08121,71,0.02029,0.07715,ns
M5vsM6_anom_12m,tertiles,Relative Mortality,uWUE,Mid,31,-0.03343,51.6,0.166,0.2134,ns
M5vsM6_anom_12m,tertiles,Relative Mortality,ETmax,Low,31,-0.00084,51.6,0.6043,0.6181,ns
M5vsM6_anom_12m,tertiles,Relative Mortality,GPPsat,Low,31,-0.86432,64.5,0.01844,0.07715,ns
M5vsM6_anom_12m,tertiles,Relative Mortality,NEPmax,Low,31,-1.02137,71,0.005899,0.06636,ns
M5vsM6_anom_12m,tertiles,Relative Mortality,WUE,Low,31,-0.03401,58.1,0.1031,0.1547,ns
M5vsM6_anom_12m,tertiles,Relative Mortality,uWUE,Low,31,-0.03425,64.5,0.06692,0.1295,ns
M5vsM6_anom_12m,tertiles,Relative Disturbance,ETmax,High,31,0.00101,41.9,0.3018,0.3395,ns
M5vsM6_anom_12m,tertiles,Relative Disturbance,GPPsat,High,31,-0.42971,58.1,0.1103,0.1551,ns
M5vsM6_anom_12m,tertiles,Relative Disturbance,NEPmax,High,31,-0.59396,64.5,0.02445,0.07859,ns
M5vsM6_anom_12m,tertiles,Relative Disturbance,WUE,High,31,0.01864,45.2,0.3732,0.3999,ns
M5vsM6_anom_12m,tertiles,Relative Disturbance,uWUE,High,31,-0.01378,51.6,0.1916,0.2395,ns
M5vsM6_anom_12m,tertiles,Relative Disturbance,ETmax,Mid,31,-0.00199,61.3,0.05963,0.1295,ns
M5vsM6_anom_12m,tertiles,Relative Disturbance,GPPsat,Mid,31,-0.6731,64.5,0.01011,0.0721,ns
M5vsM6_anom_12m,tertiles,Relative Disturbance,NEPmax,Mid,31,-0.88303,71,0.005578,0.06636,ns
M5vsM6_anom_12m,tertiles,Relative Disturbance,WUE,Mid,31,-0.10965,74.2,0.003524,0.06636,ns
M5vsM6_anom_12m,tertiles,Relative Disturbance,uWUE,Mid,31,-0.03453,54.8,0.07769,0.1295,ns
M5vsM6_anom_12m,tertiles,Relative Disturbance,ETmax,Low,31,0.00146,48.4,0.6982,0.6982,ns
M5vsM6_anom_12m,tertiles,Relative Disturbance,GPPsat,Low,31,-0.72524,64.5,0.04692,0.1242,ns
M5vsM6_anom_12m,tertiles,Relative Disturbance,NEPmax,Low,31,-0.64946,71,0.02229,0.07715,ns
M5vsM6_anom_12m,tertiles,Relative Disturbance,WUE,Low,31,-0.03744,61.3,0.08058,0.1295,ns
M5vsM6_anom_12m,tertiles,Relative Disturbance,uWUE,Low,31,-0.05004,67.7,0.0432,0.1215,ns
M5vsM6_anom_12m,equal_width,Absolute Mortality,ETmax,Mid,35,1e-05,48.6,0.2973,0.3642,ns
M5vsM6_anom_12m,equal_width,Absolute Mortality,GPPsat,Mid,35,-0.13863,54.3,0.2432,0.3642,ns
M5vsM6_anom_12m,equal_width,Absolute Mortality,NEPmax,Mid,35,-0.50346,65.7,0.03914,0.08562,ns
M5vsM6_anom_12m,equal_width,Absolute Mortality,WUE,Mid,35,-0.04688,57.1,0.1241,0.2286,ns
M5vsM6_anom_12m,equal_width,Absolute Mortality,uWUE,Mid,35,0.00263,48.6,0.2695,0.3642,ns
M5vsM6_anom_12m,equal_width,Absolute Mortality,ETmax,Low,53,-1e-05,50.9,0.329,0.3642,ns
M5vsM6_anom_12m,equal_width,Absolute Mortality,GPPsat,Low,53,-1.07211,71.7,0.0003719,0.006508,**
M5vsM6_anom_12m,equal_width,Absolute Mortality,NEPmax,Low,53,-1.19154,73.6,0.00026,0.006508,**
M5vsM6_anom_12m,equal_width,Absolute Mortality,WUE,Low,53,-0.04557,64.2,0.004869,0.02434,*
M5vsM6_anom_12m,equal_width,Absolute Mortality,uWUE,Low,53,-0.05004,64.2,0.01227,0.04294,*
M5vsM6_anom_12m,equal_width,Absolute Mortality,ETmax,High,5,-0.00535,60,,,""
M5vsM6_anom_12m,equal_width,Absolute Mortality,GPPsat,High,5,0.64187,20,,,""
M5vsM6_anom_12m,equal_width,Absolute Mortality,NEPmax,High,5,0.74989,40,,,""
M5vsM6_anom_12m,equal_width,Absolute Mortality,WUE,High,5,0.03951,40,,,""
M5vsM6_anom_12m,equal_width,Absolute Mortality,uWUE,High,5,-0.10797,60,,,""
M5vsM6_anom_12m,equal_width,Relative Mortality,ETmax,Mid,33,0.00101,39.4,0.4857,0.4857,ns
M5vsM6_anom_12m,equal_width,Relative Mortality,GPPsat,Mid,33,-0.42971,63.6,0.07644,0.1486,ns
M5vsM6_anom_12m,equal_width,Relative Mortality,NEPmax,Mid,33,-0.59396,69.7,0.01601,0.05094,ns
M5vsM6_anom_12m,equal_width,Relative Mortality,WUE,Mid,33,-0.02538,51.5,0.3537,0.3642,ns
M5vsM6_anom_12m,equal_width,Relative Mortality,uWUE,Mid,33,-0.01378,51.5,0.2777,0.3642,ns
M5vsM6_anom_12m,equal_width,Relative Mortality,ETmax,Low,53,-0.00084,54.7,0.3517,0.3642,ns
M5vsM6_anom_12m,equal_width,Relative Mortality,GPPsat,Low,53,-0.86432,64.2,0.003466,0.02022,*
M5vsM6_anom_12m,equal_width,Relative Mortality,NEPmax,Low,53,-0.88303,69.8,0.002307,0.02022,*
M5vsM6_anom_12m,equal_width,Relative Mortality,WUE,Low,53,-0.08121,66,0.002951,0.02022,*
M5vsM6_anom_12m,equal_width,Relative Mortality,uWUE,Low,53,-0.05004,62.3,0.01915,0.05157,ns
M5vsM6_anom_12m,equal_width,Relative Mortality,ETmax,High,7,-0.00663,71.4,0.03796,0.08562,ns
M5vsM6_anom_12m,equal_width,Relative Mortality,GPPsat,High,7,0.29116,42.9,0.3363,0.3642,ns
M5vsM6_anom_12m,equal_width,Relative Mortality,NEPmax,High,7,-0.77461,57.1,0.1359,0.2379,ns
M5vsM6_anom_12m,equal_width,Relative Mortality,WUE,High,7,-0.10524,57.1,0.2771,0.3642,ns
M5vsM6_anom_12m,equal_width,Relative Mortality,uWUE,High,7,-0.16106,57.1,0.2234,0.3642,ns
M5vsM6_anom_12m,equal_width,Relative Disturbance,ETmax,Mid,35,0.00101,40,0.3381,0.3642,ns
M5vsM6_anom_12m,equal_width,Relative Disturbance,GPPsat,Mid,35,-0.42971,62.9,0.04659,0.09592,ns
M5vsM6_anom_12m,equal_width,Relative Disturbance,NEPmax,Mid,35,-0.59396,62.9,0.02329,0.05823,ns
M5vsM6_anom_12m,equal_width,Relative Disturbance,WUE,Mid,35,-0.03641,51.4,0.2642,0.3642,ns
M5vsM6_anom_12m,equal_width,Relative Disturbance,uWUE,Mid,35,-0.01378,51.4,0.3441,0.3642,ns
M5vsM6_anom_12m,equal_width,Relative Disturbance,ETmax,Low,53,-0.00084,56.6,0.3322,0.3642,ns
M5vsM6_anom_12m,equal_width,Relative Disturbance,GPPsat,Low,53,-0.72524,62.3,0.00764,0.03343,*
M5vsM6_anom_12m,equal_width,Relative Disturbance,NEPmax,Low,53,-0.84005,71.7,0.003199,0.02022,*
M5vsM6_anom_12m,equal_width,Relative Disturbance,WUE,Low,53,-0.06975,66,0.008624,0.03354,*
M5vsM6_anom_12m,equal_width,Relative Disturbance,uWUE,Low,53,-0.03759,62.3,0.01915,0.05157,ns
M5vsM6_anom_12m,equal_width,Relative Disturbance,ETmax,High,5,-0.00663,60,,,""
M5vsM6_anom_12m,equal_width,Relative Disturbance,GPPsat,High,5,-1.95177,60,,,""
M5vsM6_anom_12m,equal_width,Relative Disturbance,NEPmax,High,5,-3.89469,80,,,""
M5vsM6_anom_12m,equal_width,Relative Disturbance,WUE,High,5,-0.17864,60,,,""
M5vsM6_anom_12m,equal_width,Relative Disturbance,uWUE,High,5,-0.19806,60,,,""
M5vsM6_anom_12m,natural_breaks,Absolute Mortality,ETmax,High,20,-0.00144,55,0.07015,0.1263,ns
M5vsM6_anom_12m,natural_breaks,Absolute Mortality,GPPsat,High,20,0.00407,50,0.3204,0.3697,ns
M5vsM6_anom_12m,natural_breaks,Absolute Mortality,NEPmax,High,20,-0.48148,65,0.04833,0.1105,ns
M5vsM6_anom_12m,natural_breaks,Absolute Mortality,WUE,High,20,0.03899,45,0.4187,0.4486,ns
M5vsM6_anom_12m,natural_breaks,Absolute Mortality,uWUE,High,20,-0.03383,50,0.1125,0.1688,ns
M5vsM6_anom_12m,natural_breaks,Absolute Mortality,ETmax,Mid,43,1e-05,48.8,0.2514,0.3057,ns
M5vsM6_anom_12m,natural_breaks,Absolute Mortality,GPPsat,Mid,43,-0.56541,65.1,0.008268,0.07441,ns
M5vsM6_anom_12m,natural_breaks,Absolute Mortality,NEPmax,Mid,43,-0.70989,69.8,0.0142,0.07467,ns
M5vsM6_anom_12m,natural_breaks,Absolute Mortality,WUE,Mid,43,-0.06631,62.8,0.03552,0.107,ns
M5vsM6_anom_12m,natural_breaks,Absolute Mortality,uWUE,Mid,43,-0.03453,55.8,0.1481,0.215,ns
M5vsM6_anom_12m,natural_breaks,Absolute Mortality,ETmax,Low,30,0.00111,50,0.5734,0.6001,ns
M5vsM6_anom_12m,natural_breaks,Absolute Mortality,GPPsat,Low,30,-0.87728,66.7,0.01985,0.07467,ns
M5vsM6_anom_12m,natural_breaks,Absolute Mortality,NEPmax,Low,30,-1.15722,70,0.006048,0.0736,ns
M5vsM6_anom_12m,natural_breaks,Absolute Mortality,WUE,Low,30,-0.07548,66.7,0.01888,0.07467,ns
M5vsM6_anom_12m,natural_breaks,Absolute Mortality,uWUE,Low,30,-0.04214,66.7,0.059,0.1154,ns
M5vsM6_anom_12m,natural_breaks,Relative Mortality,ETmax,High,26,0.00102,42.3,0.2711,0.321,ns
M5vsM6_anom_12m,natural_breaks,Relative Mortality,GPPsat,High,26,-0.3198,57.7,0.1672,0.2173,ns
M5vsM6_anom_12m,natural_breaks,Relative Mortality,NEPmax,High,26,-0.54871,65.4,0.03567,0.107,ns
M5vsM6_anom_12m,natural_breaks,Relative Mortality,WUE,High,26,0.01381,46.2,0.3422,0.3756,ns
M5vsM6_anom_12m,natural_breaks,Relative Mortality,uWUE,High,26,-0.04203,53.8,0.1067,0.1655,ns
M5vsM6_anom_12m,natural_breaks,Relative Mortality,ETmax,Mid,32,-0.00161,56.2,0.09371,0.1506,ns
M5vsM6_anom_12m,natural_breaks,Relative Mortality,GPPsat,Mid,32,-0.6734,62.5,0.02221,0.07688,ns
M5vsM6_anom_12m,natural_breaks,Relative Mortality,NEPmax,Mid,32,-0.77497,68.8,0.0154,0.07467,ns
M5vsM6_anom_12m,natural_breaks,Relative Mortality,WUE,Mid,32,-0.11199,71.9,0.01854,0.07467,ns
M5vsM6_anom_12m,natural_breaks,Relative Mortality,uWUE,Mid,32,-0.03398,53.1,0.1586,0.2162,ns
M5vsM6_anom_12m,natural_breaks,Relative Mortality,ETmax,Low,35,-1e-05,51.4,0.6253,0.6395,ns
M5vsM6_anom_12m,natural_breaks,Relative Mortality,GPPsat,Low,35,-0.72524,65.7,0.01991,0.07467,ns
M5vsM6_anom_12m,natural_breaks,Relative Mortality,NEPmax,Low,35,-1.02137,71.4,0.006543,0.0736,ns
M5vsM6_anom_12m,natural_breaks,Relative Mortality,WUE,Low,35,-0.03744,60,0.05888,0.1154,ns
M5vsM6_anom_12m,natural_breaks,Relative Mortality,uWUE,Low,35,-0.05004,65.7,0.05158,0.1105,ns
M5vsM6_anom_12m,natural_breaks,Relative Disturbance,ETmax,Mid,35,-0.00123,57.1,0.0759,0.1314,ns
M5vsM6_anom_12m,natural_breaks,Relative Disturbance,GPPsat,Mid,35,-0.85821,65.7,0.006248,0.0736,ns
M5vsM6_anom_12m,natural_breaks,Relative Disturbance,NEPmax,Mid,35,-1.013,74.3,0.00173,0.0736,ns
M5vsM6_anom_12m,natural_breaks,Relative Disturbance,WUE,Mid,35,-0.06832,68.6,0.01116,0.07467,ns
M5vsM6_anom_12m,natural_breaks,Relative Disturbance,uWUE,Mid,35,-0.03343,51.4,0.1569,0.2162,ns
M5vsM6_anom_12m,natural_breaks,Relative Disturbance,ETmax,Low,35,0.00146,48.6,0.7084,0.7084,ns
M5vsM6_anom_12m,natural_breaks,Relative Disturbance,GPPsat,Low,35,-0.70499,62.9,0.04659,0.1105,ns
M5vsM6_anom_12m,natural_breaks,Relative Disturbance,NEPmax,Low,35,-0.6367,65.7,0.04659,0.1105,ns
M5vsM6_anom_12m,natural_breaks,Relative Disturbance,WUE,Low,35,-0.03744,62.9,0.06283,0.1178,ns
M5vsM6_anom_12m,natural_breaks,Relative Disturbance,uWUE,Low,35,-0.05004,65.7,0.05158,0.1105,ns
M5vsM6_anom_12m,natural_breaks,Relative Disturbance,ETmax,High,23,0.00103,43.5,0.193,0.2413,ns
M5vsM6_anom_12m,natural_breaks,Relative Disturbance,GPPsat,High,23,-0.20989,56.5,0.169,0.2173,ns
M5vsM6_anom_12m,natural_breaks,Relative Disturbance,NEPmax,High,23,-0.50346,65.2,0.04016,0.1105,ns
M5vsM6_anom_12m,natural_breaks,Relative Disturbance,WUE,High,23,0.03847,43.5,0.3407,0.3756,ns
M5vsM6_anom_12m,natural_breaks,Relative Disturbance,uWUE,High,23,-0.07028,56.5,0.0832,0.1387,ns
M5vsM6_anom_24m,tertiles,Absolute Mortality,ETmax,High,31,0,48.4,0.2558,0.3385,ns
M5vsM6_anom_24m,tertiles,Absolute Mortality,GPPsat,High,31,-0.05566,51.6,0.1341,0.2607,ns
M5vsM6_anom_24m,tertiles,Absolute Mortality,NEPmax,High,31,-0.77159,71,0.01674,0.09418,ns
M5vsM6_anom_24m,tertiles,Absolute Mortality,WUE,High,31,-0.027,58.1,0.1428,0.2607,ns
M5vsM6_anom_24m,tertiles,Absolute Mortality,uWUE,High,31,-0.03469,61.3,0.07488,0.1982,ns
M5vsM6_anom_24m,tertiles,Absolute Mortality,ETmax,Mid,31,0.00012,45.2,0.7184,0.7184,ns
M5vsM6_anom_24m,tertiles,Absolute Mortality,GPPsat,Mid,31,-0.83234,64.5,0.01518,0.09418,ns
M5vsM6_anom_24m,tertiles,Absolute Mortality,NEPmax,Mid,31,-0.13321,58.1,0.09626,0.2166,ns
M5vsM6_anom_24m,tertiles,Absolute Mortality,WUE,Mid,31,-0.04388,58.1,0.1031,0.221,ns
M5vsM6_anom_24m,tertiles,Absolute Mortality,uWUE,Mid,31,-0.01648,54.8,0.3585,0.4221,ns
M5vsM6_anom_24m,tertiles,Absolute Mortality,ETmax,Low,31,-0.00056,51.6,0.3658,0.4221,ns
M5vsM6_anom_24m,tertiles,Absolute Mortality,GPPsat,Low,31,-0.95766,71,0.01674,0.09418,ns
M5vsM6_anom_24m,tertiles,Absolute Mortality,NEPmax,Low,31,-0.91388,58.1,0.04692,0.1692,ns
M5vsM6_anom_24m,tertiles,Absolute Mortality,WUE,Low,31,-0.04538,64.5,0.04887,0.1692,ns
M5vsM6_anom_24m,tertiles,Absolute Mortality,uWUE,Low,31,0.001,48.4,0.2883,0.3603,ns
M5vsM6_anom_24m,tertiles,Relative Mortality,ETmax,High,31,-3e-05,51.6,0.2883,0.3603,ns
M5vsM6_anom_24m,tertiles,Relative Mortality,GPPsat,High,31,-0.32465,54.8,0.07215,0.1982,ns
M5vsM6_anom_24m,tertiles,Relative Mortality,NEPmax,High,31,-0.6052,67.7,0.009103,0.09418,ns
M5vsM6_anom_24m,tertiles,Relative Mortality,WUE,High,31,-0.027,58.1,0.2312,0.3251,ns
M5vsM6_anom_24m,tertiles,Relative Mortality,uWUE,High,31,-0.0173,58.1,0.1709,0.2629,ns
M5vsM6_anom_24m,tertiles,Relative Mortality,ETmax,Mid,31,0.00061,38.7,0.5815,0.6086,ns
M5vsM6_anom_24m,tertiles,Relative Mortality,GPPsat,Mid,31,-1.20799,64.5,0.02029,0.1003,ns
M5vsM6_anom_24m,tertiles,Relative Mortality,NEPmax,Mid,31,-0.22949,61.3,0.1811,0.2629,ns
M5vsM6_anom_24m,tertiles,Relative Mortality,WUE,Mid,31,-0.04947,64.5,0.01181,0.09418,ns
M5vsM6_anom_24m,tertiles,Relative Mortality,uWUE,Mid,31,-0.03413,54.8,0.1811,0.2629,ns
M5vsM6_anom_24m,tertiles,Relative Mortality,ETmax,Low,31,-0.00056,54.8,0.4883,0.5232,ns
M5vsM6_anom_24m,tertiles,Relative Mortality,GPPsat,Low,31,-0.93271,67.7,0.03064,0.1253,ns
M5vsM6_anom_24m,tertiles,Relative Mortality,NEPmax,Low,31,-1.09735,58.1,0.02229,0.1003,ns
M5vsM6_anom_24m,tertiles,Relative Mortality,WUE,Low,31,-0.03487,58.1,0.1564,0.2607,ns
M5vsM6_anom_24m,tertiles,Relative Mortality,uWUE,Low,31,-0.01455,51.6,0.2495,0.3385,ns
M5vsM6_anom_24m,tertiles,Relative Disturbance,ETmax,High,31,3e-04,45.2,0.4727,0.5188,ns
M5vsM6_anom_24m,tertiles,Relative Disturbance,GPPsat,High,31,-0.32465,54.8,0.08355,0.2089,ns
M5vsM6_anom_24m,tertiles,Relative Disturbance,NEPmax,High,31,-0.6052,67.7,0.01242,0.09418,ns
M5vsM6_anom_24m,tertiles,Relative Disturbance,WUE,High,31,-0.00017,51.6,0.4108,0.4622,ns
M5vsM6_anom_24m,tertiles,Relative Disturbance,uWUE,High,31,-0.00255,51.6,0.3226,0.3923,ns
M5vsM6_anom_24m,tertiles,Relative Disturbance,ETmax,Mid,31,-0.00087,51.6,0.1811,0.2629,ns
M5vsM6_anom_24m,tertiles,Relative Disturbance,GPPsat,Mid,31,-1.14885,64.5,0.003323,0.09418,ns
M5vsM6_anom_24m,tertiles,Relative Disturbance,NEPmax,Mid,31,-0.2045,61.3,0.1103,0.2257,ns
M5vsM6_anom_24m,tertiles,Relative Disturbance,WUE,Mid,31,-0.0795,67.7,0.005899,0.09418,ns
M5vsM6_anom_24m,tertiles,Relative Disturbance,uWUE,Mid,31,-0.03739,58.1,0.1518,0.2607,ns
M5vsM6_anom_24m,tertiles,Relative Disturbance,ETmax,Low,31,8e-05,48.4,0.7184,0.7184,ns
M5vsM6_anom_24m,tertiles,Relative Disturbance,GPPsat,Low,31,-0.8594,67.7,0.07215,0.1982,ns
M5vsM6_anom_24m,tertiles,Relative Disturbance,NEPmax,Low,31,-1.09735,58.1,0.05734,0.1843,ns
M5vsM6_anom_24m,tertiles,Relative Disturbance,WUE,Low,31,-0.04071,61.3,0.08974,0.2125,ns
M5vsM6_anom_24m,tertiles,Relative Disturbance,uWUE,Low,31,-0.0156,54.8,0.1564,0.2607,ns
M5vsM6_anom_24m,equal_width,Absolute Mortality,ETmax,Mid,35,0,48.6,0.4446,0.502,ns
M5vsM6_anom_24m,equal_width,Absolute Mortality,GPPsat,Mid,35,-0.05566,54.3,0.1345,0.2353,ns
M5vsM6_anom_24m,equal_width,Absolute Mortality,NEPmax,Mid,35,-0.21226,62.9,0.06698,0.1379,ns
M5vsM6_anom_24m,equal_width,Absolute Mortality,WUE,Mid,35,-0.02976,57.1,0.08571,0.1579,ns
M5vsM6_anom_24m,equal_width,Absolute Mortality,uWUE,Mid,35,-0.03469,60,0.06698,0.1379,ns
M5vsM6_anom_24m,equal_width,Absolute Mortality,ETmax,Low,53,-0.00014,50.9,0.365,0.4731,ns
M5vsM6_anom_24m,equal_width,Absolute Mortality,GPPsat,Low,53,-1.45927,71.7,0.0006162,0.02157,*
M5vsM6_anom_24m,equal_width,Absolute Mortality,NEPmax,Low,53,-0.91388,62.3,0.006926,0.04848,*
M5vsM6_anom_24m,equal_width,Absolute Mortality,WUE,Low,53,-0.04947,64.2,0.01504,0.07522,ns
M5vsM6_anom_24m,equal_width,Absolute Mortality,uWUE,Low,53,-0.0156,52.8,0.174,0.29,ns
M5vsM6_anom_24m,equal_width,Absolute Mortality,ETmax,High,5,3e-04,20,,,""
M5vsM6_anom_24m,equal_width,Absolute Mortality,GPPsat,High,5,0.45864,20,,,""
M5vsM6_anom_24m,equal_width,Absolute Mortality,NEPmax,High,5,-0.10789,60,,,""
M5vsM6_anom_24m,equal_width,Absolute Mortality,WUE,High,5,0.03958,40,,,""
M5vsM6_anom_24m,equal_width,Absolute Mortality,uWUE,High,5,0.02761,40,,,""
M5vsM6_anom_24m,equal_width,Relative Mortality,ETmax,Mid,33,0,48.5,0.3943,0.4827,ns
M5vsM6_anom_24m,equal_width,Relative Mortality,GPPsat,Mid,33,-0.42031,60.6,0.02795,0.1087,ns
M5vsM6_anom_24m,equal_width,Relative Mortality,NEPmax,Mid,33,-0.21226,66.7,0.02269,0.09925,ns
M5vsM6_anom_24m,equal_width,Relative Mortality,WUE,Mid,33,-0.0144,54.5,0.334,0.4676,ns
M5vsM6_anom_24m,equal_width,Relative Mortality,uWUE,Mid,33,-0.01648,54.5,0.4432,0.502,ns
M5vsM6_anom_24m,equal_width,Relative Mortality,ETmax,Low,53,8e-05,49.1,0.5141,0.5292,ns
M5vsM6_anom_24m,equal_width,Relative Mortality,GPPsat,Low,53,-0.95766,66,0.004995,0.04371,*
M5vsM6_anom_24m,equal_width,Relative Mortality,NEPmax,Low,53,-0.51733,58.5,0.03478,0.1107,ns
M5vsM6_anom_24m,equal_width,Relative Mortality,WUE,Low,53,-0.04947,64.2,0.004168,0.04371,*
M5vsM6_anom_24m,equal_width,Relative Mortality,uWUE,Low,53,-0.03539,56.6,0.05454,0.1363,ns
M5vsM6_anom_24m,equal_width,Relative Mortality,ETmax,High,7,0.00015,42.9,0.2771,0.404,ns
M5vsM6_anom_24m,equal_width,Relative Mortality,GPPsat,High,7,0.45864,42.9,0.2771,0.404,ns
M5vsM6_anom_24m,equal_width,Relative Mortality,NEPmax,High,7,-1.78566,71.4,0.07539,0.1466,ns
M5vsM6_anom_24m,equal_width,Relative Mortality,WUE,High,7,-0.01015,57.1,0.3999,0.4827,ns
M5vsM6_anom_24m,equal_width,Relative Mortality,uWUE,High,7,0.02761,42.9,0.4663,0.51,ns
M5vsM6_anom_24m,equal_width,Relative Disturbance,ETmax,Mid,35,-3e-05,51.4,0.2695,0.404,ns
M5vsM6_anom_24m,equal_width,Relative Disturbance,GPPsat,Mid,35,-0.32465,54.3,0.04987,0.1363,ns
M5vsM6_anom_24m,equal_width,Relative Disturbance,NEPmax,Mid,35,-0.13321,60,0.05333,0.1363,ns
M5vsM6_anom_24m,equal_width,Relative Disturbance,WUE,Mid,35,-0.00017,51.4,0.3562,0.4731,ns
M5vsM6_anom_24m,equal_width,Relative Disturbance,uWUE,Mid,35,-0.00255,51.4,0.4967,0.5268,ns
M5vsM6_anom_24m,equal_width,Relative Disturbance,ETmax,Low,53,8e-05,47.2,0.5807,0.5807,ns
M5vsM6_anom_24m,equal_width,Relative Disturbance,GPPsat,Low,53,-0.95766,67.9,0.004995,0.04371,*
M5vsM6_anom_24m,equal_width,Relative Disturbance,NEPmax,Low,53,-0.51733,60.4,0.03278,0.1107,ns
M5vsM6_anom_24m,equal_width,Relative Disturbance,WUE,Low,53,-0.04538,64.2,0.008624,0.0503,ns
M5vsM6_anom_24m,equal_width,Relative Disturbance,uWUE,Low,53,-0.03413,56.6,0.05961,0.1379,ns
M5vsM6_anom_24m,equal_width,Relative Disturbance,ETmax,High,5,0.00015,40,,,""
M5vsM6_anom_24m,equal_width,Relative Disturbance,GPPsat,High,5,-2.11228,60,,,""
M5vsM6_anom_24m,equal_width,Relative Disturbance,NEPmax,High,5,-3.68313,100,,,""
M5vsM6_anom_24m,equal_width,Relative Disturbance,WUE,High,5,-0.04867,80,,,""
M5vsM6_anom_24m,equal_width,Relative Disturbance,uWUE,High,5,-0.14083,60,,,""
M5vsM6_anom_24m,natural_breaks,Absolute Mortality,ETmax,High,20,6e-05,50,0.2333,0.3281,ns
M5vsM6_anom_24m,natural_breaks,Absolute Mortality,GPPsat,High,20,0.01948,50,0.2005,0.3019,ns
M5vsM6_anom_24m,natural_breaks,Absolute Mortality,NEPmax,High,20,-0.53735,70,0.07015,0.1754,ns
M5vsM6_anom_24m,natural_breaks,Absolute Mortality,WUE,High,20,0.01594,50,0.4041,0.4663,ns
M5vsM6_anom_24m,natural_breaks,Absolute Mortality,uWUE,High,20,-0.01834,55,0.1706,0.2947,ns
M5vsM6_anom_24m,natural_breaks,Absolute Mortality,ETmax,Mid,43,8e-05,46.5,0.5361,0.561,ns
M5vsM6_anom_24m,natural_breaks,Absolute Mortality,GPPsat,Mid,43,-0.76025,62.8,0.007239,0.1071,ns
M5vsM6_anom_24m,natural_breaks,Absolute Mortality,NEPmax,Mid,43,-0.51733,62.8,0.01976,0.1195,ns
M5vsM6_anom_24m,natural_breaks,Absolute Mortality,WUE,Mid,43,-0.04388,62.8,0.0294,0.1289,ns
M5vsM6_anom_24m,natural_breaks,Absolute Mortality,uWUE,Mid,43,-0.0173,58.1,0.194,0.3019,ns
M5vsM6_anom_24m,natural_breaks,Absolute Mortality,ETmax,Low,30,-5e-05,50,0.4428,0.4774,ns
M5vsM6_anom_24m,natural_breaks,Absolute Mortality,GPPsat,Low,30,-0.94518,70,0.02416,0.1208,ns
M5vsM6_anom_24m,natural_breaks,Absolute Mortality,NEPmax,Low,30,-0.57169,56.7,0.06146,0.1729,ns
M5vsM6_anom_24m,natural_breaks,Absolute Mortality,WUE,Low,30,-0.04742,63.3,0.05209,0.1563,ns
M5vsM6_anom_24m,natural_breaks,Absolute Mortality,uWUE,Low,30,-0.0073,50,0.2686,0.3358,ns
M5vsM6_anom_24m,natural_breaks,Relative Mortality,ETmax,High,26,0.00022,46.2,0.4394,0.4774,ns
M5vsM6_anom_24m,natural_breaks,Relative Mortality,GPPsat,High,26,-0.21194,53.8,0.1265,0.255,ns
M5vsM6_anom_24m,natural_breaks,Relative Mortality,NEPmax,High,26,-1.0997,69.2,0.0119,0.1071,ns
M5vsM6_anom_24m,natural_breaks,Relative Mortality,WUE,High,26,-0.00516,53.8,0.333,0.4004,ns
M5vsM6_anom_24m,natural_breaks,Relative Mortality,uWUE,High,26,-0.00952,53.8,0.2545,0.3358,ns
M5vsM6_anom_24m,natural_breaks,Relative Mortality,ETmax,Mid,32,-0.00043,50,0.208,0.3019,ns
M5vsM6_anom_24m,natural_breaks,Relative Mortality,GPPsat,Mid,32,-1.06877,62.5,0.00856,0.1071,ns
M5vsM6_anom_24m,natural_breaks,Relative Mortality,NEPmax,Mid,32,-0.10915,59.4,0.2027,0.3019,ns
M5vsM6_anom_24m,natural_breaks,Relative Mortality,WUE,Mid,32,-0.06449,65.6,0.02124,0.1195,ns
M5vsM6_anom_24m,natural_breaks,Relative Mortality,uWUE,Mid,32,-0.03576,56.2,0.2416,0.3294,ns
M5vsM6_anom_24m,natural_breaks,Relative Mortality,ETmax,Low,35,8e-05,48.6,0.6855,0.7011,ns
M5vsM6_anom_24m,natural_breaks,Relative Mortality,GPPsat,Low,35,-0.93271,68.6,0.03151,0.1289,ns
M5vsM6_anom_24m,natural_breaks,Relative Mortality,NEPmax,Low,35,-1.12739,60,0.01991,0.1195,ns
M5vsM6_anom_24m,natural_breaks,Relative Mortality,WUE,Low,35,-0.04071,60,0.0759,0.1798,ns
M5vsM6_anom_24m,natural_breaks,Relative Mortality,uWUE,Low,35,-0.0156,54.3,0.1309,0.255,ns
M5vsM6_anom_24m,natural_breaks,Relative Disturbance,ETmax,Mid,35,-0.00111,51.4,0.1051,0.2252,ns
M5vsM6_anom_24m,natural_breaks,Relative Disturbance,GPPsat,Mid,35,-1.07687,65.7,0.001921,0.08643,ns
M5vsM6_anom_24m,natural_breaks,Relative Disturbance,NEPmax,Mid,35,-0.21226,62.9,0.04501,0.1558,ns
M5vsM6_anom_24m,natural_breaks,Relative Disturbance,WUE,Mid,35,-0.04947,60,0.05158,0.1563,ns
M5vsM6_anom_24m,natural_breaks,Relative Disturbance,uWUE,Mid,35,-0.03413,54.3,0.3381,0.4004,ns
M5vsM6_anom_24m,natural_breaks,Relative Disturbance,ETmax,Low,35,0.00012,45.7,0.767,0.767,ns
M5vsM6_anom_24m,natural_breaks,Relative Disturbance,GPPsat,Low,35,-0.56317,65.7,0.06913,0.1754,ns
M5vsM6_anom_24m,natural_breaks,Relative Disturbance,NEPmax,Low,35,-0.51733,57.1,0.08571,0.1928,ns
M5vsM6_anom_24m,natural_breaks,Relative Disturbance,WUE,Low,35,-0.04071,62.9,0.04501,0.1558,ns
M5vsM6_anom_24m,natural_breaks,Relative Disturbance,uWUE,Low,35,-0.0156,54.3,0.1417,0.255,ns
M5vsM6_anom_24m,natural_breaks,Relative Disturbance,ETmax,High,23,0.00015,47.8,0.4456,0.4774,ns
M5vsM6_anom_24m,natural_breaks,Relative Disturbance,GPPsat,High,23,-0.09922,52.2,0.1401,0.255,ns
M5vsM6_anom_24m,natural_breaks,Relative Disturbance,NEPmax,High,23,-1.33697,69.6,0.01173,0.1071,ns
M5vsM6_anom_24m,natural_breaks,Relative Disturbance,WUE,High,23,-0.01015,56.5,0.2665,0.3358,ns
M5vsM6_anom_24m,natural_breaks,Relative Disturbance,uWUE,High,23,-0.01648,56.5,0.1768,0.2947,ns
M7vsM8_raw_12m,tertiles,Absolute Mortality,ETmax,High,31,-0.00116,61.3,0.05963,0.4468,ns
M7vsM8_raw_12m,tertiles,Absolute Mortality,GPPsat,High,31,0.01877,48.4,0.3732,0.8904,ns
M7vsM8_raw_12m,tertiles,Absolute Mortality,NEPmax,High,31,-0.09211,54.8,0.1384,0.5661,ns
M7vsM8_raw_12m,tertiles,Absolute Mortality,WUE,High,31,-0.00125,51.6,0.4571,0.8904,ns
M7vsM8_raw_12m,tertiles,Absolute Mortality,uWUE,High,31,4e-04,45.2,0.5429,0.8904,ns
M7vsM8_raw_12m,tertiles,Absolute Mortality,ETmax,Mid,31,0.00083,38.7,0.725,0.9006,ns
M7vsM8_raw_12m,tertiles,Absolute Mortality,GPPsat,Mid,31,0.09612,35.5,0.8616,0.9208,ns
M7vsM8_raw_12m,tertiles,Absolute Mortality,NEPmax,Mid,31,0.00385,48.4,0.3807,0.8904,ns
M7vsM8_raw_12m,tertiles,Absolute Mortality,WUE,Mid,31,-0.00299,51.6,0.4961,0.8904,ns
M7vsM8_raw_12m,tertiles,Absolute Mortality,uWUE,Mid,31,0.00633,41.9,0.9004,0.9208,ns
M7vsM8_raw_12m,tertiles,Absolute Mortality,ETmax,Low,31,0.00077,41.9,0.7806,0.9006,ns
M7vsM8_raw_12m,tertiles,Absolute Mortality,GPPsat,Low,31,-0.20707,71,0.02229,0.3343,ns
M7vsM8_raw_12m,tertiles,Absolute Mortality,NEPmax,Low,31,-0.06103,61.3,0.1384,0.5661,ns
M7vsM8_raw_12m,tertiles,Absolute Mortality,WUE,Low,31,-0.00801,54.8,0.4032,0.8904,ns
M7vsM8_raw_12m,tertiles,Absolute Mortality,uWUE,Low,31,0.00174,48.4,0.6342,0.8918,ns
M7vsM8_raw_12m,tertiles,Relative Mortality,ETmax,High,31,0.00087,41.9,0.705,0.9006,ns
M7vsM8_raw_12m,tertiles,Relative Mortality,GPPsat,High,31,0.05152,41.9,0.5661,0.8904,ns
M7vsM8_raw_12m,tertiles,Relative Mortality,NEPmax,High,31,0.12446,38.7,0.7806,0.9006,ns
M7vsM8_raw_12m,tertiles,Relative Mortality,WUE,High,31,0.01244,41.9,0.824,0.9044,ns
M7vsM8_raw_12m,tertiles,Relative Mortality,uWUE,High,31,0.01002,38.7,0.8969,0.9208,ns
M7vsM8_raw_12m,tertiles,Relative Mortality,ETmax,Mid,31,-0.00098,58.1,0.02029,0.3343,ns
M7vsM8_raw_12m,tertiles,Relative Mortality,GPPsat,Mid,31,0.06261,45.2,0.5661,0.8904,ns
M7vsM8_raw_12m,tertiles,Relative Mortality,NEPmax,Mid,31,-0.0629,51.6,0.1863,0.6986,ns
M7vsM8_raw_12m,tertiles,Relative Mortality,WUE,Mid,31,-0.00801,54.8,0.2883,0.8353,ns
M7vsM8_raw_12m,tertiles,Relative Mortality,uWUE,Mid,31,4e-04,48.4,0.5195,0.8904,ns
M7vsM8_raw_12m,tertiles,Relative Mortality,ETmax,Low,31,0.00046,41.9,0.8084,0.9044,ns
M7vsM8_raw_12m,tertiles,Relative Mortality,GPPsat,Low,31,-0.14588,67.7,0.03972,0.4468,ns
M7vsM8_raw_12m,tertiles,Relative Mortality,NEPmax,Low,31,-0.14226,74.2,0.005578,0.251,ns
M7vsM8_raw_12m,tertiles,Relative Mortality,WUE,Low,31,-0.01453,61.3,0.2253,0.7241,ns
M7vsM8_raw_12m,tertiles,Relative Mortality,uWUE,Low,31,0.00174,48.4,0.6119,0.8918,ns
M7vsM8_raw_12m,tertiles,Relative Disturbance,ETmax,High,31,0.00038,45.2,0.5738,0.8904,ns
M7vsM8_raw_12m,tertiles,Relative Disturbance,GPPsat,High,31,0.05705,41.9,0.6774,0.8966,ns
M7vsM8_raw_12m,tertiles,Relative Disturbance,NEPmax,High,31,0.01979,45.2,0.4649,0.8904,ns
M7vsM8_raw_12m,tertiles,Relative Disturbance,WUE,High,31,0.01181,45.2,0.7806,0.9006,ns
M7vsM8_raw_12m,tertiles,Relative Disturbance,uWUE,High,31,0.01142,35.5,0.9511,0.9511,ns
M7vsM8_raw_12m,tertiles,Relative Disturbance,ETmax,Mid,31,-0.00029,51.6,0.1103,0.5516,ns
M7vsM8_raw_12m,tertiles,Relative Disturbance,GPPsat,Mid,31,0.05152,45.2,0.3156,0.8353,ns
M7vsM8_raw_12m,tertiles,Relative Disturbance,NEPmax,Mid,31,-0.02278,51.6,0.2253,0.7241,ns
M7vsM8_raw_12m,tertiles,Relative Disturbance,WUE,Mid,31,-0.01453,58.1,0.09296,0.5229,ns
M7vsM8_raw_12m,tertiles,Relative Disturbance,uWUE,Mid,31,4e-04,48.4,0.3018,0.8353,ns
M7vsM8_raw_12m,tertiles,Relative Disturbance,ETmax,Low,31,0.00037,45.2,0.6704,0.8966,ns
M7vsM8_raw_12m,tertiles,Relative Disturbance,GPPsat,Low,31,-0.14588,67.7,0.0695,0.4468,ns
M7vsM8_raw_12m,tertiles,Relative Disturbance,NEPmax,Low,31,-0.12047,67.7,0.05297,0.4468,ns
M7vsM8_raw_12m,tertiles,Relative Disturbance,WUE,Low,31,-0.00801,54.8,0.5661,0.8904,ns
M7vsM8_raw_12m,tertiles,Relative Disturbance,uWUE,Low,31,-0.00274,51.6,0.6342,0.8918,ns
M7vsM8_raw_12m,equal_width,Absolute Mortality,ETmax,Mid,35,-0.00094,54.3,0.06488,0.5677,ns
M7vsM8_raw_12m,equal_width,Absolute Mortality,GPPsat,Mid,35,0.15152,37.1,0.7517,0.9552,ns
M7vsM8_raw_12m,equal_width,Absolute Mortality,NEPmax,Mid,35,-0.0629,51.4,0.2695,0.6926,ns
M7vsM8_raw_12m,equal_width,Absolute Mortality,WUE,Mid,35,0.00539,45.7,0.725,0.9552,ns
M7vsM8_raw_12m,equal_width,Absolute Mortality,uWUE,Mid,35,0.00626,42.9,0.8508,0.9552,ns
M7vsM8_raw_12m,equal_width,Absolute Mortality,ETmax,Low,53,0.00083,41.5,0.8436,0.9552,ns
M7vsM8_raw_12m,equal_width,Absolute Mortality,GPPsat,Low,53,-0.08748,58.5,0.05357,0.5677,ns
M7vsM8_raw_12m,equal_width,Absolute Mortality,NEPmax,Low,53,-0.06103,56.6,0.1304,0.5729,ns
M7vsM8_raw_12m,equal_width,Absolute Mortality,WUE,Low,53,-0.01057,58.5,0.1809,0.5757,ns
M7vsM8_raw_12m,equal_width,Absolute Mortality,uWUE,Low,53,0.00445,45.3,0.7948,0.9552,ns
M7vsM8_raw_12m,equal_width,Absolute Mortality,ETmax,High,5,-0.00126,60,,,""
M7vsM8_raw_12m,equal_width,Absolute Mortality,GPPsat,High,5,-0.1272,80,,,""
M7vsM8_raw_12m,equal_width,Absolute Mortality,NEPmax,High,5,-0.27809,60,,,""
M7vsM8_raw_12m,equal_width,Absolute Mortality,WUE,High,5,0.03453,40,,,""
M7vsM8_raw_12m,equal_width,Absolute Mortality,uWUE,High,5,-0.02117,60,,,""
M7vsM8_raw_12m,equal_width,Relative Mortality,ETmax,Mid,33,-0.00094,54.5,0.2107,0.6145,ns
M7vsM8_raw_12m,equal_width,Relative Mortality,GPPsat,Mid,33,0.05152,42.4,0.5143,0.8745,ns
M7vsM8_raw_12m,equal_width,Relative Mortality,NEPmax,Mid,33,0.06993,45.5,0.5568,0.8843,ns
M7vsM8_raw_12m,equal_width,Relative Mortality,WUE,Mid,33,0.0124,39.4,0.9099,0.9552,ns
M7vsM8_raw_12m,equal_width,Relative Mortality,uWUE,Mid,33,0.01616,36.4,0.9552,0.9552,ns
M7vsM8_raw_12m,equal_width,Relative Mortality,ETmax,Low,53,0.00046,45.3,0.4823,0.8745,ns
M7vsM8_raw_12m,equal_width,Relative Mortality,GPPsat,Low,53,-0.02303,56.6,0.106,0.5729,ns
M7vsM8_raw_12m,equal_width,Relative Mortality,NEPmax,Low,53,-0.10076,62.3,0.03151,0.5514,ns
M7vsM8_raw_12m,equal_width,Relative Mortality,WUE,Low,53,-0.01453,60.4,0.1522,0.5757,ns
M7vsM8_raw_12m,equal_width,Relative Mortality,uWUE,Low,53,-0.00274,50.9,0.4965,0.8745,ns
M7vsM8_raw_12m,equal_width,Relative Mortality,ETmax,High,7,0.00131,28.6,0.8976,0.9552,ns
M7vsM8_raw_12m,equal_width,Relative Mortality,GPPsat,High,7,-0.07464,57.1,0.6637,0.9516,ns
M7vsM8_raw_12m,equal_width,Relative Mortality,NEPmax,High,7,0.01979,42.9,0.3999,0.8745,ns
M7vsM8_raw_12m,equal_width,Relative Mortality,WUE,High,7,-0.01902,57.1,0.2771,0.6926,ns
M7vsM8_raw_12m,equal_width,Relative Mortality,uWUE,High,7,0.00036,42.9,0.3363,0.7847,ns
M7vsM8_raw_12m,equal_width,Relative Disturbance,ETmax,Mid,35,-0.00094,54.3,0.1309,0.5729,ns
M7vsM8_raw_12m,equal_width,Relative Disturbance,GPPsat,Mid,35,0.05152,42.9,0.5811,0.8843,ns
M7vsM8_raw_12m,equal_width,Relative Disturbance,NEPmax,Mid,35,0.12374,40,0.6797,0.9516,ns
M7vsM8_raw_12m,equal_width,Relative Disturbance,WUE,Mid,35,0.0124,40,0.9063,0.9552,ns
M7vsM8_raw_12m,equal_width,Relative Disturbance,uWUE,Mid,35,0.01142,40,0.9484,0.9552,ns
M7vsM8_raw_12m,equal_width,Relative Disturbance,ETmax,Low,53,0.00046,45.3,0.5247,0.8745,ns
M7vsM8_raw_12m,equal_width,Relative Disturbance,GPPsat,Low,53,-0.02303,56.6,0.09963,0.5729,ns
M7vsM8_raw_12m,equal_width,Relative Disturbance,NEPmax,Low,53,-0.14226,66,0.02043,0.5514,ns
M7vsM8_raw_12m,equal_width,Relative Disturbance,WUE,Low,53,-0.01453,60.4,0.1651,0.5757,ns
M7vsM8_raw_12m,equal_width,Relative Disturbance,uWUE,Low,53,4e-04,49.1,0.5,0.8745,ns
M7vsM8_raw_12m,equal_width,Relative Disturbance,ETmax,High,5,0.0016,20,,,""
M7vsM8_raw_12m,equal_width,Relative Disturbance,GPPsat,High,5,-0.07464,60,,,""
M7vsM8_raw_12m,equal_width,Relative Disturbance,NEPmax,High,5,0.01979,40,,,""
M7vsM8_raw_12m,equal_width,Relative Disturbance,WUE,High,5,-0.06858,60,,,""
M7vsM8_raw_12m,equal_width,Relative Disturbance,uWUE,High,5,0.00626,40,,,""
M7vsM8_raw_12m,natural_breaks,Absolute Mortality,ETmax,High,20,-0.00135,55,0.1523,0.623,ns
M7vsM8_raw_12m,natural_breaks,Absolute Mortality,GPPsat,High,20,-0.02793,50,0.3475,0.8688,ns
M7vsM8_raw_12m,natural_breaks,Absolute Mortality,NEPmax,High,20,-0.07012,50,0.2941,0.815,ns
M7vsM8_raw_12m,natural_breaks,Absolute Mortality,WUE,High,20,0.01552,35,0.8726,0.9349,ns
M7vsM8_raw_12m,natural_breaks,Absolute Mortality,uWUE,High,20,-0.01119,55,0.1437,0.623,ns
M7vsM8_raw_12m,natural_breaks,Absolute Mortality,ETmax,Mid,43,0.00046,46.5,0.4305,0.9011,ns
M7vsM8_raw_12m,natural_breaks,Absolute Mortality,GPPsat,Mid,43,0.09612,39.5,0.7409,0.9011,ns
M7vsM8_raw_12m,natural_breaks,Absolute Mortality,NEPmax,Mid,43,-0.0629,51.2,0.2437,0.745,ns
M7vsM8_raw_12m,natural_breaks,Absolute Mortality,WUE,Mid,43,-0.01565,60.5,0.1778,0.6668,ns
M7vsM8_raw_12m,natural_breaks,Absolute Mortality,uWUE,Mid,43,0.0103,39.5,0.9584,0.9584,ns
M7vsM8_raw_12m,natural_breaks,Absolute Mortality,ETmax,Low,30,0.00057,43.3,0.7381,0.9011,ns
M7vsM8_raw_12m,natural_breaks,Absolute Mortality,GPPsat,Low,30,-0.18401,70,0.02923,0.3164,ns
M7vsM8_raw_12m,natural_breaks,Absolute Mortality,NEPmax,Low,30,-0.08089,63.3,0.1205,0.623,ns
M7vsM8_raw_12m,natural_breaks,Absolute Mortality,WUE,Low,30,-0.0078,53.3,0.4428,0.9011,ns
M7vsM8_raw_12m,natural_breaks,Absolute Mortality,uWUE,Low,30,0.0031,46.7,0.6819,0.9011,ns
M7vsM8_raw_12m,natural_breaks,Relative Mortality,ETmax,High,26,0.00109,38.5,0.7031,0.9011,ns
M7vsM8_raw_12m,natural_breaks,Relative Mortality,GPPsat,High,26,0.05429,38.5,0.6294,0.9011,ns
M7vsM8_raw_12m,natural_breaks,Relative Mortality,NEPmax,High,26,0.09719,42.3,0.6197,0.9011,ns
M7vsM8_raw_12m,natural_breaks,Relative Mortality,WUE,High,26,0.01254,38.5,0.9149,0.9357,ns
M7vsM8_raw_12m,natural_breaks,Relative Mortality,uWUE,High,26,0.00918,38.5,0.8933,0.9349,ns
M7vsM8_raw_12m,natural_breaks,Relative Mortality,ETmax,Mid,32,-0.00064,56.2,0.06146,0.4609,ns
M7vsM8_raw_12m,natural_breaks,Relative Mortality,GPPsat,Mid,32,0.08663,46.9,0.5558,0.9011,ns
M7vsM8_raw_12m,natural_breaks,Relative Mortality,NEPmax,Mid,32,0.01689,43.8,0.5261,0.9011,ns
M7vsM8_raw_12m,natural_breaks,Relative Mortality,WUE,Mid,32,-0.01183,56.2,0.2301,0.745,ns
M7vsM8_raw_12m,natural_breaks,Relative Mortality,uWUE,Mid,32,0.00276,43.8,0.614,0.9011,ns
M7vsM8_raw_12m,natural_breaks,Relative Mortality,ETmax,Low,35,0.00037,45.7,0.6619,0.9011,ns
M7vsM8_raw_12m,natural_breaks,Relative Mortality,GPPsat,Low,35,-0.14588,65.7,0.03516,0.3164,ns
M7vsM8_raw_12m,natural_breaks,Relative Mortality,NEPmax,Low,35,-0.14611,74.3,0.003526,0.1587,ns
M7vsM8_raw_12m,natural_breaks,Relative Mortality,WUE,Low,35,-0.01453,60,0.2483,0.745,ns
M7vsM8_raw_12m,natural_breaks,Relative Mortality,uWUE,Low,35,-0.00274,51.4,0.5229,0.9011,ns
M7vsM8_raw_12m,natural_breaks,Relative Disturbance,ETmax,Mid,35,-0.00098,62.9,0.02071,0.3164,ns
M7vsM8_raw_12m,natural_breaks,Relative Disturbance,GPPsat,Mid,35,0.01877,48.6,0.3685,0.8728,ns
M7vsM8_raw_12m,natural_breaks,Relative Disturbance,NEPmax,Mid,35,0.00787,45.7,0.5163,0.9011,ns
M7vsM8_raw_12m,natural_breaks,Relative Disturbance,WUE,Mid,35,-0.00776,54.3,0.09366,0.6021,ns
M7vsM8_raw_12m,natural_breaks,Relative Disturbance,uWUE,Mid,35,0.00303,42.9,0.6191,0.9011,ns
M7vsM8_raw_12m,natural_breaks,Relative Disturbance,ETmax,Low,35,0.00055,40,0.8351,0.9166,ns
M7vsM8_raw_12m,natural_breaks,Relative Disturbance,GPPsat,Low,35,-0.08748,60,0.1275,0.623,ns
M7vsM8_raw_12m,natural_breaks,Relative Disturbance,NEPmax,Low,35,-0.14226,68.6,0.02155,0.3164,ns
M7vsM8_raw_12m,natural_breaks,Relative Disturbance,WUE,Low,35,-0.00801,57.1,0.5554,0.9011,ns
M7vsM8_raw_12m,natural_breaks,Relative Disturbance,uWUE,Low,35,-0.00274,51.4,0.6679,0.9011,ns
M7vsM8_raw_12m,natural_breaks,Relative Disturbance,ETmax,High,23,0.00131,34.8,0.7985,0.9166,ns
M7vsM8_raw_12m,natural_breaks,Relative Disturbance,GPPsat,High,23,0.05705,43.5,0.4939,0.9011,ns
M7vsM8_raw_12m,natural_breaks,Relative Disturbance,NEPmax,High,23,0.01979,47.8,0.3079,0.815,ns
M7vsM8_raw_12m,natural_breaks,Relative Disturbance,WUE,High,23,0.01264,43.5,0.831,0.9166,ns
M7vsM8_raw_12m,natural_breaks,Relative Disturbance,uWUE,High,23,0.00694,39.1,0.8232,0.9166,ns
M7vsM8_raw_24m,tertiles,Absolute Mortality,ETmax,High,31,-0.00034,61.3,0.09296,0.4823,ns
M7vsM8_raw_24m,tertiles,Absolute Mortality,GPPsat,High,31,-0.12107,54.8,0.3296,0.6181,ns
M7vsM8_raw_24m,tertiles,Absolute Mortality,NEPmax,High,31,-0.09838,58.1,0.1141,0.4823,ns
M7vsM8_raw_24m,tertiles,Absolute Mortality,WUE,High,31,0.00199,48.4,0.6342,0.8918,ns
M7vsM8_raw_24m,tertiles,Absolute Mortality,uWUE,High,31,0.00048,48.4,0.2312,0.6181,ns
M7vsM8_raw_24m,tertiles,Absolute Mortality,ETmax,Mid,31,0.00012,48.4,0.7379,0.8974,ns
M7vsM8_raw_24m,tertiles,Absolute Mortality,GPPsat,Mid,31,0.12134,38.7,0.8291,0.9277,ns
M7vsM8_raw_24m,tertiles,Absolute Mortality,NEPmax,Mid,31,-0.03951,58.1,0.2312,0.6181,ns
M7vsM8_raw_24m,tertiles,Absolute Mortality,WUE,Mid,31,-0.00116,51.6,0.6982,0.8974,ns
M7vsM8_raw_24m,tertiles,Absolute Mortality,uWUE,Mid,31,-0.00611,58.1,0.1863,0.6181,ns
M7vsM8_raw_24m,tertiles,Absolute Mortality,ETmax,Low,31,-0.00012,51.6,0.6982,0.8974,ns
M7vsM8_raw_24m,tertiles,Absolute Mortality,GPPsat,Low,31,0.02294,48.4,0.3881,0.6595,ns
M7vsM8_raw_24m,tertiles,Absolute Mortality,NEPmax,Low,31,-0.02773,51.6,0.3296,0.6181,ns
M7vsM8_raw_24m,tertiles,Absolute Mortality,WUE,Low,31,-0.01487,54.8,0.3512,0.6321,ns
M7vsM8_raw_24m,tertiles,Absolute Mortality,uWUE,Low,31,-0.00275,54.8,0.2433,0.6181,ns
M7vsM8_raw_24m,tertiles,Relative Mortality,ETmax,High,31,0.00029,41.9,0.8969,0.9277,ns
M7vsM8_raw_24m,tertiles,Relative Mortality,GPPsat,High,31,-0.04799,54.8,0.3086,0.6181,ns
M7vsM8_raw_24m,tertiles,Relative Mortality,NEPmax,High,31,-0.01811,51.6,0.2621,0.6181,ns
M7vsM8_raw_24m,tertiles,Relative Mortality,WUE,High,31,0.01707,35.5,0.955,0.955,ns
M7vsM8_raw_24m,tertiles,Relative Mortality,uWUE,High,31,0.00165,45.2,0.5738,0.8441,ns
M7vsM8_raw_24m,tertiles,Relative Mortality,ETmax,Mid,31,-0.00089,71,0.008185,0.3683,ns
M7vsM8_raw_24m,tertiles,Relative Mortality,GPPsat,Mid,31,0.12134,38.7,0.907,0.9277,ns
M7vsM8_raw_24m,tertiles,Relative Mortality,NEPmax,Mid,31,0.00226,48.4,0.5738,0.8441,ns
M7vsM8_raw_24m,tertiles,Relative Mortality,WUE,Mid,31,-0.00817,58.1,0.4883,0.7847,ns
M7vsM8_raw_24m,tertiles,Relative Mortality,uWUE,Mid,31,-0.00406,54.8,0.07215,0.4823,ns
M7vsM8_raw_24m,tertiles,Relative Mortality,ETmax,Low,31,0.00014,48.4,0.834,0.9277,ns
M7vsM8_raw_24m,tertiles,Relative Mortality,GPPsat,Low,31,0.02294,48.4,0.2137,0.6181,ns
M7vsM8_raw_24m,tertiles,Relative Mortality,NEPmax,Low,31,-0.07101,67.7,0.02335,0.4204,ns
M7vsM8_raw_24m,tertiles,Relative Mortality,WUE,Low,31,-0.01846,61.3,0.08974,0.4823,ns
M7vsM8_raw_24m,tertiles,Relative Mortality,uWUE,Low,31,-0.00558,61.3,0.1179,0.4823,ns
M7vsM8_raw_24m,tertiles,Relative Disturbance,ETmax,High,31,0.00016,45.2,0.7688,0.9104,ns
M7vsM8_raw_24m,tertiles,Relative Disturbance,GPPsat,High,31,-0.04799,54.8,0.3156,0.6181,ns
M7vsM8_raw_24m,tertiles,Relative Disturbance,NEPmax,High,31,0.00226,48.4,0.2312,0.6181,ns
M7vsM8_raw_24m,tertiles,Relative Disturbance,WUE,High,31,0.00659,41.9,0.8859,0.9277,ns
M7vsM8_raw_24m,tertiles,Relative Disturbance,uWUE,High,31,0.00195,41.9,0.6561,0.8946,ns
M7vsM8_raw_24m,tertiles,Relative Disturbance,ETmax,Mid,31,-0.00057,67.7,0.08355,0.4823,ns
M7vsM8_raw_24m,tertiles,Relative Disturbance,GPPsat,Mid,31,0.12134,35.5,0.8897,0.9277,ns
M7vsM8_raw_24m,tertiles,Relative Disturbance,NEPmax,Mid,31,-0.02817,51.6,0.5815,0.8441,ns
M7vsM8_raw_24m,tertiles,Relative Disturbance,WUE,Mid,31,-0.01109,58.1,0.3226,0.6181,ns
M7vsM8_raw_24m,tertiles,Relative Disturbance,uWUE,Mid,31,-0.01065,58.1,0.04503,0.4823,ns
M7vsM8_raw_24m,tertiles,Relative Disturbance,ETmax,Low,31,0.00014,48.4,0.725,0.8974,ns
M7vsM8_raw_24m,tertiles,Relative Disturbance,GPPsat,Low,31,-0.03859,51.6,0.3018,0.6181,ns
M7vsM8_raw_24m,tertiles,Relative Disturbance,NEPmax,Low,31,-0.09818,67.7,0.02802,0.4204,ns
M7vsM8_raw_24m,tertiles,Relative Disturbance,WUE,Low,31,-0.00848,54.8,0.3957,0.6595,ns
M7vsM8_raw_24m,tertiles,Relative Disturbance,uWUE,Low,31,-0.00558,61.3,0.1067,0.4823,ns
M7vsM8_raw_24m,equal_width,Absolute Mortality,ETmax,Mid,35,-2e-04,60,0.2588,0.685,ns
M7vsM8_raw_24m,equal_width,Absolute Mortality,GPPsat,Mid,35,0.08639,45.7,0.8183,0.8951,ns
M7vsM8_raw_24m,equal_width,Absolute Mortality,NEPmax,Mid,35,-0.01811,51.4,0.2973,0.685,ns
M7vsM8_raw_24m,equal_width,Absolute Mortality,WUE,Mid,35,0.01707,42.9,0.9117,0.967,ns
M7vsM8_raw_24m,equal_width,Absolute Mortality,uWUE,Mid,35,-0.00406,54.3,0.1175,0.5306,ns
M7vsM8_raw_24m,equal_width,Absolute Mortality,ETmax,Low,53,-0.00012,52.8,0.5979,0.8383,ns
M7vsM8_raw_24m,equal_width,Absolute Mortality,GPPsat,Low,53,0.08156,47.2,0.4055,0.7387,ns
M7vsM8_raw_24m,equal_width,Absolute Mortality,NEPmax,Low,53,-0.03951,56.6,0.218,0.685,ns
M7vsM8_raw_24m,equal_width,Absolute Mortality,WUE,Low,53,-0.01487,56.6,0.2505,0.685,ns
M7vsM8_raw_24m,equal_width,Absolute Mortality,uWUE,Low,53,-0.00558,58.5,0.1028,0.5306,ns
M7vsM8_raw_24m,equal_width,Absolute Mortality,ETmax,High,5,0.00016,20,,,""
M7vsM8_raw_24m,equal_width,Absolute Mortality,GPPsat,High,5,-0.82883,60,,,""
M7vsM8_raw_24m,equal_width,Absolute Mortality,NEPmax,High,5,-0.34152,80,,,""
M7vsM8_raw_24m,equal_width,Absolute Mortality,WUE,High,5,-0.00349,60,,,""
M7vsM8_raw_24m,equal_width,Absolute Mortality,uWUE,High,5,0.01416,0,,,""
M7vsM8_raw_24m,equal_width,Relative Mortality,ETmax,Mid,33,-5e-05,54.5,0.4082,0.7387,ns
M7vsM8_raw_24m,equal_width,Relative Mortality,GPPsat,Mid,33,-0.01088,51.5,0.4221,0.7387,ns
M7vsM8_raw_24m,equal_width,Relative Mortality,NEPmax,Mid,33,0.07023,42.4,0.5988,0.8383,ns
M7vsM8_raw_24m,equal_width,Relative Mortality,WUE,Mid,33,0.02044,33.3,0.9801,0.985,ns
M7vsM8_raw_24m,equal_width,Relative Mortality,uWUE,Mid,33,0.00165,45.5,0.6261,0.8429,ns
M7vsM8_raw_24m,equal_width,Relative Mortality,ETmax,Low,53,-0.00022,56.6,0.3987,0.7387,ns
M7vsM8_raw_24m,equal_width,Relative Mortality,GPPsat,Low,53,0.1125,43.4,0.6774,0.8467,ns
M7vsM8_raw_24m,equal_width,Relative Mortality,NEPmax,Low,53,-0.04699,60.4,0.1213,0.5306,ns
M7vsM8_raw_24m,equal_width,Relative Mortality,WUE,Low,53,-0.01394,60.4,0.174,0.6767,ns
M7vsM8_raw_24m,equal_width,Relative Mortality,uWUE,Low,53,-0.00857,60.4,0.02043,0.2383,ns
M7vsM8_raw_24m,equal_width,Relative Mortality,ETmax,High,7,0.00016,28.6,0.7766,0.8771,ns
M7vsM8_raw_24m,equal_width,Relative Mortality,GPPsat,High,7,-0.17595,57.1,0.2771,0.685,ns
M7vsM8_raw_24m,equal_width,Relative Mortality,NEPmax,High,7,-0.19128,85.7,0.01731,0.2383,ns
M7vsM8_raw_24m,equal_width,Relative Mortality,WUE,High,7,-0.00645,71.4,0.2771,0.685,ns
M7vsM8_raw_24m,equal_width,Relative Mortality,uWUE,High,7,0.00666,42.9,0.4663,0.7772,ns
M7vsM8_raw_24m,equal_width,Relative Disturbance,ETmax,Mid,35,-2e-05,51.4,0.5811,0.8383,ns
M7vsM8_raw_24m,equal_width,Relative Disturbance,GPPsat,Mid,35,-0.01088,51.4,0.5098,0.811,ns
M7vsM8_raw_24m,equal_width,Relative Disturbance,NEPmax,Mid,35,0.07023,42.9,0.6559,0.8467,ns
M7vsM8_raw_24m,equal_width,Relative Disturbance,WUE,Mid,35,0.01707,37.1,0.985,0.985,ns
M7vsM8_raw_24m,equal_width,Relative Disturbance,uWUE,Mid,35,0.00195,40,0.7769,0.8771,ns
M7vsM8_raw_24m,equal_width,Relative Disturbance,ETmax,Low,53,-0.00022,56.6,0.3132,0.685,ns
M7vsM8_raw_24m,equal_width,Relative Disturbance,GPPsat,Low,53,0.1125,41.5,0.7205,0.8696,ns
M7vsM8_raw_24m,equal_width,Relative Disturbance,NEPmax,Low,53,-0.05626,62.3,0.05856,0.5124,ns
M7vsM8_raw_24m,equal_width,Relative Disturbance,WUE,Low,53,-0.01394,60.4,0.1178,0.5306,ns
M7vsM8_raw_24m,equal_width,Relative Disturbance,uWUE,Low,53,-0.01228,62.3,0.01756,0.2383,ns
M7vsM8_raw_24m,equal_width,Relative Disturbance,ETmax,High,5,0.00012,40,,,""
M7vsM8_raw_24m,equal_width,Relative Disturbance,GPPsat,High,5,-0.50191,80,,,""
M7vsM8_raw_24m,equal_width,Relative Disturbance,NEPmax,High,5,-0.19128,80,,,""
M7vsM8_raw_24m,equal_width,Relative Disturbance,WUE,High,5,-0.00645,60,,,""
M7vsM8_raw_24m,equal_width,Relative Disturbance,uWUE,High,5,-0.00855,60,,,""
M7vsM8_raw_24m,natural_breaks,Absolute Mortality,ETmax,High,20,-2e-04,55,0.2111,0.5991,ns
M7vsM8_raw_24m,natural_breaks,Absolute Mortality,GPPsat,High,20,-0.18332,55,0.1802,0.5991,ns
M7vsM8_raw_24m,natural_breaks,Absolute Mortality,NEPmax,High,20,-0.11321,60,0.1902,0.5991,ns
M7vsM8_raw_24m,natural_breaks,Absolute Mortality,WUE,High,20,0.02091,35,0.9437,0.9437,ns
M7vsM8_raw_24m,natural_breaks,Absolute Mortality,uWUE,High,20,0.00091,45,0.3897,0.6709,ns
M7vsM8_raw_24m,natural_breaks,Absolute Mortality,ETmax,Mid,43,-0.00018,55.8,0.3837,0.6709,ns
M7vsM8_raw_24m,natural_breaks,Absolute Mortality,GPPsat,Mid,43,0.11838,44.2,0.819,0.9349,ns
M7vsM8_raw_24m,natural_breaks,Absolute Mortality,NEPmax,Mid,43,-0.02043,55.8,0.1907,0.5991,ns
M7vsM8_raw_24m,natural_breaks,Absolute Mortality,WUE,Mid,43,-0.00848,58.1,0.3167,0.6478,ns
M7vsM8_raw_24m,natural_breaks,Absolute Mortality,uWUE,Mid,43,-0.00611,58.1,0.1125,0.5716,ns
M7vsM8_raw_24m,natural_breaks,Absolute Mortality,ETmax,Low,30,4e-05,50,0.7642,0.9349,ns
M7vsM8_raw_24m,natural_breaks,Absolute Mortality,GPPsat,Low,30,0.05225,46.7,0.4025,0.6709,ns
M7vsM8_raw_24m,natural_breaks,Absolute Mortality,NEPmax,Low,30,-0.03384,53.3,0.2686,0.5991,ns
M7vsM8_raw_24m,natural_breaks,Absolute Mortality,WUE,Low,30,-0.01267,53.3,0.4509,0.7202,ns
M7vsM8_raw_24m,natural_breaks,Absolute Mortality,uWUE,Low,30,-0.00188,53.3,0.2686,0.5991,ns
M7vsM8_raw_24m,natural_breaks,Relative Mortality,ETmax,High,26,0.00033,38.5,0.8933,0.9357,ns
M7vsM8_raw_24m,natural_breaks,Relative Mortality,GPPsat,High,26,0.05375,50,0.3706,0.6709,ns
M7vsM8_raw_24m,natural_breaks,Relative Mortality,NEPmax,High,26,0.01776,50,0.2796,0.5991,ns
M7vsM8_raw_24m,natural_breaks,Relative Mortality,WUE,High,26,0.01515,38.5,0.9149,0.9357,ns
M7vsM8_raw_24m,natural_breaks,Relative Mortality,uWUE,High,26,0.00106,46.2,0.5505,0.7992,ns
M7vsM8_raw_24m,natural_breaks,Relative Mortality,ETmax,Mid,32,-0.00074,68.8,0.05289,0.4962,ns
M7vsM8_raw_24m,natural_breaks,Relative Mortality,GPPsat,Mid,32,0.09944,43.8,0.8178,0.9349,ns
M7vsM8_raw_24m,natural_breaks,Relative Mortality,NEPmax,Mid,32,0.13151,43.8,0.8077,0.9349,ns
M7vsM8_raw_24m,natural_breaks,Relative Mortality,WUE,Mid,32,-0.00178,53.1,0.5996,0.8433,ns
M7vsM8_raw_24m,natural_breaks,Relative Mortality,uWUE,Mid,32,-0.00122,50,0.1725,0.5991,ns
M7vsM8_raw_24m,natural_breaks,Relative Mortality,ETmax,Low,35,-9e-05,51.4,0.6797,0.9268,ns
M7vsM8_raw_24m,natural_breaks,Relative Mortality,GPPsat,Low,35,0.02294,48.6,0.275,0.5991,ns
M7vsM8_raw_24m,natural_breaks,Relative Mortality,NEPmax,Low,35,-0.09952,71.4,0.005433,0.2445,ns
M7vsM8_raw_24m,natural_breaks,Relative Mortality,WUE,Low,35,-0.01487,60,0.1569,0.5991,ns
M7vsM8_raw_24m,natural_breaks,Relative Mortality,uWUE,Low,35,-0.00857,62.9,0.05514,0.4962,ns
M7vsM8_raw_24m,natural_breaks,Relative Disturbance,ETmax,Mid,35,-0.00057,71.4,0.03151,0.4727,ns
M7vsM8_raw_24m,natural_breaks,Relative Disturbance,GPPsat,Mid,35,0.1125,40,0.831,0.9349,ns
M7vsM8_raw_24m,natural_breaks,Relative Disturbance,NEPmax,Mid,35,0.09944,42.9,0.8051,0.9349,ns
M7vsM8_raw_24m,natural_breaks,Relative Disturbance,WUE,Mid,35,-0.00937,57.1,0.2642,0.5991,ns
M7vsM8_raw_24m,natural_breaks,Relative Disturbance,uWUE,Mid,35,-0.00378,54.3,0.1022,0.5716,ns
M7vsM8_raw_24m,natural_breaks,Relative Disturbance,ETmax,Low,35,0.00014,45.7,0.7817,0.9349,ns
M7vsM8_raw_24m,natural_breaks,Relative Disturbance,GPPsat,Low,35,-0.03859,51.4,0.3502,0.6709,ns
M7vsM8_raw_24m,natural_breaks,Relative Disturbance,NEPmax,Low,35,-0.09818,68.6,0.01766,0.3973,ns
M7vsM8_raw_24m,natural_breaks,Relative Disturbance,WUE,Low,35,-0.00848,54.3,0.4641,0.7202,ns
M7vsM8_raw_24m,natural_breaks,Relative Disturbance,uWUE,Low,35,-0.00558,60,0.1143,0.5716,ns
M7vsM8_raw_24m,natural_breaks,Relative Disturbance,ETmax,High,23,0.00037,39.1,0.853,0.9357,ns
M7vsM8_raw_24m,natural_breaks,Relative Disturbance,GPPsat,High,23,-0.01088,52.2,0.2665,0.5991,ns
M7vsM8_raw_24m,natural_breaks,Relative Disturbance,NEPmax,High,23,-0.09838,56.5,0.1034,0.5716,ns
M7vsM8_raw_24m,natural_breaks,Relative Disturbance,WUE,High,23,0.01323,39.1,0.912,0.9357,ns
M7vsM8_raw_24m,natural_breaks,Relative Disturbance,uWUE,High,23,0.00468,43.5,0.5182,0.7773,ns
M7vsM8_anom_12m,tertiles,Absolute Mortality,ETmax,High,31,-0.00114,58.1,0.2621,0.3024,ns
M7vsM8_anom_12m,tertiles,Absolute Mortality,GPPsat,High,31,-0.41272,67.7,0.01935,0.06697,ns
M7vsM8_anom_12m,tertiles,Absolute Mortality,NEPmax,High,31,-0.91399,80.6,0.005578,0.02949,*
M7vsM8_anom_12m,tertiles,Absolute Mortality,WUE,High,31,-0.02501,58.1,0.0432,0.1111,ns
M7vsM8_anom_12m,tertiles,Absolute Mortality,uWUE,High,31,-0.04025,61.3,0.07215,0.1451,ns
M7vsM8_anom_12m,tertiles,Absolute Mortality,ETmax,Mid,31,0.00099,41.9,0.7117,0.7812,ns
M7vsM8_anom_12m,tertiles,Absolute Mortality,GPPsat,Mid,31,-0.38254,61.3,0.04143,0.1111,ns
M7vsM8_anom_12m,tertiles,Absolute Mortality,NEPmax,Mid,31,-0.51087,64.5,0.01518,0.05692,ns
M7vsM8_anom_12m,tertiles,Absolute Mortality,WUE,Mid,31,-0.02316,54.8,0.2621,0.3024,ns
M7vsM8_anom_12m,tertiles,Absolute Mortality,uWUE,Mid,31,-0.03927,58.1,0.2621,0.3024,ns
M7vsM8_anom_12m,tertiles,Absolute Mortality,ETmax,Low,31,0.00124,41.9,0.7567,0.7919,ns
M7vsM8_anom_12m,tertiles,Absolute Mortality,GPPsat,Low,31,-0.77889,61.3,0.008185,0.03348,*
M7vsM8_anom_12m,tertiles,Absolute Mortality,NEPmax,Low,31,-0.66984,83.9,0.0002022,0.0091,**
M7vsM8_anom_12m,tertiles,Absolute Mortality,WUE,Low,31,-0.02645,58.1,0.1384,0.2076,ns
M7vsM8_anom_12m,tertiles,Absolute Mortality,uWUE,Low,31,-0.04236,64.5,0.09296,0.1604,ns
M7vsM8_anom_12m,tertiles,Relative Mortality,ETmax,High,31,0.00087,45.2,0.7379,0.7906,ns
M7vsM8_anom_12m,tertiles,Relative Mortality,GPPsat,High,31,-0.25126,58.1,0.05963,0.1342,ns
M7vsM8_anom_12m,tertiles,Relative Mortality,NEPmax,High,31,-0.8608,77.4,0.004447,0.02949,*
M7vsM8_anom_12m,tertiles,Relative Mortality,WUE,High,31,-0.02316,58.1,0.176,0.2475,ns
M7vsM8_anom_12m,tertiles,Relative Mortality,uWUE,High,31,-0.04025,61.3,0.1103,0.1712,ns
M7vsM8_anom_12m,tertiles,Relative Mortality,ETmax,Mid,31,-0.00098,54.8,0.1916,0.2607,ns
M7vsM8_anom_12m,tertiles,Relative Mortality,GPPsat,Mid,31,-0.66912,74.2,0.007348,0.03307,*
M7vsM8_anom_12m,tertiles,Relative Mortality,NEPmax,Mid,31,-0.80561,74.2,0.002778,0.02949,*
M7vsM8_anom_12m,tertiles,Relative Mortality,WUE,Mid,31,-0.06049,54.8,0.07488,0.1451,ns
M7vsM8_anom_12m,tertiles,Relative Mortality,uWUE,Mid,31,-0.03492,58.1,0.1518,0.2203,ns
M7vsM8_anom_12m,tertiles,Relative Mortality,ETmax,Low,31,0.00111,41.9,0.7806,0.7983,ns
M7vsM8_anom_12m,tertiles,Relative Mortality,GPPsat,Low,31,-0.59815,58.1,0.02679,0.08036,ns
M7vsM8_anom_12m,tertiles,Relative Mortality,NEPmax,Low,31,-0.43693,77.4,0.001807,0.0271,*
M7vsM8_anom_12m,tertiles,Relative Mortality,WUE,Low,31,-0.02645,58.1,0.1067,0.1712,ns
M7vsM8_anom_12m,tertiles,Relative Mortality,uWUE,Low,31,-0.04236,64.5,0.08058,0.1451,ns
M7vsM8_anom_12m,tertiles,Relative Disturbance,ETmax,High,31,0.00056,48.4,0.6119,0.6883,ns
M7vsM8_anom_12m,tertiles,Relative Disturbance,GPPsat,High,31,-0.37974,61.3,0.04503,0.1111,ns
M7vsM8_anom_12m,tertiles,Relative Disturbance,NEPmax,High,31,-0.91399,74.2,0.005578,0.02949,*
M7vsM8_anom_12m,tertiles,Relative Disturbance,WUE,High,31,-0.02182,54.8,0.2312,0.2973,ns
M7vsM8_anom_12m,tertiles,Relative Disturbance,uWUE,High,31,-0.06395,58.1,0.08058,0.1451,ns
M7vsM8_anom_12m,tertiles,Relative Disturbance,ETmax,Mid,31,-0.00098,58.1,0.197,0.2607,ns
M7vsM8_anom_12m,tertiles,Relative Disturbance,GPPsat,Mid,31,-0.60574,71,0.005899,0.02949,*
M7vsM8_anom_12m,tertiles,Relative Disturbance,NEPmax,Mid,31,-0.72951,77.4,0.0004475,0.01007,*
M7vsM8_anom_12m,tertiles,Relative Disturbance,WUE,Mid,31,-0.03792,54.8,0.07488,0.1451,ns
M7vsM8_anom_12m,tertiles,Relative Disturbance,uWUE,Mid,31,-0.03492,58.1,0.2558,0.3024,ns
M7vsM8_anom_12m,tertiles,Relative Disturbance,ETmax,Low,31,0.00124,35.5,0.8859,0.8859,ns
M7vsM8_anom_12m,tertiles,Relative Disturbance,GPPsat,Low,31,-0.59815,58.1,0.02229,0.07164,ns
M7vsM8_anom_12m,tertiles,Relative Disturbance,NEPmax,Low,31,-0.43693,77.4,0.005578,0.02949,*
M7vsM8_anom_12m,tertiles,Relative Disturbance,WUE,Low,31,-0.02782,61.3,0.09626,0.1604,ns
M7vsM8_anom_12m,tertiles,Relative Disturbance,uWUE,Low,31,-0.05683,67.7,0.04692,0.1111,ns
M7vsM8_anom_12m,equal_width,Absolute Mortality,ETmax,Mid,35,0.00056,48.6,0.4706,0.5491,ns
M7vsM8_anom_12m,equal_width,Absolute Mortality,GPPsat,Mid,35,-0.21888,57.1,0.1904,0.2666,ns
M7vsM8_anom_12m,equal_width,Absolute Mortality,NEPmax,Mid,35,-0.68397,71.4,0.0138,0.05366,ns
M7vsM8_anom_12m,equal_width,Absolute Mortality,WUE,Mid,35,0.03898,48.6,0.06083,0.1183,ns
M7vsM8_anom_12m,equal_width,Absolute Mortality,uWUE,Mid,35,-0.02887,60,0.1731,0.2525,ns
M7vsM8_anom_12m,equal_width,Absolute Mortality,ETmax,Low,53,0.00087,45.3,0.7235,0.7235,ns
M7vsM8_anom_12m,equal_width,Absolute Mortality,GPPsat,Low,53,-0.76086,66,0.0004094,0.003582,**
M7vsM8_anom_12m,equal_width,Absolute Mortality,NEPmax,Low,53,-0.6804,79.2,1.586e-05,0.000555,***
M7vsM8_anom_12m,equal_width,Absolute Mortality,WUE,Low,53,-0.02645,60.4,0.05856,0.1183,ns
M7vsM8_anom_12m,equal_width,Absolute Mortality,uWUE,Low,53,-0.05683,62.3,0.03344,0.09799,ns
M7vsM8_anom_12m,equal_width,Absolute Mortality,ETmax,High,5,-0.00103,60,,,""
M7vsM8_anom_12m,equal_width,Absolute Mortality,GPPsat,High,5,-1.52961,80,,,""
M7vsM8_anom_12m,equal_width,Absolute Mortality,NEPmax,High,5,-1.35722,80,,,""
M7vsM8_anom_12m,equal_width,Absolute Mortality,WUE,High,5,-0.02182,80,,,""
M7vsM8_anom_12m,equal_width,Absolute Mortality,uWUE,High,5,-0.06395,60,,,""
M7vsM8_anom_12m,equal_width,Relative Mortality,ETmax,Mid,33,0.00087,45.5,0.4929,0.5565,ns
M7vsM8_anom_12m,equal_width,Relative Mortality,GPPsat,Mid,33,-0.26727,63.6,0.03556,0.09799,ns
M7vsM8_anom_12m,equal_width,Relative Mortality,NEPmax,Mid,33,-0.69235,78.8,0.002657,0.01256,*
M7vsM8_anom_12m,equal_width,Relative Mortality,WUE,Mid,33,-0.02182,51.5,0.3275,0.4246,ns
M7vsM8_anom_12m,equal_width,Relative Mortality,uWUE,Mid,33,-0.04025,60.6,0.1585,0.2412,ns
M7vsM8_anom_12m,equal_width,Relative Mortality,ETmax,Low,53,0.00059,45.3,0.7054,0.7235,ns
M7vsM8_anom_12m,equal_width,Relative Mortality,GPPsat,Low,53,-0.60574,62.3,0.002872,0.01256,*
M7vsM8_anom_12m,equal_width,Relative Mortality,NEPmax,Low,53,-0.66984,73.6,0.0002277,0.003582,**
M7vsM8_anom_12m,equal_width,Relative Mortality,WUE,Low,53,-0.02782,58.5,0.04543,0.09938,ns
M7vsM8_anom_12m,equal_width,Relative Mortality,uWUE,Low,53,-0.03688,62.3,0.06617,0.1219,ns
M7vsM8_anom_12m,equal_width,Relative Mortality,ETmax,High,7,-0.00103,71.4,0.4663,0.5491,ns
M7vsM8_anom_12m,equal_width,Relative Mortality,GPPsat,High,7,-1.42306,71.4,0.1359,0.2163,ns
M7vsM8_anom_12m,equal_width,Relative Mortality,NEPmax,High,7,-1.35722,85.7,0.03796,0.09799,ns
M7vsM8_anom_12m,equal_width,Relative Mortality,WUE,High,7,-0.02501,71.4,0.1359,0.2163,ns
M7vsM8_anom_12m,equal_width,Relative Mortality,uWUE,High,7,-0.13164,57.1,0.1024,0.1793,ns
M7vsM8_anom_12m,equal_width,Relative Disturbance,ETmax,Mid,35,0.00087,42.9,0.5229,0.5719,ns
M7vsM8_anom_12m,equal_width,Relative Disturbance,GPPsat,Mid,35,-0.26727,60,0.04199,0.09799,ns
M7vsM8_anom_12m,equal_width,Relative Disturbance,NEPmax,Mid,35,-0.77677,80,0.001399,0.00979,**
M7vsM8_anom_12m,equal_width,Relative Disturbance,WUE,Mid,35,-0.02182,54.3,0.3441,0.4301,ns
M7vsM8_anom_12m,equal_width,Relative Disturbance,uWUE,Mid,35,-0.03927,57.1,0.2381,0.3205,ns
M7vsM8_anom_12m,equal_width,Relative Disturbance,ETmax,Low,53,3e-04,47.2,0.6805,0.7218,ns
M7vsM8_anom_12m,equal_width,Relative Disturbance,GPPsat,Low,53,-0.59815,64.2,0.002505,0.01256,*
M7vsM8_anom_12m,equal_width,Relative Disturbance,NEPmax,Low,53,-0.62288,73.6,0.0003164,0.003582,**
M7vsM8_anom_12m,equal_width,Relative Disturbance,WUE,Low,53,-0.02782,58.5,0.04136,0.09799,ns
M7vsM8_anom_12m,equal_width,Relative Disturbance,uWUE,Low,53,-0.04236,64.2,0.03089,0.09799,ns
M7vsM8_anom_12m,equal_width,Relative Disturbance,ETmax,High,5,-0.00103,80,,,""
M7vsM8_anom_12m,equal_width,Relative Disturbance,GPPsat,High,5,-1.42306,80,,,""
M7vsM8_anom_12m,equal_width,Relative Disturbance,NEPmax,High,5,-1.77637,80,,,""
M7vsM8_anom_12m,equal_width,Relative Disturbance,WUE,High,5,-0.23483,60,,,""
M7vsM8_anom_12m,equal_width,Relative Disturbance,uWUE,High,5,-0.13164,60,,,""
M7vsM8_anom_12m,natural_breaks,Absolute Mortality,ETmax,High,20,0.00019,50,0.5959,0.654,ns
M7vsM8_anom_12m,natural_breaks,Absolute Mortality,GPPsat,High,20,-0.33596,60,0.09253,0.1711,ns
M7vsM8_anom_12m,natural_breaks,Absolute Mortality,NEPmax,High,20,-0.88739,75,0.05219,0.1241,ns
M7vsM8_anom_12m,natural_breaks,Absolute Mortality,WUE,High,20,0.01525,50,0.3614,0.417,ns
M7vsM8_anom_12m,natural_breaks,Absolute Mortality,uWUE,High,20,-0.04641,60,0.1802,0.2457,ns
M7vsM8_anom_12m,natural_breaks,Absolute Mortality,ETmax,Mid,43,0.00056,48.8,0.3929,0.442,ns
M7vsM8_anom_12m,natural_breaks,Absolute Mortality,GPPsat,Mid,43,-0.41831,67.4,0.008268,0.04219,*
M7vsM8_anom_12m,natural_breaks,Absolute Mortality,NEPmax,Mid,43,-0.66917,72.1,9e-04,0.0135,*
M7vsM8_anom_12m,natural_breaks,Absolute Mortality,WUE,Mid,43,-0.03792,58.1,0.04489,0.1241,ns
M7vsM8_anom_12m,natural_breaks,Absolute Mortality,uWUE,Mid,43,-0.03927,60.5,0.09508,0.1711,ns
M7vsM8_anom_12m,natural_breaks,Absolute Mortality,ETmax,Low,30,0.00077,43.3,0.7246,0.7583,ns
M7vsM8_anom_12m,natural_breaks,Absolute Mortality,GPPsat,Low,30,-0.68852,60,0.01316,0.0501,ns
M7vsM8_anom_12m,natural_breaks,Absolute Mortality,NEPmax,Low,30,-0.68109,83.3,0.0002544,0.008087,**
M7vsM8_anom_12m,natural_breaks,Absolute Mortality,WUE,Low,30,-0.02713,60,0.129,0.1978,ns
M7vsM8_anom_12m,natural_breaks,Absolute Mortality,uWUE,Low,30,-0.04959,63.3,0.1048,0.1814,ns
M7vsM8_anom_12m,natural_breaks,Relative Mortality,ETmax,High,26,0.00071,46.2,0.7204,0.7583,ns
M7vsM8_anom_12m,natural_breaks,Relative Mortality,GPPsat,High,26,-0.3155,61.5,0.06377,0.1366,ns
M7vsM8_anom_12m,natural_breaks,Relative Mortality,NEPmax,High,26,-0.88739,73.1,0.01447,0.0501,ns
M7vsM8_anom_12m,natural_breaks,Relative Mortality,WUE,High,26,-0.01515,53.8,0.333,0.3943,ns
M7vsM8_anom_12m,natural_breaks,Relative Mortality,uWUE,High,26,-0.04641,57.7,0.1319,0.1978,ns
M7vsM8_anom_12m,natural_breaks,Relative Mortality,ETmax,Mid,32,-0.00113,56.2,0.1541,0.223,ns
M7vsM8_anom_12m,natural_breaks,Relative Mortality,GPPsat,Mid,32,-0.49311,68.8,0.01401,0.0501,ns
M7vsM8_anom_12m,natural_breaks,Relative Mortality,NEPmax,Mid,32,-0.70674,75,0.003446,0.02585,*
M7vsM8_anom_12m,natural_breaks,Relative Mortality,WUE,Mid,32,-0.0492,56.2,0.1139,0.1889,ns
M7vsM8_anom_12m,natural_breaks,Relative Mortality,uWUE,Mid,32,-0.03709,59.4,0.1586,0.223,ns
M7vsM8_anom_12m,natural_breaks,Relative Mortality,ETmax,Low,35,0.00111,40,0.8508,0.8702,ns
M7vsM8_anom_12m,natural_breaks,Relative Mortality,GPPsat,Low,35,-0.60574,60,0.009376,0.04219,*
M7vsM8_anom_12m,natural_breaks,Relative Mortality,NEPmax,Low,35,-0.62288,80,0.0003594,0.008087,**
M7vsM8_anom_12m,natural_breaks,Relative Mortality,WUE,Low,35,-0.02782,60,0.05514,0.1241,ns
M7vsM8_anom_12m,natural_breaks,Relative Mortality,uWUE,Low,35,-0.05683,65.7,0.05333,0.1241,ns
M7vsM8_anom_12m,natural_breaks,Relative Disturbance,ETmax,Mid,35,-0.00052,54.3,0.2916,0.3615,ns
M7vsM8_anom_12m,natural_breaks,Relative Disturbance,GPPsat,Mid,35,-0.56791,68.6,0.008972,0.04219,*
M7vsM8_anom_12m,natural_breaks,Relative Disturbance,NEPmax,Mid,35,-0.68397,80,0.001325,0.01491,*
M7vsM8_anom_12m,natural_breaks,Relative Disturbance,WUE,Mid,35,-0.03792,57.1,0.09095,0.1711,ns
M7vsM8_anom_12m,natural_breaks,Relative Disturbance,uWUE,Mid,35,-0.03492,57.1,0.2183,0.2889,ns
M7vsM8_anom_12m,natural_breaks,Relative Disturbance,ETmax,Low,35,0.00144,34.3,0.943,0.943,ns
M7vsM8_anom_12m,natural_breaks,Relative Disturbance,GPPsat,Low,35,-0.31015,54.3,0.03151,0.09453,ns
M7vsM8_anom_12m,natural_breaks,Relative Disturbance,NEPmax,Low,35,-0.43031,71.4,0.005694,0.0366,*
M7vsM8_anom_12m,natural_breaks,Relative Disturbance,WUE,Low,35,-0.02782,60,0.1175,0.1889,ns
M7vsM8_anom_12m,natural_breaks,Relative Disturbance,uWUE,Low,35,-0.05683,65.7,0.0883,0.1711,ns
M7vsM8_anom_12m,natural_breaks,Relative Disturbance,ETmax,High,23,-0.00054,56.5,0.2973,0.3615,ns
M7vsM8_anom_12m,natural_breaks,Relative Disturbance,GPPsat,High,23,-0.41272,69.6,0.01861,0.05981,ns
M7vsM8_anom_12m,natural_breaks,Relative Disturbance,NEPmax,High,23,-1.06306,78.3,0.002957,0.02585,*
M7vsM8_anom_12m,natural_breaks,Relative Disturbance,WUE,High,23,-0.00848,52.2,0.2973,0.3615,ns
M7vsM8_anom_12m,natural_breaks,Relative Disturbance,uWUE,High,23,-0.06395,60.9,0.0487,0.1241,ns
M7vsM8_anom_24m,tertiles,Absolute Mortality,ETmax,High,31,-0.00042,51.6,0.6268,0.7232,ns
M7vsM8_anom_24m,tertiles,Absolute Mortality,GPPsat,High,31,-0.5806,71,0.01181,0.1199,ns
M7vsM8_anom_24m,tertiles,Absolute Mortality,NEPmax,High,31,-0.59633,51.6,0.02029,0.1199,ns
M7vsM8_anom_24m,tertiles,Absolute Mortality,WUE,High,31,-0.10799,54.8,0.0695,0.136,ns
M7vsM8_anom_24m,tertiles,Absolute Mortality,uWUE,High,31,-0.05727,64.5,0.02931,0.1199,ns
M7vsM8_anom_24m,tertiles,Absolute Mortality,ETmax,Mid,31,0.00045,41.9,0.8482,0.8877,ns
M7vsM8_anom_24m,tertiles,Absolute Mortality,GPPsat,Mid,31,-0.61021,67.7,0.02445,0.1199,ns
M7vsM8_anom_24m,tertiles,Absolute Mortality,NEPmax,Mid,31,-0.2122,58.1,0.1612,0.2267,ns
M7vsM8_anom_24m,tertiles,Absolute Mortality,WUE,Mid,31,-0.00556,58.1,0.1564,0.2267,ns
M7vsM8_anom_24m,tertiles,Absolute Mortality,uWUE,Mid,31,0.00296,48.4,0.4961,0.5875,ns
M7vsM8_anom_24m,tertiles,Absolute Mortality,ETmax,Low,31,-2e-04,51.6,0.6632,0.7461,ns
M7vsM8_anom_24m,tertiles,Absolute Mortality,GPPsat,Low,31,-0.53354,61.3,0.01181,0.1199,ns
M7vsM8_anom_24m,tertiles,Absolute Mortality,NEPmax,Low,31,-0.39499,54.8,0.05512,0.129,ns
M7vsM8_anom_24m,tertiles,Absolute Mortality,WUE,Low,31,-0.04186,67.7,0.04503,0.1266,ns
M7vsM8_anom_24m,tertiles,Absolute Mortality,uWUE,Low,31,-0.01671,54.8,0.1218,0.189,ns
M7vsM8_anom_24m,tertiles,Relative Mortality,ETmax,High,31,0.00114,41.9,0.9004,0.9103,ns
M7vsM8_anom_24m,tertiles,Relative Mortality,GPPsat,High,31,-0.48828,64.5,0.02931,0.1199,ns
M7vsM8_anom_24m,tertiles,Relative Mortality,NEPmax,High,31,-0.00759,51.6,0.06692,0.136,ns
M7vsM8_anom_24m,tertiles,Relative Mortality,WUE,High,31,-0.00285,54.8,0.2253,0.2982,ns
M7vsM8_anom_24m,tertiles,Relative Mortality,uWUE,High,31,-0.05727,61.3,0.05089,0.129,ns
M7vsM8_anom_24m,tertiles,Relative Mortality,ETmax,Mid,31,-2e-04,54.8,0.3226,0.3923,ns
M7vsM8_anom_24m,tertiles,Relative Mortality,GPPsat,Mid,31,-0.74425,77.4,0.002315,0.05209,ns
M7vsM8_anom_24m,tertiles,Relative Mortality,NEPmax,Mid,31,-0.2122,54.8,0.1218,0.189,ns
M7vsM8_anom_24m,tertiles,Relative Mortality,WUE,Mid,31,-0.07415,61.3,0.04143,0.1266,ns
M7vsM8_anom_24m,tertiles,Relative Mortality,uWUE,Mid,31,0.00069,48.4,0.3226,0.3923,ns
M7vsM8_anom_24m,tertiles,Relative Mortality,ETmax,Low,31,0.00036,48.4,0.7806,0.8567,ns
M7vsM8_anom_24m,tertiles,Relative Mortality,GPPsat,Low,31,-0.28609,58.1,0.04143,0.1266,ns
M7vsM8_anom_24m,tertiles,Relative Mortality,NEPmax,Low,31,-0.44319,58.1,0.02679,0.1199,ns
M7vsM8_anom_24m,tertiles,Relative Mortality,WUE,Low,31,-0.02523,64.5,0.05734,0.129,ns
M7vsM8_anom_24m,tertiles,Relative Mortality,uWUE,Low,31,-0.01671,58.1,0.1103,0.1839,ns
M7vsM8_anom_24m,tertiles,Relative Disturbance,ETmax,High,31,0.00114,41.9,0.8436,0.8877,ns
M7vsM8_anom_24m,tertiles,Relative Disturbance,GPPsat,High,31,-0.50702,67.7,0.02931,0.1199,ns
M7vsM8_anom_24m,tertiles,Relative Disturbance,NEPmax,High,31,-0.00759,51.6,0.05734,0.129,ns
M7vsM8_anom_24m,tertiles,Relative Disturbance,WUE,High,31,-0.00285,51.6,0.1709,0.2331,ns
M7vsM8_anom_24m,tertiles,Relative Disturbance,uWUE,High,31,-0.04268,58.1,0.06198,0.1328,ns
M7vsM8_anom_24m,tertiles,Relative Disturbance,ETmax,Mid,31,-0.00042,58.1,0.1564,0.2267,ns
M7vsM8_anom_24m,tertiles,Relative Disturbance,GPPsat,Mid,31,-0.67632,71,0.001807,0.05209,ns
M7vsM8_anom_24m,tertiles,Relative Disturbance,NEPmax,Mid,31,-0.2122,58.1,0.03972,0.1266,ns
M7vsM8_anom_24m,tertiles,Relative Disturbance,WUE,Mid,31,-0.05318,61.3,0.07769,0.1457,ns
M7vsM8_anom_24m,tertiles,Relative Disturbance,uWUE,Mid,31,0.00069,48.4,0.3226,0.3923,ns
M7vsM8_anom_24m,tertiles,Relative Disturbance,ETmax,Low,31,4e-04,45.2,0.9103,0.9103,ns
M7vsM8_anom_24m,tertiles,Relative Disturbance,GPPsat,Low,31,-0.61021,61.3,0.02679,0.1199,ns
M7vsM8_anom_24m,tertiles,Relative Disturbance,NEPmax,Low,31,-0.44319,54.8,0.09296,0.1666,ns
M7vsM8_anom_24m,tertiles,Relative Disturbance,WUE,Low,31,-0.04186,67.7,0.0432,0.1266,ns
M7vsM8_anom_24m,tertiles,Relative Disturbance,uWUE,Low,31,-0.02635,61.3,0.09626,0.1666,ns
M7vsM8_anom_24m,equal_width,Absolute Mortality,ETmax,Mid,35,0.00045,45.7,0.6619,0.7473,ns
M7vsM8_anom_24m,equal_width,Absolute Mortality,GPPsat,Mid,35,-0.42719,62.9,0.07133,0.1328,ns
M7vsM8_anom_24m,equal_width,Absolute Mortality,NEPmax,Mid,35,0.01529,48.6,0.0759,0.1328,ns
M7vsM8_anom_24m,equal_width,Absolute Mortality,WUE,Mid,35,-0.00556,54.3,0.1022,0.1703,ns
M7vsM8_anom_24m,equal_width,Absolute Mortality,uWUE,Mid,35,-0.05727,62.9,0.03777,0.1202,ns
M7vsM8_anom_24m,equal_width,Absolute Mortality,ETmax,Low,53,-0.00015,50.9,0.6962,0.7615,ns
M7vsM8_anom_24m,equal_width,Absolute Mortality,GPPsat,Low,53,-0.61021,67.9,0.0005273,0.01846,*
M7vsM8_anom_24m,equal_width,Absolute Mortality,NEPmax,Low,53,-0.39499,56.6,0.02908,0.1131,ns
M7vsM8_anom_24m,equal_width,Absolute Mortality,WUE,Low,53,-0.04186,66,0.01068,0.06227,ns
M7vsM8_anom_24m,equal_width,Absolute Mortality,uWUE,Low,53,-0.00192,50.9,0.1833,0.2673,ns
M7vsM8_anom_24m,equal_width,Absolute Mortality,ETmax,High,5,0.00232,40,,,""
M7vsM8_anom_24m,equal_width,Absolute Mortality,GPPsat,High,5,-2.01998,80,,,""
M7vsM8_anom_24m,equal_width,Absolute Mortality,NEPmax,High,5,-1.35402,80,,,""
M7vsM8_anom_24m,equal_width,Absolute Mortality,WUE,High,5,0.00068,40,,,""
M7vsM8_anom_24m,equal_width,Absolute Mortality,uWUE,High,5,-0.03143,60,,,""
M7vsM8_anom_24m,equal_width,Relative Mortality,ETmax,Mid,33,3e-04,48.5,0.5568,0.6705,ns
M7vsM8_anom_24m,equal_width,Relative Mortality,GPPsat,Mid,33,-0.48828,69.7,0.01336,0.0668,ns
M7vsM8_anom_24m,equal_width,Relative Mortality,NEPmax,Mid,33,-0.00759,51.5,0.05391,0.1328,ns
M7vsM8_anom_24m,equal_width,Relative Mortality,WUE,Mid,33,-0.00285,54.5,0.2486,0.3346,ns
M7vsM8_anom_24m,equal_width,Relative Mortality,uWUE,Mid,33,-0.03143,54.5,0.1379,0.2193,ns
M7vsM8_anom_24m,equal_width,Relative Mortality,ETmax,Low,53,0.00035,49.1,0.7633,0.8096,ns
M7vsM8_anom_24m,equal_width,Relative Mortality,GPPsat,Low,53,-0.61021,64.2,0.003199,0.03732,*
M7vsM8_anom_24m,equal_width,Relative Mortality,NEPmax,Low,53,-0.2122,54.7,0.05357,0.1328,ns
M7vsM8_anom_24m,equal_width,Relative Mortality,WUE,Low,53,-0.05526,66,0.009265,0.06227,ns
M7vsM8_anom_24m,equal_width,Relative Mortality,uWUE,Low,53,-0.0185,56.6,0.07577,0.1328,ns
M7vsM8_anom_24m,equal_width,Relative Mortality,ETmax,High,7,0.00144,42.9,0.8641,0.8641,ns
M7vsM8_anom_24m,equal_width,Relative Mortality,GPPsat,High,7,-1.37828,71.4,0.07539,0.1328,ns
M7vsM8_anom_24m,equal_width,Relative Mortality,NEPmax,High,7,-1.35402,71.4,0.07539,0.1328,ns
M7vsM8_anom_24m,equal_width,Relative Mortality,WUE,High,7,0.00068,42.9,0.3363,0.4359,ns
M7vsM8_anom_24m,equal_width,Relative Mortality,uWUE,High,7,-0.08,57.1,0.2234,0.3128,ns
M7vsM8_anom_24m,equal_width,Relative Disturbance,ETmax,Mid,35,-0.00042,51.4,0.5747,0.6705,ns
M7vsM8_anom_24m,equal_width,Relative Disturbance,GPPsat,Mid,35,-0.50702,65.7,0.01696,0.07419,ns
M7vsM8_anom_24m,equal_width,Relative Disturbance,NEPmax,Mid,35,-0.39264,54.3,0.03269,0.1144,ns
M7vsM8_anom_24m,equal_width,Relative Disturbance,WUE,Mid,35,-0.00023,51.4,0.3998,0.4997,ns
M7vsM8_anom_24m,equal_width,Relative Disturbance,uWUE,Mid,35,-0.03143,54.3,0.153,0.2328,ns
M7vsM8_anom_24m,equal_width,Relative Disturbance,ETmax,Low,53,0.00036,47.2,0.8144,0.8383,ns
M7vsM8_anom_24m,equal_width,Relative Disturbance,GPPsat,Low,53,-0.53354,66,0.002647,0.03732,*
M7vsM8_anom_24m,equal_width,Relative Disturbance,NEPmax,Low,53,-0.2122,54.7,0.04891,0.1328,ns
M7vsM8_anom_24m,equal_width,Relative Disturbance,WUE,Low,53,-0.05526,66,0.006757,0.05912,ns
M7vsM8_anom_24m,equal_width,Relative Disturbance,uWUE,Low,53,-0.0185,56.6,0.06847,0.1328,ns
M7vsM8_anom_24m,equal_width,Relative Disturbance,ETmax,High,5,0.00144,40,,,""
M7vsM8_anom_24m,equal_width,Relative Disturbance,GPPsat,High,5,-1.37828,80,,,""
M7vsM8_anom_24m,equal_width,Relative Disturbance,NEPmax,High,5,-3.26231,60,,,""
M7vsM8_anom_24m,equal_width,Relative Disturbance,WUE,High,5,-0.10805,60,,,""
M7vsM8_anom_24m,equal_width,Relative Disturbance,uWUE,High,5,-0.08,60,,,""
M7vsM8_anom_24m,natural_breaks,Absolute Mortality,ETmax,High,20,0.00103,45,0.8387,0.9095,ns
M7vsM8_anom_24m,natural_breaks,Absolute Mortality,GPPsat,High,20,-0.36898,60,0.1125,0.1947,ns
M7vsM8_anom_24m,natural_breaks,Absolute Mortality,NEPmax,High,20,-0.44767,50,0.06527,0.1469,ns
M7vsM8_anom_24m,natural_breaks,Absolute Mortality,WUE,High,20,0.01088,45,0.3897,0.4615,ns
M7vsM8_anom_24m,natural_breaks,Absolute Mortality,uWUE,High,20,-0.05133,60,0.1125,0.1947,ns
M7vsM8_anom_24m,natural_breaks,Absolute Mortality,ETmax,Mid,43,3e-04,48.8,0.512,0.5908,ns
M7vsM8_anom_24m,natural_breaks,Absolute Mortality,GPPsat,Mid,43,-0.61176,74.4,0.001705,0.05169,ns
M7vsM8_anom_24m,natural_breaks,Absolute Mortality,NEPmax,Mid,43,-0.39264,58.1,0.04376,0.1407,ns
M7vsM8_anom_24m,natural_breaks,Absolute Mortality,WUE,Mid,43,-0.05318,62.8,0.02631,0.1184,ns
M7vsM8_anom_24m,natural_breaks,Absolute Mortality,uWUE,Mid,43,-0.01671,55.8,0.1747,0.2382,ns
M7vsM8_anom_24m,natural_breaks,Absolute Mortality,ETmax,Low,30,1e-04,50,0.7448,0.8379,ns
M7vsM8_anom_24m,natural_breaks,Absolute Mortality,GPPsat,Low,30,-0.40981,60,0.01795,0.1002,ns
M7vsM8_anom_24m,natural_breaks,Absolute Mortality,NEPmax,Low,30,-0.25668,53.3,0.0721,0.1531,ns
M7vsM8_anom_24m,natural_breaks,Absolute Mortality,WUE,Low,30,-0.04856,66.7,0.04785,0.1436,ns
M7vsM8_anom_24m,natural_breaks,Absolute Mortality,uWUE,Low,30,-0.01989,53.3,0.1247,0.2073,ns
M7vsM8_anom_24m,natural_breaks,Relative Mortality,ETmax,High,26,0.00124,38.5,0.8979,0.9183,ns
M7vsM8_anom_24m,natural_breaks,Relative Mortality,GPPsat,High,26,-0.42408,65.4,0.06066,0.1469,ns
M7vsM8_anom_24m,natural_breaks,Relative Mortality,NEPmax,High,26,-0.20012,53.8,0.05767,0.1469,ns
M7vsM8_anom_24m,natural_breaks,Relative Mortality,WUE,High,26,-0.00108,50,0.2969,0.3817,ns
M7vsM8_anom_24m,natural_breaks,Relative Mortality,uWUE,High,26,-0.04998,61.5,0.07747,0.1531,ns
M7vsM8_anom_24m,natural_breaks,Relative Mortality,ETmax,Mid,32,-0.00054,59.4,0.129,0.2073,ns
M7vsM8_anom_24m,natural_breaks,Relative Mortality,GPPsat,Mid,32,-0.64404,71.9,0.003446,0.05169,ns
M7vsM8_anom_24m,natural_breaks,Relative Mortality,NEPmax,Mid,32,-0.05995,50,0.1725,0.2382,ns
M7vsM8_anom_24m,natural_breaks,Relative Mortality,WUE,Mid,32,-0.05919,62.5,0.05289,0.1469,ns
M7vsM8_anom_24m,natural_breaks,Relative Mortality,uWUE,Mid,32,0.00182,46.9,0.3647,0.4436,ns
M7vsM8_anom_24m,natural_breaks,Relative Mortality,ETmax,Low,35,4e-04,45.7,0.8691,0.9095,ns
M7vsM8_anom_24m,natural_breaks,Relative Mortality,GPPsat,Low,35,-0.61021,62.9,0.01216,0.1002,ns
M7vsM8_anom_24m,natural_breaks,Relative Mortality,NEPmax,Low,35,-0.44319,60,0.01991,0.1002,ns
M7vsM8_anom_24m,natural_breaks,Relative Mortality,WUE,Low,35,-0.04186,65.7,0.03645,0.1308,ns
M7vsM8_anom_24m,natural_breaks,Relative Mortality,uWUE,Low,35,-0.02635,60,0.06488,0.1469,ns
M7vsM8_anom_24m,natural_breaks,Relative Disturbance,ETmax,Mid,35,-0.00042,54.3,0.1649,0.2382,ns
M7vsM8_anom_24m,natural_breaks,Relative Disturbance,GPPsat,Mid,35,-0.61176,71.4,0.003357,0.05169,ns
M7vsM8_anom_24m,natural_breaks,Relative Disturbance,NEPmax,Mid,35,-0.19826,54.3,0.07827,0.1531,ns
M7vsM8_anom_24m,natural_breaks,Relative Disturbance,WUE,Mid,35,-0.05318,57.1,0.1817,0.2404,ns
M7vsM8_anom_24m,natural_breaks,Relative Disturbance,uWUE,Mid,35,0.00069,48.6,0.3502,0.4377,ns
M7vsM8_anom_24m,natural_breaks,Relative Disturbance,ETmax,Low,35,4e-04,45.7,0.9193,0.9193,ns
M7vsM8_anom_24m,natural_breaks,Relative Disturbance,GPPsat,Low,35,-0.53354,60,0.03777,0.1308,ns
M7vsM8_anom_24m,natural_breaks,Relative Disturbance,NEPmax,Low,35,-0.39499,51.4,0.1492,0.2312,ns
M7vsM8_anom_24m,natural_breaks,Relative Disturbance,WUE,Low,35,-0.04186,68.6,0.01766,0.1002,ns
M7vsM8_anom_24m,natural_breaks,Relative Disturbance,uWUE,Low,35,-0.02635,60,0.1112,0.1947,ns
M7vsM8_anom_24m,natural_breaks,Relative Disturbance,ETmax,High,23,0.00124,43.5,0.8599,0.9095,ns
M7vsM8_anom_24m,natural_breaks,Relative Disturbance,GPPsat,High,23,-0.5806,69.6,0.01483,0.1002,ns
M7vsM8_anom_24m,natural_breaks,Relative Disturbance,NEPmax,High,23,-0.91062,60.9,0.02004,0.1002,ns
M7vsM8_anom_24m,natural_breaks,Relative Disturbance,WUE,High,23,-0.00285,52.2,0.1541,0.2312,ns
M7vsM8_anom_24m,natural_breaks,Relative Disturbance,uWUE,High,23,-0.05727,60.9,0.0376,0.1308,ns
