unit,method,metric,response,category,n,median_dRMSE,pct_sites_improved,p_onesided_wilcoxon,q_BH,sig
M1vsM2_12m,tertiles,Absolute Mortality,ETmax,High,22,0.00121,40.9,0.5388,0.7954,ns
M1vsM2_12m,tertiles,Absolute Mortality,GPPsat,High,22,0.06099,45.5,0.4228,0.7954,ns
M1vsM2_12m,tertiles,Absolute Mortality,NEPmax,High,22,-0.81787,63.6,0.2085,0.7954,ns
M1vsM2_12m,tertiles,Absolute Mortality,WUE,High,22,0.01357,45.5,0.7625,0.7954,ns
M1vsM2_12m,tertiles,Absolute Mortality,uWUE,High,22,-0.01617,54.5,0.6983,0.7954,ns
M1vsM2_12m,tertiles,Absolute Mortality,ETmax,Mid,21,-0.00163,61.9,0.3511,0.7954,ns
M1vsM2_12m,tertiles,Absolute Mortality,GPPsat,Mid,21,-0.36903,61.9,0.2545,0.7954,ns
M1vsM2_12m,tertiles,Absolute Mortality,NEPmax,Mid,21,0.04809,47.6,0.7109,0.7954,ns
M1vsM2_12m,tertiles,Absolute Mortality,WUE,Mid,21,-0.02845,57.1,0.2773,0.7954,ns
M1vsM2_12m,tertiles,Absolute Mortality,uWUE,Mid,21,-0.00524,52.4,0.7778,0.7954,ns
M1vsM2_12m,tertiles,Absolute Mortality,ETmax,Low,22,0.00181,31.8,0.9136,0.9136,ns
M1vsM2_12m,tertiles,Absolute Mortality,GPPsat,Low,22,0.26316,40.9,0.7419,0.7954,ns
M1vsM2_12m,tertiles,Absolute Mortality,NEPmax,Low,22,-0.19063,59.1,0.2795,0.7954,ns
M1vsM2_12m,tertiles,Absolute Mortality,WUE,Low,22,-0.00327,50,0.5772,0.7954,ns
M1vsM2_12m,tertiles,Absolute Mortality,uWUE,Low,22,0.01175,45.5,0.3484,0.7954,ns
M1vsM2_12m,tertiles,Relative Mortality,ETmax,High,22,0.00185,40.9,0.5645,0.7954,ns
M1vsM2_12m,tertiles,Relative Mortality,GPPsat,High,22,0.06099,45.5,0.4871,0.7954,ns
M1vsM2_12m,tertiles,Relative Mortality,NEPmax,High,22,-0.23552,50,0.4871,0.7954,ns
M1vsM2_12m,tertiles,Relative Mortality,WUE,High,22,-0.02478,54.5,0.4741,0.7954,ns
M1vsM2_12m,tertiles,Relative Mortality,uWUE,High,22,-0.01224,54.5,0.7205,0.7954,ns
M1vsM2_12m,tertiles,Relative Mortality,ETmax,Mid,21,0.00046,47.6,0.7455,0.7954,ns
M1vsM2_12m,tertiles,Relative Mortality,GPPsat,Mid,21,-0.12945,57.1,0.3772,0.7954,ns
M1vsM2_12m,tertiles,Relative Mortality,NEPmax,Mid,21,-0.16392,57.1,0.5139,0.7954,ns
M1vsM2_12m,tertiles,Relative Mortality,WUE,Mid,21,-0.01143,52.4,0.3511,0.7954,ns
M1vsM2_12m,tertiles,Relative Mortality,uWUE,Mid,21,-0.03123,61.9,0.5139,0.7954,ns
M1vsM2_12m,tertiles,Relative Mortality,ETmax,Low,22,6e-04,45.5,0.5645,0.7954,ns
M1vsM2_12m,tertiles,Relative Mortality,GPPsat,Low,22,0.12033,45.5,0.4741,0.7954,ns
M1vsM2_12m,tertiles,Relative Mortality,NEPmax,Low,22,-0.46468,63.6,0.1148,0.7954,ns
M1vsM2_12m,tertiles,Relative Mortality,WUE,Low,22,0.01826,45.5,0.7205,0.7954,ns
M1vsM2_12m,tertiles,Relative Mortality,uWUE,Low,22,0.01605,36.4,0.7095,0.7954,ns
M1vsM2_12m,tertiles,Relative Disturbance,ETmax,High,22,0.00121,40.9,0.5645,0.7954,ns
M1vsM2_12m,tertiles,Relative Disturbance,GPPsat,High,22,-0.31358,50,0.3851,0.7954,ns
M1vsM2_12m,tertiles,Relative Disturbance,NEPmax,High,22,-0.69421,54.5,0.3851,0.7954,ns
M1vsM2_12m,tertiles,Relative Disturbance,WUE,High,22,-0.02478,54.5,0.3727,0.7954,ns
M1vsM2_12m,tertiles,Relative Disturbance,uWUE,High,22,-0.01224,54.5,0.7313,0.7954,ns
M1vsM2_12m,tertiles,Relative Disturbance,ETmax,Mid,21,0.00167,47.6,0.7109,0.7954,ns
M1vsM2_12m,tertiles,Relative Disturbance,GPPsat,Mid,21,-0.02546,52.4,0.4585,0.7954,ns
M1vsM2_12m,tertiles,Relative Disturbance,NEPmax,Mid,21,-0.16392,61.9,0.431,0.7954,ns
M1vsM2_12m,tertiles,Relative Disturbance,WUE,Mid,21,-0.01732,52.4,0.3641,0.7954,ns
M1vsM2_12m,tertiles,Relative Disturbance,uWUE,Mid,21,-0.02923,57.1,0.5277,0.7954,ns
M1vsM2_12m,tertiles,Relative Disturbance,ETmax,Low,22,6e-04,45.5,0.6395,0.7954,ns
M1vsM2_12m,tertiles,Relative Disturbance,GPPsat,Low,22,0.12033,45.5,0.5388,0.7954,ns
M1vsM2_12m,tertiles,Relative Disturbance,NEPmax,Low,22,-0.13965,54.5,0.2905,0.7954,ns
M1vsM2_12m,tertiles,Relative Disturbance,WUE,Low,22,0.02945,45.5,0.7724,0.7954,ns
M1vsM2_12m,tertiles,Relative Disturbance,uWUE,Low,22,0.01339,40.9,0.6983,0.7954,ns
M1vsM2_12m,equal_width,Absolute Mortality,ETmax,Mid,21,-0.00342,52.4,0.3511,0.8457,ns
M1vsM2_12m,equal_width,Absolute Mortality,GPPsat,Mid,21,-0.12945,52.4,0.1924,0.8457,ns
M1vsM2_12m,equal_width,Absolute Mortality,NEPmax,Mid,21,-0.91834,71.4,0.0219,0.8457,ns
M1vsM2_12m,equal_width,Absolute Mortality,WUE,Mid,21,-0.02256,57.1,0.3257,0.8457,ns
M1vsM2_12m,equal_width,Absolute Mortality,uWUE,Mid,21,-0.02923,61.9,0.569,0.8457,ns
M1vsM2_12m,equal_width,Absolute Mortality,ETmax,Low,41,0.00093,43.9,0.8279,0.9095,ns
M1vsM2_12m,equal_width,Absolute Mortality,GPPsat,Low,41,-0.02546,51.2,0.4331,0.8457,ns
M1vsM2_12m,equal_width,Absolute Mortality,NEPmax,Low,41,-0.04309,53.7,0.5155,0.8457,ns
M1vsM2_12m,equal_width,Absolute Mortality,WUE,Low,41,-0.01143,51.2,0.3978,0.8457,ns
M1vsM2_12m,equal_width,Absolute Mortality,uWUE,Low,41,0.0129,46.3,0.6221,0.8457,ns
M1vsM2_12m,equal_width,Absolute Mortality,ETmax,High,3,0.00215,0,,,""
M1vsM2_12m,equal_width,Absolute Mortality,GPPsat,High,3,1.52907,0,,,""
M1vsM2_12m,equal_width,Absolute Mortality,NEPmax,High,3,2.24994,0,,,""
M1vsM2_12m,equal_width,Absolute Mortality,WUE,High,3,0.32452,0,,,""
M1vsM2_12m,equal_width,Absolute Mortality,uWUE,High,3,0.02965,33.3,,,""
M1vsM2_12m,equal_width,Relative Mortality,ETmax,Mid,26,0.001,46.2,0.6484,0.8457,ns
M1vsM2_12m,equal_width,Relative Mortality,GPPsat,Mid,26,-0.40162,57.7,0.1213,0.8457,ns
M1vsM2_12m,equal_width,Relative Mortality,NEPmax,Mid,26,-0.69443,61.5,0.07747,0.8457,ns
M1vsM2_12m,equal_width,Relative Mortality,WUE,Mid,26,-0.02787,61.5,0.2385,0.8457,ns
M1vsM2_12m,equal_width,Relative Mortality,uWUE,Mid,26,-0.02667,61.5,0.6389,0.8457,ns
M1vsM2_12m,equal_width,Relative Mortality,ETmax,Low,32,0.00091,43.8,0.7584,0.9095,ns
M1vsM2_12m,equal_width,Relative Mortality,GPPsat,Low,32,-0.13628,50,0.4963,0.8457,ns
M1vsM2_12m,equal_width,Relative Mortality,NEPmax,Low,32,-0.1334,59.4,0.2717,0.8457,ns
M1vsM2_12m,equal_width,Relative Mortality,WUE,Low,32,0.00373,46.9,0.5631,0.8457,ns
M1vsM2_12m,equal_width,Relative Mortality,uWUE,Low,32,0.01605,40.6,0.6766,0.8457,ns
M1vsM2_12m,equal_width,Relative Mortality,ETmax,High,7,0.00087,42.9,0.3999,0.8457,ns
M1vsM2_12m,equal_width,Relative Mortality,GPPsat,High,7,0.58755,14.3,0.962,0.962,ns
M1vsM2_12m,equal_width,Relative Mortality,NEPmax,High,7,1.27752,28.6,0.9458,0.962,ns
M1vsM2_12m,equal_width,Relative Mortality,WUE,High,7,0.15068,28.6,0.8641,0.9095,ns
M1vsM2_12m,equal_width,Relative Mortality,uWUE,High,7,-0.07473,57.1,0.4663,0.8457,ns
M1vsM2_12m,equal_width,Relative Disturbance,ETmax,Mid,27,0.00046,48.1,0.6541,0.8457,ns
M1vsM2_12m,equal_width,Relative Disturbance,GPPsat,Mid,27,-0.02546,51.9,0.3728,0.8457,ns
M1vsM2_12m,equal_width,Relative Disturbance,NEPmax,Mid,27,-0.10288,55.6,0.3027,0.8457,ns
M1vsM2_12m,equal_width,Relative Disturbance,WUE,Mid,27,-0.02701,59.3,0.2036,0.8457,ns
M1vsM2_12m,equal_width,Relative Disturbance,uWUE,Mid,27,-0.0241,55.6,0.8464,0.9095,ns
M1vsM2_12m,equal_width,Relative Disturbance,ETmax,High,9,0.00087,44.4,0.3611,0.8457,ns
M1vsM2_12m,equal_width,Relative Disturbance,GPPsat,High,9,0.07536,44.4,0.5472,0.8457,ns
M1vsM2_12m,equal_width,Relative Disturbance,NEPmax,High,9,-0.8095,55.6,0.5936,0.8457,ns
M1vsM2_12m,equal_width,Relative Disturbance,WUE,High,9,0.0935,33.3,0.7965,0.9095,ns
M1vsM2_12m,equal_width,Relative Disturbance,uWUE,High,9,-0.05869,66.7,0.2768,0.8457,ns
M1vsM2_12m,equal_width,Relative Disturbance,ETmax,Low,29,0.00093,41.4,0.7944,0.9095,ns
M1vsM2_12m,equal_width,Relative Disturbance,GPPsat,Low,29,0.07152,48.3,0.4655,0.8457,ns
M1vsM2_12m,equal_width,Relative Disturbance,NEPmax,Low,29,-0.24743,58.6,0.2653,0.8457,ns
M1vsM2_12m,equal_width,Relative Disturbance,WUE,Low,29,0.00489,48.3,0.6673,0.8457,ns
M1vsM2_12m,equal_width,Relative Disturbance,uWUE,Low,29,0.01388,41.4,0.6353,0.8457,ns
M1vsM2_12m,natural_breaks,Absolute Mortality,ETmax,High,14,0.00121,42.9,0.5,0.8025,ns
M1vsM2_12m,natural_breaks,Absolute Mortality,GPPsat,High,14,0.27864,42.9,0.6468,0.8025,ns
M1vsM2_12m,natural_breaks,Absolute Mortality,NEPmax,High,14,-0.69421,57.1,0.525,0.8025,ns
M1vsM2_12m,natural_breaks,Absolute Mortality,WUE,High,14,0.04823,35.7,0.7744,0.8104,ns
M1vsM2_12m,natural_breaks,Absolute Mortality,uWUE,High,14,-0.00175,50,0.5991,0.8025,ns
M1vsM2_12m,natural_breaks,Absolute Mortality,ETmax,Mid,32,-0.00099,53.1,0.4442,0.8025,ns
M1vsM2_12m,natural_breaks,Absolute Mortality,GPPsat,Mid,32,-0.53746,62.5,0.06376,0.8025,ns
M1vsM2_12m,natural_breaks,Absolute Mortality,NEPmax,Mid,32,-0.33883,59.4,0.1497,0.8025,ns
M1vsM2_12m,natural_breaks,Absolute Mortality,WUE,Mid,32,-0.02492,56.2,0.3302,0.8025,ns
M1vsM2_12m,natural_breaks,Absolute Mortality,uWUE,Mid,32,-0.01467,56.2,0.6423,0.8025,ns
M1vsM2_12m,natural_breaks,Absolute Mortality,ETmax,Low,19,0.00195,31.6,0.9291,0.944,ns
M1vsM2_12m,natural_breaks,Absolute Mortality,GPPsat,Low,19,0.51319,31.6,0.944,0.944,ns
M1vsM2_12m,natural_breaks,Absolute Mortality,NEPmax,Low,19,-0.00092,52.6,0.5719,0.8025,ns
M1vsM2_12m,natural_breaks,Absolute Mortality,WUE,Low,19,-0.01143,52.6,0.556,0.8025,ns
M1vsM2_12m,natural_breaks,Absolute Mortality,uWUE,Low,19,0.01388,42.1,0.5876,0.8025,ns
M1vsM2_12m,natural_breaks,Relative Mortality,ETmax,High,23,0.00215,39.1,0.6704,0.8025,ns
M1vsM2_12m,natural_breaks,Relative Mortality,GPPsat,High,23,0.04663,47.8,0.4216,0.8025,ns
M1vsM2_12m,natural_breaks,Relative Mortality,NEPmax,High,23,-0.57892,52.2,0.398,0.8025,ns
M1vsM2_12m,natural_breaks,Relative Mortality,WUE,High,23,-0.02701,56.5,0.3747,0.8025,ns
M1vsM2_12m,natural_breaks,Relative Mortality,uWUE,High,23,-0.0241,56.5,0.5784,0.8025,ns
M1vsM2_12m,natural_breaks,Relative Mortality,ETmax,Mid,18,-0.00171,55.6,0.552,0.8025,ns
M1vsM2_12m,natural_breaks,Relative Mortality,GPPsat,Mid,18,0.08964,50,0.552,0.8025,ns
M1vsM2_12m,natural_breaks,Relative Mortality,NEPmax,Mid,18,-0.20568,61.1,0.3316,0.8025,ns
M1vsM2_12m,natural_breaks,Relative Mortality,WUE,Mid,18,-0.00738,50,0.4309,0.8025,ns
M1vsM2_12m,natural_breaks,Relative Mortality,uWUE,Mid,18,-0.03023,61.1,0.5691,0.8025,ns
M1vsM2_12m,natural_breaks,Relative Mortality,ETmax,Low,24,0.00091,41.7,0.6711,0.8025,ns
M1vsM2_12m,natural_breaks,Relative Mortality,GPPsat,Low,24,-0.13628,50,0.4152,0.8025,ns
M1vsM2_12m,natural_breaks,Relative Mortality,NEPmax,Low,24,-0.19063,58.3,0.2986,0.8025,ns
M1vsM2_12m,natural_breaks,Relative Mortality,WUE,Low,24,0.01826,45.8,0.749,0.8025,ns
M1vsM2_12m,natural_breaks,Relative Mortality,uWUE,Low,24,0.01605,37.5,0.749,0.8025,ns
M1vsM2_12m,natural_breaks,Relative Disturbance,ETmax,High,22,0.00121,40.9,0.5645,0.8025,ns
M1vsM2_12m,natural_breaks,Relative Disturbance,GPPsat,High,22,-0.31358,50,0.3851,0.8025,ns
M1vsM2_12m,natural_breaks,Relative Disturbance,NEPmax,High,22,-0.69421,54.5,0.3851,0.8025,ns
M1vsM2_12m,natural_breaks,Relative Disturbance,WUE,High,22,-0.02478,54.5,0.3727,0.8025,ns
M1vsM2_12m,natural_breaks,Relative Disturbance,uWUE,High,22,-0.01224,54.5,0.7313,0.8025,ns
M1vsM2_12m,natural_breaks,Relative Disturbance,ETmax,Mid,20,0.00016,50,0.7059,0.8025,ns
M1vsM2_12m,natural_breaks,Relative Disturbance,GPPsat,Mid,20,-0.07746,55,0.3475,0.8025,ns
M1vsM2_12m,natural_breaks,Relative Disturbance,NEPmax,Mid,20,-0.20568,65,0.2814,0.8025,ns
M1vsM2_12m,natural_breaks,Relative Disturbance,WUE,Mid,20,-0.00738,50,0.3897,0.8025,ns
M1vsM2_12m,natural_breaks,Relative Disturbance,uWUE,Mid,20,-0.03023,60,0.4777,0.8025,ns
M1vsM2_12m,natural_breaks,Relative Disturbance,ETmax,Low,23,9e-04,43.5,0.6704,0.8025,ns
M1vsM2_12m,natural_breaks,Relative Disturbance,GPPsat,Low,23,0.16915,43.5,0.6137,0.8025,ns
M1vsM2_12m,natural_breaks,Relative Disturbance,NEPmax,Low,23,-0.00092,52.2,0.398,0.8025,ns
M1vsM2_12m,natural_breaks,Relative Disturbance,WUE,Low,23,0.00489,47.8,0.7434,0.8025,ns
M1vsM2_12m,natural_breaks,Relative Disturbance,uWUE,Low,23,0.01388,39.1,0.7335,0.8025,ns
M1vsM2_24m,tertiles,Absolute Mortality,ETmax,High,22,0.0031,40.9,0.9365,0.9578,ns
M1vsM2_24m,tertiles,Absolute Mortality,GPPsat,High,22,-0.31211,54.5,0.1993,0.6477,ns
M1vsM2_24m,tertiles,Absolute Mortality,NEPmax,High,22,-0.43437,63.6,0.165,0.6477,ns
M1vsM2_24m,tertiles,Absolute Mortality,WUE,High,22,-0.01066,59.1,0.2276,0.6477,ns
M1vsM2_24m,tertiles,Absolute Mortality,uWUE,High,22,-0.03633,59.1,0.3727,0.6477,ns
M1vsM2_24m,tertiles,Absolute Mortality,ETmax,Mid,21,0.00085,42.9,0.7342,0.893,ns
M1vsM2_24m,tertiles,Absolute Mortality,GPPsat,Mid,21,-0.4262,61.9,0.1652,0.6477,ns
M1vsM2_24m,tertiles,Absolute Mortality,NEPmax,Mid,21,-0.49046,61.9,0.4174,0.6477,ns
M1vsM2_24m,tertiles,Absolute Mortality,WUE,Mid,21,-0.03797,57.1,0.2891,0.6477,ns
M1vsM2_24m,tertiles,Absolute Mortality,uWUE,Mid,21,0.02734,47.6,0.6489,0.8588,ns
M1vsM2_24m,tertiles,Absolute Mortality,ETmax,Low,22,0.00071,45.5,0.8913,0.955,ns
M1vsM2_24m,tertiles,Absolute Mortality,GPPsat,Low,22,0.52282,40.9,0.7205,0.893,ns
M1vsM2_24m,tertiles,Absolute Mortality,NEPmax,Low,22,-0.28576,54.5,0.2687,0.6477,ns
M1vsM2_24m,tertiles,Absolute Mortality,WUE,Low,22,0.01587,45.5,0.6273,0.8554,ns
M1vsM2_24m,tertiles,Absolute Mortality,uWUE,Low,22,-0.0084,50,0.1212,0.6477,ns
M1vsM2_24m,tertiles,Relative Mortality,ETmax,High,22,0.00522,31.8,0.9839,0.9839,ns
M1vsM2_24m,tertiles,Relative Mortality,GPPsat,High,22,-0.47985,54.5,0.2581,0.6477,ns
M1vsM2_24m,tertiles,Relative Mortality,NEPmax,High,22,-0.29932,59.1,0.3605,0.6477,ns
M1vsM2_24m,tertiles,Relative Mortality,WUE,High,22,-0.0322,68.2,0.07658,0.6477,ns
M1vsM2_24m,tertiles,Relative Mortality,uWUE,High,22,-0.03633,54.5,0.3605,0.6477,ns
M1vsM2_24m,tertiles,Relative Mortality,ETmax,Mid,21,0.00047,42.9,0.5961,0.8383,ns
M1vsM2_24m,tertiles,Relative Mortality,GPPsat,Mid,21,-0.177,52.4,0.3011,0.6477,ns
M1vsM2_24m,tertiles,Relative Mortality,NEPmax,Mid,21,-0.50841,61.9,0.3257,0.6477,ns
M1vsM2_24m,tertiles,Relative Mortality,WUE,Mid,21,0.00397,47.6,0.4039,0.6477,ns
M1vsM2_24m,tertiles,Relative Mortality,uWUE,Mid,21,-0.04062,57.1,0.3383,0.6477,ns
M1vsM2_24m,tertiles,Relative Mortality,ETmax,Low,22,-3e-04,54.5,0.8096,0.8982,ns
M1vsM2_24m,tertiles,Relative Mortality,GPPsat,Low,22,0.08251,50,0.3975,0.6477,ns
M1vsM2_24m,tertiles,Relative Mortality,NEPmax,Low,22,-0.51967,59.1,0.1348,0.6477,ns
M1vsM2_24m,tertiles,Relative Mortality,WUE,Low,22,0.01449,45.5,0.7205,0.893,ns
M1vsM2_24m,tertiles,Relative Mortality,uWUE,Low,22,0.01439,45.5,0.4612,0.6918,ns
M1vsM2_24m,tertiles,Relative Disturbance,ETmax,High,22,0.00449,36.4,0.9323,0.9578,ns
M1vsM2_24m,tertiles,Relative Disturbance,GPPsat,High,22,-0.05521,50,0.3247,0.6477,ns
M1vsM2_24m,tertiles,Relative Disturbance,NEPmax,High,22,-0.38916,59.1,0.3605,0.6477,ns
M1vsM2_24m,tertiles,Relative Disturbance,WUE,High,22,-0.0322,72.7,0.02772,0.6477,ns
M1vsM2_24m,tertiles,Relative Disturbance,uWUE,High,22,-0.03633,59.1,0.2795,0.6477,ns
M1vsM2_24m,tertiles,Relative Disturbance,ETmax,Mid,21,0.00085,42.9,0.7778,0.8974,ns
M1vsM2_24m,tertiles,Relative Disturbance,GPPsat,Mid,21,-0.34964,57.1,0.1567,0.6477,ns
M1vsM2_24m,tertiles,Relative Disturbance,NEPmax,Mid,21,-0.98628,66.7,0.2021,0.6477,ns
M1vsM2_24m,tertiles,Relative Disturbance,WUE,Mid,21,0.00542,42.9,0.3772,0.6477,ns
M1vsM2_24m,tertiles,Relative Disturbance,uWUE,Mid,21,0.02734,47.6,0.3905,0.6477,ns
M1vsM2_24m,tertiles,Relative Disturbance,ETmax,Low,22,2e-04,50,0.8183,0.8982,ns
M1vsM2_24m,tertiles,Relative Disturbance,GPPsat,Low,22,0.1138,50,0.5899,0.8383,ns
M1vsM2_24m,tertiles,Relative Disturbance,NEPmax,Low,22,-0.25655,54.5,0.3247,0.6477,ns
M1vsM2_24m,tertiles,Relative Disturbance,WUE,Low,22,0.03311,45.5,0.7724,0.8974,ns
M1vsM2_24m,tertiles,Relative Disturbance,uWUE,Low,22,0.00033,50,0.3247,0.6477,ns
M1vsM2_24m,equal_width,Absolute Mortality,ETmax,Mid,21,0.00161,42.9,0.826,0.9463,ns
M1vsM2_24m,equal_width,Absolute Mortality,GPPsat,Mid,21,-0.68511,61.9,0.07707,0.6605,ns
M1vsM2_24m,equal_width,Absolute Mortality,NEPmax,Mid,21,-0.73846,71.4,0.02796,0.5592,ns
M1vsM2_24m,equal_width,Absolute Mortality,WUE,Mid,21,-0.01045,57.1,0.2891,0.6605,ns
M1vsM2_24m,equal_width,Absolute Mortality,uWUE,Mid,21,-0.04062,61.9,0.1831,0.6605,ns
M1vsM2_24m,equal_width,Absolute Mortality,ETmax,Low,41,0.00085,46.3,0.8808,0.9463,ns
M1vsM2_24m,equal_width,Absolute Mortality,GPPsat,Low,41,-0.177,51.2,0.4128,0.6605,ns
M1vsM2_24m,equal_width,Absolute Mortality,NEPmax,Low,41,-0.49046,58.5,0.2627,0.6605,ns
M1vsM2_24m,equal_width,Absolute Mortality,WUE,Low,41,-0.00159,51.2,0.4028,0.6605,ns
M1vsM2_24m,equal_width,Absolute Mortality,uWUE,Low,41,0.01241,48.8,0.2931,0.6605,ns
M1vsM2_24m,equal_width,Absolute Mortality,ETmax,High,3,0.01081,0,,,""
M1vsM2_24m,equal_width,Absolute Mortality,GPPsat,High,3,0.57349,0,,,""
M1vsM2_24m,equal_width,Absolute Mortality,NEPmax,High,3,2.76958,0,,,""
M1vsM2_24m,equal_width,Absolute Mortality,WUE,High,3,-0.01418,66.7,,,""
M1vsM2_24m,equal_width,Absolute Mortality,uWUE,High,3,0.08702,33.3,,,""
M1vsM2_24m,equal_width,Relative Mortality,ETmax,Mid,26,0.00102,46.2,0.813,0.9463,ns
M1vsM2_24m,equal_width,Relative Mortality,GPPsat,Mid,26,-0.26332,53.8,0.1489,0.6605,ns
M1vsM2_24m,equal_width,Relative Mortality,NEPmax,Mid,26,-0.62343,73.1,0.05203,0.6605,ns
M1vsM2_24m,equal_width,Relative Mortality,WUE,Mid,26,-0.0322,61.5,0.161,0.6605,ns
M1vsM2_24m,equal_width,Relative Mortality,uWUE,Mid,26,-0.0403,57.7,0.2082,0.6605,ns
M1vsM2_24m,equal_width,Relative Mortality,ETmax,Low,32,0.00066,46.9,0.8414,0.9463,ns
M1vsM2_24m,equal_width,Relative Mortality,GPPsat,Low,32,-0.29793,53.1,0.4076,0.6605,ns
M1vsM2_24m,equal_width,Relative Mortality,NEPmax,Low,32,-0.51967,56.2,0.1872,0.6605,ns
M1vsM2_24m,equal_width,Relative Mortality,WUE,Low,32,0.02494,43.8,0.7094,0.9153,ns
M1vsM2_24m,equal_width,Relative Mortality,uWUE,Low,32,0.01439,46.9,0.4516,0.6908,ns
M1vsM2_24m,equal_width,Relative Mortality,ETmax,High,7,0.00677,14.3,0.9827,0.9827,ns
M1vsM2_24m,equal_width,Relative Mortality,GPPsat,High,7,0.16416,42.9,0.6637,0.8897,ns
M1vsM2_24m,equal_width,Relative Mortality,NEPmax,High,7,1.63799,28.6,0.9246,0.9483,ns
M1vsM2_24m,equal_width,Relative Mortality,WUE,High,7,-0.01418,71.4,0.1359,0.6605,ns
M1vsM2_24m,equal_width,Relative Mortality,uWUE,High,7,-0.0327,57.1,0.4663,0.6908,ns
M1vsM2_24m,equal_width,Relative Disturbance,ETmax,Mid,27,0.00161,44.4,0.8464,0.9463,ns
M1vsM2_24m,equal_width,Relative Disturbance,GPPsat,Mid,27,-0.177,51.9,0.3284,0.6605,ns
M1vsM2_24m,equal_width,Relative Disturbance,NEPmax,Mid,27,-0.47443,66.7,0.1425,0.6605,ns
M1vsM2_24m,equal_width,Relative Disturbance,WUE,Mid,27,-0.01045,51.9,0.4004,0.6605,ns
M1vsM2_24m,equal_width,Relative Disturbance,uWUE,Mid,27,-0.0237,51.9,0.4004,0.6605,ns
M1vsM2_24m,equal_width,Relative Disturbance,ETmax,High,9,0.00393,33.3,0.8568,0.9463,ns
M1vsM2_24m,equal_width,Relative Disturbance,GPPsat,High,9,-0.27459,55.6,0.2768,0.6605,ns
M1vsM2_24m,equal_width,Relative Disturbance,NEPmax,High,9,-0.384,55.6,0.5472,0.7816,ns
M1vsM2_24m,equal_width,Relative Disturbance,WUE,High,9,-0.05449,88.9,0.02201,0.5592,ns
M1vsM2_24m,equal_width,Relative Disturbance,uWUE,High,9,-0.03997,66.7,0.2386,0.6605,ns
M1vsM2_24m,equal_width,Relative Disturbance,ETmax,Low,29,0.00085,44.8,0.899,0.9463,ns
M1vsM2_24m,equal_width,Relative Disturbance,GPPsat,Low,29,-0.22582,51.7,0.381,0.6605,ns
M1vsM2_24m,equal_width,Relative Disturbance,NEPmax,Low,29,-0.49046,55.2,0.2311,0.6605,ns
M1vsM2_24m,equal_width,Relative Disturbance,WUE,Low,29,0.02357,44.8,0.6673,0.8897,ns
M1vsM2_24m,equal_width,Relative Disturbance,uWUE,Low,29,0.01241,48.3,0.3566,0.6605,ns
M1vsM2_24m,natural_breaks,Absolute Mortality,ETmax,High,14,0.00535,35.7,0.9777,0.9777,ns
M1vsM2_24m,natural_breaks,Absolute Mortality,GPPsat,High,14,-0.47985,57.1,0.3078,0.6897,ns
M1vsM2_24m,natural_breaks,Absolute Mortality,NEPmax,High,14,-0.56123,64.3,0.3078,0.6897,ns
M1vsM2_24m,natural_breaks,Absolute Mortality,WUE,High,14,-0.03433,64.3,0.1897,0.6897,ns
M1vsM2_24m,natural_breaks,Absolute Mortality,uWUE,High,14,-0.03633,57.1,0.286,0.6897,ns
M1vsM2_24m,natural_breaks,Absolute Mortality,ETmax,Mid,32,0.00019,50,0.5631,0.7919,ns
M1vsM2_24m,natural_breaks,Absolute Mortality,GPPsat,Mid,32,-0.39812,59.4,0.07365,0.6897,ns
M1vsM2_24m,natural_breaks,Absolute Mortality,NEPmax,Mid,32,-0.49943,65.6,0.1034,0.6897,ns
M1vsM2_24m,natural_breaks,Absolute Mortality,WUE,Mid,32,-0.00582,53.1,0.4814,0.7469,ns
M1vsM2_24m,natural_breaks,Absolute Mortality,uWUE,Mid,32,-0.01772,53.1,0.5037,0.7556,ns
M1vsM2_24m,natural_breaks,Absolute Mortality,ETmax,Low,19,0.00446,36.8,0.9564,0.9777,ns
M1vsM2_24m,natural_breaks,Absolute Mortality,GPPsat,Low,19,0.59223,36.8,0.8824,0.9685,ns
M1vsM2_24m,natural_breaks,Absolute Mortality,NEPmax,Low,19,0.23399,47.4,0.5876,0.7968,ns
M1vsM2_24m,natural_breaks,Absolute Mortality,WUE,Low,19,0.00542,47.4,0.556,0.7919,ns
M1vsM2_24m,natural_breaks,Absolute Mortality,uWUE,Low,19,0.01241,47.4,0.2664,0.6897,ns
M1vsM2_24m,natural_breaks,Relative Mortality,ETmax,High,23,0.00504,34.8,0.9693,0.9777,ns
M1vsM2_24m,natural_breaks,Relative Mortality,GPPsat,High,23,-0.27459,52.2,0.2766,0.6897,ns
M1vsM2_24m,natural_breaks,Relative Mortality,NEPmax,High,23,-0.384,60.9,0.3187,0.6897,ns
M1vsM2_24m,natural_breaks,Relative Mortality,WUE,High,23,-0.03581,69.6,0.05185,0.6897,ns
M1vsM2_24m,natural_breaks,Relative Mortality,uWUE,High,23,-0.03997,56.5,0.2665,0.6897,ns
M1vsM2_24m,natural_breaks,Relative Mortality,ETmax,Mid,18,0.00096,38.9,0.757,0.9207,ns
M1vsM2_24m,natural_breaks,Relative Mortality,GPPsat,Mid,18,-0.08257,50,0.3969,0.6897,ns
M1vsM2_24m,natural_breaks,Relative Mortality,NEPmax,Mid,18,-0.58238,66.7,0.204,0.6897,ns
M1vsM2_24m,natural_breaks,Relative Mortality,WUE,Mid,18,-0.00324,50,0.316,0.6897,ns
M1vsM2_24m,natural_breaks,Relative Mortality,uWUE,Mid,18,-0.03216,55.6,0.4138,0.6897,ns
M1vsM2_24m,natural_breaks,Relative Mortality,ETmax,Low,24,-3e-04,54.2,0.7305,0.9131,ns
M1vsM2_24m,natural_breaks,Relative Mortality,GPPsat,Low,24,-0.32601,54.2,0.2887,0.6897,ns
M1vsM2_24m,natural_breaks,Relative Mortality,NEPmax,Low,24,-0.25655,54.2,0.2986,0.6897,ns
M1vsM2_24m,natural_breaks,Relative Mortality,WUE,Low,24,0.03311,41.7,0.8308,0.9586,ns
M1vsM2_24m,natural_breaks,Relative Mortality,uWUE,Low,24,0.01439,45.8,0.4602,0.7396,ns
M1vsM2_24m,natural_breaks,Relative Disturbance,ETmax,High,22,0.00449,36.4,0.9323,0.9777,ns
M1vsM2_24m,natural_breaks,Relative Disturbance,GPPsat,High,22,-0.05521,50,0.3247,0.6897,ns
M1vsM2_24m,natural_breaks,Relative Disturbance,NEPmax,High,22,-0.38916,59.1,0.3605,0.6897,ns
M1vsM2_24m,natural_breaks,Relative Disturbance,WUE,High,22,-0.0322,72.7,0.02772,0.6897,ns
M1vsM2_24m,natural_breaks,Relative Disturbance,uWUE,High,22,-0.03633,59.1,0.2795,0.6897,ns
M1vsM2_24m,natural_breaks,Relative Disturbance,ETmax,Mid,20,0.00064,45,0.7186,0.9131,ns
M1vsM2_24m,natural_breaks,Relative Disturbance,GPPsat,Mid,20,-0.35984,60,0.1274,0.6897,ns
M1vsM2_24m,natural_breaks,Relative Disturbance,NEPmax,Mid,20,-0.98738,70,0.1274,0.6897,ns
M1vsM2_24m,natural_breaks,Relative Disturbance,WUE,Mid,20,0.01515,45,0.3475,0.6897,ns
M1vsM2_24m,natural_breaks,Relative Disturbance,uWUE,Mid,20,-0.00664,50,0.3755,0.6897,ns
M1vsM2_24m,natural_breaks,Relative Disturbance,ETmax,Low,23,0.00047,47.8,0.8599,0.9674,ns
M1vsM2_24m,natural_breaks,Relative Disturbance,GPPsat,Low,23,0.39084,47.8,0.602,0.7968,ns
M1vsM2_24m,natural_breaks,Relative Disturbance,NEPmax,Low,23,-0.02264,52.2,0.4098,0.6897,ns
M1vsM2_24m,natural_breaks,Relative Disturbance,WUE,Low,23,0.02357,43.5,0.781,0.9249,ns
M1vsM2_24m,natural_breaks,Relative Disturbance,uWUE,Low,23,0.01241,47.8,0.3747,0.6897,ns
M3vsM4_12m,tertiles,Absolute Mortality,ETmax,High,22,0.00149,45.5,0.6983,0.8057,ns
M3vsM4_12m,tertiles,Absolute Mortality,GPPsat,High,22,-0.12204,54.5,0.5,0.7687,ns
M3vsM4_12m,tertiles,Absolute Mortality,NEPmax,High,22,0.02797,50,0.3484,0.7687,ns
M3vsM4_12m,tertiles,Absolute Mortality,WUE,High,22,-0.04024,68.2,0.2085,0.7687,ns
M3vsM4_12m,tertiles,Absolute Mortality,uWUE,High,22,-0.00805,50,0.5259,0.7687,ns
M3vsM4_12m,tertiles,Absolute Mortality,ETmax,Mid,21,0.00012,42.9,0.7673,0.8221,ns
M3vsM4_12m,tertiles,Absolute Mortality,GPPsat,Mid,21,-0.03803,57.1,0.5553,0.7687,ns
M3vsM4_12m,tertiles,Absolute Mortality,NEPmax,Mid,21,0.1038,47.6,0.5553,0.7687,ns
M3vsM4_12m,tertiles,Absolute Mortality,WUE,Mid,21,-0.01118,52.4,0.3641,0.7687,ns
M3vsM4_12m,tertiles,Absolute Mortality,uWUE,Mid,21,0.0233,33.3,0.8169,0.8549,ns
M3vsM4_12m,tertiles,Absolute Mortality,ETmax,Low,22,-0.00095,54.5,0.3975,0.7687,ns
M3vsM4_12m,tertiles,Absolute Mortality,GPPsat,Low,22,-0.23382,68.2,0.08135,0.7584,ns
M3vsM4_12m,tertiles,Absolute Mortality,NEPmax,Low,22,-0.51491,68.2,0.02985,0.4477,ns
M3vsM4_12m,tertiles,Absolute Mortality,WUE,Low,22,-0.01401,63.6,0.4101,0.7687,ns
M3vsM4_12m,tertiles,Absolute Mortality,uWUE,Low,22,0.0119,45.5,0.4483,0.7687,ns
M3vsM4_12m,tertiles,Relative Mortality,ETmax,High,22,-0.00149,59.1,0.3727,0.7687,ns
M3vsM4_12m,tertiles,Relative Mortality,GPPsat,High,22,-0.15639,59.1,0.5645,0.7687,ns
M3vsM4_12m,tertiles,Relative Mortality,NEPmax,High,22,-0.23017,54.5,0.2276,0.7687,ns
M3vsM4_12m,tertiles,Relative Mortality,WUE,High,22,-0.0573,68.2,0.2477,0.7687,ns
M3vsM4_12m,tertiles,Relative Mortality,uWUE,High,22,0.01159,45.5,0.5388,0.7687,ns
M3vsM4_12m,tertiles,Relative Mortality,ETmax,Mid,21,0.00281,19,0.9932,0.9932,ns
M3vsM4_12m,tertiles,Relative Mortality,GPPsat,Mid,21,-0.03603,57.1,0.3511,0.7687,ns
M3vsM4_12m,tertiles,Relative Mortality,NEPmax,Mid,21,0.70994,42.9,0.7455,0.8221,ns
M3vsM4_12m,tertiles,Relative Mortality,WUE,Mid,21,-0.01285,57.1,0.3257,0.7687,ns
M3vsM4_12m,tertiles,Relative Mortality,uWUE,Mid,21,0.00306,42.9,0.6095,0.7687,ns
M3vsM4_12m,tertiles,Relative Mortality,ETmax,Low,22,-0.00205,63.6,0.1348,0.7584,ns
M3vsM4_12m,tertiles,Relative Mortality,GPPsat,Low,22,-0.23382,63.6,0.1817,0.7687,ns
M3vsM4_12m,tertiles,Relative Mortality,NEPmax,Low,22,-0.51491,68.2,0.008894,0.4002,ns
M3vsM4_12m,tertiles,Relative Mortality,WUE,Low,22,-0.00965,59.1,0.5129,0.7687,ns
M3vsM4_12m,tertiles,Relative Mortality,uWUE,Low,22,0.03136,40.9,0.6149,0.7687,ns
M3vsM4_12m,tertiles,Relative Disturbance,ETmax,High,22,-0.00149,59.1,0.3365,0.7687,ns
M3vsM4_12m,tertiles,Relative Disturbance,GPPsat,High,22,-0.16669,63.6,0.3247,0.7687,ns
M3vsM4_12m,tertiles,Relative Disturbance,NEPmax,High,22,-0.23017,54.5,0.2795,0.7687,ns
M3vsM4_12m,tertiles,Relative Disturbance,WUE,High,22,-0.07494,72.7,0.1087,0.7584,ns
M3vsM4_12m,tertiles,Relative Disturbance,uWUE,High,22,-0.00805,50,0.3727,0.7687,ns
M3vsM4_12m,tertiles,Relative Disturbance,ETmax,Mid,21,0.00506,19,0.9925,0.9932,ns
M3vsM4_12m,tertiles,Relative Disturbance,GPPsat,Mid,21,-0.02192,52.4,0.5961,0.7687,ns
M3vsM4_12m,tertiles,Relative Disturbance,NEPmax,Mid,21,0.22708,42.9,0.6743,0.7985,ns
M3vsM4_12m,tertiles,Relative Disturbance,WUE,Mid,21,-0.01118,52.4,0.4039,0.7687,ns
M3vsM4_12m,tertiles,Relative Disturbance,uWUE,Mid,21,0.00689,38.1,0.7673,0.8221,ns
M3vsM4_12m,tertiles,Relative Disturbance,ETmax,Low,22,-0.00205,63.6,0.09704,0.7584,ns
M3vsM4_12m,tertiles,Relative Disturbance,GPPsat,Low,22,-0.2223,63.6,0.1212,0.7584,ns
M3vsM4_12m,tertiles,Relative Disturbance,NEPmax,Low,22,-0.5437,68.2,0.02206,0.4477,ns
M3vsM4_12m,tertiles,Relative Disturbance,WUE,Low,22,-0.00965,59.1,0.6516,0.7925,ns
M3vsM4_12m,tertiles,Relative Disturbance,uWUE,Low,22,0.03136,40.9,0.5899,0.7687,ns
M3vsM4_12m,equal_width,Absolute Mortality,ETmax,Mid,21,0.00078,47.6,0.431,0.7412,ns
M3vsM4_12m,equal_width,Absolute Mortality,GPPsat,Mid,21,-0.16134,61.9,0.3383,0.7122,ns
M3vsM4_12m,equal_width,Absolute Mortality,NEPmax,Mid,21,-0.23715,61.9,0.09922,0.5261,ns
M3vsM4_12m,equal_width,Absolute Mortality,WUE,Mid,21,-0.03654,61.9,0.2222,0.5556,ns
M3vsM4_12m,equal_width,Absolute Mortality,uWUE,Mid,21,-0.02438,52.4,0.4447,0.7412,ns
M3vsM4_12m,equal_width,Absolute Mortality,ETmax,Low,41,-0.00049,51.2,0.5052,0.7772,ns
M3vsM4_12m,equal_width,Absolute Mortality,GPPsat,Low,41,-0.21598,63.4,0.1926,0.5429,ns
M3vsM4_12m,equal_width,Absolute Mortality,NEPmax,Low,41,-0.34791,56.1,0.1411,0.5261,ns
M3vsM4_12m,equal_width,Absolute Mortality,WUE,Low,41,-0.01566,61,0.3158,0.7018,ns
M3vsM4_12m,equal_width,Absolute Mortality,uWUE,Low,41,0.02074,39,0.7288,0.8502,ns
M3vsM4_12m,equal_width,Absolute Mortality,ETmax,High,3,0.0152,0,,,""
M3vsM4_12m,equal_width,Absolute Mortality,GPPsat,High,3,0.49676,0,,,""
M3vsM4_12m,equal_width,Absolute Mortality,NEPmax,High,3,0.81991,0,,,""
M3vsM4_12m,equal_width,Absolute Mortality,WUE,High,3,-0.01808,66.7,,,""
M3vsM4_12m,equal_width,Absolute Mortality,uWUE,High,3,0.00827,33.3,,,""
M3vsM4_12m,equal_width,Relative Mortality,ETmax,Mid,26,0.00045,46.2,0.4195,0.7412,ns
M3vsM4_12m,equal_width,Relative Mortality,GPPsat,Mid,26,-0.12699,57.7,0.4294,0.7412,ns
M3vsM4_12m,equal_width,Relative Mortality,NEPmax,Mid,26,-0.33518,65.4,0.08914,0.5261,ns
M3vsM4_12m,equal_width,Relative Mortality,WUE,Mid,26,-0.03543,61.5,0.187,0.5429,ns
M3vsM4_12m,equal_width,Relative Mortality,uWUE,Mid,26,0.00297,46.2,0.6294,0.8121,ns
M3vsM4_12m,equal_width,Relative Mortality,ETmax,Low,32,-0.00022,50,0.6069,0.8121,ns
M3vsM4_12m,equal_width,Relative Mortality,GPPsat,Low,32,-0.2223,65.6,0.1103,0.5261,ns
M3vsM4_12m,equal_width,Relative Mortality,NEPmax,Low,32,-0.32218,56.2,0.1213,0.5261,ns
M3vsM4_12m,equal_width,Relative Mortality,WUE,Low,32,-0.01177,59.4,0.5335,0.7816,ns
M3vsM4_12m,equal_width,Relative Mortality,uWUE,Low,32,0.03136,37.5,0.8077,0.8502,ns
M3vsM4_12m,equal_width,Relative Mortality,ETmax,High,7,0.00266,42.9,0.8641,0.8862,ns
M3vsM4_12m,equal_width,Relative Mortality,GPPsat,High,7,0.14356,42.9,0.7766,0.8502,ns
M3vsM4_12m,equal_width,Relative Mortality,NEPmax,High,7,0.81991,14.3,0.8976,0.8976,ns
M3vsM4_12m,equal_width,Relative Mortality,WUE,High,7,-0.07066,71.4,0.1359,0.5261,ns
M3vsM4_12m,equal_width,Relative Mortality,uWUE,High,7,-0.03819,57.1,0.1024,0.5261,ns
M3vsM4_12m,equal_width,Relative Disturbance,ETmax,Mid,27,0.00012,48.1,0.3912,0.7412,ns
M3vsM4_12m,equal_width,Relative Disturbance,GPPsat,Mid,27,-0.15144,59.3,0.4665,0.7464,ns
M3vsM4_12m,equal_width,Relative Disturbance,NEPmax,Mid,27,-0.23715,59.3,0.2781,0.6543,ns
M3vsM4_12m,equal_width,Relative Disturbance,WUE,Mid,27,-0.03432,59.3,0.2036,0.5429,ns
M3vsM4_12m,equal_width,Relative Disturbance,uWUE,Mid,27,0.01403,40.7,0.7754,0.8502,ns
M3vsM4_12m,equal_width,Relative Disturbance,ETmax,High,9,0.00266,44.4,0.7965,0.8502,ns
M3vsM4_12m,equal_width,Relative Disturbance,GPPsat,High,9,0.14356,44.4,0.5472,0.7816,ns
M3vsM4_12m,equal_width,Relative Disturbance,NEPmax,High,9,0.63914,44.4,0.2035,0.5429,ns
M3vsM4_12m,equal_width,Relative Disturbance,WUE,High,9,-0.08336,77.8,0.09626,0.5261,ns
M3vsM4_12m,equal_width,Relative Disturbance,uWUE,High,9,-0.02438,55.6,0.1432,0.5261,ns
M3vsM4_12m,equal_width,Relative Disturbance,ETmax,Low,29,6e-05,48.3,0.6981,0.8462,ns
M3vsM4_12m,equal_width,Relative Disturbance,GPPsat,Low,29,-0.21598,65.5,0.1304,0.5261,ns
M3vsM4_12m,equal_width,Relative Disturbance,NEPmax,Low,29,-0.36441,55.2,0.1447,0.5261,ns
M3vsM4_12m,equal_width,Relative Disturbance,WUE,Low,29,-0.01118,58.6,0.619,0.8121,ns
M3vsM4_12m,equal_width,Relative Disturbance,uWUE,Low,29,0.03083,41.4,0.6673,0.8341,ns
M3vsM4_12m,natural_breaks,Absolute Mortality,ETmax,High,14,0.001,50,0.7349,0.8324,ns
M3vsM4_12m,natural_breaks,Absolute Mortality,GPPsat,High,14,0.27741,42.9,0.8424,0.8816,ns
M3vsM4_12m,natural_breaks,Absolute Mortality,NEPmax,High,14,0.0178,50,0.2651,0.7438,ns
M3vsM4_12m,natural_breaks,Absolute Mortality,WUE,High,14,-0.0573,71.4,0.286,0.7438,ns
M3vsM4_12m,natural_breaks,Absolute Mortality,uWUE,High,14,0.01159,42.9,0.55,0.756,ns
M3vsM4_12m,natural_breaks,Absolute Mortality,ETmax,Mid,32,0.00103,40.6,0.7584,0.8324,ns
M3vsM4_12m,natural_breaks,Absolute Mortality,GPPsat,Mid,32,-0.21988,65.6,0.137,0.7438,ns
M3vsM4_12m,natural_breaks,Absolute Mortality,NEPmax,Mid,32,-0.26266,53.1,0.3101,0.7438,ns
M3vsM4_12m,natural_breaks,Absolute Mortality,WUE,Mid,32,-0.00651,53.1,0.4004,0.7438,ns
M3vsM4_12m,natural_breaks,Absolute Mortality,uWUE,Mid,32,0.01046,40.6,0.7466,0.8324,ns
M3vsM4_12m,natural_breaks,Absolute Mortality,ETmax,Low,19,-0.00149,57.9,0.3968,0.7438,ns
M3vsM4_12m,natural_breaks,Absolute Mortality,GPPsat,Low,19,-0.21598,63.2,0.2163,0.7438,ns
M3vsM4_12m,natural_breaks,Absolute Mortality,NEPmax,Low,19,-0.36441,63.2,0.1176,0.7438,ns
M3vsM4_12m,natural_breaks,Absolute Mortality,WUE,Low,19,-0.01566,68.4,0.3218,0.7438,ns
M3vsM4_12m,natural_breaks,Absolute Mortality,uWUE,Low,19,0.02074,47.4,0.4281,0.7438,ns
M3vsM4_12m,natural_breaks,Relative Mortality,ETmax,High,23,-0.00132,56.5,0.4098,0.7438,ns
M3vsM4_12m,natural_breaks,Relative Mortality,GPPsat,High,23,-0.16134,60.9,0.4576,0.7438,ns
M3vsM4_12m,natural_breaks,Relative Mortality,NEPmax,High,23,-0.23715,56.5,0.1541,0.7438,ns
M3vsM4_12m,natural_breaks,Relative Mortality,WUE,High,23,-0.07066,69.6,0.1848,0.7438,ns
M3vsM4_12m,natural_breaks,Relative Mortality,uWUE,High,23,0.00827,43.5,0.5544,0.756,ns
M3vsM4_12m,natural_breaks,Relative Mortality,ETmax,Mid,18,0.00519,22.2,0.9895,0.9911,ns
M3vsM4_12m,natural_breaks,Relative Mortality,GPPsat,Mid,18,-0.02897,55.6,0.4309,0.7438,ns
M3vsM4_12m,natural_breaks,Relative Mortality,NEPmax,Mid,18,0.40687,44.4,0.684,0.8101,ns
M3vsM4_12m,natural_breaks,Relative Mortality,WUE,Mid,18,-0.01201,55.6,0.3969,0.7438,ns
M3vsM4_12m,natural_breaks,Relative Mortality,uWUE,Mid,18,0.00488,44.4,0.5347,0.756,ns
M3vsM4_12m,natural_breaks,Relative Mortality,ETmax,Low,24,-0.00145,58.3,0.1552,0.7438,ns
M3vsM4_12m,natural_breaks,Relative Mortality,GPPsat,Low,24,-0.2223,62.5,0.1692,0.7438,ns
M3vsM4_12m,natural_breaks,Relative Mortality,NEPmax,Low,24,-0.43868,62.5,0.05323,0.7438,ns
M3vsM4_12m,natural_breaks,Relative Mortality,WUE,Low,24,-0.00965,58.3,0.5398,0.756,ns
M3vsM4_12m,natural_breaks,Relative Mortality,uWUE,Low,24,0.03136,41.7,0.6501,0.7907,ns
M3vsM4_12m,natural_breaks,Relative Disturbance,ETmax,High,22,-0.00149,59.1,0.3365,0.7438,ns
M3vsM4_12m,natural_breaks,Relative Disturbance,GPPsat,High,22,-0.16669,63.6,0.3247,0.7438,ns
M3vsM4_12m,natural_breaks,Relative Disturbance,NEPmax,High,22,-0.23017,54.5,0.2795,0.7438,ns
M3vsM4_12m,natural_breaks,Relative Disturbance,WUE,High,22,-0.07494,72.7,0.1087,0.7438,ns
M3vsM4_12m,natural_breaks,Relative Disturbance,uWUE,High,22,-0.00805,50,0.3727,0.7438,ns
M3vsM4_12m,natural_breaks,Relative Disturbance,ETmax,Mid,20,0.00519,20,0.9911,0.9911,ns
M3vsM4_12m,natural_breaks,Relative Disturbance,GPPsat,Mid,20,-0.02897,55,0.5074,0.756,ns
M3vsM4_12m,natural_breaks,Relative Disturbance,NEPmax,Mid,20,0.16544,45,0.6245,0.7806,ns
M3vsM4_12m,natural_breaks,Relative Disturbance,WUE,Mid,20,-6e-04,50,0.4628,0.7438,ns
M3vsM4_12m,natural_breaks,Relative Disturbance,uWUE,Mid,20,0.01046,35,0.7889,0.8453,ns
M3vsM4_12m,natural_breaks,Relative Disturbance,ETmax,Low,23,-0.00149,60.9,0.1148,0.7438,ns
M3vsM4_12m,natural_breaks,Relative Disturbance,GPPsat,Low,23,-0.21598,60.9,0.2015,0.7438,ns
M3vsM4_12m,natural_breaks,Relative Disturbance,NEPmax,Low,23,-0.51686,65.2,0.03288,0.7438,ns
M3vsM4_12m,natural_breaks,Relative Disturbance,WUE,Low,23,-0.01237,60.9,0.6137,0.7806,ns
M3vsM4_12m,natural_breaks,Relative Disturbance,uWUE,Low,23,0.03083,43.5,0.602,0.7806,ns
M3vsM4_24m,tertiles,Absolute Mortality,ETmax,High,22,-0.0019,54.5,0.4741,0.7007,ns
M3vsM4_24m,tertiles,Absolute Mortality,GPPsat,High,22,-0.16143,54.5,0.3727,0.6287,ns
M3vsM4_24m,tertiles,Absolute Mortality,NEPmax,High,22,-0.15161,54.5,0.1571,0.5891,ns
M3vsM4_24m,tertiles,Absolute Mortality,WUE,High,22,-0.0048,50,0.2795,0.6287,ns
M3vsM4_24m,tertiles,Absolute Mortality,uWUE,High,22,-0.0637,68.2,0.04569,0.2878,ns
M3vsM4_24m,tertiles,Absolute Mortality,ETmax,Mid,21,0.00018,47.6,0.788,0.8865,ns
M3vsM4_24m,tertiles,Absolute Mortality,GPPsat,Mid,21,0.28198,38.1,0.7455,0.8865,ns
M3vsM4_24m,tertiles,Absolute Mortality,NEPmax,Mid,21,0.07883,47.6,0.4174,0.6477,ns
M3vsM4_24m,tertiles,Absolute Mortality,WUE,Mid,21,-0.03802,71.4,0.05117,0.2878,ns
M3vsM4_24m,tertiles,Absolute Mortality,uWUE,Mid,21,-0.03647,61.9,0.1567,0.5891,ns
M3vsM4_24m,tertiles,Absolute Mortality,ETmax,Low,22,0.00277,31.8,0.9826,0.9826,ns
M3vsM4_24m,tertiles,Absolute Mortality,GPPsat,Low,22,-0.16846,54.5,0.5645,0.7471,ns
M3vsM4_24m,tertiles,Absolute Mortality,NEPmax,Low,22,-0.51602,59.1,0.03708,0.2878,ns
M3vsM4_24m,tertiles,Absolute Mortality,WUE,Low,22,-0.01958,59.1,0.3605,0.6287,ns
M3vsM4_24m,tertiles,Absolute Mortality,uWUE,Low,22,-0.00249,54.5,0.3131,0.6287,ns
M3vsM4_24m,tertiles,Relative Mortality,ETmax,High,22,-0.0019,54.5,0.3484,0.6287,ns
M3vsM4_24m,tertiles,Relative Mortality,GPPsat,High,22,0.09598,45.5,0.5,0.7007,ns
M3vsM4_24m,tertiles,Relative Mortality,NEPmax,High,22,-0.39594,54.5,0.08635,0.3886,ns
M3vsM4_24m,tertiles,Relative Mortality,WUE,High,22,-0.06443,68.2,0.01886,0.283,ns
M3vsM4_24m,tertiles,Relative Mortality,uWUE,High,22,-0.0652,63.6,0.03453,0.2878,ns
M3vsM4_24m,tertiles,Relative Mortality,ETmax,Mid,21,0.00038,42.9,0.867,0.9516,ns
M3vsM4_24m,tertiles,Relative Mortality,GPPsat,Mid,21,-0.16994,52.4,0.4174,0.6477,ns
M3vsM4_24m,tertiles,Relative Mortality,NEPmax,Mid,21,0.5997,47.6,0.5139,0.7007,ns
M3vsM4_24m,tertiles,Relative Mortality,WUE,Mid,21,-0.00518,52.4,0.2222,0.6287,ns
M3vsM4_24m,tertiles,Relative Mortality,uWUE,Mid,21,-0.03042,61.9,0.2435,0.6287,ns
M3vsM4_24m,tertiles,Relative Mortality,ETmax,Low,22,0.00277,36.4,0.9629,0.9826,ns
M3vsM4_24m,tertiles,Relative Mortality,GPPsat,Low,22,-0.03376,50,0.7095,0.8865,ns
M3vsM4_24m,tertiles,Relative Mortality,NEPmax,Low,22,-0.26635,59.1,0.04889,0.2878,ns
M3vsM4_24m,tertiles,Relative Mortality,WUE,Low,22,-0.01664,59.1,0.6273,0.8065,ns
M3vsM4_24m,tertiles,Relative Mortality,uWUE,Low,22,-0.01323,59.1,0.2687,0.6287,ns
M3vsM4_24m,tertiles,Relative Disturbance,ETmax,High,22,-0.0019,54.5,0.3017,0.6287,ns
M3vsM4_24m,tertiles,Relative Disturbance,GPPsat,High,22,0.09598,45.5,0.4871,0.7007,ns
M3vsM4_24m,tertiles,Relative Disturbance,NEPmax,High,22,0.00702,50,0.1904,0.6287,ns
M3vsM4_24m,tertiles,Relative Disturbance,WUE,High,22,-0.06443,68.2,0.006212,0.2795,ns
M3vsM4_24m,tertiles,Relative Disturbance,uWUE,High,22,-0.0652,63.6,0.01742,0.283,ns
M3vsM4_24m,tertiles,Relative Disturbance,ETmax,Mid,21,0.00367,42.9,0.9229,0.9826,ns
M3vsM4_24m,tertiles,Relative Disturbance,GPPsat,Mid,21,-0.16994,52.4,0.3772,0.6287,ns
M3vsM4_24m,tertiles,Relative Disturbance,NEPmax,Mid,21,-0.23276,57.1,0.3133,0.6287,ns
M3vsM4_24m,tertiles,Relative Disturbance,WUE,Mid,21,-0.00157,52.4,0.3011,0.6287,ns
M3vsM4_24m,tertiles,Relative Disturbance,uWUE,Mid,21,-0.03042,57.1,0.3772,0.6287,ns
M3vsM4_24m,tertiles,Relative Disturbance,ETmax,Low,22,0.00219,36.4,0.9511,0.9826,ns
M3vsM4_24m,tertiles,Relative Disturbance,GPPsat,Low,22,-0.03376,50,0.7821,0.8865,ns
M3vsM4_24m,tertiles,Relative Disturbance,NEPmax,Low,22,-0.26635,54.5,0.07201,0.3601,ns
M3vsM4_24m,tertiles,Relative Disturbance,WUE,Low,22,-0.01797,59.1,0.7821,0.8865,ns
M3vsM4_24m,tertiles,Relative Disturbance,uWUE,Low,22,-0.01323,63.6,0.2276,0.6287,ns
M3vsM4_24m,equal_width,Absolute Mortality,ETmax,Mid,21,-0.00361,61.9,0.1924,0.4276,ns
M3vsM4_24m,equal_width,Absolute Mortality,GPPsat,Mid,21,-0.20939,57.1,0.174,0.4276,ns
M3vsM4_24m,equal_width,Absolute Mortality,NEPmax,Mid,21,-0.72709,61.9,0.05493,0.3156,ns
M3vsM4_24m,equal_width,Absolute Mortality,WUE,Mid,21,-0.00518,52.4,0.2658,0.5062,ns
M3vsM4_24m,equal_width,Absolute Mortality,uWUE,Mid,21,-0.06351,66.7,0.04427,0.3156,ns
M3vsM4_24m,equal_width,Absolute Mortality,ETmax,Low,41,0.00208,39,0.9748,0.9847,ns
M3vsM4_24m,equal_width,Absolute Mortality,GPPsat,Low,41,0.04063,48.8,0.6122,0.7421,ns
M3vsM4_24m,equal_width,Absolute Mortality,NEPmax,Low,41,-0.23276,53.7,0.1092,0.3638,ns
M3vsM4_24m,equal_width,Absolute Mortality,WUE,Low,41,-0.02073,63.4,0.07891,0.3156,ns
M3vsM4_24m,equal_width,Absolute Mortality,uWUE,Low,41,-0.0187,58.5,0.1688,0.4276,ns
M3vsM4_24m,equal_width,Absolute Mortality,ETmax,High,3,0.01034,0,,,""
M3vsM4_24m,equal_width,Absolute Mortality,GPPsat,High,3,1.20459,0,,,""
M3vsM4_24m,equal_width,Absolute Mortality,NEPmax,High,3,0.66438,0,,,""
M3vsM4_24m,equal_width,Absolute Mortality,WUE,High,3,-0.01714,66.7,,,""
M3vsM4_24m,equal_width,Absolute Mortality,uWUE,High,3,-0.06389,66.7,,,""
M3vsM4_24m,equal_width,Relative Mortality,ETmax,Mid,26,-0.00167,53.8,0.3147,0.5473,ns
M3vsM4_24m,equal_width,Relative Mortality,GPPsat,Mid,26,-0.04216,50,0.3611,0.5835,ns
M3vsM4_24m,equal_width,Relative Mortality,NEPmax,Mid,26,-0.76201,65.4,0.02679,0.3156,ns
M3vsM4_24m,equal_width,Relative Mortality,WUE,Mid,26,-0.02473,61.5,0.07036,0.3156,ns
M3vsM4_24m,equal_width,Relative Mortality,uWUE,Mid,26,-0.0369,61.5,0.07747,0.3156,ns
M3vsM4_24m,equal_width,Relative Mortality,ETmax,Low,32,0.00219,40.6,0.9724,0.9847,ns
M3vsM4_24m,equal_width,Relative Mortality,GPPsat,Low,32,-0.12847,53.1,0.5484,0.6907,ns
M3vsM4_24m,equal_width,Relative Mortality,NEPmax,Low,32,-0.05679,50,0.2189,0.4608,ns
M3vsM4_24m,equal_width,Relative Mortality,WUE,Low,32,-0.01664,56.2,0.4442,0.6346,ns
M3vsM4_24m,equal_width,Relative Mortality,uWUE,Low,32,-0.01323,59.4,0.2842,0.5168,ns
M3vsM4_24m,equal_width,Relative Mortality,ETmax,High,7,0.0062,28.6,0.7229,0.8262,ns
M3vsM4_24m,equal_width,Relative Mortality,GPPsat,High,7,0.71068,28.6,0.8641,0.9341,ns
M3vsM4_24m,equal_width,Relative Mortality,NEPmax,High,7,0.66438,28.6,0.7766,0.8628,ns
M3vsM4_24m,equal_width,Relative Mortality,WUE,High,7,-0.06368,71.4,0.1024,0.3638,ns
M3vsM4_24m,equal_width,Relative Mortality,uWUE,High,7,-0.0665,71.4,0.03796,0.3156,ns
M3vsM4_24m,equal_width,Relative Disturbance,ETmax,Mid,27,-0.00061,51.9,0.5526,0.6907,ns
M3vsM4_24m,equal_width,Relative Disturbance,GPPsat,Mid,27,0.02916,48.1,0.4191,0.6209,ns
M3vsM4_24m,equal_width,Relative Disturbance,NEPmax,Mid,27,-0.23843,63,0.06356,0.3156,ns
M3vsM4_24m,equal_width,Relative Disturbance,WUE,Mid,27,-0.00736,55.6,0.1838,0.4276,ns
M3vsM4_24m,equal_width,Relative Disturbance,uWUE,Mid,27,-0.03042,55.6,0.1372,0.409,ns
M3vsM4_24m,equal_width,Relative Disturbance,ETmax,High,9,-0.00373,55.6,0.5,0.6667,ns
M3vsM4_24m,equal_width,Relative Disturbance,GPPsat,High,9,0.71068,44.4,0.5,0.6667,ns
M3vsM4_24m,equal_width,Relative Disturbance,NEPmax,High,9,-0.72709,55.6,0.1432,0.409,ns
M3vsM4_24m,equal_width,Relative Disturbance,WUE,High,9,-0.06731,77.8,0.02901,0.3156,ns
M3vsM4_24m,equal_width,Relative Disturbance,uWUE,High,9,-0.0665,77.8,0.02201,0.3156,ns
M3vsM4_24m,equal_width,Relative Disturbance,ETmax,Low,29,0.00282,34.5,0.9847,0.9847,ns
M3vsM4_24m,equal_width,Relative Disturbance,GPPsat,Low,29,-0.10814,51.7,0.6514,0.7664,ns
M3vsM4_24m,equal_width,Relative Disturbance,NEPmax,Low,29,0.12094,44.8,0.3647,0.5835,ns
M3vsM4_24m,equal_width,Relative Disturbance,WUE,Low,29,-0.01751,58.6,0.3976,0.6117,ns
M3vsM4_24m,equal_width,Relative Disturbance,uWUE,Low,29,-0.0187,62.1,0.2445,0.489,ns
M3vsM4_24m,natural_breaks,Absolute Mortality,ETmax,High,14,0.00038,50,0.5,0.7031,ns
M3vsM4_24m,natural_breaks,Absolute Mortality,GPPsat,High,14,0.04384,50,0.475,0.7031,ns
M3vsM4_24m,natural_breaks,Absolute Mortality,NEPmax,High,14,-0.96545,64.3,0.04504,0.3331,ns
M3vsM4_24m,natural_breaks,Absolute Mortality,WUE,High,14,-0.04041,64.3,0.1576,0.5455,ns
M3vsM4_24m,natural_breaks,Absolute Mortality,uWUE,High,14,-0.0652,71.4,0.05132,0.3331,ns
M3vsM4_24m,natural_breaks,Absolute Mortality,ETmax,Mid,32,-0.00021,50,0.6965,0.8706,ns
M3vsM4_24m,natural_breaks,Absolute Mortality,GPPsat,Mid,32,-0.05982,50,0.3647,0.6565,ns
M3vsM4_24m,natural_breaks,Absolute Mortality,NEPmax,Mid,32,0.03093,50,0.3234,0.618,ns
M3vsM4_24m,natural_breaks,Absolute Mortality,WUE,Mid,32,-0.01664,62.5,0.05922,0.3331,ns
M3vsM4_24m,natural_breaks,Absolute Mortality,uWUE,Mid,32,-0.03344,62.5,0.0818,0.409,ns
M3vsM4_24m,natural_breaks,Absolute Mortality,ETmax,Low,19,0.00272,31.6,0.9843,0.9843,ns
M3vsM4_24m,natural_breaks,Absolute Mortality,GPPsat,Low,19,0.04063,47.4,0.7594,0.8762,ns
M3vsM4_24m,natural_breaks,Absolute Mortality,NEPmax,Low,19,-0.23276,52.6,0.1176,0.442,ns
M3vsM4_24m,natural_breaks,Absolute Mortality,WUE,Low,19,-0.02073,52.6,0.6032,0.7983,ns
M3vsM4_24m,natural_breaks,Absolute Mortality,uWUE,Low,19,-0.00219,52.6,0.3968,0.6633,ns
M3vsM4_24m,natural_breaks,Relative Mortality,ETmax,High,23,-0.002,56.5,0.2766,0.618,ns
M3vsM4_24m,natural_breaks,Relative Mortality,GPPsat,High,23,0.02916,47.8,0.398,0.6633,ns
M3vsM4_24m,natural_breaks,Relative Mortality,NEPmax,High,23,-0.72709,56.5,0.05185,0.3331,ns
M3vsM4_24m,natural_breaks,Relative Mortality,WUE,High,23,-0.06518,69.6,0.01173,0.2425,ns
M3vsM4_24m,natural_breaks,Relative Mortality,uWUE,High,23,-0.0665,65.2,0.02156,0.2425,ns
M3vsM4_24m,natural_breaks,Relative Mortality,ETmax,Mid,18,0.00399,38.9,0.9415,0.9843,ns
M3vsM4_24m,natural_breaks,Relative Mortality,GPPsat,Mid,18,0.03426,50,0.4826,0.7031,ns
M3vsM4_24m,natural_breaks,Relative Mortality,NEPmax,Mid,18,0.29136,50,0.5174,0.7055,ns
M3vsM4_24m,natural_breaks,Relative Mortality,WUE,Mid,18,-0.00167,50,0.316,0.618,ns
M3vsM4_24m,natural_breaks,Relative Mortality,uWUE,Mid,18,-0.02961,55.6,0.448,0.7031,ns
M3vsM4_24m,natural_breaks,Relative Mortality,ETmax,Low,24,0.00219,37.5,0.9527,0.9843,ns
M3vsM4_24m,natural_breaks,Relative Mortality,GPPsat,Low,24,-0.03376,50,0.749,0.8762,ns
M3vsM4_24m,natural_breaks,Relative Mortality,NEPmax,Low,24,-0.24535,54.2,0.1179,0.442,ns
M3vsM4_24m,natural_breaks,Relative Mortality,WUE,Low,24,-0.01664,58.3,0.6813,0.8706,ns
M3vsM4_24m,natural_breaks,Relative Mortality,uWUE,Low,24,-0.01323,62.5,0.1766,0.5675,ns
M3vsM4_24m,natural_breaks,Relative Disturbance,ETmax,High,22,-0.0019,54.5,0.3017,0.618,ns
M3vsM4_24m,natural_breaks,Relative Disturbance,GPPsat,High,22,0.09598,45.5,0.4871,0.7031,ns
M3vsM4_24m,natural_breaks,Relative Disturbance,NEPmax,High,22,0.00702,50,0.1904,0.5711,ns
M3vsM4_24m,natural_breaks,Relative Disturbance,WUE,High,22,-0.06443,68.2,0.006212,0.2425,ns
M3vsM4_24m,natural_breaks,Relative Disturbance,uWUE,High,22,-0.0652,63.6,0.01742,0.2425,ns
M3vsM4_24m,natural_breaks,Relative Disturbance,ETmax,Mid,20,0.00204,45,0.8945,0.9817,ns
M3vsM4_24m,natural_breaks,Relative Disturbance,GPPsat,Mid,20,-0.18967,55,0.3071,0.618,ns
M3vsM4_24m,natural_breaks,Relative Disturbance,NEPmax,Mid,20,-0.23559,60,0.269,0.618,ns
M3vsM4_24m,natural_breaks,Relative Disturbance,WUE,Mid,20,-0.00337,55,0.2568,0.618,ns
M3vsM4_24m,natural_breaks,Relative Disturbance,uWUE,Mid,20,-0.0369,60,0.2814,0.618,ns
M3vsM4_24m,natural_breaks,Relative Disturbance,ETmax,Low,23,0.00272,34.8,0.9648,0.9843,ns
M3vsM4_24m,natural_breaks,Relative Disturbance,GPPsat,Low,23,0.04063,47.8,0.8385,0.9434,ns
M3vsM4_24m,natural_breaks,Relative Disturbance,NEPmax,Low,23,-0.25795,52.2,0.09807,0.4413,ns
M3vsM4_24m,natural_breaks,Relative Disturbance,WUE,Low,23,-0.01751,56.5,0.7531,0.8762,ns
M3vsM4_24m,natural_breaks,Relative Disturbance,uWUE,Low,23,-0.00776,60.9,0.3296,0.618,ns
M5vsM6_raw_12m,tertiles,Absolute Mortality,ETmax,High,22,-0.00033,63.6,0.142,0.7988,ns
M5vsM6_raw_12m,tertiles,Absolute Mortality,GPPsat,High,22,-0.17971,59.1,0.2477,0.8421,ns
M5vsM6_raw_12m,tertiles,Absolute Mortality,NEPmax,High,22,0.09936,45.5,0.6983,0.8421,ns
M5vsM6_raw_12m,tertiles,Absolute Mortality,WUE,High,22,-0.00683,54.5,0.6273,0.8421,ns
M5vsM6_raw_12m,tertiles,Absolute Mortality,uWUE,High,22,0.02792,45.5,0.7625,0.8421,ns
M5vsM6_raw_12m,tertiles,Absolute Mortality,ETmax,Mid,21,0.00027,38.1,0.6867,0.8421,ns
M5vsM6_raw_12m,tertiles,Absolute Mortality,GPPsat,Mid,21,0.13337,38.1,0.9008,0.9008,ns
M5vsM6_raw_12m,tertiles,Absolute Mortality,NEPmax,Mid,21,-0.05779,52.4,0.4174,0.8421,ns
M5vsM6_raw_12m,tertiles,Absolute Mortality,WUE,Mid,21,-0.0114,52.4,0.3383,0.8421,ns
M5vsM6_raw_12m,tertiles,Absolute Mortality,uWUE,Mid,21,-0.00699,52.4,0.6989,0.8421,ns
M5vsM6_raw_12m,tertiles,Absolute Mortality,ETmax,Low,22,0.00126,40.9,0.8788,0.8987,ns
M5vsM6_raw_12m,tertiles,Absolute Mortality,GPPsat,Low,22,0.05526,36.4,0.7313,0.8421,ns
M5vsM6_raw_12m,tertiles,Absolute Mortality,NEPmax,Low,22,-0.23884,68.2,0.03453,0.4799,ns
M5vsM6_raw_12m,tertiles,Absolute Mortality,WUE,Low,22,-0.05136,68.2,0.01058,0.4762,ns
M5vsM6_raw_12m,tertiles,Absolute Mortality,uWUE,Low,22,-0.01978,63.6,0.08635,0.6238,ns
M5vsM6_raw_12m,tertiles,Relative Mortality,ETmax,High,22,1e-05,50,0.5772,0.8421,ns
M5vsM6_raw_12m,tertiles,Relative Mortality,GPPsat,High,22,-0.01462,50,0.3605,0.8421,ns
M5vsM6_raw_12m,tertiles,Relative Mortality,NEPmax,High,22,-0.12471,59.1,0.3851,0.8421,ns
M5vsM6_raw_12m,tertiles,Relative Mortality,WUE,High,22,-0.00683,54.5,0.5388,0.8421,ns
M5vsM6_raw_12m,tertiles,Relative Mortality,uWUE,High,22,-0.01198,54.5,0.6273,0.8421,ns
M5vsM6_raw_12m,tertiles,Relative Mortality,ETmax,Mid,21,7e-05,47.6,0.3905,0.8421,ns
M5vsM6_raw_12m,tertiles,Relative Mortality,GPPsat,Mid,21,0.09459,42.9,0.8515,0.8987,ns
M5vsM6_raw_12m,tertiles,Relative Mortality,NEPmax,Mid,21,0.09815,38.1,0.7673,0.8421,ns
M5vsM6_raw_12m,tertiles,Relative Mortality,WUE,Mid,21,-0.02379,57.1,0.2021,0.8421,ns
M5vsM6_raw_12m,tertiles,Relative Mortality,uWUE,Mid,21,-0.02551,57.1,0.2435,0.8421,ns
M5vsM6_raw_12m,tertiles,Relative Mortality,ETmax,Low,22,0.00018,45.5,0.7523,0.8421,ns
M5vsM6_raw_12m,tertiles,Relative Mortality,GPPsat,Low,22,0.00566,40.9,0.6753,0.8421,ns
M5vsM6_raw_12m,tertiles,Relative Mortality,NEPmax,Low,22,-0.23884,68.2,0.04265,0.4799,ns
M5vsM6_raw_12m,tertiles,Relative Mortality,WUE,Low,22,-0.04164,63.6,0.03979,0.4799,ns
M5vsM6_raw_12m,tertiles,Relative Mortality,uWUE,Low,22,0.00282,50,0.6516,0.8421,ns
M5vsM6_raw_12m,tertiles,Relative Disturbance,ETmax,High,22,1e-05,50,0.5388,0.8421,ns
M5vsM6_raw_12m,tertiles,Relative Disturbance,GPPsat,High,22,-0.10383,54.5,0.3365,0.8421,ns
M5vsM6_raw_12m,tertiles,Relative Disturbance,NEPmax,High,22,-0.12471,59.1,0.4483,0.8421,ns
M5vsM6_raw_12m,tertiles,Relative Disturbance,WUE,High,22,-0.00954,59.1,0.4101,0.8421,ns
M5vsM6_raw_12m,tertiles,Relative Disturbance,uWUE,High,22,-0.02186,59.1,0.4483,0.8421,ns
M5vsM6_raw_12m,tertiles,Relative Disturbance,ETmax,Mid,21,9e-05,42.9,0.569,0.8421,ns
M5vsM6_raw_12m,tertiles,Relative Disturbance,GPPsat,Mid,21,0.10312,42.9,0.8743,0.8987,ns
M5vsM6_raw_12m,tertiles,Relative Disturbance,NEPmax,Mid,21,0.09095,42.9,0.6228,0.8421,ns
M5vsM6_raw_12m,tertiles,Relative Disturbance,WUE,Mid,21,-0.0289,61.9,0.08762,0.6238,ns
M5vsM6_raw_12m,tertiles,Relative Disturbance,uWUE,Mid,21,-0.00699,52.4,0.4174,0.8421,ns
M5vsM6_raw_12m,tertiles,Relative Disturbance,ETmax,Low,22,1e-04,50,0.6395,0.8421,ns
M5vsM6_raw_12m,tertiles,Relative Disturbance,GPPsat,Low,22,0.051,36.4,0.7419,0.8421,ns
M5vsM6_raw_12m,tertiles,Relative Disturbance,NEPmax,Low,22,-0.19529,63.6,0.09704,0.6238,ns
M5vsM6_raw_12m,tertiles,Relative Disturbance,WUE,Low,22,-0.03893,54.5,0.2085,0.8421,ns
M5vsM6_raw_12m,tertiles,Relative Disturbance,uWUE,Low,22,0.00282,50,0.6149,0.8421,ns
M5vsM6_raw_12m,equal_width,Absolute Mortality,ETmax,Mid,21,-5e-05,52.4,0.5139,0.8411,ns
M5vsM6_raw_12m,equal_width,Absolute Mortality,GPPsat,Mid,21,-0.13502,57.1,0.2021,0.8084,ns
M5vsM6_raw_12m,equal_width,Absolute Mortality,NEPmax,Mid,21,0.09815,47.6,0.6989,0.8411,ns
M5vsM6_raw_12m,equal_width,Absolute Mortality,WUE,Mid,21,0.04944,42.9,0.9178,0.9178,ns
M5vsM6_raw_12m,equal_width,Absolute Mortality,uWUE,Mid,21,0.02722,42.9,0.6359,0.8411,ns
M5vsM6_raw_12m,equal_width,Absolute Mortality,ETmax,Low,41,0.00027,41.5,0.7777,0.8411,ns
M5vsM6_raw_12m,equal_width,Absolute Mortality,GPPsat,Low,41,0.09459,39,0.8501,0.8719,ns
M5vsM6_raw_12m,equal_width,Absolute Mortality,NEPmax,Low,41,-0.12958,58.5,0.1192,0.8084,ns
M5vsM6_raw_12m,equal_width,Absolute Mortality,WUE,Low,41,-0.04249,63.4,0.0138,0.552,ns
M5vsM6_raw_12m,equal_width,Absolute Mortality,uWUE,Low,41,-0.01564,58.5,0.2887,0.8248,ns
M5vsM6_raw_12m,equal_width,Absolute Mortality,ETmax,High,3,-0.00254,100,,,""
M5vsM6_raw_12m,equal_width,Absolute Mortality,GPPsat,High,3,1.09688,33.3,,,""
M5vsM6_raw_12m,equal_width,Absolute Mortality,NEPmax,High,3,-0.77076,66.7,,,""
M5vsM6_raw_12m,equal_width,Absolute Mortality,WUE,High,3,-0.11036,100,,,""
M5vsM6_raw_12m,equal_width,Absolute Mortality,uWUE,High,3,-0.03339,66.7,,,""
M5vsM6_raw_12m,equal_width,Relative Mortality,ETmax,Mid,26,0.00021,42.3,0.799,0.8411,ns
M5vsM6_raw_12m,equal_width,Relative Mortality,GPPsat,Mid,26,0.00084,50,0.5203,0.8411,ns
M5vsM6_raw_12m,equal_width,Relative Mortality,NEPmax,Mid,26,-0.05166,53.8,0.5606,0.8411,ns
M5vsM6_raw_12m,equal_width,Relative Mortality,WUE,Mid,26,0.00074,50,0.6578,0.8411,ns
M5vsM6_raw_12m,equal_width,Relative Mortality,uWUE,Mid,26,0.00636,50,0.5405,0.8411,ns
M5vsM6_raw_12m,equal_width,Relative Mortality,ETmax,Low,32,8e-05,46.9,0.6423,0.8411,ns
M5vsM6_raw_12m,equal_width,Relative Mortality,GPPsat,Low,32,0.09886,37.5,0.7973,0.8411,ns
M5vsM6_raw_12m,equal_width,Relative Mortality,NEPmax,Low,32,-0.17313,59.4,0.0818,0.8084,ns
M5vsM6_raw_12m,equal_width,Relative Mortality,WUE,Low,32,-0.04164,62.5,0.03414,0.6687,ns
M5vsM6_raw_12m,equal_width,Relative Mortality,uWUE,Low,32,-0.00498,56.2,0.4076,0.8411,ns
M5vsM6_raw_12m,equal_width,Relative Mortality,ETmax,High,7,-0.00254,71.4,0.1763,0.8084,ns
M5vsM6_raw_12m,equal_width,Relative Mortality,GPPsat,High,7,-0.22441,57.1,0.6001,0.8411,ns
M5vsM6_raw_12m,equal_width,Relative Mortality,NEPmax,High,7,0.68679,42.9,0.5337,0.8411,ns
M5vsM6_raw_12m,equal_width,Relative Mortality,WUE,High,7,-0.07263,71.4,0.2234,0.8125,ns
M5vsM6_raw_12m,equal_width,Relative Mortality,uWUE,High,7,-0.03339,57.1,0.3999,0.8411,ns
M5vsM6_raw_12m,equal_width,Relative Disturbance,ETmax,Mid,27,7e-05,44.4,0.618,0.8411,ns
M5vsM6_raw_12m,equal_width,Relative Disturbance,GPPsat,Mid,27,0.05225,48.1,0.7895,0.8411,ns
M5vsM6_raw_12m,equal_width,Relative Disturbance,NEPmax,Mid,27,-0.04554,51.9,0.7219,0.8411,ns
M5vsM6_raw_12m,equal_width,Relative Disturbance,WUE,Mid,27,0.00654,48.1,0.5048,0.8411,ns
M5vsM6_raw_12m,equal_width,Relative Disturbance,uWUE,Mid,27,0.01539,48.1,0.5996,0.8411,ns
M5vsM6_raw_12m,equal_width,Relative Disturbance,ETmax,High,9,-0.00031,55.6,0.2768,0.8248,ns
M5vsM6_raw_12m,equal_width,Relative Disturbance,GPPsat,High,9,-0.22441,55.6,0.4064,0.8411,ns
M5vsM6_raw_12m,equal_width,Relative Disturbance,NEPmax,High,9,-0.77076,66.7,0.1716,0.8084,ns
M5vsM6_raw_12m,equal_width,Relative Disturbance,WUE,High,9,-0.04241,77.8,0.1432,0.8084,ns
M5vsM6_raw_12m,equal_width,Relative Disturbance,uWUE,High,9,-0.03339,66.7,0.2768,0.8248,ns
M5vsM6_raw_12m,equal_width,Relative Disturbance,ETmax,Low,29,9e-05,48.3,0.6594,0.8411,ns
M5vsM6_raw_12m,equal_width,Relative Disturbance,GPPsat,Low,29,0.09459,37.9,0.713,0.8411,ns
M5vsM6_raw_12m,equal_width,Relative Disturbance,NEPmax,Low,29,-0.05049,55.2,0.1877,0.8084,ns
M5vsM6_raw_12m,equal_width,Relative Disturbance,WUE,Low,29,-0.04034,62.1,0.05015,0.6687,ns
M5vsM6_raw_12m,equal_width,Relative Disturbance,uWUE,Low,29,-0.00297,55.2,0.4144,0.8411,ns
M5vsM6_raw_12m,natural_breaks,Absolute Mortality,ETmax,High,14,-0.001,71.4,0.1576,0.8013,ns
M5vsM6_raw_12m,natural_breaks,Absolute Mortality,GPPsat,High,14,-0.04828,50,0.3768,0.8013,ns
M5vsM6_raw_12m,natural_breaks,Absolute Mortality,NEPmax,High,14,0.02751,50,0.6232,0.8333,ns
M5vsM6_raw_12m,natural_breaks,Absolute Mortality,WUE,High,14,-0.00683,57.1,0.5,0.8013,ns
M5vsM6_raw_12m,natural_breaks,Absolute Mortality,uWUE,High,14,-0.01255,57.1,0.4253,0.8013,ns
M5vsM6_raw_12m,natural_breaks,Absolute Mortality,ETmax,Mid,32,0.00027,37.5,0.7525,0.8475,ns
M5vsM6_raw_12m,natural_breaks,Absolute Mortality,GPPsat,Mid,32,0.00084,50,0.7094,0.8475,ns
M5vsM6_raw_12m,natural_breaks,Absolute Mortality,NEPmax,Mid,32,-0.16343,53.1,0.3101,0.8013,ns
M5vsM6_raw_12m,natural_breaks,Absolute Mortality,WUE,Mid,32,-0.01094,53.1,0.4004,0.8013,ns
M5vsM6_raw_12m,natural_breaks,Absolute Mortality,uWUE,Mid,32,0.02164,46.9,0.792,0.8475,ns
M5vsM6_raw_12m,natural_breaks,Absolute Mortality,ETmax,Low,19,9e-05,47.4,0.7594,0.8475,ns
M5vsM6_raw_12m,natural_breaks,Absolute Mortality,GPPsat,Low,19,0.10312,31.6,0.7837,0.8475,ns
M5vsM6_raw_12m,natural_breaks,Absolute Mortality,NEPmax,Low,19,-0.12958,63.2,0.1176,0.8013,ns
M5vsM6_raw_12m,natural_breaks,Absolute Mortality,WUE,Low,19,-0.05498,68.4,0.009282,0.4177,ns
M5vsM6_raw_12m,natural_breaks,Absolute Mortality,uWUE,Low,19,-0.01564,63.2,0.1342,0.8013,ns
M5vsM6_raw_12m,natural_breaks,Relative Mortality,ETmax,High,23,7e-05,47.8,0.6481,0.8333,ns
M5vsM6_raw_12m,natural_breaks,Relative Mortality,GPPsat,High,23,-0.15709,52.2,0.2868,0.8013,ns
M5vsM6_raw_12m,natural_breaks,Relative Mortality,NEPmax,High,23,-0.19163,60.9,0.3407,0.8013,ns
M5vsM6_raw_12m,natural_breaks,Relative Mortality,WUE,High,23,-0.0086,56.5,0.4456,0.8013,ns
M5vsM6_raw_12m,natural_breaks,Relative Mortality,uWUE,High,23,-0.02128,56.5,0.5061,0.8013,ns
M5vsM6_raw_12m,natural_breaks,Relative Mortality,ETmax,Mid,18,2e-04,44.4,0.552,0.8013,ns
M5vsM6_raw_12m,natural_breaks,Relative Mortality,GPPsat,Mid,18,0.07769,44.4,0.8712,0.8712,ns
M5vsM6_raw_12m,natural_breaks,Relative Mortality,NEPmax,Mid,18,0.14334,33.3,0.852,0.8712,ns
M5vsM6_raw_12m,natural_breaks,Relative Mortality,WUE,Mid,18,-0.01714,55.6,0.3006,0.8013,ns
M5vsM6_raw_12m,natural_breaks,Relative Mortality,uWUE,Mid,18,-0.01625,55.6,0.3475,0.8013,ns
M5vsM6_raw_12m,natural_breaks,Relative Mortality,ETmax,Low,24,1e-05,50,0.4943,0.8013,ns
M5vsM6_raw_12m,natural_breaks,Relative Mortality,GPPsat,Low,24,0.051,37.5,0.7305,0.8475,ns
M5vsM6_raw_12m,natural_breaks,Relative Mortality,NEPmax,Low,24,-0.23884,66.7,0.04732,0.7098,ns
M5vsM6_raw_12m,natural_breaks,Relative Mortality,WUE,Low,24,-0.04164,62.5,0.04732,0.7098,ns
M5vsM6_raw_12m,natural_breaks,Relative Mortality,uWUE,Low,24,0.00282,50,0.6179,0.8333,ns
M5vsM6_raw_12m,natural_breaks,Relative Disturbance,ETmax,High,22,1e-05,50,0.5388,0.8013,ns
M5vsM6_raw_12m,natural_breaks,Relative Disturbance,GPPsat,High,22,-0.10383,54.5,0.3365,0.8013,ns
M5vsM6_raw_12m,natural_breaks,Relative Disturbance,NEPmax,High,22,-0.12471,59.1,0.4483,0.8013,ns
M5vsM6_raw_12m,natural_breaks,Relative Disturbance,WUE,High,22,-0.00954,59.1,0.4101,0.8013,ns
M5vsM6_raw_12m,natural_breaks,Relative Disturbance,uWUE,High,22,-0.02186,59.1,0.4483,0.8013,ns
M5vsM6_raw_12m,natural_breaks,Relative Disturbance,ETmax,Mid,20,2e-04,45,0.552,0.8013,ns
M5vsM6_raw_12m,natural_breaks,Relative Disturbance,GPPsat,Mid,20,0.07769,45,0.8098,0.8475,ns
M5vsM6_raw_12m,natural_breaks,Relative Disturbance,NEPmax,Mid,20,0.06527,45,0.5074,0.8013,ns
M5vsM6_raw_12m,natural_breaks,Relative Disturbance,WUE,Mid,20,-0.02634,60,0.09888,0.8013,ns
M5vsM6_raw_12m,natural_breaks,Relative Disturbance,uWUE,Mid,20,0.0042,50,0.5223,0.8013,ns
M5vsM6_raw_12m,natural_breaks,Relative Disturbance,ETmax,Low,23,9e-05,47.8,0.6481,0.8333,ns
M5vsM6_raw_12m,natural_breaks,Relative Disturbance,GPPsat,Low,23,0.09459,34.8,0.807,0.8475,ns
M5vsM6_raw_12m,natural_breaks,Relative Disturbance,NEPmax,Low,23,-0.12958,60.9,0.1615,0.8013,ns
M5vsM6_raw_12m,natural_breaks,Relative Disturbance,WUE,Low,23,-0.04034,56.5,0.169,0.8013,ns
M5vsM6_raw_12m,natural_breaks,Relative Disturbance,uWUE,Low,23,-0.00024,52.2,0.5182,0.8013,ns
M5vsM6_raw_24m,tertiles,Absolute Mortality,ETmax,High,22,-0.00084,59.1,0.1494,0.6309,ns
M5vsM6_raw_24m,tertiles,Absolute Mortality,GPPsat,High,22,-0.00575,50,0.5517,0.6778,ns
M5vsM6_raw_24m,tertiles,Absolute Mortality,NEPmax,High,22,-0.03812,50,0.4612,0.6778,ns
M5vsM6_raw_24m,tertiles,Absolute Mortality,WUE,High,22,-0.02858,63.6,0.2795,0.6309,ns
M5vsM6_raw_24m,tertiles,Absolute Mortality,uWUE,High,22,0.00153,50,0.2581,0.6309,ns
M5vsM6_raw_24m,tertiles,Absolute Mortality,ETmax,Mid,21,5e-04,42.9,0.4447,0.6778,ns
M5vsM6_raw_24m,tertiles,Absolute Mortality,GPPsat,Mid,21,-0.08549,57.1,0.4723,0.6778,ns
M5vsM6_raw_24m,tertiles,Absolute Mortality,NEPmax,Mid,21,-0.26619,66.7,0.0589,0.6309,ns
M5vsM6_raw_24m,tertiles,Absolute Mortality,WUE,Mid,21,-0.0081,57.1,0.3133,0.6309,ns
M5vsM6_raw_24m,tertiles,Absolute Mortality,uWUE,Mid,21,0.01118,42.9,0.5961,0.6778,ns
M5vsM6_raw_24m,tertiles,Absolute Mortality,ETmax,Low,22,0.00106,40.9,0.7915,0.7915,ns
M5vsM6_raw_24m,tertiles,Absolute Mortality,GPPsat,Low,22,-0.12171,59.1,0.3131,0.6309,ns
M5vsM6_raw_24m,tertiles,Absolute Mortality,NEPmax,Low,22,-0.25425,68.2,0.05958,0.6309,ns
M5vsM6_raw_24m,tertiles,Absolute Mortality,WUE,Low,22,-0.01572,54.5,0.3365,0.6309,ns
M5vsM6_raw_24m,tertiles,Absolute Mortality,uWUE,Low,22,0.00135,50,0.5129,0.6778,ns
M5vsM6_raw_24m,tertiles,Relative Mortality,ETmax,High,22,-0.00023,50,0.3017,0.6309,ns
M5vsM6_raw_24m,tertiles,Relative Mortality,GPPsat,High,22,-0.10018,54.5,0.4101,0.6778,ns
M5vsM6_raw_24m,tertiles,Relative Mortality,NEPmax,High,22,-0.17086,59.1,0.1494,0.6309,ns
M5vsM6_raw_24m,tertiles,Relative Mortality,WUE,High,22,-0.03264,68.2,0.1212,0.6309,ns
M5vsM6_raw_24m,tertiles,Relative Mortality,uWUE,High,22,0.00489,45.5,0.3365,0.6309,ns
M5vsM6_raw_24m,tertiles,Relative Mortality,ETmax,Mid,21,0.00189,42.9,0.6489,0.7122,ns
M5vsM6_raw_24m,tertiles,Relative Mortality,GPPsat,Mid,21,-0.20864,57.1,0.5139,0.6778,ns
M5vsM6_raw_24m,tertiles,Relative Mortality,NEPmax,Mid,21,-0.22937,61.9,0.2021,0.6309,ns
M5vsM6_raw_24m,tertiles,Relative Mortality,WUE,Mid,21,-0.01523,61.9,0.2222,0.6309,ns
M5vsM6_raw_24m,tertiles,Relative Mortality,uWUE,Mid,21,-0.00072,57.1,0.3257,0.6309,ns
M5vsM6_raw_24m,tertiles,Relative Mortality,ETmax,Low,22,-0.00016,50,0.3975,0.6778,ns
M5vsM6_raw_24m,tertiles,Relative Mortality,GPPsat,Low,22,-0.07509,54.5,0.4355,0.6778,ns
M5vsM6_raw_24m,tertiles,Relative Mortality,NEPmax,Low,22,-0.2333,63.6,0.1148,0.6309,ns
M5vsM6_raw_24m,tertiles,Relative Mortality,WUE,Low,22,0.00738,45.5,0.6869,0.7188,ns
M5vsM6_raw_24m,tertiles,Relative Mortality,uWUE,Low,22,0.01227,40.9,0.6869,0.7188,ns
M5vsM6_raw_24m,tertiles,Relative Disturbance,ETmax,High,22,-0.00023,50,0.3247,0.6309,ns
M5vsM6_raw_24m,tertiles,Relative Disturbance,GPPsat,High,22,-0.10018,54.5,0.4355,0.6778,ns
M5vsM6_raw_24m,tertiles,Relative Disturbance,NEPmax,High,22,-0.17086,59.1,0.1494,0.6309,ns
M5vsM6_raw_24m,tertiles,Relative Disturbance,WUE,High,22,-0.04221,72.7,0.05958,0.6309,ns
M5vsM6_raw_24m,tertiles,Relative Disturbance,uWUE,High,22,0.00153,50,0.2375,0.6309,ns
M5vsM6_raw_24m,tertiles,Relative Disturbance,ETmax,Mid,21,0.00086,47.6,0.569,0.6778,ns
M5vsM6_raw_24m,tertiles,Relative Disturbance,GPPsat,Mid,21,-0.08549,52.4,0.5961,0.6778,ns
M5vsM6_raw_24m,tertiles,Relative Disturbance,NEPmax,Mid,21,-0.34849,61.9,0.2773,0.6309,ns
M5vsM6_raw_24m,tertiles,Relative Disturbance,WUE,Mid,21,-0.0081,57.1,0.2021,0.6309,ns
M5vsM6_raw_24m,tertiles,Relative Disturbance,uWUE,Mid,21,0.01118,47.6,0.5553,0.6778,ns
M5vsM6_raw_24m,tertiles,Relative Disturbance,ETmax,Low,22,0.00048,45.5,0.5259,0.6778,ns
M5vsM6_raw_24m,tertiles,Relative Disturbance,GPPsat,Low,22,-0.098,59.1,0.2905,0.6309,ns
M5vsM6_raw_24m,tertiles,Relative Disturbance,NEPmax,Low,22,-0.20842,63.6,0.1027,0.6309,ns
M5vsM6_raw_24m,tertiles,Relative Disturbance,WUE,Low,22,0.00738,45.5,0.7915,0.7915,ns
M5vsM6_raw_24m,tertiles,Relative Disturbance,uWUE,Low,22,0.00849,45.5,0.6025,0.6778,ns
M5vsM6_raw_24m,equal_width,Absolute Mortality,ETmax,Mid,21,-0.00134,66.7,0.03273,0.6545,ns
M5vsM6_raw_24m,equal_width,Absolute Mortality,GPPsat,Mid,21,-0.18385,57.1,0.4174,0.6698,ns
M5vsM6_raw_24m,equal_width,Absolute Mortality,NEPmax,Mid,21,-0.11323,52.4,0.4585,0.6698,ns
M5vsM6_raw_24m,equal_width,Absolute Mortality,WUE,Mid,21,-0.01804,57.1,0.431,0.6698,ns
M5vsM6_raw_24m,equal_width,Absolute Mortality,uWUE,Mid,21,0.00602,42.9,0.5415,0.6698,ns
M5vsM6_raw_24m,equal_width,Absolute Mortality,ETmax,Low,41,0.00126,39,0.8178,0.8609,ns
M5vsM6_raw_24m,equal_width,Absolute Mortality,GPPsat,Low,41,-0.0992,58.5,0.3439,0.6698,ns
M5vsM6_raw_24m,equal_width,Absolute Mortality,NEPmax,Low,41,-0.26619,65.9,0.02095,0.6545,ns
M5vsM6_raw_24m,equal_width,Absolute Mortality,WUE,Low,41,-0.01091,56.1,0.3158,0.6698,ns
M5vsM6_raw_24m,equal_width,Absolute Mortality,uWUE,Low,41,0.00363,48.8,0.531,0.6698,ns
M5vsM6_raw_24m,equal_width,Absolute Mortality,ETmax,High,3,0.00195,33.3,,,""
M5vsM6_raw_24m,equal_width,Absolute Mortality,GPPsat,High,3,0.23068,0,,,""
M5vsM6_raw_24m,equal_width,Absolute Mortality,NEPmax,High,3,-0.24088,66.7,,,""
M5vsM6_raw_24m,equal_width,Absolute Mortality,WUE,High,3,-0.06825,100,,,""
M5vsM6_raw_24m,equal_width,Absolute Mortality,uWUE,High,3,-0.14002,66.7,,,""
M5vsM6_raw_24m,equal_width,Relative Mortality,ETmax,Mid,26,2e-04,50,0.39,0.6698,ns
M5vsM6_raw_24m,equal_width,Relative Mortality,GPPsat,Mid,26,-0.22155,61.5,0.2464,0.6698,ns
M5vsM6_raw_24m,equal_width,Relative Mortality,NEPmax,Mid,26,-0.19199,61.5,0.2385,0.6698,ns
M5vsM6_raw_24m,equal_width,Relative Mortality,WUE,Mid,26,-0.01147,57.7,0.4195,0.6698,ns
M5vsM6_raw_24m,equal_width,Relative Mortality,uWUE,Mid,26,0.00489,46.2,0.6389,0.7099,ns
M5vsM6_raw_24m,equal_width,Relative Mortality,ETmax,Low,32,0.00048,46.9,0.4442,0.6698,ns
M5vsM6_raw_24m,equal_width,Relative Mortality,GPPsat,Low,32,-0.098,59.4,0.3101,0.6698,ns
M5vsM6_raw_24m,equal_width,Relative Mortality,NEPmax,Low,32,-0.21047,62.5,0.06856,0.6698,ns
M5vsM6_raw_24m,equal_width,Relative Mortality,WUE,Low,32,-0.00637,53.1,0.4369,0.6698,ns
M5vsM6_raw_24m,equal_width,Relative Mortality,uWUE,Low,32,0.00741,46.9,0.5484,0.6698,ns
M5vsM6_raw_24m,equal_width,Relative Mortality,ETmax,High,7,0.00015,42.9,0.6001,0.6858,ns
M5vsM6_raw_24m,equal_width,Relative Mortality,GPPsat,High,7,0.23068,14.3,0.974,0.978,ns
M5vsM6_raw_24m,equal_width,Relative Mortality,NEPmax,High,7,-0.24088,57.1,0.2234,0.6698,ns
M5vsM6_raw_24m,equal_width,Relative Mortality,WUE,High,7,-0.06825,85.7,0.1024,0.6698,ns
M5vsM6_raw_24m,equal_width,Relative Mortality,uWUE,High,7,-0.0653,57.1,0.1024,0.6698,ns
M5vsM6_raw_24m,equal_width,Relative Disturbance,ETmax,Mid,27,-0.00134,59.3,0.1903,0.6698,ns
M5vsM6_raw_24m,equal_width,Relative Disturbance,GPPsat,Mid,27,-0.21433,55.6,0.5526,0.6698,ns
M5vsM6_raw_24m,equal_width,Relative Disturbance,NEPmax,Mid,27,-0.19157,59.3,0.3027,0.6698,ns
M5vsM6_raw_24m,equal_width,Relative Disturbance,WUE,Mid,27,-0.01804,59.3,0.3284,0.6698,ns
M5vsM6_raw_24m,equal_width,Relative Disturbance,uWUE,Mid,27,0.01995,44.4,0.6973,0.7538,ns
M5vsM6_raw_24m,equal_width,Relative Disturbance,ETmax,High,9,0.00195,22.2,0.978,0.978,ns
M5vsM6_raw_24m,equal_width,Relative Disturbance,GPPsat,High,9,0.00501,44.4,0.5936,0.6858,ns
M5vsM6_raw_24m,equal_width,Relative Disturbance,NEPmax,High,9,-0.38458,77.8,0.06177,0.6698,ns
M5vsM6_raw_24m,equal_width,Relative Disturbance,WUE,High,9,-0.06825,77.8,0.1716,0.6698,ns
M5vsM6_raw_24m,equal_width,Relative Disturbance,uWUE,High,9,-0.0653,55.6,0.1181,0.6698,ns
M5vsM6_raw_24m,equal_width,Relative Disturbance,ETmax,Low,29,8e-04,44.8,0.457,0.6698,ns
M5vsM6_raw_24m,equal_width,Relative Disturbance,GPPsat,Low,29,-0.0992,58.6,0.2944,0.6698,ns
M5vsM6_raw_24m,equal_width,Relative Disturbance,NEPmax,Low,29,-0.18747,58.6,0.1351,0.6698,ns
M5vsM6_raw_24m,equal_width,Relative Disturbance,WUE,Low,29,-0.00168,51.7,0.5,0.6698,ns
M5vsM6_raw_24m,equal_width,Relative Disturbance,uWUE,Low,29,0.00363,48.3,0.4914,0.6698,ns
M5vsM6_raw_24m,natural_breaks,Absolute Mortality,ETmax,High,14,-0.00047,50,0.3532,0.6584,ns
M5vsM6_raw_24m,natural_breaks,Absolute Mortality,GPPsat,High,14,0.04978,35.7,0.8571,0.8571,ns
M5vsM6_raw_24m,natural_breaks,Absolute Mortality,NEPmax,High,14,-0.17086,57.1,0.2449,0.6584,ns
M5vsM6_raw_24m,natural_breaks,Absolute Mortality,WUE,High,14,-0.05878,71.4,0.1429,0.6584,ns
M5vsM6_raw_24m,natural_breaks,Absolute Mortality,uWUE,High,14,-0.06559,57.1,0.0937,0.6584,ns
M5vsM6_raw_24m,natural_breaks,Absolute Mortality,ETmax,Mid,32,-0.00029,53.1,0.2842,0.6584,ns
M5vsM6_raw_24m,natural_breaks,Absolute Mortality,GPPsat,Mid,32,-0.21149,65.6,0.1586,0.6584,ns
M5vsM6_raw_24m,natural_breaks,Absolute Mortality,NEPmax,Mid,32,-0.19608,62.5,0.137,0.6584,ns
M5vsM6_raw_24m,natural_breaks,Absolute Mortality,WUE,Mid,32,-0.00489,53.1,0.459,0.6584,ns
M5vsM6_raw_24m,natural_breaks,Absolute Mortality,uWUE,Mid,32,0.01227,40.6,0.7756,0.8116,ns
M5vsM6_raw_24m,natural_breaks,Absolute Mortality,ETmax,Low,19,0.00126,36.8,0.8065,0.8249,ns
M5vsM6_raw_24m,natural_breaks,Absolute Mortality,GPPsat,Low,19,-0.0992,52.6,0.556,0.6584,ns
M5vsM6_raw_24m,natural_breaks,Absolute Mortality,NEPmax,Low,19,-0.27913,63.2,0.08881,0.6584,ns
M5vsM6_raw_24m,natural_breaks,Absolute Mortality,WUE,Low,19,-0.02039,57.9,0.2935,0.6584,ns
M5vsM6_raw_24m,natural_breaks,Absolute Mortality,uWUE,Low,19,-0.00093,52.6,0.4124,0.6584,ns
M5vsM6_raw_24m,natural_breaks,Relative Mortality,ETmax,High,23,0.00015,47.8,0.3747,0.6584,ns
M5vsM6_raw_24m,natural_breaks,Relative Mortality,GPPsat,High,23,-0.18385,56.5,0.3296,0.6584,ns
M5vsM6_raw_24m,natural_breaks,Relative Mortality,NEPmax,High,23,-0.18338,60.9,0.127,0.6584,ns
M5vsM6_raw_24m,natural_breaks,Relative Mortality,WUE,High,23,-0.03633,69.6,0.08795,0.6584,ns
M5vsM6_raw_24m,natural_breaks,Relative Mortality,uWUE,High,23,0.00377,47.8,0.3296,0.6584,ns
M5vsM6_raw_24m,natural_breaks,Relative Mortality,ETmax,Mid,18,0.00067,50,0.448,0.6584,ns
M5vsM6_raw_24m,natural_breaks,Relative Mortality,GPPsat,Mid,18,0.02929,50,0.684,0.7508,ns
M5vsM6_raw_24m,natural_breaks,Relative Mortality,NEPmax,Mid,18,-0.34988,61.1,0.3006,0.6584,ns
M5vsM6_raw_24m,natural_breaks,Relative Mortality,WUE,Mid,18,-0.00489,55.6,0.3969,0.6584,ns
M5vsM6_raw_24m,natural_breaks,Relative Mortality,uWUE,Mid,18,-0.00055,55.6,0.3475,0.6584,ns
M5vsM6_raw_24m,natural_breaks,Relative Mortality,ETmax,Low,24,0.00048,45.8,0.5512,0.6584,ns
M5vsM6_raw_24m,natural_breaks,Relative Mortality,GPPsat,Low,24,-0.098,58.3,0.3393,0.6584,ns
M5vsM6_raw_24m,natural_breaks,Relative Mortality,NEPmax,Low,24,-0.20842,62.5,0.107,0.6584,ns
M5vsM6_raw_24m,natural_breaks,Relative Mortality,WUE,Low,24,-0.0032,50,0.5512,0.6584,ns
M5vsM6_raw_24m,natural_breaks,Relative Mortality,uWUE,Low,24,0.01227,41.7,0.6607,0.7433,ns
M5vsM6_raw_24m,natural_breaks,Relative Disturbance,ETmax,High,22,-0.00023,50,0.3247,0.6584,ns
M5vsM6_raw_24m,natural_breaks,Relative Disturbance,GPPsat,High,22,-0.10018,54.5,0.4355,0.6584,ns
M5vsM6_raw_24m,natural_breaks,Relative Disturbance,NEPmax,High,22,-0.17086,59.1,0.1494,0.6584,ns
M5vsM6_raw_24m,natural_breaks,Relative Disturbance,WUE,High,22,-0.04221,72.7,0.05958,0.6584,ns
M5vsM6_raw_24m,natural_breaks,Relative Disturbance,uWUE,High,22,0.00153,50,0.2375,0.6584,ns
M5vsM6_raw_24m,natural_breaks,Relative Disturbance,ETmax,Mid,20,0.00067,50,0.552,0.6584,ns
M5vsM6_raw_24m,natural_breaks,Relative Disturbance,GPPsat,Mid,20,-0.13157,55,0.4926,0.6584,ns
M5vsM6_raw_24m,natural_breaks,Relative Disturbance,NEPmax,Mid,20,-0.34988,65,0.1902,0.6584,ns
M5vsM6_raw_24m,natural_breaks,Relative Disturbance,WUE,Mid,20,-0.00489,55,0.2449,0.6584,ns
M5vsM6_raw_24m,natural_breaks,Relative Disturbance,uWUE,Mid,20,0.0054,50,0.4777,0.6584,ns
M5vsM6_raw_24m,natural_breaks,Relative Disturbance,ETmax,Low,23,8e-04,43.5,0.5544,0.6584,ns
M5vsM6_raw_24m,natural_breaks,Relative Disturbance,GPPsat,Low,23,-0.09681,56.5,0.4098,0.6584,ns
M5vsM6_raw_24m,natural_breaks,Relative Disturbance,NEPmax,Low,23,-0.18747,60.9,0.169,0.6584,ns
M5vsM6_raw_24m,natural_breaks,Relative Disturbance,WUE,Low,23,0.00466,47.8,0.7027,0.7529,ns
M5vsM6_raw_24m,natural_breaks,Relative Disturbance,uWUE,Low,23,0.01336,43.5,0.6593,0.7433,ns
M5vsM6_anom_12m,tertiles,Absolute Mortality,ETmax,High,22,0.00067,45.5,0.7523,0.9511,ns
M5vsM6_anom_12m,tertiles,Absolute Mortality,GPPsat,High,22,0.30713,45.5,0.6149,0.9511,ns
M5vsM6_anom_12m,tertiles,Absolute Mortality,NEPmax,High,22,-0.28314,59.1,0.1817,0.9511,ns
M5vsM6_anom_12m,tertiles,Absolute Mortality,WUE,High,22,0.03179,45.5,0.9136,0.9511,ns
M5vsM6_anom_12m,tertiles,Absolute Mortality,uWUE,High,22,0.06514,31.8,0.9511,0.9511,ns
M5vsM6_anom_12m,tertiles,Absolute Mortality,ETmax,Mid,21,0.0017,42.9,0.6095,0.9511,ns
M5vsM6_anom_12m,tertiles,Absolute Mortality,GPPsat,Mid,21,-0.16192,57.1,0.2327,0.9511,ns
M5vsM6_anom_12m,tertiles,Absolute Mortality,NEPmax,Mid,21,0.35954,42.9,0.8515,0.9511,ns
M5vsM6_anom_12m,tertiles,Absolute Mortality,WUE,Mid,21,-0.0118,57.1,0.3511,0.9511,ns
M5vsM6_anom_12m,tertiles,Absolute Mortality,uWUE,Mid,21,-0.00413,52.4,0.3641,0.9511,ns
M5vsM6_anom_12m,tertiles,Absolute Mortality,ETmax,Low,22,0.00123,36.4,0.8721,0.9511,ns
M5vsM6_anom_12m,tertiles,Absolute Mortality,GPPsat,Low,22,0.1594,45.5,0.6273,0.9511,ns
M5vsM6_anom_12m,tertiles,Absolute Mortality,NEPmax,Low,22,-0.39797,54.5,0.5,0.9511,ns
M5vsM6_anom_12m,tertiles,Absolute Mortality,WUE,Low,22,0.00156,50,0.5,0.9511,ns
M5vsM6_anom_12m,tertiles,Absolute Mortality,uWUE,Low,22,-0.02204,59.1,0.2085,0.9511,ns
M5vsM6_anom_12m,tertiles,Relative Mortality,ETmax,High,22,0.00067,45.5,0.7724,0.9511,ns
M5vsM6_anom_12m,tertiles,Relative Mortality,GPPsat,High,22,0.14599,45.5,0.6753,0.9511,ns
M5vsM6_anom_12m,tertiles,Relative Mortality,NEPmax,High,22,0.0091,50,0.4741,0.9511,ns
M5vsM6_anom_12m,tertiles,Relative Mortality,WUE,High,22,0.02576,45.5,0.8652,0.9511,ns
M5vsM6_anom_12m,tertiles,Relative Mortality,uWUE,High,22,0.0574,31.8,0.9323,0.9511,ns
M5vsM6_anom_12m,tertiles,Relative Mortality,ETmax,Mid,21,0.0021,38.1,0.8076,0.9511,ns
M5vsM6_anom_12m,tertiles,Relative Mortality,GPPsat,Mid,21,-0.01664,52.4,0.4039,0.9511,ns
M5vsM6_anom_12m,tertiles,Relative Mortality,NEPmax,Mid,21,0.09615,47.6,0.7455,0.9511,ns
M5vsM6_anom_12m,tertiles,Relative Mortality,WUE,Mid,21,-0.02023,61.9,0.2435,0.9511,ns
M5vsM6_anom_12m,tertiles,Relative Mortality,uWUE,Mid,21,-0.06148,61.9,0.1119,0.9511,ns
M5vsM6_anom_12m,tertiles,Relative Mortality,ETmax,Low,22,0.00049,40.9,0.7095,0.9511,ns
M5vsM6_anom_12m,tertiles,Relative Mortality,GPPsat,Low,22,0.04223,50,0.4101,0.9511,ns
M5vsM6_anom_12m,tertiles,Relative Mortality,NEPmax,Low,22,-0.55287,59.1,0.2795,0.9511,ns
M5vsM6_anom_12m,tertiles,Relative Mortality,WUE,Low,22,0.02994,45.5,0.7205,0.9511,ns
M5vsM6_anom_12m,tertiles,Relative Mortality,uWUE,Low,22,-0.0037,50,0.6635,0.9511,ns
M5vsM6_anom_12m,tertiles,Relative Disturbance,ETmax,High,22,0.00067,45.5,0.7205,0.9511,ns
M5vsM6_anom_12m,tertiles,Relative Disturbance,GPPsat,High,22,-0.12859,50,0.5259,0.9511,ns
M5vsM6_anom_12m,tertiles,Relative Disturbance,NEPmax,High,22,-0.26819,54.5,0.3851,0.9511,ns
M5vsM6_anom_12m,tertiles,Relative Disturbance,WUE,High,22,0.006,50,0.7724,0.9511,ns
M5vsM6_anom_12m,tertiles,Relative Disturbance,uWUE,High,22,0.0574,31.8,0.928,0.9511,ns
M5vsM6_anom_12m,tertiles,Relative Disturbance,ETmax,Mid,21,0.00202,33.3,0.9124,0.9511,ns
M5vsM6_anom_12m,tertiles,Relative Disturbance,GPPsat,Mid,21,0.08388,47.6,0.5961,0.9511,ns
M5vsM6_anom_12m,tertiles,Relative Disturbance,NEPmax,Mid,21,0.09615,47.6,0.6617,0.9511,ns
M5vsM6_anom_12m,tertiles,Relative Disturbance,WUE,Mid,21,-0.01789,57.1,0.4174,0.9511,ns
M5vsM6_anom_12m,tertiles,Relative Disturbance,uWUE,Mid,21,-0.03563,57.1,0.2021,0.9511,ns
M5vsM6_anom_12m,tertiles,Relative Disturbance,ETmax,Low,22,0.00038,45.5,0.6983,0.9511,ns
M5vsM6_anom_12m,tertiles,Relative Disturbance,GPPsat,Low,22,0.04223,50,0.4355,0.9511,ns
M5vsM6_anom_12m,tertiles,Relative Disturbance,NEPmax,Low,22,-0.2007,54.5,0.4483,0.9511,ns
M5vsM6_anom_12m,tertiles,Relative Disturbance,WUE,Low,22,0.02994,45.5,0.6753,0.9511,ns
M5vsM6_anom_12m,tertiles,Relative Disturbance,uWUE,Low,22,-0.01799,54.5,0.5129,0.9511,ns
M5vsM6_anom_12m,equal_width,Absolute Mortality,ETmax,Mid,21,0.00045,47.6,0.5961,0.9448,ns
M5vsM6_anom_12m,equal_width,Absolute Mortality,GPPsat,Mid,21,-0.16192,52.4,0.3383,0.9448,ns
M5vsM6_anom_12m,equal_width,Absolute Mortality,NEPmax,Mid,21,-0.43858,66.7,0.06751,0.9448,ns
M5vsM6_anom_12m,equal_width,Absolute Mortality,WUE,Mid,21,-0.00408,52.4,0.7227,0.9448,ns
M5vsM6_anom_12m,equal_width,Absolute Mortality,uWUE,Mid,21,0.03828,42.9,0.6989,0.9448,ns
M5vsM6_anom_12m,equal_width,Absolute Mortality,ETmax,Low,41,0.0017,39,0.8782,0.9448,ns
M5vsM6_anom_12m,equal_width,Absolute Mortality,GPPsat,Low,41,-0.01664,51.2,0.3681,0.9448,ns
M5vsM6_anom_12m,equal_width,Absolute Mortality,NEPmax,Low,41,0.09615,48.8,0.733,0.9448,ns
M5vsM6_anom_12m,equal_width,Absolute Mortality,WUE,Low,41,-0.01789,53.7,0.3632,0.9448,ns
M5vsM6_anom_12m,equal_width,Absolute Mortality,uWUE,Low,41,-0.01436,53.7,0.3487,0.9448,ns
M5vsM6_anom_12m,equal_width,Absolute Mortality,ETmax,High,3,0.00089,33.3,,,""
M5vsM6_anom_12m,equal_width,Absolute Mortality,GPPsat,High,3,2.04984,0,,,""
M5vsM6_anom_12m,equal_width,Absolute Mortality,NEPmax,High,3,0.96549,0,,,""
M5vsM6_anom_12m,equal_width,Absolute Mortality,WUE,High,3,0.1646,0,,,""
M5vsM6_anom_12m,equal_width,Absolute Mortality,uWUE,High,3,0.37261,0,,,""
M5vsM6_anom_12m,equal_width,Relative Mortality,ETmax,Mid,26,0.00179,42.3,0.839,0.9448,ns
M5vsM6_anom_12m,equal_width,Relative Mortality,GPPsat,Mid,26,-0.08928,53.8,0.3057,0.9448,ns
M5vsM6_anom_12m,equal_width,Relative Mortality,NEPmax,Mid,26,-0.35214,61.5,0.161,0.9448,ns
M5vsM6_anom_12m,equal_width,Relative Mortality,WUE,Mid,26,-0.00499,53.8,0.6294,0.9448,ns
M5vsM6_anom_12m,equal_width,Relative Mortality,uWUE,Mid,26,-0.00122,50,0.3998,0.9448,ns
M5vsM6_anom_12m,equal_width,Relative Mortality,ETmax,Low,32,0.00131,37.5,0.8414,0.9448,ns
M5vsM6_anom_12m,equal_width,Relative Mortality,GPPsat,Low,32,0.04223,50,0.4004,0.9448,ns
M5vsM6_anom_12m,equal_width,Relative Mortality,NEPmax,Low,32,0.01203,50,0.5631,0.9448,ns
M5vsM6_anom_12m,equal_width,Relative Mortality,WUE,Low,32,0.00156,50,0.5631,0.9448,ns
M5vsM6_anom_12m,equal_width,Relative Mortality,uWUE,Low,32,-0.00924,53.1,0.5631,0.9448,ns
M5vsM6_anom_12m,equal_width,Relative Mortality,ETmax,High,7,-0.00098,57.1,0.3999,0.9448,ns
M5vsM6_anom_12m,equal_width,Relative Mortality,GPPsat,High,7,0.66778,28.6,0.9246,0.9458,ns
M5vsM6_anom_12m,equal_width,Relative Mortality,NEPmax,High,7,0.96549,28.6,0.9458,0.9458,ns
M5vsM6_anom_12m,equal_width,Relative Mortality,WUE,High,7,0.06948,42.9,0.8237,0.9448,ns
M5vsM6_anom_12m,equal_width,Relative Mortality,uWUE,High,7,0.06771,14.3,0.8976,0.9448,ns
M5vsM6_anom_12m,equal_width,Relative Disturbance,ETmax,Mid,27,0.00187,37,0.8875,0.9448,ns
M5vsM6_anom_12m,equal_width,Relative Disturbance,GPPsat,Mid,27,0.08388,48.1,0.5526,0.9448,ns
M5vsM6_anom_12m,equal_width,Relative Disturbance,NEPmax,Mid,27,-0.17186,51.9,0.4952,0.9448,ns
M5vsM6_anom_12m,equal_width,Relative Disturbance,WUE,Mid,27,-0.0059,55.6,0.5048,0.9448,ns
M5vsM6_anom_12m,equal_width,Relative Disturbance,uWUE,Mid,27,0.03752,40.7,0.7681,0.9448,ns
M5vsM6_anom_12m,equal_width,Relative Disturbance,ETmax,High,9,-6e-04,55.6,0.3178,0.9448,ns
M5vsM6_anom_12m,equal_width,Relative Disturbance,GPPsat,High,9,-0.38193,55.6,0.4528,0.9448,ns
M5vsM6_anom_12m,equal_width,Relative Disturbance,NEPmax,High,9,-0.18926,55.6,0.3611,0.9448,ns
M5vsM6_anom_12m,equal_width,Relative Disturbance,WUE,High,9,0.06948,44.4,0.8568,0.9448,ns
M5vsM6_anom_12m,equal_width,Relative Disturbance,uWUE,High,9,0.05223,44.4,0.6389,0.9448,ns
M5vsM6_anom_12m,equal_width,Relative Disturbance,ETmax,Low,29,0.00193,41.4,0.8065,0.9448,ns
M5vsM6_anom_12m,equal_width,Relative Disturbance,GPPsat,Low,29,0.23492,48.3,0.3976,0.9448,ns
M5vsM6_anom_12m,equal_width,Relative Disturbance,NEPmax,Low,29,-0.07209,51.7,0.5259,0.9448,ns
M5vsM6_anom_12m,equal_width,Relative Disturbance,WUE,Low,29,0.02101,48.3,0.5516,0.9448,ns
M5vsM6_anom_12m,equal_width,Relative Disturbance,uWUE,Low,29,-0.02163,55.2,0.457,0.9448,ns
M5vsM6_anom_12m,natural_breaks,Absolute Mortality,ETmax,High,14,-7e-05,50,0.6232,0.9269,ns
M5vsM6_anom_12m,natural_breaks,Absolute Mortality,GPPsat,High,14,0.41751,42.9,0.7928,0.9269,ns
M5vsM6_anom_12m,natural_breaks,Absolute Mortality,NEPmax,High,14,-0.26819,57.1,0.3532,0.9269,ns
M5vsM6_anom_12m,natural_breaks,Absolute Mortality,WUE,High,14,0.03179,42.9,0.8571,0.9269,ns
M5vsM6_anom_12m,natural_breaks,Absolute Mortality,uWUE,High,14,0.07167,21.4,0.9063,0.9269,ns
M5vsM6_anom_12m,natural_breaks,Absolute Mortality,ETmax,Mid,32,0.00179,43.8,0.6899,0.9269,ns
M5vsM6_anom_12m,natural_breaks,Absolute Mortality,GPPsat,Mid,32,-0.27518,56.2,0.09062,0.9269,ns
M5vsM6_anom_12m,natural_breaks,Absolute Mortality,NEPmax,Mid,32,-0.12198,53.1,0.3647,0.9269,ns
M5vsM6_anom_12m,natural_breaks,Absolute Mortality,WUE,Mid,32,-0.00499,53.1,0.5924,0.9269,ns
M5vsM6_anom_12m,natural_breaks,Absolute Mortality,uWUE,Mid,32,-0.02904,56.2,0.3507,0.9269,ns
M5vsM6_anom_12m,natural_breaks,Absolute Mortality,ETmax,Low,19,0.00193,31.6,0.9045,0.9269,ns
M5vsM6_anom_12m,natural_breaks,Absolute Mortality,GPPsat,Low,19,0.48068,42.1,0.8379,0.9269,ns
M5vsM6_anom_12m,natural_breaks,Absolute Mortality,NEPmax,Low,19,0.7148,47.4,0.7953,0.9269,ns
M5vsM6_anom_12m,natural_breaks,Absolute Mortality,WUE,Low,19,-0.01789,52.6,0.444,0.9269,ns
M5vsM6_anom_12m,natural_breaks,Absolute Mortality,uWUE,Low,19,-0.01436,52.6,0.4759,0.9269,ns
M5vsM6_anom_12m,natural_breaks,Relative Mortality,ETmax,High,23,0.00045,47.8,0.7234,0.9269,ns
M5vsM6_anom_12m,natural_breaks,Relative Mortality,GPPsat,High,23,0.12476,43.5,0.6813,0.9269,ns
M5vsM6_anom_12m,natural_breaks,Relative Mortality,NEPmax,High,23,-0.18926,52.2,0.4098,0.9269,ns
M5vsM6_anom_12m,natural_breaks,Relative Mortality,WUE,High,23,0.01608,47.8,0.781,0.9269,ns
M5vsM6_anom_12m,natural_breaks,Relative Mortality,uWUE,High,23,0.05223,34.8,0.891,0.9269,ns
M5vsM6_anom_12m,natural_breaks,Relative Mortality,ETmax,Mid,18,0.00257,33.3,0.8619,0.9269,ns
M5vsM6_anom_12m,natural_breaks,Relative Mortality,GPPsat,Mid,18,0.21135,50,0.5862,0.9269,ns
M5vsM6_anom_12m,natural_breaks,Relative Mortality,NEPmax,Mid,18,0.01203,50,0.684,0.9269,ns
M5vsM6_anom_12m,natural_breaks,Relative Mortality,WUE,Mid,18,-0.01601,61.1,0.3006,0.9269,ns
M5vsM6_anom_12m,natural_breaks,Relative Mortality,uWUE,Mid,18,-0.04855,61.1,0.1381,0.9269,ns
M5vsM6_anom_12m,natural_breaks,Relative Mortality,ETmax,Low,24,0.00049,41.7,0.7113,0.9269,ns
M5vsM6_anom_12m,natural_breaks,Relative Mortality,GPPsat,Low,24,-0.22273,54.2,0.2695,0.9269,ns
M5vsM6_anom_12m,natural_breaks,Relative Mortality,NEPmax,Low,24,-0.39797,54.2,0.4488,0.9269,ns
M5vsM6_anom_12m,natural_breaks,Relative Mortality,WUE,Low,24,0.02994,45.8,0.749,0.9269,ns
M5vsM6_anom_12m,natural_breaks,Relative Mortality,uWUE,Low,24,-0.0037,50,0.6915,0.9269,ns
M5vsM6_anom_12m,natural_breaks,Relative Disturbance,ETmax,High,22,0.00067,45.5,0.7205,0.9269,ns
M5vsM6_anom_12m,natural_breaks,Relative Disturbance,GPPsat,High,22,-0.12859,50,0.5259,0.9269,ns
M5vsM6_anom_12m,natural_breaks,Relative Disturbance,NEPmax,High,22,-0.26819,54.5,0.3851,0.9269,ns
M5vsM6_anom_12m,natural_breaks,Relative Disturbance,WUE,High,22,0.006,50,0.7724,0.9269,ns
M5vsM6_anom_12m,natural_breaks,Relative Disturbance,uWUE,High,22,0.0574,31.8,0.928,0.928,ns
M5vsM6_anom_12m,natural_breaks,Relative Disturbance,ETmax,Mid,20,0.00245,35,0.9011,0.9269,ns
M5vsM6_anom_12m,natural_breaks,Relative Disturbance,GPPsat,Mid,20,0.03362,50,0.5074,0.9269,ns
M5vsM6_anom_12m,natural_breaks,Relative Disturbance,NEPmax,Mid,20,-0.03786,50,0.5223,0.9269,ns
M5vsM6_anom_12m,natural_breaks,Relative Disturbance,WUE,Mid,20,-0.01601,55,0.4333,0.9269,ns
M5vsM6_anom_12m,natural_breaks,Relative Disturbance,uWUE,Mid,20,-0.04855,60,0.1613,0.9269,ns
M5vsM6_anom_12m,natural_breaks,Relative Disturbance,ETmax,Low,23,0.00054,43.5,0.7027,0.9269,ns
M5vsM6_anom_12m,natural_breaks,Relative Disturbance,GPPsat,Low,23,0.23492,47.8,0.5061,0.9269,ns
M5vsM6_anom_12m,natural_breaks,Relative Disturbance,NEPmax,Low,23,-0.07209,52.2,0.5424,0.9269,ns
M5vsM6_anom_12m,natural_breaks,Relative Disturbance,WUE,Low,23,0.02101,47.8,0.6704,0.9269,ns
M5vsM6_anom_12m,natural_breaks,Relative Disturbance,uWUE,Low,23,-0.01436,52.2,0.6253,0.9269,ns
M5vsM6_anom_24m,tertiles,Absolute Mortality,ETmax,High,22,0.00671,36.4,0.9903,0.9903,ns
M5vsM6_anom_24m,tertiles,Absolute Mortality,GPPsat,High,22,-0.22921,63.6,0.3484,0.7902,ns
M5vsM6_anom_24m,tertiles,Absolute Mortality,NEPmax,High,22,-0.70078,59.1,0.1732,0.7902,ns
M5vsM6_anom_24m,tertiles,Absolute Mortality,WUE,High,22,-0.01266,54.5,0.3484,0.7902,ns
M5vsM6_anom_24m,tertiles,Absolute Mortality,uWUE,High,22,0.05857,36.4,0.835,0.9874,ns
M5vsM6_anom_24m,tertiles,Absolute Mortality,ETmax,Mid,21,-0.00156,52.4,0.5961,0.8653,ns
M5vsM6_anom_24m,tertiles,Absolute Mortality,GPPsat,Mid,21,-0.30535,57.1,0.133,0.7902,ns
M5vsM6_anom_24m,tertiles,Absolute Mortality,NEPmax,Mid,21,0.59874,28.6,0.8743,0.9874,ns
M5vsM6_anom_24m,tertiles,Absolute Mortality,WUE,Mid,21,-0.01782,52.4,0.431,0.7902,ns
M5vsM6_anom_24m,tertiles,Absolute Mortality,uWUE,Mid,21,-0.00435,57.1,0.1924,0.7902,ns
M5vsM6_anom_24m,tertiles,Absolute Mortality,ETmax,Low,22,0.00233,31.8,0.8852,0.9874,ns
M5vsM6_anom_24m,tertiles,Absolute Mortality,GPPsat,Low,22,0.08581,40.9,0.4483,0.7902,ns
M5vsM6_anom_24m,tertiles,Absolute Mortality,NEPmax,Low,22,-0.17521,54.5,0.4741,0.7902,ns
M5vsM6_anom_24m,tertiles,Absolute Mortality,WUE,Low,22,0.01842,36.4,0.7625,0.9874,ns
M5vsM6_anom_24m,tertiles,Absolute Mortality,uWUE,Low,22,-0.02726,59.1,0.2085,0.7902,ns
M5vsM6_anom_24m,tertiles,Relative Mortality,ETmax,High,22,0.00548,40.9,0.9655,0.9874,ns
M5vsM6_anom_24m,tertiles,Relative Mortality,GPPsat,High,22,-0.17313,59.1,0.4483,0.7902,ns
M5vsM6_anom_24m,tertiles,Relative Mortality,NEPmax,High,22,-0.17401,50,0.2687,0.7902,ns
M5vsM6_anom_24m,tertiles,Relative Mortality,WUE,High,22,-0.04169,63.6,0.142,0.7902,ns
M5vsM6_anom_24m,tertiles,Relative Mortality,uWUE,High,22,-0.00726,50,0.3605,0.7902,ns
M5vsM6_anom_24m,tertiles,Relative Mortality,ETmax,Mid,21,0.00572,42.9,0.9178,0.9874,ns
M5vsM6_anom_24m,tertiles,Relative Mortality,GPPsat,Mid,21,-0.16359,52.4,0.1652,0.7902,ns
M5vsM6_anom_24m,tertiles,Relative Mortality,NEPmax,Mid,21,0.48756,33.3,0.9067,0.9874,ns
M5vsM6_anom_24m,tertiles,Relative Mortality,WUE,Mid,21,0.03017,47.6,0.5277,0.7916,ns
M5vsM6_anom_24m,tertiles,Relative Mortality,uWUE,Mid,21,0.00157,47.6,0.431,0.7902,ns
M5vsM6_anom_24m,tertiles,Relative Mortality,ETmax,Low,22,0.00131,36.4,0.6516,0.9163,ns
M5vsM6_anom_24m,tertiles,Relative Mortality,GPPsat,Low,22,-0.14683,50,0.2085,0.7902,ns
M5vsM6_anom_24m,tertiles,Relative Mortality,NEPmax,Low,22,-0.40632,59.1,0.2085,0.7902,ns
M5vsM6_anom_24m,tertiles,Relative Mortality,WUE,Low,22,0.03062,31.8,0.8913,0.9874,ns
M5vsM6_anom_24m,tertiles,Relative Mortality,uWUE,Low,22,-0.01069,54.5,0.4612,0.7902,ns
M5vsM6_anom_24m,tertiles,Relative Disturbance,ETmax,High,22,0.0028,45.5,0.928,0.9874,ns
M5vsM6_anom_24m,tertiles,Relative Disturbance,GPPsat,High,22,-0.17313,59.1,0.4483,0.7902,ns
M5vsM6_anom_24m,tertiles,Relative Disturbance,NEPmax,High,22,0.34069,45.5,0.4101,0.7902,ns
M5vsM6_anom_24m,tertiles,Relative Disturbance,WUE,High,22,-0.04169,63.6,0.1087,0.7902,ns
M5vsM6_anom_24m,tertiles,Relative Disturbance,uWUE,High,22,-0.00726,50,0.4228,0.7902,ns
M5vsM6_anom_24m,tertiles,Relative Disturbance,ETmax,Mid,21,0.00572,33.3,0.9278,0.9874,ns
M5vsM6_anom_24m,tertiles,Relative Disturbance,GPPsat,Mid,21,-0.28438,57.1,0.08222,0.7902,ns
M5vsM6_anom_24m,tertiles,Relative Disturbance,NEPmax,Mid,21,0.09374,42.9,0.4723,0.7902,ns
M5vsM6_anom_24m,tertiles,Relative Disturbance,WUE,Mid,21,-0.01114,52.4,0.4585,0.7902,ns
M5vsM6_anom_24m,tertiles,Relative Disturbance,uWUE,Mid,21,0.03062,42.9,0.5139,0.7916,ns
M5vsM6_anom_24m,tertiles,Relative Disturbance,ETmax,Low,22,0.00205,40.9,0.7095,0.9675,ns
M5vsM6_anom_24m,tertiles,Relative Disturbance,GPPsat,Low,22,0.04568,45.5,0.3975,0.7902,ns
M5vsM6_anom_24m,tertiles,Relative Disturbance,NEPmax,Low,22,-0.09483,54.5,0.5,0.7916,ns
M5vsM6_anom_24m,tertiles,Relative Disturbance,WUE,Low,22,0.03814,27.3,0.9511,0.9874,ns
M5vsM6_anom_24m,tertiles,Relative Disturbance,uWUE,Low,22,-0.02726,59.1,0.3131,0.7902,ns
M5vsM6_anom_24m,equal_width,Absolute Mortality,ETmax,Mid,21,0.00039,47.6,0.9325,0.9564,ns
M5vsM6_anom_24m,equal_width,Absolute Mortality,GPPsat,Mid,21,-0.35861,71.4,0.1257,0.6451,ns
M5vsM6_anom_24m,equal_width,Absolute Mortality,NEPmax,Mid,21,-0.86878,61.9,0.08222,0.6451,ns
M5vsM6_anom_24m,equal_width,Absolute Mortality,WUE,Mid,21,-0.01417,57.1,0.3257,0.8996,ns
M5vsM6_anom_24m,equal_width,Absolute Mortality,uWUE,Mid,21,0.03533,42.9,0.4723,0.8996,ns
M5vsM6_anom_24m,equal_width,Absolute Mortality,ETmax,Low,41,0.00198,39,0.847,0.9564,ns
M5vsM6_anom_24m,equal_width,Absolute Mortality,GPPsat,Low,41,0.00077,48.8,0.1469,0.6451,ns
M5vsM6_anom_24m,equal_width,Absolute Mortality,NEPmax,Low,41,0.43096,43.9,0.6842,0.9564,ns
M5vsM6_anom_24m,equal_width,Absolute Mortality,WUE,Low,41,0.00893,43.9,0.6221,0.9564,ns
M5vsM6_anom_24m,equal_width,Absolute Mortality,uWUE,Low,41,-0.00435,56.1,0.1688,0.6451,ns
M5vsM6_anom_24m,equal_width,Absolute Mortality,ETmax,High,3,0.01275,0,,,""
M5vsM6_anom_24m,equal_width,Absolute Mortality,GPPsat,High,3,0.95131,0,,,""
M5vsM6_anom_24m,equal_width,Absolute Mortality,NEPmax,High,3,1.39637,0,,,""
M5vsM6_anom_24m,equal_width,Absolute Mortality,WUE,High,3,0.05088,33.3,,,""
M5vsM6_anom_24m,equal_width,Absolute Mortality,uWUE,High,3,0.06955,33.3,,,""
M5vsM6_anom_24m,equal_width,Relative Mortality,ETmax,Mid,26,0.0028,46.2,0.8979,0.9564,ns
M5vsM6_anom_24m,equal_width,Relative Mortality,GPPsat,Mid,26,-0.32149,61.5,0.08914,0.6451,ns
M5vsM6_anom_24m,equal_width,Relative Mortality,NEPmax,Mid,26,-0.24094,50,0.161,0.6451,ns
M5vsM6_anom_24m,equal_width,Relative Mortality,WUE,Mid,26,-0.03077,61.5,0.08914,0.6451,ns
M5vsM6_anom_24m,equal_width,Relative Mortality,uWUE,Mid,26,-0.01003,53.8,0.1489,0.6451,ns
M5vsM6_anom_24m,equal_width,Relative Mortality,ETmax,Low,32,0.00205,34.4,0.9182,0.9564,ns
M5vsM6_anom_24m,equal_width,Relative Mortality,GPPsat,Low,32,-0.15229,50,0.1678,0.6451,ns
M5vsM6_anom_24m,equal_width,Relative Mortality,NEPmax,Low,32,0.14993,50,0.5261,0.9149,ns
M5vsM6_anom_24m,equal_width,Relative Mortality,WUE,Low,32,0.03174,34.4,0.921,0.9564,ns
M5vsM6_anom_24m,equal_width,Relative Mortality,uWUE,Low,32,9e-05,50,0.5037,0.9149,ns
M5vsM6_anom_24m,equal_width,Relative Mortality,ETmax,High,7,0.00765,42.9,0.8976,0.9564,ns
M5vsM6_anom_24m,equal_width,Relative Mortality,GPPsat,High,7,0.84591,42.9,0.9246,0.9564,ns
M5vsM6_anom_24m,equal_width,Relative Mortality,NEPmax,High,7,0.83524,28.6,0.9246,0.9564,ns
M5vsM6_anom_24m,equal_width,Relative Mortality,WUE,High,7,-0.04164,57.1,0.4663,0.8996,ns
M5vsM6_anom_24m,equal_width,Relative Mortality,uWUE,High,7,0.05677,42.9,0.7766,0.9564,ns
M5vsM6_anom_24m,equal_width,Relative Disturbance,ETmax,Mid,27,0.00572,37,0.9788,0.9788,ns
M5vsM6_anom_24m,equal_width,Relative Disturbance,GPPsat,Mid,27,-0.17405,59.3,0.1775,0.6451,ns
M5vsM6_anom_24m,equal_width,Relative Disturbance,NEPmax,Mid,27,0.06171,44.4,0.438,0.8996,ns
M5vsM6_anom_24m,equal_width,Relative Disturbance,WUE,Mid,27,-0.01114,51.9,0.3728,0.8996,ns
M5vsM6_anom_24m,equal_width,Relative Disturbance,uWUE,Mid,27,0.03062,44.4,0.4097,0.8996,ns
M5vsM6_anom_24m,equal_width,Relative Disturbance,ETmax,High,9,-0.00081,55.6,0.7232,0.9564,ns
M5vsM6_anom_24m,equal_width,Relative Disturbance,GPPsat,High,9,-0.17222,55.6,0.5936,0.9498,ns
M5vsM6_anom_24m,equal_width,Relative Disturbance,NEPmax,High,9,-0.39894,55.6,0.4064,0.8996,ns
M5vsM6_anom_24m,equal_width,Relative Disturbance,WUE,High,9,-0.09965,77.8,0.09626,0.6451,ns
M5vsM6_anom_24m,equal_width,Relative Disturbance,uWUE,High,9,-0.0321,66.7,0.2768,0.8517,ns
M5vsM6_anom_24m,equal_width,Relative Disturbance,ETmax,Low,29,0.00198,37.9,0.8347,0.9564,ns
M5vsM6_anom_24m,equal_width,Relative Disturbance,GPPsat,Low,29,0.00077,48.3,0.1935,0.6451,ns
M5vsM6_anom_24m,equal_width,Relative Disturbance,NEPmax,Low,29,0.32928,48.3,0.5687,0.9478,ns
M5vsM6_anom_24m,equal_width,Relative Disturbance,WUE,Low,29,0.03332,34.5,0.9028,0.9564,ns
M5vsM6_anom_24m,equal_width,Relative Disturbance,uWUE,Low,29,-0.00226,51.7,0.4484,0.8996,ns
M5vsM6_anom_24m,natural_breaks,Absolute Mortality,ETmax,High,14,0.00643,42.9,0.9606,0.9606,ns
M5vsM6_anom_24m,natural_breaks,Absolute Mortality,GPPsat,High,14,-0.17313,64.3,0.525,0.904,ns
M5vsM6_anom_24m,natural_breaks,Absolute Mortality,NEPmax,High,14,-0.46587,57.1,0.3078,0.8807,ns
M5vsM6_anom_24m,natural_breaks,Absolute Mortality,WUE,High,14,-0.04169,57.1,0.2072,0.8807,ns
M5vsM6_anom_24m,natural_breaks,Absolute Mortality,uWUE,High,14,0.03339,42.9,0.6698,0.96,ns
M5vsM6_anom_24m,natural_breaks,Absolute Mortality,ETmax,Mid,32,0.00059,46.9,0.7866,0.9606,ns
M5vsM6_anom_24m,natural_breaks,Absolute Mortality,GPPsat,Mid,32,-0.43735,59.4,0.04354,0.8807,ns
M5vsM6_anom_24m,natural_breaks,Absolute Mortality,NEPmax,Mid,32,0.07773,43.8,0.4149,0.8807,ns
M5vsM6_anom_24m,natural_breaks,Absolute Mortality,WUE,Mid,32,0.00951,50,0.6069,0.9417,ns
M5vsM6_anom_24m,natural_breaks,Absolute Mortality,uWUE,Mid,32,-9e-05,50,0.337,0.8807,ns
M5vsM6_anom_24m,natural_breaks,Absolute Mortality,ETmax,Low,19,0.00297,26.3,0.9344,0.9606,ns
M5vsM6_anom_24m,natural_breaks,Absolute Mortality,GPPsat,Low,19,0.0906,36.8,0.6782,0.96,ns
M5vsM6_anom_24m,natural_breaks,Absolute Mortality,NEPmax,Low,19,0.43096,47.4,0.7467,0.96,ns
M5vsM6_anom_24m,natural_breaks,Absolute Mortality,WUE,Low,19,0.00893,36.8,0.7467,0.96,ns
M5vsM6_anom_24m,natural_breaks,Absolute Mortality,uWUE,Low,19,-0.01912,57.9,0.3511,0.8807,ns
M5vsM6_anom_24m,natural_breaks,Relative Mortality,ETmax,High,23,0.00521,43.5,0.9571,0.9606,ns
M5vsM6_anom_24m,natural_breaks,Relative Mortality,GPPsat,High,23,-0.17222,56.5,0.4336,0.8807,ns
M5vsM6_anom_24m,natural_breaks,Relative Mortality,NEPmax,High,23,-0.39894,52.2,0.2665,0.8807,ns
M5vsM6_anom_24m,natural_breaks,Relative Mortality,WUE,High,23,-0.04174,65.2,0.09291,0.8807,ns
M5vsM6_anom_24m,natural_breaks,Relative Mortality,uWUE,High,23,-0.01572,52.2,0.2566,0.8807,ns
M5vsM6_anom_24m,natural_breaks,Relative Mortality,ETmax,Mid,18,0.00599,38.9,0.9115,0.9606,ns
M5vsM6_anom_24m,natural_breaks,Relative Mortality,GPPsat,Mid,18,-0.2611,55.6,0.1802,0.8807,ns
M5vsM6_anom_24m,natural_breaks,Relative Mortality,NEPmax,Mid,18,0.40842,33.3,0.8417,0.9606,ns
M5vsM6_anom_24m,natural_breaks,Relative Mortality,WUE,Mid,18,0.00951,50,0.4653,0.8807,ns
M5vsM6_anom_24m,natural_breaks,Relative Mortality,uWUE,Mid,18,0.0161,44.4,0.6031,0.9417,ns
M5vsM6_anom_24m,natural_breaks,Relative Mortality,ETmax,Low,24,0.00131,37.5,0.721,0.96,ns
M5vsM6_anom_24m,natural_breaks,Relative Mortality,GPPsat,Low,24,-0.15229,50,0.216,0.8807,ns
M5vsM6_anom_24m,natural_breaks,Relative Mortality,NEPmax,Low,24,-0.17521,54.2,0.4152,0.8807,ns
M5vsM6_anom_24m,natural_breaks,Relative Mortality,WUE,Low,24,0.03814,29.2,0.9498,0.9606,ns
M5vsM6_anom_24m,natural_breaks,Relative Mortality,uWUE,Low,24,-0.01069,54.2,0.4602,0.8807,ns
M5vsM6_anom_24m,natural_breaks,Relative Disturbance,ETmax,High,22,0.0028,45.5,0.928,0.9606,ns
M5vsM6_anom_24m,natural_breaks,Relative Disturbance,GPPsat,High,22,-0.17313,59.1,0.4483,0.8807,ns
M5vsM6_anom_24m,natural_breaks,Relative Disturbance,NEPmax,High,22,0.34069,45.5,0.4101,0.8807,ns
M5vsM6_anom_24m,natural_breaks,Relative Disturbance,WUE,High,22,-0.04169,63.6,0.1087,0.8807,ns
M5vsM6_anom_24m,natural_breaks,Relative Disturbance,uWUE,High,22,-0.00726,50,0.4228,0.8807,ns
M5vsM6_anom_24m,natural_breaks,Relative Disturbance,ETmax,Mid,20,0.00599,35,0.9247,0.9606,ns
M5vsM6_anom_24m,natural_breaks,Relative Disturbance,GPPsat,Mid,20,-0.32149,60,0.0563,0.8807,ns
M5vsM6_anom_24m,natural_breaks,Relative Disturbance,NEPmax,Mid,20,0.07773,45,0.4187,0.8807,ns
M5vsM6_anom_24m,natural_breaks,Relative Disturbance,WUE,Mid,20,0.00951,50,0.5074,0.904,ns
M5vsM6_anom_24m,natural_breaks,Relative Disturbance,uWUE,Mid,20,0.0161,45,0.448,0.8807,ns
M5vsM6_anom_24m,natural_breaks,Relative Disturbance,ETmax,Low,23,0.00198,39.1,0.7234,0.96,ns
M5vsM6_anom_24m,natural_breaks,Relative Disturbance,GPPsat,Low,23,0.0906,43.5,0.4697,0.8807,ns
M5vsM6_anom_24m,natural_breaks,Relative Disturbance,NEPmax,Low,23,-0.02942,52.2,0.5424,0.904,ns
M5vsM6_anom_24m,natural_breaks,Relative Disturbance,WUE,Low,23,0.03332,30.4,0.9299,0.9606,ns
M5vsM6_anom_24m,natural_breaks,Relative Disturbance,uWUE,Low,23,-0.01912,56.5,0.4336,0.8807,ns
M7vsM8_raw_12m,tertiles,Absolute Mortality,ETmax,High,22,-0.00055,59.1,0.165,0.5713,ns
M7vsM8_raw_12m,tertiles,Absolute Mortality,GPPsat,High,22,0.30104,36.4,0.7724,0.9919,ns
M7vsM8_raw_12m,tertiles,Absolute Mortality,NEPmax,High,22,0.09279,45.5,0.4483,0.9349,ns
M7vsM8_raw_12m,tertiles,Absolute Mortality,WUE,High,22,-0.04344,68.2,0.02772,0.1989,ns
M7vsM8_raw_12m,tertiles,Absolute Mortality,uWUE,High,22,-0.03577,72.7,0.01607,0.1568,ns
M7vsM8_raw_12m,tertiles,Absolute Mortality,ETmax,Mid,21,0.0017,42.9,0.7673,0.9919,ns
M7vsM8_raw_12m,tertiles,Absolute Mortality,GPPsat,Mid,21,0.16166,33.3,0.9619,0.9919,ns
M7vsM8_raw_12m,tertiles,Absolute Mortality,NEPmax,Mid,21,0.43214,28.6,0.9673,0.9919,ns
M7vsM8_raw_12m,tertiles,Absolute Mortality,WUE,Mid,21,-0.02237,57.1,0.5,0.9349,ns
M7vsM8_raw_12m,tertiles,Absolute Mortality,uWUE,Mid,21,0.00611,47.6,0.5139,0.9349,ns
M7vsM8_raw_12m,tertiles,Absolute Mortality,ETmax,Low,22,0.00046,45.5,0.6025,0.9349,ns
M7vsM8_raw_12m,tertiles,Absolute Mortality,GPPsat,Low,22,0.28857,22.7,0.9826,0.9919,ns
M7vsM8_raw_12m,tertiles,Absolute Mortality,NEPmax,Low,22,-0.30814,72.7,0.03453,0.1989,ns
M7vsM8_raw_12m,tertiles,Absolute Mortality,WUE,Low,22,-0.03831,72.7,0.006212,0.1456,ns
M7vsM8_raw_12m,tertiles,Absolute Mortality,uWUE,Low,22,-0.0071,59.1,0.4355,0.9349,ns
M7vsM8_raw_12m,tertiles,Relative Mortality,ETmax,High,22,-0.00019,54.5,0.3484,0.8711,ns
M7vsM8_raw_12m,tertiles,Relative Mortality,GPPsat,High,22,0.22074,36.4,0.7724,0.9919,ns
M7vsM8_raw_12m,tertiles,Relative Mortality,NEPmax,High,22,0.16451,45.5,0.5129,0.9349,ns
M7vsM8_raw_12m,tertiles,Relative Mortality,WUE,High,22,-0.05337,68.2,0.03979,0.1989,ns
M7vsM8_raw_12m,tertiles,Relative Mortality,uWUE,High,22,-0.04317,77.3,0.009706,0.1456,ns
M7vsM8_raw_12m,tertiles,Relative Mortality,ETmax,Mid,21,-0.00086,52.4,0.1924,0.6186,ns
M7vsM8_raw_12m,tertiles,Relative Mortality,GPPsat,Mid,21,0.3321,28.6,0.9762,0.9919,ns
M7vsM8_raw_12m,tertiles,Relative Mortality,NEPmax,Mid,21,0.2748,33.3,0.9589,0.9919,ns
M7vsM8_raw_12m,tertiles,Relative Mortality,WUE,Mid,21,-0.02612,66.7,0.2773,0.7398,ns
M7vsM8_raw_12m,tertiles,Relative Mortality,uWUE,Mid,21,0.00411,47.6,0.5961,0.9349,ns
M7vsM8_raw_12m,tertiles,Relative Mortality,ETmax,Low,22,0.00081,40.9,0.8268,0.9919,ns
M7vsM8_raw_12m,tertiles,Relative Mortality,GPPsat,Low,22,0.27093,27.3,0.9911,0.9919,ns
M7vsM8_raw_12m,tertiles,Relative Mortality,NEPmax,Low,22,-0.30814,68.2,0.04889,0.22,ns
M7vsM8_raw_12m,tertiles,Relative Mortality,WUE,Low,22,-0.03494,63.6,0.03708,0.1989,ns
M7vsM8_raw_12m,tertiles,Relative Mortality,uWUE,Low,22,-0.00355,54.5,0.5899,0.9349,ns
M7vsM8_raw_12m,tertiles,Relative Disturbance,ETmax,High,22,-0.00075,54.5,0.2795,0.7398,ns
M7vsM8_raw_12m,tertiles,Relative Disturbance,GPPsat,High,22,0.22074,36.4,0.7205,0.9919,ns
M7vsM8_raw_12m,tertiles,Relative Disturbance,NEPmax,High,22,0.16451,45.5,0.5129,0.9349,ns
M7vsM8_raw_12m,tertiles,Relative Disturbance,WUE,High,22,-0.05337,72.7,0.01742,0.1568,ns
M7vsM8_raw_12m,tertiles,Relative Disturbance,uWUE,High,22,-0.05397,77.3,0.009706,0.1456,ns
M7vsM8_raw_12m,tertiles,Relative Disturbance,ETmax,Mid,21,0.00095,42.9,0.6617,0.9605,ns
M7vsM8_raw_12m,tertiles,Relative Disturbance,GPPsat,Mid,21,0.27431,28.6,0.9781,0.9919,ns
M7vsM8_raw_12m,tertiles,Relative Disturbance,NEPmax,Mid,21,0.34657,33.3,0.9524,0.9919,ns
M7vsM8_raw_12m,tertiles,Relative Disturbance,WUE,Mid,21,-0.02612,61.9,0.2545,0.7398,ns
M7vsM8_raw_12m,tertiles,Relative Disturbance,uWUE,Mid,21,0.00411,47.6,0.5415,0.9349,ns
M7vsM8_raw_12m,tertiles,Relative Disturbance,ETmax,Low,22,4e-05,50,0.5899,0.9349,ns
M7vsM8_raw_12m,tertiles,Relative Disturbance,GPPsat,Low,22,0.29395,27.3,0.9919,0.9919,ns
M7vsM8_raw_12m,tertiles,Relative Disturbance,NEPmax,Low,22,-0.30814,68.2,0.05583,0.2284,ns
M7vsM8_raw_12m,tertiles,Relative Disturbance,WUE,Low,22,-0.03041,63.6,0.07658,0.2872,ns
M7vsM8_raw_12m,tertiles,Relative Disturbance,uWUE,Low,22,-0.00355,54.5,0.6273,0.9409,ns
M7vsM8_raw_12m,equal_width,Absolute Mortality,ETmax,Mid,21,-0.00024,57.1,0.2222,0.6384,ns
M7vsM8_raw_12m,equal_width,Absolute Mortality,GPPsat,Mid,21,0.26989,33.3,0.826,0.9587,ns
M7vsM8_raw_12m,equal_width,Absolute Mortality,NEPmax,Mid,21,0.08137,47.6,0.3383,0.8053,ns
M7vsM8_raw_12m,equal_width,Absolute Mortality,WUE,Mid,21,-0.03519,61.9,0.1406,0.5625,ns
M7vsM8_raw_12m,equal_width,Absolute Mortality,uWUE,Mid,21,-0.02692,66.7,0.05493,0.3118,ns
M7vsM8_raw_12m,equal_width,Absolute Mortality,ETmax,Low,41,0.00067,46.3,0.627,0.8437,ns
M7vsM8_raw_12m,equal_width,Absolute Mortality,GPPsat,Low,41,0.26754,29.3,0.9959,0.9967,ns
M7vsM8_raw_12m,equal_width,Absolute Mortality,NEPmax,Low,41,-0.02645,51.2,0.6749,0.8437,ns
M7vsM8_raw_12m,equal_width,Absolute Mortality,WUE,Low,41,-0.03487,65.9,0.05126,0.3118,ns
M7vsM8_raw_12m,equal_width,Absolute Mortality,uWUE,Low,41,-0.00583,53.7,0.5155,0.8437,ns
M7vsM8_raw_12m,equal_width,Absolute Mortality,ETmax,High,3,0.00531,33.3,,,""
M7vsM8_raw_12m,equal_width,Absolute Mortality,GPPsat,High,3,0.64531,33.3,,,""
M7vsM8_raw_12m,equal_width,Absolute Mortality,NEPmax,High,3,0.332,33.3,,,""
M7vsM8_raw_12m,equal_width,Absolute Mortality,WUE,High,3,-0.15863,100,,,""
M7vsM8_raw_12m,equal_width,Absolute Mortality,uWUE,High,3,-0.11805,100,,,""
M7vsM8_raw_12m,equal_width,Relative Mortality,ETmax,Mid,26,9e-05,50,0.5304,0.8437,ns
M7vsM8_raw_12m,equal_width,Relative Mortality,GPPsat,Mid,26,0.18447,34.6,0.8452,0.9587,ns
M7vsM8_raw_12m,equal_width,Relative Mortality,NEPmax,Mid,26,0.09279,42.3,0.6197,0.8437,ns
M7vsM8_raw_12m,equal_width,Relative Mortality,WUE,Mid,26,-0.02777,61.5,0.3422,0.8053,ns
M7vsM8_raw_12m,equal_width,Relative Mortality,uWUE,Mid,26,-0.02624,61.5,0.07036,0.3127,ns
M7vsM8_raw_12m,equal_width,Relative Mortality,ETmax,Low,32,0.00046,46.9,0.6423,0.8437,ns
M7vsM8_raw_12m,equal_width,Relative Mortality,GPPsat,Low,32,0.28857,28.1,0.9967,0.9967,ns
M7vsM8_raw_12m,equal_width,Relative Mortality,NEPmax,Low,32,-0.08037,56.2,0.4149,0.8437,ns
M7vsM8_raw_12m,equal_width,Relative Mortality,WUE,Low,32,-0.03494,65.6,0.04354,0.3118,ns
M7vsM8_raw_12m,equal_width,Relative Mortality,uWUE,Low,32,-0.00355,53.1,0.6562,0.8437,ns
M7vsM8_raw_12m,equal_width,Relative Mortality,ETmax,High,7,-0.00336,57.1,0.2234,0.6384,ns
M7vsM8_raw_12m,equal_width,Relative Mortality,GPPsat,High,7,0.64081,28.6,0.7766,0.9413,ns
M7vsM8_raw_12m,equal_width,Relative Mortality,NEPmax,High,7,0.332,42.9,0.5337,0.8437,ns
M7vsM8_raw_12m,equal_width,Relative Mortality,WUE,High,7,-0.12582,85.7,0.01731,0.3118,ns
M7vsM8_raw_12m,equal_width,Relative Mortality,uWUE,High,7,-0.07823,85.7,0.05416,0.3118,ns
M7vsM8_raw_12m,equal_width,Relative Disturbance,ETmax,Mid,27,-0.00014,51.9,0.3912,0.8437,ns
M7vsM8_raw_12m,equal_width,Relative Disturbance,GPPsat,Mid,27,0.23727,29.6,0.9749,0.9967,ns
M7vsM8_raw_12m,equal_width,Relative Disturbance,NEPmax,Mid,27,0.22481,40.7,0.8628,0.9587,ns
M7vsM8_raw_12m,equal_width,Relative Disturbance,WUE,Mid,27,-0.02237,59.3,0.2862,0.7631,ns
M7vsM8_raw_12m,equal_width,Relative Disturbance,uWUE,Mid,27,-0.03132,59.3,0.1653,0.5721,ns
M7vsM8_raw_12m,equal_width,Relative Disturbance,ETmax,High,9,0.00153,33.3,0.5936,0.8437,ns
M7vsM8_raw_12m,equal_width,Relative Disturbance,GPPsat,High,9,0.3695,44.4,0.5,0.8437,ns
M7vsM8_raw_12m,equal_width,Relative Disturbance,NEPmax,High,9,-0.80716,55.6,0.1716,0.5721,ns
M7vsM8_raw_12m,equal_width,Relative Disturbance,WUE,High,9,-0.09919,88.9,0.006426,0.257,ns
M7vsM8_raw_12m,equal_width,Relative Disturbance,uWUE,High,9,-0.04023,77.8,0.03778,0.3118,ns
M7vsM8_raw_12m,equal_width,Relative Disturbance,ETmax,Low,29,-0.00016,51.7,0.5602,0.8437,ns
M7vsM8_raw_12m,equal_width,Relative Disturbance,GPPsat,Low,29,0.27431,27.6,0.9946,0.9967,ns
M7vsM8_raw_12m,equal_width,Relative Disturbance,NEPmax,Low,29,-0.06104,55.2,0.457,0.8437,ns
M7vsM8_raw_12m,equal_width,Relative Disturbance,WUE,Low,29,-0.03487,65.5,0.06236,0.3118,ns
M7vsM8_raw_12m,equal_width,Relative Disturbance,uWUE,Low,29,-0.00583,55.2,0.5516,0.8437,ns
M7vsM8_raw_12m,natural_breaks,Absolute Mortality,ETmax,High,14,-0.00019,57.1,0.3532,0.8638,ns
M7vsM8_raw_12m,natural_breaks,Absolute Mortality,GPPsat,High,14,0.36716,28.6,0.7928,0.991,ns
M7vsM8_raw_12m,natural_breaks,Absolute Mortality,NEPmax,High,14,0.2181,42.9,0.6698,0.9536,ns
M7vsM8_raw_12m,natural_breaks,Absolute Mortality,WUE,High,14,-0.03975,64.3,0.05828,0.2384,ns
M7vsM8_raw_12m,natural_breaks,Absolute Mortality,uWUE,High,14,-0.04317,78.6,0.0101,0.1136,ns
M7vsM8_raw_12m,natural_breaks,Absolute Mortality,ETmax,Mid,32,0.00028,46.9,0.4442,0.9536,ns
M7vsM8_raw_12m,natural_breaks,Absolute Mortality,GPPsat,Mid,32,0.14501,37.5,0.9385,0.9945,ns
M7vsM8_raw_12m,natural_breaks,Absolute Mortality,NEPmax,Mid,32,0.26504,34.4,0.8459,0.9945,ns
M7vsM8_raw_12m,natural_breaks,Absolute Mortality,WUE,Mid,32,-0.02412,62.5,0.2779,0.8384,ns
M7vsM8_raw_12m,natural_breaks,Absolute Mortality,uWUE,Mid,32,-0.02135,56.2,0.3647,0.8638,ns
M7vsM8_raw_12m,natural_breaks,Absolute Mortality,ETmax,Low,19,0.00067,47.4,0.6338,0.9536,ns
M7vsM8_raw_12m,natural_breaks,Absolute Mortality,GPPsat,Low,19,0.30283,21.1,0.9897,0.9945,ns
M7vsM8_raw_12m,natural_breaks,Absolute Mortality,NEPmax,Low,19,-0.33993,78.9,0.02319,0.1491,ns
M7vsM8_raw_12m,natural_breaks,Absolute Mortality,WUE,Low,19,-0.03988,73.7,0.009282,0.1136,ns
M7vsM8_raw_12m,natural_breaks,Absolute Mortality,uWUE,Low,19,-0.00127,52.6,0.6186,0.9536,ns
M7vsM8_raw_12m,natural_breaks,Relative Mortality,ETmax,High,23,-0.00024,56.5,0.2469,0.8384,ns
M7vsM8_raw_12m,natural_breaks,Relative Mortality,GPPsat,High,23,0.20421,39.1,0.6813,0.9536,ns
M7vsM8_raw_12m,natural_breaks,Relative Mortality,NEPmax,High,23,0.10421,43.5,0.5303,0.9536,ns
M7vsM8_raw_12m,natural_breaks,Relative Mortality,WUE,High,23,-0.04754,69.6,0.03071,0.1727,ns
M7vsM8_raw_12m,natural_breaks,Relative Mortality,uWUE,High,23,-0.0461,78.3,0.007175,0.1136,ns
M7vsM8_raw_12m,natural_breaks,Relative Mortality,ETmax,Mid,18,-6e-05,50,0.3316,0.8638,ns
M7vsM8_raw_12m,natural_breaks,Relative Mortality,GPPsat,Mid,18,0.36705,22.2,0.9907,0.9945,ns
M7vsM8_raw_12m,natural_breaks,Relative Mortality,NEPmax,Mid,18,0.37359,33.3,0.9553,0.9945,ns
M7vsM8_raw_12m,natural_breaks,Relative Mortality,WUE,Mid,18,-0.02424,61.1,0.4653,0.9536,ns
M7vsM8_raw_12m,natural_breaks,Relative Mortality,uWUE,Mid,18,0.00511,44.4,0.6198,0.9536,ns
M7vsM8_raw_12m,natural_breaks,Relative Mortality,ETmax,Low,24,0.00081,41.7,0.784,0.991,ns
M7vsM8_raw_12m,natural_breaks,Relative Mortality,GPPsat,Low,24,0.27093,29.2,0.9938,0.9945,ns
M7vsM8_raw_12m,natural_breaks,Relative Mortality,NEPmax,Low,24,-0.24971,66.7,0.05323,0.2384,ns
M7vsM8_raw_12m,natural_breaks,Relative Mortality,WUE,Low,24,-0.03494,66.7,0.02053,0.1491,ns
M7vsM8_raw_12m,natural_breaks,Relative Mortality,uWUE,Low,24,-0.00355,54.2,0.5959,0.9536,ns
M7vsM8_raw_12m,natural_breaks,Relative Disturbance,ETmax,High,22,-0.00075,54.5,0.2795,0.8384,ns
M7vsM8_raw_12m,natural_breaks,Relative Disturbance,GPPsat,High,22,0.22074,36.4,0.7205,0.9536,ns
M7vsM8_raw_12m,natural_breaks,Relative Disturbance,NEPmax,High,22,0.16451,45.5,0.5129,0.9536,ns
M7vsM8_raw_12m,natural_breaks,Relative Disturbance,WUE,High,22,-0.05337,72.7,0.01742,0.1491,ns
M7vsM8_raw_12m,natural_breaks,Relative Disturbance,uWUE,High,22,-0.05397,77.3,0.009706,0.1136,ns
M7vsM8_raw_12m,natural_breaks,Relative Disturbance,ETmax,Mid,20,0.00085,45,0.5813,0.9536,ns
M7vsM8_raw_12m,natural_breaks,Relative Disturbance,GPPsat,Mid,20,0.28636,30,0.9703,0.9945,ns
M7vsM8_raw_12m,natural_breaks,Relative Disturbance,NEPmax,Mid,20,0.30092,35,0.9393,0.9945,ns
M7vsM8_raw_12m,natural_breaks,Relative Disturbance,WUE,Mid,20,-0.02424,60,0.3614,0.8638,ns
M7vsM8_raw_12m,natural_breaks,Relative Disturbance,uWUE,Mid,20,-0.0136,50,0.5223,0.9536,ns
M7vsM8_raw_12m,natural_breaks,Relative Disturbance,ETmax,Low,23,0.00024,47.8,0.6593,0.9536,ns
M7vsM8_raw_12m,natural_breaks,Relative Disturbance,GPPsat,Low,23,0.27431,26.1,0.9945,0.9945,ns
M7vsM8_raw_12m,natural_breaks,Relative Disturbance,NEPmax,Low,23,-0.27635,65.2,0.0832,0.312,ns
M7vsM8_raw_12m,natural_breaks,Relative Disturbance,WUE,Low,23,-0.03487,65.2,0.05185,0.2384,ns
M7vsM8_raw_12m,natural_breaks,Relative Disturbance,uWUE,Low,23,-0.00127,52.2,0.7027,0.9536,ns
M7vsM8_raw_24m,tertiles,Absolute Mortality,ETmax,High,22,0.00057,40.9,0.4741,0.6818,ns
M7vsM8_raw_24m,tertiles,Absolute Mortality,GPPsat,High,22,0.08162,36.4,0.5,0.6818,ns
M7vsM8_raw_24m,tertiles,Absolute Mortality,NEPmax,High,22,-0.2129,59.1,0.3605,0.6276,ns
M7vsM8_raw_24m,tertiles,Absolute Mortality,WUE,High,22,0.00309,45.5,0.5517,0.7093,ns
M7vsM8_raw_24m,tertiles,Absolute Mortality,uWUE,High,22,-0.0071,59.1,0.2687,0.6276,ns
M7vsM8_raw_24m,tertiles,Absolute Mortality,ETmax,Mid,21,-0.00137,71.4,0.1119,0.6276,ns
M7vsM8_raw_24m,tertiles,Absolute Mortality,GPPsat,Mid,21,0.04813,47.6,0.788,0.816,ns
M7vsM8_raw_24m,tertiles,Absolute Mortality,NEPmax,Mid,21,-0.10708,57.1,0.2327,0.6276,ns
M7vsM8_raw_24m,tertiles,Absolute Mortality,WUE,Mid,21,0.00156,42.9,0.6489,0.7151,ns
M7vsM8_raw_24m,tertiles,Absolute Mortality,uWUE,Mid,21,0.00028,47.6,0.431,0.6688,ns
M7vsM8_raw_24m,tertiles,Absolute Mortality,ETmax,Low,22,1e-04,45.5,0.6516,0.7151,ns
M7vsM8_raw_24m,tertiles,Absolute Mortality,GPPsat,Low,22,0.05583,50,0.6516,0.7151,ns
M7vsM8_raw_24m,tertiles,Absolute Mortality,NEPmax,Low,22,-0.33561,86.4,0.002894,0.05285,ns
M7vsM8_raw_24m,tertiles,Absolute Mortality,WUE,Low,22,-0.0219,77.3,0.009706,0.1037,ns
M7vsM8_raw_24m,tertiles,Absolute Mortality,uWUE,Low,22,-0.02206,63.6,0.1571,0.6276,ns
M7vsM8_raw_24m,tertiles,Relative Mortality,ETmax,High,22,0.00021,45.5,0.3484,0.6276,ns
M7vsM8_raw_24m,tertiles,Relative Mortality,GPPsat,High,22,0.07594,40.9,0.3727,0.6276,ns
M7vsM8_raw_24m,tertiles,Relative Mortality,NEPmax,High,22,-0.13205,54.5,0.1817,0.6276,ns
M7vsM8_raw_24m,tertiles,Relative Mortality,WUE,High,22,0.01273,45.5,0.6753,0.7235,ns
M7vsM8_raw_24m,tertiles,Relative Mortality,uWUE,High,22,-0.00458,54.5,0.2581,0.6276,ns
M7vsM8_raw_24m,tertiles,Relative Mortality,ETmax,Mid,21,-0.00099,61.9,0.2222,0.6276,ns
M7vsM8_raw_24m,tertiles,Relative Mortality,GPPsat,Mid,21,0.2206,47.6,0.8433,0.8433,ns
M7vsM8_raw_24m,tertiles,Relative Mortality,NEPmax,Mid,21,-0.24272,61.9,0.3257,0.6276,ns
M7vsM8_raw_24m,tertiles,Relative Mortality,WUE,Mid,21,0.00156,47.6,0.3905,0.6276,ns
M7vsM8_raw_24m,tertiles,Relative Mortality,uWUE,Mid,21,-0.00696,52.4,0.2773,0.6276,ns
M7vsM8_raw_24m,tertiles,Relative Mortality,ETmax,Low,22,0,50,0.5899,0.7134,ns
M7vsM8_raw_24m,tertiles,Relative Mortality,GPPsat,Low,22,0.09212,45.5,0.6025,0.7134,ns
M7vsM8_raw_24m,tertiles,Relative Mortality,NEPmax,Low,22,-0.33561,86.4,0.001567,0.05285,ns
M7vsM8_raw_24m,tertiles,Relative Mortality,WUE,Low,22,-0.01602,72.7,0.01153,0.1037,ns
M7vsM8_raw_24m,tertiles,Relative Mortality,uWUE,Low,22,-0.01502,63.6,0.3131,0.6276,ns
M7vsM8_raw_24m,tertiles,Relative Disturbance,ETmax,High,22,0.00021,45.5,0.3727,0.6276,ns
M7vsM8_raw_24m,tertiles,Relative Disturbance,GPPsat,High,22,0.08162,36.4,0.5388,0.7093,ns
M7vsM8_raw_24m,tertiles,Relative Disturbance,NEPmax,High,22,-0.00782,50,0.2795,0.6276,ns
M7vsM8_raw_24m,tertiles,Relative Disturbance,WUE,High,22,0.00643,45.5,0.5772,0.7134,ns
M7vsM8_raw_24m,tertiles,Relative Disturbance,uWUE,High,22,-0.01304,59.1,0.1494,0.6276,ns
M7vsM8_raw_24m,tertiles,Relative Disturbance,ETmax,Mid,21,-2e-05,52.4,0.5,0.6818,ns
M7vsM8_raw_24m,tertiles,Relative Disturbance,GPPsat,Mid,21,0.04813,47.6,0.7979,0.816,ns
M7vsM8_raw_24m,tertiles,Relative Disturbance,NEPmax,Mid,21,-0.24272,66.7,0.1652,0.6276,ns
M7vsM8_raw_24m,tertiles,Relative Disturbance,WUE,Mid,21,-0.01735,57.1,0.1652,0.6276,ns
M7vsM8_raw_24m,tertiles,Relative Disturbance,uWUE,Mid,21,-0.00065,52.4,0.3905,0.6276,ns
M7vsM8_raw_24m,tertiles,Relative Disturbance,ETmax,Low,22,-0.00093,59.1,0.2085,0.6276,ns
M7vsM8_raw_24m,tertiles,Relative Disturbance,GPPsat,Low,22,0.05583,50,0.5,0.6818,ns
M7vsM8_raw_24m,tertiles,Relative Disturbance,NEPmax,Low,22,-0.33561,86.4,0.003523,0.05285,ns
M7vsM8_raw_24m,tertiles,Relative Disturbance,WUE,Low,22,-0.01357,63.6,0.1732,0.6276,ns
M7vsM8_raw_24m,tertiles,Relative Disturbance,uWUE,Low,22,-0.01841,59.1,0.2905,0.6276,ns
M7vsM8_raw_24m,equal_width,Absolute Mortality,ETmax,Mid,21,0.00012,47.6,0.2773,0.5574,ns
M7vsM8_raw_24m,equal_width,Absolute Mortality,GPPsat,Mid,21,0.0738,42.9,0.3011,0.5574,ns
M7vsM8_raw_24m,equal_width,Absolute Mortality,NEPmax,Mid,21,-0.1941,57.1,0.2891,0.5574,ns
M7vsM8_raw_24m,equal_width,Absolute Mortality,WUE,Mid,21,0.00898,38.1,0.867,0.9037,ns
M7vsM8_raw_24m,equal_width,Absolute Mortality,uWUE,Mid,21,-0.0019,52.4,0.4585,0.6324,ns
M7vsM8_raw_24m,equal_width,Absolute Mortality,ETmax,Low,41,-0.00051,56.1,0.3345,0.5574,ns
M7vsM8_raw_24m,equal_width,Absolute Mortality,GPPsat,Low,41,0.04813,48.8,0.7891,0.9037,ns
M7vsM8_raw_24m,equal_width,Absolute Mortality,NEPmax,Low,41,-0.31302,73.2,0.004776,0.191,ns
M7vsM8_raw_24m,equal_width,Absolute Mortality,WUE,Low,41,-0.0164,63.4,0.03483,0.2786,ns
M7vsM8_raw_24m,equal_width,Absolute Mortality,uWUE,Low,41,-0.01567,58.5,0.1411,0.434,ns
M7vsM8_raw_24m,equal_width,Absolute Mortality,ETmax,High,3,0.00102,33.3,,,""
M7vsM8_raw_24m,equal_width,Absolute Mortality,GPPsat,High,3,0.32421,0,,,""
M7vsM8_raw_24m,equal_width,Absolute Mortality,NEPmax,High,3,-0.2317,66.7,,,""
M7vsM8_raw_24m,equal_width,Absolute Mortality,WUE,High,3,-0.06506,66.7,,,""
M7vsM8_raw_24m,equal_width,Absolute Mortality,uWUE,High,3,-0.06614,66.7,,,""
M7vsM8_raw_24m,equal_width,Relative Mortality,ETmax,Mid,26,-0.00094,53.8,0.1114,0.4293,ns
M7vsM8_raw_24m,equal_width,Relative Mortality,GPPsat,Mid,26,-0.0091,50,0.4394,0.6324,ns
M7vsM8_raw_24m,equal_width,Relative Mortality,NEPmax,Mid,26,-0.25133,57.7,0.07385,0.3693,ns
M7vsM8_raw_24m,equal_width,Relative Mortality,WUE,Mid,26,0.00643,38.5,0.9024,0.9037,ns
M7vsM8_raw_24m,equal_width,Relative Mortality,uWUE,Mid,26,-0.0071,57.7,0.2882,0.5574,ns
M7vsM8_raw_24m,equal_width,Relative Mortality,ETmax,Low,32,-0.00026,56.2,0.4369,0.6324,ns
M7vsM8_raw_24m,equal_width,Relative Mortality,GPPsat,Low,32,0.09212,46.9,0.6833,0.8541,ns
M7vsM8_raw_24m,equal_width,Relative Mortality,NEPmax,Low,32,-0.30046,78.1,0.01099,0.2199,ns
M7vsM8_raw_24m,equal_width,Relative Mortality,WUE,Low,32,-0.02117,68.8,0.0203,0.2582,ns
M7vsM8_raw_24m,equal_width,Relative Mortality,uWUE,Low,32,-0.00859,56.2,0.3234,0.5574,ns
M7vsM8_raw_24m,equal_width,Relative Mortality,ETmax,High,7,0.00102,28.6,0.8237,0.9037,ns
M7vsM8_raw_24m,equal_width,Relative Mortality,GPPsat,High,7,0.30159,14.3,0.8976,0.9037,ns
M7vsM8_raw_24m,equal_width,Relative Mortality,NEPmax,High,7,-0.07001,57.1,0.5337,0.6886,ns
M7vsM8_raw_24m,equal_width,Relative Mortality,WUE,High,7,-0.06506,57.1,0.1359,0.434,ns
M7vsM8_raw_24m,equal_width,Relative Mortality,uWUE,High,7,-0.06614,57.1,0.1763,0.4701,ns
M7vsM8_raw_24m,equal_width,Relative Disturbance,ETmax,Mid,27,-0.00127,55.6,0.08357,0.3714,ns
M7vsM8_raw_24m,equal_width,Relative Disturbance,GPPsat,Mid,27,0.24371,40.7,0.8828,0.9037,ns
M7vsM8_raw_24m,equal_width,Relative Disturbance,NEPmax,Mid,27,-0.24272,63,0.05779,0.3693,ns
M7vsM8_raw_24m,equal_width,Relative Disturbance,WUE,Mid,27,0.00388,40.7,0.7532,0.9037,ns
M7vsM8_raw_24m,equal_width,Relative Disturbance,uWUE,Mid,27,-0.00696,55.6,0.2175,0.5436,ns
M7vsM8_raw_24m,equal_width,Relative Disturbance,ETmax,High,9,0.00181,22.2,0.9037,0.9037,ns
M7vsM8_raw_24m,equal_width,Relative Disturbance,GPPsat,High,9,0.07807,44.4,0.2768,0.5574,ns
M7vsM8_raw_24m,equal_width,Relative Disturbance,NEPmax,High,9,-0.2317,55.6,0.3178,0.5574,ns
M7vsM8_raw_24m,equal_width,Relative Disturbance,WUE,High,9,-0.05149,66.7,0.1181,0.4293,ns
M7vsM8_raw_24m,equal_width,Relative Disturbance,uWUE,High,9,-0.06614,66.7,0.1716,0.4701,ns
M7vsM8_raw_24m,equal_width,Relative Disturbance,ETmax,Low,29,-0.00051,58.6,0.3976,0.6324,ns
M7vsM8_raw_24m,equal_width,Relative Disturbance,GPPsat,Low,29,0.04813,48.3,0.5086,0.6782,ns
M7vsM8_raw_24m,equal_width,Relative Disturbance,NEPmax,Low,29,-0.28791,75.9,0.02582,0.2582,ns
M7vsM8_raw_24m,equal_width,Relative Disturbance,WUE,Low,29,-0.01564,65.5,0.06785,0.3693,ns
M7vsM8_raw_24m,equal_width,Relative Disturbance,uWUE,Low,29,-0.01438,55.2,0.4484,0.6324,ns
M7vsM8_raw_24m,natural_breaks,Absolute Mortality,ETmax,High,14,0.00094,35.7,0.6698,0.7177,ns
M7vsM8_raw_24m,natural_breaks,Absolute Mortality,GPPsat,High,14,0.08162,35.7,0.525,0.7034,ns
M7vsM8_raw_24m,natural_breaks,Absolute Mortality,NEPmax,High,14,-0.13205,57.1,0.3768,0.6141,ns
M7vsM8_raw_24m,natural_breaks,Absolute Mortality,WUE,High,14,-0.01381,57.1,0.3532,0.6141,ns
M7vsM8_raw_24m,natural_breaks,Absolute Mortality,uWUE,High,14,-0.01037,57.1,0.2651,0.6141,ns
M7vsM8_raw_24m,natural_breaks,Absolute Mortality,ETmax,Mid,32,-0.00132,62.5,0.05494,0.412,ns
M7vsM8_raw_24m,natural_breaks,Absolute Mortality,GPPsat,Mid,32,-0.01618,50,0.4369,0.6553,ns
M7vsM8_raw_24m,natural_breaks,Absolute Mortality,NEPmax,Mid,32,-0.18021,59.4,0.1678,0.6112,ns
M7vsM8_raw_24m,natural_breaks,Absolute Mortality,WUE,Mid,32,0.00309,40.6,0.6283,0.7074,ns
M7vsM8_raw_24m,natural_breaks,Absolute Mortality,uWUE,Mid,32,-0.0071,56.2,0.2416,0.6141,ns
M7vsM8_raw_24m,natural_breaks,Absolute Mortality,ETmax,Low,19,0,47.4,0.6637,0.7177,ns
M7vsM8_raw_24m,natural_breaks,Absolute Mortality,GPPsat,Low,19,0.14397,42.1,0.8824,0.8967,ns
M7vsM8_raw_24m,natural_breaks,Absolute Mortality,NEPmax,Low,19,-0.33562,89.5,0.001764,0.03969,*
M7vsM8_raw_24m,natural_breaks,Absolute Mortality,WUE,Low,19,-0.0164,78.9,0.02548,0.2867,ns
M7vsM8_raw_24m,natural_breaks,Absolute Mortality,uWUE,Low,19,-0.01438,57.9,0.3218,0.6141,ns
M7vsM8_raw_24m,natural_breaks,Relative Mortality,ETmax,High,23,3e-04,43.5,0.3747,0.6141,ns
M7vsM8_raw_24m,natural_breaks,Relative Mortality,GPPsat,High,23,0.0738,43.5,0.2868,0.6141,ns
M7vsM8_raw_24m,natural_breaks,Relative Mortality,NEPmax,High,23,-0.1941,56.5,0.1208,0.6112,ns
M7vsM8_raw_24m,natural_breaks,Relative Mortality,WUE,High,23,0.00388,47.8,0.5784,0.7034,ns
M7vsM8_raw_24m,natural_breaks,Relative Mortality,uWUE,High,23,-0.00725,56.5,0.169,0.6112,ns
M7vsM8_raw_24m,natural_breaks,Relative Mortality,ETmax,Mid,18,-8e-04,61.1,0.3475,0.6141,ns
M7vsM8_raw_24m,natural_breaks,Relative Mortality,GPPsat,Mid,18,0.23216,44.4,0.8967,0.8967,ns
M7vsM8_raw_24m,natural_breaks,Relative Mortality,NEPmax,Mid,18,-0.1749,61.1,0.5,0.7031,ns
M7vsM8_raw_24m,natural_breaks,Relative Mortality,WUE,Mid,18,-0.00789,50,0.3802,0.6141,ns
M7vsM8_raw_24m,natural_breaks,Relative Mortality,uWUE,Mid,18,-0.00334,50,0.4653,0.6754,ns
M7vsM8_raw_24m,natural_breaks,Relative Mortality,ETmax,Low,24,-0.00026,54.2,0.3821,0.6141,ns
M7vsM8_raw_24m,natural_breaks,Relative Mortality,GPPsat,Low,24,0.09212,45.8,0.6288,0.7074,ns
M7vsM8_raw_24m,natural_breaks,Relative Mortality,NEPmax,Low,24,-0.33561,83.3,0.001703,0.03969,*
M7vsM8_raw_24m,natural_breaks,Relative Mortality,WUE,Low,24,-0.01432,66.7,0.04457,0.4011,ns
M7vsM8_raw_24m,natural_breaks,Relative Mortality,uWUE,Low,24,-0.01502,62.5,0.2331,0.6141,ns
M7vsM8_raw_24m,natural_breaks,Relative Disturbance,ETmax,High,22,0.00021,45.5,0.3727,0.6141,ns
M7vsM8_raw_24m,natural_breaks,Relative Disturbance,GPPsat,High,22,0.08162,36.4,0.5388,0.7034,ns
M7vsM8_raw_24m,natural_breaks,Relative Disturbance,NEPmax,High,22,-0.00782,50,0.2795,0.6141,ns
M7vsM8_raw_24m,natural_breaks,Relative Disturbance,WUE,High,22,0.00643,45.5,0.5772,0.7034,ns
M7vsM8_raw_24m,natural_breaks,Relative Disturbance,uWUE,High,22,-0.01304,59.1,0.1494,0.6112,ns
M7vsM8_raw_24m,natural_breaks,Relative Disturbance,ETmax,Mid,20,0.00029,50,0.5667,0.7034,ns
M7vsM8_raw_24m,natural_breaks,Relative Disturbance,GPPsat,Mid,20,-0.01618,50,0.6929,0.7251,ns
M7vsM8_raw_24m,natural_breaks,Relative Disturbance,NEPmax,Mid,20,-0.25133,70,0.09888,0.6112,ns
M7vsM8_raw_24m,natural_breaks,Relative Disturbance,WUE,Mid,20,-0.02164,55,0.1902,0.6112,ns
M7vsM8_raw_24m,natural_breaks,Relative Disturbance,uWUE,Mid,20,-0.00173,55,0.3071,0.6141,ns
M7vsM8_raw_24m,natural_breaks,Relative Disturbance,ETmax,Low,23,-0.00136,60.9,0.1768,0.6112,ns
M7vsM8_raw_24m,natural_breaks,Relative Disturbance,GPPsat,Low,23,0.13612,47.8,0.602,0.7074,ns
M7vsM8_raw_24m,natural_breaks,Relative Disturbance,NEPmax,Low,23,-0.3356,82.6,0.009989,0.1498,ns
M7vsM8_raw_24m,natural_breaks,Relative Disturbance,WUE,Low,23,-0.01299,65.2,0.1541,0.6112,ns
M7vsM8_raw_24m,natural_breaks,Relative Disturbance,uWUE,Low,23,-0.01567,56.5,0.398,0.6176,ns
M7vsM8_anom_12m,tertiles,Absolute Mortality,ETmax,High,22,0.00221,36.4,0.7523,0.8681,ns
M7vsM8_anom_12m,tertiles,Absolute Mortality,GPPsat,High,22,-0.13376,54.5,0.3851,0.688,ns
M7vsM8_anom_12m,tertiles,Absolute Mortality,NEPmax,High,22,-0.35959,63.6,0.09158,0.5887,ns
M7vsM8_anom_12m,tertiles,Absolute Mortality,WUE,High,22,0.04245,45.5,0.7523,0.8681,ns
M7vsM8_anom_12m,tertiles,Absolute Mortality,uWUE,High,22,-0.01688,54.5,0.2085,0.625,ns
M7vsM8_anom_12m,tertiles,Absolute Mortality,ETmax,Mid,21,0.00048,47.6,0.6989,0.8681,ns
M7vsM8_anom_12m,tertiles,Absolute Mortality,GPPsat,Mid,21,-0.18103,57.1,0.3511,0.688,ns
M7vsM8_anom_12m,tertiles,Absolute Mortality,NEPmax,Mid,21,-0.16957,66.7,0.2222,0.625,ns
M7vsM8_anom_12m,tertiles,Absolute Mortality,WUE,Mid,21,-0.06162,61.9,0.03814,0.5722,ns
M7vsM8_anom_12m,tertiles,Absolute Mortality,uWUE,Mid,21,-0.03049,57.1,0.3772,0.688,ns
M7vsM8_anom_12m,tertiles,Absolute Mortality,ETmax,Low,22,0.00191,36.4,0.9323,0.9757,ns
M7vsM8_anom_12m,tertiles,Absolute Mortality,GPPsat,Low,22,-0.07756,54.5,0.3851,0.688,ns
M7vsM8_anom_12m,tertiles,Absolute Mortality,NEPmax,Low,22,-0.17745,59.1,0.08635,0.5887,ns
M7vsM8_anom_12m,tertiles,Absolute Mortality,WUE,Low,22,-0.01357,54.5,0.1732,0.625,ns
M7vsM8_anom_12m,tertiles,Absolute Mortality,uWUE,Low,22,0.02223,45.5,0.8183,0.8982,ns
M7vsM8_anom_12m,tertiles,Relative Mortality,ETmax,High,22,0.00109,45.5,0.5645,0.7871,ns
M7vsM8_anom_12m,tertiles,Relative Mortality,GPPsat,High,22,-0.14892,59.1,0.3365,0.688,ns
M7vsM8_anom_12m,tertiles,Relative Mortality,NEPmax,High,22,-0.30627,59.1,0.2085,0.625,ns
M7vsM8_anom_12m,tertiles,Relative Mortality,WUE,High,22,0.00241,50,0.7205,0.8681,ns
M7vsM8_anom_12m,tertiles,Relative Mortality,uWUE,High,22,-0.01688,54.5,0.2375,0.6288,ns
M7vsM8_anom_12m,tertiles,Relative Mortality,ETmax,Mid,21,0.0028,33.3,0.9697,0.9844,ns
M7vsM8_anom_12m,tertiles,Relative Mortality,GPPsat,Mid,21,-0.14468,52.4,0.3511,0.688,ns
M7vsM8_anom_12m,tertiles,Relative Mortality,NEPmax,Mid,21,-0.16957,61.9,0.212,0.625,ns
M7vsM8_anom_12m,tertiles,Relative Mortality,WUE,Mid,21,-0.0859,71.4,0.005585,0.2513,ns
M7vsM8_anom_12m,tertiles,Relative Mortality,uWUE,Mid,21,-0.01737,57.1,0.3511,0.688,ns
M7vsM8_anom_12m,tertiles,Relative Mortality,ETmax,Low,22,0.00191,40.9,0.8652,0.927,ns
M7vsM8_anom_12m,tertiles,Relative Mortality,GPPsat,Low,22,-0.07756,54.5,0.4483,0.6957,ns
M7vsM8_anom_12m,tertiles,Relative Mortality,NEPmax,Low,22,-0.34116,68.2,0.02383,0.5362,ns
M7vsM8_anom_12m,tertiles,Relative Mortality,WUE,Low,22,0.00903,40.9,0.5772,0.7871,ns
M7vsM8_anom_12m,tertiles,Relative Mortality,uWUE,Low,22,0.02223,45.5,0.8007,0.8982,ns
M7vsM8_anom_12m,tertiles,Relative Disturbance,ETmax,High,22,0.00202,45.5,0.5645,0.7871,ns
M7vsM8_anom_12m,tertiles,Relative Disturbance,GPPsat,High,22,-0.18494,63.6,0.2179,0.625,ns
M7vsM8_anom_12m,tertiles,Relative Disturbance,NEPmax,High,22,-0.34248,63.6,0.1817,0.625,ns
M7vsM8_anom_12m,tertiles,Relative Disturbance,WUE,High,22,-0.00669,54.5,0.4483,0.6957,ns
M7vsM8_anom_12m,tertiles,Relative Disturbance,uWUE,High,22,-0.01688,54.5,0.2179,0.625,ns
M7vsM8_anom_12m,tertiles,Relative Disturbance,ETmax,Mid,21,0.0035,23.8,0.9844,0.9844,ns
M7vsM8_anom_12m,tertiles,Relative Disturbance,GPPsat,Mid,21,0.05721,47.6,0.5415,0.7871,ns
M7vsM8_anom_12m,tertiles,Relative Disturbance,NEPmax,Mid,21,-0.16957,66.7,0.1406,0.625,ns
M7vsM8_anom_12m,tertiles,Relative Disturbance,WUE,Mid,21,-0.06162,61.9,0.05117,0.5757,ns
M7vsM8_anom_12m,tertiles,Relative Disturbance,uWUE,Mid,21,-0.00801,52.4,0.3511,0.688,ns
M7vsM8_anom_12m,tertiles,Relative Disturbance,ETmax,Low,22,6e-04,50,0.7313,0.8681,ns
M7vsM8_anom_12m,tertiles,Relative Disturbance,GPPsat,Low,22,-0.07756,54.5,0.3975,0.688,ns
M7vsM8_anom_12m,tertiles,Relative Disturbance,NEPmax,Low,22,-0.17745,59.1,0.06766,0.5887,ns
M7vsM8_anom_12m,tertiles,Relative Disturbance,WUE,Low,22,0.00283,45.5,0.4483,0.6957,ns
M7vsM8_anom_12m,tertiles,Relative Disturbance,uWUE,Low,22,0.02033,50,0.7523,0.8681,ns
M7vsM8_anom_12m,equal_width,Absolute Mortality,ETmax,Mid,21,0.00036,47.6,0.2891,0.6222,ns
M7vsM8_anom_12m,equal_width,Absolute Mortality,GPPsat,Mid,21,-0.175,61.9,0.1924,0.6013,ns
M7vsM8_anom_12m,equal_width,Absolute Mortality,NEPmax,Mid,21,-0.53839,71.4,0.01558,0.2664,ns
M7vsM8_anom_12m,equal_width,Absolute Mortality,WUE,Mid,21,-0.00696,57.1,0.4174,0.6422,ns
M7vsM8_anom_12m,equal_width,Absolute Mortality,uWUE,Mid,21,-0.06366,57.1,0.1485,0.5401,ns
M7vsM8_anom_12m,equal_width,Absolute Mortality,ETmax,Low,41,0.00199,39,0.9431,0.967,ns
M7vsM8_anom_12m,equal_width,Absolute Mortality,GPPsat,Low,41,-0.11986,53.7,0.3345,0.6222,ns
M7vsM8_anom_12m,equal_width,Absolute Mortality,NEPmax,Low,41,-0.16655,61,0.09977,0.5401,ns
M7vsM8_anom_12m,equal_width,Absolute Mortality,WUE,Low,41,-0.01988,56.1,0.03687,0.3687,ns
M7vsM8_anom_12m,equal_width,Absolute Mortality,uWUE,Low,41,0.00272,48.8,0.7539,0.9136,ns
M7vsM8_anom_12m,equal_width,Absolute Mortality,ETmax,High,3,0.01849,0,,,""
M7vsM8_anom_12m,equal_width,Absolute Mortality,GPPsat,High,3,0.72579,33.3,,,""
M7vsM8_anom_12m,equal_width,Absolute Mortality,NEPmax,High,3,0.65115,33.3,,,""
M7vsM8_anom_12m,equal_width,Absolute Mortality,WUE,High,3,0.17831,0,,,""
M7vsM8_anom_12m,equal_width,Absolute Mortality,uWUE,High,3,-0.01431,66.7,,,""
M7vsM8_anom_12m,equal_width,Relative Mortality,ETmax,Mid,26,0.00045,42.3,0.3998,0.6396,ns
M7vsM8_anom_12m,equal_width,Relative Mortality,GPPsat,Mid,26,-0.15984,57.7,0.3422,0.6222,ns
M7vsM8_anom_12m,equal_width,Relative Mortality,NEPmax,Mid,26,-0.51889,73.1,0.009088,0.2664,ns
M7vsM8_anom_12m,equal_width,Relative Mortality,WUE,Mid,26,-0.06574,65.4,0.07385,0.5401,ns
M7vsM8_anom_12m,equal_width,Relative Mortality,uWUE,Mid,26,-0.01841,53.8,0.201,0.6013,ns
M7vsM8_anom_12m,equal_width,Relative Mortality,ETmax,Low,32,0.00191,43.8,0.9124,0.967,ns
M7vsM8_anom_12m,equal_width,Relative Mortality,GPPsat,Low,32,-0.07756,53.1,0.386,0.6396,ns
M7vsM8_anom_12m,equal_width,Relative Mortality,NEPmax,Low,32,-0.16806,59.4,0.1213,0.5401,ns
M7vsM8_anom_12m,equal_width,Relative Mortality,WUE,Low,32,0.00283,46.9,0.297,0.6222,ns
M7vsM8_anom_12m,equal_width,Relative Mortality,uWUE,Low,32,0.00363,46.9,0.8227,0.9402,ns
M7vsM8_anom_12m,equal_width,Relative Mortality,ETmax,High,7,0.01154,14.3,0.962,0.967,ns
M7vsM8_anom_12m,equal_width,Relative Mortality,GPPsat,High,7,-0.12284,57.1,0.4663,0.6662,ns
M7vsM8_anom_12m,equal_width,Relative Mortality,NEPmax,High,7,0.65115,42.9,0.7766,0.9136,ns
M7vsM8_anom_12m,equal_width,Relative Mortality,WUE,High,7,0.01066,42.9,0.7229,0.904,ns
M7vsM8_anom_12m,equal_width,Relative Mortality,uWUE,High,7,-0.06629,71.4,0.1359,0.5401,ns
M7vsM8_anom_12m,equal_width,Relative Disturbance,ETmax,Mid,27,0.00048,40.7,0.6803,0.904,ns
M7vsM8_anom_12m,equal_width,Relative Disturbance,GPPsat,Mid,27,-0.175,59.3,0.3197,0.6222,ns
M7vsM8_anom_12m,equal_width,Relative Disturbance,NEPmax,Mid,27,-0.49939,70.4,0.01998,0.2664,ns
M7vsM8_anom_12m,equal_width,Relative Disturbance,WUE,Mid,27,-0.0524,59.3,0.122,0.5401,ns
M7vsM8_anom_12m,equal_width,Relative Disturbance,uWUE,Mid,27,-0.01946,55.6,0.2105,0.6013,ns
M7vsM8_anom_12m,equal_width,Relative Disturbance,ETmax,High,9,0.00221,44.4,0.7232,0.904,ns
M7vsM8_anom_12m,equal_width,Relative Disturbance,GPPsat,High,9,-0.12284,55.6,0.3611,0.6281,ns
M7vsM8_anom_12m,equal_width,Relative Disturbance,NEPmax,High,9,-0.34276,66.7,0.2768,0.6222,ns
M7vsM8_anom_12m,equal_width,Relative Disturbance,WUE,High,9,-0.00585,55.6,0.5,0.6897,ns
M7vsM8_anom_12m,equal_width,Relative Disturbance,uWUE,High,9,-0.07192,66.7,0.09626,0.5401,ns
M7vsM8_anom_12m,equal_width,Relative Disturbance,ETmax,Low,29,0.00252,37.9,0.967,0.967,ns
M7vsM8_anom_12m,equal_width,Relative Disturbance,GPPsat,Low,29,-0.03525,51.7,0.457,0.6662,ns
M7vsM8_anom_12m,equal_width,Relative Disturbance,NEPmax,Low,29,-0.09962,55.2,0.2377,0.6222,ns
M7vsM8_anom_12m,equal_width,Relative Disturbance,WUE,Low,29,0.00205,48.3,0.2797,0.6222,ns
M7vsM8_anom_12m,equal_width,Relative Disturbance,uWUE,Low,29,0.00453,44.8,0.8785,0.967,ns
M7vsM8_anom_12m,natural_breaks,Absolute Mortality,ETmax,High,14,0.00128,42.9,0.7349,0.9031,ns
M7vsM8_anom_12m,natural_breaks,Absolute Mortality,GPPsat,High,14,0.06252,50,0.45,0.7233,ns
M7vsM8_anom_12m,natural_breaks,Absolute Mortality,NEPmax,High,14,-0.30627,57.1,0.2651,0.6627,ns
M7vsM8_anom_12m,natural_breaks,Absolute Mortality,WUE,High,14,0.08363,35.7,0.8835,0.9466,ns
M7vsM8_anom_12m,natural_breaks,Absolute Mortality,uWUE,High,14,-7e-05,50,0.4009,0.7162,ns
M7vsM8_anom_12m,natural_breaks,Absolute Mortality,ETmax,Mid,32,0.00202,40.6,0.792,0.9093,ns
M7vsM8_anom_12m,natural_breaks,Absolute Mortality,GPPsat,Mid,32,-0.18795,62.5,0.1454,0.6284,ns
M7vsM8_anom_12m,natural_breaks,Absolute Mortality,NEPmax,Mid,32,-0.27571,71.9,0.02885,0.6057,ns
M7vsM8_anom_12m,natural_breaks,Absolute Mortality,WUE,Mid,32,-0.05701,59.4,0.04711,0.6057,ns
M7vsM8_anom_12m,natural_breaks,Absolute Mortality,uWUE,Mid,32,-0.01841,56.2,0.3167,0.7162,ns
M7vsM8_anom_12m,natural_breaks,Absolute Mortality,ETmax,Low,19,0.00199,36.8,0.9344,0.9778,ns
M7vsM8_anom_12m,natural_breaks,Absolute Mortality,GPPsat,Low,19,0.10518,47.4,0.7594,0.9031,ns
M7vsM8_anom_12m,natural_breaks,Absolute Mortality,NEPmax,Low,19,-0.0552,52.6,0.2283,0.6284,ns
M7vsM8_anom_12m,natural_breaks,Absolute Mortality,WUE,Low,19,-0.01988,57.9,0.1176,0.6284,ns
M7vsM8_anom_12m,natural_breaks,Absolute Mortality,uWUE,Low,19,0.00272,47.4,0.7202,0.9031,ns
M7vsM8_anom_12m,natural_breaks,Relative Mortality,ETmax,High,23,0.00042,43.5,0.5784,0.8048,ns
M7vsM8_anom_12m,natural_breaks,Relative Mortality,GPPsat,High,23,-0.175,60.9,0.2374,0.6284,ns
M7vsM8_anom_12m,natural_breaks,Relative Mortality,NEPmax,High,23,-0.34276,60.9,0.1541,0.6284,ns
M7vsM8_anom_12m,natural_breaks,Relative Mortality,WUE,High,23,-0.00585,52.2,0.5902,0.8048,ns
M7vsM8_anom_12m,natural_breaks,Relative Mortality,uWUE,High,23,-0.01737,56.5,0.219,0.6284,ns
M7vsM8_anom_12m,natural_breaks,Relative Mortality,ETmax,Mid,18,0.00351,27.8,0.9694,0.9809,ns
M7vsM8_anom_12m,natural_breaks,Relative Mortality,GPPsat,Mid,18,-0.04374,50,0.4138,0.7162,ns
M7vsM8_anom_12m,natural_breaks,Relative Mortality,NEPmax,Mid,18,-0.18939,66.7,0.148,0.6284,ns
M7vsM8_anom_12m,natural_breaks,Relative Mortality,WUE,Mid,18,-0.07376,66.7,0.02034,0.6057,ns
M7vsM8_anom_12m,natural_breaks,Relative Mortality,uWUE,Mid,18,-0.02271,55.6,0.3802,0.7162,ns
M7vsM8_anom_12m,natural_breaks,Relative Mortality,ETmax,Low,24,0.00161,45.8,0.8448,0.9272,ns
M7vsM8_anom_12m,natural_breaks,Relative Mortality,GPPsat,Low,24,-0.07756,54.2,0.4715,0.7317,ns
M7vsM8_anom_12m,natural_breaks,Relative Mortality,NEPmax,Low,24,-0.17745,62.5,0.06319,0.6057,ns
M7vsM8_anom_12m,natural_breaks,Relative Mortality,WUE,Low,24,0.00283,45.8,0.4041,0.7162,ns
M7vsM8_anom_12m,natural_breaks,Relative Mortality,uWUE,Low,24,0.02223,45.8,0.8082,0.9093,ns
M7vsM8_anom_12m,natural_breaks,Relative Disturbance,ETmax,High,22,0.00202,45.5,0.5645,0.8048,ns
M7vsM8_anom_12m,natural_breaks,Relative Disturbance,GPPsat,High,22,-0.18494,63.6,0.2179,0.6284,ns
M7vsM8_anom_12m,natural_breaks,Relative Disturbance,NEPmax,High,22,-0.34248,63.6,0.1817,0.6284,ns
M7vsM8_anom_12m,natural_breaks,Relative Disturbance,WUE,High,22,-0.00669,54.5,0.4483,0.7233,ns
M7vsM8_anom_12m,natural_breaks,Relative Disturbance,uWUE,High,22,-0.01688,54.5,0.2179,0.6284,ns
M7vsM8_anom_12m,natural_breaks,Relative Disturbance,ETmax,Mid,20,0.00351,25,0.9809,0.9809,ns
M7vsM8_anom_12m,natural_breaks,Relative Disturbance,GPPsat,Mid,20,0.21771,45,0.552,0.8048,ns
M7vsM8_anom_12m,natural_breaks,Relative Disturbance,NEPmax,Mid,20,-0.18939,70,0.08076,0.6057,ns
M7vsM8_anom_12m,natural_breaks,Relative Disturbance,WUE,Mid,20,-0.04075,60,0.07015,0.6057,ns
M7vsM8_anom_12m,natural_breaks,Relative Disturbance,uWUE,Mid,20,-0.01269,55,0.3475,0.7162,ns
M7vsM8_anom_12m,natural_breaks,Relative Disturbance,ETmax,Low,23,0.0014,47.8,0.7626,0.9031,ns
M7vsM8_anom_12m,natural_breaks,Relative Disturbance,GPPsat,Low,23,-0.11986,56.5,0.3747,0.7162,ns
M7vsM8_anom_12m,natural_breaks,Relative Disturbance,NEPmax,Low,23,-0.16655,56.5,0.1148,0.6284,ns
M7vsM8_anom_12m,natural_breaks,Relative Disturbance,WUE,Low,23,0.00205,47.8,0.3633,0.7162,ns
M7vsM8_anom_12m,natural_breaks,Relative Disturbance,uWUE,Low,23,0.00272,47.8,0.7531,0.9031,ns
M7vsM8_anom_24m,tertiles,Absolute Mortality,ETmax,High,22,0.00294,36.4,0.8183,0.9066,ns
M7vsM8_anom_24m,tertiles,Absolute Mortality,GPPsat,High,22,-0.26571,63.6,0.3017,0.7871,ns
M7vsM8_anom_24m,tertiles,Absolute Mortality,NEPmax,High,22,-0.76353,59.1,0.1732,0.7871,ns
M7vsM8_anom_24m,tertiles,Absolute Mortality,WUE,High,22,-0.03477,59.1,0.4871,0.7871,ns
M7vsM8_anom_24m,tertiles,Absolute Mortality,uWUE,High,22,0.05521,36.4,0.9234,0.9234,ns
M7vsM8_anom_24m,tertiles,Absolute Mortality,ETmax,Mid,21,-0.00042,52.4,0.5,0.7871,ns
M7vsM8_anom_24m,tertiles,Absolute Mortality,GPPsat,Mid,21,-0.05709,52.4,0.5139,0.7871,ns
M7vsM8_anom_24m,tertiles,Absolute Mortality,NEPmax,Mid,21,0.21276,38.1,0.7565,0.8959,ns
M7vsM8_anom_24m,tertiles,Absolute Mortality,WUE,Mid,21,-0.05705,61.9,0.09922,0.7871,ns
M7vsM8_anom_24m,tertiles,Absolute Mortality,uWUE,Mid,21,0.02307,33.3,0.7455,0.8959,ns
M7vsM8_anom_24m,tertiles,Absolute Mortality,ETmax,Low,22,0.00063,50,0.5517,0.7871,ns
M7vsM8_anom_24m,tertiles,Absolute Mortality,GPPsat,Low,22,0.11568,40.9,0.5,0.7871,ns
M7vsM8_anom_24m,tertiles,Absolute Mortality,NEPmax,Low,22,-0.364,68.2,0.04569,0.6853,ns
M7vsM8_anom_24m,tertiles,Absolute Mortality,WUE,Low,22,-0.0061,50,0.2179,0.7871,ns
M7vsM8_anom_24m,tertiles,Absolute Mortality,uWUE,Low,22,0.00842,45.5,0.2687,0.7871,ns
M7vsM8_anom_24m,tertiles,Relative Mortality,ETmax,High,22,-1e-04,50,0.5645,0.7871,ns
M7vsM8_anom_24m,tertiles,Relative Mortality,GPPsat,High,22,-0.23689,59.1,0.4871,0.7871,ns
M7vsM8_anom_24m,tertiles,Relative Mortality,NEPmax,High,22,-0.76353,59.1,0.1212,0.7871,ns
M7vsM8_anom_24m,tertiles,Relative Mortality,WUE,High,22,-0.05672,68.2,0.1993,0.7871,ns
M7vsM8_anom_24m,tertiles,Relative Mortality,uWUE,High,22,0.01194,45.5,0.7523,0.8959,ns
M7vsM8_anom_24m,tertiles,Relative Mortality,ETmax,Mid,21,0.00299,28.6,0.9178,0.9234,ns
M7vsM8_anom_24m,tertiles,Relative Mortality,GPPsat,Mid,21,-0.06241,52.4,0.3772,0.7871,ns
M7vsM8_anom_24m,tertiles,Relative Mortality,NEPmax,Mid,21,0.40787,38.1,0.7979,0.9066,ns
M7vsM8_anom_24m,tertiles,Relative Mortality,WUE,Mid,21,-0.05705,52.4,0.2773,0.7871,ns
M7vsM8_anom_24m,tertiles,Relative Mortality,uWUE,Mid,21,0.04911,23.8,0.8946,0.9234,ns
M7vsM8_anom_24m,tertiles,Relative Mortality,ETmax,Low,22,-0.00081,59.1,0.3017,0.7871,ns
M7vsM8_anom_24m,tertiles,Relative Mortality,GPPsat,Low,22,0.05963,45.5,0.5129,0.7871,ns
M7vsM8_anom_24m,tertiles,Relative Mortality,NEPmax,Low,22,-0.364,68.2,0.03453,0.6853,ns
M7vsM8_anom_24m,tertiles,Relative Mortality,WUE,Low,22,-0.00462,50,0.3484,0.7871,ns
M7vsM8_anom_24m,tertiles,Relative Mortality,uWUE,Low,22,0.00842,45.5,0.3131,0.7871,ns
M7vsM8_anom_24m,tertiles,Relative Disturbance,ETmax,High,22,-1e-04,50,0.5772,0.7871,ns
M7vsM8_anom_24m,tertiles,Relative Disturbance,GPPsat,High,22,-0.24,63.6,0.3851,0.7871,ns
M7vsM8_anom_24m,tertiles,Relative Disturbance,NEPmax,High,22,-0.76353,54.5,0.1571,0.7871,ns
M7vsM8_anom_24m,tertiles,Relative Disturbance,WUE,High,22,-0.05672,68.2,0.1571,0.7871,ns
M7vsM8_anom_24m,tertiles,Relative Disturbance,uWUE,High,22,0.01194,45.5,0.6869,0.8959,ns
M7vsM8_anom_24m,tertiles,Relative Disturbance,ETmax,Mid,21,0.00299,33.3,0.8515,0.9123,ns
M7vsM8_anom_24m,tertiles,Relative Disturbance,GPPsat,Mid,21,-0.05709,52.4,0.4039,0.7871,ns
M7vsM8_anom_24m,tertiles,Relative Disturbance,NEPmax,Mid,21,0.24456,42.9,0.7342,0.8959,ns
M7vsM8_anom_24m,tertiles,Relative Disturbance,WUE,Mid,21,-0.05705,57.1,0.2773,0.7871,ns
M7vsM8_anom_24m,tertiles,Relative Disturbance,uWUE,Mid,21,0.03602,28.6,0.826,0.9066,ns
M7vsM8_anom_24m,tertiles,Relative Disturbance,ETmax,Low,22,-0.00043,54.5,0.4101,0.7871,ns
M7vsM8_anom_24m,tertiles,Relative Disturbance,GPPsat,Low,22,0.11568,40.9,0.5645,0.7871,ns
M7vsM8_anom_24m,tertiles,Relative Disturbance,NEPmax,Low,22,-0.364,68.2,0.03212,0.6853,ns
M7vsM8_anom_24m,tertiles,Relative Disturbance,WUE,Low,22,0.00868,45.5,0.3975,0.7871,ns
M7vsM8_anom_24m,tertiles,Relative Disturbance,uWUE,Low,22,0.01139,40.9,0.5259,0.7871,ns
M7vsM8_anom_24m,equal_width,Absolute Mortality,ETmax,Mid,21,0.0025,42.9,0.5139,0.7286,ns
M7vsM8_anom_24m,equal_width,Absolute Mortality,GPPsat,Mid,21,-0.25941,61.9,0.2222,0.7286,ns
M7vsM8_anom_24m,equal_width,Absolute Mortality,NEPmax,Mid,21,-0.91932,61.9,0.06751,0.7286,ns
M7vsM8_anom_24m,equal_width,Absolute Mortality,WUE,Mid,21,-0.05705,66.7,0.2891,0.7286,ns
M7vsM8_anom_24m,equal_width,Absolute Mortality,uWUE,Mid,21,0.01667,38.1,0.7979,0.8626,ns
M7vsM8_anom_24m,equal_width,Absolute Mortality,ETmax,Low,41,-0.00016,51.2,0.5052,0.7286,ns
M7vsM8_anom_24m,equal_width,Absolute Mortality,GPPsat,Low,41,0.05834,48.8,0.4433,0.7286,ns
M7vsM8_anom_24m,equal_width,Absolute Mortality,NEPmax,Low,41,-0.13595,53.7,0.1998,0.7286,ns
M7vsM8_anom_24m,equal_width,Absolute Mortality,WUE,Low,41,-0.0145,53.7,0.09752,0.7286,ns
M7vsM8_anom_24m,equal_width,Absolute Mortality,uWUE,Low,41,0.01163,39,0.5464,0.7286,ns
M7vsM8_anom_24m,equal_width,Absolute Mortality,ETmax,High,3,0.01761,0,,,""
M7vsM8_anom_24m,equal_width,Absolute Mortality,GPPsat,High,3,1.30959,33.3,,,""
M7vsM8_anom_24m,equal_width,Absolute Mortality,NEPmax,High,3,1.27475,33.3,,,""
M7vsM8_anom_24m,equal_width,Absolute Mortality,WUE,High,3,0.12714,33.3,,,""
M7vsM8_anom_24m,equal_width,Absolute Mortality,uWUE,High,3,0.05326,33.3,,,""
M7vsM8_anom_24m,equal_width,Relative Mortality,ETmax,Mid,26,0.00256,38.5,0.7693,0.8626,ns
M7vsM8_anom_24m,equal_width,Relative Mortality,GPPsat,Mid,26,-0.19604,57.7,0.3611,0.7286,ns
M7vsM8_anom_24m,equal_width,Relative Mortality,NEPmax,Mid,26,-0.5359,57.7,0.03187,0.7286,ns
M7vsM8_anom_24m,equal_width,Relative Mortality,WUE,Mid,26,-0.05143,61.5,0.2969,0.7286,ns
M7vsM8_anom_24m,equal_width,Relative Mortality,uWUE,Mid,26,0.02222,34.6,0.8197,0.8629,ns
M7vsM8_anom_24m,equal_width,Relative Mortality,ETmax,Low,32,-0.00043,53.1,0.4222,0.7286,ns
M7vsM8_anom_24m,equal_width,Relative Mortality,GPPsat,Low,32,0.05963,46.9,0.4516,0.7286,ns
M7vsM8_anom_24m,equal_width,Relative Mortality,NEPmax,Low,32,-0.15896,56.2,0.2594,0.7286,ns
M7vsM8_anom_24m,equal_width,Relative Mortality,WUE,Low,32,-0.00462,50,0.2475,0.7286,ns
M7vsM8_anom_24m,equal_width,Relative Mortality,uWUE,Low,32,0.01735,37.5,0.6423,0.8029,ns
M7vsM8_anom_24m,equal_width,Relative Mortality,ETmax,High,7,0.00392,42.9,0.8641,0.8862,ns
M7vsM8_anom_24m,equal_width,Relative Mortality,GPPsat,High,7,-0.42776,57.1,0.6001,0.7743,ns
M7vsM8_anom_24m,equal_width,Relative Mortality,NEPmax,High,7,1.27475,42.9,0.7766,0.8626,ns
M7vsM8_anom_24m,equal_width,Relative Mortality,WUE,High,7,-0.13389,71.4,0.2234,0.7286,ns
M7vsM8_anom_24m,equal_width,Relative Mortality,uWUE,High,7,-0.01186,57.1,0.4663,0.7286,ns
M7vsM8_anom_24m,equal_width,Relative Disturbance,ETmax,Mid,27,0.0025,40.7,0.7056,0.8553,ns
M7vsM8_anom_24m,equal_width,Relative Disturbance,GPPsat,Mid,27,-0.21436,59.3,0.3548,0.7286,ns
M7vsM8_anom_24m,equal_width,Relative Disturbance,NEPmax,Mid,27,-0.13595,55.6,0.1269,0.7286,ns
M7vsM8_anom_24m,equal_width,Relative Disturbance,WUE,Mid,27,-0.02547,55.6,0.4665,0.7286,ns
M7vsM8_anom_24m,equal_width,Relative Disturbance,uWUE,Mid,27,0.03602,25.9,0.9449,0.9449,ns
M7vsM8_anom_24m,equal_width,Relative Disturbance,ETmax,High,9,0.00392,44.4,0.7965,0.8626,ns
M7vsM8_anom_24m,equal_width,Relative Disturbance,GPPsat,High,9,-0.42776,55.6,0.5,0.7286,ns
M7vsM8_anom_24m,equal_width,Relative Disturbance,NEPmax,High,9,-0.99905,66.7,0.2768,0.7286,ns
M7vsM8_anom_24m,equal_width,Relative Disturbance,WUE,High,9,-0.13533,77.8,0.09626,0.7286,ns
M7vsM8_anom_24m,equal_width,Relative Disturbance,uWUE,High,9,-0.04792,66.7,0.3178,0.7286,ns
M7vsM8_anom_24m,equal_width,Relative Disturbance,ETmax,Low,29,-0.00016,51.7,0.5345,0.7286,ns
M7vsM8_anom_24m,equal_width,Relative Disturbance,GPPsat,Low,29,0.06091,44.8,0.5086,0.7286,ns
M7vsM8_anom_24m,equal_width,Relative Disturbance,NEPmax,Low,29,-0.14865,51.7,0.3406,0.7286,ns
M7vsM8_anom_24m,equal_width,Relative Disturbance,WUE,Low,29,-0.01154,51.7,0.2311,0.7286,ns
M7vsM8_anom_24m,equal_width,Relative Disturbance,uWUE,Low,29,0.01163,41.4,0.4741,0.7286,ns
M7vsM8_anom_24m,natural_breaks,Absolute Mortality,ETmax,High,14,0.00328,35.7,0.8268,0.9367,ns
M7vsM8_anom_24m,natural_breaks,Absolute Mortality,GPPsat,High,14,-0.34988,64.3,0.45,0.7759,ns
M7vsM8_anom_24m,natural_breaks,Absolute Mortality,NEPmax,High,14,-1.03704,71.4,0.1732,0.7759,ns
M7vsM8_anom_24m,natural_breaks,Absolute Mortality,WUE,High,14,-0.07143,64.3,0.5,0.7759,ns
M7vsM8_anom_24m,natural_breaks,Absolute Mortality,uWUE,High,14,0.06427,42.9,0.9063,0.9457,ns
M7vsM8_anom_24m,natural_breaks,Absolute Mortality,ETmax,Mid,32,-0.00067,53.1,0.3302,0.7759,ns
M7vsM8_anom_24m,natural_breaks,Absolute Mortality,GPPsat,Mid,32,-0.14436,59.4,0.2027,0.7759,ns
M7vsM8_anom_24m,natural_breaks,Absolute Mortality,NEPmax,Mid,32,0.12444,43.8,0.4516,0.7759,ns
M7vsM8_anom_24m,natural_breaks,Absolute Mortality,WUE,Mid,32,-0.02867,56.2,0.2416,0.7759,ns
M7vsM8_anom_24m,natural_breaks,Absolute Mortality,uWUE,Mid,32,0.02542,31.2,0.8128,0.9367,ns
M7vsM8_anom_24m,natural_breaks,Absolute Mortality,ETmax,Low,19,0.00184,42.1,0.8379,0.9367,ns
M7vsM8_anom_24m,natural_breaks,Absolute Mortality,GPPsat,Low,19,0.18983,31.6,0.8743,0.9367,ns
M7vsM8_anom_24m,natural_breaks,Absolute Mortality,NEPmax,Low,19,-0.34572,63.2,0.1431,0.7759,ns
M7vsM8_anom_24m,natural_breaks,Absolute Mortality,WUE,Low,19,-0.0145,52.6,0.1524,0.7759,ns
M7vsM8_anom_24m,natural_breaks,Absolute Mortality,uWUE,Low,19,0.00569,47.4,0.2163,0.7759,ns
M7vsM8_anom_24m,natural_breaks,Relative Mortality,ETmax,High,23,-0.00042,52.2,0.4576,0.7759,ns
M7vsM8_anom_24m,natural_breaks,Relative Mortality,GPPsat,High,23,-0.25941,60.9,0.3747,0.7759,ns
M7vsM8_anom_24m,natural_breaks,Relative Mortality,NEPmax,High,23,-0.91932,60.9,0.07864,0.7759,ns
M7vsM8_anom_24m,natural_breaks,Relative Mortality,WUE,High,23,-0.06764,69.6,0.127,0.7759,ns
M7vsM8_anom_24m,natural_breaks,Relative Mortality,uWUE,High,23,0.0072,47.8,0.6137,0.8721,ns
M7vsM8_anom_24m,natural_breaks,Relative Mortality,ETmax,Mid,18,0.00339,22.2,0.9592,0.9592,ns
M7vsM8_anom_24m,natural_breaks,Relative Mortality,GPPsat,Mid,18,-0.08671,55.6,0.3802,0.7759,ns
M7vsM8_anom_24m,natural_breaks,Relative Mortality,NEPmax,Mid,18,0.32622,38.9,0.8081,0.9367,ns
M7vsM8_anom_24m,natural_breaks,Relative Mortality,WUE,Mid,18,-0.01004,50,0.5,0.7759,ns
M7vsM8_anom_24m,natural_breaks,Relative Mortality,uWUE,Mid,18,0.04406,22.2,0.9247,0.9457,ns
M7vsM8_anom_24m,natural_breaks,Relative Mortality,ETmax,Low,24,-0.00081,58.3,0.3187,0.7759,ns
M7vsM8_anom_24m,natural_breaks,Relative Mortality,GPPsat,Low,24,0.11568,41.7,0.6395,0.8721,ns
M7vsM8_anom_24m,natural_breaks,Relative Mortality,NEPmax,Low,24,-0.30532,62.5,0.09199,0.7759,ns
M7vsM8_anom_24m,natural_breaks,Relative Mortality,WUE,Low,24,-0.00462,50,0.279,0.7759,ns
M7vsM8_anom_24m,natural_breaks,Relative Mortality,uWUE,Low,24,0.01139,41.7,0.4602,0.7759,ns
M7vsM8_anom_24m,natural_breaks,Relative Disturbance,ETmax,High,22,-1e-04,50,0.5772,0.8658,ns
M7vsM8_anom_24m,natural_breaks,Relative Disturbance,GPPsat,High,22,-0.24,63.6,0.3851,0.7759,ns
M7vsM8_anom_24m,natural_breaks,Relative Disturbance,NEPmax,High,22,-0.76353,54.5,0.1571,0.7759,ns
M7vsM8_anom_24m,natural_breaks,Relative Disturbance,WUE,High,22,-0.05672,68.2,0.1571,0.7759,ns
M7vsM8_anom_24m,natural_breaks,Relative Disturbance,uWUE,High,22,0.01194,45.5,0.6869,0.8831,ns
M7vsM8_anom_24m,natural_breaks,Relative Disturbance,ETmax,Mid,20,0.00281,35,0.8294,0.9367,ns
M7vsM8_anom_24m,natural_breaks,Relative Disturbance,GPPsat,Mid,20,-0.05975,55,0.3338,0.7759,ns
M7vsM8_anom_24m,natural_breaks,Relative Disturbance,NEPmax,Mid,20,0.16823,45,0.6662,0.8817,ns
M7vsM8_anom_24m,natural_breaks,Relative Disturbance,WUE,Mid,20,-0.0343,55,0.3338,0.7759,ns
M7vsM8_anom_24m,natural_breaks,Relative Disturbance,uWUE,Mid,20,0.04406,25,0.8646,0.9367,ns
M7vsM8_anom_24m,natural_breaks,Relative Disturbance,ETmax,Low,23,-0.00016,52.2,0.4818,0.7759,ns
M7vsM8_anom_24m,natural_breaks,Relative Disturbance,GPPsat,Low,23,0.17046,39.1,0.6367,0.8721,ns
M7vsM8_anom_24m,natural_breaks,Relative Disturbance,NEPmax,Low,23,-0.34572,65.2,0.06609,0.7759,ns
M7vsM8_anom_24m,natural_breaks,Relative Disturbance,WUE,Low,23,0.0023,47.8,0.3187,0.7759,ns
M7vsM8_anom_24m,natural_breaks,Relative Disturbance,uWUE,Low,23,0.01115,43.5,0.4697,0.7759,ns
