unit,method,metric,response,category,n,median_dRMSE,pct_sites_improved,p_onesided_wilcoxon,q_BH,sig
M1vsM2_12m,tertiles,Absolute Mortality,ETmax,High,37,-0.00097,51.4,0.1258,0.2231,ns
M1vsM2_12m,tertiles,Absolute Mortality,GPPsat,High,37,-0.512,67.6,0.03069,0.09866,ns
M1vsM2_12m,tertiles,Absolute Mortality,NEPmax,High,37,-0.43903,67.6,0.01182,0.04835,*
M1vsM2_12m,tertiles,Absolute Mortality,WUE,High,37,-0.05004,56.8,0.1354,0.2256,ns
M1vsM2_12m,tertiles,Absolute Mortality,uWUE,High,37,-0.03023,51.4,0.1908,0.2769,ns
M1vsM2_12m,tertiles,Absolute Mortality,ETmax,Mid,37,2e-05,48.6,0.3254,0.3854,ns
M1vsM2_12m,tertiles,Absolute Mortality,GPPsat,Mid,37,-0.8821,73,0.005393,0.04293,*
M1vsM2_12m,tertiles,Absolute Mortality,NEPmax,Mid,37,-0.82019,67.6,0.0224,0.08401,ns
M1vsM2_12m,tertiles,Absolute Mortality,WUE,Mid,37,-0.05252,59.5,0.1289,0.2231,ns
M1vsM2_12m,tertiles,Absolute Mortality,uWUE,Mid,37,-0.03388,54.1,0.2345,0.3104,ns
M1vsM2_12m,tertiles,Absolute Mortality,ETmax,Low,38,-0.00284,57.9,0.1201,0.2231,ns
M1vsM2_12m,tertiles,Absolute Mortality,GPPsat,Low,38,-0.53198,63.2,0.02599,0.08996,ns
M1vsM2_12m,tertiles,Absolute Mortality,NEPmax,Low,38,-0.54117,60.5,0.04352,0.1224,ns
M1vsM2_12m,tertiles,Absolute Mortality,WUE,Low,38,-0.03863,63.2,0.2958,0.3697,ns
M1vsM2_12m,tertiles,Absolute Mortality,uWUE,Low,38,0.01354,44.7,0.5917,0.634,ns
M1vsM2_12m,tertiles,Relative Mortality,ETmax,High,37,4e-04,45.9,0.3254,0.3854,ns
M1vsM2_12m,tertiles,Relative Mortality,GPPsat,High,37,-0.89733,70.3,0.004732,0.04293,*
M1vsM2_12m,tertiles,Relative Mortality,NEPmax,High,37,-0.82019,73,0.001979,0.04293,*
M1vsM2_12m,tertiles,Relative Mortality,WUE,High,37,-0.06759,56.8,0.1227,0.2231,ns
M1vsM2_12m,tertiles,Relative Mortality,uWUE,High,37,-0.03022,51.4,0.212,0.2951,ns
M1vsM2_12m,tertiles,Relative Mortality,ETmax,Mid,37,0.00012,48.6,0.06011,0.1352,ns
M1vsM2_12m,tertiles,Relative Mortality,GPPsat,Mid,37,-0.74563,70.3,0.01092,0.04835,*
M1vsM2_12m,tertiles,Relative Mortality,NEPmax,Mid,37,-0.30011,62.2,0.05659,0.134,ns
M1vsM2_12m,tertiles,Relative Mortality,WUE,Mid,37,-0.07693,70.3,0.006678,0.04293,*
M1vsM2_12m,tertiles,Relative Mortality,uWUE,Mid,37,-0.08292,56.8,0.0759,0.1553,ns
M1vsM2_12m,tertiles,Relative Mortality,ETmax,Low,38,-0.00284,63.2,0.2664,0.3426,ns
M1vsM2_12m,tertiles,Relative Mortality,GPPsat,Low,38,-0.60733,63.2,0.05373,0.134,ns
M1vsM2_12m,tertiles,Relative Mortality,NEPmax,Low,38,-0.63112,60.5,0.05533,0.134,ns
M1vsM2_12m,tertiles,Relative Mortality,WUE,Low,38,-0.01281,52.6,0.7746,0.7922,ns
M1vsM2_12m,tertiles,Relative Mortality,uWUE,Low,38,0.01354,42.1,0.8157,0.8157,ns
M1vsM2_12m,tertiles,Relative Disturbance,ETmax,High,37,4e-04,45.9,0.4223,0.475,ns
M1vsM2_12m,tertiles,Relative Disturbance,GPPsat,High,37,-0.89733,67.6,0.006678,0.04293,*
M1vsM2_12m,tertiles,Relative Disturbance,NEPmax,High,37,-1.0251,70.3,0.002753,0.04293,*
M1vsM2_12m,tertiles,Relative Disturbance,WUE,High,37,-0.06759,54.1,0.1709,0.2707,ns
M1vsM2_12m,tertiles,Relative Disturbance,uWUE,High,37,-0.03588,51.4,0.1748,0.2707,ns
M1vsM2_12m,tertiles,Relative Disturbance,ETmax,Mid,37,-0.00327,56.8,0.01092,0.04835,*
M1vsM2_12m,tertiles,Relative Disturbance,GPPsat,Mid,37,-1.09681,70.3,0.002883,0.04293,*
M1vsM2_12m,tertiles,Relative Disturbance,NEPmax,Mid,37,-0.71068,67.6,0.0093,0.04835,*
M1vsM2_12m,tertiles,Relative Disturbance,WUE,Mid,37,-0.05004,64.9,0.03512,0.1054,ns
M1vsM2_12m,tertiles,Relative Disturbance,uWUE,Mid,37,-0.03022,51.4,0.2164,0.2951,ns
M1vsM2_12m,tertiles,Relative Disturbance,ETmax,Low,38,-0.00059,55.3,0.4653,0.5107,ns
M1vsM2_12m,tertiles,Relative Disturbance,GPPsat,Low,38,-0.41482,65.8,0.07554,0.1553,ns
M1vsM2_12m,tertiles,Relative Disturbance,NEPmax,Low,38,-0.22611,57.9,0.1805,0.2707,ns
M1vsM2_12m,tertiles,Relative Disturbance,WUE,Low,38,-0.03648,60.5,0.3639,0.4199,ns
M1vsM2_12m,tertiles,Relative Disturbance,uWUE,Low,38,0.00887,47.4,0.6469,0.677,ns
M1vsM2_12m,equal_width,Absolute Mortality,ETmax,Mid,52,0.00035,46.2,0.2075,0.3313,ns
M1vsM2_12m,equal_width,Absolute Mortality,GPPsat,Mid,52,-0.44658,65.4,0.02432,0.09951,ns
M1vsM2_12m,equal_width,Absolute Mortality,NEPmax,Mid,52,-0.40184,61.5,0.06245,0.1578,ns
M1vsM2_12m,equal_width,Absolute Mortality,WUE,Mid,52,-0.08435,63.5,0.009987,0.05214,ns
M1vsM2_12m,equal_width,Absolute Mortality,uWUE,Mid,52,-0.05115,57.7,0.06134,0.1578,ns
M1vsM2_12m,equal_width,Absolute Mortality,ETmax,Low,54,-0.00186,59.3,0.06704,0.1588,ns
M1vsM2_12m,equal_width,Absolute Mortality,GPPsat,Low,54,-0.86891,70.4,0.0008619,0.009696,**
M1vsM2_12m,equal_width,Absolute Mortality,NEPmax,Low,54,-0.93845,68.5,0.0008619,0.009696,**
M1vsM2_12m,equal_width,Absolute Mortality,WUE,Low,54,-0.02477,59.3,0.4047,0.4793,ns
M1vsM2_12m,equal_width,Absolute Mortality,uWUE,Low,54,0.01354,44.4,0.7238,0.7238,ns
M1vsM2_12m,equal_width,Absolute Mortality,ETmax,High,6,-0.00204,50,0.5,0.5488,ns
M1vsM2_12m,equal_width,Absolute Mortality,GPPsat,High,6,-0.74254,66.7,0.2647,0.3609,ns
M1vsM2_12m,equal_width,Absolute Mortality,NEPmax,High,6,-0.72368,66.7,0.2647,0.3609,ns
M1vsM2_12m,equal_width,Absolute Mortality,WUE,High,6,0.07439,33.3,0.6625,0.6799,ns
M1vsM2_12m,equal_width,Absolute Mortality,uWUE,High,6,0.01516,33.3,0.5,0.5488,ns
M1vsM2_12m,equal_width,Relative Mortality,ETmax,Mid,34,0.00016,47.1,0.2208,0.3313,ns
M1vsM2_12m,equal_width,Relative Mortality,GPPsat,Mid,34,-0.9352,70.6,0.00328,0.02952,*
M1vsM2_12m,equal_width,Relative Mortality,NEPmax,Mid,34,-1.44138,79.4,0.0002142,0.009641,**
M1vsM2_12m,equal_width,Relative Mortality,WUE,Mid,34,-0.04211,52.9,0.3408,0.426,ns
M1vsM2_12m,equal_width,Relative Mortality,uWUE,Mid,34,0.01895,44.1,0.5273,0.5649,ns
M1vsM2_12m,equal_width,Relative Mortality,ETmax,High,8,-0.00283,50,0.312,0.413,ns
M1vsM2_12m,equal_width,Relative Mortality,GPPsat,High,8,-0.80056,75,0.09172,0.1794,ns
M1vsM2_12m,equal_width,Relative Mortality,NEPmax,High,8,-0.28717,62.5,0.2206,0.3313,ns
M1vsM2_12m,equal_width,Relative Mortality,WUE,High,8,-0.2472,75,0.05366,0.1578,ns
M1vsM2_12m,equal_width,Relative Mortality,uWUE,High,8,-0.25206,75,0.09172,0.1794,ns
M1vsM2_12m,equal_width,Relative Mortality,ETmax,Low,70,-0.00087,55.7,0.08728,0.1794,ns
M1vsM2_12m,equal_width,Relative Mortality,GPPsat,Low,70,-0.60733,65.7,0.007456,0.04793,*
M1vsM2_12m,equal_width,Relative Mortality,NEPmax,Low,70,-0.34831,58.6,0.05313,0.1578,ns
M1vsM2_12m,equal_width,Relative Mortality,WUE,Low,70,-0.03648,61.4,0.1421,0.2459,ns
M1vsM2_12m,equal_width,Relative Mortality,uWUE,Low,70,-0.01156,50,0.3562,0.4332,ns
M1vsM2_12m,equal_width,Relative Disturbance,ETmax,Mid,39,2e-05,48.7,0.1767,0.2945,ns
M1vsM2_12m,equal_width,Relative Disturbance,GPPsat,Mid,39,-0.89733,66.7,0.004626,0.03469,*
M1vsM2_12m,equal_width,Relative Disturbance,NEPmax,Mid,39,-1.37744,74.4,0.0007145,0.009696,**
M1vsM2_12m,equal_width,Relative Disturbance,WUE,Mid,39,0.00165,48.7,0.4583,0.5288,ns
M1vsM2_12m,equal_width,Relative Disturbance,uWUE,Mid,39,0.0288,41,0.6648,0.6799,ns
M1vsM2_12m,equal_width,Relative Disturbance,ETmax,High,10,-0.00258,50,0.2378,0.3451,ns
M1vsM2_12m,equal_width,Relative Disturbance,GPPsat,High,10,-1.18162,80,0.04157,0.1439,ns
M1vsM2_12m,equal_width,Relative Disturbance,NEPmax,High,10,-0.82726,70,0.06314,0.1578,ns
M1vsM2_12m,equal_width,Relative Disturbance,WUE,High,10,-0.2472,80,0.02075,0.09335,ns
M1vsM2_12m,equal_width,Relative Disturbance,uWUE,High,10,-0.28699,80,0.04157,0.1439,ns
M1vsM2_12m,equal_width,Relative Disturbance,ETmax,Low,63,-0.00097,55.6,0.1121,0.2103,ns
M1vsM2_12m,equal_width,Relative Disturbance,GPPsat,Low,63,-0.58845,66.7,0.01043,0.05214,ns
M1vsM2_12m,equal_width,Relative Disturbance,NEPmax,Low,63,-0.30011,58.7,0.07382,0.1661,ns
M1vsM2_12m,equal_width,Relative Disturbance,WUE,Low,63,-0.03792,63.5,0.133,0.2393,ns
M1vsM2_12m,equal_width,Relative Disturbance,uWUE,Low,63,-0.02826,50.8,0.3394,0.426,ns
M1vsM2_12m,natural_breaks,Absolute Mortality,ETmax,High,29,-0.00309,55.2,0.1707,0.2743,ns
M1vsM2_12m,natural_breaks,Absolute Mortality,GPPsat,High,29,-0.97307,69,0.03811,0.1143,ns
M1vsM2_12m,natural_breaks,Absolute Mortality,NEPmax,High,29,-0.99689,69,0.01895,0.07754,ns
M1vsM2_12m,natural_breaks,Absolute Mortality,WUE,High,29,-0.05004,55.2,0.2118,0.2979,ns
M1vsM2_12m,natural_breaks,Absolute Mortality,uWUE,High,29,0.01024,48.3,0.1877,0.2912,ns
M1vsM2_12m,natural_breaks,Absolute Mortality,ETmax,Mid,46,7e-05,47.8,0.2063,0.2979,ns
M1vsM2_12m,natural_breaks,Absolute Mortality,GPPsat,Mid,46,-0.77504,71.7,0.004232,0.04471,*
M1vsM2_12m,natural_breaks,Absolute Mortality,NEPmax,Mid,46,-0.67127,67.4,0.008875,0.04992,*
M1vsM2_12m,natural_breaks,Absolute Mortality,WUE,Mid,46,-0.04378,58.7,0.09309,0.1756,ns
M1vsM2_12m,natural_breaks,Absolute Mortality,uWUE,Mid,46,-0.03488,56.5,0.2222,0.303,ns
M1vsM2_12m,natural_breaks,Absolute Mortality,ETmax,Low,37,-0.00273,56.8,0.1489,0.2482,ns
M1vsM2_12m,natural_breaks,Absolute Mortality,GPPsat,Low,37,-0.58845,62.2,0.02966,0.1027,ns
M1vsM2_12m,natural_breaks,Absolute Mortality,NEPmax,Low,37,-0.42675,59.5,0.05833,0.1354,ns
M1vsM2_12m,natural_breaks,Absolute Mortality,WUE,Low,37,-0.03934,64.9,0.2299,0.3043,ns
M1vsM2_12m,natural_breaks,Absolute Mortality,uWUE,Low,37,0.01449,43.2,0.6186,0.6473,ns
M1vsM2_12m,natural_breaks,Relative Mortality,ETmax,Mid,45,-0.00097,51.1,0.0474,0.1333,ns
M1vsM2_12m,natural_breaks,Relative Mortality,GPPsat,Mid,45,-0.85392,71.1,0.0008507,0.03666,*
M1vsM2_12m,natural_breaks,Relative Mortality,NEPmax,Mid,45,-0.45775,66.7,0.01065,0.05324,ns
M1vsM2_12m,natural_breaks,Relative Mortality,WUE,Mid,45,-0.03934,62.2,0.05325,0.1354,ns
M1vsM2_12m,natural_breaks,Relative Mortality,uWUE,Mid,45,-0.03022,51.1,0.334,0.4175,ns
M1vsM2_12m,natural_breaks,Relative Mortality,ETmax,High,26,6e-04,42.3,0.4096,0.4608,ns
M1vsM2_12m,natural_breaks,Relative Mortality,GPPsat,High,26,-0.86288,73.1,0.01357,0.06105,ns
M1vsM2_12m,natural_breaks,Relative Mortality,NEPmax,High,26,-1.11067,73.1,0.005962,0.04471,*
M1vsM2_12m,natural_breaks,Relative Mortality,WUE,High,26,-0.1114,61.5,0.05767,0.1354,ns
M1vsM2_12m,natural_breaks,Relative Mortality,uWUE,High,26,-0.09035,61.5,0.03567,0.1143,ns
M1vsM2_12m,natural_breaks,Relative Mortality,ETmax,Low,41,-0.00273,61,0.2502,0.3217,ns
M1vsM2_12m,natural_breaks,Relative Mortality,GPPsat,Low,41,-0.47551,61,0.1218,0.2107,ns
M1vsM2_12m,natural_breaks,Relative Mortality,NEPmax,Low,41,-0.60665,58.5,0.08083,0.1653,ns
M1vsM2_12m,natural_breaks,Relative Mortality,WUE,Low,41,-0.02684,56.1,0.6122,0.6473,ns
M1vsM2_12m,natural_breaks,Relative Mortality,uWUE,Low,41,0.01449,41.5,0.8038,0.8038,ns
M1vsM2_12m,natural_breaks,Relative Disturbance,ETmax,Mid,49,-0.00139,55.1,0.02333,0.08747,ns
M1vsM2_12m,natural_breaks,Relative Disturbance,GPPsat,Mid,49,-0.97307,67.3,0.002291,0.03666,*
M1vsM2_12m,natural_breaks,Relative Disturbance,NEPmax,Mid,49,-0.62004,67.3,0.005287,0.04471,*
M1vsM2_12m,natural_breaks,Relative Disturbance,WUE,Mid,49,-0.03934,61.2,0.1106,0.199,ns
M1vsM2_12m,natural_breaks,Relative Disturbance,uWUE,Mid,49,0.01103,49,0.3601,0.438,ns
M1vsM2_12m,natural_breaks,Relative Disturbance,ETmax,High,24,0.00021,45.8,0.3712,0.4396,ns
M1vsM2_12m,natural_breaks,Relative Disturbance,GPPsat,High,24,-1.02111,75,0.008523,0.04992,*
M1vsM2_12m,natural_breaks,Relative Disturbance,NEPmax,High,24,-1.3976,75,0.002444,0.03666,*
M1vsM2_12m,natural_breaks,Relative Disturbance,WUE,High,24,-0.09201,58.3,0.06319,0.1354,ns
M1vsM2_12m,natural_breaks,Relative Disturbance,uWUE,High,24,-0.06024,58.3,0.06319,0.1354,ns
M1vsM2_12m,natural_breaks,Relative Disturbance,ETmax,Low,39,-0.00042,53.8,0.4583,0.503,ns
M1vsM2_12m,natural_breaks,Relative Disturbance,GPPsat,Low,39,-0.39269,64.1,0.09363,0.1756,ns
M1vsM2_12m,natural_breaks,Relative Disturbance,NEPmax,Low,39,-0.0557,56.4,0.2112,0.2979,ns
M1vsM2_12m,natural_breaks,Relative Disturbance,WUE,Low,39,-0.03504,59,0.4089,0.4608,ns
M1vsM2_12m,natural_breaks,Relative Disturbance,uWUE,Low,39,0.01259,46.2,0.6996,0.7155,ns
M1vsM2_24m,tertiles,Absolute Mortality,ETmax,High,37,-0.00025,51.4,0.3643,0.4175,ns
M1vsM2_24m,tertiles,Absolute Mortality,GPPsat,High,37,-0.26229,59.5,0.04555,0.1025,ns
M1vsM2_24m,tertiles,Absolute Mortality,NEPmax,High,37,-0.25679,56.8,0.03397,0.08492,ns
M1vsM2_24m,tertiles,Absolute Mortality,WUE,High,37,-0.02523,59.5,0.05324,0.1089,ns
M1vsM2_24m,tertiles,Absolute Mortality,uWUE,High,37,-0.036,51.4,0.1949,0.2595,ns
M1vsM2_24m,tertiles,Absolute Mortality,ETmax,Mid,37,-0.00177,59.5,0.1634,0.2372,ns
M1vsM2_24m,tertiles,Absolute Mortality,GPPsat,Mid,37,-0.8637,73,0.001979,0.04821,*
M1vsM2_24m,tertiles,Absolute Mortality,NEPmax,Mid,37,-0.74307,67.6,0.01229,0.05532,ns
M1vsM2_24m,tertiles,Absolute Mortality,WUE,Mid,37,-0.00794,51.4,0.2681,0.3357,ns
M1vsM2_24m,tertiles,Absolute Mortality,uWUE,Mid,37,0.00788,48.6,0.4759,0.4868,ns
M1vsM2_24m,tertiles,Absolute Mortality,ETmax,Low,38,-0.0034,60.5,0.04914,0.1053,ns
M1vsM2_24m,tertiles,Absolute Mortality,GPPsat,Low,38,-0.68201,73.7,0.007417,0.04821,*
M1vsM2_24m,tertiles,Absolute Mortality,NEPmax,Low,38,-0.58727,65.8,0.02873,0.07852,ns
M1vsM2_24m,tertiles,Absolute Mortality,WUE,Low,38,-0.07468,60.5,0.0984,0.1664,ns
M1vsM2_24m,tertiles,Absolute Mortality,uWUE,Low,38,-0.03018,65.8,0.1416,0.2124,ns
M1vsM2_24m,tertiles,Relative Mortality,ETmax,High,37,-0.00048,51.4,0.3474,0.4114,ns
M1vsM2_24m,tertiles,Relative Mortality,GPPsat,High,37,-0.61486,67.6,0.006401,0.04821,*
M1vsM2_24m,tertiles,Relative Mortality,NEPmax,High,37,-0.74307,64.9,0.008571,0.04821,*
M1vsM2_24m,tertiles,Relative Mortality,WUE,High,37,-0.02205,59.5,0.07377,0.1383,ns
M1vsM2_24m,tertiles,Relative Mortality,uWUE,High,37,-0.05801,54.1,0.1321,0.205,ns
M1vsM2_24m,tertiles,Relative Mortality,ETmax,Mid,37,-0.00186,64.9,0.018,0.0623,ns
M1vsM2_24m,tertiles,Relative Mortality,GPPsat,Mid,37,-0.7842,67.6,0.008226,0.04821,*
M1vsM2_24m,tertiles,Relative Mortality,NEPmax,Mid,37,-0.46064,56.8,0.02966,0.07852,ns
M1vsM2_24m,tertiles,Relative Mortality,WUE,Mid,37,-0.09499,59.5,0.02161,0.06946,ns
M1vsM2_24m,tertiles,Relative Mortality,uWUE,Mid,37,-0.06103,62.2,0.09986,0.1664,ns
M1vsM2_24m,tertiles,Relative Mortality,ETmax,Low,38,-0.00307,55.3,0.2761,0.3357,ns
M1vsM2_24m,tertiles,Relative Mortality,GPPsat,Low,38,-0.64275,71.1,0.01774,0.0623,ns
M1vsM2_24m,tertiles,Relative Mortality,NEPmax,Low,38,-0.64937,68.4,0.03842,0.091,ns
M1vsM2_24m,tertiles,Relative Mortality,WUE,Low,38,-0.02073,52.6,0.3804,0.4175,ns
M1vsM2_24m,tertiles,Relative Mortality,uWUE,Low,38,0.00213,50,0.6523,0.6523,ns
M1vsM2_24m,tertiles,Relative Disturbance,ETmax,High,37,0.00053,48.6,0.4639,0.4855,ns
M1vsM2_24m,tertiles,Relative Disturbance,GPPsat,High,37,-0.45961,64.9,0.01381,0.0565,ns
M1vsM2_24m,tertiles,Relative Disturbance,NEPmax,High,37,-0.35985,62.2,0.01229,0.05532,ns
M1vsM2_24m,tertiles,Relative Disturbance,WUE,High,37,-0.02523,59.5,0.08258,0.1486,ns
M1vsM2_24m,tertiles,Relative Disturbance,uWUE,High,37,-0.05801,54.1,0.1053,0.1692,ns
M1vsM2_24m,tertiles,Relative Disturbance,ETmax,Mid,37,-0.00494,70.3,0.006134,0.04821,*
M1vsM2_24m,tertiles,Relative Disturbance,GPPsat,Mid,37,-0.96804,73,0.002177,0.04821,*
M1vsM2_24m,tertiles,Relative Disturbance,NEPmax,Mid,37,-0.93283,67.6,0.003308,0.04821,*
M1vsM2_24m,tertiles,Relative Disturbance,WUE,Mid,37,-0.05006,56.8,0.07377,0.1383,ns
M1vsM2_24m,tertiles,Relative Disturbance,uWUE,Mid,37,-0.02028,56.8,0.2731,0.3357,ns
M1vsM2_24m,tertiles,Relative Disturbance,ETmax,Low,38,-0.00136,52.6,0.4309,0.4617,ns
M1vsM2_24m,tertiles,Relative Disturbance,GPPsat,Low,38,-0.59212,68.4,0.02599,0.07797,ns
M1vsM2_24m,tertiles,Relative Disturbance,NEPmax,Low,38,-0.34391,60.5,0.1729,0.2432,ns
M1vsM2_24m,tertiles,Relative Disturbance,WUE,Low,38,-0.03636,55.3,0.1961,0.2595,ns
M1vsM2_24m,tertiles,Relative Disturbance,uWUE,Low,38,-0.01857,55.3,0.3748,0.4175,ns
M1vsM2_24m,equal_width,Absolute Mortality,ETmax,Mid,52,-0.00111,53.8,0.2049,0.2975,ns
M1vsM2_24m,equal_width,Absolute Mortality,GPPsat,Mid,52,-0.61097,63.5,0.009058,0.05095,ns
M1vsM2_24m,equal_width,Absolute Mortality,NEPmax,Mid,52,-0.26486,55.8,0.07317,0.1372,ns
M1vsM2_24m,equal_width,Absolute Mortality,WUE,Mid,52,-0.03034,57.7,0.04058,0.1074,ns
M1vsM2_24m,equal_width,Absolute Mortality,uWUE,Mid,52,-0.06652,53.8,0.09108,0.1576,ns
M1vsM2_24m,equal_width,Absolute Mortality,ETmax,Low,54,-0.0043,63,0.02108,0.07904,ns
M1vsM2_24m,equal_width,Absolute Mortality,GPPsat,Low,54,-0.71209,77.8,0.0001763,0.007933,**
M1vsM2_24m,equal_width,Absolute Mortality,NEPmax,Low,54,-1.14378,72.2,0.0004726,0.01063,*
M1vsM2_24m,equal_width,Absolute Mortality,WUE,Low,54,-0.05394,57.4,0.1044,0.1677,ns
M1vsM2_24m,equal_width,Absolute Mortality,uWUE,Low,54,-0.0179,57.4,0.3882,0.4777,ns
M1vsM2_24m,equal_width,Absolute Mortality,ETmax,High,6,0.00621,33.3,0.9533,0.9533,ns
M1vsM2_24m,equal_width,Absolute Mortality,GPPsat,High,6,0.15547,33.3,0.6625,0.6776,ns
M1vsM2_24m,equal_width,Absolute Mortality,NEPmax,High,6,-0.3574,50,0.3375,0.4339,ns
M1vsM2_24m,equal_width,Absolute Mortality,WUE,High,6,-0.009,50,0.5,0.5488,ns
M1vsM2_24m,equal_width,Absolute Mortality,uWUE,High,6,-0.01591,50,0.417,0.4938,ns
M1vsM2_24m,equal_width,Relative Mortality,ETmax,Mid,34,-0.00088,52.9,0.2208,0.3012,ns
M1vsM2_24m,equal_width,Relative Mortality,GPPsat,Mid,34,-0.67054,64.7,0.004233,0.02721,*
M1vsM2_24m,equal_width,Relative Mortality,NEPmax,Mid,34,-0.99744,70.6,0.000878,0.01317,*
M1vsM2_24m,equal_width,Relative Mortality,WUE,Mid,34,0.00018,50,0.31,0.4103,ns
M1vsM2_24m,equal_width,Relative Mortality,uWUE,Mid,34,0.04273,44.1,0.4932,0.5488,ns
M1vsM2_24m,equal_width,Relative Mortality,ETmax,High,8,-0.00243,62.5,0.4721,0.5447,ns
M1vsM2_24m,equal_width,Relative Mortality,GPPsat,High,8,-0.75056,87.5,0.05366,0.1224,ns
M1vsM2_24m,equal_width,Relative Mortality,NEPmax,High,8,-0.50593,62.5,0.2206,0.3012,ns
M1vsM2_24m,equal_width,Relative Mortality,WUE,High,8,-0.25543,87.5,0.04003,0.1074,ns
M1vsM2_24m,equal_width,Relative Mortality,uWUE,High,8,-0.33627,75,0.07074,0.1372,ns
M1vsM2_24m,equal_width,Relative Mortality,ETmax,Low,70,-0.00227,58.6,0.05441,0.1224,ns
M1vsM2_24m,equal_width,Relative Mortality,GPPsat,Low,70,-0.65067,68.6,0.003252,0.02439,*
M1vsM2_24m,equal_width,Relative Mortality,NEPmax,Low,70,-0.45001,60,0.02859,0.09896,ns
M1vsM2_24m,equal_width,Relative Mortality,WUE,Low,70,-0.05394,57.1,0.05004,0.1224,ns
M1vsM2_24m,equal_width,Relative Mortality,uWUE,Low,70,-0.02164,58.6,0.19,0.285,ns
M1vsM2_24m,equal_width,Relative Disturbance,ETmax,Mid,39,-0.0021,56.4,0.08463,0.1523,ns
M1vsM2_24m,equal_width,Relative Disturbance,GPPsat,Mid,39,-0.61486,61.5,0.01167,0.05837,ns
M1vsM2_24m,equal_width,Relative Disturbance,NEPmax,Mid,39,-0.93283,66.7,0.003052,0.02439,*
M1vsM2_24m,equal_width,Relative Disturbance,WUE,Mid,39,0.00405,48.7,0.3928,0.4777,ns
M1vsM2_24m,equal_width,Relative Disturbance,uWUE,Mid,39,0.05231,43.6,0.6597,0.6776,ns
M1vsM2_24m,equal_width,Relative Disturbance,ETmax,High,10,-0.00243,60,0.5406,0.5792,ns
M1vsM2_24m,equal_width,Relative Disturbance,GPPsat,High,10,-1.32662,90,0.02075,0.07904,ns
M1vsM2_24m,equal_width,Relative Disturbance,NEPmax,High,10,-1.3882,70,0.06314,0.1291,ns
M1vsM2_24m,equal_width,Relative Disturbance,WUE,High,10,-0.28215,90,0.01616,0.0727,ns
M1vsM2_24m,equal_width,Relative Disturbance,uWUE,High,10,-0.29344,80,0.03327,0.1069,ns
M1vsM2_24m,equal_width,Relative Disturbance,ETmax,Low,63,-0.00177,57.1,0.1033,0.1677,ns
M1vsM2_24m,equal_width,Relative Disturbance,GPPsat,Low,63,-0.64468,69.8,0.002693,0.02439,*
M1vsM2_24m,equal_width,Relative Disturbance,NEPmax,Low,63,-0.44163,60.3,0.03782,0.1074,ns
M1vsM2_24m,equal_width,Relative Disturbance,WUE,Low,63,-0.05006,57.1,0.05807,0.1244,ns
M1vsM2_24m,equal_width,Relative Disturbance,uWUE,Low,63,-0.02167,58.7,0.1698,0.2635,ns
M1vsM2_24m,natural_breaks,Absolute Mortality,ETmax,High,29,0.00041,48.3,0.4828,0.5172,ns
M1vsM2_24m,natural_breaks,Absolute Mortality,GPPsat,High,29,-0.39266,65.5,0.04183,0.09411,ns
M1vsM2_24m,natural_breaks,Absolute Mortality,NEPmax,High,29,-0.25679,58.6,0.05015,0.1026,ns
M1vsM2_24m,natural_breaks,Absolute Mortality,WUE,High,29,-0.03545,62.1,0.06785,0.1272,ns
M1vsM2_24m,natural_breaks,Absolute Mortality,uWUE,High,29,-0.05801,51.7,0.1599,0.2482,ns
M1vsM2_24m,natural_breaks,Absolute Mortality,ETmax,Mid,46,-0.00171,60.9,0.08432,0.1405,ns
M1vsM2_24m,natural_breaks,Absolute Mortality,GPPsat,Mid,46,-0.68545,67.4,0.00183,0.02744,*
M1vsM2_24m,natural_breaks,Absolute Mortality,NEPmax,Mid,46,-0.66395,65.2,0.006369,0.03583,*
M1vsM2_24m,natural_breaks,Absolute Mortality,WUE,Mid,46,-0.00272,50,0.2526,0.3343,ns
M1vsM2_24m,natural_breaks,Absolute Mortality,uWUE,Mid,46,0.00213,50,0.3966,0.4823,ns
M1vsM2_24m,natural_breaks,Absolute Mortality,ETmax,Low,37,-0.00267,59.5,0.05659,0.1107,ns
M1vsM2_24m,natural_breaks,Absolute Mortality,GPPsat,Low,37,-0.70736,73,0.0093,0.04311,*
M1vsM2_24m,natural_breaks,Absolute Mortality,NEPmax,Low,37,-0.46064,64.9,0.03631,0.08599,ns
M1vsM2_24m,natural_breaks,Absolute Mortality,WUE,Low,37,-0.07615,62.2,0.07168,0.129,ns
M1vsM2_24m,natural_breaks,Absolute Mortality,uWUE,Low,37,-0.02167,64.9,0.1787,0.2681,ns
M1vsM2_24m,natural_breaks,Relative Mortality,ETmax,Mid,45,-0.00362,68.9,0.004871,0.03583,*
M1vsM2_24m,natural_breaks,Relative Mortality,GPPsat,Mid,45,-0.90372,68.9,0.0009186,0.02744,*
M1vsM2_24m,natural_breaks,Relative Mortality,NEPmax,Mid,45,-0.74307,62.2,0.005916,0.03583,*
M1vsM2_24m,natural_breaks,Relative Mortality,WUE,Mid,45,-0.04943,55.6,0.1158,0.186,ns
M1vsM2_24m,natural_breaks,Relative Mortality,uWUE,Mid,45,-0.02028,53.3,0.482,0.5172,ns
M1vsM2_24m,natural_breaks,Relative Mortality,ETmax,High,26,0.00142,42.3,0.7373,0.7373,ns
M1vsM2_24m,natural_breaks,Relative Mortality,GPPsat,High,26,-0.53724,69.2,0.0119,0.04311,*
M1vsM2_24m,natural_breaks,Relative Mortality,NEPmax,High,26,-0.59657,61.5,0.02379,0.06692,ns
M1vsM2_24m,natural_breaks,Relative Mortality,WUE,High,26,-0.11857,69.2,0.01447,0.04652,*
M1vsM2_24m,natural_breaks,Relative Mortality,uWUE,High,26,-0.11695,65.4,0.01751,0.05254,ns
M1vsM2_24m,natural_breaks,Relative Mortality,ETmax,Low,41,-0.00267,53.7,0.2712,0.3487,ns
M1vsM2_24m,natural_breaks,Relative Mortality,GPPsat,Low,41,-0.62885,68.3,0.0448,0.09599,ns
M1vsM2_24m,natural_breaks,Relative Mortality,NEPmax,Low,41,-0.51669,65.9,0.07702,0.1333,ns
M1vsM2_24m,natural_breaks,Relative Mortality,WUE,Low,41,-0.0146,51.2,0.3298,0.4122,ns
M1vsM2_24m,natural_breaks,Relative Mortality,uWUE,Low,41,-0.00363,51.2,0.572,0.5986,ns
M1vsM2_24m,natural_breaks,Relative Disturbance,ETmax,Mid,49,-0.00467,63.3,0.005597,0.03583,*
M1vsM2_24m,natural_breaks,Relative Disturbance,GPPsat,Mid,49,-0.92411,69.4,0.001517,0.02744,*
M1vsM2_24m,natural_breaks,Relative Disturbance,NEPmax,Mid,49,-0.83632,67.3,0.003618,0.03583,*
M1vsM2_24m,natural_breaks,Relative Disturbance,WUE,Mid,49,-0.0037,51,0.1989,0.2797,ns
M1vsM2_24m,natural_breaks,Relative Disturbance,uWUE,Mid,49,-0.00615,53.1,0.4446,0.5002,ns
M1vsM2_24m,natural_breaks,Relative Disturbance,ETmax,High,24,2e-05,50,0.6813,0.6968,ns
M1vsM2_24m,natural_breaks,Relative Disturbance,GPPsat,High,24,-0.53724,70.8,0.01072,0.04311,*
M1vsM2_24m,natural_breaks,Relative Disturbance,NEPmax,High,24,-1.12218,62.5,0.01245,0.04311,*
M1vsM2_24m,natural_breaks,Relative Disturbance,WUE,High,24,-0.08724,75,0.01072,0.04311,*
M1vsM2_24m,natural_breaks,Relative Disturbance,uWUE,High,24,-0.07957,62.5,0.03064,0.07661,ns
M1vsM2_24m,natural_breaks,Relative Disturbance,ETmax,Low,39,-0.00136,53.8,0.4198,0.4907,ns
M1vsM2_24m,natural_breaks,Relative Disturbance,GPPsat,Low,39,-0.57761,66.7,0.0284,0.07517,ns
M1vsM2_24m,natural_breaks,Relative Disturbance,NEPmax,Low,39,-0.33034,59,0.1916,0.2781,ns
M1vsM2_24m,natural_breaks,Relative Disturbance,WUE,Low,39,-0.02686,53.8,0.2152,0.2935,ns
M1vsM2_24m,natural_breaks,Relative Disturbance,uWUE,Low,39,-0.01551,53.8,0.4253,0.4907,ns
M3vsM4_12m,tertiles,Absolute Mortality,ETmax,High,37,0.00139,37.8,0.8773,0.9364,ns
M3vsM4_12m,tertiles,Absolute Mortality,GPPsat,High,37,-0.43652,70.3,0.02406,0.06369,ns
M3vsM4_12m,tertiles,Absolute Mortality,NEPmax,High,37,-0.71521,62.2,0.004332,0.02781,*
M3vsM4_12m,tertiles,Absolute Mortality,WUE,High,37,-0.03474,56.8,0.1634,0.2828,ns
M3vsM4_12m,tertiles,Absolute Mortality,uWUE,High,37,0.04507,40.5,0.68,0.765,ns
M3vsM4_12m,tertiles,Absolute Mortality,ETmax,Mid,37,0.00071,37.8,0.8679,0.9364,ns
M3vsM4_12m,tertiles,Absolute Mortality,GPPsat,Mid,37,-0.80521,73,0.01229,0.04255,*
M3vsM4_12m,tertiles,Absolute Mortality,NEPmax,Mid,37,-0.39511,59.5,0.04273,0.1012,ns
M3vsM4_12m,tertiles,Absolute Mortality,WUE,Mid,37,-0.01908,54.1,0.2033,0.3268,ns
M3vsM4_12m,tertiles,Absolute Mortality,uWUE,Mid,37,-0.03498,51.4,0.1053,0.2077,ns
M3vsM4_12m,tertiles,Absolute Mortality,ETmax,Low,38,-9e-05,52.6,0.1449,0.2608,ns
M3vsM4_12m,tertiles,Absolute Mortality,GPPsat,Low,38,-0.58412,71.1,0.001546,0.01927,*
M3vsM4_12m,tertiles,Absolute Mortality,NEPmax,Low,38,-0.75895,71.1,0.001004,0.01927,*
M3vsM4_12m,tertiles,Absolute Mortality,WUE,Low,38,-0.08179,63.2,0.2761,0.3882,ns
M3vsM4_12m,tertiles,Absolute Mortality,uWUE,Low,38,-0.0221,55.3,0.4366,0.5779,ns
M3vsM4_12m,tertiles,Relative Mortality,ETmax,High,37,0.00209,32.4,0.9637,0.9803,ns
M3vsM4_12m,tertiles,Relative Mortality,GPPsat,High,37,-0.62316,73,0.008571,0.03214,*
M3vsM4_12m,tertiles,Relative Mortality,NEPmax,High,37,-1.08296,64.9,0.001713,0.01927,*
M3vsM4_12m,tertiles,Relative Mortality,WUE,High,37,-0.07797,59.5,0.09216,0.1975,ns
M3vsM4_12m,tertiles,Relative Mortality,uWUE,High,37,0.00728,48.6,0.212,0.3289,ns
M3vsM4_12m,tertiles,Relative Mortality,ETmax,Mid,37,-0.0014,51.4,0.1421,0.2608,ns
M3vsM4_12m,tertiles,Relative Mortality,GPPsat,Mid,37,-0.43836,70.3,0.004944,0.02781,*
M3vsM4_12m,tertiles,Relative Mortality,NEPmax,Mid,37,-0.6748,64.9,0.008571,0.03214,*
M3vsM4_12m,tertiles,Relative Mortality,WUE,Mid,37,-0.06866,62.2,0.1787,0.2979,ns
M3vsM4_12m,tertiles,Relative Mortality,uWUE,Mid,37,-0.02484,51.4,0.2632,0.382,ns
M3vsM4_12m,tertiles,Relative Mortality,ETmax,Low,38,0.00045,44.7,0.6252,0.7403,ns
M3vsM4_12m,tertiles,Relative Mortality,GPPsat,Low,38,-0.73379,71.1,0.008358,0.03214,*
M3vsM4_12m,tertiles,Relative Mortality,NEPmax,Low,38,-0.36372,63.2,0.01427,0.04586,*
M3vsM4_12m,tertiles,Relative Mortality,WUE,Low,38,-0.0335,52.6,0.3694,0.5037,ns
M3vsM4_12m,tertiles,Relative Mortality,uWUE,Low,38,0.01239,47.4,0.663,0.765,ns
M3vsM4_12m,tertiles,Relative Disturbance,ETmax,High,37,0.00139,37.8,0.8947,0.9364,ns
M3vsM4_12m,tertiles,Relative Disturbance,GPPsat,High,37,-0.62316,73,0.01549,0.04647,*
M3vsM4_12m,tertiles,Relative Disturbance,NEPmax,High,37,-1.5117,62.2,0.001554,0.01927,*
M3vsM4_12m,tertiles,Relative Disturbance,WUE,High,37,-0.09632,62.2,0.08727,0.1964,ns
M3vsM4_12m,tertiles,Relative Disturbance,uWUE,High,37,-0.01609,51.4,0.2208,0.3312,ns
M3vsM4_12m,tertiles,Relative Disturbance,ETmax,Mid,37,-0.00225,59.5,0.02161,0.06078,ns
M3vsM4_12m,tertiles,Relative Disturbance,GPPsat,Mid,37,-0.29644,64.9,0.007893,0.03214,*
M3vsM4_12m,tertiles,Relative Disturbance,NEPmax,Mid,37,-0.71521,67.6,0.003963,0.02781,*
M3vsM4_12m,tertiles,Relative Disturbance,WUE,Mid,37,-0.04891,54.1,0.5361,0.652,ns
M3vsM4_12m,tertiles,Relative Disturbance,uWUE,Mid,37,0.01283,48.6,0.4699,0.5874,ns
M3vsM4_12m,tertiles,Relative Disturbance,ETmax,Low,38,0.00108,31.6,0.9803,0.9803,ns
M3vsM4_12m,tertiles,Relative Disturbance,GPPsat,Low,38,-0.75098,76.3,0.002681,0.02413,*
M3vsM4_12m,tertiles,Relative Disturbance,NEPmax,Low,38,-0.37381,63.2,0.02779,0.06948,ns
M3vsM4_12m,tertiles,Relative Disturbance,WUE,Low,38,-0.0371,57.9,0.1062,0.2077,ns
M3vsM4_12m,tertiles,Relative Disturbance,uWUE,Low,38,0.01239,47.4,0.4538,0.5835,ns
M3vsM4_12m,equal_width,Absolute Mortality,ETmax,Mid,52,0.00055,46.2,0.6772,0.8228,ns
M3vsM4_12m,equal_width,Absolute Mortality,GPPsat,Mid,52,-0.36648,61.5,0.1004,0.2258,ns
M3vsM4_12m,equal_width,Absolute Mortality,NEPmax,Mid,52,-0.26919,53.8,0.09108,0.2157,ns
M3vsM4_12m,equal_width,Absolute Mortality,WUE,Mid,52,-0.04792,59.6,0.1247,0.2671,ns
M3vsM4_12m,equal_width,Absolute Mortality,uWUE,Mid,52,-0.02553,51.9,0.1661,0.3249,ns
M3vsM4_12m,equal_width,Absolute Mortality,ETmax,Low,54,5e-04,44.4,0.3816,0.5921,ns
M3vsM4_12m,equal_width,Absolute Mortality,GPPsat,Low,54,-0.88022,77.8,1.725e-05,0.0007763,***
M3vsM4_12m,equal_width,Absolute Mortality,NEPmax,Low,54,-0.85151,72.2,4.471e-05,0.001006,**
M3vsM4_12m,equal_width,Absolute Mortality,WUE,Low,54,-0.05904,57.4,0.183,0.3431,ns
M3vsM4_12m,equal_width,Absolute Mortality,uWUE,Low,54,0.01239,48.1,0.5684,0.775,ns
M3vsM4_12m,equal_width,Absolute Mortality,ETmax,High,6,0.0074,0,0.9895,0.9895,ns
M3vsM4_12m,equal_width,Absolute Mortality,GPPsat,High,6,-1.02074,100,0.01802,0.0737,ns
M3vsM4_12m,equal_width,Absolute Mortality,NEPmax,High,6,-2.56934,83.3,0.02959,0.0951,ns
M3vsM4_12m,equal_width,Absolute Mortality,WUE,High,6,-0.07725,50,0.417,0.6255,ns
M3vsM4_12m,equal_width,Absolute Mortality,uWUE,High,6,0.05419,33.3,0.5,0.7031,ns
M3vsM4_12m,equal_width,Relative Mortality,ETmax,Mid,34,0.00135,35.3,0.894,0.9505,ns
M3vsM4_12m,equal_width,Relative Mortality,GPPsat,Mid,34,-0.83914,82.4,0.0009858,0.005545,**
M3vsM4_12m,equal_width,Relative Mortality,NEPmax,Mid,34,-1.87899,76.5,0.0001547,0.001786,**
M3vsM4_12m,equal_width,Relative Mortality,WUE,Mid,34,0.046,47.1,0.6209,0.7982,ns
M3vsM4_12m,equal_width,Relative Mortality,uWUE,Mid,34,0.08528,35.3,0.7475,0.8625,ns
M3vsM4_12m,equal_width,Relative Mortality,ETmax,High,8,0.00343,37.5,0.9083,0.9505,ns
M3vsM4_12m,equal_width,Relative Mortality,GPPsat,High,8,0.44661,37.5,0.7794,0.8768,ns
M3vsM4_12m,equal_width,Relative Mortality,NEPmax,High,8,0.24994,37.5,0.3631,0.5836,ns
M3vsM4_12m,equal_width,Relative Mortality,WUE,High,8,-0.19261,87.5,0.05366,0.1509,ns
M3vsM4_12m,equal_width,Relative Mortality,uWUE,High,8,-0.18594,75,0.05366,0.1509,ns
M3vsM4_12m,equal_width,Relative Mortality,ETmax,Low,70,0.00039,47.1,0.2931,0.4886,ns
M3vsM4_12m,equal_width,Relative Mortality,GPPsat,Low,70,-0.51472,70,0.0002381,0.001786,**
M3vsM4_12m,equal_width,Relative Mortality,NEPmax,Low,70,-0.36372,61.4,0.004764,0.02382,*
M3vsM4_12m,equal_width,Relative Mortality,WUE,Low,70,-0.06363,60,0.08362,0.2157,ns
M3vsM4_12m,equal_width,Relative Mortality,uWUE,Low,70,-0.0221,52.9,0.2851,0.4886,ns
M3vsM4_12m,equal_width,Relative Disturbance,ETmax,Mid,39,0.00062,46.2,0.4694,0.6814,ns
M3vsM4_12m,equal_width,Relative Disturbance,GPPsat,Mid,39,-0.87307,82.1,0.0007498,0.00482,**
M3vsM4_12m,equal_width,Relative Disturbance,NEPmax,Mid,39,-1.55292,71.8,0.0001915,0.001786,**
M3vsM4_12m,equal_width,Relative Disturbance,WUE,Mid,39,0.04027,48.7,0.6648,0.8228,ns
M3vsM4_12m,equal_width,Relative Disturbance,uWUE,Mid,39,0.08342,35.9,0.8752,0.9505,ns
M3vsM4_12m,equal_width,Relative Disturbance,ETmax,High,10,0.00176,30,0.9369,0.9582,ns
M3vsM4_12m,equal_width,Relative Disturbance,GPPsat,High,10,0.44661,40,0.6949,0.8228,ns
M3vsM4_12m,equal_width,Relative Disturbance,NEPmax,High,10,-0.78701,50,0.1311,0.2682,ns
M3vsM4_12m,equal_width,Relative Disturbance,WUE,High,10,-0.19261,90,0.02639,0.09136,ns
M3vsM4_12m,equal_width,Relative Disturbance,uWUE,High,10,-0.26322,80,0.02075,0.0778,ns
M3vsM4_12m,equal_width,Relative Disturbance,ETmax,Low,63,0.00064,42.9,0.6013,0.7958,ns
M3vsM4_12m,equal_width,Relative Disturbance,GPPsat,Low,63,-0.48558,69.8,0.0002371,0.001786,**
M3vsM4_12m,equal_width,Relative Disturbance,NEPmax,Low,63,-0.37495,61.9,0.008842,0.03979,*
M3vsM4_12m,equal_width,Relative Disturbance,WUE,Low,63,-0.0626,58.7,0.09038,0.2157,ns
M3vsM4_12m,equal_width,Relative Disturbance,uWUE,Low,63,-0.01936,52.4,0.2884,0.4886,ns
M3vsM4_12m,natural_breaks,Absolute Mortality,ETmax,High,29,0.00139,37.9,0.7944,0.8719,ns
M3vsM4_12m,natural_breaks,Absolute Mortality,GPPsat,High,29,-0.43836,72.4,0.03993,0.09934,ns
M3vsM4_12m,natural_breaks,Absolute Mortality,NEPmax,High,29,-0.71521,65.5,0.00685,0.02802,*
M3vsM4_12m,natural_breaks,Absolute Mortality,WUE,High,29,-0.04729,58.6,0.1819,0.2822,ns
M3vsM4_12m,natural_breaks,Absolute Mortality,uWUE,High,29,0.05524,37.9,0.6751,0.7804,ns
M3vsM4_12m,natural_breaks,Absolute Mortality,ETmax,Mid,46,0.00067,39.1,0.8994,0.9413,ns
M3vsM4_12m,natural_breaks,Absolute Mortality,GPPsat,Mid,46,-0.64172,71.7,0.005627,0.02532,*
M3vsM4_12m,natural_breaks,Absolute Mortality,NEPmax,Mid,46,-0.41105,58.7,0.01702,0.05472,ns
M3vsM4_12m,natural_breaks,Absolute Mortality,WUE,Mid,46,-0.02109,54.3,0.1373,0.2376,ns
M3vsM4_12m,natural_breaks,Absolute Mortality,uWUE,Mid,46,-0.03909,52.2,0.08602,0.1683,ns
M3vsM4_12m,natural_breaks,Absolute Mortality,ETmax,Low,37,-8e-05,51.4,0.1489,0.2394,ns
M3vsM4_12m,natural_breaks,Absolute Mortality,GPPsat,Low,37,-0.54385,70.3,0.002177,0.02013,*
M3vsM4_12m,natural_breaks,Absolute Mortality,NEPmax,Low,37,-0.66594,70.3,0.001713,0.02013,*
M3vsM4_12m,natural_breaks,Absolute Mortality,WUE,Low,37,-0.07389,62.2,0.32,0.4645,ns
M3vsM4_12m,natural_breaks,Absolute Mortality,uWUE,Low,37,-0.01936,54.1,0.512,0.6498,ns
M3vsM4_12m,natural_breaks,Relative Mortality,ETmax,Mid,45,-0.0014,51.1,0.09713,0.1748,ns
M3vsM4_12m,natural_breaks,Relative Mortality,GPPsat,Mid,45,-0.43836,71.1,0.002304,0.02013,*
M3vsM4_12m,natural_breaks,Relative Mortality,NEPmax,Mid,45,-0.89966,68.9,0.003611,0.02321,*
M3vsM4_12m,natural_breaks,Relative Mortality,WUE,Mid,45,-0.04729,55.6,0.3632,0.5108,ns
M3vsM4_12m,natural_breaks,Relative Mortality,uWUE,Mid,45,0.02453,46.7,0.4551,0.6205,ns
M3vsM4_12m,natural_breaks,Relative Mortality,ETmax,High,26,0.00212,30.8,0.9789,0.9789,ns
M3vsM4_12m,natural_breaks,Relative Mortality,GPPsat,High,26,-0.58991,73.1,0.03567,0.09934,ns
M3vsM4_12m,natural_breaks,Relative Mortality,NEPmax,High,26,-1.78138,61.5,0.004791,0.02395,*
M3vsM4_12m,natural_breaks,Relative Mortality,WUE,High,26,-0.15905,69.2,0.04684,0.1054,ns
M3vsM4_12m,natural_breaks,Relative Mortality,uWUE,High,26,-0.06493,57.7,0.07036,0.1508,ns
M3vsM4_12m,natural_breaks,Relative Mortality,ETmax,Low,41,0.00075,41.5,0.7891,0.8719,ns
M3vsM4_12m,natural_breaks,Relative Mortality,GPPsat,Low,41,-0.84319,70.7,0.004428,0.02395,*
M3vsM4_12m,natural_breaks,Relative Mortality,NEPmax,Low,41,-0.3525,61,0.01426,0.04937,*
M3vsM4_12m,natural_breaks,Relative Mortality,WUE,Low,41,-0.02564,53.7,0.2712,0.4069,ns
M3vsM4_12m,natural_breaks,Relative Mortality,uWUE,Low,41,0.01563,46.3,0.6702,0.7804,ns
M3vsM4_12m,natural_breaks,Relative Disturbance,ETmax,Mid,49,-0.0014,53.1,0.08492,0.1683,ns
M3vsM4_12m,natural_breaks,Relative Disturbance,GPPsat,Mid,49,-0.48558,69.4,0.0008937,0.02011,*
M3vsM4_12m,natural_breaks,Relative Disturbance,NEPmax,Mid,49,-0.96726,67.3,0.0005918,0.02011,*
M3vsM4_12m,natural_breaks,Relative Disturbance,WUE,Mid,49,-0.04891,53.1,0.5198,0.6498,ns
M3vsM4_12m,natural_breaks,Relative Disturbance,uWUE,Mid,49,0.04507,44.9,0.6764,0.7804,ns
M3vsM4_12m,natural_breaks,Relative Disturbance,ETmax,High,24,0.00116,37.5,0.858,0.9193,ns
M3vsM4_12m,natural_breaks,Relative Disturbance,GPPsat,High,24,-0.4725,70.8,0.0968,0.1748,ns
M3vsM4_12m,natural_breaks,Relative Disturbance,NEPmax,High,24,-1.29004,62.5,0.008523,0.03196,*
M3vsM4_12m,natural_breaks,Relative Disturbance,WUE,High,24,-0.15905,70.8,0.04194,0.09934,ns
M3vsM4_12m,natural_breaks,Relative Disturbance,uWUE,High,24,-0.07104,62.5,0.03482,0.09934,ns
M3vsM4_12m,natural_breaks,Relative Disturbance,ETmax,Low,39,0.00102,33.3,0.9688,0.9789,ns
M3vsM4_12m,natural_breaks,Relative Disturbance,GPPsat,Low,39,-0.65877,74.4,0.002684,0.02013,*
M3vsM4_12m,natural_breaks,Relative Disturbance,NEPmax,Low,39,-0.3525,61.5,0.04116,0.09934,ns
M3vsM4_12m,natural_breaks,Relative Disturbance,WUE,Low,39,-0.02564,56.4,0.146,0.2394,ns
M3vsM4_12m,natural_breaks,Relative Disturbance,uWUE,Low,39,0.01563,46.2,0.4916,0.6498,ns
M3vsM4_24m,tertiles,Absolute Mortality,ETmax,High,37,6e-05,48.6,0.6691,0.6691,ns
M3vsM4_24m,tertiles,Absolute Mortality,GPPsat,High,37,-0.75809,67.6,0.03069,0.1062,ns
M3vsM4_24m,tertiles,Absolute Mortality,NEPmax,High,37,-0.70949,64.9,0.01329,0.08999,ns
M3vsM4_24m,tertiles,Absolute Mortality,WUE,High,37,0.03051,43.2,0.548,0.5735,ns
M3vsM4_24m,tertiles,Absolute Mortality,uWUE,High,37,-0.02042,54.1,0.353,0.4247,ns
M3vsM4_24m,tertiles,Absolute Mortality,ETmax,Mid,37,-0.00057,62.2,0.2486,0.3729,ns
M3vsM4_24m,tertiles,Absolute Mortality,GPPsat,Mid,37,-0.39535,67.6,0.02866,0.1062,ns
M3vsM4_24m,tertiles,Absolute Mortality,NEPmax,Mid,37,-0.60256,67.6,0.06379,0.1902,ns
M3vsM4_24m,tertiles,Absolute Mortality,WUE,Mid,37,0.00566,48.6,0.2345,0.3729,ns
M3vsM4_24m,tertiles,Absolute Mortality,uWUE,Mid,37,-0.03325,51.4,0.304,0.4064,ns
M3vsM4_24m,tertiles,Absolute Mortality,ETmax,Low,38,-0.00134,57.9,0.1321,0.2728,ns
M3vsM4_24m,tertiles,Absolute Mortality,GPPsat,Low,38,-0.29766,60.5,0.02347,0.09602,ns
M3vsM4_24m,tertiles,Absolute Mortality,NEPmax,Low,38,-0.46072,60.5,0.009043,0.08999,ns
M3vsM4_24m,tertiles,Absolute Mortality,WUE,Low,38,-0.06858,60.5,0.06762,0.1902,ns
M3vsM4_24m,tertiles,Absolute Mortality,uWUE,Low,38,-0.05196,55.3,0.1384,0.2728,ns
M3vsM4_24m,tertiles,Relative Mortality,ETmax,High,37,-0.00097,56.8,0.3586,0.4247,ns
M3vsM4_24m,tertiles,Relative Mortality,GPPsat,High,37,-0.67759,70.3,0.01734,0.08999,ns
M3vsM4_24m,tertiles,Relative Mortality,NEPmax,High,37,-0.37365,64.9,0.01435,0.08999,ns
M3vsM4_24m,tertiles,Relative Mortality,WUE,High,37,0.00974,48.6,0.3093,0.4064,ns
M3vsM4_24m,tertiles,Relative Mortality,uWUE,High,37,-0.0372,56.8,0.2781,0.3911,ns
M3vsM4_24m,tertiles,Relative Mortality,ETmax,Mid,37,-0.00018,54.1,0.5241,0.5615,ns
M3vsM4_24m,tertiles,Relative Mortality,GPPsat,Mid,37,-0.80011,67.6,0.004732,0.08999,ns
M3vsM4_24m,tertiles,Relative Mortality,NEPmax,Mid,37,-0.76411,67.6,0.018,0.08999,ns
M3vsM4_24m,tertiles,Relative Mortality,WUE,Mid,37,-0.02429,54.1,0.0803,0.1902,ns
M3vsM4_24m,tertiles,Relative Mortality,uWUE,Mid,37,-0.08245,62.2,0.07808,0.1902,ns
M3vsM4_24m,tertiles,Relative Mortality,ETmax,Low,38,-0.00084,57.9,0.1805,0.3248,ns
M3vsM4_24m,tertiles,Relative Mortality,GPPsat,Low,38,-0.19804,57.9,0.1172,0.2637,ns
M3vsM4_24m,tertiles,Relative Mortality,NEPmax,Low,38,-0.40516,60.5,0.02347,0.09602,ns
M3vsM4_24m,tertiles,Relative Mortality,WUE,Low,38,-0.00936,50,0.3804,0.4389,ns
M3vsM4_24m,tertiles,Relative Mortality,uWUE,Low,38,0.03174,42.1,0.6141,0.6281,ns
M3vsM4_24m,tertiles,Relative Disturbance,ETmax,High,37,-0.00016,51.4,0.4105,0.4618,ns
M3vsM4_24m,tertiles,Relative Disturbance,GPPsat,High,37,-0.64741,64.9,0.07808,0.1902,ns
M3vsM4_24m,tertiles,Relative Disturbance,NEPmax,High,37,-0.37365,64.9,0.008929,0.08999,ns
M3vsM4_24m,tertiles,Relative Disturbance,WUE,High,37,0.00566,48.6,0.2439,0.3729,ns
M3vsM4_24m,tertiles,Relative Disturbance,uWUE,High,37,-0.0372,54.1,0.2208,0.368,ns
M3vsM4_24m,tertiles,Relative Disturbance,ETmax,Mid,37,-0.00118,62.2,0.2033,0.3519,ns
M3vsM4_24m,tertiles,Relative Disturbance,GPPsat,Mid,37,-0.84896,75.7,0.0005597,0.02519,*
M3vsM4_24m,tertiles,Relative Disturbance,NEPmax,Mid,37,-0.76411,67.6,0.01008,0.08999,ns
M3vsM4_24m,tertiles,Relative Disturbance,WUE,Mid,37,-0.03001,54.1,0.1455,0.2728,ns
M3vsM4_24m,tertiles,Relative Disturbance,uWUE,Mid,37,-0.03095,59.5,0.353,0.4247,ns
M3vsM4_24m,tertiles,Relative Disturbance,ETmax,Low,38,-0.00049,55.3,0.4942,0.5424,ns
M3vsM4_24m,tertiles,Relative Disturbance,GPPsat,Low,38,-0.105,55.3,0.1449,0.2728,ns
M3vsM4_24m,tertiles,Relative Disturbance,NEPmax,Low,38,-0.40516,60.5,0.05697,0.1831,ns
M3vsM4_24m,tertiles,Relative Disturbance,WUE,Low,38,-0.00223,50,0.3161,0.4064,ns
M3vsM4_24m,tertiles,Relative Disturbance,uWUE,Low,38,0.0117,47.4,0.257,0.3731,ns
M3vsM4_24m,equal_width,Absolute Mortality,ETmax,Mid,52,-9e-05,51.9,0.5054,0.6499,ns
M3vsM4_24m,equal_width,Absolute Mortality,GPPsat,Mid,52,-0.34443,63.5,0.1323,0.2706,ns
M3vsM4_24m,equal_width,Absolute Mortality,NEPmax,Mid,52,-0.29924,57.7,0.2345,0.3769,ns
M3vsM4_24m,equal_width,Absolute Mortality,WUE,Mid,52,0.0077,48.1,0.3003,0.4577,ns
M3vsM4_24m,equal_width,Absolute Mortality,uWUE,Mid,52,-0.02406,55.8,0.1898,0.3416,ns
M3vsM4_24m,equal_width,Absolute Mortality,ETmax,Low,54,-0.00122,63,0.0777,0.1968,ns
M3vsM4_24m,equal_width,Absolute Mortality,GPPsat,Low,54,-0.44975,63,0.001709,0.01281,*
M3vsM4_24m,equal_width,Absolute Mortality,NEPmax,Low,54,-0.5478,66.7,0.0003464,0.00781,**
M3vsM4_24m,equal_width,Absolute Mortality,WUE,Low,54,-0.05776,53.7,0.09531,0.2257,ns
M3vsM4_24m,equal_width,Absolute Mortality,uWUE,Low,54,-0.01212,50,0.3718,0.5397,ns
M3vsM4_24m,equal_width,Absolute Mortality,ETmax,High,6,0.00388,33.3,0.8527,0.8894,ns
M3vsM4_24m,equal_width,Absolute Mortality,GPPsat,High,6,-1.5905,100,0.01802,0.08107,ns
M3vsM4_24m,equal_width,Absolute Mortality,NEPmax,High,6,-2.37439,100,0.01802,0.08107,ns
M3vsM4_24m,equal_width,Absolute Mortality,WUE,High,6,0.00376,50,0.583,0.7288,ns
M3vsM4_24m,equal_width,Absolute Mortality,uWUE,High,6,-0.04428,66.7,0.2008,0.3466,ns
M3vsM4_24m,equal_width,Relative Mortality,ETmax,Mid,34,-0.00073,55.9,0.4524,0.5987,ns
M3vsM4_24m,equal_width,Relative Mortality,GPPsat,Mid,34,-0.82242,79.4,0.0006942,0.00781,**
M3vsM4_24m,equal_width,Relative Mortality,NEPmax,Mid,34,-1.2473,73.5,0.00117,0.01053,*
M3vsM4_24m,equal_width,Relative Mortality,WUE,Mid,34,0.03274,41.2,0.7309,0.7831,ns
M3vsM4_24m,equal_width,Relative Mortality,uWUE,Mid,34,-0.01212,50,0.6402,0.7581,ns
M3vsM4_24m,equal_width,Relative Mortality,ETmax,High,8,0.00011,37.5,0.6369,0.7581,ns
M3vsM4_24m,equal_width,Relative Mortality,GPPsat,High,8,0.19669,50,0.688,0.7816,ns
M3vsM4_24m,equal_width,Relative Mortality,NEPmax,High,8,0.10837,50,0.4168,0.5684,ns
M3vsM4_24m,equal_width,Relative Mortality,WUE,High,8,-0.17809,62.5,0.1814,0.3401,ns
M3vsM4_24m,equal_width,Relative Mortality,uWUE,High,8,-0.17356,62.5,0.1814,0.3401,ns
M3vsM4_24m,equal_width,Relative Mortality,ETmax,Low,70,-0.00058,58.6,0.208,0.3466,ns
M3vsM4_24m,equal_width,Relative Mortality,GPPsat,Low,70,-0.32404,60,0.0125,0.07032,ns
M3vsM4_24m,equal_width,Relative Mortality,NEPmax,Low,70,-0.52073,61.4,0.009619,0.06184,ns
M3vsM4_24m,equal_width,Relative Mortality,WUE,Low,70,-0.03626,54.3,0.04595,0.1591,ns
M3vsM4_24m,equal_width,Relative Mortality,uWUE,Low,70,-0.02822,54.3,0.1095,0.2347,ns
M3vsM4_24m,equal_width,Relative Disturbance,ETmax,Mid,39,-0.00121,61.5,0.1084,0.2347,ns
M3vsM4_24m,equal_width,Relative Disturbance,GPPsat,Mid,39,-0.86502,79.5,0.0006808,0.00781,**
M3vsM4_24m,equal_width,Relative Disturbance,NEPmax,Mid,39,-1.00898,71.8,0.00056,0.00781,**
M3vsM4_24m,equal_width,Relative Disturbance,WUE,Mid,39,0.03051,41,0.6947,0.7816,ns
M3vsM4_24m,equal_width,Relative Disturbance,uWUE,Mid,39,0.02269,46.2,0.878,0.8894,ns
M3vsM4_24m,equal_width,Relative Disturbance,ETmax,High,10,0.00032,30,0.8894,0.8894,ns
M3vsM4_24m,equal_width,Relative Disturbance,GPPsat,High,10,0.19669,50,0.7296,0.7831,ns
M3vsM4_24m,equal_width,Relative Disturbance,NEPmax,High,10,-0.36969,60,0.3051,0.4577,ns
M3vsM4_24m,equal_width,Relative Disturbance,WUE,High,10,-0.17809,70,0.07679,0.1968,ns
M3vsM4_24m,equal_width,Relative Disturbance,uWUE,High,10,-0.27216,70,0.07679,0.1968,ns
M3vsM4_24m,equal_width,Relative Disturbance,ETmax,Low,63,-0.00057,57.1,0.3961,0.557,ns
M3vsM4_24m,equal_width,Relative Disturbance,GPPsat,Low,63,-0.21716,58.7,0.02225,0.09103,ns
M3vsM4_24m,equal_width,Relative Disturbance,NEPmax,Low,63,-0.5011,60.3,0.02492,0.09343,ns
M3vsM4_24m,equal_width,Relative Disturbance,WUE,Low,63,-0.02463,54,0.07872,0.1968,ns
M3vsM4_24m,equal_width,Relative Disturbance,uWUE,Low,63,-0.03879,55.6,0.06471,0.1968,ns
M3vsM4_24m,natural_breaks,Absolute Mortality,ETmax,High,29,-0.00046,51.7,0.543,0.5818,ns
M3vsM4_24m,natural_breaks,Absolute Mortality,GPPsat,High,29,-0.81484,72.4,0.03635,0.1192,ns
M3vsM4_24m,natural_breaks,Absolute Mortality,NEPmax,High,29,-0.70949,65.5,0.01895,0.1054,ns
M3vsM4_24m,natural_breaks,Absolute Mortality,WUE,High,29,0.02519,48.3,0.4484,0.5044,ns
M3vsM4_24m,natural_breaks,Absolute Mortality,uWUE,High,29,-0.02042,55.2,0.406,0.4808,ns
M3vsM4_24m,natural_breaks,Absolute Mortality,ETmax,Mid,46,-0.00037,58.7,0.3757,0.4573,ns
M3vsM4_24m,natural_breaks,Absolute Mortality,GPPsat,Mid,46,-0.37495,65.2,0.02107,0.1054,ns
M3vsM4_24m,natural_breaks,Absolute Mortality,NEPmax,Mid,46,-0.64003,67.4,0.02937,0.1192,ns
M3vsM4_24m,natural_breaks,Absolute Mortality,WUE,Mid,46,0.01258,45.7,0.2703,0.4195,ns
M3vsM4_24m,natural_breaks,Absolute Mortality,uWUE,Mid,46,-0.03602,52.2,0.1765,0.3162,ns
M3vsM4_24m,natural_breaks,Absolute Mortality,ETmax,Low,37,-0.00123,56.8,0.1455,0.2728,ns
M3vsM4_24m,natural_breaks,Absolute Mortality,GPPsat,Low,37,-0.21716,59.5,0.03069,0.1192,ns
M3vsM4_24m,natural_breaks,Absolute Mortality,NEPmax,Low,37,-0.42034,59.5,0.01435,0.1054,ns
M3vsM4_24m,natural_breaks,Absolute Mortality,WUE,Low,37,-0.06692,59.5,0.09216,0.2088,ns
M3vsM4_24m,natural_breaks,Absolute Mortality,uWUE,Low,37,-0.04799,54.1,0.1827,0.3162,ns
M3vsM4_24m,natural_breaks,Relative Mortality,ETmax,Mid,45,-0.00058,60,0.2082,0.3346,ns
M3vsM4_24m,natural_breaks,Relative Mortality,GPPsat,Mid,45,-0.81484,71.1,0.001197,0.02694,*
M3vsM4_24m,natural_breaks,Relative Mortality,NEPmax,Mid,45,-0.83729,66.7,0.008357,0.09401,ns
M3vsM4_24m,natural_breaks,Relative Mortality,WUE,Mid,45,0.00566,48.9,0.3299,0.4489,ns
M3vsM4_24m,natural_breaks,Relative Mortality,uWUE,Mid,45,-0.03095,57.8,0.376,0.4573,ns
M3vsM4_24m,natural_breaks,Relative Mortality,ETmax,High,26,-6e-05,50,0.6294,0.6586,ns
M3vsM4_24m,natural_breaks,Relative Mortality,GPPsat,High,26,-0.63828,65.4,0.1021,0.2088,ns
M3vsM4_24m,natural_breaks,Relative Mortality,NEPmax,High,26,-0.4441,69.2,0.01864,0.1054,ns
M3vsM4_24m,natural_breaks,Relative Mortality,WUE,High,26,-0.10132,57.7,0.09761,0.2088,ns
M3vsM4_24m,natural_breaks,Relative Mortality,uWUE,High,26,-0.05428,61.5,0.08511,0.2088,ns
M3vsM4_24m,natural_breaks,Relative Mortality,ETmax,Low,41,-0.00057,56.1,0.2931,0.436,ns
M3vsM4_24m,natural_breaks,Relative Mortality,GPPsat,Low,41,-0.17892,58.5,0.08279,0.2088,ns
M3vsM4_24m,natural_breaks,Relative Mortality,NEPmax,Low,41,-0.30921,58.5,0.03194,0.1192,ns
M3vsM4_24m,natural_breaks,Relative Mortality,WUE,Low,41,0.00591,48.8,0.3392,0.4489,ns
M3vsM4_24m,natural_breaks,Relative Mortality,uWUE,Low,41,0.02413,43.9,0.5,0.5488,ns
M3vsM4_24m,natural_breaks,Relative Disturbance,ETmax,Mid,49,-0.00118,63.3,0.09798,0.2088,ns
M3vsM4_24m,natural_breaks,Relative Disturbance,GPPsat,Mid,49,-0.86502,73.5,0.0004791,0.02156,*
M3vsM4_24m,natural_breaks,Relative Disturbance,NEPmax,Mid,49,-0.67751,63.3,0.006093,0.09139,ns
M3vsM4_24m,natural_breaks,Relative Disturbance,WUE,Mid,49,0.00566,49,0.3601,0.4573,ns
M3vsM4_24m,natural_breaks,Relative Disturbance,uWUE,Mid,49,-0.02319,55.1,0.6583,0.6733,ns
M3vsM4_24m,natural_breaks,Relative Disturbance,ETmax,High,24,0.00013,41.7,0.7923,0.7923,ns
M3vsM4_24m,natural_breaks,Relative Disturbance,GPPsat,High,24,-0.63828,66.7,0.1179,0.2306,ns
M3vsM4_24m,natural_breaks,Relative Disturbance,NEPmax,High,24,-0.61812,70.8,0.01786,0.1054,ns
M3vsM4_24m,natural_breaks,Relative Disturbance,WUE,High,24,-0.10132,58.3,0.06681,0.1879,ns
M3vsM4_24m,natural_breaks,Relative Disturbance,uWUE,High,24,-0.05953,62.5,0.03707,0.1192,ns
M3vsM4_24m,natural_breaks,Relative Disturbance,ETmax,Low,39,-0.00057,56.4,0.4198,0.4844,ns
M3vsM4_24m,natural_breaks,Relative Disturbance,GPPsat,Low,39,-0.0554,53.8,0.1993,0.3321,ns
M3vsM4_24m,natural_breaks,Relative Disturbance,NEPmax,Low,39,-0.5011,61.5,0.04499,0.135,ns
M3vsM4_24m,natural_breaks,Relative Disturbance,WUE,Low,39,0.00591,48.7,0.3352,0.4489,ns
M3vsM4_24m,natural_breaks,Relative Disturbance,uWUE,Low,39,0.01669,46.2,0.3004,0.436,ns
M5vsM6_raw_12m,tertiles,Absolute Mortality,ETmax,High,37,-0.00179,64.9,0.03285,0.415,ns
M5vsM6_raw_12m,tertiles,Absolute Mortality,GPPsat,High,37,0.19311,45.9,0.9197,0.9197,ns
M5vsM6_raw_12m,tertiles,Absolute Mortality,NEPmax,High,37,0.13756,43.2,0.607,0.8945,ns
M5vsM6_raw_12m,tertiles,Absolute Mortality,WUE,High,37,-0.00313,51.4,0.32,0.6204,ns
M5vsM6_raw_12m,tertiles,Absolute Mortality,uWUE,High,37,-0.00604,51.4,0.452,0.7732,ns
M5vsM6_raw_12m,tertiles,Absolute Mortality,ETmax,Mid,37,4e-05,48.6,0.8366,0.8999,ns
M5vsM6_raw_12m,tertiles,Absolute Mortality,GPPsat,Mid,37,-0.21679,64.9,0.0657,0.4151,ns
M5vsM6_raw_12m,tertiles,Absolute Mortality,NEPmax,Mid,37,-0.08986,54.1,0.1227,0.4151,ns
M5vsM6_raw_12m,tertiles,Absolute Mortality,WUE,Mid,37,0.00322,45.9,0.7514,0.8999,ns
M5vsM6_raw_12m,tertiles,Absolute Mortality,uWUE,Mid,37,0.00607,45.9,0.7701,0.8999,ns
M5vsM6_raw_12m,tertiles,Absolute Mortality,ETmax,Low,38,-0.00299,68.4,0.01056,0.415,ns
M5vsM6_raw_12m,tertiles,Absolute Mortality,GPPsat,Low,38,-0.33358,63.2,0.05216,0.415,ns
M5vsM6_raw_12m,tertiles,Absolute Mortality,NEPmax,Low,38,-0.16229,63.2,0.1384,0.4151,ns
M5vsM6_raw_12m,tertiles,Absolute Mortality,WUE,Low,38,0.00125,50,0.6361,0.8945,ns
M5vsM6_raw_12m,tertiles,Absolute Mortality,uWUE,Low,38,0.00808,50,0.7239,0.8999,ns
M5vsM6_raw_12m,tertiles,Relative Mortality,ETmax,High,37,-0.00068,59.5,0.3309,0.6204,ns
M5vsM6_raw_12m,tertiles,Relative Mortality,GPPsat,High,37,0.05387,48.6,0.7792,0.8999,ns
M5vsM6_raw_12m,tertiles,Relative Mortality,NEPmax,High,37,0.04901,40.5,0.7655,0.8999,ns
M5vsM6_raw_12m,tertiles,Relative Mortality,WUE,High,37,0.01675,37.8,0.8291,0.8999,ns
M5vsM6_raw_12m,tertiles,Relative Mortality,uWUE,High,37,-0.00604,54.1,0.4639,0.7732,ns
M5vsM6_raw_12m,tertiles,Relative Mortality,ETmax,Mid,37,-0.00223,59.5,0.03285,0.415,ns
M5vsM6_raw_12m,tertiles,Relative Mortality,GPPsat,Mid,37,-0.27711,64.9,0.1227,0.4151,ns
M5vsM6_raw_12m,tertiles,Relative Mortality,NEPmax,Mid,37,-0.21629,59.5,0.1321,0.4151,ns
M5vsM6_raw_12m,tertiles,Relative Mortality,WUE,Mid,37,-0.02695,64.9,0.0759,0.4151,ns
M5vsM6_raw_12m,tertiles,Relative Mortality,uWUE,Mid,37,0.00703,48.6,0.446,0.7732,ns
M5vsM6_raw_12m,tertiles,Relative Mortality,ETmax,Low,38,-0.00124,63.2,0.0984,0.4151,ns
M5vsM6_raw_12m,tertiles,Relative Mortality,GPPsat,Low,38,-0.21893,60.5,0.1172,0.4151,ns
M5vsM6_raw_12m,tertiles,Relative Mortality,NEPmax,Low,38,-0.13948,60.5,0.05533,0.415,ns
M5vsM6_raw_12m,tertiles,Relative Mortality,WUE,Low,38,0.01481,44.7,0.871,0.8999,ns
M5vsM6_raw_12m,tertiles,Relative Mortality,uWUE,Low,38,0.01529,44.7,0.8799,0.8999,ns
M5vsM6_raw_12m,tertiles,Relative Disturbance,ETmax,High,37,-0.00068,62.2,0.1867,0.4422,ns
M5vsM6_raw_12m,tertiles,Relative Disturbance,GPPsat,High,37,-0.03365,54.1,0.6357,0.8945,ns
M5vsM6_raw_12m,tertiles,Relative Disturbance,NEPmax,High,37,0.04901,40.5,0.63,0.8945,ns
M5vsM6_raw_12m,tertiles,Relative Disturbance,WUE,High,37,0.01675,37.8,0.8439,0.8999,ns
M5vsM6_raw_12m,tertiles,Relative Disturbance,uWUE,High,37,-0.01115,59.5,0.3093,0.6204,ns
M5vsM6_raw_12m,tertiles,Relative Disturbance,ETmax,Mid,37,-0.00223,62.2,0.04412,0.415,ns
M5vsM6_raw_12m,tertiles,Relative Disturbance,GPPsat,Mid,37,-0.14076,59.5,0.1991,0.448,ns
M5vsM6_raw_12m,tertiles,Relative Disturbance,NEPmax,Mid,37,-0.1779,62.2,0.08727,0.4151,ns
M5vsM6_raw_12m,tertiles,Relative Disturbance,WUE,Mid,37,-0.01981,59.5,0.2253,0.4829,ns
M5vsM6_raw_12m,tertiles,Relative Disturbance,uWUE,Mid,37,0.01157,45.9,0.7065,0.8999,ns
M5vsM6_raw_12m,tertiles,Relative Disturbance,ETmax,Low,38,-0.00101,57.9,0.1767,0.4417,ns
M5vsM6_raw_12m,tertiles,Relative Disturbance,GPPsat,Low,38,-0.24655,60.5,0.155,0.436,ns
M5vsM6_raw_12m,tertiles,Relative Disturbance,NEPmax,Low,38,-0.08388,57.9,0.1729,0.4417,ns
M5vsM6_raw_12m,tertiles,Relative Disturbance,WUE,Low,38,0.00042,50,0.6196,0.8945,ns
M5vsM6_raw_12m,tertiles,Relative Disturbance,uWUE,Low,38,0.01598,42.1,0.8079,0.8999,ns
M5vsM6_raw_12m,equal_width,Absolute Mortality,ETmax,Mid,52,-0.00044,55.8,0.2545,0.626,ns
M5vsM6_raw_12m,equal_width,Absolute Mortality,GPPsat,Mid,52,-0.00447,50,0.757,0.9462,ns
M5vsM6_raw_12m,equal_width,Absolute Mortality,NEPmax,Mid,52,0.11103,42.3,0.7336,0.9432,ns
M5vsM6_raw_12m,equal_width,Absolute Mortality,WUE,Mid,52,-0.00236,51.9,0.4188,0.7202,ns
M5vsM6_raw_12m,equal_width,Absolute Mortality,uWUE,Mid,52,-0.00347,51.9,0.3732,0.7202,ns
M5vsM6_raw_12m,equal_width,Absolute Mortality,ETmax,Low,54,-0.00202,68.5,0.01075,0.1416,ns
M5vsM6_raw_12m,equal_width,Absolute Mortality,GPPsat,Low,54,-0.32077,64.8,0.02482,0.1861,ns
M5vsM6_raw_12m,equal_width,Absolute Mortality,NEPmax,Low,54,-0.17599,64.8,0.01259,0.1416,ns
M5vsM6_raw_12m,equal_width,Absolute Mortality,WUE,Low,54,0.00303,48.1,0.718,0.9432,ns
M5vsM6_raw_12m,equal_width,Absolute Mortality,uWUE,Low,54,0.02039,46.3,0.8843,0.9799,ns
M5vsM6_raw_12m,equal_width,Absolute Mortality,ETmax,High,6,0.00097,33.3,0.6625,0.9316,ns
M5vsM6_raw_12m,equal_width,Absolute Mortality,GPPsat,High,6,-0.11597,66.7,0.417,0.7202,ns
M5vsM6_raw_12m,equal_width,Absolute Mortality,NEPmax,High,6,-0.22161,50,0.3375,0.7202,ns
M5vsM6_raw_12m,equal_width,Absolute Mortality,WUE,High,6,0.01598,33.3,0.583,0.8745,ns
M5vsM6_raw_12m,equal_width,Absolute Mortality,uWUE,High,6,-0.01418,50,0.417,0.7202,ns
M5vsM6_raw_12m,equal_width,Relative Mortality,ETmax,Mid,34,-0.00057,58.8,0.2525,0.626,ns
M5vsM6_raw_12m,equal_width,Relative Mortality,GPPsat,Mid,34,-0.09114,55.9,0.4321,0.7202,ns
M5vsM6_raw_12m,equal_width,Relative Mortality,NEPmax,Mid,34,-0.04044,52.9,0.1649,0.4947,ns
M5vsM6_raw_12m,equal_width,Relative Mortality,WUE,Mid,34,0.02682,35.3,0.9623,0.9799,ns
M5vsM6_raw_12m,equal_width,Relative Mortality,uWUE,Mid,34,0.02602,38.2,0.9799,0.9799,ns
M5vsM6_raw_12m,equal_width,Relative Mortality,ETmax,High,8,-0.00048,50,0.4721,0.7587,ns
M5vsM6_raw_12m,equal_width,Relative Mortality,GPPsat,High,8,0.65368,25,0.9293,0.9799,ns
M5vsM6_raw_12m,equal_width,Relative Mortality,NEPmax,High,8,0.4481,25,0.883,0.9799,ns
M5vsM6_raw_12m,equal_width,Relative Mortality,WUE,High,8,-0.03025,50,0.2643,0.626,ns
M5vsM6_raw_12m,equal_width,Relative Mortality,uWUE,High,8,-0.06295,100,0.007133,0.1416,ns
M5vsM6_raw_12m,equal_width,Relative Mortality,ETmax,Low,70,-0.00163,62.9,0.01808,0.1627,ns
M5vsM6_raw_12m,equal_width,Relative Mortality,GPPsat,Low,70,-0.23675,62.9,0.04944,0.2781,ns
M5vsM6_raw_12m,equal_width,Relative Mortality,NEPmax,Low,70,-0.10916,57.1,0.1408,0.4947,ns
M5vsM6_raw_12m,equal_width,Relative Mortality,WUE,Low,70,-0.00671,55.7,0.3261,0.7202,ns
M5vsM6_raw_12m,equal_width,Relative Mortality,uWUE,Low,70,0.00634,48.6,0.6503,0.9316,ns
M5vsM6_raw_12m,equal_width,Relative Disturbance,ETmax,Mid,39,-0.00086,66.7,0.03429,0.2205,ns
M5vsM6_raw_12m,equal_width,Relative Disturbance,GPPsat,Mid,39,-0.14041,61.5,0.2277,0.626,ns
M5vsM6_raw_12m,equal_width,Relative Disturbance,NEPmax,Mid,39,-0.09982,56.4,0.1493,0.4947,ns
M5vsM6_raw_12m,equal_width,Relative Disturbance,WUE,Mid,39,0.02838,35.9,0.945,0.9799,ns
M5vsM6_raw_12m,equal_width,Relative Disturbance,uWUE,Mid,39,0.01193,43.6,0.9697,0.9799,ns
M5vsM6_raw_12m,equal_width,Relative Disturbance,ETmax,High,10,-0.00012,50,0.5406,0.8389,ns
M5vsM6_raw_12m,equal_width,Relative Disturbance,GPPsat,High,10,0.65368,30,0.9584,0.9799,ns
M5vsM6_raw_12m,equal_width,Relative Disturbance,NEPmax,High,10,0.33403,20,0.9232,0.9799,ns
M5vsM6_raw_12m,equal_width,Relative Disturbance,WUE,High,10,-0.04001,60,0.154,0.4947,ns
M5vsM6_raw_12m,equal_width,Relative Disturbance,uWUE,High,10,-0.06295,90,0.004023,0.1416,ns
M5vsM6_raw_12m,equal_width,Relative Disturbance,ETmax,Low,63,-0.00102,58.7,0.07673,0.3453,ns
M5vsM6_raw_12m,equal_width,Relative Disturbance,GPPsat,Low,63,-0.2534,60.3,0.063,0.315,ns
M5vsM6_raw_12m,equal_width,Relative Disturbance,NEPmax,Low,63,-0.08986,57.1,0.1405,0.4947,ns
M5vsM6_raw_12m,equal_width,Relative Disturbance,WUE,Low,63,-0.00935,55.6,0.3545,0.7202,ns
M5vsM6_raw_12m,equal_width,Relative Disturbance,uWUE,Low,63,0.01015,46,0.6878,0.9378,ns
M5vsM6_raw_12m,natural_breaks,Absolute Mortality,ETmax,High,29,-0.00046,58.6,0.1599,0.4987,ns
M5vsM6_raw_12m,natural_breaks,Absolute Mortality,GPPsat,High,29,-0.04073,51.7,0.7417,0.8784,ns
M5vsM6_raw_12m,natural_breaks,Absolute Mortality,NEPmax,High,29,0.27975,37.9,0.7276,0.8784,ns
M5vsM6_raw_12m,natural_breaks,Absolute Mortality,WUE,High,29,0.00915,44.8,0.3647,0.6312,ns
M5vsM6_raw_12m,natural_breaks,Absolute Mortality,uWUE,High,29,-0.00604,51.7,0.287,0.615,ns
M5vsM6_raw_12m,natural_breaks,Absolute Mortality,ETmax,Mid,46,-0.00052,56.5,0.4913,0.7896,ns
M5vsM6_raw_12m,natural_breaks,Absolute Mortality,GPPsat,Mid,46,-0.14603,56.5,0.335,0.6312,ns
M5vsM6_raw_12m,natural_breaks,Absolute Mortality,NEPmax,Mid,46,-0.09484,54.3,0.08432,0.4743,ns
M5vsM6_raw_12m,natural_breaks,Absolute Mortality,WUE,Mid,46,0.00063,50,0.7113,0.8784,ns
M5vsM6_raw_12m,natural_breaks,Absolute Mortality,uWUE,Mid,46,0.00655,45.7,0.881,0.8821,ns
M5vsM6_raw_12m,natural_breaks,Absolute Mortality,ETmax,Low,37,-0.00319,67.6,0.01329,0.3474,ns
M5vsM6_raw_12m,natural_breaks,Absolute Mortality,GPPsat,Low,37,-0.33684,64.9,0.04273,0.4053,ns
M5vsM6_raw_12m,natural_breaks,Absolute Mortality,NEPmax,Low,37,-0.17408,64.9,0.1227,0.4987,ns
M5vsM6_raw_12m,natural_breaks,Absolute Mortality,WUE,Low,37,-0.00199,51.4,0.5659,0.8781,ns
M5vsM6_raw_12m,natural_breaks,Absolute Mortality,uWUE,Low,37,-0.00418,51.4,0.68,0.8784,ns
M5vsM6_raw_12m,natural_breaks,Relative Mortality,ETmax,Mid,45,-0.00072,60,0.05204,0.4053,ns
M5vsM6_raw_12m,natural_breaks,Relative Mortality,GPPsat,Mid,45,-0.16485,57.8,0.1773,0.4987,ns
M5vsM6_raw_12m,natural_breaks,Relative Mortality,NEPmax,Mid,45,-0.07649,55.6,0.2674,0.6016,ns
M5vsM6_raw_12m,natural_breaks,Relative Mortality,WUE,Mid,45,-0.00405,55.6,0.235,0.5876,ns
M5vsM6_raw_12m,natural_breaks,Relative Mortality,uWUE,Mid,45,0.02035,42.2,0.8425,0.8821,ns
M5vsM6_raw_12m,natural_breaks,Relative Mortality,ETmax,High,26,-0.00108,57.7,0.3611,0.6312,ns
M5vsM6_raw_12m,natural_breaks,Relative Mortality,GPPsat,High,26,-0.02689,53.8,0.7615,0.8787,ns
M5vsM6_raw_12m,natural_breaks,Relative Mortality,NEPmax,High,26,0.04441,38.5,0.667,0.8784,ns
M5vsM6_raw_12m,natural_breaks,Relative Mortality,WUE,High,26,0.01439,42.3,0.6484,0.8784,ns
M5vsM6_raw_12m,natural_breaks,Relative Mortality,uWUE,High,26,-0.03363,69.2,0.04684,0.4053,ns
M5vsM6_raw_12m,natural_breaks,Relative Mortality,ETmax,Low,41,-0.00146,63.4,0.07891,0.4743,ns
M5vsM6_raw_12m,natural_breaks,Relative Mortality,GPPsat,Low,41,-0.22107,61,0.1067,0.4987,ns
M5vsM6_raw_12m,natural_breaks,Relative Mortality,NEPmax,Low,41,-0.15051,61,0.05405,0.4053,ns
M5vsM6_raw_12m,natural_breaks,Relative Mortality,WUE,Low,41,0.00322,46.3,0.8439,0.8821,ns
M5vsM6_raw_12m,natural_breaks,Relative Mortality,uWUE,Low,41,0.01015,43.9,0.8782,0.8821,ns
M5vsM6_raw_12m,natural_breaks,Relative Disturbance,ETmax,Mid,49,-0.00169,65.3,0.01544,0.3474,ns
M5vsM6_raw_12m,natural_breaks,Relative Disturbance,GPPsat,Mid,49,-0.19122,61.2,0.1144,0.4987,ns
M5vsM6_raw_12m,natural_breaks,Relative Disturbance,NEPmax,Mid,49,-0.07649,55.1,0.2278,0.5876,ns
M5vsM6_raw_12m,natural_breaks,Relative Disturbance,WUE,Mid,49,-0.00405,53.1,0.3639,0.6312,ns
M5vsM6_raw_12m,natural_breaks,Relative Disturbance,uWUE,Mid,49,0.00895,46.9,0.7313,0.8784,ns
M5vsM6_raw_12m,natural_breaks,Relative Disturbance,ETmax,High,24,-0.00055,58.3,0.3289,0.6312,ns
M5vsM6_raw_12m,natural_breaks,Relative Disturbance,GPPsat,High,24,0.06663,45.8,0.8821,0.8821,ns
M5vsM6_raw_12m,natural_breaks,Relative Disturbance,NEPmax,High,24,0.03696,41.7,0.4602,0.767,ns
M5vsM6_raw_12m,natural_breaks,Relative Disturbance,WUE,High,24,0.02682,37.5,0.721,0.8784,ns
M5vsM6_raw_12m,natural_breaks,Relative Disturbance,uWUE,High,24,-0.01188,66.7,0.1766,0.4987,ns
M5vsM6_raw_12m,natural_breaks,Relative Disturbance,ETmax,Low,39,-0.001,56.4,0.2493,0.5904,ns
M5vsM6_raw_12m,natural_breaks,Relative Disturbance,GPPsat,Low,39,-0.23971,61.5,0.146,0.4987,ns
M5vsM6_raw_12m,natural_breaks,Relative Disturbance,NEPmax,Low,39,-0.08986,59,0.1592,0.4987,ns
M5vsM6_raw_12m,natural_breaks,Relative Disturbance,WUE,Low,39,-0.00158,51.3,0.6126,0.8784,ns
M5vsM6_raw_12m,natural_breaks,Relative Disturbance,uWUE,Low,39,0.02181,41,0.8339,0.8821,ns
M5vsM6_raw_24m,tertiles,Absolute Mortality,ETmax,High,37,-0.00058,56.8,0.2534,0.6117,ns
M5vsM6_raw_24m,tertiles,Absolute Mortality,GPPsat,High,37,0.05797,45.9,0.7609,0.9941,ns
M5vsM6_raw_24m,tertiles,Absolute Mortality,NEPmax,High,37,0.04628,43.2,0.8439,0.9941,ns
M5vsM6_raw_24m,tertiles,Absolute Mortality,WUE,High,37,-0.01531,54.1,0.3814,0.6802,ns
M5vsM6_raw_24m,tertiles,Absolute Mortality,uWUE,High,37,-0.00056,51.4,0.1387,0.5529,ns
M5vsM6_raw_24m,tertiles,Absolute Mortality,ETmax,Mid,37,-0.00083,56.8,0.304,0.6514,ns
M5vsM6_raw_24m,tertiles,Absolute Mortality,GPPsat,Mid,37,-0.04128,54.1,0.5301,0.7694,ns
M5vsM6_raw_24m,tertiles,Absolute Mortality,NEPmax,Mid,37,-0.16395,67.6,0.03175,0.2524,ns
M5vsM6_raw_24m,tertiles,Absolute Mortality,WUE,Mid,37,-0.00256,51.4,0.512,0.7694,ns
M5vsM6_raw_24m,tertiles,Absolute Mortality,uWUE,Mid,37,-0.00512,56.8,0.5241,0.7694,ns
M5vsM6_raw_24m,tertiles,Absolute Mortality,ETmax,Low,38,3e-05,47.4,0.3423,0.6725,ns
M5vsM6_raw_24m,tertiles,Absolute Mortality,GPPsat,Low,38,-0.06681,52.6,0.2477,0.6117,ns
M5vsM6_raw_24m,tertiles,Absolute Mortality,NEPmax,Low,38,-0.19083,71.1,0.04487,0.2524,ns
M5vsM6_raw_24m,tertiles,Absolute Mortality,WUE,Low,38,0.01008,47.4,0.8551,0.9941,ns
M5vsM6_raw_24m,tertiles,Absolute Mortality,uWUE,Low,38,0.00579,47.4,0.7958,0.9941,ns
M5vsM6_raw_24m,tertiles,Relative Mortality,ETmax,High,37,-8e-05,51.4,0.393,0.6802,ns
M5vsM6_raw_24m,tertiles,Relative Mortality,GPPsat,High,37,0.2323,32.4,0.9941,0.9941,ns
M5vsM6_raw_24m,tertiles,Relative Mortality,NEPmax,High,37,0.19443,35.1,0.9599,0.9941,ns
M5vsM6_raw_24m,tertiles,Relative Mortality,WUE,High,37,0.01276,43.2,0.8646,0.9941,ns
M5vsM6_raw_24m,tertiles,Relative Mortality,uWUE,High,37,-0.00835,59.5,0.1109,0.5529,ns
M5vsM6_raw_24m,tertiles,Relative Mortality,ETmax,Mid,37,-0.00083,54.1,0.353,0.6725,ns
M5vsM6_raw_24m,tertiles,Relative Mortality,GPPsat,Mid,37,-0.00328,54.1,0.2583,0.6117,ns
M5vsM6_raw_24m,tertiles,Relative Mortality,NEPmax,Mid,37,-0.18074,73,0.007263,0.2524,ns
M5vsM6_raw_24m,tertiles,Relative Mortality,WUE,Mid,37,-0.03329,56.8,0.1321,0.5529,ns
M5vsM6_raw_24m,tertiles,Relative Mortality,uWUE,Mid,37,-0.019,56.8,0.1561,0.5529,ns
M5vsM6_raw_24m,tertiles,Relative Mortality,ETmax,Low,38,-0.00056,55.3,0.2254,0.6117,ns
M5vsM6_raw_24m,tertiles,Relative Mortality,GPPsat,Low,38,-0.20369,65.8,0.02513,0.2524,ns
M5vsM6_raw_24m,tertiles,Relative Mortality,NEPmax,Low,38,-0.13399,73.7,0.02513,0.2524,ns
M5vsM6_raw_24m,tertiles,Relative Mortality,WUE,Low,38,-0.00245,52.6,0.8079,0.9941,ns
M5vsM6_raw_24m,tertiles,Relative Mortality,uWUE,Low,38,0.03109,39.5,0.9862,0.9941,ns
M5vsM6_raw_24m,tertiles,Relative Disturbance,ETmax,High,37,-0.00059,56.8,0.3586,0.6725,ns
M5vsM6_raw_24m,tertiles,Relative Disturbance,GPPsat,High,37,0.14212,37.8,0.9417,0.9941,ns
M5vsM6_raw_24m,tertiles,Relative Disturbance,NEPmax,High,37,0.18382,40.5,0.8679,0.9941,ns
M5vsM6_raw_24m,tertiles,Relative Disturbance,WUE,High,37,0.01276,43.2,0.9127,0.9941,ns
M5vsM6_raw_24m,tertiles,Relative Disturbance,uWUE,High,37,-0.00569,56.8,0.1827,0.5529,ns
M5vsM6_raw_24m,tertiles,Relative Disturbance,ETmax,Mid,37,1e-05,48.6,0.494,0.7694,ns
M5vsM6_raw_24m,tertiles,Relative Disturbance,GPPsat,Mid,37,0.0078,48.6,0.6186,0.8699,ns
M5vsM6_raw_24m,tertiles,Relative Disturbance,NEPmax,Mid,37,-0.16567,67.6,0.04273,0.2524,ns
M5vsM6_raw_24m,tertiles,Relative Disturbance,WUE,Mid,37,0.00895,45.9,0.446,0.7433,ns
M5vsM6_raw_24m,tertiles,Relative Disturbance,uWUE,Mid,37,-0.02831,62.2,0.1748,0.5529,ns
M5vsM6_raw_24m,tertiles,Relative Disturbance,ETmax,Low,38,-0.00058,55.3,0.1843,0.5529,ns
M5vsM6_raw_24m,tertiles,Relative Disturbance,GPPsat,Low,38,-0.1687,65.8,0.04219,0.2524,ns
M5vsM6_raw_24m,tertiles,Relative Disturbance,NEPmax,Low,38,-0.14629,73.7,0.01184,0.2524,ns
M5vsM6_raw_24m,tertiles,Relative Disturbance,WUE,Low,38,-0.01685,63.2,0.2761,0.6211,ns
M5vsM6_raw_24m,tertiles,Relative Disturbance,uWUE,Low,38,0.02613,36.8,0.9749,0.9941,ns
M5vsM6_raw_24m,equal_width,Absolute Mortality,ETmax,Mid,52,-0.00016,50,0.4439,0.8333,ns
M5vsM6_raw_24m,equal_width,Absolute Mortality,GPPsat,Mid,52,0.00403,50,0.6473,0.9928,ns
M5vsM6_raw_24m,equal_width,Absolute Mortality,NEPmax,Mid,52,-0.07603,53.8,0.4046,0.8333,ns
M5vsM6_raw_24m,equal_width,Absolute Mortality,WUE,Mid,52,-0.01168,55.8,0.2317,0.8333,ns
M5vsM6_raw_24m,equal_width,Absolute Mortality,uWUE,Mid,52,-0.01054,55.8,0.1247,0.6233,ns
M5vsM6_raw_24m,equal_width,Absolute Mortality,ETmax,Low,54,-0.00034,51.9,0.2997,0.8333,ns
M5vsM6_raw_24m,equal_width,Absolute Mortality,GPPsat,Low,54,-0.04799,53.7,0.2879,0.8333,ns
M5vsM6_raw_24m,equal_width,Absolute Mortality,NEPmax,Low,54,-0.19083,70.4,0.01939,0.1384,ns
M5vsM6_raw_24m,equal_width,Absolute Mortality,WUE,Low,54,0.01008,48.1,0.8703,0.9928,ns
M5vsM6_raw_24m,equal_width,Absolute Mortality,uWUE,Low,54,-0.00029,50,0.7884,0.9928,ns
M5vsM6_raw_24m,equal_width,Absolute Mortality,ETmax,High,6,-0.00181,100,0.01802,0.1384,ns
M5vsM6_raw_24m,equal_width,Absolute Mortality,GPPsat,High,6,0.07835,33.3,0.8527,0.9928,ns
M5vsM6_raw_24m,equal_width,Absolute Mortality,NEPmax,High,6,0.3226,33.3,0.5,0.8333,ns
M5vsM6_raw_24m,equal_width,Absolute Mortality,WUE,High,6,0.02645,33.3,0.6625,0.9928,ns
M5vsM6_raw_24m,equal_width,Absolute Mortality,uWUE,High,6,0.01853,33.3,0.7353,0.9928,ns
M5vsM6_raw_24m,equal_width,Relative Mortality,ETmax,Mid,34,3e-05,50,0.4591,0.8333,ns
M5vsM6_raw_24m,equal_width,Relative Mortality,GPPsat,Mid,34,0.15239,38.2,0.9478,0.9928,ns
M5vsM6_raw_24m,equal_width,Relative Mortality,NEPmax,Mid,34,0.05892,44.1,0.7792,0.9928,ns
M5vsM6_raw_24m,equal_width,Relative Mortality,WUE,Mid,34,0.01426,38.2,0.9688,0.9928,ns
M5vsM6_raw_24m,equal_width,Relative Mortality,uWUE,Mid,34,-0.00392,52.9,0.5,0.8333,ns
M5vsM6_raw_24m,equal_width,Relative Mortality,ETmax,High,8,-0.00097,62.5,0.6369,0.9928,ns
M5vsM6_raw_24m,equal_width,Relative Mortality,GPPsat,High,8,0.78969,12.5,0.985,0.9928,ns
M5vsM6_raw_24m,equal_width,Relative Mortality,NEPmax,High,8,0.27093,25,0.883,0.9928,ns
M5vsM6_raw_24m,equal_width,Relative Mortality,WUE,High,8,-0.01345,50,0.312,0.8333,ns
M5vsM6_raw_24m,equal_width,Relative Mortality,uWUE,High,8,-0.04064,75,0.02116,0.1384,ns
M5vsM6_raw_24m,equal_width,Relative Mortality,ETmax,Low,70,-6e-04,54.3,0.1628,0.7324,ns
M5vsM6_raw_24m,equal_width,Relative Mortality,GPPsat,Low,70,-0.10725,61.4,0.02463,0.1385,ns
M5vsM6_raw_24m,equal_width,Relative Mortality,NEPmax,Low,70,-0.16275,72.9,0.00272,0.1224,ns
M5vsM6_raw_24m,equal_width,Relative Mortality,WUE,Low,70,-0.01482,57.1,0.3261,0.8333,ns
M5vsM6_raw_24m,equal_width,Relative Mortality,uWUE,Low,70,0.00201,48.6,0.7109,0.9928,ns
M5vsM6_raw_24m,equal_width,Relative Disturbance,ETmax,Mid,39,-0.00044,53.8,0.3403,0.8333,ns
M5vsM6_raw_24m,equal_width,Relative Disturbance,GPPsat,Mid,39,0.1006,41,0.8992,0.9928,ns
M5vsM6_raw_24m,equal_width,Relative Disturbance,NEPmax,Mid,39,-0.13907,53.8,0.4418,0.8333,ns
M5vsM6_raw_24m,equal_width,Relative Disturbance,WUE,Mid,39,0.00895,43.6,0.8967,0.9928,ns
M5vsM6_raw_24m,equal_width,Relative Disturbance,uWUE,Mid,39,-0.00569,53.8,0.4805,0.8333,ns
M5vsM6_raw_24m,equal_width,Relative Disturbance,ETmax,High,10,-0.00071,60,0.5,0.8333,ns
M5vsM6_raw_24m,equal_width,Relative Disturbance,GPPsat,High,10,0.3445,10,0.9928,0.9928,ns
M5vsM6_raw_24m,equal_width,Relative Disturbance,NEPmax,High,10,0.2317,20,0.9485,0.9928,ns
M5vsM6_raw_24m,equal_width,Relative Disturbance,WUE,High,10,-0.01345,50,0.2704,0.8333,ns
M5vsM6_raw_24m,equal_width,Relative Disturbance,uWUE,High,10,-0.04064,80,0.01247,0.1384,ns
M5vsM6_raw_24m,equal_width,Relative Disturbance,ETmax,Low,63,-0.00053,52.4,0.2288,0.8333,ns
M5vsM6_raw_24m,equal_width,Relative Disturbance,GPPsat,Low,63,-0.11125,63.5,0.02154,0.1384,ns
M5vsM6_raw_24m,equal_width,Relative Disturbance,NEPmax,Low,63,-0.15309,71.4,0.007758,0.1384,ns
M5vsM6_raw_24m,equal_width,Relative Disturbance,WUE,Low,63,-0.00808,55.6,0.4307,0.8333,ns
M5vsM6_raw_24m,equal_width,Relative Disturbance,uWUE,Low,63,0.00614,46,0.7628,0.9928,ns
M5vsM6_raw_24m,natural_breaks,Absolute Mortality,ETmax,High,29,-0.00058,58.6,0.1653,0.5721,ns
M5vsM6_raw_24m,natural_breaks,Absolute Mortality,GPPsat,High,29,0.09592,41.4,0.8347,0.9885,ns
M5vsM6_raw_24m,natural_breaks,Absolute Mortality,NEPmax,High,29,0.18157,41.4,0.8065,0.9808,ns
M5vsM6_raw_24m,natural_breaks,Absolute Mortality,WUE,High,29,-0.00393,51.7,0.5259,0.8412,ns
M5vsM6_raw_24m,natural_breaks,Absolute Mortality,uWUE,High,29,-0.02048,51.7,0.1089,0.5299,ns
M5vsM6_raw_24m,natural_breaks,Absolute Mortality,ETmax,Mid,46,-0.00068,54.3,0.384,0.7513,ns
M5vsM6_raw_24m,natural_breaks,Absolute Mortality,GPPsat,Mid,46,-0.04799,54.3,0.5608,0.8412,ns
M5vsM6_raw_24m,natural_breaks,Absolute Mortality,NEPmax,Mid,46,-0.12494,63,0.06723,0.3781,ns
M5vsM6_raw_24m,natural_breaks,Absolute Mortality,WUE,Mid,46,-0.00346,52.2,0.4392,0.7906,ns
M5vsM6_raw_24m,natural_breaks,Absolute Mortality,uWUE,Mid,46,-0.0036,54.3,0.5478,0.8412,ns
M5vsM6_raw_24m,natural_breaks,Absolute Mortality,ETmax,Low,37,1e-05,48.6,0.3309,0.709,ns
M5vsM6_raw_24m,natural_breaks,Absolute Mortality,GPPsat,Low,37,-0.10326,54.1,0.2033,0.6466,ns
M5vsM6_raw_24m,natural_breaks,Absolute Mortality,NEPmax,Low,37,-0.19126,73,0.0224,0.2794,ns
M5vsM6_raw_24m,natural_breaks,Absolute Mortality,WUE,Low,37,0.00439,48.6,0.8051,0.9808,ns
M5vsM6_raw_24m,natural_breaks,Absolute Mortality,uWUE,Low,37,0.00282,48.6,0.7747,0.9808,ns
M5vsM6_raw_24m,natural_breaks,Relative Mortality,ETmax,Mid,45,0.00035,46.7,0.4151,0.7783,ns
M5vsM6_raw_24m,natural_breaks,Relative Mortality,GPPsat,Mid,45,0.0091,46.7,0.7918,0.9808,ns
M5vsM6_raw_24m,natural_breaks,Relative Mortality,NEPmax,Mid,45,-0.1542,64.4,0.03726,0.2794,ns
M5vsM6_raw_24m,natural_breaks,Relative Mortality,WUE,Mid,45,-0.01531,51.1,0.2748,0.6609,ns
M5vsM6_raw_24m,natural_breaks,Relative Mortality,uWUE,Mid,45,-0.01372,55.6,0.1418,0.5317,ns
M5vsM6_raw_24m,natural_breaks,Relative Mortality,ETmax,High,26,-0.00072,65.4,0.2155,0.6466,ns
M5vsM6_raw_24m,natural_breaks,Relative Mortality,GPPsat,High,26,0.20626,30.8,0.9732,0.9908,ns
M5vsM6_raw_24m,natural_breaks,Relative Mortality,NEPmax,High,26,0.20418,34.6,0.9296,0.9908,ns
M5vsM6_raw_24m,natural_breaks,Relative Mortality,WUE,High,26,0.01971,42.3,0.8626,0.9908,ns
M5vsM6_raw_24m,natural_breaks,Relative Mortality,uWUE,High,26,-0.01908,65.4,0.06066,0.3781,ns
M5vsM6_raw_24m,natural_breaks,Relative Mortality,ETmax,Low,41,-0.00053,53.7,0.3535,0.7231,ns
M5vsM6_raw_24m,natural_breaks,Relative Mortality,GPPsat,Low,41,-0.20686,68.3,0.009176,0.2065,ns
M5vsM6_raw_24m,natural_breaks,Relative Mortality,NEPmax,Low,41,-0.13949,73.2,0.02925,0.2794,ns
M5vsM6_raw_24m,natural_breaks,Relative Mortality,WUE,Low,41,-0.00436,56.1,0.6888,0.9686,ns
M5vsM6_raw_24m,natural_breaks,Relative Mortality,uWUE,Low,41,0.03088,39,0.9875,0.9908,ns
M5vsM6_raw_24m,natural_breaks,Relative Disturbance,ETmax,Mid,49,1e-05,49,0.5079,0.8412,ns
M5vsM6_raw_24m,natural_breaks,Relative Disturbance,GPPsat,Mid,49,0.0078,49,0.5238,0.8412,ns
M5vsM6_raw_24m,natural_breaks,Relative Disturbance,NEPmax,Mid,49,-0.1542,61.2,0.1263,0.5299,ns
M5vsM6_raw_24m,natural_breaks,Relative Disturbance,WUE,Mid,49,0.00439,49,0.6546,0.9503,ns
M5vsM6_raw_24m,natural_breaks,Relative Disturbance,uWUE,Mid,49,-0.01372,57.1,0.2526,0.6609,ns
M5vsM6_raw_24m,natural_breaks,Relative Disturbance,ETmax,High,24,-0.00072,62.5,0.279,0.6609,ns
M5vsM6_raw_24m,natural_breaks,Relative Disturbance,GPPsat,High,24,0.24722,29.2,0.9908,0.9908,ns
M5vsM6_raw_24m,natural_breaks,Relative Disturbance,NEPmax,High,24,0.18912,37.5,0.893,0.9908,ns
M5vsM6_raw_24m,natural_breaks,Relative Disturbance,WUE,High,24,0.01971,37.5,0.8003,0.9808,ns
M5vsM6_raw_24m,natural_breaks,Relative Disturbance,uWUE,High,24,-0.01908,62.5,0.1295,0.5299,ns
M5vsM6_raw_24m,natural_breaks,Relative Disturbance,ETmax,Low,39,-0.00053,53.8,0.2319,0.6522,ns
M5vsM6_raw_24m,natural_breaks,Relative Disturbance,GPPsat,Low,39,-0.20052,66.7,0.03429,0.2794,ns
M5vsM6_raw_24m,natural_breaks,Relative Disturbance,NEPmax,Low,39,-0.15309,74.4,0.008349,0.2065,ns
M5vsM6_raw_24m,natural_breaks,Relative Disturbance,WUE,Low,39,-0.01432,61.5,0.2955,0.665,ns
M5vsM6_raw_24m,natural_breaks,Relative Disturbance,uWUE,Low,39,0.02223,38.5,0.9624,0.9908,ns
M5vsM6_anom_12m,tertiles,Absolute Mortality,ETmax,High,37,-0.00078,51.4,0.494,0.5357,ns
M5vsM6_anom_12m,tertiles,Absolute Mortality,GPPsat,High,37,-0.39585,64.9,0.02406,0.08329,ns
M5vsM6_anom_12m,tertiles,Absolute Mortality,NEPmax,High,37,-0.51513,62.2,0.02769,0.08899,ns
M5vsM6_anom_12m,tertiles,Absolute Mortality,WUE,High,37,-0.03461,54.1,0.1991,0.2987,ns
M5vsM6_anom_12m,tertiles,Absolute Mortality,uWUE,High,37,-0.01954,51.4,0.1827,0.2987,ns
M5vsM6_anom_12m,tertiles,Absolute Mortality,ETmax,Mid,37,-6e-04,54.1,0.3254,0.3958,ns
M5vsM6_anom_12m,tertiles,Absolute Mortality,GPPsat,Mid,37,-1.14765,70.3,0.008571,0.0551,ns
M5vsM6_anom_12m,tertiles,Absolute Mortality,NEPmax,Mid,37,-0.66095,67.6,0.02406,0.08329,ns
M5vsM6_anom_12m,tertiles,Absolute Mortality,WUE,Mid,37,-0.01148,54.1,0.304,0.38,ns
M5vsM6_anom_12m,tertiles,Absolute Mortality,uWUE,Mid,37,-0.07898,56.8,0.0849,0.1737,ns
M5vsM6_anom_12m,tertiles,Absolute Mortality,ETmax,Low,38,-0.00211,60.5,0.1882,0.2987,ns
M5vsM6_anom_12m,tertiles,Absolute Mortality,GPPsat,Low,38,-0.84563,68.4,0.004717,0.04601,*
M5vsM6_anom_12m,tertiles,Absolute Mortality,NEPmax,Low,38,-0.64482,65.8,0.01973,0.08329,ns
M5vsM6_anom_12m,tertiles,Absolute Mortality,WUE,Low,38,-0.07988,57.9,0.1729,0.2987,ns
M5vsM6_anom_12m,tertiles,Absolute Mortality,uWUE,Low,38,-0.02325,60.5,0.2342,0.31,ns
M5vsM6_anom_12m,tertiles,Relative Mortality,ETmax,High,37,-0.00253,54.1,0.3988,0.4601,ns
M5vsM6_anom_12m,tertiles,Relative Mortality,GPPsat,High,37,-0.72428,64.9,0.01182,0.06649,ns
M5vsM6_anom_12m,tertiles,Relative Mortality,NEPmax,High,37,-0.53124,67.6,0.005878,0.04601,*
M5vsM6_anom_12m,tertiles,Relative Mortality,WUE,High,37,-0.01361,54.1,0.2253,0.3073,ns
M5vsM6_anom_12m,tertiles,Relative Mortality,uWUE,High,37,-0.04364,56.8,0.1025,0.1922,ns
M5vsM6_anom_12m,tertiles,Relative Mortality,ETmax,Mid,37,-0.00101,56.8,0.1354,0.2437,ns
M5vsM6_anom_12m,tertiles,Relative Mortality,GPPsat,Mid,37,-0.90749,75.7,0.003963,0.04601,*
M5vsM6_anom_12m,tertiles,Relative Mortality,NEPmax,Mid,37,-0.95072,67.6,0.04006,0.106,ns
M5vsM6_anom_12m,tertiles,Relative Mortality,WUE,Mid,37,-0.0425,59.5,0.03877,0.106,ns
M5vsM6_anom_12m,tertiles,Relative Mortality,uWUE,Mid,37,-0.1233,64.9,0.05833,0.1312,ns
M5vsM6_anom_12m,tertiles,Relative Mortality,ETmax,Low,38,-0.00188,55.3,0.5691,0.5936,ns
M5vsM6_anom_12m,tertiles,Relative Mortality,GPPsat,Low,38,-0.84563,63.2,0.02191,0.08329,ns
M5vsM6_anom_12m,tertiles,Relative Mortality,NEPmax,Low,38,-0.4972,60.5,0.04626,0.1113,ns
M5vsM6_anom_12m,tertiles,Relative Mortality,WUE,Low,38,-0.03285,52.6,0.5,0.5357,ns
M5vsM6_anom_12m,tertiles,Relative Mortality,uWUE,Low,38,0.01858,47.4,0.5804,0.5936,ns
M5vsM6_anom_12m,tertiles,Relative Disturbance,ETmax,High,37,-0.00188,54.1,0.452,0.5085,ns
M5vsM6_anom_12m,tertiles,Relative Disturbance,GPPsat,High,37,-0.72428,62.2,0.01549,0.07745,ns
M5vsM6_anom_12m,tertiles,Relative Disturbance,NEPmax,High,37,-0.61876,67.6,0.006134,0.04601,*
M5vsM6_anom_12m,tertiles,Relative Disturbance,WUE,High,37,-0.00681,51.4,0.2935,0.3774,ns
M5vsM6_anom_12m,tertiles,Relative Disturbance,uWUE,High,37,-0.04364,56.8,0.06193,0.1327,ns
M5vsM6_anom_12m,tertiles,Relative Disturbance,ETmax,Mid,37,-0.0023,62.2,0.04701,0.1113,ns
M5vsM6_anom_12m,tertiles,Relative Disturbance,GPPsat,Mid,37,-1.25425,78.4,0.001408,0.04601,*
M5vsM6_anom_12m,tertiles,Relative Disturbance,NEPmax,Mid,37,-1.14058,73,0.005164,0.04601,*
M5vsM6_anom_12m,tertiles,Relative Disturbance,WUE,Mid,37,-0.03461,56.8,0.09467,0.1852,ns
M5vsM6_anom_12m,tertiles,Relative Disturbance,uWUE,Mid,37,-0.07898,59.5,0.1949,0.2987,ns
M5vsM6_anom_12m,tertiles,Relative Disturbance,ETmax,Low,38,7e-05,50,0.7336,0.7336,ns
M5vsM6_anom_12m,tertiles,Relative Disturbance,GPPsat,Low,38,-0.76313,63.2,0.03723,0.106,ns
M5vsM6_anom_12m,tertiles,Relative Disturbance,NEPmax,Low,38,-0.18049,55.3,0.2125,0.2989,ns
M5vsM6_anom_12m,tertiles,Relative Disturbance,WUE,Low,38,-0.05651,57.9,0.2125,0.2989,ns
M5vsM6_anom_12m,tertiles,Relative Disturbance,uWUE,Low,38,-0.00955,52.6,0.397,0.4601,ns
M5vsM6_anom_12m,equal_width,Absolute Mortality,ETmax,Mid,52,-0.00171,53.8,0.2877,0.3923,ns
M5vsM6_anom_12m,equal_width,Absolute Mortality,GPPsat,Mid,52,-0.80056,61.5,0.02184,0.1092,ns
M5vsM6_anom_12m,equal_width,Absolute Mortality,NEPmax,Mid,52,-0.31742,61.5,0.07971,0.1793,ns
M5vsM6_anom_12m,equal_width,Absolute Mortality,WUE,Mid,52,-0.02398,55.8,0.1382,0.2359,ns
M5vsM6_anom_12m,equal_width,Absolute Mortality,uWUE,Mid,52,-0.06882,57.7,0.05202,0.1509,ns
M5vsM6_anom_12m,equal_width,Absolute Mortality,ETmax,Low,54,-0.00211,61.1,0.1261,0.2284,ns
M5vsM6_anom_12m,equal_width,Absolute Mortality,GPPsat,Low,54,-1.12353,75.9,5.936e-05,0.002671,**
M5vsM6_anom_12m,equal_width,Absolute Mortality,NEPmax,Low,54,-1.14999,70.4,0.0004726,0.01063,*
M5vsM6_anom_12m,equal_width,Absolute Mortality,WUE,Low,54,-0.06315,55.6,0.1448,0.2359,ns
M5vsM6_anom_12m,equal_width,Absolute Mortality,uWUE,Low,54,-0.01419,55.6,0.2762,0.3884,ns
M5vsM6_anom_12m,equal_width,Absolute Mortality,ETmax,High,6,0.00657,16.7,0.9533,0.9533,ns
M5vsM6_anom_12m,equal_width,Absolute Mortality,GPPsat,High,6,0.04883,50,0.5,0.5488,ns
M5vsM6_anom_12m,equal_width,Absolute Mortality,NEPmax,High,6,-0.28424,50,0.3375,0.4339,ns
M5vsM6_anom_12m,equal_width,Absolute Mortality,WUE,High,6,0.02512,50,0.5,0.5488,ns
M5vsM6_anom_12m,equal_width,Absolute Mortality,uWUE,High,6,-0.07611,50,0.2647,0.3842,ns
M5vsM6_anom_12m,equal_width,Relative Mortality,ETmax,Mid,34,-0.00351,61.8,0.1607,0.2494,ns
M5vsM6_anom_12m,equal_width,Relative Mortality,GPPsat,Mid,34,-0.75986,64.7,0.01149,0.06462,ns
M5vsM6_anom_12m,equal_width,Relative Mortality,NEPmax,Mid,34,-1.54653,73.5,0.000878,0.01218,*
M5vsM6_anom_12m,equal_width,Relative Mortality,WUE,Mid,34,0.00108,50,0.4795,0.5488,ns
M5vsM6_anom_12m,equal_width,Relative Mortality,uWUE,Mid,34,0.01806,47.1,0.304,0.4024,ns
M5vsM6_anom_12m,equal_width,Relative Mortality,ETmax,High,8,-6e-04,50,0.5832,0.5987,ns
M5vsM6_anom_12m,equal_width,Relative Mortality,GPPsat,High,8,-1.23099,75,0.07074,0.1793,ns
M5vsM6_anom_12m,equal_width,Relative Mortality,NEPmax,High,8,-0.369,62.5,0.1814,0.272,ns
M5vsM6_anom_12m,equal_width,Relative Mortality,WUE,High,8,-0.21444,62.5,0.1468,0.2359,ns
M5vsM6_anom_12m,equal_width,Relative Mortality,uWUE,High,8,-0.22473,87.5,0.05366,0.1509,ns
M5vsM6_anom_12m,equal_width,Relative Mortality,ETmax,Low,70,-0.00054,52.9,0.3871,0.4839,ns
M5vsM6_anom_12m,equal_width,Relative Mortality,GPPsat,Low,70,-0.88598,68.6,0.001083,0.01218,*
M5vsM6_anom_12m,equal_width,Relative Mortality,NEPmax,Low,70,-0.42708,61.4,0.03908,0.1465,ns
M5vsM6_anom_12m,equal_width,Relative Mortality,WUE,Low,70,-0.05651,57.1,0.07582,0.1793,ns
M5vsM6_anom_12m,equal_width,Relative Mortality,uWUE,Low,70,-0.02325,57.1,0.1269,0.2284,ns
M5vsM6_anom_12m,equal_width,Relative Disturbance,ETmax,Mid,39,-0.00419,64.1,0.08905,0.1821,ns
M5vsM6_anom_12m,equal_width,Relative Disturbance,GPPsat,Mid,39,-0.79544,64.1,0.01085,0.06462,ns
M5vsM6_anom_12m,equal_width,Relative Disturbance,NEPmax,Mid,39,-1.35475,69.2,0.002571,0.01928,*
M5vsM6_anom_12m,equal_width,Relative Disturbance,WUE,Mid,39,0.0284,46.2,0.5306,0.5685,ns
M5vsM6_anom_12m,equal_width,Relative Disturbance,uWUE,Mid,39,0.03416,43.6,0.4583,0.5427,ns
M5vsM6_anom_12m,equal_width,Relative Disturbance,ETmax,High,10,-0.00218,60,0.4192,0.5099,ns
M5vsM6_anom_12m,equal_width,Relative Disturbance,GPPsat,High,10,-1.23099,80,0.03327,0.1361,ns
M5vsM6_anom_12m,equal_width,Relative Disturbance,NEPmax,High,10,-0.88324,70,0.05146,0.1509,ns
M5vsM6_anom_12m,equal_width,Relative Disturbance,WUE,High,10,-0.21444,70,0.07679,0.1793,ns
M5vsM6_anom_12m,equal_width,Relative Disturbance,uWUE,High,10,-0.27046,90,0.02639,0.1188,ns
M5vsM6_anom_12m,equal_width,Relative Disturbance,ETmax,Low,63,0.00043,49.2,0.5854,0.5987,ns
M5vsM6_anom_12m,equal_width,Relative Disturbance,GPPsat,Low,63,-0.87689,68.3,0.001996,0.01796,*
M5vsM6_anom_12m,equal_width,Relative Disturbance,NEPmax,Low,63,-0.41505,61.9,0.05198,0.1509,ns
M5vsM6_anom_12m,equal_width,Relative Disturbance,WUE,Low,63,-0.0588,58.7,0.08708,0.1821,ns
M5vsM6_anom_12m,equal_width,Relative Disturbance,uWUE,Low,63,-0.02846,58.7,0.1033,0.2021,ns
M5vsM6_anom_12m,natural_breaks,Absolute Mortality,ETmax,High,29,-0.00078,51.7,0.6751,0.7065,ns
M5vsM6_anom_12m,natural_breaks,Absolute Mortality,GPPsat,High,29,-0.49777,65.5,0.02582,0.0852,ns
M5vsM6_anom_12m,natural_breaks,Absolute Mortality,NEPmax,High,29,-0.75261,62.1,0.05479,0.1298,ns
M5vsM6_anom_12m,natural_breaks,Absolute Mortality,WUE,High,29,-0.00681,51.7,0.2445,0.3228,ns
M5vsM6_anom_12m,natural_breaks,Absolute Mortality,uWUE,High,29,-0.04364,55.2,0.1398,0.242,ns
M5vsM6_anom_12m,natural_breaks,Absolute Mortality,ETmax,Mid,46,-0.00172,54.3,0.1682,0.2803,ns
M5vsM6_anom_12m,natural_breaks,Absolute Mortality,GPPsat,Mid,46,-0.93427,69.6,0.006369,0.04118,*
M5vsM6_anom_12m,natural_breaks,Absolute Mortality,NEPmax,Mid,46,-0.63986,67.4,0.008616,0.04308,*
M5vsM6_anom_12m,natural_breaks,Absolute Mortality,WUE,Mid,46,-0.01255,54.3,0.2456,0.3228,ns
M5vsM6_anom_12m,natural_breaks,Absolute Mortality,uWUE,Mid,46,-0.04009,54.3,0.1105,0.2163,ns
M5vsM6_anom_12m,natural_breaks,Absolute Mortality,ETmax,Low,37,-0.00188,59.5,0.2253,0.3228,ns
M5vsM6_anom_12m,natural_breaks,Absolute Mortality,GPPsat,Low,37,-0.81438,67.6,0.00563,0.04118,*
M5vsM6_anom_12m,natural_breaks,Absolute Mortality,NEPmax,Low,37,-0.43912,64.9,0.02674,0.0852,ns
M5vsM6_anom_12m,natural_breaks,Absolute Mortality,WUE,Low,37,-0.08547,59.5,0.1354,0.242,ns
M5vsM6_anom_12m,natural_breaks,Absolute Mortality,uWUE,Low,37,-0.01804,59.5,0.2583,0.3228,ns
M5vsM6_anom_12m,natural_breaks,Relative Mortality,ETmax,Mid,45,-0.00284,62.2,0.05449,0.1298,ns
M5vsM6_anom_12m,natural_breaks,Relative Mortality,GPPsat,Mid,45,-1.35198,75.6,0.0004345,0.01955,*
M5vsM6_anom_12m,natural_breaks,Relative Mortality,NEPmax,Mid,45,-0.67993,66.7,0.01511,0.06181,ns
M5vsM6_anom_12m,natural_breaks,Relative Mortality,WUE,Mid,45,-0.03461,55.6,0.1773,0.285,ns
M5vsM6_anom_12m,natural_breaks,Relative Mortality,uWUE,Mid,45,-0.05866,57.8,0.2527,0.3228,ns
M5vsM6_anom_12m,natural_breaks,Relative Mortality,ETmax,High,26,0.00195,46.2,0.7204,0.7368,ns
M5vsM6_anom_12m,natural_breaks,Relative Mortality,GPPsat,High,26,-0.61103,65.4,0.0284,0.0852,ns
M5vsM6_anom_12m,natural_breaks,Relative Mortality,NEPmax,High,26,-0.68569,73.1,0.006405,0.04118,*
M5vsM6_anom_12m,natural_breaks,Relative Mortality,WUE,High,26,-0.02553,57.7,0.1021,0.2088,ns
M5vsM6_anom_12m,natural_breaks,Relative Mortality,uWUE,High,26,-0.13805,65.4,0.0119,0.05354,ns
M5vsM6_anom_12m,natural_breaks,Relative Mortality,ETmax,Low,41,-0.00187,53.7,0.5207,0.5715,ns
M5vsM6_anom_12m,natural_breaks,Relative Mortality,GPPsat,Low,41,-0.80567,61,0.0473,0.1263,ns
M5vsM6_anom_12m,natural_breaks,Relative Mortality,NEPmax,Low,41,-0.33345,58.5,0.07334,0.1572,ns
M5vsM6_anom_12m,natural_breaks,Relative Mortality,WUE,Low,41,-0.05421,53.7,0.3439,0.4073,ns
M5vsM6_anom_12m,natural_breaks,Relative Mortality,uWUE,Low,41,0.0036,48.8,0.5618,0.6019,ns
M5vsM6_anom_12m,natural_breaks,Relative Disturbance,ETmax,Mid,49,-0.0023,61.2,0.06915,0.1556,ns
M5vsM6_anom_12m,natural_breaks,Relative Disturbance,GPPsat,Mid,49,-1.05517,69.4,0.001959,0.02938,*
M5vsM6_anom_12m,natural_breaks,Relative Disturbance,NEPmax,Mid,49,-0.75261,69.4,0.006266,0.04118,*
M5vsM6_anom_12m,natural_breaks,Relative Disturbance,WUE,Mid,49,-0.03436,53.1,0.2073,0.311,ns
M5vsM6_anom_12m,natural_breaks,Relative Disturbance,uWUE,Mid,49,-0.05866,55.1,0.1961,0.3044,ns
M5vsM6_anom_12m,natural_breaks,Relative Disturbance,ETmax,High,24,-0.00156,54.2,0.4041,0.4662,ns
M5vsM6_anom_12m,natural_breaks,Relative Disturbance,GPPsat,High,24,-0.89355,75,0.007883,0.04308,*
M5vsM6_anom_12m,natural_breaks,Relative Disturbance,NEPmax,High,24,-1.30305,75,0.001703,0.02938,*
M5vsM6_anom_12m,natural_breaks,Relative Disturbance,WUE,High,24,-0.02553,58.3,0.1236,0.2318,ns
M5vsM6_anom_12m,natural_breaks,Relative Disturbance,uWUE,High,24,-0.12274,66.7,0.02517,0.0852,ns
M5vsM6_anom_12m,natural_breaks,Relative Disturbance,ETmax,Low,39,0.00043,48.7,0.7463,0.7463,ns
M5vsM6_anom_12m,natural_breaks,Relative Disturbance,GPPsat,Low,39,-0.72059,61.5,0.0477,0.1263,ns
M5vsM6_anom_12m,natural_breaks,Relative Disturbance,NEPmax,Low,39,-0.05064,53.8,0.2493,0.3228,ns
M5vsM6_anom_12m,natural_breaks,Relative Disturbance,WUE,Low,39,-0.05421,56.4,0.2719,0.3307,ns
M5vsM6_anom_12m,natural_breaks,Relative Disturbance,uWUE,Low,39,-0.00761,51.3,0.4583,0.5156,ns
M5vsM6_anom_24m,tertiles,Absolute Mortality,ETmax,High,37,-0.00137,56.8,0.2391,0.3165,ns
M5vsM6_anom_24m,tertiles,Absolute Mortality,GPPsat,High,37,-0.62327,62.2,0.01329,0.04983,*
M5vsM6_anom_24m,tertiles,Absolute Mortality,NEPmax,High,37,-0.45774,56.8,0.02674,0.0752,ns
M5vsM6_anom_24m,tertiles,Absolute Mortality,WUE,High,37,-0.1031,62.2,0.05162,0.1056,ns
M5vsM6_anom_24m,tertiles,Absolute Mortality,uWUE,High,37,-0.03838,56.8,0.1321,0.1918,ns
M5vsM6_anom_24m,tertiles,Absolute Mortality,ETmax,Mid,37,-0.00225,56.8,0.3474,0.4114,ns
M5vsM6_anom_24m,tertiles,Absolute Mortality,GPPsat,Mid,37,-0.72827,70.3,0.005393,0.04408,*
M5vsM6_anom_24m,tertiles,Absolute Mortality,NEPmax,Mid,37,-1.22632,67.6,0.008226,0.04983,*
M5vsM6_anom_24m,tertiles,Absolute Mortality,WUE,Mid,37,0.00539,48.6,0.3757,0.4335,ns
M5vsM6_anom_24m,tertiles,Absolute Mortality,uWUE,Mid,37,0.01341,48.6,0.2345,0.3165,ns
M5vsM6_anom_24m,tertiles,Absolute Mortality,ETmax,Low,38,-0.00235,55.3,0.08641,0.1426,ns
M5vsM6_anom_24m,tertiles,Absolute Mortality,GPPsat,Low,38,-0.54858,65.8,0.01973,0.0646,ns
M5vsM6_anom_24m,tertiles,Absolute Mortality,NEPmax,Low,38,-0.76396,63.2,0.03965,0.08867,ns
M5vsM6_anom_24m,tertiles,Absolute Mortality,WUE,Low,38,-0.05983,60.5,0.08871,0.1426,ns
M5vsM6_anom_24m,tertiles,Absolute Mortality,uWUE,Low,38,0.00773,47.4,0.311,0.3782,ns
M5vsM6_anom_24m,tertiles,Relative Mortality,ETmax,High,37,-0.00061,51.4,0.5421,0.5878,ns
M5vsM6_anom_24m,tertiles,Relative Mortality,GPPsat,High,37,-0.73575,70.3,0.002753,0.04408,*
M5vsM6_anom_24m,tertiles,Relative Mortality,NEPmax,High,37,-0.51217,59.5,0.01182,0.04983,*
M5vsM6_anom_24m,tertiles,Relative Mortality,WUE,High,37,-0.08886,56.8,0.0759,0.1366,ns
M5vsM6_anom_24m,tertiles,Relative Mortality,uWUE,High,37,-0.05858,56.8,0.06193,0.1161,ns
M5vsM6_anom_24m,tertiles,Relative Mortality,ETmax,Mid,37,-0.0025,62.2,0.02161,0.06483,ns
M5vsM6_anom_24m,tertiles,Relative Mortality,GPPsat,Mid,37,-0.59606,62.2,0.01229,0.04983,*
M5vsM6_anom_24m,tertiles,Relative Mortality,NEPmax,Mid,37,-1.03897,62.2,0.0201,0.0646,ns
M5vsM6_anom_24m,tertiles,Relative Mortality,WUE,Mid,37,-0.1172,67.6,0.01092,0.04983,*
M5vsM6_anom_24m,tertiles,Relative Mortality,uWUE,Mid,37,-0.04906,56.8,0.1109,0.172,ns
M5vsM6_anom_24m,tertiles,Relative Mortality,ETmax,Low,38,-0.0024,55.3,0.2809,0.3612,ns
M5vsM6_anom_24m,tertiles,Relative Mortality,GPPsat,Low,38,-0.81963,65.8,0.03069,0.08123,ns
M5vsM6_anom_24m,tertiles,Relative Mortality,NEPmax,Low,38,-0.99531,65.8,0.03842,0.08867,ns
M5vsM6_anom_24m,tertiles,Relative Mortality,WUE,Low,38,0.03297,47.4,0.5691,0.5878,ns
M5vsM6_anom_24m,tertiles,Relative Mortality,uWUE,Low,38,0.02415,39.5,0.7383,0.7383,ns
M5vsM6_anom_24m,tertiles,Relative Disturbance,ETmax,High,37,-0.00061,51.4,0.56,0.5878,ns
M5vsM6_anom_24m,tertiles,Relative Disturbance,GPPsat,High,37,-0.73575,67.6,0.00563,0.04408,*
M5vsM6_anom_24m,tertiles,Relative Disturbance,NEPmax,High,37,-0.72281,59.5,0.01049,0.04983,*
M5vsM6_anom_24m,tertiles,Relative Disturbance,WUE,High,37,-0.08886,56.8,0.0803,0.139,ns
M5vsM6_anom_24m,tertiles,Relative Disturbance,uWUE,High,37,-0.05858,56.8,0.06011,0.1161,ns
M5vsM6_anom_24m,tertiles,Relative Disturbance,ETmax,Mid,37,-0.00472,70.3,0.005878,0.04408,*
M5vsM6_anom_24m,tertiles,Relative Disturbance,GPPsat,Mid,37,-0.60882,64.9,0.003462,0.04408,*
M5vsM6_anom_24m,tertiles,Relative Disturbance,NEPmax,Mid,37,-1.14542,67.6,0.003623,0.04408,*
M5vsM6_anom_24m,tertiles,Relative Disturbance,WUE,Mid,37,-0.10886,59.5,0.04138,0.08867,ns
M5vsM6_anom_24m,tertiles,Relative Disturbance,uWUE,Mid,37,-0.03608,54.1,0.2299,0.3165,ns
M5vsM6_anom_24m,tertiles,Relative Disturbance,ETmax,Low,38,7e-05,47.4,0.5,0.5625,ns
M5vsM6_anom_24m,tertiles,Relative Disturbance,GPPsat,Low,38,-0.64604,65.8,0.03723,0.08867,ns
M5vsM6_anom_24m,tertiles,Relative Disturbance,NEPmax,Low,38,-0.64678,60.5,0.1321,0.1918,ns
M5vsM6_anom_24m,tertiles,Relative Disturbance,WUE,Low,38,-0.032,55.3,0.3008,0.376,ns
M5vsM6_anom_24m,tertiles,Relative Disturbance,uWUE,Low,38,0.0169,42.1,0.5748,0.5878,ns
M5vsM6_anom_24m,equal_width,Absolute Mortality,ETmax,Mid,52,-0.00049,51.9,0.3732,0.4691,ns
M5vsM6_anom_24m,equal_width,Absolute Mortality,GPPsat,Mid,52,-0.5874,61.5,0.01023,0.05116,ns
M5vsM6_anom_24m,equal_width,Absolute Mortality,NEPmax,Mid,52,-0.71161,57.7,0.03325,0.09165,ns
M5vsM6_anom_24m,equal_width,Absolute Mortality,WUE,Mid,52,-0.10011,57.7,0.04386,0.09399,ns
M5vsM6_anom_24m,equal_width,Absolute Mortality,uWUE,Mid,52,-0.06337,59.6,0.03462,0.09165,ns
M5vsM6_anom_24m,equal_width,Absolute Mortality,ETmax,Low,54,-0.00272,63,0.02152,0.07448,ns
M5vsM6_anom_24m,equal_width,Absolute Mortality,GPPsat,Low,54,-0.78184,70.4,0.0005851,0.01371,*
M5vsM6_anom_24m,equal_width,Absolute Mortality,NEPmax,Low,54,-1.18587,68.5,0.0009138,0.01371,*
M5vsM6_anom_24m,equal_width,Absolute Mortality,WUE,Low,54,-0.032,55.6,0.1468,0.2446,ns
M5vsM6_anom_24m,equal_width,Absolute Mortality,uWUE,Low,54,0.01981,42.6,0.5886,0.6306,ns
M5vsM6_anom_24m,equal_width,Absolute Mortality,ETmax,High,6,0.00415,33.3,0.9289,0.9289,ns
M5vsM6_anom_24m,equal_width,Absolute Mortality,GPPsat,High,6,-0.69016,66.7,0.417,0.4691,ns
M5vsM6_anom_24m,equal_width,Absolute Mortality,NEPmax,High,6,0.05962,50,0.417,0.4691,ns
M5vsM6_anom_24m,equal_width,Absolute Mortality,WUE,High,6,-0.07349,66.7,0.417,0.4691,ns
M5vsM6_anom_24m,equal_width,Absolute Mortality,uWUE,High,6,-0.03529,50,0.417,0.4691,ns
M5vsM6_anom_24m,equal_width,Relative Mortality,ETmax,Mid,34,-0.00181,58.8,0.187,0.2902,ns
M5vsM6_anom_24m,equal_width,Relative Mortality,GPPsat,Mid,34,-0.79623,73.5,0.001466,0.01649,*
M5vsM6_anom_24m,equal_width,Relative Mortality,NEPmax,Mid,34,-1.19504,67.6,0.0007365,0.01371,*
M5vsM6_anom_24m,equal_width,Relative Mortality,WUE,Mid,34,-0.02048,50,0.3534,0.4691,ns
M5vsM6_anom_24m,equal_width,Relative Mortality,uWUE,Mid,34,0.0307,44.1,0.3791,0.4691,ns
M5vsM6_anom_24m,equal_width,Relative Mortality,ETmax,High,8,0.00159,37.5,0.7357,0.7699,ns
M5vsM6_anom_24m,equal_width,Relative Mortality,GPPsat,High,8,-1.05591,62.5,0.117,0.2025,ns
M5vsM6_anom_24m,equal_width,Relative Mortality,NEPmax,High,8,-0.28548,50,0.3631,0.4691,ns
M5vsM6_anom_24m,equal_width,Relative Mortality,WUE,High,8,-0.34067,75,0.02935,0.08806,ns
M5vsM6_anom_24m,equal_width,Relative Mortality,uWUE,High,8,-0.35593,87.5,0.04003,0.09352,ns
M5vsM6_anom_24m,equal_width,Relative Mortality,ETmax,Low,70,-0.00221,57.1,0.07499,0.1406,ns
M5vsM6_anom_24m,equal_width,Relative Mortality,GPPsat,Low,70,-0.58102,62.9,0.005545,0.03565,*
M5vsM6_anom_24m,equal_width,Relative Mortality,NEPmax,Low,70,-0.93209,61.4,0.01915,0.0718,ns
M5vsM6_anom_24m,equal_width,Relative Mortality,WUE,Low,70,-0.06002,58.6,0.05572,0.1136,ns
M5vsM6_anom_24m,equal_width,Relative Mortality,uWUE,Low,70,-0.01339,50,0.234,0.3397,ns
M5vsM6_anom_24m,equal_width,Relative Disturbance,ETmax,Mid,39,-0.00235,66.7,0.04116,0.09352,ns
M5vsM6_anom_24m,equal_width,Relative Disturbance,GPPsat,Mid,39,-0.67519,69.2,0.003052,0.02289,*
M5vsM6_anom_24m,equal_width,Relative Disturbance,NEPmax,Mid,39,-1.13291,64.1,0.002067,0.0186,*
M5vsM6_anom_24m,equal_width,Relative Disturbance,WUE,Mid,39,0.01715,46.2,0.4089,0.4691,ns
M5vsM6_anom_24m,equal_width,Relative Disturbance,uWUE,Mid,39,0.04493,41,0.5417,0.5945,ns
M5vsM6_anom_24m,equal_width,Relative Disturbance,ETmax,High,10,0.00159,30,0.846,0.8652,ns
M5vsM6_anom_24m,equal_width,Relative Disturbance,GPPsat,High,10,-1.51698,70,0.04157,0.09352,ns
M5vsM6_anom_24m,equal_width,Relative Disturbance,NEPmax,High,10,-1.07047,60,0.1106,0.1991,ns
M5vsM6_anom_24m,equal_width,Relative Disturbance,WUE,High,10,-0.34067,80,0.01247,0.0561,ns
M5vsM6_anom_24m,equal_width,Relative Disturbance,uWUE,High,10,-0.35593,90,0.01616,0.06609,ns
M5vsM6_anom_24m,equal_width,Relative Disturbance,ETmax,Low,63,-0.00143,54,0.153,0.246,ns
M5vsM6_anom_24m,equal_width,Relative Disturbance,GPPsat,Low,63,-0.56598,63.5,0.007905,0.04447,*
M5vsM6_anom_24m,equal_width,Relative Disturbance,NEPmax,Low,63,-0.90763,61.9,0.02452,0.07881,ns
M5vsM6_anom_24m,equal_width,Relative Disturbance,WUE,Low,63,-0.06894,60.3,0.05807,0.1136,ns
M5vsM6_anom_24m,equal_width,Relative Disturbance,uWUE,Low,63,-0.02964,50.8,0.2309,0.3397,ns
M5vsM6_anom_24m,natural_breaks,Absolute Mortality,ETmax,High,29,-0.00061,51.7,0.5259,0.5772,ns
M5vsM6_anom_24m,natural_breaks,Absolute Mortality,GPPsat,High,29,-0.73575,65.5,0.01798,0.05393,ns
M5vsM6_anom_24m,natural_breaks,Absolute Mortality,NEPmax,High,29,-0.45774,58.6,0.03147,0.07454,ns
M5vsM6_anom_24m,natural_breaks,Absolute Mortality,WUE,High,29,-0.1031,58.6,0.1304,0.2024,ns
M5vsM6_anom_24m,natural_breaks,Absolute Mortality,uWUE,High,29,-0.03838,58.6,0.1049,0.1822,ns
M5vsM6_anom_24m,natural_breaks,Absolute Mortality,ETmax,Mid,46,-0.00247,60.9,0.1279,0.2024,ns
M5vsM6_anom_24m,natural_breaks,Absolute Mortality,GPPsat,Mid,46,-0.72719,67.4,0.002854,0.0312,*
M5vsM6_anom_24m,natural_breaks,Absolute Mortality,NEPmax,Mid,46,-1.03477,65.2,0.005286,0.0312,*
M5vsM6_anom_24m,natural_breaks,Absolute Mortality,WUE,Mid,46,-0.02886,52.2,0.219,0.3065,ns
M5vsM6_anom_24m,natural_breaks,Absolute Mortality,uWUE,Mid,46,-0.0057,50,0.2388,0.3161,ns
M5vsM6_anom_24m,natural_breaks,Absolute Mortality,ETmax,Low,37,-0.00207,54.1,0.1053,0.1822,ns
M5vsM6_anom_24m,natural_breaks,Absolute Mortality,GPPsat,Low,37,-0.50111,64.9,0.02582,0.06455,ns
M5vsM6_anom_24m,natural_breaks,Absolute Mortality,NEPmax,Low,37,-0.85631,62.2,0.04273,0.09157,ns
M5vsM6_anom_24m,natural_breaks,Absolute Mortality,WUE,Low,37,-0.08074,62.2,0.06765,0.1324,ns
M5vsM6_anom_24m,natural_breaks,Absolute Mortality,uWUE,Low,37,0.01262,45.9,0.3364,0.3983,ns
M5vsM6_anom_24m,natural_breaks,Relative Mortality,ETmax,Mid,45,-0.0025,66.7,0.005371,0.0312,*
M5vsM6_anom_24m,natural_breaks,Relative Mortality,GPPsat,Mid,45,-0.59606,66.7,0.001442,0.0312,*
M5vsM6_anom_24m,natural_breaks,Relative Mortality,NEPmax,Mid,45,-1.03057,64.4,0.005547,0.0312,*
M5vsM6_anom_24m,natural_breaks,Relative Mortality,WUE,Mid,45,-0.07407,55.6,0.118,0.1966,ns
M5vsM6_anom_24m,natural_breaks,Relative Mortality,uWUE,Mid,45,-0.03838,53.3,0.2247,0.3065,ns
M5vsM6_anom_24m,natural_breaks,Relative Mortality,ETmax,High,26,0.0022,38.5,0.8681,0.8681,ns
M5vsM6_anom_24m,natural_breaks,Relative Mortality,GPPsat,High,26,-0.74641,69.2,0.01113,0.0436,*
M5vsM6_anom_24m,natural_breaks,Relative Mortality,NEPmax,High,26,-0.71161,57.7,0.0224,0.05931,ns
M5vsM6_anom_24m,natural_breaks,Relative Mortality,WUE,High,26,-0.09894,69.2,0.01357,0.0436,*
M5vsM6_anom_24m,natural_breaks,Relative Mortality,uWUE,High,26,-0.08661,65.4,0.01357,0.0436,*
M5vsM6_anom_24m,natural_breaks,Relative Mortality,ETmax,Low,41,-0.00198,56.1,0.2585,0.3324,ns
M5vsM6_anom_24m,natural_breaks,Relative Mortality,GPPsat,Low,41,-0.72611,63.4,0.05997,0.1227,ns
M5vsM6_anom_24m,natural_breaks,Relative Mortality,NEPmax,Low,41,-0.85631,63.4,0.07156,0.1342,ns
M5vsM6_anom_24m,natural_breaks,Relative Mortality,WUE,Low,41,-0.0054,51.2,0.428,0.4939,ns
M5vsM6_anom_24m,natural_breaks,Relative Mortality,uWUE,Low,41,0.0279,39,0.7738,0.8098,ns
M5vsM6_anom_24m,natural_breaks,Relative Disturbance,ETmax,Mid,49,-0.00281,71.4,0.003618,0.0312,*
M5vsM6_anom_24m,natural_breaks,Relative Disturbance,GPPsat,Mid,49,-0.62327,67.3,0.001247,0.0312,*
M5vsM6_anom_24m,natural_breaks,Relative Disturbance,NEPmax,Mid,49,-1.13291,67.3,0.002364,0.0312,*
M5vsM6_anom_24m,natural_breaks,Relative Disturbance,WUE,Mid,49,-0.07407,53.1,0.1961,0.2847,ns
M5vsM6_anom_24m,natural_breaks,Relative Disturbance,uWUE,Mid,49,-0.03582,51,0.282,0.3525,ns
M5vsM6_anom_24m,natural_breaks,Relative Disturbance,ETmax,High,24,0.00156,41.7,0.8234,0.8422,ns
M5vsM6_anom_24m,natural_breaks,Relative Disturbance,GPPsat,High,24,-0.74641,66.7,0.01245,0.0436,*
M5vsM6_anom_24m,natural_breaks,Relative Disturbance,NEPmax,High,24,-1.07047,58.3,0.01245,0.0436,*
M5vsM6_anom_24m,natural_breaks,Relative Disturbance,WUE,High,24,-0.09894,66.7,0.009208,0.0436,*
M5vsM6_anom_24m,natural_breaks,Relative Disturbance,uWUE,High,24,-0.07326,66.7,0.02199,0.05931,ns
M5vsM6_anom_24m,natural_breaks,Relative Disturbance,ETmax,Low,39,8e-05,46.2,0.5084,0.5719,ns
M5vsM6_anom_24m,natural_breaks,Relative Disturbance,GPPsat,Low,39,-0.56598,64.1,0.0424,0.09157,ns
M5vsM6_anom_24m,natural_breaks,Relative Disturbance,NEPmax,Low,39,-0.62194,59,0.1592,0.2388,ns
M5vsM6_anom_24m,natural_breaks,Relative Disturbance,WUE,Low,39,-0.02509,56.4,0.2955,0.3594,ns
M5vsM6_anom_24m,natural_breaks,Relative Disturbance,uWUE,Low,39,0.0204,41,0.6072,0.6506,ns
M7vsM8_raw_12m,tertiles,Absolute Mortality,ETmax,High,37,0.00015,48.6,0.7924,0.9133,ns
M7vsM8_raw_12m,tertiles,Absolute Mortality,GPPsat,High,37,0.08083,43.2,0.7792,0.9133,ns
M7vsM8_raw_12m,tertiles,Absolute Mortality,NEPmax,High,37,-0.03368,54.1,0.6012,0.8187,ns
M7vsM8_raw_12m,tertiles,Absolute Mortality,WUE,High,37,-0.0127,59.5,0.0849,0.3347,ns
M7vsM8_raw_12m,tertiles,Absolute Mortality,uWUE,High,37,-0.00574,59.5,0.2884,0.6488,ns
M7vsM8_raw_12m,tertiles,Absolute Mortality,ETmax,Mid,37,0.00079,45.9,0.8439,0.9228,ns
M7vsM8_raw_12m,tertiles,Absolute Mortality,GPPsat,Mid,37,-0.07383,56.8,0.09724,0.3347,ns
M7vsM8_raw_12m,tertiles,Absolute Mortality,NEPmax,Mid,37,-0.03232,51.4,0.1289,0.3626,ns
M7vsM8_raw_12m,tertiles,Absolute Mortality,WUE,Mid,37,0.00012,48.6,0.6186,0.8187,ns
M7vsM8_raw_12m,tertiles,Absolute Mortality,uWUE,Mid,37,-0.00437,56.8,0.37,0.7239,ns
M7vsM8_raw_12m,tertiles,Absolute Mortality,ETmax,Low,38,-0.00094,55.3,0.4252,0.736,ns
M7vsM8_raw_12m,tertiles,Absolute Mortality,GPPsat,Low,38,-0.13548,57.9,0.03723,0.3347,ns
M7vsM8_raw_12m,tertiles,Absolute Mortality,NEPmax,Low,38,-0.10046,55.3,0.08871,0.3347,ns
M7vsM8_raw_12m,tertiles,Absolute Mortality,WUE,Low,38,-0.01001,55.3,0.4711,0.7571,ns
M7vsM8_raw_12m,tertiles,Absolute Mortality,uWUE,Low,38,-0.03309,57.9,0.4423,0.7372,ns
M7vsM8_raw_12m,tertiles,Relative Mortality,ETmax,High,37,0.00218,29.7,0.9982,0.9982,ns
M7vsM8_raw_12m,tertiles,Relative Mortality,GPPsat,High,37,0.13393,40.5,0.8613,0.9228,ns
M7vsM8_raw_12m,tertiles,Relative Mortality,NEPmax,High,37,0.17114,40.5,0.9001,0.942,ns
M7vsM8_raw_12m,tertiles,Relative Mortality,WUE,High,37,0.00012,48.6,0.5659,0.7958,ns
M7vsM8_raw_12m,tertiles,Relative Mortality,uWUE,High,37,-0.00574,59.5,0.304,0.6514,ns
M7vsM8_raw_12m,tertiles,Relative Mortality,ETmax,Mid,37,-0.00027,59.5,0.353,0.7221,ns
M7vsM8_raw_12m,tertiles,Relative Mortality,GPPsat,Mid,37,-0.21809,64.9,0.003963,0.08917,ns
M7vsM8_raw_12m,tertiles,Relative Mortality,NEPmax,Mid,37,-0.14036,67.6,0.003963,0.08917,ns
M7vsM8_raw_12m,tertiles,Relative Mortality,WUE,Mid,37,-0.02121,62.2,0.0224,0.3347,ns
M7vsM8_raw_12m,tertiles,Relative Mortality,uWUE,Mid,37,-0.03506,64.9,0.0849,0.3347,ns
M7vsM8_raw_12m,tertiles,Relative Mortality,ETmax,Low,38,-0.00094,60.5,0.1088,0.3347,ns
M7vsM8_raw_12m,tertiles,Relative Mortality,GPPsat,Low,38,-0.07333,52.6,0.2084,0.5209,ns
M7vsM8_raw_12m,tertiles,Relative Mortality,NEPmax,Low,38,-0.05273,52.6,0.1116,0.3347,ns
M7vsM8_raw_12m,tertiles,Relative Mortality,WUE,Low,38,-0.00742,52.6,0.689,0.84,ns
M7vsM8_raw_12m,tertiles,Relative Mortality,uWUE,Low,38,0.00207,50,0.8118,0.9133,ns
M7vsM8_raw_12m,tertiles,Relative Disturbance,ETmax,High,37,0.00105,37.8,0.9872,0.9982,ns
M7vsM8_raw_12m,tertiles,Relative Disturbance,GPPsat,High,37,0.02328,48.6,0.5659,0.7958,ns
M7vsM8_raw_12m,tertiles,Relative Disturbance,NEPmax,High,37,0.05124,45.9,0.6854,0.84,ns
M7vsM8_raw_12m,tertiles,Relative Disturbance,WUE,High,37,-0.0127,54.1,0.4223,0.736,ns
M7vsM8_raw_12m,tertiles,Relative Disturbance,uWUE,High,37,-0.00504,56.8,0.3872,0.726,ns
M7vsM8_raw_12m,tertiles,Relative Disturbance,ETmax,Mid,37,-6e-05,51.4,0.6907,0.84,ns
M7vsM8_raw_12m,tertiles,Relative Disturbance,GPPsat,Mid,37,-0.07441,56.8,0.04851,0.3347,ns
M7vsM8_raw_12m,tertiles,Relative Disturbance,NEPmax,Mid,37,-0.05152,56.8,0.0849,0.3347,ns
M7vsM8_raw_12m,tertiles,Relative Disturbance,WUE,Mid,37,-0.00763,54.1,0.1053,0.3347,ns
M7vsM8_raw_12m,tertiles,Relative Disturbance,uWUE,Mid,37,-0.02971,64.9,0.2391,0.5664,ns
M7vsM8_raw_12m,tertiles,Relative Disturbance,ETmax,Low,38,-0.00055,60.5,0.08415,0.3347,ns
M7vsM8_raw_12m,tertiles,Relative Disturbance,GPPsat,Low,38,-0.06206,52.6,0.1656,0.4384,ns
M7vsM8_raw_12m,tertiles,Relative Disturbance,NEPmax,Low,38,-0.1131,57.9,0.06036,0.3347,ns
M7vsM8_raw_12m,tertiles,Relative Disturbance,WUE,Low,38,-0.01001,55.3,0.5577,0.7958,ns
M7vsM8_raw_12m,tertiles,Relative Disturbance,uWUE,Low,38,-0.00396,52.6,0.4884,0.7579,ns
M7vsM8_raw_12m,equal_width,Absolute Mortality,ETmax,Mid,52,0.00046,48.1,0.8948,0.982,ns
M7vsM8_raw_12m,equal_width,Absolute Mortality,GPPsat,Mid,52,0.06354,44.2,0.6997,0.9751,ns
M7vsM8_raw_12m,equal_width,Absolute Mortality,NEPmax,Mid,52,0.03275,48.1,0.6024,0.9347,ns
M7vsM8_raw_12m,equal_width,Absolute Mortality,WUE,Mid,52,-0.01389,57.7,0.05499,0.3077,ns
M7vsM8_raw_12m,equal_width,Absolute Mortality,uWUE,Mid,52,-0.01366,59.6,0.1247,0.4567,ns
M7vsM8_raw_12m,equal_width,Absolute Mortality,ETmax,Low,54,-0.00013,55.6,0.3816,0.7017,ns
M7vsM8_raw_12m,equal_width,Absolute Mortality,GPPsat,Low,54,-0.13548,59.3,0.01501,0.1436,ns
M7vsM8_raw_12m,equal_width,Absolute Mortality,NEPmax,Low,54,-0.16652,57.4,0.01859,0.1436,ns
M7vsM8_raw_12m,equal_width,Absolute Mortality,WUE,Low,54,0.00298,50,0.7783,0.9751,ns
M7vsM8_raw_12m,equal_width,Absolute Mortality,uWUE,Low,54,-0.00897,53.7,0.5919,0.9347,ns
M7vsM8_raw_12m,equal_width,Absolute Mortality,ETmax,High,6,0.00293,16.7,0.8527,0.9751,ns
M7vsM8_raw_12m,equal_width,Absolute Mortality,GPPsat,High,6,-0.30225,66.7,0.2647,0.6269,ns
M7vsM8_raw_12m,equal_width,Absolute Mortality,NEPmax,High,6,-0.30806,66.7,0.5,0.8333,ns
M7vsM8_raw_12m,equal_width,Absolute Mortality,WUE,High,6,-0.04955,66.7,0.3375,0.7017,ns
M7vsM8_raw_12m,equal_width,Absolute Mortality,uWUE,High,6,-0.00453,83.3,0.2008,0.5166,ns
M7vsM8_raw_12m,equal_width,Relative Mortality,ETmax,Mid,34,0.00207,32.4,0.9962,0.9962,ns
M7vsM8_raw_12m,equal_width,Relative Mortality,GPPsat,Mid,34,-0.02655,52.9,0.3534,0.7017,ns
M7vsM8_raw_12m,equal_width,Relative Mortality,NEPmax,Mid,34,-0.05016,50,0.4054,0.7017,ns
M7vsM8_raw_12m,equal_width,Relative Mortality,WUE,Mid,34,0.01413,44.1,0.8668,0.9751,ns
M7vsM8_raw_12m,equal_width,Relative Mortality,uWUE,Mid,34,0.00022,50,0.8593,0.9751,ns
M7vsM8_raw_12m,equal_width,Relative Mortality,ETmax,High,8,0.00081,37.5,0.7794,0.9751,ns
M7vsM8_raw_12m,equal_width,Relative Mortality,GPPsat,High,8,0.54178,12.5,0.96,0.9962,ns
M7vsM8_raw_12m,equal_width,Relative Mortality,NEPmax,High,8,0.31939,37.5,0.8532,0.9751,ns
M7vsM8_raw_12m,equal_width,Relative Mortality,WUE,High,8,-0.09212,62.5,0.1814,0.5166,ns
M7vsM8_raw_12m,equal_width,Relative Mortality,uWUE,High,8,-0.10229,100,0.007133,0.1436,ns
M7vsM8_raw_12m,equal_width,Relative Mortality,ETmax,Low,70,-0.00055,60,0.1421,0.4567,ns
M7vsM8_raw_12m,equal_width,Relative Mortality,GPPsat,Low,70,-0.11396,57.1,0.0141,0.1436,ns
M7vsM8_raw_12m,equal_width,Relative Mortality,NEPmax,Low,70,-0.08578,57.1,0.01915,0.1436,ns
M7vsM8_raw_12m,equal_width,Relative Mortality,WUE,Low,70,-0.01307,58.6,0.1343,0.4567,ns
M7vsM8_raw_12m,equal_width,Relative Mortality,uWUE,Low,70,-0.02588,57.1,0.3627,0.7017,ns
M7vsM8_raw_12m,equal_width,Relative Disturbance,ETmax,Mid,39,0.00134,41,0.9588,0.9962,ns
M7vsM8_raw_12m,equal_width,Relative Disturbance,GPPsat,Mid,39,-0.14673,61.5,0.06153,0.3077,ns
M7vsM8_raw_12m,equal_width,Relative Disturbance,NEPmax,Mid,39,-0.16847,56.4,0.184,0.5166,ns
M7vsM8_raw_12m,equal_width,Relative Disturbance,WUE,Mid,39,0.01159,43.6,0.7551,0.9751,ns
M7vsM8_raw_12m,equal_width,Relative Disturbance,uWUE,Mid,39,-0.00402,53.8,0.8374,0.9751,ns
M7vsM8_raw_12m,equal_width,Relative Disturbance,ETmax,High,10,0.00047,40,0.7926,0.9751,ns
M7vsM8_raw_12m,equal_width,Relative Disturbance,GPPsat,High,10,0.59733,10,0.9793,0.9962,ns
M7vsM8_raw_12m,equal_width,Relative Disturbance,NEPmax,High,10,0.15716,40,0.8205,0.9751,ns
M7vsM8_raw_12m,equal_width,Relative Disturbance,WUE,High,10,-0.08219,70,0.09257,0.3787,ns
M7vsM8_raw_12m,equal_width,Relative Disturbance,uWUE,High,10,-0.08799,90,0.005413,0.1436,ns
M7vsM8_raw_12m,equal_width,Relative Disturbance,ETmax,Low,63,-0.00027,57.1,0.3195,0.7017,ns
M7vsM8_raw_12m,equal_width,Relative Disturbance,GPPsat,Low,63,-0.07224,54,0.04983,0.3077,ns
M7vsM8_raw_12m,equal_width,Relative Disturbance,NEPmax,Low,63,-0.05152,54,0.07382,0.3322,ns
M7vsM8_raw_12m,equal_width,Relative Disturbance,WUE,Low,63,-0.01106,58.7,0.2066,0.5166,ns
M7vsM8_raw_12m,equal_width,Relative Disturbance,uWUE,Low,63,-0.01066,55.6,0.3961,0.7017,ns
M7vsM8_raw_12m,natural_breaks,Absolute Mortality,ETmax,High,29,0.00078,41.4,0.887,0.9736,ns
M7vsM8_raw_12m,natural_breaks,Absolute Mortality,GPPsat,High,29,0.04624,44.8,0.7417,0.9021,ns
M7vsM8_raw_12m,natural_breaks,Absolute Mortality,NEPmax,High,29,0.04397,48.3,0.713,0.9021,ns
M7vsM8_raw_12m,natural_breaks,Absolute Mortality,WUE,High,29,-0.0127,58.6,0.1447,0.3427,ns
M7vsM8_raw_12m,natural_breaks,Absolute Mortality,uWUE,High,29,-0.00574,62.1,0.2653,0.5685,ns
M7vsM8_raw_12m,natural_breaks,Absolute Mortality,ETmax,Mid,46,-4e-05,52.2,0.7187,0.9021,ns
M7vsM8_raw_12m,natural_breaks,Absolute Mortality,GPPsat,Mid,46,-0.04308,54.3,0.1279,0.3427,ns
M7vsM8_raw_12m,natural_breaks,Absolute Mortality,NEPmax,Mid,46,-0.09986,56.5,0.07618,0.3427,ns
M7vsM8_raw_12m,natural_breaks,Absolute Mortality,WUE,Mid,46,-0.00732,52.2,0.4178,0.75,ns
M7vsM8_raw_12m,natural_breaks,Absolute Mortality,uWUE,Mid,46,-0.00396,54.3,0.4652,0.75,ns
M7vsM8_raw_12m,natural_breaks,Absolute Mortality,ETmax,Low,37,-0.00069,54.1,0.4699,0.75,ns
M7vsM8_raw_12m,natural_breaks,Absolute Mortality,GPPsat,Low,37,-0.12455,56.8,0.05162,0.3427,ns
M7vsM8_raw_12m,natural_breaks,Absolute Mortality,NEPmax,Low,37,-0.07314,54.1,0.1167,0.3427,ns
M7vsM8_raw_12m,natural_breaks,Absolute Mortality,WUE,Low,37,-0.0098,54.1,0.5,0.75,ns
M7vsM8_raw_12m,natural_breaks,Absolute Mortality,uWUE,Low,37,-0.03646,59.5,0.353,0.6907,ns
M7vsM8_raw_12m,natural_breaks,Relative Mortality,ETmax,Mid,45,-6e-05,51.1,0.7753,0.9051,ns
M7vsM8_raw_12m,natural_breaks,Relative Mortality,GPPsat,Mid,45,-0.07383,57.8,0.05085,0.3427,ns
M7vsM8_raw_12m,natural_breaks,Relative Mortality,NEPmax,Mid,45,-0.05152,55.6,0.09713,0.3427,ns
M7vsM8_raw_12m,natural_breaks,Relative Mortality,WUE,Mid,45,-0.00153,51.1,0.1202,0.3427,ns
M7vsM8_raw_12m,natural_breaks,Relative Mortality,uWUE,Mid,45,-0.02919,62.2,0.2637,0.5685,ns
M7vsM8_raw_12m,natural_breaks,Relative Mortality,ETmax,High,26,0.00231,30.8,0.9814,0.9814,ns
M7vsM8_raw_12m,natural_breaks,Relative Mortality,GPPsat,High,26,0.07395,42.3,0.7845,0.9051,ns
M7vsM8_raw_12m,natural_breaks,Relative Mortality,NEPmax,High,26,0.0833,46.2,0.7118,0.9021,ns
M7vsM8_raw_12m,natural_breaks,Relative Mortality,WUE,High,26,-0.01737,61.5,0.2969,0.6073,ns
M7vsM8_raw_12m,natural_breaks,Relative Mortality,uWUE,High,26,-0.00539,61.5,0.1374,0.3427,ns
M7vsM8_raw_12m,natural_breaks,Relative Mortality,ETmax,Low,41,-0.00069,61,0.1116,0.3427,ns
M7vsM8_raw_12m,natural_breaks,Relative Mortality,GPPsat,Low,41,-0.07441,53.7,0.1325,0.3427,ns
M7vsM8_raw_12m,natural_breaks,Relative Mortality,NEPmax,Low,41,-0.12778,56.1,0.0698,0.3427,ns
M7vsM8_raw_12m,natural_breaks,Relative Mortality,WUE,Low,41,-0.0098,53.7,0.6072,0.8539,ns
M7vsM8_raw_12m,natural_breaks,Relative Mortality,uWUE,Low,41,-0.0014,51.2,0.7288,0.9021,ns
M7vsM8_raw_12m,natural_breaks,Relative Disturbance,ETmax,Mid,49,0.00134,42.9,0.9565,0.9782,ns
M7vsM8_raw_12m,natural_breaks,Relative Disturbance,GPPsat,Mid,49,-0.14673,59.2,0.01137,0.3427,ns
M7vsM8_raw_12m,natural_breaks,Relative Disturbance,NEPmax,Mid,49,-0.14036,59.2,0.02444,0.3427,ns
M7vsM8_raw_12m,natural_breaks,Relative Disturbance,WUE,Mid,49,-0.0127,55.1,0.1413,0.3427,ns
M7vsM8_raw_12m,natural_breaks,Relative Disturbance,uWUE,Mid,49,-0.01112,59.2,0.4841,0.75,ns
M7vsM8_raw_12m,natural_breaks,Relative Disturbance,ETmax,High,24,0.00017,45.8,0.8234,0.9264,ns
M7vsM8_raw_12m,natural_breaks,Relative Disturbance,GPPsat,High,24,0.15168,37.5,0.9332,0.9766,ns
M7vsM8_raw_12m,natural_breaks,Relative Disturbance,NEPmax,High,24,0.2135,37.5,0.9171,0.9766,ns
M7vsM8_raw_12m,natural_breaks,Relative Disturbance,WUE,High,24,-0.01123,54.2,0.393,0.7369,ns
M7vsM8_raw_12m,natural_breaks,Relative Disturbance,uWUE,High,24,-0.01507,62.5,0.1295,0.3427,ns
M7vsM8_raw_12m,natural_breaks,Relative Disturbance,ETmax,Low,39,-0.00042,61.5,0.08249,0.3427,ns
M7vsM8_raw_12m,natural_breaks,Relative Disturbance,GPPsat,Low,39,-0.07224,53.8,0.1429,0.3427,ns
M7vsM8_raw_12m,natural_breaks,Relative Disturbance,NEPmax,Low,39,-0.09841,56.4,0.06679,0.3427,ns
M7vsM8_raw_12m,natural_breaks,Relative Disturbance,WUE,Low,39,-0.0098,53.8,0.5692,0.8263,ns
M7vsM8_raw_12m,natural_breaks,Relative Disturbance,uWUE,Low,39,-0.00437,53.8,0.4583,0.75,ns
M7vsM8_raw_24m,tertiles,Absolute Mortality,ETmax,High,37,-0.00014,51.4,0.3364,0.8796,ns
M7vsM8_raw_24m,tertiles,Absolute Mortality,GPPsat,High,37,0.13091,43.2,0.9362,0.9613,ns
M7vsM8_raw_24m,tertiles,Absolute Mortality,NEPmax,High,37,-0.09082,51.4,0.2781,0.8796,ns
M7vsM8_raw_24m,tertiles,Absolute Mortality,WUE,High,37,-0.01067,62.2,0.1289,0.8288,ns
M7vsM8_raw_24m,tertiles,Absolute Mortality,uWUE,High,37,-0.00161,51.4,0.1827,0.8796,ns
M7vsM8_raw_24m,tertiles,Absolute Mortality,ETmax,Mid,37,0.00098,45.9,0.9343,0.9613,ns
M7vsM8_raw_24m,tertiles,Absolute Mortality,GPPsat,Mid,37,-0.15103,59.5,0.07377,0.7178,ns
M7vsM8_raw_24m,tertiles,Absolute Mortality,NEPmax,Mid,37,-0.06328,56.8,0.3474,0.8796,ns
M7vsM8_raw_24m,tertiles,Absolute Mortality,WUE,Mid,37,0.02305,32.4,0.9399,0.9613,ns
M7vsM8_raw_24m,tertiles,Absolute Mortality,uWUE,Mid,37,-0.00852,62.2,0.2164,0.8796,ns
M7vsM8_raw_24m,tertiles,Absolute Mortality,ETmax,Low,38,0.00066,42.1,0.7832,0.9613,ns
M7vsM8_raw_24m,tertiles,Absolute Mortality,GPPsat,Low,38,-0.06765,55.3,0.1009,0.7571,ns
M7vsM8_raw_24m,tertiles,Absolute Mortality,NEPmax,Low,38,-0.02443,57.9,0.3161,0.8796,ns
M7vsM8_raw_24m,tertiles,Absolute Mortality,WUE,Low,38,0.00889,44.7,0.8799,0.9613,ns
M7vsM8_raw_24m,tertiles,Absolute Mortality,uWUE,Low,38,0.01335,44.7,0.871,0.9613,ns
M7vsM8_raw_24m,tertiles,Relative Mortality,ETmax,High,37,0.00098,45.9,0.7967,0.9613,ns
M7vsM8_raw_24m,tertiles,Relative Mortality,GPPsat,High,37,0.09945,45.9,0.788,0.9613,ns
M7vsM8_raw_24m,tertiles,Relative Mortality,NEPmax,High,37,-0.08246,51.4,0.488,0.9149,ns
M7vsM8_raw_24m,tertiles,Relative Mortality,WUE,High,37,0.00547,43.2,0.8403,0.9613,ns
M7vsM8_raw_24m,tertiles,Relative Mortality,uWUE,High,37,-0.01708,56.8,0.1561,0.8778,ns
M7vsM8_raw_24m,tertiles,Relative Mortality,ETmax,Mid,37,2e-04,48.6,0.6012,0.9613,ns
M7vsM8_raw_24m,tertiles,Relative Mortality,GPPsat,Mid,37,-0.06779,54.1,0.4105,0.8796,ns
M7vsM8_raw_24m,tertiles,Relative Mortality,NEPmax,Mid,37,-0.00562,51.4,0.4579,0.9077,ns
M7vsM8_raw_24m,tertiles,Relative Mortality,WUE,Mid,37,-0.01617,56.8,0.212,0.8796,ns
M7vsM8_raw_24m,tertiles,Relative Mortality,uWUE,Mid,37,-0.01338,59.5,0.2439,0.8796,ns
M7vsM8_raw_24m,tertiles,Relative Mortality,ETmax,Low,38,0.00063,44.7,0.8118,0.9613,ns
M7vsM8_raw_24m,tertiles,Relative Mortality,GPPsat,Low,38,-0.21975,57.9,0.04487,0.7178,ns
M7vsM8_raw_24m,tertiles,Relative Mortality,NEPmax,Low,38,-0.07085,63.2,0.06954,0.7178,ns
M7vsM8_raw_24m,tertiles,Relative Mortality,WUE,Low,38,0.02071,39.5,0.9672,0.9672,ns
M7vsM8_raw_24m,tertiles,Relative Mortality,uWUE,Low,38,0.01335,42.1,0.9265,0.9613,ns
M7vsM8_raw_24m,tertiles,Relative Disturbance,ETmax,High,37,0.00098,43.2,0.7701,0.9613,ns
M7vsM8_raw_24m,tertiles,Relative Disturbance,GPPsat,High,37,-0.07613,51.4,0.3872,0.8796,ns
M7vsM8_raw_24m,tertiles,Relative Disturbance,NEPmax,High,37,-0.06328,51.4,0.353,0.8796,ns
M7vsM8_raw_24m,tertiles,Relative Disturbance,WUE,High,37,0.00622,40.5,0.8545,0.9613,ns
M7vsM8_raw_24m,tertiles,Relative Disturbance,uWUE,High,37,-0.00308,54.1,0.2935,0.8796,ns
M7vsM8_raw_24m,tertiles,Relative Disturbance,ETmax,Mid,37,-9e-05,51.4,0.647,0.9613,ns
M7vsM8_raw_24m,tertiles,Relative Disturbance,GPPsat,Mid,37,0.03317,45.9,0.7609,0.9613,ns
M7vsM8_raw_24m,tertiles,Relative Disturbance,NEPmax,Mid,37,0.03188,45.9,0.6526,0.9613,ns
M7vsM8_raw_24m,tertiles,Relative Disturbance,WUE,Mid,37,-0.01371,54.1,0.4105,0.8796,ns
M7vsM8_raw_24m,tertiles,Relative Disturbance,uWUE,Mid,37,-0.00975,54.1,0.4639,0.9077,ns
M7vsM8_raw_24m,tertiles,Relative Disturbance,ETmax,Low,38,8e-04,44.7,0.8118,0.9613,ns
M7vsM8_raw_24m,tertiles,Relative Disturbance,GPPsat,Low,38,-0.21975,60.5,0.07976,0.7178,ns
M7vsM8_raw_24m,tertiles,Relative Disturbance,NEPmax,Low,38,-0.09274,68.4,0.04768,0.7178,ns
M7vsM8_raw_24m,tertiles,Relative Disturbance,WUE,Low,38,0.00942,44.7,0.8679,0.9613,ns
M7vsM8_raw_24m,tertiles,Relative Disturbance,uWUE,Low,38,-0.00059,50,0.6787,0.9613,ns
M7vsM8_raw_24m,equal_width,Absolute Mortality,ETmax,Mid,52,6e-05,50,0.654,0.9375,ns
M7vsM8_raw_24m,equal_width,Absolute Mortality,GPPsat,Mid,52,-0.05304,51.9,0.6772,0.9375,ns
M7vsM8_raw_24m,equal_width,Absolute Mortality,NEPmax,Mid,52,-0.02247,50,0.4117,0.9375,ns
M7vsM8_raw_24m,equal_width,Absolute Mortality,WUE,Mid,52,-0.00486,51.9,0.346,0.9375,ns
M7vsM8_raw_24m,equal_width,Absolute Mortality,uWUE,Mid,52,-0.01095,57.7,0.09108,0.5879,ns
M7vsM8_raw_24m,equal_width,Absolute Mortality,ETmax,Low,54,8e-04,42.6,0.8893,0.9375,ns
M7vsM8_raw_24m,equal_width,Absolute Mortality,GPPsat,Low,54,-0.14373,55.6,0.05003,0.5879,ns
M7vsM8_raw_24m,equal_width,Absolute Mortality,NEPmax,Low,54,-0.0404,57.4,0.2879,0.9375,ns
M7vsM8_raw_24m,equal_width,Absolute Mortality,WUE,Low,54,0.01338,40.7,0.9414,0.9485,ns
M7vsM8_raw_24m,equal_width,Absolute Mortality,uWUE,Low,54,0.0038,48.1,0.861,0.9375,ns
M7vsM8_raw_24m,equal_width,Absolute Mortality,ETmax,High,6,0.00062,50,0.583,0.9375,ns
M7vsM8_raw_24m,equal_width,Absolute Mortality,GPPsat,High,6,0.36425,33.3,0.8958,0.9375,ns
M7vsM8_raw_24m,equal_width,Absolute Mortality,NEPmax,High,6,-0.43786,83.3,0.1042,0.5879,ns
M7vsM8_raw_24m,equal_width,Absolute Mortality,WUE,High,6,-0.00305,50,0.6625,0.9375,ns
M7vsM8_raw_24m,equal_width,Absolute Mortality,uWUE,High,6,-0.01871,50,0.2647,0.9375,ns
M7vsM8_raw_24m,equal_width,Relative Mortality,ETmax,Mid,34,0.00095,44.1,0.8593,0.9375,ns
M7vsM8_raw_24m,equal_width,Relative Mortality,GPPsat,Mid,34,0.07817,47.1,0.5341,0.9375,ns
M7vsM8_raw_24m,equal_width,Relative Mortality,NEPmax,Mid,34,-0.08839,55.9,0.1779,0.8897,ns
M7vsM8_raw_24m,equal_width,Relative Mortality,WUE,Mid,34,0.00585,41.2,0.8908,0.9375,ns
M7vsM8_raw_24m,equal_width,Relative Mortality,uWUE,Mid,34,0.00355,47.1,0.7195,0.9375,ns
M7vsM8_raw_24m,equal_width,Relative Mortality,ETmax,High,8,3e-04,50,0.7794,0.9375,ns
M7vsM8_raw_24m,equal_width,Relative Mortality,GPPsat,High,8,0.24876,50,0.883,0.9375,ns
M7vsM8_raw_24m,equal_width,Relative Mortality,NEPmax,High,8,0.07605,50,0.6369,0.9375,ns
M7vsM8_raw_24m,equal_width,Relative Mortality,WUE,High,8,0.0019,50,0.4721,0.9375,ns
M7vsM8_raw_24m,equal_width,Relative Mortality,uWUE,High,8,-0.05734,75,0.04003,0.5879,ns
M7vsM8_raw_24m,equal_width,Relative Mortality,ETmax,Low,70,0.00034,47.1,0.7228,0.9375,ns
M7vsM8_raw_24m,equal_width,Relative Mortality,GPPsat,Low,70,-0.10941,55.7,0.07253,0.5879,ns
M7vsM8_raw_24m,equal_width,Relative Mortality,NEPmax,Low,70,-0.0404,55.7,0.2675,0.9375,ns
M7vsM8_raw_24m,equal_width,Relative Mortality,WUE,Low,70,0.00609,48.6,0.6781,0.9375,ns
M7vsM8_raw_24m,equal_width,Relative Mortality,uWUE,Low,70,-0.00303,52.9,0.5489,0.9375,ns
M7vsM8_raw_24m,equal_width,Relative Disturbance,ETmax,Mid,39,0.00054,43.6,0.8046,0.9375,ns
M7vsM8_raw_24m,equal_width,Relative Disturbance,GPPsat,Mid,39,0.01519,48.7,0.4144,0.9375,ns
M7vsM8_raw_24m,equal_width,Relative Disturbance,NEPmax,Mid,39,-0.08246,56.4,0.08249,0.5879,ns
M7vsM8_raw_24m,equal_width,Relative Disturbance,WUE,Mid,39,0.00547,43.6,0.7507,0.9375,ns
M7vsM8_raw_24m,equal_width,Relative Disturbance,uWUE,Mid,39,0.01337,43.6,0.8752,0.9375,ns
M7vsM8_raw_24m,equal_width,Relative Disturbance,ETmax,High,10,-0.00213,60,0.5406,0.9375,ns
M7vsM8_raw_24m,equal_width,Relative Disturbance,GPPsat,High,10,0.27308,40,0.9485,0.9485,ns
M7vsM8_raw_24m,equal_width,Relative Disturbance,NEPmax,High,10,0.07605,50,0.7296,0.9375,ns
M7vsM8_raw_24m,equal_width,Relative Disturbance,WUE,High,10,0.00266,50,0.5,0.9375,ns
M7vsM8_raw_24m,equal_width,Relative Disturbance,uWUE,High,10,-0.03364,80,0.02075,0.5879,ns
M7vsM8_raw_24m,equal_width,Relative Disturbance,ETmax,Low,63,0.00074,46,0.8685,0.9375,ns
M7vsM8_raw_24m,equal_width,Relative Disturbance,GPPsat,Low,63,-0.15103,57.1,0.1045,0.5879,ns
M7vsM8_raw_24m,equal_width,Relative Disturbance,NEPmax,Low,63,-0.03286,55.6,0.3495,0.9375,ns
M7vsM8_raw_24m,equal_width,Relative Disturbance,WUE,Low,63,0.0073,47.6,0.7992,0.9375,ns
M7vsM8_raw_24m,equal_width,Relative Disturbance,uWUE,Low,63,-0.0051,54,0.4388,0.9375,ns
M7vsM8_raw_24m,natural_breaks,Absolute Mortality,ETmax,High,29,-0.00014,51.7,0.2653,0.8528,ns
M7vsM8_raw_24m,natural_breaks,Absolute Mortality,GPPsat,High,29,0.13091,41.4,0.8911,0.941,ns
M7vsM8_raw_24m,natural_breaks,Absolute Mortality,NEPmax,High,29,0.00274,44.8,0.5602,0.941,ns
M7vsM8_raw_24m,natural_breaks,Absolute Mortality,WUE,High,29,-0.01067,65.5,0.1935,0.7482,ns
M7vsM8_raw_24m,natural_breaks,Absolute Mortality,uWUE,High,29,-0.03355,51.7,0.1995,0.7482,ns
M7vsM8_raw_24m,natural_breaks,Absolute Mortality,ETmax,Mid,46,0.00083,47.8,0.9369,0.9582,ns
M7vsM8_raw_24m,natural_breaks,Absolute Mortality,GPPsat,Mid,46,-0.13502,58.7,0.1522,0.7445,ns
M7vsM8_raw_24m,natural_breaks,Absolute Mortality,NEPmax,Mid,46,-0.08664,60.9,0.1302,0.7325,ns
M7vsM8_raw_24m,natural_breaks,Absolute Mortality,WUE,Mid,46,0.01741,34.8,0.8895,0.941,ns
M7vsM8_raw_24m,natural_breaks,Absolute Mortality,uWUE,Mid,46,-0.00318,58.7,0.1654,0.7445,ns
M7vsM8_raw_24m,natural_breaks,Absolute Mortality,ETmax,Low,37,0.00078,40.5,0.8092,0.941,ns
M7vsM8_raw_24m,natural_breaks,Absolute Mortality,GPPsat,Low,37,-0.06751,54.1,0.1197,0.7325,ns
M7vsM8_raw_24m,natural_breaks,Absolute Mortality,NEPmax,Low,37,-0.016,56.8,0.353,0.941,ns
M7vsM8_raw_24m,natural_breaks,Absolute Mortality,WUE,Low,37,0.00622,45.9,0.8475,0.941,ns
M7vsM8_raw_24m,natural_breaks,Absolute Mortality,uWUE,Low,37,0.01378,45.9,0.8742,0.941,ns
M7vsM8_raw_24m,natural_breaks,Relative Mortality,ETmax,Mid,45,0.00032,46.7,0.8045,0.941,ns
M7vsM8_raw_24m,natural_breaks,Relative Mortality,GPPsat,Mid,45,0.04065,48.9,0.7021,0.941,ns
M7vsM8_raw_24m,natural_breaks,Relative Mortality,NEPmax,Mid,45,0.00274,46.7,0.5672,0.941,ns
M7vsM8_raw_24m,natural_breaks,Relative Mortality,WUE,Mid,45,-0.01446,57.8,0.235,0.8135,ns
M7vsM8_raw_24m,natural_breaks,Relative Mortality,uWUE,Mid,45,-0.00161,51.1,0.4417,0.941,ns
M7vsM8_raw_24m,natural_breaks,Relative Mortality,ETmax,High,26,0.00026,50,0.5101,0.941,ns
M7vsM8_raw_24m,natural_breaks,Relative Mortality,GPPsat,High,26,-0.01737,50,0.6002,0.941,ns
M7vsM8_raw_24m,natural_breaks,Relative Mortality,NEPmax,High,26,-0.10531,57.7,0.3706,0.941,ns
M7vsM8_raw_24m,natural_breaks,Relative Mortality,WUE,High,26,0.00715,38.5,0.8735,0.941,ns
M7vsM8_raw_24m,natural_breaks,Relative Mortality,uWUE,High,26,-0.03309,65.4,0.04441,0.6601,ns
M7vsM8_raw_24m,natural_breaks,Relative Mortality,ETmax,Low,41,0.00078,43.9,0.8675,0.941,ns
M7vsM8_raw_24m,natural_breaks,Relative Mortality,GPPsat,Low,41,-0.21967,58.5,0.03288,0.6601,ns
M7vsM8_raw_24m,natural_breaks,Relative Mortality,NEPmax,Low,41,-0.06009,63.4,0.07334,0.6601,ns
M7vsM8_raw_24m,natural_breaks,Relative Mortality,WUE,Low,41,0.01601,39,0.9681,0.9681,ns
M7vsM8_raw_24m,natural_breaks,Relative Mortality,uWUE,Low,41,0.00509,46.3,0.8933,0.941,ns
M7vsM8_raw_24m,natural_breaks,Relative Disturbance,ETmax,Mid,49,0.00032,44.9,0.7781,0.941,ns
M7vsM8_raw_24m,natural_breaks,Relative Disturbance,GPPsat,Mid,49,-0.06779,51,0.3454,0.941,ns
M7vsM8_raw_24m,natural_breaks,Relative Disturbance,NEPmax,Mid,49,0.00274,49,0.4604,0.941,ns
M7vsM8_raw_24m,natural_breaks,Relative Disturbance,WUE,Mid,49,-0.00032,51,0.5357,0.941,ns
M7vsM8_raw_24m,natural_breaks,Relative Disturbance,uWUE,Mid,49,-0.00291,51,0.6473,0.941,ns
M7vsM8_raw_24m,natural_breaks,Relative Disturbance,ETmax,High,24,0.00048,50,0.784,0.941,ns
M7vsM8_raw_24m,natural_breaks,Relative Disturbance,GPPsat,High,24,0.11518,41.7,0.8764,0.941,ns
M7vsM8_raw_24m,natural_breaks,Relative Disturbance,NEPmax,High,24,-0.04036,50,0.4488,0.941,ns
M7vsM8_raw_24m,natural_breaks,Relative Disturbance,WUE,High,24,0.00352,41.7,0.7398,0.941,ns
M7vsM8_raw_24m,natural_breaks,Relative Disturbance,uWUE,High,24,-0.02569,58.3,0.1123,0.7325,ns
M7vsM8_raw_24m,natural_breaks,Relative Disturbance,ETmax,Low,39,0.00078,46.2,0.7723,0.941,ns
M7vsM8_raw_24m,natural_breaks,Relative Disturbance,GPPsat,Low,39,-0.21967,61.5,0.07048,0.6601,ns
M7vsM8_raw_24m,natural_breaks,Relative Disturbance,NEPmax,Low,39,-0.08162,66.7,0.06325,0.6601,ns
M7vsM8_raw_24m,natural_breaks,Relative Disturbance,WUE,Low,39,0.01155,43.6,0.8992,0.941,ns
M7vsM8_raw_24m,natural_breaks,Relative Disturbance,uWUE,Low,39,-0.00161,51.3,0.5911,0.941,ns
M7vsM8_anom_12m,tertiles,Absolute Mortality,ETmax,High,37,-0.00079,54.1,0.5301,0.6626,ns
M7vsM8_anom_12m,tertiles,Absolute Mortality,GPPsat,High,37,-0.64726,64.9,0.03175,0.09526,ns
M7vsM8_anom_12m,tertiles,Absolute Mortality,NEPmax,High,37,-0.71768,73,0.002883,0.01982,*
M7vsM8_anom_12m,tertiles,Absolute Mortality,WUE,High,37,-0.05546,56.8,0.2832,0.4111,ns
M7vsM8_anom_12m,tertiles,Absolute Mortality,uWUE,High,37,0.0286,37.8,0.56,0.6631,ns
M7vsM8_anom_12m,tertiles,Absolute Mortality,ETmax,Mid,37,1e-05,48.6,0.7368,0.8087,ns
M7vsM8_anom_12m,tertiles,Absolute Mortality,GPPsat,Mid,37,-0.72148,73,0.005878,0.02404,*
M7vsM8_anom_12m,tertiles,Absolute Mortality,NEPmax,Mid,37,-0.35712,70.3,0.02322,0.08037,ns
M7vsM8_anom_12m,tertiles,Absolute Mortality,WUE,Mid,37,-0.03921,59.5,0.1867,0.3112,ns
M7vsM8_anom_12m,tertiles,Absolute Mortality,uWUE,Mid,37,-0.03456,59.5,0.08727,0.1964,ns
M7vsM8_anom_12m,tertiles,Absolute Mortality,ETmax,Low,38,0.00161,47.4,0.4942,0.6354,ns
M7vsM8_anom_12m,tertiles,Absolute Mortality,GPPsat,Low,38,-0.44045,60.5,0.02873,0.09235,ns
M7vsM8_anom_12m,tertiles,Absolute Mortality,NEPmax,Low,38,-0.5948,76.3,0.0002502,0.01126,*
M7vsM8_anom_12m,tertiles,Absolute Mortality,WUE,Low,38,-0.07188,63.2,0.1805,0.3112,ns
M7vsM8_anom_12m,tertiles,Absolute Mortality,uWUE,Low,38,-0.00708,52.6,0.6141,0.6909,ns
M7vsM8_anom_12m,tertiles,Relative Mortality,ETmax,High,37,0.00016,45.9,0.8213,0.8595,ns
M7vsM8_anom_12m,tertiles,Relative Mortality,GPPsat,High,37,-0.75293,67.6,0.0167,0.06264,ns
M7vsM8_anom_12m,tertiles,Relative Mortality,NEPmax,High,37,-0.71768,70.3,0.003963,0.01982,*
M7vsM8_anom_12m,tertiles,Relative Mortality,WUE,High,37,-0.07548,64.9,0.1354,0.2649,ns
M7vsM8_anom_12m,tertiles,Relative Mortality,uWUE,High,37,0.0286,45.9,0.2781,0.4111,ns
M7vsM8_anom_12m,tertiles,Relative Mortality,ETmax,Mid,37,-0.001,59.5,0.1053,0.2255,ns
M7vsM8_anom_12m,tertiles,Relative Mortality,GPPsat,Mid,37,-0.71053,70.3,0.005164,0.02324,*
M7vsM8_anom_12m,tertiles,Relative Mortality,NEPmax,Mid,37,-0.54861,78.4,0.001798,0.01982,*
M7vsM8_anom_12m,tertiles,Relative Mortality,WUE,Mid,37,-0.05151,59.5,0.1597,0.2994,ns
M7vsM8_anom_12m,tertiles,Relative Mortality,uWUE,Mid,37,0.00418,48.6,0.2391,0.3711,ns
M7vsM8_anom_12m,tertiles,Relative Mortality,ETmax,Low,38,0.00211,44.7,0.8679,0.8877,ns
M7vsM8_anom_12m,tertiles,Relative Mortality,GPPsat,Low,38,-0.34301,60.5,0.07976,0.1889,ns
M7vsM8_anom_12m,tertiles,Relative Mortality,NEPmax,Low,38,-0.54638,71.1,0.003494,0.01982,*
M7vsM8_anom_12m,tertiles,Relative Mortality,WUE,Low,38,-0.03104,55.3,0.3748,0.5112,ns
M7vsM8_anom_12m,tertiles,Relative Mortality,uWUE,Low,38,-0.00708,55.3,0.5861,0.6763,ns
M7vsM8_anom_12m,tertiles,Relative Disturbance,ETmax,High,37,0.00046,45.9,0.8051,0.8595,ns
M7vsM8_anom_12m,tertiles,Relative Disturbance,GPPsat,High,37,-0.75293,70.3,0.03512,0.09878,ns
M7vsM8_anom_12m,tertiles,Relative Disturbance,NEPmax,High,37,-0.71768,67.6,0.003789,0.01982,*
M7vsM8_anom_12m,tertiles,Relative Disturbance,WUE,High,37,-0.07548,64.9,0.1354,0.2649,ns
M7vsM8_anom_12m,tertiles,Relative Disturbance,uWUE,High,37,0.01157,48.6,0.1748,0.3112,ns
M7vsM8_anom_12m,tertiles,Relative Disturbance,ETmax,Mid,37,-0.00231,62.2,0.03752,0.09933,ns
M7vsM8_anom_12m,tertiles,Relative Disturbance,GPPsat,Mid,37,-0.71053,67.6,0.003623,0.01982,*
M7vsM8_anom_12m,tertiles,Relative Disturbance,NEPmax,Mid,37,-0.6591,75.7,0.002177,0.01982,*
M7vsM8_anom_12m,tertiles,Relative Disturbance,WUE,Mid,37,-0.01118,54.1,0.3643,0.5112,ns
M7vsM8_anom_12m,tertiles,Relative Disturbance,uWUE,Mid,37,0.01922,45.9,0.548,0.6631,ns
M7vsM8_anom_12m,tertiles,Relative Disturbance,ETmax,Low,38,0.00263,42.1,0.9551,0.9551,ns
M7vsM8_anom_12m,tertiles,Relative Disturbance,GPPsat,Low,38,-0.41503,60.5,0.04768,0.1192,ns
M7vsM8_anom_12m,tertiles,Relative Disturbance,NEPmax,Low,38,-0.5522,76.3,0.002139,0.01982,*
M7vsM8_anom_12m,tertiles,Relative Disturbance,WUE,Low,38,-0.03827,60.5,0.2042,0.3282,ns
M7vsM8_anom_12m,tertiles,Relative Disturbance,uWUE,Low,38,-0.00708,55.3,0.4083,0.5403,ns
M7vsM8_anom_12m,equal_width,Absolute Mortality,ETmax,Mid,52,-0.00089,61.5,0.2023,0.3642,ns
M7vsM8_anom_12m,equal_width,Absolute Mortality,GPPsat,Mid,52,-0.59662,61.5,0.04646,0.1493,ns
M7vsM8_anom_12m,equal_width,Absolute Mortality,NEPmax,Mid,52,-0.30308,65.4,0.03677,0.1273,ns
M7vsM8_anom_12m,equal_width,Absolute Mortality,WUE,Mid,52,-0.04154,61.5,0.1571,0.3074,ns
M7vsM8_anom_12m,equal_width,Absolute Mortality,uWUE,Mid,52,0.00551,48.1,0.1485,0.3074,ns
M7vsM8_anom_12m,equal_width,Absolute Mortality,ETmax,Low,54,0.00161,42.6,0.7908,0.8276,ns
M7vsM8_anom_12m,equal_width,Absolute Mortality,GPPsat,Low,54,-0.5543,70.4,0.0005181,0.005829,**
M7vsM8_anom_12m,equal_width,Absolute Mortality,NEPmax,Low,54,-0.70875,77.8,1.094e-05,0.0004922,***
M7vsM8_anom_12m,equal_width,Absolute Mortality,WUE,Low,54,-0.04481,59.3,0.1507,0.3074,ns
M7vsM8_anom_12m,equal_width,Absolute Mortality,uWUE,Low,54,-0.00359,51.9,0.654,0.8169,ns
M7vsM8_anom_12m,equal_width,Absolute Mortality,ETmax,High,6,0.00446,16.7,0.8958,0.8958,ns
M7vsM8_anom_12m,equal_width,Absolute Mortality,GPPsat,High,6,-0.54696,66.7,0.2008,0.3642,ns
M7vsM8_anom_12m,equal_width,Absolute Mortality,NEPmax,High,6,-2.59831,100,0.01802,0.0737,ns
M7vsM8_anom_12m,equal_width,Absolute Mortality,WUE,High,6,-0.00037,50,0.3375,0.5062,ns
M7vsM8_anom_12m,equal_width,Absolute Mortality,uWUE,High,6,-0.01553,50,0.417,0.5864,ns
M7vsM8_anom_12m,equal_width,Relative Mortality,ETmax,Mid,34,-2e-04,50,0.5476,0.7248,ns
M7vsM8_anom_12m,equal_width,Relative Mortality,GPPsat,Mid,34,-0.77475,73.5,0.00227,0.01277,*
M7vsM8_anom_12m,equal_width,Relative Mortality,NEPmax,Mid,34,-1.55568,79.4,0.0006542,0.005888,**
M7vsM8_anom_12m,equal_width,Relative Mortality,WUE,Mid,34,-0.02089,52.9,0.6717,0.8169,ns
M7vsM8_anom_12m,equal_width,Relative Mortality,uWUE,Mid,34,0.05545,35.3,0.7252,0.8183,ns
M7vsM8_anom_12m,equal_width,Relative Mortality,ETmax,High,8,0.00219,50,0.7794,0.8276,ns
M7vsM8_anom_12m,equal_width,Relative Mortality,GPPsat,High,8,-0.54262,62.5,0.4168,0.5864,ns
M7vsM8_anom_12m,equal_width,Relative Mortality,NEPmax,High,8,0.02749,50,0.312,0.5015,ns
M7vsM8_anom_12m,equal_width,Relative Mortality,WUE,High,8,-0.17772,87.5,0.07074,0.199,ns
M7vsM8_anom_12m,equal_width,Relative Mortality,uWUE,High,8,-0.18038,75,0.117,0.2632,ns
M7vsM8_anom_12m,equal_width,Relative Mortality,ETmax,Low,70,0.00028,50,0.5651,0.7265,ns
M7vsM8_anom_12m,equal_width,Relative Mortality,GPPsat,Low,70,-0.54482,62.9,0.006874,0.03437,*
M7vsM8_anom_12m,equal_width,Relative Mortality,NEPmax,Low,70,-0.43885,72.9,0.0003827,0.005829,**
M7vsM8_anom_12m,equal_width,Relative Mortality,WUE,Low,70,-0.03922,60,0.07921,0.2045,ns
M7vsM8_anom_12m,equal_width,Relative Mortality,uWUE,Low,70,-0.00783,54.3,0.2753,0.4588,ns
M7vsM8_anom_12m,equal_width,Relative Disturbance,ETmax,Mid,39,-4e-04,51.3,0.3352,0.5062,ns
M7vsM8_anom_12m,equal_width,Relative Disturbance,GPPsat,Mid,39,-0.95954,74.4,0.00173,0.01112,*
M7vsM8_anom_12m,equal_width,Relative Disturbance,NEPmax,Mid,39,-1.55518,76.9,0.0004156,0.005829,**
M7vsM8_anom_12m,equal_width,Relative Disturbance,WUE,Mid,39,-0.0024,51.3,0.7281,0.8183,ns
M7vsM8_anom_12m,equal_width,Relative Disturbance,uWUE,Mid,39,0.05549,35.9,0.854,0.8734,ns
M7vsM8_anom_12m,equal_width,Relative Disturbance,ETmax,High,10,-0.00037,50,0.6949,0.8183,ns
M7vsM8_anom_12m,equal_width,Relative Disturbance,GPPsat,High,10,-0.54262,60,0.5,0.6818,ns
M7vsM8_anom_12m,equal_width,Relative Disturbance,NEPmax,High,10,-0.4338,60,0.1106,0.262,ns
M7vsM8_anom_12m,equal_width,Relative Disturbance,WUE,High,10,-0.20151,90,0.03327,0.1248,ns
M7vsM8_anom_12m,equal_width,Relative Disturbance,uWUE,High,10,-0.20643,80,0.05146,0.1544,ns
M7vsM8_anom_12m,equal_width,Relative Disturbance,ETmax,Low,63,0.00091,49.2,0.7456,0.8183,ns
M7vsM8_anom_12m,equal_width,Relative Disturbance,GPPsat,Low,63,-0.39963,61.9,0.008842,0.03979,*
M7vsM8_anom_12m,equal_width,Relative Disturbance,NEPmax,Low,63,-0.46695,73,0.0007903,0.005927,**
M7vsM8_anom_12m,equal_width,Relative Disturbance,WUE,Low,63,-0.03923,60.3,0.08178,0.2045,ns
M7vsM8_anom_12m,equal_width,Relative Disturbance,uWUE,Low,63,-0.00778,54,0.27,0.4588,ns
M7vsM8_anom_12m,natural_breaks,Absolute Mortality,ETmax,High,29,0.00061,48.3,0.6981,0.7827,ns
M7vsM8_anom_12m,natural_breaks,Absolute Mortality,GPPsat,High,29,-0.96141,69,0.02997,0.08429,ns
M7vsM8_anom_12m,natural_breaks,Absolute Mortality,NEPmax,High,29,-0.71768,69,0.00869,0.03635,*
M7vsM8_anom_12m,natural_breaks,Absolute Mortality,WUE,High,29,-0.07548,55.2,0.3406,0.5109,ns
M7vsM8_anom_12m,natural_breaks,Absolute Mortality,uWUE,High,29,0.0286,41.4,0.457,0.6359,ns
M7vsM8_anom_12m,natural_breaks,Absolute Mortality,ETmax,Mid,46,-0.00045,54.3,0.5087,0.6359,ns
M7vsM8_anom_12m,natural_breaks,Absolute Mortality,GPPsat,Mid,46,-0.52052,67.4,0.009693,0.03635,*
M7vsM8_anom_12m,natural_breaks,Absolute Mortality,NEPmax,Mid,46,-0.52933,73.9,0.005122,0.02881,*
M7vsM8_anom_12m,natural_breaks,Absolute Mortality,WUE,Mid,46,-0.03827,60.9,0.1025,0.1922,ns
M7vsM8_anom_12m,natural_breaks,Absolute Mortality,uWUE,Mid,46,-0.01787,54.3,0.1234,0.2136,ns
M7vsM8_anom_12m,natural_breaks,Absolute Mortality,ETmax,Low,37,0.00185,45.9,0.5421,0.6593,ns
M7vsM8_anom_12m,natural_breaks,Absolute Mortality,GPPsat,Low,37,-0.54366,62.2,0.02674,0.08068,ns
M7vsM8_anom_12m,natural_breaks,Absolute Mortality,NEPmax,Low,37,-0.55578,75.7,0.0004279,0.01451,*
M7vsM8_anom_12m,natural_breaks,Absolute Mortality,WUE,Low,37,-0.06847,62.2,0.2164,0.3606,ns
M7vsM8_anom_12m,natural_breaks,Absolute Mortality,uWUE,Low,37,-0.00637,51.4,0.7013,0.7827,ns
M7vsM8_anom_12m,natural_breaks,Relative Mortality,ETmax,Mid,45,-0.001,60,0.04108,0.09966,ns
M7vsM8_anom_12m,natural_breaks,Relative Mortality,GPPsat,Mid,45,-0.64726,66.7,0.002842,0.02132,*
M7vsM8_anom_12m,natural_breaks,Relative Mortality,NEPmax,Mid,45,-0.83906,73.3,0.00129,0.01451,*
M7vsM8_anom_12m,natural_breaks,Relative Mortality,WUE,Mid,45,-0.03409,55.6,0.4151,0.6026,ns
M7vsM8_anom_12m,natural_breaks,Relative Mortality,uWUE,Mid,45,0.01157,44.4,0.482,0.6359,ns
M7vsM8_anom_12m,natural_breaks,Relative Mortality,ETmax,High,26,0.00148,42.3,0.9423,0.9523,ns
M7vsM8_anom_12m,natural_breaks,Relative Mortality,GPPsat,High,26,-0.85717,73.1,0.04208,0.09966,ns
M7vsM8_anom_12m,natural_breaks,Relative Mortality,NEPmax,High,26,-0.92323,73.1,0.009088,0.03635,*
M7vsM8_anom_12m,natural_breaks,Relative Mortality,WUE,High,26,-0.13101,73.1,0.02679,0.08068,ns
M7vsM8_anom_12m,natural_breaks,Relative Mortality,uWUE,High,26,-0.0571,53.8,0.1021,0.1922,ns
M7vsM8_anom_12m,natural_breaks,Relative Mortality,ETmax,Low,41,0.00236,43.9,0.9025,0.9445,ns
M7vsM8_anom_12m,natural_breaks,Relative Mortality,GPPsat,Low,41,-0.39963,61,0.05997,0.1349,ns
M7vsM8_anom_12m,natural_breaks,Relative Mortality,NEPmax,Low,41,-0.53698,73.2,0.002462,0.02132,*
M7vsM8_anom_12m,natural_breaks,Relative Mortality,WUE,Low,41,-0.02473,56.1,0.3298,0.5109,ns
M7vsM8_anom_12m,natural_breaks,Relative Mortality,uWUE,Low,41,-0.00637,53.7,0.6022,0.7132,ns
M7vsM8_anom_12m,natural_breaks,Relative Disturbance,ETmax,Mid,49,-0.00079,55.1,0.1087,0.1957,ns
M7vsM8_anom_12m,natural_breaks,Relative Disturbance,GPPsat,Mid,49,-0.79658,69.4,0.0009887,0.01451,*
M7vsM8_anom_12m,natural_breaks,Relative Disturbance,NEPmax,Mid,49,-0.70155,71.4,0.0008937,0.01451,*
M7vsM8_anom_12m,natural_breaks,Relative Disturbance,WUE,Mid,49,-0.01118,53.1,0.5,0.6359,ns
M7vsM8_anom_12m,natural_breaks,Relative Disturbance,uWUE,Mid,49,0.02718,40.8,0.7247,0.7827,ns
M7vsM8_anom_12m,natural_breaks,Relative Disturbance,ETmax,High,24,3e-05,50,0.7305,0.7827,ns
M7vsM8_anom_12m,natural_breaks,Relative Disturbance,GPPsat,High,24,-0.624,70.8,0.1018,0.1922,ns
M7vsM8_anom_12m,natural_breaks,Relative Disturbance,NEPmax,High,24,-0.92323,75,0.00621,0.03105,*
M7vsM8_anom_12m,natural_breaks,Relative Disturbance,WUE,High,24,-0.13101,75,0.02689,0.08068,ns
M7vsM8_anom_12m,natural_breaks,Relative Disturbance,uWUE,High,24,-0.10948,62.5,0.03267,0.08649,ns
M7vsM8_anom_12m,natural_breaks,Relative Disturbance,ETmax,Low,39,0.00257,43.6,0.9523,0.9523,ns
M7vsM8_anom_12m,natural_breaks,Relative Disturbance,GPPsat,Low,39,-0.2864,59,0.06861,0.147,ns
M7vsM8_anom_12m,natural_breaks,Relative Disturbance,NEPmax,Low,39,-0.54861,74.4,0.003464,0.02227,*
M7vsM8_anom_12m,natural_breaks,Relative Disturbance,WUE,Low,39,-0.03734,59,0.2719,0.437,ns
M7vsM8_anom_12m,natural_breaks,Relative Disturbance,uWUE,Low,39,-0.00637,53.8,0.4805,0.6359,ns
M7vsM8_anom_24m,tertiles,Absolute Mortality,ETmax,High,37,0.00116,35.1,0.8975,0.8975,ns
M7vsM8_anom_24m,tertiles,Absolute Mortality,GPPsat,High,37,-0.94821,64.9,0.02674,0.09208,ns
M7vsM8_anom_24m,tertiles,Absolute Mortality,NEPmax,High,37,-0.67513,73,0.003019,0.03396,*
M7vsM8_anom_24m,tertiles,Absolute Mortality,WUE,High,37,-0.0414,67.6,0.1787,0.2773,ns
M7vsM8_anom_24m,tertiles,Absolute Mortality,uWUE,High,37,-0.02769,56.8,0.3757,0.4227,ns
M7vsM8_anom_24m,tertiles,Absolute Mortality,ETmax,Mid,37,0.00022,48.6,0.3146,0.3726,ns
M7vsM8_anom_24m,tertiles,Absolute Mortality,GPPsat,Mid,37,-0.55123,67.6,0.01136,0.06649,ns
M7vsM8_anom_24m,tertiles,Absolute Mortality,NEPmax,Mid,37,-0.51891,59.5,0.06193,0.1327,ns
M7vsM8_anom_24m,tertiles,Absolute Mortality,WUE,Mid,37,-0.00336,51.4,0.518,0.5551,ns
M7vsM8_anom_24m,tertiles,Absolute Mortality,uWUE,Mid,37,-0.02754,54.1,0.1597,0.2567,ns
M7vsM8_anom_24m,tertiles,Absolute Mortality,ETmax,Low,38,-0.00117,57.9,0.05697,0.1282,ns
M7vsM8_anom_24m,tertiles,Absolute Mortality,GPPsat,Low,38,-0.3513,60.5,0.03723,0.1026,ns
M7vsM8_anom_24m,tertiles,Absolute Mortality,NEPmax,Low,38,-0.5597,71.1,0.001698,0.03396,*
M7vsM8_anom_24m,tertiles,Absolute Mortality,WUE,Low,38,-0.11141,63.2,0.05373,0.1272,ns
M7vsM8_anom_24m,tertiles,Absolute Mortality,uWUE,Low,38,-0.01814,60.5,0.09591,0.175,ns
M7vsM8_anom_24m,tertiles,Relative Mortality,ETmax,High,37,0.00096,35.1,0.8051,0.8234,ns
M7vsM8_anom_24m,tertiles,Relative Mortality,GPPsat,High,37,-0.59071,67.6,0.018,0.07266,ns
M7vsM8_anom_24m,tertiles,Relative Mortality,NEPmax,High,37,-0.698,75.7,0.002283,0.03396,*
M7vsM8_anom_24m,tertiles,Relative Mortality,WUE,High,37,-0.05371,62.2,0.2033,0.2859,ns
M7vsM8_anom_24m,tertiles,Relative Mortality,uWUE,High,37,-0.07024,62.2,0.0849,0.1661,ns
M7vsM8_anom_24m,tertiles,Relative Mortality,ETmax,Mid,37,-1e-04,54.1,0.2935,0.357,ns
M7vsM8_anom_24m,tertiles,Relative Mortality,GPPsat,Mid,37,-0.75437,59.5,0.01182,0.06649,ns
M7vsM8_anom_24m,tertiles,Relative Mortality,NEPmax,Mid,37,-0.51891,67.6,0.03069,0.09208,ns
M7vsM8_anom_24m,tertiles,Relative Mortality,WUE,Mid,37,-0.08555,64.9,0.0657,0.1344,ns
M7vsM8_anom_24m,tertiles,Relative Mortality,uWUE,Mid,37,-0.03869,56.8,0.09724,0.175,ns
M7vsM8_anom_24m,tertiles,Relative Mortality,ETmax,Low,38,-0.00117,52.6,0.123,0.2129,ns
M7vsM8_anom_24m,tertiles,Relative Mortality,GPPsat,Low,38,-0.38418,65.8,0.03069,0.09208,ns
M7vsM8_anom_24m,tertiles,Relative Mortality,NEPmax,Low,38,-0.44531,60.5,0.009775,0.06649,ns
M7vsM8_anom_24m,tertiles,Relative Mortality,WUE,Low,38,-0.0152,55.3,0.2664,0.3426,ns
M7vsM8_anom_24m,tertiles,Relative Mortality,uWUE,Low,38,-0.00292,52.6,0.4711,0.5171,ns
M7vsM8_anom_24m,tertiles,Relative Disturbance,ETmax,High,37,0.00087,37.8,0.6691,0.7002,ns
M7vsM8_anom_24m,tertiles,Relative Disturbance,GPPsat,High,37,-0.65183,70.3,0.03877,0.1026,ns
M7vsM8_anom_24m,tertiles,Relative Disturbance,NEPmax,High,37,-0.698,73,0.002076,0.03396,*
M7vsM8_anom_24m,tertiles,Relative Disturbance,WUE,High,37,-0.05371,62.2,0.1387,0.2312,ns
M7vsM8_anom_24m,tertiles,Relative Disturbance,uWUE,High,37,-0.07024,62.2,0.04555,0.1139,ns
M7vsM8_anom_24m,tertiles,Relative Disturbance,ETmax,Mid,37,-0.00017,51.4,0.2345,0.3104,ns
M7vsM8_anom_24m,tertiles,Relative Disturbance,GPPsat,Mid,37,-0.49752,56.8,0.01938,0.07266,ns
M7vsM8_anom_24m,tertiles,Relative Disturbance,NEPmax,Mid,37,-0.6112,67.6,0.0167,0.07266,ns
M7vsM8_anom_24m,tertiles,Relative Disturbance,WUE,Mid,37,-0.10984,62.2,0.1949,0.2847,ns
M7vsM8_anom_24m,tertiles,Relative Disturbance,uWUE,Mid,37,-0.00263,54.1,0.3474,0.4009,ns
M7vsM8_anom_24m,tertiles,Relative Disturbance,ETmax,Low,38,-0.00028,52.6,0.2809,0.3512,ns
M7vsM8_anom_24m,tertiles,Relative Disturbance,GPPsat,Low,38,-0.38418,65.8,0.009403,0.06649,ns
M7vsM8_anom_24m,tertiles,Relative Disturbance,NEPmax,Low,38,-0.38177,63.2,0.01535,0.07266,ns
M7vsM8_anom_24m,tertiles,Relative Disturbance,WUE,Low,38,-0.01275,57.9,0.1961,0.2847,ns
M7vsM8_anom_24m,tertiles,Relative Disturbance,uWUE,Low,38,-0.00972,55.3,0.2298,0.3104,ns
M7vsM8_anom_24m,equal_width,Absolute Mortality,ETmax,Mid,52,0.00049,46.2,0.5597,0.6807,ns
M7vsM8_anom_24m,equal_width,Absolute Mortality,GPPsat,Mid,52,-0.60153,57.7,0.08959,0.168,ns
M7vsM8_anom_24m,equal_width,Absolute Mortality,NEPmax,Mid,52,-0.34436,63.5,0.05011,0.1342,ns
M7vsM8_anom_24m,equal_width,Absolute Mortality,WUE,Mid,52,-0.02556,61.5,0.2545,0.358,ns
M7vsM8_anom_24m,equal_width,Absolute Mortality,uWUE,Mid,52,-0.03954,55.8,0.2023,0.3035,ns
M7vsM8_anom_24m,equal_width,Absolute Mortality,ETmax,Low,54,-0.00077,53.7,0.08153,0.168,ns
M7vsM8_anom_24m,equal_width,Absolute Mortality,GPPsat,Low,54,-0.43382,68.5,0.0007436,0.007789,**
M7vsM8_anom_24m,equal_width,Absolute Mortality,NEPmax,Low,54,-0.66924,70.4,0.0001352,0.004837,**
M7vsM8_anom_24m,equal_width,Absolute Mortality,WUE,Low,54,-0.04571,59.3,0.05855,0.1387,ns
M7vsM8_anom_24m,equal_width,Absolute Mortality,uWUE,Low,54,-0.00972,55.6,0.1487,0.2391,ns
M7vsM8_anom_24m,equal_width,Absolute Mortality,ETmax,High,6,0.00248,0,0.9895,0.9895,ns
M7vsM8_anom_24m,equal_width,Absolute Mortality,GPPsat,High,6,-0.8889,83.3,0.02959,0.1024,ns
M7vsM8_anom_24m,equal_width,Absolute Mortality,NEPmax,High,6,-2.50194,83.3,0.02959,0.1024,ns
M7vsM8_anom_24m,equal_width,Absolute Mortality,WUE,High,6,-0.06824,66.7,0.3375,0.4441,ns
M7vsM8_anom_24m,equal_width,Absolute Mortality,uWUE,High,6,-0.12688,83.3,0.07111,0.16,ns
M7vsM8_anom_24m,equal_width,Relative Mortality,ETmax,Mid,34,0.00085,38.2,0.6209,0.7352,ns
M7vsM8_anom_24m,equal_width,Relative Mortality,GPPsat,Mid,34,-0.80585,73.5,0.001386,0.0104,*
M7vsM8_anom_24m,equal_width,Relative Mortality,NEPmax,Mid,34,-1.20159,82.4,0.0002436,0.004837,**
M7vsM8_anom_24m,equal_width,Relative Mortality,WUE,Mid,34,-0.00605,52.9,0.7252,0.8008,ns
M7vsM8_anom_24m,equal_width,Relative Mortality,uWUE,Mid,34,-0.02954,55.9,0.31,0.4228,ns
M7vsM8_anom_24m,equal_width,Relative Mortality,ETmax,High,8,0.00299,25,0.9463,0.9678,ns
M7vsM8_anom_24m,equal_width,Relative Mortality,GPPsat,High,8,0.03597,50,0.688,0.7938,ns
M7vsM8_anom_24m,equal_width,Relative Mortality,NEPmax,High,8,-0.32546,62.5,0.2206,0.3202,ns
M7vsM8_anom_24m,equal_width,Relative Mortality,WUE,High,8,-0.22442,87.5,0.05366,0.1342,ns
M7vsM8_anom_24m,equal_width,Relative Mortality,uWUE,High,8,-0.19728,75,0.117,0.195,ns
M7vsM8_anom_24m,equal_width,Relative Mortality,ETmax,Low,70,-0.00044,54.3,0.08273,0.168,ns
M7vsM8_anom_24m,equal_width,Relative Mortality,GPPsat,Low,70,-0.39736,61.4,0.004526,0.0291,*
M7vsM8_anom_24m,equal_width,Relative Mortality,NEPmax,Low,70,-0.44267,61.4,0.008211,0.04106,*
M7vsM8_anom_24m,equal_width,Relative Mortality,WUE,Low,70,-0.03149,61.4,0.0381,0.1143,ns
M7vsM8_anom_24m,equal_width,Relative Mortality,uWUE,Low,70,-0.01226,55.7,0.1085,0.1915,ns
M7vsM8_anom_24m,equal_width,Relative Disturbance,ETmax,Mid,39,0.00076,43.6,0.3454,0.4441,ns
M7vsM8_anom_24m,equal_width,Relative Disturbance,GPPsat,Mid,39,-0.94821,74.4,0.0008655,0.007789,**
M7vsM8_anom_24m,equal_width,Relative Disturbance,NEPmax,Mid,39,-0.94492,76.9,0.0003224,0.004837,**
M7vsM8_anom_24m,equal_width,Relative Disturbance,WUE,Mid,39,0.00697,48.7,0.7929,0.8495,ns
M7vsM8_anom_24m,equal_width,Relative Disturbance,uWUE,Mid,39,-0.00263,51.3,0.5361,0.6702,ns
M7vsM8_anom_24m,equal_width,Relative Disturbance,ETmax,High,10,0.00299,30,0.9232,0.9662,ns
M7vsM8_anom_24m,equal_width,Relative Disturbance,GPPsat,High,10,0.0469,50,0.7296,0.8008,ns
M7vsM8_anom_24m,equal_width,Relative Disturbance,NEPmax,High,10,-0.7706,70,0.1106,0.1915,ns
M7vsM8_anom_24m,equal_width,Relative Disturbance,WUE,High,10,-0.22653,90,0.02639,0.1024,ns
M7vsM8_anom_24m,equal_width,Relative Disturbance,uWUE,High,10,-0.30354,80,0.05146,0.1342,ns
M7vsM8_anom_24m,equal_width,Relative Disturbance,ETmax,Low,63,-4e-04,52.4,0.1951,0.3028,ns
M7vsM8_anom_24m,equal_width,Relative Disturbance,GPPsat,Low,63,-0.37935,60.3,0.006291,0.03539,*
M7vsM8_anom_24m,equal_width,Relative Disturbance,NEPmax,Low,63,-0.48292,61.9,0.01141,0.05136,ns
M7vsM8_anom_24m,equal_width,Relative Disturbance,WUE,Low,63,-0.03301,63.5,0.03353,0.1078,ns
M7vsM8_anom_24m,equal_width,Relative Disturbance,uWUE,Low,63,-0.01477,57.1,0.08927,0.168,ns
M7vsM8_anom_24m,natural_breaks,Absolute Mortality,ETmax,High,29,0.00221,31,0.9452,0.9663,ns
M7vsM8_anom_24m,natural_breaks,Absolute Mortality,GPPsat,High,29,-0.94821,65.5,0.05479,0.1233,ns
M7vsM8_anom_24m,natural_breaks,Absolute Mortality,NEPmax,High,29,-0.93852,75.9,0.004443,0.03681,*
M7vsM8_anom_24m,natural_breaks,Absolute Mortality,WUE,High,29,-0.05792,62.1,0.2797,0.3401,ns
M7vsM8_anom_24m,natural_breaks,Absolute Mortality,uWUE,High,29,-0.02769,55.2,0.381,0.4397,ns
M7vsM8_anom_24m,natural_breaks,Absolute Mortality,ETmax,Mid,46,7e-05,50,0.2094,0.3219,ns
M7vsM8_anom_24m,natural_breaks,Absolute Mortality,GPPsat,Mid,46,-0.57097,67.4,0.00437,0.03681,*
M7vsM8_anom_24m,natural_breaks,Absolute Mortality,NEPmax,Mid,46,-0.56253,60.9,0.02399,0.06351,ns
M7vsM8_anom_24m,natural_breaks,Absolute Mortality,WUE,Mid,46,-0.0214,58.7,0.2561,0.3389,ns
M7vsM8_anom_24m,natural_breaks,Absolute Mortality,uWUE,Mid,46,-0.0309,56.5,0.1085,0.1953,ns
M7vsM8_anom_24m,natural_breaks,Absolute Mortality,ETmax,Low,37,-0.00114,56.8,0.0759,0.1485,ns
M7vsM8_anom_24m,natural_breaks,Absolute Mortality,GPPsat,Low,37,-0.32418,59.5,0.05005,0.1185,ns
M7vsM8_anom_24m,natural_breaks,Absolute Mortality,NEPmax,Low,37,-0.50821,70.3,0.002883,0.03681,*
M7vsM8_anom_24m,natural_breaks,Absolute Mortality,WUE,Low,37,-0.11052,62.2,0.07377,0.1485,ns
M7vsM8_anom_24m,natural_breaks,Absolute Mortality,uWUE,Low,37,-0.01477,59.5,0.1321,0.2131,ns
M7vsM8_anom_24m,natural_breaks,Relative Mortality,ETmax,Mid,45,-1e-04,53.3,0.2786,0.3401,ns
M7vsM8_anom_24m,natural_breaks,Relative Mortality,GPPsat,Mid,45,-0.81066,60,0.005033,0.03681,*
M7vsM8_anom_24m,natural_breaks,Relative Mortality,NEPmax,Mid,45,-0.60616,71.1,0.008885,0.03754,*
M7vsM8_anom_24m,natural_breaks,Relative Mortality,WUE,Mid,45,-0.02663,57.8,0.2901,0.3435,ns
M7vsM8_anom_24m,natural_breaks,Relative Mortality,uWUE,Mid,45,-0.02769,53.3,0.2456,0.3389,ns
M7vsM8_anom_24m,natural_breaks,Relative Mortality,ETmax,High,26,0.00201,23.1,0.9663,0.9663,ns
M7vsM8_anom_24m,natural_breaks,Relative Mortality,GPPsat,High,26,-0.5107,69.2,0.08914,0.1671,ns
M7vsM8_anom_24m,natural_breaks,Relative Mortality,NEPmax,High,26,-0.68571,73.1,0.009088,0.03754,*
M7vsM8_anom_24m,natural_breaks,Relative Mortality,WUE,High,26,-0.08027,73.1,0.04684,0.1171,ns
M7vsM8_anom_24m,natural_breaks,Relative Mortality,uWUE,High,26,-0.11124,73.1,0.01864,0.05593,ns
M7vsM8_anom_24m,natural_breaks,Relative Mortality,ETmax,Low,41,-0.00119,56.1,0.06312,0.1353,ns
M7vsM8_anom_24m,natural_breaks,Relative Mortality,GPPsat,Low,41,-0.38994,65.9,0.0179,0.05593,ns
M7vsM8_anom_24m,natural_breaks,Relative Mortality,NEPmax,Low,41,-0.39698,61,0.009176,0.03754,*
M7vsM8_anom_24m,natural_breaks,Relative Mortality,WUE,Low,41,-0.01776,56.1,0.2146,0.3219,ns
M7vsM8_anom_24m,natural_breaks,Relative Mortality,uWUE,Low,41,-0.00012,51.2,0.4793,0.5261,ns
M7vsM8_anom_24m,natural_breaks,Relative Disturbance,ETmax,Mid,49,-1e-04,51,0.1326,0.2131,ns
M7vsM8_anom_24m,natural_breaks,Relative Disturbance,GPPsat,Mid,49,-0.93613,61.2,0.002931,0.03681,*
M7vsM8_anom_24m,natural_breaks,Relative Disturbance,NEPmax,Mid,49,-0.6112,69.4,0.003955,0.03681,*
M7vsM8_anom_24m,natural_breaks,Relative Disturbance,WUE,Mid,49,-0.0414,57.1,0.4289,0.4826,ns
M7vsM8_anom_24m,natural_breaks,Relative Disturbance,uWUE,Mid,49,-0.00012,51,0.4921,0.5272,ns
M7vsM8_anom_24m,natural_breaks,Relative Disturbance,ETmax,High,24,0.00242,29.2,0.9368,0.9663,ns
M7vsM8_anom_24m,natural_breaks,Relative Disturbance,GPPsat,High,24,-0.5107,70.8,0.1179,0.204,ns
M7vsM8_anom_24m,natural_breaks,Relative Disturbance,NEPmax,High,24,-0.9466,75,0.006729,0.03754,*
M7vsM8_anom_24m,natural_breaks,Relative Disturbance,WUE,High,24,-0.10585,75,0.01664,0.05593,ns
M7vsM8_anom_24m,natural_breaks,Relative Disturbance,uWUE,High,24,-0.1122,75,0.005726,0.03681,*
M7vsM8_anom_24m,natural_breaks,Relative Disturbance,ETmax,Low,39,-0.00048,53.8,0.2537,0.3389,ns
M7vsM8_anom_24m,natural_breaks,Relative Disturbance,GPPsat,Low,39,-0.37842,64.1,0.01785,0.05593,ns
M7vsM8_anom_24m,natural_breaks,Relative Disturbance,NEPmax,Low,39,-0.36655,61.5,0.02337,0.06351,ns
M7vsM8_anom_24m,natural_breaks,Relative Disturbance,WUE,Low,39,-0.01263,56.4,0.2235,0.3244,ns
M7vsM8_anom_24m,natural_breaks,Relative Disturbance,uWUE,Low,39,-0.00969,53.8,0.2719,0.3401,ns
