unit,method,metric,response,category,n,median_dRMSE,pct_sites_improved,p_onesided_wilcoxon,q_BH,sig
M1vsM2_12m,tertiles,Absolute Mortality,ETmax,High,31,-0.00211,54.8,0.07769,0.1457,ns
M1vsM2_12m,tertiles,Absolute Mortality,GPPsat,High,31,-0.05583,51.6,0.2685,0.3345,ns
M1vsM2_12m,tertiles,Absolute Mortality,NEPmax,High,31,-0.68372,64.5,0.01518,0.09006,ns
M1vsM2_12m,tertiles,Absolute Mortality,WUE,High,31,-0.02283,51.6,0.176,0.2475,ns
M1vsM2_12m,tertiles,Absolute Mortality,uWUE,High,31,-0.01219,51.6,0.197,0.2686,ns
M1vsM2_12m,tertiles,Absolute Mortality,ETmax,Mid,31,-2e-05,54.8,0.3881,0.426,ns
M1vsM2_12m,tertiles,Absolute Mortality,GPPsat,Mid,31,-0.92944,64.5,0.01011,0.09006,ns
M1vsM2_12m,tertiles,Absolute Mortality,NEPmax,Mid,31,-0.8263,64.5,0.03202,0.09006,ns
M1vsM2_12m,tertiles,Absolute Mortality,WUE,Mid,31,-0.02454,54.8,0.1518,0.2347,ns
M1vsM2_12m,tertiles,Absolute Mortality,uWUE,Mid,31,-0.01143,54.8,0.2253,0.2897,ns
M1vsM2_12m,tertiles,Absolute Mortality,ETmax,Low,31,0.00093,48.4,0.4961,0.5192,ns
M1vsM2_12m,tertiles,Absolute Mortality,GPPsat,Low,31,-0.84442,64.5,0.02679,0.09006,ns
M1vsM2_12m,tertiles,Absolute Mortality,NEPmax,Low,31,-1.02756,64.5,0.009596,0.09006,ns
M1vsM2_12m,tertiles,Absolute Mortality,WUE,Low,31,-0.03145,61.3,0.03202,0.09006,ns
M1vsM2_12m,tertiles,Absolute Mortality,uWUE,Low,31,-0.01824,61.3,0.07215,0.1412,ns
M1vsM2_12m,tertiles,Relative Mortality,ETmax,High,31,0.00166,48.4,0.275,0.3345,ns
M1vsM2_12m,tertiles,Relative Mortality,GPPsat,High,31,-0.29122,61.3,0.05512,0.124,ns
M1vsM2_12m,tertiles,Relative Mortality,NEPmax,High,31,-0.45003,64.5,0.01518,0.09006,ns
M1vsM2_12m,tertiles,Relative Mortality,WUE,High,31,0.01334,48.4,0.3296,0.3708,ns
M1vsM2_12m,tertiles,Relative Mortality,uWUE,High,31,-0.01219,58.1,0.1428,0.2294,ns
M1vsM2_12m,tertiles,Relative Mortality,ETmax,Mid,31,-0.00101,58.1,0.176,0.2475,ns
M1vsM2_12m,tertiles,Relative Mortality,GPPsat,Mid,31,-0.52333,58.1,0.06198,0.1328,ns
M1vsM2_12m,tertiles,Relative Mortality,NEPmax,Mid,31,-0.78892,64.5,0.02802,0.09006,ns
M1vsM2_12m,tertiles,Relative Mortality,WUE,Mid,31,-0.06651,64.5,0.01935,0.09006,ns
M1vsM2_12m,tertiles,Relative Mortality,uWUE,Mid,31,0.00524,45.2,0.2253,0.2897,ns
M1vsM2_12m,tertiles,Relative Mortality,ETmax,Low,31,-7e-04,51.6,0.4649,0.4981,ns
M1vsM2_12m,tertiles,Relative Mortality,GPPsat,Low,31,-0.84442,61.3,0.02445,0.09006,ns
M1vsM2_12m,tertiles,Relative Mortality,NEPmax,Low,31,-0.99493,64.5,0.007757,0.09006,ns
M1vsM2_12m,tertiles,Relative Mortality,WUE,Low,31,-0.02087,54.8,0.1428,0.2294,ns
M1vsM2_12m,tertiles,Relative Mortality,uWUE,Low,31,-0.05207,64.5,0.0695,0.1412,ns
M1vsM2_12m,tertiles,Relative Disturbance,ETmax,High,31,0.00176,45.2,0.3226,0.3708,ns
M1vsM2_12m,tertiles,Relative Disturbance,GPPsat,High,31,-0.29122,58.1,0.08974,0.1553,ns
M1vsM2_12m,tertiles,Relative Disturbance,NEPmax,High,31,-0.44381,64.5,0.0256,0.09006,ns
M1vsM2_12m,tertiles,Relative Disturbance,WUE,High,31,0.0441,41.9,0.5195,0.5313,ns
M1vsM2_12m,tertiles,Relative Disturbance,uWUE,High,31,-0.00331,51.6,0.295,0.3493,ns
M1vsM2_12m,tertiles,Relative Disturbance,ETmax,Mid,31,-0.00243,67.7,0.04887,0.1222,ns
M1vsM2_12m,tertiles,Relative Disturbance,GPPsat,Mid,31,-0.38002,61.3,0.02029,0.09006,ns
M1vsM2_12m,tertiles,Relative Disturbance,NEPmax,Mid,31,-0.8263,64.5,0.005578,0.09006,ns
M1vsM2_12m,tertiles,Relative Disturbance,WUE,Mid,31,-0.06651,67.7,0.007757,0.09006,ns
M1vsM2_12m,tertiles,Relative Disturbance,uWUE,Mid,31,0.00284,48.4,0.1564,0.2347,ns
M1vsM2_12m,tertiles,Relative Disturbance,ETmax,Low,31,0.00093,45.2,0.6561,0.6561,ns
M1vsM2_12m,tertiles,Relative Disturbance,GPPsat,Low,31,-0.84442,61.3,0.05297,0.124,ns
M1vsM2_12m,tertiles,Relative Disturbance,NEPmax,Low,31,-1.02756,64.5,0.0256,0.09006,ns
M1vsM2_12m,tertiles,Relative Disturbance,WUE,Low,31,-0.02162,58.1,0.08974,0.1553,ns
M1vsM2_12m,tertiles,Relative Disturbance,uWUE,Low,31,-0.06297,67.7,0.04503,0.1192,ns
M1vsM2_12m,equal_width,Absolute Mortality,ETmax,Mid,35,-2e-05,51.4,0.2916,0.4085,ns
M1vsM2_12m,equal_width,Absolute Mortality,GPPsat,Mid,35,-0.05583,51.4,0.286,0.4085,ns
M1vsM2_12m,equal_width,Absolute Mortality,NEPmax,Mid,35,-0.44381,57.1,0.05514,0.1135,ns
M1vsM2_12m,equal_width,Absolute Mortality,WUE,Mid,35,-0.03919,54.3,0.1569,0.289,ns
M1vsM2_12m,equal_width,Absolute Mortality,uWUE,Mid,35,0.00524,48.6,0.286,0.4085,ns
M1vsM2_12m,equal_width,Absolute Mortality,ETmax,Low,53,-0.00022,52.8,0.3226,0.4085,ns
M1vsM2_12m,equal_width,Absolute Mortality,GPPsat,Low,53,-1.0053,69.8,0.0005974,0.01045,*
M1vsM2_12m,equal_width,Absolute Mortality,NEPmax,Low,53,-1.07766,71.7,0.0002687,0.009403,**
M1vsM2_12m,equal_width,Absolute Mortality,WUE,Low,53,-0.03145,60.4,0.01145,0.04962,*
M1vsM2_12m,equal_width,Absolute Mortality,uWUE,Low,53,-0.04044,62.3,0.02,0.05832,ns
M1vsM2_12m,equal_width,Absolute Mortality,ETmax,High,5,-0.00502,60,,,""
M1vsM2_12m,equal_width,Absolute Mortality,GPPsat,High,5,0.68628,20,,,""
M1vsM2_12m,equal_width,Absolute Mortality,NEPmax,High,5,0.31641,40,,,""
M1vsM2_12m,equal_width,Absolute Mortality,WUE,High,5,0.0441,20,,,""
M1vsM2_12m,equal_width,Absolute Mortality,uWUE,High,5,0.02262,40,,,""
M1vsM2_12m,equal_width,Relative Mortality,ETmax,Mid,33,0.00166,45.5,0.4644,0.4644,ns
M1vsM2_12m,equal_width,Relative Mortality,GPPsat,Mid,33,-0.29122,60.6,0.07391,0.1437,ns
M1vsM2_12m,equal_width,Relative Mortality,NEPmax,Mid,33,-0.68372,66.7,0.01276,0.04962,*
M1vsM2_12m,equal_width,Relative Mortality,WUE,Mid,33,-0.01347,51.5,0.4221,0.4444,ns
M1vsM2_12m,equal_width,Relative Mortality,uWUE,Mid,33,-0.01143,54.5,0.3406,0.4085,ns
M1vsM2_12m,equal_width,Relative Mortality,ETmax,Low,53,-7e-04,54.7,0.329,0.4085,ns
M1vsM2_12m,equal_width,Relative Mortality,GPPsat,Low,53,-0.84442,62.3,0.004995,0.03067,*
M1vsM2_12m,equal_width,Relative Mortality,NEPmax,Low,53,-0.99493,64.2,0.003031,0.03067,*
M1vsM2_12m,equal_width,Relative Mortality,WUE,Low,53,-0.05161,60.4,0.005257,0.03067,*
M1vsM2_12m,equal_width,Relative Mortality,uWUE,Low,53,-0.05207,58.5,0.02967,0.07989,ns
M1vsM2_12m,equal_width,Relative Mortality,ETmax,High,7,-0.0071,71.4,0.03796,0.08562,ns
M1vsM2_12m,equal_width,Relative Mortality,GPPsat,High,7,0.18455,42.9,0.3363,0.4085,ns
M1vsM2_12m,equal_width,Relative Mortality,NEPmax,High,7,-0.44381,57.1,0.1763,0.3085,ns
M1vsM2_12m,equal_width,Relative Mortality,WUE,High,7,0.03152,42.9,0.3999,0.4374,ns
M1vsM2_12m,equal_width,Relative Mortality,uWUE,High,7,0.02262,42.9,0.3999,0.4374,ns
M1vsM2_12m,equal_width,Relative Disturbance,ETmax,Mid,35,0.00166,45.7,0.3502,0.4085,ns
M1vsM2_12m,equal_width,Relative Disturbance,GPPsat,Mid,35,-0.29122,60,0.03914,0.08562,ns
M1vsM2_12m,equal_width,Relative Disturbance,NEPmax,Mid,35,-0.45003,62.9,0.01696,0.05395,ns
M1vsM2_12m,equal_width,Relative Disturbance,WUE,Mid,35,0.01334,48.6,0.3502,0.4085,ns
M1vsM2_12m,equal_width,Relative Disturbance,uWUE,Mid,35,-0.00331,51.4,0.4317,0.4444,ns
M1vsM2_12m,equal_width,Relative Disturbance,ETmax,Low,53,-0.00075,56.6,0.3069,0.4085,ns
M1vsM2_12m,equal_width,Relative Disturbance,GPPsat,Low,53,-0.66869,60.4,0.01119,0.04962,*
M1vsM2_12m,equal_width,Relative Disturbance,NEPmax,Low,53,-0.8263,64.2,0.003853,0.03067,*
M1vsM2_12m,equal_width,Relative Disturbance,WUE,Low,53,-0.04235,60.4,0.01471,0.05149,ns
M1vsM2_12m,equal_width,Relative Disturbance,uWUE,Low,53,-0.04044,58.5,0.0341,0.08525,ns
M1vsM2_12m,equal_width,Relative Disturbance,ETmax,High,5,-0.00718,60,,,""
M1vsM2_12m,equal_width,Relative Disturbance,GPPsat,High,5,-1.67395,60,,,""
M1vsM2_12m,equal_width,Relative Disturbance,NEPmax,High,5,-3.6691,80,,,""
M1vsM2_12m,equal_width,Relative Disturbance,WUE,High,5,-0.15981,60,,,""
M1vsM2_12m,equal_width,Relative Disturbance,uWUE,High,5,-0.13744,60,,,""
M1vsM2_12m,natural_breaks,Absolute Mortality,ETmax,High,20,-0.00227,55,0.09253,0.1602,ns
M1vsM2_12m,natural_breaks,Absolute Mortality,GPPsat,High,20,-0.01899,50,0.2814,0.3332,ns
M1vsM2_12m,natural_breaks,Absolute Mortality,NEPmax,High,20,-0.35868,55,0.09253,0.1602,ns
M1vsM2_12m,natural_breaks,Absolute Mortality,WUE,High,20,0.04627,40,0.5223,0.5733,ns
M1vsM2_12m,natural_breaks,Absolute Mortality,uWUE,High,20,0.00522,50,0.3614,0.417,ns
M1vsM2_12m,natural_breaks,Absolute Mortality,ETmax,Mid,43,-0.00012,55.8,0.2791,0.3332,ns
M1vsM2_12m,natural_breaks,Absolute Mortality,GPPsat,Mid,43,-0.67476,62.8,0.01005,0.08462,ns
M1vsM2_12m,natural_breaks,Absolute Mortality,NEPmax,Mid,43,-0.8263,69.8,0.005145,0.08462,ns
M1vsM2_12m,natural_breaks,Absolute Mortality,WUE,Mid,43,-0.04235,60.5,0.05894,0.1369,ns
M1vsM2_12m,natural_breaks,Absolute Mortality,uWUE,Mid,43,-0.01824,55.8,0.1454,0.2256,ns
M1vsM2_12m,natural_breaks,Absolute Mortality,ETmax,Low,30,0.0012,46.7,0.4918,0.5533,ns
M1vsM2_12m,natural_breaks,Absolute Mortality,GPPsat,Low,30,-0.75656,63.3,0.03677,0.1182,ns
M1vsM2_12m,natural_breaks,Absolute Mortality,NEPmax,Low,30,-1.01125,63.3,0.01316,0.08462,ns
M1vsM2_12m,natural_breaks,Absolute Mortality,WUE,Low,30,-0.04153,60,0.03207,0.1182,ns
M1vsM2_12m,natural_breaks,Absolute Mortality,uWUE,Low,30,-0.03754,60,0.08096,0.1584,ns
M1vsM2_12m,natural_breaks,Relative Mortality,ETmax,High,26,0.00171,46.2,0.2796,0.3332,ns
M1vsM2_12m,natural_breaks,Relative Mortality,GPPsat,High,26,-0.24993,57.7,0.1431,0.2256,ns
M1vsM2_12m,natural_breaks,Relative Mortality,NEPmax,High,26,-0.43489,61.5,0.04938,0.1369,ns
M1vsM2_12m,natural_breaks,Relative Mortality,WUE,High,26,0.03781,42.3,0.6197,0.6338,ns
M1vsM2_12m,natural_breaks,Relative Mortality,uWUE,High,26,-0.00737,53.8,0.2464,0.3262,ns
M1vsM2_12m,natural_breaks,Relative Mortality,ETmax,Mid,32,-0.00193,62.5,0.1068,0.1781,ns
M1vsM2_12m,natural_breaks,Relative Mortality,GPPsat,Mid,32,-0.343,59.4,0.03414,0.1182,ns
M1vsM2_12m,natural_breaks,Relative Mortality,NEPmax,Mid,32,-0.80761,65.6,0.01155,0.08462,ns
M1vsM2_12m,natural_breaks,Relative Mortality,WUE,Mid,32,-0.09063,65.6,0.02535,0.1141,ns
M1vsM2_12m,natural_breaks,Relative Mortality,uWUE,Mid,32,0.00404,46.9,0.2189,0.2985,ns
M1vsM2_12m,natural_breaks,Relative Mortality,ETmax,Low,35,1e-04,48.6,0.5424,0.5811,ns
M1vsM2_12m,natural_breaks,Relative Mortality,GPPsat,Low,35,-0.84442,62.9,0.02421,0.1141,ns
M1vsM2_12m,natural_breaks,Relative Mortality,NEPmax,Low,35,-1.02756,65.7,0.007848,0.08462,ns
M1vsM2_12m,natural_breaks,Relative Mortality,WUE,Low,35,-0.02162,57.1,0.06083,0.1369,ns
M1vsM2_12m,natural_breaks,Relative Mortality,uWUE,Low,35,-0.06297,65.7,0.04987,0.1369,ns
M1vsM2_12m,natural_breaks,Relative Disturbance,ETmax,Mid,35,-0.00211,62.9,0.09095,0.1602,ns
M1vsM2_12m,natural_breaks,Relative Disturbance,GPPsat,Mid,35,-0.66869,65.7,0.007169,0.08462,ns
M1vsM2_12m,natural_breaks,Relative Disturbance,NEPmax,Mid,35,-0.83652,71.4,0.001921,0.08462,ns
M1vsM2_12m,natural_breaks,Relative Disturbance,WUE,Mid,35,-0.05578,65.7,0.02329,0.1141,ns
M1vsM2_12m,natural_breaks,Relative Disturbance,uWUE,Mid,35,0.00284,48.6,0.2087,0.2936,ns
M1vsM2_12m,natural_breaks,Relative Disturbance,ETmax,Low,35,0.00093,45.7,0.714,0.714,ns
M1vsM2_12m,natural_breaks,Relative Disturbance,GPPsat,Low,35,-0.64263,57.1,0.05888,0.1369,ns
M1vsM2_12m,natural_breaks,Relative Disturbance,NEPmax,Low,35,-0.80294,60,0.03645,0.1182,ns
M1vsM2_12m,natural_breaks,Relative Disturbance,WUE,Low,35,-0.02162,57.1,0.07359,0.1519,ns
M1vsM2_12m,natural_breaks,Relative Disturbance,uWUE,Low,35,-0.06297,65.7,0.05888,0.1369,ns
M1vsM2_12m,natural_breaks,Relative Disturbance,ETmax,High,23,0.00166,47.8,0.193,0.2802,ns
M1vsM2_12m,natural_breaks,Relative Disturbance,GPPsat,High,23,-0.20864,56.5,0.1615,0.2422,ns
M1vsM2_12m,natural_breaks,Relative Disturbance,NEPmax,High,23,-0.42597,60.9,0.07427,0.1519,ns
M1vsM2_12m,natural_breaks,Relative Disturbance,WUE,High,23,0.0441,39.1,0.602,0.63,ns
M1vsM2_12m,natural_breaks,Relative Disturbance,uWUE,High,23,-0.00331,52.2,0.2566,0.3299,ns
M1vsM2_24m,tertiles,Absolute Mortality,ETmax,High,31,-0.00269,58.1,0.0432,0.1056,ns
M1vsM2_24m,tertiles,Absolute Mortality,GPPsat,High,31,-0.22804,58.1,0.1564,0.2133,ns
M1vsM2_24m,tertiles,Absolute Mortality,NEPmax,High,31,-0.80852,61.3,0.01444,0.08125,ns
M1vsM2_24m,tertiles,Absolute Mortality,WUE,High,31,-0.04209,54.8,0.1067,0.1714,ns
M1vsM2_24m,tertiles,Absolute Mortality,uWUE,High,31,0.001,48.4,0.2685,0.3021,ns
M1vsM2_24m,tertiles,Absolute Mortality,ETmax,Mid,31,-0.00037,54.8,0.4883,0.5232,ns
M1vsM2_24m,tertiles,Absolute Mortality,GPPsat,Mid,31,-0.61857,67.7,0.02802,0.0942,ns
M1vsM2_24m,tertiles,Absolute Mortality,NEPmax,Mid,31,-0.50064,61.3,0.08661,0.1559,ns
M1vsM2_24m,tertiles,Absolute Mortality,WUE,Mid,31,-0.02054,58.1,0.1141,0.1768,ns
M1vsM2_24m,tertiles,Absolute Mortality,uWUE,Mid,31,-0.0184,61.3,0.1341,0.1947,ns
M1vsM2_24m,tertiles,Absolute Mortality,ETmax,Low,31,0.00079,48.4,0.5892,0.6166,ns
M1vsM2_24m,tertiles,Absolute Mortality,GPPsat,Low,31,-1.00741,67.7,0.01011,0.08125,ns
M1vsM2_24m,tertiles,Absolute Mortality,NEPmax,Low,31,-1.02654,67.7,0.008185,0.08125,ns
M1vsM2_24m,tertiles,Absolute Mortality,WUE,Low,31,-0.03487,67.7,0.008185,0.08125,ns
M1vsM2_24m,tertiles,Absolute Mortality,uWUE,Low,31,-0.04589,64.5,0.08355,0.1559,ns
M1vsM2_24m,tertiles,Relative Mortality,ETmax,High,31,-0.00246,58.1,0.208,0.2464,ns
M1vsM2_24m,tertiles,Relative Mortality,GPPsat,High,31,-0.30146,58.1,0.08661,0.1559,ns
M1vsM2_24m,tertiles,Relative Mortality,NEPmax,High,31,-0.80852,54.8,0.03202,0.09607,ns
M1vsM2_24m,tertiles,Relative Mortality,WUE,High,31,-0.03758,54.8,0.1472,0.207,ns
M1vsM2_24m,tertiles,Relative Mortality,uWUE,High,31,-0.01264,58.1,0.2025,0.2462,ns
M1vsM2_24m,tertiles,Relative Mortality,ETmax,Mid,31,-0.00028,51.6,0.1863,0.2395,ns
M1vsM2_24m,tertiles,Relative Mortality,GPPsat,Mid,31,-0.56096,71,0.04692,0.1056,ns
M1vsM2_24m,tertiles,Relative Mortality,NEPmax,Mid,31,-0.81928,67.7,0.02931,0.0942,ns
M1vsM2_24m,tertiles,Relative Mortality,WUE,Mid,31,-0.05209,58.1,0.03807,0.1056,ns
M1vsM2_24m,tertiles,Relative Mortality,uWUE,Mid,31,-0.00546,54.8,0.176,0.2329,ns
M1vsM2_24m,tertiles,Relative Mortality,ETmax,Low,31,-0.001,51.6,0.6268,0.641,ns
M1vsM2_24m,tertiles,Relative Mortality,GPPsat,Low,31,-1.00741,64.5,0.01181,0.08125,ns
M1vsM2_24m,tertiles,Relative Mortality,NEPmax,Low,31,-1.00888,67.7,0.01065,0.08125,ns
M1vsM2_24m,tertiles,Relative Mortality,WUE,Low,31,-0.0321,67.7,0.02679,0.0942,ns
M1vsM2_24m,tertiles,Relative Mortality,uWUE,Low,31,-0.05506,61.3,0.1031,0.1714,ns
M1vsM2_24m,tertiles,Relative Disturbance,ETmax,High,31,-0.00038,54.8,0.1916,0.2395,ns
M1vsM2_24m,tertiles,Relative Disturbance,GPPsat,High,31,-0.30146,58.1,0.1031,0.1714,ns
M1vsM2_24m,tertiles,Relative Disturbance,NEPmax,High,31,-0.25499,51.6,0.0432,0.1056,ns
M1vsM2_24m,tertiles,Relative Disturbance,WUE,High,31,-0.00453,51.6,0.2685,0.3021,ns
M1vsM2_24m,tertiles,Relative Disturbance,uWUE,High,31,-0.0061,54.8,0.3658,0.4015,ns
M1vsM2_24m,tertiles,Relative Disturbance,ETmax,Mid,31,-0.00151,58.1,0.08661,0.1559,ns
M1vsM2_24m,tertiles,Relative Disturbance,GPPsat,Mid,31,-0.51895,71,0.01307,0.08125,ns
M1vsM2_24m,tertiles,Relative Disturbance,NEPmax,Mid,31,-0.91788,71,0.005578,0.08125,ns
M1vsM2_24m,tertiles,Relative Disturbance,WUE,Mid,31,-0.05209,61.3,0.01844,0.0913,ns
M1vsM2_24m,tertiles,Relative Disturbance,uWUE,Mid,31,-0.00546,54.8,0.1179,0.1768,ns
M1vsM2_24m,tertiles,Relative Disturbance,ETmax,Low,31,0.00079,48.4,0.7688,0.7688,ns
M1vsM2_24m,tertiles,Relative Disturbance,GPPsat,Low,31,-1.00741,64.5,0.02802,0.0942,ns
M1vsM2_24m,tertiles,Relative Disturbance,NEPmax,Low,31,-0.76011,67.7,0.04692,0.1056,ns
M1vsM2_24m,tertiles,Relative Disturbance,WUE,Low,31,-0.03487,67.7,0.02029,0.0913,ns
M1vsM2_24m,tertiles,Relative Disturbance,uWUE,Low,31,-0.05506,64.5,0.06692,0.1434,ns
M1vsM2_24m,equal_width,Absolute Mortality,ETmax,Mid,35,0.00108,48.6,0.1995,0.2857,ns
M1vsM2_24m,equal_width,Absolute Mortality,GPPsat,Mid,35,-0.10375,60,0.1949,0.2857,ns
M1vsM2_24m,equal_width,Absolute Mortality,NEPmax,Mid,35,-0.50064,60,0.04199,0.08646,ns
M1vsM2_24m,equal_width,Absolute Mortality,WUE,Mid,35,0.00486,48.6,0.09926,0.1829,ns
M1vsM2_24m,equal_width,Absolute Mortality,uWUE,Mid,35,0.00596,45.7,0.3321,0.3924,ns
M1vsM2_24m,equal_width,Absolute Mortality,ETmax,Low,53,-0.001,56.6,0.3484,0.3934,ns
M1vsM2_24m,equal_width,Absolute Mortality,GPPsat,Low,53,-1.1554,71.7,0.0003719,0.009522,**
M1vsM2_24m,equal_width,Absolute Mortality,NEPmax,Low,53,-1.00888,69.8,0.0005441,0.009522,**
M1vsM2_24m,equal_width,Absolute Mortality,WUE,Low,53,-0.03767,67.9,0.001742,0.01524,*
M1vsM2_24m,equal_width,Absolute Mortality,uWUE,Low,53,-0.03296,67.9,0.01756,0.06146,ns
M1vsM2_24m,equal_width,Absolute Mortality,ETmax,High,5,-0.0031,60,,,""
M1vsM2_24m,equal_width,Absolute Mortality,GPPsat,High,5,0.81658,20,,,""
M1vsM2_24m,equal_width,Absolute Mortality,NEPmax,High,5,0.50332,20,,,""
M1vsM2_24m,equal_width,Absolute Mortality,WUE,High,5,-0.03758,60,,,""
M1vsM2_24m,equal_width,Absolute Mortality,uWUE,High,5,0.00101,40,,,""
M1vsM2_24m,equal_width,Relative Mortality,ETmax,Mid,33,-0.00038,54.5,0.1858,0.2857,ns
M1vsM2_24m,equal_width,Relative Mortality,GPPsat,Mid,33,-0.48118,63.6,0.03419,0.08305,ns
M1vsM2_24m,equal_width,Relative Mortality,NEPmax,Mid,33,-0.50064,60.6,0.02682,0.07823,ns
M1vsM2_24m,equal_width,Relative Mortality,WUE,Mid,33,-0.00453,51.5,0.296,0.3837,ns
M1vsM2_24m,equal_width,Relative Mortality,uWUE,Mid,33,-0.00546,54.5,0.4221,0.4617,ns
M1vsM2_24m,equal_width,Relative Mortality,ETmax,Low,53,-0.00028,50.9,0.5423,0.5423,ns
M1vsM2_24m,equal_width,Relative Mortality,GPPsat,Low,53,-0.81344,67.9,0.003753,0.02369,*
M1vsM2_24m,equal_width,Relative Mortality,NEPmax,Low,53,-0.93741,66,0.004745,0.02373,*
M1vsM2_24m,equal_width,Relative Mortality,WUE,Low,53,-0.0385,66,0.001197,0.01396,*
M1vsM2_24m,equal_width,Relative Mortality,uWUE,Low,53,-0.03794,62.3,0.02087,0.0664,ns
M1vsM2_24m,equal_width,Relative Mortality,ETmax,High,7,-0.00398,71.4,0.03796,0.08305,ns
M1vsM2_24m,equal_width,Relative Mortality,GPPsat,High,7,0.81658,42.9,0.2771,0.373,ns
M1vsM2_24m,equal_width,Relative Mortality,NEPmax,High,7,-1.26414,57.1,0.1359,0.2379,ns
M1vsM2_24m,equal_width,Relative Mortality,WUE,High,7,-0.03758,57.1,0.3363,0.3924,ns
M1vsM2_24m,equal_width,Relative Mortality,uWUE,High,7,0.00101,42.9,0.3363,0.3924,ns
M1vsM2_24m,equal_width,Relative Disturbance,ETmax,Mid,35,-0.00038,54.3,0.2041,0.2857,ns
M1vsM2_24m,equal_width,Relative Disturbance,GPPsat,Mid,35,-0.30146,60,0.05888,0.1145,ns
M1vsM2_24m,equal_width,Relative Disturbance,NEPmax,Mid,35,-0.50064,54.3,0.03645,0.08305,ns
M1vsM2_24m,equal_width,Relative Disturbance,WUE,Mid,35,-0.00453,51.4,0.186,0.2857,ns
M1vsM2_24m,equal_width,Relative Disturbance,uWUE,Mid,35,-0.00527,51.4,0.5033,0.5181,ns
M1vsM2_24m,equal_width,Relative Disturbance,ETmax,Low,53,-0.00092,52.8,0.4718,0.5004,ns
M1vsM2_24m,equal_width,Relative Disturbance,GPPsat,Low,53,-0.71085,67.9,0.005531,0.0242,*
M1vsM2_24m,equal_width,Relative Disturbance,NEPmax,Low,53,-0.81928,67.9,0.007276,0.02829,*
M1vsM2_24m,equal_width,Relative Disturbance,WUE,Low,53,-0.03767,66,0.004061,0.02369,*
M1vsM2_24m,equal_width,Relative Disturbance,uWUE,Low,53,-0.03296,62.3,0.03278,0.08305,ns
M1vsM2_24m,equal_width,Relative Disturbance,ETmax,High,5,-0.0031,60,,,""
M1vsM2_24m,equal_width,Relative Disturbance,GPPsat,High,5,-2.3522,60,,,""
M1vsM2_24m,equal_width,Relative Disturbance,NEPmax,High,5,-3.4739,80,,,""
M1vsM2_24m,equal_width,Relative Disturbance,WUE,High,5,-0.19653,60,,,""
M1vsM2_24m,equal_width,Relative Disturbance,uWUE,High,5,-0.20247,60,,,""
M1vsM2_24m,natural_breaks,Absolute Mortality,ETmax,High,20,-0.00354,65,0.04128,0.1153,ns
M1vsM2_24m,natural_breaks,Absolute Mortality,GPPsat,High,20,-0.14736,55,0.2333,0.3066,ns
M1vsM2_24m,natural_breaks,Absolute Mortality,NEPmax,High,20,-0.09712,50,0.1055,0.1752,ns
M1vsM2_24m,natural_breaks,Absolute Mortality,WUE,High,20,0.0113,45,0.3071,0.3544,ns
M1vsM2_24m,natural_breaks,Absolute Mortality,uWUE,High,20,-0.00255,50,0.3614,0.3915,ns
M1vsM2_24m,natural_breaks,Absolute Mortality,ETmax,Mid,43,-0.00037,53.5,0.3654,0.3915,ns
M1vsM2_24m,natural_breaks,Absolute Mortality,GPPsat,Mid,43,-0.51895,67.4,0.01465,0.0586,ns
M1vsM2_24m,natural_breaks,Absolute Mortality,NEPmax,Mid,43,-0.80969,67.4,0.0142,0.0586,ns
M1vsM2_24m,natural_breaks,Absolute Mortality,WUE,Mid,43,-0.03929,60.5,0.03845,0.1153,ns
M1vsM2_24m,natural_breaks,Absolute Mortality,uWUE,Mid,43,-0.0184,58.1,0.09508,0.1646,ns
M1vsM2_24m,natural_breaks,Absolute Mortality,ETmax,Low,30,0.00158,46.7,0.6054,0.6336,ns
M1vsM2_24m,natural_breaks,Absolute Mortality,GPPsat,Low,30,-0.85913,66.7,0.01462,0.0586,ns
M1vsM2_24m,natural_breaks,Absolute Mortality,NEPmax,Low,30,-1.09409,66.7,0.009519,0.0586,ns
M1vsM2_24m,natural_breaks,Absolute Mortality,WUE,Low,30,-0.03627,70,0.008053,0.0586,ns
M1vsM2_24m,natural_breaks,Absolute Mortality,uWUE,Low,30,-0.03828,63.3,0.09402,0.1646,ns
M1vsM2_24m,natural_breaks,Relative Mortality,ETmax,High,26,-0.00142,57.7,0.2385,0.3066,ns
M1vsM2_24m,natural_breaks,Relative Mortality,GPPsat,High,26,-0.26475,57.7,0.161,0.2411,ns
M1vsM2_24m,natural_breaks,Relative Mortality,NEPmax,High,26,-0.0076,50,0.08914,0.1646,ns
M1vsM2_24m,natural_breaks,Relative Mortality,WUE,High,26,0.00087,50,0.3057,0.3544,ns
M1vsM2_24m,natural_breaks,Relative Mortality,uWUE,High,26,-0.00937,57.7,0.2627,0.3284,ns
M1vsM2_24m,natural_breaks,Relative Mortality,ETmax,Mid,32,-0.00121,56.2,0.06613,0.1417,ns
M1vsM2_24m,natural_breaks,Relative Mortality,GPPsat,Mid,32,-0.53995,68.8,0.02221,0.07688,ns
M1vsM2_24m,natural_breaks,Relative Mortality,NEPmax,Mid,32,-0.86378,68.8,0.01272,0.0586,ns
M1vsM2_24m,natural_breaks,Relative Mortality,WUE,Mid,32,-0.07977,59.4,0.04354,0.1153,ns
M1vsM2_24m,natural_breaks,Relative Mortality,uWUE,Mid,32,-0.00421,53.1,0.1725,0.2411,ns
M1vsM2_24m,natural_breaks,Relative Mortality,ETmax,Low,35,0.00079,48.6,0.714,0.7302,ns
M1vsM2_24m,natural_breaks,Relative Mortality,GPPsat,Low,35,-0.81344,65.7,0.01499,0.0586,ns
M1vsM2_24m,natural_breaks,Relative Mortality,NEPmax,Low,35,-1.00888,68.6,0.01165,0.0586,ns
M1vsM2_24m,natural_breaks,Relative Mortality,WUE,Low,35,-0.03487,68.6,0.0138,0.0586,ns
M1vsM2_24m,natural_breaks,Relative Mortality,uWUE,Low,35,-0.04589,62.9,0.08317,0.1646,ns
M1vsM2_24m,natural_breaks,Relative Disturbance,ETmax,Mid,35,-0.00226,54.3,0.04821,0.1205,ns
M1vsM2_24m,natural_breaks,Relative Disturbance,GPPsat,Mid,35,-0.61528,71.4,0.004284,0.0586,ns
M1vsM2_24m,natural_breaks,Relative Disturbance,NEPmax,Mid,35,-0.95162,74.3,0.0005422,0.0244,*
M1vsM2_24m,natural_breaks,Relative Disturbance,WUE,Mid,35,-0.05209,62.9,0.02516,0.08086,ns
M1vsM2_24m,natural_breaks,Relative Disturbance,uWUE,Mid,35,-0.00296,51.4,0.286,0.3478,ns
M1vsM2_24m,natural_breaks,Relative Disturbance,ETmax,Low,35,0.00079,48.6,0.8096,0.8096,ns
M1vsM2_24m,natural_breaks,Relative Disturbance,GPPsat,Low,35,-0.71085,62.9,0.05158,0.1222,ns
M1vsM2_24m,natural_breaks,Relative Disturbance,NEPmax,Low,35,-0.53829,62.9,0.09095,0.1646,ns
M1vsM2_24m,natural_breaks,Relative Disturbance,WUE,Low,35,-0.03487,65.7,0.01563,0.0586,ns
M1vsM2_24m,natural_breaks,Relative Disturbance,uWUE,Low,35,-0.05506,62.9,0.06083,0.1369,ns
M1vsM2_24m,natural_breaks,Relative Disturbance,ETmax,High,23,-0.00246,60.9,0.1615,0.2411,ns
M1vsM2_24m,natural_breaks,Relative Disturbance,GPPsat,High,23,-0.22804,56.5,0.1768,0.2411,ns
M1vsM2_24m,natural_breaks,Relative Disturbance,NEPmax,High,23,0.23979,47.8,0.109,0.1752,ns
M1vsM2_24m,natural_breaks,Relative Disturbance,WUE,High,23,0.00627,47.8,0.3633,0.3915,ns
M1vsM2_24m,natural_breaks,Relative Disturbance,uWUE,High,23,-0.01264,60.9,0.169,0.2411,ns
M3vsM4_12m,tertiles,Absolute Mortality,ETmax,High,31,-5e-05,51.6,0.4805,0.5544,ns
M3vsM4_12m,tertiles,Absolute Mortality,GPPsat,High,31,-0.51624,71,0.0256,0.07199,ns
M3vsM4_12m,tertiles,Absolute Mortality,NEPmax,High,31,-1.13419,77.4,0.002461,0.02547,*
M3vsM4_12m,tertiles,Absolute Mortality,WUE,High,31,-0.06313,58.1,0.04503,0.09922,ns
M3vsM4_12m,tertiles,Absolute Mortality,uWUE,High,31,-0.03105,54.8,0.05297,0.09922,ns
M3vsM4_12m,tertiles,Absolute Mortality,ETmax,Mid,31,0.00124,41.9,0.7567,0.8107,ns
M3vsM4_12m,tertiles,Absolute Mortality,GPPsat,Mid,31,-0.34047,64.5,0.02931,0.07758,ns
M3vsM4_12m,tertiles,Absolute Mortality,NEPmax,Mid,31,-0.4108,67.7,0.01757,0.06084,ns
M3vsM4_12m,tertiles,Absolute Mortality,WUE,Mid,31,-0.00073,51.6,0.2312,0.2812,ns
M3vsM4_12m,tertiles,Absolute Mortality,uWUE,Mid,31,-0.0271,64.5,0.2137,0.2812,ns
M3vsM4_12m,tertiles,Absolute Mortality,ETmax,Low,31,0.00133,45.2,0.6982,0.7663,ns
M3vsM4_12m,tertiles,Absolute Mortality,GPPsat,Low,31,-0.60309,67.7,0.003962,0.02547,*
M3vsM4_12m,tertiles,Absolute Mortality,NEPmax,Low,31,-0.54387,77.4,0.0007252,0.01746,*
M3vsM4_12m,tertiles,Absolute Mortality,WUE,Low,31,-0.03653,61.3,0.04887,0.09922,ns
M3vsM4_12m,tertiles,Absolute Mortality,uWUE,Low,31,-0.00368,54.8,0.2253,0.2812,ns
M3vsM4_12m,tertiles,Relative Mortality,ETmax,High,31,0.00126,38.7,0.938,0.9511,ns
M3vsM4_12m,tertiles,Relative Mortality,GPPsat,High,31,-0.34047,67.7,0.0256,0.07199,ns
M3vsM4_12m,tertiles,Relative Mortality,NEPmax,High,31,-0.68372,71,0.003737,0.02547,*
M3vsM4_12m,tertiles,Relative Mortality,WUE,High,31,-0.01021,54.8,0.1709,0.2481,ns
M3vsM4_12m,tertiles,Relative Mortality,uWUE,High,31,-0.03405,61.3,0.06441,0.1115,ns
M3vsM4_12m,tertiles,Relative Mortality,ETmax,Mid,31,-0.00087,51.6,0.2025,0.2812,ns
M3vsM4_12m,tertiles,Relative Mortality,GPPsat,Mid,31,-0.73007,74.2,0.006959,0.03006,*
M3vsM4_12m,tertiles,Relative Mortality,NEPmax,Mid,31,-0.83841,77.4,0.003524,0.02547,*
M3vsM4_12m,tertiles,Relative Mortality,WUE,Mid,31,-0.05711,54.8,0.05512,0.09922,ns
M3vsM4_12m,tertiles,Relative Mortality,uWUE,Mid,31,-0.00619,51.6,0.2312,0.2812,ns
M3vsM4_12m,tertiles,Relative Mortality,ETmax,Low,31,0.00027,48.4,0.6415,0.7217,ns
M3vsM4_12m,tertiles,Relative Mortality,GPPsat,Low,31,-0.37977,61.3,0.02127,0.06836,ns
M3vsM4_12m,tertiles,Relative Mortality,NEPmax,Low,31,-0.54387,74.2,0.001923,0.02547,*
M3vsM4_12m,tertiles,Relative Mortality,WUE,Low,31,-0.01217,61.3,0.07769,0.1295,ns
M3vsM4_12m,tertiles,Relative Mortality,uWUE,Low,31,-0.00955,61.3,0.1564,0.2347,ns
M3vsM4_12m,tertiles,Relative Disturbance,ETmax,High,31,0.00126,38.7,0.9511,0.9511,ns
M3vsM4_12m,tertiles,Relative Disturbance,GPPsat,High,31,-0.35682,64.5,0.03202,0.08005,ns
M3vsM4_12m,tertiles,Relative Disturbance,NEPmax,High,31,-0.76279,71,0.005274,0.02966,*
M3vsM4_12m,tertiles,Relative Disturbance,WUE,High,31,-0.00663,51.6,0.2194,0.2812,ns
M3vsM4_12m,tertiles,Relative Disturbance,uWUE,High,31,-0.04189,64.5,0.05297,0.09922,ns
M3vsM4_12m,tertiles,Relative Disturbance,ETmax,Mid,31,-0.00107,54.8,0.1218,0.189,ns
M3vsM4_12m,tertiles,Relative Disturbance,GPPsat,Mid,31,-0.60309,74.2,0.007348,0.03006,*
M3vsM4_12m,tertiles,Relative Disturbance,NEPmax,Mid,31,-0.62769,77.4,0.0007758,0.01746,*
M3vsM4_12m,tertiles,Relative Disturbance,WUE,Mid,31,-0.04766,54.8,0.05089,0.09922,ns
M3vsM4_12m,tertiles,Relative Disturbance,uWUE,Mid,31,0.00202,45.2,0.3732,0.442,ns
M3vsM4_12m,tertiles,Relative Disturbance,ETmax,Low,31,0.00154,45.2,0.7747,0.8107,ns
M3vsM4_12m,tertiles,Relative Disturbance,GPPsat,Low,31,-0.37977,64.5,0.01594,0.05979,ns
M3vsM4_12m,tertiles,Relative Disturbance,NEPmax,Low,31,-0.54387,74.2,0.006588,0.03006,*
M3vsM4_12m,tertiles,Relative Disturbance,WUE,Low,31,-0.03653,64.5,0.05512,0.09922,ns
M3vsM4_12m,tertiles,Relative Disturbance,uWUE,Low,31,-0.02461,64.5,0.1218,0.189,ns
M3vsM4_12m,equal_width,Absolute Mortality,ETmax,Mid,35,0.00038,45.7,0.6128,0.6703,ns
M3vsM4_12m,equal_width,Absolute Mortality,GPPsat,Mid,35,-0.20525,62.9,0.1569,0.2387,ns
M3vsM4_12m,equal_width,Absolute Mortality,NEPmax,Mid,35,-0.62769,71.4,0.01116,0.0434,*
M3vsM4_12m,equal_width,Absolute Mortality,WUE,Mid,35,-0.01021,54.3,0.06913,0.1344,ns
M3vsM4_12m,equal_width,Absolute Mortality,uWUE,Mid,35,-0.0271,51.4,0.2041,0.2857,ns
M3vsM4_12m,equal_width,Absolute Mortality,ETmax,Low,53,0.00133,45.3,0.7661,0.8125,ns
M3vsM4_12m,equal_width,Absolute Mortality,GPPsat,Low,53,-0.60309,67.9,0.0002433,0.00286,**
M3vsM4_12m,equal_width,Absolute Mortality,NEPmax,Low,53,-0.56347,75.5,5.277e-05,0.001847,**
M3vsM4_12m,equal_width,Absolute Mortality,WUE,Low,53,-0.02935,58.5,0.03478,0.08114,ns
M3vsM4_12m,equal_width,Absolute Mortality,uWUE,Low,53,-0.02461,62.3,0.05552,0.1215,ns
M3vsM4_12m,equal_width,Absolute Mortality,ETmax,High,5,-0.00154,60,,,""
M3vsM4_12m,equal_width,Absolute Mortality,GPPsat,High,5,-1.69858,100,,,""
M3vsM4_12m,equal_width,Absolute Mortality,NEPmax,High,5,-1.35977,80,,,""
M3vsM4_12m,equal_width,Absolute Mortality,WUE,High,5,-0.01038,60,,,""
M3vsM4_12m,equal_width,Absolute Mortality,uWUE,High,5,-0.02891,60,,,""
M3vsM4_12m,equal_width,Relative Mortality,ETmax,Mid,33,0.00144,36.4,0.8912,0.8912,ns
M3vsM4_12m,equal_width,Relative Mortality,GPPsat,Mid,33,-0.30874,66.7,0.02682,0.06705,ns
M3vsM4_12m,equal_width,Relative Mortality,NEPmax,Mid,33,-0.68372,72.7,0.005042,0.02206,*
M3vsM4_12m,equal_width,Relative Mortality,WUE,Mid,33,0.00345,48.5,0.2777,0.3471,ns
M3vsM4_12m,equal_width,Relative Mortality,uWUE,Mid,33,-0.03405,60.6,0.1459,0.2321,ns
M3vsM4_12m,equal_width,Relative Mortality,ETmax,Low,53,-0.00058,50.9,0.4965,0.5792,ns
M3vsM4_12m,equal_width,Relative Mortality,GPPsat,Low,53,-0.57613,66,0.002006,0.0117,*
M3vsM4_12m,equal_width,Relative Mortality,NEPmax,Low,53,-0.49992,73.6,0.0003268,0.00286,**
M3vsM4_12m,equal_width,Relative Mortality,WUE,Low,53,-0.04012,60.4,0.01681,0.05047,ns
M3vsM4_12m,equal_width,Relative Mortality,uWUE,Low,53,-0.00619,56.6,0.144,0.2321,ns
M3vsM4_12m,equal_width,Relative Mortality,ETmax,High,7,-5e-05,57.1,0.4663,0.5628,ns
M3vsM4_12m,equal_width,Relative Mortality,GPPsat,High,7,-0.93126,85.7,0.1024,0.1793,ns
M3vsM4_12m,equal_width,Relative Mortality,NEPmax,High,7,-1.77464,85.7,0.01731,0.05047,ns
M3vsM4_12m,equal_width,Relative Mortality,WUE,High,7,-0.06313,71.4,0.1763,0.2571,ns
M3vsM4_12m,equal_width,Relative Mortality,uWUE,High,7,-0.15896,57.1,0.1024,0.1793,ns
M3vsM4_12m,equal_width,Relative Disturbance,ETmax,Mid,35,0.00144,40,0.814,0.8379,ns
M3vsM4_12m,equal_width,Relative Disturbance,GPPsat,Mid,35,-0.34047,65.7,0.02155,0.05801,ns
M3vsM4_12m,equal_width,Relative Disturbance,NEPmax,Mid,35,-0.62769,74.3,0.002749,0.01375,*
M3vsM4_12m,equal_width,Relative Disturbance,WUE,Mid,35,-0.00663,51.4,0.2536,0.3287,ns
M3vsM4_12m,equal_width,Relative Disturbance,uWUE,Mid,35,-0.03105,57.1,0.2381,0.3205,ns
M3vsM4_12m,equal_width,Relative Disturbance,ETmax,Low,53,0.00027,49.1,0.5598,0.632,ns
M3vsM4_12m,equal_width,Relative Disturbance,GPPsat,Low,53,-0.55267,67.9,0.001599,0.0112,*
M3vsM4_12m,equal_width,Relative Disturbance,NEPmax,Low,53,-0.54387,73.6,0.0002869,0.00286,**
M3vsM4_12m,equal_width,Relative Disturbance,WUE,Low,53,-0.04012,60.4,0.01504,0.05047,ns
M3vsM4_12m,equal_width,Relative Disturbance,uWUE,Low,53,-0.00955,58.5,0.06504,0.1339,ns
M3vsM4_12m,equal_width,Relative Disturbance,ETmax,High,5,-5e-05,60,,,""
M3vsM4_12m,equal_width,Relative Disturbance,GPPsat,High,5,-0.93126,80,,,""
M3vsM4_12m,equal_width,Relative Disturbance,NEPmax,High,5,-1.77464,80,,,""
M3vsM4_12m,equal_width,Relative Disturbance,WUE,High,5,-0.17256,60,,,""
M3vsM4_12m,equal_width,Relative Disturbance,uWUE,High,5,-0.15896,60,,,""
M3vsM4_12m,natural_breaks,Absolute Mortality,ETmax,High,20,0.00051,45,0.7889,0.8256,ns
M3vsM4_12m,natural_breaks,Absolute Mortality,GPPsat,High,20,-0.43653,65,0.1437,0.2181,ns
M3vsM4_12m,natural_breaks,Absolute Mortality,NEPmax,High,20,-1.01291,75,0.01913,0.0615,ns
M3vsM4_12m,natural_breaks,Absolute Mortality,WUE,High,20,-0.00338,50,0.3338,0.4173,ns
M3vsM4_12m,natural_breaks,Absolute Mortality,uWUE,High,20,-0.05839,60,0.0865,0.1497,ns
M3vsM4_12m,natural_breaks,Absolute Mortality,ETmax,Mid,43,0.00038,48.8,0.4928,0.5686,ns
M3vsM4_12m,natural_breaks,Absolute Mortality,GPPsat,Mid,43,-0.40961,69.8,0.004165,0.02923,*
M3vsM4_12m,natural_breaks,Absolute Mortality,NEPmax,Mid,43,-0.45067,72.1,0.001347,0.02021,*
M3vsM4_12m,natural_breaks,Absolute Mortality,WUE,Mid,43,-0.02935,55.8,0.03278,0.07682,ns
M3vsM4_12m,natural_breaks,Absolute Mortality,uWUE,Mid,43,-0.02461,60.5,0.1102,0.1836,ns
M3vsM4_12m,natural_breaks,Absolute Mortality,ETmax,Low,30,0.00143,43.3,0.7036,0.7826,ns
M3vsM4_12m,natural_breaks,Absolute Mortality,GPPsat,Low,30,-0.57788,66.7,0.006409,0.02926,*
M3vsM4_12m,natural_breaks,Absolute Mortality,NEPmax,Low,30,-0.55367,76.7,0.0009488,0.02021,*
M3vsM4_12m,natural_breaks,Absolute Mortality,WUE,Low,30,-0.03833,63.3,0.03846,0.08241,ns
M3vsM4_12m,natural_breaks,Absolute Mortality,uWUE,Low,30,-0.00207,53.3,0.2358,0.3316,ns
M3vsM4_12m,natural_breaks,Relative Mortality,ETmax,High,26,0.00107,38.5,0.9532,0.9532,ns
M3vsM4_12m,natural_breaks,Relative Mortality,GPPsat,High,26,-0.43653,69.2,0.03009,0.07523,ns
M3vsM4_12m,natural_breaks,Relative Mortality,NEPmax,High,26,-0.94121,73.1,0.006877,0.02926,*
M3vsM4_12m,natural_breaks,Relative Mortality,WUE,High,26,-0.00159,50,0.3611,0.4276,ns
M3vsM4_12m,natural_breaks,Relative Mortality,uWUE,High,26,-0.03797,65.4,0.06066,0.1137,ns
M3vsM4_12m,natural_breaks,Relative Mortality,ETmax,Mid,32,-0.00118,53.1,0.1454,0.2181,ns
M3vsM4_12m,natural_breaks,Relative Mortality,GPPsat,Mid,32,-0.50635,68.8,0.02221,0.06663,ns
M3vsM4_12m,natural_breaks,Relative Mortality,NEPmax,Mid,32,-0.55171,75,0.004547,0.02923,*
M3vsM4_12m,natural_breaks,Relative Mortality,WUE,Mid,32,-0.05639,56.2,0.03414,0.07682,ns
M3vsM4_12m,natural_breaks,Relative Mortality,uWUE,Mid,32,0.00131,46.9,0.2842,0.3762,ns
M3vsM4_12m,natural_breaks,Relative Mortality,ETmax,Low,35,0.00111,45.7,0.7305,0.7826,ns
M3vsM4_12m,natural_breaks,Relative Mortality,GPPsat,Low,35,-0.55267,65.7,0.005965,0.02926,*
M3vsM4_12m,natural_breaks,Relative Mortality,NEPmax,Low,35,-0.56347,74.3,0.0007639,0.02021,*
M3vsM4_12m,natural_breaks,Relative Mortality,WUE,Low,35,-0.03653,62.9,0.04199,0.0859,ns
M3vsM4_12m,natural_breaks,Relative Mortality,uWUE,Low,35,-0.02461,62.9,0.1454,0.2181,ns
M3vsM4_12m,natural_breaks,Relative Disturbance,ETmax,Mid,35,0.00027,48.6,0.3502,0.4259,ns
M3vsM4_12m,natural_breaks,Relative Disturbance,GPPsat,Mid,35,-0.57613,68.6,0.01563,0.05409,ns
M3vsM4_12m,natural_breaks,Relative Disturbance,NEPmax,Mid,35,-0.56347,68.6,0.007502,0.02926,*
M3vsM4_12m,natural_breaks,Relative Disturbance,WUE,Mid,35,-0.04766,54.3,0.06913,0.1244,ns
M3vsM4_12m,natural_breaks,Relative Disturbance,uWUE,Mid,35,6e-04,48.6,0.3145,0.4043,ns
M3vsM4_12m,natural_breaks,Relative Disturbance,ETmax,Low,35,0.00154,42.9,0.8655,0.8852,ns
M3vsM4_12m,natural_breaks,Relative Disturbance,GPPsat,Low,35,-0.29757,60,0.02516,0.07075,ns
M3vsM4_12m,natural_breaks,Relative Disturbance,NEPmax,Low,35,-0.49992,74.3,0.002891,0.02602,*
M3vsM4_12m,natural_breaks,Relative Disturbance,WUE,Low,35,-0.03653,62.9,0.04821,0.09432,ns
M3vsM4_12m,natural_breaks,Relative Disturbance,uWUE,Low,35,-0.02461,62.9,0.153,0.2221,ns
M3vsM4_12m,natural_breaks,Relative Disturbance,ETmax,High,23,0.00037,47.8,0.7132,0.7826,ns
M3vsM4_12m,natural_breaks,Relative Disturbance,GPPsat,High,23,-0.74093,78.3,0.007803,0.02926,*
M3vsM4_12m,natural_breaks,Relative Disturbance,NEPmax,High,23,-1.28269,82.6,0.001838,0.02068,*
M3vsM4_12m,natural_breaks,Relative Disturbance,WUE,High,23,-0.00663,52.2,0.2766,0.3762,ns
M3vsM4_12m,natural_breaks,Relative Disturbance,uWUE,High,23,-0.03405,65.2,0.02866,0.07523,ns
M3vsM4_24m,tertiles,Absolute Mortality,ETmax,High,31,-0.00074,54.8,0.3439,0.4073,ns
M3vsM4_24m,tertiles,Absolute Mortality,GPPsat,High,31,-0.42479,67.7,0.03202,0.08476,ns
M3vsM4_24m,tertiles,Absolute Mortality,NEPmax,High,31,-1.10959,80.6,0.001402,0.02389,*
M3vsM4_24m,tertiles,Absolute Mortality,WUE,High,31,-0.05868,61.3,0.03064,0.08476,ns
M3vsM4_24m,tertiles,Absolute Mortality,uWUE,High,31,-0.05023,64.5,0.06198,0.1268,ns
M3vsM4_24m,tertiles,Absolute Mortality,ETmax,Mid,31,0.00075,41.9,0.824,0.834,ns
M3vsM4_24m,tertiles,Absolute Mortality,GPPsat,Mid,31,-0.80946,67.7,0.02802,0.08407,ns
M3vsM4_24m,tertiles,Absolute Mortality,NEPmax,Mid,31,-0.46394,54.8,0.05963,0.1268,ns
M3vsM4_24m,tertiles,Absolute Mortality,WUE,Mid,31,-0.01192,51.6,0.2312,0.306,ns
M3vsM4_24m,tertiles,Absolute Mortality,uWUE,Mid,31,-0.01152,51.6,0.4961,0.5724,ns
M3vsM4_24m,tertiles,Absolute Mortality,ETmax,Low,31,0.00069,38.7,0.6342,0.7135,ns
M3vsM4_24m,tertiles,Absolute Mortality,GPPsat,Low,31,-0.59158,61.3,0.006959,0.02847,*
M3vsM4_24m,tertiles,Absolute Mortality,NEPmax,Low,31,-0.7734,71,0.0004171,0.01877,*
M3vsM4_24m,tertiles,Absolute Mortality,WUE,Low,31,-0.0169,54.8,0.1518,0.2264,ns
M3vsM4_24m,tertiles,Absolute Mortality,uWUE,Low,31,-0.02581,61.3,0.1258,0.2264,ns
M3vsM4_24m,tertiles,Relative Mortality,ETmax,High,31,0.00019,45.2,0.7315,0.7974,ns
M3vsM4_24m,tertiles,Relative Mortality,GPPsat,High,31,-0.41122,67.7,0.02802,0.08407,ns
M3vsM4_24m,tertiles,Relative Mortality,NEPmax,High,31,-0.68698,77.4,0.002778,0.02643,*
M3vsM4_24m,tertiles,Relative Mortality,WUE,High,31,-0.02209,58.1,0.1518,0.2264,ns
M3vsM4_24m,tertiles,Relative Mortality,uWUE,High,31,-0.03078,61.3,0.1258,0.2264,ns
M3vsM4_24m,tertiles,Relative Mortality,ETmax,Mid,31,-0.00091,54.8,0.3086,0.3754,ns
M3vsM4_24m,tertiles,Relative Mortality,GPPsat,Mid,31,-0.86815,74.2,0.005274,0.02789,*
M3vsM4_24m,tertiles,Relative Mortality,NEPmax,Mid,31,-0.92891,64.5,0.005578,0.02789,*
M3vsM4_24m,tertiles,Relative Mortality,WUE,Mid,31,-0.09121,54.8,0.02802,0.08407,ns
M3vsM4_24m,tertiles,Relative Mortality,uWUE,Mid,31,-0.02878,61.3,0.2495,0.3208,ns
M3vsM4_24m,tertiles,Relative Mortality,ETmax,Low,31,0.00093,35.5,0.7442,0.7974,ns
M3vsM4_24m,tertiles,Relative Mortality,GPPsat,Low,31,-0.18202,54.8,0.04503,0.1013,ns
M3vsM4_24m,tertiles,Relative Mortality,NEPmax,Low,31,-0.68125,64.5,0.003131,0.02643,*
M3vsM4_24m,tertiles,Relative Mortality,WUE,Low,31,-0.0169,54.8,0.166,0.2264,ns
M3vsM4_24m,tertiles,Relative Mortality,uWUE,Low,31,-0.01888,54.8,0.166,0.2264,ns
M3vsM4_24m,tertiles,Relative Disturbance,ETmax,High,31,0.00019,41.9,0.7975,0.834,ns
M3vsM4_24m,tertiles,Relative Disturbance,GPPsat,High,31,-0.59632,67.7,0.02679,0.08407,ns
M3vsM4_24m,tertiles,Relative Disturbance,NEPmax,High,31,-0.92891,74.2,0.005274,0.02789,*
M3vsM4_24m,tertiles,Relative Disturbance,WUE,High,31,-0.02209,54.8,0.166,0.2264,ns
M3vsM4_24m,tertiles,Relative Disturbance,uWUE,High,31,-0.01992,58.1,0.1428,0.2264,ns
M3vsM4_24m,tertiles,Relative Disturbance,ETmax,Mid,31,-0.00092,58.1,0.1341,0.2264,ns
M3vsM4_24m,tertiles,Relative Disturbance,GPPsat,Mid,31,-0.77959,77.4,0.003524,0.02643,*
M3vsM4_24m,tertiles,Relative Disturbance,NEPmax,Mid,31,-0.73436,67.7,0.001593,0.02389,*
M3vsM4_24m,tertiles,Relative Disturbance,WUE,Mid,31,-0.03249,58.1,0.04503,0.1013,ns
M3vsM4_24m,tertiles,Relative Disturbance,uWUE,Mid,31,-0.02878,61.3,0.2621,0.3276,ns
M3vsM4_24m,tertiles,Relative Disturbance,ETmax,Low,31,0.00201,35.5,0.834,0.834,ns
M3vsM4_24m,tertiles,Relative Disturbance,GPPsat,Low,31,-0.18202,51.6,0.04503,0.1013,ns
M3vsM4_24m,tertiles,Relative Disturbance,NEPmax,Low,31,-0.68125,64.5,0.006959,0.02847,*
M3vsM4_24m,tertiles,Relative Disturbance,WUE,Low,31,-0.03947,54.8,0.1428,0.2264,ns
M3vsM4_24m,tertiles,Relative Disturbance,uWUE,Low,31,-0.02581,58.1,0.1218,0.2264,ns
M3vsM4_24m,equal_width,Absolute Mortality,ETmax,Mid,35,-0.00027,54.3,0.4317,0.5037,ns
M3vsM4_24m,equal_width,Absolute Mortality,GPPsat,Mid,35,-0.34859,65.7,0.1143,0.1905,ns
M3vsM4_24m,equal_width,Absolute Mortality,NEPmax,Mid,35,-0.55893,62.9,0.0339,0.08476,ns
M3vsM4_24m,equal_width,Absolute Mortality,WUE,Mid,35,-0.01873,51.4,0.04055,0.09461,ns
M3vsM4_24m,equal_width,Absolute Mortality,uWUE,Mid,35,-0.03078,60,0.169,0.2682,ns
M3vsM4_24m,equal_width,Absolute Mortality,ETmax,Low,53,0.00068,41.5,0.625,0.6836,ns
M3vsM4_24m,equal_width,Absolute Mortality,GPPsat,Low,53,-0.80946,64.2,0.0005273,0.006152,**
M3vsM4_24m,equal_width,Absolute Mortality,NEPmax,Low,53,-0.7734,69.8,2.328e-05,0.0008147,***
M3vsM4_24m,equal_width,Absolute Mortality,WUE,Low,53,-0.02209,56.6,0.06847,0.141,ns
M3vsM4_24m,equal_width,Absolute Mortality,uWUE,Low,53,-0.02581,58.5,0.09809,0.1717,ns
M3vsM4_24m,equal_width,Absolute Mortality,ETmax,High,5,0.00186,20,,,""
M3vsM4_24m,equal_width,Absolute Mortality,GPPsat,High,5,-1.75135,80,,,""
M3vsM4_24m,equal_width,Absolute Mortality,NEPmax,High,5,-1.30358,100,,,""
M3vsM4_24m,equal_width,Absolute Mortality,WUE,High,5,-0.04664,80,,,""
M3vsM4_24m,equal_width,Absolute Mortality,uWUE,High,5,-0.05023,60,,,""
M3vsM4_24m,equal_width,Relative Mortality,ETmax,Mid,33,-0.00017,51.5,0.4221,0.5037,ns
M3vsM4_24m,equal_width,Relative Mortality,GPPsat,Mid,33,-0.41122,69.7,0.02083,0.06627,ns
M3vsM4_24m,equal_width,Relative Mortality,NEPmax,Mid,33,-0.91574,69.7,0.008326,0.03643,*
M3vsM4_24m,equal_width,Relative Mortality,WUE,Mid,33,-0.01192,51.5,0.2319,0.3122,ns
M3vsM4_24m,equal_width,Relative Mortality,uWUE,Mid,33,-0.02744,60.6,0.2718,0.3523,ns
M3vsM4_24m,equal_width,Relative Mortality,ETmax,Low,53,0.00049,43.4,0.645,0.6841,ns
M3vsM4_24m,equal_width,Relative Mortality,GPPsat,Low,53,-0.59158,62.3,0.003199,0.01866,*
M3vsM4_24m,equal_width,Relative Mortality,NEPmax,Low,53,-0.72296,64.2,0.0003965,0.006152,**
M3vsM4_24m,equal_width,Relative Mortality,WUE,Low,53,-0.03947,56.6,0.02793,0.08145,ns
M3vsM4_24m,equal_width,Relative Mortality,uWUE,Low,53,-0.02581,58.5,0.085,0.1566,ns
M3vsM4_24m,equal_width,Relative Mortality,ETmax,High,7,0.00186,28.6,0.9246,0.9246,ns
M3vsM4_24m,equal_width,Relative Mortality,GPPsat,High,7,-1.26426,71.4,0.07539,0.1466,ns
M3vsM4_24m,equal_width,Relative Mortality,NEPmax,High,7,-1.30358,100,0.01125,0.04374,*
M3vsM4_24m,equal_width,Relative Mortality,WUE,High,7,-0.04664,71.4,0.1763,0.2682,ns
M3vsM4_24m,equal_width,Relative Mortality,uWUE,High,7,-0.11663,57.1,0.2234,0.3122,ns
M3vsM4_24m,equal_width,Relative Disturbance,ETmax,Mid,35,2e-05,48.6,0.4641,0.524,ns
M3vsM4_24m,equal_width,Relative Disturbance,GPPsat,Mid,35,-0.42479,68.6,0.01628,0.05698,ns
M3vsM4_24m,equal_width,Relative Disturbance,NEPmax,Mid,35,-0.91574,74.3,0.003039,0.01866,*
M3vsM4_24m,equal_width,Relative Disturbance,WUE,Mid,35,-0.01873,54.3,0.2135,0.3113,ns
M3vsM4_24m,equal_width,Relative Disturbance,uWUE,Mid,35,-0.01992,57.1,0.3809,0.4762,ns
M3vsM4_24m,equal_width,Relative Disturbance,ETmax,Low,53,0.00049,43.4,0.7115,0.7324,ns
M3vsM4_24m,equal_width,Relative Disturbance,GPPsat,Low,53,-0.39225,62.3,0.004061,0.0203,*
M3vsM4_24m,equal_width,Relative Disturbance,NEPmax,Low,53,-0.68125,62.3,0.0007641,0.006686,**
M3vsM4_24m,equal_width,Relative Disturbance,WUE,Low,53,-0.03947,56.6,0.03027,0.08151,ns
M3vsM4_24m,equal_width,Relative Disturbance,uWUE,Low,53,-0.02744,60.4,0.06173,0.135,ns
M3vsM4_24m,equal_width,Relative Disturbance,ETmax,High,5,0.00186,40,,,""
M3vsM4_24m,equal_width,Relative Disturbance,GPPsat,High,5,-1.26426,80,,,""
M3vsM4_24m,equal_width,Relative Disturbance,NEPmax,High,5,-2.06584,100,,,""
M3vsM4_24m,equal_width,Relative Disturbance,WUE,High,5,-0.22449,60,,,""
M3vsM4_24m,equal_width,Relative Disturbance,uWUE,High,5,-0.17122,60,,,""
M3vsM4_24m,natural_breaks,Absolute Mortality,ETmax,High,20,-0.00024,50,0.6929,0.7605,ns
M3vsM4_24m,natural_breaks,Absolute Mortality,GPPsat,High,20,-0.27501,55,0.1437,0.2229,ns
M3vsM4_24m,natural_breaks,Absolute Mortality,NEPmax,High,20,-1.13729,75,0.01746,0.05238,ns
M3vsM4_24m,natural_breaks,Absolute Mortality,WUE,High,20,-0.0307,55,0.1902,0.2593,ns
M3vsM4_24m,natural_breaks,Absolute Mortality,uWUE,High,20,-0.03508,60,0.1523,0.2284,ns
M3vsM4_24m,natural_breaks,Absolute Mortality,ETmax,Mid,43,0.00019,46.5,0.5837,0.6735,ns
M3vsM4_24m,natural_breaks,Absolute Mortality,GPPsat,Mid,43,-0.61864,74.4,0.004165,0.03749,*
M3vsM4_24m,natural_breaks,Absolute Mortality,NEPmax,Mid,43,-0.68698,62.8,0.006113,0.03881,*
M3vsM4_24m,natural_breaks,Absolute Mortality,WUE,Mid,43,-0.02898,55.8,0.03845,0.1064,ns
M3vsM4_24m,natural_breaks,Absolute Mortality,uWUE,Mid,43,-0.03078,58.1,0.267,0.3304,ns
M3vsM4_24m,natural_breaks,Absolute Mortality,ETmax,Low,30,0.00081,40,0.6133,0.69,ns
M3vsM4_24m,natural_breaks,Absolute Mortality,GPPsat,Low,30,-0.40812,60,0.01121,0.03881,*
M3vsM4_24m,natural_breaks,Absolute Mortality,NEPmax,Low,30,-0.78591,73.3,0.0002964,0.01334,*
M3vsM4_24m,natural_breaks,Absolute Mortality,WUE,Low,30,-0.02469,56.7,0.1205,0.2086,ns
M3vsM4_24m,natural_breaks,Absolute Mortality,uWUE,Low,30,-0.02235,60,0.1424,0.2229,ns
M3vsM4_24m,natural_breaks,Relative Mortality,ETmax,High,26,0.00129,38.5,0.9225,0.9225,ns
M3vsM4_24m,natural_breaks,Relative Mortality,GPPsat,High,26,-0.41801,65.4,0.05203,0.1171,ns
M3vsM4_24m,natural_breaks,Relative Mortality,NEPmax,High,26,-0.98931,73.1,0.00973,0.03881,*
M3vsM4_24m,natural_breaks,Relative Mortality,WUE,High,26,-0.02041,53.8,0.2882,0.3412,ns
M3vsM4_24m,natural_breaks,Relative Mortality,uWUE,High,26,-0.01572,57.7,0.187,0.2593,ns
M3vsM4_24m,natural_breaks,Relative Mortality,ETmax,Mid,32,-0.00154,62.5,0.0509,0.1171,ns
M3vsM4_24m,natural_breaks,Relative Mortality,GPPsat,Mid,32,-0.71405,75,0.008135,0.03881,*
M3vsM4_24m,natural_breaks,Relative Mortality,NEPmax,Mid,32,-0.71067,68.8,0.006968,0.03881,*
M3vsM4_24m,natural_breaks,Relative Mortality,WUE,Mid,32,-0.06185,56.2,0.0402,0.1064,ns
M3vsM4_24m,natural_breaks,Relative Mortality,uWUE,Mid,32,-0.02978,62.5,0.2717,0.3304,ns
M3vsM4_24m,natural_breaks,Relative Mortality,ETmax,Low,35,0.00096,34.3,0.8391,0.8782,ns
M3vsM4_24m,natural_breaks,Relative Mortality,GPPsat,Low,35,-0.22467,57.1,0.01439,0.04624,*
M3vsM4_24m,natural_breaks,Relative Mortality,NEPmax,Low,35,-0.72296,65.7,0.0009036,0.02033,*
M3vsM4_24m,natural_breaks,Relative Mortality,WUE,Low,35,-0.03947,57.1,0.0759,0.1553,ns
M3vsM4_24m,natural_breaks,Relative Mortality,uWUE,Low,35,-0.02581,57.1,0.09095,0.1705,ns
M3vsM4_24m,natural_breaks,Relative Disturbance,ETmax,Mid,35,-0.00092,54.3,0.1417,0.2229,ns
M3vsM4_24m,natural_breaks,Relative Disturbance,GPPsat,Mid,35,-0.61864,74.3,0.008582,0.03881,*
M3vsM4_24m,natural_breaks,Relative Disturbance,NEPmax,Mid,35,-0.73436,68.6,0.002891,0.03252,*
M3vsM4_24m,natural_breaks,Relative Disturbance,WUE,Mid,35,-0.03249,60,0.04348,0.1087,ns
M3vsM4_24m,natural_breaks,Relative Disturbance,uWUE,Mid,35,-0.02878,60,0.2536,0.3304,ns
M3vsM4_24m,natural_breaks,Relative Disturbance,ETmax,Low,35,0.00201,37.1,0.8759,0.8958,ns
M3vsM4_24m,natural_breaks,Relative Disturbance,GPPsat,Low,35,-0.01042,51.4,0.06913,0.1481,ns
M3vsM4_24m,natural_breaks,Relative Disturbance,NEPmax,Low,35,-0.66501,60,0.01116,0.03881,*
M3vsM4_24m,natural_breaks,Relative Disturbance,WUE,Low,35,-0.03947,54.3,0.1143,0.2058,ns
M3vsM4_24m,natural_breaks,Relative Disturbance,uWUE,Low,35,-0.02581,57.1,0.169,0.2453,ns
M3vsM4_24m,natural_breaks,Relative Disturbance,ETmax,High,23,0.00075,43.5,0.7899,0.8463,ns
M3vsM4_24m,natural_breaks,Relative Disturbance,GPPsat,High,23,-0.77426,73.9,0.01083,0.03881,*
M3vsM4_24m,natural_breaks,Relative Disturbance,NEPmax,High,23,-1.24781,82.6,0.001368,0.02052,*
M3vsM4_24m,natural_breaks,Relative Disturbance,WUE,High,23,-0.01873,52.2,0.2665,0.3304,ns
M3vsM4_24m,natural_breaks,Relative Disturbance,uWUE,High,23,-0.01992,60.9,0.0832,0.1628,ns
M5vsM6_raw_12m,tertiles,Absolute Mortality,ETmax,High,31,-6e-05,51.6,0.3018,0.8725,ns
M5vsM6_raw_12m,tertiles,Absolute Mortality,GPPsat,High,31,0.0814,38.7,0.8137,0.9389,ns
M5vsM6_raw_12m,tertiles,Absolute Mortality,NEPmax,High,31,-0.10426,58.1,0.08974,0.7219,ns
M5vsM6_raw_12m,tertiles,Absolute Mortality,WUE,High,31,0.00133,48.4,0.295,0.8725,ns
M5vsM6_raw_12m,tertiles,Absolute Mortality,uWUE,High,31,0.00627,48.4,0.4339,0.8725,ns
M5vsM6_raw_12m,tertiles,Absolute Mortality,ETmax,Mid,31,0.00027,45.2,0.7567,0.9389,ns
M5vsM6_raw_12m,tertiles,Absolute Mortality,GPPsat,Mid,31,-0.06468,54.8,0.4805,0.8725,ns
M5vsM6_raw_12m,tertiles,Absolute Mortality,NEPmax,Mid,31,0.08283,38.7,0.7315,0.9389,ns
M5vsM6_raw_12m,tertiles,Absolute Mortality,WUE,Mid,31,-0.01745,54.8,0.4649,0.8725,ns
M5vsM6_raw_12m,tertiles,Absolute Mortality,uWUE,Mid,31,0.01689,35.5,0.9635,0.9635,ns
M5vsM6_raw_12m,tertiles,Absolute Mortality,ETmax,Low,31,-0.00014,51.6,0.5039,0.8725,ns
M5vsM6_raw_12m,tertiles,Absolute Mortality,GPPsat,Low,31,-0.05569,54.8,0.1709,0.7693,ns
M5vsM6_raw_12m,tertiles,Absolute Mortality,NEPmax,Low,31,-0.14195,58.1,0.166,0.7693,ns
M5vsM6_raw_12m,tertiles,Absolute Mortality,WUE,Low,31,-0.00676,51.6,0.5815,0.8951,ns
M5vsM6_raw_12m,tertiles,Absolute Mortality,uWUE,Low,31,-0.0032,54.8,0.3439,0.8725,ns
M5vsM6_raw_12m,tertiles,Relative Mortality,ETmax,High,31,0.00162,32.3,0.9103,0.9526,ns
M5vsM6_raw_12m,tertiles,Relative Mortality,GPPsat,High,31,0.0522,48.4,0.5273,0.8725,ns
M5vsM6_raw_12m,tertiles,Relative Mortality,NEPmax,High,31,0.02089,48.4,0.5195,0.8725,ns
M5vsM6_raw_12m,tertiles,Relative Mortality,WUE,High,31,0.00186,45.2,0.6415,0.9312,ns
M5vsM6_raw_12m,tertiles,Relative Mortality,uWUE,High,31,0.00821,38.7,0.9103,0.9526,ns
M5vsM6_raw_12m,tertiles,Relative Mortality,ETmax,Mid,31,-0.00067,61.3,0.1218,0.7693,ns
M5vsM6_raw_12m,tertiles,Relative Mortality,GPPsat,Mid,31,0.12264,41.9,0.8084,0.9389,ns
M5vsM6_raw_12m,tertiles,Relative Mortality,NEPmax,Mid,31,0.01589,45.2,0.5195,0.8725,ns
M5vsM6_raw_12m,tertiles,Relative Mortality,WUE,Mid,31,-0.02519,54.8,0.3226,0.8725,ns
M5vsM6_raw_12m,tertiles,Relative Mortality,uWUE,Mid,31,-0.00777,54.8,0.3658,0.8725,ns
M5vsM6_raw_12m,tertiles,Relative Mortality,ETmax,Low,31,-0.00068,54.8,0.4805,0.8725,ns
M5vsM6_raw_12m,tertiles,Relative Mortality,GPPsat,Low,31,-0.05569,58.1,0.09626,0.7219,ns
M5vsM6_raw_12m,tertiles,Relative Mortality,NEPmax,Low,31,-0.16142,61.3,0.03346,0.7219,ns
M5vsM6_raw_12m,tertiles,Relative Mortality,WUE,Low,31,-0.00919,54.8,0.4416,0.8725,ns
M5vsM6_raw_12m,tertiles,Relative Mortality,uWUE,Low,31,0.00992,45.2,0.7315,0.9389,ns
M5vsM6_raw_12m,tertiles,Relative Disturbance,ETmax,High,31,9e-04,38.7,0.7567,0.9389,ns
M5vsM6_raw_12m,tertiles,Relative Disturbance,GPPsat,High,31,0.0814,38.7,0.8659,0.9504,ns
M5vsM6_raw_12m,tertiles,Relative Disturbance,NEPmax,High,31,-0.01849,51.6,0.2883,0.8725,ns
M5vsM6_raw_12m,tertiles,Relative Disturbance,WUE,High,31,0.00396,41.9,0.7975,0.9389,ns
M5vsM6_raw_12m,tertiles,Relative Disturbance,uWUE,High,31,0.02191,29,0.9491,0.9635,ns
M5vsM6_raw_12m,tertiles,Relative Disturbance,ETmax,Mid,31,-0.00013,54.8,0.2558,0.8725,ns
M5vsM6_raw_12m,tertiles,Relative Disturbance,GPPsat,Mid,31,-0.1472,54.8,0.3439,0.8725,ns
M5vsM6_raw_12m,tertiles,Relative Disturbance,NEPmax,Mid,31,0.1038,45.2,0.5968,0.8951,ns
M5vsM6_raw_12m,tertiles,Relative Disturbance,WUE,Mid,31,-0.02906,61.3,0.03202,0.7219,ns
M5vsM6_raw_12m,tertiles,Relative Disturbance,uWUE,Mid,31,-0.01275,61.3,0.08661,0.7219,ns
M5vsM6_raw_12m,tertiles,Relative Disturbance,ETmax,Low,31,-0.00068,54.8,0.5429,0.8725,ns
M5vsM6_raw_12m,tertiles,Relative Disturbance,GPPsat,Low,31,-0.05569,54.8,0.1564,0.7693,ns
M5vsM6_raw_12m,tertiles,Relative Disturbance,NEPmax,Low,31,-0.14195,58.1,0.05734,0.7219,ns
M5vsM6_raw_12m,tertiles,Relative Disturbance,WUE,Low,31,-0.00676,51.6,0.7806,0.9389,ns
M5vsM6_raw_12m,tertiles,Relative Disturbance,uWUE,Low,31,0.00992,48.4,0.8388,0.9437,ns
M5vsM6_raw_12m,equal_width,Absolute Mortality,ETmax,Mid,35,-0.00013,54.3,0.2183,0.7309,ns
M5vsM6_raw_12m,equal_width,Absolute Mortality,GPPsat,Mid,35,0.10616,34.3,0.9372,0.9833,ns
M5vsM6_raw_12m,equal_width,Absolute Mortality,NEPmax,Mid,35,0.0042,48.6,0.5163,0.8526,ns
M5vsM6_raw_12m,equal_width,Absolute Mortality,WUE,Mid,35,-0.00344,51.4,0.2916,0.7309,ns
M5vsM6_raw_12m,equal_width,Absolute Mortality,uWUE,Mid,35,0.00752,42.9,0.8691,0.9833,ns
M5vsM6_raw_12m,equal_width,Absolute Mortality,ETmax,Low,53,0.00027,49.1,0.6868,0.8571,ns
M5vsM6_raw_12m,equal_width,Absolute Mortality,GPPsat,Low,53,-0.1472,60.4,0.05652,0.6853,ns
M5vsM6_raw_12m,equal_width,Absolute Mortality,NEPmax,Low,53,-0.07807,50.9,0.1522,0.7309,ns
M5vsM6_raw_12m,equal_width,Absolute Mortality,WUE,Low,53,-0.00984,54.7,0.3484,0.7309,ns
M5vsM6_raw_12m,equal_width,Absolute Mortality,uWUE,Low,53,0.00058,47.2,0.6805,0.8571,ns
M5vsM6_raw_12m,equal_width,Absolute Mortality,ETmax,High,5,0.00118,20,,,""
M5vsM6_raw_12m,equal_width,Absolute Mortality,GPPsat,High,5,0.20582,40,,,""
M5vsM6_raw_12m,equal_width,Absolute Mortality,NEPmax,High,5,-0.39595,80,,,""
M5vsM6_raw_12m,equal_width,Absolute Mortality,WUE,High,5,0.03155,20,,,""
M5vsM6_raw_12m,equal_width,Absolute Mortality,uWUE,High,5,-0.01722,60,,,""
M5vsM6_raw_12m,equal_width,Relative Mortality,ETmax,Mid,33,0.00027,48.5,0.6057,0.8571,ns
M5vsM6_raw_12m,equal_width,Relative Mortality,GPPsat,Mid,33,-3e-05,51.5,0.3084,0.7309,ns
M5vsM6_raw_12m,equal_width,Relative Mortality,NEPmax,Mid,33,0.1038,42.4,0.7102,0.8571,ns
M5vsM6_raw_12m,equal_width,Relative Mortality,WUE,Mid,33,0.00136,48.5,0.6261,0.8571,ns
M5vsM6_raw_12m,equal_width,Relative Mortality,uWUE,Mid,33,0.02101,30.3,0.9833,0.9833,ns
M5vsM6_raw_12m,equal_width,Relative Mortality,ETmax,Low,53,-0.00014,54.7,0.2765,0.7309,ns
M5vsM6_raw_12m,equal_width,Relative Mortality,GPPsat,Low,53,-0.01473,50.9,0.3484,0.7309,ns
M5vsM6_raw_12m,equal_width,Relative Mortality,NEPmax,Low,53,-0.11566,54.7,0.07832,0.6853,ns
M5vsM6_raw_12m,equal_width,Relative Mortality,WUE,Low,53,-0.00984,54.7,0.3132,0.7309,ns
M5vsM6_raw_12m,equal_width,Relative Mortality,uWUE,Low,53,-0.0045,54.7,0.355,0.7309,ns
M5vsM6_raw_12m,equal_width,Relative Mortality,ETmax,High,7,0.00165,14.3,0.9246,0.9833,ns
M5vsM6_raw_12m,equal_width,Relative Mortality,GPPsat,High,7,0.20582,28.6,0.9246,0.9833,ns
M5vsM6_raw_12m,equal_width,Relative Mortality,NEPmax,High,7,-0.30497,71.4,0.07539,0.6853,ns
M5vsM6_raw_12m,equal_width,Relative Mortality,WUE,High,7,0.01922,42.9,0.3363,0.7309,ns
M5vsM6_raw_12m,equal_width,Relative Mortality,uWUE,High,7,-0.01722,57.1,0.2771,0.7309,ns
M5vsM6_raw_12m,equal_width,Relative Disturbance,ETmax,Mid,35,0.00027,48.6,0.4253,0.7834,ns
M5vsM6_raw_12m,equal_width,Relative Disturbance,GPPsat,Mid,35,0.0488,48.6,0.5359,0.8526,ns
M5vsM6_raw_12m,equal_width,Relative Disturbance,NEPmax,Mid,35,0.10625,42.9,0.7084,0.8571,ns
M5vsM6_raw_12m,equal_width,Relative Disturbance,WUE,Mid,35,0.00186,45.7,0.7027,0.8571,ns
M5vsM6_raw_12m,equal_width,Relative Disturbance,uWUE,Mid,35,0.00833,34.3,0.9595,0.9833,ns
M5vsM6_raw_12m,equal_width,Relative Disturbance,ETmax,Low,53,-0.00014,54.7,0.3851,0.7488,ns
M5vsM6_raw_12m,equal_width,Relative Disturbance,GPPsat,Low,53,-0.01473,50.9,0.2885,0.7309,ns
M5vsM6_raw_12m,equal_width,Relative Disturbance,NEPmax,Low,53,-0.14195,56.6,0.04543,0.6853,ns
M5vsM6_raw_12m,equal_width,Relative Disturbance,WUE,Low,53,-0.00984,54.7,0.3452,0.7309,ns
M5vsM6_raw_12m,equal_width,Relative Disturbance,uWUE,Low,53,-0.00219,50.9,0.5353,0.8526,ns
M5vsM6_raw_12m,equal_width,Relative Disturbance,ETmax,High,5,0.00165,0,,,""
M5vsM6_raw_12m,equal_width,Relative Disturbance,GPPsat,High,5,0.0814,40,,,""
M5vsM6_raw_12m,equal_width,Relative Disturbance,NEPmax,High,5,-0.01849,60,,,""
M5vsM6_raw_12m,equal_width,Relative Disturbance,WUE,High,5,-0.04877,60,,,""
M5vsM6_raw_12m,equal_width,Relative Disturbance,uWUE,High,5,-0.02338,80,,,""
M5vsM6_raw_12m,natural_breaks,Absolute Mortality,ETmax,High,20,0.00038,45,0.3614,0.9141,ns
M5vsM6_raw_12m,natural_breaks,Absolute Mortality,GPPsat,High,20,0.06393,45,0.4187,0.9141,ns
M5vsM6_raw_12m,natural_breaks,Absolute Mortality,NEPmax,High,20,-0.06138,55,0.269,0.8645,ns
M5vsM6_raw_12m,natural_breaks,Absolute Mortality,WUE,High,20,0.00867,40,0.6386,0.9141,ns
M5vsM6_raw_12m,natural_breaks,Absolute Mortality,uWUE,High,20,-0.01175,55,0.07532,0.6778,ns
M5vsM6_raw_12m,natural_breaks,Absolute Mortality,ETmax,Mid,43,-6e-05,51.2,0.6117,0.9141,ns
M5vsM6_raw_12m,natural_breaks,Absolute Mortality,GPPsat,Mid,43,0.0488,48.8,0.6876,0.9141,ns
M5vsM6_raw_12m,natural_breaks,Absolute Mortality,NEPmax,Mid,43,0.03684,44.2,0.4353,0.9141,ns
M5vsM6_raw_12m,natural_breaks,Absolute Mortality,WUE,Mid,43,-0.01972,58.1,0.2145,0.8607,ns
M5vsM6_raw_12m,natural_breaks,Absolute Mortality,uWUE,Mid,43,0.0205,34.9,0.9875,0.9875,ns
M5vsM6_raw_12m,natural_breaks,Absolute Mortality,ETmax,Low,30,-5e-05,50,0.5082,0.9141,ns
M5vsM6_raw_12m,natural_breaks,Absolute Mortality,GPPsat,Low,30,-0.0475,53.3,0.2295,0.8607,ns
M5vsM6_raw_12m,natural_breaks,Absolute Mortality,NEPmax,Low,30,-0.15168,60,0.129,0.685,ns
M5vsM6_raw_12m,natural_breaks,Absolute Mortality,WUE,Low,30,0.00163,50,0.6054,0.9141,ns
M5vsM6_raw_12m,natural_breaks,Absolute Mortality,uWUE,Low,30,-0.00385,56.7,0.3181,0.9141,ns
M5vsM6_raw_12m,natural_breaks,Relative Mortality,ETmax,High,26,0.0014,30.8,0.8787,0.9414,ns
M5vsM6_raw_12m,natural_breaks,Relative Mortality,GPPsat,High,26,0.09374,38.5,0.7536,0.9141,ns
M5vsM6_raw_12m,natural_breaks,Relative Mortality,NEPmax,High,26,0.0012,50,0.39,0.9141,ns
M5vsM6_raw_12m,natural_breaks,Relative Mortality,WUE,High,26,0.00613,42.3,0.8061,0.9301,ns
M5vsM6_raw_12m,natural_breaks,Relative Mortality,uWUE,High,26,0.00827,34.6,0.8569,0.9414,ns
M5vsM6_raw_12m,natural_breaks,Relative Mortality,ETmax,Mid,32,-0.00056,59.4,0.2534,0.8645,ns
M5vsM6_raw_12m,natural_breaks,Relative Mortality,GPPsat,Mid,32,-0.07361,53.1,0.6833,0.9141,ns
M5vsM6_raw_12m,natural_breaks,Relative Mortality,NEPmax,Mid,32,0.07032,43.8,0.6283,0.9141,ns
M5vsM6_raw_12m,natural_breaks,Relative Mortality,WUE,Mid,32,-0.02245,56.2,0.137,0.685,ns
M5vsM6_raw_12m,natural_breaks,Relative Mortality,uWUE,Mid,32,-0.005,53.1,0.5037,0.9141,ns
M5vsM6_raw_12m,natural_breaks,Relative Mortality,ETmax,Low,35,-0.00068,54.3,0.4189,0.9141,ns
M5vsM6_raw_12m,natural_breaks,Relative Mortality,GPPsat,Low,35,-0.03931,54.3,0.1309,0.685,ns
M5vsM6_raw_12m,natural_breaks,Relative Mortality,NEPmax,Low,35,-0.16142,60,0.0339,0.6778,ns
M5vsM6_raw_12m,natural_breaks,Relative Mortality,WUE,Low,35,-0.00919,54.3,0.5294,0.9141,ns
M5vsM6_raw_12m,natural_breaks,Relative Mortality,uWUE,Low,35,0.00015,48.6,0.6971,0.9141,ns
M5vsM6_raw_12m,natural_breaks,Relative Disturbance,ETmax,Mid,35,-0.00093,62.9,0.06698,0.6778,ns
M5vsM6_raw_12m,natural_breaks,Relative Disturbance,GPPsat,Mid,35,-3e-05,51.4,0.4967,0.9141,ns
M5vsM6_raw_12m,natural_breaks,Relative Disturbance,NEPmax,Mid,35,0.19272,40,0.7719,0.9141,ns
M5vsM6_raw_12m,natural_breaks,Relative Disturbance,WUE,Mid,35,-0.02519,57.1,0.03516,0.6778,ns
M5vsM6_raw_12m,natural_breaks,Relative Disturbance,uWUE,Mid,35,-0.00323,51.4,0.4576,0.9141,ns
M5vsM6_raw_12m,natural_breaks,Relative Disturbance,ETmax,Low,35,-0.00013,51.4,0.725,0.9141,ns
M5vsM6_raw_12m,natural_breaks,Relative Disturbance,GPPsat,Low,35,-0.05569,54.3,0.1949,0.8607,ns
M5vsM6_raw_12m,natural_breaks,Relative Disturbance,NEPmax,Low,35,-0.14195,57.1,0.04659,0.6778,ns
M5vsM6_raw_12m,natural_breaks,Relative Disturbance,WUE,Low,35,-0.00919,54.3,0.7305,0.9141,ns
M5vsM6_raw_12m,natural_breaks,Relative Disturbance,uWUE,Low,35,0.00992,48.6,0.8583,0.9414,ns
M5vsM6_raw_12m,natural_breaks,Relative Disturbance,ETmax,High,23,0.00162,26.1,0.9299,0.951,ns
M5vsM6_raw_12m,natural_breaks,Relative Disturbance,GPPsat,High,23,0.10609,39.1,0.7434,0.9141,ns
M5vsM6_raw_12m,natural_breaks,Relative Disturbance,NEPmax,High,23,-0.17125,60.9,0.1034,0.685,ns
M5vsM6_raw_12m,natural_breaks,Relative Disturbance,WUE,High,23,0.01922,39.1,0.9071,0.9493,ns
M5vsM6_raw_12m,natural_breaks,Relative Disturbance,uWUE,High,23,0.00833,34.8,0.7335,0.9141,ns
M5vsM6_raw_24m,tertiles,Absolute Mortality,ETmax,High,31,-0.0012,71,0.1103,0.6206,ns
M5vsM6_raw_24m,tertiles,Absolute Mortality,GPPsat,High,31,0.05165,45.2,0.725,0.8896,ns
M5vsM6_raw_24m,tertiles,Absolute Mortality,NEPmax,High,31,-0.01812,51.6,0.1811,0.7185,ns
M5vsM6_raw_24m,tertiles,Absolute Mortality,WUE,High,31,-0.01585,54.8,0.1916,0.7185,ns
M5vsM6_raw_24m,tertiles,Absolute Mortality,uWUE,High,31,-0.00087,51.6,0.3296,0.8317,ns
M5vsM6_raw_24m,tertiles,Absolute Mortality,ETmax,Mid,31,0.00035,45.2,0.5584,0.8896,ns
M5vsM6_raw_24m,tertiles,Absolute Mortality,GPPsat,Mid,31,-0.07431,51.6,0.6632,0.8896,ns
M5vsM6_raw_24m,tertiles,Absolute Mortality,NEPmax,Mid,31,-0.07856,58.1,0.275,0.8317,ns
M5vsM6_raw_24m,tertiles,Absolute Mortality,WUE,Mid,31,-0.00486,51.6,0.5117,0.8896,ns
M5vsM6_raw_24m,tertiles,Absolute Mortality,uWUE,Mid,31,0.00734,38.7,0.8821,0.9231,ns
M5vsM6_raw_24m,tertiles,Absolute Mortality,ETmax,Low,31,0.00106,41.9,0.7567,0.8939,ns
M5vsM6_raw_24m,tertiles,Absolute Mortality,GPPsat,Low,31,-0.07559,54.8,0.1811,0.7185,ns
M5vsM6_raw_24m,tertiles,Absolute Mortality,NEPmax,Low,31,-0.23417,61.3,0.03807,0.3427,ns
M5vsM6_raw_24m,tertiles,Absolute Mortality,WUE,Low,31,-0.0112,54.8,0.5429,0.8896,ns
M5vsM6_raw_24m,tertiles,Absolute Mortality,uWUE,Low,31,0.0033,48.4,0.6632,0.8896,ns
M5vsM6_raw_24m,tertiles,Relative Mortality,ETmax,High,31,0.00075,48.4,0.8572,0.9185,ns
M5vsM6_raw_24m,tertiles,Relative Mortality,GPPsat,High,31,0.04532,45.2,0.6844,0.8896,ns
M5vsM6_raw_24m,tertiles,Relative Mortality,NEPmax,High,31,-0.01812,51.6,0.3807,0.8565,ns
M5vsM6_raw_24m,tertiles,Relative Mortality,WUE,High,31,0.00208,48.4,0.5351,0.8896,ns
M5vsM6_raw_24m,tertiles,Relative Mortality,uWUE,High,31,0.0034,48.4,0.3439,0.8317,ns
M5vsM6_raw_24m,tertiles,Relative Mortality,ETmax,Mid,31,-0.00083,64.5,0.01307,0.196,ns
M5vsM6_raw_24m,tertiles,Relative Mortality,GPPsat,Mid,31,0.05165,45.2,0.8482,0.9185,ns
M5vsM6_raw_24m,tertiles,Relative Mortality,NEPmax,Mid,31,0.03279,48.4,0.5039,0.8896,ns
M5vsM6_raw_24m,tertiles,Relative Mortality,WUE,Mid,31,-0.01331,54.8,0.3368,0.8317,ns
M5vsM6_raw_24m,tertiles,Relative Mortality,uWUE,Mid,31,-0.00771,54.8,0.5429,0.8896,ns
M5vsM6_raw_24m,tertiles,Relative Mortality,ETmax,Low,31,0.00038,45.2,0.7117,0.8896,ns
M5vsM6_raw_24m,tertiles,Relative Mortality,GPPsat,Low,31,-0.17294,61.3,0.06692,0.5019,ns
M5vsM6_raw_24m,tertiles,Relative Mortality,NEPmax,Low,31,-0.27927,71,0.002047,0.0921,ns
M5vsM6_raw_24m,tertiles,Relative Mortality,WUE,Low,31,-0.0112,58.1,0.3296,0.8317,ns
M5vsM6_raw_24m,tertiles,Relative Mortality,uWUE,Low,31,0.01073,35.5,0.9427,0.9641,ns
M5vsM6_raw_24m,tertiles,Relative Disturbance,ETmax,High,31,-0.00036,54.8,0.4262,0.8896,ns
M5vsM6_raw_24m,tertiles,Relative Disturbance,GPPsat,High,31,0.06473,41.9,0.8189,0.9185,ns
M5vsM6_raw_24m,tertiles,Relative Disturbance,NEPmax,High,31,-0.14297,58.1,0.2495,0.8317,ns
M5vsM6_raw_24m,tertiles,Relative Disturbance,WUE,High,31,0.00208,48.4,0.7315,0.8896,ns
M5vsM6_raw_24m,tertiles,Relative Disturbance,uWUE,High,31,0.00734,45.2,0.6043,0.8896,ns
M5vsM6_raw_24m,tertiles,Relative Disturbance,ETmax,Mid,31,-0.00023,51.6,0.3512,0.8317,ns
M5vsM6_raw_24m,tertiles,Relative Disturbance,GPPsat,Mid,31,0.00462,48.4,0.5815,0.8896,ns
M5vsM6_raw_24m,tertiles,Relative Disturbance,NEPmax,Mid,31,0.12179,41.9,0.6704,0.8896,ns
M5vsM6_raw_24m,tertiles,Relative Disturbance,WUE,Mid,31,-0.02194,64.5,0.02445,0.2751,ns
M5vsM6_raw_24m,tertiles,Relative Disturbance,uWUE,Mid,31,-0.0178,64.5,0.08058,0.518,ns
M5vsM6_raw_24m,tertiles,Relative Disturbance,ETmax,Low,31,-8e-05,51.6,0.4571,0.8896,ns
M5vsM6_raw_24m,tertiles,Relative Disturbance,GPPsat,Low,31,-0.17294,61.3,0.1518,0.7185,ns
M5vsM6_raw_24m,tertiles,Relative Disturbance,NEPmax,Low,31,-0.27927,71,0.005274,0.1187,ns
M5vsM6_raw_24m,tertiles,Relative Disturbance,WUE,Low,31,0.00049,48.4,0.7747,0.8939,ns
M5vsM6_raw_24m,tertiles,Relative Disturbance,uWUE,Low,31,0.01185,29,0.9904,0.9904,ns
M5vsM6_raw_24m,equal_width,Absolute Mortality,ETmax,Mid,35,-0.0012,71.4,0.02155,0.1885,ns
M5vsM6_raw_24m,equal_width,Absolute Mortality,GPPsat,Mid,35,0.1136,40,0.9501,0.962,ns
M5vsM6_raw_24m,equal_width,Absolute Mortality,NEPmax,Mid,35,0.12179,48.6,0.4902,0.817,ns
M5vsM6_raw_24m,equal_width,Absolute Mortality,WUE,Mid,35,-0.00938,51.4,0.3998,0.7897,ns
M5vsM6_raw_24m,equal_width,Absolute Mortality,uWUE,Mid,35,0.0034,48.6,0.6438,0.8878,ns
M5vsM6_raw_24m,equal_width,Absolute Mortality,ETmax,Low,53,0.00075,39.6,0.8371,0.8878,ns
M5vsM6_raw_24m,equal_width,Absolute Mortality,GPPsat,Low,53,-0.12095,58.5,0.08228,0.576,ns
M5vsM6_raw_24m,equal_width,Absolute Mortality,NEPmax,Low,53,-0.20184,60.4,0.02,0.1885,ns
M5vsM6_raw_24m,equal_width,Absolute Mortality,WUE,Low,53,-0.01139,56.6,0.3226,0.7897,ns
M5vsM6_raw_24m,equal_width,Absolute Mortality,uWUE,Low,53,0.00683,43.4,0.8349,0.8878,ns
M5vsM6_raw_24m,equal_width,Absolute Mortality,ETmax,High,5,-0.00089,60,,,""
M5vsM6_raw_24m,equal_width,Absolute Mortality,GPPsat,High,5,0.10184,40,,,""
M5vsM6_raw_24m,equal_width,Absolute Mortality,NEPmax,High,5,-0.35546,80,,,""
M5vsM6_raw_24m,equal_width,Absolute Mortality,WUE,High,5,0.00208,40,,,""
M5vsM6_raw_24m,equal_width,Absolute Mortality,uWUE,High,5,-0.00087,60,,,""
M5vsM6_raw_24m,equal_width,Relative Mortality,ETmax,Mid,33,-0.00036,54.5,0.4715,0.817,ns
M5vsM6_raw_24m,equal_width,Relative Mortality,GPPsat,Mid,33,-0.07061,51.5,0.4502,0.817,ns
M5vsM6_raw_24m,equal_width,Relative Mortality,NEPmax,Mid,33,0.07951,48.5,0.6329,0.8878,ns
M5vsM6_raw_24m,equal_width,Relative Mortality,WUE,Mid,33,0.00208,48.5,0.6789,0.8878,ns
M5vsM6_raw_24m,equal_width,Relative Mortality,uWUE,Mid,33,0.00441,45.5,0.7789,0.8878,ns
M5vsM6_raw_24m,equal_width,Relative Mortality,ETmax,Low,53,-8e-05,50.9,0.2619,0.7897,ns
M5vsM6_raw_24m,equal_width,Relative Mortality,GPPsat,Low,53,-0.07431,52.8,0.3452,0.7897,ns
M5vsM6_raw_24m,equal_width,Relative Mortality,NEPmax,Low,53,-0.14926,60.4,0.01538,0.1885,ns
M5vsM6_raw_24m,equal_width,Relative Mortality,WUE,Low,53,-0.0112,54.7,0.3069,0.7897,ns
M5vsM6_raw_24m,equal_width,Relative Mortality,uWUE,Low,53,0.00517,45.3,0.7466,0.8878,ns
M5vsM6_raw_24m,equal_width,Relative Mortality,ETmax,High,7,0,57.1,0.7766,0.8878,ns
M5vsM6_raw_24m,equal_width,Relative Mortality,GPPsat,High,7,0.1136,28.6,0.962,0.962,ns
M5vsM6_raw_24m,equal_width,Relative Mortality,NEPmax,High,7,-0.35546,71.4,0.1024,0.5976,ns
M5vsM6_raw_24m,equal_width,Relative Mortality,WUE,High,7,-0.01802,71.4,0.2771,0.7897,ns
M5vsM6_raw_24m,equal_width,Relative Mortality,uWUE,High,7,-0.00087,57.1,0.2234,0.7897,ns
M5vsM6_raw_24m,equal_width,Relative Disturbance,ETmax,Mid,35,-0.00056,54.3,0.3087,0.7897,ns
M5vsM6_raw_24m,equal_width,Relative Disturbance,GPPsat,Mid,35,0.02479,48.6,0.6253,0.8878,ns
M5vsM6_raw_24m,equal_width,Relative Disturbance,NEPmax,Mid,35,-0.10308,54.3,0.4061,0.7897,ns
M5vsM6_raw_24m,equal_width,Relative Disturbance,WUE,Mid,35,0.00208,48.6,0.7027,0.8878,ns
M5vsM6_raw_24m,equal_width,Relative Disturbance,uWUE,Mid,35,0.00441,45.7,0.7027,0.8878,ns
M5vsM6_raw_24m,equal_width,Relative Disturbance,ETmax,Low,53,-8e-05,50.9,0.3783,0.7897,ns
M5vsM6_raw_24m,equal_width,Relative Disturbance,GPPsat,Low,53,-0.07431,52.8,0.3616,0.7897,ns
M5vsM6_raw_24m,equal_width,Relative Disturbance,NEPmax,Low,53,-0.14581,58.5,0.01957,0.1885,ns
M5vsM6_raw_24m,equal_width,Relative Disturbance,WUE,Low,53,-0.0112,54.7,0.3038,0.7897,ns
M5vsM6_raw_24m,equal_width,Relative Disturbance,uWUE,Low,53,0.00683,43.4,0.8371,0.8878,ns
M5vsM6_raw_24m,equal_width,Relative Disturbance,ETmax,High,5,0,60,,,""
M5vsM6_raw_24m,equal_width,Relative Disturbance,GPPsat,High,5,0.10184,40,,,""
M5vsM6_raw_24m,equal_width,Relative Disturbance,NEPmax,High,5,-0.01812,60,,,""
M5vsM6_raw_24m,equal_width,Relative Disturbance,WUE,High,5,-0.0513,80,,,""
M5vsM6_raw_24m,equal_width,Relative Disturbance,uWUE,High,5,-0.0435,80,,,""
M5vsM6_raw_24m,natural_breaks,Absolute Mortality,ETmax,High,20,-0.00114,70,0.3338,0.7511,ns
M5vsM6_raw_24m,natural_breaks,Absolute Mortality,GPPsat,High,20,-0.06182,55,0.4187,0.8145,ns
M5vsM6_raw_24m,natural_breaks,Absolute Mortality,NEPmax,High,20,-0.06951,55,0.2941,0.7354,ns
M5vsM6_raw_24m,natural_breaks,Absolute Mortality,WUE,High,20,0.00405,45,0.4333,0.8145,ns
M5vsM6_raw_24m,natural_breaks,Absolute Mortality,uWUE,High,20,-0.02993,60,0.02726,0.3951,ns
M5vsM6_raw_24m,natural_breaks,Absolute Mortality,ETmax,Mid,43,-8e-05,51.2,0.2475,0.7176,ns
M5vsM6_raw_24m,natural_breaks,Absolute Mortality,GPPsat,Mid,43,0.04532,46.5,0.7993,0.8773,ns
M5vsM6_raw_24m,natural_breaks,Absolute Mortality,NEPmax,Mid,43,-0.07856,55.8,0.194,0.6974,ns
M5vsM6_raw_24m,natural_breaks,Absolute Mortality,WUE,Mid,43,-0.01585,58.1,0.271,0.7176,ns
M5vsM6_raw_24m,natural_breaks,Absolute Mortality,uWUE,Mid,43,0.00866,37.2,0.9791,0.9902,ns
M5vsM6_raw_24m,natural_breaks,Absolute Mortality,ETmax,Low,30,0.0011,43.3,0.7514,0.8773,ns
M5vsM6_raw_24m,natural_breaks,Absolute Mortality,GPPsat,Low,30,-0.07091,53.3,0.2233,0.7176,ns
M5vsM6_raw_24m,natural_breaks,Absolute Mortality,NEPmax,Low,30,-0.23711,60,0.0439,0.3951,ns
M5vsM6_raw_24m,natural_breaks,Absolute Mortality,WUE,Low,30,-0.00968,53.3,0.5815,0.8773,ns
M5vsM6_raw_24m,natural_breaks,Absolute Mortality,uWUE,Low,30,0.00029,50,0.6133,0.8773,ns
M5vsM6_raw_24m,natural_breaks,Relative Mortality,ETmax,High,26,0.00037,50,0.7693,0.8773,ns
M5vsM6_raw_24m,natural_breaks,Relative Mortality,GPPsat,High,26,0.08328,42.3,0.7918,0.8773,ns
M5vsM6_raw_24m,natural_breaks,Relative Mortality,NEPmax,High,26,-0.06951,53.8,0.333,0.7511,ns
M5vsM6_raw_24m,natural_breaks,Relative Mortality,WUE,High,26,0.00512,46.2,0.6853,0.8773,ns
M5vsM6_raw_24m,natural_breaks,Relative Mortality,uWUE,High,26,0.00127,50,0.2711,0.7176,ns
M5vsM6_raw_24m,natural_breaks,Relative Mortality,ETmax,Mid,32,-0.00069,56.2,0.1034,0.665,ns
M5vsM6_raw_24m,natural_breaks,Relative Mortality,GPPsat,Mid,32,-0.03485,50,0.703,0.8773,ns
M5vsM6_raw_24m,natural_breaks,Relative Mortality,NEPmax,Mid,32,0.12022,43.8,0.6069,0.8773,ns
M5vsM6_raw_24m,natural_breaks,Relative Mortality,WUE,Mid,32,-0.01458,56.2,0.1541,0.6934,ns
M5vsM6_raw_24m,natural_breaks,Relative Mortality,uWUE,Mid,32,-0.0116,56.2,0.4665,0.8145,ns
M5vsM6_raw_24m,natural_breaks,Relative Mortality,ETmax,Low,35,-8e-05,51.4,0.5163,0.8606,ns
M5vsM6_raw_24m,natural_breaks,Relative Mortality,GPPsat,Low,35,-0.12095,57.1,0.138,0.6901,ns
M5vsM6_raw_24m,natural_breaks,Relative Mortality,NEPmax,Low,35,-0.27927,71.4,0.002614,0.1061,ns
M5vsM6_raw_24m,natural_breaks,Relative Mortality,WUE,Low,35,-0.0112,57.1,0.4061,0.8145,ns
M5vsM6_raw_24m,natural_breaks,Relative Mortality,uWUE,Low,35,0.01073,34.3,0.9729,0.9902,ns
M5vsM6_raw_24m,natural_breaks,Relative Disturbance,ETmax,Mid,35,-0.00083,60,0.1275,0.6901,ns
M5vsM6_raw_24m,natural_breaks,Relative Disturbance,GPPsat,Mid,35,0.04532,45.7,0.6913,0.8773,ns
M5vsM6_raw_24m,natural_breaks,Relative Disturbance,NEPmax,Mid,35,0.12179,40,0.8226,0.8814,ns
M5vsM6_raw_24m,natural_breaks,Relative Disturbance,WUE,Mid,35,-0.0197,62.9,0.03516,0.3951,ns
M5vsM6_raw_24m,natural_breaks,Relative Disturbance,uWUE,Mid,35,-0.0113,57.1,0.4382,0.8145,ns
M5vsM6_raw_24m,natural_breaks,Relative Disturbance,ETmax,Low,35,7e-05,48.6,0.4706,0.8145,ns
M5vsM6_raw_24m,natural_breaks,Relative Disturbance,GPPsat,Low,35,-0.12095,60,0.1817,0.6974,ns
M5vsM6_raw_24m,natural_breaks,Relative Disturbance,NEPmax,Low,35,-0.27927,68.6,0.004715,0.1061,ns
M5vsM6_raw_24m,natural_breaks,Relative Disturbance,WUE,Low,35,0.00049,48.6,0.7817,0.8773,ns
M5vsM6_raw_24m,natural_breaks,Relative Disturbance,uWUE,Low,35,0.01185,31.4,0.9902,0.9902,ns
M5vsM6_raw_24m,natural_breaks,Relative Disturbance,ETmax,High,23,0.00075,47.8,0.7719,0.8773,ns
M5vsM6_raw_24m,natural_breaks,Relative Disturbance,GPPsat,High,23,0.10184,43.5,0.7132,0.8773,ns
M5vsM6_raw_24m,natural_breaks,Relative Disturbance,NEPmax,High,23,-0.23043,65.2,0.08795,0.6597,ns
M5vsM6_raw_24m,natural_breaks,Relative Disturbance,WUE,High,23,0.00208,47.8,0.7027,0.8773,ns
M5vsM6_raw_24m,natural_breaks,Relative Disturbance,uWUE,High,23,-0.00087,52.2,0.2015,0.6974,ns
M5vsM6_anom_12m,tertiles,Absolute Mortality,ETmax,High,31,-0.00123,54.8,0.0695,0.1295,ns
M5vsM6_anom_12m,tertiles,Absolute Mortality,GPPsat,High,31,0.07969,48.4,0.275,0.3257,ns
M5vsM6_anom_12m,tertiles,Absolute Mortality,NEPmax,High,31,-0.70989,71,0.01122,0.0721,ns
M5vsM6_anom_12m,tertiles,Absolute Mortality,WUE,High,31,-0.04688,54.8,0.1179,0.1608,ns
M5vsM6_anom_12m,tertiles,Absolute Mortality,uWUE,High,31,-0.05722,51.6,0.08058,0.1295,ns
M5vsM6_anom_12m,tertiles,Absolute Mortality,ETmax,Mid,31,0.00024,45.2,0.3439,0.3775,ns
M5vsM6_anom_12m,tertiles,Absolute Mortality,GPPsat,Mid,31,-0.59271,71,0.009103,0.0721,ns
M5vsM6_anom_12m,tertiles,Absolute Mortality,NEPmax,Mid,31,-0.59396,64.5,0.07769,0.1295,ns
M5vsM6_anom_12m,tertiles,Absolute Mortality,WUE,Mid,31,-0.03744,61.3,0.1031,0.1547,ns
M5vsM6_anom_12m,tertiles,Absolute Mortality,uWUE,Mid,31,-0.01378,54.8,0.2253,0.274,ns
M5vsM6_anom_12m,tertiles,Absolute Mortality,ETmax,Low,31,-1e-05,51.6,0.5661,0.5925,ns
M5vsM6_anom_12m,tertiles,Absolute Mortality,GPPsat,Low,31,-0.89024,67.7,0.01374,0.07715,ns
M5vsM6_anom_12m,tertiles,Absolute Mortality,NEPmax,Low,31,-1.29308,71,0.004447,0.06636,ns
M5vsM6_anom_12m,tertiles,Absolute Mortality,WUE,Low,31,-0.06975,64.5,0.02127,0.07715,ns
M5vsM6_anom_12m,tertiles,Absolute Mortality,uWUE,Low,31,-0.05004,67.7,0.05089,0.1272,ns
M5vsM6_anom_12m,tertiles,Relative Mortality,ETmax,High,31,0.00103,41.9,0.295,0.3395,ns
M5vsM6_anom_12m,tertiles,Relative Mortality,GPPsat,High,31,-0.42971,64.5,0.06198,0.1295,ns
M5vsM6_anom_12m,tertiles,Relative Mortality,NEPmax,High,31,-0.77461,67.7,0.01674,0.07715,ns
M5vsM6_anom_12m,tertiles,Relative Mortality,WUE,High,31,-0.03641,51.6,0.166,0.2134,ns
M5vsM6_anom_12m,tertiles,Relative Mortality,uWUE,High,31,-0.05722,58.1,0.07769,0.1295,ns
M5vsM6_anom_12m,tertiles,Relative Mortality,ETmax,Mid,31,-0.00081,58.1,0.1067,0.1549,ns
M5vsM6_anom_12m,tertiles,Relative Mortality,GPPsat,Mid,31,-0.6731,58.1,0.06198,0.1295,ns
M5vsM6_anom_12m,tertiles,Relative Mortality,NEPmax,Mid,31,-0.6367,67.7,0.03494,0.1048,ns
M5vsM6_anom_12m,tertiles,Relative Mortality,WUE,Mid,31,-0.08121,71,0.02029,0.07715,ns
M5vsM6_anom_12m,tertiles,Relative Mortality,uWUE,Mid,31,-0.03343,51.6,0.166,0.2134,ns
M5vsM6_anom_12m,tertiles,Relative Mortality,ETmax,Low,31,-0.00084,51.6,0.6043,0.6181,ns
M5vsM6_anom_12m,tertiles,Relative Mortality,GPPsat,Low,31,-0.86432,64.5,0.01844,0.07715,ns
M5vsM6_anom_12m,tertiles,Relative Mortality,NEPmax,Low,31,-1.02137,71,0.005899,0.06636,ns
M5vsM6_anom_12m,tertiles,Relative Mortality,WUE,Low,31,-0.03401,58.1,0.1031,0.1547,ns
M5vsM6_anom_12m,tertiles,Relative Mortality,uWUE,Low,31,-0.03425,64.5,0.06692,0.1295,ns
M5vsM6_anom_12m,tertiles,Relative Disturbance,ETmax,High,31,0.00101,41.9,0.3018,0.3395,ns
M5vsM6_anom_12m,tertiles,Relative Disturbance,GPPsat,High,31,-0.42971,58.1,0.1103,0.1551,ns
M5vsM6_anom_12m,tertiles,Relative Disturbance,NEPmax,High,31,-0.59396,64.5,0.02445,0.07859,ns
M5vsM6_anom_12m,tertiles,Relative Disturbance,WUE,High,31,0.01864,45.2,0.3732,0.3999,ns
M5vsM6_anom_12m,tertiles,Relative Disturbance,uWUE,High,31,-0.01378,51.6,0.1916,0.2395,ns
M5vsM6_anom_12m,tertiles,Relative Disturbance,ETmax,Mid,31,-0.00199,61.3,0.05963,0.1295,ns
M5vsM6_anom_12m,tertiles,Relative Disturbance,GPPsat,Mid,31,-0.6731,64.5,0.01011,0.0721,ns
M5vsM6_anom_12m,tertiles,Relative Disturbance,NEPmax,Mid,31,-0.88303,71,0.005578,0.06636,ns
M5vsM6_anom_12m,tertiles,Relative Disturbance,WUE,Mid,31,-0.10965,74.2,0.003524,0.06636,ns
M5vsM6_anom_12m,tertiles,Relative Disturbance,uWUE,Mid,31,-0.03453,54.8,0.07769,0.1295,ns
M5vsM6_anom_12m,tertiles,Relative Disturbance,ETmax,Low,31,0.00146,48.4,0.6982,0.6982,ns
M5vsM6_anom_12m,tertiles,Relative Disturbance,GPPsat,Low,31,-0.72524,64.5,0.04692,0.1242,ns
M5vsM6_anom_12m,tertiles,Relative Disturbance,NEPmax,Low,31,-0.64946,71,0.02229,0.07715,ns
M5vsM6_anom_12m,tertiles,Relative Disturbance,WUE,Low,31,-0.03744,61.3,0.08058,0.1295,ns
M5vsM6_anom_12m,tertiles,Relative Disturbance,uWUE,Low,31,-0.05004,67.7,0.0432,0.1215,ns
M5vsM6_anom_12m,equal_width,Absolute Mortality,ETmax,Mid,35,1e-05,48.6,0.2973,0.3642,ns
M5vsM6_anom_12m,equal_width,Absolute Mortality,GPPsat,Mid,35,-0.13863,54.3,0.2432,0.3642,ns
M5vsM6_anom_12m,equal_width,Absolute Mortality,NEPmax,Mid,35,-0.50346,65.7,0.03914,0.08562,ns
M5vsM6_anom_12m,equal_width,Absolute Mortality,WUE,Mid,35,-0.04688,57.1,0.1241,0.2286,ns
M5vsM6_anom_12m,equal_width,Absolute Mortality,uWUE,Mid,35,0.00263,48.6,0.2695,0.3642,ns
M5vsM6_anom_12m,equal_width,Absolute Mortality,ETmax,Low,53,-1e-05,50.9,0.329,0.3642,ns
M5vsM6_anom_12m,equal_width,Absolute Mortality,GPPsat,Low,53,-1.07211,71.7,0.0003719,0.006508,**
M5vsM6_anom_12m,equal_width,Absolute Mortality,NEPmax,Low,53,-1.19154,73.6,0.00026,0.006508,**
M5vsM6_anom_12m,equal_width,Absolute Mortality,WUE,Low,53,-0.04557,64.2,0.004869,0.02434,*
M5vsM6_anom_12m,equal_width,Absolute Mortality,uWUE,Low,53,-0.05004,64.2,0.01227,0.04294,*
M5vsM6_anom_12m,equal_width,Absolute Mortality,ETmax,High,5,-0.00535,60,,,""
M5vsM6_anom_12m,equal_width,Absolute Mortality,GPPsat,High,5,0.64187,20,,,""
M5vsM6_anom_12m,equal_width,Absolute Mortality,NEPmax,High,5,0.74989,40,,,""
M5vsM6_anom_12m,equal_width,Absolute Mortality,WUE,High,5,0.03951,40,,,""
M5vsM6_anom_12m,equal_width,Absolute Mortality,uWUE,High,5,-0.10797,60,,,""
M5vsM6_anom_12m,equal_width,Relative Mortality,ETmax,Mid,33,0.00101,39.4,0.4857,0.4857,ns
M5vsM6_anom_12m,equal_width,Relative Mortality,GPPsat,Mid,33,-0.42971,63.6,0.07644,0.1486,ns
M5vsM6_anom_12m,equal_width,Relative Mortality,NEPmax,Mid,33,-0.59396,69.7,0.01601,0.05094,ns
M5vsM6_anom_12m,equal_width,Relative Mortality,WUE,Mid,33,-0.02538,51.5,0.3537,0.3642,ns
M5vsM6_anom_12m,equal_width,Relative Mortality,uWUE,Mid,33,-0.01378,51.5,0.2777,0.3642,ns
M5vsM6_anom_12m,equal_width,Relative Mortality,ETmax,Low,53,-0.00084,54.7,0.3517,0.3642,ns
M5vsM6_anom_12m,equal_width,Relative Mortality,GPPsat,Low,53,-0.86432,64.2,0.003466,0.02022,*
M5vsM6_anom_12m,equal_width,Relative Mortality,NEPmax,Low,53,-0.88303,69.8,0.002307,0.02022,*
M5vsM6_anom_12m,equal_width,Relative Mortality,WUE,Low,53,-0.08121,66,0.002951,0.02022,*
M5vsM6_anom_12m,equal_width,Relative Mortality,uWUE,Low,53,-0.05004,62.3,0.01915,0.05157,ns
M5vsM6_anom_12m,equal_width,Relative Mortality,ETmax,High,7,-0.00663,71.4,0.03796,0.08562,ns
M5vsM6_anom_12m,equal_width,Relative Mortality,GPPsat,High,7,0.29116,42.9,0.3363,0.3642,ns
M5vsM6_anom_12m,equal_width,Relative Mortality,NEPmax,High,7,-0.77461,57.1,0.1359,0.2379,ns
M5vsM6_anom_12m,equal_width,Relative Mortality,WUE,High,7,-0.10524,57.1,0.2771,0.3642,ns
M5vsM6_anom_12m,equal_width,Relative Mortality,uWUE,High,7,-0.16106,57.1,0.2234,0.3642,ns
M5vsM6_anom_12m,equal_width,Relative Disturbance,ETmax,Mid,35,0.00101,40,0.3381,0.3642,ns
M5vsM6_anom_12m,equal_width,Relative Disturbance,GPPsat,Mid,35,-0.42971,62.9,0.04659,0.09592,ns
M5vsM6_anom_12m,equal_width,Relative Disturbance,NEPmax,Mid,35,-0.59396,62.9,0.02329,0.05823,ns
M5vsM6_anom_12m,equal_width,Relative Disturbance,WUE,Mid,35,-0.03641,51.4,0.2642,0.3642,ns
M5vsM6_anom_12m,equal_width,Relative Disturbance,uWUE,Mid,35,-0.01378,51.4,0.3441,0.3642,ns
M5vsM6_anom_12m,equal_width,Relative Disturbance,ETmax,Low,53,-0.00084,56.6,0.3322,0.3642,ns
M5vsM6_anom_12m,equal_width,Relative Disturbance,GPPsat,Low,53,-0.72524,62.3,0.00764,0.03343,*
M5vsM6_anom_12m,equal_width,Relative Disturbance,NEPmax,Low,53,-0.84005,71.7,0.003199,0.02022,*
M5vsM6_anom_12m,equal_width,Relative Disturbance,WUE,Low,53,-0.06975,66,0.008624,0.03354,*
M5vsM6_anom_12m,equal_width,Relative Disturbance,uWUE,Low,53,-0.03759,62.3,0.01915,0.05157,ns
M5vsM6_anom_12m,equal_width,Relative Disturbance,ETmax,High,5,-0.00663,60,,,""
M5vsM6_anom_12m,equal_width,Relative Disturbance,GPPsat,High,5,-1.95177,60,,,""
M5vsM6_anom_12m,equal_width,Relative Disturbance,NEPmax,High,5,-3.89469,80,,,""
M5vsM6_anom_12m,equal_width,Relative Disturbance,WUE,High,5,-0.17864,60,,,""
M5vsM6_anom_12m,equal_width,Relative Disturbance,uWUE,High,5,-0.19806,60,,,""
M5vsM6_anom_12m,natural_breaks,Absolute Mortality,ETmax,High,20,-0.00144,55,0.07015,0.1263,ns
M5vsM6_anom_12m,natural_breaks,Absolute Mortality,GPPsat,High,20,0.00407,50,0.3204,0.3697,ns
M5vsM6_anom_12m,natural_breaks,Absolute Mortality,NEPmax,High,20,-0.48148,65,0.04833,0.1105,ns
M5vsM6_anom_12m,natural_breaks,Absolute Mortality,WUE,High,20,0.03899,45,0.4187,0.4486,ns
M5vsM6_anom_12m,natural_breaks,Absolute Mortality,uWUE,High,20,-0.03383,50,0.1125,0.1688,ns
M5vsM6_anom_12m,natural_breaks,Absolute Mortality,ETmax,Mid,43,1e-05,48.8,0.2514,0.3057,ns
M5vsM6_anom_12m,natural_breaks,Absolute Mortality,GPPsat,Mid,43,-0.56541,65.1,0.008268,0.07441,ns
M5vsM6_anom_12m,natural_breaks,Absolute Mortality,NEPmax,Mid,43,-0.70989,69.8,0.0142,0.07467,ns
M5vsM6_anom_12m,natural_breaks,Absolute Mortality,WUE,Mid,43,-0.06631,62.8,0.03552,0.107,ns
M5vsM6_anom_12m,natural_breaks,Absolute Mortality,uWUE,Mid,43,-0.03453,55.8,0.1481,0.215,ns
M5vsM6_anom_12m,natural_breaks,Absolute Mortality,ETmax,Low,30,0.00111,50,0.5734,0.6001,ns
M5vsM6_anom_12m,natural_breaks,Absolute Mortality,GPPsat,Low,30,-0.87728,66.7,0.01985,0.07467,ns
M5vsM6_anom_12m,natural_breaks,Absolute Mortality,NEPmax,Low,30,-1.15722,70,0.006048,0.0736,ns
M5vsM6_anom_12m,natural_breaks,Absolute Mortality,WUE,Low,30,-0.07548,66.7,0.01888,0.07467,ns
M5vsM6_anom_12m,natural_breaks,Absolute Mortality,uWUE,Low,30,-0.04214,66.7,0.059,0.1154,ns
M5vsM6_anom_12m,natural_breaks,Relative Mortality,ETmax,High,26,0.00102,42.3,0.2711,0.321,ns
M5vsM6_anom_12m,natural_breaks,Relative Mortality,GPPsat,High,26,-0.3198,57.7,0.1672,0.2173,ns
M5vsM6_anom_12m,natural_breaks,Relative Mortality,NEPmax,High,26,-0.54871,65.4,0.03567,0.107,ns
M5vsM6_anom_12m,natural_breaks,Relative Mortality,WUE,High,26,0.01381,46.2,0.3422,0.3756,ns
M5vsM6_anom_12m,natural_breaks,Relative Mortality,uWUE,High,26,-0.04203,53.8,0.1067,0.1655,ns
M5vsM6_anom_12m,natural_breaks,Relative Mortality,ETmax,Mid,32,-0.00161,56.2,0.09371,0.1506,ns
M5vsM6_anom_12m,natural_breaks,Relative Mortality,GPPsat,Mid,32,-0.6734,62.5,0.02221,0.07688,ns
M5vsM6_anom_12m,natural_breaks,Relative Mortality,NEPmax,Mid,32,-0.77497,68.8,0.0154,0.07467,ns
M5vsM6_anom_12m,natural_breaks,Relative Mortality,WUE,Mid,32,-0.11199,71.9,0.01854,0.07467,ns
M5vsM6_anom_12m,natural_breaks,Relative Mortality,uWUE,Mid,32,-0.03398,53.1,0.1586,0.2162,ns
M5vsM6_anom_12m,natural_breaks,Relative Mortality,ETmax,Low,35,-1e-05,51.4,0.6253,0.6395,ns
M5vsM6_anom_12m,natural_breaks,Relative Mortality,GPPsat,Low,35,-0.72524,65.7,0.01991,0.07467,ns
M5vsM6_anom_12m,natural_breaks,Relative Mortality,NEPmax,Low,35,-1.02137,71.4,0.006543,0.0736,ns
M5vsM6_anom_12m,natural_breaks,Relative Mortality,WUE,Low,35,-0.03744,60,0.05888,0.1154,ns
M5vsM6_anom_12m,natural_breaks,Relative Mortality,uWUE,Low,35,-0.05004,65.7,0.05158,0.1105,ns
M5vsM6_anom_12m,natural_breaks,Relative Disturbance,ETmax,Mid,35,-0.00123,57.1,0.0759,0.1314,ns
M5vsM6_anom_12m,natural_breaks,Relative Disturbance,GPPsat,Mid,35,-0.85821,65.7,0.006248,0.0736,ns
M5vsM6_anom_12m,natural_breaks,Relative Disturbance,NEPmax,Mid,35,-1.013,74.3,0.00173,0.0736,ns
M5vsM6_anom_12m,natural_breaks,Relative Disturbance,WUE,Mid,35,-0.06832,68.6,0.01116,0.07467,ns
M5vsM6_anom_12m,natural_breaks,Relative Disturbance,uWUE,Mid,35,-0.03343,51.4,0.1569,0.2162,ns
M5vsM6_anom_12m,natural_breaks,Relative Disturbance,ETmax,Low,35,0.00146,48.6,0.7084,0.7084,ns
M5vsM6_anom_12m,natural_breaks,Relative Disturbance,GPPsat,Low,35,-0.70499,62.9,0.04659,0.1105,ns
M5vsM6_anom_12m,natural_breaks,Relative Disturbance,NEPmax,Low,35,-0.6367,65.7,0.04659,0.1105,ns
M5vsM6_anom_12m,natural_breaks,Relative Disturbance,WUE,Low,35,-0.03744,62.9,0.06283,0.1178,ns
M5vsM6_anom_12m,natural_breaks,Relative Disturbance,uWUE,Low,35,-0.05004,65.7,0.05158,0.1105,ns
M5vsM6_anom_12m,natural_breaks,Relative Disturbance,ETmax,High,23,0.00103,43.5,0.193,0.2413,ns
M5vsM6_anom_12m,natural_breaks,Relative Disturbance,GPPsat,High,23,-0.20989,56.5,0.169,0.2173,ns
M5vsM6_anom_12m,natural_breaks,Relative Disturbance,NEPmax,High,23,-0.50346,65.2,0.04016,0.1105,ns
M5vsM6_anom_12m,natural_breaks,Relative Disturbance,WUE,High,23,0.03847,43.5,0.3407,0.3756,ns
M5vsM6_anom_12m,natural_breaks,Relative Disturbance,uWUE,High,23,-0.07028,56.5,0.0832,0.1387,ns
M5vsM6_anom_24m,tertiles,Absolute Mortality,ETmax,High,31,-0.00244,61.3,0.03064,0.09409,ns
M5vsM6_anom_24m,tertiles,Absolute Mortality,GPPsat,High,31,-0.46,58.1,0.1258,0.1716,ns
M5vsM6_anom_24m,tertiles,Absolute Mortality,NEPmax,High,31,-0.76984,67.7,0.005899,0.0735,ns
M5vsM6_anom_24m,tertiles,Absolute Mortality,WUE,High,31,-0.02759,54.8,0.1258,0.1716,ns
M5vsM6_anom_24m,tertiles,Absolute Mortality,uWUE,High,31,-0.00013,51.6,0.2253,0.2668,ns
M5vsM6_anom_24m,tertiles,Absolute Mortality,ETmax,Mid,31,9e-04,45.2,0.5661,0.6005,ns
M5vsM6_anom_24m,tertiles,Absolute Mortality,GPPsat,Mid,31,-0.66182,67.7,0.01065,0.0735,ns
M5vsM6_anom_24m,tertiles,Absolute Mortality,NEPmax,Mid,31,-0.61167,64.5,0.08355,0.1443,ns
M5vsM6_anom_24m,tertiles,Absolute Mortality,WUE,Mid,31,-0.04491,67.7,0.05512,0.1173,ns
M5vsM6_anom_24m,tertiles,Absolute Mortality,uWUE,Mid,31,0.00184,48.4,0.208,0.26,ns
M5vsM6_anom_24m,tertiles,Absolute Mortality,ETmax,Low,31,3e-04,48.4,0.5738,0.6005,ns
M5vsM6_anom_24m,tertiles,Absolute Mortality,GPPsat,Low,31,-0.77787,67.7,0.01935,0.07608,ns
M5vsM6_anom_24m,tertiles,Absolute Mortality,NEPmax,Low,31,-1.09072,64.5,0.01307,0.0735,ns
M5vsM6_anom_24m,tertiles,Absolute Mortality,WUE,Low,31,-0.0387,61.3,0.02229,0.07715,ns
M5vsM6_anom_24m,tertiles,Absolute Mortality,uWUE,Low,31,-0.06042,64.5,0.08058,0.1443,ns
M5vsM6_anom_24m,tertiles,Relative Mortality,ETmax,High,31,-0.00244,58.1,0.08355,0.1443,ns
M5vsM6_anom_24m,tertiles,Relative Mortality,GPPsat,High,31,-0.47942,61.3,0.04503,0.1066,ns
M5vsM6_anom_24m,tertiles,Relative Mortality,NEPmax,High,31,-0.76984,58.1,0.01242,0.0735,ns
M5vsM6_anom_24m,tertiles,Relative Mortality,WUE,High,31,-0.04153,61.3,0.1103,0.1655,ns
M5vsM6_anom_24m,tertiles,Relative Mortality,uWUE,High,31,-0.03685,54.8,0.1564,0.207,ns
M5vsM6_anom_24m,tertiles,Relative Mortality,ETmax,Mid,31,2e-05,48.4,0.2558,0.2951,ns
M5vsM6_anom_24m,tertiles,Relative Mortality,GPPsat,Mid,31,-0.70899,67.7,0.03202,0.09409,ns
M5vsM6_anom_24m,tertiles,Relative Mortality,NEPmax,Mid,31,-0.85053,74.2,0.03346,0.09409,ns
M5vsM6_anom_24m,tertiles,Relative Mortality,WUE,Mid,31,-0.05949,64.5,0.02029,0.07608,ns
M5vsM6_anom_24m,tertiles,Relative Mortality,uWUE,Mid,31,0.00152,48.4,0.275,0.3094,ns
M5vsM6_anom_24m,tertiles,Relative Mortality,ETmax,Low,31,3e-04,48.4,0.6914,0.7071,ns
M5vsM6_anom_24m,tertiles,Relative Mortality,GPPsat,Low,31,-0.77787,64.5,0.02029,0.07608,ns
M5vsM6_anom_24m,tertiles,Relative Mortality,NEPmax,Low,31,-1.01171,64.5,0.01181,0.0735,ns
M5vsM6_anom_24m,tertiles,Relative Mortality,WUE,Low,31,-0.028,58.1,0.1141,0.1656,ns
M5vsM6_anom_24m,tertiles,Relative Mortality,uWUE,Low,31,-0.06042,61.3,0.08355,0.1443,ns
M5vsM6_anom_24m,tertiles,Relative Disturbance,ETmax,High,31,-0.00194,54.8,0.1103,0.1655,ns
M5vsM6_anom_24m,tertiles,Relative Disturbance,GPPsat,High,31,-0.47942,61.3,0.05734,0.1173,ns
M5vsM6_anom_24m,tertiles,Relative Disturbance,NEPmax,High,31,-0.74156,58.1,0.01594,0.07608,ns
M5vsM6_anom_24m,tertiles,Relative Disturbance,WUE,High,31,-0.02759,58.1,0.2025,0.26,ns
M5vsM6_anom_24m,tertiles,Relative Disturbance,uWUE,High,31,-0.03642,51.6,0.3086,0.3388,ns
M5vsM6_anom_24m,tertiles,Relative Disturbance,ETmax,Mid,31,-0.00101,58.1,0.08661,0.1443,ns
M5vsM6_anom_24m,tertiles,Relative Disturbance,GPPsat,Mid,31,-0.66182,71,0.01011,0.0735,ns
M5vsM6_anom_24m,tertiles,Relative Disturbance,NEPmax,Mid,31,-0.85053,74.2,0.01122,0.0735,ns
M5vsM6_anom_24m,tertiles,Relative Disturbance,WUE,Mid,31,-0.05949,67.7,0.005899,0.0735,ns
M5vsM6_anom_24m,tertiles,Relative Disturbance,uWUE,Mid,31,0.00152,48.4,0.2253,0.2668,ns
M5vsM6_anom_24m,tertiles,Relative Disturbance,ETmax,Low,31,0.00137,41.9,0.8388,0.8388,ns
M5vsM6_anom_24m,tertiles,Relative Disturbance,GPPsat,Low,31,-0.77787,61.3,0.04887,0.11,ns
M5vsM6_anom_24m,tertiles,Relative Disturbance,NEPmax,Low,31,-0.97142,64.5,0.04503,0.1066,ns
M5vsM6_anom_24m,tertiles,Relative Disturbance,WUE,Low,31,-0.028,58.1,0.09296,0.1494,ns
M5vsM6_anom_24m,tertiles,Relative Disturbance,uWUE,Low,31,-0.06491,64.5,0.03972,0.1052,ns
M5vsM6_anom_24m,equal_width,Absolute Mortality,ETmax,Mid,35,-0.00064,51.4,0.1569,0.2288,ns
M5vsM6_anom_24m,equal_width,Absolute Mortality,GPPsat,Mid,35,-0.18438,57.1,0.1817,0.2445,ns
M5vsM6_anom_24m,equal_width,Absolute Mortality,NEPmax,Mid,35,-0.61167,62.9,0.04055,0.07884,ns
M5vsM6_anom_24m,equal_width,Absolute Mortality,WUE,Mid,35,-0.02759,54.3,0.08317,0.15,ns
M5vsM6_anom_24m,equal_width,Absolute Mortality,uWUE,Mid,35,0.00152,48.6,0.2642,0.3424,ns
M5vsM6_anom_24m,equal_width,Absolute Mortality,ETmax,Low,53,-0.00032,50.9,0.4263,0.4662,ns
M5vsM6_anom_24m,equal_width,Absolute Mortality,GPPsat,Low,53,-1.05999,71.7,0.0003601,0.0126,*
M5vsM6_anom_24m,equal_width,Absolute Mortality,NEPmax,Low,53,-1.01171,69.8,0.0007641,0.01337,*
M5vsM6_anom_24m,equal_width,Absolute Mortality,WUE,Low,53,-0.04529,67.9,0.002575,0.02446,*
M5vsM6_anom_24m,equal_width,Absolute Mortality,uWUE,Low,53,-0.06042,60.4,0.02319,0.05798,ns
M5vsM6_anom_24m,equal_width,Absolute Mortality,ETmax,High,5,-0.00425,60,,,""
M5vsM6_anom_24m,equal_width,Absolute Mortality,GPPsat,High,5,0.57651,40,,,""
M5vsM6_anom_24m,equal_width,Absolute Mortality,NEPmax,High,5,0.67265,40,,,""
M5vsM6_anom_24m,equal_width,Absolute Mortality,WUE,High,5,0.089,40,,,""
M5vsM6_anom_24m,equal_width,Absolute Mortality,uWUE,High,5,0.12249,40,,,""
M5vsM6_anom_24m,equal_width,Relative Mortality,ETmax,Mid,33,-0.00194,54.5,0.1227,0.1953,ns
M5vsM6_anom_24m,equal_width,Relative Mortality,GPPsat,Mid,33,-0.48705,69.7,0.008326,0.03603,*
M5vsM6_anom_24m,equal_width,Relative Mortality,NEPmax,Mid,33,-0.74156,66.7,0.01058,0.03705,*
M5vsM6_anom_24m,equal_width,Relative Mortality,WUE,Mid,33,-0.03099,60.6,0.1764,0.2445,ns
M5vsM6_anom_24m,equal_width,Relative Mortality,uWUE,Mid,33,0.00474,48.5,0.3537,0.4269,ns
M5vsM6_anom_24m,equal_width,Relative Mortality,ETmax,Low,53,3e-04,47.2,0.6217,0.6217,ns
M5vsM6_anom_24m,equal_width,Relative Mortality,GPPsat,Low,53,-0.77604,64.2,0.006117,0.03603,*
M5vsM6_anom_24m,equal_width,Relative Mortality,NEPmax,Low,53,-0.9138,66,0.009265,0.03603,*
M5vsM6_anom_24m,equal_width,Relative Mortality,WUE,Low,53,-0.04927,64.2,0.002795,0.02446,*
M5vsM6_anom_24m,equal_width,Relative Mortality,uWUE,Low,53,-0.06042,60.4,0.02177,0.05798,ns
M5vsM6_anom_24m,equal_width,Relative Mortality,ETmax,High,7,-0.00448,71.4,0.03796,0.07816,ns
M5vsM6_anom_24m,equal_width,Relative Mortality,GPPsat,High,7,0.57651,42.9,0.2771,0.3463,ns
M5vsM6_anom_24m,equal_width,Relative Mortality,NEPmax,High,7,-1.29619,57.1,0.1024,0.1707,ns
M5vsM6_anom_24m,equal_width,Relative Mortality,WUE,High,7,0.089,42.9,0.3999,0.4585,ns
M5vsM6_anom_24m,equal_width,Relative Mortality,uWUE,High,7,0.11434,42.9,0.4663,0.4946,ns
M5vsM6_anom_24m,equal_width,Relative Disturbance,ETmax,Mid,35,-0.00194,54.3,0.08571,0.15,ns
M5vsM6_anom_24m,equal_width,Relative Disturbance,GPPsat,Mid,35,-0.47942,62.9,0.02516,0.0587,ns
M5vsM6_anom_24m,equal_width,Relative Disturbance,NEPmax,Mid,35,-0.74156,62.9,0.01268,0.04036,*
M5vsM6_anom_24m,equal_width,Relative Disturbance,WUE,Mid,35,-0.02759,57.1,0.1569,0.2288,ns
M5vsM6_anom_24m,equal_width,Relative Disturbance,uWUE,Mid,35,0.00474,48.6,0.4061,0.4585,ns
M5vsM6_anom_24m,equal_width,Relative Disturbance,ETmax,Low,53,2e-05,49.1,0.6013,0.619,ns
M5vsM6_anom_24m,equal_width,Relative Disturbance,GPPsat,Low,53,-0.75762,66,0.006926,0.03603,*
M5vsM6_anom_24m,equal_width,Relative Disturbance,NEPmax,Low,53,-0.90244,66,0.01406,0.04102,*
M5vsM6_anom_24m,equal_width,Relative Disturbance,WUE,Low,53,-0.04121,64.2,0.009047,0.03603,*
M5vsM6_anom_24m,equal_width,Relative Disturbance,uWUE,Low,53,-0.05348,58.5,0.03027,0.06622,ns
M5vsM6_anom_24m,equal_width,Relative Disturbance,ETmax,High,5,-0.00519,60,,,""
M5vsM6_anom_24m,equal_width,Relative Disturbance,GPPsat,High,5,-2.21834,60,,,""
M5vsM6_anom_24m,equal_width,Relative Disturbance,NEPmax,High,5,-3.56682,80,,,""
M5vsM6_anom_24m,equal_width,Relative Disturbance,WUE,High,5,-0.21335,60,,,""
M5vsM6_anom_24m,equal_width,Relative Disturbance,uWUE,High,5,-0.12157,60,,,""
M5vsM6_anom_24m,natural_breaks,Absolute Mortality,ETmax,High,20,-0.00421,65,0.01746,0.07586,ns
M5vsM6_anom_24m,natural_breaks,Absolute Mortality,GPPsat,High,20,-0.47353,55,0.1902,0.2517,ns
M5vsM6_anom_24m,natural_breaks,Absolute Mortality,NEPmax,High,20,-0.49835,60,0.04833,0.1087,ns
M5vsM6_anom_24m,natural_breaks,Absolute Mortality,WUE,High,20,0.01466,45,0.3897,0.4385,ns
M5vsM6_anom_24m,natural_breaks,Absolute Mortality,uWUE,High,20,-0.00815,50,0.3614,0.417,ns
M5vsM6_anom_24m,natural_breaks,Absolute Mortality,ETmax,Mid,43,2e-05,48.8,0.4305,0.4613,ns
M5vsM6_anom_24m,natural_breaks,Absolute Mortality,GPPsat,Mid,43,-0.50311,67.4,0.006113,0.07586,ns
M5vsM6_anom_24m,natural_breaks,Absolute Mortality,NEPmax,Mid,43,-0.90244,69.8,0.01216,0.07586,ns
M5vsM6_anom_24m,natural_breaks,Absolute Mortality,WUE,Mid,43,-0.04571,69.8,0.02034,0.07586,ns
M5vsM6_anom_24m,natural_breaks,Absolute Mortality,uWUE,Mid,43,-0.00013,51.2,0.1538,0.2163,ns
M5vsM6_anom_24m,natural_breaks,Absolute Mortality,ETmax,Low,30,0.00088,46.7,0.5975,0.6253,ns
M5vsM6_anom_24m,natural_breaks,Absolute Mortality,GPPsat,Low,30,-0.77695,66.7,0.02788,0.08778,ns
M5vsM6_anom_24m,natural_breaks,Absolute Mortality,NEPmax,Low,30,-1.09108,63.3,0.01621,0.07586,ns
M5vsM6_anom_24m,natural_breaks,Absolute Mortality,WUE,Low,30,-0.04399,60,0.02192,0.07586,ns
M5vsM6_anom_24m,natural_breaks,Absolute Mortality,uWUE,Low,30,-0.06267,63.3,0.08731,0.1511,ns
M5vsM6_anom_24m,natural_breaks,Relative Mortality,ETmax,High,26,-0.00219,57.7,0.1265,0.1844,ns
M5vsM6_anom_24m,natural_breaks,Relative Mortality,GPPsat,High,26,-0.46971,61.5,0.09761,0.1569,ns
M5vsM6_anom_24m,natural_breaks,Relative Mortality,NEPmax,High,26,-0.59645,53.8,0.03567,0.1003,ns
M5vsM6_anom_24m,natural_breaks,Relative Mortality,WUE,High,26,-0.0211,57.7,0.2307,0.2884,ns
M5vsM6_anom_24m,natural_breaks,Relative Mortality,uWUE,High,26,-0.03663,53.8,0.2307,0.2884,ns
M5vsM6_anom_24m,natural_breaks,Relative Mortality,ETmax,Mid,32,-0.00086,56.2,0.07901,0.1422,ns
M5vsM6_anom_24m,natural_breaks,Relative Mortality,GPPsat,Mid,32,-0.73331,68.8,0.01155,0.07586,ns
M5vsM6_anom_24m,natural_breaks,Relative Mortality,NEPmax,Mid,32,-0.91822,75,0.01469,0.07586,ns
M5vsM6_anom_24m,natural_breaks,Relative Mortality,WUE,Mid,32,-0.08355,65.6,0.02124,0.07586,ns
M5vsM6_anom_24m,natural_breaks,Relative Mortality,uWUE,Mid,32,0.00268,46.9,0.3302,0.391,ns
M5vsM6_anom_24m,natural_breaks,Relative Mortality,ETmax,Low,35,0.00137,42.9,0.8096,0.828,ns
M5vsM6_anom_24m,natural_breaks,Relative Mortality,GPPsat,Low,35,-0.71467,62.9,0.02926,0.08778,ns
M5vsM6_anom_24m,natural_breaks,Relative Mortality,NEPmax,Low,35,-0.97142,65.7,0.01563,0.07586,ns
M5vsM6_anom_24m,natural_breaks,Relative Mortality,WUE,Low,35,-0.0387,60,0.04821,0.1087,ns
M5vsM6_anom_24m,natural_breaks,Relative Mortality,uWUE,Low,35,-0.06491,62.9,0.04348,0.1087,ns
M5vsM6_anom_24m,natural_breaks,Relative Disturbance,ETmax,Mid,35,-7e-04,54.3,0.06283,0.1178,ns
M5vsM6_anom_24m,natural_breaks,Relative Disturbance,GPPsat,Mid,35,-0.70899,71.4,0.002485,0.0559,ns
M5vsM6_anom_24m,natural_breaks,Relative Disturbance,NEPmax,Mid,35,-0.92263,80,0.0008081,0.03636,*
M5vsM6_anom_24m,natural_breaks,Relative Disturbance,WUE,Mid,35,-0.04571,65.7,0.01268,0.07586,ns
M5vsM6_anom_24m,natural_breaks,Relative Disturbance,uWUE,Mid,35,0.00384,45.7,0.3998,0.4388,ns
M5vsM6_anom_24m,natural_breaks,Relative Disturbance,ETmax,Low,35,0.00137,42.9,0.8725,0.8725,ns
M5vsM6_anom_24m,natural_breaks,Relative Disturbance,GPPsat,Low,35,-0.71467,60,0.05888,0.1152,ns
M5vsM6_anom_24m,natural_breaks,Relative Disturbance,NEPmax,Low,35,-0.90244,60,0.09643,0.1569,ns
M5vsM6_anom_24m,natural_breaks,Relative Disturbance,WUE,Low,35,-0.04121,60,0.05699,0.1152,ns
M5vsM6_anom_24m,natural_breaks,Relative Disturbance,uWUE,Low,35,-0.06491,62.9,0.03914,0.1036,ns
M5vsM6_anom_24m,natural_breaks,Relative Disturbance,ETmax,High,23,-0.00244,60.9,0.1208,0.1844,ns
M5vsM6_anom_24m,natural_breaks,Relative Disturbance,GPPsat,High,23,-0.46,60.9,0.127,0.1844,ns
M5vsM6_anom_24m,natural_breaks,Relative Disturbance,NEPmax,High,23,-0.45134,52.2,0.05516,0.1152,ns
M5vsM6_anom_24m,natural_breaks,Relative Disturbance,WUE,High,23,-0.0146,56.5,0.2766,0.3364,ns
M5vsM6_anom_24m,natural_breaks,Relative Disturbance,uWUE,High,23,-0.03685,56.5,0.1768,0.2411,ns
M7vsM8_raw_12m,tertiles,Absolute Mortality,ETmax,High,31,-0.00116,61.3,0.05963,0.4468,ns
M7vsM8_raw_12m,tertiles,Absolute Mortality,GPPsat,High,31,0.01877,48.4,0.3732,0.8904,ns
M7vsM8_raw_12m,tertiles,Absolute Mortality,NEPmax,High,31,-0.09211,54.8,0.1384,0.5661,ns
M7vsM8_raw_12m,tertiles,Absolute Mortality,WUE,High,31,-0.00125,51.6,0.4571,0.8904,ns
M7vsM8_raw_12m,tertiles,Absolute Mortality,uWUE,High,31,4e-04,45.2,0.5429,0.8904,ns
M7vsM8_raw_12m,tertiles,Absolute Mortality,ETmax,Mid,31,0.00083,38.7,0.725,0.9006,ns
M7vsM8_raw_12m,tertiles,Absolute Mortality,GPPsat,Mid,31,0.09612,35.5,0.8616,0.9208,ns
M7vsM8_raw_12m,tertiles,Absolute Mortality,NEPmax,Mid,31,0.00385,48.4,0.3807,0.8904,ns
M7vsM8_raw_12m,tertiles,Absolute Mortality,WUE,Mid,31,-0.00299,51.6,0.4961,0.8904,ns
M7vsM8_raw_12m,tertiles,Absolute Mortality,uWUE,Mid,31,0.00633,41.9,0.9004,0.9208,ns
M7vsM8_raw_12m,tertiles,Absolute Mortality,ETmax,Low,31,0.00077,41.9,0.7806,0.9006,ns
M7vsM8_raw_12m,tertiles,Absolute Mortality,GPPsat,Low,31,-0.20707,71,0.02229,0.3343,ns
M7vsM8_raw_12m,tertiles,Absolute Mortality,NEPmax,Low,31,-0.06103,61.3,0.1384,0.5661,ns
M7vsM8_raw_12m,tertiles,Absolute Mortality,WUE,Low,31,-0.00801,54.8,0.4032,0.8904,ns
M7vsM8_raw_12m,tertiles,Absolute Mortality,uWUE,Low,31,0.00174,48.4,0.6342,0.8918,ns
M7vsM8_raw_12m,tertiles,Relative Mortality,ETmax,High,31,0.00087,41.9,0.705,0.9006,ns
M7vsM8_raw_12m,tertiles,Relative Mortality,GPPsat,High,31,0.05152,41.9,0.5661,0.8904,ns
M7vsM8_raw_12m,tertiles,Relative Mortality,NEPmax,High,31,0.12446,38.7,0.7806,0.9006,ns
M7vsM8_raw_12m,tertiles,Relative Mortality,WUE,High,31,0.01244,41.9,0.824,0.9044,ns
M7vsM8_raw_12m,tertiles,Relative Mortality,uWUE,High,31,0.01002,38.7,0.8969,0.9208,ns
M7vsM8_raw_12m,tertiles,Relative Mortality,ETmax,Mid,31,-0.00098,58.1,0.02029,0.3343,ns
M7vsM8_raw_12m,tertiles,Relative Mortality,GPPsat,Mid,31,0.06261,45.2,0.5661,0.8904,ns
M7vsM8_raw_12m,tertiles,Relative Mortality,NEPmax,Mid,31,-0.0629,51.6,0.1863,0.6986,ns
M7vsM8_raw_12m,tertiles,Relative Mortality,WUE,Mid,31,-0.00801,54.8,0.2883,0.8353,ns
M7vsM8_raw_12m,tertiles,Relative Mortality,uWUE,Mid,31,4e-04,48.4,0.5195,0.8904,ns
M7vsM8_raw_12m,tertiles,Relative Mortality,ETmax,Low,31,0.00046,41.9,0.8084,0.9044,ns
M7vsM8_raw_12m,tertiles,Relative Mortality,GPPsat,Low,31,-0.14588,67.7,0.03972,0.4468,ns
M7vsM8_raw_12m,tertiles,Relative Mortality,NEPmax,Low,31,-0.14226,74.2,0.005578,0.251,ns
M7vsM8_raw_12m,tertiles,Relative Mortality,WUE,Low,31,-0.01453,61.3,0.2253,0.7241,ns
M7vsM8_raw_12m,tertiles,Relative Mortality,uWUE,Low,31,0.00174,48.4,0.6119,0.8918,ns
M7vsM8_raw_12m,tertiles,Relative Disturbance,ETmax,High,31,0.00038,45.2,0.5738,0.8904,ns
M7vsM8_raw_12m,tertiles,Relative Disturbance,GPPsat,High,31,0.05705,41.9,0.6774,0.8966,ns
M7vsM8_raw_12m,tertiles,Relative Disturbance,NEPmax,High,31,0.01979,45.2,0.4649,0.8904,ns
M7vsM8_raw_12m,tertiles,Relative Disturbance,WUE,High,31,0.01181,45.2,0.7806,0.9006,ns
M7vsM8_raw_12m,tertiles,Relative Disturbance,uWUE,High,31,0.01142,35.5,0.9511,0.9511,ns
M7vsM8_raw_12m,tertiles,Relative Disturbance,ETmax,Mid,31,-0.00029,51.6,0.1103,0.5516,ns
M7vsM8_raw_12m,tertiles,Relative Disturbance,GPPsat,Mid,31,0.05152,45.2,0.3156,0.8353,ns
M7vsM8_raw_12m,tertiles,Relative Disturbance,NEPmax,Mid,31,-0.02278,51.6,0.2253,0.7241,ns
M7vsM8_raw_12m,tertiles,Relative Disturbance,WUE,Mid,31,-0.01453,58.1,0.09296,0.5229,ns
M7vsM8_raw_12m,tertiles,Relative Disturbance,uWUE,Mid,31,4e-04,48.4,0.3018,0.8353,ns
M7vsM8_raw_12m,tertiles,Relative Disturbance,ETmax,Low,31,0.00037,45.2,0.6704,0.8966,ns
M7vsM8_raw_12m,tertiles,Relative Disturbance,GPPsat,Low,31,-0.14588,67.7,0.0695,0.4468,ns
M7vsM8_raw_12m,tertiles,Relative Disturbance,NEPmax,Low,31,-0.12047,67.7,0.05297,0.4468,ns
M7vsM8_raw_12m,tertiles,Relative Disturbance,WUE,Low,31,-0.00801,54.8,0.5661,0.8904,ns
M7vsM8_raw_12m,tertiles,Relative Disturbance,uWUE,Low,31,-0.00274,51.6,0.6342,0.8918,ns
M7vsM8_raw_12m,equal_width,Absolute Mortality,ETmax,Mid,35,-0.00094,54.3,0.06488,0.5677,ns
M7vsM8_raw_12m,equal_width,Absolute Mortality,GPPsat,Mid,35,0.15152,37.1,0.7517,0.9552,ns
M7vsM8_raw_12m,equal_width,Absolute Mortality,NEPmax,Mid,35,-0.0629,51.4,0.2695,0.6926,ns
M7vsM8_raw_12m,equal_width,Absolute Mortality,WUE,Mid,35,0.00539,45.7,0.725,0.9552,ns
M7vsM8_raw_12m,equal_width,Absolute Mortality,uWUE,Mid,35,0.00626,42.9,0.8508,0.9552,ns
M7vsM8_raw_12m,equal_width,Absolute Mortality,ETmax,Low,53,0.00083,41.5,0.8436,0.9552,ns
M7vsM8_raw_12m,equal_width,Absolute Mortality,GPPsat,Low,53,-0.08748,58.5,0.05357,0.5677,ns
M7vsM8_raw_12m,equal_width,Absolute Mortality,NEPmax,Low,53,-0.06103,56.6,0.1304,0.5729,ns
M7vsM8_raw_12m,equal_width,Absolute Mortality,WUE,Low,53,-0.01057,58.5,0.1809,0.5757,ns
M7vsM8_raw_12m,equal_width,Absolute Mortality,uWUE,Low,53,0.00445,45.3,0.7948,0.9552,ns
M7vsM8_raw_12m,equal_width,Absolute Mortality,ETmax,High,5,-0.00126,60,,,""
M7vsM8_raw_12m,equal_width,Absolute Mortality,GPPsat,High,5,-0.1272,80,,,""
M7vsM8_raw_12m,equal_width,Absolute Mortality,NEPmax,High,5,-0.27809,60,,,""
M7vsM8_raw_12m,equal_width,Absolute Mortality,WUE,High,5,0.03453,40,,,""
M7vsM8_raw_12m,equal_width,Absolute Mortality,uWUE,High,5,-0.02117,60,,,""
M7vsM8_raw_12m,equal_width,Relative Mortality,ETmax,Mid,33,-0.00094,54.5,0.2107,0.6145,ns
M7vsM8_raw_12m,equal_width,Relative Mortality,GPPsat,Mid,33,0.05152,42.4,0.5143,0.8745,ns
M7vsM8_raw_12m,equal_width,Relative Mortality,NEPmax,Mid,33,0.06993,45.5,0.5568,0.8843,ns
M7vsM8_raw_12m,equal_width,Relative Mortality,WUE,Mid,33,0.0124,39.4,0.9099,0.9552,ns
M7vsM8_raw_12m,equal_width,Relative Mortality,uWUE,Mid,33,0.01616,36.4,0.9552,0.9552,ns
M7vsM8_raw_12m,equal_width,Relative Mortality,ETmax,Low,53,0.00046,45.3,0.4823,0.8745,ns
M7vsM8_raw_12m,equal_width,Relative Mortality,GPPsat,Low,53,-0.02303,56.6,0.106,0.5729,ns
M7vsM8_raw_12m,equal_width,Relative Mortality,NEPmax,Low,53,-0.10076,62.3,0.03151,0.5514,ns
M7vsM8_raw_12m,equal_width,Relative Mortality,WUE,Low,53,-0.01453,60.4,0.1522,0.5757,ns
M7vsM8_raw_12m,equal_width,Relative Mortality,uWUE,Low,53,-0.00274,50.9,0.4965,0.8745,ns
M7vsM8_raw_12m,equal_width,Relative Mortality,ETmax,High,7,0.00131,28.6,0.8976,0.9552,ns
M7vsM8_raw_12m,equal_width,Relative Mortality,GPPsat,High,7,-0.07464,57.1,0.6637,0.9516,ns
M7vsM8_raw_12m,equal_width,Relative Mortality,NEPmax,High,7,0.01979,42.9,0.3999,0.8745,ns
M7vsM8_raw_12m,equal_width,Relative Mortality,WUE,High,7,-0.01902,57.1,0.2771,0.6926,ns
M7vsM8_raw_12m,equal_width,Relative Mortality,uWUE,High,7,0.00036,42.9,0.3363,0.7847,ns
M7vsM8_raw_12m,equal_width,Relative Disturbance,ETmax,Mid,35,-0.00094,54.3,0.1309,0.5729,ns
M7vsM8_raw_12m,equal_width,Relative Disturbance,GPPsat,Mid,35,0.05152,42.9,0.5811,0.8843,ns
M7vsM8_raw_12m,equal_width,Relative Disturbance,NEPmax,Mid,35,0.12374,40,0.6797,0.9516,ns
M7vsM8_raw_12m,equal_width,Relative Disturbance,WUE,Mid,35,0.0124,40,0.9063,0.9552,ns
M7vsM8_raw_12m,equal_width,Relative Disturbance,uWUE,Mid,35,0.01142,40,0.9484,0.9552,ns
M7vsM8_raw_12m,equal_width,Relative Disturbance,ETmax,Low,53,0.00046,45.3,0.5247,0.8745,ns
M7vsM8_raw_12m,equal_width,Relative Disturbance,GPPsat,Low,53,-0.02303,56.6,0.09963,0.5729,ns
M7vsM8_raw_12m,equal_width,Relative Disturbance,NEPmax,Low,53,-0.14226,66,0.02043,0.5514,ns
M7vsM8_raw_12m,equal_width,Relative Disturbance,WUE,Low,53,-0.01453,60.4,0.1651,0.5757,ns
M7vsM8_raw_12m,equal_width,Relative Disturbance,uWUE,Low,53,4e-04,49.1,0.5,0.8745,ns
M7vsM8_raw_12m,equal_width,Relative Disturbance,ETmax,High,5,0.0016,20,,,""
M7vsM8_raw_12m,equal_width,Relative Disturbance,GPPsat,High,5,-0.07464,60,,,""
M7vsM8_raw_12m,equal_width,Relative Disturbance,NEPmax,High,5,0.01979,40,,,""
M7vsM8_raw_12m,equal_width,Relative Disturbance,WUE,High,5,-0.06858,60,,,""
M7vsM8_raw_12m,equal_width,Relative Disturbance,uWUE,High,5,0.00626,40,,,""
M7vsM8_raw_12m,natural_breaks,Absolute Mortality,ETmax,High,20,-0.00135,55,0.1523,0.623,ns
M7vsM8_raw_12m,natural_breaks,Absolute Mortality,GPPsat,High,20,-0.02793,50,0.3475,0.8688,ns
M7vsM8_raw_12m,natural_breaks,Absolute Mortality,NEPmax,High,20,-0.07012,50,0.2941,0.815,ns
M7vsM8_raw_12m,natural_breaks,Absolute Mortality,WUE,High,20,0.01552,35,0.8726,0.9349,ns
M7vsM8_raw_12m,natural_breaks,Absolute Mortality,uWUE,High,20,-0.01119,55,0.1437,0.623,ns
M7vsM8_raw_12m,natural_breaks,Absolute Mortality,ETmax,Mid,43,0.00046,46.5,0.4305,0.9011,ns
M7vsM8_raw_12m,natural_breaks,Absolute Mortality,GPPsat,Mid,43,0.09612,39.5,0.7409,0.9011,ns
M7vsM8_raw_12m,natural_breaks,Absolute Mortality,NEPmax,Mid,43,-0.0629,51.2,0.2437,0.745,ns
M7vsM8_raw_12m,natural_breaks,Absolute Mortality,WUE,Mid,43,-0.01565,60.5,0.1778,0.6668,ns
M7vsM8_raw_12m,natural_breaks,Absolute Mortality,uWUE,Mid,43,0.0103,39.5,0.9584,0.9584,ns
M7vsM8_raw_12m,natural_breaks,Absolute Mortality,ETmax,Low,30,0.00057,43.3,0.7381,0.9011,ns
M7vsM8_raw_12m,natural_breaks,Absolute Mortality,GPPsat,Low,30,-0.18401,70,0.02923,0.3164,ns
M7vsM8_raw_12m,natural_breaks,Absolute Mortality,NEPmax,Low,30,-0.08089,63.3,0.1205,0.623,ns
M7vsM8_raw_12m,natural_breaks,Absolute Mortality,WUE,Low,30,-0.0078,53.3,0.4428,0.9011,ns
M7vsM8_raw_12m,natural_breaks,Absolute Mortality,uWUE,Low,30,0.0031,46.7,0.6819,0.9011,ns
M7vsM8_raw_12m,natural_breaks,Relative Mortality,ETmax,High,26,0.00109,38.5,0.7031,0.9011,ns
M7vsM8_raw_12m,natural_breaks,Relative Mortality,GPPsat,High,26,0.05429,38.5,0.6294,0.9011,ns
M7vsM8_raw_12m,natural_breaks,Relative Mortality,NEPmax,High,26,0.09719,42.3,0.6197,0.9011,ns
M7vsM8_raw_12m,natural_breaks,Relative Mortality,WUE,High,26,0.01254,38.5,0.9149,0.9357,ns
M7vsM8_raw_12m,natural_breaks,Relative Mortality,uWUE,High,26,0.00918,38.5,0.8933,0.9349,ns
M7vsM8_raw_12m,natural_breaks,Relative Mortality,ETmax,Mid,32,-0.00064,56.2,0.06146,0.4609,ns
M7vsM8_raw_12m,natural_breaks,Relative Mortality,GPPsat,Mid,32,0.08663,46.9,0.5558,0.9011,ns
M7vsM8_raw_12m,natural_breaks,Relative Mortality,NEPmax,Mid,32,0.01689,43.8,0.5261,0.9011,ns
M7vsM8_raw_12m,natural_breaks,Relative Mortality,WUE,Mid,32,-0.01183,56.2,0.2301,0.745,ns
M7vsM8_raw_12m,natural_breaks,Relative Mortality,uWUE,Mid,32,0.00276,43.8,0.614,0.9011,ns
M7vsM8_raw_12m,natural_breaks,Relative Mortality,ETmax,Low,35,0.00037,45.7,0.6619,0.9011,ns
M7vsM8_raw_12m,natural_breaks,Relative Mortality,GPPsat,Low,35,-0.14588,65.7,0.03516,0.3164,ns
M7vsM8_raw_12m,natural_breaks,Relative Mortality,NEPmax,Low,35,-0.14611,74.3,0.003526,0.1587,ns
M7vsM8_raw_12m,natural_breaks,Relative Mortality,WUE,Low,35,-0.01453,60,0.2483,0.745,ns
M7vsM8_raw_12m,natural_breaks,Relative Mortality,uWUE,Low,35,-0.00274,51.4,0.5229,0.9011,ns
M7vsM8_raw_12m,natural_breaks,Relative Disturbance,ETmax,Mid,35,-0.00098,62.9,0.02071,0.3164,ns
M7vsM8_raw_12m,natural_breaks,Relative Disturbance,GPPsat,Mid,35,0.01877,48.6,0.3685,0.8728,ns
M7vsM8_raw_12m,natural_breaks,Relative Disturbance,NEPmax,Mid,35,0.00787,45.7,0.5163,0.9011,ns
M7vsM8_raw_12m,natural_breaks,Relative Disturbance,WUE,Mid,35,-0.00776,54.3,0.09366,0.6021,ns
M7vsM8_raw_12m,natural_breaks,Relative Disturbance,uWUE,Mid,35,0.00303,42.9,0.6191,0.9011,ns
M7vsM8_raw_12m,natural_breaks,Relative Disturbance,ETmax,Low,35,0.00055,40,0.8351,0.9166,ns
M7vsM8_raw_12m,natural_breaks,Relative Disturbance,GPPsat,Low,35,-0.08748,60,0.1275,0.623,ns
M7vsM8_raw_12m,natural_breaks,Relative Disturbance,NEPmax,Low,35,-0.14226,68.6,0.02155,0.3164,ns
M7vsM8_raw_12m,natural_breaks,Relative Disturbance,WUE,Low,35,-0.00801,57.1,0.5554,0.9011,ns
M7vsM8_raw_12m,natural_breaks,Relative Disturbance,uWUE,Low,35,-0.00274,51.4,0.6679,0.9011,ns
M7vsM8_raw_12m,natural_breaks,Relative Disturbance,ETmax,High,23,0.00131,34.8,0.7985,0.9166,ns
M7vsM8_raw_12m,natural_breaks,Relative Disturbance,GPPsat,High,23,0.05705,43.5,0.4939,0.9011,ns
M7vsM8_raw_12m,natural_breaks,Relative Disturbance,NEPmax,High,23,0.01979,47.8,0.3079,0.815,ns
M7vsM8_raw_12m,natural_breaks,Relative Disturbance,WUE,High,23,0.01264,43.5,0.831,0.9166,ns
M7vsM8_raw_12m,natural_breaks,Relative Disturbance,uWUE,High,23,0.00694,39.1,0.8232,0.9166,ns
M7vsM8_raw_24m,tertiles,Absolute Mortality,ETmax,High,31,-0.00111,61.3,0.06198,0.3909,ns
M7vsM8_raw_24m,tertiles,Absolute Mortality,GPPsat,High,31,-0.01348,51.6,0.4108,0.8877,ns
M7vsM8_raw_24m,tertiles,Absolute Mortality,NEPmax,High,31,-0.12146,67.7,0.03494,0.3909,ns
M7vsM8_raw_24m,tertiles,Absolute Mortality,WUE,High,31,0.00804,48.4,0.4727,0.8877,ns
M7vsM8_raw_24m,tertiles,Absolute Mortality,uWUE,High,31,-0.01024,61.3,0.3018,0.817,ns
M7vsM8_raw_24m,tertiles,Absolute Mortality,ETmax,Mid,31,0.00024,45.2,0.8388,0.8877,ns
M7vsM8_raw_24m,tertiles,Absolute Mortality,GPPsat,Mid,31,0.017,45.2,0.8388,0.8877,ns
M7vsM8_raw_24m,tertiles,Absolute Mortality,NEPmax,Mid,31,0.03686,45.2,0.6193,0.8877,ns
M7vsM8_raw_24m,tertiles,Absolute Mortality,WUE,Mid,31,-0.00537,54.8,0.6982,0.8877,ns
M7vsM8_raw_24m,tertiles,Absolute Mortality,uWUE,Mid,31,-0.00195,51.6,0.4571,0.8877,ns
M7vsM8_raw_24m,tertiles,Absolute Mortality,ETmax,Low,31,0.00123,41.9,0.8897,0.9099,ns
M7vsM8_raw_24m,tertiles,Absolute Mortality,GPPsat,Low,31,-0.0866,58.1,0.1428,0.6424,ns
M7vsM8_raw_24m,tertiles,Absolute Mortality,NEPmax,Low,31,-0.05422,54.8,0.09965,0.4982,ns
M7vsM8_raw_24m,tertiles,Absolute Mortality,WUE,Low,31,-7e-05,51.6,0.5273,0.8877,ns
M7vsM8_raw_24m,tertiles,Absolute Mortality,uWUE,Low,31,0.0042,41.9,0.725,0.8877,ns
M7vsM8_raw_24m,tertiles,Relative Mortality,ETmax,High,31,0.00073,41.9,0.8482,0.8877,ns
M7vsM8_raw_24m,tertiles,Relative Mortality,GPPsat,High,31,0.03263,48.4,0.7628,0.8877,ns
M7vsM8_raw_24m,tertiles,Relative Mortality,NEPmax,High,31,-0.04074,58.1,0.3086,0.817,ns
M7vsM8_raw_24m,tertiles,Relative Mortality,WUE,High,31,0.01218,41.9,0.7315,0.8877,ns
M7vsM8_raw_24m,tertiles,Relative Mortality,uWUE,High,31,-0.01024,61.3,0.3807,0.8877,ns
M7vsM8_raw_24m,tertiles,Relative Mortality,ETmax,Mid,31,-0.00082,61.3,0.06441,0.3909,ns
M7vsM8_raw_24m,tertiles,Relative Mortality,GPPsat,Mid,31,0.03839,45.2,0.6982,0.8877,ns
M7vsM8_raw_24m,tertiles,Relative Mortality,NEPmax,Mid,31,0.0206,48.4,0.4262,0.8877,ns
M7vsM8_raw_24m,tertiles,Relative Mortality,WUE,Mid,31,-0.00537,54.8,0.6704,0.8877,ns
M7vsM8_raw_24m,tertiles,Relative Mortality,uWUE,Mid,31,-0.00728,58.1,0.2137,0.817,ns
M7vsM8_raw_24m,tertiles,Relative Mortality,ETmax,Low,31,0.00024,45.2,0.8388,0.8877,ns
M7vsM8_raw_24m,tertiles,Relative Mortality,GPPsat,Low,31,-0.18278,61.3,0.05297,0.3909,ns
M7vsM8_raw_24m,tertiles,Relative Mortality,NEPmax,Low,31,-0.1749,61.3,0.01444,0.3909,ns
M7vsM8_raw_24m,tertiles,Relative Mortality,WUE,Low,31,-0.00998,58.1,0.2372,0.817,ns
M7vsM8_raw_24m,tertiles,Relative Mortality,uWUE,Low,31,0.008,35.5,0.8388,0.8877,ns
M7vsM8_raw_24m,tertiles,Relative Disturbance,ETmax,High,31,0.00028,45.2,0.6342,0.8877,ns
M7vsM8_raw_24m,tertiles,Relative Disturbance,GPPsat,High,31,0.03839,45.2,0.7975,0.8877,ns
M7vsM8_raw_24m,tertiles,Relative Disturbance,NEPmax,High,31,-0.04609,58.1,0.3018,0.817,ns
M7vsM8_raw_24m,tertiles,Relative Disturbance,WUE,High,31,0.00804,48.4,0.6774,0.8877,ns
M7vsM8_raw_24m,tertiles,Relative Disturbance,uWUE,High,31,-0.01024,61.3,0.5273,0.8877,ns
M7vsM8_raw_24m,tertiles,Relative Disturbance,ETmax,Mid,31,-3e-05,51.6,0.275,0.817,ns
M7vsM8_raw_24m,tertiles,Relative Disturbance,GPPsat,Mid,31,0.09647,45.2,0.725,0.8877,ns
M7vsM8_raw_24m,tertiles,Relative Disturbance,NEPmax,Mid,31,-0.04074,51.6,0.3881,0.8877,ns
M7vsM8_raw_24m,tertiles,Relative Disturbance,WUE,Mid,31,-0.00549,58.1,0.2883,0.817,ns
M7vsM8_raw_24m,tertiles,Relative Disturbance,uWUE,Mid,31,-0.00787,61.3,0.0695,0.3909,ns
M7vsM8_raw_24m,tertiles,Relative Disturbance,ETmax,Low,31,-7e-05,51.6,0.7567,0.8877,ns
M7vsM8_raw_24m,tertiles,Relative Disturbance,GPPsat,Low,31,-0.18278,64.5,0.06692,0.3909,ns
M7vsM8_raw_24m,tertiles,Relative Disturbance,NEPmax,Low,31,-0.13132,58.1,0.02335,0.3909,ns
M7vsM8_raw_24m,tertiles,Relative Disturbance,WUE,Low,31,0.00186,48.4,0.7379,0.8877,ns
M7vsM8_raw_24m,tertiles,Relative Disturbance,uWUE,Low,31,0.013,32.3,0.9305,0.9305,ns
M7vsM8_raw_24m,equal_width,Absolute Mortality,ETmax,Mid,35,-0.00095,54.3,0.07359,0.6898,ns
M7vsM8_raw_24m,equal_width,Absolute Mortality,GPPsat,Mid,35,0.05469,42.9,0.8888,0.9458,ns
M7vsM8_raw_24m,equal_width,Absolute Mortality,NEPmax,Mid,35,-0.09387,60,0.1774,0.6898,ns
M7vsM8_raw_24m,equal_width,Absolute Mortality,WUE,Mid,35,0.00804,48.6,0.8096,0.9458,ns
M7vsM8_raw_24m,equal_width,Absolute Mortality,uWUE,Mid,35,-0.00547,54.3,0.5939,0.8661,ns
M7vsM8_raw_24m,equal_width,Absolute Mortality,ETmax,Low,53,0.00043,45.3,0.9445,0.9458,ns
M7vsM8_raw_24m,equal_width,Absolute Mortality,GPPsat,Low,53,-0.08448,56.6,0.1763,0.6898,ns
M7vsM8_raw_24m,equal_width,Absolute Mortality,NEPmax,Low,53,-0.01621,50.9,0.1502,0.6898,ns
M7vsM8_raw_24m,equal_width,Absolute Mortality,WUE,Low,53,-0.00752,54.7,0.4367,0.8044,ns
M7vsM8_raw_24m,equal_width,Absolute Mortality,uWUE,Low,53,0.00402,47.2,0.5458,0.8625,ns
M7vsM8_raw_24m,equal_width,Absolute Mortality,ETmax,High,5,-0.00049,60,,,""
M7vsM8_raw_24m,equal_width,Absolute Mortality,GPPsat,High,5,-0.17752,60,,,""
M7vsM8_raw_24m,equal_width,Absolute Mortality,NEPmax,High,5,-0.39152,80,,,""
M7vsM8_raw_24m,equal_width,Absolute Mortality,WUE,High,5,0.01132,40,,,""
M7vsM8_raw_24m,equal_width,Absolute Mortality,uWUE,High,5,-0.03428,80,,,""
M7vsM8_raw_24m,equal_width,Relative Mortality,ETmax,Mid,33,6e-05,48.5,0.3211,0.8044,ns
M7vsM8_raw_24m,equal_width,Relative Mortality,GPPsat,Mid,33,-0.05212,54.5,0.5214,0.8625,ns
M7vsM8_raw_24m,equal_width,Relative Mortality,NEPmax,Mid,33,-0.03617,54.5,0.4151,0.8044,ns
M7vsM8_raw_24m,equal_width,Relative Mortality,WUE,Mid,33,0.02085,42.4,0.907,0.9458,ns
M7vsM8_raw_24m,equal_width,Relative Mortality,uWUE,Mid,33,-0.00477,54.5,0.7735,0.9458,ns
M7vsM8_raw_24m,equal_width,Relative Mortality,ETmax,Low,53,-7e-05,52.8,0.5668,0.8625,ns
M7vsM8_raw_24m,equal_width,Relative Mortality,GPPsat,Low,53,-0.0334,52.8,0.3226,0.8044,ns
M7vsM8_raw_24m,equal_width,Relative Mortality,NEPmax,Low,53,-0.05422,54.7,0.06617,0.6898,ns
M7vsM8_raw_24m,equal_width,Relative Mortality,WUE,Low,53,-0.00752,56.6,0.3987,0.8044,ns
M7vsM8_raw_24m,equal_width,Relative Mortality,uWUE,Low,53,0.00402,47.2,0.3953,0.8044,ns
M7vsM8_raw_24m,equal_width,Relative Mortality,ETmax,High,7,0.00181,28.6,0.9458,0.9458,ns
M7vsM8_raw_24m,equal_width,Relative Mortality,GPPsat,High,7,0.15741,28.6,0.8641,0.9458,ns
M7vsM8_raw_24m,equal_width,Relative Mortality,NEPmax,High,7,-0.12146,71.4,0.1024,0.6898,ns
M7vsM8_raw_24m,equal_width,Relative Mortality,WUE,High,7,-0.02338,57.1,0.1763,0.6898,ns
M7vsM8_raw_24m,equal_width,Relative Mortality,uWUE,High,7,-0.0269,71.4,0.1024,0.6898,ns
M7vsM8_raw_24m,equal_width,Relative Disturbance,ETmax,Mid,35,-0.00048,51.4,0.2135,0.7472,ns
M7vsM8_raw_24m,equal_width,Relative Disturbance,GPPsat,Mid,35,-0.01348,51.4,0.6738,0.8863,ns
M7vsM8_raw_24m,equal_width,Relative Disturbance,NEPmax,Mid,35,-0.04074,57.1,0.4061,0.8044,ns
M7vsM8_raw_24m,equal_width,Relative Disturbance,WUE,Mid,35,0.01218,42.9,0.8857,0.9458,ns
M7vsM8_raw_24m,equal_width,Relative Disturbance,uWUE,Mid,35,-0.00718,60,0.6438,0.8863,ns
M7vsM8_raw_24m,equal_width,Relative Disturbance,ETmax,Low,53,-3e-05,50.9,0.6837,0.8863,ns
M7vsM8_raw_24m,equal_width,Relative Disturbance,GPPsat,Low,53,-0.0334,52.8,0.2885,0.8044,ns
M7vsM8_raw_24m,equal_width,Relative Disturbance,NEPmax,Low,53,-0.05422,54.7,0.04715,0.6898,ns
M7vsM8_raw_24m,equal_width,Relative Disturbance,WUE,Low,53,-0.00752,56.6,0.3616,0.8044,ns
M7vsM8_raw_24m,equal_width,Relative Disturbance,uWUE,Low,53,0.00688,43.4,0.5071,0.8625,ns
M7vsM8_raw_24m,equal_width,Relative Disturbance,ETmax,High,5,0.00181,20,,,""
M7vsM8_raw_24m,equal_width,Relative Disturbance,GPPsat,High,5,0.15741,40,,,""
M7vsM8_raw_24m,equal_width,Relative Disturbance,NEPmax,High,5,-0.12146,60,,,""
M7vsM8_raw_24m,equal_width,Relative Disturbance,WUE,High,5,-0.02338,60,,,""
M7vsM8_raw_24m,equal_width,Relative Disturbance,uWUE,High,5,-0.0269,80,,,""
M7vsM8_raw_24m,natural_breaks,Absolute Mortality,ETmax,High,20,-0.00111,60,0.2814,0.8768,ns
M7vsM8_raw_24m,natural_breaks,Absolute Mortality,GPPsat,High,20,0.00957,50,0.4926,0.885,ns
M7vsM8_raw_24m,natural_breaks,Absolute Mortality,NEPmax,High,20,-0.06998,65,0.1437,0.6465,ns
M7vsM8_raw_24m,natural_breaks,Absolute Mortality,WUE,High,20,0.01175,40,0.5813,0.885,ns
M7vsM8_raw_24m,natural_breaks,Absolute Mortality,uWUE,High,20,-0.0182,75,0.02969,0.4454,ns
M7vsM8_raw_24m,natural_breaks,Absolute Mortality,ETmax,Mid,43,6e-05,48.8,0.4591,0.885,ns
M7vsM8_raw_24m,natural_breaks,Absolute Mortality,GPPsat,Mid,43,0.00529,48.8,0.733,0.885,ns
M7vsM8_raw_24m,natural_breaks,Absolute Mortality,NEPmax,Mid,43,-0.01621,51.2,0.275,0.8768,ns
M7vsM8_raw_24m,natural_breaks,Absolute Mortality,WUE,Mid,43,-0.00549,58.1,0.5884,0.885,ns
M7vsM8_raw_24m,natural_breaks,Absolute Mortality,uWUE,Mid,43,0.01081,46.5,0.733,0.885,ns
M7vsM8_raw_24m,natural_breaks,Absolute Mortality,ETmax,Low,30,0.0013,43.3,0.8875,0.9077,ns
M7vsM8_raw_24m,natural_breaks,Absolute Mortality,GPPsat,Low,30,-0.07584,56.7,0.172,0.7038,ns
M7vsM8_raw_24m,natural_breaks,Absolute Mortality,NEPmax,Low,30,-0.08064,56.7,0.08096,0.6072,ns
M7vsM8_raw_24m,natural_breaks,Absolute Mortality,WUE,Low,30,-0.00283,50,0.5328,0.885,ns
M7vsM8_raw_24m,natural_breaks,Absolute Mortality,uWUE,Low,30,0.00554,43.3,0.7177,0.885,ns
M7vsM8_raw_24m,natural_breaks,Relative Mortality,ETmax,High,26,0.00102,42.3,0.813,0.8904,ns
M7vsM8_raw_24m,natural_breaks,Relative Mortality,GPPsat,High,26,0.04366,46.2,0.813,0.8904,ns
M7vsM8_raw_24m,natural_breaks,Relative Mortality,NEPmax,High,26,-0.03845,57.7,0.3803,0.885,ns
M7vsM8_raw_24m,natural_breaks,Relative Mortality,WUE,High,26,0.00968,46.2,0.6762,0.885,ns
M7vsM8_raw_24m,natural_breaks,Relative Mortality,uWUE,High,26,-0.01405,65.4,0.333,0.8768,ns
M7vsM8_raw_24m,natural_breaks,Relative Mortality,ETmax,Mid,32,-0.00058,56.2,0.137,0.6465,ns
M7vsM8_raw_24m,natural_breaks,Relative Mortality,GPPsat,Mid,32,0.02184,46.9,0.6965,0.885,ns
M7vsM8_raw_24m,natural_breaks,Relative Mortality,NEPmax,Mid,32,0.03904,46.9,0.5705,0.885,ns
M7vsM8_raw_24m,natural_breaks,Relative Mortality,WUE,Mid,32,0.00919,50,0.6899,0.885,ns
M7vsM8_raw_24m,natural_breaks,Relative Mortality,uWUE,Mid,32,-0.00633,56.2,0.3507,0.8768,ns
M7vsM8_raw_24m,natural_breaks,Relative Mortality,ETmax,Low,35,0.00023,48.6,0.7517,0.885,ns
M7vsM8_raw_24m,natural_breaks,Relative Mortality,GPPsat,Low,35,-0.12742,60,0.0759,0.6072,ns
M7vsM8_raw_24m,natural_breaks,Relative Mortality,NEPmax,Low,35,-0.18314,62.9,0.004715,0.2122,ns
M7vsM8_raw_24m,natural_breaks,Relative Mortality,WUE,Low,35,-0.00998,57.1,0.3087,0.8768,ns
M7vsM8_raw_24m,natural_breaks,Relative Mortality,uWUE,Low,35,0.008,37.1,0.767,0.885,ns
M7vsM8_raw_24m,natural_breaks,Relative Disturbance,ETmax,Mid,35,-0.00095,57.1,0.07827,0.6072,ns
M7vsM8_raw_24m,natural_breaks,Relative Disturbance,GPPsat,Mid,35,0.03839,48.6,0.725,0.885,ns
M7vsM8_raw_24m,natural_breaks,Relative Disturbance,NEPmax,Mid,35,-0.01621,51.4,0.5294,0.885,ns
M7vsM8_raw_24m,natural_breaks,Relative Disturbance,WUE,Mid,35,-0.00248,51.4,0.4641,0.885,ns
M7vsM8_raw_24m,natural_breaks,Relative Disturbance,uWUE,Mid,35,-0.01333,62.9,0.09926,0.6381,ns
M7vsM8_raw_24m,natural_breaks,Relative Disturbance,ETmax,Low,35,0.00023,48.6,0.831,0.8904,ns
M7vsM8_raw_24m,natural_breaks,Relative Disturbance,GPPsat,Low,35,-0.0866,57.1,0.1345,0.6465,ns
M7vsM8_raw_24m,natural_breaks,Relative Disturbance,NEPmax,Low,35,-0.10705,57.1,0.01991,0.4454,ns
M7vsM8_raw_24m,natural_breaks,Relative Disturbance,WUE,Low,35,-7e-05,51.4,0.714,0.885,ns
M7vsM8_raw_24m,natural_breaks,Relative Disturbance,uWUE,Low,35,0.013,31.4,0.9392,0.9392,ns
M7vsM8_raw_24m,natural_breaks,Relative Disturbance,ETmax,High,23,0.00079,39.1,0.853,0.8927,ns
M7vsM8_raw_24m,natural_breaks,Relative Disturbance,GPPsat,High,23,0.03263,47.8,0.6704,0.885,ns
M7vsM8_raw_24m,natural_breaks,Relative Disturbance,NEPmax,High,23,-0.09387,60.9,0.2015,0.7555,ns
M7vsM8_raw_24m,natural_breaks,Relative Disturbance,WUE,High,23,-0.0164,52.2,0.4939,0.885,ns
M7vsM8_raw_24m,natural_breaks,Relative Disturbance,uWUE,High,23,-0.01024,65.2,0.3187,0.8768,ns
M7vsM8_anom_12m,tertiles,Absolute Mortality,ETmax,High,31,-0.00114,58.1,0.2621,0.3024,ns
M7vsM8_anom_12m,tertiles,Absolute Mortality,GPPsat,High,31,-0.41272,67.7,0.01935,0.06697,ns
M7vsM8_anom_12m,tertiles,Absolute Mortality,NEPmax,High,31,-0.91399,80.6,0.005578,0.02949,*
M7vsM8_anom_12m,tertiles,Absolute Mortality,WUE,High,31,-0.02501,58.1,0.0432,0.1111,ns
M7vsM8_anom_12m,tertiles,Absolute Mortality,uWUE,High,31,-0.04025,61.3,0.07215,0.1451,ns
M7vsM8_anom_12m,tertiles,Absolute Mortality,ETmax,Mid,31,0.00099,41.9,0.7117,0.7812,ns
M7vsM8_anom_12m,tertiles,Absolute Mortality,GPPsat,Mid,31,-0.38254,61.3,0.04143,0.1111,ns
M7vsM8_anom_12m,tertiles,Absolute Mortality,NEPmax,Mid,31,-0.51087,64.5,0.01518,0.05692,ns
M7vsM8_anom_12m,tertiles,Absolute Mortality,WUE,Mid,31,-0.02316,54.8,0.2621,0.3024,ns
M7vsM8_anom_12m,tertiles,Absolute Mortality,uWUE,Mid,31,-0.03927,58.1,0.2621,0.3024,ns
M7vsM8_anom_12m,tertiles,Absolute Mortality,ETmax,Low,31,0.00124,41.9,0.7567,0.7919,ns
M7vsM8_anom_12m,tertiles,Absolute Mortality,GPPsat,Low,31,-0.77889,61.3,0.008185,0.03348,*
M7vsM8_anom_12m,tertiles,Absolute Mortality,NEPmax,Low,31,-0.66984,83.9,0.0002022,0.0091,**
M7vsM8_anom_12m,tertiles,Absolute Mortality,WUE,Low,31,-0.02645,58.1,0.1384,0.2076,ns
M7vsM8_anom_12m,tertiles,Absolute Mortality,uWUE,Low,31,-0.04236,64.5,0.09296,0.1604,ns
M7vsM8_anom_12m,tertiles,Relative Mortality,ETmax,High,31,0.00087,45.2,0.7379,0.7906,ns
M7vsM8_anom_12m,tertiles,Relative Mortality,GPPsat,High,31,-0.25126,58.1,0.05963,0.1342,ns
M7vsM8_anom_12m,tertiles,Relative Mortality,NEPmax,High,31,-0.8608,77.4,0.004447,0.02949,*
M7vsM8_anom_12m,tertiles,Relative Mortality,WUE,High,31,-0.02316,58.1,0.176,0.2475,ns
M7vsM8_anom_12m,tertiles,Relative Mortality,uWUE,High,31,-0.04025,61.3,0.1103,0.1712,ns
M7vsM8_anom_12m,tertiles,Relative Mortality,ETmax,Mid,31,-0.00098,54.8,0.1916,0.2607,ns
M7vsM8_anom_12m,tertiles,Relative Mortality,GPPsat,Mid,31,-0.66912,74.2,0.007348,0.03307,*
M7vsM8_anom_12m,tertiles,Relative Mortality,NEPmax,Mid,31,-0.80561,74.2,0.002778,0.02949,*
M7vsM8_anom_12m,tertiles,Relative Mortality,WUE,Mid,31,-0.06049,54.8,0.07488,0.1451,ns
M7vsM8_anom_12m,tertiles,Relative Mortality,uWUE,Mid,31,-0.03492,58.1,0.1518,0.2203,ns
M7vsM8_anom_12m,tertiles,Relative Mortality,ETmax,Low,31,0.00111,41.9,0.7806,0.7983,ns
M7vsM8_anom_12m,tertiles,Relative Mortality,GPPsat,Low,31,-0.59815,58.1,0.02679,0.08036,ns
M7vsM8_anom_12m,tertiles,Relative Mortality,NEPmax,Low,31,-0.43693,77.4,0.001807,0.0271,*
M7vsM8_anom_12m,tertiles,Relative Mortality,WUE,Low,31,-0.02645,58.1,0.1067,0.1712,ns
M7vsM8_anom_12m,tertiles,Relative Mortality,uWUE,Low,31,-0.04236,64.5,0.08058,0.1451,ns
M7vsM8_anom_12m,tertiles,Relative Disturbance,ETmax,High,31,0.00056,48.4,0.6119,0.6883,ns
M7vsM8_anom_12m,tertiles,Relative Disturbance,GPPsat,High,31,-0.37974,61.3,0.04503,0.1111,ns
M7vsM8_anom_12m,tertiles,Relative Disturbance,NEPmax,High,31,-0.91399,74.2,0.005578,0.02949,*
M7vsM8_anom_12m,tertiles,Relative Disturbance,WUE,High,31,-0.02182,54.8,0.2312,0.2973,ns
M7vsM8_anom_12m,tertiles,Relative Disturbance,uWUE,High,31,-0.06395,58.1,0.08058,0.1451,ns
M7vsM8_anom_12m,tertiles,Relative Disturbance,ETmax,Mid,31,-0.00098,58.1,0.197,0.2607,ns
M7vsM8_anom_12m,tertiles,Relative Disturbance,GPPsat,Mid,31,-0.60574,71,0.005899,0.02949,*
M7vsM8_anom_12m,tertiles,Relative Disturbance,NEPmax,Mid,31,-0.72951,77.4,0.0004475,0.01007,*
M7vsM8_anom_12m,tertiles,Relative Disturbance,WUE,Mid,31,-0.03792,54.8,0.07488,0.1451,ns
M7vsM8_anom_12m,tertiles,Relative Disturbance,uWUE,Mid,31,-0.03492,58.1,0.2558,0.3024,ns
M7vsM8_anom_12m,tertiles,Relative Disturbance,ETmax,Low,31,0.00124,35.5,0.8859,0.8859,ns
M7vsM8_anom_12m,tertiles,Relative Disturbance,GPPsat,Low,31,-0.59815,58.1,0.02229,0.07164,ns
M7vsM8_anom_12m,tertiles,Relative Disturbance,NEPmax,Low,31,-0.43693,77.4,0.005578,0.02949,*
M7vsM8_anom_12m,tertiles,Relative Disturbance,WUE,Low,31,-0.02782,61.3,0.09626,0.1604,ns
M7vsM8_anom_12m,tertiles,Relative Disturbance,uWUE,Low,31,-0.05683,67.7,0.04692,0.1111,ns
M7vsM8_anom_12m,equal_width,Absolute Mortality,ETmax,Mid,35,0.00056,48.6,0.4706,0.5491,ns
M7vsM8_anom_12m,equal_width,Absolute Mortality,GPPsat,Mid,35,-0.21888,57.1,0.1904,0.2666,ns
M7vsM8_anom_12m,equal_width,Absolute Mortality,NEPmax,Mid,35,-0.68397,71.4,0.0138,0.05366,ns
M7vsM8_anom_12m,equal_width,Absolute Mortality,WUE,Mid,35,0.03898,48.6,0.06083,0.1183,ns
M7vsM8_anom_12m,equal_width,Absolute Mortality,uWUE,Mid,35,-0.02887,60,0.1731,0.2525,ns
M7vsM8_anom_12m,equal_width,Absolute Mortality,ETmax,Low,53,0.00087,45.3,0.7235,0.7235,ns
M7vsM8_anom_12m,equal_width,Absolute Mortality,GPPsat,Low,53,-0.76086,66,0.0004094,0.003582,**
M7vsM8_anom_12m,equal_width,Absolute Mortality,NEPmax,Low,53,-0.6804,79.2,1.586e-05,0.000555,***
M7vsM8_anom_12m,equal_width,Absolute Mortality,WUE,Low,53,-0.02645,60.4,0.05856,0.1183,ns
M7vsM8_anom_12m,equal_width,Absolute Mortality,uWUE,Low,53,-0.05683,62.3,0.03344,0.09799,ns
M7vsM8_anom_12m,equal_width,Absolute Mortality,ETmax,High,5,-0.00103,60,,,""
M7vsM8_anom_12m,equal_width,Absolute Mortality,GPPsat,High,5,-1.52961,80,,,""
M7vsM8_anom_12m,equal_width,Absolute Mortality,NEPmax,High,5,-1.35722,80,,,""
M7vsM8_anom_12m,equal_width,Absolute Mortality,WUE,High,5,-0.02182,80,,,""
M7vsM8_anom_12m,equal_width,Absolute Mortality,uWUE,High,5,-0.06395,60,,,""
M7vsM8_anom_12m,equal_width,Relative Mortality,ETmax,Mid,33,0.00087,45.5,0.4929,0.5565,ns
M7vsM8_anom_12m,equal_width,Relative Mortality,GPPsat,Mid,33,-0.26727,63.6,0.03556,0.09799,ns
M7vsM8_anom_12m,equal_width,Relative Mortality,NEPmax,Mid,33,-0.69235,78.8,0.002657,0.01256,*
M7vsM8_anom_12m,equal_width,Relative Mortality,WUE,Mid,33,-0.02182,51.5,0.3275,0.4246,ns
M7vsM8_anom_12m,equal_width,Relative Mortality,uWUE,Mid,33,-0.04025,60.6,0.1585,0.2412,ns
M7vsM8_anom_12m,equal_width,Relative Mortality,ETmax,Low,53,0.00059,45.3,0.7054,0.7235,ns
M7vsM8_anom_12m,equal_width,Relative Mortality,GPPsat,Low,53,-0.60574,62.3,0.002872,0.01256,*
M7vsM8_anom_12m,equal_width,Relative Mortality,NEPmax,Low,53,-0.66984,73.6,0.0002277,0.003582,**
M7vsM8_anom_12m,equal_width,Relative Mortality,WUE,Low,53,-0.02782,58.5,0.04543,0.09938,ns
M7vsM8_anom_12m,equal_width,Relative Mortality,uWUE,Low,53,-0.03688,62.3,0.06617,0.1219,ns
M7vsM8_anom_12m,equal_width,Relative Mortality,ETmax,High,7,-0.00103,71.4,0.4663,0.5491,ns
M7vsM8_anom_12m,equal_width,Relative Mortality,GPPsat,High,7,-1.42306,71.4,0.1359,0.2163,ns
M7vsM8_anom_12m,equal_width,Relative Mortality,NEPmax,High,7,-1.35722,85.7,0.03796,0.09799,ns
M7vsM8_anom_12m,equal_width,Relative Mortality,WUE,High,7,-0.02501,71.4,0.1359,0.2163,ns
M7vsM8_anom_12m,equal_width,Relative Mortality,uWUE,High,7,-0.13164,57.1,0.1024,0.1793,ns
M7vsM8_anom_12m,equal_width,Relative Disturbance,ETmax,Mid,35,0.00087,42.9,0.5229,0.5719,ns
M7vsM8_anom_12m,equal_width,Relative Disturbance,GPPsat,Mid,35,-0.26727,60,0.04199,0.09799,ns
M7vsM8_anom_12m,equal_width,Relative Disturbance,NEPmax,Mid,35,-0.77677,80,0.001399,0.00979,**
M7vsM8_anom_12m,equal_width,Relative Disturbance,WUE,Mid,35,-0.02182,54.3,0.3441,0.4301,ns
M7vsM8_anom_12m,equal_width,Relative Disturbance,uWUE,Mid,35,-0.03927,57.1,0.2381,0.3205,ns
M7vsM8_anom_12m,equal_width,Relative Disturbance,ETmax,Low,53,3e-04,47.2,0.6805,0.7218,ns
M7vsM8_anom_12m,equal_width,Relative Disturbance,GPPsat,Low,53,-0.59815,64.2,0.002505,0.01256,*
M7vsM8_anom_12m,equal_width,Relative Disturbance,NEPmax,Low,53,-0.62288,73.6,0.0003164,0.003582,**
M7vsM8_anom_12m,equal_width,Relative Disturbance,WUE,Low,53,-0.02782,58.5,0.04136,0.09799,ns
M7vsM8_anom_12m,equal_width,Relative Disturbance,uWUE,Low,53,-0.04236,64.2,0.03089,0.09799,ns
M7vsM8_anom_12m,equal_width,Relative Disturbance,ETmax,High,5,-0.00103,80,,,""
M7vsM8_anom_12m,equal_width,Relative Disturbance,GPPsat,High,5,-1.42306,80,,,""
M7vsM8_anom_12m,equal_width,Relative Disturbance,NEPmax,High,5,-1.77637,80,,,""
M7vsM8_anom_12m,equal_width,Relative Disturbance,WUE,High,5,-0.23483,60,,,""
M7vsM8_anom_12m,equal_width,Relative Disturbance,uWUE,High,5,-0.13164,60,,,""
M7vsM8_anom_12m,natural_breaks,Absolute Mortality,ETmax,High,20,0.00019,50,0.5959,0.654,ns
M7vsM8_anom_12m,natural_breaks,Absolute Mortality,GPPsat,High,20,-0.33596,60,0.09253,0.1711,ns
M7vsM8_anom_12m,natural_breaks,Absolute Mortality,NEPmax,High,20,-0.88739,75,0.05219,0.1241,ns
M7vsM8_anom_12m,natural_breaks,Absolute Mortality,WUE,High,20,0.01525,50,0.3614,0.417,ns
M7vsM8_anom_12m,natural_breaks,Absolute Mortality,uWUE,High,20,-0.04641,60,0.1802,0.2457,ns
M7vsM8_anom_12m,natural_breaks,Absolute Mortality,ETmax,Mid,43,0.00056,48.8,0.3929,0.442,ns
M7vsM8_anom_12m,natural_breaks,Absolute Mortality,GPPsat,Mid,43,-0.41831,67.4,0.008268,0.04219,*
M7vsM8_anom_12m,natural_breaks,Absolute Mortality,NEPmax,Mid,43,-0.66917,72.1,9e-04,0.0135,*
M7vsM8_anom_12m,natural_breaks,Absolute Mortality,WUE,Mid,43,-0.03792,58.1,0.04489,0.1241,ns
M7vsM8_anom_12m,natural_breaks,Absolute Mortality,uWUE,Mid,43,-0.03927,60.5,0.09508,0.1711,ns
M7vsM8_anom_12m,natural_breaks,Absolute Mortality,ETmax,Low,30,0.00077,43.3,0.7246,0.7583,ns
M7vsM8_anom_12m,natural_breaks,Absolute Mortality,GPPsat,Low,30,-0.68852,60,0.01316,0.0501,ns
M7vsM8_anom_12m,natural_breaks,Absolute Mortality,NEPmax,Low,30,-0.68109,83.3,0.0002544,0.008087,**
M7vsM8_anom_12m,natural_breaks,Absolute Mortality,WUE,Low,30,-0.02713,60,0.129,0.1978,ns
M7vsM8_anom_12m,natural_breaks,Absolute Mortality,uWUE,Low,30,-0.04959,63.3,0.1048,0.1814,ns
M7vsM8_anom_12m,natural_breaks,Relative Mortality,ETmax,High,26,0.00071,46.2,0.7204,0.7583,ns
M7vsM8_anom_12m,natural_breaks,Relative Mortality,GPPsat,High,26,-0.3155,61.5,0.06377,0.1366,ns
M7vsM8_anom_12m,natural_breaks,Relative Mortality,NEPmax,High,26,-0.88739,73.1,0.01447,0.0501,ns
M7vsM8_anom_12m,natural_breaks,Relative Mortality,WUE,High,26,-0.01515,53.8,0.333,0.3943,ns
M7vsM8_anom_12m,natural_breaks,Relative Mortality,uWUE,High,26,-0.04641,57.7,0.1319,0.1978,ns
M7vsM8_anom_12m,natural_breaks,Relative Mortality,ETmax,Mid,32,-0.00113,56.2,0.1541,0.223,ns
M7vsM8_anom_12m,natural_breaks,Relative Mortality,GPPsat,Mid,32,-0.49311,68.8,0.01401,0.0501,ns
M7vsM8_anom_12m,natural_breaks,Relative Mortality,NEPmax,Mid,32,-0.70674,75,0.003446,0.02585,*
M7vsM8_anom_12m,natural_breaks,Relative Mortality,WUE,Mid,32,-0.0492,56.2,0.1139,0.1889,ns
M7vsM8_anom_12m,natural_breaks,Relative Mortality,uWUE,Mid,32,-0.03709,59.4,0.1586,0.223,ns
M7vsM8_anom_12m,natural_breaks,Relative Mortality,ETmax,Low,35,0.00111,40,0.8508,0.8702,ns
M7vsM8_anom_12m,natural_breaks,Relative Mortality,GPPsat,Low,35,-0.60574,60,0.009376,0.04219,*
M7vsM8_anom_12m,natural_breaks,Relative Mortality,NEPmax,Low,35,-0.62288,80,0.0003594,0.008087,**
M7vsM8_anom_12m,natural_breaks,Relative Mortality,WUE,Low,35,-0.02782,60,0.05514,0.1241,ns
M7vsM8_anom_12m,natural_breaks,Relative Mortality,uWUE,Low,35,-0.05683,65.7,0.05333,0.1241,ns
M7vsM8_anom_12m,natural_breaks,Relative Disturbance,ETmax,Mid,35,-0.00052,54.3,0.2916,0.3615,ns
M7vsM8_anom_12m,natural_breaks,Relative Disturbance,GPPsat,Mid,35,-0.56791,68.6,0.008972,0.04219,*
M7vsM8_anom_12m,natural_breaks,Relative Disturbance,NEPmax,Mid,35,-0.68397,80,0.001325,0.01491,*
M7vsM8_anom_12m,natural_breaks,Relative Disturbance,WUE,Mid,35,-0.03792,57.1,0.09095,0.1711,ns
M7vsM8_anom_12m,natural_breaks,Relative Disturbance,uWUE,Mid,35,-0.03492,57.1,0.2183,0.2889,ns
M7vsM8_anom_12m,natural_breaks,Relative Disturbance,ETmax,Low,35,0.00144,34.3,0.943,0.943,ns
M7vsM8_anom_12m,natural_breaks,Relative Disturbance,GPPsat,Low,35,-0.31015,54.3,0.03151,0.09453,ns
M7vsM8_anom_12m,natural_breaks,Relative Disturbance,NEPmax,Low,35,-0.43031,71.4,0.005694,0.0366,*
M7vsM8_anom_12m,natural_breaks,Relative Disturbance,WUE,Low,35,-0.02782,60,0.1175,0.1889,ns
M7vsM8_anom_12m,natural_breaks,Relative Disturbance,uWUE,Low,35,-0.05683,65.7,0.0883,0.1711,ns
M7vsM8_anom_12m,natural_breaks,Relative Disturbance,ETmax,High,23,-0.00054,56.5,0.2973,0.3615,ns
M7vsM8_anom_12m,natural_breaks,Relative Disturbance,GPPsat,High,23,-0.41272,69.6,0.01861,0.05981,ns
M7vsM8_anom_12m,natural_breaks,Relative Disturbance,NEPmax,High,23,-1.06306,78.3,0.002957,0.02585,*
M7vsM8_anom_12m,natural_breaks,Relative Disturbance,WUE,High,23,-0.00848,52.2,0.2973,0.3615,ns
M7vsM8_anom_12m,natural_breaks,Relative Disturbance,uWUE,High,23,-0.06395,60.9,0.0487,0.1241,ns
M7vsM8_anom_24m,tertiles,Absolute Mortality,ETmax,High,31,-0.00077,54.8,0.2137,0.2748,ns
M7vsM8_anom_24m,tertiles,Absolute Mortality,GPPsat,High,31,-0.35543,67.7,0.03202,0.11,ns
M7vsM8_anom_24m,tertiles,Absolute Mortality,NEPmax,High,31,-0.9751,77.4,0.001155,0.01732,*
M7vsM8_anom_24m,tertiles,Absolute Mortality,WUE,High,31,-0.05092,58.1,0.04887,0.11,ns
M7vsM8_anom_24m,tertiles,Absolute Mortality,uWUE,High,31,-0.03505,64.5,0.06692,0.1205,ns
M7vsM8_anom_24m,tertiles,Absolute Mortality,ETmax,Mid,31,7e-04,48.4,0.803,0.8404,ns
M7vsM8_anom_24m,tertiles,Absolute Mortality,GPPsat,Mid,31,-0.3776,64.5,0.06198,0.1162,ns
M7vsM8_anom_24m,tertiles,Absolute Mortality,NEPmax,Mid,31,-0.64932,61.3,0.05512,0.1122,ns
M7vsM8_anom_24m,tertiles,Absolute Mortality,WUE,Mid,31,0.00926,48.4,0.2433,0.2881,ns
M7vsM8_anom_24m,tertiles,Absolute Mortality,uWUE,Mid,31,-0.026,58.1,0.3439,0.3969,ns
M7vsM8_anom_24m,tertiles,Absolute Mortality,ETmax,Low,31,0.00081,45.2,0.6561,0.7182,ns
M7vsM8_anom_24m,tertiles,Absolute Mortality,GPPsat,Low,31,-0.65294,61.3,0.01011,0.04588,*
M7vsM8_anom_24m,tertiles,Absolute Mortality,NEPmax,Low,31,-1.0448,74.2,0.0003619,0.01629,*
M7vsM8_anom_24m,tertiles,Absolute Mortality,WUE,Low,31,-0.02413,61.3,0.03972,0.11,ns
M7vsM8_anom_24m,tertiles,Absolute Mortality,uWUE,Low,31,-0.02319,58.1,0.2312,0.2812,ns
M7vsM8_anom_24m,tertiles,Relative Mortality,ETmax,High,31,5e-04,48.4,0.6704,0.7182,ns
M7vsM8_anom_24m,tertiles,Relative Mortality,GPPsat,High,31,-0.28708,64.5,0.04503,0.11,ns
M7vsM8_anom_24m,tertiles,Relative Mortality,NEPmax,High,31,-0.9422,71,0.005899,0.03792,*
M7vsM8_anom_24m,tertiles,Relative Mortality,WUE,High,31,0,51.6,0.208,0.2748,ns
M7vsM8_anom_24m,tertiles,Relative Mortality,uWUE,High,31,-0.03505,64.5,0.1564,0.259,ns
M7vsM8_anom_24m,tertiles,Relative Mortality,ETmax,Mid,31,-0.00118,61.3,0.176,0.2716,ns
M7vsM8_anom_24m,tertiles,Relative Mortality,GPPsat,Mid,31,-0.75668,74.2,0.01122,0.04588,*
M7vsM8_anom_24m,tertiles,Relative Mortality,NEPmax,Mid,31,-1.0448,74.2,0.002615,0.02818,*
M7vsM8_anom_24m,tertiles,Relative Mortality,WUE,Mid,31,-0.11211,54.8,0.03972,0.11,ns
M7vsM8_anom_24m,tertiles,Relative Mortality,uWUE,Mid,31,-0.03069,61.3,0.1811,0.2716,ns
M7vsM8_anom_24m,tertiles,Relative Mortality,ETmax,Low,31,0.00104,38.7,0.8436,0.8627,ns
M7vsM8_anom_24m,tertiles,Relative Mortality,GPPsat,Low,31,-0.12167,54.8,0.04503,0.11,ns
M7vsM8_anom_24m,tertiles,Relative Mortality,NEPmax,Low,31,-0.80915,67.7,0.003131,0.02818,*
M7vsM8_anom_24m,tertiles,Relative Mortality,WUE,Low,31,-0.02413,61.3,0.05297,0.1122,ns
M7vsM8_anom_24m,tertiles,Relative Mortality,uWUE,Low,31,-0.00277,54.8,0.2253,0.2812,ns
M7vsM8_anom_24m,tertiles,Relative Disturbance,ETmax,High,31,5e-04,48.4,0.6043,0.6799,ns
M7vsM8_anom_24m,tertiles,Relative Disturbance,GPPsat,High,31,-0.28708,67.7,0.03972,0.11,ns
M7vsM8_anom_24m,tertiles,Relative Disturbance,NEPmax,High,31,-0.95146,71,0.006959,0.03915,*
M7vsM8_anom_24m,tertiles,Relative Disturbance,WUE,High,31,0,51.6,0.2025,0.2748,ns
M7vsM8_anom_24m,tertiles,Relative Disturbance,uWUE,High,31,-0.03381,58.1,0.197,0.2748,ns
M7vsM8_anom_24m,tertiles,Relative Disturbance,ETmax,Mid,31,-0.00118,61.3,0.1299,0.2248,ns
M7vsM8_anom_24m,tertiles,Relative Disturbance,GPPsat,Mid,31,-0.65294,74.2,0.01122,0.04588,*
M7vsM8_anom_24m,tertiles,Relative Disturbance,NEPmax,Mid,31,-0.87587,74.2,0.000948,0.01732,*
M7vsM8_anom_24m,tertiles,Relative Disturbance,WUE,Mid,31,-0.04954,54.8,0.04692,0.11,ns
M7vsM8_anom_24m,tertiles,Relative Disturbance,uWUE,Mid,31,-0.03235,64.5,0.2025,0.2748,ns
M7vsM8_anom_24m,tertiles,Relative Disturbance,ETmax,Low,31,0.00104,38.7,0.9164,0.9164,ns
M7vsM8_anom_24m,tertiles,Relative Disturbance,GPPsat,Low,31,-0.12167,51.6,0.0432,0.11,ns
M7vsM8_anom_24m,tertiles,Relative Disturbance,NEPmax,Low,31,-0.99349,67.7,0.005899,0.03792,*
M7vsM8_anom_24m,tertiles,Relative Disturbance,WUE,Low,31,-0.04208,61.3,0.05734,0.1122,ns
M7vsM8_anom_24m,tertiles,Relative Disturbance,uWUE,Low,31,-0.03069,58.1,0.1612,0.259,ns
M7vsM8_anom_24m,equal_width,Absolute Mortality,ETmax,Mid,35,-0.00065,51.4,0.4253,0.4962,ns
M7vsM8_anom_24m,equal_width,Absolute Mortality,GPPsat,Mid,35,-0.24554,62.9,0.1649,0.2623,ns
M7vsM8_anom_24m,equal_width,Absolute Mortality,NEPmax,Mid,35,-0.64932,65.7,0.01913,0.05581,ns
M7vsM8_anom_24m,equal_width,Absolute Mortality,WUE,Mid,35,-0.03844,51.4,0.09643,0.1875,ns
M7vsM8_anom_24m,equal_width,Absolute Mortality,uWUE,Mid,35,-0.03553,62.9,0.138,0.23,ns
M7vsM8_anom_24m,equal_width,Absolute Mortality,ETmax,Low,53,0.00047,49.1,0.6217,0.6799,ns
M7vsM8_anom_24m,equal_width,Absolute Mortality,GPPsat,Low,53,-0.65294,64.2,0.001095,0.009585,**
M7vsM8_anom_24m,equal_width,Absolute Mortality,NEPmax,Low,53,-0.99349,71.7,3.792e-05,0.001327,**
M7vsM8_anom_24m,equal_width,Absolute Mortality,WUE,Low,53,-0.02413,58.5,0.03151,0.08476,ns
M7vsM8_anom_24m,equal_width,Absolute Mortality,uWUE,Low,53,-0.02319,58.5,0.1286,0.225,ns
M7vsM8_anom_24m,equal_width,Absolute Mortality,ETmax,High,5,0.00097,40,,,""
M7vsM8_anom_24m,equal_width,Absolute Mortality,GPPsat,High,5,-1.77575,80,,,""
M7vsM8_anom_24m,equal_width,Absolute Mortality,NEPmax,High,5,-1.5412,100,,,""
M7vsM8_anom_24m,equal_width,Absolute Mortality,WUE,High,5,-0.05092,60,,,""
M7vsM8_anom_24m,equal_width,Absolute Mortality,uWUE,High,5,-0.03505,60,,,""
M7vsM8_anom_24m,equal_width,Relative Mortality,ETmax,Mid,33,-0.00065,54.5,0.3943,0.4759,ns
M7vsM8_anom_24m,equal_width,Relative Mortality,GPPsat,Mid,33,-0.28708,66.7,0.04829,0.1127,ns
M7vsM8_anom_24m,equal_width,Relative Mortality,NEPmax,Mid,33,-0.94404,69.7,0.007549,0.03303,*
M7vsM8_anom_24m,equal_width,Relative Mortality,WUE,Mid,33,0.0106,48.5,0.3537,0.4422,ns
M7vsM8_anom_24m,equal_width,Relative Mortality,uWUE,Mid,33,-0.03235,60.6,0.296,0.4144,ns
M7vsM8_anom_24m,equal_width,Relative Mortality,ETmax,Low,53,7e-04,47.2,0.7085,0.7514,ns
M7vsM8_anom_24m,equal_width,Relative Mortality,GPPsat,Low,53,-0.65294,62.3,0.004995,0.02836,*
M7vsM8_anom_24m,equal_width,Relative Mortality,NEPmax,Low,53,-0.87587,67.9,0.0002964,0.003458,**
M7vsM8_anom_24m,equal_width,Relative Mortality,WUE,Low,53,-0.04954,60.4,0.009265,0.03579,*
M7vsM8_anom_24m,equal_width,Relative Mortality,uWUE,Low,53,-0.03069,60.4,0.08228,0.1694,ns
M7vsM8_anom_24m,equal_width,Relative Mortality,ETmax,High,7,0.00097,42.9,0.7766,0.7766,ns
M7vsM8_anom_24m,equal_width,Relative Mortality,GPPsat,High,7,-1.24894,71.4,0.1024,0.1887,ns
M7vsM8_anom_24m,equal_width,Relative Mortality,NEPmax,High,7,-1.5412,100,0.01125,0.03579,*
M7vsM8_anom_24m,equal_width,Relative Mortality,WUE,High,7,-0.05092,57.1,0.1763,0.2682,ns
M7vsM8_anom_24m,equal_width,Relative Mortality,uWUE,High,7,-0.03505,57.1,0.2234,0.3258,ns
M7vsM8_anom_24m,equal_width,Relative Disturbance,ETmax,Mid,35,-0.00065,54.3,0.3502,0.4422,ns
M7vsM8_anom_24m,equal_width,Relative Disturbance,GPPsat,Mid,35,-0.28708,65.7,0.0339,0.08476,ns
M7vsM8_anom_24m,equal_width,Relative Disturbance,NEPmax,Mid,35,-0.88473,71.4,0.004715,0.02836,*
M7vsM8_anom_24m,equal_width,Relative Disturbance,WUE,Mid,35,0.0106,48.6,0.3262,0.4391,ns
M7vsM8_anom_24m,equal_width,Relative Disturbance,uWUE,Mid,35,-0.02319,57.1,0.4511,0.5093,ns
M7vsM8_anom_24m,equal_width,Relative Disturbance,ETmax,Low,53,7e-04,47.2,0.7438,0.7657,ns
M7vsM8_anom_24m,equal_width,Relative Disturbance,GPPsat,Low,53,-0.65294,62.3,0.005672,0.02836,*
M7vsM8_anom_24m,equal_width,Relative Disturbance,NEPmax,Low,53,-0.99349,67.9,0.0002964,0.003458,**
M7vsM8_anom_24m,equal_width,Relative Disturbance,WUE,Low,53,-0.04954,60.4,0.01093,0.03579,*
M7vsM8_anom_24m,equal_width,Relative Disturbance,uWUE,Low,53,-0.03553,62.3,0.05261,0.1151,ns
M7vsM8_anom_24m,equal_width,Relative Disturbance,ETmax,High,5,0.00097,40,,,""
M7vsM8_anom_24m,equal_width,Relative Disturbance,GPPsat,High,5,-1.24894,80,,,""
M7vsM8_anom_24m,equal_width,Relative Disturbance,NEPmax,High,5,-1.93094,100,,,""
M7vsM8_anom_24m,equal_width,Relative Disturbance,WUE,High,5,-0.25208,60,,,""
M7vsM8_anom_24m,equal_width,Relative Disturbance,uWUE,High,5,-0.15051,60,,,""
M7vsM8_anom_24m,natural_breaks,Absolute Mortality,ETmax,High,20,0.00014,50,0.5074,0.5855,ns
M7vsM8_anom_24m,natural_breaks,Absolute Mortality,GPPsat,High,20,-0.21201,55,0.1902,0.2792,ns
M7vsM8_anom_24m,natural_breaks,Absolute Mortality,NEPmax,High,20,-0.95957,80,0.01448,0.05612,ns
M7vsM8_anom_24m,natural_breaks,Absolute Mortality,WUE,High,20,-0.01392,50,0.2111,0.2792,ns
M7vsM8_anom_24m,natural_breaks,Absolute Mortality,uWUE,High,20,-0.03308,65,0.1437,0.2394,ns
M7vsM8_anom_24m,natural_breaks,Absolute Mortality,ETmax,Mid,43,-0.00057,51.2,0.5504,0.6193,ns
M7vsM8_anom_24m,natural_breaks,Absolute Mortality,GPPsat,Mid,43,-0.66817,72.1,0.008268,0.05315,ns
M7vsM8_anom_24m,natural_breaks,Absolute Mortality,NEPmax,Mid,43,-0.64932,62.8,0.007485,0.05315,ns
M7vsM8_anom_24m,natural_breaks,Absolute Mortality,WUE,Mid,43,-0.047,53.5,0.05348,0.1146,ns
M7vsM8_anom_24m,natural_breaks,Absolute Mortality,uWUE,Mid,43,-0.03553,58.1,0.181,0.2792,ns
M7vsM8_anom_24m,natural_breaks,Absolute Mortality,ETmax,Low,30,0.00064,46.7,0.629,0.6739,ns
M7vsM8_anom_24m,natural_breaks,Absolute Mortality,GPPsat,Low,30,-0.61336,60,0.01621,0.05612,ns
M7vsM8_anom_24m,natural_breaks,Absolute Mortality,NEPmax,Low,30,-1.06782,76.7,0.0003197,0.0122,*
M7vsM8_anom_24m,natural_breaks,Absolute Mortality,WUE,Low,30,-0.03311,63.3,0.03207,0.0849,ns
M7vsM8_anom_24m,natural_breaks,Absolute Mortality,uWUE,Low,30,-0.02694,60,0.2233,0.2792,ns
M7vsM8_anom_24m,natural_breaks,Relative Mortality,ETmax,High,26,0.00095,42.3,0.8197,0.8579,ns
M7vsM8_anom_24m,natural_breaks,Relative Mortality,GPPsat,High,26,-0.31197,65.4,0.06066,0.1241,ns
M7vsM8_anom_24m,natural_breaks,Relative Mortality,NEPmax,High,26,-0.94775,73.1,0.01357,0.05612,ns
M7vsM8_anom_24m,natural_breaks,Relative Mortality,WUE,High,26,0.0053,50,0.3238,0.3834,ns
M7vsM8_anom_24m,natural_breaks,Relative Mortality,uWUE,High,26,-0.03443,61.5,0.2082,0.2792,ns
M7vsM8_anom_24m,natural_breaks,Relative Mortality,ETmax,Mid,32,-0.00133,65.6,0.04185,0.09911,ns
M7vsM8_anom_24m,natural_breaks,Relative Mortality,GPPsat,Mid,32,-0.66056,71.9,0.02221,0.06663,ns
M7vsM8_anom_24m,natural_breaks,Relative Mortality,NEPmax,Mid,32,-0.76259,68.8,0.005069,0.04562,*
M7vsM8_anom_24m,natural_breaks,Relative Mortality,WUE,Mid,32,-0.08083,53.1,0.04898,0.1102,ns
M7vsM8_anom_24m,natural_breaks,Relative Mortality,uWUE,Mid,32,-0.02917,62.5,0.2027,0.2792,ns
M7vsM8_anom_24m,natural_breaks,Relative Mortality,ETmax,Low,35,0.00104,40,0.8978,0.9183,ns
M7vsM8_anom_24m,natural_breaks,Relative Mortality,GPPsat,Low,35,-0.57377,57.1,0.01499,0.05612,ns
M7vsM8_anom_24m,natural_breaks,Relative Mortality,NEPmax,Low,35,-0.99349,71.4,0.0005422,0.0122,*
M7vsM8_anom_24m,natural_breaks,Relative Mortality,WUE,Low,35,-0.04208,62.9,0.02926,0.08229,ns
M7vsM8_anom_24m,natural_breaks,Relative Mortality,uWUE,Low,35,-0.03069,57.1,0.153,0.2459,ns
M7vsM8_anom_24m,natural_breaks,Relative Disturbance,ETmax,Mid,35,-0.00121,62.9,0.08317,0.156,ns
M7vsM8_anom_24m,natural_breaks,Relative Disturbance,GPPsat,Mid,35,-0.63433,71.4,0.02155,0.06663,ns
M7vsM8_anom_24m,natural_breaks,Relative Disturbance,NEPmax,Mid,35,-0.64932,71.4,0.001641,0.02278,*
M7vsM8_anom_24m,natural_breaks,Relative Disturbance,WUE,Mid,35,-0.04954,54.3,0.1051,0.1819,ns
M7vsM8_anom_24m,natural_breaks,Relative Disturbance,uWUE,Mid,35,-0.026,60,0.2432,0.2958,ns
M7vsM8_anom_24m,natural_breaks,Relative Disturbance,ETmax,Low,35,0.00104,37.1,0.9534,0.9534,ns
M7vsM8_anom_24m,natural_breaks,Relative Disturbance,GPPsat,Low,35,-0.12167,51.4,0.06488,0.1269,ns
M7vsM8_anom_24m,natural_breaks,Relative Disturbance,NEPmax,Low,35,-0.80915,62.9,0.01069,0.05612,ns
M7vsM8_anom_24m,natural_breaks,Relative Disturbance,WUE,Low,35,-0.04208,60,0.04055,0.09911,ns
M7vsM8_anom_24m,natural_breaks,Relative Disturbance,uWUE,Low,35,-0.03069,57.1,0.1949,0.2792,ns
M7vsM8_anom_24m,natural_breaks,Relative Disturbance,ETmax,High,23,5e-04,47.8,0.6137,0.6736,ns
M7vsM8_anom_24m,natural_breaks,Relative Disturbance,GPPsat,High,23,-0.76793,73.9,0.01269,0.05612,ns
M7vsM8_anom_24m,natural_breaks,Relative Disturbance,NEPmax,High,23,-1.09083,82.6,0.002025,0.02278,*
M7vsM8_anom_24m,natural_breaks,Relative Disturbance,WUE,High,23,0,52.2,0.219,0.2792,ns
M7vsM8_anom_24m,natural_breaks,Relative Disturbance,uWUE,High,23,-0.03505,65.2,0.1034,0.1819,ns
