unit,method,metric,response,category,n,median_dRMSE,pct_sites_improved,p_onesided_wilcoxon,q_BH,sig
M1vsM2_12m,tertiles,Absolute Mortality,ETmax,High,22,0.00163,45.5,0.7724,0.8246,ns
M1vsM2_12m,tertiles,Absolute Mortality,GPPsat,High,22,-0.68855,63.6,0.1348,0.5516,ns
M1vsM2_12m,tertiles,Absolute Mortality,NEPmax,High,22,-0.95063,68.2,0.05226,0.5516,ns
M1vsM2_12m,tertiles,Absolute Mortality,WUE,High,22,-0.01309,54.5,0.2795,0.7156,ns
M1vsM2_12m,tertiles,Absolute Mortality,uWUE,High,22,-0.0348,59.1,0.1212,0.5516,ns
M1vsM2_12m,tertiles,Absolute Mortality,ETmax,Mid,21,-1e-04,52.4,0.4723,0.7196,ns
M1vsM2_12m,tertiles,Absolute Mortality,GPPsat,Mid,21,-0.42678,61.9,0.3772,0.7156,ns
M1vsM2_12m,tertiles,Absolute Mortality,NEPmax,Mid,21,-0.38097,52.4,0.5553,0.7349,ns
M1vsM2_12m,tertiles,Absolute Mortality,WUE,Mid,21,-0.01411,57.1,0.3257,0.7156,ns
M1vsM2_12m,tertiles,Absolute Mortality,uWUE,Mid,21,-0.03188,61.9,0.4447,0.7196,ns
M1vsM2_12m,tertiles,Absolute Mortality,ETmax,Low,22,-5e-05,50,0.4871,0.7196,ns
M1vsM2_12m,tertiles,Absolute Mortality,GPPsat,Low,22,0.34898,36.4,0.7724,0.8246,ns
M1vsM2_12m,tertiles,Absolute Mortality,NEPmax,Low,22,-0.70268,59.1,0.1027,0.5516,ns
M1vsM2_12m,tertiles,Absolute Mortality,WUE,Low,22,-0.00676,54.5,0.3365,0.7156,ns
M1vsM2_12m,tertiles,Absolute Mortality,uWUE,Low,22,0.00883,45.5,0.6273,0.7428,ns
M1vsM2_12m,tertiles,Relative Mortality,ETmax,High,22,-0.00173,54.5,0.5129,0.7196,ns
M1vsM2_12m,tertiles,Relative Mortality,GPPsat,High,22,-0.68855,63.6,0.2085,0.6255,ns
M1vsM2_12m,tertiles,Relative Mortality,NEPmax,High,22,-0.76305,63.6,0.1494,0.5603,ns
M1vsM2_12m,tertiles,Relative Mortality,WUE,High,22,-0.00255,54.5,0.2795,0.7156,ns
M1vsM2_12m,tertiles,Relative Mortality,uWUE,High,22,-0.03753,59.1,0.09158,0.5516,ns
M1vsM2_12m,tertiles,Relative Mortality,ETmax,Mid,21,0.00141,38.1,0.8594,0.8594,ns
M1vsM2_12m,tertiles,Relative Mortality,GPPsat,Mid,21,0.43999,47.6,0.788,0.8246,ns
M1vsM2_12m,tertiles,Relative Mortality,NEPmax,Mid,21,-0.38097,52.4,0.5277,0.7196,ns
M1vsM2_12m,tertiles,Relative Mortality,WUE,Mid,21,-0.03172,61.9,0.1187,0.5516,ns
M1vsM2_12m,tertiles,Relative Mortality,uWUE,Mid,21,-0.02623,61.9,0.4861,0.7196,ns
M1vsM2_12m,tertiles,Relative Mortality,ETmax,Low,22,-5e-04,54.5,0.3484,0.7156,ns
M1vsM2_12m,tertiles,Relative Mortality,GPPsat,Low,22,-0.10601,50,0.1993,0.6255,ns
M1vsM2_12m,tertiles,Relative Mortality,NEPmax,Low,22,-0.93589,63.6,0.02772,0.5516,ns
M1vsM2_12m,tertiles,Relative Mortality,WUE,Low,22,-0.00018,50,0.5,0.7196,ns
M1vsM2_12m,tertiles,Relative Mortality,uWUE,Low,22,0.00883,45.5,0.6149,0.7428,ns
M1vsM2_12m,tertiles,Relative Disturbance,ETmax,High,22,-0.00173,54.5,0.6025,0.7428,ns
M1vsM2_12m,tertiles,Relative Disturbance,GPPsat,High,22,-0.69973,63.6,0.1817,0.6255,ns
M1vsM2_12m,tertiles,Relative Disturbance,NEPmax,High,22,-0.76305,68.2,0.1348,0.5516,ns
M1vsM2_12m,tertiles,Relative Disturbance,WUE,High,22,0.00089,50,0.4228,0.7196,ns
M1vsM2_12m,tertiles,Relative Disturbance,uWUE,High,22,-0.03753,59.1,0.1027,0.5516,ns
M1vsM2_12m,tertiles,Relative Disturbance,ETmax,Mid,21,0.00118,38.1,0.826,0.8448,ns
M1vsM2_12m,tertiles,Relative Disturbance,GPPsat,Mid,21,-0.10546,52.4,0.5961,0.7428,ns
M1vsM2_12m,tertiles,Relative Disturbance,NEPmax,Mid,21,-0.38097,52.4,0.3133,0.7156,ns
M1vsM2_12m,tertiles,Relative Disturbance,WUE,Mid,21,-0.05307,66.7,0.0219,0.5516,ns
M1vsM2_12m,tertiles,Relative Disturbance,uWUE,Mid,21,-0.01676,57.1,0.3641,0.7156,ns
M1vsM2_12m,tertiles,Relative Disturbance,ETmax,Low,22,-5e-04,54.5,0.3851,0.7156,ns
M1vsM2_12m,tertiles,Relative Disturbance,GPPsat,Low,22,0.20458,45.5,0.3975,0.7156,ns
M1vsM2_12m,tertiles,Relative Disturbance,NEPmax,Low,22,-0.93589,59.1,0.1279,0.5516,ns
M1vsM2_12m,tertiles,Relative Disturbance,WUE,Low,22,-0.00018,50,0.6869,0.7727,ns
M1vsM2_12m,tertiles,Relative Disturbance,uWUE,Low,22,0.0016,50,0.6753,0.7727,ns
M1vsM2_12m,equal_width,Absolute Mortality,ETmax,Mid,21,0.0025,42.9,0.8515,0.8515,ns
M1vsM2_12m,equal_width,Absolute Mortality,GPPsat,Mid,21,-0.77411,66.7,0.05117,0.5101,ns
M1vsM2_12m,equal_width,Absolute Mortality,NEPmax,Mid,21,-0.91588,76.2,0.01699,0.403,ns
M1vsM2_12m,equal_width,Absolute Mortality,WUE,Mid,21,-0.02299,57.1,0.1652,0.5813,ns
M1vsM2_12m,equal_width,Absolute Mortality,uWUE,Mid,21,-0.05673,66.7,0.02015,0.403,ns
M1vsM2_12m,equal_width,Absolute Mortality,ETmax,Low,41,0.00029,48.8,0.5516,0.6604,ns
M1vsM2_12m,equal_width,Absolute Mortality,GPPsat,Low,41,0.12091,48.8,0.5258,0.6604,ns
M1vsM2_12m,equal_width,Absolute Mortality,NEPmax,Low,41,-0.47544,53.7,0.2543,0.6153,ns
M1vsM2_12m,equal_width,Absolute Mortality,WUE,Low,41,-0.01152,56.1,0.3021,0.6153,ns
M1vsM2_12m,equal_width,Absolute Mortality,uWUE,Low,41,-0.00538,51.2,0.5771,0.6604,ns
M1vsM2_12m,equal_width,Absolute Mortality,ETmax,High,3,-0.00337,100,,,""
M1vsM2_12m,equal_width,Absolute Mortality,GPPsat,High,3,0.8766,33.3,,,""
M1vsM2_12m,equal_width,Absolute Mortality,NEPmax,High,3,0.74782,33.3,,,""
M1vsM2_12m,equal_width,Absolute Mortality,WUE,High,3,0.09466,33.3,,,""
M1vsM2_12m,equal_width,Absolute Mortality,uWUE,High,3,0.11281,33.3,,,""
M1vsM2_12m,equal_width,Relative Mortality,ETmax,Mid,26,0.00022,50,0.813,0.8515,ns
M1vsM2_12m,equal_width,Relative Mortality,GPPsat,Mid,26,-0.50301,53.8,0.3147,0.6153,ns
M1vsM2_12m,equal_width,Relative Mortality,NEPmax,Mid,26,-0.50669,61.5,0.201,0.5813,ns
M1vsM2_12m,equal_width,Relative Mortality,WUE,Mid,26,-0.01746,57.7,0.09761,0.5578,ns
M1vsM2_12m,equal_width,Relative Mortality,uWUE,Mid,26,-0.0443,65.4,0.04208,0.5101,ns
M1vsM2_12m,equal_width,Relative Mortality,ETmax,Low,32,0.00032,46.9,0.5778,0.6604,ns
M1vsM2_12m,equal_width,Relative Mortality,GPPsat,Low,32,-0.2192,53.1,0.2655,0.6153,ns
M1vsM2_12m,equal_width,Relative Mortality,NEPmax,Low,32,-0.87719,59.4,0.06376,0.5101,ns
M1vsM2_12m,equal_width,Relative Mortality,WUE,Low,32,-0.00676,53.1,0.4516,0.6432,ns
M1vsM2_12m,equal_width,Relative Mortality,uWUE,Low,32,-0.00176,50,0.6212,0.6902,ns
M1vsM2_12m,equal_width,Relative Mortality,ETmax,High,7,-0.0014,57.1,0.3999,0.6153,ns
M1vsM2_12m,equal_width,Relative Mortality,GPPsat,High,7,-0.60299,57.1,0.6637,0.7175,ns
M1vsM2_12m,equal_width,Relative Mortality,NEPmax,High,7,-0.91588,57.1,0.3999,0.6153,ns
M1vsM2_12m,equal_width,Relative Mortality,WUE,High,7,-0.02299,57.1,0.3999,0.6153,ns
M1vsM2_12m,equal_width,Relative Mortality,uWUE,High,7,0.00171,42.9,0.4663,0.6432,ns
M1vsM2_12m,equal_width,Relative Disturbance,ETmax,Mid,27,0.00214,44.4,0.8464,0.8515,ns
M1vsM2_12m,equal_width,Relative Disturbance,GPPsat,Mid,27,-0.40978,59.3,0.3284,0.6153,ns
M1vsM2_12m,equal_width,Relative Disturbance,NEPmax,Mid,27,-0.42439,59.3,0.2944,0.6153,ns
M1vsM2_12m,equal_width,Relative Disturbance,WUE,Mid,27,-0.00191,51.9,0.1969,0.5813,ns
M1vsM2_12m,equal_width,Relative Disturbance,uWUE,Mid,27,-0.01676,55.6,0.2544,0.6153,ns
M1vsM2_12m,equal_width,Relative Disturbance,ETmax,High,9,-0.00224,66.7,0.1716,0.5813,ns
M1vsM2_12m,equal_width,Relative Disturbance,GPPsat,High,9,-0.60299,55.6,0.3611,0.6153,ns
M1vsM2_12m,equal_width,Relative Disturbance,NEPmax,High,9,-1.17569,66.7,0.1432,0.5813,ns
M1vsM2_12m,equal_width,Relative Disturbance,WUE,High,9,-0.06809,66.7,0.2035,0.5813,ns
M1vsM2_12m,equal_width,Relative Disturbance,uWUE,High,9,-0.05673,66.7,0.1716,0.5813,ns
M1vsM2_12m,equal_width,Relative Disturbance,ETmax,Low,29,0.00029,48.3,0.5602,0.6604,ns
M1vsM2_12m,equal_width,Relative Disturbance,GPPsat,Low,29,0.12091,48.3,0.3566,0.6153,ns
M1vsM2_12m,equal_width,Relative Disturbance,NEPmax,Low,29,-1.01529,58.6,0.08656,0.5578,ns
M1vsM2_12m,equal_width,Relative Disturbance,WUE,Low,29,-0.01152,55.2,0.4484,0.6432,ns
M1vsM2_12m,equal_width,Relative Disturbance,uWUE,Low,29,-0.01125,51.7,0.5687,0.6604,ns
M1vsM2_12m,natural_breaks,Absolute Mortality,ETmax,High,14,-0.00173,57.1,0.3532,0.5861,ns
M1vsM2_12m,natural_breaks,Absolute Mortality,GPPsat,High,14,-0.68855,64.3,0.2449,0.5861,ns
M1vsM2_12m,natural_breaks,Absolute Mortality,NEPmax,High,14,-1.08053,64.3,0.05132,0.5861,ns
M1vsM2_12m,natural_breaks,Absolute Mortality,WUE,High,14,-0.03803,57.1,0.1897,0.5861,ns
M1vsM2_12m,natural_breaks,Absolute Mortality,uWUE,High,14,-0.02074,50,0.2651,0.5861,ns
M1vsM2_12m,natural_breaks,Absolute Mortality,ETmax,Mid,32,0.00012,50,0.6698,0.7365,ns
M1vsM2_12m,natural_breaks,Absolute Mortality,GPPsat,Mid,32,-0.56426,62.5,0.1329,0.5861,ns
M1vsM2_12m,natural_breaks,Absolute Mortality,NEPmax,Mid,32,-0.5996,62.5,0.1773,0.5861,ns
M1vsM2_12m,natural_breaks,Absolute Mortality,WUE,Mid,32,-0.00794,56.2,0.3647,0.5861,ns
M1vsM2_12m,natural_breaks,Absolute Mortality,uWUE,Mid,32,-0.02632,62.5,0.2906,0.5861,ns
M1vsM2_12m,natural_breaks,Absolute Mortality,ETmax,Low,19,0.00057,42.1,0.7467,0.8,ns
M1vsM2_12m,natural_breaks,Absolute Mortality,GPPsat,Low,19,0.37018,31.6,0.9045,0.9251,ns
M1vsM2_12m,natural_breaks,Absolute Mortality,NEPmax,Low,19,-0.47544,52.6,0.2935,0.5861,ns
M1vsM2_12m,natural_breaks,Absolute Mortality,WUE,Low,19,-0.002,52.6,0.2664,0.5861,ns
M1vsM2_12m,natural_breaks,Absolute Mortality,uWUE,Low,19,0.00773,47.4,0.492,0.6709,ns
M1vsM2_12m,natural_breaks,Relative Mortality,ETmax,High,23,-0.00206,56.5,0.4456,0.6468,ns
M1vsM2_12m,natural_breaks,Relative Mortality,GPPsat,High,23,-0.60299,60.9,0.2101,0.5861,ns
M1vsM2_12m,natural_breaks,Relative Mortality,NEPmax,High,23,-0.91588,65.2,0.1208,0.5861,ns
M1vsM2_12m,natural_breaks,Relative Mortality,WUE,High,23,-0.00319,56.5,0.2281,0.5861,ns
M1vsM2_12m,natural_breaks,Relative Mortality,uWUE,High,23,-0.03188,56.5,0.1148,0.5861,ns
M1vsM2_12m,natural_breaks,Relative Mortality,ETmax,Mid,18,0.00227,33.3,0.9464,0.9464,ns
M1vsM2_12m,natural_breaks,Relative Mortality,GPPsat,Mid,18,-0.26612,55.6,0.6031,0.7188,ns
M1vsM2_12m,natural_breaks,Relative Mortality,NEPmax,Mid,18,-0.48498,55.6,0.3316,0.5861,ns
M1vsM2_12m,natural_breaks,Relative Mortality,WUE,Mid,18,-0.05221,61.1,0.07534,0.5861,ns
M1vsM2_12m,natural_breaks,Relative Mortality,uWUE,Mid,18,-0.03119,66.7,0.3316,0.5861,ns
M1vsM2_12m,natural_breaks,Relative Mortality,ETmax,Low,24,-5e-04,54.2,0.2986,0.5861,ns
M1vsM2_12m,natural_breaks,Relative Mortality,GPPsat,Low,24,0.20458,45.8,0.393,0.6099,ns
M1vsM2_12m,natural_breaks,Relative Mortality,NEPmax,Low,24,-0.70268,58.3,0.1236,0.5861,ns
M1vsM2_12m,natural_breaks,Relative Mortality,WUE,Low,24,-0.00018,50,0.607,0.7188,ns
M1vsM2_12m,natural_breaks,Relative Mortality,uWUE,Low,24,0.00883,45.8,0.6711,0.7365,ns
M1vsM2_12m,natural_breaks,Relative Disturbance,ETmax,High,22,-0.00173,54.5,0.6025,0.7188,ns
M1vsM2_12m,natural_breaks,Relative Disturbance,GPPsat,High,22,-0.69973,63.6,0.1817,0.5861,ns
M1vsM2_12m,natural_breaks,Relative Disturbance,NEPmax,High,22,-0.76305,68.2,0.1348,0.5861,ns
M1vsM2_12m,natural_breaks,Relative Disturbance,WUE,High,22,0.00089,50,0.4228,0.6342,ns
M1vsM2_12m,natural_breaks,Relative Disturbance,uWUE,High,22,-0.03753,59.1,0.1027,0.5861,ns
M1vsM2_12m,natural_breaks,Relative Disturbance,ETmax,Mid,20,0.0013,35,0.8875,0.9251,ns
M1vsM2_12m,natural_breaks,Relative Disturbance,GPPsat,Mid,20,-0.2192,55,0.5074,0.6716,ns
M1vsM2_12m,natural_breaks,Relative Disturbance,NEPmax,Mid,20,-0.52362,55,0.269,0.5861,ns
M1vsM2_12m,natural_breaks,Relative Disturbance,WUE,Mid,20,-0.05205,65,0.0351,0.5861,ns
M1vsM2_12m,natural_breaks,Relative Disturbance,uWUE,Mid,20,-0.02149,60,0.3614,0.5861,ns
M1vsM2_12m,natural_breaks,Relative Disturbance,ETmax,Low,23,-0.00061,56.5,0.3296,0.5861,ns
M1vsM2_12m,natural_breaks,Relative Disturbance,GPPsat,Low,23,0.28826,43.5,0.4697,0.6605,ns
M1vsM2_12m,natural_breaks,Relative Disturbance,NEPmax,Low,23,-0.7391,56.5,0.147,0.5861,ns
M1vsM2_12m,natural_breaks,Relative Disturbance,WUE,Low,23,-0.002,52.2,0.5902,0.7188,ns
M1vsM2_12m,natural_breaks,Relative Disturbance,uWUE,Low,23,0.00993,47.8,0.6704,0.7365,ns
M1vsM2_24m,tertiles,Absolute Mortality,ETmax,High,22,0.00184,36.4,0.7915,0.8675,ns
M1vsM2_24m,tertiles,Absolute Mortality,GPPsat,High,22,-0.25578,59.1,0.2375,0.5938,ns
M1vsM2_24m,tertiles,Absolute Mortality,NEPmax,High,22,-1.07695,68.2,0.02985,0.4626,ns
M1vsM2_24m,tertiles,Absolute Mortality,WUE,High,22,-0.01402,54.5,0.2179,0.5938,ns
M1vsM2_24m,tertiles,Absolute Mortality,uWUE,High,22,-0.02481,59.1,0.3975,0.688,ns
M1vsM2_24m,tertiles,Absolute Mortality,ETmax,Mid,21,0.00054,38.1,0.7673,0.8675,ns
M1vsM2_24m,tertiles,Absolute Mortality,GPPsat,Mid,21,-0.3627,71.4,0.08762,0.489,ns
M1vsM2_24m,tertiles,Absolute Mortality,NEPmax,Mid,21,-0.35858,52.4,0.5,0.7196,ns
M1vsM2_24m,tertiles,Absolute Mortality,WUE,Mid,21,-0.00058,52.4,0.2658,0.6172,ns
M1vsM2_24m,tertiles,Absolute Mortality,uWUE,Mid,21,-0.01338,52.4,0.3383,0.6533,ns
M1vsM2_24m,tertiles,Absolute Mortality,ETmax,Low,22,-0.00117,59.1,0.3017,0.6172,ns
M1vsM2_24m,tertiles,Absolute Mortality,GPPsat,Low,22,0.07482,45.5,0.5899,0.7584,ns
M1vsM2_24m,tertiles,Absolute Mortality,NEPmax,Low,22,-1.03373,77.3,0.03708,0.4626,ns
M1vsM2_24m,tertiles,Absolute Mortality,WUE,Low,22,0.02076,40.9,0.8096,0.8675,ns
M1vsM2_24m,tertiles,Absolute Mortality,uWUE,Low,22,-0.01025,54.5,0.5899,0.7584,ns
M1vsM2_24m,tertiles,Relative Mortality,ETmax,High,22,0.0019,31.8,0.7821,0.8675,ns
M1vsM2_24m,tertiles,Relative Mortality,GPPsat,High,22,-0.40761,59.1,0.2905,0.6172,ns
M1vsM2_24m,tertiles,Relative Mortality,NEPmax,High,22,-1.07695,63.6,0.1027,0.489,ns
M1vsM2_24m,tertiles,Relative Mortality,WUE,High,22,-0.03236,59.1,0.1027,0.489,ns
M1vsM2_24m,tertiles,Relative Mortality,uWUE,High,22,-0.02481,59.1,0.2795,0.6172,ns
M1vsM2_24m,tertiles,Relative Mortality,ETmax,Mid,21,0.00084,38.1,0.8515,0.8911,ns
M1vsM2_24m,tertiles,Relative Mortality,GPPsat,Mid,21,-0.08393,57.1,0.4861,0.7196,ns
M1vsM2_24m,tertiles,Relative Mortality,NEPmax,Mid,21,-0.35858,52.4,0.5,0.7196,ns
M1vsM2_24m,tertiles,Relative Mortality,WUE,Mid,21,0.01539,42.9,0.6359,0.7949,ns
M1vsM2_24m,tertiles,Relative Mortality,uWUE,Mid,21,-0.01338,52.4,0.5277,0.7196,ns
M1vsM2_24m,tertiles,Relative Mortality,ETmax,Low,22,-0.00142,63.6,0.1212,0.496,ns
M1vsM2_24m,tertiles,Relative Mortality,GPPsat,Low,22,-0.36161,59.1,0.08135,0.489,ns
M1vsM2_24m,tertiles,Relative Mortality,NEPmax,Low,22,-1.03373,81.8,0.008143,0.3664,ns
M1vsM2_24m,tertiles,Relative Mortality,WUE,Low,22,0.01623,45.5,0.7419,0.8675,ns
M1vsM2_24m,tertiles,Relative Mortality,uWUE,Low,22,-0.01025,54.5,0.4612,0.7196,ns
M1vsM2_24m,tertiles,Relative Disturbance,ETmax,High,22,0.00151,36.4,0.6869,0.8354,ns
M1vsM2_24m,tertiles,Relative Disturbance,GPPsat,High,22,-0.49446,59.1,0.2375,0.5938,ns
M1vsM2_24m,tertiles,Relative Disturbance,NEPmax,High,22,-0.89707,59.1,0.165,0.5713,ns
M1vsM2_24m,tertiles,Relative Disturbance,WUE,High,22,-0.03236,59.1,0.06766,0.489,ns
M1vsM2_24m,tertiles,Relative Disturbance,uWUE,High,22,-0.02481,59.1,0.2276,0.5938,ns
M1vsM2_24m,tertiles,Relative Disturbance,ETmax,Mid,21,0.00089,38.1,0.9278,0.9278,ns
M1vsM2_24m,tertiles,Relative Disturbance,GPPsat,Mid,21,-0.20341,61.9,0.2222,0.5938,ns
M1vsM2_24m,tertiles,Relative Disturbance,NEPmax,Mid,21,-0.74035,71.4,0.04112,0.4626,ns
M1vsM2_24m,tertiles,Relative Disturbance,WUE,Mid,21,-0.00081,52.4,0.3905,0.688,ns
M1vsM2_24m,tertiles,Relative Disturbance,uWUE,Mid,21,-0.01338,52.4,0.5,0.7196,ns
M1vsM2_24m,tertiles,Relative Disturbance,ETmax,Low,22,-0.00123,59.1,0.142,0.5325,ns
M1vsM2_24m,tertiles,Relative Disturbance,GPPsat,Low,22,-0.10066,54.5,0.3484,0.6533,ns
M1vsM2_24m,tertiles,Relative Disturbance,NEPmax,Low,22,-0.90404,68.2,0.1087,0.489,ns
M1vsM2_24m,tertiles,Relative Disturbance,WUE,Low,22,0.02779,36.4,0.8973,0.9177,ns
M1vsM2_24m,tertiles,Relative Disturbance,uWUE,Low,22,-0.01025,54.5,0.5129,0.7196,ns
M1vsM2_24m,equal_width,Absolute Mortality,ETmax,Mid,21,8e-05,47.6,0.5,0.6997,ns
M1vsM2_24m,equal_width,Absolute Mortality,GPPsat,Mid,21,-0.35412,66.7,0.1054,0.5036,ns
M1vsM2_24m,equal_width,Absolute Mortality,NEPmax,Mid,21,-1.05775,71.4,0.01427,0.5036,ns
M1vsM2_24m,equal_width,Absolute Mortality,WUE,Mid,21,-0.01421,57.1,0.174,0.5036,ns
M1vsM2_24m,equal_width,Absolute Mortality,uWUE,Mid,21,-0.0407,61.9,0.2435,0.5355,ns
M1vsM2_24m,equal_width,Absolute Mortality,ETmax,Low,41,0.00032,46.3,0.6072,0.6997,ns
M1vsM2_24m,equal_width,Absolute Mortality,GPPsat,Low,41,-0.20341,56.1,0.2543,0.5355,ns
M1vsM2_24m,equal_width,Absolute Mortality,NEPmax,Low,41,-0.67529,65.9,0.1021,0.5036,ns
M1vsM2_24m,equal_width,Absolute Mortality,WUE,Low,41,0.00632,46.3,0.6122,0.6997,ns
M1vsM2_24m,equal_width,Absolute Mortality,uWUE,Low,41,-0.01338,53.7,0.3584,0.6232,ns
M1vsM2_24m,equal_width,Absolute Mortality,ETmax,High,3,0.0022,0,,,""
M1vsM2_24m,equal_width,Absolute Mortality,GPPsat,High,3,0.40819,33.3,,,""
M1vsM2_24m,equal_width,Absolute Mortality,NEPmax,High,3,1.13325,33.3,,,""
M1vsM2_24m,equal_width,Absolute Mortality,WUE,High,3,0.01323,33.3,,,""
M1vsM2_24m,equal_width,Absolute Mortality,uWUE,High,3,0.01816,33.3,,,""
M1vsM2_24m,equal_width,Relative Mortality,ETmax,Mid,26,0.00043,46.2,0.5505,0.6997,ns
M1vsM2_24m,equal_width,Relative Mortality,GPPsat,Mid,26,-0.22785,65.4,0.1489,0.5036,ns
M1vsM2_24m,equal_width,Relative Mortality,NEPmax,Mid,26,-0.73837,65.4,0.1489,0.5036,ns
M1vsM2_24m,equal_width,Relative Mortality,WUE,Mid,26,0.00085,50,0.3057,0.5778,ns
M1vsM2_24m,equal_width,Relative Mortality,uWUE,Mid,26,-0.02993,61.5,0.1067,0.5036,ns
M1vsM2_24m,equal_width,Relative Mortality,ETmax,Low,32,-0.00058,53.1,0.4149,0.6914,ns
M1vsM2_24m,equal_width,Relative Mortality,GPPsat,Low,32,-0.23322,56.2,0.2134,0.5355,ns
M1vsM2_24m,equal_width,Relative Mortality,NEPmax,Low,32,-0.81644,68.8,0.03707,0.5036,ns
M1vsM2_24m,equal_width,Relative Mortality,WUE,Low,32,0.01086,46.9,0.6766,0.7313,ns
M1vsM2_24m,equal_width,Relative Mortality,uWUE,Low,32,0.00515,50,0.5851,0.6997,ns
M1vsM2_24m,equal_width,Relative Mortality,ETmax,High,7,0.0022,0,0.9929,0.9929,ns
M1vsM2_24m,equal_width,Relative Mortality,GPPsat,High,7,0.16139,42.9,0.6637,0.7313,ns
M1vsM2_24m,equal_width,Relative Mortality,NEPmax,High,7,-1.09616,57.1,0.2234,0.5355,ns
M1vsM2_24m,equal_width,Relative Mortality,WUE,High,7,-0.07513,57.1,0.1763,0.5036,ns
M1vsM2_24m,equal_width,Relative Mortality,uWUE,High,7,-0.00942,57.1,0.5337,0.6997,ns
M1vsM2_24m,equal_width,Relative Disturbance,ETmax,Mid,27,0.00032,44.4,0.7056,0.7313,ns
M1vsM2_24m,equal_width,Relative Disturbance,GPPsat,Mid,27,-0.20341,63,0.1594,0.5036,ns
M1vsM2_24m,equal_width,Relative Disturbance,NEPmax,Mid,27,-0.73639,63,0.2319,0.5355,ns
M1vsM2_24m,equal_width,Relative Disturbance,WUE,Mid,27,0.00228,48.1,0.4761,0.6997,ns
M1vsM2_24m,equal_width,Relative Disturbance,uWUE,Mid,27,-0.01338,51.9,0.4474,0.6997,ns
M1vsM2_24m,equal_width,Relative Disturbance,ETmax,High,9,0.00199,33.3,0.5936,0.6997,ns
M1vsM2_24m,equal_width,Relative Disturbance,GPPsat,High,9,-0.46109,55.6,0.3178,0.5778,ns
M1vsM2_24m,equal_width,Relative Disturbance,NEPmax,High,9,-1.09616,66.7,0.07757,0.5036,ns
M1vsM2_24m,equal_width,Relative Disturbance,WUE,High,9,-0.1004,66.7,0.1181,0.5036,ns
M1vsM2_24m,equal_width,Relative Disturbance,uWUE,High,9,-0.0407,77.8,0.09626,0.5036,ns
M1vsM2_24m,equal_width,Relative Disturbance,ETmax,Low,29,2e-05,48.3,0.543,0.6997,ns
M1vsM2_24m,equal_width,Relative Disturbance,GPPsat,Low,29,-0.1174,55.2,0.3095,0.5778,ns
M1vsM2_24m,equal_width,Relative Disturbance,NEPmax,Low,29,-0.78781,69,0.04796,0.5036,ns
M1vsM2_24m,equal_width,Relative Disturbance,WUE,Low,29,0.01539,44.8,0.713,0.7313,ns
M1vsM2_24m,equal_width,Relative Disturbance,uWUE,Low,29,-0.0056,51.7,0.5086,0.6997,ns
M1vsM2_24m,natural_breaks,Absolute Mortality,ETmax,High,14,0.0021,28.6,0.8103,0.8852,ns
M1vsM2_24m,natural_breaks,Absolute Mortality,GPPsat,High,14,-0.09637,50,0.45,0.6934,ns
M1vsM2_24m,natural_breaks,Absolute Mortality,NEPmax,High,14,-1.14797,71.4,0.02228,0.5028,ns
M1vsM2_24m,natural_breaks,Absolute Mortality,WUE,High,14,-0.04467,57.1,0.2072,0.5345,ns
M1vsM2_24m,natural_breaks,Absolute Mortality,uWUE,High,14,-0.05122,64.3,0.3078,0.6021,ns
M1vsM2_24m,natural_breaks,Absolute Mortality,ETmax,Mid,32,0.00017,46.9,0.4739,0.6934,ns
M1vsM2_24m,natural_breaks,Absolute Mortality,GPPsat,Mid,32,-0.44526,71.9,0.02322,0.5028,ns
M1vsM2_24m,natural_breaks,Absolute Mortality,NEPmax,Mid,32,-0.51421,59.4,0.1678,0.5345,ns
M1vsM2_24m,natural_breaks,Absolute Mortality,WUE,Mid,32,0.00085,50,0.4442,0.6934,ns
M1vsM2_24m,natural_breaks,Absolute Mortality,uWUE,Mid,32,-0.02481,56.2,0.2358,0.5345,ns
M1vsM2_24m,natural_breaks,Absolute Mortality,ETmax,Low,19,-6e-04,52.6,0.6032,0.7983,ns
M1vsM2_24m,natural_breaks,Absolute Mortality,GPPsat,Low,19,0.11544,42.1,0.7837,0.8852,ns
M1vsM2_24m,natural_breaks,Absolute Mortality,NEPmax,Low,19,-0.91672,73.7,0.1098,0.5345,ns
M1vsM2_24m,natural_breaks,Absolute Mortality,WUE,Low,19,0.01539,42.1,0.6489,0.8127,ns
M1vsM2_24m,natural_breaks,Absolute Mortality,uWUE,Low,19,0.01591,47.4,0.8174,0.8852,ns
M1vsM2_24m,natural_breaks,Relative Mortality,ETmax,High,23,0.00181,34.8,0.7335,0.8686,ns
M1vsM2_24m,natural_breaks,Relative Mortality,GPPsat,High,23,-0.35412,56.5,0.2973,0.6021,ns
M1vsM2_24m,natural_breaks,Relative Mortality,NEPmax,High,23,-1.09616,65.2,0.07009,0.5257,ns
M1vsM2_24m,natural_breaks,Relative Mortality,WUE,High,23,-0.01421,56.5,0.1401,0.5345,ns
M1vsM2_24m,natural_breaks,Relative Mortality,uWUE,High,23,-0.02822,60.9,0.2374,0.5345,ns
M1vsM2_24m,natural_breaks,Relative Mortality,ETmax,Mid,18,0.00087,33.3,0.9247,0.9437,ns
M1vsM2_24m,natural_breaks,Relative Mortality,GPPsat,Mid,18,-0.20176,66.7,0.1919,0.5345,ns
M1vsM2_24m,natural_breaks,Relative Mortality,NEPmax,Mid,18,-0.37877,55.6,0.3802,0.6633,ns
M1vsM2_24m,natural_breaks,Relative Mortality,WUE,Mid,18,-0.00577,50,0.3969,0.6633,ns
M1vsM2_24m,natural_breaks,Relative Mortality,uWUE,Mid,18,-0.02251,55.6,0.3638,0.6633,ns
M1vsM2_24m,natural_breaks,Relative Mortality,ETmax,Low,24,-0.00142,62.5,0.1357,0.5345,ns
M1vsM2_24m,natural_breaks,Relative Mortality,GPPsat,Low,24,-0.23322,54.2,0.2602,0.5575,ns
M1vsM2_24m,natural_breaks,Relative Mortality,NEPmax,Low,24,-0.9685,75,0.03482,0.5028,ns
M1vsM2_24m,natural_breaks,Relative Mortality,WUE,Low,24,0.02076,41.7,0.8448,0.8852,ns
M1vsM2_24m,natural_breaks,Relative Mortality,uWUE,Low,24,0.00515,50,0.6501,0.8127,ns
M1vsM2_24m,natural_breaks,Relative Disturbance,ETmax,High,22,0.00151,36.4,0.6869,0.8354,ns
M1vsM2_24m,natural_breaks,Relative Disturbance,GPPsat,High,22,-0.49446,59.1,0.2375,0.5345,ns
M1vsM2_24m,natural_breaks,Relative Disturbance,NEPmax,High,22,-0.89707,59.1,0.165,0.5345,ns
M1vsM2_24m,natural_breaks,Relative Disturbance,WUE,High,22,-0.03236,59.1,0.06766,0.5257,ns
M1vsM2_24m,natural_breaks,Relative Disturbance,uWUE,High,22,-0.02481,59.1,0.2276,0.5345,ns
M1vsM2_24m,natural_breaks,Relative Disturbance,ETmax,Mid,20,0.00138,35,0.9437,0.9437,ns
M1vsM2_24m,natural_breaks,Relative Disturbance,GPPsat,Mid,20,-0.22785,65,0.1706,0.5345,ns
M1vsM2_24m,natural_breaks,Relative Disturbance,NEPmax,Mid,20,-0.79271,70,0.04469,0.5028,ns
M1vsM2_24m,natural_breaks,Relative Disturbance,WUE,Mid,20,0.00074,50,0.5074,0.7136,ns
M1vsM2_24m,natural_breaks,Relative Disturbance,uWUE,Mid,20,-0.02251,55,0.4777,0.6934,ns
M1vsM2_24m,natural_breaks,Relative Disturbance,ETmax,Low,23,-0.00136,60.9,0.127,0.5345,ns
M1vsM2_24m,natural_breaks,Relative Disturbance,GPPsat,Low,23,-0.08393,52.2,0.398,0.6633,ns
M1vsM2_24m,natural_breaks,Relative Disturbance,NEPmax,Low,23,-0.78781,69.6,0.09807,0.5345,ns
M1vsM2_24m,natural_breaks,Relative Disturbance,WUE,Low,23,0.02614,39.1,0.8459,0.8852,ns
M1vsM2_24m,natural_breaks,Relative Disturbance,uWUE,Low,23,-0.0056,52.2,0.5784,0.7887,ns
M3vsM4_12m,tertiles,Absolute Mortality,ETmax,High,22,0.00157,45.5,0.8652,0.9126,ns
M3vsM4_12m,tertiles,Absolute Mortality,GPPsat,High,22,0.07376,45.5,0.5645,0.8759,ns
M3vsM4_12m,tertiles,Absolute Mortality,NEPmax,High,22,-0.52059,63.6,0.03212,0.2891,ns
M3vsM4_12m,tertiles,Absolute Mortality,WUE,High,22,0.01275,50,0.3365,0.6619,ns
M3vsM4_12m,tertiles,Absolute Mortality,uWUE,High,22,-0.00988,54.5,0.4741,0.7902,ns
M3vsM4_12m,tertiles,Absolute Mortality,ETmax,Mid,21,1e-04,38.1,0.7342,0.893,ns
M3vsM4_12m,tertiles,Absolute Mortality,GPPsat,Mid,21,-0.40656,66.7,0.2222,0.5883,ns
M3vsM4_12m,tertiles,Absolute Mortality,NEPmax,Mid,21,-0.04554,57.1,0.4174,0.7513,ns
M3vsM4_12m,tertiles,Absolute Mortality,WUE,Mid,21,-0.02422,57.1,0.1831,0.5354,ns
M3vsM4_12m,tertiles,Absolute Mortality,uWUE,Mid,21,-0.02473,61.9,0.1831,0.5354,ns
M3vsM4_12m,tertiles,Absolute Mortality,ETmax,Low,22,0.00078,40.9,0.7724,0.9126,ns
M3vsM4_12m,tertiles,Absolute Mortality,GPPsat,Low,22,-0.18405,59.1,0.04569,0.2937,ns
M3vsM4_12m,tertiles,Absolute Mortality,NEPmax,Low,22,-0.07899,54.5,0.1732,0.5354,ns
M3vsM4_12m,tertiles,Absolute Mortality,WUE,Low,22,0.02011,40.9,0.8429,0.9126,ns
M3vsM4_12m,tertiles,Absolute Mortality,uWUE,Low,22,-0.02407,68.2,0.1279,0.5056,ns
M3vsM4_12m,tertiles,Relative Mortality,ETmax,High,22,-0.00044,50,0.7313,0.893,ns
M3vsM4_12m,tertiles,Relative Mortality,GPPsat,High,22,0.02964,50,0.4483,0.776,ns
M3vsM4_12m,tertiles,Relative Mortality,NEPmax,High,22,-0.52059,68.2,0.01886,0.283,ns
M3vsM4_12m,tertiles,Relative Mortality,WUE,High,22,-0.04308,54.5,0.1904,0.5354,ns
M3vsM4_12m,tertiles,Relative Mortality,uWUE,High,22,-0.01575,63.6,0.2581,0.6112,ns
M3vsM4_12m,tertiles,Relative Mortality,ETmax,Mid,21,0.00065,42.9,0.6989,0.893,ns
M3vsM4_12m,tertiles,Relative Mortality,GPPsat,Mid,21,-0.12147,52.4,0.6095,0.8848,ns
M3vsM4_12m,tertiles,Relative Mortality,NEPmax,Mid,21,-0.00223,52.4,0.6359,0.893,ns
M3vsM4_12m,tertiles,Relative Mortality,WUE,Mid,21,-0.00901,57.1,0.2435,0.6087,ns
M3vsM4_12m,tertiles,Relative Mortality,uWUE,Mid,21,-0.0194,52.4,0.5415,0.8703,ns
M3vsM4_12m,tertiles,Relative Mortality,ETmax,Low,22,0.00098,31.8,0.9186,0.9186,ns
M3vsM4_12m,tertiles,Relative Mortality,GPPsat,Low,22,-0.5409,68.2,0.004699,0.1057,ns
M3vsM4_12m,tertiles,Relative Mortality,NEPmax,Low,22,-0.07899,54.5,0.09704,0.4852,ns
M3vsM4_12m,tertiles,Relative Mortality,WUE,Low,22,0.02011,36.4,0.903,0.9186,ns
M3vsM4_12m,tertiles,Relative Mortality,uWUE,Low,22,-0.02407,68.2,0.04569,0.2937,ns
M3vsM4_12m,tertiles,Relative Disturbance,ETmax,High,22,0.00073,45.5,0.835,0.9126,ns
M3vsM4_12m,tertiles,Relative Disturbance,GPPsat,High,22,-0.00747,50,0.4101,0.7513,ns
M3vsM4_12m,tertiles,Relative Disturbance,NEPmax,High,22,-0.39511,63.6,0.02985,0.2891,ns
M3vsM4_12m,tertiles,Relative Disturbance,WUE,High,22,-0.04308,54.5,0.1348,0.5056,ns
M3vsM4_12m,tertiles,Relative Disturbance,uWUE,High,22,-0.01575,59.1,0.2905,0.6536,ns
M3vsM4_12m,tertiles,Relative Disturbance,ETmax,Mid,21,0.00065,42.9,0.6867,0.893,ns
M3vsM4_12m,tertiles,Relative Disturbance,GPPsat,Mid,21,0.19085,47.6,0.6989,0.893,ns
M3vsM4_12m,tertiles,Relative Disturbance,NEPmax,Mid,21,-0.00223,52.4,0.6095,0.8848,ns
M3vsM4_12m,tertiles,Relative Disturbance,WUE,Mid,21,-0.00068,52.4,0.3383,0.6619,ns
M3vsM4_12m,tertiles,Relative Disturbance,uWUE,Mid,21,-0.0194,57.1,0.3383,0.6619,ns
M3vsM4_12m,tertiles,Relative Disturbance,ETmax,Low,22,0.00079,36.4,0.835,0.9126,ns
M3vsM4_12m,tertiles,Relative Disturbance,GPPsat,Low,22,-0.52654,72.7,0.002368,0.1057,ns
M3vsM4_12m,tertiles,Relative Disturbance,NEPmax,Low,22,-0.31363,59.1,0.08635,0.4852,ns
M3vsM4_12m,tertiles,Relative Disturbance,WUE,Low,22,0.02011,40.9,0.8721,0.9126,ns
M3vsM4_12m,tertiles,Relative Disturbance,uWUE,Low,22,-0.02407,68.2,0.1148,0.5056,ns
M3vsM4_12m,equal_width,Absolute Mortality,ETmax,Mid,21,-0.00098,52.4,0.6743,0.8716,ns
M3vsM4_12m,equal_width,Absolute Mortality,GPPsat,Mid,21,-0.11024,57.1,0.2545,0.6071,ns
M3vsM4_12m,equal_width,Absolute Mortality,NEPmax,Mid,21,-0.72634,71.4,0.007486,0.09982,ns
M3vsM4_12m,equal_width,Absolute Mortality,WUE,Mid,21,-0.00901,52.4,0.3257,0.6193,ns
M3vsM4_12m,equal_width,Absolute Mortality,uWUE,Mid,21,-0.01434,61.9,0.212,0.5654,ns
M3vsM4_12m,equal_width,Absolute Mortality,ETmax,Low,41,0.00065,36.6,0.9132,0.9339,ns
M3vsM4_12m,equal_width,Absolute Mortality,GPPsat,Low,41,-0.19396,61,0.04603,0.3069,ns
M3vsM4_12m,equal_width,Absolute Mortality,NEPmax,Low,41,-0.03298,53.7,0.2976,0.6071,ns
M3vsM4_12m,equal_width,Absolute Mortality,WUE,Low,41,0.00305,48.8,0.5207,0.7904,ns
M3vsM4_12m,equal_width,Absolute Mortality,uWUE,Low,41,-0.02454,63.4,0.1166,0.5182,ns
M3vsM4_12m,equal_width,Absolute Mortality,ETmax,High,3,0.00702,33.3,,,""
M3vsM4_12m,equal_width,Absolute Mortality,GPPsat,High,3,0.2442,0,,,""
M3vsM4_12m,equal_width,Absolute Mortality,NEPmax,High,3,0.51156,33.3,,,""
M3vsM4_12m,equal_width,Absolute Mortality,WUE,High,3,0.05693,33.3,,,""
M3vsM4_12m,equal_width,Absolute Mortality,uWUE,High,3,0.08473,33.3,,,""
M3vsM4_12m,equal_width,Relative Mortality,ETmax,Mid,26,-0.00095,53.8,0.4595,0.7514,ns
M3vsM4_12m,equal_width,Relative Mortality,GPPsat,Mid,26,-0.03679,50,0.4696,0.7514,ns
M3vsM4_12m,equal_width,Relative Mortality,NEPmax,Mid,26,-0.47797,69.2,0.01864,0.1864,ns
M3vsM4_12m,equal_width,Relative Mortality,WUE,Mid,26,-0.02533,57.7,0.1803,0.5654,ns
M3vsM4_12m,equal_width,Relative Mortality,uWUE,Mid,26,-0.01377,57.7,0.2882,0.6071,ns
M3vsM4_12m,equal_width,Relative Mortality,ETmax,Low,32,0.00078,34.4,0.9339,0.9339,ns
M3vsM4_12m,equal_width,Relative Mortality,GPPsat,Low,32,-0.52654,68.8,0.003078,0.07334,ns
M3vsM4_12m,equal_width,Relative Mortality,NEPmax,Low,32,-0.03926,53.1,0.3035,0.6071,ns
M3vsM4_12m,equal_width,Relative Mortality,WUE,Low,32,0.0181,43.8,0.7866,0.9254,ns
M3vsM4_12m,equal_width,Relative Mortality,uWUE,Low,32,-0.02407,65.6,0.1068,0.5182,ns
M3vsM4_12m,equal_width,Relative Mortality,ETmax,High,7,0.00436,28.6,0.8641,0.9339,ns
M3vsM4_12m,equal_width,Relative Mortality,GPPsat,High,7,0.2442,28.6,0.9246,0.9339,ns
M3vsM4_12m,equal_width,Relative Mortality,NEPmax,High,7,0.1628,42.9,0.4663,0.7514,ns
M3vsM4_12m,equal_width,Relative Mortality,WUE,High,7,0.0442,42.9,0.2771,0.6071,ns
M3vsM4_12m,equal_width,Relative Mortality,uWUE,High,7,-0.0509,57.1,0.6001,0.8573,ns
M3vsM4_12m,equal_width,Relative Disturbance,ETmax,Mid,27,2e-05,48.1,0.6973,0.8716,ns
M3vsM4_12m,equal_width,Relative Disturbance,GPPsat,Mid,27,0.03665,48.1,0.5335,0.7904,ns
M3vsM4_12m,equal_width,Relative Disturbance,NEPmax,Mid,27,-0.34048,66.7,0.02965,0.2372,ns
M3vsM4_12m,equal_width,Relative Disturbance,WUE,Mid,27,-0.00901,55.6,0.2105,0.5654,ns
M3vsM4_12m,equal_width,Relative Disturbance,uWUE,Mid,27,0.00618,48.1,0.6803,0.8716,ns
M3vsM4_12m,equal_width,Relative Disturbance,ETmax,High,9,0.00372,44.4,0.7232,0.8766,ns
M3vsM4_12m,equal_width,Relative Disturbance,GPPsat,High,9,0.20509,44.4,0.6822,0.8716,ns
M3vsM4_12m,equal_width,Relative Disturbance,NEPmax,High,9,-0.43772,55.6,0.2035,0.5654,ns
M3vsM4_12m,equal_width,Relative Disturbance,WUE,High,9,-0.08316,55.6,0.1716,0.5654,ns
M3vsM4_12m,equal_width,Relative Disturbance,uWUE,High,9,-0.0655,77.8,0.1432,0.5654,ns
M3vsM4_12m,equal_width,Relative Disturbance,ETmax,Low,29,9e-04,34.5,0.9064,0.9339,ns
M3vsM4_12m,equal_width,Relative Disturbance,GPPsat,Low,29,-0.51909,69,0.003667,0.07334,ns
M3vsM4_12m,equal_width,Relative Disturbance,NEPmax,Low,29,-0.03298,51.7,0.3406,0.6193,ns
M3vsM4_12m,equal_width,Relative Disturbance,WUE,Low,29,0.02074,41.4,0.8238,0.9339,ns
M3vsM4_12m,equal_width,Relative Disturbance,uWUE,Low,29,-0.02454,69,0.07677,0.4387,ns
M3vsM4_12m,natural_breaks,Absolute Mortality,ETmax,High,14,0.00157,42.9,0.8708,0.9112,ns
M3vsM4_12m,natural_breaks,Absolute Mortality,GPPsat,High,14,0.15798,42.9,0.7349,0.8938,ns
M3vsM4_12m,natural_breaks,Absolute Mortality,NEPmax,High,14,-0.66489,71.4,0.02983,0.2686,ns
M3vsM4_12m,natural_breaks,Absolute Mortality,WUE,High,14,-0.02808,50,0.1732,0.5567,ns
M3vsM4_12m,natural_breaks,Absolute Mortality,uWUE,High,14,-0.02134,64.3,0.475,0.7916,ns
M3vsM4_12m,natural_breaks,Absolute Mortality,ETmax,Mid,32,1e-04,43.8,0.6493,0.8938,ns
M3vsM4_12m,natural_breaks,Absolute Mortality,GPPsat,Mid,32,-0.39468,62.5,0.137,0.5032,ns
M3vsM4_12m,natural_breaks,Absolute Mortality,NEPmax,Mid,32,-0.30337,59.4,0.1454,0.5032,ns
M3vsM4_12m,natural_breaks,Absolute Mortality,WUE,Mid,32,-0.00484,53.1,0.3647,0.7347,ns
M3vsM4_12m,natural_breaks,Absolute Mortality,uWUE,Mid,32,-0.01575,53.1,0.2416,0.604,ns
M3vsM4_12m,natural_breaks,Absolute Mortality,ETmax,Low,19,9e-04,36.8,0.8658,0.9112,ns
M3vsM4_12m,natural_breaks,Absolute Mortality,GPPsat,Low,19,-0.17414,57.9,0.06564,0.4295,ns
M3vsM4_12m,natural_breaks,Absolute Mortality,NEPmax,Low,19,0.02868,47.4,0.444,0.7685,ns
M3vsM4_12m,natural_breaks,Absolute Mortality,WUE,Low,19,0.02074,42.1,0.7336,0.8938,ns
M3vsM4_12m,natural_breaks,Absolute Mortality,uWUE,Low,19,-0.02454,73.7,0.08251,0.4641,ns
M3vsM4_12m,natural_breaks,Relative Mortality,ETmax,High,23,-0.00098,52.2,0.6593,0.8938,ns
M3vsM4_12m,natural_breaks,Relative Mortality,GPPsat,High,23,0.11088,47.8,0.5182,0.8041,ns
M3vsM4_12m,natural_breaks,Relative Mortality,NEPmax,High,23,-0.60345,69.6,0.01372,0.2059,ns
M3vsM4_12m,natural_breaks,Relative Mortality,WUE,High,23,-0.03147,56.5,0.193,0.5791,ns
M3vsM4_12m,natural_breaks,Relative Mortality,uWUE,High,23,-0.01434,60.9,0.3633,0.7347,ns
M3vsM4_12m,natural_breaks,Relative Mortality,ETmax,Mid,18,0.00077,38.9,0.7835,0.9112,ns
M3vsM4_12m,natural_breaks,Relative Mortality,GPPsat,Mid,18,-0.04241,50,0.7144,0.8938,ns
M3vsM4_12m,natural_breaks,Relative Mortality,NEPmax,Mid,18,-0.02388,55.6,0.5174,0.8041,ns
M3vsM4_12m,natural_breaks,Relative Mortality,WUE,Mid,18,-0.00484,55.6,0.2295,0.604,ns
M3vsM4_12m,natural_breaks,Relative Mortality,uWUE,Mid,18,-0.02207,55.6,0.3969,0.7382,ns
M3vsM4_12m,natural_breaks,Relative Mortality,ETmax,Low,24,0.00098,33.3,0.9126,0.9126,ns
M3vsM4_12m,natural_breaks,Relative Mortality,GPPsat,Low,24,-0.5409,70.8,0.001703,0.07662,ns
M3vsM4_12m,natural_breaks,Relative Mortality,NEPmax,Low,24,-0.00215,50,0.2077,0.5843,ns
M3vsM4_12m,natural_breaks,Relative Mortality,WUE,Low,24,0.02011,37.5,0.8877,0.9112,ns
M3vsM4_12m,natural_breaks,Relative Mortality,uWUE,Low,24,-0.02407,66.7,0.06681,0.4295,ns
M3vsM4_12m,natural_breaks,Relative Disturbance,ETmax,High,22,0.00073,45.5,0.835,0.9112,ns
M3vsM4_12m,natural_breaks,Relative Disturbance,GPPsat,High,22,-0.00747,50,0.4101,0.7382,ns
M3vsM4_12m,natural_breaks,Relative Disturbance,NEPmax,High,22,-0.39511,63.6,0.02985,0.2686,ns
M3vsM4_12m,natural_breaks,Relative Disturbance,WUE,High,22,-0.04308,54.5,0.1348,0.5032,ns
M3vsM4_12m,natural_breaks,Relative Disturbance,uWUE,High,22,-0.01575,59.1,0.2905,0.6536,ns
M3vsM4_12m,natural_breaks,Relative Disturbance,ETmax,Mid,20,0.00034,45,0.6525,0.8938,ns
M3vsM4_12m,natural_breaks,Relative Disturbance,GPPsat,Mid,20,0.03469,50,0.6796,0.8938,ns
M3vsM4_12m,natural_breaks,Relative Disturbance,NEPmax,Mid,20,-0.02388,55,0.5813,0.872,ns
M3vsM4_12m,natural_breaks,Relative Disturbance,WUE,Mid,20,-0.00484,55,0.2814,0.6536,ns
M3vsM4_12m,natural_breaks,Relative Disturbance,uWUE,Mid,20,-0.01298,55,0.3755,0.7347,ns
M3vsM4_12m,natural_breaks,Relative Disturbance,ETmax,Low,23,0.00067,34.8,0.853,0.9112,ns
M3vsM4_12m,natural_breaks,Relative Disturbance,GPPsat,Low,23,-0.51909,69.6,0.004655,0.1047,ns
M3vsM4_12m,natural_breaks,Relative Disturbance,NEPmax,Low,23,-0.125,56.5,0.1034,0.4655,ns
M3vsM4_12m,natural_breaks,Relative Disturbance,WUE,Low,23,0.02074,39.1,0.891,0.9112,ns
M3vsM4_12m,natural_breaks,Relative Disturbance,uWUE,Low,23,-0.02454,69.6,0.09291,0.4645,ns
M3vsM4_24m,tertiles,Absolute Mortality,ETmax,High,22,-0.0013,59.1,0.1732,0.5197,ns
M3vsM4_24m,tertiles,Absolute Mortality,GPPsat,High,22,-0.34391,63.6,0.09704,0.397,ns
M3vsM4_24m,tertiles,Absolute Mortality,NEPmax,High,22,-0.56074,68.2,0.05583,0.3661,ns
M3vsM4_24m,tertiles,Absolute Mortality,WUE,High,22,-0.01291,50,0.2276,0.569,ns
M3vsM4_24m,tertiles,Absolute Mortality,uWUE,High,22,0.01994,36.4,0.9762,0.9762,ns
M3vsM4_24m,tertiles,Absolute Mortality,ETmax,Mid,21,-5e-04,57.1,0.7979,0.9126,ns
M3vsM4_24m,tertiles,Absolute Mortality,GPPsat,Mid,21,-0.24265,61.9,0.1924,0.5276,ns
M3vsM4_24m,tertiles,Absolute Mortality,NEPmax,Mid,21,0.18523,42.9,0.6489,0.8588,ns
M3vsM4_24m,tertiles,Absolute Mortality,WUE,Mid,21,0.00028,47.6,0.431,0.6999,ns
M3vsM4_24m,tertiles,Absolute Mortality,uWUE,Mid,21,-0.00268,52.4,0.431,0.6999,ns
M3vsM4_24m,tertiles,Absolute Mortality,ETmax,Low,22,8e-04,45.5,0.5388,0.7758,ns
M3vsM4_24m,tertiles,Absolute Mortality,GPPsat,Low,22,-0.14843,54.5,0.1993,0.5276,ns
M3vsM4_24m,tertiles,Absolute Mortality,NEPmax,Low,22,-0.22324,72.7,0.02985,0.3661,ns
M3vsM4_24m,tertiles,Absolute Mortality,WUE,Low,22,0.01016,45.5,0.5517,0.7758,ns
M3vsM4_24m,tertiles,Absolute Mortality,uWUE,Low,22,-0.00859,54.5,0.3851,0.6999,ns
M3vsM4_24m,tertiles,Relative Mortality,ETmax,High,22,-0.00087,54.5,0.4355,0.6999,ns
M3vsM4_24m,tertiles,Relative Mortality,GPPsat,High,22,-0.33465,68.2,0.07658,0.3661,ns
M3vsM4_24m,tertiles,Relative Mortality,NEPmax,High,22,-0.45393,63.6,0.08135,0.3661,ns
M3vsM4_24m,tertiles,Relative Mortality,WUE,High,22,-0.04756,59.1,0.08135,0.3661,ns
M3vsM4_24m,tertiles,Relative Mortality,uWUE,High,22,0.00856,45.5,0.8721,0.9126,ns
M3vsM4_24m,tertiles,Relative Mortality,ETmax,Mid,21,-0.0012,61.9,0.4174,0.6999,ns
M3vsM4_24m,tertiles,Relative Mortality,GPPsat,Mid,21,-0.12918,52.4,0.431,0.6999,ns
M3vsM4_24m,tertiles,Relative Mortality,NEPmax,Mid,21,0.07137,42.9,0.7565,0.9126,ns
M3vsM4_24m,tertiles,Relative Mortality,WUE,Mid,21,0.02174,33.3,0.8433,0.9126,ns
M3vsM4_24m,tertiles,Relative Mortality,uWUE,Mid,21,0.01237,42.9,0.8594,0.9126,ns
M3vsM4_24m,tertiles,Relative Mortality,ETmax,Low,22,8e-04,45.5,0.6869,0.8831,ns
M3vsM4_24m,tertiles,Relative Mortality,GPPsat,Low,22,-0.21532,59.1,0.06766,0.3661,ns
M3vsM4_24m,tertiles,Relative Mortality,NEPmax,Low,22,-0.23307,77.3,0.01886,0.3661,ns
M3vsM4_24m,tertiles,Relative Mortality,WUE,Low,22,0.00209,50,0.4101,0.6999,ns
M3vsM4_24m,tertiles,Relative Mortality,uWUE,Low,22,-0.00859,54.5,0.2687,0.5942,ns
M3vsM4_24m,tertiles,Relative Disturbance,ETmax,High,22,-0.00129,59.1,0.2477,0.5866,ns
M3vsM4_24m,tertiles,Relative Disturbance,GPPsat,High,22,-0.2885,63.6,0.1348,0.4334,ns
M3vsM4_24m,tertiles,Relative Disturbance,NEPmax,High,22,-0.26343,59.1,0.1348,0.4334,ns
M3vsM4_24m,tertiles,Relative Disturbance,WUE,High,22,-0.04756,59.1,0.05226,0.3661,ns
M3vsM4_24m,tertiles,Relative Disturbance,uWUE,High,22,0.00856,45.5,0.8721,0.9126,ns
M3vsM4_24m,tertiles,Relative Disturbance,ETmax,Mid,21,-0.001,52.4,0.7455,0.9126,ns
M3vsM4_24m,tertiles,Relative Disturbance,GPPsat,Mid,21,-0.12918,57.1,0.2773,0.5942,ns
M3vsM4_24m,tertiles,Relative Disturbance,NEPmax,Mid,21,0.00513,47.6,0.5961,0.8129,ns
M3vsM4_24m,tertiles,Relative Disturbance,WUE,Mid,21,0.01116,38.1,0.826,0.9126,ns
M3vsM4_24m,tertiles,Relative Disturbance,uWUE,Mid,21,0.02882,33.3,0.9178,0.9386,ns
M3vsM4_24m,tertiles,Relative Disturbance,ETmax,Low,22,0.00012,50,0.5517,0.7758,ns
M3vsM4_24m,tertiles,Relative Disturbance,GPPsat,Low,22,-0.26313,59.1,0.05583,0.3661,ns
M3vsM4_24m,tertiles,Relative Disturbance,NEPmax,Low,22,-0.26656,77.3,0.03708,0.3661,ns
M3vsM4_24m,tertiles,Relative Disturbance,WUE,Low,22,0.01115,45.5,0.5517,0.7758,ns
M3vsM4_24m,tertiles,Relative Disturbance,uWUE,Low,22,-0.01358,63.6,0.1212,0.4334,ns
M3vsM4_24m,equal_width,Absolute Mortality,ETmax,Mid,21,-0.0012,66.7,0.09329,0.4418,ns
M3vsM4_24m,equal_width,Absolute Mortality,GPPsat,Mid,21,-0.35909,71.4,0.05493,0.4418,ns
M3vsM4_24m,equal_width,Absolute Mortality,NEPmax,Mid,21,-0.70001,71.4,0.0219,0.4418,ns
M3vsM4_24m,equal_width,Absolute Mortality,WUE,Mid,21,-0.04692,57.1,0.1119,0.4418,ns
M3vsM4_24m,equal_width,Absolute Mortality,uWUE,Mid,21,0.00926,47.6,0.826,0.893,ns
M3vsM4_24m,equal_width,Absolute Mortality,ETmax,Low,41,0.00064,48.8,0.7816,0.8684,ns
M3vsM4_24m,equal_width,Absolute Mortality,GPPsat,Low,41,-0.16768,56.1,0.1325,0.4418,ns
M3vsM4_24m,equal_width,Absolute Mortality,NEPmax,Low,41,-0.13113,58.5,0.2712,0.4717,ns
M3vsM4_24m,equal_width,Absolute Mortality,WUE,Low,41,0.01064,43.9,0.6221,0.7953,ns
M3vsM4_24m,equal_width,Absolute Mortality,uWUE,Low,41,-0.00268,51.2,0.428,0.7134,ns
M3vsM4_24m,equal_width,Absolute Mortality,ETmax,High,3,0.0014,33.3,,,""
M3vsM4_24m,equal_width,Absolute Mortality,GPPsat,High,3,0.0374,33.3,,,""
M3vsM4_24m,equal_width,Absolute Mortality,NEPmax,High,3,0.25768,33.3,,,""
M3vsM4_24m,equal_width,Absolute Mortality,WUE,High,3,0.06948,33.3,,,""
M3vsM4_24m,equal_width,Absolute Mortality,uWUE,High,3,0.08906,0,,,""
M3vsM4_24m,equal_width,Relative Mortality,ETmax,Mid,26,-0.00119,65.4,0.2711,0.4717,ns
M3vsM4_24m,equal_width,Relative Mortality,GPPsat,Mid,26,-0.34672,69.2,0.06066,0.4418,ns
M3vsM4_24m,equal_width,Relative Mortality,NEPmax,Mid,26,-0.5278,69.2,0.03373,0.4418,ns
M3vsM4_24m,equal_width,Relative Mortality,WUE,Mid,26,0.00619,46.2,0.5101,0.7557,ns
M3vsM4_24m,equal_width,Relative Mortality,uWUE,Mid,26,0.01994,30.8,0.9889,0.9916,ns
M3vsM4_24m,equal_width,Relative Mortality,ETmax,Low,32,8e-04,46.9,0.7406,0.8464,ns
M3vsM4_24m,equal_width,Relative Mortality,GPPsat,Low,32,-0.21532,56.2,0.1139,0.4418,ns
M3vsM4_24m,equal_width,Relative Mortality,NEPmax,Low,32,-0.11253,59.4,0.2416,0.4717,ns
M3vsM4_24m,equal_width,Relative Mortality,WUE,Low,32,0.01016,43.8,0.5558,0.7666,ns
M3vsM4_24m,equal_width,Relative Mortality,uWUE,Low,32,-0.01358,59.4,0.1631,0.4547,ns
M3vsM4_24m,equal_width,Relative Mortality,ETmax,High,7,4e-04,42.9,0.4663,0.7294,ns
M3vsM4_24m,equal_width,Relative Mortality,GPPsat,High,7,0.0374,42.9,0.7229,0.8464,ns
M3vsM4_24m,equal_width,Relative Mortality,NEPmax,High,7,0.25768,42.9,0.5337,0.7624,ns
M3vsM4_24m,equal_width,Relative Mortality,WUE,High,7,-0.07616,71.4,0.07539,0.4418,ns
M3vsM4_24m,equal_width,Relative Mortality,uWUE,High,7,-0.00398,57.1,0.7229,0.8464,ns
M3vsM4_24m,equal_width,Relative Disturbance,ETmax,Mid,27,-0.0012,66.7,0.2544,0.4717,ns
M3vsM4_24m,equal_width,Relative Disturbance,GPPsat,Mid,27,-0.27319,66.7,0.122,0.4418,ns
M3vsM4_24m,equal_width,Relative Disturbance,NEPmax,Mid,27,-0.32469,63,0.122,0.4418,ns
M3vsM4_24m,equal_width,Relative Disturbance,WUE,Mid,27,0.01064,40.7,0.6362,0.7953,ns
M3vsM4_24m,equal_width,Relative Disturbance,uWUE,Mid,27,0.02212,33.3,0.9916,0.9916,ns
M3vsM4_24m,equal_width,Relative Disturbance,ETmax,High,9,-0.00139,55.6,0.2386,0.4717,ns
M3vsM4_24m,equal_width,Relative Disturbance,GPPsat,High,9,-0.33496,55.6,0.2386,0.4717,ns
M3vsM4_24m,equal_width,Relative Disturbance,NEPmax,High,9,-0.56486,66.7,0.1716,0.4547,ns
M3vsM4_24m,equal_width,Relative Disturbance,WUE,High,9,-0.07616,66.7,0.07757,0.4418,ns
M3vsM4_24m,equal_width,Relative Disturbance,uWUE,High,9,-0.0034,55.6,0.5936,0.7915,ns
M3vsM4_24m,equal_width,Relative Disturbance,ETmax,Low,29,0.00103,41.4,0.8911,0.938,ns
M3vsM4_24m,equal_width,Relative Disturbance,GPPsat,Low,29,-0.16768,55.2,0.1447,0.4452,ns
M3vsM4_24m,equal_width,Relative Disturbance,NEPmax,Low,29,-0.09394,58.6,0.2513,0.4717,ns
M3vsM4_24m,equal_width,Relative Disturbance,WUE,Low,29,0.00968,48.3,0.4741,0.7294,ns
M3vsM4_24m,equal_width,Relative Disturbance,uWUE,Low,29,-0.01296,58.6,0.1819,0.4547,ns
M3vsM4_24m,natural_breaks,Absolute Mortality,ETmax,High,14,-0.00195,57.1,0.286,0.6227,ns
M3vsM4_24m,natural_breaks,Absolute Mortality,GPPsat,High,14,-0.23032,57.1,0.2651,0.6227,ns
M3vsM4_24m,natural_breaks,Absolute Mortality,NEPmax,High,14,-0.63705,71.4,0.0937,0.4296,ns
M3vsM4_24m,natural_breaks,Absolute Mortality,WUE,High,14,-0.02285,50,0.3078,0.6295,ns
M3vsM4_24m,natural_breaks,Absolute Mortality,uWUE,High,14,0.00565,50,0.8571,0.9077,ns
M3vsM4_24m,natural_breaks,Absolute Mortality,ETmax,Mid,32,-0.00078,59.4,0.663,0.8266,ns
M3vsM4_24m,natural_breaks,Absolute Mortality,GPPsat,Mid,32,-0.34651,68.8,0.04354,0.4296,ns
M3vsM4_24m,natural_breaks,Absolute Mortality,NEPmax,Mid,32,-0.12326,53.1,0.2906,0.6227,ns
M3vsM4_24m,natural_breaks,Absolute Mortality,WUE,Mid,32,0.01586,43.8,0.5558,0.8068,ns
M3vsM4_24m,natural_breaks,Absolute Mortality,uWUE,Mid,32,0.00937,43.8,0.7406,0.8545,ns
M3vsM4_24m,natural_breaks,Absolute Mortality,ETmax,Low,19,0.00097,42.1,0.5401,0.8068,ns
M3vsM4_24m,natural_breaks,Absolute Mortality,GPPsat,Low,19,0.1246,47.4,0.3662,0.7164,ns
M3vsM4_24m,natural_breaks,Absolute Mortality,NEPmax,Low,19,-0.13113,68.4,0.09546,0.4296,ns
M3vsM4_24m,natural_breaks,Absolute Mortality,WUE,Low,19,-0.00549,52.6,0.2664,0.6227,ns
M3vsM4_24m,natural_breaks,Absolute Mortality,uWUE,Low,19,-0.01296,52.6,0.4281,0.7457,ns
M3vsM4_24m,natural_breaks,Relative Mortality,ETmax,High,23,-0.001,56.5,0.4098,0.7457,ns
M3vsM4_24m,natural_breaks,Relative Mortality,GPPsat,High,23,-0.33435,69.6,0.06609,0.4296,ns
M3vsM4_24m,natural_breaks,Relative Mortality,NEPmax,High,23,-0.56486,65.2,0.05863,0.4296,ns
M3vsM4_24m,natural_breaks,Relative Mortality,WUE,High,23,-0.04692,56.5,0.109,0.446,ns
M3vsM4_24m,natural_breaks,Relative Mortality,uWUE,High,23,0.00926,43.5,0.912,0.912,ns
M3vsM4_24m,natural_breaks,Relative Mortality,ETmax,Mid,18,-0.00116,55.6,0.5347,0.8068,ns
M3vsM4_24m,natural_breaks,Relative Mortality,GPPsat,Mid,18,-0.10483,50,0.4309,0.7457,ns
M3vsM4_24m,natural_breaks,Relative Mortality,NEPmax,Mid,18,0.03825,44.4,0.6362,0.8187,ns
M3vsM4_24m,natural_breaks,Relative Mortality,WUE,Mid,18,0.01995,38.9,0.7144,0.8459,ns
M3vsM4_24m,natural_breaks,Relative Mortality,uWUE,Mid,18,0.01725,38.9,0.8417,0.9077,ns
M3vsM4_24m,natural_breaks,Relative Mortality,ETmax,Low,24,0.00012,50,0.5959,0.8126,ns
M3vsM4_24m,natural_breaks,Relative Mortality,GPPsat,Low,24,-0.21532,58.3,0.07059,0.4296,ns
M3vsM4_24m,natural_breaks,Relative Mortality,NEPmax,Low,24,-0.1887,70.8,0.09199,0.4296,ns
M3vsM4_24m,natural_breaks,Relative Mortality,WUE,Low,24,0.01016,45.8,0.5285,0.8068,ns
M3vsM4_24m,natural_breaks,Relative Mortality,uWUE,Low,24,-0.00859,58.3,0.2077,0.6227,ns
M3vsM4_24m,natural_breaks,Relative Disturbance,ETmax,High,22,-0.00129,59.1,0.2477,0.6227,ns
M3vsM4_24m,natural_breaks,Relative Disturbance,GPPsat,High,22,-0.2885,63.6,0.1348,0.4667,ns
M3vsM4_24m,natural_breaks,Relative Disturbance,NEPmax,High,22,-0.26343,59.1,0.1348,0.4667,ns
M3vsM4_24m,natural_breaks,Relative Disturbance,WUE,High,22,-0.04756,59.1,0.05226,0.4296,ns
M3vsM4_24m,natural_breaks,Relative Disturbance,uWUE,High,22,0.00856,45.5,0.8721,0.9077,ns
M3vsM4_24m,natural_breaks,Relative Disturbance,ETmax,Mid,20,-0.00106,55,0.6796,0.8266,ns
M3vsM4_24m,natural_breaks,Relative Disturbance,GPPsat,Mid,20,-0.20119,60,0.2568,0.6227,ns
M3vsM4_24m,natural_breaks,Relative Disturbance,NEPmax,Mid,20,-0.13124,50,0.5959,0.8126,ns
M3vsM4_24m,natural_breaks,Relative Disturbance,WUE,Mid,20,0.01995,35,0.8477,0.9077,ns
M3vsM4_24m,natural_breaks,Relative Disturbance,uWUE,Mid,20,0.02547,35,0.8875,0.9077,ns
M3vsM4_24m,natural_breaks,Relative Disturbance,ETmax,Low,23,0.00064,47.8,0.6367,0.8187,ns
M3vsM4_24m,natural_breaks,Relative Disturbance,GPPsat,Low,23,-0.26297,56.5,0.06609,0.4296,ns
M3vsM4_24m,natural_breaks,Relative Disturbance,NEPmax,Low,23,-0.19854,73.9,0.04016,0.4296,ns
M3vsM4_24m,natural_breaks,Relative Disturbance,WUE,Low,23,0.00968,47.8,0.5424,0.8068,ns
M3vsM4_24m,natural_breaks,Relative Disturbance,uWUE,Low,23,-0.01296,60.9,0.1768,0.5683,ns
M5vsM6_raw_12m,tertiles,Absolute Mortality,ETmax,High,22,0.00015,45.5,0.3975,0.8821,ns
M5vsM6_raw_12m,tertiles,Absolute Mortality,GPPsat,High,22,0.09485,36.4,0.8913,0.9411,ns
M5vsM6_raw_12m,tertiles,Absolute Mortality,NEPmax,High,22,0.05419,40.9,0.6273,0.8821,ns
M5vsM6_raw_12m,tertiles,Absolute Mortality,WUE,High,22,-0.00135,50,0.6983,0.9411,ns
M5vsM6_raw_12m,tertiles,Absolute Mortality,uWUE,High,22,0.00409,45.5,0.8852,0.9411,ns
M5vsM6_raw_12m,tertiles,Absolute Mortality,ETmax,Mid,21,0.00155,42.9,0.9124,0.9411,ns
M5vsM6_raw_12m,tertiles,Absolute Mortality,GPPsat,Mid,21,-0.04007,52.4,0.5415,0.8821,ns
M5vsM6_raw_12m,tertiles,Absolute Mortality,NEPmax,Mid,21,-0.05529,52.4,0.5553,0.8821,ns
M5vsM6_raw_12m,tertiles,Absolute Mortality,WUE,Mid,21,0.0097,38.1,0.5277,0.8821,ns
M5vsM6_raw_12m,tertiles,Absolute Mortality,uWUE,Mid,21,-0.0017,52.4,0.3772,0.8821,ns
M5vsM6_raw_12m,tertiles,Absolute Mortality,ETmax,Low,22,0.00033,50,0.8852,0.9411,ns
M5vsM6_raw_12m,tertiles,Absolute Mortality,GPPsat,Low,22,-0.26114,68.2,0.03212,0.5179,ns
M5vsM6_raw_12m,tertiles,Absolute Mortality,NEPmax,Low,22,-0.16863,63.6,0.1348,0.8821,ns
M5vsM6_raw_12m,tertiles,Absolute Mortality,WUE,Low,22,-0.0249,68.2,0.1148,0.8821,ns
M5vsM6_raw_12m,tertiles,Absolute Mortality,uWUE,Low,22,-0.00424,54.5,0.5259,0.8821,ns
M5vsM6_raw_12m,tertiles,Relative Mortality,ETmax,High,22,0.00015,45.5,0.4228,0.8821,ns
M5vsM6_raw_12m,tertiles,Relative Mortality,GPPsat,High,22,0.14163,36.4,0.9186,0.9411,ns
M5vsM6_raw_12m,tertiles,Relative Mortality,NEPmax,High,22,0.08513,45.5,0.6273,0.8821,ns
M5vsM6_raw_12m,tertiles,Relative Mortality,WUE,High,22,-0.00135,50,0.5645,0.8821,ns
M5vsM6_raw_12m,tertiles,Relative Mortality,uWUE,High,22,0.00374,45.5,0.7523,0.9411,ns
M5vsM6_raw_12m,tertiles,Relative Mortality,ETmax,Mid,21,0.00093,42.9,0.9411,0.9411,ns
M5vsM6_raw_12m,tertiles,Relative Mortality,GPPsat,Mid,21,0.05314,47.6,0.4585,0.8821,ns
M5vsM6_raw_12m,tertiles,Relative Mortality,NEPmax,Mid,21,0.02938,47.6,0.4447,0.8821,ns
M5vsM6_raw_12m,tertiles,Relative Mortality,WUE,Mid,21,0.00272,42.9,0.4861,0.8821,ns
M5vsM6_raw_12m,tertiles,Relative Mortality,uWUE,Mid,21,-0.00153,52.4,0.6095,0.8821,ns
M5vsM6_raw_12m,tertiles,Relative Mortality,ETmax,Low,22,0.00035,50,0.8506,0.9411,ns
M5vsM6_raw_12m,tertiles,Relative Mortality,GPPsat,Low,22,-0.26114,72.7,0.02206,0.5179,ns
M5vsM6_raw_12m,tertiles,Relative Mortality,NEPmax,Low,22,-0.16863,63.6,0.1732,0.8821,ns
M5vsM6_raw_12m,tertiles,Relative Mortality,WUE,Low,22,-0.02068,63.6,0.1993,0.8821,ns
M5vsM6_raw_12m,tertiles,Relative Mortality,uWUE,Low,22,-0.00424,54.5,0.4741,0.8821,ns
M5vsM6_raw_12m,tertiles,Relative Disturbance,ETmax,High,22,0.00045,40.9,0.4612,0.8821,ns
M5vsM6_raw_12m,tertiles,Relative Disturbance,GPPsat,High,22,0.14285,36.4,0.9234,0.9411,ns
M5vsM6_raw_12m,tertiles,Relative Disturbance,NEPmax,High,22,0.05419,45.5,0.6025,0.8821,ns
M5vsM6_raw_12m,tertiles,Relative Disturbance,WUE,High,22,-0.00135,50,0.5772,0.8821,ns
M5vsM6_raw_12m,tertiles,Relative Disturbance,uWUE,High,22,0.00374,45.5,0.7625,0.9411,ns
M5vsM6_raw_12m,tertiles,Relative Disturbance,ETmax,Mid,21,0.00047,47.6,0.9178,0.9411,ns
M5vsM6_raw_12m,tertiles,Relative Disturbance,GPPsat,Mid,21,-0.04007,52.4,0.3257,0.8821,ns
M5vsM6_raw_12m,tertiles,Relative Disturbance,NEPmax,Mid,21,0.02938,47.6,0.4039,0.8821,ns
M5vsM6_raw_12m,tertiles,Relative Disturbance,WUE,Mid,21,0.00115,47.6,0.2545,0.8821,ns
M5vsM6_raw_12m,tertiles,Relative Disturbance,uWUE,Mid,21,-0.00153,52.4,0.5826,0.8821,ns
M5vsM6_raw_12m,tertiles,Relative Disturbance,ETmax,Low,22,0.00035,50,0.8506,0.9411,ns
M5vsM6_raw_12m,tertiles,Relative Disturbance,GPPsat,Low,22,-0.24783,68.2,0.03453,0.5179,ns
M5vsM6_raw_12m,tertiles,Relative Disturbance,NEPmax,Low,22,-0.16863,63.6,0.142,0.8821,ns
M5vsM6_raw_12m,tertiles,Relative Disturbance,WUE,Low,22,-0.01273,59.1,0.3851,0.8821,ns
M5vsM6_raw_12m,tertiles,Relative Disturbance,uWUE,Low,22,-0.00424,54.5,0.4741,0.8821,ns
M5vsM6_raw_12m,equal_width,Absolute Mortality,ETmax,Mid,21,0.00047,38.1,0.7673,0.9449,ns
M5vsM6_raw_12m,equal_width,Absolute Mortality,GPPsat,Mid,21,0.0124,42.9,0.7565,0.9449,ns
M5vsM6_raw_12m,equal_width,Absolute Mortality,NEPmax,Mid,21,0.03842,42.9,0.5826,0.9449,ns
M5vsM6_raw_12m,equal_width,Absolute Mortality,WUE,Mid,21,0.00667,47.6,0.6743,0.9449,ns
M5vsM6_raw_12m,equal_width,Absolute Mortality,uWUE,Mid,21,0.00515,42.9,0.8515,0.9449,ns
M5vsM6_raw_12m,equal_width,Absolute Mortality,ETmax,Low,41,0.001,48.8,0.923,0.9449,ns
M5vsM6_raw_12m,equal_width,Absolute Mortality,GPPsat,Low,41,-0.20015,58.5,0.1353,0.9449,ns
M5vsM6_raw_12m,equal_width,Absolute Mortality,NEPmax,Low,41,-0.08779,56.1,0.3021,0.9449,ns
M5vsM6_raw_12m,equal_width,Absolute Mortality,WUE,Low,41,-0.01153,53.7,0.1754,0.9449,ns
M5vsM6_raw_12m,equal_width,Absolute Mortality,uWUE,Low,41,-0.0021,53.7,0.4484,0.9449,ns
M5vsM6_raw_12m,equal_width,Absolute Mortality,ETmax,High,3,-0.00485,66.7,,,""
M5vsM6_raw_12m,equal_width,Absolute Mortality,GPPsat,High,3,0.09363,33.3,,,""
M5vsM6_raw_12m,equal_width,Absolute Mortality,NEPmax,High,3,-0.07352,66.7,,,""
M5vsM6_raw_12m,equal_width,Absolute Mortality,WUE,High,3,-0.01497,66.7,,,""
M5vsM6_raw_12m,equal_width,Absolute Mortality,uWUE,High,3,-0.00835,66.7,,,""
M5vsM6_raw_12m,equal_width,Relative Mortality,ETmax,Mid,26,0.00038,42.3,0.7536,0.9449,ns
M5vsM6_raw_12m,equal_width,Relative Mortality,GPPsat,Mid,26,0.0844,38.5,0.8886,0.9449,ns
M5vsM6_raw_12m,equal_width,Relative Mortality,NEPmax,Mid,26,0.0304,46.2,0.4195,0.9449,ns
M5vsM6_raw_12m,equal_width,Relative Mortality,WUE,Mid,26,0.01515,42.3,0.7289,0.9449,ns
M5vsM6_raw_12m,equal_width,Relative Mortality,uWUE,Mid,26,-0.00162,53.8,0.5505,0.9449,ns
M5vsM6_raw_12m,equal_width,Relative Mortality,ETmax,Low,32,0.00107,46.9,0.9289,0.9449,ns
M5vsM6_raw_12m,equal_width,Relative Mortality,GPPsat,Low,32,-0.24783,65.6,0.02426,0.6294,ns
M5vsM6_raw_12m,equal_width,Relative Mortality,NEPmax,Low,32,-0.10958,56.2,0.3507,0.9449,ns
M5vsM6_raw_12m,equal_width,Relative Mortality,WUE,Low,32,-0.00713,53.1,0.297,0.9449,ns
M5vsM6_raw_12m,equal_width,Relative Mortality,uWUE,Low,32,-0.00045,50,0.614,0.9449,ns
M5vsM6_raw_12m,equal_width,Relative Mortality,ETmax,High,7,-0.00215,57.1,0.3999,0.9449,ns
M5vsM6_raw_12m,equal_width,Relative Mortality,GPPsat,High,7,0.09363,42.9,0.7766,0.9449,ns
M5vsM6_raw_12m,equal_width,Relative Mortality,NEPmax,High,7,-0.07352,57.1,0.3999,0.9449,ns
M5vsM6_raw_12m,equal_width,Relative Mortality,WUE,High,7,-0.01924,85.7,0.05416,0.7221,ns
M5vsM6_raw_12m,equal_width,Relative Mortality,uWUE,High,7,0.00303,42.9,0.6637,0.9449,ns
M5vsM6_raw_12m,equal_width,Relative Disturbance,ETmax,Mid,27,0.00061,37,0.9449,0.9449,ns
M5vsM6_raw_12m,equal_width,Relative Disturbance,GPPsat,Mid,27,0.07273,40.7,0.8225,0.9449,ns
M5vsM6_raw_12m,equal_width,Relative Disturbance,NEPmax,Mid,27,0.02938,48.1,0.382,0.9449,ns
M5vsM6_raw_12m,equal_width,Relative Disturbance,WUE,Mid,27,0.01161,37,0.7895,0.9449,ns
M5vsM6_raw_12m,equal_width,Relative Disturbance,uWUE,Mid,27,-0.0017,55.6,0.3638,0.9449,ns
M5vsM6_raw_12m,equal_width,Relative Disturbance,ETmax,High,9,-0.00215,66.7,0.2386,0.9449,ns
M5vsM6_raw_12m,equal_width,Relative Disturbance,GPPsat,High,9,0.09363,44.4,0.7232,0.9449,ns
M5vsM6_raw_12m,equal_width,Relative Disturbance,NEPmax,High,9,-0.07352,66.7,0.2035,0.9449,ns
M5vsM6_raw_12m,equal_width,Relative Disturbance,WUE,High,9,-0.01497,77.8,0.1181,0.9449,ns
M5vsM6_raw_12m,equal_width,Relative Disturbance,uWUE,High,9,0.00303,44.4,0.7232,0.9449,ns
M5vsM6_raw_12m,equal_width,Relative Disturbance,ETmax,Low,29,0.001,48.3,0.887,0.9449,ns
M5vsM6_raw_12m,equal_width,Relative Disturbance,GPPsat,Low,29,-0.24729,65.5,0.03147,0.6294,ns
M5vsM6_raw_12m,equal_width,Relative Disturbance,NEPmax,Low,29,-0.07741,51.7,0.5345,0.9449,ns
M5vsM6_raw_12m,equal_width,Relative Disturbance,WUE,Low,29,-0.01329,58.6,0.1995,0.9449,ns
M5vsM6_raw_12m,equal_width,Relative Disturbance,uWUE,Low,29,0.0012,48.3,0.7347,0.9449,ns
M5vsM6_raw_12m,natural_breaks,Absolute Mortality,ETmax,High,14,0.00012,50,0.45,0.8911,ns
M5vsM6_raw_12m,natural_breaks,Absolute Mortality,GPPsat,High,14,0.00969,42.9,0.55,0.8911,ns
M5vsM6_raw_12m,natural_breaks,Absolute Mortality,NEPmax,High,14,0.0939,42.9,0.714,0.9029,ns
M5vsM6_raw_12m,natural_breaks,Absolute Mortality,WUE,High,14,-0.00999,57.1,0.3532,0.8911,ns
M5vsM6_raw_12m,natural_breaks,Absolute Mortality,uWUE,High,14,-0.00266,50,0.714,0.9029,ns
M5vsM6_raw_12m,natural_breaks,Absolute Mortality,ETmax,Mid,32,7e-04,40.6,0.9153,0.956,ns
M5vsM6_raw_12m,natural_breaks,Absolute Mortality,GPPsat,Mid,32,0.0844,46.9,0.6899,0.9029,ns
M5vsM6_raw_12m,natural_breaks,Absolute Mortality,NEPmax,Mid,32,-0.09333,53.1,0.2475,0.8911,ns
M5vsM6_raw_12m,natural_breaks,Absolute Mortality,WUE,Mid,32,0.01039,40.6,0.7525,0.9029,ns
M5vsM6_raw_12m,natural_breaks,Absolute Mortality,uWUE,Mid,32,0.00146,50,0.6423,0.9029,ns
M5vsM6_raw_12m,natural_breaks,Absolute Mortality,ETmax,Low,19,-0.00034,52.6,0.7467,0.9029,ns
M5vsM6_raw_12m,natural_breaks,Absolute Mortality,GPPsat,Low,19,-0.24836,68.4,0.06564,0.8911,ns
M5vsM6_raw_12m,natural_breaks,Absolute Mortality,NEPmax,Low,19,-0.08779,57.9,0.3814,0.8911,ns
M5vsM6_raw_12m,natural_breaks,Absolute Mortality,WUE,Low,19,-0.02743,68.4,0.08251,0.8911,ns
M5vsM6_raw_12m,natural_breaks,Absolute Mortality,uWUE,Low,19,-0.0021,52.6,0.4281,0.8911,ns
M5vsM6_raw_12m,natural_breaks,Relative Mortality,ETmax,High,23,0,47.8,0.398,0.8911,ns
M5vsM6_raw_12m,natural_breaks,Relative Mortality,GPPsat,High,23,0.09363,34.8,0.9257,0.956,ns
M5vsM6_raw_12m,natural_breaks,Relative Mortality,NEPmax,High,23,0.03842,47.8,0.4939,0.8911,ns
M5vsM6_raw_12m,natural_breaks,Relative Mortality,WUE,High,23,-0.00937,52.2,0.5303,0.8911,ns
M5vsM6_raw_12m,natural_breaks,Relative Mortality,uWUE,High,23,0.00445,43.5,0.8232,0.9349,ns
M5vsM6_raw_12m,natural_breaks,Relative Mortality,ETmax,Mid,18,0.00135,33.3,0.9882,0.9882,ns
M5vsM6_raw_12m,natural_breaks,Relative Mortality,GPPsat,Mid,18,0.00653,50,0.4653,0.8911,ns
M5vsM6_raw_12m,natural_breaks,Relative Mortality,NEPmax,Mid,18,0.0304,44.4,0.4826,0.8911,ns
M5vsM6_raw_12m,natural_breaks,Relative Mortality,WUE,Mid,18,0.00621,38.9,0.5347,0.8911,ns
M5vsM6_raw_12m,natural_breaks,Relative Mortality,uWUE,Mid,18,-0.00162,55.6,0.4826,0.8911,ns
M5vsM6_raw_12m,natural_breaks,Relative Mortality,ETmax,Low,24,-0.00033,54.2,0.758,0.9029,ns
M5vsM6_raw_12m,natural_breaks,Relative Mortality,GPPsat,Low,24,-0.26114,70.8,0.01916,0.8622,ns
M5vsM6_raw_12m,natural_breaks,Relative Mortality,NEPmax,Low,24,-0.16863,62.5,0.2331,0.8911,ns
M5vsM6_raw_12m,natural_breaks,Relative Mortality,WUE,Low,24,-0.02068,62.5,0.2245,0.8911,ns
M5vsM6_raw_12m,natural_breaks,Relative Mortality,uWUE,Low,24,-0.00424,54.2,0.4829,0.8911,ns
M5vsM6_raw_12m,natural_breaks,Relative Disturbance,ETmax,High,22,0.00045,40.9,0.4612,0.8911,ns
M5vsM6_raw_12m,natural_breaks,Relative Disturbance,GPPsat,High,22,0.14285,36.4,0.9234,0.956,ns
M5vsM6_raw_12m,natural_breaks,Relative Disturbance,NEPmax,High,22,0.05419,45.5,0.6025,0.9029,ns
M5vsM6_raw_12m,natural_breaks,Relative Disturbance,WUE,High,22,-0.00135,50,0.5772,0.8957,ns
M5vsM6_raw_12m,natural_breaks,Relative Disturbance,uWUE,High,22,0.00374,45.5,0.7625,0.9029,ns
M5vsM6_raw_12m,natural_breaks,Relative Disturbance,ETmax,Mid,20,0.00081,45,0.9347,0.956,ns
M5vsM6_raw_12m,natural_breaks,Relative Disturbance,GPPsat,Mid,20,-0.07018,55,0.2111,0.8911,ns
M5vsM6_raw_12m,natural_breaks,Relative Disturbance,NEPmax,Mid,20,-0.01295,50,0.3475,0.8911,ns
M5vsM6_raw_12m,natural_breaks,Relative Disturbance,WUE,Mid,20,0.00193,45,0.3204,0.8911,ns
M5vsM6_raw_12m,natural_breaks,Relative Disturbance,uWUE,Mid,20,-0.00162,55,0.5074,0.8911,ns
M5vsM6_raw_12m,natural_breaks,Relative Disturbance,ETmax,Low,23,-0.00031,52.2,0.831,0.9349,ns
M5vsM6_raw_12m,natural_breaks,Relative Disturbance,GPPsat,Low,23,-0.24729,65.2,0.06227,0.8911,ns
M5vsM6_raw_12m,natural_breaks,Relative Disturbance,NEPmax,Low,23,-0.1607,60.9,0.219,0.8911,ns
M5vsM6_raw_12m,natural_breaks,Relative Disturbance,WUE,Low,23,-0.01393,60.9,0.3079,0.8911,ns
M5vsM6_raw_12m,natural_breaks,Relative Disturbance,uWUE,Low,23,-0.0021,52.2,0.5544,0.8911,ns
M5vsM6_raw_24m,tertiles,Absolute Mortality,ETmax,High,22,-0.0019,68.2,0.04569,0.383,ns
M5vsM6_raw_24m,tertiles,Absolute Mortality,GPPsat,High,22,0.03042,50,0.6516,0.8507,ns
M5vsM6_raw_24m,tertiles,Absolute Mortality,NEPmax,High,22,-0.11689,59.1,0.1212,0.5456,ns
M5vsM6_raw_24m,tertiles,Absolute Mortality,WUE,High,22,-0.01263,59.1,0.07658,0.4307,ns
M5vsM6_raw_24m,tertiles,Absolute Mortality,uWUE,High,22,0.01358,40.9,0.8007,0.9193,ns
M5vsM6_raw_24m,tertiles,Absolute Mortality,ETmax,Mid,21,0.00122,33.3,0.9762,0.9762,ns
M5vsM6_raw_24m,tertiles,Absolute Mortality,GPPsat,Mid,21,-0.10414,57.1,0.1652,0.5839,ns
M5vsM6_raw_24m,tertiles,Absolute Mortality,NEPmax,Mid,21,0.15628,42.9,0.6228,0.8493,ns
M5vsM6_raw_24m,tertiles,Absolute Mortality,WUE,Mid,21,-0.00289,52.4,0.569,0.8259,ns
M5vsM6_raw_24m,tertiles,Absolute Mortality,uWUE,Mid,21,0.01168,42.9,0.8348,0.9193,ns
M5vsM6_raw_24m,tertiles,Absolute Mortality,ETmax,Low,22,0.00046,36.4,0.858,0.9193,ns
M5vsM6_raw_24m,tertiles,Absolute Mortality,GPPsat,Low,22,-0.14617,54.5,0.1027,0.5136,ns
M5vsM6_raw_24m,tertiles,Absolute Mortality,NEPmax,Low,22,-0.10576,54.5,0.5129,0.8082,ns
M5vsM6_raw_24m,tertiles,Absolute Mortality,WUE,Low,22,-0.0082,59.1,0.2179,0.613,ns
M5vsM6_raw_24m,tertiles,Absolute Mortality,uWUE,Low,22,-0.01462,72.7,0.03708,0.383,ns
M5vsM6_raw_24m,tertiles,Relative Mortality,ETmax,High,22,-0.0012,68.2,0.05958,0.383,ns
M5vsM6_raw_24m,tertiles,Relative Mortality,GPPsat,High,22,0.0709,45.5,0.6025,0.8472,ns
M5vsM6_raw_24m,tertiles,Relative Mortality,NEPmax,High,22,-0.01918,50,0.3727,0.7927,ns
M5vsM6_raw_24m,tertiles,Relative Mortality,WUE,High,22,-0.0158,63.6,0.05226,0.383,ns
M5vsM6_raw_24m,tertiles,Relative Mortality,uWUE,High,22,0.01358,40.9,0.5388,0.8082,ns
M5vsM6_raw_24m,tertiles,Relative Mortality,ETmax,Mid,21,0.00082,28.6,0.9411,0.9625,ns
M5vsM6_raw_24m,tertiles,Relative Mortality,GPPsat,Mid,21,-0.01072,52.4,0.3011,0.7927,ns
M5vsM6_raw_24m,tertiles,Relative Mortality,NEPmax,Mid,21,0.05938,47.6,0.5139,0.8082,ns
M5vsM6_raw_24m,tertiles,Relative Mortality,WUE,Mid,21,8e-05,47.6,0.6617,0.8507,ns
M5vsM6_raw_24m,tertiles,Relative Mortality,uWUE,Mid,21,-0.00192,52.4,0.7673,0.9193,ns
M5vsM6_raw_24m,tertiles,Relative Mortality,ETmax,Low,22,0.00046,40.9,0.835,0.9193,ns
M5vsM6_raw_24m,tertiles,Relative Mortality,GPPsat,Low,22,-0.18958,63.6,0.02571,0.383,ns
M5vsM6_raw_24m,tertiles,Relative Mortality,NEPmax,Low,22,-0.13702,59.1,0.3484,0.7927,ns
M5vsM6_raw_24m,tertiles,Relative Mortality,WUE,Low,22,-0.01415,59.1,0.2179,0.613,ns
M5vsM6_raw_24m,tertiles,Relative Mortality,uWUE,Low,22,-0.00931,63.6,0.1817,0.5839,ns
M5vsM6_raw_24m,tertiles,Relative Disturbance,ETmax,High,22,-0.00078,63.6,0.1494,0.5839,ns
M5vsM6_raw_24m,tertiles,Relative Disturbance,GPPsat,High,22,0.03042,50,0.4612,0.7982,ns
M5vsM6_raw_24m,tertiles,Relative Disturbance,NEPmax,High,22,-0.01918,50,0.4228,0.7927,ns
M5vsM6_raw_24m,tertiles,Relative Disturbance,WUE,High,22,-0.0158,63.6,0.05583,0.383,ns
M5vsM6_raw_24m,tertiles,Relative Disturbance,uWUE,High,22,0.00443,45.5,0.4612,0.7982,ns
M5vsM6_raw_24m,tertiles,Relative Disturbance,ETmax,Mid,21,0.00037,38.1,0.6989,0.8737,ns
M5vsM6_raw_24m,tertiles,Relative Disturbance,GPPsat,Mid,21,0.0262,47.6,0.3905,0.7927,ns
M5vsM6_raw_24m,tertiles,Relative Disturbance,NEPmax,Mid,21,-0.00216,52.4,0.3383,0.7927,ns
M5vsM6_raw_24m,tertiles,Relative Disturbance,WUE,Mid,21,8e-05,47.6,0.5277,0.8082,ns
M5vsM6_raw_24m,tertiles,Relative Disturbance,uWUE,Mid,21,-0.00192,52.4,0.8515,0.9193,ns
M5vsM6_raw_24m,tertiles,Relative Disturbance,ETmax,Low,22,0.00046,36.4,0.8913,0.9328,ns
M5vsM6_raw_24m,tertiles,Relative Disturbance,GPPsat,Low,22,-0.18958,63.6,0.03979,0.383,ns
M5vsM6_raw_24m,tertiles,Relative Disturbance,NEPmax,Low,22,-0.10576,54.5,0.4101,0.7927,ns
M5vsM6_raw_24m,tertiles,Relative Disturbance,WUE,Low,22,-0.01837,59.1,0.4101,0.7927,ns
M5vsM6_raw_24m,tertiles,Relative Disturbance,uWUE,Low,22,-0.00832,59.1,0.1817,0.5839,ns
M5vsM6_raw_24m,equal_width,Absolute Mortality,ETmax,Mid,21,-0.00022,57.1,0.1924,0.6158,ns
M5vsM6_raw_24m,equal_width,Absolute Mortality,GPPsat,Mid,21,0.0262,47.6,0.7109,0.8674,ns
M5vsM6_raw_24m,equal_width,Absolute Mortality,NEPmax,Mid,21,-0.1226,57.1,0.1119,0.5247,ns
M5vsM6_raw_24m,equal_width,Absolute Mortality,WUE,Mid,21,-0.01177,57.1,0.1054,0.5247,ns
M5vsM6_raw_24m,equal_width,Absolute Mortality,uWUE,Mid,21,0.00685,47.6,0.5961,0.8376,ns
M5vsM6_raw_24m,equal_width,Absolute Mortality,ETmax,Low,41,0.00047,36.6,0.9564,0.9564,ns
M5vsM6_raw_24m,equal_width,Absolute Mortality,GPPsat,Low,41,-0.15706,58.5,0.03102,0.3102,ns
M5vsM6_raw_24m,equal_width,Absolute Mortality,NEPmax,Low,41,0.03776,48.8,0.6072,0.8376,ns
M5vsM6_raw_24m,equal_width,Absolute Mortality,WUE,Low,41,-0.00332,53.7,0.4897,0.8161,ns
M5vsM6_raw_24m,equal_width,Absolute Mortality,uWUE,Low,41,-0.00576,58.5,0.3584,0.7067,ns
M5vsM6_raw_24m,equal_width,Absolute Mortality,ETmax,High,3,-0.00385,100,,,""
M5vsM6_raw_24m,equal_width,Absolute Mortality,GPPsat,High,3,0.06703,33.3,,,""
M5vsM6_raw_24m,equal_width,Absolute Mortality,NEPmax,High,3,-0.09918,66.7,,,""
M5vsM6_raw_24m,equal_width,Absolute Mortality,WUE,High,3,-0.06123,100,,,""
M5vsM6_raw_24m,equal_width,Absolute Mortality,uWUE,High,3,0.03969,0,,,""
M5vsM6_raw_24m,equal_width,Relative Mortality,ETmax,Mid,26,0.00036,42.3,0.7289,0.8674,ns
M5vsM6_raw_24m,equal_width,Relative Mortality,GPPsat,Mid,26,0.05048,46.2,0.8452,0.9088,ns
M5vsM6_raw_24m,equal_width,Relative Mortality,NEPmax,Mid,26,0.09496,42.3,0.3998,0.7067,ns
M5vsM6_raw_24m,equal_width,Relative Mortality,WUE,Mid,26,-0.00574,50,0.2155,0.6158,ns
M5vsM6_raw_24m,equal_width,Relative Mortality,uWUE,Mid,26,0.00247,50,0.7373,0.8674,ns
M5vsM6_raw_24m,equal_width,Relative Mortality,ETmax,Low,32,0.00046,40.6,0.8861,0.9088,ns
M5vsM6_raw_24m,equal_width,Relative Mortality,GPPsat,Low,32,-0.18958,62.5,0.009956,0.3102,ns
M5vsM6_raw_24m,equal_width,Relative Mortality,NEPmax,Low,32,-0.10518,56.2,0.3788,0.7067,ns
M5vsM6_raw_24m,equal_width,Relative Mortality,WUE,Low,32,-0.00365,56.2,0.5851,0.8376,ns
M5vsM6_raw_24m,equal_width,Relative Mortality,uWUE,Low,32,-0.00687,59.4,0.2027,0.6158,ns
M5vsM6_raw_24m,equal_width,Relative Mortality,ETmax,High,7,-0.00385,85.7,0.07539,0.5247,ns
M5vsM6_raw_24m,equal_width,Relative Mortality,GPPsat,High,7,0.06703,42.9,0.3999,0.7067,ns
M5vsM6_raw_24m,equal_width,Relative Mortality,NEPmax,High,7,-0.11117,71.4,0.2771,0.6926,ns
M5vsM6_raw_24m,equal_width,Relative Mortality,WUE,High,7,-0.06123,85.7,0.01731,0.3102,ns
M5vsM6_raw_24m,equal_width,Relative Mortality,uWUE,High,7,0.03969,28.6,0.7766,0.8875,ns
M5vsM6_raw_24m,equal_width,Relative Disturbance,ETmax,Mid,27,0.00037,40.7,0.6803,0.8674,ns
M5vsM6_raw_24m,equal_width,Relative Disturbance,GPPsat,Mid,27,0.0262,48.1,0.7219,0.8674,ns
M5vsM6_raw_24m,equal_width,Relative Disturbance,NEPmax,Mid,27,0.05938,48.1,0.3459,0.7067,ns
M5vsM6_raw_24m,equal_width,Relative Disturbance,WUE,Mid,27,-0.01157,51.9,0.2105,0.6158,ns
M5vsM6_raw_24m,equal_width,Relative Disturbance,uWUE,Mid,27,0.02031,44.4,0.868,0.9088,ns
M5vsM6_raw_24m,equal_width,Relative Disturbance,ETmax,High,9,-0.00237,77.8,0.1181,0.5247,ns
M5vsM6_raw_24m,equal_width,Relative Disturbance,GPPsat,High,9,-0.13006,55.6,0.4064,0.7067,ns
M5vsM6_raw_24m,equal_width,Relative Disturbance,NEPmax,High,9,-0.11117,66.7,0.2768,0.6926,ns
M5vsM6_raw_24m,equal_width,Relative Disturbance,WUE,High,9,-0.06123,66.7,0.1181,0.5247,ns
M5vsM6_raw_24m,equal_width,Relative Disturbance,uWUE,High,9,-0.00851,55.6,0.4064,0.7067,ns
M5vsM6_raw_24m,equal_width,Relative Disturbance,ETmax,Low,29,0.00044,41.4,0.8453,0.9088,ns
M5vsM6_raw_24m,equal_width,Relative Disturbance,GPPsat,Low,29,-0.16026,58.6,0.02582,0.3102,ns
M5vsM6_raw_24m,equal_width,Relative Disturbance,NEPmax,Low,29,-0.00216,51.7,0.5602,0.8376,ns
M5vsM6_raw_24m,equal_width,Relative Disturbance,WUE,Low,29,-0.00398,58.6,0.5345,0.8376,ns
M5vsM6_raw_24m,equal_width,Relative Disturbance,uWUE,Low,29,-0.01075,58.6,0.1935,0.6158,ns
M5vsM6_raw_24m,natural_breaks,Absolute Mortality,ETmax,High,14,-0.00242,71.4,0.07439,0.4184,ns
M5vsM6_raw_24m,natural_breaks,Absolute Mortality,GPPsat,High,14,-0.09016,57.1,0.2449,0.7119,ns
M5vsM6_raw_24m,natural_breaks,Absolute Mortality,NEPmax,High,14,-0.10518,57.1,0.2651,0.7119,ns
M5vsM6_raw_24m,natural_breaks,Absolute Mortality,WUE,High,14,-0.0304,71.4,0.04504,0.4184,ns
M5vsM6_raw_24m,natural_breaks,Absolute Mortality,uWUE,High,14,0.01116,42.9,0.55,0.7734,ns
M5vsM6_raw_24m,natural_breaks,Absolute Mortality,ETmax,Mid,32,6e-04,37.5,0.9289,0.9592,ns
M5vsM6_raw_24m,natural_breaks,Absolute Mortality,GPPsat,Mid,32,-0.00846,53.1,0.459,0.7412,ns
M5vsM6_raw_24m,natural_breaks,Absolute Mortality,NEPmax,Mid,32,0.09425,46.9,0.4149,0.7412,ns
M5vsM6_raw_24m,natural_breaks,Absolute Mortality,WUE,Mid,32,0.00103,46.9,0.6353,0.8168,ns
M5vsM6_raw_24m,natural_breaks,Absolute Mortality,uWUE,Mid,32,0.00927,43.8,0.9408,0.9592,ns
M5vsM6_raw_24m,natural_breaks,Absolute Mortality,ETmax,Low,19,0.00044,42.1,0.7467,0.8842,ns
M5vsM6_raw_24m,natural_breaks,Absolute Mortality,GPPsat,Low,19,-0.13527,52.6,0.1025,0.5123,ns
M5vsM6_raw_24m,natural_breaks,Absolute Mortality,NEPmax,Low,19,-0.13525,57.9,0.3968,0.7412,ns
M5vsM6_raw_24m,natural_breaks,Absolute Mortality,WUE,Low,19,-0.01242,63.2,0.1431,0.578,ns
M5vsM6_raw_24m,natural_breaks,Absolute Mortality,uWUE,Low,19,-0.01564,73.7,0.02548,0.4184,ns
M5vsM6_raw_24m,natural_breaks,Relative Mortality,ETmax,High,23,-0.00097,65.2,0.06227,0.4184,ns
M5vsM6_raw_24m,natural_breaks,Relative Mortality,GPPsat,High,23,0.07477,43.5,0.6921,0.8651,ns
M5vsM6_raw_24m,natural_breaks,Relative Mortality,NEPmax,High,23,0.06081,47.8,0.4576,0.7412,ns
M5vsM6_raw_24m,natural_breaks,Relative Mortality,WUE,High,23,-0.01348,60.9,0.05516,0.4184,ns
M5vsM6_raw_24m,natural_breaks,Relative Mortality,uWUE,High,23,0.02031,39.1,0.602,0.7968,ns
M5vsM6_raw_24m,natural_breaks,Relative Mortality,ETmax,Mid,18,0.00112,27.8,0.9592,0.9592,ns
M5vsM6_raw_24m,natural_breaks,Relative Mortality,GPPsat,Mid,18,0.00774,50,0.3475,0.7412,ns
M5vsM6_raw_24m,natural_breaks,Relative Mortality,NEPmax,Mid,18,-0.06238,55.6,0.2568,0.7119,ns
M5vsM6_raw_24m,natural_breaks,Relative Mortality,WUE,Mid,18,-0.00141,50,0.5691,0.7761,ns
M5vsM6_raw_24m,natural_breaks,Relative Mortality,uWUE,Mid,18,-0.00233,55.6,0.7144,0.8688,ns
M5vsM6_raw_24m,natural_breaks,Relative Mortality,ETmax,Low,24,0.00046,41.7,0.8082,0.9111,ns
M5vsM6_raw_24m,natural_breaks,Relative Mortality,GPPsat,Low,24,-0.18958,66.7,0.01442,0.4184,ns
M5vsM6_raw_24m,natural_breaks,Relative Mortality,NEPmax,Low,24,-0.10576,54.2,0.4829,0.7493,ns
M5vsM6_raw_24m,natural_breaks,Relative Mortality,WUE,Low,24,-0.0082,58.3,0.3187,0.7412,ns
M5vsM6_raw_24m,natural_breaks,Relative Mortality,uWUE,Low,24,-0.00931,62.5,0.1692,0.5859,ns
M5vsM6_raw_24m,natural_breaks,Relative Disturbance,ETmax,High,22,-0.00078,63.6,0.1494,0.578,ns
M5vsM6_raw_24m,natural_breaks,Relative Disturbance,GPPsat,High,22,0.03042,50,0.4612,0.7412,ns
M5vsM6_raw_24m,natural_breaks,Relative Disturbance,NEPmax,High,22,-0.01918,50,0.4228,0.7412,ns
M5vsM6_raw_24m,natural_breaks,Relative Disturbance,WUE,High,22,-0.0158,63.6,0.05583,0.4184,ns
M5vsM6_raw_24m,natural_breaks,Relative Disturbance,uWUE,High,22,0.00443,45.5,0.4612,0.7412,ns
M5vsM6_raw_24m,natural_breaks,Relative Disturbance,ETmax,Mid,20,6e-04,35,0.8098,0.9111,ns
M5vsM6_raw_24m,natural_breaks,Relative Disturbance,GPPsat,Mid,20,-0.03006,50,0.2941,0.7354,ns
M5vsM6_raw_24m,natural_breaks,Relative Disturbance,NEPmax,Mid,20,-0.06238,55,0.269,0.7119,ns
M5vsM6_raw_24m,natural_breaks,Relative Disturbance,WUE,Mid,20,0.00344,45,0.5372,0.7734,ns
M5vsM6_raw_24m,natural_breaks,Relative Disturbance,uWUE,Mid,20,9e-05,50,0.8802,0.9431,ns
M5vsM6_raw_24m,natural_breaks,Relative Disturbance,ETmax,Low,23,0.00044,39.1,0.831,0.9121,ns
M5vsM6_raw_24m,natural_breaks,Relative Disturbance,GPPsat,Low,23,-0.16026,60.9,0.06609,0.4184,ns
M5vsM6_raw_24m,natural_breaks,Relative Disturbance,NEPmax,Low,23,-0.07628,52.2,0.5303,0.7734,ns
M5vsM6_raw_24m,natural_breaks,Relative Disturbance,WUE,Low,23,-0.01242,60.9,0.3747,0.7412,ns
M5vsM6_raw_24m,natural_breaks,Relative Disturbance,uWUE,Low,23,-0.01075,60.9,0.1541,0.578,ns
M5vsM6_anom_12m,tertiles,Absolute Mortality,ETmax,High,22,0.00052,45.5,0.8506,0.8699,ns
M5vsM6_anom_12m,tertiles,Absolute Mortality,GPPsat,High,22,-0.52291,63.6,0.1027,0.6363,ns
M5vsM6_anom_12m,tertiles,Absolute Mortality,NEPmax,High,22,-0.8264,63.6,0.06352,0.6363,ns
M5vsM6_anom_12m,tertiles,Absolute Mortality,WUE,High,22,-0.00191,50,0.5517,0.7572,ns
M5vsM6_anom_12m,tertiles,Absolute Mortality,uWUE,High,22,-0.02677,59.1,0.2687,0.6363,ns
M5vsM6_anom_12m,tertiles,Absolute Mortality,ETmax,Mid,21,0.00099,42.9,0.8076,0.8699,ns
M5vsM6_anom_12m,tertiles,Absolute Mortality,GPPsat,Mid,21,-0.28117,57.1,0.3511,0.6451,ns
M5vsM6_anom_12m,tertiles,Absolute Mortality,NEPmax,Mid,21,-0.56512,61.9,0.5,0.75,ns
M5vsM6_anom_12m,tertiles,Absolute Mortality,WUE,Mid,21,-0.0457,61.9,0.2021,0.6363,ns
M5vsM6_anom_12m,tertiles,Absolute Mortality,uWUE,Mid,21,0.02209,47.6,0.6359,0.7949,ns
M5vsM6_anom_12m,tertiles,Absolute Mortality,ETmax,Low,22,-0.001,68.2,0.2276,0.6363,ns
M5vsM6_anom_12m,tertiles,Absolute Mortality,GPPsat,Low,22,0.23699,36.4,0.835,0.8699,ns
M5vsM6_anom_12m,tertiles,Absolute Mortality,NEPmax,Low,22,-0.49467,63.6,0.08635,0.6363,ns
M5vsM6_anom_12m,tertiles,Absolute Mortality,WUE,Low,22,0.00168,50,0.3131,0.6451,ns
M5vsM6_anom_12m,tertiles,Absolute Mortality,uWUE,Low,22,-0.03034,59.1,0.2581,0.6363,ns
M5vsM6_anom_12m,tertiles,Relative Mortality,ETmax,High,22,0.00052,45.5,0.8096,0.8699,ns
M5vsM6_anom_12m,tertiles,Relative Mortality,GPPsat,High,22,-0.52291,63.6,0.1817,0.6363,ns
M5vsM6_anom_12m,tertiles,Relative Mortality,NEPmax,High,22,-0.8264,63.6,0.1087,0.6363,ns
M5vsM6_anom_12m,tertiles,Relative Mortality,WUE,High,22,-0.02188,54.5,0.4101,0.6591,ns
M5vsM6_anom_12m,tertiles,Relative Mortality,uWUE,High,22,-0.02677,59.1,0.3247,0.6451,ns
M5vsM6_anom_12m,tertiles,Relative Mortality,ETmax,Mid,21,0.00126,42.9,0.8348,0.8699,ns
M5vsM6_anom_12m,tertiles,Relative Mortality,GPPsat,Mid,21,0.38675,47.6,0.7778,0.8699,ns
M5vsM6_anom_12m,tertiles,Relative Mortality,NEPmax,Mid,21,-0.56512,57.1,0.5826,0.7584,ns
M5vsM6_anom_12m,tertiles,Relative Mortality,WUE,Mid,21,-0.02708,57.1,0.2658,0.6363,ns
M5vsM6_anom_12m,tertiles,Relative Mortality,uWUE,Mid,21,-0.00926,52.4,0.5553,0.7572,ns
M5vsM6_anom_12m,tertiles,Relative Mortality,ETmax,Low,22,-0.001,68.2,0.2179,0.6363,ns
M5vsM6_anom_12m,tertiles,Relative Mortality,GPPsat,Low,22,0.06126,45.5,0.3727,0.6451,ns
M5vsM6_anom_12m,tertiles,Relative Mortality,NEPmax,Low,22,-0.97955,68.2,0.01886,0.6363,ns
M5vsM6_anom_12m,tertiles,Relative Mortality,WUE,Low,22,-0.00258,50,0.3727,0.6451,ns
M5vsM6_anom_12m,tertiles,Relative Mortality,uWUE,Low,22,-0.03726,54.5,0.2581,0.6363,ns
M5vsM6_anom_12m,tertiles,Relative Disturbance,ETmax,High,22,0.00082,40.9,0.8973,0.8973,ns
M5vsM6_anom_12m,tertiles,Relative Disturbance,GPPsat,High,22,-0.69107,68.2,0.1494,0.6363,ns
M5vsM6_anom_12m,tertiles,Relative Disturbance,NEPmax,High,22,-0.8264,63.6,0.1027,0.6363,ns
M5vsM6_anom_12m,tertiles,Relative Disturbance,WUE,High,22,-0.02188,54.5,0.3484,0.6451,ns
M5vsM6_anom_12m,tertiles,Relative Disturbance,uWUE,High,22,-0.02677,59.1,0.4101,0.6591,ns
M5vsM6_anom_12m,tertiles,Relative Disturbance,ETmax,Mid,21,0.00055,47.6,0.7979,0.8699,ns
M5vsM6_anom_12m,tertiles,Relative Disturbance,GPPsat,Mid,21,0.22248,47.6,0.6989,0.8501,ns
M5vsM6_anom_12m,tertiles,Relative Disturbance,NEPmax,Mid,21,-0.56512,61.9,0.2435,0.6363,ns
M5vsM6_anom_12m,tertiles,Relative Disturbance,WUE,Mid,21,-0.0457,61.9,0.1485,0.6363,ns
M5vsM6_anom_12m,tertiles,Relative Disturbance,uWUE,Mid,21,0.00311,47.6,0.5,0.75,ns
M5vsM6_anom_12m,tertiles,Relative Disturbance,ETmax,Low,22,-0.00132,68.2,0.1904,0.6363,ns
M5vsM6_anom_12m,tertiles,Relative Disturbance,GPPsat,Low,22,0.12461,40.9,0.5259,0.7572,ns
M5vsM6_anom_12m,tertiles,Relative Disturbance,NEPmax,Low,22,-0.97955,63.6,0.1148,0.6363,ns
M5vsM6_anom_12m,tertiles,Relative Disturbance,WUE,Low,22,0.00766,45.5,0.5899,0.7584,ns
M5vsM6_anom_12m,tertiles,Relative Disturbance,uWUE,Low,22,-0.03726,59.1,0.3484,0.6451,ns
M5vsM6_anom_12m,equal_width,Absolute Mortality,ETmax,Mid,21,0.00066,42.9,0.8348,0.8348,ns
M5vsM6_anom_12m,equal_width,Absolute Mortality,GPPsat,Mid,21,-0.57271,66.7,0.04762,0.6469,ns
M5vsM6_anom_12m,equal_width,Absolute Mortality,NEPmax,Mid,21,-0.8403,71.4,0.0219,0.6469,ns
M5vsM6_anom_12m,equal_width,Absolute Mortality,WUE,Mid,21,-0.03368,52.4,0.3133,0.6469,ns
M5vsM6_anom_12m,equal_width,Absolute Mortality,uWUE,Mid,21,-0.0282,61.9,0.1831,0.6469,ns
M5vsM6_anom_12m,equal_width,Absolute Mortality,ETmax,Low,41,-0.00096,58.5,0.531,0.6469,ns
M5vsM6_anom_12m,equal_width,Absolute Mortality,GPPsat,Low,41,0.1521,43.9,0.7069,0.7854,ns
M5vsM6_anom_12m,equal_width,Absolute Mortality,NEPmax,Low,41,-0.56512,61,0.1856,0.6469,ns
M5vsM6_anom_12m,equal_width,Absolute Mortality,WUE,Low,41,-0.01431,53.7,0.2223,0.6469,ns
M5vsM6_anom_12m,equal_width,Absolute Mortality,uWUE,Low,41,-0.01369,53.7,0.4078,0.6469,ns
M5vsM6_anom_12m,equal_width,Absolute Mortality,ETmax,High,3,0.00694,33.3,,,""
M5vsM6_anom_12m,equal_width,Absolute Mortality,GPPsat,High,3,-0.61184,66.7,,,""
M5vsM6_anom_12m,equal_width,Absolute Mortality,NEPmax,High,3,0.25406,33.3,,,""
M5vsM6_anom_12m,equal_width,Absolute Mortality,WUE,High,3,-0.01008,66.7,,,""
M5vsM6_anom_12m,equal_width,Absolute Mortality,uWUE,High,3,0.0795,33.3,,,""
M5vsM6_anom_12m,equal_width,Relative Mortality,ETmax,Mid,26,0.00018,50,0.7455,0.7965,ns
M5vsM6_anom_12m,equal_width,Relative Mortality,GPPsat,Mid,26,-0.32129,53.8,0.3611,0.6469,ns
M5vsM6_anom_12m,equal_width,Relative Mortality,NEPmax,Mid,26,-0.62558,65.4,0.1737,0.6469,ns
M5vsM6_anom_12m,equal_width,Relative Mortality,WUE,Mid,26,-0.04735,53.8,0.187,0.6469,ns
M5vsM6_anom_12m,equal_width,Relative Mortality,uWUE,Mid,26,-0.01155,57.7,0.2711,0.6469,ns
M5vsM6_anom_12m,equal_width,Relative Mortality,ETmax,Low,32,-0.00094,59.4,0.4516,0.6469,ns
M5vsM6_anom_12m,equal_width,Relative Mortality,GPPsat,Low,32,0.06126,46.9,0.4369,0.6469,ns
M5vsM6_anom_12m,equal_width,Relative Mortality,NEPmax,Low,32,-0.7639,62.5,0.06146,0.6469,ns
M5vsM6_anom_12m,equal_width,Relative Mortality,WUE,Low,32,-0.01144,53.1,0.337,0.6469,ns
M5vsM6_anom_12m,equal_width,Relative Mortality,uWUE,Low,32,-0.03034,53.1,0.4739,0.6469,ns
M5vsM6_anom_12m,equal_width,Relative Mortality,ETmax,High,7,0.00315,28.6,0.7766,0.7965,ns
M5vsM6_anom_12m,equal_width,Relative Mortality,GPPsat,High,7,-0.61184,71.4,0.4663,0.6469,ns
M5vsM6_anom_12m,equal_width,Relative Mortality,NEPmax,High,7,-1.23322,57.1,0.3363,0.6469,ns
M5vsM6_anom_12m,equal_width,Relative Mortality,WUE,High,7,-0.01008,57.1,0.3999,0.6469,ns
M5vsM6_anom_12m,equal_width,Relative Mortality,uWUE,High,7,-0.0241,57.1,0.5337,0.6469,ns
M5vsM6_anom_12m,equal_width,Relative Disturbance,ETmax,Mid,27,0.00055,48.1,0.7754,0.7965,ns
M5vsM6_anom_12m,equal_width,Relative Disturbance,GPPsat,Mid,27,-0.31784,55.6,0.382,0.6469,ns
M5vsM6_anom_12m,equal_width,Relative Disturbance,NEPmax,Mid,27,-0.34376,63,0.2319,0.6469,ns
M5vsM6_anom_12m,equal_width,Relative Disturbance,WUE,Mid,27,-0.02708,51.9,0.2781,0.6469,ns
M5vsM6_anom_12m,equal_width,Relative Disturbance,uWUE,Mid,27,0.00311,48.1,0.6716,0.7676,ns
M5vsM6_anom_12m,equal_width,Relative Disturbance,ETmax,High,9,0.00037,44.4,0.6389,0.7516,ns
M5vsM6_anom_12m,equal_width,Relative Disturbance,GPPsat,High,9,-0.61184,66.7,0.2768,0.6469,ns
M5vsM6_anom_12m,equal_width,Relative Disturbance,NEPmax,High,9,-1.27267,66.7,0.09626,0.6469,ns
M5vsM6_anom_12m,equal_width,Relative Disturbance,WUE,High,9,-0.03368,66.7,0.2035,0.6469,ns
M5vsM6_anom_12m,equal_width,Relative Disturbance,uWUE,High,9,-0.03831,66.7,0.2386,0.6469,ns
M5vsM6_anom_12m,equal_width,Relative Disturbance,ETmax,Low,29,-0.00091,58.6,0.5172,0.6469,ns
M5vsM6_anom_12m,equal_width,Relative Disturbance,GPPsat,Low,29,0.09712,44.8,0.5086,0.6469,ns
M5vsM6_anom_12m,equal_width,Relative Disturbance,NEPmax,Low,29,-0.99642,62.1,0.07994,0.6469,ns
M5vsM6_anom_12m,equal_width,Relative Disturbance,WUE,Low,29,-0.00856,51.7,0.406,0.6469,ns
M5vsM6_anom_12m,equal_width,Relative Disturbance,uWUE,Low,29,-0.03751,58.6,0.2944,0.6469,ns
M5vsM6_anom_12m,natural_breaks,Absolute Mortality,ETmax,High,14,4e-05,50,0.6698,0.7729,ns
M5vsM6_anom_12m,natural_breaks,Absolute Mortality,GPPsat,High,14,-0.52291,64.3,0.1576,0.6091,ns
M5vsM6_anom_12m,natural_breaks,Absolute Mortality,NEPmax,High,14,-1.25295,71.4,0.03434,0.6091,ns
M5vsM6_anom_12m,natural_breaks,Absolute Mortality,WUE,High,14,-0.00191,50,0.525,0.7306,ns
M5vsM6_anom_12m,natural_breaks,Absolute Mortality,uWUE,High,14,-0.0312,64.3,0.2256,0.6091,ns
M5vsM6_anom_12m,natural_breaks,Absolute Mortality,ETmax,Mid,32,0.00077,46.9,0.7283,0.8051,ns
M5vsM6_anom_12m,natural_breaks,Absolute Mortality,GPPsat,Mid,32,-0.32727,59.4,0.137,0.6091,ns
M5vsM6_anom_12m,natural_breaks,Absolute Mortality,NEPmax,Mid,32,-0.62558,62.5,0.2358,0.6091,ns
M5vsM6_anom_12m,natural_breaks,Absolute Mortality,WUE,Mid,32,-0.03639,56.2,0.297,0.6091,ns
M5vsM6_anom_12m,natural_breaks,Absolute Mortality,uWUE,Mid,32,-0.00308,50,0.5705,0.731,ns
M5vsM6_anom_12m,natural_breaks,Absolute Mortality,ETmax,Low,19,-0.00091,63.2,0.5401,0.7306,ns
M5vsM6_anom_12m,natural_breaks,Absolute Mortality,GPPsat,Low,19,0.32187,31.6,0.9484,0.9484,ns
M5vsM6_anom_12m,natural_breaks,Absolute Mortality,NEPmax,Low,19,-0.34376,57.9,0.2283,0.6091,ns
M5vsM6_anom_12m,natural_breaks,Absolute Mortality,WUE,Low,19,-0.00856,52.6,0.2283,0.6091,ns
M5vsM6_anom_12m,natural_breaks,Absolute Mortality,uWUE,Low,19,-0.037,57.9,0.2664,0.6091,ns
M5vsM6_anom_12m,natural_breaks,Relative Mortality,ETmax,High,23,0.00037,47.8,0.7335,0.8051,ns
M5vsM6_anom_12m,natural_breaks,Relative Mortality,GPPsat,High,23,-0.43398,60.9,0.2101,0.6091,ns
M5vsM6_anom_12m,natural_breaks,Relative Mortality,NEPmax,High,23,-0.8125,65.2,0.08795,0.6091,ns
M5vsM6_anom_12m,natural_breaks,Relative Mortality,WUE,High,23,-0.03368,56.5,0.3519,0.6091,ns
M5vsM6_anom_12m,natural_breaks,Relative Mortality,uWUE,High,23,-0.0241,60.9,0.3079,0.6091,ns
M5vsM6_anom_12m,natural_breaks,Relative Mortality,ETmax,Mid,18,0.00199,38.9,0.9115,0.9322,ns
M5vsM6_anom_12m,natural_breaks,Relative Mortality,GPPsat,Mid,18,-0.25813,55.6,0.552,0.7306,ns
M5vsM6_anom_12m,natural_breaks,Relative Mortality,NEPmax,Mid,18,-0.58852,61.1,0.3475,0.6091,ns
M5vsM6_anom_12m,natural_breaks,Relative Mortality,WUE,Mid,18,-0.03639,61.1,0.1802,0.6091,ns
M5vsM6_anom_12m,natural_breaks,Relative Mortality,uWUE,Mid,18,-0.00308,50,0.5347,0.7306,ns
M5vsM6_anom_12m,natural_breaks,Relative Mortality,ETmax,Low,24,-0.001,66.7,0.2077,0.6091,ns
M5vsM6_anom_12m,natural_breaks,Relative Mortality,GPPsat,Low,24,0.12461,41.7,0.5848,0.731,ns
M5vsM6_anom_12m,natural_breaks,Relative Mortality,NEPmax,Low,24,-0.65595,62.5,0.1018,0.6091,ns
M5vsM6_anom_12m,natural_breaks,Relative Mortality,WUE,Low,24,0.00766,45.8,0.5398,0.7306,ns
M5vsM6_anom_12m,natural_breaks,Relative Mortality,uWUE,Low,24,-0.03034,54.2,0.3393,0.6091,ns
M5vsM6_anom_12m,natural_breaks,Relative Disturbance,ETmax,High,22,0.00082,40.9,0.8973,0.9322,ns
M5vsM6_anom_12m,natural_breaks,Relative Disturbance,GPPsat,High,22,-0.69107,68.2,0.1494,0.6091,ns
M5vsM6_anom_12m,natural_breaks,Relative Disturbance,NEPmax,High,22,-0.8264,63.6,0.1027,0.6091,ns
M5vsM6_anom_12m,natural_breaks,Relative Disturbance,WUE,High,22,-0.02188,54.5,0.3484,0.6091,ns
M5vsM6_anom_12m,natural_breaks,Relative Disturbance,uWUE,High,22,-0.02677,59.1,0.4101,0.6835,ns
M5vsM6_anom_12m,natural_breaks,Relative Disturbance,ETmax,Mid,20,9e-04,45,0.8098,0.8677,ns
M5vsM6_anom_12m,natural_breaks,Relative Disturbance,GPPsat,Mid,20,-0.00196,50,0.6245,0.7395,ns
M5vsM6_anom_12m,natural_breaks,Relative Disturbance,NEPmax,Mid,20,-0.58852,65,0.2449,0.6091,ns
M5vsM6_anom_12m,natural_breaks,Relative Disturbance,WUE,Mid,20,-0.03639,60,0.1902,0.6091,ns
M5vsM6_anom_12m,natural_breaks,Relative Disturbance,uWUE,Mid,20,-0.00308,50,0.4926,0.7306,ns
M5vsM6_anom_12m,natural_breaks,Relative Disturbance,ETmax,Low,23,-0.00109,69.6,0.169,0.6091,ns
M5vsM6_anom_12m,natural_breaks,Relative Disturbance,GPPsat,Low,23,0.1521,39.1,0.602,0.7322,ns
M5vsM6_anom_12m,natural_breaks,Relative Disturbance,NEPmax,Low,23,-0.96268,60.9,0.1208,0.6091,ns
M5vsM6_anom_12m,natural_breaks,Relative Disturbance,WUE,Low,23,0.0034,47.8,0.5182,0.7306,ns
M5vsM6_anom_12m,natural_breaks,Relative Disturbance,uWUE,Low,23,-0.037,56.5,0.3407,0.6091,ns
M5vsM6_anom_24m,tertiles,Absolute Mortality,ETmax,High,22,-0.00091,59.1,0.1817,0.4553,ns
M5vsM6_anom_24m,tertiles,Absolute Mortality,GPPsat,High,22,-0.24866,59.1,0.2477,0.4644,ns
M5vsM6_anom_24m,tertiles,Absolute Mortality,NEPmax,High,22,-0.64717,68.2,0.08635,0.4553,ns
M5vsM6_anom_24m,tertiles,Absolute Mortality,WUE,High,22,0.01822,40.9,0.3484,0.5764,ns
M5vsM6_anom_24m,tertiles,Absolute Mortality,uWUE,High,22,0.02582,45.5,0.6753,0.7235,ns
M5vsM6_anom_24m,tertiles,Absolute Mortality,ETmax,Mid,21,-0.00084,52.4,0.4723,0.5904,ns
M5vsM6_anom_24m,tertiles,Absolute Mortality,GPPsat,Mid,21,-0.65132,66.7,0.1187,0.4553,ns
M5vsM6_anom_24m,tertiles,Absolute Mortality,NEPmax,Mid,21,-0.11461,57.1,0.4447,0.5764,ns
M5vsM6_anom_24m,tertiles,Absolute Mortality,WUE,Mid,21,-0.02138,52.4,0.3257,0.5764,ns
M5vsM6_anom_24m,tertiles,Absolute Mortality,uWUE,Mid,21,-0.05504,57.1,0.1187,0.4553,ns
M5vsM6_anom_24m,tertiles,Absolute Mortality,ETmax,Low,22,-0.00141,54.5,0.1817,0.4553,ns
M5vsM6_anom_24m,tertiles,Absolute Mortality,GPPsat,Low,22,-0.01758,50,0.4483,0.5764,ns
M5vsM6_anom_24m,tertiles,Absolute Mortality,NEPmax,Low,22,-0.64701,68.2,0.05583,0.4553,ns
M5vsM6_anom_24m,tertiles,Absolute Mortality,WUE,Low,22,-0.01205,59.1,0.4355,0.5764,ns
M5vsM6_anom_24m,tertiles,Absolute Mortality,uWUE,Low,22,0.00845,36.4,0.7095,0.7369,ns
M5vsM6_anom_24m,tertiles,Relative Mortality,ETmax,High,22,-0.00091,63.6,0.1148,0.4553,ns
M5vsM6_anom_24m,tertiles,Relative Mortality,GPPsat,High,22,-0.29769,63.6,0.2179,0.4553,ns
M5vsM6_anom_24m,tertiles,Relative Mortality,NEPmax,High,22,-0.59731,68.2,0.1087,0.4553,ns
M5vsM6_anom_24m,tertiles,Relative Mortality,WUE,High,22,0.00989,45.5,0.2085,0.4553,ns
M5vsM6_anom_24m,tertiles,Relative Mortality,uWUE,High,22,-0.01888,54.5,0.3975,0.5764,ns
M5vsM6_anom_24m,tertiles,Relative Mortality,ETmax,Mid,21,0.00086,42.9,0.7455,0.7455,ns
M5vsM6_anom_24m,tertiles,Relative Mortality,GPPsat,Mid,21,0.01425,47.6,0.5415,0.6586,ns
M5vsM6_anom_24m,tertiles,Relative Mortality,NEPmax,Mid,21,-0.01146,52.4,0.6617,0.7235,ns
M5vsM6_anom_24m,tertiles,Relative Mortality,WUE,Mid,21,-0.02138,52.4,0.2021,0.4553,ns
M5vsM6_anom_24m,tertiles,Relative Mortality,uWUE,Mid,21,0.0024,47.6,0.3641,0.5764,ns
M5vsM6_anom_24m,tertiles,Relative Mortality,ETmax,Low,22,-0.00309,59.1,0.07658,0.4553,ns
M5vsM6_anom_24m,tertiles,Relative Mortality,GPPsat,Low,22,-0.41597,63.6,0.04889,0.4553,ns
M5vsM6_anom_24m,tertiles,Relative Mortality,NEPmax,Low,22,-0.7458,72.7,0.01254,0.4553,ns
M5vsM6_anom_24m,tertiles,Relative Mortality,WUE,Low,22,-0.00903,54.5,0.6273,0.7057,ns
M5vsM6_anom_24m,tertiles,Relative Mortality,uWUE,Low,22,0.00845,36.4,0.6149,0.7057,ns
M5vsM6_anom_24m,tertiles,Relative Disturbance,ETmax,High,22,-0.00091,63.6,0.1571,0.4553,ns
M5vsM6_anom_24m,tertiles,Relative Disturbance,GPPsat,High,22,-0.29769,63.6,0.2179,0.4553,ns
M5vsM6_anom_24m,tertiles,Relative Disturbance,NEPmax,High,22,-0.24773,63.6,0.2276,0.4553,ns
M5vsM6_anom_24m,tertiles,Relative Disturbance,WUE,High,22,-0.02125,50,0.1279,0.4553,ns
M5vsM6_anom_24m,tertiles,Relative Disturbance,uWUE,High,22,-0.01888,54.5,0.3727,0.5764,ns
M5vsM6_anom_24m,tertiles,Relative Disturbance,ETmax,Mid,21,0.00018,47.6,0.5826,0.6899,ns
M5vsM6_anom_24m,tertiles,Relative Disturbance,GPPsat,Mid,21,-0.38937,52.4,0.3511,0.5764,ns
M5vsM6_anom_24m,tertiles,Relative Disturbance,NEPmax,Mid,21,-0.61479,66.7,0.1485,0.4553,ns
M5vsM6_anom_24m,tertiles,Relative Disturbance,WUE,Mid,21,0.00788,47.6,0.2327,0.4553,ns
M5vsM6_anom_24m,tertiles,Relative Disturbance,uWUE,Mid,21,0.0369,42.9,0.4447,0.5764,ns
M5vsM6_anom_24m,tertiles,Relative Disturbance,ETmax,Low,22,-0.00193,54.5,0.1348,0.4553,ns
M5vsM6_anom_24m,tertiles,Relative Disturbance,GPPsat,Low,22,-0.223,59.1,0.1348,0.4553,ns
M5vsM6_anom_24m,tertiles,Relative Disturbance,NEPmax,Low,22,-0.56512,63.6,0.1212,0.4553,ns
M5vsM6_anom_24m,tertiles,Relative Disturbance,WUE,Low,22,-0.00903,54.5,0.7205,0.7369,ns
M5vsM6_anom_24m,tertiles,Relative Disturbance,uWUE,Low,22,0.00342,40.9,0.4355,0.5764,ns
M5vsM6_anom_24m,equal_width,Absolute Mortality,ETmax,Mid,21,-0.00098,61.9,0.1187,0.4743,ns
M5vsM6_anom_24m,equal_width,Absolute Mortality,GPPsat,Mid,21,-0.29533,61.9,0.09922,0.4743,ns
M5vsM6_anom_24m,equal_width,Absolute Mortality,NEPmax,Mid,21,-0.65628,76.2,0.03535,0.4743,ns
M5vsM6_anom_24m,equal_width,Absolute Mortality,WUE,Mid,21,0.00157,47.6,0.1831,0.4743,ns
M5vsM6_anom_24m,equal_width,Absolute Mortality,uWUE,Mid,21,-0.02921,57.1,0.1567,0.4743,ns
M5vsM6_anom_24m,equal_width,Absolute Mortality,ETmax,Low,41,-0.00094,53.7,0.2712,0.4743,ns
M5vsM6_anom_24m,equal_width,Absolute Mortality,GPPsat,Low,41,-0.30005,58.5,0.1721,0.4743,ns
M5vsM6_anom_24m,equal_width,Absolute Mortality,NEPmax,Low,41,-0.55009,61,0.153,0.4743,ns
M5vsM6_anom_24m,equal_width,Absolute Mortality,WUE,Low,41,-0.01138,53.7,0.3392,0.4743,ns
M5vsM6_anom_24m,equal_width,Absolute Mortality,uWUE,Low,41,0.0024,43.9,0.4331,0.5077,ns
M5vsM6_anom_24m,equal_width,Absolute Mortality,ETmax,High,3,0.00044,33.3,,,""
M5vsM6_anom_24m,equal_width,Absolute Mortality,GPPsat,High,3,0.73999,33.3,,,""
M5vsM6_anom_24m,equal_width,Absolute Mortality,NEPmax,High,3,1.25929,33.3,,,""
M5vsM6_anom_24m,equal_width,Absolute Mortality,WUE,High,3,0.08007,33.3,,,""
M5vsM6_anom_24m,equal_width,Absolute Mortality,uWUE,High,3,0.13441,0,,,""
M5vsM6_anom_24m,equal_width,Relative Mortality,ETmax,Mid,26,-0.00084,53.8,0.3422,0.4743,ns
M5vsM6_anom_24m,equal_width,Relative Mortality,GPPsat,Mid,26,-0.25102,53.8,0.2155,0.4743,ns
M5vsM6_anom_24m,equal_width,Relative Mortality,NEPmax,Mid,26,-0.52918,69.2,0.1489,0.4743,ns
M5vsM6_anom_24m,equal_width,Relative Mortality,WUE,Mid,26,0.01137,42.3,0.3057,0.4743,ns
M5vsM6_anom_24m,equal_width,Relative Mortality,uWUE,Mid,26,-0.01355,53.8,0.2627,0.4743,ns
M5vsM6_anom_24m,equal_width,Relative Mortality,ETmax,Low,32,-0.00111,53.1,0.2301,0.4743,ns
M5vsM6_anom_24m,equal_width,Relative Mortality,GPPsat,Low,32,-0.47615,62.5,0.07629,0.4743,ns
M5vsM6_anom_24m,equal_width,Relative Mortality,NEPmax,Low,32,-0.56512,62.5,0.0818,0.4743,ns
M5vsM6_anom_24m,equal_width,Relative Mortality,WUE,Low,32,-0.01763,59.4,0.3438,0.4743,ns
M5vsM6_anom_24m,equal_width,Relative Mortality,uWUE,Low,32,0.00342,43.8,0.3788,0.4888,ns
M5vsM6_anom_24m,equal_width,Relative Mortality,ETmax,High,7,-0.00098,71.4,0.1359,0.4743,ns
M5vsM6_anom_24m,equal_width,Relative Mortality,GPPsat,High,7,-0.10702,57.1,0.6637,0.6986,ns
M5vsM6_anom_24m,equal_width,Relative Mortality,NEPmax,High,7,-0.30237,57.1,0.7229,0.7415,ns
M5vsM6_anom_24m,equal_width,Relative Mortality,WUE,High,7,0.04561,42.9,0.3999,0.4999,ns
M5vsM6_anom_24m,equal_width,Relative Mortality,uWUE,High,7,0.03504,28.6,0.7766,0.7766,ns
M5vsM6_anom_24m,equal_width,Relative Disturbance,ETmax,Mid,27,-0.00084,51.9,0.457,0.5077,ns
M5vsM6_anom_24m,equal_width,Relative Disturbance,GPPsat,Mid,27,-0.30005,59.3,0.2319,0.4743,ns
M5vsM6_anom_24m,equal_width,Relative Disturbance,NEPmax,Mid,27,-0.19309,66.7,0.2701,0.4743,ns
M5vsM6_anom_24m,equal_width,Relative Disturbance,WUE,Mid,27,0.01485,44.4,0.2622,0.4743,ns
M5vsM6_anom_24m,equal_width,Relative Disturbance,uWUE,Mid,27,0.02984,44.4,0.543,0.5871,ns
M5vsM6_anom_24m,equal_width,Relative Disturbance,ETmax,High,9,-0.00697,77.8,0.06177,0.4743,ns
M5vsM6_anom_24m,equal_width,Relative Disturbance,GPPsat,High,9,-0.29533,55.6,0.3611,0.4815,ns
M5vsM6_anom_24m,equal_width,Relative Disturbance,NEPmax,High,9,-1.16422,66.7,0.2386,0.4743,ns
M5vsM6_anom_24m,equal_width,Relative Disturbance,WUE,High,9,0.00157,44.4,0.2768,0.4743,ns
M5vsM6_anom_24m,equal_width,Relative Disturbance,uWUE,High,9,-0.03741,55.6,0.4528,0.5077,ns
M5vsM6_anom_24m,equal_width,Relative Disturbance,ETmax,Low,29,-0.00094,51.7,0.3171,0.4743,ns
M5vsM6_anom_24m,equal_width,Relative Disturbance,GPPsat,Low,29,-0.26901,58.6,0.1304,0.4743,ns
M5vsM6_anom_24m,equal_width,Relative Disturbance,NEPmax,Low,29,-0.58016,62.1,0.07677,0.4743,ns
M5vsM6_anom_24m,equal_width,Relative Disturbance,WUE,Low,29,-0.01272,58.6,0.4398,0.5077,ns
M5vsM6_anom_24m,equal_width,Relative Disturbance,uWUE,Low,29,0.00152,44.8,0.3406,0.4743,ns
M5vsM6_anom_24m,natural_breaks,Absolute Mortality,ETmax,High,14,-0.00203,71.4,0.06595,0.4713,ns
M5vsM6_anom_24m,natural_breaks,Absolute Mortality,GPPsat,High,14,-0.20117,57.1,0.3532,0.5481,ns
M5vsM6_anom_24m,natural_breaks,Absolute Mortality,NEPmax,High,14,-1.2645,71.4,0.05132,0.4713,ns
M5vsM6_anom_24m,natural_breaks,Absolute Mortality,WUE,High,14,-0.01157,50,0.1732,0.4856,ns
M5vsM6_anom_24m,natural_breaks,Absolute Mortality,uWUE,High,14,-0.0037,50,0.5,0.6155,ns
M5vsM6_anom_24m,natural_breaks,Absolute Mortality,ETmax,Mid,32,-0.00089,53.1,0.4442,0.588,ns
M5vsM6_anom_24m,natural_breaks,Absolute Mortality,GPPsat,Mid,32,-0.64139,65.6,0.03861,0.4713,ns
M5vsM6_anom_24m,natural_breaks,Absolute Mortality,NEPmax,Mid,32,-0.17373,62.5,0.2301,0.4856,ns
M5vsM6_anom_24m,natural_breaks,Absolute Mortality,WUE,Mid,32,0.01137,43.8,0.4004,0.5511,ns
M5vsM6_anom_24m,natural_breaks,Absolute Mortality,uWUE,Mid,32,-0.00308,50,0.3101,0.5169,ns
M5vsM6_anom_24m,natural_breaks,Absolute Mortality,ETmax,Low,19,0.00018,47.4,0.3075,0.5169,ns
M5vsM6_anom_24m,natural_breaks,Absolute Mortality,GPPsat,Low,19,0.13242,47.4,0.6782,0.7098,ns
M5vsM6_anom_24m,natural_breaks,Absolute Mortality,NEPmax,Low,19,-0.55009,63.2,0.1524,0.4713,ns
M5vsM6_anom_24m,natural_breaks,Absolute Mortality,WUE,Low,19,-0.01272,63.2,0.3511,0.5481,ns
M5vsM6_anom_24m,natural_breaks,Absolute Mortality,uWUE,Low,19,0.00532,36.8,0.5876,0.6541,ns
M5vsM6_anom_24m,natural_breaks,Relative Mortality,ETmax,High,23,-0.00098,65.2,0.09807,0.4713,ns
M5vsM6_anom_24m,natural_breaks,Relative Mortality,GPPsat,High,23,-0.29533,60.9,0.2101,0.4856,ns
M5vsM6_anom_24m,natural_breaks,Relative Mortality,NEPmax,High,23,-0.89226,69.6,0.07427,0.4713,ns
M5vsM6_anom_24m,natural_breaks,Relative Mortality,WUE,High,23,0.01485,43.5,0.2374,0.4856,ns
M5vsM6_anom_24m,natural_breaks,Relative Mortality,uWUE,High,23,-0.00856,52.2,0.4939,0.6155,ns
M5vsM6_anom_24m,natural_breaks,Relative Mortality,ETmax,Mid,18,0.00093,38.9,0.8198,0.8198,ns
M5vsM6_anom_24m,natural_breaks,Relative Mortality,GPPsat,Mid,18,-0.51041,55.6,0.3802,0.5511,ns
M5vsM6_anom_24m,natural_breaks,Relative Mortality,NEPmax,Mid,18,-0.06303,55.6,0.5691,0.6541,ns
M5vsM6_anom_24m,natural_breaks,Relative Mortality,WUE,Mid,18,-0.03273,55.6,0.1033,0.4713,ns
M5vsM6_anom_24m,natural_breaks,Relative Mortality,uWUE,Mid,18,-0.00807,50,0.2568,0.5024,ns
M5vsM6_anom_24m,natural_breaks,Relative Mortality,ETmax,Low,24,-0.00309,58.3,0.08292,0.4713,ns
M5vsM6_anom_24m,natural_breaks,Relative Mortality,GPPsat,Low,24,-0.223,58.3,0.1357,0.4713,ns
M5vsM6_anom_24m,natural_breaks,Relative Mortality,NEPmax,Low,24,-0.64701,66.7,0.06681,0.4713,ns
M5vsM6_anom_24m,natural_breaks,Relative Mortality,WUE,Low,24,-0.00903,54.2,0.7113,0.7275,ns
M5vsM6_anom_24m,natural_breaks,Relative Mortality,uWUE,Low,24,0.00718,37.5,0.5959,0.6541,ns
M5vsM6_anom_24m,natural_breaks,Relative Disturbance,ETmax,High,22,-0.00091,63.6,0.1571,0.4713,ns
M5vsM6_anom_24m,natural_breaks,Relative Disturbance,GPPsat,High,22,-0.29769,63.6,0.2179,0.4856,ns
M5vsM6_anom_24m,natural_breaks,Relative Disturbance,NEPmax,High,22,-0.24773,63.6,0.2276,0.4856,ns
M5vsM6_anom_24m,natural_breaks,Relative Disturbance,WUE,High,22,-0.02125,50,0.1279,0.4713,ns
M5vsM6_anom_24m,natural_breaks,Relative Disturbance,uWUE,High,22,-0.01888,54.5,0.3727,0.5511,ns
M5vsM6_anom_24m,natural_breaks,Relative Disturbance,ETmax,Mid,20,-0.00052,50,0.5813,0.6541,ns
M5vsM6_anom_24m,natural_breaks,Relative Disturbance,GPPsat,Mid,20,-0.47615,55,0.2814,0.5169,ns
M5vsM6_anom_24m,natural_breaks,Relative Disturbance,NEPmax,Mid,20,-0.63554,70,0.1437,0.4713,ns
M5vsM6_anom_24m,natural_breaks,Relative Disturbance,WUE,Mid,20,0.01137,45,0.2941,0.5169,ns
M5vsM6_anom_24m,natural_breaks,Relative Disturbance,uWUE,Mid,20,0.02388,45,0.4041,0.5511,ns
M5vsM6_anom_24m,natural_breaks,Relative Disturbance,ETmax,Low,23,-0.00094,52.2,0.147,0.4713,ns
M5vsM6_anom_24m,natural_breaks,Relative Disturbance,GPPsat,Low,23,-0.17699,56.5,0.1848,0.4856,ns
M5vsM6_anom_24m,natural_breaks,Relative Disturbance,NEPmax,Low,23,-0.55009,60.9,0.1208,0.4713,ns
M5vsM6_anom_24m,natural_breaks,Relative Disturbance,WUE,Low,23,-0.01138,56.5,0.6593,0.7064,ns
M5vsM6_anom_24m,natural_breaks,Relative Disturbance,uWUE,Low,23,0.00532,39.1,0.5061,0.6155,ns
M7vsM8_raw_12m,tertiles,Absolute Mortality,ETmax,High,22,-0.00191,68.2,0.1027,0.5778,ns
M7vsM8_raw_12m,tertiles,Absolute Mortality,GPPsat,High,22,-0.02935,50,0.4228,0.6795,ns
M7vsM8_raw_12m,tertiles,Absolute Mortality,NEPmax,High,22,-0.04574,50,0.4741,0.6818,ns
M7vsM8_raw_12m,tertiles,Absolute Mortality,WUE,High,22,0.00515,45.5,0.3851,0.6626,ns
M7vsM8_raw_12m,tertiles,Absolute Mortality,uWUE,High,22,0.00205,50,0.6635,0.7656,ns
M7vsM8_raw_12m,tertiles,Absolute Mortality,ETmax,Mid,21,-5e-04,52.4,0.2021,0.6466,ns
M7vsM8_raw_12m,tertiles,Absolute Mortality,GPPsat,Mid,21,-0.06328,52.4,0.212,0.6466,ns
M7vsM8_raw_12m,tertiles,Absolute Mortality,NEPmax,Mid,21,-0.09455,52.4,0.6359,0.7656,ns
M7vsM8_raw_12m,tertiles,Absolute Mortality,WUE,Mid,21,-0.01504,52.4,0.4723,0.6818,ns
M7vsM8_raw_12m,tertiles,Absolute Mortality,uWUE,Mid,21,-0.00157,52.4,0.3772,0.6626,ns
M7vsM8_raw_12m,tertiles,Absolute Mortality,ETmax,Low,22,0.00037,36.4,0.8852,0.9263,ns
M7vsM8_raw_12m,tertiles,Absolute Mortality,GPPsat,Low,22,-0.24235,72.7,0.07201,0.5778,ns
M7vsM8_raw_12m,tertiles,Absolute Mortality,NEPmax,Low,22,-0.02615,54.5,0.3247,0.6626,ns
M7vsM8_raw_12m,tertiles,Absolute Mortality,WUE,Low,22,-0.00298,54.5,0.4483,0.6818,ns
M7vsM8_raw_12m,tertiles,Absolute Mortality,uWUE,Low,22,-0.00197,54.5,0.2905,0.6466,ns
M7vsM8_raw_12m,tertiles,Relative Mortality,ETmax,High,22,-0.00172,68.2,0.08135,0.5778,ns
M7vsM8_raw_12m,tertiles,Relative Mortality,GPPsat,High,22,-0.02935,50,0.2581,0.6466,ns
M7vsM8_raw_12m,tertiles,Relative Mortality,NEPmax,High,22,-0.04574,50,0.3975,0.6626,ns
M7vsM8_raw_12m,tertiles,Relative Mortality,WUE,High,22,8e-05,50,0.2085,0.6466,ns
M7vsM8_raw_12m,tertiles,Relative Mortality,uWUE,High,22,-0.00165,54.5,0.3017,0.6466,ns
M7vsM8_raw_12m,tertiles,Relative Mortality,ETmax,Mid,21,-8e-04,57.1,0.08222,0.5778,ns
M7vsM8_raw_12m,tertiles,Relative Mortality,GPPsat,Mid,21,-0.06328,52.4,0.2435,0.6466,ns
M7vsM8_raw_12m,tertiles,Relative Mortality,NEPmax,Mid,21,-0.01894,52.4,0.6989,0.7671,ns
M7vsM8_raw_12m,tertiles,Relative Mortality,WUE,Mid,21,-0.00496,52.4,0.5,0.6818,ns
M7vsM8_raw_12m,tertiles,Relative Mortality,uWUE,Mid,21,0.00839,47.6,0.6359,0.7656,ns
M7vsM8_raw_12m,tertiles,Relative Mortality,ETmax,Low,22,0.00115,31.8,0.9679,0.9679,ns
M7vsM8_raw_12m,tertiles,Relative Mortality,GPPsat,Low,22,-0.20345,72.7,0.08135,0.5778,ns
M7vsM8_raw_12m,tertiles,Relative Mortality,NEPmax,Low,22,-0.04513,54.5,0.2905,0.6466,ns
M7vsM8_raw_12m,tertiles,Relative Mortality,WUE,Low,22,0.00156,50,0.6516,0.7656,ns
M7vsM8_raw_12m,tertiles,Relative Mortality,uWUE,Low,22,-0.00081,54.5,0.3484,0.6626,ns
M7vsM8_raw_12m,tertiles,Relative Disturbance,ETmax,High,22,-0.00141,63.6,0.1732,0.6466,ns
M7vsM8_raw_12m,tertiles,Relative Disturbance,GPPsat,High,22,0.06643,45.5,0.3975,0.6626,ns
M7vsM8_raw_12m,tertiles,Relative Disturbance,NEPmax,High,22,0.0511,45.5,0.5645,0.7258,ns
M7vsM8_raw_12m,tertiles,Relative Disturbance,WUE,High,22,8e-05,50,0.2581,0.6466,ns
M7vsM8_raw_12m,tertiles,Relative Disturbance,uWUE,High,22,0.00205,50,0.5,0.6818,ns
M7vsM8_raw_12m,tertiles,Relative Disturbance,ETmax,Mid,21,-0.00124,61.9,0.04762,0.5778,ns
M7vsM8_raw_12m,tertiles,Relative Disturbance,GPPsat,Mid,21,-0.06683,57.1,0.2222,0.6466,ns
M7vsM8_raw_12m,tertiles,Relative Disturbance,NEPmax,Mid,21,0.04981,47.6,0.8169,0.8753,ns
M7vsM8_raw_12m,tertiles,Relative Disturbance,WUE,Mid,21,-0.00496,52.4,0.2773,0.6466,ns
M7vsM8_raw_12m,tertiles,Relative Disturbance,uWUE,Mid,21,0.00839,42.9,0.5277,0.6984,ns
M7vsM8_raw_12m,tertiles,Relative Disturbance,ETmax,Low,22,0.00068,31.8,0.9477,0.9679,ns
M7vsM8_raw_12m,tertiles,Relative Disturbance,GPPsat,Low,22,-0.20345,72.7,0.02985,0.5778,ns
M7vsM8_raw_12m,tertiles,Relative Disturbance,NEPmax,Low,22,-0.09569,63.6,0.1027,0.5778,ns
M7vsM8_raw_12m,tertiles,Relative Disturbance,WUE,Low,22,0.00156,50,0.6983,0.7671,ns
M7vsM8_raw_12m,tertiles,Relative Disturbance,uWUE,Low,22,-0.00569,63.6,0.2581,0.6466,ns
M7vsM8_raw_12m,equal_width,Absolute Mortality,ETmax,Mid,21,-0.00185,66.7,0.2222,0.6407,ns
M7vsM8_raw_12m,equal_width,Absolute Mortality,GPPsat,Mid,21,-0.06328,52.4,0.3383,0.6407,ns
M7vsM8_raw_12m,equal_width,Absolute Mortality,NEPmax,Mid,21,0.02828,47.6,0.4447,0.6588,ns
M7vsM8_raw_12m,equal_width,Absolute Mortality,WUE,Mid,21,0.00046,47.6,0.3257,0.6407,ns
M7vsM8_raw_12m,equal_width,Absolute Mortality,uWUE,Mid,21,-0.00646,57.1,0.3772,0.6407,ns
M7vsM8_raw_12m,equal_width,Absolute Mortality,ETmax,Low,41,0.00025,43.9,0.5669,0.7086,ns
M7vsM8_raw_12m,equal_width,Absolute Mortality,GPPsat,Low,41,-0.15248,63.4,0.02519,0.6407,ns
M7vsM8_raw_12m,equal_width,Absolute Mortality,NEPmax,Low,41,-0.03336,53.7,0.5361,0.6918,ns
M7vsM8_raw_12m,equal_width,Absolute Mortality,WUE,Low,41,-0.00496,53.7,0.5361,0.6918,ns
M7vsM8_raw_12m,equal_width,Absolute Mortality,uWUE,Low,41,-0.00157,53.7,0.2712,0.6407,ns
M7vsM8_raw_12m,equal_width,Absolute Mortality,ETmax,High,3,-0.00229,66.7,,,""
M7vsM8_raw_12m,equal_width,Absolute Mortality,GPPsat,High,3,0.07389,33.3,,,""
M7vsM8_raw_12m,equal_width,Absolute Mortality,NEPmax,High,3,-0.11976,66.7,,,""
M7vsM8_raw_12m,equal_width,Absolute Mortality,WUE,High,3,0.01349,33.3,,,""
M7vsM8_raw_12m,equal_width,Absolute Mortality,uWUE,High,3,0.05847,0,,,""
M7vsM8_raw_12m,equal_width,Relative Mortality,ETmax,Mid,26,-0.00123,65.4,0.1021,0.6407,ns
M7vsM8_raw_12m,equal_width,Relative Mortality,GPPsat,Mid,26,-0.00215,50,0.3422,0.6407,ns
M7vsM8_raw_12m,equal_width,Relative Mortality,NEPmax,Mid,26,0.00467,50,0.3706,0.6407,ns
M7vsM8_raw_12m,equal_width,Relative Mortality,WUE,Mid,26,-2e-05,50,0.39,0.6407,ns
M7vsM8_raw_12m,equal_width,Relative Mortality,uWUE,Mid,26,0.00553,46.2,0.6389,0.7302,ns
M7vsM8_raw_12m,equal_width,Relative Mortality,ETmax,Low,32,0.00048,37.5,0.8546,0.8765,ns
M7vsM8_raw_12m,equal_width,Relative Mortality,GPPsat,Low,32,-0.16466,65.6,0.03558,0.6407,ns
M7vsM8_raw_12m,equal_width,Relative Mortality,NEPmax,Low,32,-0.04513,53.1,0.5112,0.6918,ns
M7vsM8_raw_12m,equal_width,Relative Mortality,WUE,Low,32,0.00156,50,0.7345,0.794,ns
M7vsM8_raw_12m,equal_width,Relative Mortality,uWUE,Low,32,-0.00273,56.2,0.3035,0.6407,ns
M7vsM8_raw_12m,equal_width,Relative Mortality,ETmax,High,7,-0.00229,71.4,0.1359,0.6407,ns
M7vsM8_raw_12m,equal_width,Relative Mortality,GPPsat,High,7,-0.24915,57.1,0.3999,0.6407,ns
M7vsM8_raw_12m,equal_width,Relative Mortality,NEPmax,High,7,-0.11976,57.1,0.7229,0.794,ns
M7vsM8_raw_12m,equal_width,Relative Mortality,WUE,High,7,-0.04918,57.1,0.1024,0.6407,ns
M7vsM8_raw_12m,equal_width,Relative Mortality,uWUE,High,7,-0.00646,57.1,0.3363,0.6407,ns
M7vsM8_raw_12m,equal_width,Relative Disturbance,ETmax,Mid,27,-0.00122,66.7,0.06977,0.6407,ns
M7vsM8_raw_12m,equal_width,Relative Disturbance,GPPsat,Mid,27,-0.06328,51.9,0.3112,0.6407,ns
M7vsM8_raw_12m,equal_width,Relative Disturbance,NEPmax,Mid,27,-0.01894,51.9,0.4004,0.6407,ns
M7vsM8_raw_12m,equal_width,Relative Disturbance,WUE,Mid,27,-5e-04,51.9,0.1713,0.6407,ns
M7vsM8_raw_12m,equal_width,Relative Disturbance,uWUE,Mid,27,0.00653,44.4,0.618,0.7271,ns
M7vsM8_raw_12m,equal_width,Relative Disturbance,ETmax,High,9,-0.00229,66.7,0.1716,0.6407,ns
M7vsM8_raw_12m,equal_width,Relative Disturbance,GPPsat,High,9,-0.39915,66.7,0.2035,0.6407,ns
M7vsM8_raw_12m,equal_width,Relative Disturbance,NEPmax,High,9,-0.11976,55.6,0.5936,0.7196,ns
M7vsM8_raw_12m,equal_width,Relative Disturbance,WUE,High,9,-0.0177,55.6,0.2386,0.6407,ns
M7vsM8_raw_12m,equal_width,Relative Disturbance,uWUE,High,9,-0.0161,66.7,0.2386,0.6407,ns
M7vsM8_raw_12m,equal_width,Relative Disturbance,ETmax,Low,29,0.00049,34.5,0.8828,0.8828,ns
M7vsM8_raw_12m,equal_width,Relative Disturbance,GPPsat,Low,29,-0.15248,62.1,0.09358,0.6407,ns
M7vsM8_raw_12m,equal_width,Relative Disturbance,NEPmax,Low,29,-0.03336,51.7,0.5086,0.6918,ns
M7vsM8_raw_12m,equal_width,Relative Disturbance,WUE,Low,29,0.00411,48.3,0.8181,0.8612,ns
M7vsM8_raw_12m,equal_width,Relative Disturbance,uWUE,Low,29,-0.00157,55.2,0.4228,0.6505,ns
M7vsM8_raw_12m,natural_breaks,Absolute Mortality,ETmax,High,14,-0.00172,71.4,0.1897,0.5076,ns
M7vsM8_raw_12m,natural_breaks,Absolute Mortality,GPPsat,High,14,-0.18341,57.1,0.2449,0.5801,ns
M7vsM8_raw_12m,natural_breaks,Absolute Mortality,NEPmax,High,14,-0.1436,57.1,0.5747,0.7389,ns
M7vsM8_raw_12m,natural_breaks,Absolute Mortality,WUE,High,14,-0.02038,50,0.1576,0.5076,ns
M7vsM8_raw_12m,natural_breaks,Absolute Mortality,uWUE,High,14,-0.00344,57.1,0.3302,0.6666,ns
M7vsM8_raw_12m,natural_breaks,Absolute Mortality,ETmax,Mid,32,-0.001,56.2,0.1103,0.5076,ns
M7vsM8_raw_12m,natural_breaks,Absolute Mortality,GPPsat,Mid,32,-0.07329,53.1,0.1773,0.5076,ns
M7vsM8_raw_12m,natural_breaks,Absolute Mortality,NEPmax,Mid,32,-0.05675,53.1,0.4369,0.6979,ns
M7vsM8_raw_12m,natural_breaks,Absolute Mortality,WUE,Mid,32,-2e-05,50,0.614,0.7538,ns
M7vsM8_raw_12m,natural_breaks,Absolute Mortality,uWUE,Mid,32,0.00746,46.9,0.703,0.8324,ns
M7vsM8_raw_12m,natural_breaks,Absolute Mortality,ETmax,Low,19,0.00049,31.6,0.9045,0.9466,ns
M7vsM8_raw_12m,natural_breaks,Absolute Mortality,GPPsat,Low,19,-0.23007,68.4,0.1722,0.5076,ns
M7vsM8_raw_12m,natural_breaks,Absolute Mortality,NEPmax,Low,19,0.10917,47.4,0.4599,0.6979,ns
M7vsM8_raw_12m,natural_breaks,Absolute Mortality,WUE,Low,19,-0.00099,52.6,0.5241,0.7146,ns
M7vsM8_raw_12m,natural_breaks,Absolute Mortality,uWUE,Low,19,-0.00749,57.9,0.1621,0.5076,ns
M7vsM8_raw_12m,natural_breaks,Relative Mortality,ETmax,High,23,-0.0016,69.6,0.07009,0.5076,ns
M7vsM8_raw_12m,natural_breaks,Relative Mortality,GPPsat,High,23,-0.11767,52.2,0.219,0.5475,ns
M7vsM8_raw_12m,natural_breaks,Relative Mortality,NEPmax,High,23,-0.01894,52.2,0.398,0.6888,ns
M7vsM8_raw_12m,natural_breaks,Relative Mortality,WUE,High,23,-5e-04,52.2,0.1401,0.5076,ns
M7vsM8_raw_12m,natural_breaks,Relative Mortality,uWUE,High,23,-0.00043,52.2,0.3407,0.6666,ns
M7vsM8_raw_12m,natural_breaks,Relative Mortality,ETmax,Mid,18,-0.00115,61.1,0.09569,0.5076,ns
M7vsM8_raw_12m,natural_breaks,Relative Mortality,GPPsat,Mid,18,0.01503,44.4,0.4653,0.6979,ns
M7vsM8_raw_12m,natural_breaks,Relative Mortality,NEPmax,Mid,18,0.09792,44.4,0.8619,0.9234,ns
M7vsM8_raw_12m,natural_breaks,Relative Mortality,WUE,Mid,18,-0.01,55.6,0.4653,0.6979,ns
M7vsM8_raw_12m,natural_breaks,Relative Mortality,uWUE,Mid,18,0.00473,50,0.6198,0.7538,ns
M7vsM8_raw_12m,natural_breaks,Relative Mortality,ETmax,Low,24,0.00077,29.2,0.9731,0.9731,ns
M7vsM8_raw_12m,natural_breaks,Relative Mortality,GPPsat,Low,24,-0.20345,75,0.04457,0.5076,ns
M7vsM8_raw_12m,natural_breaks,Relative Mortality,NEPmax,Low,24,-0.07573,58.3,0.1918,0.5076,ns
M7vsM8_raw_12m,natural_breaks,Relative Mortality,WUE,Low,24,0.00475,45.8,0.7755,0.8725,ns
M7vsM8_raw_12m,natural_breaks,Relative Mortality,uWUE,Low,24,-0.00081,54.2,0.393,0.6888,ns
M7vsM8_raw_12m,natural_breaks,Relative Disturbance,ETmax,High,22,-0.00141,63.6,0.1732,0.5076,ns
M7vsM8_raw_12m,natural_breaks,Relative Disturbance,GPPsat,High,22,0.06643,45.5,0.3975,0.6888,ns
M7vsM8_raw_12m,natural_breaks,Relative Disturbance,NEPmax,High,22,0.0511,45.5,0.5645,0.7389,ns
M7vsM8_raw_12m,natural_breaks,Relative Disturbance,WUE,High,22,8e-05,50,0.2581,0.5807,ns
M7vsM8_raw_12m,natural_breaks,Relative Disturbance,uWUE,High,22,0.00205,50,0.5,0.7136,ns
M7vsM8_raw_12m,natural_breaks,Relative Disturbance,ETmax,Mid,20,-0.00137,65,0.04469,0.5076,ns
M7vsM8_raw_12m,natural_breaks,Relative Disturbance,GPPsat,Mid,20,-0.09225,60,0.1437,0.5076,ns
M7vsM8_raw_12m,natural_breaks,Relative Disturbance,NEPmax,Mid,20,0.01543,50,0.7667,0.8725,ns
M7vsM8_raw_12m,natural_breaks,Relative Disturbance,WUE,Mid,20,-0.01,55,0.1902,0.5076,ns
M7vsM8_raw_12m,natural_breaks,Relative Disturbance,uWUE,Mid,20,0.01088,45,0.5074,0.7136,ns
M7vsM8_raw_12m,natural_breaks,Relative Disturbance,ETmax,Low,23,0.00049,30.4,0.9513,0.9729,ns
M7vsM8_raw_12m,natural_breaks,Relative Disturbance,GPPsat,Low,23,-0.17684,69.6,0.06609,0.5076,ns
M7vsM8_raw_12m,natural_breaks,Relative Disturbance,NEPmax,Low,23,-0.09455,60.9,0.147,0.5076,ns
M7vsM8_raw_12m,natural_breaks,Relative Disturbance,WUE,Low,23,0.00411,47.8,0.7985,0.8764,ns
M7vsM8_raw_12m,natural_breaks,Relative Disturbance,uWUE,Low,23,-0.00389,60.9,0.2766,0.5926,ns
M7vsM8_raw_24m,tertiles,Absolute Mortality,ETmax,High,22,-0.00048,68.2,0.1279,0.4112,ns
M7vsM8_raw_24m,tertiles,Absolute Mortality,GPPsat,High,22,0.1706,36.4,0.8429,0.8624,ns
M7vsM8_raw_24m,tertiles,Absolute Mortality,NEPmax,High,22,-0.14403,63.6,0.07201,0.4051,ns
M7vsM8_raw_24m,tertiles,Absolute Mortality,WUE,High,22,-0.03006,72.7,0.01058,0.07936,ns
M7vsM8_raw_24m,tertiles,Absolute Mortality,uWUE,High,22,-0.0189,72.7,0.009706,0.07936,ns
M7vsM8_raw_24m,tertiles,Absolute Mortality,ETmax,Mid,21,0.00115,42.9,0.7455,0.8602,ns
M7vsM8_raw_24m,tertiles,Absolute Mortality,GPPsat,Mid,21,-0.10571,57.1,0.1187,0.4112,ns
M7vsM8_raw_24m,tertiles,Absolute Mortality,NEPmax,Mid,21,-0.13749,61.9,0.1054,0.4112,ns
M7vsM8_raw_24m,tertiles,Absolute Mortality,WUE,Mid,21,0.00637,47.6,0.4861,0.6818,ns
M7vsM8_raw_24m,tertiles,Absolute Mortality,uWUE,Mid,21,0.01709,38.1,0.8743,0.8743,ns
M7vsM8_raw_24m,tertiles,Absolute Mortality,ETmax,Low,22,-0.00084,63.6,0.2276,0.4859,ns
M7vsM8_raw_24m,tertiles,Absolute Mortality,GPPsat,Low,22,-0.1143,54.5,0.2085,0.4859,ns
M7vsM8_raw_24m,tertiles,Absolute Mortality,NEPmax,Low,22,0.00614,45.5,0.5,0.6818,ns
M7vsM8_raw_24m,tertiles,Absolute Mortality,WUE,Low,22,-0.00572,59.1,0.3017,0.5431,ns
M7vsM8_raw_24m,tertiles,Absolute Mortality,uWUE,Low,22,0.00146,50,0.4871,0.6818,ns
M7vsM8_raw_24m,tertiles,Relative Mortality,ETmax,High,22,-0.00072,63.6,0.1732,0.4846,ns
M7vsM8_raw_24m,tertiles,Relative Mortality,GPPsat,High,22,0.09162,36.4,0.8268,0.8624,ns
M7vsM8_raw_24m,tertiles,Relative Mortality,NEPmax,High,22,-0.14403,68.2,0.06766,0.4051,ns
M7vsM8_raw_24m,tertiles,Relative Mortality,WUE,High,22,-0.0355,77.3,0.003195,0.07188,ns
M7vsM8_raw_24m,tertiles,Relative Mortality,uWUE,High,22,-0.0189,72.7,0.006805,0.07936,ns
M7vsM8_raw_24m,tertiles,Relative Mortality,ETmax,Mid,21,0.00085,47.6,0.6867,0.8352,ns
M7vsM8_raw_24m,tertiles,Relative Mortality,GPPsat,Mid,21,-0.02133,52.4,0.212,0.4859,ns
M7vsM8_raw_24m,tertiles,Relative Mortality,NEPmax,Mid,21,-0.07094,57.1,0.1831,0.4846,ns
M7vsM8_raw_24m,tertiles,Relative Mortality,WUE,Mid,21,0.02686,38.1,0.6617,0.8271,ns
M7vsM8_raw_24m,tertiles,Relative Mortality,uWUE,Mid,21,0.00123,47.6,0.8076,0.8624,ns
M7vsM8_raw_24m,tertiles,Relative Mortality,ETmax,Low,22,-0.00072,63.6,0.2375,0.4859,ns
M7vsM8_raw_24m,tertiles,Relative Mortality,GPPsat,Low,22,-0.12326,59.1,0.1571,0.4713,ns
M7vsM8_raw_24m,tertiles,Relative Mortality,NEPmax,Low,22,0.00614,45.5,0.4355,0.6533,ns
M7vsM8_raw_24m,tertiles,Relative Mortality,WUE,Low,22,-0.00572,63.6,0.2276,0.4859,ns
M7vsM8_raw_24m,tertiles,Relative Mortality,uWUE,Low,22,0.01646,40.9,0.7205,0.8532,ns
M7vsM8_raw_24m,tertiles,Relative Disturbance,ETmax,High,22,-0.00072,59.1,0.2795,0.524,ns
M7vsM8_raw_24m,tertiles,Relative Disturbance,GPPsat,High,22,0.09162,36.4,0.8268,0.8624,ns
M7vsM8_raw_24m,tertiles,Relative Disturbance,NEPmax,High,22,-0.124,63.6,0.1212,0.4112,ns
M7vsM8_raw_24m,tertiles,Relative Disturbance,WUE,High,22,-0.0355,77.3,0.001739,0.07188,ns
M7vsM8_raw_24m,tertiles,Relative Disturbance,uWUE,High,22,-0.01768,72.7,0.008143,0.07936,ns
M7vsM8_raw_24m,tertiles,Relative Disturbance,ETmax,Mid,21,-0.00014,57.1,0.4174,0.6477,ns
M7vsM8_raw_24m,tertiles,Relative Disturbance,GPPsat,Mid,21,0.00409,47.6,0.2658,0.52,ns
M7vsM8_raw_24m,tertiles,Relative Disturbance,NEPmax,Mid,21,-0.16796,57.1,0.1119,0.4112,ns
M7vsM8_raw_24m,tertiles,Relative Disturbance,WUE,Mid,21,0.01529,47.6,0.3772,0.6062,ns
M7vsM8_raw_24m,tertiles,Relative Disturbance,uWUE,Mid,21,0.01358,42.9,0.8433,0.8624,ns
M7vsM8_raw_24m,tertiles,Relative Disturbance,ETmax,Low,22,-0.00043,59.1,0.3605,0.6062,ns
M7vsM8_raw_24m,tertiles,Relative Disturbance,GPPsat,Low,22,-0.12326,63.6,0.1148,0.4112,ns
M7vsM8_raw_24m,tertiles,Relative Disturbance,NEPmax,Low,22,-0.00082,50,0.3727,0.6062,ns
M7vsM8_raw_24m,tertiles,Relative Disturbance,WUE,Low,22,-0.0038,54.5,0.5899,0.7807,ns
M7vsM8_raw_24m,tertiles,Relative Disturbance,uWUE,Low,22,0.01063,45.5,0.6516,0.8271,ns
M7vsM8_raw_24m,equal_width,Absolute Mortality,ETmax,Mid,21,-0.00078,71.4,0.09329,0.2927,ns
M7vsM8_raw_24m,equal_width,Absolute Mortality,GPPsat,Mid,21,0.15603,42.9,0.5,0.6897,ns
M7vsM8_raw_24m,equal_width,Absolute Mortality,NEPmax,Mid,21,-0.16796,66.7,0.01699,0.1133,ns
M7vsM8_raw_24m,equal_width,Absolute Mortality,WUE,Mid,21,-0.03345,71.4,0.0109,0.08998,ns
M7vsM8_raw_24m,equal_width,Absolute Mortality,uWUE,Mid,21,-0.01782,66.7,0.03535,0.1812,ns
M7vsM8_raw_24m,equal_width,Absolute Mortality,ETmax,Low,41,-0.00019,51.2,0.6796,0.7761,ns
M7vsM8_raw_24m,equal_width,Absolute Mortality,GPPsat,Low,41,-0.08779,53.7,0.1298,0.3245,ns
M7vsM8_raw_24m,equal_width,Absolute Mortality,NEPmax,Low,41,-0.00175,51.2,0.2843,0.5391,ns
M7vsM8_raw_24m,equal_width,Absolute Mortality,WUE,Low,41,-0.00197,51.2,0.531,0.708,ns
M7vsM8_raw_24m,equal_width,Absolute Mortality,uWUE,Low,41,0.01358,43.9,0.8279,0.8279,ns
M7vsM8_raw_24m,equal_width,Absolute Mortality,ETmax,High,3,-0.00403,66.7,,,""
M7vsM8_raw_24m,equal_width,Absolute Mortality,GPPsat,High,3,0.09304,33.3,,,""
M7vsM8_raw_24m,equal_width,Absolute Mortality,NEPmax,High,3,-0.03608,66.7,,,""
M7vsM8_raw_24m,equal_width,Absolute Mortality,WUE,High,3,-0.05209,100,,,""
M7vsM8_raw_24m,equal_width,Absolute Mortality,uWUE,High,3,-0.03884,100,,,""
M7vsM8_raw_24m,equal_width,Relative Mortality,ETmax,Mid,26,5e-05,50,0.7373,0.7761,ns
M7vsM8_raw_24m,equal_width,Relative Mortality,GPPsat,Mid,26,0.09837,38.5,0.7031,0.7761,ns
M7vsM8_raw_24m,equal_width,Relative Mortality,NEPmax,Mid,26,-0.09491,57.7,0.1114,0.2971,ns
M7vsM8_raw_24m,equal_width,Relative Mortality,WUE,Mid,26,-0.00771,53.8,0.161,0.3787,ns
M7vsM8_raw_24m,equal_width,Relative Mortality,uWUE,Mid,26,-0.00277,53.8,0.2796,0.5391,ns
M7vsM8_raw_24m,equal_width,Relative Mortality,ETmax,Low,32,-0.00072,59.4,0.3167,0.5391,ns
M7vsM8_raw_24m,equal_width,Relative Mortality,GPPsat,Low,32,-0.12326,59.4,0.1001,0.2927,ns
M7vsM8_raw_24m,equal_width,Relative Mortality,NEPmax,Low,32,-0.00082,50,0.3234,0.5391,ns
M7vsM8_raw_24m,equal_width,Relative Mortality,WUE,Low,32,-0.00471,56.2,0.4739,0.677,ns
M7vsM8_raw_24m,equal_width,Relative Mortality,uWUE,Low,32,0.01646,43.8,0.7283,0.7761,ns
M7vsM8_raw_24m,equal_width,Relative Mortality,ETmax,High,7,-0.00403,85.7,0.03796,0.1812,ns
M7vsM8_raw_24m,equal_width,Relative Mortality,GPPsat,High,7,0.09304,42.9,0.6637,0.7761,ns
M7vsM8_raw_24m,equal_width,Relative Mortality,NEPmax,High,7,-0.29453,85.7,0.1024,0.2927,ns
M7vsM8_raw_24m,equal_width,Relative Mortality,WUE,High,7,-0.07318,100,0.01125,0.08998,ns
M7vsM8_raw_24m,equal_width,Relative Mortality,uWUE,High,7,-0.02607,100,0.01125,0.08998,ns
M7vsM8_raw_24m,equal_width,Relative Disturbance,ETmax,Mid,27,-0.00011,51.9,0.5715,0.7374,ns
M7vsM8_raw_24m,equal_width,Relative Disturbance,GPPsat,Mid,27,0.0902,37,0.6362,0.7712,ns
M7vsM8_raw_24m,equal_width,Relative Disturbance,NEPmax,Mid,27,-0.16796,63,0.04077,0.1812,ns
M7vsM8_raw_24m,equal_width,Relative Disturbance,WUE,Mid,27,0.00438,48.1,0.2392,0.5037,ns
M7vsM8_raw_24m,equal_width,Relative Disturbance,uWUE,Mid,27,-0.00417,55.6,0.3112,0.5391,ns
M7vsM8_raw_24m,equal_width,Relative Disturbance,ETmax,High,9,-0.00302,77.8,0.09626,0.2927,ns
M7vsM8_raw_24m,equal_width,Relative Disturbance,GPPsat,High,9,-0.01398,55.6,0.3611,0.5778,ns
M7vsM8_raw_24m,equal_width,Relative Disturbance,NEPmax,High,9,-0.15895,77.8,0.06177,0.2471,ns
M7vsM8_raw_24m,equal_width,Relative Disturbance,WUE,High,9,-0.07318,100,0.004576,0.08998,ns
M7vsM8_raw_24m,equal_width,Relative Disturbance,uWUE,High,9,-0.02607,88.9,0.006426,0.08998,ns
M7vsM8_raw_24m,equal_width,Relative Disturbance,ETmax,Low,29,-0.00064,58.6,0.381,0.5862,ns
M7vsM8_raw_24m,equal_width,Relative Disturbance,GPPsat,Low,29,-0.10571,58.6,0.1877,0.417,ns
M7vsM8_raw_24m,equal_width,Relative Disturbance,NEPmax,Low,29,0.01217,44.8,0.6272,0.7712,ns
M7vsM8_raw_24m,equal_width,Relative Disturbance,WUE,Low,29,-0.00564,58.6,0.4398,0.6516,ns
M7vsM8_raw_24m,equal_width,Relative Disturbance,uWUE,Low,29,0.01698,41.4,0.7689,0.7886,ns
M7vsM8_raw_24m,natural_breaks,Absolute Mortality,ETmax,High,14,-0.00098,71.4,0.1165,0.3637,ns
M7vsM8_raw_24m,natural_breaks,Absolute Mortality,GPPsat,High,14,0.1391,42.9,0.8268,0.8966,ns
M7vsM8_raw_24m,natural_breaks,Absolute Mortality,NEPmax,High,14,-0.14403,71.4,0.1165,0.3637,ns
M7vsM8_raw_24m,natural_breaks,Absolute Mortality,WUE,High,14,-0.05778,85.7,0.005029,0.05445,ns
M7vsM8_raw_24m,natural_breaks,Absolute Mortality,uWUE,High,14,-0.02011,85.7,0.003473,0.05445,ns
M7vsM8_raw_24m,natural_breaks,Absolute Mortality,ETmax,Mid,32,0.00039,46.9,0.7466,0.869,ns
M7vsM8_raw_24m,natural_breaks,Absolute Mortality,GPPsat,Mid,32,0.01308,50,0.208,0.4457,ns
M7vsM8_raw_24m,natural_breaks,Absolute Mortality,NEPmax,Mid,32,-0.10422,56.2,0.06146,0.3457,ns
M7vsM8_raw_24m,natural_breaks,Absolute Mortality,WUE,Mid,32,0.0069,43.8,0.6833,0.831,ns
M7vsM8_raw_24m,natural_breaks,Absolute Mortality,uWUE,Mid,32,0.01533,40.6,0.8966,0.8966,ns
M7vsM8_raw_24m,natural_breaks,Absolute Mortality,ETmax,Low,19,-0.00121,68.4,0.2406,0.4922,ns
M7vsM8_raw_24m,natural_breaks,Absolute Mortality,GPPsat,Low,19,-0.08779,52.6,0.1935,0.4457,ns
M7vsM8_raw_24m,natural_breaks,Absolute Mortality,NEPmax,Low,19,0.01217,47.4,0.5719,0.7569,ns
M7vsM8_raw_24m,natural_breaks,Absolute Mortality,WUE,Low,19,-0.00723,68.4,0.1098,0.3637,ns
M7vsM8_raw_24m,natural_breaks,Absolute Mortality,uWUE,Low,19,-0.01102,52.6,0.3218,0.5739,ns
M7vsM8_raw_24m,natural_breaks,Relative Mortality,ETmax,High,23,-0.00067,60.9,0.2015,0.4457,ns
M7vsM8_raw_24m,natural_breaks,Relative Mortality,GPPsat,High,23,0.0902,39.1,0.7531,0.869,ns
M7vsM8_raw_24m,natural_breaks,Relative Mortality,NEPmax,High,23,-0.12912,65.2,0.07427,0.3637,ns
M7vsM8_raw_24m,natural_breaks,Relative Mortality,WUE,High,23,-0.03345,73.9,0.00605,0.05445,ns
M7vsM8_raw_24m,natural_breaks,Relative Mortality,uWUE,High,23,-0.01782,73.9,0.00605,0.05445,ns
M7vsM8_raw_24m,natural_breaks,Relative Mortality,ETmax,Mid,18,0.00144,44.4,0.8887,0.8966,ns
M7vsM8_raw_24m,natural_breaks,Relative Mortality,GPPsat,Mid,18,0.0426,50,0.3316,0.5739,ns
M7vsM8_raw_24m,natural_breaks,Relative Mortality,NEPmax,Mid,18,-0.15273,61.1,0.0885,0.3637,ns
M7vsM8_raw_24m,natural_breaks,Relative Mortality,WUE,Mid,18,0.02003,44.4,0.448,0.6951,ns
M7vsM8_raw_24m,natural_breaks,Relative Mortality,uWUE,Mid,18,0.00741,44.4,0.8619,0.8966,ns
M7vsM8_raw_24m,natural_breaks,Relative Mortality,ETmax,Low,24,-0.00084,66.7,0.107,0.3637,ns
M7vsM8_raw_24m,natural_breaks,Relative Mortality,GPPsat,Low,24,-0.12326,58.3,0.1295,0.3643,ns
M7vsM8_raw_24m,natural_breaks,Relative Mortality,NEPmax,Low,24,0.00614,45.8,0.4943,0.6951,ns
M7vsM8_raw_24m,natural_breaks,Relative Mortality,WUE,Low,24,-0.00471,58.3,0.4041,0.6734,ns
M7vsM8_raw_24m,natural_breaks,Relative Mortality,uWUE,Low,24,0.01646,41.7,0.6711,0.831,ns
M7vsM8_raw_24m,natural_breaks,Relative Disturbance,ETmax,High,22,-0.00072,59.1,0.2795,0.5378,ns
M7vsM8_raw_24m,natural_breaks,Relative Disturbance,GPPsat,High,22,0.09162,36.4,0.8268,0.8966,ns
M7vsM8_raw_24m,natural_breaks,Relative Disturbance,NEPmax,High,22,-0.124,63.6,0.1212,0.3637,ns
M7vsM8_raw_24m,natural_breaks,Relative Disturbance,WUE,High,22,-0.0355,77.3,0.001739,0.05445,ns
M7vsM8_raw_24m,natural_breaks,Relative Disturbance,uWUE,High,22,-0.01768,72.7,0.008143,0.06107,ns
M7vsM8_raw_24m,natural_breaks,Relative Disturbance,ETmax,Mid,20,-0.00013,55,0.4926,0.6951,ns
M7vsM8_raw_24m,natural_breaks,Relative Disturbance,GPPsat,Mid,20,-0.1232,50,0.2005,0.4457,ns
M7vsM8_raw_24m,natural_breaks,Relative Disturbance,NEPmax,Mid,20,-0.18123,60,0.06065,0.3457,ns
M7vsM8_raw_24m,natural_breaks,Relative Disturbance,WUE,Mid,20,0.01796,45,0.4628,0.6951,ns
M7vsM8_raw_24m,natural_breaks,Relative Disturbance,uWUE,Mid,20,0.00741,45,0.8387,0.8966,ns
M7vsM8_raw_24m,natural_breaks,Relative Disturbance,ETmax,Low,23,-0.00064,60.9,0.2868,0.5378,ns
M7vsM8_raw_24m,natural_breaks,Relative Disturbance,GPPsat,Low,23,-0.10571,60.9,0.1848,0.4457,ns
M7vsM8_raw_24m,natural_breaks,Relative Disturbance,NEPmax,Low,23,0.00012,47.8,0.4818,0.6951,ns
M7vsM8_raw_24m,natural_breaks,Relative Disturbance,WUE,Low,23,-0.00564,56.5,0.5182,0.7066,ns
M7vsM8_raw_24m,natural_breaks,Relative Disturbance,uWUE,Low,23,0.01593,43.5,0.6813,0.831,ns
M7vsM8_anom_12m,tertiles,Absolute Mortality,ETmax,High,22,-0.002,63.6,0.1494,0.3536,ns
M7vsM8_anom_12m,tertiles,Absolute Mortality,GPPsat,High,22,-0.26252,54.5,0.2375,0.4111,ns
M7vsM8_anom_12m,tertiles,Absolute Mortality,NEPmax,High,22,-0.62595,77.3,0.03453,0.2062,ns
M7vsM8_anom_12m,tertiles,Absolute Mortality,WUE,High,22,0.02081,36.4,0.6149,0.7574,ns
M7vsM8_anom_12m,tertiles,Absolute Mortality,uWUE,High,22,-0.02234,63.6,0.165,0.3536,ns
M7vsM8_anom_12m,tertiles,Absolute Mortality,ETmax,Mid,21,-0.00033,57.1,0.4723,0.644,ns
M7vsM8_anom_12m,tertiles,Absolute Mortality,GPPsat,Mid,21,-0.21059,61.9,0.3011,0.4682,ns
M7vsM8_anom_12m,tertiles,Absolute Mortality,NEPmax,Mid,21,-0.14998,61.9,0.1924,0.3899,ns
M7vsM8_anom_12m,tertiles,Absolute Mortality,WUE,Mid,21,-0.00104,52.4,0.2658,0.443,ns
M7vsM8_anom_12m,tertiles,Absolute Mortality,uWUE,Mid,21,-0.02228,66.7,0.05493,0.2062,ns
M7vsM8_anom_12m,tertiles,Absolute Mortality,ETmax,Low,22,0.00073,45.5,0.7915,0.8564,ns
M7vsM8_anom_12m,tertiles,Absolute Mortality,GPPsat,Low,22,-0.32387,72.7,0.05583,0.2062,ns
M7vsM8_anom_12m,tertiles,Absolute Mortality,NEPmax,Low,22,-0.12104,63.6,0.1993,0.3899,ns
M7vsM8_anom_12m,tertiles,Absolute Mortality,WUE,Low,22,0.01394,45.5,0.8007,0.8564,ns
M7vsM8_anom_12m,tertiles,Absolute Mortality,uWUE,Low,22,-0.00889,63.6,0.07201,0.2315,ns
M7vsM8_anom_12m,tertiles,Relative Mortality,ETmax,High,22,-0.00272,77.3,0.008143,0.1832,ns
M7vsM8_anom_12m,tertiles,Relative Mortality,GPPsat,High,22,-0.43277,63.6,0.1027,0.2889,ns
M7vsM8_anom_12m,tertiles,Relative Mortality,NEPmax,High,22,-0.57192,77.3,0.01742,0.2062,ns
M7vsM8_anom_12m,tertiles,Relative Mortality,WUE,High,22,0.00578,45.5,0.3365,0.5047,ns
M7vsM8_anom_12m,tertiles,Relative Mortality,uWUE,High,22,-0.02451,68.2,0.04569,0.2062,ns
M7vsM8_anom_12m,tertiles,Relative Mortality,ETmax,Mid,21,0.00166,42.9,0.9124,0.9331,ns
M7vsM8_anom_12m,tertiles,Relative Mortality,GPPsat,Mid,21,-0.10706,52.4,0.6095,0.7574,ns
M7vsM8_anom_12m,tertiles,Relative Mortality,NEPmax,Mid,21,-0.04623,57.1,0.3905,0.5491,ns
M7vsM8_anom_12m,tertiles,Relative Mortality,WUE,Mid,21,0.02365,42.9,0.6228,0.7574,ns
M7vsM8_anom_12m,tertiles,Relative Mortality,uWUE,Mid,21,-0.02228,57.1,0.212,0.3975,ns
M7vsM8_anom_12m,tertiles,Relative Mortality,ETmax,Low,22,0.00073,45.5,0.7205,0.8314,ns
M7vsM8_anom_12m,tertiles,Relative Mortality,GPPsat,Low,22,-0.26786,72.7,0.03453,0.2062,ns
M7vsM8_anom_12m,tertiles,Relative Mortality,NEPmax,Low,22,-0.17315,68.2,0.09158,0.2747,ns
M7vsM8_anom_12m,tertiles,Relative Mortality,WUE,Low,22,0.00697,45.5,0.8183,0.8564,ns
M7vsM8_anom_12m,tertiles,Relative Mortality,uWUE,Low,22,-0.00889,68.2,0.05958,0.2062,ns
M7vsM8_anom_12m,tertiles,Relative Disturbance,ETmax,High,22,-0.00237,72.7,0.02985,0.2062,ns
M7vsM8_anom_12m,tertiles,Relative Disturbance,GPPsat,High,22,-0.30651,59.1,0.165,0.3536,ns
M7vsM8_anom_12m,tertiles,Relative Disturbance,NEPmax,High,22,-0.50224,72.7,0.05226,0.2062,ns
M7vsM8_anom_12m,tertiles,Relative Disturbance,WUE,High,22,0.00578,45.5,0.3605,0.5233,ns
M7vsM8_anom_12m,tertiles,Relative Disturbance,uWUE,High,22,-0.02451,68.2,0.04569,0.2062,ns
M7vsM8_anom_12m,tertiles,Relative Disturbance,ETmax,Mid,21,0.00189,38.1,0.9646,0.9646,ns
M7vsM8_anom_12m,tertiles,Relative Disturbance,GPPsat,Mid,21,-0.21059,52.4,0.6228,0.7574,ns
M7vsM8_anom_12m,tertiles,Relative Disturbance,NEPmax,Mid,21,-0.07953,61.9,0.1485,0.3536,ns
M7vsM8_anom_12m,tertiles,Relative Disturbance,WUE,Mid,21,0.02365,42.9,0.6989,0.8277,ns
M7vsM8_anom_12m,tertiles,Relative Disturbance,uWUE,Mid,21,-0.02228,57.1,0.2222,0.4,ns
M7vsM8_anom_12m,tertiles,Relative Disturbance,ETmax,Low,22,-0.00071,54.5,0.3017,0.4682,ns
M7vsM8_anom_12m,tertiles,Relative Disturbance,GPPsat,Low,22,-0.26786,77.3,0.007447,0.1832,ns
M7vsM8_anom_12m,tertiles,Relative Disturbance,NEPmax,Low,22,-0.21339,68.2,0.1279,0.3386,ns
M7vsM8_anom_12m,tertiles,Relative Disturbance,WUE,Low,22,0.00697,45.5,0.7419,0.8347,ns
M7vsM8_anom_12m,tertiles,Relative Disturbance,uWUE,Low,22,-0.00889,68.2,0.04569,0.2062,ns
M7vsM8_anom_12m,equal_width,Absolute Mortality,ETmax,Mid,21,-0.00213,66.7,0.07217,0.2665,ns
M7vsM8_anom_12m,equal_width,Absolute Mortality,GPPsat,Mid,21,-0.41959,61.9,0.09329,0.2665,ns
M7vsM8_anom_12m,equal_width,Absolute Mortality,NEPmax,Mid,21,-0.64068,85.7,0.008236,0.1212,ns
M7vsM8_anom_12m,equal_width,Absolute Mortality,WUE,Mid,21,0.00622,42.9,0.431,0.5747,ns
M7vsM8_anom_12m,equal_width,Absolute Mortality,uWUE,Mid,21,-0.03116,71.4,0.07707,0.2665,ns
M7vsM8_anom_12m,equal_width,Absolute Mortality,ETmax,Low,41,0.00055,48.8,0.7777,0.7977,ns
M7vsM8_anom_12m,equal_width,Absolute Mortality,GPPsat,Low,41,-0.21059,65.9,0.09313,0.2665,ns
M7vsM8_anom_12m,equal_width,Absolute Mortality,NEPmax,Low,41,-0.14998,61,0.1592,0.3389,ns
M7vsM8_anom_12m,equal_width,Absolute Mortality,WUE,Low,41,0.00664,46.3,0.6702,0.766,ns
M7vsM8_anom_12m,equal_width,Absolute Mortality,uWUE,Low,41,-0.007,63.4,0.03483,0.2665,ns
M7vsM8_anom_12m,equal_width,Absolute Mortality,ETmax,High,3,-0.00089,66.7,,,""
M7vsM8_anom_12m,equal_width,Absolute Mortality,GPPsat,High,3,0.25417,33.3,,,""
M7vsM8_anom_12m,equal_width,Absolute Mortality,NEPmax,High,3,0.19591,33.3,,,""
M7vsM8_anom_12m,equal_width,Absolute Mortality,WUE,High,3,0.12917,33.3,,,""
M7vsM8_anom_12m,equal_width,Absolute Mortality,uWUE,High,3,0.01358,33.3,,,""
M7vsM8_anom_12m,equal_width,Relative Mortality,ETmax,Mid,26,-0.00152,61.5,0.2464,0.4286,ns
M7vsM8_anom_12m,equal_width,Relative Mortality,GPPsat,Mid,26,-0.37561,61.5,0.161,0.3389,ns
M7vsM8_anom_12m,equal_width,Relative Mortality,NEPmax,Mid,26,-0.50224,76.9,0.009088,0.1212,ns
M7vsM8_anom_12m,equal_width,Relative Mortality,WUE,Mid,26,0.02305,34.6,0.7693,0.7977,ns
M7vsM8_anom_12m,equal_width,Relative Mortality,uWUE,Mid,26,-0.03232,73.1,0.01357,0.1357,ns
M7vsM8_anom_12m,equal_width,Relative Mortality,ETmax,Low,32,0.00057,46.9,0.7525,0.7977,ns
M7vsM8_anom_12m,equal_width,Relative Mortality,GPPsat,Low,32,-0.2318,68.8,0.06376,0.2665,ns
M7vsM8_anom_12m,equal_width,Relative Mortality,NEPmax,Low,32,-0.15627,62.5,0.1822,0.3624,ns
M7vsM8_anom_12m,equal_width,Relative Mortality,WUE,Low,32,0.00169,50,0.6493,0.766,ns
M7vsM8_anom_12m,equal_width,Relative Mortality,uWUE,Low,32,-0.00429,59.4,0.1068,0.2849,ns
M7vsM8_anom_12m,equal_width,Relative Mortality,ETmax,High,7,-0.00188,71.4,0.1359,0.3199,ns
M7vsM8_anom_12m,equal_width,Relative Mortality,GPPsat,High,7,0.25417,42.9,0.6001,0.7501,ns
M7vsM8_anom_12m,equal_width,Relative Mortality,NEPmax,High,7,-0.02503,57.1,0.4663,0.6017,ns
M7vsM8_anom_12m,equal_width,Relative Mortality,WUE,High,7,-0.05349,57.1,0.3363,0.5381,ns
M7vsM8_anom_12m,equal_width,Relative Mortality,uWUE,High,7,-0.01394,57.1,0.3999,0.5747,ns
M7vsM8_anom_12m,equal_width,Relative Disturbance,ETmax,Mid,27,-0.00054,55.6,0.4285,0.5747,ns
M7vsM8_anom_12m,equal_width,Relative Disturbance,GPPsat,Mid,27,-0.29713,59.3,0.1903,0.3624,ns
M7vsM8_anom_12m,equal_width,Relative Disturbance,NEPmax,Mid,27,-0.52017,77.8,0.008979,0.1212,ns
M7vsM8_anom_12m,equal_width,Relative Disturbance,WUE,Mid,27,0.02246,33.3,0.8031,0.8031,ns
M7vsM8_anom_12m,equal_width,Relative Disturbance,uWUE,Mid,27,-0.02681,63,0.1269,0.3172,ns
M7vsM8_anom_12m,equal_width,Relative Disturbance,ETmax,High,9,-0.00213,77.8,0.06177,0.2665,ns
M7vsM8_anom_12m,equal_width,Relative Disturbance,GPPsat,High,9,-0.41959,55.6,0.4064,0.5747,ns
M7vsM8_anom_12m,equal_width,Relative Disturbance,NEPmax,High,9,-0.48432,66.7,0.2035,0.3699,ns
M7vsM8_anom_12m,equal_width,Relative Disturbance,WUE,High,9,-0.05349,55.6,0.3611,0.5556,ns
M7vsM8_anom_12m,equal_width,Relative Disturbance,uWUE,High,9,-0.01787,77.8,0.0486,0.2665,ns
M7vsM8_anom_12m,equal_width,Relative Disturbance,ETmax,Low,29,0.00058,48.3,0.713,0.7922,ns
M7vsM8_anom_12m,equal_width,Relative Disturbance,GPPsat,Low,29,-0.21059,69,0.0737,0.2665,ns
M7vsM8_anom_12m,equal_width,Relative Disturbance,NEPmax,Low,29,-0.14998,58.6,0.2944,0.4907,ns
M7vsM8_anom_12m,equal_width,Relative Disturbance,WUE,Low,29,-0.00131,51.7,0.6594,0.766,ns
M7vsM8_anom_12m,equal_width,Relative Disturbance,uWUE,Low,29,-0.00591,62.1,0.08656,0.2665,ns
M7vsM8_anom_12m,natural_breaks,Absolute Mortality,ETmax,High,14,-0.00272,78.6,0.01915,0.196,ns
M7vsM8_anom_12m,natural_breaks,Absolute Mortality,GPPsat,High,14,-0.30651,57.1,0.2651,0.4418,ns
M7vsM8_anom_12m,natural_breaks,Absolute Mortality,NEPmax,High,14,-0.67229,78.6,0.04504,0.196,ns
M7vsM8_anom_12m,natural_breaks,Absolute Mortality,WUE,High,14,-0.01914,50,0.4253,0.5981,ns
M7vsM8_anom_12m,natural_breaks,Absolute Mortality,uWUE,High,14,-0.01647,64.3,0.2256,0.4231,ns
M7vsM8_anom_12m,natural_breaks,Absolute Mortality,ETmax,Mid,32,2e-04,50,0.663,0.7995,ns
M7vsM8_anom_12m,natural_breaks,Absolute Mortality,GPPsat,Mid,32,-0.27507,62.5,0.1329,0.3324,ns
M7vsM8_anom_12m,natural_breaks,Absolute Mortality,NEPmax,Mid,32,-0.32365,65.6,0.04898,0.196,ns
M7vsM8_anom_12m,natural_breaks,Absolute Mortality,WUE,Mid,32,0.02081,37.5,0.7525,0.8116,ns
M7vsM8_anom_12m,natural_breaks,Absolute Mortality,uWUE,Mid,32,-0.02918,65.6,0.04898,0.196,ns
M7vsM8_anom_12m,natural_breaks,Absolute Mortality,ETmax,Low,19,0.00058,47.4,0.6782,0.7995,ns
M7vsM8_anom_12m,natural_breaks,Absolute Mortality,GPPsat,Low,19,-0.11784,68.4,0.1935,0.3785,ns
M7vsM8_anom_12m,natural_breaks,Absolute Mortality,NEPmax,Low,19,-0.07953,63.2,0.4124,0.5981,ns
M7vsM8_anom_12m,natural_breaks,Absolute Mortality,WUE,Low,19,-0.00131,52.6,0.5401,0.7148,ns
M7vsM8_anom_12m,natural_breaks,Absolute Mortality,uWUE,Low,19,-0.00591,63.2,0.1025,0.2712,ns
M7vsM8_anom_12m,natural_breaks,Relative Mortality,ETmax,High,23,-0.0026,73.9,0.02156,0.196,ns
M7vsM8_anom_12m,natural_breaks,Relative Mortality,GPPsat,High,23,-0.44595,65.2,0.07427,0.2387,ns
M7vsM8_anom_12m,natural_breaks,Relative Mortality,NEPmax,High,23,-0.52017,73.9,0.01601,0.196,ns
M7vsM8_anom_12m,natural_breaks,Relative Mortality,WUE,High,23,0.00622,43.5,0.3747,0.5815,ns
M7vsM8_anom_12m,natural_breaks,Relative Mortality,uWUE,High,23,-0.03116,69.6,0.03288,0.196,ns
M7vsM8_anom_12m,natural_breaks,Relative Mortality,ETmax,Mid,18,0.00177,38.9,0.9183,0.9392,ns
M7vsM8_anom_12m,natural_breaks,Relative Mortality,GPPsat,Mid,18,0.23115,44.4,0.7705,0.8116,ns
M7vsM8_anom_12m,natural_breaks,Relative Mortality,NEPmax,Mid,18,-0.3349,66.7,0.169,0.3785,ns
M7vsM8_anom_12m,natural_breaks,Relative Mortality,WUE,Mid,18,0.01514,44.4,0.6362,0.7953,ns
M7vsM8_anom_12m,natural_breaks,Relative Mortality,uWUE,Mid,18,-0.02454,61.1,0.243,0.4373,ns
M7vsM8_anom_12m,natural_breaks,Relative Mortality,ETmax,Low,24,-2e-05,50,0.6179,0.7945,ns
M7vsM8_anom_12m,natural_breaks,Relative Mortality,GPPsat,Low,24,-0.26786,75,0.02199,0.196,ns
M7vsM8_anom_12m,natural_breaks,Relative Mortality,NEPmax,Low,24,-0.15627,62.5,0.2602,0.4418,ns
M7vsM8_anom_12m,natural_breaks,Relative Mortality,WUE,Low,24,0.00697,45.8,0.7755,0.8116,ns
M7vsM8_anom_12m,natural_breaks,Relative Mortality,uWUE,Low,24,-0.00429,62.5,0.0968,0.2712,ns
M7vsM8_anom_12m,natural_breaks,Relative Disturbance,ETmax,High,22,-0.00237,72.7,0.02985,0.196,ns
M7vsM8_anom_12m,natural_breaks,Relative Disturbance,GPPsat,High,22,-0.30651,59.1,0.165,0.3785,ns
M7vsM8_anom_12m,natural_breaks,Relative Disturbance,NEPmax,High,22,-0.50224,72.7,0.05226,0.196,ns
M7vsM8_anom_12m,natural_breaks,Relative Disturbance,WUE,High,22,0.00578,45.5,0.3605,0.5794,ns
M7vsM8_anom_12m,natural_breaks,Relative Disturbance,uWUE,High,22,-0.02451,68.2,0.04569,0.196,ns
M7vsM8_anom_12m,natural_breaks,Relative Disturbance,ETmax,Mid,20,0.00177,40,0.9437,0.9437,ns
M7vsM8_anom_12m,natural_breaks,Relative Disturbance,GPPsat,Mid,20,-0.25386,55,0.5372,0.7148,ns
M7vsM8_anom_12m,natural_breaks,Relative Disturbance,NEPmax,Mid,20,-0.18008,65,0.09888,0.2712,ns
M7vsM8_anom_12m,natural_breaks,Relative Disturbance,WUE,Mid,20,0.02602,40,0.6929,0.7995,ns
M7vsM8_anom_12m,natural_breaks,Relative Disturbance,uWUE,Mid,20,-0.02454,60,0.1902,0.3785,ns
M7vsM8_anom_12m,natural_breaks,Relative Disturbance,ETmax,Low,23,-0.00062,52.2,0.4098,0.5981,ns
M7vsM8_anom_12m,natural_breaks,Relative Disturbance,GPPsat,Low,23,-0.25301,73.9,0.02156,0.196,ns
M7vsM8_anom_12m,natural_breaks,Relative Disturbance,NEPmax,Low,23,-0.18375,65.2,0.1848,0.3785,ns
M7vsM8_anom_12m,natural_breaks,Relative Disturbance,WUE,Low,23,0.00468,47.8,0.7335,0.8116,ns
M7vsM8_anom_12m,natural_breaks,Relative Disturbance,uWUE,Low,23,-0.00591,65.2,0.07009,0.2387,ns
M7vsM8_anom_24m,tertiles,Absolute Mortality,ETmax,High,22,2e-04,45.5,0.5388,0.7347,ns
M7vsM8_anom_24m,tertiles,Absolute Mortality,GPPsat,High,22,-0.22608,59.1,0.3017,0.5903,ns
M7vsM8_anom_24m,tertiles,Absolute Mortality,NEPmax,High,22,-0.27273,77.3,0.01363,0.3943,ns
M7vsM8_anom_24m,tertiles,Absolute Mortality,WUE,High,22,-0.00097,50,0.2477,0.5903,ns
M7vsM8_anom_24m,tertiles,Absolute Mortality,uWUE,High,22,-0.00104,50,0.4355,0.6999,ns
M7vsM8_anom_24m,tertiles,Absolute Mortality,ETmax,Mid,21,0.00103,33.3,0.8813,0.9053,ns
M7vsM8_anom_24m,tertiles,Absolute Mortality,GPPsat,Mid,21,-0.2406,61.9,0.08762,0.3943,ns
M7vsM8_anom_24m,tertiles,Absolute Mortality,NEPmax,Mid,21,-0.21316,57.1,0.2773,0.5903,ns
M7vsM8_anom_24m,tertiles,Absolute Mortality,WUE,Mid,21,-0.00227,52.4,0.4174,0.6999,ns
M7vsM8_anom_24m,tertiles,Absolute Mortality,uWUE,Mid,21,-0.00037,52.4,0.3511,0.632,ns
M7vsM8_anom_24m,tertiles,Absolute Mortality,ETmax,Low,22,0.00043,50,0.4612,0.707,ns
M7vsM8_anom_24m,tertiles,Absolute Mortality,GPPsat,Low,22,-0.05288,59.1,0.3247,0.6089,ns
M7vsM8_anom_24m,tertiles,Absolute Mortality,NEPmax,Low,22,-0.15535,63.6,0.2581,0.5903,ns
M7vsM8_anom_24m,tertiles,Absolute Mortality,WUE,Low,22,0.03171,45.5,0.9186,0.9186,ns
M7vsM8_anom_24m,tertiles,Absolute Mortality,uWUE,Low,22,-0.01029,68.2,0.07658,0.3943,ns
M7vsM8_anom_24m,tertiles,Relative Mortality,ETmax,High,22,0.00049,40.9,0.7313,0.8143,ns
M7vsM8_anom_24m,tertiles,Relative Mortality,GPPsat,High,22,0.06041,45.5,0.4741,0.707,ns
M7vsM8_anom_24m,tertiles,Relative Mortality,NEPmax,High,22,-0.33091,72.7,0.01886,0.3943,ns
M7vsM8_anom_24m,tertiles,Relative Mortality,WUE,High,22,-0.01025,54.5,0.2375,0.5903,ns
M7vsM8_anom_24m,tertiles,Relative Mortality,uWUE,High,22,-0.01889,68.2,0.05958,0.3943,ns
M7vsM8_anom_24m,tertiles,Relative Mortality,ETmax,Mid,21,0.00174,42.9,0.5961,0.7451,ns
M7vsM8_anom_24m,tertiles,Relative Mortality,GPPsat,Mid,21,-0.2406,71.4,0.08222,0.3943,ns
M7vsM8_anom_24m,tertiles,Relative Mortality,NEPmax,Mid,21,-0.0923,61.9,0.2891,0.5903,ns
M7vsM8_anom_24m,tertiles,Relative Mortality,WUE,Mid,21,0.01439,38.1,0.5961,0.7451,ns
M7vsM8_anom_24m,tertiles,Relative Mortality,uWUE,Mid,21,0.00211,42.9,0.7109,0.8143,ns
M7vsM8_anom_24m,tertiles,Relative Mortality,ETmax,Low,22,0.00028,45.5,0.5899,0.7451,ns
M7vsM8_anom_24m,tertiles,Relative Mortality,GPPsat,Low,22,-0.07598,63.6,0.1348,0.5056,ns
M7vsM8_anom_24m,tertiles,Relative Mortality,NEPmax,Low,22,-0.23044,63.6,0.1993,0.5903,ns
M7vsM8_anom_24m,tertiles,Relative Mortality,WUE,Low,22,-0.00204,54.5,0.7419,0.8143,ns
M7vsM8_anom_24m,tertiles,Relative Mortality,uWUE,Low,22,-0.00498,59.1,0.2687,0.5903,ns
M7vsM8_anom_24m,tertiles,Relative Disturbance,ETmax,High,22,0.00087,40.9,0.7625,0.8169,ns
M7vsM8_anom_24m,tertiles,Relative Disturbance,GPPsat,High,22,0.06041,45.5,0.5129,0.7213,ns
M7vsM8_anom_24m,tertiles,Relative Disturbance,NEPmax,High,22,-0.20364,68.2,0.06352,0.3943,ns
M7vsM8_anom_24m,tertiles,Relative Disturbance,WUE,High,22,-0.01025,54.5,0.2375,0.5903,ns
M7vsM8_anom_24m,tertiles,Relative Disturbance,uWUE,High,22,-0.01889,68.2,0.06352,0.3943,ns
M7vsM8_anom_24m,tertiles,Relative Disturbance,ETmax,Mid,21,0.00071,38.1,0.6867,0.8143,ns
M7vsM8_anom_24m,tertiles,Relative Disturbance,GPPsat,Mid,21,-0.16256,71.4,0.1054,0.4313,ns
M7vsM8_anom_24m,tertiles,Relative Disturbance,NEPmax,Mid,21,-0.20923,71.4,0.06751,0.3943,ns
M7vsM8_anom_24m,tertiles,Relative Disturbance,WUE,Mid,21,0.00375,42.9,0.431,0.6999,ns
M7vsM8_anom_24m,tertiles,Relative Disturbance,uWUE,Mid,21,0.00211,42.9,0.6989,0.8143,ns
M7vsM8_anom_24m,tertiles,Relative Disturbance,ETmax,Low,22,-9e-05,50,0.4871,0.707,ns
M7vsM8_anom_24m,tertiles,Relative Disturbance,GPPsat,Low,22,-0.11371,63.6,0.06766,0.3943,ns
M7vsM8_anom_24m,tertiles,Relative Disturbance,NEPmax,Low,22,-0.23044,59.1,0.2687,0.5903,ns
M7vsM8_anom_24m,tertiles,Relative Disturbance,WUE,Low,22,0.01554,50,0.8852,0.9053,ns
M7vsM8_anom_24m,tertiles,Relative Disturbance,uWUE,Low,22,-0.0079,59.1,0.2795,0.5903,ns
M7vsM8_anom_24m,equal_width,Absolute Mortality,ETmax,Mid,21,0.00027,42.9,0.569,0.7586,ns
M7vsM8_anom_24m,equal_width,Absolute Mortality,GPPsat,Mid,21,-0.45725,61.9,0.1257,0.4275,ns
M7vsM8_anom_24m,equal_width,Absolute Mortality,NEPmax,Mid,21,-0.43734,76.2,0.009936,0.2439,ns
M7vsM8_anom_24m,equal_width,Absolute Mortality,WUE,Mid,21,-0.01335,57.1,0.1485,0.4275,ns
M7vsM8_anom_24m,equal_width,Absolute Mortality,uWUE,Mid,21,-0.01836,57.1,0.1652,0.4275,ns
M7vsM8_anom_24m,equal_width,Absolute Mortality,ETmax,Low,41,0.00071,43.9,0.7069,0.8423,ns
M7vsM8_anom_24m,equal_width,Absolute Mortality,GPPsat,Low,41,-0.07963,61,0.09752,0.3901,ns
M7vsM8_anom_24m,equal_width,Absolute Mortality,NEPmax,Low,41,-0.21316,61,0.2071,0.4275,ns
M7vsM8_anom_24m,equal_width,Absolute Mortality,WUE,Low,41,0.00375,46.3,0.8002,0.8423,ns
M7vsM8_anom_24m,equal_width,Absolute Mortality,uWUE,Low,41,-0.00557,58.5,0.2035,0.4275,ns
M7vsM8_anom_24m,equal_width,Absolute Mortality,ETmax,High,3,0.00547,33.3,,,""
M7vsM8_anom_24m,equal_width,Absolute Mortality,GPPsat,High,3,0.22401,33.3,,,""
M7vsM8_anom_24m,equal_width,Absolute Mortality,NEPmax,High,3,-0.04931,66.7,,,""
M7vsM8_anom_24m,equal_width,Absolute Mortality,WUE,High,3,0.01045,33.3,,,""
M7vsM8_anom_24m,equal_width,Absolute Mortality,uWUE,High,3,0.03979,33.3,,,""
M7vsM8_anom_24m,equal_width,Relative Mortality,ETmax,Mid,26,0.00153,26.9,0.8979,0.8979,ns
M7vsM8_anom_24m,equal_width,Relative Mortality,GPPsat,Mid,26,-0.11353,57.7,0.1737,0.4275,ns
M7vsM8_anom_24m,equal_width,Relative Mortality,NEPmax,Mid,26,-0.32023,69.2,0.03009,0.2988,ns
M7vsM8_anom_24m,equal_width,Relative Mortality,WUE,Mid,26,0.00782,42.3,0.799,0.8423,ns
M7vsM8_anom_24m,equal_width,Relative Mortality,uWUE,Mid,26,-0.01139,57.7,0.187,0.4275,ns
M7vsM8_anom_24m,equal_width,Relative Mortality,ETmax,Low,32,-9e-05,50,0.459,0.6558,ns
M7vsM8_anom_24m,equal_width,Relative Mortality,GPPsat,Low,32,-0.16224,65.6,0.04711,0.2988,ns
M7vsM8_anom_24m,equal_width,Relative Mortality,NEPmax,Low,32,-0.15273,59.4,0.297,0.4951,ns
M7vsM8_anom_24m,equal_width,Relative Mortality,WUE,Low,32,9e-04,50,0.6833,0.8423,ns
M7vsM8_anom_24m,equal_width,Relative Mortality,uWUE,Low,32,-0.00498,59.4,0.2244,0.4275,ns
M7vsM8_anom_24m,equal_width,Relative Mortality,ETmax,High,7,-0.00042,71.4,0.2234,0.4275,ns
M7vsM8_anom_24m,equal_width,Relative Mortality,GPPsat,High,7,0.22401,42.9,0.7766,0.8423,ns
M7vsM8_anom_24m,equal_width,Relative Mortality,NEPmax,High,7,-0.08168,85.7,0.05416,0.2988,ns
M7vsM8_anom_24m,equal_width,Relative Mortality,WUE,High,7,-0.09818,71.4,0.03796,0.2988,ns
M7vsM8_anom_24m,equal_width,Relative Mortality,uWUE,High,7,0.00275,42.9,0.5337,0.7361,ns
M7vsM8_anom_24m,equal_width,Relative Disturbance,ETmax,Mid,27,0.00174,25.9,0.8225,0.8436,ns
M7vsM8_anom_24m,equal_width,Relative Disturbance,GPPsat,Mid,27,-0.0865,55.6,0.2544,0.4626,ns
M7vsM8_anom_24m,equal_width,Relative Disturbance,NEPmax,Mid,27,-0.21316,70.4,0.04077,0.2988,ns
M7vsM8_anom_24m,equal_width,Relative Disturbance,WUE,Mid,27,0.00375,40.7,0.7456,0.8423,ns
M7vsM8_anom_24m,equal_width,Relative Disturbance,uWUE,Mid,27,-0.00022,51.9,0.3638,0.5821,ns
M7vsM8_anom_24m,equal_width,Relative Disturbance,ETmax,High,9,-0.00059,77.8,0.2035,0.4275,ns
M7vsM8_anom_24m,equal_width,Relative Disturbance,GPPsat,High,9,-0.0873,55.6,0.4064,0.6252,ns
M7vsM8_anom_24m,equal_width,Relative Disturbance,NEPmax,High,9,-0.43734,88.9,0.0122,0.2439,ns
M7vsM8_anom_24m,equal_width,Relative Disturbance,WUE,High,9,-0.0979,66.7,0.07757,0.3447,ns
M7vsM8_anom_24m,equal_width,Relative Disturbance,uWUE,High,9,-0.03913,66.7,0.1432,0.4275,ns
M7vsM8_anom_24m,equal_width,Relative Disturbance,ETmax,Low,29,2e-05,48.3,0.594,0.7665,ns
M7vsM8_anom_24m,equal_width,Relative Disturbance,GPPsat,Low,29,-0.1478,65.5,0.05975,0.2988,ns
M7vsM8_anom_24m,equal_width,Relative Disturbance,NEPmax,Low,29,-0.08861,55.2,0.4228,0.6264,ns
M7vsM8_anom_24m,equal_width,Relative Disturbance,WUE,Low,29,-0.00196,51.7,0.7203,0.8423,ns
M7vsM8_anom_24m,equal_width,Relative Disturbance,uWUE,Low,29,-0.00557,58.6,0.287,0.4951,ns
M7vsM8_anom_24m,natural_breaks,Absolute Mortality,ETmax,High,14,-4e-05,50,0.4253,0.6684,ns
M7vsM8_anom_24m,natural_breaks,Absolute Mortality,GPPsat,High,14,0.06836,50,0.5,0.6995,ns
M7vsM8_anom_24m,natural_breaks,Absolute Mortality,NEPmax,High,14,-0.38678,78.6,0.014,0.2203,ns
M7vsM8_anom_24m,natural_breaks,Absolute Mortality,WUE,High,14,-0.03557,50,0.1576,0.507,ns
M7vsM8_anom_24m,natural_breaks,Absolute Mortality,uWUE,High,14,-0.00781,50,0.3768,0.6684,ns
M7vsM8_anom_24m,natural_breaks,Absolute Mortality,ETmax,Mid,32,0.00205,31.2,0.9385,0.9385,ns
M7vsM8_anom_24m,natural_breaks,Absolute Mortality,GPPsat,Mid,32,-0.27274,68.8,0.01469,0.2203,ns
M7vsM8_anom_24m,natural_breaks,Absolute Mortality,NEPmax,Mid,32,-0.2112,62.5,0.09371,0.3833,ns
M7vsM8_anom_24m,natural_breaks,Absolute Mortality,WUE,Mid,32,0.0019,46.9,0.7283,0.8394,ns
M7vsM8_anom_24m,natural_breaks,Absolute Mortality,uWUE,Mid,32,-0.0026,53.1,0.4076,0.6684,ns
M7vsM8_anom_24m,natural_breaks,Absolute Mortality,ETmax,Low,19,-0.00094,57.9,0.1935,0.5441,ns
M7vsM8_anom_24m,natural_breaks,Absolute Mortality,GPPsat,Low,19,-0.01849,52.6,0.556,0.7359,ns
M7vsM8_anom_24m,natural_breaks,Absolute Mortality,NEPmax,Low,19,-0.0923,63.2,0.444,0.6684,ns
M7vsM8_anom_24m,natural_breaks,Absolute Mortality,WUE,Low,19,-0.00196,52.6,0.7202,0.8394,ns
M7vsM8_anom_24m,natural_breaks,Absolute Mortality,uWUE,Low,19,-0.01023,68.4,0.05597,0.3176,ns
M7vsM8_anom_24m,natural_breaks,Relative Mortality,ETmax,High,23,0.00071,39.1,0.781,0.8394,ns
M7vsM8_anom_24m,natural_breaks,Relative Mortality,GPPsat,High,23,0.00383,47.8,0.4456,0.6684,ns
M7vsM8_anom_24m,natural_breaks,Relative Mortality,NEPmax,High,23,-0.33623,73.9,0.01269,0.2203,ns
M7vsM8_anom_24m,natural_breaks,Relative Mortality,WUE,High,23,-0.00319,52.2,0.2766,0.5926,ns
M7vsM8_anom_24m,natural_breaks,Relative Mortality,uWUE,High,23,-0.01847,69.6,0.05185,0.3176,ns
M7vsM8_anom_24m,natural_breaks,Relative Mortality,ETmax,Mid,18,0.00205,38.9,0.7705,0.8394,ns
M7vsM8_anom_24m,natural_breaks,Relative Mortality,GPPsat,Mid,18,-0.20158,66.7,0.169,0.507,ns
M7vsM8_anom_24m,natural_breaks,Relative Mortality,NEPmax,Mid,18,-0.15077,66.7,0.1583,0.507,ns
M7vsM8_anom_24m,natural_breaks,Relative Mortality,WUE,Mid,18,0.0019,44.4,0.3316,0.6684,ns
M7vsM8_anom_24m,natural_breaks,Relative Mortality,uWUE,Mid,18,0.01184,33.3,0.7835,0.8394,ns
M7vsM8_anom_24m,natural_breaks,Relative Mortality,ETmax,Low,24,-9e-05,50,0.3605,0.6684,ns
M7vsM8_anom_24m,natural_breaks,Relative Mortality,GPPsat,Low,24,-0.11371,66.7,0.06319,0.3176,ns
M7vsM8_anom_24m,natural_breaks,Relative Mortality,NEPmax,Low,24,-0.15351,58.3,0.393,0.6684,ns
M7vsM8_anom_24m,natural_breaks,Relative Mortality,WUE,Low,24,0.01554,50,0.8821,0.9022,ns
M7vsM8_anom_24m,natural_breaks,Relative Mortality,uWUE,Low,24,-0.00498,62.5,0.2245,0.5773,ns
M7vsM8_anom_24m,natural_breaks,Relative Disturbance,ETmax,High,22,0.00087,40.9,0.7625,0.8394,ns
M7vsM8_anom_24m,natural_breaks,Relative Disturbance,GPPsat,High,22,0.06041,45.5,0.5129,0.6995,ns
M7vsM8_anom_24m,natural_breaks,Relative Disturbance,NEPmax,High,22,-0.20364,68.2,0.06352,0.3176,ns
M7vsM8_anom_24m,natural_breaks,Relative Disturbance,WUE,High,22,-0.01025,54.5,0.2375,0.5773,ns
M7vsM8_anom_24m,natural_breaks,Relative Disturbance,uWUE,High,22,-0.01889,68.2,0.06352,0.3176,ns
M7vsM8_anom_24m,natural_breaks,Relative Disturbance,ETmax,Mid,20,0.00122,35,0.7186,0.8394,ns
M7vsM8_anom_24m,natural_breaks,Relative Disturbance,GPPsat,Mid,20,-0.16962,70,0.1274,0.4778,ns
M7vsM8_anom_24m,natural_breaks,Relative Disturbance,NEPmax,Mid,20,-0.2112,70,0.07532,0.3389,ns
M7vsM8_anom_24m,natural_breaks,Relative Disturbance,WUE,Mid,20,0.00907,40,0.4926,0.6995,ns
M7vsM8_anom_24m,natural_breaks,Relative Disturbance,uWUE,Mid,20,0.0053,40,0.7186,0.8394,ns
M7vsM8_anom_24m,natural_breaks,Relative Disturbance,ETmax,Low,23,-0.00019,52.2,0.4216,0.6684,ns
M7vsM8_anom_24m,natural_breaks,Relative Disturbance,GPPsat,Low,23,-0.07963,65.2,0.06227,0.3176,ns
M7vsM8_anom_24m,natural_breaks,Relative Disturbance,NEPmax,Low,23,-0.2184,60.9,0.2566,0.5773,ns
M7vsM8_anom_24m,natural_breaks,Relative Disturbance,WUE,Low,23,-0.00196,52.2,0.853,0.8927,ns
M7vsM8_anom_24m,natural_breaks,Relative Disturbance,uWUE,Low,23,-0.00557,60.9,0.2566,0.5773,ns
