unit,method,metric,response,category,n,median_dRMSE,pct_sites_improved,p_onesided_wilcoxon,q_BH,sig
M1vsM2_12m,tertiles,Absolute Mortality,ETmax,High,22,-0.00066,50,0.8429,0.9053,ns
M1vsM2_12m,tertiles,Absolute Mortality,GPPsat,High,22,-0.42343,63.6,0.1279,0.7005,ns
M1vsM2_12m,tertiles,Absolute Mortality,NEPmax,High,22,-1.04226,77.3,0.01886,0.7005,ns
M1vsM2_12m,tertiles,Absolute Mortality,WUE,High,22,0.01792,40.9,0.6516,0.8782,ns
M1vsM2_12m,tertiles,Absolute Mortality,uWUE,High,22,0.00891,40.9,0.8506,0.9053,ns
M1vsM2_12m,tertiles,Absolute Mortality,ETmax,Mid,21,-0.00035,52.4,0.5553,0.8535,ns
M1vsM2_12m,tertiles,Absolute Mortality,GPPsat,Mid,21,-0.30898,57.1,0.1567,0.7005,ns
M1vsM2_12m,tertiles,Absolute Mortality,NEPmax,Mid,21,-0.04737,52.4,0.4585,0.7935,ns
M1vsM2_12m,tertiles,Absolute Mortality,WUE,Mid,21,-0.02562,52.4,0.569,0.8535,ns
M1vsM2_12m,tertiles,Absolute Mortality,uWUE,Mid,21,0.02202,38.1,0.8743,0.9053,ns
M1vsM2_12m,tertiles,Absolute Mortality,ETmax,Low,22,-0.00112,54.5,0.3975,0.7758,ns
M1vsM2_12m,tertiles,Absolute Mortality,GPPsat,Low,22,0.1592,40.9,0.6635,0.8782,ns
M1vsM2_12m,tertiles,Absolute Mortality,NEPmax,Low,22,-0.57383,63.6,0.165,0.7005,ns
M1vsM2_12m,tertiles,Absolute Mortality,WUE,Low,22,0.01574,40.9,0.5388,0.8535,ns
M1vsM2_12m,tertiles,Absolute Mortality,uWUE,Low,22,-0.01559,54.5,0.1571,0.7005,ns
M1vsM2_12m,tertiles,Relative Mortality,ETmax,High,22,-0.00158,54.5,0.6395,0.8782,ns
M1vsM2_12m,tertiles,Relative Mortality,GPPsat,High,22,-0.42343,59.1,0.2179,0.7005,ns
M1vsM2_12m,tertiles,Relative Mortality,NEPmax,High,22,-0.81668,72.7,0.06766,0.7005,ns
M1vsM2_12m,tertiles,Relative Mortality,WUE,High,22,-0.00515,50,0.4871,0.8118,ns
M1vsM2_12m,tertiles,Relative Mortality,uWUE,High,22,0.00705,45.5,0.7915,0.9053,ns
M1vsM2_12m,tertiles,Relative Mortality,ETmax,Mid,21,0.0011,42.9,0.826,0.9053,ns
M1vsM2_12m,tertiles,Relative Mortality,GPPsat,Mid,21,-0.09371,52.4,0.431,0.7758,ns
M1vsM2_12m,tertiles,Relative Mortality,NEPmax,Mid,21,-0.73519,52.4,0.4174,0.7758,ns
M1vsM2_12m,tertiles,Relative Mortality,WUE,Mid,21,-0.02562,52.4,0.3511,0.7758,ns
M1vsM2_12m,tertiles,Relative Mortality,uWUE,Mid,21,0.01455,38.1,0.7455,0.9053,ns
M1vsM2_12m,tertiles,Relative Mortality,ETmax,Low,22,-0.00158,59.1,0.2905,0.7758,ns
M1vsM2_12m,tertiles,Relative Mortality,GPPsat,Low,22,-0.11256,50,0.1993,0.7005,ns
M1vsM2_12m,tertiles,Relative Mortality,NEPmax,Low,22,-0.77187,68.2,0.05226,0.7005,ns
M1vsM2_12m,tertiles,Relative Mortality,WUE,Low,22,0.02675,31.8,0.8721,0.9053,ns
M1vsM2_12m,tertiles,Relative Mortality,uWUE,Low,22,0.00106,50,0.4101,0.7758,ns
M1vsM2_12m,tertiles,Relative Disturbance,ETmax,High,22,-0.00158,54.5,0.6273,0.8782,ns
M1vsM2_12m,tertiles,Relative Disturbance,GPPsat,High,22,-0.67977,59.1,0.1817,0.7005,ns
M1vsM2_12m,tertiles,Relative Disturbance,NEPmax,High,22,-0.8919,72.7,0.06352,0.7005,ns
M1vsM2_12m,tertiles,Relative Disturbance,WUE,High,22,-0.00515,50,0.4101,0.7758,ns
M1vsM2_12m,tertiles,Relative Disturbance,uWUE,High,22,0.00705,45.5,0.7915,0.9053,ns
M1vsM2_12m,tertiles,Relative Disturbance,ETmax,Mid,21,0.0011,38.1,0.9124,0.9124,ns
M1vsM2_12m,tertiles,Relative Disturbance,GPPsat,Mid,21,-0.13806,57.1,0.3905,0.7758,ns
M1vsM2_12m,tertiles,Relative Disturbance,NEPmax,Mid,21,-0.73519,57.1,0.1924,0.7005,ns
M1vsM2_12m,tertiles,Relative Disturbance,WUE,Mid,21,-0.02562,52.4,0.3772,0.7758,ns
M1vsM2_12m,tertiles,Relative Disturbance,uWUE,Mid,21,0.01455,38.1,0.7455,0.9053,ns
M1vsM2_12m,tertiles,Relative Disturbance,ETmax,Low,22,-0.00222,63.6,0.2085,0.7005,ns
M1vsM2_12m,tertiles,Relative Disturbance,GPPsat,Low,22,0.04813,45.5,0.3131,0.7758,ns
M1vsM2_12m,tertiles,Relative Disturbance,NEPmax,Low,22,-0.57383,63.6,0.1993,0.7005,ns
M1vsM2_12m,tertiles,Relative Disturbance,WUE,Low,22,0.03127,31.8,0.8852,0.9053,ns
M1vsM2_12m,tertiles,Relative Disturbance,uWUE,Low,22,0.00106,50,0.3727,0.7758,ns
M1vsM2_12m,equal_width,Absolute Mortality,ETmax,Mid,21,0.00318,42.9,0.9008,0.9239,ns
M1vsM2_12m,equal_width,Absolute Mortality,GPPsat,Mid,21,-0.69098,71.4,0.03273,0.6545,ns
M1vsM2_12m,equal_width,Absolute Mortality,NEPmax,Mid,21,-1.14397,81,0.009051,0.362,ns
M1vsM2_12m,equal_width,Absolute Mortality,WUE,Mid,21,0.00403,47.6,0.4174,0.7461,ns
M1vsM2_12m,equal_width,Absolute Mortality,uWUE,Mid,21,0.00327,42.9,0.6743,0.8701,ns
M1vsM2_12m,equal_width,Absolute Mortality,ETmax,Low,41,-0.00071,53.7,0.4536,0.7461,ns
M1vsM2_12m,equal_width,Absolute Mortality,GPPsat,Low,41,0.06254,46.3,0.428,0.7461,ns
M1vsM2_12m,equal_width,Absolute Mortality,NEPmax,Low,41,-0.41133,56.1,0.2585,0.7154,ns
M1vsM2_12m,equal_width,Absolute Mortality,WUE,Low,41,0.00876,43.9,0.6221,0.8295,ns
M1vsM2_12m,equal_width,Absolute Mortality,uWUE,Low,41,0.01077,46.3,0.5618,0.8026,ns
M1vsM2_12m,equal_width,Absolute Mortality,ETmax,High,3,-0.00308,100,,,""
M1vsM2_12m,equal_width,Absolute Mortality,GPPsat,High,3,0.54991,33.3,,,""
M1vsM2_12m,equal_width,Absolute Mortality,NEPmax,High,3,-0.39295,66.7,,,""
M1vsM2_12m,equal_width,Absolute Mortality,WUE,High,3,0.01854,33.3,,,""
M1vsM2_12m,equal_width,Absolute Mortality,uWUE,High,3,0.06848,33.3,,,""
M1vsM2_12m,equal_width,Relative Mortality,ETmax,Mid,26,0.00336,42.3,0.8787,0.9239,ns
M1vsM2_12m,equal_width,Relative Mortality,GPPsat,Mid,26,-0.42496,65.4,0.08511,0.6696,ns
M1vsM2_12m,equal_width,Relative Mortality,NEPmax,Mid,26,-0.81668,65.4,0.07385,0.6696,ns
M1vsM2_12m,equal_width,Relative Mortality,WUE,Mid,26,-0.01612,53.8,0.2385,0.7154,ns
M1vsM2_12m,equal_width,Relative Mortality,uWUE,Mid,26,0.00297,46.2,0.5304,0.8026,ns
M1vsM2_12m,equal_width,Relative Mortality,ETmax,Low,32,-0.00158,59.4,0.2779,0.7154,ns
M1vsM2_12m,equal_width,Relative Mortality,GPPsat,Low,32,0.04813,46.9,0.2842,0.7154,ns
M1vsM2_12m,equal_width,Relative Mortality,NEPmax,Low,32,-0.77187,62.5,0.1068,0.6696,ns
M1vsM2_12m,equal_width,Relative Mortality,WUE,Low,32,0.02675,37.5,0.7699,0.8757,ns
M1vsM2_12m,equal_width,Relative Mortality,uWUE,Low,32,0.01632,46.9,0.5558,0.8026,ns
M1vsM2_12m,equal_width,Relative Mortality,ETmax,High,7,-0.0014,57.1,0.4663,0.7461,ns
M1vsM2_12m,equal_width,Relative Mortality,GPPsat,High,7,0.31365,42.9,0.7766,0.8757,ns
M1vsM2_12m,equal_width,Relative Mortality,NEPmax,High,7,-0.57648,71.4,0.3999,0.7461,ns
M1vsM2_12m,equal_width,Relative Mortality,WUE,High,7,0.01854,42.9,0.6001,0.8277,ns
M1vsM2_12m,equal_width,Relative Mortality,uWUE,High,7,0.04972,28.6,0.974,0.974,ns
M1vsM2_12m,equal_width,Relative Disturbance,ETmax,Mid,27,0.00318,44.4,0.8828,0.9239,ns
M1vsM2_12m,equal_width,Relative Disturbance,GPPsat,Mid,27,-0.13806,55.6,0.2862,0.7154,ns
M1vsM2_12m,equal_width,Relative Disturbance,NEPmax,Mid,27,-0.73519,63,0.1172,0.6696,ns
M1vsM2_12m,equal_width,Relative Disturbance,WUE,Mid,27,0.00403,48.1,0.3459,0.7461,ns
M1vsM2_12m,equal_width,Relative Disturbance,uWUE,Mid,27,0.01455,37,0.7825,0.8757,ns
M1vsM2_12m,equal_width,Relative Disturbance,ETmax,High,9,-0.00176,66.7,0.2035,0.7154,ns
M1vsM2_12m,equal_width,Relative Disturbance,GPPsat,High,9,-0.7239,66.7,0.2386,0.7154,ns
M1vsM2_12m,equal_width,Relative Disturbance,NEPmax,High,9,-1.38868,77.8,0.09626,0.6696,ns
M1vsM2_12m,equal_width,Relative Disturbance,WUE,High,9,-0.01433,55.6,0.4064,0.7461,ns
M1vsM2_12m,equal_width,Relative Disturbance,uWUE,High,9,0.00267,44.4,0.7614,0.8757,ns
M1vsM2_12m,equal_width,Relative Disturbance,ETmax,Low,29,-0.00152,55.2,0.3893,0.7461,ns
M1vsM2_12m,equal_width,Relative Disturbance,GPPsat,Low,29,0.03372,48.3,0.2724,0.7154,ns
M1vsM2_12m,equal_width,Relative Disturbance,NEPmax,Low,29,-0.73633,62.1,0.1599,0.7154,ns
M1vsM2_12m,equal_width,Relative Disturbance,WUE,Low,29,0.03024,37.9,0.7882,0.8757,ns
M1vsM2_12m,equal_width,Relative Disturbance,uWUE,Low,29,-0.00302,51.7,0.4313,0.7461,ns
M1vsM2_12m,natural_breaks,Absolute Mortality,ETmax,High,14,-0.00158,57.1,0.55,0.8534,ns
M1vsM2_12m,natural_breaks,Absolute Mortality,GPPsat,High,14,-0.20208,57.1,0.3532,0.7754,ns
M1vsM2_12m,natural_breaks,Absolute Mortality,NEPmax,High,14,-1.14978,78.6,0.0394,0.7146,ns
M1vsM2_12m,natural_breaks,Absolute Mortality,WUE,High,14,0.01067,42.9,0.55,0.8534,ns
M1vsM2_12m,natural_breaks,Absolute Mortality,uWUE,High,14,0.01286,50,0.7744,0.9135,ns
M1vsM2_12m,natural_breaks,Absolute Mortality,ETmax,Mid,32,0.00024,50,0.6353,0.8663,ns
M1vsM2_12m,natural_breaks,Absolute Mortality,GPPsat,Mid,32,-0.52711,65.6,0.02647,0.7146,ns
M1vsM2_12m,natural_breaks,Absolute Mortality,NEPmax,Mid,32,-0.9936,62.5,0.0876,0.7754,ns
M1vsM2_12m,natural_breaks,Absolute Mortality,WUE,Mid,32,0.02035,46.9,0.6562,0.8685,ns
M1vsM2_12m,natural_breaks,Absolute Mortality,uWUE,Mid,32,0.01299,37.5,0.8546,0.9135,ns
M1vsM2_12m,natural_breaks,Absolute Mortality,ETmax,Low,19,-0.00071,52.6,0.5719,0.8578,ns
M1vsM2_12m,natural_breaks,Absolute Mortality,GPPsat,Low,19,0.2834,31.6,0.8824,0.9135,ns
M1vsM2_12m,natural_breaks,Absolute Mortality,NEPmax,Low,19,-0.23522,57.9,0.3968,0.7754,ns
M1vsM2_12m,natural_breaks,Absolute Mortality,WUE,Low,19,0.00822,42.1,0.4759,0.7932,ns
M1vsM2_12m,natural_breaks,Absolute Mortality,uWUE,Low,19,-0.01092,52.6,0.2798,0.7754,ns
M1vsM2_12m,natural_breaks,Relative Mortality,ETmax,High,23,-0.0014,52.2,0.6253,0.8663,ns
M1vsM2_12m,natural_breaks,Relative Mortality,GPPsat,High,23,-0.21123,60.9,0.2101,0.7754,ns
M1vsM2_12m,natural_breaks,Relative Mortality,NEPmax,High,23,-0.84324,73.9,0.05185,0.7146,ns
M1vsM2_12m,natural_breaks,Relative Mortality,WUE,High,23,-0.01433,52.2,0.398,0.7754,ns
M1vsM2_12m,natural_breaks,Relative Mortality,uWUE,High,23,0.00267,47.8,0.7027,0.9035,ns
M1vsM2_12m,natural_breaks,Relative Mortality,ETmax,Mid,18,0.00419,38.9,0.9115,0.9135,ns
M1vsM2_12m,natural_breaks,Relative Mortality,GPPsat,Mid,18,-0.15399,55.6,0.3316,0.7754,ns
M1vsM2_12m,natural_breaks,Relative Mortality,NEPmax,Mid,18,-0.93958,55.6,0.204,0.7754,ns
M1vsM2_12m,natural_breaks,Relative Mortality,WUE,Mid,18,0.00316,50,0.4309,0.7754,ns
M1vsM2_12m,natural_breaks,Relative Mortality,uWUE,Mid,18,0.01828,33.3,0.8081,0.9135,ns
M1vsM2_12m,natural_breaks,Relative Mortality,ETmax,Low,24,-0.00168,62.5,0.1766,0.7754,ns
M1vsM2_12m,natural_breaks,Relative Mortality,GPPsat,Low,24,0.04813,45.8,0.3085,0.7754,ns
M1vsM2_12m,natural_breaks,Relative Mortality,NEPmax,Low,24,-0.57383,62.5,0.216,0.7754,ns
M1vsM2_12m,natural_breaks,Relative Mortality,WUE,Low,24,0.02675,33.3,0.8379,0.9135,ns
M1vsM2_12m,natural_breaks,Relative Mortality,uWUE,Low,24,0.00106,50,0.4263,0.7754,ns
M1vsM2_12m,natural_breaks,Relative Disturbance,ETmax,High,22,-0.00158,54.5,0.6273,0.8663,ns
M1vsM2_12m,natural_breaks,Relative Disturbance,GPPsat,High,22,-0.67977,59.1,0.1817,0.7754,ns
M1vsM2_12m,natural_breaks,Relative Disturbance,NEPmax,High,22,-0.8919,72.7,0.06352,0.7146,ns
M1vsM2_12m,natural_breaks,Relative Disturbance,WUE,High,22,-0.00515,50,0.4101,0.7754,ns
M1vsM2_12m,natural_breaks,Relative Disturbance,uWUE,High,22,0.00705,45.5,0.7915,0.9135,ns
M1vsM2_12m,natural_breaks,Relative Disturbance,ETmax,Mid,20,0.00214,40,0.9135,0.9135,ns
M1vsM2_12m,natural_breaks,Relative Disturbance,GPPsat,Mid,20,-0.17464,60,0.3071,0.7754,ns
M1vsM2_12m,natural_breaks,Relative Disturbance,NEPmax,Mid,20,-0.7713,60,0.1354,0.7754,ns
M1vsM2_12m,natural_breaks,Relative Disturbance,WUE,Mid,20,-0.0087,50,0.448,0.7754,ns
M1vsM2_12m,natural_breaks,Relative Disturbance,uWUE,Mid,20,0.01828,35,0.7551,0.9135,ns
M1vsM2_12m,natural_breaks,Relative Disturbance,ETmax,Low,23,-0.00163,60.9,0.2015,0.7754,ns
M1vsM2_12m,natural_breaks,Relative Disturbance,GPPsat,Low,23,0.06254,43.5,0.398,0.7754,ns
M1vsM2_12m,natural_breaks,Relative Disturbance,NEPmax,Low,23,-0.41133,60.9,0.2566,0.7754,ns
M1vsM2_12m,natural_breaks,Relative Disturbance,WUE,Low,23,0.03024,34.8,0.8232,0.9135,ns
M1vsM2_12m,natural_breaks,Relative Disturbance,uWUE,Low,23,-0.00302,52.2,0.3633,0.7754,ns
M1vsM2_24m,tertiles,Absolute Mortality,ETmax,High,22,0.00273,40.9,0.7821,0.8184,ns
M1vsM2_24m,tertiles,Absolute Mortality,GPPsat,High,22,-0.50527,68.2,0.1027,0.4623,ns
M1vsM2_24m,tertiles,Absolute Mortality,NEPmax,High,22,-0.73465,63.6,0.03212,0.4623,ns
M1vsM2_24m,tertiles,Absolute Mortality,WUE,High,22,-0.01668,54.5,0.3247,0.6301,ns
M1vsM2_24m,tertiles,Absolute Mortality,uWUE,High,22,-0.01457,54.5,0.6753,0.7597,ns
M1vsM2_24m,tertiles,Absolute Mortality,ETmax,Mid,21,0.00047,47.6,0.6489,0.7597,ns
M1vsM2_24m,tertiles,Absolute Mortality,GPPsat,Mid,21,-0.33054,61.9,0.133,0.5056,ns
M1vsM2_24m,tertiles,Absolute Mortality,NEPmax,Mid,21,-0.24446,57.1,0.3641,0.6301,ns
M1vsM2_24m,tertiles,Absolute Mortality,WUE,Mid,21,-0.00828,52.4,0.2773,0.6301,ns
M1vsM2_24m,tertiles,Absolute Mortality,uWUE,Mid,21,0.00423,47.6,0.4039,0.6342,ns
M1vsM2_24m,tertiles,Absolute Mortality,ETmax,Low,22,0.00013,50,0.6753,0.7597,ns
M1vsM2_24m,tertiles,Absolute Mortality,GPPsat,Low,22,-0.08713,54.5,0.4871,0.7007,ns
M1vsM2_24m,tertiles,Absolute Mortality,NEPmax,Low,22,-0.69718,72.7,0.03708,0.4623,ns
M1vsM2_24m,tertiles,Absolute Mortality,WUE,Low,22,0.00711,45.5,0.3484,0.6301,ns
M1vsM2_24m,tertiles,Absolute Mortality,uWUE,Low,22,0.01894,45.5,0.1904,0.5711,ns
M1vsM2_24m,tertiles,Relative Mortality,ETmax,High,22,0.00194,40.9,0.7821,0.8184,ns
M1vsM2_24m,tertiles,Relative Mortality,GPPsat,High,22,-0.47326,72.7,0.09158,0.4623,ns
M1vsM2_24m,tertiles,Relative Mortality,NEPmax,High,22,-0.48175,59.1,0.08635,0.4623,ns
M1vsM2_24m,tertiles,Relative Mortality,WUE,High,22,-0.04151,54.5,0.2276,0.6301,ns
M1vsM2_24m,tertiles,Relative Mortality,uWUE,High,22,-0.03377,63.6,0.4228,0.6342,ns
M1vsM2_24m,tertiles,Relative Mortality,ETmax,Mid,21,0.00132,38.1,0.826,0.8348,ns
M1vsM2_24m,tertiles,Relative Mortality,GPPsat,Mid,21,0.15689,47.6,0.569,0.7316,ns
M1vsM2_24m,tertiles,Relative Mortality,NEPmax,Mid,21,-0.24446,57.1,0.3511,0.6301,ns
M1vsM2_24m,tertiles,Relative Mortality,WUE,Mid,21,-0.00828,57.1,0.1652,0.5311,ns
M1vsM2_24m,tertiles,Relative Mortality,uWUE,Mid,21,0.0122,42.9,0.4174,0.6342,ns
M1vsM2_24m,tertiles,Relative Mortality,ETmax,Low,22,-0.00127,59.1,0.5129,0.7007,ns
M1vsM2_24m,tertiles,Relative Mortality,GPPsat,Low,22,-0.26144,63.6,0.1027,0.4623,ns
M1vsM2_24m,tertiles,Relative Mortality,NEPmax,Low,22,-0.8583,77.3,0.008143,0.3664,ns
M1vsM2_24m,tertiles,Relative Mortality,WUE,Low,22,0.00847,40.9,0.6025,0.7327,ns
M1vsM2_24m,tertiles,Relative Mortality,uWUE,Low,22,0.03317,40.9,0.4228,0.6342,ns
M1vsM2_24m,tertiles,Relative Disturbance,ETmax,High,22,0.00151,40.9,0.7095,0.7787,ns
M1vsM2_24m,tertiles,Relative Disturbance,GPPsat,High,22,-0.50527,72.7,0.09158,0.4623,ns
M1vsM2_24m,tertiles,Relative Disturbance,NEPmax,High,22,-0.11836,54.5,0.1494,0.5172,ns
M1vsM2_24m,tertiles,Relative Disturbance,WUE,High,22,-0.04151,54.5,0.1348,0.5056,ns
M1vsM2_24m,tertiles,Relative Disturbance,uWUE,High,22,-0.03377,63.6,0.3484,0.6301,ns
M1vsM2_24m,tertiles,Relative Disturbance,ETmax,Mid,21,0.00132,42.9,0.8348,0.8348,ns
M1vsM2_24m,tertiles,Relative Disturbance,GPPsat,Mid,21,-0.3341,57.1,0.2435,0.6301,ns
M1vsM2_24m,tertiles,Relative Disturbance,NEPmax,Mid,21,-0.66681,66.7,0.05493,0.4623,ns
M1vsM2_24m,tertiles,Relative Disturbance,WUE,Mid,21,-0.00828,57.1,0.3257,0.6301,ns
M1vsM2_24m,tertiles,Relative Disturbance,uWUE,Mid,21,0.01565,38.1,0.5139,0.7007,ns
M1vsM2_24m,tertiles,Relative Disturbance,ETmax,Low,22,-0.00127,54.5,0.6025,0.7327,ns
M1vsM2_24m,tertiles,Relative Disturbance,GPPsat,Low,22,-0.08713,54.5,0.3484,0.6301,ns
M1vsM2_24m,tertiles,Relative Disturbance,NEPmax,Low,22,-0.5544,72.7,0.07201,0.4623,ns
M1vsM2_24m,tertiles,Relative Disturbance,WUE,Low,22,0.00847,40.9,0.5517,0.7301,ns
M1vsM2_24m,tertiles,Relative Disturbance,uWUE,Low,22,0.01894,45.5,0.3605,0.6301,ns
M1vsM2_24m,equal_width,Absolute Mortality,ETmax,Mid,21,0.00229,33.3,0.8946,0.9417,ns
M1vsM2_24m,equal_width,Absolute Mortality,GPPsat,Mid,21,-0.52819,76.2,0.03273,0.3653,ns
M1vsM2_24m,equal_width,Absolute Mortality,NEPmax,Mid,21,-0.66681,66.7,0.04112,0.3653,ns
M1vsM2_24m,equal_width,Absolute Mortality,WUE,Mid,21,-0.03453,61.9,0.1406,0.5114,ns
M1vsM2_24m,equal_width,Absolute Mortality,uWUE,Mid,21,-0.05361,57.1,0.4447,0.5773,ns
M1vsM2_24m,equal_width,Absolute Mortality,ETmax,Low,41,-0.00044,51.2,0.6842,0.7819,ns
M1vsM2_24m,equal_width,Absolute Mortality,GPPsat,Low,41,-0.18499,56.1,0.2461,0.5476,ns
M1vsM2_24m,equal_width,Absolute Mortality,NEPmax,Low,41,-0.59087,65.9,0.05405,0.3653,ns
M1vsM2_24m,equal_width,Absolute Mortality,WUE,Low,41,0.00681,46.3,0.3535,0.5722,ns
M1vsM2_24m,equal_width,Absolute Mortality,uWUE,Low,41,0.01565,43.9,0.3021,0.5722,ns
M1vsM2_24m,equal_width,Absolute Mortality,ETmax,High,3,-0.00415,66.7,,,""
M1vsM2_24m,equal_width,Absolute Mortality,GPPsat,High,3,0.10907,33.3,,,""
M1vsM2_24m,equal_width,Absolute Mortality,NEPmax,High,3,0.45107,33.3,,,""
M1vsM2_24m,equal_width,Absolute Mortality,WUE,High,3,0.03962,33.3,,,""
M1vsM2_24m,equal_width,Absolute Mortality,uWUE,High,3,-0.02787,66.7,,,""
M1vsM2_24m,equal_width,Relative Mortality,ETmax,Mid,26,0.00273,30.8,0.9423,0.9423,ns
M1vsM2_24m,equal_width,Relative Mortality,GPPsat,Mid,26,-0.45413,73.1,0.05479,0.3653,ns
M1vsM2_24m,equal_width,Relative Mortality,NEPmax,Mid,26,-0.73465,65.4,0.1067,0.4723,ns
M1vsM2_24m,equal_width,Relative Mortality,WUE,Mid,26,-0.01759,57.7,0.2464,0.5476,ns
M1vsM2_24m,equal_width,Relative Mortality,uWUE,Mid,26,-0.01054,53.8,0.2155,0.5476,ns
M1vsM2_24m,equal_width,Relative Mortality,ETmax,Low,32,-0.00114,56.2,0.5778,0.6798,ns
M1vsM2_24m,equal_width,Relative Mortality,GPPsat,Low,32,-0.08713,53.1,0.2717,0.5536,ns
M1vsM2_24m,equal_width,Relative Mortality,NEPmax,Low,32,-0.62648,68.8,0.0194,0.3653,ns
M1vsM2_24m,equal_width,Relative Mortality,WUE,Low,32,0.00711,43.8,0.4149,0.5722,ns
M1vsM2_24m,equal_width,Relative Mortality,uWUE,Low,32,0.02301,43.8,0.386,0.5722,ns
M1vsM2_24m,equal_width,Relative Mortality,ETmax,High,7,-0.00168,57.1,0.3999,0.5722,ns
M1vsM2_24m,equal_width,Relative Mortality,GPPsat,High,7,-0.10258,57.1,0.5337,0.6469,ns
M1vsM2_24m,equal_width,Relative Mortality,NEPmax,High,7,0.45107,42.9,0.5337,0.6469,ns
M1vsM2_24m,equal_width,Relative Mortality,WUE,High,7,-0.07693,57.1,0.2234,0.5476,ns
M1vsM2_24m,equal_width,Relative Mortality,uWUE,High,7,-0.02787,57.1,0.7766,0.8395,ns
M1vsM2_24m,equal_width,Relative Disturbance,ETmax,Mid,27,0.00135,33.3,0.9422,0.9423,ns
M1vsM2_24m,equal_width,Relative Disturbance,GPPsat,Mid,27,-0.3341,70.4,0.1125,0.4723,ns
M1vsM2_24m,equal_width,Relative Disturbance,NEPmax,Mid,27,-0.24446,63,0.2036,0.5476,ns
M1vsM2_24m,equal_width,Relative Disturbance,WUE,Mid,27,-0.00647,51.9,0.3548,0.5722,ns
M1vsM2_24m,equal_width,Relative Disturbance,uWUE,Mid,27,0.0122,44.4,0.4474,0.5773,ns
M1vsM2_24m,equal_width,Relative Disturbance,ETmax,High,9,-0.00415,66.7,0.2386,0.5476,ns
M1vsM2_24m,equal_width,Relative Disturbance,GPPsat,High,9,-0.52819,66.7,0.1716,0.5476,ns
M1vsM2_24m,equal_width,Relative Disturbance,NEPmax,High,9,-1.29385,55.6,0.07757,0.4432,ns
M1vsM2_24m,equal_width,Relative Disturbance,WUE,High,9,-0.07693,66.7,0.1181,0.4723,ns
M1vsM2_24m,equal_width,Relative Disturbance,uWUE,High,9,-0.05361,77.8,0.2768,0.5536,ns
M1vsM2_24m,equal_width,Relative Disturbance,ETmax,Low,29,-0.00044,51.7,0.7417,0.8241,ns
M1vsM2_24m,equal_width,Relative Disturbance,GPPsat,Low,29,-0.00993,51.7,0.3249,0.5722,ns
M1vsM2_24m,equal_width,Relative Disturbance,NEPmax,Low,29,-0.59087,69,0.02997,0.3653,ns
M1vsM2_24m,equal_width,Relative Disturbance,WUE,Low,29,0.00742,44.8,0.406,0.5722,ns
M1vsM2_24m,equal_width,Relative Disturbance,uWUE,Low,29,0.01565,44.8,0.406,0.5722,ns
M1vsM2_24m,natural_breaks,Absolute Mortality,ETmax,High,14,0.00016,50,0.5747,0.7034,ns
M1vsM2_24m,natural_breaks,Absolute Mortality,GPPsat,High,14,-0.47326,71.4,0.1576,0.54,ns
M1vsM2_24m,natural_breaks,Absolute Mortality,NEPmax,High,14,-1.32498,64.3,0.02228,0.4774,ns
M1vsM2_24m,natural_breaks,Absolute Mortality,WUE,High,14,-0.0553,57.1,0.2449,0.6098,ns
M1vsM2_24m,natural_breaks,Absolute Mortality,uWUE,High,14,-0.04664,64.3,0.6232,0.738,ns
M1vsM2_24m,natural_breaks,Absolute Mortality,ETmax,Mid,32,0.00101,43.8,0.8178,0.8558,ns
M1vsM2_24m,natural_breaks,Absolute Mortality,GPPsat,Mid,32,-0.49047,65.6,0.0314,0.4774,ns
M1vsM2_24m,natural_breaks,Absolute Mortality,NEPmax,Mid,32,-0.55109,62.5,0.1001,0.5006,ns
M1vsM2_24m,natural_breaks,Absolute Mortality,WUE,Mid,32,-0.0019,50,0.4222,0.6468,ns
M1vsM2_24m,natural_breaks,Absolute Mortality,uWUE,Mid,32,0.00822,46.9,0.4295,0.6468,ns
M1vsM2_24m,natural_breaks,Absolute Mortality,ETmax,Low,19,0.00105,47.4,0.7594,0.8543,ns
M1vsM2_24m,natural_breaks,Absolute Mortality,GPPsat,Low,19,0.20204,47.4,0.8065,0.8558,ns
M1vsM2_24m,natural_breaks,Absolute Mortality,NEPmax,Low,19,-0.51792,68.4,0.1176,0.5291,ns
M1vsM2_24m,natural_breaks,Absolute Mortality,WUE,Low,19,0.00681,47.4,0.2664,0.6098,ns
M1vsM2_24m,natural_breaks,Absolute Mortality,uWUE,Low,19,0.03597,42.1,0.3662,0.6468,ns
M1vsM2_24m,natural_breaks,Relative Mortality,ETmax,High,23,0.00073,39.1,0.7985,0.8558,ns
M1vsM2_24m,natural_breaks,Relative Mortality,GPPsat,High,23,-0.46417,73.9,0.07427,0.4774,ns
M1vsM2_24m,natural_breaks,Relative Mortality,NEPmax,High,23,-0.80249,60.9,0.05863,0.4774,ns
M1vsM2_24m,natural_breaks,Relative Mortality,WUE,High,23,-0.04849,56.5,0.193,0.54,ns
M1vsM2_24m,natural_breaks,Relative Mortality,uWUE,High,23,-0.03966,65.2,0.3519,0.6468,ns
M1vsM2_24m,natural_breaks,Relative Mortality,ETmax,Mid,18,0.00165,38.9,0.8712,0.8712,ns
M1vsM2_24m,natural_breaks,Relative Mortality,GPPsat,Mid,18,-0.08682,50,0.5,0.6795,ns
M1vsM2_24m,natural_breaks,Relative Mortality,NEPmax,Mid,18,-0.34228,61.1,0.204,0.54,ns
M1vsM2_24m,natural_breaks,Relative Mortality,WUE,Mid,18,-0.00738,55.6,0.271,0.6098,ns
M1vsM2_24m,natural_breaks,Relative Mortality,uWUE,Mid,18,0.01392,38.9,0.5174,0.6795,ns
M1vsM2_24m,natural_breaks,Relative Mortality,ETmax,Low,24,-0.00127,58.3,0.4152,0.6468,ns
M1vsM2_24m,natural_breaks,Relative Mortality,GPPsat,Low,24,-0.17466,58.3,0.1841,0.54,ns
M1vsM2_24m,natural_breaks,Relative Mortality,NEPmax,Low,24,-0.69718,70.8,0.05021,0.4774,ns
M1vsM2_24m,natural_breaks,Relative Mortality,WUE,Low,24,0.00847,41.7,0.5285,0.6795,ns
M1vsM2_24m,natural_breaks,Relative Mortality,uWUE,Low,24,0.03317,41.7,0.4152,0.6468,ns
M1vsM2_24m,natural_breaks,Relative Disturbance,ETmax,High,22,0.00151,40.9,0.7095,0.8187,ns
M1vsM2_24m,natural_breaks,Relative Disturbance,GPPsat,High,22,-0.50527,72.7,0.09158,0.5006,ns
M1vsM2_24m,natural_breaks,Relative Disturbance,NEPmax,High,22,-0.11836,54.5,0.1494,0.54,ns
M1vsM2_24m,natural_breaks,Relative Disturbance,WUE,High,22,-0.04151,54.5,0.1348,0.54,ns
M1vsM2_24m,natural_breaks,Relative Disturbance,uWUE,High,22,-0.03377,63.6,0.3484,0.6468,ns
M1vsM2_24m,natural_breaks,Relative Disturbance,ETmax,Mid,20,0.00134,40,0.8387,0.8578,ns
M1vsM2_24m,natural_breaks,Relative Disturbance,GPPsat,Mid,20,-0.3891,60,0.1902,0.54,ns
M1vsM2_24m,natural_breaks,Relative Disturbance,NEPmax,Mid,20,-0.73784,70,0.05219,0.4774,ns
M1vsM2_24m,natural_breaks,Relative Disturbance,WUE,Mid,20,-0.00738,55,0.4187,0.6468,ns
M1vsM2_24m,natural_breaks,Relative Disturbance,uWUE,Mid,20,0.01392,40,0.4628,0.6508,ns
M1vsM2_24m,natural_breaks,Relative Disturbance,ETmax,Low,23,-0.0012,56.5,0.5784,0.7034,ns
M1vsM2_24m,natural_breaks,Relative Disturbance,GPPsat,Low,23,-0.00993,52.2,0.4216,0.6468,ns
M1vsM2_24m,natural_breaks,Relative Disturbance,NEPmax,Low,23,-0.51792,69.6,0.07427,0.4774,ns
M1vsM2_24m,natural_breaks,Relative Disturbance,WUE,Low,23,0.00742,43.5,0.4456,0.6468,ns
M1vsM2_24m,natural_breaks,Relative Disturbance,uWUE,Low,23,0.03037,43.5,0.4336,0.6468,ns
M3vsM4_12m,tertiles,Absolute Mortality,ETmax,High,22,-0.00133,59.1,0.3975,0.762,ns
M3vsM4_12m,tertiles,Absolute Mortality,GPPsat,High,22,-0.29295,59.1,0.2905,0.762,ns
M3vsM4_12m,tertiles,Absolute Mortality,NEPmax,High,22,-0.32144,68.2,0.06766,0.6067,ns
M3vsM4_12m,tertiles,Absolute Mortality,WUE,High,22,-0.00055,50,0.4612,0.762,ns
M3vsM4_12m,tertiles,Absolute Mortality,uWUE,High,22,-0.00527,54.5,0.4741,0.762,ns
M3vsM4_12m,tertiles,Absolute Mortality,ETmax,Mid,21,0.00187,33.3,0.9488,0.9488,ns
M3vsM4_12m,tertiles,Absolute Mortality,GPPsat,Mid,21,0.04456,42.9,0.4447,0.762,ns
M3vsM4_12m,tertiles,Absolute Mortality,NEPmax,Mid,21,-0.21506,57.1,0.3133,0.762,ns
M3vsM4_12m,tertiles,Absolute Mortality,WUE,Mid,21,-0.01214,52.4,0.6228,0.8672,ns
M3vsM4_12m,tertiles,Absolute Mortality,uWUE,Mid,21,0.02652,38.1,0.8515,0.9123,ns
M3vsM4_12m,tertiles,Absolute Mortality,ETmax,Low,22,0.00053,50,0.7821,0.9092,ns
M3vsM4_12m,tertiles,Absolute Mortality,GPPsat,Low,22,-0.07448,54.5,0.2795,0.762,ns
M3vsM4_12m,tertiles,Absolute Mortality,NEPmax,Low,22,-0.23345,68.2,0.08135,0.6067,ns
M3vsM4_12m,tertiles,Absolute Mortality,WUE,Low,22,0.01575,45.5,0.5645,0.8467,ns
M3vsM4_12m,tertiles,Absolute Mortality,uWUE,Low,22,-0.02391,59.1,0.08635,0.6067,ns
M3vsM4_12m,tertiles,Relative Mortality,ETmax,High,22,-0.00106,59.1,0.4228,0.762,ns
M3vsM4_12m,tertiles,Relative Mortality,GPPsat,High,22,-0.29295,59.1,0.1993,0.762,ns
M3vsM4_12m,tertiles,Relative Mortality,NEPmax,High,22,-0.24361,68.2,0.06352,0.6067,ns
M3vsM4_12m,tertiles,Relative Mortality,WUE,High,22,-0.00588,50,0.3484,0.762,ns
M3vsM4_12m,tertiles,Relative Mortality,uWUE,High,22,-0.00116,50,0.5388,0.8361,ns
M3vsM4_12m,tertiles,Relative Mortality,ETmax,Mid,21,0.00185,38.1,0.7565,0.9092,ns
M3vsM4_12m,tertiles,Relative Mortality,GPPsat,Mid,21,0.07337,38.1,0.6989,0.9092,ns
M3vsM4_12m,tertiles,Relative Mortality,NEPmax,Mid,21,-0.23756,57.1,0.4447,0.762,ns
M3vsM4_12m,tertiles,Relative Mortality,WUE,Mid,21,-0.01214,57.1,0.4723,0.762,ns
M3vsM4_12m,tertiles,Relative Mortality,uWUE,Mid,21,0.0106,47.6,0.6359,0.8672,ns
M3vsM4_12m,tertiles,Relative Mortality,ETmax,Low,22,0.0019,45.5,0.9234,0.9444,ns
M3vsM4_12m,tertiles,Relative Mortality,GPPsat,Low,22,-0.14363,59.1,0.1087,0.6067,ns
M3vsM4_12m,tertiles,Relative Mortality,NEPmax,Low,22,-0.24097,68.2,0.03708,0.6067,ns
M3vsM4_12m,tertiles,Relative Mortality,WUE,Low,22,0.02608,40.9,0.8268,0.9123,ns
M3vsM4_12m,tertiles,Relative Mortality,uWUE,Low,22,-0.01392,54.5,0.2581,0.762,ns
M3vsM4_12m,tertiles,Relative Disturbance,ETmax,High,22,-0.00106,59.1,0.4612,0.762,ns
M3vsM4_12m,tertiles,Relative Disturbance,GPPsat,High,22,-0.37681,63.6,0.1279,0.6067,ns
M3vsM4_12m,tertiles,Relative Disturbance,NEPmax,High,22,-0.22877,63.6,0.1348,0.6067,ns
M3vsM4_12m,tertiles,Relative Disturbance,WUE,High,22,-0.01838,54.5,0.2687,0.762,ns
M3vsM4_12m,tertiles,Relative Disturbance,uWUE,High,22,0.0072,45.5,0.7095,0.9092,ns
M3vsM4_12m,tertiles,Relative Disturbance,ETmax,Mid,21,0.00187,38.1,0.8743,0.915,ns
M3vsM4_12m,tertiles,Relative Disturbance,GPPsat,Mid,21,0.37226,38.1,0.788,0.9092,ns
M3vsM4_12m,tertiles,Relative Disturbance,NEPmax,Mid,21,-0.23756,61.9,0.2327,0.762,ns
M3vsM4_12m,tertiles,Relative Disturbance,WUE,Mid,21,-0.00355,52.4,0.6228,0.8672,ns
M3vsM4_12m,tertiles,Relative Disturbance,uWUE,Mid,21,-0.00602,57.1,0.3257,0.762,ns
M3vsM4_12m,tertiles,Relative Disturbance,ETmax,Low,22,0.00076,45.5,0.835,0.9123,ns
M3vsM4_12m,tertiles,Relative Disturbance,GPPsat,Low,22,-0.07448,54.5,0.1087,0.6067,ns
M3vsM4_12m,tertiles,Relative Disturbance,NEPmax,Low,22,-0.28829,68.2,0.06352,0.6067,ns
M3vsM4_12m,tertiles,Relative Disturbance,WUE,Low,22,0.02608,40.9,0.7821,0.9092,ns
M3vsM4_12m,tertiles,Relative Disturbance,uWUE,Low,22,-0.01349,50,0.3727,0.762,ns
M3vsM4_12m,equal_width,Absolute Mortality,ETmax,Mid,21,-0.00169,66.7,0.2021,0.6058,ns
M3vsM4_12m,equal_width,Absolute Mortality,GPPsat,Mid,21,-0.28633,57.1,0.1567,0.6058,ns
M3vsM4_12m,equal_width,Absolute Mortality,NEPmax,Mid,21,-0.47295,76.2,0.01193,0.4774,ns
M3vsM4_12m,equal_width,Absolute Mortality,WUE,Mid,21,-0.01248,57.1,0.2021,0.6058,ns
M3vsM4_12m,equal_width,Absolute Mortality,uWUE,Mid,21,-0.00917,61.9,0.212,0.6058,ns
M3vsM4_12m,equal_width,Absolute Mortality,ETmax,Low,41,0.00187,39,0.9642,0.9827,ns
M3vsM4_12m,equal_width,Absolute Mortality,GPPsat,Low,41,0.01446,48.8,0.3112,0.6356,ns
M3vsM4_12m,equal_width,Absolute Mortality,NEPmax,Low,41,-0.22933,61,0.1499,0.6058,ns
M3vsM4_12m,equal_width,Absolute Mortality,WUE,Low,41,0.00775,46.3,0.7288,0.9103,ns
M3vsM4_12m,equal_width,Absolute Mortality,uWUE,Low,41,0.0106,46.3,0.5567,0.7743,ns
M3vsM4_12m,equal_width,Absolute Mortality,ETmax,High,3,0.00571,33.3,,,""
M3vsM4_12m,equal_width,Absolute Mortality,GPPsat,High,3,-0.29957,66.7,,,""
M3vsM4_12m,equal_width,Absolute Mortality,NEPmax,High,3,0.46542,33.3,,,""
M3vsM4_12m,equal_width,Absolute Mortality,WUE,High,3,0.03745,33.3,,,""
M3vsM4_12m,equal_width,Absolute Mortality,uWUE,High,3,0.00501,33.3,,,""
M3vsM4_12m,equal_width,Relative Mortality,ETmax,Mid,26,-0.00106,57.7,0.3147,0.6356,ns
M3vsM4_12m,equal_width,Relative Mortality,GPPsat,Mid,26,0.21579,42.3,0.5505,0.7743,ns
M3vsM4_12m,equal_width,Relative Mortality,NEPmax,Mid,26,-0.43554,65.4,0.07385,0.6058,ns
M3vsM4_12m,equal_width,Relative Mortality,WUE,Mid,26,-0.01231,57.7,0.2464,0.6356,ns
M3vsM4_12m,equal_width,Relative Mortality,uWUE,Mid,26,-0.00825,61.5,0.2711,0.6356,ns
M3vsM4_12m,equal_width,Relative Mortality,ETmax,Low,32,0.00186,40.6,0.9629,0.9827,ns
M3vsM4_12m,equal_width,Relative Mortality,GPPsat,Low,32,-0.14363,56.2,0.09062,0.6058,ns
M3vsM4_12m,equal_width,Relative Mortality,NEPmax,Low,32,-0.23345,65.6,0.07629,0.6058,ns
M3vsM4_12m,equal_width,Relative Mortality,WUE,Low,32,0.01575,43.8,0.7756,0.9103,ns
M3vsM4_12m,equal_width,Relative Mortality,uWUE,Low,32,-0.00405,50,0.4004,0.7279,ns
M3vsM4_12m,equal_width,Relative Mortality,ETmax,High,7,0.00484,42.9,0.8237,0.9153,ns
M3vsM4_12m,equal_width,Relative Mortality,GPPsat,High,7,-0.29957,71.4,0.3363,0.6406,ns
M3vsM4_12m,equal_width,Relative Mortality,NEPmax,High,7,-0.02896,57.1,0.6001,0.7743,ns
M3vsM4_12m,equal_width,Relative Mortality,WUE,High,7,0.00244,42.9,0.6001,0.7743,ns
M3vsM4_12m,equal_width,Relative Mortality,uWUE,High,7,0.01414,14.3,0.9827,0.9827,ns
M3vsM4_12m,equal_width,Relative Disturbance,ETmax,Mid,27,-4e-05,51.9,0.5144,0.7743,ns
M3vsM4_12m,equal_width,Relative Disturbance,GPPsat,Mid,27,0.2027,44.4,0.5903,0.7743,ns
M3vsM4_12m,equal_width,Relative Disturbance,NEPmax,Mid,27,-0.33891,66.7,0.08357,0.6058,ns
M3vsM4_12m,equal_width,Relative Disturbance,WUE,Mid,27,-0.00355,51.9,0.457,0.7743,ns
M3vsM4_12m,equal_width,Relative Disturbance,uWUE,Mid,27,-0.00602,55.6,0.562,0.7743,ns
M3vsM4_12m,equal_width,Relative Disturbance,ETmax,High,9,-0.00169,55.6,0.5936,0.7743,ns
M3vsM4_12m,equal_width,Relative Disturbance,GPPsat,High,9,-0.45404,66.7,0.2035,0.6058,ns
M3vsM4_12m,equal_width,Relative Disturbance,NEPmax,High,9,-0.24248,66.7,0.1716,0.6058,ns
M3vsM4_12m,equal_width,Relative Disturbance,WUE,High,9,-0.04407,55.6,0.3178,0.6356,ns
M3vsM4_12m,equal_width,Relative Disturbance,uWUE,High,9,0.00938,33.3,0.7965,0.9103,ns
M3vsM4_12m,equal_width,Relative Disturbance,ETmax,Low,29,0.00185,41.4,0.9562,0.9827,ns
M3vsM4_12m,equal_width,Relative Disturbance,GPPsat,Low,29,-0.1023,55.2,0.1351,0.6058,ns
M3vsM4_12m,equal_width,Relative Disturbance,NEPmax,Low,29,-0.20207,62.1,0.1707,0.6058,ns
M3vsM4_12m,equal_width,Relative Disturbance,WUE,Low,29,0.00775,44.8,0.7555,0.9103,ns
M3vsM4_12m,equal_width,Relative Disturbance,uWUE,Low,29,-0.01623,51.7,0.287,0.6356,ns
M3vsM4_12m,natural_breaks,Absolute Mortality,ETmax,High,14,-0.00133,64.3,0.3768,0.7372,ns
M3vsM4_12m,natural_breaks,Absolute Mortality,GPPsat,High,14,-0.37681,64.3,0.286,0.6838,ns
M3vsM4_12m,natural_breaks,Absolute Mortality,NEPmax,High,14,-0.35884,78.6,0.04504,0.6838,ns
M3vsM4_12m,natural_breaks,Absolute Mortality,WUE,High,14,0.00678,42.9,0.5,0.7759,ns
M3vsM4_12m,natural_breaks,Absolute Mortality,uWUE,High,14,0.0072,42.9,0.7349,0.8804,ns
M3vsM4_12m,natural_breaks,Absolute Mortality,ETmax,Mid,32,0.00135,40.6,0.871,0.9053,ns
M3vsM4_12m,natural_breaks,Absolute Mortality,GPPsat,Mid,32,0.02951,46.9,0.2717,0.6838,ns
M3vsM4_12m,natural_breaks,Absolute Mortality,NEPmax,Mid,32,-0.3405,59.4,0.1541,0.6838,ns
M3vsM4_12m,natural_breaks,Absolute Mortality,WUE,Mid,32,-0.00784,53.1,0.6069,0.8804,ns
M3vsM4_12m,natural_breaks,Absolute Mortality,uWUE,Mid,32,0.0037,50,0.4963,0.7759,ns
M3vsM4_12m,natural_breaks,Absolute Mortality,ETmax,Low,19,0.00111,47.4,0.8569,0.9053,ns
M3vsM4_12m,natural_breaks,Absolute Mortality,GPPsat,Low,19,-0.04666,52.6,0.444,0.7759,ns
M3vsM4_12m,natural_breaks,Absolute Mortality,NEPmax,Low,19,-0.20207,63.2,0.2047,0.6838,ns
M3vsM4_12m,natural_breaks,Absolute Mortality,WUE,Low,19,0.00775,47.4,0.4759,0.7759,ns
M3vsM4_12m,natural_breaks,Absolute Mortality,uWUE,Low,19,-0.01623,57.9,0.1826,0.6838,ns
M3vsM4_12m,natural_breaks,Relative Mortality,ETmax,High,23,-0.00116,60.9,0.3296,0.7372,ns
M3vsM4_12m,natural_breaks,Relative Mortality,GPPsat,High,23,-0.28633,56.5,0.2281,0.6838,ns
M3vsM4_12m,natural_breaks,Relative Mortality,NEPmax,High,23,-0.24474,69.6,0.0457,0.6838,ns
M3vsM4_12m,natural_breaks,Relative Mortality,WUE,High,23,-0.0142,52.2,0.2665,0.6838,ns
M3vsM4_12m,natural_breaks,Relative Mortality,uWUE,High,23,-0.00734,52.2,0.4216,0.7759,ns
M3vsM4_12m,natural_breaks,Relative Mortality,ETmax,Mid,18,0.0022,27.8,0.9363,0.9363,ns
M3vsM4_12m,natural_breaks,Relative Mortality,GPPsat,Mid,18,0.16874,38.9,0.6994,0.8804,ns
M3vsM4_12m,natural_breaks,Relative Mortality,NEPmax,Mid,18,-0.28823,61.1,0.2856,0.6838,ns
M3vsM4_12m,natural_breaks,Relative Mortality,WUE,Mid,18,-0.00784,55.6,0.552,0.828,ns
M3vsM4_12m,natural_breaks,Relative Mortality,uWUE,Mid,18,0.01296,44.4,0.7432,0.8804,ns
M3vsM4_12m,natural_breaks,Relative Mortality,ETmax,Low,24,0.00053,50,0.8643,0.9053,ns
M3vsM4_12m,natural_breaks,Relative Mortality,GPPsat,Low,24,-0.14363,58.3,0.08737,0.6838,ns
M3vsM4_12m,natural_breaks,Relative Mortality,NEPmax,Low,24,-0.2157,62.5,0.1236,0.6838,ns
M3vsM4_12m,natural_breaks,Relative Mortality,WUE,Low,24,0.02608,41.7,0.8234,0.9053,ns
M3vsM4_12m,natural_breaks,Relative Mortality,uWUE,Low,24,-0.01392,54.2,0.2887,0.6838,ns
M3vsM4_12m,natural_breaks,Relative Disturbance,ETmax,High,22,-0.00106,59.1,0.4612,0.7759,ns
M3vsM4_12m,natural_breaks,Relative Disturbance,GPPsat,High,22,-0.37681,63.6,0.1279,0.6838,ns
M3vsM4_12m,natural_breaks,Relative Disturbance,NEPmax,High,22,-0.22877,63.6,0.1348,0.6838,ns
M3vsM4_12m,natural_breaks,Relative Disturbance,WUE,High,22,-0.01838,54.5,0.2687,0.6838,ns
M3vsM4_12m,natural_breaks,Relative Disturbance,uWUE,High,22,0.0072,45.5,0.7095,0.8804,ns
M3vsM4_12m,natural_breaks,Relative Disturbance,ETmax,Mid,20,0.00186,40,0.8294,0.9053,ns
M3vsM4_12m,natural_breaks,Relative Disturbance,GPPsat,Mid,20,0.33259,40,0.731,0.8804,ns
M3vsM4_12m,natural_breaks,Relative Disturbance,NEPmax,Mid,20,-0.28823,65,0.1802,0.6838,ns
M3vsM4_12m,natural_breaks,Relative Disturbance,WUE,Mid,20,0.00091,50,0.6796,0.8804,ns
M3vsM4_12m,natural_breaks,Relative Disturbance,uWUE,Mid,20,-0.00461,55,0.3614,0.7372,ns
M3vsM4_12m,natural_breaks,Relative Disturbance,ETmax,Low,23,0.00111,43.5,0.8852,0.9053,ns
M3vsM4_12m,natural_breaks,Relative Disturbance,GPPsat,Low,23,-0.04666,52.2,0.1768,0.6838,ns
M3vsM4_12m,natural_breaks,Relative Disturbance,NEPmax,Low,23,-0.25261,65.2,0.1034,0.6838,ns
M3vsM4_12m,natural_breaks,Relative Disturbance,WUE,Low,23,0.02375,43.5,0.7434,0.8804,ns
M3vsM4_12m,natural_breaks,Relative Disturbance,uWUE,Low,23,-0.01623,52.2,0.3519,0.7372,ns
M3vsM4_24m,tertiles,Absolute Mortality,ETmax,High,22,0.00085,50,0.6869,0.9091,ns
M3vsM4_24m,tertiles,Absolute Mortality,GPPsat,High,22,-0.4039,63.6,0.05958,0.2234,ns
M3vsM4_24m,tertiles,Absolute Mortality,NEPmax,High,22,-0.47498,72.7,0.05583,0.2234,ns
M3vsM4_24m,tertiles,Absolute Mortality,WUE,High,22,0.01771,45.5,0.3975,0.7778,ns
M3vsM4_24m,tertiles,Absolute Mortality,uWUE,High,22,-0.00678,50,0.6516,0.9091,ns
M3vsM4_24m,tertiles,Absolute Mortality,ETmax,Mid,21,-0.00013,52.4,0.569,0.9037,ns
M3vsM4_24m,tertiles,Absolute Mortality,GPPsat,Mid,21,-0.40376,66.7,0.1406,0.3928,ns
M3vsM4_24m,tertiles,Absolute Mortality,NEPmax,Mid,21,0.25403,38.1,0.6867,0.9091,ns
M3vsM4_24m,tertiles,Absolute Mortality,WUE,Mid,21,0.00171,47.6,0.6867,0.9091,ns
M3vsM4_24m,tertiles,Absolute Mortality,uWUE,Mid,21,0.00872,42.9,0.7565,0.9201,ns
M3vsM4_24m,tertiles,Absolute Mortality,ETmax,Low,22,0.00067,31.8,0.9762,0.9762,ns
M3vsM4_24m,tertiles,Absolute Mortality,GPPsat,Low,22,-0.14217,54.5,0.07201,0.2315,ns
M3vsM4_24m,tertiles,Absolute Mortality,NEPmax,Low,22,-0.3295,72.7,0.02206,0.2234,ns
M3vsM4_24m,tertiles,Absolute Mortality,WUE,Low,22,-0.01139,54.5,0.3975,0.7778,ns
M3vsM4_24m,tertiles,Absolute Mortality,uWUE,Low,22,-0.03426,63.6,0.02571,0.2234,ns
M3vsM4_24m,tertiles,Relative Mortality,ETmax,High,22,-0.00056,59.1,0.4355,0.8166,ns
M3vsM4_24m,tertiles,Relative Mortality,GPPsat,High,22,-0.39995,63.6,0.05583,0.2234,ns
M3vsM4_24m,tertiles,Relative Mortality,NEPmax,High,22,-0.47498,68.2,0.05583,0.2234,ns
M3vsM4_24m,tertiles,Relative Mortality,WUE,High,22,-0.04638,59.1,0.2276,0.5236,ns
M3vsM4_24m,tertiles,Relative Mortality,uWUE,High,22,-0.01402,50,0.5645,0.9037,ns
M3vsM4_24m,tertiles,Relative Mortality,ETmax,Mid,21,0.00139,38.1,0.9488,0.9704,ns
M3vsM4_24m,tertiles,Relative Mortality,GPPsat,Mid,21,-0.36435,66.7,0.1485,0.3928,ns
M3vsM4_24m,tertiles,Relative Mortality,NEPmax,Mid,21,0.3018,42.9,0.7342,0.9178,ns
M3vsM4_24m,tertiles,Relative Mortality,WUE,Mid,21,0.01346,38.1,0.826,0.954,ns
M3vsM4_24m,tertiles,Relative Mortality,uWUE,Mid,21,0.00872,47.6,0.7227,0.9178,ns
M3vsM4_24m,tertiles,Relative Mortality,ETmax,Low,22,0.00058,36.4,0.9084,0.9704,ns
M3vsM4_24m,tertiles,Relative Mortality,GPPsat,Low,22,-0.28921,54.5,0.02985,0.2234,ns
M3vsM4_24m,tertiles,Relative Mortality,NEPmax,Low,22,-0.3295,72.7,0.01481,0.2234,ns
M3vsM4_24m,tertiles,Relative Mortality,WUE,Low,22,0.00307,50,0.6025,0.9037,ns
M3vsM4_24m,tertiles,Relative Mortality,uWUE,Low,22,-0.02132,59.1,0.06766,0.2315,ns
M3vsM4_24m,tertiles,Relative Disturbance,ETmax,High,22,-0.00056,59.1,0.5517,0.9037,ns
M3vsM4_24m,tertiles,Relative Disturbance,GPPsat,High,22,-0.50633,63.6,0.05226,0.2234,ns
M3vsM4_24m,tertiles,Relative Disturbance,NEPmax,High,22,-0.28473,63.6,0.1494,0.3928,ns
M3vsM4_24m,tertiles,Relative Disturbance,WUE,High,22,-0.04638,59.1,0.1571,0.3928,ns
M3vsM4_24m,tertiles,Relative Disturbance,uWUE,High,22,-0.02204,54.5,0.3975,0.7778,ns
M3vsM4_24m,tertiles,Relative Disturbance,ETmax,Mid,21,0.0014,33.3,0.9369,0.9704,ns
M3vsM4_24m,tertiles,Relative Disturbance,GPPsat,Mid,21,-0.29752,61.9,0.2327,0.5236,ns
M3vsM4_24m,tertiles,Relative Disturbance,NEPmax,Mid,21,0.04268,47.6,0.4861,0.875,ns
M3vsM4_24m,tertiles,Relative Disturbance,WUE,Mid,21,0.02196,33.3,0.8813,0.9673,ns
M3vsM4_24m,tertiles,Relative Disturbance,uWUE,Mid,21,0.02604,38.1,0.8813,0.9673,ns
M3vsM4_24m,tertiles,Relative Disturbance,ETmax,Low,22,0.00046,40.9,0.8268,0.954,ns
M3vsM4_24m,tertiles,Relative Disturbance,GPPsat,Low,22,-0.38405,59.1,0.01607,0.2234,ns
M3vsM4_24m,tertiles,Relative Disturbance,NEPmax,Low,22,-0.39336,72.7,0.03212,0.2234,ns
M3vsM4_24m,tertiles,Relative Disturbance,WUE,Low,22,-0.01139,54.5,0.6025,0.9037,ns
M3vsM4_24m,tertiles,Relative Disturbance,uWUE,Low,22,-0.03426,63.6,0.05226,0.2234,ns
M3vsM4_24m,equal_width,Absolute Mortality,ETmax,Mid,21,-0.00034,57.1,0.5826,0.7388,ns
M3vsM4_24m,equal_width,Absolute Mortality,GPPsat,Mid,21,-0.51092,71.4,0.01306,0.1306,ns
M3vsM4_24m,equal_width,Absolute Mortality,NEPmax,Mid,21,-0.6181,76.2,0.009051,0.1228,ns
M3vsM4_24m,equal_width,Absolute Mortality,WUE,Mid,21,0.01346,47.6,0.3257,0.6222,ns
M3vsM4_24m,equal_width,Absolute Mortality,uWUE,Mid,21,-0.0148,52.4,0.6095,0.7388,ns
M3vsM4_24m,equal_width,Absolute Mortality,ETmax,Low,41,0.00074,39,0.9487,0.989,ns
M3vsM4_24m,equal_width,Absolute Mortality,GPPsat,Low,41,-0.36435,58.5,0.03687,0.2949,ns
M3vsM4_24m,equal_width,Absolute Mortality,NEPmax,Low,41,-0.18621,56.1,0.2184,0.4844,ns
M3vsM4_24m,equal_width,Absolute Mortality,WUE,Low,41,-0.00479,51.2,0.5872,0.7388,ns
M3vsM4_24m,equal_width,Absolute Mortality,uWUE,Low,41,-0.00036,51.2,0.2301,0.4844,ns
M3vsM4_24m,equal_width,Absolute Mortality,ETmax,High,3,0.00744,33.3,,,""
M3vsM4_24m,equal_width,Absolute Mortality,GPPsat,High,3,0.00699,33.3,,,""
M3vsM4_24m,equal_width,Absolute Mortality,NEPmax,High,3,0.9273,33.3,,,""
M3vsM4_24m,equal_width,Absolute Mortality,WUE,High,3,0.06122,33.3,,,""
M3vsM4_24m,equal_width,Absolute Mortality,uWUE,High,3,-0.0689,66.7,,,""
M3vsM4_24m,equal_width,Relative Mortality,ETmax,Mid,26,-0.00052,61.5,0.3422,0.6222,ns
M3vsM4_24m,equal_width,Relative Mortality,GPPsat,Mid,26,-0.4165,65.4,0.04938,0.3292,ns
M3vsM4_24m,equal_width,Relative Mortality,NEPmax,Mid,26,-0.47498,61.5,0.07036,0.4021,ns
M3vsM4_24m,equal_width,Relative Mortality,WUE,Mid,26,0.01771,46.2,0.4696,0.7388,ns
M3vsM4_24m,equal_width,Relative Mortality,uWUE,Mid,26,-0.00482,50,0.5706,0.7388,ns
M3vsM4_24m,equal_width,Relative Mortality,ETmax,Low,32,0.00092,31.2,0.9885,0.989,ns
M3vsM4_24m,equal_width,Relative Mortality,GPPsat,Low,32,-0.39872,62.5,0.008135,0.1228,ns
M3vsM4_24m,equal_width,Relative Mortality,NEPmax,Low,32,-0.244,62.5,0.1139,0.4722,ns
M3vsM4_24m,equal_width,Relative Mortality,WUE,Low,32,-0.00154,50,0.6423,0.7557,ns
M3vsM4_24m,equal_width,Relative Mortality,uWUE,Low,32,-0.01772,56.2,0.1541,0.4722,ns
M3vsM4_24m,equal_width,Relative Mortality,ETmax,High,7,0.00591,42.9,0.7766,0.8628,ns
M3vsM4_24m,equal_width,Relative Mortality,GPPsat,High,7,0.00699,42.9,0.6001,0.7388,ns
M3vsM4_24m,equal_width,Relative Mortality,NEPmax,High,7,-0.01723,57.1,0.4663,0.7388,ns
M3vsM4_24m,equal_width,Relative Mortality,WUE,High,7,-0.05329,57.1,0.3363,0.6222,ns
M3vsM4_24m,equal_width,Relative Mortality,uWUE,High,7,0.00124,42.9,0.6001,0.7388,ns
M3vsM4_24m,equal_width,Relative Disturbance,ETmax,Mid,27,-0.00021,55.6,0.5239,0.7388,ns
M3vsM4_24m,equal_width,Relative Disturbance,GPPsat,Mid,27,-0.33062,63,0.1536,0.4722,ns
M3vsM4_24m,equal_width,Relative Disturbance,NEPmax,Mid,27,-0.28854,59.3,0.1372,0.4722,ns
M3vsM4_24m,equal_width,Relative Disturbance,WUE,Mid,27,0.02196,44.4,0.562,0.7388,ns
M3vsM4_24m,equal_width,Relative Disturbance,uWUE,Mid,27,0.00861,40.7,0.8575,0.927,ns
M3vsM4_24m,equal_width,Relative Disturbance,ETmax,High,9,-0.00134,55.6,0.5,0.7388,ns
M3vsM4_24m,equal_width,Relative Disturbance,GPPsat,High,9,-0.13863,55.6,0.2035,0.4788,ns
M3vsM4_24m,equal_width,Relative Disturbance,NEPmax,High,9,-0.41717,66.7,0.1432,0.4722,ns
M3vsM4_24m,equal_width,Relative Disturbance,WUE,High,9,-0.05329,66.7,0.2035,0.4788,ns
M3vsM4_24m,equal_width,Relative Disturbance,uWUE,High,9,-0.0689,66.7,0.2035,0.4788,ns
M3vsM4_24m,equal_width,Relative Disturbance,ETmax,Low,29,0.00116,31,0.989,0.989,ns
M3vsM4_24m,equal_width,Relative Disturbance,GPPsat,Low,29,-0.39369,62.1,0.009213,0.1228,ns
M3vsM4_24m,equal_width,Relative Disturbance,NEPmax,Low,29,-0.19946,62.1,0.1653,0.4722,ns
M3vsM4_24m,equal_width,Relative Disturbance,WUE,Low,29,0.00171,48.3,0.6673,0.7626,ns
M3vsM4_24m,equal_width,Relative Disturbance,uWUE,Low,29,-0.02189,58.6,0.1215,0.4722,ns
M3vsM4_24m,natural_breaks,Absolute Mortality,ETmax,High,14,0.00085,50,0.714,0.9372,ns
M3vsM4_24m,natural_breaks,Absolute Mortality,GPPsat,High,14,-0.21808,57.1,0.1576,0.4432,ns
M3vsM4_24m,natural_breaks,Absolute Mortality,NEPmax,High,14,-0.60621,78.6,0.05132,0.2335,ns
M3vsM4_24m,natural_breaks,Absolute Mortality,WUE,High,14,-0.04638,57.1,0.2651,0.568,ns
M3vsM4_24m,natural_breaks,Absolute Mortality,uWUE,High,14,-0.02505,50,0.6232,0.9151,ns
M3vsM4_24m,natural_breaks,Absolute Mortality,ETmax,Mid,32,0.00036,50,0.6562,0.9151,ns
M3vsM4_24m,natural_breaks,Absolute Mortality,GPPsat,Mid,32,-0.50633,71.9,0.02647,0.2335,ns
M3vsM4_24m,natural_breaks,Absolute Mortality,NEPmax,Mid,32,0.08016,46.9,0.4004,0.7507,ns
M3vsM4_24m,natural_breaks,Absolute Mortality,WUE,Mid,32,0.01771,40.6,0.8459,0.9497,ns
M3vsM4_24m,natural_breaks,Absolute Mortality,uWUE,Mid,32,0.00687,46.9,0.6562,0.9151,ns
M3vsM4_24m,natural_breaks,Absolute Mortality,ETmax,Low,19,0.00061,31.6,0.9665,0.9723,ns
M3vsM4_24m,natural_breaks,Absolute Mortality,GPPsat,Low,19,0.07794,47.4,0.1935,0.4748,ns
M3vsM4_24m,natural_breaks,Absolute Mortality,NEPmax,Low,19,-0.30617,73.7,0.04745,0.2335,ns
M3vsM4_24m,natural_breaks,Absolute Mortality,WUE,Low,19,-0.01503,57.9,0.2533,0.568,ns
M3vsM4_24m,natural_breaks,Absolute Mortality,uWUE,Low,19,-0.02908,63.2,0.06065,0.2335,ns
M3vsM4_24m,natural_breaks,Relative Mortality,ETmax,High,23,-0.00034,56.5,0.4697,0.7828,ns
M3vsM4_24m,natural_breaks,Relative Mortality,GPPsat,High,23,-0.29752,65.2,0.0487,0.2335,ns
M3vsM4_24m,natural_breaks,Relative Mortality,NEPmax,High,23,-0.5328,69.6,0.0376,0.2335,ns
M3vsM4_24m,natural_breaks,Relative Mortality,WUE,High,23,-0.05329,60.9,0.1768,0.468,ns
M3vsM4_24m,natural_breaks,Relative Mortality,uWUE,High,23,-0.02928,52.2,0.4456,0.7712,ns
M3vsM4_24m,natural_breaks,Relative Mortality,ETmax,Mid,18,0.00174,33.3,0.9723,0.9723,ns
M3vsM4_24m,natural_breaks,Relative Mortality,GPPsat,Mid,18,-0.34748,61.1,0.2856,0.5843,ns
M3vsM4_24m,natural_breaks,Relative Mortality,NEPmax,Mid,18,0.27792,44.4,0.729,0.9372,ns
M3vsM4_24m,natural_breaks,Relative Mortality,WUE,Mid,18,0.01771,33.3,0.8967,0.9497,ns
M3vsM4_24m,natural_breaks,Relative Mortality,uWUE,Mid,18,0.01738,44.4,0.8619,0.9497,ns
M3vsM4_24m,natural_breaks,Relative Mortality,ETmax,Low,24,0.00046,41.7,0.8379,0.9497,ns
M3vsM4_24m,natural_breaks,Relative Mortality,GPPsat,Low,24,-0.4312,58.3,0.01245,0.2335,ns
M3vsM4_24m,natural_breaks,Relative Mortality,NEPmax,Low,24,-0.29735,66.7,0.05021,0.2335,ns
M3vsM4_24m,natural_breaks,Relative Mortality,WUE,Low,24,0.00307,50,0.6711,0.9151,ns
M3vsM4_24m,natural_breaks,Relative Mortality,uWUE,Low,24,-0.02132,58.3,0.08737,0.3024,ns
M3vsM4_24m,natural_breaks,Relative Disturbance,ETmax,High,22,-0.00056,59.1,0.5517,0.8866,ns
M3vsM4_24m,natural_breaks,Relative Disturbance,GPPsat,High,22,-0.50633,63.6,0.05226,0.2335,ns
M3vsM4_24m,natural_breaks,Relative Disturbance,NEPmax,High,22,-0.28473,63.6,0.1494,0.4432,ns
M3vsM4_24m,natural_breaks,Relative Disturbance,WUE,High,22,-0.04638,59.1,0.1571,0.4432,ns
M3vsM4_24m,natural_breaks,Relative Disturbance,uWUE,High,22,-0.02204,54.5,0.3975,0.7507,ns
M3vsM4_24m,natural_breaks,Relative Disturbance,ETmax,Mid,20,0.0014,35,0.9075,0.9497,ns
M3vsM4_24m,natural_breaks,Relative Disturbance,GPPsat,Mid,20,-0.31407,65,0.2005,0.4748,ns
M3vsM4_24m,natural_breaks,Relative Disturbance,NEPmax,Mid,20,-0.07839,50,0.4187,0.7536,ns
M3vsM4_24m,natural_breaks,Relative Disturbance,WUE,Mid,20,0.01771,35,0.8563,0.9497,ns
M3vsM4_24m,natural_breaks,Relative Disturbance,uWUE,Mid,20,0.03063,40,0.8646,0.9497,ns
M3vsM4_24m,natural_breaks,Relative Disturbance,ETmax,Low,23,0.00055,39.1,0.8852,0.9497,ns
M3vsM4_24m,natural_breaks,Relative Disturbance,GPPsat,Low,23,-0.36435,56.5,0.02318,0.2335,ns
M3vsM4_24m,natural_breaks,Relative Disturbance,NEPmax,Low,23,-0.35282,69.6,0.0457,0.2335,ns
M3vsM4_24m,natural_breaks,Relative Disturbance,WUE,Low,23,-0.00776,52.2,0.6253,0.9151,ns
M3vsM4_24m,natural_breaks,Relative Disturbance,uWUE,Low,23,-0.02908,60.9,0.06227,0.2335,ns
M5vsM6_raw_12m,tertiles,Absolute Mortality,ETmax,High,22,0.00112,31.8,0.8652,0.9999,ns
M5vsM6_raw_12m,tertiles,Absolute Mortality,GPPsat,High,22,0.07346,50,0.8913,0.9999,ns
M5vsM6_raw_12m,tertiles,Absolute Mortality,NEPmax,High,22,-0.02958,54.5,0.5259,0.9999,ns
M5vsM6_raw_12m,tertiles,Absolute Mortality,WUE,High,22,0.0217,45.5,0.5772,0.9999,ns
M5vsM6_raw_12m,tertiles,Absolute Mortality,uWUE,High,22,0.02129,40.9,0.7625,0.9999,ns
M5vsM6_raw_12m,tertiles,Absolute Mortality,ETmax,Mid,21,0.00147,28.6,0.9891,0.9999,ns
M5vsM6_raw_12m,tertiles,Absolute Mortality,GPPsat,Mid,21,0.2875,38.1,0.8433,0.9999,ns
M5vsM6_raw_12m,tertiles,Absolute Mortality,NEPmax,Mid,21,0.08997,42.9,0.7109,0.9999,ns
M5vsM6_raw_12m,tertiles,Absolute Mortality,WUE,Mid,21,0.00784,42.9,0.6095,0.9999,ns
M5vsM6_raw_12m,tertiles,Absolute Mortality,uWUE,Mid,21,0.04434,33.3,0.8076,0.9999,ns
M5vsM6_raw_12m,tertiles,Absolute Mortality,ETmax,Low,22,0.00127,22.7,0.9894,0.9999,ns
M5vsM6_raw_12m,tertiles,Absolute Mortality,GPPsat,Low,22,-0.17597,72.7,0.1279,0.9999,ns
M5vsM6_raw_12m,tertiles,Absolute Mortality,NEPmax,Low,22,0.00071,50,0.5259,0.9999,ns
M5vsM6_raw_12m,tertiles,Absolute Mortality,WUE,Low,22,-0.03803,59.1,0.1732,0.9999,ns
M5vsM6_raw_12m,tertiles,Absolute Mortality,uWUE,Low,22,0.00196,50,0.4228,0.9999,ns
M5vsM6_raw_12m,tertiles,Relative Mortality,ETmax,High,22,0.00137,27.3,0.9442,0.9999,ns
M5vsM6_raw_12m,tertiles,Relative Mortality,GPPsat,High,22,0.20918,45.5,0.9234,0.9999,ns
M5vsM6_raw_12m,tertiles,Relative Mortality,NEPmax,High,22,-0.02958,54.5,0.6273,0.9999,ns
M5vsM6_raw_12m,tertiles,Relative Mortality,WUE,High,22,0.01093,45.5,0.4612,0.9999,ns
M5vsM6_raw_12m,tertiles,Relative Mortality,uWUE,High,22,0.01528,45.5,0.6149,0.9999,ns
M5vsM6_raw_12m,tertiles,Relative Mortality,ETmax,Mid,21,0.00186,28.6,0.9619,0.9999,ns
M5vsM6_raw_12m,tertiles,Relative Mortality,GPPsat,Mid,21,0.19981,42.9,0.8076,0.9999,ns
M5vsM6_raw_12m,tertiles,Relative Mortality,NEPmax,Mid,21,0.02621,42.9,0.6743,0.9999,ns
M5vsM6_raw_12m,tertiles,Relative Mortality,WUE,Mid,21,0.00784,47.6,0.5277,0.9999,ns
M5vsM6_raw_12m,tertiles,Relative Mortality,uWUE,Mid,21,0.0154,38.1,0.6743,0.9999,ns
M5vsM6_raw_12m,tertiles,Relative Mortality,ETmax,Low,22,0.00099,27.3,0.9826,0.9999,ns
M5vsM6_raw_12m,tertiles,Relative Mortality,GPPsat,Low,22,-0.17597,72.7,0.142,0.9999,ns
M5vsM6_raw_12m,tertiles,Relative Mortality,NEPmax,Low,22,0.00071,50,0.4741,0.9999,ns
M5vsM6_raw_12m,tertiles,Relative Mortality,WUE,Low,22,-0.02148,54.5,0.2179,0.9999,ns
M5vsM6_raw_12m,tertiles,Relative Mortality,uWUE,Low,22,0.00776,40.9,0.7915,0.9999,ns
M5vsM6_raw_12m,tertiles,Relative Disturbance,ETmax,High,22,0.00112,31.8,0.8268,0.9999,ns
M5vsM6_raw_12m,tertiles,Relative Disturbance,GPPsat,High,22,0.20918,40.9,0.9442,0.9999,ns
M5vsM6_raw_12m,tertiles,Relative Disturbance,NEPmax,High,22,-0.00043,50,0.6395,0.9999,ns
M5vsM6_raw_12m,tertiles,Relative Disturbance,WUE,High,22,0.00164,50,0.3605,0.9999,ns
M5vsM6_raw_12m,tertiles,Relative Disturbance,uWUE,High,22,0.00979,45.5,0.5388,0.9999,ns
M5vsM6_raw_12m,tertiles,Relative Disturbance,ETmax,Mid,21,0.00197,14.3,0.9999,0.9999,ns
M5vsM6_raw_12m,tertiles,Relative Disturbance,GPPsat,Mid,21,0.19981,47.6,0.7455,0.9999,ns
M5vsM6_raw_12m,tertiles,Relative Disturbance,NEPmax,Mid,21,-0.02875,52.4,0.4723,0.9999,ns
M5vsM6_raw_12m,tertiles,Relative Disturbance,WUE,Mid,21,0.0097,42.9,0.4723,0.9999,ns
M5vsM6_raw_12m,tertiles,Relative Disturbance,uWUE,Mid,21,0.0154,33.3,0.788,0.9999,ns
M5vsM6_raw_12m,tertiles,Relative Disturbance,ETmax,Low,22,0.00042,36.4,0.8268,0.9999,ns
M5vsM6_raw_12m,tertiles,Relative Disturbance,GPPsat,Low,22,-0.17597,72.7,0.1571,0.9999,ns
M5vsM6_raw_12m,tertiles,Relative Disturbance,NEPmax,Low,22,0.02594,45.5,0.6869,0.9999,ns
M5vsM6_raw_12m,tertiles,Relative Disturbance,WUE,Low,22,-0.02148,54.5,0.3605,0.9999,ns
M5vsM6_raw_12m,tertiles,Relative Disturbance,uWUE,Low,22,0.0065,45.5,0.7095,0.9999,ns
M5vsM6_raw_12m,equal_width,Absolute Mortality,ETmax,Mid,21,0.00096,33.3,0.8813,0.9991,ns
M5vsM6_raw_12m,equal_width,Absolute Mortality,GPPsat,Mid,21,-0.01184,52.4,0.7979,0.9991,ns
M5vsM6_raw_12m,equal_width,Absolute Mortality,NEPmax,Mid,21,-0.02875,52.4,0.5553,0.9991,ns
M5vsM6_raw_12m,equal_width,Absolute Mortality,WUE,Mid,21,0.02564,38.1,0.8433,0.9991,ns
M5vsM6_raw_12m,equal_width,Absolute Mortality,uWUE,Mid,21,0.0158,38.1,0.6989,0.9991,ns
M5vsM6_raw_12m,equal_width,Absolute Mortality,ETmax,Low,41,0.00143,24.4,0.9991,0.9991,ns
M5vsM6_raw_12m,equal_width,Absolute Mortality,GPPsat,Low,41,-0.08127,56.1,0.572,0.9991,ns
M5vsM6_raw_12m,equal_width,Absolute Mortality,NEPmax,Low,41,0.02621,43.9,0.733,0.9991,ns
M5vsM6_raw_12m,equal_width,Absolute Mortality,WUE,Low,41,-0.01474,51.2,0.2262,0.9991,ns
M5vsM6_raw_12m,equal_width,Absolute Mortality,uWUE,Low,41,0.00891,43.9,0.6842,0.9991,ns
M5vsM6_raw_12m,equal_width,Absolute Mortality,ETmax,High,3,0.00309,33.3,,,""
M5vsM6_raw_12m,equal_width,Absolute Mortality,GPPsat,High,3,0.20063,33.3,,,""
M5vsM6_raw_12m,equal_width,Absolute Mortality,NEPmax,High,3,-0.17535,100,,,""
M5vsM6_raw_12m,equal_width,Absolute Mortality,WUE,High,3,-0.04691,100,,,""
M5vsM6_raw_12m,equal_width,Absolute Mortality,uWUE,High,3,0.04618,33.3,,,""
M5vsM6_raw_12m,equal_width,Relative Mortality,ETmax,Mid,26,0.00137,23.1,0.9956,0.9991,ns
M5vsM6_raw_12m,equal_width,Relative Mortality,GPPsat,Mid,26,0.20908,42.3,0.9681,0.9991,ns
M5vsM6_raw_12m,equal_width,Relative Mortality,NEPmax,Mid,26,4e-04,50,0.6294,0.9991,ns
M5vsM6_raw_12m,equal_width,Relative Mortality,WUE,Mid,26,0.02552,42.3,0.6853,0.9991,ns
M5vsM6_raw_12m,equal_width,Relative Mortality,uWUE,Mid,26,0.04056,34.6,0.7118,0.9991,ns
M5vsM6_raw_12m,equal_width,Relative Mortality,ETmax,Low,32,0.00107,28.1,0.9879,0.9991,ns
M5vsM6_raw_12m,equal_width,Relative Mortality,GPPsat,Low,32,-0.20422,68.8,0.1497,0.9991,ns
M5vsM6_raw_12m,equal_width,Relative Mortality,NEPmax,Low,32,0.02594,43.8,0.6899,0.9991,ns
M5vsM6_raw_12m,equal_width,Relative Mortality,WUE,Low,32,-0.00345,50,0.3717,0.9991,ns
M5vsM6_raw_12m,equal_width,Relative Mortality,uWUE,Low,32,0.00776,43.8,0.7466,0.9991,ns
M5vsM6_raw_12m,equal_width,Relative Mortality,ETmax,High,7,0.00199,42.9,0.6637,0.9991,ns
M5vsM6_raw_12m,equal_width,Relative Mortality,GPPsat,High,7,0.29338,28.6,0.8641,0.9991,ns
M5vsM6_raw_12m,equal_width,Relative Mortality,NEPmax,High,7,-0.17535,71.4,0.3363,0.9991,ns
M5vsM6_raw_12m,equal_width,Relative Mortality,WUE,High,7,-0.04691,71.4,0.07539,0.9991,ns
M5vsM6_raw_12m,equal_width,Relative Mortality,uWUE,High,7,-0.00497,57.1,0.5337,0.9991,ns
M5vsM6_raw_12m,equal_width,Relative Disturbance,ETmax,Mid,27,0.00127,22.2,0.9974,0.9991,ns
M5vsM6_raw_12m,equal_width,Relative Disturbance,GPPsat,Mid,27,0.20043,40.7,0.9852,0.9991,ns
M5vsM6_raw_12m,equal_width,Relative Disturbance,NEPmax,Mid,27,0.00282,48.1,0.7299,0.9991,ns
M5vsM6_raw_12m,equal_width,Relative Disturbance,WUE,Mid,27,0.0254,37,0.8406,0.9991,ns
M5vsM6_raw_12m,equal_width,Relative Disturbance,uWUE,Mid,27,0.02221,37,0.8031,0.9991,ns
M5vsM6_raw_12m,equal_width,Relative Disturbance,ETmax,High,9,0.00199,33.3,0.6389,0.9991,ns
M5vsM6_raw_12m,equal_width,Relative Disturbance,GPPsat,High,9,0.20063,44.4,0.7232,0.9991,ns
M5vsM6_raw_12m,equal_width,Relative Disturbance,NEPmax,High,9,-0.1933,77.8,0.06177,0.9991,ns
M5vsM6_raw_12m,equal_width,Relative Disturbance,WUE,High,9,-0.06085,77.8,0.07757,0.9991,ns
M5vsM6_raw_12m,equal_width,Relative Disturbance,uWUE,High,9,-0.00961,55.6,0.3178,0.9991,ns
M5vsM6_raw_12m,equal_width,Relative Disturbance,ETmax,Low,29,0.00087,31,0.9742,0.9991,ns
M5vsM6_raw_12m,equal_width,Relative Disturbance,GPPsat,Low,29,-0.20078,69,0.1819,0.9991,ns
M5vsM6_raw_12m,equal_width,Relative Disturbance,NEPmax,Low,29,0.08997,41.4,0.8005,0.9991,ns
M5vsM6_raw_12m,equal_width,Relative Disturbance,WUE,Low,29,-0.01528,51.7,0.381,0.9991,ns
M5vsM6_raw_12m,equal_width,Relative Disturbance,uWUE,Low,29,0.00891,41.4,0.7944,0.9991,ns
M5vsM6_raw_12m,natural_breaks,Absolute Mortality,ETmax,High,14,0.00141,28.6,0.8268,0.9998,ns
M5vsM6_raw_12m,natural_breaks,Absolute Mortality,GPPsat,High,14,0.09366,50,0.7744,0.9998,ns
M5vsM6_raw_12m,natural_breaks,Absolute Mortality,NEPmax,High,14,-0.02958,57.1,0.6468,0.9998,ns
M5vsM6_raw_12m,natural_breaks,Absolute Mortality,WUE,High,14,0.00236,50,0.3078,0.9998,ns
M5vsM6_raw_12m,natural_breaks,Absolute Mortality,uWUE,High,14,-0.00729,57.1,0.4253,0.9998,ns
M5vsM6_raw_12m,natural_breaks,Absolute Mortality,ETmax,Mid,32,0.00124,28.1,0.9957,0.9998,ns
M5vsM6_raw_12m,natural_breaks,Absolute Mortality,GPPsat,Mid,32,0.20012,43.8,0.9153,0.9998,ns
M5vsM6_raw_12m,natural_breaks,Absolute Mortality,NEPmax,Mid,32,-0.01071,50,0.4076,0.9998,ns
M5vsM6_raw_12m,natural_breaks,Absolute Mortality,WUE,Mid,32,0.01829,40.6,0.8227,0.9998,ns
M5vsM6_raw_12m,natural_breaks,Absolute Mortality,uWUE,Mid,32,0.02803,34.4,0.8128,0.9998,ns
M5vsM6_raw_12m,natural_breaks,Absolute Mortality,ETmax,Low,19,0.00111,26.3,0.9693,0.9998,ns
M5vsM6_raw_12m,natural_breaks,Absolute Mortality,GPPsat,Low,19,-0.20078,73.7,0.1342,0.9998,ns
M5vsM6_raw_12m,natural_breaks,Absolute Mortality,NEPmax,Low,19,0.02621,42.1,0.8174,0.9998,ns
M5vsM6_raw_12m,natural_breaks,Absolute Mortality,WUE,Low,19,-0.03995,63.2,0.1098,0.9998,ns
M5vsM6_raw_12m,natural_breaks,Absolute Mortality,uWUE,Low,19,0.0066,42.1,0.6489,0.9998,ns
M5vsM6_raw_12m,natural_breaks,Relative Mortality,ETmax,High,23,0.00147,26.1,0.9598,0.9998,ns
M5vsM6_raw_12m,natural_breaks,Relative Mortality,GPPsat,High,23,0.21773,43.5,0.9448,0.9998,ns
M5vsM6_raw_12m,natural_breaks,Relative Mortality,NEPmax,High,23,-0.03041,56.5,0.4939,0.9998,ns
M5vsM6_raw_12m,natural_breaks,Relative Mortality,WUE,High,23,0.00385,47.8,0.3747,0.9998,ns
M5vsM6_raw_12m,natural_breaks,Relative Mortality,uWUE,High,23,0.00378,47.8,0.5424,0.9998,ns
M5vsM6_raw_12m,natural_breaks,Relative Mortality,ETmax,Mid,18,0.00189,22.2,0.9935,0.9998,ns
M5vsM6_raw_12m,natural_breaks,Relative Mortality,GPPsat,Mid,18,0.20012,38.9,0.8802,0.9998,ns
M5vsM6_raw_12m,natural_breaks,Relative Mortality,NEPmax,Mid,18,0.01619,44.4,0.684,0.9998,ns
M5vsM6_raw_12m,natural_breaks,Relative Mortality,WUE,Mid,18,0.00976,44.4,0.6525,0.9998,ns
M5vsM6_raw_12m,natural_breaks,Relative Mortality,uWUE,Mid,18,0.0156,33.3,0.757,0.9998,ns
M5vsM6_raw_12m,natural_breaks,Relative Mortality,ETmax,Low,24,0.00074,33.3,0.908,0.9998,ns
M5vsM6_raw_12m,natural_breaks,Relative Mortality,GPPsat,Low,24,-0.20422,75,0.07453,0.9998,ns
M5vsM6_raw_12m,natural_breaks,Relative Mortality,NEPmax,Low,24,0.02594,45.8,0.6288,0.9998,ns
M5vsM6_raw_12m,natural_breaks,Relative Mortality,WUE,Low,24,-0.02148,54.2,0.216,0.9998,ns
M5vsM6_raw_12m,natural_breaks,Relative Mortality,uWUE,Low,24,0.00776,41.7,0.7669,0.9998,ns
M5vsM6_raw_12m,natural_breaks,Relative Disturbance,ETmax,High,22,0.00112,31.8,0.8268,0.9998,ns
M5vsM6_raw_12m,natural_breaks,Relative Disturbance,GPPsat,High,22,0.20918,40.9,0.9442,0.9998,ns
M5vsM6_raw_12m,natural_breaks,Relative Disturbance,NEPmax,High,22,-0.00043,50,0.6395,0.9998,ns
M5vsM6_raw_12m,natural_breaks,Relative Disturbance,WUE,High,22,0.00164,50,0.3605,0.9998,ns
M5vsM6_raw_12m,natural_breaks,Relative Disturbance,uWUE,High,22,0.00979,45.5,0.5388,0.9998,ns
M5vsM6_raw_12m,natural_breaks,Relative Disturbance,ETmax,Mid,20,0.00195,15,0.9998,0.9998,ns
M5vsM6_raw_12m,natural_breaks,Relative Disturbance,GPPsat,Mid,20,0.09398,50,0.6662,0.9998,ns
M5vsM6_raw_12m,natural_breaks,Relative Disturbance,NEPmax,Mid,20,-0.09076,55,0.3755,0.9998,ns
M5vsM6_raw_12m,natural_breaks,Relative Disturbance,WUE,Mid,20,0.01069,40,0.5959,0.9998,ns
M5vsM6_raw_12m,natural_breaks,Relative Disturbance,uWUE,Mid,20,0.01881,35,0.7667,0.9998,ns
M5vsM6_raw_12m,natural_breaks,Relative Disturbance,ETmax,Low,23,6e-04,34.8,0.873,0.9998,ns
M5vsM6_raw_12m,natural_breaks,Relative Disturbance,GPPsat,Low,23,-0.15116,69.6,0.2374,0.9998,ns
M5vsM6_raw_12m,natural_breaks,Relative Disturbance,NEPmax,Low,23,0.02621,43.5,0.7626,0.9998,ns
M5vsM6_raw_12m,natural_breaks,Relative Disturbance,WUE,Low,23,-0.02767,56.5,0.2973,0.9998,ns
M5vsM6_raw_12m,natural_breaks,Relative Disturbance,uWUE,Low,23,0.0066,43.5,0.7335,0.9998,ns
M5vsM6_raw_24m,tertiles,Absolute Mortality,ETmax,High,22,0.00118,27.3,0.9323,0.9949,ns
M5vsM6_raw_24m,tertiles,Absolute Mortality,GPPsat,High,22,0.15343,45.5,0.6395,0.9949,ns
M5vsM6_raw_24m,tertiles,Absolute Mortality,NEPmax,High,22,-0.03167,54.5,0.142,0.9807,ns
M5vsM6_raw_24m,tertiles,Absolute Mortality,WUE,High,22,-0.00828,50,0.3131,0.9949,ns
M5vsM6_raw_24m,tertiles,Absolute Mortality,uWUE,High,22,0.00309,50,0.6149,0.9949,ns
M5vsM6_raw_24m,tertiles,Absolute Mortality,ETmax,Mid,21,0.00039,33.3,0.9124,0.9949,ns
M5vsM6_raw_24m,tertiles,Absolute Mortality,GPPsat,Mid,21,0.11894,42.9,0.9178,0.9949,ns
M5vsM6_raw_24m,tertiles,Absolute Mortality,NEPmax,Mid,21,0.0198,47.6,0.8813,0.9949,ns
M5vsM6_raw_24m,tertiles,Absolute Mortality,WUE,Mid,21,-0.00043,52.4,0.6617,0.9949,ns
M5vsM6_raw_24m,tertiles,Absolute Mortality,uWUE,Mid,21,0.00197,47.6,0.7227,0.9949,ns
M5vsM6_raw_24m,tertiles,Absolute Mortality,ETmax,Low,22,0.0015,27.3,0.9875,0.9949,ns
M5vsM6_raw_24m,tertiles,Absolute Mortality,GPPsat,Low,22,-0.08663,63.6,0.1732,0.9807,ns
M5vsM6_raw_24m,tertiles,Absolute Mortality,NEPmax,Low,22,-0.07602,59.1,0.1817,0.9807,ns
M5vsM6_raw_24m,tertiles,Absolute Mortality,WUE,Low,22,-0.02646,63.6,0.2085,0.9807,ns
M5vsM6_raw_24m,tertiles,Absolute Mortality,uWUE,Low,22,-0.01282,59.1,0.1494,0.9807,ns
M5vsM6_raw_24m,tertiles,Relative Mortality,ETmax,High,22,0.00104,27.3,0.9477,0.9949,ns
M5vsM6_raw_24m,tertiles,Relative Mortality,GPPsat,High,22,0.15343,40.9,0.7523,0.9949,ns
M5vsM6_raw_24m,tertiles,Relative Mortality,NEPmax,High,22,-0.13128,59.1,0.142,0.9807,ns
M5vsM6_raw_24m,tertiles,Relative Mortality,WUE,High,22,-0.03499,59.1,0.2581,0.9949,ns
M5vsM6_raw_24m,tertiles,Relative Mortality,uWUE,High,22,0.01145,45.5,0.6516,0.9949,ns
M5vsM6_raw_24m,tertiles,Relative Mortality,ETmax,Mid,21,0.00029,38.1,0.8594,0.9949,ns
M5vsM6_raw_24m,tertiles,Relative Mortality,GPPsat,Mid,21,0.07084,47.6,0.7979,0.9949,ns
M5vsM6_raw_24m,tertiles,Relative Mortality,NEPmax,Mid,21,0.0198,38.1,0.9008,0.9949,ns
M5vsM6_raw_24m,tertiles,Relative Mortality,WUE,Mid,21,0.01521,47.6,0.6228,0.9949,ns
M5vsM6_raw_24m,tertiles,Relative Mortality,uWUE,Mid,21,-0.01663,61.9,0.431,0.9949,ns
M5vsM6_raw_24m,tertiles,Relative Mortality,ETmax,Low,22,0.00148,22.7,0.9875,0.9949,ns
M5vsM6_raw_24m,tertiles,Relative Mortality,GPPsat,Low,22,-0.08663,63.6,0.2687,0.9949,ns
M5vsM6_raw_24m,tertiles,Relative Mortality,NEPmax,Low,22,-0.07602,63.6,0.1904,0.9807,ns
M5vsM6_raw_24m,tertiles,Relative Mortality,WUE,Low,22,-0.01418,59.1,0.4871,0.9949,ns
M5vsM6_raw_24m,tertiles,Relative Mortality,uWUE,Low,22,0.00092,50,0.3975,0.9949,ns
M5vsM6_raw_24m,tertiles,Relative Disturbance,ETmax,High,22,0.00087,31.8,0.8183,0.9949,ns
M5vsM6_raw_24m,tertiles,Relative Disturbance,GPPsat,High,22,0.10331,45.5,0.6983,0.9949,ns
M5vsM6_raw_24m,tertiles,Relative Disturbance,NEPmax,High,22,-0.03167,54.5,0.2085,0.9807,ns
M5vsM6_raw_24m,tertiles,Relative Disturbance,WUE,High,22,-0.03499,59.1,0.1571,0.9807,ns
M5vsM6_raw_24m,tertiles,Relative Disturbance,uWUE,High,22,0.00309,50,0.4741,0.9949,ns
M5vsM6_raw_24m,tertiles,Relative Disturbance,ETmax,Mid,21,0.00119,23.8,0.9949,0.9949,ns
M5vsM6_raw_24m,tertiles,Relative Disturbance,GPPsat,Mid,21,0.11894,38.1,0.8881,0.9949,ns
M5vsM6_raw_24m,tertiles,Relative Disturbance,NEPmax,Mid,21,0.00184,47.6,0.6489,0.9949,ns
M5vsM6_raw_24m,tertiles,Relative Disturbance,WUE,Mid,21,-0.00043,52.4,0.5277,0.9949,ns
M5vsM6_raw_24m,tertiles,Relative Disturbance,uWUE,Mid,21,-0.00382,57.1,0.6489,0.9949,ns
M5vsM6_raw_24m,tertiles,Relative Disturbance,ETmax,Low,22,0.00147,31.8,0.9679,0.9949,ns
M5vsM6_raw_24m,tertiles,Relative Disturbance,GPPsat,Low,22,-0.08663,68.2,0.2179,0.9807,ns
M5vsM6_raw_24m,tertiles,Relative Disturbance,NEPmax,Low,22,-0.06571,59.1,0.4101,0.9949,ns
M5vsM6_raw_24m,tertiles,Relative Disturbance,WUE,Low,22,-0.00654,54.5,0.6635,0.9949,ns
M5vsM6_raw_24m,tertiles,Relative Disturbance,uWUE,Low,22,0.00092,50,0.3484,0.9949,ns
M5vsM6_raw_24m,equal_width,Absolute Mortality,ETmax,Mid,21,0.00091,33.3,0.8515,0.9987,ns
M5vsM6_raw_24m,equal_width,Absolute Mortality,GPPsat,Mid,21,0.16501,38.1,0.7109,0.9719,ns
M5vsM6_raw_24m,equal_width,Absolute Mortality,NEPmax,Mid,21,-0.10585,57.1,0.1187,0.9232,ns
M5vsM6_raw_24m,equal_width,Absolute Mortality,WUE,Mid,21,0.0158,47.6,0.4585,0.9232,ns
M5vsM6_raw_24m,equal_width,Absolute Mortality,uWUE,Mid,21,0.01023,47.6,0.5961,0.9232,ns
M5vsM6_raw_24m,equal_width,Absolute Mortality,ETmax,Low,41,0.00126,26.8,0.9987,0.9987,ns
M5vsM6_raw_24m,equal_width,Absolute Mortality,GPPsat,Low,41,-0.03275,56.1,0.5618,0.9232,ns
M5vsM6_raw_24m,equal_width,Absolute Mortality,NEPmax,Low,41,-0.05195,53.7,0.5669,0.9232,ns
M5vsM6_raw_24m,equal_width,Absolute Mortality,WUE,Low,41,-0.0097,56.1,0.4229,0.9232,ns
M5vsM6_raw_24m,equal_width,Absolute Mortality,uWUE,Low,41,-0.00382,56.1,0.3535,0.9232,ns
M5vsM6_raw_24m,equal_width,Absolute Mortality,ETmax,High,3,0.00289,33.3,,,""
M5vsM6_raw_24m,equal_width,Absolute Mortality,GPPsat,High,3,-0.06728,66.7,,,""
M5vsM6_raw_24m,equal_width,Absolute Mortality,NEPmax,High,3,0.01764,33.3,,,""
M5vsM6_raw_24m,equal_width,Absolute Mortality,WUE,High,3,-0.03761,100,,,""
M5vsM6_raw_24m,equal_width,Absolute Mortality,uWUE,High,3,0.04634,33.3,,,""
M5vsM6_raw_24m,equal_width,Relative Mortality,ETmax,Mid,26,0.00118,23.1,0.9889,0.9987,ns
M5vsM6_raw_24m,equal_width,Relative Mortality,GPPsat,Mid,26,0.17771,30.8,0.9762,0.9987,ns
M5vsM6_raw_24m,equal_width,Relative Mortality,NEPmax,Mid,26,-0.052,50,0.3422,0.9232,ns
M5vsM6_raw_24m,equal_width,Relative Mortality,WUE,Mid,26,0.0155,46.2,0.6578,0.9595,ns
M5vsM6_raw_24m,equal_width,Relative Mortality,uWUE,Mid,26,0.01145,46.2,0.7289,0.9719,ns
M5vsM6_raw_24m,equal_width,Relative Mortality,ETmax,Low,32,0.00113,31.2,0.986,0.9987,ns
M5vsM6_raw_24m,equal_width,Relative Mortality,GPPsat,Low,32,-0.08663,65.6,0.1923,0.9232,ns
M5vsM6_raw_24m,equal_width,Relative Mortality,NEPmax,Low,32,-0.05487,56.2,0.4665,0.9232,ns
M5vsM6_raw_24m,equal_width,Relative Mortality,WUE,Low,32,-0.01237,56.2,0.4739,0.9232,ns
M5vsM6_raw_24m,equal_width,Relative Mortality,uWUE,Low,32,-0.0012,53.1,0.4222,0.9232,ns
M5vsM6_raw_24m,equal_width,Relative Mortality,ETmax,High,7,6e-04,42.9,0.6001,0.9232,ns
M5vsM6_raw_24m,equal_width,Relative Mortality,GPPsat,High,7,-0.06728,57.1,0.4663,0.9232,ns
M5vsM6_raw_24m,equal_width,Relative Mortality,NEPmax,High,7,-0.01964,57.1,0.3999,0.9232,ns
M5vsM6_raw_24m,equal_width,Relative Mortality,WUE,High,7,-0.04716,85.7,0.02596,0.9232,ns
M5vsM6_raw_24m,equal_width,Relative Mortality,uWUE,High,7,-0.02946,71.4,0.2234,0.9232,ns
M5vsM6_raw_24m,equal_width,Relative Disturbance,ETmax,Mid,27,0.00084,25.9,0.9788,0.9987,ns
M5vsM6_raw_24m,equal_width,Relative Disturbance,GPPsat,Mid,27,0.16501,29.6,0.9891,0.9987,ns
M5vsM6_raw_24m,equal_width,Relative Disturbance,NEPmax,Mid,27,0.00184,48.1,0.5144,0.9232,ns
M5vsM6_raw_24m,equal_width,Relative Disturbance,WUE,Mid,27,0.0158,44.4,0.6716,0.9595,ns
M5vsM6_raw_24m,equal_width,Relative Disturbance,uWUE,Mid,27,0.01023,48.1,0.8097,0.9987,ns
M5vsM6_raw_24m,equal_width,Relative Disturbance,ETmax,High,9,0.00121,33.3,0.8284,0.9987,ns
M5vsM6_raw_24m,equal_width,Relative Disturbance,GPPsat,High,9,-0.29023,66.7,0.4528,0.9232,ns
M5vsM6_raw_24m,equal_width,Relative Disturbance,NEPmax,High,9,-0.25307,66.7,0.1181,0.9232,ns
M5vsM6_raw_24m,equal_width,Relative Disturbance,WUE,High,9,-0.05855,88.9,0.06177,0.9232,ns
M5vsM6_raw_24m,equal_width,Relative Disturbance,uWUE,High,9,-0.02946,66.7,0.07757,0.9232,ns
M5vsM6_raw_24m,equal_width,Relative Disturbance,ETmax,Low,29,0.00145,31,0.9855,0.9987,ns
M5vsM6_raw_24m,equal_width,Relative Disturbance,GPPsat,Low,29,-0.08718,65.5,0.2445,0.9232,ns
M5vsM6_raw_24m,equal_width,Relative Disturbance,NEPmax,Low,29,-0.05195,55.2,0.5772,0.9232,ns
M5vsM6_raw_24m,equal_width,Relative Disturbance,WUE,Low,29,-0.0097,55.2,0.5687,0.9232,ns
M5vsM6_raw_24m,equal_width,Relative Disturbance,uWUE,Low,29,-0.00012,51.7,0.4228,0.9232,ns
M5vsM6_raw_24m,natural_breaks,Absolute Mortality,ETmax,High,14,0.00171,35.7,0.8708,0.9947,ns
M5vsM6_raw_24m,natural_breaks,Absolute Mortality,GPPsat,High,14,0.03729,50,0.3768,0.9947,ns
M5vsM6_raw_24m,natural_breaks,Absolute Mortality,NEPmax,High,14,-0.14838,64.3,0.08363,0.9947,ns
M5vsM6_raw_24m,natural_breaks,Absolute Mortality,WUE,High,14,-0.0469,71.4,0.1046,0.9947,ns
M5vsM6_raw_24m,natural_breaks,Absolute Mortality,uWUE,High,14,-0.01252,57.1,0.286,0.9947,ns
M5vsM6_raw_24m,natural_breaks,Absolute Mortality,ETmax,Mid,32,0.00087,25,0.9895,0.9947,ns
M5vsM6_raw_24m,natural_breaks,Absolute Mortality,GPPsat,Mid,32,0.14197,40.6,0.9747,0.9947,ns
M5vsM6_raw_24m,natural_breaks,Absolute Mortality,NEPmax,Mid,32,0.00226,46.9,0.6562,0.9947,ns
M5vsM6_raw_24m,natural_breaks,Absolute Mortality,WUE,Mid,32,0.02176,40.6,0.8825,0.9947,ns
M5vsM6_raw_24m,natural_breaks,Absolute Mortality,uWUE,Mid,32,0.00837,46.9,0.7221,0.9947,ns
M5vsM6_raw_24m,natural_breaks,Absolute Mortality,ETmax,Low,19,0.00145,31.6,0.9525,0.9947,ns
M5vsM6_raw_24m,natural_breaks,Absolute Mortality,GPPsat,Low,19,-0.13237,68.4,0.09546,0.9947,ns
M5vsM6_raw_24m,natural_breaks,Absolute Mortality,NEPmax,Low,19,-0.07842,57.9,0.2935,0.9947,ns
M5vsM6_raw_24m,natural_breaks,Absolute Mortality,WUE,Low,19,-0.03425,68.4,0.09546,0.9947,ns
M5vsM6_raw_24m,natural_breaks,Absolute Mortality,uWUE,Low,19,-0.00228,57.9,0.2935,0.9947,ns
M5vsM6_raw_24m,natural_breaks,Relative Mortality,ETmax,High,23,0.00117,26.1,0.9671,0.9947,ns
M5vsM6_raw_24m,natural_breaks,Relative Mortality,GPPsat,High,23,0.14186,39.1,0.781,0.9947,ns
M5vsM6_raw_24m,natural_breaks,Relative Mortality,NEPmax,High,23,-0.04369,56.5,0.147,0.9947,ns
M5vsM6_raw_24m,natural_breaks,Relative Mortality,WUE,High,23,-0.03761,60.9,0.193,0.9947,ns
M5vsM6_raw_24m,natural_breaks,Relative Mortality,uWUE,High,23,0.01023,47.8,0.5182,0.9947,ns
M5vsM6_raw_24m,natural_breaks,Relative Mortality,ETmax,Mid,18,0.00053,33.3,0.9115,0.9947,ns
M5vsM6_raw_24m,natural_breaks,Relative Mortality,GPPsat,Mid,18,0.15468,44.4,0.8802,0.9947,ns
M5vsM6_raw_24m,natural_breaks,Relative Mortality,NEPmax,Mid,18,0.01082,44.4,0.796,0.9947,ns
M5vsM6_raw_24m,natural_breaks,Relative Mortality,WUE,Mid,18,0.01561,44.4,0.7835,0.9947,ns
M5vsM6_raw_24m,natural_breaks,Relative Mortality,uWUE,Mid,18,-0.01113,61.1,0.552,0.9947,ns
M5vsM6_raw_24m,natural_breaks,Relative Mortality,ETmax,Low,24,0.00146,29.2,0.9606,0.9947,ns
M5vsM6_raw_24m,natural_breaks,Relative Mortality,GPPsat,Low,24,-0.08663,66.7,0.1621,0.9947,ns
M5vsM6_raw_24m,natural_breaks,Relative Mortality,NEPmax,Low,24,-0.06571,58.3,0.3821,0.9947,ns
M5vsM6_raw_24m,natural_breaks,Relative Mortality,WUE,Low,24,-0.01418,58.3,0.5057,0.9947,ns
M5vsM6_raw_24m,natural_breaks,Relative Mortality,uWUE,Low,24,0.00092,50,0.4041,0.9947,ns
M5vsM6_raw_24m,natural_breaks,Relative Disturbance,ETmax,High,22,0.00087,31.8,0.8183,0.9947,ns
M5vsM6_raw_24m,natural_breaks,Relative Disturbance,GPPsat,High,22,0.10331,45.5,0.6983,0.9947,ns
M5vsM6_raw_24m,natural_breaks,Relative Disturbance,NEPmax,High,22,-0.03167,54.5,0.2085,0.9947,ns
M5vsM6_raw_24m,natural_breaks,Relative Disturbance,WUE,High,22,-0.03499,59.1,0.1571,0.9947,ns
M5vsM6_raw_24m,natural_breaks,Relative Disturbance,uWUE,High,22,0.00309,50,0.4741,0.9947,ns
M5vsM6_raw_24m,natural_breaks,Relative Disturbance,ETmax,Mid,20,0.00123,25,0.9947,0.9947,ns
M5vsM6_raw_24m,natural_breaks,Relative Disturbance,GPPsat,Mid,20,0.11565,40,0.8477,0.9947,ns
M5vsM6_raw_24m,natural_breaks,Relative Disturbance,NEPmax,Mid,20,-0.00461,50,0.5813,0.9947,ns
M5vsM6_raw_24m,natural_breaks,Relative Disturbance,WUE,Mid,20,0.00739,50,0.5813,0.9947,ns
M5vsM6_raw_24m,natural_breaks,Relative Disturbance,uWUE,Mid,20,-0.00473,55,0.6796,0.9947,ns
M5vsM6_raw_24m,natural_breaks,Relative Disturbance,ETmax,Low,23,0.00145,30.4,0.9693,0.9947,ns
M5vsM6_raw_24m,natural_breaks,Relative Disturbance,GPPsat,Low,23,-0.08608,65.2,0.2868,0.9947,ns
M5vsM6_raw_24m,natural_breaks,Relative Disturbance,NEPmax,Low,23,-0.05779,56.5,0.5061,0.9947,ns
M5vsM6_raw_24m,natural_breaks,Relative Disturbance,WUE,Low,23,-0.0097,56.5,0.5902,0.9947,ns
M5vsM6_raw_24m,natural_breaks,Relative Disturbance,uWUE,Low,23,-0.00012,52.2,0.3407,0.9947,ns
M5vsM6_anom_12m,tertiles,Absolute Mortality,ETmax,High,22,0.00084,50,0.6635,0.7509,ns
M5vsM6_anom_12m,tertiles,Absolute Mortality,GPPsat,High,22,-0.5015,68.2,0.07201,0.7304,ns
M5vsM6_anom_12m,tertiles,Absolute Mortality,NEPmax,High,22,-0.76063,68.2,0.02041,0.7304,ns
M5vsM6_anom_12m,tertiles,Absolute Mortality,WUE,High,22,0.00701,45.5,0.6635,0.7509,ns
M5vsM6_anom_12m,tertiles,Absolute Mortality,uWUE,High,22,0.00774,45.5,0.7523,0.7523,ns
M5vsM6_anom_12m,tertiles,Absolute Mortality,ETmax,Mid,21,-0.00162,57.1,0.2891,0.7327,ns
M5vsM6_anom_12m,tertiles,Absolute Mortality,GPPsat,Mid,21,-0.20713,52.4,0.2435,0.7304,ns
M5vsM6_anom_12m,tertiles,Absolute Mortality,NEPmax,Mid,21,-0.71021,61.9,0.4723,0.7327,ns
M5vsM6_anom_12m,tertiles,Absolute Mortality,WUE,Mid,21,-0.01996,52.4,0.4447,0.7327,ns
M5vsM6_anom_12m,tertiles,Absolute Mortality,uWUE,Mid,21,-0.00644,52.4,0.6867,0.7509,ns
M5vsM6_anom_12m,tertiles,Absolute Mortality,ETmax,Low,22,5e-05,50,0.5899,0.7327,ns
M5vsM6_anom_12m,tertiles,Absolute Mortality,GPPsat,Low,22,-0.01263,50,0.5,0.7327,ns
M5vsM6_anom_12m,tertiles,Absolute Mortality,NEPmax,Low,22,-0.19283,54.5,0.2375,0.7304,ns
M5vsM6_anom_12m,tertiles,Absolute Mortality,WUE,Low,22,-0.01874,54.5,0.1571,0.7304,ns
M5vsM6_anom_12m,tertiles,Absolute Mortality,uWUE,Low,22,0.00414,45.5,0.2375,0.7304,ns
M5vsM6_anom_12m,tertiles,Relative Mortality,ETmax,High,22,-0.00098,54.5,0.6025,0.7327,ns
M5vsM6_anom_12m,tertiles,Relative Mortality,GPPsat,High,22,-0.5015,68.2,0.1348,0.7304,ns
M5vsM6_anom_12m,tertiles,Relative Mortality,NEPmax,High,22,-0.55971,59.1,0.08135,0.7304,ns
M5vsM6_anom_12m,tertiles,Relative Mortality,WUE,High,22,-0.02962,54.5,0.4228,0.7327,ns
M5vsM6_anom_12m,tertiles,Relative Mortality,uWUE,High,22,-0.00021,50,0.7205,0.7509,ns
M5vsM6_anom_12m,tertiles,Relative Mortality,ETmax,Mid,21,0.00074,42.9,0.7342,0.7509,ns
M5vsM6_anom_12m,tertiles,Relative Mortality,GPPsat,Mid,21,0.09098,38.1,0.5826,0.7327,ns
M5vsM6_anom_12m,tertiles,Relative Mortality,NEPmax,Mid,21,-0.71021,61.9,0.5139,0.7327,ns
M5vsM6_anom_12m,tertiles,Relative Mortality,WUE,Mid,21,-0.01996,52.4,0.3257,0.7327,ns
M5vsM6_anom_12m,tertiles,Relative Mortality,uWUE,Mid,21,-0.00534,52.4,0.4585,0.7327,ns
M5vsM6_anom_12m,tertiles,Relative Mortality,ETmax,Low,22,-0.00097,59.1,0.3605,0.7327,ns
M5vsM6_anom_12m,tertiles,Relative Mortality,GPPsat,Low,22,-0.17468,63.6,0.1212,0.7304,ns
M5vsM6_anom_12m,tertiles,Relative Mortality,NEPmax,Low,22,-0.53948,63.6,0.04889,0.7304,ns
M5vsM6_anom_12m,tertiles,Relative Mortality,WUE,Low,22,0.00806,45.5,0.5259,0.7327,ns
M5vsM6_anom_12m,tertiles,Relative Mortality,uWUE,Low,22,0.00752,40.9,0.5259,0.7327,ns
M5vsM6_anom_12m,tertiles,Relative Disturbance,ETmax,High,22,-0.00098,54.5,0.5772,0.7327,ns
M5vsM6_anom_12m,tertiles,Relative Disturbance,GPPsat,High,22,-0.62064,68.2,0.1148,0.7304,ns
M5vsM6_anom_12m,tertiles,Relative Disturbance,NEPmax,High,22,-0.55971,59.1,0.09158,0.7304,ns
M5vsM6_anom_12m,tertiles,Relative Disturbance,WUE,High,22,-0.02962,54.5,0.3727,0.7327,ns
M5vsM6_anom_12m,tertiles,Relative Disturbance,uWUE,High,22,-0.00021,50,0.6753,0.7509,ns
M5vsM6_anom_12m,tertiles,Relative Disturbance,ETmax,Mid,21,9e-04,42.9,0.7109,0.7509,ns
M5vsM6_anom_12m,tertiles,Relative Disturbance,GPPsat,Mid,21,0.04194,42.9,0.5826,0.7327,ns
M5vsM6_anom_12m,tertiles,Relative Disturbance,NEPmax,Mid,21,-0.71021,66.7,0.174,0.7304,ns
M5vsM6_anom_12m,tertiles,Relative Disturbance,WUE,Mid,21,-0.01996,52.4,0.3641,0.7327,ns
M5vsM6_anom_12m,tertiles,Relative Disturbance,uWUE,Mid,21,0.00414,47.6,0.5139,0.7327,ns
M5vsM6_anom_12m,tertiles,Relative Disturbance,ETmax,Low,22,-0.00082,59.1,0.3484,0.7327,ns
M5vsM6_anom_12m,tertiles,Relative Disturbance,GPPsat,Low,22,-0.11372,59.1,0.1904,0.7304,ns
M5vsM6_anom_12m,tertiles,Relative Disturbance,NEPmax,Low,22,-0.33757,59.1,0.2276,0.7304,ns
M5vsM6_anom_12m,tertiles,Relative Disturbance,WUE,Low,22,0.00806,45.5,0.5645,0.7327,ns
M5vsM6_anom_12m,tertiles,Relative Disturbance,uWUE,Low,22,0.00752,45.5,0.4612,0.7327,ns
M5vsM6_anom_12m,equal_width,Absolute Mortality,ETmax,Mid,21,-5e-04,52.4,0.569,0.6829,ns
M5vsM6_anom_12m,equal_width,Absolute Mortality,GPPsat,Mid,21,-0.74343,71.4,0.0258,0.516,ns
M5vsM6_anom_12m,equal_width,Absolute Mortality,NEPmax,Mid,21,-0.76617,71.4,0.01699,0.516,ns
M5vsM6_anom_12m,equal_width,Absolute Mortality,WUE,Mid,21,-0.01185,52.4,0.4585,0.6563,ns
M5vsM6_anom_12m,equal_width,Absolute Mortality,uWUE,Mid,21,-0.00534,52.4,0.4447,0.6563,ns
M5vsM6_anom_12m,equal_width,Absolute Mortality,ETmax,Low,41,-0.00067,53.7,0.5,0.6563,ns
M5vsM6_anom_12m,equal_width,Absolute Mortality,GPPsat,Low,41,0.00034,48.8,0.4742,0.6563,ns
M5vsM6_anom_12m,equal_width,Absolute Mortality,NEPmax,Low,41,-0.26943,58.5,0.238,0.6563,ns
M5vsM6_anom_12m,equal_width,Absolute Mortality,WUE,Low,41,-0.01723,51.2,0.2627,0.6563,ns
M5vsM6_anom_12m,equal_width,Absolute Mortality,uWUE,Low,41,0.00415,46.3,0.4587,0.6563,ns
M5vsM6_anom_12m,equal_width,Absolute Mortality,ETmax,High,3,0.00249,33.3,,,""
M5vsM6_anom_12m,equal_width,Absolute Mortality,GPPsat,High,3,-0.28402,66.7,,,""
M5vsM6_anom_12m,equal_width,Absolute Mortality,NEPmax,High,3,0.24994,33.3,,,""
M5vsM6_anom_12m,equal_width,Absolute Mortality,WUE,High,3,0.06344,33.3,,,""
M5vsM6_anom_12m,equal_width,Absolute Mortality,uWUE,High,3,0.0623,33.3,,,""
M5vsM6_anom_12m,equal_width,Relative Mortality,ETmax,Mid,26,-0.00038,50,0.5805,0.6829,ns
M5vsM6_anom_12m,equal_width,Relative Mortality,GPPsat,Mid,26,-0.31826,53.8,0.1374,0.6563,ns
M5vsM6_anom_12m,equal_width,Relative Mortality,NEPmax,Mid,26,-0.74106,65.4,0.1114,0.6563,ns
M5vsM6_anom_12m,equal_width,Relative Mortality,WUE,Mid,26,-0.03105,57.7,0.2155,0.6563,ns
M5vsM6_anom_12m,equal_width,Relative Mortality,uWUE,Mid,26,-0.03298,61.5,0.2882,0.6563,ns
M5vsM6_anom_12m,equal_width,Relative Mortality,ETmax,Low,32,-0.00082,56.2,0.3931,0.6563,ns
M5vsM6_anom_12m,equal_width,Relative Mortality,GPPsat,Low,32,-0.11372,56.2,0.2027,0.6563,ns
M5vsM6_anom_12m,equal_width,Relative Mortality,NEPmax,Low,32,-0.53948,62.5,0.1103,0.6563,ns
M5vsM6_anom_12m,equal_width,Relative Mortality,WUE,Low,32,0.00305,46.9,0.4222,0.6563,ns
M5vsM6_anom_12m,equal_width,Relative Mortality,uWUE,Low,32,0.01419,40.6,0.6212,0.6975,ns
M5vsM6_anom_12m,equal_width,Relative Mortality,ETmax,High,7,0.00249,42.9,0.8237,0.8449,ns
M5vsM6_anom_12m,equal_width,Relative Mortality,GPPsat,High,7,-0.28402,71.4,0.4663,0.6563,ns
M5vsM6_anom_12m,equal_width,Relative Mortality,NEPmax,High,7,0.22386,42.9,0.3999,0.6563,ns
M5vsM6_anom_12m,equal_width,Relative Mortality,WUE,High,7,0.01271,42.9,0.7229,0.761,ns
M5vsM6_anom_12m,equal_width,Relative Mortality,uWUE,High,7,0.01325,28.6,0.9246,0.9246,ns
M5vsM6_anom_12m,equal_width,Relative Disturbance,ETmax,Mid,27,0.00069,48.1,0.6452,0.6975,ns
M5vsM6_anom_12m,equal_width,Relative Disturbance,GPPsat,Mid,27,-0.0546,51.9,0.2781,0.6563,ns
M5vsM6_anom_12m,equal_width,Relative Disturbance,NEPmax,Mid,27,-0.67325,66.7,0.1594,0.6563,ns
M5vsM6_anom_12m,equal_width,Relative Disturbance,WUE,Mid,27,-0.01185,51.9,0.3638,0.6563,ns
M5vsM6_anom_12m,equal_width,Relative Disturbance,uWUE,Mid,27,0.00223,48.1,0.5526,0.6829,ns
M5vsM6_anom_12m,equal_width,Relative Disturbance,ETmax,High,9,-5e-04,55.6,0.3611,0.6563,ns
M5vsM6_anom_12m,equal_width,Relative Disturbance,GPPsat,High,9,-0.5513,77.8,0.1716,0.6563,ns
M5vsM6_anom_12m,equal_width,Relative Disturbance,NEPmax,High,9,-1.75392,55.6,0.07757,0.6563,ns
M5vsM6_anom_12m,equal_width,Relative Disturbance,WUE,High,9,-0.04739,55.6,0.5,0.6563,ns
M5vsM6_anom_12m,equal_width,Relative Disturbance,uWUE,High,9,-0.00265,55.6,0.6389,0.6975,ns
M5vsM6_anom_12m,equal_width,Relative Disturbance,ETmax,Low,29,-0.00067,55.2,0.4828,0.6563,ns
M5vsM6_anom_12m,equal_width,Relative Disturbance,GPPsat,Low,29,-0.05838,55.2,0.2513,0.6563,ns
M5vsM6_anom_12m,equal_width,Relative Disturbance,NEPmax,Low,29,-0.4057,58.6,0.1762,0.6563,ns
M5vsM6_anom_12m,equal_width,Relative Disturbance,WUE,Low,29,0.0016,48.3,0.3728,0.6563,ns
M5vsM6_anom_12m,equal_width,Relative Disturbance,uWUE,Low,29,0.00415,44.8,0.5086,0.6563,ns
M5vsM6_anom_12m,natural_breaks,Absolute Mortality,ETmax,High,14,-0.00098,57.1,0.5,0.7051,ns
M5vsM6_anom_12m,natural_breaks,Absolute Mortality,GPPsat,High,14,-0.36786,71.4,0.1732,0.7051,ns
M5vsM6_anom_12m,natural_breaks,Absolute Mortality,NEPmax,High,14,-1.28227,64.3,0.01641,0.7051,ns
M5vsM6_anom_12m,natural_breaks,Absolute Mortality,WUE,High,14,0.00043,50,0.6468,0.7412,ns
M5vsM6_anom_12m,natural_breaks,Absolute Mortality,uWUE,High,14,0.00774,42.9,0.7744,0.7835,ns
M5vsM6_anom_12m,natural_breaks,Absolute Mortality,ETmax,Mid,32,-0.00081,53.1,0.4516,0.7051,ns
M5vsM6_anom_12m,natural_breaks,Absolute Mortality,GPPsat,Mid,32,-0.52231,56.2,0.05289,0.7051,ns
M5vsM6_anom_12m,natural_breaks,Absolute Mortality,NEPmax,Mid,32,-0.71308,65.6,0.1822,0.7051,ns
M5vsM6_anom_12m,natural_breaks,Absolute Mortality,WUE,Mid,32,0.00291,46.9,0.4739,0.7051,ns
M5vsM6_anom_12m,natural_breaks,Absolute Mortality,uWUE,Mid,32,-0.00589,53.1,0.4963,0.7051,ns
M5vsM6_anom_12m,natural_breaks,Absolute Mortality,ETmax,Low,19,0.00093,47.4,0.6637,0.7412,ns
M5vsM6_anom_12m,natural_breaks,Absolute Mortality,GPPsat,Low,19,0.08153,47.4,0.7467,0.7814,ns
M5vsM6_anom_12m,natural_breaks,Absolute Mortality,NEPmax,Low,19,-0.11623,52.6,0.4124,0.7051,ns
M5vsM6_anom_12m,natural_breaks,Absolute Mortality,WUE,Low,19,-0.02025,57.9,0.1176,0.7051,ns
M5vsM6_anom_12m,natural_breaks,Absolute Mortality,uWUE,Low,19,0.00415,42.1,0.4124,0.7051,ns
M5vsM6_anom_12m,natural_breaks,Relative Mortality,ETmax,High,23,-5e-04,52.2,0.602,0.7322,ns
M5vsM6_anom_12m,natural_breaks,Relative Mortality,GPPsat,High,23,-0.4517,65.2,0.127,0.7051,ns
M5vsM6_anom_12m,natural_breaks,Relative Mortality,NEPmax,High,23,-0.36433,56.5,0.09291,0.7051,ns
M5vsM6_anom_12m,natural_breaks,Relative Mortality,WUE,High,23,-0.04739,56.5,0.3519,0.7051,ns
M5vsM6_anom_12m,natural_breaks,Relative Mortality,uWUE,High,23,-0.00265,52.2,0.6593,0.7412,ns
M5vsM6_anom_12m,natural_breaks,Relative Mortality,ETmax,Mid,18,0.00112,44.4,0.7835,0.7835,ns
M5vsM6_anom_12m,natural_breaks,Relative Mortality,GPPsat,Mid,18,0.1725,38.9,0.552,0.7097,ns
M5vsM6_anom_12m,natural_breaks,Relative Mortality,NEPmax,Mid,18,-0.74106,72.2,0.2568,0.7051,ns
M5vsM6_anom_12m,natural_breaks,Relative Mortality,WUE,Mid,18,-0.00773,50,0.4138,0.7051,ns
M5vsM6_anom_12m,natural_breaks,Relative Mortality,uWUE,Mid,18,0.00449,50,0.5,0.7051,ns
M5vsM6_anom_12m,natural_breaks,Relative Mortality,ETmax,Low,24,-0.00097,58.3,0.3085,0.7051,ns
M5vsM6_anom_12m,natural_breaks,Relative Mortality,GPPsat,Low,24,-0.17468,62.5,0.107,0.7051,ns
M5vsM6_anom_12m,natural_breaks,Relative Mortality,NEPmax,Low,24,-0.33757,58.3,0.2077,0.7051,ns
M5vsM6_anom_12m,natural_breaks,Relative Mortality,WUE,Low,24,0.00806,45.8,0.5171,0.7051,ns
M5vsM6_anom_12m,natural_breaks,Relative Mortality,uWUE,Low,24,0.00752,41.7,0.5512,0.7097,ns
M5vsM6_anom_12m,natural_breaks,Relative Disturbance,ETmax,High,22,-0.00098,54.5,0.5772,0.7215,ns
M5vsM6_anom_12m,natural_breaks,Relative Disturbance,GPPsat,High,22,-0.62064,68.2,0.1148,0.7051,ns
M5vsM6_anom_12m,natural_breaks,Relative Disturbance,NEPmax,High,22,-0.55971,59.1,0.09158,0.7051,ns
M5vsM6_anom_12m,natural_breaks,Relative Disturbance,WUE,High,22,-0.02962,54.5,0.3727,0.7051,ns
M5vsM6_anom_12m,natural_breaks,Relative Disturbance,uWUE,High,22,-0.00021,50,0.6753,0.7412,ns
M5vsM6_anom_12m,natural_breaks,Relative Disturbance,ETmax,Mid,20,0.00082,45,0.7059,0.7563,ns
M5vsM6_anom_12m,natural_breaks,Relative Disturbance,GPPsat,Mid,20,0.02114,45,0.4926,0.7051,ns
M5vsM6_anom_12m,natural_breaks,Relative Disturbance,NEPmax,Mid,20,-0.71308,70,0.1706,0.7051,ns
M5vsM6_anom_12m,natural_breaks,Relative Disturbance,WUE,Mid,20,-0.00773,50,0.448,0.7051,ns
M5vsM6_anom_12m,natural_breaks,Relative Disturbance,uWUE,Mid,20,0.00449,50,0.5074,0.7051,ns
M5vsM6_anom_12m,natural_breaks,Relative Disturbance,ETmax,Low,23,-0.00067,56.5,0.3633,0.7051,ns
M5vsM6_anom_12m,natural_breaks,Relative Disturbance,GPPsat,Low,23,-0.05838,56.5,0.2665,0.7051,ns
M5vsM6_anom_12m,natural_breaks,Relative Disturbance,NEPmax,Low,23,-0.26943,56.5,0.2566,0.7051,ns
M5vsM6_anom_12m,natural_breaks,Relative Disturbance,WUE,Low,23,0.0016,47.8,0.4576,0.7051,ns
M5vsM6_anom_12m,natural_breaks,Relative Disturbance,uWUE,Low,23,0.00415,43.5,0.4818,0.7051,ns
M5vsM6_anom_24m,tertiles,Absolute Mortality,ETmax,High,22,0.00253,36.4,0.9084,0.9084,ns
M5vsM6_anom_24m,tertiles,Absolute Mortality,GPPsat,High,22,-0.31474,59.1,0.1027,0.5742,ns
M5vsM6_anom_24m,tertiles,Absolute Mortality,NEPmax,High,22,-0.83174,63.6,0.05226,0.5742,ns
M5vsM6_anom_24m,tertiles,Absolute Mortality,WUE,High,22,-0.01645,54.5,0.3484,0.656,ns
M5vsM6_anom_24m,tertiles,Absolute Mortality,uWUE,High,22,-0.02051,54.5,0.4871,0.6801,ns
M5vsM6_anom_24m,tertiles,Absolute Mortality,ETmax,Mid,21,-0.00102,61.9,0.4723,0.6801,ns
M5vsM6_anom_24m,tertiles,Absolute Mortality,GPPsat,Mid,21,-0.22499,57.1,0.2021,0.6496,ns
M5vsM6_anom_24m,tertiles,Absolute Mortality,NEPmax,Mid,21,-0.25831,57.1,0.3905,0.656,ns
M5vsM6_anom_24m,tertiles,Absolute Mortality,WUE,Mid,21,-0.05562,57.1,0.5,0.6801,ns
M5vsM6_anom_24m,tertiles,Absolute Mortality,uWUE,Mid,21,0.00303,42.9,0.6989,0.7863,ns
M5vsM6_anom_24m,tertiles,Absolute Mortality,ETmax,Low,22,9e-05,50,0.6516,0.7518,ns
M5vsM6_anom_24m,tertiles,Absolute Mortality,GPPsat,Low,22,-0.14821,59.1,0.4228,0.656,ns
M5vsM6_anom_24m,tertiles,Absolute Mortality,NEPmax,Low,22,-0.62176,68.2,0.05583,0.5742,ns
M5vsM6_anom_24m,tertiles,Absolute Mortality,WUE,Low,22,-0.0416,59.1,0.1494,0.6113,ns
M5vsM6_anom_24m,tertiles,Absolute Mortality,uWUE,Low,22,0.00375,45.5,0.3247,0.656,ns
M5vsM6_anom_24m,tertiles,Relative Mortality,ETmax,High,22,0.00253,40.9,0.858,0.8775,ns
M5vsM6_anom_24m,tertiles,Relative Mortality,GPPsat,High,22,-0.31474,63.6,0.1148,0.5742,ns
M5vsM6_anom_24m,tertiles,Relative Mortality,NEPmax,High,22,-0.83174,59.1,0.09158,0.5742,ns
M5vsM6_anom_24m,tertiles,Relative Mortality,WUE,High,22,-0.03835,59.1,0.2276,0.656,ns
M5vsM6_anom_24m,tertiles,Relative Mortality,uWUE,High,22,-0.02051,54.5,0.4228,0.656,ns
M5vsM6_anom_24m,tertiles,Relative Mortality,ETmax,Mid,21,0.00173,47.6,0.8169,0.8549,ns
M5vsM6_anom_24m,tertiles,Relative Mortality,GPPsat,Mid,21,0.24435,42.9,0.6359,0.7518,ns
M5vsM6_anom_24m,tertiles,Relative Mortality,NEPmax,Mid,21,-0.10866,57.1,0.4039,0.656,ns
M5vsM6_anom_24m,tertiles,Relative Mortality,WUE,Mid,21,-0.01296,57.1,0.4039,0.656,ns
M5vsM6_anom_24m,tertiles,Relative Mortality,uWUE,Mid,21,0.00303,47.6,0.5139,0.6801,ns
M5vsM6_anom_24m,tertiles,Relative Mortality,ETmax,Low,22,-0.00209,59.1,0.3851,0.656,ns
M5vsM6_anom_24m,tertiles,Relative Mortality,GPPsat,Low,22,-0.3225,68.2,0.06766,0.5742,ns
M5vsM6_anom_24m,tertiles,Relative Mortality,NEPmax,Low,22,-0.72248,72.7,0.01254,0.5644,ns
M5vsM6_anom_24m,tertiles,Relative Mortality,WUE,Low,22,-0.0225,54.5,0.3365,0.656,ns
M5vsM6_anom_24m,tertiles,Relative Mortality,uWUE,Low,22,0.00375,40.9,0.5517,0.6896,ns
M5vsM6_anom_24m,tertiles,Relative Disturbance,ETmax,High,22,0.00218,40.9,0.8007,0.8549,ns
M5vsM6_anom_24m,tertiles,Relative Disturbance,GPPsat,High,22,-0.31474,63.6,0.1148,0.5742,ns
M5vsM6_anom_24m,tertiles,Relative Disturbance,NEPmax,High,22,-0.68597,54.5,0.1817,0.6496,ns
M5vsM6_anom_24m,tertiles,Relative Disturbance,WUE,High,22,-0.03835,59.1,0.1904,0.6496,ns
M5vsM6_anom_24m,tertiles,Relative Disturbance,uWUE,High,22,-0.02051,54.5,0.3484,0.656,ns
M5vsM6_anom_24m,tertiles,Relative Disturbance,ETmax,Mid,21,-2e-05,52.4,0.7565,0.8303,ns
M5vsM6_anom_24m,tertiles,Relative Disturbance,GPPsat,Mid,21,-0.22499,52.4,0.3511,0.656,ns
M5vsM6_anom_24m,tertiles,Relative Disturbance,NEPmax,Mid,21,-0.73728,66.7,0.04112,0.5742,ns
M5vsM6_anom_24m,tertiles,Relative Disturbance,WUE,Mid,21,-0.01296,57.1,0.4039,0.656,ns
M5vsM6_anom_24m,tertiles,Relative Disturbance,uWUE,Mid,21,0.00303,47.6,0.6359,0.7518,ns
M5vsM6_anom_24m,tertiles,Relative Disturbance,ETmax,Low,22,-0.00153,54.5,0.5517,0.6896,ns
M5vsM6_anom_24m,tertiles,Relative Disturbance,GPPsat,Low,22,-0.14821,59.1,0.2375,0.656,ns
M5vsM6_anom_24m,tertiles,Relative Disturbance,NEPmax,Low,22,-0.53387,68.2,0.1348,0.6067,ns
M5vsM6_anom_24m,tertiles,Relative Disturbance,WUE,Low,22,-0.0225,54.5,0.3605,0.656,ns
M5vsM6_anom_24m,tertiles,Relative Disturbance,uWUE,Low,22,0.00375,40.9,0.4483,0.6725,ns
M5vsM6_anom_24m,equal_width,Absolute Mortality,ETmax,Mid,21,0.00233,33.3,0.9008,0.9088,ns
M5vsM6_anom_24m,equal_width,Absolute Mortality,GPPsat,Mid,21,-0.44624,66.7,0.03535,0.4432,ns
M5vsM6_anom_24m,equal_width,Absolute Mortality,NEPmax,Mid,21,-0.81145,66.7,0.02379,0.4432,ns
M5vsM6_anom_24m,equal_width,Absolute Mortality,WUE,Mid,21,-0.03262,61.9,0.1924,0.5887,ns
M5vsM6_anom_24m,equal_width,Absolute Mortality,uWUE,Mid,21,-0.04918,61.9,0.2773,0.5887,ns
M5vsM6_anom_24m,equal_width,Absolute Mortality,ETmax,Low,41,-0.00026,56.1,0.627,0.7168,ns
M5vsM6_anom_24m,equal_width,Absolute Mortality,GPPsat,Low,41,-0.12624,56.1,0.3021,0.5887,ns
M5vsM6_anom_24m,equal_width,Absolute Mortality,NEPmax,Low,41,-0.53646,63.4,0.09099,0.4549,ns
M5vsM6_anom_24m,equal_width,Absolute Mortality,WUE,Low,41,-0.03943,56.1,0.3021,0.5887,ns
M5vsM6_anom_24m,equal_width,Absolute Mortality,uWUE,Low,41,0.00503,41.5,0.6221,0.7168,ns
M5vsM6_anom_24m,equal_width,Absolute Mortality,ETmax,High,3,-0.00114,66.7,,,""
M5vsM6_anom_24m,equal_width,Absolute Mortality,GPPsat,High,3,0.02477,33.3,,,""
M5vsM6_anom_24m,equal_width,Absolute Mortality,NEPmax,High,3,1.01116,33.3,,,""
M5vsM6_anom_24m,equal_width,Absolute Mortality,WUE,High,3,0.01442,33.3,,,""
M5vsM6_anom_24m,equal_width,Absolute Mortality,uWUE,High,3,0.02555,33.3,,,""
M5vsM6_anom_24m,equal_width,Relative Mortality,ETmax,Mid,26,0.0025,42.3,0.8979,0.9088,ns
M5vsM6_anom_24m,equal_width,Relative Mortality,GPPsat,Mid,26,-0.5253,69.2,0.07036,0.4432,ns
M5vsM6_anom_24m,equal_width,Relative Mortality,NEPmax,Mid,26,-0.91125,65.4,0.05767,0.4432,ns
M5vsM6_anom_24m,equal_width,Relative Mortality,WUE,Mid,26,-0.02627,61.5,0.2464,0.5887,ns
M5vsM6_anom_24m,equal_width,Relative Mortality,uWUE,Mid,26,-0.01747,53.8,0.3238,0.5887,ns
M5vsM6_anom_24m,equal_width,Relative Mortality,ETmax,Low,32,-0.00156,56.2,0.5037,0.7168,ns
M5vsM6_anom_24m,equal_width,Relative Mortality,GPPsat,Low,32,-0.14821,56.2,0.2594,0.5887,ns
M5vsM6_anom_24m,equal_width,Relative Mortality,NEPmax,Low,32,-0.53387,65.6,0.04185,0.4432,ns
M5vsM6_anom_24m,equal_width,Relative Mortality,WUE,Low,32,-0.0225,53.1,0.386,0.6407,ns
M5vsM6_anom_24m,equal_width,Relative Mortality,uWUE,Low,32,0.00375,43.8,0.5631,0.7168,ns
M5vsM6_anom_24m,equal_width,Relative Mortality,ETmax,High,7,0.00091,42.9,0.6001,0.7168,ns
M5vsM6_anom_24m,equal_width,Relative Mortality,GPPsat,High,7,0.02561,28.6,0.7766,0.8395,ns
M5vsM6_anom_24m,equal_width,Relative Mortality,NEPmax,High,7,0.74355,42.9,0.7766,0.8395,ns
M5vsM6_anom_24m,equal_width,Relative Mortality,WUE,High,7,-0.08092,57.1,0.1763,0.5887,ns
M5vsM6_anom_24m,equal_width,Relative Mortality,uWUE,High,7,0.01022,42.9,0.6001,0.7168,ns
M5vsM6_anom_24m,equal_width,Relative Disturbance,ETmax,Mid,27,0.00203,44.4,0.9088,0.9088,ns
M5vsM6_anom_24m,equal_width,Relative Disturbance,GPPsat,Mid,27,-0.28549,63,0.1536,0.5887,ns
M5vsM6_anom_24m,equal_width,Relative Disturbance,NEPmax,Mid,27,-0.70706,63,0.1172,0.5208,ns
M5vsM6_anom_24m,equal_width,Relative Disturbance,WUE,Mid,27,-0.01296,55.6,0.4004,0.6407,ns
M5vsM6_anom_24m,equal_width,Relative Disturbance,uWUE,Mid,27,0.00303,48.1,0.6088,0.7168,ns
M5vsM6_anom_24m,equal_width,Relative Disturbance,ETmax,High,9,-0.00114,55.6,0.4528,0.6967,ns
M5vsM6_anom_24m,equal_width,Relative Disturbance,GPPsat,High,9,-0.34399,55.6,0.2386,0.5887,ns
M5vsM6_anom_24m,equal_width,Relative Disturbance,NEPmax,High,9,-0.99144,55.6,0.2768,0.5887,ns
M5vsM6_anom_24m,equal_width,Relative Disturbance,WUE,High,9,-0.08092,66.7,0.07757,0.4432,ns
M5vsM6_anom_24m,equal_width,Relative Disturbance,uWUE,High,9,-0.04409,55.6,0.2768,0.5887,ns
M5vsM6_anom_24m,equal_width,Relative Disturbance,ETmax,Low,29,-0.00102,51.7,0.6272,0.7168,ns
M5vsM6_anom_24m,equal_width,Relative Disturbance,GPPsat,Low,29,-0.12624,55.2,0.3171,0.5887,ns
M5vsM6_anom_24m,equal_width,Relative Disturbance,NEPmax,Low,29,-0.53646,65.5,0.05479,0.4432,ns
M5vsM6_anom_24m,equal_width,Relative Disturbance,WUE,Low,29,-0.03943,55.2,0.3486,0.6062,ns
M5vsM6_anom_24m,equal_width,Relative Disturbance,uWUE,Low,29,0.00199,44.8,0.4828,0.7152,ns
M5vsM6_anom_24m,natural_breaks,Absolute Mortality,ETmax,High,14,0.00162,42.9,0.7551,0.8189,ns
M5vsM6_anom_24m,natural_breaks,Absolute Mortality,GPPsat,High,14,-0.31474,57.1,0.1732,0.5354,ns
M5vsM6_anom_24m,natural_breaks,Absolute Mortality,NEPmax,High,14,-1.10447,64.3,0.05132,0.5354,ns
M5vsM6_anom_24m,natural_breaks,Absolute Mortality,WUE,High,14,-0.04753,57.1,0.2256,0.5739,ns
M5vsM6_anom_24m,natural_breaks,Absolute Mortality,uWUE,High,14,-0.03633,57.1,0.3532,0.6623,ns
M5vsM6_anom_24m,natural_breaks,Absolute Mortality,ETmax,Mid,32,-4e-05,53.1,0.6493,0.7896,ns
M5vsM6_anom_24m,natural_breaks,Absolute Mortality,GPPsat,Mid,32,-0.57017,62.5,0.04711,0.5354,ns
M5vsM6_anom_24m,natural_breaks,Absolute Mortality,NEPmax,Mid,32,-0.64889,62.5,0.1068,0.5354,ns
M5vsM6_anom_24m,natural_breaks,Absolute Mortality,WUE,Mid,32,-0.01024,53.1,0.5996,0.771,ns
M5vsM6_anom_24m,natural_breaks,Absolute Mortality,uWUE,Mid,32,0.0025,46.9,0.5484,0.7533,ns
M5vsM6_anom_24m,natural_breaks,Absolute Mortality,ETmax,Low,19,0.00141,47.4,0.7594,0.8189,ns
M5vsM6_anom_24m,natural_breaks,Absolute Mortality,GPPsat,Low,19,-0.12291,52.6,0.7336,0.8189,ns
M5vsM6_anom_24m,natural_breaks,Absolute Mortality,NEPmax,Low,19,-0.53129,63.2,0.1621,0.5354,ns
M5vsM6_anom_24m,natural_breaks,Absolute Mortality,WUE,Low,19,-0.04378,63.2,0.08881,0.5354,ns
M5vsM6_anom_24m,natural_breaks,Absolute Mortality,uWUE,Low,19,0.00551,42.1,0.556,0.7533,ns
M5vsM6_anom_24m,natural_breaks,Relative Mortality,ETmax,High,23,0.00233,43.5,0.853,0.853,ns
M5vsM6_anom_24m,natural_breaks,Relative Mortality,GPPsat,High,23,-0.34399,65.2,0.09291,0.5354,ns
M5vsM6_anom_24m,natural_breaks,Relative Mortality,NEPmax,High,23,-0.85204,60.9,0.07427,0.5354,ns
M5vsM6_anom_24m,natural_breaks,Relative Mortality,WUE,High,23,-0.04408,60.9,0.1615,0.5354,ns
M5vsM6_anom_24m,natural_breaks,Relative Mortality,uWUE,High,23,-0.02856,56.5,0.3296,0.6623,ns
M5vsM6_anom_24m,natural_breaks,Relative Mortality,ETmax,Mid,18,0.00178,44.4,0.7705,0.8189,ns
M5vsM6_anom_24m,natural_breaks,Relative Mortality,GPPsat,Mid,18,0.1918,44.4,0.5691,0.7533,ns
M5vsM6_anom_24m,natural_breaks,Relative Mortality,NEPmax,Mid,18,-0.18349,61.1,0.2295,0.5739,ns
M5vsM6_anom_24m,natural_breaks,Relative Mortality,WUE,Mid,18,-0.01024,55.6,0.448,0.7141,ns
M5vsM6_anom_24m,natural_breaks,Relative Mortality,uWUE,Mid,18,0.00403,44.4,0.6684,0.7915,ns
M5vsM6_anom_24m,natural_breaks,Relative Mortality,ETmax,Low,24,-0.00156,58.3,0.4602,0.7141,ns
M5vsM6_anom_24m,natural_breaks,Relative Mortality,GPPsat,Low,24,-0.19988,62.5,0.1485,0.5354,ns
M5vsM6_anom_24m,natural_breaks,Relative Mortality,NEPmax,Low,24,-0.62176,66.7,0.07864,0.5354,ns
M5vsM6_anom_24m,natural_breaks,Relative Mortality,WUE,Low,24,-0.0225,54.2,0.3712,0.6682,ns
M5vsM6_anom_24m,natural_breaks,Relative Mortality,uWUE,Low,24,0.00375,41.7,0.5512,0.7533,ns
M5vsM6_anom_24m,natural_breaks,Relative Disturbance,ETmax,High,22,0.00218,40.9,0.8007,0.8189,ns
M5vsM6_anom_24m,natural_breaks,Relative Disturbance,GPPsat,High,22,-0.31474,63.6,0.1148,0.5354,ns
M5vsM6_anom_24m,natural_breaks,Relative Disturbance,NEPmax,High,22,-0.68597,54.5,0.1817,0.5354,ns
M5vsM6_anom_24m,natural_breaks,Relative Disturbance,WUE,High,22,-0.03835,59.1,0.1904,0.5354,ns
M5vsM6_anom_24m,natural_breaks,Relative Disturbance,uWUE,High,22,-0.02051,54.5,0.3484,0.6623,ns
M5vsM6_anom_24m,natural_breaks,Relative Disturbance,ETmax,Mid,20,0.00085,50,0.7995,0.8189,ns
M5vsM6_anom_24m,natural_breaks,Relative Disturbance,GPPsat,Mid,20,-0.34395,55,0.269,0.637,ns
M5vsM6_anom_24m,natural_breaks,Relative Disturbance,NEPmax,Mid,20,-0.74621,70,0.03809,0.5354,ns
M5vsM6_anom_24m,natural_breaks,Relative Disturbance,WUE,Mid,20,-0.01024,55,0.448,0.7141,ns
M5vsM6_anom_24m,natural_breaks,Relative Disturbance,uWUE,Mid,20,0.00403,45,0.6386,0.7896,ns
M5vsM6_anom_24m,natural_breaks,Relative Disturbance,ETmax,Low,23,-0.00205,56.5,0.5061,0.7533,ns
M5vsM6_anom_24m,natural_breaks,Relative Disturbance,GPPsat,Low,23,-0.12624,56.5,0.3079,0.6598,ns
M5vsM6_anom_24m,natural_breaks,Relative Disturbance,NEPmax,Low,23,-0.53129,65.2,0.1335,0.5354,ns
M5vsM6_anom_24m,natural_breaks,Relative Disturbance,WUE,Low,23,-0.03943,56.5,0.2868,0.6454,ns
M5vsM6_anom_24m,natural_breaks,Relative Disturbance,uWUE,Low,23,0.00199,43.5,0.4456,0.7141,ns
M7vsM8_raw_12m,tertiles,Absolute Mortality,ETmax,High,22,0.00102,40.9,0.6869,0.9614,ns
M7vsM8_raw_12m,tertiles,Absolute Mortality,GPPsat,High,22,0.12178,40.9,0.8183,0.9614,ns
M7vsM8_raw_12m,tertiles,Absolute Mortality,NEPmax,High,22,-0.04868,54.5,0.1212,0.8529,ns
M7vsM8_raw_12m,tertiles,Absolute Mortality,WUE,High,22,0.00299,50,0.6395,0.9614,ns
M7vsM8_raw_12m,tertiles,Absolute Mortality,uWUE,High,22,0.01599,45.5,0.6869,0.9614,ns
M7vsM8_raw_12m,tertiles,Absolute Mortality,ETmax,Mid,21,0.00045,42.9,0.8881,0.9614,ns
M7vsM8_raw_12m,tertiles,Absolute Mortality,GPPsat,Mid,21,-0.10528,52.4,0.5553,0.9614,ns
M7vsM8_raw_12m,tertiles,Absolute Mortality,NEPmax,Mid,21,-0.1561,52.4,0.2545,0.9052,ns
M7vsM8_raw_12m,tertiles,Absolute Mortality,WUE,Mid,21,0.0144,47.6,0.6989,0.9614,ns
M7vsM8_raw_12m,tertiles,Absolute Mortality,uWUE,Mid,21,0.02626,23.8,0.8813,0.9614,ns
M7vsM8_raw_12m,tertiles,Absolute Mortality,ETmax,Low,22,0.00085,40.9,0.9511,0.9727,ns
M7vsM8_raw_12m,tertiles,Absolute Mortality,GPPsat,Low,22,-0.03196,54.5,0.2795,0.9052,ns
M7vsM8_raw_12m,tertiles,Absolute Mortality,NEPmax,Low,22,-0.14613,63.6,0.1348,0.8529,ns
M7vsM8_raw_12m,tertiles,Absolute Mortality,WUE,Low,22,-0.02808,63.6,0.2085,0.8529,ns
M7vsM8_raw_12m,tertiles,Absolute Mortality,uWUE,Low,22,0.01091,45.5,0.5772,0.9614,ns
M7vsM8_raw_12m,tertiles,Relative Mortality,ETmax,High,22,0.00123,31.8,0.8652,0.9614,ns
M7vsM8_raw_12m,tertiles,Relative Mortality,GPPsat,High,22,0.07707,45.5,0.6635,0.9614,ns
M7vsM8_raw_12m,tertiles,Relative Mortality,NEPmax,High,22,-0.00276,50,0.1087,0.8529,ns
M7vsM8_raw_12m,tertiles,Relative Mortality,WUE,High,22,-0.01171,59.1,0.4355,0.9614,ns
M7vsM8_raw_12m,tertiles,Relative Mortality,uWUE,High,22,0.0112,45.5,0.6273,0.9614,ns
M7vsM8_raw_12m,tertiles,Relative Mortality,ETmax,Mid,21,0.00162,42.9,0.8813,0.9614,ns
M7vsM8_raw_12m,tertiles,Relative Mortality,GPPsat,Mid,21,0.13552,42.9,0.9229,0.9659,ns
M7vsM8_raw_12m,tertiles,Relative Mortality,NEPmax,Mid,21,-0.134,61.9,0.1924,0.8529,ns
M7vsM8_raw_12m,tertiles,Relative Mortality,WUE,Mid,21,0.01503,42.9,0.7227,0.9614,ns
M7vsM8_raw_12m,tertiles,Relative Mortality,uWUE,Mid,21,0.01486,33.3,0.6867,0.9614,ns
M7vsM8_raw_12m,tertiles,Relative Mortality,ETmax,Low,22,-2e-05,50,0.8096,0.9614,ns
M7vsM8_raw_12m,tertiles,Relative Mortality,GPPsat,Low,22,-0.06927,59.1,0.08635,0.8529,ns
M7vsM8_raw_12m,tertiles,Relative Mortality,NEPmax,Low,22,-0.14613,59.1,0.1904,0.8529,ns
M7vsM8_raw_12m,tertiles,Relative Mortality,WUE,Low,22,-0.02258,59.1,0.3017,0.9052,ns
M7vsM8_raw_12m,tertiles,Relative Mortality,uWUE,Low,22,0.02123,36.4,0.8973,0.9614,ns
M7vsM8_raw_12m,tertiles,Relative Disturbance,ETmax,High,22,0.00102,36.4,0.7095,0.9614,ns
M7vsM8_raw_12m,tertiles,Relative Disturbance,GPPsat,High,22,0.07707,45.5,0.6273,0.9614,ns
M7vsM8_raw_12m,tertiles,Relative Disturbance,NEPmax,High,22,-0.00276,50,0.165,0.8529,ns
M7vsM8_raw_12m,tertiles,Relative Disturbance,WUE,High,22,-0.01171,63.6,0.2905,0.9052,ns
M7vsM8_raw_12m,tertiles,Relative Disturbance,uWUE,High,22,0.0112,45.5,0.5772,0.9614,ns
M7vsM8_raw_12m,tertiles,Relative Disturbance,ETmax,Mid,21,0.00173,33.3,0.9881,0.9881,ns
M7vsM8_raw_12m,tertiles,Relative Disturbance,GPPsat,Mid,21,0.21538,47.6,0.8813,0.9614,ns
M7vsM8_raw_12m,tertiles,Relative Disturbance,NEPmax,Mid,21,-0.1561,61.9,0.1831,0.8529,ns
M7vsM8_raw_12m,tertiles,Relative Disturbance,WUE,Mid,21,0.01503,42.9,0.6228,0.9614,ns
M7vsM8_raw_12m,tertiles,Relative Disturbance,uWUE,Mid,21,0.01486,33.3,0.7979,0.9614,ns
M7vsM8_raw_12m,tertiles,Relative Disturbance,ETmax,Low,22,-0.00017,54.5,0.7313,0.9614,ns
M7vsM8_raw_12m,tertiles,Relative Disturbance,GPPsat,Low,22,-0.03196,54.5,0.1904,0.8529,ns
M7vsM8_raw_12m,tertiles,Relative Disturbance,NEPmax,Low,22,-0.14613,59.1,0.142,0.8529,ns
M7vsM8_raw_12m,tertiles,Relative Disturbance,WUE,Low,22,-0.01284,54.5,0.5,0.9614,ns
M7vsM8_raw_12m,tertiles,Relative Disturbance,uWUE,Low,22,0.02123,36.4,0.835,0.9614,ns
M7vsM8_raw_12m,equal_width,Absolute Mortality,ETmax,Mid,21,0.00098,38.1,0.788,0.9699,ns
M7vsM8_raw_12m,equal_width,Absolute Mortality,GPPsat,Mid,21,0.12062,42.9,0.788,0.9699,ns
M7vsM8_raw_12m,equal_width,Absolute Mortality,NEPmax,Mid,21,-0.03563,52.4,0.212,0.8883,ns
M7vsM8_raw_12m,equal_width,Absolute Mortality,WUE,Mid,21,0.00977,47.6,0.7979,0.9699,ns
M7vsM8_raw_12m,equal_width,Absolute Mortality,uWUE,Mid,21,0.00863,47.6,0.569,0.9699,ns
M7vsM8_raw_12m,equal_width,Absolute Mortality,ETmax,Low,41,0.00078,43.9,0.9621,0.9699,ns
M7vsM8_raw_12m,equal_width,Absolute Mortality,GPPsat,Low,41,-0.04874,53.7,0.3535,0.9699,ns
M7vsM8_raw_12m,equal_width,Absolute Mortality,NEPmax,Low,41,-0.1561,58.5,0.1244,0.7769,ns
M7vsM8_raw_12m,equal_width,Absolute Mortality,WUE,Low,41,-0.00436,56.1,0.2887,0.8883,ns
M7vsM8_raw_12m,equal_width,Absolute Mortality,uWUE,Low,41,0.01486,36.6,0.8144,0.9699,ns
M7vsM8_raw_12m,equal_width,Absolute Mortality,ETmax,High,3,0.00149,33.3,,,""
M7vsM8_raw_12m,equal_width,Absolute Mortality,GPPsat,High,3,0.25211,33.3,,,""
M7vsM8_raw_12m,equal_width,Absolute Mortality,NEPmax,High,3,-0.87906,66.7,,,""
M7vsM8_raw_12m,equal_width,Absolute Mortality,WUE,High,3,-0.03865,66.7,,,""
M7vsM8_raw_12m,equal_width,Absolute Mortality,uWUE,High,3,0.04055,0,,,""
M7vsM8_raw_12m,equal_width,Relative Mortality,ETmax,Mid,26,0.00035,42.3,0.6294,0.9699,ns
M7vsM8_raw_12m,equal_width,Relative Mortality,GPPsat,Mid,26,0.12178,42.3,0.8933,0.9699,ns
M7vsM8_raw_12m,equal_width,Relative Mortality,NEPmax,Mid,26,-0.09787,57.7,0.1021,0.7769,ns
M7vsM8_raw_12m,equal_width,Relative Mortality,WUE,Mid,26,-0.00327,53.8,0.6484,0.9699,ns
M7vsM8_raw_12m,equal_width,Relative Mortality,uWUE,Mid,26,0.01981,42.3,0.61,0.9699,ns
M7vsM8_raw_12m,equal_width,Relative Mortality,ETmax,Low,32,0.00085,43.8,0.9699,0.9699,ns
M7vsM8_raw_12m,equal_width,Relative Mortality,GPPsat,Low,32,-0.06927,56.2,0.1923,0.8883,ns
M7vsM8_raw_12m,equal_width,Relative Mortality,NEPmax,Low,32,-0.09776,56.2,0.2655,0.8883,ns
M7vsM8_raw_12m,equal_width,Relative Mortality,WUE,Low,32,-0.01193,53.1,0.4888,0.9699,ns
M7vsM8_raw_12m,equal_width,Relative Mortality,uWUE,Low,32,0.01563,34.4,0.9063,0.9699,ns
M7vsM8_raw_12m,equal_width,Relative Mortality,ETmax,High,7,0.00297,28.6,0.8641,0.9699,ns
M7vsM8_raw_12m,equal_width,Relative Mortality,GPPsat,High,7,0.06224,42.9,0.6001,0.9699,ns
M7vsM8_raw_12m,equal_width,Relative Mortality,NEPmax,High,7,-0.45934,57.1,0.1024,0.7769,ns
M7vsM8_raw_12m,equal_width,Relative Mortality,WUE,High,7,-0.03865,57.1,0.1359,0.7769,ns
M7vsM8_raw_12m,equal_width,Relative Mortality,uWUE,High,7,0.00863,42.9,0.6001,0.9699,ns
M7vsM8_raw_12m,equal_width,Relative Disturbance,ETmax,Mid,27,0.00106,37,0.7895,0.9699,ns
M7vsM8_raw_12m,equal_width,Relative Disturbance,GPPsat,Mid,27,0.09189,44.4,0.9201,0.9699,ns
M7vsM8_raw_12m,equal_width,Relative Disturbance,NEPmax,Mid,27,-0.1561,63,0.06977,0.7769,ns
M7vsM8_raw_12m,equal_width,Relative Disturbance,WUE,Mid,27,-0.00274,51.9,0.6888,0.9699,ns
M7vsM8_raw_12m,equal_width,Relative Disturbance,uWUE,Mid,27,0.02585,33.3,0.8406,0.9699,ns
M7vsM8_raw_12m,equal_width,Relative Disturbance,ETmax,High,9,0.00098,33.3,0.8284,0.9699,ns
M7vsM8_raw_12m,equal_width,Relative Disturbance,GPPsat,High,9,-0.11125,55.6,0.4064,0.9699,ns
M7vsM8_raw_12m,equal_width,Relative Disturbance,NEPmax,High,9,-0.18527,55.6,0.09626,0.7769,ns
M7vsM8_raw_12m,equal_width,Relative Disturbance,WUE,High,9,-0.03865,66.7,0.1181,0.7769,ns
M7vsM8_raw_12m,equal_width,Relative Disturbance,uWUE,High,9,-0.01406,55.6,0.2768,0.8883,ns
M7vsM8_raw_12m,equal_width,Relative Disturbance,ETmax,Low,29,0.00078,48.3,0.9428,0.9699,ns
M7vsM8_raw_12m,equal_width,Relative Disturbance,GPPsat,Low,29,-0.01519,51.7,0.2653,0.8883,ns
M7vsM8_raw_12m,equal_width,Relative Disturbance,NEPmax,Low,29,-0.07586,51.7,0.4144,0.9699,ns
M7vsM8_raw_12m,equal_width,Relative Disturbance,WUE,Low,29,-0.00219,51.7,0.543,0.9699,ns
M7vsM8_raw_12m,equal_width,Relative Disturbance,uWUE,Low,29,0.0164,37.9,0.8453,0.9699,ns
M7vsM8_raw_12m,natural_breaks,Absolute Mortality,ETmax,High,14,0.00149,28.6,0.7744,0.9616,ns
M7vsM8_raw_12m,natural_breaks,Absolute Mortality,GPPsat,High,14,0.09143,42.9,0.6232,0.9616,ns
M7vsM8_raw_12m,natural_breaks,Absolute Mortality,NEPmax,High,14,-0.11045,57.1,0.1046,0.9224,ns
M7vsM8_raw_12m,natural_breaks,Absolute Mortality,WUE,High,14,0.00055,50,0.475,0.9616,ns
M7vsM8_raw_12m,natural_breaks,Absolute Mortality,uWUE,High,14,-0.01184,57.1,0.2651,0.9224,ns
M7vsM8_raw_12m,natural_breaks,Absolute Mortality,ETmax,Mid,32,0.00034,46.9,0.8671,0.9616,ns
M7vsM8_raw_12m,natural_breaks,Absolute Mortality,GPPsat,Mid,32,0.03721,50,0.7406,0.9616,ns
M7vsM8_raw_12m,natural_breaks,Absolute Mortality,NEPmax,Mid,32,-0.14505,56.2,0.09371,0.9224,ns
M7vsM8_raw_12m,natural_breaks,Absolute Mortality,WUE,Mid,32,0.01471,46.9,0.8322,0.9616,ns
M7vsM8_raw_12m,natural_breaks,Absolute Mortality,uWUE,Mid,32,0.02605,28.1,0.8861,0.9616,ns
M7vsM8_raw_12m,natural_breaks,Absolute Mortality,ETmax,Low,19,0.00078,42.1,0.8975,0.9616,ns
M7vsM8_raw_12m,natural_breaks,Absolute Mortality,GPPsat,Low,19,-0.01519,52.6,0.3075,0.9224,ns
M7vsM8_raw_12m,natural_breaks,Absolute Mortality,NEPmax,Low,19,-0.08937,57.9,0.3511,0.9294,ns
M7vsM8_raw_12m,natural_breaks,Absolute Mortality,WUE,Low,19,-0.02833,68.4,0.1431,0.9224,ns
M7vsM8_raw_12m,natural_breaks,Absolute Mortality,uWUE,Low,19,0.0164,42.1,0.7953,0.9616,ns
M7vsM8_raw_12m,natural_breaks,Relative Mortality,ETmax,High,23,0.0014,30.4,0.891,0.9616,ns
M7vsM8_raw_12m,natural_breaks,Relative Mortality,GPPsat,High,23,0.06224,47.8,0.6481,0.9616,ns
M7vsM8_raw_12m,natural_breaks,Relative Mortality,NEPmax,High,23,-0.03563,52.2,0.0832,0.9224,ns
M7vsM8_raw_12m,natural_breaks,Relative Mortality,WUE,High,23,-0.01474,60.9,0.3407,0.9294,ns
M7vsM8_raw_12m,natural_breaks,Relative Mortality,uWUE,High,23,0.00863,47.8,0.4939,0.9616,ns
M7vsM8_raw_12m,natural_breaks,Relative Mortality,ETmax,Mid,18,0.00167,38.9,0.9363,0.9726,ns
M7vsM8_raw_12m,natural_breaks,Relative Mortality,GPPsat,Mid,18,0.25253,38.9,0.951,0.9726,ns
M7vsM8_raw_12m,natural_breaks,Relative Mortality,NEPmax,Mid,18,-0.11169,61.1,0.2568,0.9224,ns
M7vsM8_raw_12m,natural_breaks,Relative Mortality,WUE,Mid,18,0.0177,38.9,0.852,0.9616,ns
M7vsM8_raw_12m,natural_breaks,Relative Mortality,uWUE,Mid,18,0.02035,27.8,0.8619,0.9616,ns
M7vsM8_raw_12m,natural_breaks,Relative Mortality,ETmax,Low,24,-0.00017,54.2,0.6501,0.9616,ns
M7vsM8_raw_12m,natural_breaks,Relative Mortality,GPPsat,Low,24,-0.06927,58.3,0.07864,0.9224,ns
M7vsM8_raw_12m,natural_breaks,Relative Mortality,NEPmax,Low,24,-0.14613,58.3,0.1997,0.9224,ns
M7vsM8_raw_12m,natural_breaks,Relative Mortality,WUE,Low,24,-0.02258,58.3,0.2887,0.9224,ns
M7vsM8_raw_12m,natural_breaks,Relative Mortality,uWUE,Low,24,0.02123,37.5,0.858,0.9616,ns
M7vsM8_raw_12m,natural_breaks,Relative Disturbance,ETmax,High,22,0.00102,36.4,0.7095,0.9616,ns
M7vsM8_raw_12m,natural_breaks,Relative Disturbance,GPPsat,High,22,0.07707,45.5,0.6273,0.9616,ns
M7vsM8_raw_12m,natural_breaks,Relative Disturbance,NEPmax,High,22,-0.00276,50,0.165,0.9224,ns
M7vsM8_raw_12m,natural_breaks,Relative Disturbance,WUE,High,22,-0.01171,63.6,0.2905,0.9224,ns
M7vsM8_raw_12m,natural_breaks,Relative Disturbance,uWUE,High,22,0.0112,45.5,0.5772,0.9616,ns
M7vsM8_raw_12m,natural_breaks,Relative Disturbance,ETmax,Mid,20,0.00167,35,0.9809,0.9809,ns
M7vsM8_raw_12m,natural_breaks,Relative Disturbance,GPPsat,Mid,20,0.06205,50,0.8387,0.9616,ns
M7vsM8_raw_12m,natural_breaks,Relative Disturbance,NEPmax,Mid,20,-0.19518,65,0.1274,0.9224,ns
M7vsM8_raw_12m,natural_breaks,Relative Disturbance,WUE,Mid,20,0.0177,40,0.7551,0.9616,ns
M7vsM8_raw_12m,natural_breaks,Relative Disturbance,uWUE,Mid,20,0.02056,30,0.778,0.9616,ns
M7vsM8_raw_12m,natural_breaks,Relative Disturbance,ETmax,Low,23,-4e-05,52.2,0.7985,0.9616,ns
M7vsM8_raw_12m,natural_breaks,Relative Disturbance,GPPsat,Low,23,-0.01519,52.2,0.2665,0.9224,ns
M7vsM8_raw_12m,natural_breaks,Relative Disturbance,NEPmax,Low,23,-0.10614,56.5,0.2101,0.9224,ns
M7vsM8_raw_12m,natural_breaks,Relative Disturbance,WUE,Low,23,-0.02349,56.5,0.3863,0.9616,ns
M7vsM8_raw_12m,natural_breaks,Relative Disturbance,uWUE,Low,23,0.0164,39.1,0.8385,0.9616,ns
M7vsM8_raw_24m,tertiles,Absolute Mortality,ETmax,High,22,0.00015,40.9,0.5899,0.8295,ns
M7vsM8_raw_24m,tertiles,Absolute Mortality,GPPsat,High,22,0.03593,45.5,0.5899,0.8295,ns
M7vsM8_raw_24m,tertiles,Absolute Mortality,NEPmax,High,22,-0.05958,59.1,0.2085,0.7742,ns
M7vsM8_raw_24m,tertiles,Absolute Mortality,WUE,High,22,0.00721,50,0.4483,0.8253,ns
M7vsM8_raw_24m,tertiles,Absolute Mortality,uWUE,High,22,0.00274,40.9,0.3484,0.8253,ns
M7vsM8_raw_24m,tertiles,Absolute Mortality,ETmax,Mid,21,7e-04,42.9,0.7227,0.848,ns
M7vsM8_raw_24m,tertiles,Absolute Mortality,GPPsat,Mid,21,-0.04902,52.4,0.4447,0.8253,ns
M7vsM8_raw_24m,tertiles,Absolute Mortality,NEPmax,Mid,21,0.06785,47.6,0.4585,0.8253,ns
M7vsM8_raw_24m,tertiles,Absolute Mortality,WUE,Mid,21,0.00042,47.6,0.4039,0.8253,ns
M7vsM8_raw_24m,tertiles,Absolute Mortality,uWUE,Mid,21,0.01282,38.1,0.9411,0.9451,ns
M7vsM8_raw_24m,tertiles,Absolute Mortality,ETmax,Low,22,-0.00021,54.5,0.7523,0.848,ns
M7vsM8_raw_24m,tertiles,Absolute Mortality,GPPsat,Low,22,-0.08936,54.5,0.09704,0.7584,ns
M7vsM8_raw_24m,tertiles,Absolute Mortality,NEPmax,Low,22,-0.02654,50,0.2581,0.7742,ns
M7vsM8_raw_24m,tertiles,Absolute Mortality,WUE,Low,22,-0.03645,72.7,0.02206,0.5785,ns
M7vsM8_raw_24m,tertiles,Absolute Mortality,uWUE,Low,22,-0.01564,54.5,0.2477,0.7742,ns
M7vsM8_raw_24m,tertiles,Relative Mortality,ETmax,High,22,0.00045,40.9,0.6149,0.8385,ns
M7vsM8_raw_24m,tertiles,Relative Mortality,GPPsat,High,22,0.03593,45.5,0.5259,0.8295,ns
M7vsM8_raw_24m,tertiles,Relative Mortality,NEPmax,High,22,-0.04021,54.5,0.3365,0.8253,ns
M7vsM8_raw_24m,tertiles,Relative Mortality,WUE,High,22,-0.02032,59.1,0.1148,0.7584,ns
M7vsM8_raw_24m,tertiles,Relative Mortality,uWUE,High,22,-0.00649,50,0.1571,0.7742,ns
M7vsM8_raw_24m,tertiles,Relative Mortality,ETmax,Mid,21,2e-05,47.6,0.6867,0.848,ns
M7vsM8_raw_24m,tertiles,Relative Mortality,GPPsat,Mid,21,0.01569,47.6,0.6359,0.8417,ns
M7vsM8_raw_24m,tertiles,Relative Mortality,NEPmax,Mid,21,-0.10577,57.1,0.3641,0.8253,ns
M7vsM8_raw_24m,tertiles,Relative Mortality,WUE,Mid,21,0.00042,47.6,0.6617,0.848,ns
M7vsM8_raw_24m,tertiles,Relative Mortality,uWUE,Mid,21,0.02249,33.3,0.9067,0.9451,ns
M7vsM8_raw_24m,tertiles,Relative Mortality,ETmax,Low,22,0.00011,50,0.7915,0.848,ns
M7vsM8_raw_24m,tertiles,Relative Mortality,GPPsat,Low,22,-0.11788,59.1,0.04889,0.7333,ns
M7vsM8_raw_24m,tertiles,Relative Mortality,NEPmax,Low,22,0.06027,45.5,0.2375,0.7742,ns
M7vsM8_raw_24m,tertiles,Relative Mortality,WUE,Low,22,-0.02915,63.6,0.08635,0.7584,ns
M7vsM8_raw_24m,tertiles,Relative Mortality,uWUE,Low,22,0.00516,50,0.5517,0.8295,ns
M7vsM8_raw_24m,tertiles,Relative Disturbance,ETmax,High,22,0.00045,40.9,0.5899,0.8295,ns
M7vsM8_raw_24m,tertiles,Relative Disturbance,GPPsat,High,22,0.03593,45.5,0.4355,0.8253,ns
M7vsM8_raw_24m,tertiles,Relative Disturbance,NEPmax,High,22,0.04363,50,0.5129,0.8295,ns
M7vsM8_raw_24m,tertiles,Relative Disturbance,WUE,High,22,-0.02032,59.1,0.1348,0.7584,ns
M7vsM8_raw_24m,tertiles,Relative Disturbance,uWUE,High,22,-0.00649,50,0.1732,0.7742,ns
M7vsM8_raw_24m,tertiles,Relative Disturbance,ETmax,Mid,21,0.00033,42.9,0.788,0.848,ns
M7vsM8_raw_24m,tertiles,Relative Disturbance,GPPsat,Mid,21,0.07358,42.9,0.788,0.848,ns
M7vsM8_raw_24m,tertiles,Relative Disturbance,NEPmax,Mid,21,-0.16788,61.9,0.133,0.7584,ns
M7vsM8_raw_24m,tertiles,Relative Disturbance,WUE,Mid,21,-0.00544,52.4,0.3905,0.8253,ns
M7vsM8_raw_24m,tertiles,Relative Disturbance,uWUE,Mid,21,0.02265,28.6,0.9451,0.9451,ns
M7vsM8_raw_24m,tertiles,Relative Disturbance,ETmax,Low,22,-0.00024,54.5,0.7523,0.848,ns
M7vsM8_raw_24m,tertiles,Relative Disturbance,GPPsat,Low,22,-0.12634,63.6,0.02571,0.5785,ns
M7vsM8_raw_24m,tertiles,Relative Disturbance,NEPmax,Low,22,0.06814,45.5,0.3975,0.8253,ns
M7vsM8_raw_24m,tertiles,Relative Disturbance,WUE,Low,22,-0.02211,59.1,0.2477,0.7742,ns
M7vsM8_raw_24m,tertiles,Relative Disturbance,uWUE,Low,22,-0.01405,54.5,0.4871,0.8295,ns
M7vsM8_raw_24m,equal_width,Absolute Mortality,ETmax,Mid,21,2e-05,47.6,0.4585,0.8338,ns
M7vsM8_raw_24m,equal_width,Absolute Mortality,GPPsat,Mid,21,0.00322,47.6,0.5553,0.8338,ns
M7vsM8_raw_24m,equal_width,Absolute Mortality,NEPmax,Mid,21,-0.11974,61.9,0.06751,0.3851,ns
M7vsM8_raw_24m,equal_width,Absolute Mortality,WUE,Mid,21,0.01958,47.6,0.6617,0.8338,ns
M7vsM8_raw_24m,equal_width,Absolute Mortality,uWUE,Mid,21,0.00266,42.9,0.5,0.8338,ns
M7vsM8_raw_24m,equal_width,Absolute Mortality,ETmax,Low,41,0.00041,46.3,0.9248,0.9735,ns
M7vsM8_raw_24m,equal_width,Absolute Mortality,GPPsat,Low,41,-0.061,53.7,0.153,0.5136,ns
M7vsM8_raw_24m,equal_width,Absolute Mortality,NEPmax,Low,41,0.05269,48.8,0.3439,0.8261,ns
M7vsM8_raw_24m,equal_width,Absolute Mortality,WUE,Low,41,-0.02003,58.5,0.07702,0.3851,ns
M7vsM8_raw_24m,equal_width,Absolute Mortality,uWUE,Low,41,0.01109,46.3,0.6979,0.8459,ns
M7vsM8_raw_24m,equal_width,Absolute Mortality,ETmax,High,3,1e-04,33.3,,,""
M7vsM8_raw_24m,equal_width,Absolute Mortality,GPPsat,High,3,0.06863,33.3,,,""
M7vsM8_raw_24m,equal_width,Absolute Mortality,NEPmax,High,3,0.33313,33.3,,,""
M7vsM8_raw_24m,equal_width,Absolute Mortality,WUE,High,3,-0.07875,100,,,""
M7vsM8_raw_24m,equal_width,Absolute Mortality,uWUE,High,3,0.00281,33.3,,,""
M7vsM8_raw_24m,equal_width,Relative Mortality,ETmax,Mid,26,0.00011,46.2,0.5606,0.8338,ns
M7vsM8_raw_24m,equal_width,Relative Mortality,GPPsat,Mid,26,0.13378,34.6,0.9825,0.986,ns
M7vsM8_raw_24m,equal_width,Relative Mortality,NEPmax,Mid,26,-0.10235,57.7,0.1213,0.4854,ns
M7vsM8_raw_24m,equal_width,Relative Mortality,WUE,Mid,26,0.01085,46.2,0.667,0.8338,ns
M7vsM8_raw_24m,equal_width,Relative Mortality,uWUE,Mid,26,0.00844,38.5,0.7845,0.9229,ns
M7vsM8_raw_24m,equal_width,Relative Mortality,ETmax,Low,32,0.00011,50,0.8077,0.9231,ns
M7vsM8_raw_24m,equal_width,Relative Mortality,GPPsat,Low,32,-0.11788,62.5,0.01469,0.1731,ns
M7vsM8_raw_24m,equal_width,Relative Mortality,NEPmax,Low,32,0.06027,46.9,0.3717,0.8261,ns
M7vsM8_raw_24m,equal_width,Relative Mortality,WUE,Low,32,-0.02226,59.4,0.1541,0.5136,ns
M7vsM8_raw_24m,equal_width,Relative Mortality,uWUE,Low,32,0.01413,46.9,0.6493,0.8338,ns
M7vsM8_raw_24m,equal_width,Relative Mortality,ETmax,High,7,0.00306,28.6,0.6637,0.8338,ns
M7vsM8_raw_24m,equal_width,Relative Mortality,GPPsat,High,7,-0.30786,57.1,0.2234,0.5958,ns
M7vsM8_raw_24m,equal_width,Relative Mortality,NEPmax,High,7,-0.04556,57.1,0.5337,0.8338,ns
M7vsM8_raw_24m,equal_width,Relative Mortality,WUE,High,7,-0.07875,85.7,0.01731,0.1731,ns
M7vsM8_raw_24m,equal_width,Relative Mortality,uWUE,High,7,-0.03507,57.1,0.1024,0.4553,ns
M7vsM8_raw_24m,equal_width,Relative Disturbance,ETmax,Mid,27,0.00041,40.7,0.5996,0.8338,ns
M7vsM8_raw_24m,equal_width,Relative Disturbance,GPPsat,Mid,27,0.09817,37,0.986,0.986,ns
M7vsM8_raw_24m,equal_width,Relative Disturbance,NEPmax,Mid,27,-0.13111,63,0.04991,0.3327,ns
M7vsM8_raw_24m,equal_width,Relative Disturbance,WUE,Mid,27,0.01958,44.4,0.6362,0.8338,ns
M7vsM8_raw_24m,equal_width,Relative Disturbance,uWUE,Mid,27,0.01282,29.6,0.9236,0.9735,ns
M7vsM8_raw_24m,equal_width,Relative Disturbance,ETmax,High,9,1e-04,44.4,0.5,0.8338,ns
M7vsM8_raw_24m,equal_width,Relative Disturbance,GPPsat,High,9,-0.30786,55.6,0.1716,0.5281,ns
M7vsM8_raw_24m,equal_width,Relative Disturbance,NEPmax,High,9,-0.04556,55.6,0.3611,0.8261,ns
M7vsM8_raw_24m,equal_width,Relative Disturbance,WUE,High,9,-0.07245,88.9,0.02901,0.2321,ns
M7vsM8_raw_24m,equal_width,Relative Disturbance,uWUE,High,9,-0.04522,77.8,0.0122,0.1731,ns
M7vsM8_raw_24m,equal_width,Relative Disturbance,ETmax,Low,29,-0.00019,51.7,0.8741,0.9712,ns
M7vsM8_raw_24m,equal_width,Relative Disturbance,GPPsat,Low,29,-0.12681,62.1,0.01704,0.1731,ns
M7vsM8_raw_24m,equal_width,Relative Disturbance,NEPmax,Low,29,0.08359,41.4,0.6594,0.8338,ns
M7vsM8_raw_24m,equal_width,Relative Disturbance,WUE,Low,29,-0.02003,58.6,0.2118,0.5958,ns
M7vsM8_raw_24m,equal_width,Relative Disturbance,uWUE,Low,29,0.01718,48.3,0.6434,0.8338,ns
M7vsM8_raw_24m,natural_breaks,Absolute Mortality,ETmax,High,14,0.00063,35.7,0.6468,0.8615,ns
M7vsM8_raw_24m,natural_breaks,Absolute Mortality,GPPsat,High,14,0.03593,42.9,0.55,0.8615,ns
M7vsM8_raw_24m,natural_breaks,Absolute Mortality,NEPmax,High,14,-0.08265,64.3,0.2449,0.6889,ns
M7vsM8_raw_24m,natural_breaks,Absolute Mortality,WUE,High,14,-0.05233,71.4,0.0394,0.4432,ns
M7vsM8_raw_24m,natural_breaks,Absolute Mortality,uWUE,High,14,-0.02783,57.1,0.0937,0.5166,ns
M7vsM8_raw_24m,natural_breaks,Absolute Mortality,ETmax,Mid,32,0.00018,46.9,0.7158,0.8615,ns
M7vsM8_raw_24m,natural_breaks,Absolute Mortality,GPPsat,Mid,32,-0.01666,50,0.5484,0.8615,ns
M7vsM8_raw_24m,natural_breaks,Absolute Mortality,NEPmax,Mid,32,-0.00288,50,0.2301,0.6889,ns
M7vsM8_raw_24m,natural_breaks,Absolute Mortality,WUE,Mid,32,0.02962,37.5,0.8503,0.9111,ns
M7vsM8_raw_24m,natural_breaks,Absolute Mortality,uWUE,Mid,32,0.02238,34.4,0.9385,0.9464,ns
M7vsM8_raw_24m,natural_breaks,Absolute Mortality,ETmax,Low,19,-0.00019,52.6,0.7467,0.8615,ns
M7vsM8_raw_24m,natural_breaks,Absolute Mortality,GPPsat,Low,19,-0.10989,57.9,0.05157,0.4641,ns
M7vsM8_raw_24m,natural_breaks,Absolute Mortality,NEPmax,Low,19,0.05269,47.4,0.4124,0.8615,ns
M7vsM8_raw_24m,natural_breaks,Absolute Mortality,WUE,Low,19,-0.03909,78.9,0.009282,0.4177,ns
M7vsM8_raw_24m,natural_breaks,Absolute Mortality,uWUE,Low,19,-0.00686,52.6,0.3968,0.8615,ns
M7vsM8_raw_24m,natural_breaks,Relative Mortality,ETmax,High,23,2e-04,43.5,0.602,0.8615,ns
M7vsM8_raw_24m,natural_breaks,Relative Mortality,GPPsat,High,23,0.06863,43.5,0.5544,0.8615,ns
M7vsM8_raw_24m,natural_breaks,Relative Mortality,NEPmax,High,23,-0.04556,56.5,0.2281,0.6889,ns
M7vsM8_raw_24m,natural_breaks,Relative Mortality,WUE,High,23,-0.02542,60.9,0.07864,0.5166,ns
M7vsM8_raw_24m,natural_breaks,Relative Mortality,uWUE,High,23,-0.01509,52.2,0.1148,0.5166,ns
M7vsM8_raw_24m,natural_breaks,Relative Mortality,ETmax,Mid,18,0.00082,38.9,0.8417,0.9111,ns
M7vsM8_raw_24m,natural_breaks,Relative Mortality,GPPsat,Mid,18,0.01678,44.4,0.7432,0.8615,ns
M7vsM8_raw_24m,natural_breaks,Relative Mortality,NEPmax,Mid,18,-0.11452,55.6,0.3316,0.829,ns
M7vsM8_raw_24m,natural_breaks,Relative Mortality,WUE,Mid,18,0.00047,44.4,0.7432,0.8615,ns
M7vsM8_raw_24m,natural_breaks,Relative Mortality,uWUE,Mid,18,0.02509,27.8,0.9464,0.9464,ns
M7vsM8_raw_24m,natural_breaks,Relative Mortality,ETmax,Low,24,-0.00024,54.2,0.6395,0.8615,ns
M7vsM8_raw_24m,natural_breaks,Relative Mortality,GPPsat,Low,24,-0.12634,62.5,0.02199,0.4432,ns
M7vsM8_raw_24m,natural_breaks,Relative Mortality,NEPmax,Low,24,0.06027,45.8,0.3187,0.829,ns
M7vsM8_raw_24m,natural_breaks,Relative Mortality,WUE,Low,24,-0.02915,62.5,0.107,0.5166,ns
M7vsM8_raw_24m,natural_breaks,Relative Mortality,uWUE,Low,24,0.00516,50,0.5959,0.8615,ns
M7vsM8_raw_24m,natural_breaks,Relative Disturbance,ETmax,High,22,0.00045,40.9,0.5899,0.8615,ns
M7vsM8_raw_24m,natural_breaks,Relative Disturbance,GPPsat,High,22,0.03593,45.5,0.4355,0.8615,ns
M7vsM8_raw_24m,natural_breaks,Relative Disturbance,NEPmax,High,22,0.04363,50,0.5129,0.8615,ns
M7vsM8_raw_24m,natural_breaks,Relative Disturbance,WUE,High,22,-0.02032,59.1,0.1348,0.5516,ns
M7vsM8_raw_24m,natural_breaks,Relative Disturbance,uWUE,High,22,-0.00649,50,0.1732,0.6496,ns
M7vsM8_raw_24m,natural_breaks,Relative Disturbance,ETmax,Mid,20,0.00037,40,0.8198,0.9111,ns
M7vsM8_raw_24m,natural_breaks,Relative Disturbance,GPPsat,Mid,20,0.04572,45,0.7432,0.8615,ns
M7vsM8_raw_24m,natural_breaks,Relative Disturbance,NEPmax,Mid,20,-0.19047,65,0.09253,0.5166,ns
M7vsM8_raw_24m,natural_breaks,Relative Disturbance,WUE,Mid,20,-0.00251,50,0.4628,0.8615,ns
M7vsM8_raw_24m,natural_breaks,Relative Disturbance,uWUE,Mid,20,0.02509,30,0.9393,0.9464,ns
M7vsM8_raw_24m,natural_breaks,Relative Disturbance,ETmax,Low,23,-3e-04,56.5,0.7234,0.8615,ns
M7vsM8_raw_24m,natural_breaks,Relative Disturbance,GPPsat,Low,23,-0.12588,60.9,0.03288,0.4432,ns
M7vsM8_raw_24m,natural_breaks,Relative Disturbance,NEPmax,Low,23,0.08359,43.5,0.4818,0.8615,ns
M7vsM8_raw_24m,natural_breaks,Relative Disturbance,WUE,Low,23,-0.02448,60.9,0.193,0.6681,ns
M7vsM8_raw_24m,natural_breaks,Relative Disturbance,uWUE,Low,23,-0.00686,52.2,0.5061,0.8615,ns
M7vsM8_anom_12m,tertiles,Absolute Mortality,ETmax,High,22,-0.00085,54.5,0.6273,0.788,ns
M7vsM8_anom_12m,tertiles,Absolute Mortality,GPPsat,High,22,-0.20594,63.6,0.08635,0.3533,ns
M7vsM8_anom_12m,tertiles,Absolute Mortality,NEPmax,High,22,-0.6057,72.7,0.03708,0.2781,ns
M7vsM8_anom_12m,tertiles,Absolute Mortality,WUE,High,22,-0.0056,59.1,0.3605,0.7184,ns
M7vsM8_anom_12m,tertiles,Absolute Mortality,uWUE,High,22,-0.01388,54.5,0.4228,0.7184,ns
M7vsM8_anom_12m,tertiles,Absolute Mortality,ETmax,Mid,21,0.00039,42.9,0.6359,0.788,ns
M7vsM8_anom_12m,tertiles,Absolute Mortality,GPPsat,Mid,21,-0.3089,57.1,0.3383,0.7184,ns
M7vsM8_anom_12m,tertiles,Absolute Mortality,NEPmax,Mid,21,-0.24543,61.9,0.174,0.5593,ns
M7vsM8_anom_12m,tertiles,Absolute Mortality,WUE,Mid,21,-0.00266,57.1,0.5553,0.788,ns
M7vsM8_anom_12m,tertiles,Absolute Mortality,uWUE,Mid,21,-0.0026,52.4,0.6228,0.788,ns
M7vsM8_anom_12m,tertiles,Absolute Mortality,ETmax,Low,22,0.00132,45.5,0.5129,0.7694,ns
M7vsM8_anom_12m,tertiles,Absolute Mortality,GPPsat,Low,22,-0.41489,59.1,0.08635,0.3533,ns
M7vsM8_anom_12m,tertiles,Absolute Mortality,NEPmax,Low,22,-0.26956,68.2,0.1348,0.4915,ns
M7vsM8_anom_12m,tertiles,Absolute Mortality,WUE,Low,22,-0.00962,54.5,0.6635,0.788,ns
M7vsM8_anom_12m,tertiles,Absolute Mortality,uWUE,Low,22,-0.04334,63.6,0.142,0.4915,ns
M7vsM8_anom_12m,tertiles,Relative Mortality,ETmax,High,22,-0.00231,63.6,0.2795,0.7184,ns
M7vsM8_anom_12m,tertiles,Relative Mortality,GPPsat,High,22,-0.20594,63.6,0.06766,0.3383,ns
M7vsM8_anom_12m,tertiles,Relative Mortality,NEPmax,High,22,-0.5672,72.7,0.01886,0.2781,ns
M7vsM8_anom_12m,tertiles,Relative Mortality,WUE,High,22,-0.0056,54.5,0.3851,0.7184,ns
M7vsM8_anom_12m,tertiles,Relative Mortality,uWUE,High,22,-0.01125,54.5,0.4871,0.7694,ns
M7vsM8_anom_12m,tertiles,Relative Mortality,ETmax,Mid,21,0.00066,42.9,0.788,0.788,ns
M7vsM8_anom_12m,tertiles,Relative Mortality,GPPsat,Mid,21,-0.3089,52.4,0.6743,0.788,ns
M7vsM8_anom_12m,tertiles,Relative Mortality,NEPmax,Mid,21,-0.16182,52.4,0.6867,0.788,ns
M7vsM8_anom_12m,tertiles,Relative Mortality,WUE,Mid,21,-0.00266,61.9,0.4174,0.7184,ns
M7vsM8_anom_12m,tertiles,Relative Mortality,uWUE,Mid,21,-0.00875,57.1,0.3905,0.7184,ns
M7vsM8_anom_12m,tertiles,Relative Mortality,ETmax,Low,22,0.00158,36.4,0.7523,0.788,ns
M7vsM8_anom_12m,tertiles,Relative Mortality,GPPsat,Low,22,-0.41489,63.6,0.02985,0.2781,ns
M7vsM8_anom_12m,tertiles,Relative Mortality,NEPmax,Low,22,-0.51343,77.3,0.01607,0.2781,ns
M7vsM8_anom_12m,tertiles,Relative Mortality,WUE,Low,22,-0.00962,54.5,0.7821,0.788,ns
M7vsM8_anom_12m,tertiles,Relative Mortality,uWUE,Low,22,-0.02026,59.1,0.2375,0.7126,ns
M7vsM8_anom_12m,tertiles,Relative Disturbance,ETmax,High,22,-0.00194,63.6,0.3484,0.7184,ns
M7vsM8_anom_12m,tertiles,Relative Disturbance,GPPsat,High,22,-0.44052,63.6,0.04569,0.2937,ns
M7vsM8_anom_12m,tertiles,Relative Disturbance,NEPmax,High,22,-0.39689,68.2,0.05958,0.3351,ns
M7vsM8_anom_12m,tertiles,Relative Disturbance,WUE,High,22,-0.00687,59.1,0.2687,0.7184,ns
M7vsM8_anom_12m,tertiles,Relative Disturbance,uWUE,High,22,-0.00612,54.5,0.5129,0.7694,ns
M7vsM8_anom_12m,tertiles,Relative Disturbance,ETmax,Mid,21,0.00066,38.1,0.7778,0.788,ns
M7vsM8_anom_12m,tertiles,Relative Disturbance,GPPsat,Mid,21,0.53827,47.6,0.7673,0.788,ns
M7vsM8_anom_12m,tertiles,Relative Disturbance,NEPmax,Mid,21,-0.24297,61.9,0.431,0.7184,ns
M7vsM8_anom_12m,tertiles,Relative Disturbance,WUE,Mid,21,-0.00169,57.1,0.6228,0.788,ns
M7vsM8_anom_12m,tertiles,Relative Disturbance,uWUE,Mid,21,-0.0026,52.4,0.3133,0.7184,ns
M7vsM8_anom_12m,tertiles,Relative Disturbance,ETmax,Low,22,0.00132,40.9,0.7205,0.788,ns
M7vsM8_anom_12m,tertiles,Relative Disturbance,GPPsat,Low,22,-0.37136,68.2,0.01607,0.2781,ns
M7vsM8_anom_12m,tertiles,Relative Disturbance,NEPmax,Low,22,-0.61733,72.7,0.03212,0.2781,ns
M7vsM8_anom_12m,tertiles,Relative Disturbance,WUE,Low,22,-0.00962,54.5,0.7419,0.788,ns
M7vsM8_anom_12m,tertiles,Relative Disturbance,uWUE,Low,22,-0.0368,63.6,0.3017,0.7184,ns
M7vsM8_anom_12m,equal_width,Absolute Mortality,ETmax,Mid,21,-0.00121,57.1,0.4039,0.5853,ns
M7vsM8_anom_12m,equal_width,Absolute Mortality,GPPsat,Mid,21,-0.24539,61.9,0.04427,0.3166,ns
M7vsM8_anom_12m,equal_width,Absolute Mortality,NEPmax,Mid,21,-0.70079,81,0.0109,0.3166,ns
M7vsM8_anom_12m,equal_width,Absolute Mortality,WUE,Mid,21,-0.00573,66.7,0.1406,0.4327,ns
M7vsM8_anom_12m,equal_width,Absolute Mortality,uWUE,Mid,21,-0.01901,61.9,0.2435,0.5853,ns
M7vsM8_anom_12m,equal_width,Absolute Mortality,ETmax,Low,41,0.00115,43.9,0.7373,0.7971,ns
M7vsM8_anom_12m,equal_width,Absolute Mortality,GPPsat,Low,41,-0.3348,58.5,0.1271,0.4327,ns
M7vsM8_anom_12m,equal_width,Absolute Mortality,NEPmax,Low,41,-0.24297,63.4,0.1044,0.4327,ns
M7vsM8_anom_12m,equal_width,Absolute Mortality,WUE,Low,41,-0.00347,53.7,0.7373,0.7971,ns
M7vsM8_anom_12m,equal_width,Absolute Mortality,uWUE,Low,41,-0.00617,56.1,0.3584,0.5853,ns
M7vsM8_anom_12m,equal_width,Absolute Mortality,ETmax,High,3,0.00707,33.3,,,""
M7vsM8_anom_12m,equal_width,Absolute Mortality,GPPsat,High,3,-0.14591,66.7,,,""
M7vsM8_anom_12m,equal_width,Absolute Mortality,NEPmax,High,3,0.02142,33.3,,,""
M7vsM8_anom_12m,equal_width,Absolute Mortality,WUE,High,3,0.08183,33.3,,,""
M7vsM8_anom_12m,equal_width,Absolute Mortality,uWUE,High,3,0.03117,33.3,,,""
M7vsM8_anom_12m,equal_width,Relative Mortality,ETmax,Mid,26,-0.00101,61.5,0.3611,0.5853,ns
M7vsM8_anom_12m,equal_width,Relative Mortality,GPPsat,Mid,26,0.02643,50,0.3422,0.5853,ns
M7vsM8_anom_12m,equal_width,Relative Mortality,NEPmax,Mid,26,-0.39396,69.2,0.04684,0.3166,ns
M7vsM8_anom_12m,equal_width,Relative Mortality,WUE,Mid,26,-0.00218,57.7,0.3611,0.5853,ns
M7vsM8_anom_12m,equal_width,Relative Mortality,uWUE,Mid,26,-0.02331,65.4,0.1265,0.4327,ns
M7vsM8_anom_12m,equal_width,Relative Mortality,ETmax,Low,32,0.00132,37.5,0.7973,0.8393,ns
M7vsM8_anom_12m,equal_width,Relative Mortality,GPPsat,Low,32,-0.39336,65.6,0.03011,0.3166,ns
M7vsM8_anom_12m,equal_width,Relative Mortality,NEPmax,Low,32,-0.46452,68.8,0.06613,0.3779,ns
M7vsM8_anom_12m,equal_width,Relative Mortality,WUE,Low,32,-0.01678,56.2,0.6423,0.7971,ns
M7vsM8_anom_12m,equal_width,Relative Mortality,uWUE,Low,32,-0.01446,56.2,0.3931,0.5853,ns
M7vsM8_anom_12m,equal_width,Relative Mortality,ETmax,High,7,0.00152,42.9,0.6637,0.7971,ns
M7vsM8_anom_12m,equal_width,Relative Mortality,GPPsat,High,7,-0.16649,71.4,0.3363,0.5853,ns
M7vsM8_anom_12m,equal_width,Relative Mortality,NEPmax,High,7,-0.16437,57.1,0.2771,0.5853,ns
M7vsM8_anom_12m,equal_width,Relative Mortality,WUE,High,7,-0.00546,57.1,0.7229,0.7971,ns
M7vsM8_anom_12m,equal_width,Relative Mortality,uWUE,High,7,0.03117,28.6,0.8976,0.9168,ns
M7vsM8_anom_12m,equal_width,Relative Disturbance,ETmax,Mid,27,-0.00081,55.6,0.4004,0.5853,ns
M7vsM8_anom_12m,equal_width,Relative Disturbance,GPPsat,Mid,27,-0.06126,51.9,0.4097,0.5853,ns
M7vsM8_anom_12m,equal_width,Relative Disturbance,NEPmax,Mid,27,-0.34256,70.4,0.04749,0.3166,ns
M7vsM8_anom_12m,equal_width,Relative Disturbance,WUE,Mid,27,-0.00169,55.6,0.4761,0.6347,ns
M7vsM8_anom_12m,equal_width,Relative Disturbance,uWUE,Mid,27,-0.00875,59.3,0.2105,0.5612,ns
M7vsM8_anom_12m,equal_width,Relative Disturbance,ETmax,High,9,-0.00121,66.7,0.3178,0.5853,ns
M7vsM8_anom_12m,equal_width,Relative Disturbance,GPPsat,High,9,-0.63566,66.7,0.1716,0.4904,ns
M7vsM8_anom_12m,equal_width,Relative Disturbance,NEPmax,High,9,-0.58604,66.7,0.1181,0.4327,ns
M7vsM8_anom_12m,equal_width,Relative Disturbance,WUE,High,9,-0.01403,66.7,0.4528,0.6246,ns
M7vsM8_anom_12m,equal_width,Relative Disturbance,uWUE,High,9,0.03117,44.4,0.6822,0.7971,ns
M7vsM8_anom_12m,equal_width,Relative Disturbance,ETmax,Low,29,0.00152,34.5,0.9168,0.9168,ns
M7vsM8_anom_12m,equal_width,Relative Disturbance,GPPsat,Low,29,-0.3788,65.5,0.03635,0.3166,ns
M7vsM8_anom_12m,equal_width,Relative Disturbance,NEPmax,Low,29,-0.46295,65.5,0.1304,0.4327,ns
M7vsM8_anom_12m,equal_width,Relative Disturbance,WUE,Low,29,-0.01576,55.2,0.7056,0.7971,ns
M7vsM8_anom_12m,equal_width,Relative Disturbance,uWUE,Low,29,-0.02275,58.6,0.3566,0.5853,ns
M7vsM8_anom_12m,natural_breaks,Absolute Mortality,ETmax,High,14,-0.00085,57.1,0.45,0.6533,ns
M7vsM8_anom_12m,natural_breaks,Absolute Mortality,GPPsat,High,14,-0.40107,71.4,0.06595,0.2974,ns
M7vsM8_anom_12m,natural_breaks,Absolute Mortality,NEPmax,High,14,-0.86767,78.6,0.01641,0.2497,ns
M7vsM8_anom_12m,natural_breaks,Absolute Mortality,WUE,High,14,-0.00687,64.3,0.4253,0.6504,ns
M7vsM8_anom_12m,natural_breaks,Absolute Mortality,uWUE,High,14,-0.0073,50,0.6698,0.81,ns
M7vsM8_anom_12m,natural_breaks,Absolute Mortality,ETmax,Mid,32,0.00053,43.8,0.792,0.81,ns
M7vsM8_anom_12m,natural_breaks,Absolute Mortality,GPPsat,Mid,32,-0.32185,59.4,0.1725,0.6379,ns
M7vsM8_anom_12m,natural_breaks,Absolute Mortality,NEPmax,Mid,32,-0.35576,65.6,0.0876,0.3584,ns
M7vsM8_anom_12m,natural_breaks,Absolute Mortality,WUE,Mid,32,0.00593,50,0.6698,0.81,ns
M7vsM8_anom_12m,natural_breaks,Absolute Mortality,uWUE,Mid,32,-0.00612,56.2,0.3101,0.6379,ns
M7vsM8_anom_12m,natural_breaks,Absolute Mortality,ETmax,Low,19,0.00122,47.4,0.3662,0.6379,ns
M7vsM8_anom_12m,natural_breaks,Absolute Mortality,GPPsat,Low,19,-0.01529,52.6,0.2533,0.6379,ns
M7vsM8_anom_12m,natural_breaks,Absolute Mortality,NEPmax,Low,19,-0.19655,63.2,0.3075,0.6379,ns
M7vsM8_anom_12m,natural_breaks,Absolute Mortality,WUE,Low,19,-0.01779,63.2,0.3968,0.6379,ns
M7vsM8_anom_12m,natural_breaks,Absolute Mortality,uWUE,Low,19,-0.03925,63.2,0.2283,0.6379,ns
M7vsM8_anom_12m,natural_breaks,Relative Mortality,ETmax,High,23,-0.00225,65.2,0.2566,0.6379,ns
M7vsM8_anom_12m,natural_breaks,Relative Mortality,GPPsat,High,23,-0.24539,65.2,0.0487,0.2974,ns
M7vsM8_anom_12m,natural_breaks,Relative Mortality,NEPmax,High,23,-0.54836,73.9,0.01601,0.2497,ns
M7vsM8_anom_12m,natural_breaks,Relative Mortality,WUE,High,23,-0.00546,52.2,0.4336,0.6504,ns
M7vsM8_anom_12m,natural_breaks,Relative Mortality,uWUE,High,23,-0.01901,56.5,0.3747,0.6379,ns
M7vsM8_anom_12m,natural_breaks,Relative Mortality,ETmax,Mid,18,0.00115,33.3,0.8802,0.8802,ns
M7vsM8_anom_12m,natural_breaks,Relative Mortality,GPPsat,Mid,18,0.56096,44.4,0.7432,0.81,ns
M7vsM8_anom_12m,natural_breaks,Relative Mortality,NEPmax,Mid,18,-0.31396,55.6,0.5347,0.7291,ns
M7vsM8_anom_12m,natural_breaks,Relative Mortality,WUE,Mid,18,-0.00699,66.7,0.3316,0.6379,ns
M7vsM8_anom_12m,natural_breaks,Relative Mortality,uWUE,Mid,18,-0.00567,55.6,0.3969,0.6379,ns
M7vsM8_anom_12m,natural_breaks,Relative Mortality,ETmax,Low,24,0.00132,41.7,0.6711,0.81,ns
M7vsM8_anom_12m,natural_breaks,Relative Mortality,GPPsat,Low,24,-0.41489,66.7,0.01664,0.2497,ns
M7vsM8_anom_12m,natural_breaks,Relative Mortality,NEPmax,Low,24,-0.40275,70.8,0.0564,0.2974,ns
M7vsM8_anom_12m,natural_breaks,Relative Mortality,WUE,Low,24,-0.00962,54.2,0.7669,0.81,ns
M7vsM8_anom_12m,natural_breaks,Relative Mortality,uWUE,Low,24,-0.02026,58.3,0.2986,0.6379,ns
M7vsM8_anom_12m,natural_breaks,Relative Disturbance,ETmax,High,22,-0.00194,63.6,0.3484,0.6379,ns
M7vsM8_anom_12m,natural_breaks,Relative Disturbance,GPPsat,High,22,-0.44052,63.6,0.04569,0.2974,ns
M7vsM8_anom_12m,natural_breaks,Relative Disturbance,NEPmax,High,22,-0.39689,68.2,0.05958,0.2974,ns
M7vsM8_anom_12m,natural_breaks,Relative Disturbance,WUE,High,22,-0.00687,59.1,0.2687,0.6379,ns
M7vsM8_anom_12m,natural_breaks,Relative Disturbance,uWUE,High,22,-0.00612,54.5,0.5129,0.7213,ns
M7vsM8_anom_12m,natural_breaks,Relative Disturbance,ETmax,Mid,20,0.00053,40,0.731,0.81,ns
M7vsM8_anom_12m,natural_breaks,Relative Disturbance,GPPsat,Mid,20,0.2385,50,0.731,0.81,ns
M7vsM8_anom_12m,natural_breaks,Relative Disturbance,NEPmax,Mid,20,-0.29276,65,0.3338,0.6379,ns
M7vsM8_anom_12m,natural_breaks,Relative Disturbance,WUE,Mid,20,-0.00163,55,0.6929,0.81,ns
M7vsM8_anom_12m,natural_breaks,Relative Disturbance,uWUE,Mid,20,-0.01268,55,0.269,0.6379,ns
M7vsM8_anom_12m,natural_breaks,Relative Disturbance,ETmax,Low,23,0.00143,39.1,0.781,0.81,ns
M7vsM8_anom_12m,natural_breaks,Relative Disturbance,GPPsat,Low,23,-0.3348,65.2,0.03288,0.2974,ns
M7vsM8_anom_12m,natural_breaks,Relative Disturbance,NEPmax,Low,23,-0.56391,69.6,0.06609,0.2974,ns
M7vsM8_anom_12m,natural_breaks,Relative Disturbance,WUE,Low,23,-0.01576,56.5,0.6921,0.81,ns
M7vsM8_anom_12m,natural_breaks,Relative Disturbance,uWUE,Low,23,-0.03435,60.9,0.3079,0.6379,ns
M7vsM8_anom_24m,tertiles,Absolute Mortality,ETmax,High,22,-0.0023,54.5,0.5,0.7759,ns
M7vsM8_anom_24m,tertiles,Absolute Mortality,GPPsat,High,22,-0.28544,68.2,0.05583,0.3351,ns
M7vsM8_anom_24m,tertiles,Absolute Mortality,NEPmax,High,22,-0.39921,68.2,0.01254,0.1881,ns
M7vsM8_anom_24m,tertiles,Absolute Mortality,WUE,High,22,-0.00651,54.5,0.4612,0.7759,ns
M7vsM8_anom_24m,tertiles,Absolute Mortality,uWUE,High,22,0.00755,45.5,0.5645,0.8467,ns
M7vsM8_anom_24m,tertiles,Absolute Mortality,ETmax,Mid,21,0.00016,42.9,0.7778,0.9852,ns
M7vsM8_anom_24m,tertiles,Absolute Mortality,GPPsat,Mid,21,-0.39495,57.1,0.1054,0.4744,ns
M7vsM8_anom_24m,tertiles,Absolute Mortality,NEPmax,Mid,21,0.16278,42.9,0.4723,0.7759,ns
M7vsM8_anom_24m,tertiles,Absolute Mortality,WUE,Mid,21,-0.02006,57.1,0.2891,0.6194,ns
M7vsM8_anom_24m,tertiles,Absolute Mortality,uWUE,Mid,21,0.03155,42.9,0.8813,0.9852,ns
M7vsM8_anom_24m,tertiles,Absolute Mortality,ETmax,Low,22,0.00149,36.4,0.9442,0.9852,ns
M7vsM8_anom_24m,tertiles,Absolute Mortality,GPPsat,Low,22,0.01463,50,0.08635,0.4318,ns
M7vsM8_anom_24m,tertiles,Absolute Mortality,NEPmax,Low,22,0.01353,45.5,0.3365,0.6533,ns
M7vsM8_anom_24m,tertiles,Absolute Mortality,WUE,Low,22,0.00618,45.5,0.6516,0.8758,ns
M7vsM8_anom_24m,tertiles,Absolute Mortality,uWUE,Low,22,-0.01328,59.1,0.2085,0.5512,ns
M7vsM8_anom_24m,tertiles,Relative Mortality,ETmax,High,22,-0.00278,63.6,0.165,0.5512,ns
M7vsM8_anom_24m,tertiles,Relative Mortality,GPPsat,High,22,-0.27828,63.6,0.05958,0.3351,ns
M7vsM8_anom_24m,tertiles,Relative Mortality,NEPmax,High,22,-0.33734,63.6,0.01886,0.2122,ns
M7vsM8_anom_24m,tertiles,Relative Mortality,WUE,High,22,-0.04529,63.6,0.1494,0.5512,ns
M7vsM8_anom_24m,tertiles,Relative Mortality,uWUE,High,22,-0.00108,50,0.4871,0.7759,ns
M7vsM8_anom_24m,tertiles,Relative Mortality,ETmax,Mid,21,0.00109,42.9,0.9178,0.9852,ns
M7vsM8_anom_24m,tertiles,Relative Mortality,GPPsat,Mid,21,-0.19099,52.4,0.2327,0.5512,ns
M7vsM8_anom_24m,tertiles,Relative Mortality,NEPmax,Mid,21,0.00612,47.6,0.6617,0.8758,ns
M7vsM8_anom_24m,tertiles,Relative Mortality,WUE,Mid,21,-0.00477,52.4,0.6359,0.8758,ns
M7vsM8_anom_24m,tertiles,Relative Mortality,uWUE,Mid,21,0.00874,42.9,0.9229,0.9852,ns
M7vsM8_anom_24m,tertiles,Relative Mortality,ETmax,Low,22,0.00167,27.3,0.9852,0.9852,ns
M7vsM8_anom_24m,tertiles,Relative Mortality,GPPsat,Low,22,-0.38146,59.1,0.01058,0.1881,ns
M7vsM8_anom_24m,tertiles,Relative Mortality,NEPmax,Low,22,0.01353,45.5,0.2085,0.5512,ns
M7vsM8_anom_24m,tertiles,Relative Mortality,WUE,Low,22,0.01353,40.9,0.7915,0.9852,ns
M7vsM8_anom_24m,tertiles,Relative Mortality,uWUE,Low,22,-0.00919,54.5,0.2477,0.5573,ns
M7vsM8_anom_24m,tertiles,Relative Disturbance,ETmax,High,22,-0.00278,63.6,0.2276,0.5512,ns
M7vsM8_anom_24m,tertiles,Relative Disturbance,GPPsat,High,22,-0.28693,68.2,0.03212,0.2891,ns
M7vsM8_anom_24m,tertiles,Relative Disturbance,NEPmax,High,22,-0.21566,59.1,0.05226,0.3351,ns
M7vsM8_anom_24m,tertiles,Relative Disturbance,WUE,High,22,-0.04529,63.6,0.1212,0.496,ns
M7vsM8_anom_24m,tertiles,Relative Disturbance,uWUE,High,22,-0.00302,50,0.3484,0.6533,ns
M7vsM8_anom_24m,tertiles,Relative Disturbance,ETmax,Mid,21,0.00109,38.1,0.9325,0.9852,ns
M7vsM8_anom_24m,tertiles,Relative Disturbance,GPPsat,Mid,21,0.18046,47.6,0.3133,0.6408,ns
M7vsM8_anom_24m,tertiles,Relative Disturbance,NEPmax,Mid,21,0.0026,47.6,0.3905,0.7029,ns
M7vsM8_anom_24m,tertiles,Relative Disturbance,WUE,Mid,21,-0.00477,52.4,0.6359,0.8758,ns
M7vsM8_anom_24m,tertiles,Relative Disturbance,uWUE,Mid,21,0.03957,42.9,0.9673,0.9852,ns
M7vsM8_anom_24m,tertiles,Relative Disturbance,ETmax,Low,22,0.00167,31.8,0.9543,0.9852,ns
M7vsM8_anom_24m,tertiles,Relative Disturbance,GPPsat,Low,22,-0.37162,59.1,0.01153,0.1881,ns
M7vsM8_anom_24m,tertiles,Relative Disturbance,NEPmax,Low,22,-0.01108,50,0.1993,0.5512,ns
M7vsM8_anom_24m,tertiles,Relative Disturbance,WUE,Low,22,0.01353,40.9,0.8183,0.9852,ns
M7vsM8_anom_24m,tertiles,Relative Disturbance,uWUE,Low,22,-0.01822,54.5,0.1904,0.5512,ns
M7vsM8_anom_24m,equal_width,Absolute Mortality,ETmax,Mid,21,-0.00262,61.9,0.3641,0.6582,ns
M7vsM8_anom_24m,equal_width,Absolute Mortality,GPPsat,Mid,21,-0.29409,76.2,0.01699,0.1699,ns
M7vsM8_anom_24m,equal_width,Absolute Mortality,NEPmax,Mid,21,-0.45431,81,0.001752,0.07009,ns
M7vsM8_anom_24m,equal_width,Absolute Mortality,WUE,Mid,21,-0.00824,57.1,0.3772,0.6582,ns
M7vsM8_anom_24m,equal_width,Absolute Mortality,uWUE,Mid,21,-0.03328,57.1,0.2773,0.6582,ns
M7vsM8_anom_24m,equal_width,Absolute Mortality,ETmax,Low,41,0.00145,36.6,0.9662,0.9927,ns
M7vsM8_anom_24m,equal_width,Absolute Mortality,GPPsat,Low,41,-0.00243,51.2,0.04859,0.3178,ns
M7vsM8_anom_24m,equal_width,Absolute Mortality,NEPmax,Low,41,0.0491,41.5,0.5,0.6582,ns
M7vsM8_anom_24m,equal_width,Absolute Mortality,WUE,Low,41,-0.00731,51.2,0.4845,0.6582,ns
M7vsM8_anom_24m,equal_width,Absolute Mortality,uWUE,Low,41,0.00324,48.8,0.7244,0.8523,ns
M7vsM8_anom_24m,equal_width,Absolute Mortality,ETmax,High,3,0.00373,33.3,,,""
M7vsM8_anom_24m,equal_width,Absolute Mortality,GPPsat,High,3,0.128,33.3,,,""
M7vsM8_anom_24m,equal_width,Absolute Mortality,NEPmax,High,3,0.03068,0,,,""
M7vsM8_anom_24m,equal_width,Absolute Mortality,WUE,High,3,0.02255,33.3,,,""
M7vsM8_anom_24m,equal_width,Absolute Mortality,uWUE,High,3,0.07691,0,,,""
M7vsM8_anom_24m,equal_width,Relative Mortality,ETmax,Mid,26,-0.00229,61.5,0.4394,0.6582,ns
M7vsM8_anom_24m,equal_width,Relative Mortality,GPPsat,Mid,26,-0.24484,57.7,0.2082,0.6582,ns
M7vsM8_anom_24m,equal_width,Relative Mortality,NEPmax,Mid,26,-0.38218,65.4,0.03985,0.3178,ns
M7vsM8_anom_24m,equal_width,Relative Mortality,WUE,Mid,26,-0.01415,57.7,0.3611,0.6582,ns
M7vsM8_anom_24m,equal_width,Relative Mortality,uWUE,Mid,26,0.00317,50,0.5101,0.6582,ns
M7vsM8_anom_24m,equal_width,Relative Mortality,ETmax,Low,32,0.00167,31.2,0.9866,0.9927,ns
M7vsM8_anom_24m,equal_width,Relative Mortality,GPPsat,Low,32,-0.40365,59.4,0.005643,0.1129,ns
M7vsM8_anom_24m,equal_width,Relative Mortality,NEPmax,Low,32,0.01529,43.8,0.337,0.6582,ns
M7vsM8_anom_24m,equal_width,Relative Mortality,WUE,Low,32,0.01353,43.8,0.8026,0.9172,ns
M7vsM8_anom_24m,equal_width,Relative Mortality,uWUE,Low,32,4e-05,50,0.541,0.6762,ns
M7vsM8_anom_24m,equal_width,Relative Mortality,ETmax,High,7,0.00143,42.9,0.4663,0.6582,ns
M7vsM8_anom_24m,equal_width,Relative Mortality,GPPsat,High,7,-0.26591,57.1,0.4663,0.6582,ns
M7vsM8_anom_24m,equal_width,Relative Mortality,NEPmax,High,7,0.0126,42.9,0.4663,0.6582,ns
M7vsM8_anom_24m,equal_width,Relative Mortality,WUE,High,7,-0.06157,71.4,0.1359,0.5438,ns
M7vsM8_anom_24m,equal_width,Relative Mortality,uWUE,High,7,0.01025,42.9,0.7229,0.8523,ns
M7vsM8_anom_24m,equal_width,Relative Disturbance,ETmax,Mid,27,-0.00228,63,0.3728,0.6582,ns
M7vsM8_anom_24m,equal_width,Relative Disturbance,GPPsat,Mid,27,-0.2129,55.6,0.2468,0.6582,ns
M7vsM8_anom_24m,equal_width,Relative Disturbance,NEPmax,Mid,27,-0.3044,59.3,0.06356,0.3178,ns
M7vsM8_anom_24m,equal_width,Relative Disturbance,WUE,Mid,27,-0.01759,59.3,0.2701,0.6582,ns
M7vsM8_anom_24m,equal_width,Relative Disturbance,uWUE,Mid,27,0.00874,44.4,0.8628,0.9328,ns
M7vsM8_anom_24m,equal_width,Relative Disturbance,ETmax,High,9,0.00143,44.4,0.4064,0.6582,ns
M7vsM8_anom_24m,equal_width,Relative Disturbance,GPPsat,High,9,-0.94827,66.7,0.2035,0.6582,ns
M7vsM8_anom_24m,equal_width,Relative Disturbance,NEPmax,High,9,-0.39407,66.7,0.06177,0.3178,ns
M7vsM8_anom_24m,equal_width,Relative Disturbance,WUE,High,9,-0.03193,66.7,0.1181,0.5247,ns
M7vsM8_anom_24m,equal_width,Relative Disturbance,uWUE,High,9,-0.04941,55.6,0.2768,0.6582,ns
M7vsM8_anom_24m,equal_width,Relative Disturbance,ETmax,Low,29,0.00181,27.6,0.9927,0.9927,ns
M7vsM8_anom_24m,equal_width,Relative Disturbance,GPPsat,Low,29,-0.39495,58.6,0.01159,0.1545,ns
M7vsM8_anom_24m,equal_width,Relative Disturbance,NEPmax,Low,29,0.0491,41.4,0.5,0.6582,ns
M7vsM8_anom_24m,equal_width,Relative Disturbance,WUE,Low,29,0.01622,41.4,0.8602,0.9328,ns
M7vsM8_anom_24m,equal_width,Relative Disturbance,uWUE,Low,29,-0.00315,51.7,0.381,0.6582,ns
M7vsM8_anom_24m,natural_breaks,Absolute Mortality,ETmax,High,14,-0.0023,57.1,0.3302,0.646,ns
M7vsM8_anom_24m,natural_breaks,Absolute Mortality,GPPsat,High,14,-0.32929,71.4,0.0937,0.4655,ns
M7vsM8_anom_24m,natural_breaks,Absolute Mortality,NEPmax,High,14,-0.38218,71.4,0.01915,0.2154,ns
M7vsM8_anom_24m,natural_breaks,Absolute Mortality,WUE,High,14,-0.04529,64.3,0.1897,0.5791,ns
M7vsM8_anom_24m,natural_breaks,Absolute Mortality,uWUE,High,14,0.01879,42.9,0.6922,0.937,ns
M7vsM8_anom_24m,natural_breaks,Absolute Mortality,ETmax,Mid,32,0.00063,43.8,0.8589,0.9836,ns
M7vsM8_anom_24m,natural_breaks,Absolute Mortality,GPPsat,Mid,32,-0.33736,59.4,0.03707,0.278,ns
M7vsM8_anom_24m,natural_breaks,Absolute Mortality,NEPmax,Mid,32,-0.04884,50,0.2244,0.5935,ns
M7vsM8_anom_24m,natural_breaks,Absolute Mortality,WUE,Mid,32,0.00244,50,0.7283,0.937,ns
M7vsM8_anom_24m,natural_breaks,Absolute Mortality,uWUE,Mid,32,0.00755,46.9,0.703,0.937,ns
M7vsM8_anom_24m,natural_breaks,Absolute Mortality,ETmax,Low,19,0.00145,36.8,0.9234,0.9836,ns
M7vsM8_anom_24m,natural_breaks,Absolute Mortality,GPPsat,Low,19,0.0317,47.4,0.1431,0.5089,ns
M7vsM8_anom_24m,natural_breaks,Absolute Mortality,NEPmax,Low,19,0.02446,42.1,0.4599,0.7288,ns
M7vsM8_anom_24m,natural_breaks,Absolute Mortality,WUE,Low,19,0.00152,47.4,0.5401,0.8101,ns
M7vsM8_anom_24m,natural_breaks,Absolute Mortality,uWUE,Low,19,-0.01524,57.9,0.2798,0.6107,ns
M7vsM8_anom_24m,natural_breaks,Relative Mortality,ETmax,High,23,-0.00262,65.2,0.147,0.5089,ns
M7vsM8_anom_24m,natural_breaks,Relative Mortality,GPPsat,High,23,-0.27679,60.9,0.08795,0.4655,ns
M7vsM8_anom_24m,natural_breaks,Relative Mortality,NEPmax,High,23,-0.3044,65.2,0.01726,0.2154,ns
M7vsM8_anom_24m,natural_breaks,Relative Mortality,WUE,High,23,-0.05865,65.2,0.1034,0.4655,ns
M7vsM8_anom_24m,natural_breaks,Relative Mortality,uWUE,High,23,-0.01133,52.2,0.4697,0.7288,ns
M7vsM8_anom_24m,natural_breaks,Relative Mortality,ETmax,Mid,18,0.00242,33.3,0.9836,0.9836,ns
M7vsM8_anom_24m,natural_breaks,Relative Mortality,GPPsat,Mid,18,-0.29297,55.6,0.271,0.6107,ns
M7vsM8_anom_24m,natural_breaks,Relative Mortality,NEPmax,Mid,18,-0.19911,50,0.4653,0.7288,ns
M7vsM8_anom_24m,natural_breaks,Relative Mortality,WUE,Mid,18,0.00244,50,0.7705,0.937,ns
M7vsM8_anom_24m,natural_breaks,Relative Mortality,uWUE,Mid,18,0.02416,38.9,0.9363,0.9836,ns
M7vsM8_anom_24m,natural_breaks,Relative Mortality,ETmax,Low,24,0.00149,33.3,0.9403,0.9836,ns
M7vsM8_anom_24m,natural_breaks,Relative Mortality,GPPsat,Low,24,-0.38146,58.3,0.008523,0.2154,ns
M7vsM8_anom_24m,natural_breaks,Relative Mortality,NEPmax,Low,24,0.03678,41.7,0.393,0.6802,ns
M7vsM8_anom_24m,natural_breaks,Relative Mortality,WUE,Low,24,0.01353,41.7,0.758,0.937,ns
M7vsM8_anom_24m,natural_breaks,Relative Mortality,uWUE,Low,24,-0.00919,54.2,0.2986,0.6107,ns
M7vsM8_anom_24m,natural_breaks,Relative Disturbance,ETmax,High,22,-0.00278,63.6,0.2276,0.5935,ns
M7vsM8_anom_24m,natural_breaks,Relative Disturbance,GPPsat,High,22,-0.28693,68.2,0.03212,0.278,ns
M7vsM8_anom_24m,natural_breaks,Relative Disturbance,NEPmax,High,22,-0.21566,59.1,0.05226,0.336,ns
M7vsM8_anom_24m,natural_breaks,Relative Disturbance,WUE,High,22,-0.04529,63.6,0.1212,0.496,ns
M7vsM8_anom_24m,natural_breaks,Relative Disturbance,uWUE,High,22,-0.00302,50,0.3484,0.6506,ns
M7vsM8_anom_24m,natural_breaks,Relative Disturbance,ETmax,Mid,20,0.00164,40,0.9247,0.9836,ns
M7vsM8_anom_24m,natural_breaks,Relative Disturbance,GPPsat,Mid,20,-0.00526,50,0.2941,0.6107,ns
M7vsM8_anom_24m,natural_breaks,Relative Disturbance,NEPmax,Mid,20,-0.0506,50,0.3614,0.6506,ns
M7vsM8_anom_24m,natural_breaks,Relative Disturbance,WUE,Mid,20,0.00244,50,0.7059,0.937,ns
M7vsM8_anom_24m,natural_breaks,Relative Disturbance,uWUE,Mid,20,0.04321,40,0.9727,0.9836,ns
M7vsM8_anom_24m,natural_breaks,Relative Disturbance,ETmax,Low,23,0.00154,30.4,0.9624,0.9836,ns
M7vsM8_anom_24m,natural_breaks,Relative Disturbance,GPPsat,Low,23,-0.3309,56.5,0.01601,0.2154,ns
M7vsM8_anom_24m,natural_breaks,Relative Disturbance,NEPmax,Low,23,0.02446,47.8,0.2374,0.5935,ns
M7vsM8_anom_24m,natural_breaks,Relative Disturbance,WUE,Low,23,0.01084,43.5,0.7626,0.937,ns
M7vsM8_anom_24m,natural_breaks,Relative Disturbance,uWUE,Low,23,-0.01524,56.5,0.193,0.5791,ns
