unit,method,metric,response,category,n,median_dRMSE,pct_sites_improved,p_onesided_wilcoxon,q_BH,sig
M1vsM2_12m,tertiles,Absolute Mortality,ETmax,High,31,-8e-05,51.6,0.6415,0.7041,ns
M1vsM2_12m,tertiles,Absolute Mortality,GPPsat,High,31,-0.04437,51.6,0.2816,0.396,ns
M1vsM2_12m,tertiles,Absolute Mortality,NEPmax,High,31,-0.16356,51.6,0.1811,0.326,ns
M1vsM2_12m,tertiles,Absolute Mortality,WUE,High,31,-0.02165,54.8,0.1428,0.326,ns
M1vsM2_12m,tertiles,Absolute Mortality,uWUE,High,31,0.0062,48.4,0.1811,0.326,ns
M1vsM2_12m,tertiles,Absolute Mortality,ETmax,Mid,31,0.00116,32.3,0.9134,0.9559,ns
M1vsM2_12m,tertiles,Absolute Mortality,GPPsat,Mid,31,-0.71787,77.4,0.006588,0.258,ns
M1vsM2_12m,tertiles,Absolute Mortality,NEPmax,Mid,31,-1.0273,67.7,0.01374,0.258,ns
M1vsM2_12m,tertiles,Absolute Mortality,WUE,Mid,31,-0.01273,58.1,0.3156,0.4177,ns
M1vsM2_12m,tertiles,Absolute Mortality,uWUE,Mid,31,-0.01714,54.8,0.5117,0.5757,ns
M1vsM2_12m,tertiles,Absolute Mortality,ETmax,Low,31,-0.00108,61.3,0.2495,0.3836,ns
M1vsM2_12m,tertiles,Absolute Mortality,GPPsat,Low,31,-0.50754,58.1,0.1179,0.326,ns
M1vsM2_12m,tertiles,Absolute Mortality,NEPmax,Low,31,-0.71907,61.3,0.04692,0.258,ns
M1vsM2_12m,tertiles,Absolute Mortality,WUE,Low,31,-0.02307,51.6,0.1612,0.326,ns
M1vsM2_12m,tertiles,Absolute Mortality,uWUE,Low,31,-0.01859,54.8,0.2816,0.396,ns
M1vsM2_12m,tertiles,Relative Mortality,ETmax,High,31,0.00071,38.7,0.9619,0.9767,ns
M1vsM2_12m,tertiles,Relative Mortality,GPPsat,High,31,-0.60746,67.7,0.03972,0.258,ns
M1vsM2_12m,tertiles,Relative Mortality,NEPmax,High,31,-0.52892,54.8,0.05512,0.258,ns
M1vsM2_12m,tertiles,Relative Mortality,WUE,High,31,-0.02165,58.1,0.197,0.3409,ns
M1vsM2_12m,tertiles,Relative Mortality,uWUE,High,31,0.01103,48.4,0.295,0.4022,ns
M1vsM2_12m,tertiles,Relative Mortality,ETmax,Mid,31,0.00027,48.4,0.2558,0.3836,ns
M1vsM2_12m,tertiles,Relative Mortality,GPPsat,Mid,31,-0.07512,58.1,0.2312,0.3716,ns
M1vsM2_12m,tertiles,Relative Mortality,NEPmax,Mid,31,-0.34252,64.5,0.07488,0.2789,ns
M1vsM2_12m,tertiles,Relative Mortality,WUE,Mid,31,-0.00595,51.6,0.2253,0.3716,ns
M1vsM2_12m,tertiles,Relative Mortality,uWUE,Mid,31,0.0062,48.4,0.5039,0.5757,ns
M1vsM2_12m,tertiles,Relative Mortality,ETmax,Low,31,-0.001,58.1,0.3957,0.4812,ns
M1vsM2_12m,tertiles,Relative Mortality,GPPsat,Low,31,-0.70137,61.3,0.04503,0.258,ns
M1vsM2_12m,tertiles,Relative Mortality,NEPmax,Low,31,-0.97384,61.3,0.03346,0.258,ns
M1vsM2_12m,tertiles,Relative Mortality,WUE,Low,31,-0.03253,54.8,0.1612,0.326,ns
M1vsM2_12m,tertiles,Relative Mortality,uWUE,Low,31,-0.04502,61.3,0.1428,0.326,ns
M1vsM2_12m,tertiles,Relative Disturbance,ETmax,High,31,0.00085,35.5,0.9767,0.9767,ns
M1vsM2_12m,tertiles,Relative Disturbance,GPPsat,High,31,-0.55252,64.5,0.08058,0.2789,ns
M1vsM2_12m,tertiles,Relative Disturbance,NEPmax,High,31,-0.52892,58.1,0.05734,0.258,ns
M1vsM2_12m,tertiles,Relative Disturbance,WUE,High,31,-0.00063,51.6,0.3296,0.4238,ns
M1vsM2_12m,tertiles,Relative Disturbance,uWUE,High,31,0.01307,45.2,0.4262,0.5047,ns
M1vsM2_12m,tertiles,Relative Disturbance,ETmax,Mid,31,-0.00231,61.3,0.05512,0.258,ns
M1vsM2_12m,tertiles,Relative Disturbance,GPPsat,Mid,31,-0.20369,61.3,0.06692,0.2738,ns
M1vsM2_12m,tertiles,Relative Disturbance,NEPmax,Mid,31,-0.30845,61.3,0.03972,0.258,ns
M1vsM2_12m,tertiles,Relative Disturbance,WUE,Mid,31,-0.02165,54.8,0.1811,0.326,ns
M1vsM2_12m,tertiles,Relative Disturbance,uWUE,Mid,31,-0.00315,51.6,0.3658,0.4573,ns
M1vsM2_12m,tertiles,Relative Disturbance,ETmax,Low,31,0.00177,48.4,0.7117,0.7626,ns
M1vsM2_12m,tertiles,Relative Disturbance,GPPsat,Low,31,-0.70137,61.3,0.1141,0.326,ns
M1vsM2_12m,tertiles,Relative Disturbance,NEPmax,Low,31,-1.17385,61.3,0.08974,0.2884,ns
M1vsM2_12m,tertiles,Relative Disturbance,WUE,Low,31,-0.03253,58.1,0.1384,0.326,ns
M1vsM2_12m,tertiles,Relative Disturbance,uWUE,Low,31,-0.04502,61.3,0.1709,0.326,ns
M1vsM2_12m,equal_width,Absolute Mortality,ETmax,Mid,35,4e-04,45.7,0.8269,0.8759,ns
M1vsM2_12m,equal_width,Absolute Mortality,GPPsat,Mid,35,-0.10996,54.3,0.1995,0.3873,ns
M1vsM2_12m,equal_width,Absolute Mortality,NEPmax,Mid,35,-0.16356,54.3,0.186,0.383,ns
M1vsM2_12m,equal_width,Absolute Mortality,WUE,Mid,35,-0.02165,60,0.0759,0.2284,ns
M1vsM2_12m,equal_width,Absolute Mortality,uWUE,Mid,35,-0.04885,51.4,0.1241,0.2853,ns
M1vsM2_12m,equal_width,Absolute Mortality,ETmax,Low,53,-2e-05,50.9,0.2885,0.439,ns
M1vsM2_12m,equal_width,Absolute Mortality,GPPsat,Low,53,-0.73889,71.7,0.002122,0.03713,*
M1vsM2_12m,equal_width,Absolute Mortality,NEPmax,Low,53,-1.17385,67.9,0.001844,0.03713,*
M1vsM2_12m,equal_width,Absolute Mortality,WUE,Low,53,-0.02307,54.7,0.2102,0.3873,ns
M1vsM2_12m,equal_width,Absolute Mortality,uWUE,Low,53,-0.01859,56.6,0.2677,0.439,ns
M1vsM2_12m,equal_width,Absolute Mortality,ETmax,High,5,4e-04,40,,,""
M1vsM2_12m,equal_width,Absolute Mortality,GPPsat,High,5,1.1957,20,,,""
M1vsM2_12m,equal_width,Absolute Mortality,NEPmax,High,5,1.34198,20,,,""
M1vsM2_12m,equal_width,Absolute Mortality,WUE,High,5,0.03348,20,,,""
M1vsM2_12m,equal_width,Absolute Mortality,uWUE,High,5,0.05533,20,,,""
M1vsM2_12m,equal_width,Relative Mortality,ETmax,Mid,33,0.00085,36.4,0.9286,0.9286,ns
M1vsM2_12m,equal_width,Relative Mortality,GPPsat,Mid,33,-0.55252,72.7,0.0175,0.1657,ns
M1vsM2_12m,equal_width,Relative Mortality,NEPmax,Mid,33,-0.53793,63.6,0.02367,0.1657,ns
M1vsM2_12m,equal_width,Relative Mortality,WUE,Mid,33,-0.00447,54.5,0.4644,0.5628,ns
M1vsM2_12m,equal_width,Relative Mortality,uWUE,Mid,33,0.01307,45.5,0.5214,0.6083,ns
M1vsM2_12m,equal_width,Relative Mortality,ETmax,Low,53,-0.00091,56.6,0.2562,0.439,ns
M1vsM2_12m,equal_width,Relative Mortality,GPPsat,Low,53,-0.58265,58.5,0.03759,0.1774,ns
M1vsM2_12m,equal_width,Relative Mortality,NEPmax,Low,53,-0.63775,60.4,0.03278,0.1774,ns
M1vsM2_12m,equal_width,Relative Mortality,WUE,Low,53,-0.03253,56.6,0.06173,0.2161,ns
M1vsM2_12m,equal_width,Relative Mortality,uWUE,Low,53,-0.04502,58.5,0.116,0.2853,ns
M1vsM2_12m,equal_width,Relative Mortality,ETmax,High,7,4e-04,42.9,0.7766,0.8494,ns
M1vsM2_12m,equal_width,Relative Mortality,GPPsat,High,7,0.88131,42.9,0.4663,0.5628,ns
M1vsM2_12m,equal_width,Relative Mortality,NEPmax,High,7,0.11693,42.9,0.2771,0.439,ns
M1vsM2_12m,equal_width,Relative Mortality,WUE,High,7,0.03348,42.9,0.3363,0.4904,ns
M1vsM2_12m,equal_width,Relative Mortality,uWUE,High,7,0.01642,42.9,0.3999,0.5184,ns
M1vsM2_12m,equal_width,Relative Disturbance,ETmax,Mid,35,0.00071,40,0.8508,0.8759,ns
M1vsM2_12m,equal_width,Relative Disturbance,GPPsat,Mid,35,-0.56331,68.6,0.0224,0.1657,ns
M1vsM2_12m,equal_width,Relative Disturbance,NEPmax,Mid,35,-0.53793,60,0.04055,0.1774,ns
M1vsM2_12m,equal_width,Relative Disturbance,WUE,Mid,35,-0.00447,54.3,0.3809,0.5128,ns
M1vsM2_12m,equal_width,Relative Disturbance,uWUE,Mid,35,0.01307,42.9,0.6797,0.7674,ns
M1vsM2_12m,equal_width,Relative Disturbance,ETmax,Low,53,-0.00075,52.8,0.375,0.5128,ns
M1vsM2_12m,equal_width,Relative Disturbance,GPPsat,Low,53,-0.43922,58.5,0.07832,0.2284,ns
M1vsM2_12m,equal_width,Relative Disturbance,NEPmax,Low,53,-0.34252,60.4,0.04802,0.1868,ns
M1vsM2_12m,equal_width,Relative Disturbance,WUE,Low,53,-0.02307,54.7,0.1304,0.2853,ns
M1vsM2_12m,equal_width,Relative Disturbance,uWUE,Low,53,-0.04502,58.5,0.1195,0.2853,ns
M1vsM2_12m,equal_width,Relative Disturbance,ETmax,High,5,-0.00013,60,,,""
M1vsM2_12m,equal_width,Relative Disturbance,GPPsat,High,5,-1.15454,60,,,""
M1vsM2_12m,equal_width,Relative Disturbance,NEPmax,High,5,-2.55421,60,,,""
M1vsM2_12m,equal_width,Relative Disturbance,WUE,High,5,-0.15516,60,,,""
M1vsM2_12m,equal_width,Relative Disturbance,uWUE,High,5,-0.18619,60,,,""
M1vsM2_12m,natural_breaks,Absolute Mortality,ETmax,High,20,7e-05,50,0.7432,0.8108,ns
M1vsM2_12m,natural_breaks,Absolute Mortality,GPPsat,High,20,-0.07716,55,0.2814,0.4523,ns
M1vsM2_12m,natural_breaks,Absolute Mortality,NEPmax,High,20,0.39444,40,0.448,0.5306,ns
M1vsM2_12m,natural_breaks,Absolute Mortality,WUE,High,20,0.02126,45,0.3614,0.4647,ns
M1vsM2_12m,natural_breaks,Absolute Mortality,uWUE,High,20,0.00935,45,0.2814,0.4523,ns
M1vsM2_12m,natural_breaks,Absolute Mortality,ETmax,Mid,43,0.00098,39.5,0.7748,0.8108,ns
M1vsM2_12m,natural_breaks,Absolute Mortality,GPPsat,Mid,43,-0.63172,69.8,0.01142,0.1427,ns
M1vsM2_12m,natural_breaks,Absolute Mortality,NEPmax,Mid,43,-1.0273,69.8,0.002592,0.1166,ns
M1vsM2_12m,natural_breaks,Absolute Mortality,WUE,Mid,43,-0.03362,62.8,0.1294,0.3236,ns
M1vsM2_12m,natural_breaks,Absolute Mortality,uWUE,Mid,43,-0.03291,55.8,0.3253,0.4635,ns
M1vsM2_12m,natural_breaks,Absolute Mortality,ETmax,Low,30,-0.00104,60,0.3181,0.4635,ns
M1vsM2_12m,natural_breaks,Absolute Mortality,GPPsat,Low,30,-0.47338,56.7,0.1618,0.3466,ns
M1vsM2_12m,natural_breaks,Absolute Mortality,NEPmax,Low,30,-0.53079,60,0.064,0.32,ns
M1vsM2_12m,natural_breaks,Absolute Mortality,WUE,Low,30,-0.00386,50,0.2053,0.385,ns
M1vsM2_12m,natural_breaks,Absolute Mortality,uWUE,Low,30,-0.01483,53.3,0.348,0.4647,ns
M1vsM2_12m,natural_breaks,Relative Mortality,ETmax,High,26,0.00078,34.6,0.9873,0.9873,ns
M1vsM2_12m,natural_breaks,Relative Mortality,GPPsat,High,26,-0.55791,61.5,0.1114,0.3236,ns
M1vsM2_12m,natural_breaks,Relative Mortality,NEPmax,High,26,-0.34624,53.8,0.08122,0.3236,ns
M1vsM2_12m,natural_breaks,Relative Mortality,WUE,High,26,-0.00255,53.8,0.2796,0.4523,ns
M1vsM2_12m,natural_breaks,Relative Mortality,uWUE,High,26,0.01205,46.2,0.3803,0.4753,ns
M1vsM2_12m,natural_breaks,Relative Mortality,ETmax,Mid,32,-0.00157,53.1,0.1001,0.3236,ns
M1vsM2_12m,natural_breaks,Relative Mortality,GPPsat,Mid,32,-0.15682,62.5,0.1103,0.3236,ns
M1vsM2_12m,natural_breaks,Relative Mortality,NEPmax,Mid,32,-0.3655,62.5,0.05289,0.32,ns
M1vsM2_12m,natural_breaks,Relative Mortality,WUE,Mid,32,-0.0138,53.1,0.297,0.4609,ns
M1vsM2_12m,natural_breaks,Relative Mortality,uWUE,Mid,32,0.00152,50,0.4888,0.564,ns
M1vsM2_12m,natural_breaks,Relative Mortality,ETmax,Low,35,-0.00075,54.3,0.5683,0.6393,ns
M1vsM2_12m,natural_breaks,Relative Mortality,GPPsat,Low,35,-0.70137,62.9,0.04821,0.32,ns
M1vsM2_12m,natural_breaks,Relative Mortality,NEPmax,Low,35,-0.97384,62.9,0.04055,0.32,ns
M1vsM2_12m,natural_breaks,Relative Mortality,WUE,Low,35,-0.03253,57.1,0.1022,0.3236,ns
M1vsM2_12m,natural_breaks,Relative Mortality,uWUE,Low,35,-0.04502,60,0.1492,0.3466,ns
M1vsM2_12m,natural_breaks,Relative Disturbance,ETmax,Mid,35,-0.00108,60,0.05699,0.32,ns
M1vsM2_12m,natural_breaks,Relative Disturbance,GPPsat,Mid,35,-0.55252,68.6,0.01268,0.1427,ns
M1vsM2_12m,natural_breaks,Relative Disturbance,NEPmax,Mid,35,-0.53793,68.6,0.005433,0.1223,ns
M1vsM2_12m,natural_breaks,Relative Disturbance,WUE,Mid,35,-0.02165,57.1,0.1995,0.385,ns
M1vsM2_12m,natural_breaks,Relative Disturbance,uWUE,Mid,35,-0.00315,51.4,0.4446,0.5306,ns
M1vsM2_12m,natural_breaks,Relative Disturbance,ETmax,Low,35,0.00177,45.7,0.767,0.8108,ns
M1vsM2_12m,natural_breaks,Relative Disturbance,GPPsat,Low,35,-0.66822,60,0.1175,0.3236,ns
M1vsM2_12m,natural_breaks,Relative Disturbance,NEPmax,Low,35,-0.71907,57.1,0.1241,0.3236,ns
M1vsM2_12m,natural_breaks,Relative Disturbance,WUE,Low,35,-0.03253,57.1,0.1569,0.3466,ns
M1vsM2_12m,natural_breaks,Relative Disturbance,uWUE,Low,35,-0.04502,60,0.1995,0.385,ns
M1vsM2_12m,natural_breaks,Relative Disturbance,ETmax,High,23,0.00085,34.8,0.9693,0.9873,ns
M1vsM2_12m,natural_breaks,Relative Disturbance,GPPsat,High,23,-0.5167,56.5,0.2566,0.4523,ns
M1vsM2_12m,natural_breaks,Relative Disturbance,NEPmax,High,23,-0.16356,52.2,0.127,0.3236,ns
M1vsM2_12m,natural_breaks,Relative Disturbance,WUE,High,23,0.00903,47.8,0.3296,0.4635,ns
M1vsM2_12m,natural_breaks,Relative Disturbance,uWUE,High,23,0.01307,43.5,0.3519,0.4647,ns
M1vsM2_24m,tertiles,Absolute Mortality,ETmax,High,31,-0.00018,58.1,0.4493,0.5184,ns
M1vsM2_24m,tertiles,Absolute Mortality,GPPsat,High,31,0.01094,48.4,0.275,0.375,ns
M1vsM2_24m,tertiles,Absolute Mortality,NEPmax,High,31,-0.31958,61.3,0.1341,0.3278,ns
M1vsM2_24m,tertiles,Absolute Mortality,WUE,High,31,-0.03708,54.8,0.1384,0.3278,ns
M1vsM2_24m,tertiles,Absolute Mortality,uWUE,High,31,-0.02683,61.3,0.1031,0.3094,ns
M1vsM2_24m,tertiles,Absolute Mortality,ETmax,Mid,31,0.00109,38.7,0.7975,0.8346,ns
M1vsM2_24m,tertiles,Absolute Mortality,GPPsat,Mid,31,-0.6638,67.7,0.008633,0.2533,ns
M1vsM2_24m,tertiles,Absolute Mortality,NEPmax,Mid,31,-0.64208,67.7,0.01518,0.2533,ns
M1vsM2_24m,tertiles,Absolute Mortality,WUE,Mid,31,-0.03192,54.8,0.3512,0.4515,ns
M1vsM2_24m,tertiles,Absolute Mortality,uWUE,Mid,31,0.02485,48.4,0.6268,0.6795,ns
M1vsM2_24m,tertiles,Absolute Mortality,ETmax,Low,31,-0.0018,61.3,0.1811,0.3558,ns
M1vsM2_24m,tertiles,Absolute Mortality,GPPsat,Low,31,-0.27626,58.1,0.1299,0.3278,ns
M1vsM2_24m,tertiles,Absolute Mortality,NEPmax,Low,31,-1.12888,58.1,0.0432,0.2533,ns
M1vsM2_24m,tertiles,Absolute Mortality,WUE,Low,31,-0.01429,54.8,0.2312,0.3558,ns
M1vsM2_24m,tertiles,Absolute Mortality,uWUE,Low,31,-0.01474,54.8,0.3658,0.4573,ns
M1vsM2_24m,tertiles,Relative Mortality,ETmax,High,31,0.00069,45.2,0.8933,0.9136,ns
M1vsM2_24m,tertiles,Relative Mortality,GPPsat,High,31,-0.6345,61.3,0.03807,0.2533,ns
M1vsM2_24m,tertiles,Relative Mortality,NEPmax,High,31,-0.38131,58.1,0.07488,0.2808,ns
M1vsM2_24m,tertiles,Relative Mortality,WUE,High,31,-0.03708,58.1,0.166,0.3558,ns
M1vsM2_24m,tertiles,Relative Mortality,uWUE,High,31,-0.01218,61.3,0.2194,0.3558,ns
M1vsM2_24m,tertiles,Relative Mortality,ETmax,Mid,31,-0.00122,54.8,0.2253,0.3558,ns
M1vsM2_24m,tertiles,Relative Mortality,GPPsat,Mid,31,-0.07805,51.6,0.2495,0.3597,ns
M1vsM2_24m,tertiles,Relative Mortality,NEPmax,Mid,31,-0.49734,67.7,0.06441,0.2808,ns
M1vsM2_24m,tertiles,Relative Mortality,WUE,Mid,31,0.01237,45.2,0.2253,0.3558,ns
M1vsM2_24m,tertiles,Relative Mortality,uWUE,Mid,31,0.02485,45.2,0.6193,0.6795,ns
M1vsM2_24m,tertiles,Relative Mortality,ETmax,Low,31,-0.0018,58.1,0.3086,0.4085,ns
M1vsM2_24m,tertiles,Relative Mortality,GPPsat,Low,31,-0.67586,61.3,0.05963,0.2808,ns
M1vsM2_24m,tertiles,Relative Mortality,NEPmax,Low,31,-1.41459,61.3,0.01935,0.2533,ns
M1vsM2_24m,tertiles,Relative Mortality,WUE,Low,31,-0.03192,61.3,0.1916,0.3558,ns
M1vsM2_24m,tertiles,Relative Mortality,uWUE,Low,31,-0.04282,58.1,0.197,0.3558,ns
M1vsM2_24m,tertiles,Relative Disturbance,ETmax,High,31,0.00109,38.7,0.9278,0.9278,ns
M1vsM2_24m,tertiles,Relative Disturbance,GPPsat,High,31,-0.60273,58.1,0.0695,0.2808,ns
M1vsM2_24m,tertiles,Relative Disturbance,NEPmax,High,31,-0.54975,61.3,0.04503,0.2533,ns
M1vsM2_24m,tertiles,Relative Disturbance,WUE,High,31,-0.0266,51.6,0.2137,0.3558,ns
M1vsM2_24m,tertiles,Relative Disturbance,uWUE,High,31,-0.00976,54.8,0.4493,0.5184,ns
M1vsM2_24m,tertiles,Relative Disturbance,ETmax,Mid,31,-0.0018,71,0.03346,0.2533,ns
M1vsM2_24m,tertiles,Relative Disturbance,GPPsat,Mid,31,-0.11549,54.8,0.09296,0.2988,ns
M1vsM2_24m,tertiles,Relative Disturbance,NEPmax,Mid,31,-0.31958,64.5,0.03648,0.2533,ns
M1vsM2_24m,tertiles,Relative Disturbance,WUE,Mid,31,-0.03182,51.6,0.2372,0.3558,ns
M1vsM2_24m,tertiles,Relative Disturbance,uWUE,Mid,31,-0.01805,51.6,0.3881,0.4721,ns
M1vsM2_24m,tertiles,Relative Disturbance,ETmax,Low,31,3e-05,48.4,0.6342,0.6795,ns
M1vsM2_24m,tertiles,Relative Disturbance,GPPsat,Low,31,-0.67586,61.3,0.1141,0.3208,ns
M1vsM2_24m,tertiles,Relative Disturbance,NEPmax,Low,31,-0.78502,61.3,0.08355,0.2892,ns
M1vsM2_24m,tertiles,Relative Disturbance,WUE,Low,31,-0.03192,61.3,0.2558,0.3597,ns
M1vsM2_24m,tertiles,Relative Disturbance,uWUE,Low,31,-0.04282,58.1,0.2253,0.3558,ns
M1vsM2_24m,equal_width,Absolute Mortality,ETmax,Mid,35,-0.00015,51.4,0.767,0.7895,ns
M1vsM2_24m,equal_width,Absolute Mortality,GPPsat,Mid,35,-0.07805,51.4,0.1949,0.3555,ns
M1vsM2_24m,equal_width,Absolute Mortality,NEPmax,Mid,35,-0.25174,62.9,0.1417,0.3536,ns
M1vsM2_24m,equal_width,Absolute Mortality,WUE,Mid,35,-0.03577,54.3,0.1022,0.2979,ns
M1vsM2_24m,equal_width,Absolute Mortality,uWUE,Mid,35,-0.01805,60,0.09095,0.2894,ns
M1vsM2_24m,equal_width,Absolute Mortality,ETmax,Low,53,-0.00093,52.8,0.188,0.3555,ns
M1vsM2_24m,equal_width,Absolute Mortality,GPPsat,Low,53,-0.73321,66,0.003466,0.06066,ns
M1vsM2_24m,equal_width,Absolute Mortality,NEPmax,Low,53,-1.12888,66,0.0008369,0.02929,*
M1vsM2_24m,equal_width,Absolute Mortality,WUE,Low,53,-0.03182,56.6,0.218,0.3555,ns
M1vsM2_24m,equal_width,Absolute Mortality,uWUE,Low,53,-0.01218,52.8,0.4124,0.5155,ns
M1vsM2_24m,equal_width,Absolute Mortality,ETmax,High,5,-0.00034,60,,,""
M1vsM2_24m,equal_width,Absolute Mortality,GPPsat,High,5,0.86909,20,,,""
M1vsM2_24m,equal_width,Absolute Mortality,NEPmax,High,5,1.40173,20,,,""
M1vsM2_24m,equal_width,Absolute Mortality,WUE,High,5,0.04063,40,,,""
M1vsM2_24m,equal_width,Absolute Mortality,uWUE,High,5,0.14319,40,,,""
M1vsM2_24m,equal_width,Relative Mortality,ETmax,Mid,33,0.00079,42.4,0.85,0.85,ns
M1vsM2_24m,equal_width,Relative Mortality,GPPsat,Mid,33,-0.35787,63.6,0.02174,0.1709,ns
M1vsM2_24m,equal_width,Relative Mortality,NEPmax,Mid,33,-0.4711,63.6,0.03419,0.1709,ns
M1vsM2_24m,equal_width,Relative Mortality,WUE,Mid,33,-0.03182,54.5,0.3084,0.4318,ns
M1vsM2_24m,equal_width,Relative Mortality,uWUE,Mid,33,-0.00976,54.5,0.5427,0.6127,ns
M1vsM2_24m,equal_width,Relative Mortality,ETmax,Low,53,-0.00158,58.5,0.1718,0.3536,ns
M1vsM2_24m,equal_width,Relative Mortality,GPPsat,Low,53,-0.41863,56.6,0.04136,0.1809,ns
M1vsM2_24m,equal_width,Relative Mortality,NEPmax,Low,53,-0.64208,62.3,0.01681,0.1709,ns
M1vsM2_24m,equal_width,Relative Mortality,WUE,Low,53,-0.03192,56.6,0.1267,0.3412,ns
M1vsM2_24m,equal_width,Relative Mortality,uWUE,Low,53,-0.02683,54.7,0.1564,0.3536,ns
M1vsM2_24m,equal_width,Relative Mortality,ETmax,High,7,-0.00034,57.1,0.5337,0.6127,ns
M1vsM2_24m,equal_width,Relative Mortality,GPPsat,High,7,0.86909,42.9,0.4663,0.5628,ns
M1vsM2_24m,equal_width,Relative Mortality,NEPmax,High,7,-0.54975,57.1,0.2234,0.3555,ns
M1vsM2_24m,equal_width,Relative Mortality,WUE,High,7,0.04063,42.9,0.3363,0.4359,ns
M1vsM2_24m,equal_width,Relative Mortality,uWUE,High,7,-0.01215,57.1,0.3363,0.4359,ns
M1vsM2_24m,equal_width,Relative Disturbance,ETmax,Mid,35,0.00069,45.7,0.6855,0.7271,ns
M1vsM2_24m,equal_width,Relative Disturbance,GPPsat,Mid,35,-0.60273,60,0.02926,0.1709,ns
M1vsM2_24m,equal_width,Relative Disturbance,NEPmax,Mid,35,-0.38131,62.9,0.05333,0.2074,ns
M1vsM2_24m,equal_width,Relative Disturbance,WUE,Mid,35,-0.03182,54.3,0.2588,0.3939,ns
M1vsM2_24m,equal_width,Relative Disturbance,uWUE,Mid,35,-0.00606,51.4,0.6559,0.7174,ns
M1vsM2_24m,equal_width,Relative Disturbance,ETmax,Low,53,-0.00122,56.6,0.2765,0.4033,ns
M1vsM2_24m,equal_width,Relative Disturbance,GPPsat,Low,53,-0.12616,56.6,0.07451,0.2608,ns
M1vsM2_24m,equal_width,Relative Disturbance,NEPmax,Low,53,-0.62164,60.4,0.03027,0.1709,ns
M1vsM2_24m,equal_width,Relative Disturbance,WUE,Low,53,-0.02591,54.7,0.2206,0.3555,ns
M1vsM2_24m,equal_width,Relative Disturbance,uWUE,Low,53,-0.02683,54.7,0.1651,0.3536,ns
M1vsM2_24m,equal_width,Relative Disturbance,ETmax,High,5,-0.00034,60,,,""
M1vsM2_24m,equal_width,Relative Disturbance,GPPsat,High,5,-1.09929,60,,,""
M1vsM2_24m,equal_width,Relative Disturbance,NEPmax,High,5,-2.72483,80,,,""
M1vsM2_24m,equal_width,Relative Disturbance,WUE,High,5,-0.1773,60,,,""
M1vsM2_24m,equal_width,Relative Disturbance,uWUE,High,5,-0.18433,80,,,""
M1vsM2_24m,natural_breaks,Absolute Mortality,ETmax,High,20,-0.00026,60,0.4333,0.5187,ns
M1vsM2_24m,natural_breaks,Absolute Mortality,GPPsat,High,20,0.0039,50,0.2814,0.397,ns
M1vsM2_24m,natural_breaks,Absolute Mortality,NEPmax,High,20,0.1134,50,0.448,0.5187,ns
M1vsM2_24m,natural_breaks,Absolute Mortality,WUE,High,20,0.01858,45,0.3755,0.497,ns
M1vsM2_24m,natural_breaks,Absolute Mortality,uWUE,High,20,-0.02454,60,0.1198,0.3466,ns
M1vsM2_24m,natural_breaks,Absolute Mortality,ETmax,Mid,43,0.00079,44.2,0.6571,0.704,ns
M1vsM2_24m,natural_breaks,Absolute Mortality,GPPsat,Mid,43,-0.6345,62.8,0.01216,0.1824,ns
M1vsM2_24m,natural_breaks,Absolute Mortality,NEPmax,Mid,43,-0.68747,72.1,0.002592,0.1166,ns
M1vsM2_24m,natural_breaks,Absolute Mortality,WUE,Mid,43,-0.04389,60.5,0.1244,0.3466,ns
M1vsM2_24m,natural_breaks,Absolute Mortality,uWUE,Mid,43,-0.01684,53.5,0.4496,0.5187,ns
M1vsM2_24m,natural_breaks,Absolute Mortality,ETmax,Low,30,-0.0018,60,0.2358,0.3968,ns
M1vsM2_24m,natural_breaks,Absolute Mortality,GPPsat,Low,30,-0.19587,56.7,0.1773,0.378,ns
M1vsM2_24m,natural_breaks,Absolute Mortality,NEPmax,Low,30,-0.95703,56.7,0.05662,0.2831,ns
M1vsM2_24m,natural_breaks,Absolute Mortality,WUE,Low,30,-0.01273,53.3,0.2823,0.397,ns
M1vsM2_24m,natural_breaks,Absolute Mortality,uWUE,Low,30,-0.01225,53.3,0.4185,0.5187,ns
M1vsM2_24m,natural_breaks,Relative Mortality,ETmax,High,26,0.00094,42.3,0.933,0.933,ns
M1vsM2_24m,natural_breaks,Relative Mortality,GPPsat,High,26,-0.61861,57.7,0.08511,0.3466,ns
M1vsM2_24m,natural_breaks,Relative Mortality,NEPmax,High,26,-0.4262,57.7,0.08511,0.3466,ns
M1vsM2_24m,natural_breaks,Relative Mortality,WUE,High,26,-0.03184,53.8,0.223,0.3968,ns
M1vsM2_24m,natural_breaks,Relative Mortality,uWUE,High,26,-0.01096,57.7,0.3057,0.4169,ns
M1vsM2_24m,natural_breaks,Relative Mortality,ETmax,Mid,32,-0.0014,59.4,0.09371,0.3466,ns
M1vsM2_24m,natural_breaks,Relative Mortality,GPPsat,Mid,32,-0.09677,53.1,0.1725,0.378,ns
M1vsM2_24m,natural_breaks,Relative Mortality,NEPmax,Mid,32,-0.40846,65.6,0.05494,0.2831,ns
M1vsM2_24m,natural_breaks,Relative Mortality,WUE,Mid,32,-0.01579,50,0.2717,0.397,ns
M1vsM2_24m,natural_breaks,Relative Mortality,uWUE,Mid,32,-0.00647,50,0.6283,0.6895,ns
M1vsM2_24m,natural_breaks,Relative Mortality,ETmax,Low,35,-0.00093,54.3,0.4382,0.5187,ns
M1vsM2_24m,natural_breaks,Relative Mortality,GPPsat,Low,35,-0.67586,62.9,0.05514,0.2831,ns
M1vsM2_24m,natural_breaks,Relative Mortality,NEPmax,Low,35,-1.12888,62.9,0.03151,0.2831,ns
M1vsM2_24m,natural_breaks,Relative Mortality,WUE,Low,35,-0.03192,60,0.1774,0.378,ns
M1vsM2_24m,natural_breaks,Relative Mortality,uWUE,Low,35,-0.04282,57.1,0.1649,0.378,ns
M1vsM2_24m,natural_breaks,Relative Disturbance,ETmax,Mid,35,-0.00162,65.7,0.05333,0.2831,ns
M1vsM2_24m,natural_breaks,Relative Disturbance,GPPsat,Mid,35,-0.35787,62.9,0.01628,0.1831,ns
M1vsM2_24m,natural_breaks,Relative Disturbance,NEPmax,Mid,35,-0.68747,71.4,0.006248,0.1406,ns
M1vsM2_24m,natural_breaks,Relative Disturbance,WUE,Mid,35,-0.0266,51.4,0.2381,0.3968,ns
M1vsM2_24m,natural_breaks,Relative Disturbance,uWUE,Mid,35,0.00512,48.6,0.5554,0.6248,ns
M1vsM2_24m,natural_breaks,Relative Disturbance,ETmax,Low,35,0.00099,45.7,0.7027,0.7354,ns
M1vsM2_24m,natural_breaks,Relative Disturbance,GPPsat,Low,35,-0.41863,57.1,0.1309,0.3466,ns
M1vsM2_24m,natural_breaks,Relative Disturbance,NEPmax,Low,35,-0.64208,57.1,0.1112,0.3466,ns
M1vsM2_24m,natural_breaks,Relative Disturbance,WUE,Low,35,-0.03192,60,0.2483,0.397,ns
M1vsM2_24m,natural_breaks,Relative Disturbance,uWUE,Low,35,-0.04282,57.1,0.2588,0.397,ns
M1vsM2_24m,natural_breaks,Relative Disturbance,ETmax,High,23,0.00079,43.5,0.8459,0.8651,ns
M1vsM2_24m,natural_breaks,Relative Disturbance,GPPsat,High,23,-0.32321,52.2,0.2015,0.394,ns
M1vsM2_24m,natural_breaks,Relative Disturbance,NEPmax,High,23,-0.38131,56.5,0.1208,0.3466,ns
M1vsM2_24m,natural_breaks,Relative Disturbance,WUE,High,23,-0.03708,52.2,0.2101,0.394,ns
M1vsM2_24m,natural_breaks,Relative Disturbance,uWUE,High,23,-0.01215,60.9,0.1848,0.378,ns
M3vsM4_12m,tertiles,Absolute Mortality,ETmax,High,31,-2e-05,51.6,0.5507,0.6195,ns
M3vsM4_12m,tertiles,Absolute Mortality,GPPsat,High,31,-0.34501,67.7,0.01594,0.06522,ns
M3vsM4_12m,tertiles,Absolute Mortality,NEPmax,High,31,-0.53215,83.9,0.00048,0.0054,**
M3vsM4_12m,tertiles,Absolute Mortality,WUE,High,31,-0.07757,67.7,0.04143,0.1215,ns
M3vsM4_12m,tertiles,Absolute Mortality,uWUE,High,31,-0.03924,67.7,0.02679,0.09273,ns
M3vsM4_12m,tertiles,Absolute Mortality,ETmax,Mid,31,0.00064,38.7,0.8659,0.8659,ns
M3vsM4_12m,tertiles,Absolute Mortality,GPPsat,Mid,31,-0.15938,64.5,0.1031,0.2109,ns
M3vsM4_12m,tertiles,Absolute Mortality,NEPmax,Mid,31,-0.31887,67.7,0.06198,0.155,ns
M3vsM4_12m,tertiles,Absolute Mortality,WUE,Mid,31,-0.00335,51.6,0.4416,0.5371,ns
M3vsM4_12m,tertiles,Absolute Mortality,uWUE,Mid,31,0.02635,45.2,0.803,0.8213,ns
M3vsM4_12m,tertiles,Absolute Mortality,ETmax,Low,31,-0.00132,64.5,0.08974,0.2019,ns
M3vsM4_12m,tertiles,Absolute Mortality,GPPsat,Low,31,-0.38988,61.3,0.01757,0.06591,ns
M3vsM4_12m,tertiles,Absolute Mortality,NEPmax,Low,31,-0.49535,83.9,0.0001192,0.002683,**
M3vsM4_12m,tertiles,Absolute Mortality,WUE,Low,31,-0.00948,51.6,0.5195,0.5995,ns
M3vsM4_12m,tertiles,Absolute Mortality,uWUE,Low,31,-0.01,51.6,0.2372,0.3444,ns
M3vsM4_12m,tertiles,Relative Mortality,ETmax,High,31,2e-05,48.4,0.6704,0.7182,ns
M3vsM4_12m,tertiles,Relative Mortality,GPPsat,High,31,-0.15617,64.5,0.08058,0.1909,ns
M3vsM4_12m,tertiles,Relative Mortality,NEPmax,High,31,-0.62927,77.4,0.006588,0.04235,*
M3vsM4_12m,tertiles,Relative Mortality,WUE,High,31,-0.0279,61.3,0.2253,0.3444,ns
M3vsM4_12m,tertiles,Relative Mortality,uWUE,High,31,-0.02575,67.7,0.1031,0.2109,ns
M3vsM4_12m,tertiles,Relative Mortality,ETmax,Mid,31,-0.00023,51.6,0.3585,0.494,ns
M3vsM4_12m,tertiles,Relative Mortality,GPPsat,Mid,31,-0.39488,71,0.009103,0.05121,ns
M3vsM4_12m,tertiles,Relative Mortality,NEPmax,Mid,31,-0.49535,83.9,0.0003886,0.0054,**
M3vsM4_12m,tertiles,Relative Mortality,WUE,Mid,31,-0.04824,58.1,0.1384,0.2708,ns
M3vsM4_12m,tertiles,Relative Mortality,uWUE,Mid,31,0.00863,45.2,0.6342,0.696,ns
M3vsM4_12m,tertiles,Relative Mortality,ETmax,Low,31,-0.00012,54.8,0.3732,0.494,ns
M3vsM4_12m,tertiles,Relative Mortality,GPPsat,Low,31,-0.55866,58.1,0.0432,0.1215,ns
M3vsM4_12m,tertiles,Relative Mortality,NEPmax,Low,31,-0.32881,74.2,0.005274,0.04235,*
M3vsM4_12m,tertiles,Relative Mortality,WUE,Low,31,-0.00948,51.6,0.3957,0.4946,ns
M3vsM4_12m,tertiles,Relative Mortality,uWUE,Low,31,-0.01,51.6,0.176,0.2933,ns
M3vsM4_12m,tertiles,Relative Disturbance,ETmax,High,31,-2e-05,51.6,0.3881,0.4946,ns
M3vsM4_12m,tertiles,Relative Disturbance,GPPsat,High,31,-0.30769,64.5,0.05089,0.1347,ns
M3vsM4_12m,tertiles,Relative Disturbance,NEPmax,High,31,-0.62927,77.4,0.006588,0.04235,*
M3vsM4_12m,tertiles,Relative Disturbance,WUE,High,31,-0.03283,61.3,0.176,0.2933,ns
M3vsM4_12m,tertiles,Relative Disturbance,uWUE,High,31,-0.02238,61.3,0.176,0.2933,ns
M3vsM4_12m,tertiles,Relative Disturbance,ETmax,Mid,31,-0.00056,58.1,0.1612,0.2933,ns
M3vsM4_12m,tertiles,Relative Disturbance,GPPsat,Mid,31,-0.30681,71,0.01444,0.065,ns
M3vsM4_12m,tertiles,Relative Disturbance,NEPmax,Mid,31,-0.49535,83.9,8.086e-05,0.002683,**
M3vsM4_12m,tertiles,Relative Disturbance,WUE,Mid,31,-0.02677,58.1,0.2137,0.3434,ns
M3vsM4_12m,tertiles,Relative Disturbance,uWUE,Mid,31,-0.00197,51.6,0.4805,0.569,ns
M3vsM4_12m,tertiles,Relative Disturbance,ETmax,Low,31,0.00034,45.2,0.7688,0.8045,ns
M3vsM4_12m,tertiles,Relative Disturbance,GPPsat,Low,31,-0.38988,58.1,0.03972,0.1215,ns
M3vsM4_12m,tertiles,Relative Disturbance,NEPmax,Low,31,-0.32881,74.2,0.01122,0.05608,ns
M3vsM4_12m,tertiles,Relative Disturbance,WUE,Low,31,-0.00948,51.6,0.3658,0.494,ns
M3vsM4_12m,tertiles,Relative Disturbance,uWUE,Low,31,-0.01,51.6,0.2372,0.3444,ns
M3vsM4_12m,equal_width,Absolute Mortality,ETmax,Mid,35,6e-04,45.7,0.8183,0.8183,ns
M3vsM4_12m,equal_width,Absolute Mortality,GPPsat,Mid,35,-0.08913,62.9,0.09366,0.2109,ns
M3vsM4_12m,equal_width,Absolute Mortality,NEPmax,Mid,35,-0.31887,80,0.0006443,0.005638,**
M3vsM4_12m,equal_width,Absolute Mortality,WUE,Mid,35,-0.05143,60,0.09643,0.2109,ns
M3vsM4_12m,equal_width,Absolute Mortality,uWUE,Mid,35,-0.05676,68.6,0.02818,0.09647,ns
M3vsM4_12m,equal_width,Absolute Mortality,ETmax,Low,53,-0.00012,54.7,0.1928,0.3295,ns
M3vsM4_12m,equal_width,Absolute Mortality,GPPsat,Low,53,-0.38988,64.2,0.004168,0.01824,*
M3vsM4_12m,equal_width,Absolute Mortality,NEPmax,Low,53,-0.49535,77.4,0.0001154,0.001346,**
M3vsM4_12m,equal_width,Absolute Mortality,WUE,Low,53,-0.00948,52.8,0.4542,0.5265,ns
M3vsM4_12m,equal_width,Absolute Mortality,uWUE,Low,53,0.01529,47.2,0.5106,0.5585,ns
M3vsM4_12m,equal_width,Absolute Mortality,ETmax,High,5,-0.00116,60,,,""
M3vsM4_12m,equal_width,Absolute Mortality,GPPsat,High,5,-0.42498,80,,,""
M3vsM4_12m,equal_width,Absolute Mortality,NEPmax,High,5,-0.24196,80,,,""
M3vsM4_12m,equal_width,Absolute Mortality,WUE,High,5,-0.07757,80,,,""
M3vsM4_12m,equal_width,Absolute Mortality,uWUE,High,5,0.04254,40,,,""
M3vsM4_12m,equal_width,Relative Mortality,ETmax,Mid,33,2e-05,48.5,0.5285,0.5605,ns
M3vsM4_12m,equal_width,Relative Mortality,GPPsat,Mid,33,-0.29591,69.7,0.03032,0.09647,ns
M3vsM4_12m,equal_width,Relative Mortality,NEPmax,Mid,33,-0.62927,78.8,0.004091,0.01824,*
M3vsM4_12m,equal_width,Relative Mortality,WUE,Mid,33,-0.0091,60.6,0.3943,0.5112,ns
M3vsM4_12m,equal_width,Relative Mortality,uWUE,Mid,33,-0.01761,63.6,0.2898,0.4058,ns
M3vsM4_12m,equal_width,Relative Mortality,ETmax,Low,53,-0.00012,52.8,0.375,0.5048,ns
M3vsM4_12m,equal_width,Relative Mortality,GPPsat,Low,53,-0.38988,60.4,0.008833,0.03435,*
M3vsM4_12m,equal_width,Relative Mortality,NEPmax,Low,53,-0.32881,77.4,0.0001076,0.001346,**
M3vsM4_12m,equal_width,Relative Mortality,WUE,Low,53,-0.01123,52.8,0.2154,0.3317,ns
M3vsM4_12m,equal_width,Relative Mortality,uWUE,Low,53,0.00863,49.1,0.218,0.3317,ns
M3vsM4_12m,equal_width,Relative Mortality,ETmax,High,7,-0.00015,57.1,0.4663,0.5265,ns
M3vsM4_12m,equal_width,Relative Mortality,GPPsat,High,7,-0.42498,71.4,0.1359,0.2799,ns
M3vsM4_12m,equal_width,Relative Mortality,NEPmax,High,7,-0.75453,85.7,0.07539,0.1885,ns
M3vsM4_12m,equal_width,Relative Mortality,WUE,High,7,-0.13255,71.4,0.07539,0.1885,ns
M3vsM4_12m,equal_width,Relative Mortality,uWUE,High,7,-0.01293,57.1,0.2771,0.404,ns
M3vsM4_12m,equal_width,Relative Disturbance,ETmax,Mid,35,-7e-05,54.3,0.1774,0.3267,ns
M3vsM4_12m,equal_width,Relative Disturbance,GPPsat,Mid,35,-0.15938,68.6,0.04055,0.1183,ns
M3vsM4_12m,equal_width,Relative Disturbance,NEPmax,Mid,35,-0.33823,80,0.003194,0.01824,*
M3vsM4_12m,equal_width,Relative Disturbance,WUE,Mid,35,-0.00463,57.1,0.4511,0.5265,ns
M3vsM4_12m,equal_width,Relative Disturbance,uWUE,Mid,35,-0.01761,60,0.4125,0.5156,ns
M3vsM4_12m,equal_width,Relative Disturbance,ETmax,Low,53,8e-05,49.1,0.6284,0.6469,ns
M3vsM4_12m,equal_width,Relative Disturbance,GPPsat,Low,53,-0.50845,62.3,0.004168,0.01824,*
M3vsM4_12m,equal_width,Relative Disturbance,NEPmax,Low,53,-0.33974,77.4,9.353e-05,0.001346,**
M3vsM4_12m,equal_width,Relative Disturbance,WUE,Low,53,-0.01515,54.7,0.1543,0.3001,ns
M3vsM4_12m,equal_width,Relative Disturbance,uWUE,Low,53,-0.00197,50.9,0.1977,0.3295,ns
M3vsM4_12m,equal_width,Relative Disturbance,ETmax,High,5,-0.00015,60,,,""
M3vsM4_12m,equal_width,Relative Disturbance,GPPsat,High,5,-0.82079,60,,,""
M3vsM4_12m,equal_width,Relative Disturbance,NEPmax,High,5,-1.17979,80,,,""
M3vsM4_12m,equal_width,Relative Disturbance,WUE,High,5,-0.18221,80,,,""
M3vsM4_12m,equal_width,Relative Disturbance,uWUE,High,5,-0.1406,60,,,""
M3vsM4_12m,natural_breaks,Absolute Mortality,ETmax,High,20,-9e-05,55,0.4926,0.5833,ns
M3vsM4_12m,natural_breaks,Absolute Mortality,GPPsat,High,20,-0.32635,75,0.0323,0.1054,ns
M3vsM4_12m,natural_breaks,Absolute Mortality,NEPmax,High,20,-0.30493,85,0.004735,0.03321,*
M3vsM4_12m,natural_breaks,Absolute Mortality,WUE,High,20,-0.04829,60,0.2333,0.3579,ns
M3vsM4_12m,natural_breaks,Absolute Mortality,uWUE,High,20,-0.05001,65,0.07015,0.1754,ns
M3vsM4_12m,natural_breaks,Absolute Mortality,ETmax,Mid,43,0.00064,41.9,0.8027,0.814,ns
M3vsM4_12m,natural_breaks,Absolute Mortality,GPPsat,Mid,43,-0.29591,62.8,0.03278,0.1054,ns
M3vsM4_12m,natural_breaks,Absolute Mortality,NEPmax,Mid,43,-0.33974,72.1,0.006768,0.03321,*
M3vsM4_12m,natural_breaks,Absolute Mortality,WUE,Mid,43,-0.03283,60.5,0.09508,0.1945,ns
M3vsM4_12m,natural_breaks,Absolute Mortality,uWUE,Mid,43,-0.01465,53.5,0.4831,0.5833,ns
M3vsM4_12m,natural_breaks,Absolute Mortality,ETmax,Low,30,-9e-04,63.3,0.1205,0.2358,ns
M3vsM4_12m,natural_breaks,Absolute Mortality,GPPsat,Low,30,-0.27932,60,0.02788,0.1046,ns
M3vsM4_12m,natural_breaks,Absolute Mortality,NEPmax,Low,30,-0.51856,83.3,0.0001594,0.007175,**
M3vsM4_12m,natural_breaks,Absolute Mortality,WUE,Low,30,-0.00351,50,0.5491,0.6177,ns
M3vsM4_12m,natural_breaks,Absolute Mortality,uWUE,Low,30,0.00264,50,0.2964,0.4042,ns
M3vsM4_12m,natural_breaks,Relative Mortality,ETmax,High,26,0,50,0.6389,0.6686,ns
M3vsM4_12m,natural_breaks,Relative Mortality,GPPsat,High,26,-0.3018,65.4,0.08122,0.1828,ns
M3vsM4_12m,natural_breaks,Relative Mortality,NEPmax,High,26,-0.48375,80.8,0.00738,0.03321,*
M3vsM4_12m,natural_breaks,Relative Mortality,WUE,High,26,-0.03036,61.5,0.2545,0.3579,ns
M3vsM4_12m,natural_breaks,Relative Mortality,uWUE,High,26,-0.03081,65.4,0.1489,0.268,ns
M3vsM4_12m,natural_breaks,Relative Mortality,ETmax,Mid,32,-0.00059,56.2,0.129,0.2418,ns
M3vsM4_12m,natural_breaks,Relative Mortality,GPPsat,Mid,32,-0.14323,65.6,0.04898,0.1377,ns
M3vsM4_12m,natural_breaks,Relative Mortality,NEPmax,Mid,32,-0.43006,78.1,0.002175,0.02447,*
M3vsM4_12m,natural_breaks,Relative Mortality,WUE,Mid,32,-0.03751,59.4,0.1586,0.2716,ns
M3vsM4_12m,natural_breaks,Relative Mortality,uWUE,Mid,32,-4e-05,50,0.5484,0.6177,ns
M3vsM4_12m,natural_breaks,Relative Mortality,ETmax,Low,35,8e-05,48.6,0.6376,0.6686,ns
M3vsM4_12m,natural_breaks,Relative Mortality,GPPsat,Low,35,-0.65305,62.9,0.009797,0.04008,*
M3vsM4_12m,natural_breaks,Relative Mortality,NEPmax,Low,35,-0.33974,77.1,0.001009,0.01514,*
M3vsM4_12m,natural_breaks,Relative Mortality,WUE,Low,35,-0.00948,51.4,0.3203,0.424,ns
M3vsM4_12m,natural_breaks,Relative Mortality,uWUE,Low,35,-0.01,51.4,0.169,0.2716,ns
M3vsM4_12m,natural_breaks,Relative Disturbance,ETmax,Mid,35,-0.00027,57.1,0.0883,0.1892,ns
M3vsM4_12m,natural_breaks,Relative Disturbance,GPPsat,Mid,35,-0.30681,74.3,0.005965,0.03321,*
M3vsM4_12m,natural_breaks,Relative Disturbance,NEPmax,Mid,35,-0.36477,80,0.0006085,0.01369,*
M3vsM4_12m,natural_breaks,Relative Disturbance,WUE,Mid,35,-0.03283,60,0.2483,0.3579,ns
M3vsM4_12m,natural_breaks,Relative Disturbance,uWUE,Mid,35,-0.00197,51.4,0.5811,0.6378,ns
M3vsM4_12m,natural_breaks,Relative Disturbance,ETmax,Low,35,0.00034,45.7,0.814,0.814,ns
M3vsM4_12m,natural_breaks,Relative Disturbance,GPPsat,Low,35,-0.16877,57.1,0.04348,0.1304,ns
M3vsM4_12m,natural_breaks,Relative Disturbance,NEPmax,Low,35,-0.30395,74.3,0.007169,0.03321,*
M3vsM4_12m,natural_breaks,Relative Disturbance,WUE,Low,35,-0.00948,51.4,0.3321,0.427,ns
M3vsM4_12m,natural_breaks,Relative Disturbance,uWUE,Low,35,-0.01,51.4,0.2483,0.3579,ns
M3vsM4_12m,natural_breaks,Relative Disturbance,ETmax,High,23,-2e-05,52.2,0.4818,0.5833,ns
M3vsM4_12m,natural_breaks,Relative Disturbance,GPPsat,High,23,-0.42498,60.9,0.07864,0.1828,ns
M3vsM4_12m,natural_breaks,Relative Disturbance,NEPmax,High,23,-0.69924,82.6,0.003892,0.03321,*
M3vsM4_12m,natural_breaks,Relative Disturbance,WUE,High,23,-0.0279,60.9,0.169,0.2716,ns
M3vsM4_12m,natural_breaks,Relative Disturbance,uWUE,High,23,-0.03924,65.2,0.06609,0.175,ns
M3vsM4_24m,tertiles,Absolute Mortality,ETmax,High,31,0.00045,45.2,0.6914,0.7588,ns
M3vsM4_24m,tertiles,Absolute Mortality,GPPsat,High,31,-0.31015,74.2,0.01242,0.07986,ns
M3vsM4_24m,tertiles,Absolute Mortality,NEPmax,High,31,-0.58624,74.2,0.00295,0.03318,*
M3vsM4_24m,tertiles,Absolute Mortality,WUE,High,31,-0.06804,64.5,0.04887,0.1294,ns
M3vsM4_24m,tertiles,Absolute Mortality,uWUE,High,31,-0.04412,67.7,0.03807,0.1294,ns
M3vsM4_24m,tertiles,Absolute Mortality,ETmax,Mid,31,0.00049,38.7,0.8137,0.824,ns
M3vsM4_24m,tertiles,Absolute Mortality,GPPsat,Mid,31,-0.12087,58.1,0.1031,0.232,ns
M3vsM4_24m,tertiles,Absolute Mortality,NEPmax,Mid,31,-0.33991,61.3,0.08974,0.2125,ns
M3vsM4_24m,tertiles,Absolute Mortality,WUE,Mid,31,-0.01303,51.6,0.4108,0.4865,ns
M3vsM4_24m,tertiles,Absolute Mortality,uWUE,Mid,31,0.02602,41.9,0.7379,0.7722,ns
M3vsM4_24m,tertiles,Absolute Mortality,ETmax,Low,31,-0.00079,58.1,0.1179,0.2526,ns
M3vsM4_24m,tertiles,Absolute Mortality,GPPsat,Low,31,-0.17236,61.3,0.02802,0.1199,ns
M3vsM4_24m,tertiles,Absolute Mortality,NEPmax,Low,31,-0.42203,74.2,0.001402,0.02103,*
M3vsM4_24m,tertiles,Absolute Mortality,WUE,Low,31,-0.00444,54.8,0.4108,0.4865,ns
M3vsM4_24m,tertiles,Absolute Mortality,uWUE,Low,31,-0.00272,51.6,0.275,0.4125,ns
M3vsM4_24m,tertiles,Relative Mortality,ETmax,High,31,5e-04,41.9,0.824,0.824,ns
M3vsM4_24m,tertiles,Relative Mortality,GPPsat,High,31,-0.12937,71,0.02931,0.1199,ns
M3vsM4_24m,tertiles,Relative Mortality,NEPmax,High,31,-0.31426,64.5,0.06441,0.161,ns
M3vsM4_24m,tertiles,Relative Mortality,WUE,High,31,-0.03152,58.1,0.2025,0.3504,ns
M3vsM4_24m,tertiles,Relative Mortality,uWUE,High,31,-0.03647,64.5,0.1384,0.2708,ns
M3vsM4_24m,tertiles,Relative Mortality,ETmax,Mid,31,-2e-05,51.6,0.2495,0.3871,ns
M3vsM4_24m,tertiles,Relative Mortality,GPPsat,Mid,31,-0.39611,64.5,0.01935,0.1063,ns
M3vsM4_24m,tertiles,Relative Mortality,NEPmax,Mid,31,-0.62559,77.4,0.0007252,0.01632,*
M3vsM4_24m,tertiles,Relative Mortality,WUE,Mid,31,-0.04406,54.8,0.166,0.3113,ns
M3vsM4_24m,tertiles,Relative Mortality,uWUE,Mid,31,-0.0029,51.6,0.4649,0.5364,ns
M3vsM4_24m,tertiles,Relative Mortality,ETmax,Low,31,1e-05,48.4,0.3732,0.4665,ns
M3vsM4_24m,tertiles,Relative Mortality,GPPsat,Low,31,-0.48364,58.1,0.04503,0.1294,ns
M3vsM4_24m,tertiles,Relative Mortality,NEPmax,Low,31,-0.42203,67.7,0.01065,0.07986,ns
M3vsM4_24m,tertiles,Relative Mortality,WUE,Low,31,-0.00501,58.1,0.3086,0.4303,ns
M3vsM4_24m,tertiles,Relative Mortality,uWUE,Low,31,0.00711,45.2,0.3086,0.4303,ns
M3vsM4_24m,tertiles,Relative Disturbance,ETmax,High,31,0.00035,45.2,0.5968,0.6713,ns
M3vsM4_24m,tertiles,Relative Disturbance,GPPsat,High,31,-0.13832,67.7,0.0432,0.1294,ns
M3vsM4_24m,tertiles,Relative Disturbance,NEPmax,High,31,-0.31426,64.5,0.04503,0.1294,ns
M3vsM4_24m,tertiles,Relative Disturbance,WUE,High,31,-0.03152,58.1,0.176,0.3167,ns
M3vsM4_24m,tertiles,Relative Disturbance,uWUE,High,31,-0.03739,58.1,0.2194,0.3527,ns
M3vsM4_24m,tertiles,Relative Disturbance,ETmax,Mid,31,-0.00024,54.8,0.1384,0.2708,ns
M3vsM4_24m,tertiles,Relative Disturbance,GPPsat,Mid,31,-0.25672,67.7,0.01181,0.07986,ns
M3vsM4_24m,tertiles,Relative Disturbance,NEPmax,Mid,31,-0.56128,77.4,0.0002917,0.01313,*
M3vsM4_24m,tertiles,Relative Disturbance,WUE,Mid,31,-0.05504,58.1,0.2137,0.3527,ns
M3vsM4_24m,tertiles,Relative Disturbance,uWUE,Mid,31,-0.01899,58.1,0.3156,0.4303,ns
M3vsM4_24m,tertiles,Relative Disturbance,ETmax,Low,31,0.00051,41.9,0.725,0.7722,ns
M3vsM4_24m,tertiles,Relative Disturbance,GPPsat,Low,31,-0.18831,58.1,0.04887,0.1294,ns
M3vsM4_24m,tertiles,Relative Disturbance,NEPmax,Low,31,-0.42203,67.7,0.02127,0.1063,ns
M3vsM4_24m,tertiles,Relative Disturbance,WUE,Low,31,-0.00444,54.8,0.3585,0.4609,ns
M3vsM4_24m,tertiles,Relative Disturbance,uWUE,Low,31,0.00711,45.2,0.3439,0.4552,ns
M3vsM4_24m,equal_width,Absolute Mortality,ETmax,Mid,35,0.00065,37.1,0.8919,0.8919,ns
M3vsM4_24m,equal_width,Absolute Mortality,GPPsat,Mid,35,-0.13031,65.7,0.05888,0.1585,ns
M3vsM4_24m,equal_width,Absolute Mortality,NEPmax,Mid,35,-0.56128,71.4,0.002361,0.02066,*
M3vsM4_24m,equal_width,Absolute Mortality,WUE,Mid,35,-0.05504,57.1,0.09926,0.2316,ns
M3vsM4_24m,equal_width,Absolute Mortality,uWUE,Mid,35,-0.04589,68.6,0.02516,0.08004,ns
M3vsM4_24m,equal_width,Absolute Mortality,ETmax,Low,53,-0.00047,52.8,0.1502,0.2889,ns
M3vsM4_24m,equal_width,Absolute Mortality,GPPsat,Low,53,-0.18831,62.3,0.006117,0.03568,*
M3vsM4_24m,equal_width,Absolute Mortality,NEPmax,Low,53,-0.42203,69.8,0.0008626,0.01006,*
M3vsM4_24m,equal_width,Absolute Mortality,WUE,Low,53,-0.00501,54.7,0.355,0.4672,ns
M3vsM4_24m,equal_width,Absolute Mortality,uWUE,Low,53,0.00711,45.3,0.5212,0.5858,ns
M3vsM4_24m,equal_width,Absolute Mortality,ETmax,High,5,-3e-04,60,,,""
M3vsM4_24m,equal_width,Absolute Mortality,GPPsat,High,5,-0.42003,80,,,""
M3vsM4_24m,equal_width,Absolute Mortality,NEPmax,High,5,-0.26983,60,,,""
M3vsM4_24m,equal_width,Absolute Mortality,WUE,High,5,-0.0855,80,,,""
M3vsM4_24m,equal_width,Absolute Mortality,uWUE,High,5,0.03568,40,,,""
M3vsM4_24m,equal_width,Relative Mortality,ETmax,Mid,33,6e-05,48.5,0.5356,0.5858,ns
M3vsM4_24m,equal_width,Relative Mortality,GPPsat,Mid,33,-0.13031,72.7,0.01674,0.05859,ns
M3vsM4_24m,equal_width,Relative Mortality,NEPmax,Mid,33,-0.56128,69.7,0.01218,0.05368,ns
M3vsM4_24m,equal_width,Relative Mortality,WUE,Mid,33,-0.01929,54.5,0.3604,0.4672,ns
M3vsM4_24m,equal_width,Relative Mortality,uWUE,Mid,33,-0.02674,57.6,0.3739,0.4673,ns
M3vsM4_24m,equal_width,Relative Mortality,ETmax,Low,53,7e-05,47.2,0.3484,0.4672,ns
M3vsM4_24m,equal_width,Relative Mortality,GPPsat,Low,53,-0.18831,58.5,0.01227,0.05368,ns
M3vsM4_24m,equal_width,Relative Mortality,NEPmax,Low,53,-0.42203,69.8,0.0004952,0.008666,**
M3vsM4_24m,equal_width,Relative Mortality,WUE,Low,53,-0.00536,56.6,0.1856,0.2953,ns
M3vsM4_24m,equal_width,Relative Mortality,uWUE,Low,53,-0.00272,50.9,0.1786,0.2953,ns
M3vsM4_24m,equal_width,Relative Mortality,ETmax,High,7,0.00045,42.9,0.8237,0.848,ns
M3vsM4_24m,equal_width,Relative Mortality,GPPsat,High,7,-0.42003,71.4,0.1359,0.2799,ns
M3vsM4_24m,equal_width,Relative Mortality,NEPmax,High,7,-0.64856,71.4,0.1359,0.2799,ns
M3vsM4_24m,equal_width,Relative Mortality,WUE,High,7,-0.09748,71.4,0.07539,0.1885,ns
M3vsM4_24m,equal_width,Relative Mortality,uWUE,High,7,-0.01397,57.1,0.3363,0.4672,ns
M3vsM4_24m,equal_width,Relative Disturbance,ETmax,Mid,35,-0.00047,54.3,0.2087,0.3177,ns
M3vsM4_24m,equal_width,Relative Disturbance,GPPsat,Mid,35,-0.12937,68.6,0.03151,0.09191,ns
M3vsM4_24m,equal_width,Relative Disturbance,NEPmax,Mid,35,-0.33991,68.6,0.01628,0.05859,ns
M3vsM4_24m,equal_width,Relative Disturbance,WUE,Mid,35,-0.01929,54.3,0.4317,0.521,ns
M3vsM4_24m,equal_width,Relative Disturbance,uWUE,Mid,35,-0.01377,54.3,0.4967,0.5795,ns
M3vsM4_24m,equal_width,Relative Disturbance,ETmax,Low,53,0.00032,43.4,0.625,0.6629,ns
M3vsM4_24m,equal_width,Relative Disturbance,GPPsat,Low,53,-0.39611,62.3,0.004745,0.03322,*
M3vsM4_24m,equal_width,Relative Disturbance,NEPmax,Low,53,-0.47043,69.8,0.0003719,0.008666,**
M3vsM4_24m,equal_width,Relative Disturbance,WUE,Low,53,-0.00536,56.6,0.1607,0.2889,ns
M3vsM4_24m,equal_width,Relative Disturbance,uWUE,Low,53,-0.00272,50.9,0.1651,0.2889,ns
M3vsM4_24m,equal_width,Relative Disturbance,ETmax,High,5,0.00045,40,,,""
M3vsM4_24m,equal_width,Relative Disturbance,GPPsat,High,5,-0.6433,60,,,""
M3vsM4_24m,equal_width,Relative Disturbance,NEPmax,High,5,-0.67251,80,,,""
M3vsM4_24m,equal_width,Relative Disturbance,WUE,High,5,-0.15859,80,,,""
M3vsM4_24m,equal_width,Relative Disturbance,uWUE,High,5,-0.14464,80,,,""
M3vsM4_24m,natural_breaks,Absolute Mortality,ETmax,High,20,0.00048,45,0.7059,0.7502,ns
M3vsM4_24m,natural_breaks,Absolute Mortality,GPPsat,High,20,-0.30462,75,0.04469,0.1437,ns
M3vsM4_24m,natural_breaks,Absolute Mortality,NEPmax,High,20,-0.52563,70,0.04469,0.1437,ns
M3vsM4_24m,natural_breaks,Absolute Mortality,WUE,High,20,-0.02461,55,0.2449,0.3715,ns
M3vsM4_24m,natural_breaks,Absolute Mortality,uWUE,High,20,-0.045,70,0.06527,0.1546,ns
M3vsM4_24m,natural_breaks,Absolute Mortality,ETmax,Mid,43,0.00035,41.9,0.7169,0.7502,ns
M3vsM4_24m,natural_breaks,Absolute Mortality,GPPsat,Mid,43,-0.25672,62.8,0.02156,0.1078,ns
M3vsM4_24m,natural_breaks,Absolute Mortality,NEPmax,Mid,43,-0.47283,67.4,0.007999,0.05999,ns
M3vsM4_24m,natural_breaks,Absolute Mortality,WUE,Mid,43,-0.03152,60.5,0.08156,0.1748,ns
M3vsM4_24m,natural_breaks,Absolute Mortality,uWUE,Mid,43,0.0038,48.8,0.4496,0.5324,ns
M3vsM4_24m,natural_breaks,Absolute Mortality,ETmax,Low,30,-0.00072,56.7,0.1618,0.2912,ns
M3vsM4_24m,natural_breaks,Absolute Mortality,GPPsat,Low,30,-0.11526,60,0.0439,0.1437,ns
M3vsM4_24m,natural_breaks,Absolute Mortality,NEPmax,Low,30,-0.44623,73.3,0.001529,0.03365,*
M3vsM4_24m,natural_breaks,Absolute Mortality,WUE,Low,30,-0.00382,53.3,0.4266,0.5324,ns
M3vsM4_24m,natural_breaks,Absolute Mortality,uWUE,Low,30,-0.00123,50,0.3329,0.4406,ns
M3vsM4_24m,natural_breaks,Relative Mortality,ETmax,High,26,0.00051,38.5,0.8569,0.8569,ns
M3vsM4_24m,natural_breaks,Relative Mortality,GPPsat,High,26,-0.13431,69.2,0.04208,0.1437,ns
M3vsM4_24m,natural_breaks,Relative Mortality,NEPmax,High,26,-0.30063,65.4,0.0933,0.1908,ns
M3vsM4_24m,natural_breaks,Relative Mortality,WUE,High,26,-0.0254,57.7,0.2385,0.3715,ns
M3vsM4_24m,natural_breaks,Relative Mortality,uWUE,High,26,-0.04076,61.5,0.1803,0.312,ns
M3vsM4_24m,natural_breaks,Relative Mortality,ETmax,Mid,32,-0.00065,59.4,0.1139,0.2228,ns
M3vsM4_24m,natural_breaks,Relative Mortality,GPPsat,Mid,32,-0.15086,62.5,0.05922,0.1546,ns
M3vsM4_24m,natural_breaks,Relative Mortality,NEPmax,Mid,32,-0.53811,71.9,0.003446,0.03877,*
M3vsM4_24m,natural_breaks,Relative Mortality,WUE,Mid,32,-0.04955,56.2,0.2027,0.3378,ns
M3vsM4_24m,natural_breaks,Relative Mortality,uWUE,Mid,32,-0.01516,56.2,0.4442,0.5324,ns
M3vsM4_24m,natural_breaks,Relative Mortality,ETmax,Low,35,0.00032,42.9,0.5683,0.6393,ns
M3vsM4_24m,natural_breaks,Relative Mortality,GPPsat,Low,35,-0.58833,62.9,0.009797,0.06298,ns
M3vsM4_24m,natural_breaks,Relative Mortality,NEPmax,Low,35,-0.47283,71.4,0.002243,0.03365,*
M3vsM4_24m,natural_breaks,Relative Mortality,WUE,Low,35,-0.00501,57.1,0.2536,0.3715,ns
M3vsM4_24m,natural_breaks,Relative Mortality,uWUE,Low,35,0.00711,45.7,0.2642,0.3715,ns
M3vsM4_24m,natural_breaks,Relative Disturbance,ETmax,Mid,35,-0.00065,57.1,0.05888,0.1546,ns
M3vsM4_24m,natural_breaks,Relative Disturbance,GPPsat,Mid,35,-0.17236,74.3,0.006543,0.05888,ns
M3vsM4_24m,natural_breaks,Relative Disturbance,NEPmax,Mid,35,-0.56128,74.3,0.001325,0.03365,*
M3vsM4_24m,natural_breaks,Relative Disturbance,WUE,Mid,35,-0.04406,60,0.2642,0.3715,ns
M3vsM4_24m,natural_breaks,Relative Disturbance,uWUE,Mid,35,-0.01133,54.3,0.5033,0.5807,ns
M3vsM4_24m,natural_breaks,Relative Disturbance,ETmax,Low,35,0.00054,40,0.814,0.8325,ns
M3vsM4_24m,natural_breaks,Relative Disturbance,GPPsat,Low,35,-0.05817,54.3,0.06488,0.1546,ns
M3vsM4_24m,natural_breaks,Relative Disturbance,NEPmax,Low,35,-0.41286,65.7,0.01696,0.09538,ns
M3vsM4_24m,natural_breaks,Relative Disturbance,WUE,Low,35,-0.00444,54.3,0.3321,0.4406,ns
M3vsM4_24m,natural_breaks,Relative Disturbance,uWUE,Low,35,0.00711,45.7,0.3562,0.458,ns
M3vsM4_24m,natural_breaks,Relative Disturbance,ETmax,High,23,0.00045,43.5,0.6813,0.7478,ns
M3vsM4_24m,natural_breaks,Relative Disturbance,GPPsat,High,23,-0.31015,65.2,0.05185,0.1546,ns
M3vsM4_24m,natural_breaks,Relative Disturbance,NEPmax,High,23,-0.50523,69.6,0.02866,0.1289,ns
M3vsM4_24m,natural_breaks,Relative Disturbance,WUE,High,23,-0.01929,56.5,0.1401,0.2627,ns
M3vsM4_24m,natural_breaks,Relative Disturbance,uWUE,High,23,-0.04589,65.2,0.07864,0.1748,ns
M5vsM6_raw_12m,tertiles,Absolute Mortality,ETmax,High,31,0.00026,48.4,0.6043,0.9523,ns
M5vsM6_raw_12m,tertiles,Absolute Mortality,GPPsat,High,31,0.13877,35.5,0.968,0.9893,ns
M5vsM6_raw_12m,tertiles,Absolute Mortality,NEPmax,High,31,0.07946,45.2,0.2685,0.7552,ns
M5vsM6_raw_12m,tertiles,Absolute Mortality,WUE,High,31,-0.00073,51.6,0.5968,0.9523,ns
M5vsM6_raw_12m,tertiles,Absolute Mortality,uWUE,High,31,0.00514,48.4,0.7688,0.9884,ns
M5vsM6_raw_12m,tertiles,Absolute Mortality,ETmax,Mid,31,0.00051,32.3,0.9755,0.9893,ns
M5vsM6_raw_12m,tertiles,Absolute Mortality,GPPsat,Mid,31,0.03935,48.4,0.6982,0.9595,ns
M5vsM6_raw_12m,tertiles,Absolute Mortality,NEPmax,Mid,31,-0.10458,58.1,0.09626,0.5895,ns
M5vsM6_raw_12m,tertiles,Absolute Mortality,WUE,Mid,31,-0.00752,54.8,0.5039,0.9523,ns
M5vsM6_raw_12m,tertiles,Absolute Mortality,uWUE,Mid,31,0.00292,41.9,0.6043,0.9523,ns
M5vsM6_raw_12m,tertiles,Absolute Mortality,ETmax,Low,31,-0.00101,64.5,0.04503,0.5895,ns
M5vsM6_raw_12m,tertiles,Absolute Mortality,GPPsat,Low,31,-0.08364,61.3,0.2137,0.6869,ns
M5vsM6_raw_12m,tertiles,Absolute Mortality,NEPmax,Low,31,0.00461,48.4,0.4727,0.9523,ns
M5vsM6_raw_12m,tertiles,Absolute Mortality,WUE,Low,31,-0.00785,58.1,0.295,0.7808,ns
M5vsM6_raw_12m,tertiles,Absolute Mortality,uWUE,Low,31,0.00052,48.4,0.5738,0.9523,ns
M5vsM6_raw_12m,tertiles,Relative Mortality,ETmax,High,31,0.00089,29,0.9893,0.9893,ns
M5vsM6_raw_12m,tertiles,Relative Mortality,GPPsat,High,31,0.11186,32.3,0.9278,0.9893,ns
M5vsM6_raw_12m,tertiles,Relative Mortality,NEPmax,High,31,0.01058,45.2,0.166,0.6791,ns
M5vsM6_raw_12m,tertiles,Relative Mortality,WUE,High,31,-0.00153,54.8,0.6268,0.9523,ns
M5vsM6_raw_12m,tertiles,Relative Mortality,uWUE,High,31,0.00484,45.2,0.725,0.9595,ns
M5vsM6_raw_12m,tertiles,Relative Mortality,ETmax,Mid,31,-0.00028,58.1,0.06198,0.5895,ns
M5vsM6_raw_12m,tertiles,Relative Mortality,GPPsat,Mid,31,0.03935,41.9,0.9331,0.9893,ns
M5vsM6_raw_12m,tertiles,Relative Mortality,NEPmax,Mid,31,0.0588,45.2,0.6488,0.9523,ns
M5vsM6_raw_12m,tertiles,Relative Mortality,WUE,Mid,31,0.00285,48.4,0.6342,0.9523,ns
M5vsM6_raw_12m,tertiles,Relative Mortality,uWUE,Mid,31,-0.00309,54.8,0.3807,0.9517,ns
M5vsM6_raw_12m,tertiles,Relative Mortality,ETmax,Low,31,-0.00053,58.1,0.176,0.6791,ns
M5vsM6_raw_12m,tertiles,Relative Mortality,GPPsat,Low,31,-0.16942,71,0.06441,0.5895,ns
M5vsM6_raw_12m,tertiles,Relative Mortality,NEPmax,Low,31,-0.11248,61.3,0.06441,0.5895,ns
M5vsM6_raw_12m,tertiles,Relative Mortality,WUE,Low,31,-0.0128,61.3,0.1103,0.5895,ns
M5vsM6_raw_12m,tertiles,Relative Mortality,uWUE,Low,31,0.00559,38.7,0.8137,0.9893,ns
M5vsM6_raw_12m,tertiles,Relative Disturbance,ETmax,High,31,0.00054,35.5,0.9103,0.9893,ns
M5vsM6_raw_12m,tertiles,Relative Disturbance,GPPsat,High,31,0.13877,32.3,0.9619,0.9893,ns
M5vsM6_raw_12m,tertiles,Relative Disturbance,NEPmax,High,31,0.00461,48.4,0.2137,0.6869,ns
M5vsM6_raw_12m,tertiles,Relative Disturbance,WUE,High,31,-0.00073,51.6,0.725,0.9595,ns
M5vsM6_raw_12m,tertiles,Relative Disturbance,uWUE,High,31,0.01535,41.9,0.8528,0.9893,ns
M5vsM6_raw_12m,tertiles,Relative Disturbance,ETmax,Mid,31,-0.00019,61.3,0.09626,0.5895,ns
M5vsM6_raw_12m,tertiles,Relative Disturbance,GPPsat,Mid,31,0.02871,48.4,0.5738,0.9523,ns
M5vsM6_raw_12m,tertiles,Relative Disturbance,NEPmax,Mid,31,0.04901,45.2,0.4727,0.9523,ns
M5vsM6_raw_12m,tertiles,Relative Disturbance,WUE,Mid,31,-0.01163,61.3,0.07488,0.5895,ns
M5vsM6_raw_12m,tertiles,Relative Disturbance,uWUE,Mid,31,-0.00369,58.1,0.1811,0.6791,ns
M5vsM6_raw_12m,tertiles,Relative Disturbance,ETmax,Low,31,0.00011,48.4,0.4339,0.9523,ns
M5vsM6_raw_12m,tertiles,Relative Disturbance,GPPsat,Low,31,-0.08364,64.5,0.2621,0.7552,ns
M5vsM6_raw_12m,tertiles,Relative Disturbance,NEPmax,Low,31,-0.07844,58.1,0.1179,0.5895,ns
M5vsM6_raw_12m,tertiles,Relative Disturbance,WUE,Low,31,-0.00159,51.6,0.6561,0.9523,ns
M5vsM6_raw_12m,tertiles,Relative Disturbance,uWUE,Low,31,0.00562,38.7,0.8291,0.9893,ns
M5vsM6_raw_12m,equal_width,Absolute Mortality,ETmax,Mid,35,0.00028,40,0.8792,0.9922,ns
M5vsM6_raw_12m,equal_width,Absolute Mortality,GPPsat,Mid,35,0.13877,34.3,0.9922,0.9922,ns
M5vsM6_raw_12m,equal_width,Absolute Mortality,NEPmax,Mid,35,0.0588,42.9,0.4125,0.7834,ns
M5vsM6_raw_12m,equal_width,Absolute Mortality,WUE,Mid,35,0.00277,45.7,0.8978,0.9922,ns
M5vsM6_raw_12m,equal_width,Absolute Mortality,uWUE,Mid,35,-0.00716,57.1,0.4253,0.7834,ns
M5vsM6_raw_12m,equal_width,Absolute Mortality,ETmax,Low,53,-5e-05,50.9,0.2795,0.7834,ns
M5vsM6_raw_12m,equal_width,Absolute Mortality,GPPsat,Low,53,-0.05782,58.5,0.1381,0.7126,ns
M5vsM6_raw_12m,equal_width,Absolute Mortality,NEPmax,Low,53,-0.06432,54.7,0.188,0.7269,ns
M5vsM6_raw_12m,equal_width,Absolute Mortality,WUE,Low,53,-0.0128,60.4,0.1461,0.7126,ns
M5vsM6_raw_12m,equal_width,Absolute Mortality,uWUE,Low,53,0.00484,39.6,0.8191,0.9922,ns
M5vsM6_raw_12m,equal_width,Absolute Mortality,ETmax,High,5,-0.00138,80,,,""
M5vsM6_raw_12m,equal_width,Absolute Mortality,GPPsat,High,5,0.02883,40,,,""
M5vsM6_raw_12m,equal_width,Absolute Mortality,NEPmax,High,5,-0.30298,60,,,""
M5vsM6_raw_12m,equal_width,Absolute Mortality,WUE,High,5,-0.0242,60,,,""
M5vsM6_raw_12m,equal_width,Absolute Mortality,uWUE,High,5,0.02776,40,,,""
M5vsM6_raw_12m,equal_width,Relative Mortality,ETmax,Mid,33,0.00054,33.3,0.9684,0.9922,ns
M5vsM6_raw_12m,equal_width,Relative Mortality,GPPsat,Mid,33,0.08944,39.4,0.8282,0.9922,ns
M5vsM6_raw_12m,equal_width,Relative Mortality,NEPmax,Mid,33,-0.09271,51.5,0.1629,0.7126,ns
M5vsM6_raw_12m,equal_width,Relative Mortality,WUE,Mid,33,0.00249,48.5,0.7789,0.9922,ns
M5vsM6_raw_12m,equal_width,Relative Mortality,uWUE,Mid,33,0.00484,45.5,0.8282,0.9922,ns
M5vsM6_raw_12m,equal_width,Relative Mortality,ETmax,Low,53,-0.00039,58.5,0.07451,0.7126,ns
M5vsM6_raw_12m,equal_width,Relative Mortality,GPPsat,Low,53,-0.0427,58.5,0.3953,0.7834,ns
M5vsM6_raw_12m,equal_width,Relative Mortality,NEPmax,Low,53,0.04311,49.1,0.4021,0.7834,ns
M5vsM6_raw_12m,equal_width,Relative Mortality,WUE,Low,53,-0.00703,54.7,0.3583,0.7834,ns
M5vsM6_raw_12m,equal_width,Relative Mortality,uWUE,Low,53,0.00292,45.3,0.6013,0.9566,ns
M5vsM6_raw_12m,equal_width,Relative Mortality,ETmax,High,7,0.00089,42.9,0.5337,0.8895,ns
M5vsM6_raw_12m,equal_width,Relative Mortality,GPPsat,High,7,0.31687,14.3,0.9246,0.9922,ns
M5vsM6_raw_12m,equal_width,Relative Mortality,NEPmax,High,7,-0.30298,57.1,0.1024,0.7126,ns
M5vsM6_raw_12m,equal_width,Relative Mortality,WUE,High,7,-0.02673,85.7,0.1359,0.7126,ns
M5vsM6_raw_12m,equal_width,Relative Mortality,uWUE,High,7,-0.02105,57.1,0.3999,0.7834,ns
M5vsM6_raw_12m,equal_width,Relative Disturbance,ETmax,Mid,35,0.00051,40,0.7358,0.9922,ns
M5vsM6_raw_12m,equal_width,Relative Disturbance,GPPsat,Mid,35,0.11186,31.4,0.9748,0.9922,ns
M5vsM6_raw_12m,equal_width,Relative Disturbance,NEPmax,Mid,35,0.00461,48.6,0.3809,0.7834,ns
M5vsM6_raw_12m,equal_width,Relative Disturbance,WUE,Mid,35,0.00277,45.7,0.8508,0.9922,ns
M5vsM6_raw_12m,equal_width,Relative Disturbance,uWUE,Mid,35,0.00514,40,0.9372,0.9922,ns
M5vsM6_raw_12m,equal_width,Relative Disturbance,ETmax,Low,53,-0.00019,56.6,0.1304,0.7126,ns
M5vsM6_raw_12m,equal_width,Relative Disturbance,GPPsat,Low,53,-0.068,62.3,0.2077,0.7269,ns
M5vsM6_raw_12m,equal_width,Relative Disturbance,NEPmax,Low,53,-0.021,52.8,0.1401,0.7126,ns
M5vsM6_raw_12m,equal_width,Relative Disturbance,WUE,Low,53,-0.00703,56.6,0.3163,0.7834,ns
M5vsM6_raw_12m,equal_width,Relative Disturbance,uWUE,Low,53,0.00121,47.2,0.4823,0.8441,ns
M5vsM6_raw_12m,equal_width,Relative Disturbance,ETmax,High,5,0.00177,20,,,""
M5vsM6_raw_12m,equal_width,Relative Disturbance,GPPsat,High,5,0.15714,20,,,""
M5vsM6_raw_12m,equal_width,Relative Disturbance,NEPmax,High,5,0.07946,40,,,""
M5vsM6_raw_12m,equal_width,Relative Disturbance,WUE,High,5,-0.0417,100,,,""
M5vsM6_raw_12m,equal_width,Relative Disturbance,uWUE,High,5,-0.02418,80,,,""
M5vsM6_raw_12m,natural_breaks,Absolute Mortality,ETmax,High,20,0.00053,40,0.6662,0.9802,ns
M5vsM6_raw_12m,natural_breaks,Absolute Mortality,GPPsat,High,20,0.07002,40,0.8098,0.9802,ns
M5vsM6_raw_12m,natural_breaks,Absolute Mortality,NEPmax,High,20,-0.07237,50,0.1613,0.8063,ns
M5vsM6_raw_12m,natural_breaks,Absolute Mortality,WUE,High,20,0.00076,50,0.6103,0.9802,ns
M5vsM6_raw_12m,natural_breaks,Absolute Mortality,uWUE,High,20,-0.00937,60,0.5813,0.9802,ns
M5vsM6_raw_12m,natural_breaks,Absolute Mortality,ETmax,Mid,43,0.00025,41.9,0.8987,0.9802,ns
M5vsM6_raw_12m,natural_breaks,Absolute Mortality,GPPsat,Mid,43,0.09301,44.2,0.8875,0.9802,ns
M5vsM6_raw_12m,natural_breaks,Absolute Mortality,NEPmax,Mid,43,-0.01194,51.2,0.2007,0.833,ns
M5vsM6_raw_12m,natural_breaks,Absolute Mortality,WUE,Mid,43,-0.00159,55.8,0.4687,0.971,ns
M5vsM6_raw_12m,natural_breaks,Absolute Mortality,uWUE,Mid,43,0.00484,39.5,0.8027,0.9802,ns
M5vsM6_raw_12m,natural_breaks,Absolute Mortality,ETmax,Low,30,-0.00121,63.3,0.05662,0.5677,ns
M5vsM6_raw_12m,natural_breaks,Absolute Mortality,GPPsat,Low,30,-0.07582,60,0.2686,0.833,ns
M5vsM6_raw_12m,natural_breaks,Absolute Mortality,NEPmax,Low,30,-0.00819,50,0.4185,0.971,ns
M5vsM6_raw_12m,natural_breaks,Absolute Mortality,WUE,Low,30,-0.01589,56.7,0.3108,0.833,ns
M5vsM6_raw_12m,natural_breaks,Absolute Mortality,uWUE,Low,30,0.00239,46.7,0.6133,0.9802,ns
M5vsM6_raw_12m,natural_breaks,Relative Mortality,ETmax,High,26,8e-04,26.9,0.9802,0.9802,ns
M5vsM6_raw_12m,natural_breaks,Relative Mortality,GPPsat,High,26,0.1312,30.8,0.9296,0.9802,ns
M5vsM6_raw_12m,natural_breaks,Relative Mortality,NEPmax,High,26,0.08783,42.3,0.3147,0.833,ns
M5vsM6_raw_12m,natural_breaks,Relative Mortality,WUE,High,26,-0.0031,53.8,0.6294,0.9802,ns
M5vsM6_raw_12m,natural_breaks,Relative Mortality,uWUE,High,26,-0.00179,50,0.6943,0.9802,ns
M5vsM6_raw_12m,natural_breaks,Relative Mortality,ETmax,Mid,32,-0.00024,59.4,0.06856,0.5677,ns
M5vsM6_raw_12m,natural_breaks,Relative Mortality,GPPsat,Mid,32,0.06618,40.6,0.9339,0.9802,ns
M5vsM6_raw_12m,natural_breaks,Relative Mortality,NEPmax,Mid,32,-0.02687,50,0.4369,0.971,ns
M5vsM6_raw_12m,natural_breaks,Relative Mortality,WUE,Mid,32,0.00094,50,0.4963,0.971,ns
M5vsM6_raw_12m,natural_breaks,Relative Mortality,uWUE,Mid,32,0.00017,50,0.4739,0.971,ns
M5vsM6_raw_12m,natural_breaks,Relative Mortality,ETmax,Low,35,-0.00018,54.3,0.2805,0.833,ns
M5vsM6_raw_12m,natural_breaks,Relative Mortality,GPPsat,Low,35,-0.1686,68.6,0.1309,0.7365,ns
M5vsM6_raw_12m,natural_breaks,Relative Mortality,NEPmax,Low,35,-0.09087,57.1,0.0883,0.5677,ns
M5vsM6_raw_12m,natural_breaks,Relative Mortality,WUE,Low,35,-0.00785,60,0.2432,0.833,ns
M5vsM6_raw_12m,natural_breaks,Relative Mortality,uWUE,Low,35,0.00559,40,0.8051,0.9802,ns
M5vsM6_raw_12m,natural_breaks,Relative Disturbance,ETmax,Mid,35,-0.00019,60,0.04821,0.5677,ns
M5vsM6_raw_12m,natural_breaks,Relative Disturbance,GPPsat,Mid,35,0.03854,45.7,0.6855,0.9802,ns
M5vsM6_raw_12m,natural_breaks,Relative Disturbance,NEPmax,Mid,35,0.10504,42.9,0.7517,0.9802,ns
M5vsM6_raw_12m,natural_breaks,Relative Disturbance,WUE,Mid,35,-0.01163,62.9,0.0339,0.5677,ns
M5vsM6_raw_12m,natural_breaks,Relative Disturbance,uWUE,Mid,35,-0.00369,54.3,0.2973,0.833,ns
M5vsM6_raw_12m,natural_breaks,Relative Disturbance,ETmax,Low,35,0.00011,48.6,0.4902,0.971,ns
M5vsM6_raw_12m,natural_breaks,Relative Disturbance,GPPsat,Low,35,-0.05782,65.7,0.2041,0.833,ns
M5vsM6_raw_12m,natural_breaks,Relative Disturbance,NEPmax,Low,35,-0.07844,57.1,0.08069,0.5677,ns
M5vsM6_raw_12m,natural_breaks,Relative Disturbance,WUE,Low,35,-0.00159,51.4,0.714,0.9802,ns
M5vsM6_raw_12m,natural_breaks,Relative Disturbance,uWUE,Low,35,0.00294,40,0.7913,0.9802,ns
M5vsM6_raw_12m,natural_breaks,Relative Disturbance,ETmax,High,23,0.001,30.4,0.9571,0.9802,ns
M5vsM6_raw_12m,natural_breaks,Relative Disturbance,GPPsat,High,23,0.15714,26.1,0.9671,0.9802,ns
M5vsM6_raw_12m,natural_breaks,Relative Disturbance,NEPmax,High,23,-0.15532,52.2,0.0832,0.5677,ns
M5vsM6_raw_12m,natural_breaks,Relative Disturbance,WUE,High,23,0.00249,47.8,0.8385,0.9802,ns
M5vsM6_raw_12m,natural_breaks,Relative Disturbance,uWUE,High,23,0.02409,43.5,0.831,0.9802,ns
M5vsM6_raw_24m,tertiles,Absolute Mortality,ETmax,High,31,-2e-04,51.6,0.197,0.8229,ns
M5vsM6_raw_24m,tertiles,Absolute Mortality,GPPsat,High,31,0.0743,35.5,0.9278,0.9797,ns
M5vsM6_raw_24m,tertiles,Absolute Mortality,NEPmax,High,31,0.0507,45.2,0.5507,0.9141,ns
M5vsM6_raw_24m,tertiles,Absolute Mortality,WUE,High,31,-0.00063,58.1,0.2558,0.8853,ns
M5vsM6_raw_24m,tertiles,Absolute Mortality,uWUE,High,31,-0.00546,51.6,0.4571,0.9141,ns
M5vsM6_raw_24m,tertiles,Absolute Mortality,ETmax,Mid,31,0.00059,32.3,0.9797,0.9797,ns
M5vsM6_raw_24m,tertiles,Absolute Mortality,GPPsat,Mid,31,0.03272,41.9,0.6488,0.9141,ns
M5vsM6_raw_24m,tertiles,Absolute Mortality,NEPmax,Mid,31,-0.00944,54.8,0.2137,0.8229,ns
M5vsM6_raw_24m,tertiles,Absolute Mortality,WUE,Mid,31,-0.01002,58.1,0.3732,0.9016,ns
M5vsM6_raw_24m,tertiles,Absolute Mortality,uWUE,Mid,31,0.00571,32.3,0.9251,0.9797,ns
M5vsM6_raw_24m,tertiles,Absolute Mortality,ETmax,Low,31,-0.00021,61.3,0.1141,0.7543,ns
M5vsM6_raw_24m,tertiles,Absolute Mortality,GPPsat,Low,31,-0.08614,61.3,0.3226,0.9016,ns
M5vsM6_raw_24m,tertiles,Absolute Mortality,NEPmax,Low,31,0.00077,48.4,0.5661,0.9141,ns
M5vsM6_raw_24m,tertiles,Absolute Mortality,WUE,Low,31,-0.00874,61.3,0.5273,0.9141,ns
M5vsM6_raw_24m,tertiles,Absolute Mortality,uWUE,Low,31,-0.00155,54.8,0.4727,0.9141,ns
M5vsM6_raw_24m,tertiles,Relative Mortality,ETmax,High,31,0.00043,32.3,0.9251,0.9797,ns
M5vsM6_raw_24m,tertiles,Relative Mortality,GPPsat,High,31,0.07421,35.5,0.8782,0.9797,ns
M5vsM6_raw_24m,tertiles,Relative Mortality,NEPmax,High,31,-0.01389,54.8,0.295,0.9016,ns
M5vsM6_raw_24m,tertiles,Relative Mortality,WUE,High,31,-0.00392,58.1,0.3296,0.9016,ns
M5vsM6_raw_24m,tertiles,Relative Mortality,uWUE,High,31,0.00265,48.4,0.6704,0.9141,ns
M5vsM6_raw_24m,tertiles,Relative Mortality,ETmax,Mid,31,-0.00048,61.3,0.05297,0.7543,ns
M5vsM6_raw_24m,tertiles,Relative Mortality,GPPsat,Mid,31,0.07248,32.3,0.968,0.9797,ns
M5vsM6_raw_24m,tertiles,Relative Mortality,NEPmax,Mid,31,0.13217,38.7,0.9278,0.9797,ns
M5vsM6_raw_24m,tertiles,Relative Mortality,WUE,Mid,31,0.00227,48.4,0.6488,0.9141,ns
M5vsM6_raw_24m,tertiles,Relative Mortality,uWUE,Mid,31,0.00571,35.5,0.7863,0.9797,ns
M5vsM6_raw_24m,tertiles,Relative Mortality,ETmax,Low,31,-2e-05,51.6,0.5039,0.9141,ns
M5vsM6_raw_24m,tertiles,Relative Mortality,GPPsat,Low,31,-0.1243,71,0.03202,0.7543,ns
M5vsM6_raw_24m,tertiles,Relative Mortality,NEPmax,Low,31,-0.04194,54.8,0.09626,0.7543,ns
M5vsM6_raw_24m,tertiles,Relative Mortality,WUE,Low,31,-0.01351,71,0.1341,0.7543,ns
M5vsM6_raw_24m,tertiles,Relative Mortality,uWUE,Low,31,-0.0022,54.8,0.4416,0.9141,ns
M5vsM6_raw_24m,tertiles,Relative Disturbance,ETmax,High,31,0.00026,38.7,0.6632,0.9141,ns
M5vsM6_raw_24m,tertiles,Relative Disturbance,GPPsat,High,31,0.10908,35.5,0.9635,0.9797,ns
M5vsM6_raw_24m,tertiles,Relative Disturbance,NEPmax,High,31,-0.08141,58.1,0.1258,0.7543,ns
M5vsM6_raw_24m,tertiles,Relative Disturbance,WUE,High,31,-0.00063,58.1,0.3807,0.9016,ns
M5vsM6_raw_24m,tertiles,Relative Disturbance,uWUE,High,31,0.00571,41.9,0.8291,0.9797,ns
M5vsM6_raw_24m,tertiles,Relative Disturbance,ETmax,Mid,31,-0.00021,64.5,0.09296,0.7543,ns
M5vsM6_raw_24m,tertiles,Relative Disturbance,GPPsat,Mid,31,0.04588,41.9,0.5195,0.9141,ns
M5vsM6_raw_24m,tertiles,Relative Disturbance,NEPmax,Mid,31,0.06916,41.9,0.8859,0.9797,ns
M5vsM6_raw_24m,tertiles,Relative Disturbance,WUE,Mid,31,-0.01125,61.3,0.1067,0.7543,ns
M5vsM6_raw_24m,tertiles,Relative Disturbance,uWUE,Mid,31,-0.00117,51.6,0.208,0.8229,ns
M5vsM6_raw_24m,tertiles,Relative Disturbance,ETmax,Low,31,0.00027,41.9,0.6704,0.9141,ns
M5vsM6_raw_24m,tertiles,Relative Disturbance,GPPsat,Low,31,-0.08614,61.3,0.2194,0.8229,ns
M5vsM6_raw_24m,tertiles,Relative Disturbance,NEPmax,Low,31,0.00077,48.4,0.3512,0.9016,ns
M5vsM6_raw_24m,tertiles,Relative Disturbance,WUE,Low,31,-0.00565,58.1,0.6415,0.9141,ns
M5vsM6_raw_24m,tertiles,Relative Disturbance,uWUE,Low,31,0.00021,45.2,0.8701,0.9797,ns
M5vsM6_raw_24m,equal_width,Absolute Mortality,ETmax,Mid,35,0.00026,42.9,0.7464,0.9331,ns
M5vsM6_raw_24m,equal_width,Absolute Mortality,GPPsat,Mid,35,0.08947,31.4,0.9685,0.9758,ns
M5vsM6_raw_24m,equal_width,Absolute Mortality,NEPmax,Mid,35,0.00317,48.6,0.6619,0.9065,ns
M5vsM6_raw_24m,equal_width,Absolute Mortality,WUE,Mid,35,-7e-05,51.4,0.6128,0.9065,ns
M5vsM6_raw_24m,equal_width,Absolute Mortality,uWUE,Mid,35,0.00304,42.9,0.5489,0.9065,ns
M5vsM6_raw_24m,equal_width,Absolute Mortality,ETmax,Low,53,0.00015,49.1,0.4718,0.9065,ns
M5vsM6_raw_24m,equal_width,Absolute Mortality,GPPsat,Low,53,-0.07321,56.6,0.1786,0.9065,ns
M5vsM6_raw_24m,equal_width,Absolute Mortality,NEPmax,Low,53,0.00077,49.1,0.3484,0.9065,ns
M5vsM6_raw_24m,equal_width,Absolute Mortality,WUE,Low,53,-0.01331,64.2,0.1786,0.9065,ns
M5vsM6_raw_24m,equal_width,Absolute Mortality,uWUE,Low,53,0.00021,49.1,0.6868,0.9065,ns
M5vsM6_raw_24m,equal_width,Absolute Mortality,ETmax,High,5,-0.00172,80,,,""
M5vsM6_raw_24m,equal_width,Absolute Mortality,GPPsat,High,5,0.03371,40,,,""
M5vsM6_raw_24m,equal_width,Absolute Mortality,NEPmax,High,5,-0.48783,60,,,""
M5vsM6_raw_24m,equal_width,Absolute Mortality,WUE,High,5,-0.01426,60,,,""
M5vsM6_raw_24m,equal_width,Absolute Mortality,uWUE,High,5,0.02481,40,,,""
M5vsM6_raw_24m,equal_width,Relative Mortality,ETmax,Mid,33,0.00039,33.3,0.8736,0.9758,ns
M5vsM6_raw_24m,equal_width,Relative Mortality,GPPsat,Mid,33,0.06021,42.4,0.8142,0.9758,ns
M5vsM6_raw_24m,equal_width,Relative Mortality,NEPmax,Mid,33,-0.00944,54.5,0.2659,0.9065,ns
M5vsM6_raw_24m,equal_width,Relative Mortality,WUE,Mid,33,-7e-05,51.5,0.5427,0.9065,ns
M5vsM6_raw_24m,equal_width,Relative Mortality,uWUE,Mid,33,0.00313,39.4,0.8541,0.9758,ns
M5vsM6_raw_24m,equal_width,Relative Mortality,ETmax,Low,53,-2e-04,58.5,0.1304,0.9065,ns
M5vsM6_raw_24m,equal_width,Relative Mortality,GPPsat,Low,53,-0.07048,52.8,0.3885,0.9065,ns
M5vsM6_raw_24m,equal_width,Relative Mortality,NEPmax,Low,53,0.05138,43.4,0.6993,0.9065,ns
M5vsM6_raw_24m,equal_width,Relative Mortality,WUE,Low,53,-0.00986,60.4,0.3517,0.9065,ns
M5vsM6_raw_24m,equal_width,Relative Mortality,uWUE,Low,53,0.00021,47.2,0.6548,0.9065,ns
M5vsM6_raw_24m,equal_width,Relative Mortality,ETmax,High,7,1e-05,42.9,0.5337,0.9065,ns
M5vsM6_raw_24m,equal_width,Relative Mortality,GPPsat,High,7,0.11156,14.3,0.9246,0.9758,ns
M5vsM6_raw_24m,equal_width,Relative Mortality,NEPmax,High,7,-0.35646,71.4,0.1359,0.9065,ns
M5vsM6_raw_24m,equal_width,Relative Mortality,WUE,High,7,-0.03391,85.7,0.05416,0.9065,ns
M5vsM6_raw_24m,equal_width,Relative Mortality,uWUE,High,7,-0.01132,71.4,0.3363,0.9065,ns
M5vsM6_raw_24m,equal_width,Relative Disturbance,ETmax,Mid,35,0.00026,42.9,0.4511,0.9065,ns
M5vsM6_raw_24m,equal_width,Relative Disturbance,GPPsat,Mid,35,0.0743,34.3,0.9758,0.9758,ns
M5vsM6_raw_24m,equal_width,Relative Disturbance,NEPmax,Mid,35,-0.00299,51.4,0.3262,0.9065,ns
M5vsM6_raw_24m,equal_width,Relative Disturbance,WUE,Mid,35,-0.00043,54.3,0.6128,0.9065,ns
M5vsM6_raw_24m,equal_width,Relative Disturbance,uWUE,Mid,35,0.00571,37.1,0.9449,0.9758,ns
M5vsM6_raw_24m,equal_width,Relative Disturbance,ETmax,Low,53,-1e-04,54.7,0.2534,0.9065,ns
M5vsM6_raw_24m,equal_width,Relative Disturbance,GPPsat,Low,53,-0.08614,56.6,0.2259,0.9065,ns
M5vsM6_raw_24m,equal_width,Relative Disturbance,NEPmax,Low,53,0.03256,47.2,0.5318,0.9065,ns
M5vsM6_raw_24m,equal_width,Relative Disturbance,WUE,Low,53,-0.00874,58.5,0.3452,0.9065,ns
M5vsM6_raw_24m,equal_width,Relative Disturbance,uWUE,Low,53,0.00021,47.2,0.5841,0.9065,ns
M5vsM6_raw_24m,equal_width,Relative Disturbance,ETmax,High,5,0.00122,20,,,""
M5vsM6_raw_24m,equal_width,Relative Disturbance,GPPsat,High,5,0.05028,20,,,""
M5vsM6_raw_24m,equal_width,Relative Disturbance,NEPmax,High,5,-0.08141,60,,,""
M5vsM6_raw_24m,equal_width,Relative Disturbance,WUE,High,5,-0.03992,100,,,""
M5vsM6_raw_24m,equal_width,Relative Disturbance,uWUE,High,5,-0.02351,100,,,""
M5vsM6_raw_24m,natural_breaks,Absolute Mortality,ETmax,High,20,-0.00016,50,0.2568,0.9231,ns
M5vsM6_raw_24m,natural_breaks,Absolute Mortality,GPPsat,High,20,0.0512,40,0.7667,0.9667,ns
M5vsM6_raw_24m,natural_breaks,Absolute Mortality,NEPmax,High,20,-0.01535,50,0.3755,0.9231,ns
M5vsM6_raw_24m,natural_breaks,Absolute Mortality,WUE,High,20,-0.00035,55,0.3755,0.9231,ns
M5vsM6_raw_24m,natural_breaks,Absolute Mortality,uWUE,High,20,-0.00862,60,0.3897,0.9231,ns
M5vsM6_raw_24m,natural_breaks,Absolute Mortality,ETmax,Mid,43,0.00029,39.5,0.9238,0.9667,ns
M5vsM6_raw_24m,natural_breaks,Absolute Mortality,GPPsat,Mid,43,0.04588,39.5,0.7959,0.9667,ns
M5vsM6_raw_24m,natural_breaks,Absolute Mortality,NEPmax,Mid,43,0.00317,48.8,0.4448,0.9667,ns
M5vsM6_raw_24m,natural_breaks,Absolute Mortality,WUE,Mid,43,-0.00986,60.5,0.2075,0.9231,ns
M5vsM6_raw_24m,natural_breaks,Absolute Mortality,uWUE,Mid,43,0.00571,34.9,0.9147,0.9667,ns
M5vsM6_raw_24m,natural_breaks,Absolute Mortality,ETmax,Low,30,-0.00021,60,0.1471,0.9231,ns
M5vsM6_raw_24m,natural_breaks,Absolute Mortality,GPPsat,Low,30,-0.07994,60,0.3867,0.9231,ns
M5vsM6_raw_24m,natural_breaks,Absolute Mortality,NEPmax,Low,30,-0.01269,50,0.5164,0.9667,ns
M5vsM6_raw_24m,natural_breaks,Absolute Mortality,WUE,Low,30,-0.00719,60,0.5734,0.9667,ns
M5vsM6_raw_24m,natural_breaks,Absolute Mortality,uWUE,Low,30,-0.00136,53.3,0.5164,0.9667,ns
M5vsM6_raw_24m,natural_breaks,Relative Mortality,ETmax,High,26,0.00034,34.6,0.8511,0.9667,ns
M5vsM6_raw_24m,natural_breaks,Relative Mortality,GPPsat,High,26,0.06321,34.6,0.9024,0.9667,ns
M5vsM6_raw_24m,natural_breaks,Relative Mortality,NEPmax,High,26,-0.04765,57.7,0.2385,0.9231,ns
M5vsM6_raw_24m,natural_breaks,Relative Mortality,WUE,High,26,-0.00532,57.7,0.3238,0.9231,ns
M5vsM6_raw_24m,natural_breaks,Relative Mortality,uWUE,High,26,-0.00141,50,0.6389,0.9667,ns
M5vsM6_raw_24m,natural_breaks,Relative Mortality,ETmax,Mid,32,-0.00039,59.4,0.06856,0.8279,ns
M5vsM6_raw_24m,natural_breaks,Relative Mortality,GPPsat,Mid,32,0.07335,31.2,0.9699,0.9699,ns
M5vsM6_raw_24m,natural_breaks,Relative Mortality,NEPmax,Mid,32,0.12224,37.5,0.9124,0.9667,ns
M5vsM6_raw_24m,natural_breaks,Relative Mortality,WUE,Mid,32,-0.00132,53.1,0.459,0.9667,ns
M5vsM6_raw_24m,natural_breaks,Relative Mortality,uWUE,Mid,32,0.00308,40.6,0.614,0.9667,ns
M5vsM6_raw_24m,natural_breaks,Relative Mortality,ETmax,Low,35,0.00015,48.6,0.6128,0.9667,ns
M5vsM6_raw_24m,natural_breaks,Relative Mortality,GPPsat,Low,35,-0.1243,68.6,0.07359,0.8279,ns
M5vsM6_raw_24m,natural_breaks,Relative Mortality,NEPmax,Low,35,-0.02614,54.3,0.138,0.9231,ns
M5vsM6_raw_24m,natural_breaks,Relative Mortality,WUE,Low,35,-0.01329,65.7,0.2695,0.9231,ns
M5vsM6_raw_24m,natural_breaks,Relative Mortality,uWUE,Low,35,0.00021,48.6,0.714,0.9667,ns
M5vsM6_raw_24m,natural_breaks,Relative Disturbance,ETmax,Mid,35,-0.00033,65.7,0.03269,0.7355,ns
M5vsM6_raw_24m,natural_breaks,Relative Disturbance,GPPsat,Mid,35,0.06021,45.7,0.6438,0.9667,ns
M5vsM6_raw_24m,natural_breaks,Relative Disturbance,NEPmax,Mid,35,0.08214,37.1,0.9007,0.9667,ns
M5vsM6_raw_24m,natural_breaks,Relative Disturbance,WUE,Mid,35,-0.01002,68.6,0.02421,0.7355,ns
M5vsM6_raw_24m,natural_breaks,Relative Disturbance,uWUE,Mid,35,-0.00117,51.4,0.2916,0.9231,ns
M5vsM6_raw_24m,natural_breaks,Relative Disturbance,ETmax,Low,35,0.00019,45.7,0.6559,0.9667,ns
M5vsM6_raw_24m,natural_breaks,Relative Disturbance,GPPsat,Low,35,-0.07375,57.1,0.2135,0.9231,ns
M5vsM6_raw_24m,natural_breaks,Relative Disturbance,NEPmax,Low,35,0.00077,48.6,0.3262,0.9231,ns
M5vsM6_raw_24m,natural_breaks,Relative Disturbance,WUE,Low,35,-0.0033,54.3,0.7517,0.9667,ns
M5vsM6_raw_24m,natural_breaks,Relative Disturbance,uWUE,Low,35,0.00219,42.9,0.8825,0.9667,ns
M5vsM6_raw_24m,natural_breaks,Relative Disturbance,ETmax,High,23,0.00043,26.1,0.9168,0.9667,ns
M5vsM6_raw_24m,natural_breaks,Relative Disturbance,GPPsat,High,23,0.11156,30.4,0.9482,0.9697,ns
M5vsM6_raw_24m,natural_breaks,Relative Disturbance,NEPmax,High,23,-0.11391,69.6,0.1148,0.9231,ns
M5vsM6_raw_24m,natural_breaks,Relative Disturbance,WUE,High,23,-7e-05,52.2,0.5544,0.9667,ns
M5vsM6_raw_24m,natural_breaks,Relative Disturbance,uWUE,High,23,0.00271,43.5,0.7899,0.9667,ns
M5vsM6_anom_12m,tertiles,Absolute Mortality,ETmax,High,31,0.00017,41.9,0.6774,0.7258,ns
M5vsM6_anom_12m,tertiles,Absolute Mortality,GPPsat,High,31,-0.0376,54.8,0.2433,0.3488,ns
M5vsM6_anom_12m,tertiles,Absolute Mortality,NEPmax,High,31,0.08248,48.4,0.1916,0.3488,ns
M5vsM6_anom_12m,tertiles,Absolute Mortality,WUE,High,31,-0.04858,61.3,0.1067,0.2758,ns
M5vsM6_anom_12m,tertiles,Absolute Mortality,uWUE,High,31,-0.00732,58.1,0.1916,0.3488,ns
M5vsM6_anom_12m,tertiles,Absolute Mortality,ETmax,Mid,31,0.00072,38.7,0.8701,0.9106,ns
M5vsM6_anom_12m,tertiles,Absolute Mortality,GPPsat,Mid,31,-0.67295,74.2,0.004984,0.2243,ns
M5vsM6_anom_12m,tertiles,Absolute Mortality,NEPmax,Mid,31,-1.03435,64.5,0.01242,0.2533,ns
M5vsM6_anom_12m,tertiles,Absolute Mortality,WUE,Mid,31,-0.03362,54.8,0.3156,0.4147,ns
M5vsM6_anom_12m,tertiles,Absolute Mortality,uWUE,Mid,31,-0.02417,51.6,0.6488,0.7121,ns
M5vsM6_anom_12m,tertiles,Absolute Mortality,ETmax,Low,31,-0.00173,61.3,0.2194,0.3488,ns
M5vsM6_anom_12m,tertiles,Absolute Mortality,GPPsat,Low,31,-0.52656,58.1,0.09965,0.2758,ns
M5vsM6_anom_12m,tertiles,Absolute Mortality,NEPmax,Low,31,-0.68415,58.1,0.06692,0.2738,ns
M5vsM6_anom_12m,tertiles,Absolute Mortality,WUE,Low,31,-0.01163,51.6,0.2495,0.3488,ns
M5vsM6_anom_12m,tertiles,Absolute Mortality,uWUE,Low,31,-0.00774,54.8,0.2495,0.3488,ns
M5vsM6_anom_12m,tertiles,Relative Mortality,ETmax,High,31,0.00072,32.3,0.9635,0.9854,ns
M5vsM6_anom_12m,tertiles,Relative Mortality,GPPsat,High,31,-0.54911,67.7,0.03807,0.2533,ns
M5vsM6_anom_12m,tertiles,Relative Mortality,NEPmax,High,31,-0.47474,54.8,0.0432,0.2533,ns
M5vsM6_anom_12m,tertiles,Relative Mortality,WUE,High,31,-0.04075,64.5,0.1103,0.2758,ns
M5vsM6_anom_12m,tertiles,Relative Mortality,uWUE,High,31,-0.00774,51.6,0.3732,0.4665,ns
M5vsM6_anom_12m,tertiles,Relative Mortality,ETmax,Mid,31,-0.00044,54.8,0.2372,0.3488,ns
M5vsM6_anom_12m,tertiles,Relative Mortality,GPPsat,Mid,31,-0.24809,58.1,0.2433,0.3488,ns
M5vsM6_anom_12m,tertiles,Relative Mortality,NEPmax,Mid,31,-0.40157,54.8,0.1031,0.2758,ns
M5vsM6_anom_12m,tertiles,Relative Mortality,WUE,Mid,31,0.00573,48.4,0.2558,0.3488,ns
M5vsM6_anom_12m,tertiles,Relative Mortality,uWUE,Mid,31,-0.00123,54.8,0.5738,0.6621,ns
M5vsM6_anom_12m,tertiles,Relative Mortality,ETmax,Low,31,-0.00072,54.8,0.3226,0.4147,ns
M5vsM6_anom_12m,tertiles,Relative Mortality,GPPsat,Low,31,-0.70356,61.3,0.03972,0.2533,ns
M5vsM6_anom_12m,tertiles,Relative Mortality,NEPmax,Low,31,-0.8928,61.3,0.04503,0.2533,ns
M5vsM6_anom_12m,tertiles,Relative Mortality,WUE,Low,31,-0.01163,54.8,0.2253,0.3488,ns
M5vsM6_anom_12m,tertiles,Relative Mortality,uWUE,Low,31,-0.04515,58.1,0.1518,0.3488,ns
M5vsM6_anom_12m,tertiles,Relative Disturbance,ETmax,High,31,0.00092,25.8,0.9882,0.9882,ns
M5vsM6_anom_12m,tertiles,Relative Disturbance,GPPsat,High,31,-0.43411,61.3,0.07488,0.2758,ns
M5vsM6_anom_12m,tertiles,Relative Disturbance,NEPmax,High,31,-0.47474,58.1,0.0432,0.2533,ns
M5vsM6_anom_12m,tertiles,Relative Disturbance,WUE,High,31,-0.02213,58.1,0.1916,0.3488,ns
M5vsM6_anom_12m,tertiles,Relative Disturbance,uWUE,High,31,0.01735,48.4,0.5195,0.6152,ns
M5vsM6_anom_12m,tertiles,Relative Disturbance,ETmax,Mid,31,-0.00173,71,0.03494,0.2533,ns
M5vsM6_anom_12m,tertiles,Relative Disturbance,GPPsat,Mid,31,-0.25287,64.5,0.06441,0.2738,ns
M5vsM6_anom_12m,tertiles,Relative Disturbance,NEPmax,Mid,31,-0.22445,51.6,0.05512,0.2738,ns
M5vsM6_anom_12m,tertiles,Relative Disturbance,WUE,Mid,31,-0.04014,54.8,0.2137,0.3488,ns
M5vsM6_anom_12m,tertiles,Relative Disturbance,uWUE,Mid,31,-0.00732,58.1,0.3881,0.4721,ns
M5vsM6_anom_12m,tertiles,Relative Disturbance,ETmax,Low,31,0.0012,45.2,0.5892,0.6628,ns
M5vsM6_anom_12m,tertiles,Relative Disturbance,GPPsat,Low,31,-0.70356,61.3,0.09965,0.2758,ns
M5vsM6_anom_12m,tertiles,Relative Disturbance,NEPmax,Low,31,-1.40759,61.3,0.1103,0.2758,ns
M5vsM6_anom_12m,tertiles,Relative Disturbance,WUE,Low,31,-0.01163,54.8,0.208,0.3488,ns
M5vsM6_anom_12m,tertiles,Relative Disturbance,uWUE,Low,31,-0.04515,58.1,0.176,0.3488,ns
M5vsM6_anom_12m,equal_width,Absolute Mortality,ETmax,Mid,35,0.00017,45.7,0.7517,0.8221,ns
M5vsM6_anom_12m,equal_width,Absolute Mortality,GPPsat,Mid,35,-0.24809,57.1,0.1569,0.3432,ns
M5vsM6_anom_12m,equal_width,Absolute Mortality,NEPmax,Mid,35,0.03398,48.6,0.1904,0.3552,ns
M5vsM6_anom_12m,equal_width,Absolute Mortality,WUE,Mid,35,-0.04858,57.1,0.07827,0.249,ns
M5vsM6_anom_12m,equal_width,Absolute Mortality,uWUE,Mid,35,-0.00796,60,0.1569,0.3432,ns
M5vsM6_anom_12m,equal_width,Absolute Mortality,ETmax,Low,53,-0.00021,52.8,0.2232,0.3722,ns
M5vsM6_anom_12m,equal_width,Absolute Mortality,GPPsat,Low,53,-0.7552,69.8,0.002371,0.0415,*
M5vsM6_anom_12m,equal_width,Absolute Mortality,NEPmax,Low,53,-1.31576,66,0.002122,0.0415,*
M5vsM6_anom_12m,equal_width,Absolute Mortality,WUE,Low,53,-0.01341,54.7,0.2339,0.3722,ns
M5vsM6_anom_12m,equal_width,Absolute Mortality,uWUE,Low,53,-0.02417,54.7,0.3007,0.4048,ns
M5vsM6_anom_12m,equal_width,Absolute Mortality,ETmax,High,5,0.00132,0,,,""
M5vsM6_anom_12m,equal_width,Absolute Mortality,GPPsat,High,5,1.07843,20,,,""
M5vsM6_anom_12m,equal_width,Absolute Mortality,NEPmax,High,5,1.08276,20,,,""
M5vsM6_anom_12m,equal_width,Absolute Mortality,WUE,High,5,-0.00785,60,,,""
M5vsM6_anom_12m,equal_width,Absolute Mortality,uWUE,High,5,0.04601,20,,,""
M5vsM6_anom_12m,equal_width,Relative Mortality,ETmax,Mid,33,0.00072,39.4,0.8773,0.8976,ns
M5vsM6_anom_12m,equal_width,Relative Mortality,GPPsat,Mid,33,-0.43411,69.7,0.01601,0.1208,ns
M5vsM6_anom_12m,equal_width,Relative Mortality,NEPmax,Mid,33,-0.68544,60.6,0.0175,0.1208,ns
M5vsM6_anom_12m,equal_width,Relative Mortality,WUE,Mid,33,-0.03362,57.6,0.3604,0.4672,ns
M5vsM6_anom_12m,equal_width,Relative Mortality,uWUE,Mid,33,-0.00123,51.5,0.6463,0.754,ns
M5vsM6_anom_12m,equal_width,Relative Mortality,ETmax,Low,53,-0.00101,56.6,0.1856,0.3552,ns
M5vsM6_anom_12m,equal_width,Relative Mortality,GPPsat,Low,53,-0.67295,60.4,0.03151,0.1575,ns
M5vsM6_anom_12m,equal_width,Relative Mortality,NEPmax,Low,53,-0.53713,56.6,0.04376,0.1915,ns
M5vsM6_anom_12m,equal_width,Relative Mortality,WUE,Low,53,-0.01341,54.7,0.1076,0.3138,ns
M5vsM6_anom_12m,equal_width,Relative Mortality,uWUE,Low,53,-0.03976,58.5,0.1362,0.3432,ns
M5vsM6_anom_12m,equal_width,Relative Mortality,ETmax,High,7,0.00132,14.3,0.8976,0.8976,ns
M5vsM6_anom_12m,equal_width,Relative Mortality,GPPsat,High,7,0.95758,42.9,0.4663,0.5628,ns
M5vsM6_anom_12m,equal_width,Relative Mortality,NEPmax,High,7,0.156,42.9,0.2771,0.4004,ns
M5vsM6_anom_12m,equal_width,Relative Mortality,WUE,High,7,-0.02213,57.1,0.2234,0.3722,ns
M5vsM6_anom_12m,equal_width,Relative Mortality,uWUE,High,7,0.02794,42.9,0.3999,0.4999,ns
M5vsM6_anom_12m,equal_width,Relative Disturbance,ETmax,Mid,35,0.00072,40,0.8431,0.8942,ns
M5vsM6_anom_12m,equal_width,Relative Disturbance,GPPsat,Mid,35,-0.54543,68.6,0.01991,0.1208,ns
M5vsM6_anom_12m,equal_width,Relative Disturbance,NEPmax,Mid,35,-0.68544,60,0.02071,0.1208,ns
M5vsM6_anom_12m,equal_width,Relative Disturbance,WUE,Mid,35,-0.03362,57.1,0.286,0.4004,ns
M5vsM6_anom_12m,equal_width,Relative Disturbance,uWUE,Mid,35,0.01735,48.6,0.7305,0.8221,ns
M5vsM6_anom_12m,equal_width,Relative Disturbance,ETmax,Low,53,-0.00055,54.7,0.2562,0.3899,ns
M5vsM6_anom_12m,equal_width,Relative Disturbance,GPPsat,Low,53,-0.28002,58.5,0.06965,0.249,ns
M5vsM6_anom_12m,equal_width,Relative Disturbance,NEPmax,Low,53,-0.47242,54.7,0.07327,0.249,ns
M5vsM6_anom_12m,equal_width,Relative Disturbance,WUE,Low,53,-0.01163,52.8,0.1928,0.3552,ns
M5vsM6_anom_12m,equal_width,Relative Disturbance,uWUE,Low,53,-0.03276,58.5,0.1461,0.3432,ns
M5vsM6_anom_12m,equal_width,Relative Disturbance,ETmax,High,5,0.00017,20,,,""
M5vsM6_anom_12m,equal_width,Relative Disturbance,GPPsat,High,5,-1.17059,60,,,""
M5vsM6_anom_12m,equal_width,Relative Disturbance,NEPmax,High,5,-2.46559,60,,,""
M5vsM6_anom_12m,equal_width,Relative Disturbance,WUE,High,5,-0.18985,80,,,""
M5vsM6_anom_12m,equal_width,Relative Disturbance,uWUE,High,5,-0.18515,60,,,""
M5vsM6_anom_12m,natural_breaks,Absolute Mortality,ETmax,High,20,0.00046,40,0.7667,0.8023,ns
M5vsM6_anom_12m,natural_breaks,Absolute Mortality,GPPsat,High,20,-0.14284,60,0.2111,0.3862,ns
M5vsM6_anom_12m,natural_breaks,Absolute Mortality,NEPmax,High,20,0.49275,40,0.4333,0.5329,ns
M5vsM6_anom_12m,natural_breaks,Absolute Mortality,WUE,High,20,-0.00779,55,0.2814,0.4361,ns
M5vsM6_anom_12m,natural_breaks,Absolute Mortality,uWUE,High,20,0.00501,50,0.3755,0.512,ns
M5vsM6_anom_12m,natural_breaks,Absolute Mortality,ETmax,Mid,43,0.00058,41.9,0.7003,0.7503,ns
M5vsM6_anom_12m,natural_breaks,Absolute Mortality,GPPsat,Mid,43,-0.58079,67.4,0.009423,0.1413,ns
M5vsM6_anom_12m,natural_breaks,Absolute Mortality,NEPmax,Mid,43,-0.93453,65.1,0.002691,0.1211,ns
M5vsM6_anom_12m,natural_breaks,Absolute Mortality,WUE,Mid,43,-0.05406,60.5,0.1372,0.353,ns
M5vsM6_anom_12m,natural_breaks,Absolute Mortality,uWUE,Mid,43,-0.02428,58.1,0.4163,0.5329,ns
M5vsM6_anom_12m,natural_breaks,Absolute Mortality,ETmax,Low,30,-0.00122,60,0.2823,0.4361,ns
M5vsM6_anom_12m,natural_breaks,Absolute Mortality,GPPsat,Low,30,-0.40329,56.7,0.1378,0.353,ns
M5vsM6_anom_12m,natural_breaks,Absolute Mortality,NEPmax,Low,30,-0.4543,56.7,0.08096,0.353,ns
M5vsM6_anom_12m,natural_breaks,Absolute Mortality,WUE,Low,30,0.00298,50,0.3036,0.4361,ns
M5vsM6_anom_12m,natural_breaks,Absolute Mortality,uWUE,Low,30,-0.00718,53.3,0.3036,0.4361,ns
M5vsM6_anom_12m,natural_breaks,Relative Mortality,ETmax,High,26,0.00084,23.1,0.9926,0.9926,ns
M5vsM6_anom_12m,natural_breaks,Relative Mortality,GPPsat,High,26,-0.48977,61.5,0.1021,0.353,ns
M5vsM6_anom_12m,natural_breaks,Relative Mortality,NEPmax,High,26,-0.4095,53.8,0.07385,0.353,ns
M5vsM6_anom_12m,natural_breaks,Relative Mortality,WUE,High,26,-0.02787,61.5,0.1489,0.353,ns
M5vsM6_anom_12m,natural_breaks,Relative Mortality,uWUE,High,26,0.00481,50,0.4595,0.5442,ns
M5vsM6_anom_12m,natural_breaks,Relative Mortality,ETmax,Mid,32,-0.00095,62.5,0.09687,0.353,ns
M5vsM6_anom_12m,natural_breaks,Relative Mortality,GPPsat,Mid,32,-0.25048,62.5,0.1213,0.353,ns
M5vsM6_anom_12m,natural_breaks,Relative Mortality,NEPmax,Mid,32,-0.31301,53.1,0.07365,0.353,ns
M5vsM6_anom_12m,natural_breaks,Relative Mortality,WUE,Mid,32,-0.02677,53.1,0.3101,0.4361,ns
M5vsM6_anom_12m,natural_breaks,Relative Mortality,uWUE,Mid,32,-0.00428,56.2,0.5186,0.5835,ns
M5vsM6_anom_12m,natural_breaks,Relative Mortality,ETmax,Low,35,-0.00055,51.4,0.4382,0.5329,ns
M5vsM6_anom_12m,natural_breaks,Relative Mortality,GPPsat,Low,35,-0.70356,62.9,0.04055,0.2995,ns
M5vsM6_anom_12m,natural_breaks,Relative Mortality,NEPmax,Low,35,-0.8928,62.9,0.04659,0.2995,ns
M5vsM6_anom_12m,natural_breaks,Relative Mortality,WUE,Low,35,-0.01163,54.3,0.1569,0.353,ns
M5vsM6_anom_12m,natural_breaks,Relative Mortality,uWUE,Low,35,-0.04515,57.1,0.1649,0.3533,ns
M5vsM6_anom_12m,natural_breaks,Relative Disturbance,ETmax,Mid,35,-0.00114,68.6,0.03777,0.2995,ns
M5vsM6_anom_12m,natural_breaks,Relative Disturbance,GPPsat,Mid,35,-0.35665,68.6,0.01439,0.1618,ns
M5vsM6_anom_12m,natural_breaks,Relative Disturbance,NEPmax,Mid,35,-0.84156,60,0.008972,0.1413,ns
M5vsM6_anom_12m,natural_breaks,Relative Disturbance,WUE,Mid,35,-0.04014,57.1,0.2183,0.3862,ns
M5vsM6_anom_12m,natural_breaks,Relative Disturbance,uWUE,Mid,35,-0.00732,57.1,0.4967,0.5732,ns
M5vsM6_anom_12m,natural_breaks,Relative Disturbance,ETmax,Low,35,0.0012,42.9,0.6971,0.7503,ns
M5vsM6_anom_12m,natural_breaks,Relative Disturbance,GPPsat,Low,35,-0.67295,60,0.1022,0.353,ns
M5vsM6_anom_12m,natural_breaks,Relative Disturbance,NEPmax,Low,35,-0.68415,57.1,0.1492,0.353,ns
M5vsM6_anom_12m,natural_breaks,Relative Disturbance,WUE,Low,35,-0.01163,54.3,0.2231,0.3862,ns
M5vsM6_anom_12m,natural_breaks,Relative Disturbance,uWUE,Low,35,-0.04515,57.1,0.2231,0.3862,ns
M5vsM6_anom_12m,natural_breaks,Relative Disturbance,ETmax,High,23,0.00076,21.7,0.9873,0.9926,ns
M5vsM6_anom_12m,natural_breaks,Relative Disturbance,GPPsat,High,23,-0.43411,56.5,0.2374,0.3956,ns
M5vsM6_anom_12m,natural_breaks,Relative Disturbance,NEPmax,High,23,-0.34427,52.2,0.1148,0.353,ns
M5vsM6_anom_12m,natural_breaks,Relative Disturbance,WUE,High,23,-0.02213,56.5,0.2101,0.3862,ns
M5vsM6_anom_12m,natural_breaks,Relative Disturbance,uWUE,High,23,0.01735,47.8,0.398,0.5268,ns
M5vsM6_anom_24m,tertiles,Absolute Mortality,ETmax,High,31,-0.00092,58.1,0.4571,0.5274,ns
M5vsM6_anom_24m,tertiles,Absolute Mortality,GPPsat,High,31,-0.09278,51.6,0.2433,0.391,ns
M5vsM6_anom_24m,tertiles,Absolute Mortality,NEPmax,High,31,-0.56468,61.3,0.08355,0.235,ns
M5vsM6_anom_24m,tertiles,Absolute Mortality,WUE,High,31,-0.02628,54.8,0.1518,0.3415,ns
M5vsM6_anom_24m,tertiles,Absolute Mortality,uWUE,High,31,-0.02939,64.5,0.05089,0.1908,ns
M5vsM6_anom_24m,tertiles,Absolute Mortality,ETmax,Mid,31,0.00136,41.9,0.8528,0.8722,ns
M5vsM6_anom_24m,tertiles,Absolute Mortality,GPPsat,Mid,31,-0.73542,67.7,0.007348,0.1741,ns
M5vsM6_anom_24m,tertiles,Absolute Mortality,NEPmax,Mid,31,-0.79078,67.7,0.01444,0.1741,ns
M5vsM6_anom_24m,tertiles,Absolute Mortality,WUE,Mid,31,-0.00517,51.6,0.3957,0.4946,ns
M5vsM6_anom_24m,tertiles,Absolute Mortality,uWUE,Mid,31,0.02375,45.2,0.6119,0.6883,ns
M5vsM6_anom_24m,tertiles,Absolute Mortality,ETmax,Low,31,-0.00207,64.5,0.1811,0.3467,ns
M5vsM6_anom_24m,tertiles,Absolute Mortality,GPPsat,Low,31,-0.26391,58.1,0.1341,0.3176,ns
M5vsM6_anom_24m,tertiles,Absolute Mortality,NEPmax,Low,31,-0.98167,58.1,0.04692,0.1908,ns
M5vsM6_anom_24m,tertiles,Absolute Mortality,WUE,Low,31,-0.01674,54.8,0.3732,0.4799,ns
M5vsM6_anom_24m,tertiles,Absolute Mortality,uWUE,Low,31,-0.01163,54.8,0.4493,0.5274,ns
M5vsM6_anom_24m,tertiles,Relative Mortality,ETmax,High,31,0.00039,48.4,0.8528,0.8722,ns
M5vsM6_anom_24m,tertiles,Relative Mortality,GPPsat,High,31,-0.60458,64.5,0.03346,0.1908,ns
M5vsM6_anom_24m,tertiles,Relative Mortality,NEPmax,High,31,-0.62746,58.1,0.04887,0.1908,ns
M5vsM6_anom_24m,tertiles,Relative Mortality,WUE,High,31,-0.02486,54.8,0.1612,0.3454,ns
M5vsM6_anom_24m,tertiles,Relative Mortality,uWUE,High,31,-0.01689,61.3,0.1299,0.3176,ns
M5vsM6_anom_24m,tertiles,Relative Mortality,ETmax,Mid,31,-0.00121,58.1,0.2025,0.3467,ns
M5vsM6_anom_24m,tertiles,Relative Mortality,GPPsat,Mid,31,-0.11691,51.6,0.2025,0.3467,ns
M5vsM6_anom_24m,tertiles,Relative Mortality,NEPmax,Mid,31,-0.56468,67.7,0.04692,0.1908,ns
M5vsM6_anom_24m,tertiles,Relative Mortality,WUE,Mid,31,0.01927,45.2,0.3018,0.448,ns
M5vsM6_anom_24m,tertiles,Relative Mortality,uWUE,Mid,31,0.02375,45.2,0.6415,0.7041,ns
M5vsM6_anom_24m,tertiles,Relative Mortality,ETmax,Low,31,-0.00176,58.1,0.3658,0.4799,ns
M5vsM6_anom_24m,tertiles,Relative Mortality,GPPsat,Low,31,-0.69908,61.3,0.05512,0.1908,ns
M5vsM6_anom_24m,tertiles,Relative Mortality,NEPmax,Low,31,-1.30488,61.3,0.01935,0.1741,ns
M5vsM6_anom_24m,tertiles,Relative Mortality,WUE,Low,31,-0.02733,61.3,0.2816,0.437,ns
M5vsM6_anom_24m,tertiles,Relative Mortality,uWUE,Low,31,-0.0216,58.1,0.1916,0.3467,ns
M5vsM6_anom_24m,tertiles,Relative Disturbance,ETmax,High,31,0.00062,41.9,0.9223,0.9223,ns
M5vsM6_anom_24m,tertiles,Relative Disturbance,GPPsat,High,31,-0.60458,61.3,0.05089,0.1908,ns
M5vsM6_anom_24m,tertiles,Relative Disturbance,NEPmax,High,31,-0.64768,61.3,0.04692,0.1908,ns
M5vsM6_anom_24m,tertiles,Relative Disturbance,WUE,High,31,-0.02255,51.6,0.1709,0.3467,ns
M5vsM6_anom_24m,tertiles,Relative Disturbance,uWUE,High,31,-0.01567,54.8,0.3086,0.448,ns
M5vsM6_anom_24m,tertiles,Relative Disturbance,ETmax,Mid,31,-0.00162,74.2,0.01844,0.1741,ns
M5vsM6_anom_24m,tertiles,Relative Disturbance,GPPsat,Mid,31,-0.15291,54.8,0.08355,0.235,ns
M5vsM6_anom_24m,tertiles,Relative Disturbance,NEPmax,Mid,31,-0.54819,64.5,0.01844,0.1741,ns
M5vsM6_anom_24m,tertiles,Relative Disturbance,WUE,Mid,31,0.00951,48.4,0.3226,0.4536,ns
M5vsM6_anom_24m,tertiles,Relative Disturbance,uWUE,Mid,31,-0.02647,51.6,0.4185,0.509,ns
M5vsM6_anom_24m,tertiles,Relative Disturbance,ETmax,Low,31,0.0015,48.4,0.7117,0.7626,ns
M5vsM6_anom_24m,tertiles,Relative Disturbance,GPPsat,Low,31,-0.69908,61.3,0.1141,0.3019,ns
M5vsM6_anom_24m,tertiles,Relative Disturbance,NEPmax,Low,31,-0.866,61.3,0.07769,0.235,ns
M5vsM6_anom_24m,tertiles,Relative Disturbance,WUE,Low,31,-0.02733,61.3,0.3439,0.469,ns
M5vsM6_anom_24m,tertiles,Relative Disturbance,uWUE,Low,31,-0.0216,58.1,0.208,0.3467,ns
M5vsM6_anom_24m,equal_width,Absolute Mortality,ETmax,Mid,35,-0.00022,51.4,0.7619,0.7843,ns
M5vsM6_anom_24m,equal_width,Absolute Mortality,GPPsat,Mid,35,-0.11691,54.3,0.1649,0.3733,ns
M5vsM6_anom_24m,equal_width,Absolute Mortality,NEPmax,Mid,35,-0.36699,62.9,0.09366,0.2732,ns
M5vsM6_anom_24m,equal_width,Absolute Mortality,WUE,Mid,35,-0.02255,54.3,0.1143,0.3078,ns
M5vsM6_anom_24m,equal_width,Absolute Mortality,uWUE,Mid,35,-0.02317,60,0.04821,0.1687,ns
M5vsM6_anom_24m,equal_width,Absolute Mortality,ETmax,Low,53,-0.001,56.6,0.2027,0.3733,ns
M5vsM6_anom_24m,equal_width,Absolute Mortality,GPPsat,Low,53,-0.73542,66,0.003031,0.05305,ns
M5vsM6_anom_24m,equal_width,Absolute Mortality,NEPmax,Low,53,-1.26057,66,0.001128,0.03949,*
M5vsM6_anom_24m,equal_width,Absolute Mortality,WUE,Low,53,-0.02202,54.7,0.3452,0.45,ns
M5vsM6_anom_24m,equal_width,Absolute Mortality,uWUE,Low,53,-0.01163,52.8,0.4437,0.5176,ns
M5vsM6_anom_24m,equal_width,Absolute Mortality,ETmax,High,5,-0.00069,60,,,""
M5vsM6_anom_24m,equal_width,Absolute Mortality,GPPsat,High,5,1.00253,20,,,""
M5vsM6_anom_24m,equal_width,Absolute Mortality,NEPmax,High,5,1.13526,20,,,""
M5vsM6_anom_24m,equal_width,Absolute Mortality,WUE,High,5,0.04827,40,,,""
M5vsM6_anom_24m,equal_width,Absolute Mortality,uWUE,High,5,0.12992,40,,,""
M5vsM6_anom_24m,equal_width,Relative Mortality,ETmax,Mid,33,0.00041,45.5,0.8142,0.8142,ns
M5vsM6_anom_24m,equal_width,Relative Mortality,GPPsat,Mid,33,-0.55843,63.6,0.0175,0.1072,ns
M5vsM6_anom_24m,equal_width,Relative Mortality,NEPmax,Mid,33,-0.64768,63.6,0.01674,0.1072,ns
M5vsM6_anom_24m,equal_width,Relative Mortality,WUE,Mid,33,-0.00517,51.5,0.3471,0.45,ns
M5vsM6_anom_24m,equal_width,Relative Mortality,uWUE,Mid,33,-0.01656,54.5,0.4012,0.4843,ns
M5vsM6_anom_24m,equal_width,Relative Mortality,ETmax,Low,53,-0.00147,60.4,0.2027,0.3733,ns
M5vsM6_anom_24m,equal_width,Relative Mortality,GPPsat,Low,53,-0.31199,58.5,0.03478,0.1352,ns
M5vsM6_anom_24m,equal_width,Relative Mortality,NEPmax,Low,53,-0.65564,62.3,0.01718,0.1072,ns
M5vsM6_anom_24m,equal_width,Relative Mortality,WUE,Low,53,-0.02733,56.6,0.1763,0.3733,ns
M5vsM6_anom_24m,equal_width,Relative Mortality,uWUE,Low,53,-0.0216,54.7,0.1977,0.3733,ns
M5vsM6_anom_24m,equal_width,Relative Mortality,ETmax,High,7,-0.00022,57.1,0.6001,0.6563,ns
M5vsM6_anom_24m,equal_width,Relative Mortality,GPPsat,High,7,0.93143,42.9,0.3999,0.4843,ns
M5vsM6_anom_24m,equal_width,Relative Mortality,NEPmax,High,7,-0.31094,57.1,0.2234,0.391,ns
M5vsM6_anom_24m,equal_width,Relative Mortality,WUE,High,7,0.04827,42.9,0.3363,0.45,ns
M5vsM6_anom_24m,equal_width,Relative Mortality,uWUE,High,7,-0.01428,57.1,0.3363,0.45,ns
M5vsM6_anom_24m,equal_width,Relative Disturbance,ETmax,Mid,35,0.00039,48.6,0.6855,0.7271,ns
M5vsM6_anom_24m,equal_width,Relative Disturbance,GPPsat,Mid,35,-0.58207,65.7,0.01838,0.1072,ns
M5vsM6_anom_24m,equal_width,Relative Disturbance,NEPmax,Mid,35,-0.62746,62.9,0.03269,0.1352,ns
M5vsM6_anom_24m,equal_width,Relative Disturbance,WUE,Mid,35,-0.00517,51.4,0.3087,0.45,ns
M5vsM6_anom_24m,equal_width,Relative Disturbance,uWUE,Mid,35,-0.01567,51.4,0.5489,0.6197,ns
M5vsM6_anom_24m,equal_width,Relative Disturbance,ETmax,Low,53,-0.00121,58.5,0.3069,0.45,ns
M5vsM6_anom_24m,equal_width,Relative Disturbance,GPPsat,Low,53,-0.15563,54.7,0.07084,0.2254,ns
M5vsM6_anom_24m,equal_width,Relative Disturbance,NEPmax,Low,53,-0.65564,60.4,0.02908,0.1352,ns
M5vsM6_anom_24m,equal_width,Relative Disturbance,WUE,Low,53,-0.02202,54.7,0.2946,0.45,ns
M5vsM6_anom_24m,equal_width,Relative Disturbance,uWUE,Low,53,-0.0216,54.7,0.1763,0.3733,ns
M5vsM6_anom_24m,equal_width,Relative Disturbance,ETmax,High,5,-0.00022,60,,,""
M5vsM6_anom_24m,equal_width,Relative Disturbance,GPPsat,High,5,-1.20424,60,,,""
M5vsM6_anom_24m,equal_width,Relative Disturbance,NEPmax,High,5,-2.6593,80,,,""
M5vsM6_anom_24m,equal_width,Relative Disturbance,WUE,High,5,-0.19128,60,,,""
M5vsM6_anom_24m,equal_width,Relative Disturbance,uWUE,High,5,-0.1538,80,,,""
M5vsM6_anom_24m,natural_breaks,Absolute Mortality,ETmax,High,20,-9e-04,60,0.5074,0.5882,ns
M5vsM6_anom_24m,natural_breaks,Absolute Mortality,GPPsat,High,20,-0.05828,50,0.2449,0.3936,ns
M5vsM6_anom_24m,natural_breaks,Absolute Mortality,NEPmax,High,20,0.11656,50,0.3897,0.5147,ns
M5vsM6_anom_24m,natural_breaks,Absolute Mortality,WUE,High,20,0.02087,45,0.3755,0.5147,ns
M5vsM6_anom_24m,natural_breaks,Absolute Mortality,uWUE,High,20,-0.02003,65,0.04128,0.2579,ns
M5vsM6_anom_24m,natural_breaks,Absolute Mortality,ETmax,Mid,43,0.00062,46.5,0.7128,0.7637,ns
M5vsM6_anom_24m,natural_breaks,Absolute Mortality,GPPsat,Mid,43,-0.58207,65.1,0.008829,0.1324,ns
M5vsM6_anom_24m,natural_breaks,Absolute Mortality,NEPmax,Mid,43,-0.79078,72.1,0.001842,0.06839,ns
M5vsM6_anom_24m,natural_breaks,Absolute Mortality,WUE,Mid,43,-0.02628,58.1,0.1596,0.3307,ns
M5vsM6_anom_24m,natural_breaks,Absolute Mortality,uWUE,Mid,43,-0.01656,51.2,0.4305,0.5381,ns
M5vsM6_anom_24m,natural_breaks,Absolute Mortality,ETmax,Low,30,-0.00191,63.3,0.2358,0.3936,ns
M5vsM6_anom_24m,natural_breaks,Absolute Mortality,GPPsat,Low,30,-0.20841,56.7,0.1827,0.3366,ns
M5vsM6_anom_24m,natural_breaks,Absolute Mortality,NEPmax,Low,30,-0.81866,56.7,0.059,0.2655,ns
M5vsM6_anom_24m,natural_breaks,Absolute Mortality,WUE,Low,30,-0.01516,53.3,0.3946,0.5147,ns
M5vsM6_anom_24m,natural_breaks,Absolute Mortality,uWUE,Low,30,-0.0077,53.3,0.5,0.5882,ns
M5vsM6_anom_24m,natural_breaks,Relative Mortality,ETmax,High,26,4e-04,46.2,0.9109,0.9109,ns
M5vsM6_anom_24m,natural_breaks,Relative Mortality,GPPsat,High,26,-0.65564,61.5,0.07036,0.2769,ns
M5vsM6_anom_24m,natural_breaks,Relative Mortality,NEPmax,High,26,-0.63757,57.7,0.07385,0.2769,ns
M5vsM6_anom_24m,natural_breaks,Relative Mortality,WUE,High,26,-0.02371,53.8,0.1672,0.3307,ns
M5vsM6_anom_24m,natural_breaks,Relative Mortality,uWUE,High,26,-0.01611,57.7,0.187,0.3366,ns
M5vsM6_anom_24m,natural_breaks,Relative Mortality,ETmax,Mid,32,-0.00151,62.5,0.0818,0.2832,ns
M5vsM6_anom_24m,natural_breaks,Relative Mortality,GPPsat,Mid,32,-0.13491,53.1,0.1541,0.3307,ns
M5vsM6_anom_24m,natural_breaks,Relative Mortality,NEPmax,Mid,32,-0.55644,65.6,0.02885,0.2543,ns
M5vsM6_anom_24m,natural_breaks,Relative Mortality,WUE,Mid,32,0.01426,46.9,0.4004,0.5147,ns
M5vsM6_anom_24m,natural_breaks,Relative Mortality,uWUE,Mid,32,-0.00673,50,0.6283,0.6895,ns
M5vsM6_anom_24m,natural_breaks,Relative Mortality,ETmax,Low,35,-0.00051,54.3,0.5098,0.5882,ns
M5vsM6_anom_24m,natural_breaks,Relative Mortality,GPPsat,Low,35,-0.69908,62.9,0.05158,0.2579,ns
M5vsM6_anom_24m,natural_breaks,Relative Mortality,NEPmax,Low,35,-0.98167,62.9,0.0339,0.2543,ns
M5vsM6_anom_24m,natural_breaks,Relative Mortality,WUE,Low,35,-0.02733,60,0.2588,0.4016,ns
M5vsM6_anom_24m,natural_breaks,Relative Mortality,uWUE,Low,35,-0.0216,57.1,0.1609,0.3307,ns
M5vsM6_anom_24m,natural_breaks,Relative Disturbance,ETmax,Mid,35,-0.00127,65.7,0.04821,0.2579,ns
M5vsM6_anom_24m,natural_breaks,Relative Disturbance,GPPsat,Mid,35,-0.55843,62.9,0.0138,0.1552,ns
M5vsM6_anom_24m,natural_breaks,Relative Disturbance,NEPmax,Mid,35,-0.65564,71.4,0.003039,0.06839,ns
M5vsM6_anom_24m,natural_breaks,Relative Disturbance,WUE,Mid,35,0.00951,48.6,0.3685,0.5147,ns
M5vsM6_anom_24m,natural_breaks,Relative Disturbance,uWUE,Mid,35,0.0068,48.6,0.5359,0.6029,ns
M5vsM6_anom_24m,natural_breaks,Relative Disturbance,ETmax,Low,35,0.0015,48.6,0.7358,0.7701,ns
M5vsM6_anom_24m,natural_breaks,Relative Disturbance,GPPsat,Low,35,-0.31199,57.1,0.1275,0.3307,ns
M5vsM6_anom_24m,natural_breaks,Relative Disturbance,NEPmax,Low,35,-0.79078,57.1,0.1143,0.3307,ns
M5vsM6_anom_24m,natural_breaks,Relative Disturbance,WUE,Low,35,-0.02733,60,0.3321,0.4982,ns
M5vsM6_anom_24m,natural_breaks,Relative Disturbance,uWUE,Low,35,-0.0216,57.1,0.2381,0.3936,ns
M5vsM6_anom_24m,natural_breaks,Relative Disturbance,ETmax,High,23,0.00039,47.8,0.831,0.8499,ns
M5vsM6_anom_24m,natural_breaks,Relative Disturbance,GPPsat,High,23,-0.46696,56.5,0.169,0.3307,ns
M5vsM6_anom_24m,natural_breaks,Relative Disturbance,NEPmax,High,23,-0.62746,56.5,0.1148,0.3307,ns
M5vsM6_anom_24m,natural_breaks,Relative Disturbance,WUE,High,23,-0.02255,52.2,0.147,0.3307,ns
M5vsM6_anom_24m,natural_breaks,Relative Disturbance,uWUE,High,23,-0.01656,60.9,0.1541,0.3307,ns
M7vsM8_raw_12m,tertiles,Absolute Mortality,ETmax,High,31,-3e-05,51.6,0.4883,0.9636,ns
M7vsM8_raw_12m,tertiles,Absolute Mortality,GPPsat,High,31,0.01889,48.4,0.6488,0.9636,ns
M7vsM8_raw_12m,tertiles,Absolute Mortality,NEPmax,High,31,-0.01074,51.6,0.3368,0.9636,ns
M7vsM8_raw_12m,tertiles,Absolute Mortality,WUE,High,31,0.0015,48.4,0.6844,0.9636,ns
M7vsM8_raw_12m,tertiles,Absolute Mortality,uWUE,High,31,0.00114,48.4,0.6119,0.9636,ns
M7vsM8_raw_12m,tertiles,Absolute Mortality,ETmax,Mid,31,0.00053,48.4,0.9223,0.9738,ns
M7vsM8_raw_12m,tertiles,Absolute Mortality,GPPsat,Mid,31,0.02663,45.2,0.7315,0.9636,ns
M7vsM8_raw_12m,tertiles,Absolute Mortality,NEPmax,Mid,31,0.00608,45.2,0.5968,0.9636,ns
M7vsM8_raw_12m,tertiles,Absolute Mortality,WUE,Mid,31,-0.00144,51.6,0.6342,0.9636,ns
M7vsM8_raw_12m,tertiles,Absolute Mortality,uWUE,Mid,31,0.0062,45.2,0.7379,0.9636,ns
M7vsM8_raw_12m,tertiles,Absolute Mortality,ETmax,Low,31,-0.00022,54.8,0.1612,0.9636,ns
M7vsM8_raw_12m,tertiles,Absolute Mortality,GPPsat,Low,31,-0.10358,58.1,0.1916,0.9636,ns
M7vsM8_raw_12m,tertiles,Absolute Mortality,NEPmax,Low,31,-0.03691,58.1,0.5815,0.9636,ns
M7vsM8_raw_12m,tertiles,Absolute Mortality,WUE,Low,31,-0.008,58.1,0.6704,0.9636,ns
M7vsM8_raw_12m,tertiles,Absolute Mortality,uWUE,Low,31,0.00587,48.4,0.7567,0.9636,ns
M7vsM8_raw_12m,tertiles,Relative Mortality,ETmax,High,31,0.00029,35.5,0.9863,0.9863,ns
M7vsM8_raw_12m,tertiles,Relative Mortality,GPPsat,High,31,0.046,38.7,0.7975,0.9636,ns
M7vsM8_raw_12m,tertiles,Relative Mortality,NEPmax,High,31,-0.01272,54.8,0.2372,0.9636,ns
M7vsM8_raw_12m,tertiles,Relative Mortality,WUE,High,31,-0.0034,51.6,0.7567,0.9636,ns
M7vsM8_raw_12m,tertiles,Relative Mortality,uWUE,High,31,0.00262,48.4,0.7806,0.9636,ns
M7vsM8_raw_12m,tertiles,Relative Mortality,ETmax,Mid,31,-0.00049,71,0.04887,0.9636,ns
M7vsM8_raw_12m,tertiles,Relative Mortality,GPPsat,Mid,31,0.02663,45.2,0.8137,0.9636,ns
M7vsM8_raw_12m,tertiles,Relative Mortality,NEPmax,Mid,31,0.04154,35.5,0.8969,0.9738,ns
M7vsM8_raw_12m,tertiles,Relative Mortality,WUE,Mid,31,0.0113,45.2,0.7806,0.9636,ns
M7vsM8_raw_12m,tertiles,Relative Mortality,uWUE,Mid,31,0.00478,45.2,0.6774,0.9636,ns
M7vsM8_raw_12m,tertiles,Relative Mortality,ETmax,Low,31,1e-05,48.4,0.4493,0.9636,ns
M7vsM8_raw_12m,tertiles,Relative Mortality,GPPsat,Low,31,-0.10661,67.7,0.08355,0.9636,ns
M7vsM8_raw_12m,tertiles,Relative Mortality,NEPmax,Low,31,-0.05144,64.5,0.208,0.9636,ns
M7vsM8_raw_12m,tertiles,Relative Mortality,WUE,Low,31,-0.00847,61.3,0.2883,0.9636,ns
M7vsM8_raw_12m,tertiles,Relative Mortality,uWUE,Low,31,0.00587,48.4,0.6774,0.9636,ns
M7vsM8_raw_12m,tertiles,Relative Disturbance,ETmax,High,31,0.00029,35.5,0.9856,0.9863,ns
M7vsM8_raw_12m,tertiles,Relative Disturbance,GPPsat,High,31,0.046,41.9,0.7567,0.9636,ns
M7vsM8_raw_12m,tertiles,Relative Disturbance,NEPmax,High,31,-0.04375,54.8,0.1299,0.9636,ns
M7vsM8_raw_12m,tertiles,Relative Disturbance,WUE,High,31,0.00191,45.2,0.8933,0.9738,ns
M7vsM8_raw_12m,tertiles,Relative Disturbance,uWUE,High,31,0.00478,45.2,0.9004,0.9738,ns
M7vsM8_raw_12m,tertiles,Relative Disturbance,ETmax,Mid,31,-0.00035,71,0.01935,0.8706,ns
M7vsM8_raw_12m,tertiles,Relative Disturbance,GPPsat,Mid,31,0.02663,45.2,0.7184,0.9636,ns
M7vsM8_raw_12m,tertiles,Relative Disturbance,NEPmax,Mid,31,0.04154,38.7,0.9305,0.9738,ns
M7vsM8_raw_12m,tertiles,Relative Disturbance,WUE,Mid,31,-0.01171,61.3,0.1811,0.9636,ns
M7vsM8_raw_12m,tertiles,Relative Disturbance,uWUE,Mid,31,0.00114,48.4,0.3296,0.9636,ns
M7vsM8_raw_12m,tertiles,Relative Disturbance,ETmax,Low,31,8e-05,48.4,0.5661,0.9636,ns
M7vsM8_raw_12m,tertiles,Relative Disturbance,GPPsat,Low,31,-0.10358,64.5,0.2372,0.9636,ns
M7vsM8_raw_12m,tertiles,Relative Disturbance,NEPmax,Low,31,-0.03691,61.3,0.3226,0.9636,ns
M7vsM8_raw_12m,tertiles,Relative Disturbance,WUE,Low,31,-0.00697,51.6,0.7863,0.9636,ns
M7vsM8_raw_12m,tertiles,Relative Disturbance,uWUE,Low,31,0.00587,48.4,0.803,0.9636,ns
M7vsM8_raw_12m,equal_width,Absolute Mortality,ETmax,Mid,35,-0.00011,54.3,0.6065,0.9827,ns
M7vsM8_raw_12m,equal_width,Absolute Mortality,GPPsat,Mid,35,0.01889,48.6,0.8226,0.9827,ns
M7vsM8_raw_12m,equal_width,Absolute Mortality,NEPmax,Mid,35,0.01655,45.7,0.7195,0.9827,ns
M7vsM8_raw_12m,equal_width,Absolute Mortality,WUE,Mid,35,0.00363,45.7,0.8655,0.9827,ns
M7vsM8_raw_12m,equal_width,Absolute Mortality,uWUE,Mid,35,0.00262,45.7,0.6253,0.9827,ns
M7vsM8_raw_12m,equal_width,Absolute Mortality,ETmax,Low,53,1e-05,49.1,0.5458,0.9827,ns
M7vsM8_raw_12m,equal_width,Absolute Mortality,GPPsat,Low,53,-0.04259,52.8,0.1904,0.9827,ns
M7vsM8_raw_12m,equal_width,Absolute Mortality,NEPmax,Low,53,-0.01701,54.7,0.3716,0.9827,ns
M7vsM8_raw_12m,equal_width,Absolute Mortality,WUE,Low,53,-0.008,58.5,0.5493,0.9827,ns
M7vsM8_raw_12m,equal_width,Absolute Mortality,uWUE,Low,53,0.0062,47.2,0.8498,0.9827,ns
M7vsM8_raw_12m,equal_width,Absolute Mortality,ETmax,High,5,-5e-04,60,,,""
M7vsM8_raw_12m,equal_width,Absolute Mortality,GPPsat,High,5,0.046,40,,,""
M7vsM8_raw_12m,equal_width,Absolute Mortality,NEPmax,High,5,-0.22645,60,,,""
M7vsM8_raw_12m,equal_width,Absolute Mortality,WUE,High,5,0.00191,40,,,""
M7vsM8_raw_12m,equal_width,Absolute Mortality,uWUE,High,5,-0.01877,60,,,""
M7vsM8_raw_12m,equal_width,Relative Mortality,ETmax,Mid,33,0.00022,45.5,0.9039,0.9827,ns
M7vsM8_raw_12m,equal_width,Relative Mortality,GPPsat,Mid,33,-0.00861,54.5,0.3875,0.9827,ns
M7vsM8_raw_12m,equal_width,Relative Mortality,NEPmax,Mid,33,-0.01074,51.5,0.2659,0.9827,ns
M7vsM8_raw_12m,equal_width,Relative Mortality,WUE,Mid,33,0.01173,42.4,0.9286,0.9827,ns
M7vsM8_raw_12m,equal_width,Relative Mortality,uWUE,Mid,33,0.00478,42.4,0.9333,0.9827,ns
M7vsM8_raw_12m,equal_width,Relative Mortality,ETmax,Low,53,-0.00022,58.5,0.144,0.9827,ns
M7vsM8_raw_12m,equal_width,Relative Mortality,GPPsat,Low,53,-0.0468,52.8,0.3716,0.9827,ns
M7vsM8_raw_12m,equal_width,Relative Mortality,NEPmax,Low,53,0.00074,49.1,0.8191,0.9827,ns
M7vsM8_raw_12m,equal_width,Relative Mortality,WUE,Low,53,-0.00781,56.6,0.6284,0.9827,ns
M7vsM8_raw_12m,equal_width,Relative Mortality,uWUE,Low,53,0.00552,47.2,0.6646,0.9827,ns
M7vsM8_raw_12m,equal_width,Relative Mortality,ETmax,High,7,0.00029,28.6,0.8976,0.9827,ns
M7vsM8_raw_12m,equal_width,Relative Mortality,GPPsat,High,7,0.20034,14.3,0.9827,0.9827,ns
M7vsM8_raw_12m,equal_width,Relative Mortality,NEPmax,High,7,-0.22645,71.4,0.1024,0.9827,ns
M7vsM8_raw_12m,equal_width,Relative Mortality,WUE,High,7,-0.01823,71.4,0.1763,0.9827,ns
M7vsM8_raw_12m,equal_width,Relative Mortality,uWUE,High,7,-0.02071,71.4,0.1763,0.9827,ns
M7vsM8_raw_12m,equal_width,Relative Disturbance,ETmax,Mid,35,1e-04,48.6,0.6913,0.9827,ns
M7vsM8_raw_12m,equal_width,Relative Disturbance,GPPsat,Mid,35,0.03132,45.7,0.7619,0.9827,ns
M7vsM8_raw_12m,equal_width,Relative Disturbance,NEPmax,Mid,35,0.01655,48.6,0.4576,0.9827,ns
M7vsM8_raw_12m,equal_width,Relative Disturbance,WUE,Mid,35,0.01173,45.7,0.9648,0.9827,ns
M7vsM8_raw_12m,equal_width,Relative Disturbance,uWUE,Mid,35,0.00478,40,0.9718,0.9827,ns
M7vsM8_raw_12m,equal_width,Relative Disturbance,ETmax,Low,53,-2e-04,56.6,0.2562,0.9827,ns
M7vsM8_raw_12m,equal_width,Relative Disturbance,GPPsat,Low,53,-0.06995,56.6,0.2102,0.9827,ns
M7vsM8_raw_12m,equal_width,Relative Disturbance,NEPmax,Low,53,-0.00209,52.8,0.5807,0.9827,ns
M7vsM8_raw_12m,equal_width,Relative Disturbance,WUE,Low,53,-0.00697,54.7,0.5703,0.9827,ns
M7vsM8_raw_12m,equal_width,Relative Disturbance,uWUE,Low,53,0.00552,49.1,0.5388,0.9827,ns
M7vsM8_raw_12m,equal_width,Relative Disturbance,ETmax,High,5,0.00137,20,,,""
M7vsM8_raw_12m,equal_width,Relative Disturbance,GPPsat,High,5,0.11403,20,,,""
M7vsM8_raw_12m,equal_width,Relative Disturbance,NEPmax,High,5,-0.12642,60,,,""
M7vsM8_raw_12m,equal_width,Relative Disturbance,WUE,High,5,-0.06433,80,,,""
M7vsM8_raw_12m,equal_width,Relative Disturbance,uWUE,High,5,-0.03173,80,,,""
M7vsM8_raw_12m,natural_breaks,Absolute Mortality,ETmax,High,20,0.00028,45,0.5959,0.9694,ns
M7vsM8_raw_12m,natural_breaks,Absolute Mortality,GPPsat,High,20,0.00138,50,0.552,0.9694,ns
M7vsM8_raw_12m,natural_breaks,Absolute Mortality,NEPmax,High,20,-0.0833,60,0.269,0.9694,ns
M7vsM8_raw_12m,natural_breaks,Absolute Mortality,WUE,High,20,-0.00095,50,0.6245,0.9694,ns
M7vsM8_raw_12m,natural_breaks,Absolute Mortality,uWUE,High,20,-0.00811,60,0.3755,0.9694,ns
M7vsM8_raw_12m,natural_breaks,Absolute Mortality,ETmax,Mid,43,-5e-05,53.5,0.8574,0.9694,ns
M7vsM8_raw_12m,natural_breaks,Absolute Mortality,GPPsat,Mid,43,0.02663,46.5,0.7748,0.9694,ns
M7vsM8_raw_12m,natural_breaks,Absolute Mortality,NEPmax,Mid,43,0.03269,44.2,0.6571,0.9694,ns
M7vsM8_raw_12m,natural_breaks,Absolute Mortality,WUE,Mid,43,-0.00144,51.2,0.6526,0.9694,ns
M7vsM8_raw_12m,natural_breaks,Absolute Mortality,uWUE,Mid,43,0.00603,41.9,0.8126,0.9694,ns
M7vsM8_raw_12m,natural_breaks,Absolute Mortality,ETmax,Low,30,-0.00026,53.3,0.1618,0.9694,ns
M7vsM8_raw_12m,natural_breaks,Absolute Mortality,GPPsat,Low,30,-0.08677,56.7,0.2233,0.9694,ns
M7vsM8_raw_12m,natural_breaks,Absolute Mortality,NEPmax,Low,30,-0.02968,56.7,0.6054,0.9694,ns
M7vsM8_raw_12m,natural_breaks,Absolute Mortality,WUE,Low,30,-0.00823,56.7,0.6964,0.9694,ns
M7vsM8_raw_12m,natural_breaks,Absolute Mortality,uWUE,Low,30,0.00686,46.7,0.8062,0.9694,ns
M7vsM8_raw_12m,natural_breaks,Relative Mortality,ETmax,High,26,0.00083,26.9,0.994,0.9949,ns
M7vsM8_raw_12m,natural_breaks,Relative Mortality,GPPsat,High,26,0.05164,38.5,0.667,0.9694,ns
M7vsM8_raw_12m,natural_breaks,Relative Mortality,NEPmax,High,26,-0.04681,57.7,0.1803,0.9694,ns
M7vsM8_raw_12m,natural_breaks,Relative Mortality,WUE,High,26,-0.00499,53.8,0.7031,0.9694,ns
M7vsM8_raw_12m,natural_breaks,Relative Mortality,uWUE,High,26,-0.006,53.8,0.6762,0.9694,ns
M7vsM8_raw_12m,natural_breaks,Relative Mortality,ETmax,Mid,32,-0.00035,75,0.02764,0.6219,ns
M7vsM8_raw_12m,natural_breaks,Relative Mortality,GPPsat,Mid,32,0.03031,43.8,0.9153,0.9694,ns
M7vsM8_raw_12m,natural_breaks,Relative Mortality,NEPmax,Mid,32,0.04073,34.4,0.9264,0.9694,ns
M7vsM8_raw_12m,natural_breaks,Relative Mortality,WUE,Mid,32,0.01151,43.8,0.7283,0.9694,ns
M7vsM8_raw_12m,natural_breaks,Relative Mortality,uWUE,Mid,32,0.0041,43.8,0.6562,0.9694,ns
M7vsM8_raw_12m,natural_breaks,Relative Mortality,ETmax,Low,35,1e-05,48.6,0.4189,0.9694,ns
M7vsM8_raw_12m,natural_breaks,Relative Mortality,GPPsat,Low,35,-0.10661,65.7,0.1417,0.9694,ns
M7vsM8_raw_12m,natural_breaks,Relative Mortality,NEPmax,Low,35,-0.05144,62.9,0.2695,0.9694,ns
M7vsM8_raw_12m,natural_breaks,Relative Mortality,WUE,Low,35,-0.00847,60,0.4061,0.9694,ns
M7vsM8_raw_12m,natural_breaks,Relative Mortality,uWUE,Low,35,0.00785,45.7,0.8431,0.9694,ns
M7vsM8_raw_12m,natural_breaks,Relative Disturbance,ETmax,Mid,35,-0.00035,71.4,0.01323,0.5954,ns
M7vsM8_raw_12m,natural_breaks,Relative Disturbance,GPPsat,Mid,35,-0.00861,54.3,0.5359,0.9694,ns
M7vsM8_raw_12m,natural_breaks,Relative Disturbance,NEPmax,Mid,35,0.04405,40,0.909,0.9694,ns
M7vsM8_raw_12m,natural_breaks,Relative Disturbance,WUE,Mid,35,-0.01138,57.1,0.1731,0.9694,ns
M7vsM8_raw_12m,natural_breaks,Relative Disturbance,uWUE,Mid,35,0.00114,48.6,0.5618,0.9694,ns
M7vsM8_raw_12m,natural_breaks,Relative Disturbance,ETmax,Low,35,-5e-05,51.4,0.5618,0.9694,ns
M7vsM8_raw_12m,natural_breaks,Relative Disturbance,GPPsat,Low,35,-0.0819,60,0.2536,0.9694,ns
M7vsM8_raw_12m,natural_breaks,Relative Disturbance,NEPmax,Low,35,-0.01701,57.1,0.3747,0.9694,ns
M7vsM8_raw_12m,natural_breaks,Relative Disturbance,WUE,Low,35,-0.00144,51.4,0.862,0.9694,ns
M7vsM8_raw_12m,natural_breaks,Relative Disturbance,uWUE,Low,35,0.00587,45.7,0.8269,0.9694,ns
M7vsM8_raw_12m,natural_breaks,Relative Disturbance,ETmax,High,23,0.00093,21.7,0.9949,0.9949,ns
M7vsM8_raw_12m,natural_breaks,Relative Disturbance,GPPsat,High,23,0.08732,30.4,0.7985,0.9694,ns
M7vsM8_raw_12m,natural_breaks,Relative Disturbance,NEPmax,High,23,-0.05272,60.9,0.0832,0.9694,ns
M7vsM8_raw_12m,natural_breaks,Relative Disturbance,WUE,High,23,0.0015,47.8,0.8385,0.9694,ns
M7vsM8_raw_12m,natural_breaks,Relative Disturbance,uWUE,High,23,0.00262,47.8,0.7626,0.9694,ns
M7vsM8_raw_24m,tertiles,Absolute Mortality,ETmax,High,31,-0.00013,51.6,0.1863,0.8864,ns
M7vsM8_raw_24m,tertiles,Absolute Mortality,GPPsat,High,31,0.02201,45.2,0.5815,0.8897,ns
M7vsM8_raw_24m,tertiles,Absolute Mortality,NEPmax,High,31,-0.01769,54.8,0.3296,0.8897,ns
M7vsM8_raw_24m,tertiles,Absolute Mortality,WUE,High,31,-0.00473,61.3,0.3086,0.8897,ns
M7vsM8_raw_24m,tertiles,Absolute Mortality,uWUE,High,31,-0.00178,54.8,0.4416,0.8897,ns
M7vsM8_raw_24m,tertiles,Absolute Mortality,ETmax,Mid,31,0.00045,35.5,0.9947,0.9947,ns
M7vsM8_raw_24m,tertiles,Absolute Mortality,GPPsat,Mid,31,0.02697,48.4,0.6914,0.8897,ns
M7vsM8_raw_24m,tertiles,Absolute Mortality,NEPmax,Mid,31,-0.03724,58.1,0.4032,0.8897,ns
M7vsM8_raw_24m,tertiles,Absolute Mortality,WUE,Mid,31,-0.00258,54.8,0.6119,0.8897,ns
M7vsM8_raw_24m,tertiles,Absolute Mortality,uWUE,Mid,31,0.00302,35.5,0.8659,0.9277,ns
M7vsM8_raw_24m,tertiles,Absolute Mortality,ETmax,Low,31,-0.00069,67.7,0.05089,0.7253,ns
M7vsM8_raw_24m,tertiles,Absolute Mortality,GPPsat,Low,31,-0.12226,64.5,0.1709,0.8864,ns
M7vsM8_raw_24m,tertiles,Absolute Mortality,NEPmax,Low,31,0.01933,48.4,0.6488,0.8897,ns
M7vsM8_raw_24m,tertiles,Absolute Mortality,WUE,Low,31,-0.00347,54.8,0.705,0.8897,ns
M7vsM8_raw_24m,tertiles,Absolute Mortality,uWUE,Low,31,-0.00097,51.6,0.4108,0.8897,ns
M7vsM8_raw_24m,tertiles,Relative Mortality,ETmax,High,31,0.00055,29,0.9356,0.9568,ns
M7vsM8_raw_24m,tertiles,Relative Mortality,GPPsat,High,31,0.02401,41.9,0.6982,0.8897,ns
M7vsM8_raw_24m,tertiles,Relative Mortality,NEPmax,High,31,-0.02217,54.8,0.2495,0.8897,ns
M7vsM8_raw_24m,tertiles,Relative Mortality,WUE,High,31,-0.00928,54.8,0.4727,0.8897,ns
M7vsM8_raw_24m,tertiles,Relative Mortality,uWUE,High,31,-0.00034,51.6,0.5738,0.8897,ns
M7vsM8_raw_24m,tertiles,Relative Mortality,ETmax,Mid,31,-0.00019,61.3,0.06692,0.7253,ns
M7vsM8_raw_24m,tertiles,Relative Mortality,GPPsat,Mid,31,0.05455,41.9,0.9103,0.9526,ns
M7vsM8_raw_24m,tertiles,Relative Mortality,NEPmax,Mid,31,0.01933,41.9,0.8659,0.9277,ns
M7vsM8_raw_24m,tertiles,Relative Mortality,WUE,Mid,31,-0.0031,54.8,0.6561,0.8897,ns
M7vsM8_raw_24m,tertiles,Relative Mortality,uWUE,Mid,31,0.00302,48.4,0.5507,0.8897,ns
M7vsM8_raw_24m,tertiles,Relative Mortality,ETmax,Low,31,-0.00057,64.5,0.3957,0.8897,ns
M7vsM8_raw_24m,tertiles,Relative Mortality,GPPsat,Low,31,-0.13419,74.2,0.008185,0.3683,ns
M7vsM8_raw_24m,tertiles,Relative Mortality,NEPmax,Low,31,-0.04888,64.5,0.197,0.8864,ns
M7vsM8_raw_24m,tertiles,Relative Mortality,WUE,Low,31,-0.00347,61.3,0.3732,0.8897,ns
M7vsM8_raw_24m,tertiles,Relative Mortality,uWUE,Low,31,0.00127,41.9,0.705,0.8897,ns
M7vsM8_raw_24m,tertiles,Relative Disturbance,ETmax,High,31,0.00039,38.7,0.803,0.9266,ns
M7vsM8_raw_24m,tertiles,Relative Disturbance,GPPsat,High,31,0.04342,41.9,0.6704,0.8897,ns
M7vsM8_raw_24m,tertiles,Relative Disturbance,NEPmax,High,31,-0.02311,58.1,0.1916,0.8864,ns
M7vsM8_raw_24m,tertiles,Relative Disturbance,WUE,High,31,-8e-04,51.6,0.6982,0.8897,ns
M7vsM8_raw_24m,tertiles,Relative Disturbance,uWUE,High,31,0.00934,41.9,0.7747,0.9266,ns
M7vsM8_raw_24m,tertiles,Relative Disturbance,ETmax,Mid,31,-1e-04,54.8,0.08058,0.7253,ns
M7vsM8_raw_24m,tertiles,Relative Disturbance,GPPsat,Mid,31,0.02092,48.4,0.7117,0.8897,ns
M7vsM8_raw_24m,tertiles,Relative Disturbance,NEPmax,Mid,31,0.02663,45.2,0.792,0.9266,ns
M7vsM8_raw_24m,tertiles,Relative Disturbance,WUE,Mid,31,-0.00927,67.7,0.1218,0.8864,ns
M7vsM8_raw_24m,tertiles,Relative Disturbance,uWUE,Mid,31,-0.00178,54.8,0.3156,0.8897,ns
M7vsM8_raw_24m,tertiles,Relative Disturbance,ETmax,Low,31,-0.00021,61.3,0.6632,0.8897,ns
M7vsM8_raw_24m,tertiles,Relative Disturbance,GPPsat,Low,31,-0.13419,67.7,0.07215,0.7253,ns
M7vsM8_raw_24m,tertiles,Relative Disturbance,NEPmax,Low,31,-0.02726,58.1,0.3807,0.8897,ns
M7vsM8_raw_24m,tertiles,Relative Disturbance,WUE,Low,31,-0.00089,51.6,0.8291,0.9277,ns
M7vsM8_raw_24m,tertiles,Relative Disturbance,uWUE,Low,31,0.00127,45.2,0.5584,0.8897,ns
M7vsM8_raw_24m,equal_width,Absolute Mortality,ETmax,Mid,35,0.00027,37.1,0.8655,0.9517,ns
M7vsM8_raw_24m,equal_width,Absolute Mortality,GPPsat,Mid,35,0.02401,45.7,0.831,0.9517,ns
M7vsM8_raw_24m,equal_width,Absolute Mortality,NEPmax,Mid,35,-0.02217,54.3,0.5163,0.9517,ns
M7vsM8_raw_24m,equal_width,Absolute Mortality,WUE,Mid,35,-0.0043,57.1,0.6253,0.9517,ns
M7vsM8_raw_24m,equal_width,Absolute Mortality,uWUE,Mid,35,0.00302,48.6,0.5618,0.9517,ns
M7vsM8_raw_24m,equal_width,Absolute Mortality,ETmax,Low,53,-0.00018,56.6,0.4263,0.9517,ns
M7vsM8_raw_24m,equal_width,Absolute Mortality,GPPsat,Low,53,-0.05812,58.5,0.08639,0.7716,ns
M7vsM8_raw_24m,equal_width,Absolute Mortality,NEPmax,Low,53,-0.00064,50.9,0.6047,0.9517,ns
M7vsM8_raw_24m,equal_width,Absolute Mortality,WUE,Low,53,-0.00347,58.5,0.4929,0.9517,ns
M7vsM8_raw_24m,equal_width,Absolute Mortality,uWUE,Low,53,0.00127,45.3,0.6384,0.9517,ns
M7vsM8_raw_24m,equal_width,Absolute Mortality,ETmax,High,5,-0.00162,100,,,""
M7vsM8_raw_24m,equal_width,Absolute Mortality,GPPsat,High,5,0.02201,40,,,""
M7vsM8_raw_24m,equal_width,Absolute Mortality,NEPmax,High,5,-0.15505,80,,,""
M7vsM8_raw_24m,equal_width,Absolute Mortality,WUE,High,5,0.00517,40,,,""
M7vsM8_raw_24m,equal_width,Absolute Mortality,uWUE,High,5,-0.01572,60,,,""
M7vsM8_raw_24m,equal_width,Relative Mortality,ETmax,Mid,33,0.00033,33.3,0.9517,0.9517,ns
M7vsM8_raw_24m,equal_width,Relative Mortality,GPPsat,Mid,33,0.02092,48.5,0.6529,0.9517,ns
M7vsM8_raw_24m,equal_width,Relative Mortality,NEPmax,Mid,33,0.01096,48.5,0.5427,0.9517,ns
M7vsM8_raw_24m,equal_width,Relative Mortality,WUE,Mid,33,-8e-04,51.5,0.7282,0.9517,ns
M7vsM8_raw_24m,equal_width,Relative Mortality,uWUE,Mid,33,0.00773,42.4,0.9236,0.9517,ns
M7vsM8_raw_24m,equal_width,Relative Mortality,ETmax,Low,53,-0.00032,62.3,0.1481,0.7716,ns
M7vsM8_raw_24m,equal_width,Relative Mortality,GPPsat,Low,53,-0.09999,60.4,0.1543,0.7716,ns
M7vsM8_raw_24m,equal_width,Relative Mortality,NEPmax,Low,53,-0.00064,50.9,0.7551,0.9517,ns
M7vsM8_raw_24m,equal_width,Relative Mortality,WUE,Low,53,-0.00347,58.5,0.5876,0.9517,ns
M7vsM8_raw_24m,equal_width,Relative Mortality,uWUE,Low,53,0.00047,47.2,0.4823,0.9517,ns
M7vsM8_raw_24m,equal_width,Relative Mortality,ETmax,High,7,-0.00109,57.1,0.3999,0.9517,ns
M7vsM8_raw_24m,equal_width,Relative Mortality,GPPsat,High,7,0.07024,14.3,0.9458,0.9517,ns
M7vsM8_raw_24m,equal_width,Relative Mortality,NEPmax,High,7,-0.41808,100,0.01125,0.3936,ns
M7vsM8_raw_24m,equal_width,Relative Mortality,WUE,High,7,-0.01601,71.4,0.1024,0.7716,ns
M7vsM8_raw_24m,equal_width,Relative Mortality,uWUE,High,7,-0.02673,71.4,0.1359,0.7716,ns
M7vsM8_raw_24m,equal_width,Relative Disturbance,ETmax,Mid,35,0.00027,40,0.6315,0.9517,ns
M7vsM8_raw_24m,equal_width,Relative Disturbance,GPPsat,Mid,35,0.04342,45.7,0.8096,0.9517,ns
M7vsM8_raw_24m,equal_width,Relative Disturbance,NEPmax,Mid,35,0.0278,45.7,0.7817,0.9517,ns
M7vsM8_raw_24m,equal_width,Relative Disturbance,WUE,Mid,35,-8e-04,51.4,0.8431,0.9517,ns
M7vsM8_raw_24m,equal_width,Relative Disturbance,uWUE,Mid,35,0.00302,45.7,0.9193,0.9517,ns
M7vsM8_raw_24m,equal_width,Relative Disturbance,ETmax,Low,53,-0.00021,60.4,0.2367,0.9517,ns
M7vsM8_raw_24m,equal_width,Relative Disturbance,GPPsat,Low,53,-0.09999,60.4,0.09963,0.7716,ns
M7vsM8_raw_24m,equal_width,Relative Disturbance,NEPmax,Low,53,-0.02207,54.7,0.4577,0.9517,ns
M7vsM8_raw_24m,equal_width,Relative Disturbance,WUE,Low,53,-0.00347,58.5,0.4718,0.9517,ns
M7vsM8_raw_24m,equal_width,Relative Disturbance,uWUE,Low,53,0.00127,45.3,0.5563,0.9517,ns
M7vsM8_raw_24m,equal_width,Relative Disturbance,ETmax,High,5,0.00055,40,,,""
M7vsM8_raw_24m,equal_width,Relative Disturbance,GPPsat,High,5,0.02401,20,,,""
M7vsM8_raw_24m,equal_width,Relative Disturbance,NEPmax,High,5,-0.41808,100,,,""
M7vsM8_raw_24m,equal_width,Relative Disturbance,WUE,High,5,-0.02941,80,,,""
M7vsM8_raw_24m,equal_width,Relative Disturbance,uWUE,High,5,-0.04859,80,,,""
M7vsM8_raw_24m,natural_breaks,Absolute Mortality,ETmax,High,20,2e-04,45,0.2941,0.8728,ns
M7vsM8_raw_24m,natural_breaks,Absolute Mortality,GPPsat,High,20,-0.00616,50,0.4926,0.8728,ns
M7vsM8_raw_24m,natural_breaks,Absolute Mortality,NEPmax,High,20,-0.01245,55,0.3071,0.8728,ns
M7vsM8_raw_24m,natural_breaks,Absolute Mortality,WUE,High,20,-0.00477,55,0.4777,0.8728,ns
M7vsM8_raw_24m,natural_breaks,Absolute Mortality,uWUE,High,20,-0.01507,65,0.269,0.8728,ns
M7vsM8_raw_24m,natural_breaks,Absolute Mortality,ETmax,Mid,43,0.00012,44.2,0.9321,0.9529,ns
M7vsM8_raw_24m,natural_breaks,Absolute Mortality,GPPsat,Mid,43,0.02697,46.5,0.7045,0.8728,ns
M7vsM8_raw_24m,natural_breaks,Absolute Mortality,NEPmax,Mid,43,-0.02311,55.8,0.4976,0.8728,ns
M7vsM8_raw_24m,natural_breaks,Absolute Mortality,WUE,Mid,43,-0.0031,58.1,0.4783,0.8728,ns
M7vsM8_raw_24m,natural_breaks,Absolute Mortality,uWUE,Mid,43,0.00484,37.2,0.9272,0.9529,ns
M7vsM8_raw_24m,natural_breaks,Absolute Mortality,ETmax,Low,30,-0.00072,66.7,0.059,0.488,ns
M7vsM8_raw_24m,natural_breaks,Absolute Mortality,GPPsat,Low,30,-0.11383,63.3,0.2053,0.8728,ns
M7vsM8_raw_24m,natural_breaks,Absolute Mortality,NEPmax,Low,30,-0.00137,50,0.5815,0.8728,ns
M7vsM8_raw_24m,natural_breaks,Absolute Mortality,WUE,Low,30,-0.00402,56.7,0.7177,0.8728,ns
M7vsM8_raw_24m,natural_breaks,Absolute Mortality,uWUE,Low,30,-0.00026,50,0.4428,0.8728,ns
M7vsM8_raw_24m,natural_breaks,Relative Mortality,ETmax,High,26,6e-04,26.9,0.9225,0.9529,ns
M7vsM8_raw_24m,natural_breaks,Relative Mortality,GPPsat,High,26,0.03565,42.3,0.5904,0.8728,ns
M7vsM8_raw_24m,natural_breaks,Relative Mortality,NEPmax,High,26,-0.02264,57.7,0.161,0.8728,ns
M7vsM8_raw_24m,natural_breaks,Relative Mortality,WUE,High,26,-0.007,53.8,0.4797,0.8728,ns
M7vsM8_raw_24m,natural_breaks,Relative Mortality,uWUE,High,26,-0.00268,50,0.5304,0.8728,ns
M7vsM8_raw_24m,natural_breaks,Relative Mortality,ETmax,Mid,32,-0.00019,62.5,0.0314,0.423,ns
M7vsM8_raw_24m,natural_breaks,Relative Mortality,GPPsat,Mid,32,0.04652,40.6,0.9529,0.9529,ns
M7vsM8_raw_24m,natural_breaks,Relative Mortality,NEPmax,Mid,32,0.06113,43.8,0.8966,0.9529,ns
M7vsM8_raw_24m,natural_breaks,Relative Mortality,WUE,Mid,32,-0.00385,56.2,0.5261,0.8728,ns
M7vsM8_raw_24m,natural_breaks,Relative Mortality,uWUE,Mid,32,0.00134,50,0.5778,0.8728,ns
M7vsM8_raw_24m,natural_breaks,Relative Mortality,ETmax,Low,35,-0.00032,60,0.5939,0.8728,ns
M7vsM8_raw_24m,natural_breaks,Relative Mortality,GPPsat,Low,35,-0.12958,71.4,0.0224,0.423,ns
M7vsM8_raw_24m,natural_breaks,Relative Mortality,NEPmax,Low,35,-0.03724,60,0.233,0.8728,ns
M7vsM8_raw_24m,natural_breaks,Relative Mortality,WUE,Low,35,-0.0031,60,0.5294,0.8728,ns
M7vsM8_raw_24m,natural_breaks,Relative Mortality,uWUE,Low,35,0.00127,42.9,0.7027,0.8728,ns
M7vsM8_raw_24m,natural_breaks,Relative Disturbance,ETmax,Mid,35,-0.00019,57.1,0.02071,0.423,ns
M7vsM8_raw_24m,natural_breaks,Relative Disturbance,GPPsat,Mid,35,-0.01286,54.3,0.5939,0.8728,ns
M7vsM8_raw_24m,natural_breaks,Relative Disturbance,NEPmax,Mid,35,0.09616,42.9,0.9241,0.9529,ns
M7vsM8_raw_24m,natural_breaks,Relative Disturbance,WUE,Mid,35,-0.00927,68.6,0.0759,0.488,ns
M7vsM8_raw_24m,natural_breaks,Relative Disturbance,uWUE,Mid,35,-0.00178,54.3,0.4317,0.8728,ns
M7vsM8_raw_24m,natural_breaks,Relative Disturbance,ETmax,Low,35,-0.00018,60,0.6971,0.8728,ns
M7vsM8_raw_24m,natural_breaks,Relative Disturbance,GPPsat,Low,35,-0.10541,62.9,0.07359,0.488,ns
M7vsM8_raw_24m,natural_breaks,Relative Disturbance,NEPmax,Low,35,-0.02726,57.1,0.3685,0.8728,ns
M7vsM8_raw_24m,natural_breaks,Relative Disturbance,WUE,Low,35,-0.00089,51.4,0.8825,0.9529,ns
M7vsM8_raw_24m,natural_breaks,Relative Disturbance,uWUE,Low,35,0.00163,42.9,0.6619,0.8728,ns
M7vsM8_raw_24m,natural_breaks,Relative Disturbance,ETmax,High,23,0.00066,30.4,0.8665,0.9529,ns
M7vsM8_raw_24m,natural_breaks,Relative Disturbance,GPPsat,High,23,0.07024,34.8,0.6813,0.8728,ns
M7vsM8_raw_24m,natural_breaks,Relative Disturbance,NEPmax,High,23,-0.07246,65.2,0.0376,0.423,ns
M7vsM8_raw_24m,natural_breaks,Relative Disturbance,WUE,High,23,0.00517,47.8,0.7027,0.8728,ns
M7vsM8_raw_24m,natural_breaks,Relative Disturbance,uWUE,High,23,0.00934,43.5,0.6481,0.8728,ns
M7vsM8_anom_12m,tertiles,Absolute Mortality,ETmax,High,31,0.00055,41.9,0.9278,0.9489,ns
M7vsM8_anom_12m,tertiles,Absolute Mortality,GPPsat,High,31,-0.38972,67.7,0.007757,0.04363,*
M7vsM8_anom_12m,tertiles,Absolute Mortality,NEPmax,High,31,-0.58711,71,0.001155,0.01299,*
M7vsM8_anom_12m,tertiles,Absolute Mortality,WUE,High,31,-0.07055,61.3,0.05734,0.1585,ns
M7vsM8_anom_12m,tertiles,Absolute Mortality,uWUE,High,31,-0.04193,67.7,0.02127,0.07715,ns
M7vsM8_anom_12m,tertiles,Absolute Mortality,ETmax,Mid,31,0.00046,32.3,0.8616,0.9232,ns
M7vsM8_anom_12m,tertiles,Absolute Mortality,GPPsat,Mid,31,-0.18456,64.5,0.07215,0.1623,ns
M7vsM8_anom_12m,tertiles,Absolute Mortality,NEPmax,Mid,31,-0.35656,64.5,0.06692,0.1585,ns
M7vsM8_anom_12m,tertiles,Absolute Mortality,WUE,Mid,31,0.00407,48.4,0.4805,0.6006,ns
M7vsM8_anom_12m,tertiles,Absolute Mortality,uWUE,Mid,31,0.02926,45.2,0.7567,0.8513,ns
M7vsM8_anom_12m,tertiles,Absolute Mortality,ETmax,Low,31,-0.00088,58.1,0.2685,0.4088,ns
M7vsM8_anom_12m,tertiles,Absolute Mortality,GPPsat,Low,31,-0.3434,61.3,0.02229,0.07715,ns
M7vsM8_anom_12m,tertiles,Absolute Mortality,NEPmax,Low,31,-0.4579,67.7,0.001013,0.01299,*
M7vsM8_anom_12m,tertiles,Absolute Mortality,WUE,Low,31,0.0024,48.4,0.6043,0.7146,ns
M7vsM8_anom_12m,tertiles,Absolute Mortality,uWUE,Low,31,-0.00344,54.8,0.2372,0.4055,ns
M7vsM8_anom_12m,tertiles,Relative Mortality,ETmax,High,31,0.00049,32.3,0.9665,0.9665,ns
M7vsM8_anom_12m,tertiles,Relative Mortality,GPPsat,High,31,-0.17822,64.5,0.03494,0.1048,ns
M7vsM8_anom_12m,tertiles,Relative Mortality,NEPmax,High,31,-0.4385,61.3,0.02229,0.07715,ns
M7vsM8_anom_12m,tertiles,Relative Mortality,WUE,High,31,-0.01972,51.6,0.2816,0.4088,ns
M7vsM8_anom_12m,tertiles,Relative Mortality,uWUE,High,31,-0.03653,67.7,0.08355,0.179,ns
M7vsM8_anom_12m,tertiles,Relative Mortality,ETmax,Mid,31,-0.00068,51.6,0.3658,0.4842,ns
M7vsM8_anom_12m,tertiles,Relative Mortality,GPPsat,Mid,31,-0.50391,74.2,0.004708,0.03738,*
M7vsM8_anom_12m,tertiles,Relative Mortality,NEPmax,Mid,31,-0.37514,77.4,0.000948,0.01299,*
M7vsM8_anom_12m,tertiles,Relative Mortality,WUE,Mid,31,-0.02206,54.8,0.275,0.4088,ns
M7vsM8_anom_12m,tertiles,Relative Mortality,uWUE,Mid,31,0.02046,45.2,0.6043,0.7146,ns
M7vsM8_anom_12m,tertiles,Relative Mortality,ETmax,Low,31,8e-05,48.4,0.6193,0.7146,ns
M7vsM8_anom_12m,tertiles,Relative Mortality,GPPsat,Low,31,-0.72289,54.8,0.06441,0.1585,ns
M7vsM8_anom_12m,tertiles,Relative Mortality,NEPmax,Low,31,-0.4579,64.5,0.006235,0.04008,*
M7vsM8_anom_12m,tertiles,Relative Mortality,WUE,Low,31,-0.00947,51.6,0.3439,0.4789,ns
M7vsM8_anom_12m,tertiles,Relative Mortality,uWUE,Low,31,-0.00276,54.8,0.2025,0.3961,ns
M7vsM8_anom_12m,tertiles,Relative Disturbance,ETmax,High,31,0.00053,35.5,0.9004,0.9422,ns
M7vsM8_anom_12m,tertiles,Relative Disturbance,GPPsat,High,31,-0.29054,64.5,0.02802,0.09008,ns
M7vsM8_anom_12m,tertiles,Relative Disturbance,NEPmax,High,31,-0.4385,61.3,0.01757,0.07715,ns
M7vsM8_anom_12m,tertiles,Relative Disturbance,WUE,High,31,-0.02206,51.6,0.275,0.4088,ns
M7vsM8_anom_12m,tertiles,Relative Disturbance,uWUE,High,31,-0.02626,61.3,0.1518,0.3105,ns
M7vsM8_anom_12m,tertiles,Relative Disturbance,ETmax,Mid,31,-0.00068,54.8,0.2433,0.4055,ns
M7vsM8_anom_12m,tertiles,Relative Disturbance,GPPsat,Mid,31,-0.3434,74.2,0.004984,0.03738,*
M7vsM8_anom_12m,tertiles,Relative Disturbance,NEPmax,Mid,31,-0.37514,77.4,0.0002022,0.0091,**
M7vsM8_anom_12m,tertiles,Relative Disturbance,WUE,Mid,31,-0.01972,54.8,0.2372,0.4055,ns
M7vsM8_anom_12m,tertiles,Relative Disturbance,uWUE,Mid,31,-0.01429,51.6,0.4727,0.6006,ns
M7vsM8_anom_12m,tertiles,Relative Disturbance,ETmax,Low,31,0.00095,41.9,0.834,0.9153,ns
M7vsM8_anom_12m,tertiles,Relative Disturbance,GPPsat,Low,31,-0.50391,54.8,0.06198,0.1585,ns
M7vsM8_anom_12m,tertiles,Relative Disturbance,NEPmax,Low,31,-0.4579,64.5,0.01444,0.07222,ns
M7vsM8_anom_12m,tertiles,Relative Disturbance,WUE,Low,31,-0.00947,51.6,0.3512,0.4789,ns
M7vsM8_anom_12m,tertiles,Relative Disturbance,uWUE,Low,31,-0.00276,54.8,0.2372,0.4055,ns
M7vsM8_anom_12m,equal_width,Absolute Mortality,ETmax,Mid,35,0.00053,42.9,0.8888,0.915,ns
M7vsM8_anom_12m,equal_width,Absolute Mortality,GPPsat,Mid,35,-0.17822,62.9,0.05333,0.1436,ns
M7vsM8_anom_12m,equal_width,Absolute Mortality,NEPmax,Mid,35,-0.58711,71.4,0.0006085,0.005324,**
M7vsM8_anom_12m,equal_width,Absolute Mortality,WUE,Mid,35,-0.03197,57.1,0.1112,0.2432,ns
M7vsM8_anom_12m,equal_width,Absolute Mortality,uWUE,Mid,35,-0.05412,68.6,0.02155,0.06284,ns
M7vsM8_anom_12m,equal_width,Absolute Mortality,ETmax,Low,53,1e-04,47.2,0.4055,0.5678,ns
M7vsM8_anom_12m,equal_width,Absolute Mortality,GPPsat,Low,53,-0.3434,64.2,0.00272,0.01904,*
M7vsM8_anom_12m,equal_width,Absolute Mortality,NEPmax,Low,53,-0.4385,67.9,0.0003376,0.003939,**
M7vsM8_anom_12m,equal_width,Absolute Mortality,WUE,Low,53,0.0024,49.1,0.4894,0.6333,ns
M7vsM8_anom_12m,equal_width,Absolute Mortality,uWUE,Low,53,0.00545,49.1,0.5247,0.6333,ns
M7vsM8_anom_12m,equal_width,Absolute Mortality,ETmax,High,5,0.0027,20,,,""
M7vsM8_anom_12m,equal_width,Absolute Mortality,GPPsat,High,5,-0.53133,80,,,""
M7vsM8_anom_12m,equal_width,Absolute Mortality,NEPmax,High,5,0.38386,40,,,""
M7vsM8_anom_12m,equal_width,Absolute Mortality,WUE,High,5,-0.07055,60,,,""
M7vsM8_anom_12m,equal_width,Absolute Mortality,uWUE,High,5,0.02947,40,,,""
M7vsM8_anom_12m,equal_width,Relative Mortality,ETmax,Mid,33,0.00043,39.4,0.7626,0.8088,ns
M7vsM8_anom_12m,equal_width,Relative Mortality,GPPsat,Mid,33,-0.22718,69.7,0.01218,0.04264,*
M7vsM8_anom_12m,equal_width,Relative Mortality,NEPmax,Mid,33,-0.4385,66.7,0.006183,0.03092,*
M7vsM8_anom_12m,equal_width,Relative Mortality,WUE,Mid,33,-0.01972,54.5,0.4644,0.6252,ns
M7vsM8_anom_12m,equal_width,Relative Mortality,uWUE,Mid,33,-0.02626,57.6,0.334,0.5083,ns
M7vsM8_anom_12m,equal_width,Relative Mortality,ETmax,Low,53,-3e-04,50.9,0.5141,0.6333,ns
M7vsM8_anom_12m,equal_width,Relative Mortality,GPPsat,Low,53,-0.3434,60.4,0.008833,0.03435,*
M7vsM8_anom_12m,equal_width,Relative Mortality,NEPmax,Low,53,-0.37514,67.9,0.00026,0.003939,**
M7vsM8_anom_12m,equal_width,Relative Mortality,WUE,Low,53,-0.00947,50.9,0.2677,0.4259,ns
M7vsM8_anom_12m,equal_width,Relative Mortality,uWUE,Low,53,-0.00276,52.8,0.2077,0.3462,ns
M7vsM8_anom_12m,equal_width,Relative Mortality,ETmax,High,7,0.0027,14.3,0.962,0.962,ns
M7vsM8_anom_12m,equal_width,Relative Mortality,GPPsat,High,7,-0.53133,71.4,0.1359,0.2799,ns
M7vsM8_anom_12m,equal_width,Relative Mortality,NEPmax,High,7,-0.78309,71.4,0.1024,0.239,ns
M7vsM8_anom_12m,equal_width,Relative Mortality,WUE,High,7,-0.13686,57.1,0.1024,0.239,ns
M7vsM8_anom_12m,equal_width,Relative Mortality,uWUE,High,7,-0.01981,71.4,0.1763,0.3248,ns
M7vsM8_anom_12m,equal_width,Relative Disturbance,ETmax,Mid,35,0.00035,42.9,0.6253,0.706,ns
M7vsM8_anom_12m,equal_width,Relative Disturbance,GPPsat,Mid,35,-0.18456,68.6,0.02155,0.06284,ns
M7vsM8_anom_12m,equal_width,Relative Disturbance,NEPmax,Mid,35,-0.34872,65.7,0.008582,0.03435,*
M7vsM8_anom_12m,equal_width,Relative Disturbance,WUE,Mid,35,-0.008,51.4,0.5811,0.678,ns
M7vsM8_anom_12m,equal_width,Relative Disturbance,uWUE,Mid,35,-0.02273,57.1,0.3685,0.5374,ns
M7vsM8_anom_12m,equal_width,Relative Disturbance,ETmax,Low,53,1e-04,47.2,0.7409,0.8088,ns
M7vsM8_anom_12m,equal_width,Relative Disturbance,GPPsat,Low,53,-0.54129,62.3,0.003559,0.02076,*
M7vsM8_anom_12m,equal_width,Relative Disturbance,NEPmax,Low,53,-0.437,67.9,0.000206,0.003939,**
M7vsM8_anom_12m,equal_width,Relative Disturbance,WUE,Low,53,-0.01676,52.8,0.1763,0.3248,ns
M7vsM8_anom_12m,equal_width,Relative Disturbance,uWUE,Low,53,-0.00276,52.8,0.1928,0.3374,ns
M7vsM8_anom_12m,equal_width,Relative Disturbance,ETmax,High,5,0.00198,20,,,""
M7vsM8_anom_12m,equal_width,Relative Disturbance,GPPsat,High,5,-0.75942,60,,,""
M7vsM8_anom_12m,equal_width,Relative Disturbance,NEPmax,High,5,-1.24434,80,,,""
M7vsM8_anom_12m,equal_width,Relative Disturbance,WUE,High,5,-0.15504,60,,,""
M7vsM8_anom_12m,equal_width,Relative Disturbance,uWUE,High,5,-0.18023,80,,,""
M7vsM8_anom_12m,natural_breaks,Absolute Mortality,ETmax,High,20,0.00123,35,0.9587,0.9802,ns
M7vsM8_anom_12m,natural_breaks,Absolute Mortality,GPPsat,High,20,-0.34905,75,0.025,0.09164,ns
M7vsM8_anom_12m,natural_breaks,Absolute Mortality,NEPmax,High,20,-0.56801,65,0.01591,0.0716,ns
M7vsM8_anom_12m,natural_breaks,Absolute Mortality,WUE,High,20,-0.02337,50,0.3071,0.4319,ns
M7vsM8_anom_12m,natural_breaks,Absolute Mortality,uWUE,High,20,-0.06157,70,0.03809,0.1004,ns
M7vsM8_anom_12m,natural_breaks,Absolute Mortality,ETmax,Mid,43,0.00043,39.5,0.7525,0.8465,ns
M7vsM8_anom_12m,natural_breaks,Absolute Mortality,GPPsat,Mid,43,-0.29054,62.8,0.01919,0.07849,ns
M7vsM8_anom_12m,natural_breaks,Absolute Mortality,NEPmax,Mid,43,-0.36315,67.4,0.007738,0.05804,ns
M7vsM8_anom_12m,natural_breaks,Absolute Mortality,WUE,Mid,43,-0.02538,58.1,0.1035,0.2218,ns
M7vsM8_anom_12m,natural_breaks,Absolute Mortality,uWUE,Mid,43,-0.00219,51.2,0.5217,0.6521,ns
M7vsM8_anom_12m,natural_breaks,Absolute Mortality,ETmax,Low,30,-0.00078,56.7,0.3404,0.4377,ns
M7vsM8_anom_12m,natural_breaks,Absolute Mortality,GPPsat,Low,30,-0.2066,60,0.03515,0.1004,ns
M7vsM8_anom_12m,natural_breaks,Absolute Mortality,NEPmax,Low,30,-0.52538,70,0.0008848,0.016,*
M7vsM8_anom_12m,natural_breaks,Absolute Mortality,WUE,Low,30,0.00286,46.7,0.6367,0.7347,ns
M7vsM8_anom_12m,natural_breaks,Absolute Mortality,uWUE,Low,30,-0.0031,53.3,0.3036,0.4319,ns
M7vsM8_anom_12m,natural_breaks,Relative Mortality,ETmax,High,26,0.00054,30.8,0.9802,0.9802,ns
M7vsM8_anom_12m,natural_breaks,Relative Mortality,GPPsat,High,26,-0.20587,65.4,0.03771,0.1004,ns
M7vsM8_anom_12m,natural_breaks,Relative Mortality,NEPmax,High,26,-0.39361,61.5,0.03373,0.1004,ns
M7vsM8_anom_12m,natural_breaks,Relative Mortality,WUE,High,26,-0.01665,50,0.333,0.4377,ns
M7vsM8_anom_12m,natural_breaks,Relative Mortality,uWUE,High,26,-0.03139,65.4,0.1114,0.2279,ns
M7vsM8_anom_12m,natural_breaks,Relative Mortality,ETmax,Mid,32,-0.00083,56.2,0.129,0.2418,ns
M7vsM8_anom_12m,natural_breaks,Relative Mortality,GPPsat,Mid,32,-0.23438,68.8,0.02647,0.09164,ns
M7vsM8_anom_12m,natural_breaks,Relative Mortality,NEPmax,Mid,32,-0.34945,71.9,0.003645,0.03281,*
M7vsM8_anom_12m,natural_breaks,Relative Mortality,WUE,Mid,32,-0.02089,56.2,0.2594,0.4026,ns
M7vsM8_anom_12m,natural_breaks,Relative Mortality,uWUE,Mid,32,0.0011,50,0.541,0.6579,ns
M7vsM8_anom_12m,natural_breaks,Relative Mortality,ETmax,Low,35,0.00095,42.9,0.7817,0.858,ns
M7vsM8_anom_12m,natural_breaks,Relative Mortality,GPPsat,Low,35,-0.77451,60,0.01439,0.0716,ns
M7vsM8_anom_12m,natural_breaks,Relative Mortality,NEPmax,Low,35,-0.59286,68.6,0.001066,0.016,*
M7vsM8_anom_12m,natural_breaks,Relative Mortality,WUE,Low,35,-0.00947,51.4,0.2973,0.4319,ns
M7vsM8_anom_12m,natural_breaks,Relative Mortality,uWUE,Low,35,-0.00276,54.3,0.1731,0.3117,ns
M7vsM8_anom_12m,natural_breaks,Relative Disturbance,ETmax,Mid,35,-0.00068,54.3,0.1275,0.2418,ns
M7vsM8_anom_12m,natural_breaks,Relative Disturbance,GPPsat,Mid,35,-0.29054,77.1,0.003194,0.03281,*
M7vsM8_anom_12m,natural_breaks,Relative Disturbance,NEPmax,Mid,35,-0.37514,74.3,0.0005422,0.016,*
M7vsM8_anom_12m,natural_breaks,Relative Disturbance,WUE,Mid,35,-0.02206,57.1,0.2432,0.3908,ns
M7vsM8_anom_12m,natural_breaks,Relative Disturbance,uWUE,Mid,35,0.01649,48.6,0.5683,0.673,ns
M7vsM8_anom_12m,natural_breaks,Relative Disturbance,ETmax,Low,35,0.00095,42.9,0.8508,0.9116,ns
M7vsM8_anom_12m,natural_breaks,Relative Disturbance,GPPsat,Low,35,-0.1203,54.3,0.05888,0.1325,ns
M7vsM8_anom_12m,natural_breaks,Relative Disturbance,NEPmax,Low,35,-0.437,62.9,0.01116,0.0716,ns
M7vsM8_anom_12m,natural_breaks,Relative Disturbance,WUE,Low,35,-0.00947,51.4,0.3321,0.4377,ns
M7vsM8_anom_12m,natural_breaks,Relative Disturbance,uWUE,Low,35,-0.00276,54.3,0.2432,0.3908,ns
M7vsM8_anom_12m,natural_breaks,Relative Disturbance,ETmax,High,23,0.00055,30.4,0.9648,0.9802,ns
M7vsM8_anom_12m,natural_breaks,Relative Disturbance,GPPsat,High,23,-0.53133,60.9,0.04016,0.1004,ns
M7vsM8_anom_12m,natural_breaks,Relative Disturbance,NEPmax,High,23,-0.5489,65.2,0.01483,0.0716,ns
M7vsM8_anom_12m,natural_breaks,Relative Disturbance,WUE,High,23,0.01168,47.8,0.2281,0.3908,ns
M7vsM8_anom_12m,natural_breaks,Relative Disturbance,uWUE,High,23,-0.03653,69.6,0.04286,0.1015,ns
M7vsM8_anom_24m,tertiles,Absolute Mortality,ETmax,High,31,0.00045,38.7,0.938,0.9593,ns
M7vsM8_anom_24m,tertiles,Absolute Mortality,GPPsat,High,31,-0.25359,67.7,0.01518,0.08787,ns
M7vsM8_anom_24m,tertiles,Absolute Mortality,NEPmax,High,31,-0.60654,77.4,0.001082,0.01217,*
M7vsM8_anom_24m,tertiles,Absolute Mortality,WUE,High,31,-0.06867,64.5,0.02679,0.1048,ns
M7vsM8_anom_24m,tertiles,Absolute Mortality,uWUE,High,31,-0.05044,71,0.03346,0.1048,ns
M7vsM8_anom_24m,tertiles,Absolute Mortality,ETmax,Mid,31,-3e-05,51.6,0.705,0.7932,ns
M7vsM8_anom_24m,tertiles,Absolute Mortality,GPPsat,Mid,31,-0.29423,61.3,0.0695,0.1546,ns
M7vsM8_anom_24m,tertiles,Absolute Mortality,NEPmax,Mid,31,-0.38813,64.5,0.07215,0.1546,ns
M7vsM8_anom_24m,tertiles,Absolute Mortality,WUE,Mid,31,0.01096,45.2,0.4493,0.5321,ns
M7vsM8_anom_24m,tertiles,Absolute Mortality,uWUE,Mid,31,0.02983,48.4,0.725,0.7957,ns
M7vsM8_anom_24m,tertiles,Absolute Mortality,ETmax,Low,31,-0.00149,58.1,0.197,0.2955,ns
M7vsM8_anom_24m,tertiles,Absolute Mortality,GPPsat,Low,31,-0.07468,58.1,0.03494,0.1048,ns
M7vsM8_anom_24m,tertiles,Absolute Mortality,NEPmax,Low,31,-0.45117,74.2,0.0008871,0.01217,*
M7vsM8_anom_24m,tertiles,Absolute Mortality,WUE,Low,31,-0.00243,54.8,0.4262,0.5277,ns
M7vsM8_anom_24m,tertiles,Absolute Mortality,uWUE,Low,31,-0.01368,58.1,0.1916,0.2955,ns
M7vsM8_anom_24m,tertiles,Relative Mortality,ETmax,High,31,0.00165,32.3,0.9914,0.9914,ns
M7vsM8_anom_24m,tertiles,Relative Mortality,GPPsat,High,31,-0.14605,67.7,0.03494,0.1048,ns
M7vsM8_anom_24m,tertiles,Relative Mortality,NEPmax,High,31,-0.35837,71,0.03064,0.1048,ns
M7vsM8_anom_24m,tertiles,Relative Mortality,WUE,High,31,-0.02056,54.8,0.2372,0.3336,ns
M7vsM8_anom_24m,tertiles,Relative Mortality,uWUE,High,31,-0.02688,67.7,0.1258,0.2462,ns
M7vsM8_anom_24m,tertiles,Relative Mortality,ETmax,Mid,31,-0.00056,58.1,0.1472,0.265,ns
M7vsM8_anom_24m,tertiles,Relative Mortality,GPPsat,Mid,31,-0.42527,61.3,0.01757,0.08787,ns
M7vsM8_anom_24m,tertiles,Relative Mortality,NEPmax,Mid,31,-0.66197,77.4,0.001082,0.01217,*
M7vsM8_anom_24m,tertiles,Relative Mortality,WUE,Mid,31,-0.03157,58.1,0.09626,0.1969,ns
M7vsM8_anom_24m,tertiles,Relative Mortality,uWUE,Mid,31,-0.00547,54.8,0.4649,0.5364,ns
M7vsM8_anom_24m,tertiles,Relative Mortality,ETmax,Low,31,-0.00044,58.1,0.3881,0.499,ns
M7vsM8_anom_24m,tertiles,Relative Mortality,GPPsat,Low,31,-0.54677,58.1,0.04887,0.1294,ns
M7vsM8_anom_24m,tertiles,Relative Mortality,NEPmax,Low,31,-0.49263,67.7,0.005899,0.05309,ns
M7vsM8_anom_24m,tertiles,Relative Mortality,WUE,Low,31,-0.00106,51.6,0.3881,0.499,ns
M7vsM8_anom_24m,tertiles,Relative Mortality,uWUE,Low,31,-0.00842,54.8,0.1916,0.2955,ns
M7vsM8_anom_24m,tertiles,Relative Disturbance,ETmax,High,31,0.00058,35.5,0.9356,0.9593,ns
M7vsM8_anom_24m,tertiles,Relative Disturbance,GPPsat,High,31,-0.25359,64.5,0.04887,0.1294,ns
M7vsM8_anom_24m,tertiles,Relative Disturbance,NEPmax,High,31,-0.47253,71,0.02127,0.0957,ns
M7vsM8_anom_24m,tertiles,Relative Disturbance,WUE,High,31,-0.02056,54.8,0.197,0.2955,ns
M7vsM8_anom_24m,tertiles,Relative Disturbance,uWUE,High,31,-0.0287,61.3,0.1916,0.2955,ns
M7vsM8_anom_24m,tertiles,Relative Disturbance,ETmax,Mid,31,-0.00056,61.3,0.07215,0.1546,ns
M7vsM8_anom_24m,tertiles,Relative Disturbance,GPPsat,Mid,31,-0.22466,64.5,0.01444,0.08787,ns
M7vsM8_anom_24m,tertiles,Relative Disturbance,NEPmax,Mid,31,-0.48039,80.6,0.0002178,0.009799,**
M7vsM8_anom_24m,tertiles,Relative Disturbance,WUE,Mid,31,-0.05579,61.3,0.1341,0.2514,ns
M7vsM8_anom_24m,tertiles,Relative Disturbance,uWUE,Mid,31,-0.01346,61.3,0.3296,0.4495,ns
M7vsM8_anom_24m,tertiles,Relative Disturbance,ETmax,Low,31,-9e-05,51.6,0.7567,0.8107,ns
M7vsM8_anom_24m,tertiles,Relative Disturbance,GPPsat,Low,31,-0.19027,58.1,0.05297,0.1324,ns
M7vsM8_anom_24m,tertiles,Relative Disturbance,NEPmax,Low,31,-0.49263,64.5,0.01674,0.08787,ns
M7vsM8_anom_24m,tertiles,Relative Disturbance,WUE,Low,31,0.00475,48.4,0.4339,0.5277,ns
M7vsM8_anom_24m,tertiles,Relative Disturbance,uWUE,Low,31,-0.00842,54.8,0.2137,0.3102,ns
M7vsM8_anom_24m,equal_width,Absolute Mortality,ETmax,Mid,35,0.00045,42.9,0.9372,0.9372,ns
M7vsM8_anom_24m,equal_width,Absolute Mortality,GPPsat,Mid,35,-0.14605,62.9,0.06698,0.1649,ns
M7vsM8_anom_24m,equal_width,Absolute Mortality,NEPmax,Mid,35,-0.50637,74.3,0.001641,0.01436,*
M7vsM8_anom_24m,equal_width,Absolute Mortality,WUE,Mid,35,-0.04161,57.1,0.05158,0.1389,ns
M7vsM8_anom_24m,equal_width,Absolute Mortality,uWUE,Mid,35,-0.05044,71.4,0.02421,0.07703,ns
M7vsM8_anom_24m,equal_width,Absolute Mortality,ETmax,Low,53,-0.00044,56.6,0.218,0.3317,ns
M7vsM8_anom_24m,equal_width,Absolute Mortality,GPPsat,Low,53,-0.29423,60.4,0.005817,0.03393,*
M7vsM8_anom_24m,equal_width,Absolute Mortality,NEPmax,Low,53,-0.48039,71.7,0.00026,0.004549,**
M7vsM8_anom_24m,equal_width,Absolute Mortality,WUE,Low,53,-0.00106,50.9,0.4682,0.5463,ns
M7vsM8_anom_24m,equal_width,Absolute Mortality,uWUE,Low,53,-0.00262,52.8,0.4437,0.5463,ns
M7vsM8_anom_24m,equal_width,Absolute Mortality,ETmax,High,5,0.00195,20,,,""
M7vsM8_anom_24m,equal_width,Absolute Mortality,GPPsat,High,5,-0.39045,80,,,""
M7vsM8_anom_24m,equal_width,Absolute Mortality,NEPmax,High,5,-0.11256,60,,,""
M7vsM8_anom_24m,equal_width,Absolute Mortality,WUE,High,5,-0.07751,80,,,""
M7vsM8_anom_24m,equal_width,Absolute Mortality,uWUE,High,5,0.05478,40,,,""
M7vsM8_anom_24m,equal_width,Relative Mortality,ETmax,Mid,33,5e-04,39.4,0.9236,0.9372,ns
M7vsM8_anom_24m,equal_width,Relative Mortality,GPPsat,Mid,33,-0.25359,69.7,0.02083,0.0729,ns
M7vsM8_anom_24m,equal_width,Relative Mortality,NEPmax,Mid,33,-0.47453,72.7,0.007185,0.03592,*
M7vsM8_anom_24m,equal_width,Relative Mortality,WUE,Mid,33,-0.00829,51.5,0.4432,0.5463,ns
M7vsM8_anom_24m,equal_width,Relative Mortality,uWUE,Mid,33,-0.01346,63.6,0.3211,0.4496,ns
M7vsM8_anom_24m,equal_width,Relative Mortality,ETmax,Low,53,-0.00045,58.5,0.2102,0.3317,ns
M7vsM8_anom_24m,equal_width,Relative Mortality,GPPsat,Low,53,-0.19027,56.6,0.01255,0.04882,*
M7vsM8_anom_24m,equal_width,Relative Mortality,NEPmax,Low,53,-0.45117,69.8,0.0004094,0.004777,**
M7vsM8_anom_24m,equal_width,Relative Mortality,WUE,Low,53,-0.00324,54.7,0.174,0.29,ns
M7vsM8_anom_24m,equal_width,Relative Mortality,uWUE,Low,53,-0.01368,56.6,0.1461,0.2691,ns
M7vsM8_anom_24m,equal_width,Relative Mortality,ETmax,High,7,0.00195,28.6,0.8976,0.9372,ns
M7vsM8_anom_24m,equal_width,Relative Mortality,GPPsat,High,7,-0.39045,71.4,0.1359,0.2643,ns
M7vsM8_anom_24m,equal_width,Relative Mortality,NEPmax,High,7,-0.50637,85.7,0.07539,0.1649,ns
M7vsM8_anom_24m,equal_width,Relative Mortality,WUE,High,7,-0.08267,71.4,0.07539,0.1649,ns
M7vsM8_anom_24m,equal_width,Relative Mortality,uWUE,High,7,-0.00663,57.1,0.2771,0.404,ns
M7vsM8_anom_24m,equal_width,Relative Disturbance,ETmax,Mid,35,5e-04,40,0.7769,0.8497,ns
M7vsM8_anom_24m,equal_width,Relative Disturbance,GPPsat,Mid,35,-0.14605,65.7,0.03645,0.1063,ns
M7vsM8_anom_24m,equal_width,Relative Disturbance,NEPmax,Mid,35,-0.47088,74.3,0.008582,0.03755,*
M7vsM8_anom_24m,equal_width,Relative Disturbance,WUE,Mid,35,-0.00829,51.4,0.4641,0.5463,ns
M7vsM8_anom_24m,equal_width,Relative Disturbance,uWUE,Mid,35,-0.00489,57.1,0.5098,0.5756,ns
M7vsM8_anom_24m,equal_width,Relative Disturbance,ETmax,Low,53,-0.00044,56.6,0.4055,0.5459,ns
M7vsM8_anom_24m,equal_width,Relative Disturbance,GPPsat,Low,53,-0.42527,58.5,0.005531,0.03393,*
M7vsM8_anom_24m,equal_width,Relative Disturbance,NEPmax,Low,53,-0.48039,69.8,0.0002515,0.004549,**
M7vsM8_anom_24m,equal_width,Relative Disturbance,WUE,Low,53,-0.00324,54.7,0.1543,0.2701,ns
M7vsM8_anom_24m,equal_width,Relative Disturbance,uWUE,Low,53,-0.01368,58.5,0.1231,0.2534,ns
M7vsM8_anom_24m,equal_width,Relative Disturbance,ETmax,High,5,0.00012,40,,,""
M7vsM8_anom_24m,equal_width,Relative Disturbance,GPPsat,High,5,-0.71896,80,,,""
M7vsM8_anom_24m,equal_width,Relative Disturbance,NEPmax,High,5,-0.94638,80,,,""
M7vsM8_anom_24m,equal_width,Relative Disturbance,WUE,High,5,-0.15715,80,,,""
M7vsM8_anom_24m,equal_width,Relative Disturbance,uWUE,High,5,-0.16991,80,,,""
M7vsM8_anom_24m,natural_breaks,Absolute Mortality,ETmax,High,20,0.00106,35,0.9347,0.9782,ns
M7vsM8_anom_24m,natural_breaks,Absolute Mortality,GPPsat,High,20,-0.16896,70,0.04469,0.1341,ns
M7vsM8_anom_24m,natural_breaks,Absolute Mortality,NEPmax,High,20,-0.48945,75,0.02094,0.08568,ns
M7vsM8_anom_24m,natural_breaks,Absolute Mortality,WUE,High,20,-0.03044,55,0.1902,0.3056,ns
M7vsM8_anom_24m,natural_breaks,Absolute Mortality,uWUE,High,20,-0.07021,70,0.0563,0.1407,ns
M7vsM8_anom_24m,natural_breaks,Absolute Mortality,ETmax,Mid,43,-3e-05,51.2,0.6437,0.7065,ns
M7vsM8_anom_24m,natural_breaks,Absolute Mortality,GPPsat,Mid,43,-0.30442,62.8,0.0142,0.06392,ns
M7vsM8_anom_24m,natural_breaks,Absolute Mortality,NEPmax,Mid,43,-0.47453,69.8,0.005708,0.05137,ns
M7vsM8_anom_24m,natural_breaks,Absolute Mortality,WUE,Mid,43,-0.02966,55.8,0.09922,0.1941,ns
M7vsM8_anom_24m,natural_breaks,Absolute Mortality,uWUE,Mid,43,-0.00262,55.8,0.488,0.563,ns
M7vsM8_anom_24m,natural_breaks,Absolute Mortality,ETmax,Low,30,-0.00128,56.7,0.2486,0.3497,ns
M7vsM8_anom_24m,natural_breaks,Absolute Mortality,GPPsat,Low,30,-0.07179,56.7,0.05432,0.1407,ns
M7vsM8_anom_24m,natural_breaks,Absolute Mortality,NEPmax,Low,30,-0.4719,73.3,0.001249,0.02334,*
M7vsM8_anom_24m,natural_breaks,Absolute Mortality,WUE,Low,30,-0.00174,53.3,0.4347,0.5433,ns
M7vsM8_anom_24m,natural_breaks,Absolute Mortality,uWUE,Low,30,-0.01105,56.7,0.2358,0.3497,ns
M7vsM8_anom_24m,natural_breaks,Relative Mortality,ETmax,High,26,0.00171,26.9,0.9931,0.9931,ns
M7vsM8_anom_24m,natural_breaks,Relative Mortality,GPPsat,High,26,-0.22171,69.2,0.03985,0.1341,ns
M7vsM8_anom_24m,natural_breaks,Relative Mortality,NEPmax,High,26,-0.41462,73.1,0.04208,0.1341,ns
M7vsM8_anom_24m,natural_breaks,Relative Mortality,WUE,High,26,-0.01442,53.8,0.2627,0.3583,ns
M7vsM8_anom_24m,natural_breaks,Relative Mortality,uWUE,High,26,-0.03957,65.4,0.1548,0.2691,ns
M7vsM8_anom_24m,natural_breaks,Relative Mortality,ETmax,Mid,32,-0.00061,62.5,0.06613,0.1488,ns
M7vsM8_anom_24m,natural_breaks,Relative Mortality,GPPsat,Mid,32,-0.08384,56.2,0.07365,0.1506,ns
M7vsM8_anom_24m,natural_breaks,Relative Mortality,NEPmax,Mid,32,-0.54347,71.9,0.004802,0.05137,ns
M7vsM8_anom_24m,natural_breaks,Relative Mortality,WUE,Mid,32,-0.04368,59.4,0.1411,0.2646,ns
M7vsM8_anom_24m,natural_breaks,Relative Mortality,uWUE,Mid,32,-0.00947,59.4,0.4814,0.563,ns
M7vsM8_anom_24m,natural_breaks,Relative Mortality,ETmax,Low,35,-1e-04,54.3,0.5489,0.6175,ns
M7vsM8_anom_24m,natural_breaks,Relative Mortality,GPPsat,Low,35,-0.6284,62.9,0.01165,0.05825,ns
M7vsM8_anom_24m,natural_breaks,Relative Mortality,NEPmax,Low,35,-0.59796,71.4,0.001189,0.02334,*
M7vsM8_anom_24m,natural_breaks,Relative Mortality,WUE,Low,35,-0.00106,51.4,0.3145,0.4162,ns
M7vsM8_anom_24m,natural_breaks,Relative Mortality,uWUE,Low,35,-0.00842,54.3,0.1569,0.2691,ns
M7vsM8_anom_24m,natural_breaks,Relative Disturbance,ETmax,Mid,35,-0.00056,60,0.03269,0.1226,ns
M7vsM8_anom_24m,natural_breaks,Relative Disturbance,GPPsat,Mid,35,-0.22466,65.7,0.01116,0.05825,ns
M7vsM8_anom_24m,natural_breaks,Relative Disturbance,NEPmax,Mid,35,-0.48039,77.1,0.001556,0.02334,*
M7vsM8_anom_24m,natural_breaks,Relative Disturbance,WUE,Mid,35,-0.03157,62.9,0.2087,0.3239,ns
M7vsM8_anom_24m,natural_breaks,Relative Disturbance,uWUE,Mid,35,-0.00547,57.1,0.4706,0.563,ns
M7vsM8_anom_24m,natural_breaks,Relative Disturbance,ETmax,Low,35,-9e-05,51.4,0.814,0.8721,ns
M7vsM8_anom_24m,natural_breaks,Relative Disturbance,GPPsat,Low,35,-0.07468,54.3,0.06488,0.1488,ns
M7vsM8_anom_24m,natural_breaks,Relative Disturbance,NEPmax,Low,35,-0.44634,62.9,0.01165,0.05825,ns
M7vsM8_anom_24m,natural_breaks,Relative Disturbance,WUE,Low,35,0.00475,48.6,0.3809,0.4898,ns
M7vsM8_anom_24m,natural_breaks,Relative Disturbance,uWUE,Low,35,-0.00842,54.3,0.2483,0.3497,ns
M7vsM8_anom_24m,natural_breaks,Relative Disturbance,ETmax,High,23,0.00166,30.4,0.9784,0.9931,ns
M7vsM8_anom_24m,natural_breaks,Relative Disturbance,GPPsat,High,23,-0.29423,69.6,0.0487,0.137,ns
M7vsM8_anom_24m,natural_breaks,Relative Disturbance,NEPmax,High,23,-0.47453,78.3,0.01083,0.05825,ns
M7vsM8_anom_24m,natural_breaks,Relative Disturbance,WUE,High,23,-0.02056,52.2,0.1615,0.2691,ns
M7vsM8_anom_24m,natural_breaks,Relative Disturbance,uWUE,High,23,-0.05044,69.6,0.07009,0.1502,ns
