unit,method,metric,response,category,n,median_dRMSE,pct_sites_improved,p_onesided_wilcoxon,q_BH,sig
M1vsM2_12m,tertiles,Absolute Mortality,ETmax,High,22,0.00199,45.5,0.7821,0.8184,ns
M1vsM2_12m,tertiles,Absolute Mortality,GPPsat,High,22,-0.34895,59.1,0.2687,0.7472,ns
M1vsM2_12m,tertiles,Absolute Mortality,NEPmax,High,22,-0.08687,54.5,0.3365,0.7472,ns
M1vsM2_12m,tertiles,Absolute Mortality,WUE,High,22,0.00506,50,0.7205,0.806,ns
M1vsM2_12m,tertiles,Absolute Mortality,uWUE,High,22,-0.02055,54.5,0.2687,0.7472,ns
M1vsM2_12m,tertiles,Absolute Mortality,ETmax,Mid,21,0.00089,47.6,0.6489,0.7892,ns
M1vsM2_12m,tertiles,Absolute Mortality,GPPsat,Mid,21,-0.25507,61.9,0.1831,0.7472,ns
M1vsM2_12m,tertiles,Absolute Mortality,NEPmax,Mid,21,-0.14545,52.4,0.4723,0.7531,ns
M1vsM2_12m,tertiles,Absolute Mortality,WUE,Mid,21,-0.03296,52.4,0.3641,0.7472,ns
M1vsM2_12m,tertiles,Absolute Mortality,uWUE,Mid,21,0.01174,42.9,0.7455,0.806,ns
M1vsM2_12m,tertiles,Absolute Mortality,ETmax,Low,22,0.00022,50,0.3017,0.7472,ns
M1vsM2_12m,tertiles,Absolute Mortality,GPPsat,Low,22,0.00605,50,0.5645,0.7531,ns
M1vsM2_12m,tertiles,Absolute Mortality,NEPmax,Low,22,-0.34316,59.1,0.3131,0.7472,ns
M1vsM2_12m,tertiles,Absolute Mortality,WUE,Low,22,0.00456,45.5,0.4483,0.7472,ns
M1vsM2_12m,tertiles,Absolute Mortality,uWUE,Low,22,-0.00335,50,0.3247,0.7472,ns
M1vsM2_12m,tertiles,Relative Mortality,ETmax,High,22,0.00073,50,0.6273,0.7841,ns
M1vsM2_12m,tertiles,Relative Mortality,GPPsat,High,22,-0.30139,63.6,0.2687,0.7472,ns
M1vsM2_12m,tertiles,Relative Mortality,NEPmax,High,22,-0.08687,54.5,0.4355,0.7472,ns
M1vsM2_12m,tertiles,Relative Mortality,WUE,High,22,-0.00515,54.5,0.4871,0.7531,ns
M1vsM2_12m,tertiles,Relative Mortality,uWUE,High,22,0.0075,45.5,0.4483,0.7472,ns
M1vsM2_12m,tertiles,Relative Mortality,ETmax,Mid,21,0.0019,33.3,0.9325,0.9325,ns
M1vsM2_12m,tertiles,Relative Mortality,GPPsat,Mid,21,-0.08992,52.4,0.569,0.7531,ns
M1vsM2_12m,tertiles,Relative Mortality,NEPmax,Mid,21,0.3844,47.6,0.5553,0.7531,ns
M1vsM2_12m,tertiles,Relative Mortality,WUE,Mid,21,-0.00183,52.4,0.4174,0.7472,ns
M1vsM2_12m,tertiles,Relative Mortality,uWUE,Mid,21,-0.00557,57.1,0.3011,0.7472,ns
M1vsM2_12m,tertiles,Relative Mortality,ETmax,Low,22,-0.00215,59.1,0.1494,0.7472,ns
M1vsM2_12m,tertiles,Relative Mortality,GPPsat,Low,22,-0.12263,54.5,0.1904,0.7472,ns
M1vsM2_12m,tertiles,Relative Mortality,NEPmax,Low,22,-0.39276,63.6,0.1148,0.7472,ns
M1vsM2_12m,tertiles,Relative Mortality,WUE,Low,22,0.01525,40.9,0.6983,0.8057,ns
M1vsM2_12m,tertiles,Relative Mortality,uWUE,Low,22,0.01942,45.5,0.6869,0.8057,ns
M1vsM2_12m,tertiles,Relative Disturbance,ETmax,High,22,0.00073,50,0.6149,0.7841,ns
M1vsM2_12m,tertiles,Relative Disturbance,GPPsat,High,22,-0.30139,63.6,0.2581,0.7472,ns
M1vsM2_12m,tertiles,Relative Disturbance,NEPmax,High,22,-0.08687,54.5,0.4355,0.7472,ns
M1vsM2_12m,tertiles,Relative Disturbance,WUE,High,22,-0.00515,54.5,0.4355,0.7472,ns
M1vsM2_12m,tertiles,Relative Disturbance,uWUE,High,22,0.0075,45.5,0.4101,0.7472,ns
M1vsM2_12m,tertiles,Relative Disturbance,ETmax,Mid,21,0.0019,38.1,0.9008,0.9213,ns
M1vsM2_12m,tertiles,Relative Disturbance,GPPsat,Mid,21,0.08246,47.6,0.5277,0.7531,ns
M1vsM2_12m,tertiles,Relative Disturbance,NEPmax,Mid,21,-0.40605,57.1,0.2327,0.7472,ns
M1vsM2_12m,tertiles,Relative Disturbance,WUE,Mid,21,-0.00183,52.4,0.3511,0.7472,ns
M1vsM2_12m,tertiles,Relative Disturbance,uWUE,Mid,21,-0.00076,52.4,0.3772,0.7472,ns
M1vsM2_12m,tertiles,Relative Disturbance,ETmax,Low,22,-0.00145,54.5,0.1732,0.7472,ns
M1vsM2_12m,tertiles,Relative Disturbance,GPPsat,Low,22,-0.18546,59.1,0.2179,0.7472,ns
M1vsM2_12m,tertiles,Relative Disturbance,NEPmax,Low,22,-0.17498,54.5,0.4101,0.7472,ns
M1vsM2_12m,tertiles,Relative Disturbance,WUE,Low,22,0.01525,40.9,0.7523,0.806,ns
M1vsM2_12m,tertiles,Relative Disturbance,uWUE,Low,22,0.00094,50,0.5517,0.7531,ns
M1vsM2_12m,equal_width,Absolute Mortality,ETmax,Mid,21,0.00156,47.6,0.6743,0.7614,ns
M1vsM2_12m,equal_width,Absolute Mortality,GPPsat,Mid,21,-0.35017,66.7,0.1119,0.6662,ns
M1vsM2_12m,equal_width,Absolute Mortality,NEPmax,Mid,21,-0.18764,61.9,0.133,0.6662,ns
M1vsM2_12m,equal_width,Absolute Mortality,WUE,Mid,21,-0.00247,57.1,0.4585,0.6662,ns
M1vsM2_12m,equal_width,Absolute Mortality,uWUE,Mid,21,-0.03552,57.1,0.1257,0.6662,ns
M1vsM2_12m,equal_width,Absolute Mortality,ETmax,Low,41,0.00044,48.8,0.4331,0.6662,ns
M1vsM2_12m,equal_width,Absolute Mortality,GPPsat,Low,41,-0.08992,53.7,0.3345,0.6662,ns
M1vsM2_12m,equal_width,Absolute Mortality,NEPmax,Low,41,-0.30686,53.7,0.4128,0.6662,ns
M1vsM2_12m,equal_width,Absolute Mortality,WUE,Low,41,0.0062,46.3,0.4639,0.6662,ns
M1vsM2_12m,equal_width,Absolute Mortality,uWUE,Low,41,0.01516,46.3,0.6022,0.7614,ns
M1vsM2_12m,equal_width,Absolute Mortality,ETmax,High,3,0.00272,33.3,,,""
M1vsM2_12m,equal_width,Absolute Mortality,GPPsat,High,3,1.06388,33.3,,,""
M1vsM2_12m,equal_width,Absolute Mortality,NEPmax,High,3,0.2348,33.3,,,""
M1vsM2_12m,equal_width,Absolute Mortality,WUE,High,3,0.10143,33.3,,,""
M1vsM2_12m,equal_width,Absolute Mortality,uWUE,High,3,0.1005,33.3,,,""
M1vsM2_12m,equal_width,Relative Mortality,ETmax,Mid,26,0.00216,42.3,0.6853,0.7614,ns
M1vsM2_12m,equal_width,Relative Mortality,GPPsat,Mid,26,-0.34465,69.2,0.09761,0.6662,ns
M1vsM2_12m,equal_width,Relative Mortality,NEPmax,Mid,26,-0.41755,61.5,0.1489,0.6662,ns
M1vsM2_12m,equal_width,Relative Mortality,WUE,Mid,26,-0.0057,53.8,0.3706,0.6662,ns
M1vsM2_12m,equal_width,Relative Mortality,uWUE,Mid,26,0.00142,50,0.3238,0.6662,ns
M1vsM2_12m,equal_width,Relative Mortality,ETmax,Low,32,0.00022,50,0.3577,0.6662,ns
M1vsM2_12m,equal_width,Relative Mortality,GPPsat,Low,32,-0.12263,53.1,0.3035,0.6662,ns
M1vsM2_12m,equal_width,Relative Mortality,NEPmax,Low,32,-0.34316,56.2,0.2416,0.6662,ns
M1vsM2_12m,equal_width,Relative Mortality,WUE,Low,32,0.01525,43.8,0.6283,0.7614,ns
M1vsM2_12m,equal_width,Relative Mortality,uWUE,Low,32,0.01345,46.9,0.5484,0.7564,ns
M1vsM2_12m,equal_width,Relative Mortality,ETmax,High,7,-0.00011,57.1,0.7229,0.7816,ns
M1vsM2_12m,equal_width,Relative Mortality,GPPsat,High,7,0.33549,28.6,0.8641,0.8955,ns
M1vsM2_12m,equal_width,Relative Mortality,NEPmax,High,7,0.28521,28.6,0.9458,0.9458,ns
M1vsM2_12m,equal_width,Relative Mortality,WUE,High,7,-0.00247,57.1,0.4663,0.6662,ns
M1vsM2_12m,equal_width,Relative Mortality,uWUE,High,7,-0.03552,57.1,0.4663,0.6662,ns
M1vsM2_12m,equal_width,Relative Disturbance,ETmax,Mid,27,0.00215,40.7,0.8731,0.8955,ns
M1vsM2_12m,equal_width,Relative Disturbance,GPPsat,Mid,27,-0.22601,59.3,0.3027,0.6662,ns
M1vsM2_12m,equal_width,Relative Disturbance,NEPmax,Mid,27,-0.14545,55.6,0.3912,0.6662,ns
M1vsM2_12m,equal_width,Relative Disturbance,WUE,Mid,27,0.01196,44.4,0.6803,0.7614,ns
M1vsM2_12m,equal_width,Relative Disturbance,uWUE,Mid,27,0.01174,44.4,0.6088,0.7614,ns
M1vsM2_12m,equal_width,Relative Disturbance,ETmax,High,9,-0.00037,66.7,0.2768,0.6662,ns
M1vsM2_12m,equal_width,Relative Disturbance,GPPsat,High,9,-0.34772,55.6,0.3611,0.6662,ns
M1vsM2_12m,equal_width,Relative Disturbance,NEPmax,High,9,-0.14069,55.6,0.4064,0.6662,ns
M1vsM2_12m,equal_width,Relative Disturbance,WUE,High,9,-0.02301,77.8,0.1432,0.6662,ns
M1vsM2_12m,equal_width,Relative Disturbance,uWUE,High,9,-0.07075,55.6,0.2386,0.6662,ns
M1vsM2_12m,equal_width,Relative Disturbance,ETmax,Low,29,0.00044,48.3,0.3728,0.6662,ns
M1vsM2_12m,equal_width,Relative Disturbance,GPPsat,Low,29,-0.17491,55.2,0.2513,0.6662,ns
M1vsM2_12m,equal_width,Relative Disturbance,NEPmax,Low,29,-0.30686,55.2,0.3095,0.6662,ns
M1vsM2_12m,equal_width,Relative Disturbance,WUE,Low,29,0.0062,44.8,0.6107,0.7614,ns
M1vsM2_12m,equal_width,Relative Disturbance,uWUE,Low,29,-0.01329,51.7,0.4144,0.6662,ns
M1vsM2_12m,natural_breaks,Absolute Mortality,ETmax,High,14,-0.00024,57.1,0.525,0.7405,ns
M1vsM2_12m,natural_breaks,Absolute Mortality,GPPsat,High,14,-0.25913,57.1,0.3768,0.7405,ns
M1vsM2_12m,natural_breaks,Absolute Mortality,NEPmax,High,14,0.04705,50,0.45,0.7405,ns
M1vsM2_12m,natural_breaks,Absolute Mortality,WUE,High,14,0.00474,50,0.6232,0.7405,ns
M1vsM2_12m,natural_breaks,Absolute Mortality,uWUE,High,14,-0.01206,50,0.3532,0.7405,ns
M1vsM2_12m,natural_breaks,Absolute Mortality,ETmax,Mid,32,0.00118,46.9,0.5924,0.7405,ns
M1vsM2_12m,natural_breaks,Absolute Mortality,GPPsat,Mid,32,-0.34465,65.6,0.0818,0.7405,ns
M1vsM2_12m,natural_breaks,Absolute Mortality,NEPmax,Mid,32,-0.41755,59.4,0.1678,0.7405,ns
M1vsM2_12m,natural_breaks,Absolute Mortality,WUE,Mid,32,0.00375,50,0.4516,0.7405,ns
M1vsM2_12m,natural_breaks,Absolute Mortality,uWUE,Mid,32,0.00142,50,0.4665,0.7405,ns
M1vsM2_12m,natural_breaks,Absolute Mortality,ETmax,Low,19,0.00102,42.1,0.5876,0.7405,ns
M1vsM2_12m,natural_breaks,Absolute Mortality,GPPsat,Low,19,0.11123,42.1,0.8278,0.8664,ns
M1vsM2_12m,natural_breaks,Absolute Mortality,NEPmax,Low,19,-0.04311,52.6,0.6186,0.7405,ns
M1vsM2_12m,natural_breaks,Absolute Mortality,WUE,Low,19,0.00291,47.4,0.3968,0.7405,ns
M1vsM2_12m,natural_breaks,Absolute Mortality,uWUE,Low,19,0.01516,47.4,0.5401,0.7405,ns
M1vsM2_12m,natural_breaks,Relative Mortality,ETmax,High,23,-0.00011,52.2,0.5182,0.7405,ns
M1vsM2_12m,natural_breaks,Relative Mortality,GPPsat,High,23,-0.25507,65.2,0.2469,0.7405,ns
M1vsM2_12m,natural_breaks,Relative Mortality,NEPmax,High,23,-0.14069,56.5,0.3747,0.7405,ns
M1vsM2_12m,natural_breaks,Relative Mortality,WUE,High,23,-0.00783,56.5,0.3747,0.7405,ns
M1vsM2_12m,natural_breaks,Relative Mortality,uWUE,High,23,0.00361,47.8,0.3187,0.7405,ns
M1vsM2_12m,natural_breaks,Relative Mortality,ETmax,Mid,18,0.00291,27.8,0.9694,0.9694,ns
M1vsM2_12m,natural_breaks,Relative Mortality,GPPsat,Mid,18,0.10041,44.4,0.6684,0.7589,ns
M1vsM2_12m,natural_breaks,Relative Mortality,NEPmax,Mid,18,0.09838,50,0.3638,0.7405,ns
M1vsM2_12m,natural_breaks,Relative Mortality,WUE,Mid,18,0.00375,50,0.4653,0.7405,ns
M1vsM2_12m,natural_breaks,Relative Mortality,uWUE,Mid,18,-0.00317,55.6,0.3316,0.7405,ns
M1vsM2_12m,natural_breaks,Relative Mortality,ETmax,Low,24,-0.00215,58.3,0.1357,0.7405,ns
M1vsM2_12m,natural_breaks,Relative Mortality,GPPsat,Low,24,-0.18546,58.3,0.1357,0.7405,ns
M1vsM2_12m,natural_breaks,Relative Mortality,NEPmax,Low,24,-0.34316,58.3,0.3187,0.7405,ns
M1vsM2_12m,natural_breaks,Relative Mortality,WUE,Low,24,0.01525,41.7,0.721,0.7725,ns
M1vsM2_12m,natural_breaks,Relative Mortality,uWUE,Low,24,0.01942,45.8,0.6915,0.7589,ns
M1vsM2_12m,natural_breaks,Relative Disturbance,ETmax,High,22,0.00073,50,0.6149,0.7405,ns
M1vsM2_12m,natural_breaks,Relative Disturbance,GPPsat,High,22,-0.30139,63.6,0.2581,0.7405,ns
M1vsM2_12m,natural_breaks,Relative Disturbance,NEPmax,High,22,-0.08687,54.5,0.4355,0.7405,ns
M1vsM2_12m,natural_breaks,Relative Disturbance,WUE,High,22,-0.00515,54.5,0.4355,0.7405,ns
M1vsM2_12m,natural_breaks,Relative Disturbance,uWUE,High,22,0.0075,45.5,0.4101,0.7405,ns
M1vsM2_12m,natural_breaks,Relative Disturbance,ETmax,Mid,20,0.00203,35,0.9393,0.9607,ns
M1vsM2_12m,natural_breaks,Relative Disturbance,GPPsat,Mid,20,-0.00373,50,0.4628,0.7405,ns
M1vsM2_12m,natural_breaks,Relative Disturbance,NEPmax,Mid,20,-0.52675,60,0.1437,0.7405,ns
M1vsM2_12m,natural_breaks,Relative Disturbance,WUE,Mid,20,0.00375,50,0.3755,0.7405,ns
M1vsM2_12m,natural_breaks,Relative Disturbance,uWUE,Mid,20,-0.00317,55,0.3338,0.7405,ns
M1vsM2_12m,natural_breaks,Relative Disturbance,ETmax,Low,23,-0.00289,56.5,0.127,0.7405,ns
M1vsM2_12m,natural_breaks,Relative Disturbance,GPPsat,Low,23,-0.17491,56.5,0.2766,0.7405,ns
M1vsM2_12m,natural_breaks,Relative Disturbance,NEPmax,Low,23,-0.04311,52.2,0.5182,0.7405,ns
M1vsM2_12m,natural_breaks,Relative Disturbance,WUE,Low,23,0.0062,43.5,0.6813,0.7589,ns
M1vsM2_12m,natural_breaks,Relative Disturbance,uWUE,Low,23,0.01516,47.8,0.6253,0.7405,ns
M1vsM2_24m,tertiles,Absolute Mortality,ETmax,High,22,0.00138,45.5,0.6983,0.8269,ns
M1vsM2_24m,tertiles,Absolute Mortality,GPPsat,High,22,-0.27943,59.1,0.2795,0.7031,ns
M1vsM2_24m,tertiles,Absolute Mortality,NEPmax,High,22,-0.3052,59.1,0.2085,0.7031,ns
M1vsM2_24m,tertiles,Absolute Mortality,WUE,High,22,-0.03659,59.1,0.1571,0.7031,ns
M1vsM2_24m,tertiles,Absolute Mortality,uWUE,High,22,0.0048,50,0.5259,0.7171,ns
M1vsM2_24m,tertiles,Absolute Mortality,ETmax,Mid,21,-0.00017,52.4,0.569,0.7451,ns
M1vsM2_24m,tertiles,Absolute Mortality,GPPsat,Mid,21,-0.04349,52.4,0.4585,0.7031,ns
M1vsM2_24m,tertiles,Absolute Mortality,NEPmax,Mid,21,-0.01869,52.4,0.3772,0.7031,ns
M1vsM2_24m,tertiles,Absolute Mortality,WUE,Mid,21,-0.06259,61.9,0.1485,0.7031,ns
M1vsM2_24m,tertiles,Absolute Mortality,uWUE,Mid,21,0.02969,42.9,0.7979,0.8549,ns
M1vsM2_24m,tertiles,Absolute Mortality,ETmax,Low,22,-4e-04,50,0.4871,0.7031,ns
M1vsM2_24m,tertiles,Absolute Mortality,GPPsat,Low,22,0.23701,31.8,0.7523,0.8303,ns
M1vsM2_24m,tertiles,Absolute Mortality,NEPmax,Low,22,-0.31719,63.6,0.2375,0.7031,ns
M1vsM2_24m,tertiles,Absolute Mortality,WUE,Low,22,-0.01003,59.1,0.4101,0.7031,ns
M1vsM2_24m,tertiles,Absolute Mortality,uWUE,Low,22,0.00075,50,0.2477,0.7031,ns
M1vsM2_24m,tertiles,Relative Mortality,ETmax,High,22,0.00138,45.5,0.5899,0.7451,ns
M1vsM2_24m,tertiles,Relative Mortality,GPPsat,High,22,-0.27943,59.1,0.3851,0.7031,ns
M1vsM2_24m,tertiles,Relative Mortality,NEPmax,High,22,-0.3052,59.1,0.3017,0.7031,ns
M1vsM2_24m,tertiles,Relative Mortality,WUE,High,22,-0.0435,68.2,0.03979,0.7031,ns
M1vsM2_24m,tertiles,Relative Mortality,uWUE,High,22,-0.01749,54.5,0.3727,0.7031,ns
M1vsM2_24m,tertiles,Relative Mortality,ETmax,Mid,21,0.00012,42.9,0.8743,0.8743,ns
M1vsM2_24m,tertiles,Relative Mortality,GPPsat,Mid,21,0.16578,42.9,0.7227,0.8303,ns
M1vsM2_24m,tertiles,Relative Mortality,NEPmax,Mid,21,0.12415,47.6,0.5961,0.7451,ns
M1vsM2_24m,tertiles,Relative Mortality,WUE,Mid,21,-0.05056,57.1,0.3011,0.7031,ns
M1vsM2_24m,tertiles,Relative Mortality,uWUE,Mid,21,0.01299,42.9,0.6359,0.7734,ns
M1vsM2_24m,tertiles,Relative Mortality,ETmax,Low,22,-0.00155,59.1,0.1993,0.7031,ns
M1vsM2_24m,tertiles,Relative Mortality,GPPsat,Low,22,0.18887,40.9,0.3365,0.7031,ns
M1vsM2_24m,tertiles,Relative Mortality,NEPmax,Low,22,-0.49882,68.2,0.06766,0.7031,ns
M1vsM2_24m,tertiles,Relative Mortality,WUE,Low,22,-0.00477,54.5,0.4612,0.7031,ns
M1vsM2_24m,tertiles,Relative Mortality,uWUE,Low,22,0.02172,45.5,0.5,0.7031,ns
M1vsM2_24m,tertiles,Relative Disturbance,ETmax,High,22,0.00012,50,0.4483,0.7031,ns
M1vsM2_24m,tertiles,Relative Disturbance,GPPsat,High,22,-0.47424,63.6,0.3017,0.7031,ns
M1vsM2_24m,tertiles,Relative Disturbance,NEPmax,High,22,-0.14264,54.5,0.4355,0.7031,ns
M1vsM2_24m,tertiles,Relative Disturbance,WUE,High,22,-0.0435,68.2,0.03708,0.7031,ns
M1vsM2_24m,tertiles,Relative Disturbance,uWUE,High,22,-0.01749,54.5,0.3131,0.7031,ns
M1vsM2_24m,tertiles,Relative Disturbance,ETmax,Mid,21,0.00012,38.1,0.8743,0.8743,ns
M1vsM2_24m,tertiles,Relative Disturbance,GPPsat,Mid,21,0.21184,38.1,0.7565,0.8303,ns
M1vsM2_24m,tertiles,Relative Disturbance,NEPmax,Mid,21,-0.19963,61.9,0.1187,0.7031,ns
M1vsM2_24m,tertiles,Relative Disturbance,WUE,Mid,21,-0.02195,57.1,0.2545,0.7031,ns
M1vsM2_24m,tertiles,Relative Disturbance,uWUE,Mid,21,0.02969,38.1,0.8433,0.8743,ns
M1vsM2_24m,tertiles,Relative Disturbance,ETmax,Low,22,-0.00082,59.1,0.3605,0.7031,ns
M1vsM2_24m,tertiles,Relative Disturbance,GPPsat,Low,22,0.18887,40.9,0.4483,0.7031,ns
M1vsM2_24m,tertiles,Relative Disturbance,NEPmax,Low,22,-0.19467,59.1,0.3365,0.7031,ns
M1vsM2_24m,tertiles,Relative Disturbance,WUE,Low,22,-0.00477,54.5,0.5,0.7031,ns
M1vsM2_24m,tertiles,Relative Disturbance,uWUE,Low,22,0.00075,50,0.2905,0.7031,ns
M1vsM2_24m,equal_width,Absolute Mortality,ETmax,Mid,21,0.00162,38.1,0.7778,0.8889,ns
M1vsM2_24m,equal_width,Absolute Mortality,GPPsat,Mid,21,-0.12514,57.1,0.2658,0.6611,ns
M1vsM2_24m,equal_width,Absolute Mortality,NEPmax,Mid,21,-0.80902,61.9,0.1652,0.6611,ns
M1vsM2_24m,equal_width,Absolute Mortality,WUE,Mid,21,-0.04006,61.9,0.08762,0.6611,ns
M1vsM2_24m,equal_width,Absolute Mortality,uWUE,Mid,21,-0.00992,57.1,0.2435,0.6611,ns
M1vsM2_24m,equal_width,Absolute Mortality,ETmax,Low,41,-0.00017,51.2,0.627,0.7838,ns
M1vsM2_24m,equal_width,Absolute Mortality,GPPsat,Low,41,0.19163,43.9,0.4793,0.6611,ns
M1vsM2_24m,equal_width,Absolute Mortality,NEPmax,Low,41,-0.15232,58.5,0.242,0.6611,ns
M1vsM2_24m,equal_width,Absolute Mortality,WUE,Low,41,-0.01908,58.5,0.2035,0.6611,ns
M1vsM2_24m,equal_width,Absolute Mortality,uWUE,Low,41,0.02203,43.9,0.6561,0.7902,ns
M1vsM2_24m,equal_width,Absolute Mortality,ETmax,High,3,-0.0042,100,,,""
M1vsM2_24m,equal_width,Absolute Mortality,GPPsat,High,3,0.72923,33.3,,,""
M1vsM2_24m,equal_width,Absolute Mortality,NEPmax,High,3,0.6947,33.3,,,""
M1vsM2_24m,equal_width,Absolute Mortality,WUE,High,3,-0.01097,66.7,,,""
M1vsM2_24m,equal_width,Absolute Mortality,uWUE,High,3,0.03728,33.3,,,""
M1vsM2_24m,equal_width,Relative Mortality,ETmax,Mid,26,0.00224,38.5,0.8511,0.9137,ns
M1vsM2_24m,equal_width,Relative Mortality,GPPsat,Mid,26,-0.21802,53.8,0.2545,0.6611,ns
M1vsM2_24m,equal_width,Relative Mortality,NEPmax,Mid,26,-0.49912,61.5,0.1431,0.6611,ns
M1vsM2_24m,equal_width,Relative Mortality,WUE,Mid,26,-0.05361,61.5,0.04208,0.6611,ns
M1vsM2_24m,equal_width,Relative Mortality,uWUE,Mid,26,0.00163,50,0.5505,0.7104,ns
M1vsM2_24m,equal_width,Relative Mortality,ETmax,Low,32,-0.00068,56.2,0.3788,0.6611,ns
M1vsM2_24m,equal_width,Relative Mortality,GPPsat,Low,32,0.18887,43.8,0.459,0.6611,ns
M1vsM2_24m,equal_width,Relative Mortality,NEPmax,Low,32,-0.21833,62.5,0.129,0.6611,ns
M1vsM2_24m,equal_width,Relative Mortality,WUE,Low,32,-0.01003,56.2,0.459,0.6611,ns
M1vsM2_24m,equal_width,Relative Mortality,uWUE,Low,32,0.02172,46.9,0.5037,0.6716,ns
M1vsM2_24m,equal_width,Relative Mortality,ETmax,High,7,-0.00089,57.1,0.3999,0.6611,ns
M1vsM2_24m,equal_width,Relative Mortality,GPPsat,High,7,0.26141,42.9,0.8237,0.9137,ns
M1vsM2_24m,equal_width,Relative Mortality,NEPmax,High,7,0.89611,28.6,0.9458,0.9458,ns
M1vsM2_24m,equal_width,Relative Mortality,WUE,High,7,-0.03372,71.4,0.1763,0.6611,ns
M1vsM2_24m,equal_width,Relative Mortality,uWUE,High,7,0.02242,42.9,0.4663,0.6611,ns
M1vsM2_24m,equal_width,Relative Disturbance,ETmax,Mid,27,0.00162,37,0.9302,0.9458,ns
M1vsM2_24m,equal_width,Relative Disturbance,GPPsat,Mid,27,0.14678,48.1,0.6716,0.7902,ns
M1vsM2_24m,equal_width,Relative Disturbance,NEPmax,Mid,27,-0.09607,55.6,0.382,0.6611,ns
M1vsM2_24m,equal_width,Relative Disturbance,WUE,Mid,27,-0.04006,51.9,0.2392,0.6611,ns
M1vsM2_24m,equal_width,Relative Disturbance,uWUE,Mid,27,0.02969,37,0.868,0.9137,ns
M1vsM2_24m,equal_width,Relative Disturbance,ETmax,High,9,-0.0042,66.7,0.2035,0.6611,ns
M1vsM2_24m,equal_width,Relative Disturbance,GPPsat,High,9,-0.51476,55.6,0.3611,0.6611,ns
M1vsM2_24m,equal_width,Relative Disturbance,NEPmax,High,9,-0.42119,55.6,0.4064,0.6611,ns
M1vsM2_24m,equal_width,Relative Disturbance,WUE,High,9,-0.06737,88.9,0.03778,0.6611,ns
M1vsM2_24m,equal_width,Relative Disturbance,uWUE,High,9,-0.06192,66.7,0.1716,0.6611,ns
M1vsM2_24m,equal_width,Relative Disturbance,ETmax,Low,29,-0.00077,55.2,0.457,0.6611,ns
M1vsM2_24m,equal_width,Relative Disturbance,GPPsat,Low,29,0.18612,44.8,0.3327,0.6611,ns
M1vsM2_24m,equal_width,Relative Disturbance,NEPmax,Low,29,-0.19963,62.1,0.1599,0.6611,ns
M1vsM2_24m,equal_width,Relative Disturbance,WUE,Low,29,-0.01527,58.6,0.3566,0.6611,ns
M1vsM2_24m,equal_width,Relative Disturbance,uWUE,Low,29,-0.0199,51.7,0.3566,0.6611,ns
M1vsM2_24m,natural_breaks,Absolute Mortality,ETmax,High,14,0.00138,42.9,0.6232,0.7579,ns
M1vsM2_24m,natural_breaks,Absolute Mortality,GPPsat,High,14,-0.11946,57.1,0.45,0.6585,ns
M1vsM2_24m,natural_breaks,Absolute Mortality,NEPmax,High,14,-0.62453,64.3,0.2449,0.6585,ns
M1vsM2_24m,natural_breaks,Absolute Mortality,WUE,High,14,-0.03976,71.4,0.07439,0.6585,ns
M1vsM2_24m,natural_breaks,Absolute Mortality,uWUE,High,14,0.00575,50,0.45,0.6585,ns
M1vsM2_24m,natural_breaks,Absolute Mortality,ETmax,Mid,32,-0.00068,56.2,0.4222,0.6585,ns
M1vsM2_24m,natural_breaks,Absolute Mortality,GPPsat,Mid,32,-0.37799,56.2,0.1923,0.6585,ns
M1vsM2_24m,natural_breaks,Absolute Mortality,NEPmax,Mid,32,-0.10885,56.2,0.1678,0.6585,ns
M1vsM2_24m,natural_breaks,Absolute Mortality,WUE,Mid,32,-0.03444,53.1,0.2906,0.6585,ns
M1vsM2_24m,natural_breaks,Absolute Mortality,uWUE,Mid,32,0.00983,46.9,0.6069,0.7579,ns
M1vsM2_24m,natural_breaks,Absolute Mortality,ETmax,Low,19,0.00127,42.1,0.7467,0.84,ns
M1vsM2_24m,natural_breaks,Absolute Mortality,GPPsat,Low,19,0.26218,26.3,0.9112,0.9112,ns
M1vsM2_24m,natural_breaks,Absolute Mortality,NEPmax,Low,19,-0.15232,57.9,0.508,0.6724,ns
M1vsM2_24m,natural_breaks,Absolute Mortality,WUE,Low,19,-0.01527,63.2,0.2798,0.6585,ns
M1vsM2_24m,natural_breaks,Absolute Mortality,uWUE,Low,19,0.02141,47.4,0.4281,0.6585,ns
M1vsM2_24m,natural_breaks,Relative Mortality,ETmax,High,23,0.00113,47.8,0.5303,0.6818,ns
M1vsM2_24m,natural_breaks,Relative Mortality,GPPsat,High,23,-0.12514,56.5,0.398,0.6585,ns
M1vsM2_24m,natural_breaks,Relative Mortality,NEPmax,High,23,-0.42119,60.9,0.2665,0.6585,ns
M1vsM2_24m,natural_breaks,Relative Mortality,WUE,High,23,-0.04694,69.6,0.02866,0.6585,ns
M1vsM2_24m,natural_breaks,Relative Mortality,uWUE,High,23,-0.03158,56.5,0.2868,0.6585,ns
M1vsM2_24m,natural_breaks,Relative Mortality,ETmax,Mid,18,0.00076,38.9,0.8802,0.9002,ns
M1vsM2_24m,natural_breaks,Relative Mortality,GPPsat,Mid,18,0.15628,44.4,0.729,0.84,ns
M1vsM2_24m,natural_breaks,Relative Mortality,NEPmax,Mid,18,0.05273,50,0.4309,0.6585,ns
M1vsM2_24m,natural_breaks,Relative Mortality,WUE,Mid,18,-0.03626,55.6,0.243,0.6585,ns
M1vsM2_24m,natural_breaks,Relative Mortality,uWUE,Mid,18,0.02134,38.9,0.8081,0.8658,ns
M1vsM2_24m,natural_breaks,Relative Mortality,ETmax,Low,24,-0.00103,58.3,0.2887,0.6585,ns
M1vsM2_24m,natural_breaks,Relative Mortality,GPPsat,Low,24,0.18887,41.7,0.2887,0.6585,ns
M1vsM2_24m,natural_breaks,Relative Mortality,NEPmax,Low,24,-0.31719,62.5,0.1997,0.6585,ns
M1vsM2_24m,natural_breaks,Relative Mortality,WUE,Low,24,-0.00477,54.2,0.4829,0.6585,ns
M1vsM2_24m,natural_breaks,Relative Mortality,uWUE,Low,24,0.02172,45.8,0.4715,0.6585,ns
M1vsM2_24m,natural_breaks,Relative Disturbance,ETmax,High,22,0.00012,50,0.4483,0.6585,ns
M1vsM2_24m,natural_breaks,Relative Disturbance,GPPsat,High,22,-0.47424,63.6,0.3017,0.6585,ns
M1vsM2_24m,natural_breaks,Relative Disturbance,NEPmax,High,22,-0.14264,54.5,0.4355,0.6585,ns
M1vsM2_24m,natural_breaks,Relative Disturbance,WUE,High,22,-0.0435,68.2,0.03708,0.6585,ns
M1vsM2_24m,natural_breaks,Relative Disturbance,uWUE,High,22,-0.01749,54.5,0.3131,0.6585,ns
M1vsM2_24m,natural_breaks,Relative Disturbance,ETmax,Mid,20,0.00076,40,0.8726,0.9002,ns
M1vsM2_24m,natural_breaks,Relative Disturbance,GPPsat,Mid,20,0.21969,40,0.731,0.84,ns
M1vsM2_24m,natural_breaks,Relative Disturbance,NEPmax,Mid,20,-0.39995,65,0.07532,0.6585,ns
M1vsM2_24m,natural_breaks,Relative Disturbance,WUE,Mid,20,-0.03626,55,0.269,0.6585,ns
M1vsM2_24m,natural_breaks,Relative Disturbance,uWUE,Mid,20,0.02134,40,0.7995,0.8658,ns
M1vsM2_24m,natural_breaks,Relative Disturbance,ETmax,Low,23,-0.00077,56.5,0.3519,0.6585,ns
M1vsM2_24m,natural_breaks,Relative Disturbance,GPPsat,Low,23,0.19163,39.1,0.4818,0.6585,ns
M1vsM2_24m,natural_breaks,Relative Disturbance,NEPmax,Low,23,-0.15232,56.5,0.4098,0.6585,ns
M1vsM2_24m,natural_breaks,Relative Disturbance,WUE,Low,23,-0.00479,56.5,0.4697,0.6585,ns
M1vsM2_24m,natural_breaks,Relative Disturbance,uWUE,Low,23,0.02141,47.8,0.3863,0.6585,ns
M3vsM4_12m,tertiles,Absolute Mortality,ETmax,High,22,0.00255,45.5,0.928,0.9666,ns
M3vsM4_12m,tertiles,Absolute Mortality,GPPsat,High,22,-0.1053,59.1,0.3605,0.7876,ns
M3vsM4_12m,tertiles,Absolute Mortality,NEPmax,High,22,-0.34615,63.6,0.2795,0.7832,ns
M3vsM4_12m,tertiles,Absolute Mortality,WUE,High,22,0.01953,36.4,0.7419,0.9666,ns
M3vsM4_12m,tertiles,Absolute Mortality,uWUE,High,22,-0.00181,50,0.7205,0.9666,ns
M3vsM4_12m,tertiles,Absolute Mortality,ETmax,Mid,21,0.00386,33.3,0.9451,0.9666,ns
M3vsM4_12m,tertiles,Absolute Mortality,GPPsat,Mid,21,0.08219,47.6,0.4861,0.8795,ns
M3vsM4_12m,tertiles,Absolute Mortality,NEPmax,Mid,21,0.07736,47.6,0.5277,0.8795,ns
M3vsM4_12m,tertiles,Absolute Mortality,WUE,Mid,21,-0.01836,61.9,0.2021,0.7832,ns
M3vsM4_12m,tertiles,Absolute Mortality,uWUE,Mid,21,0.01324,47.6,0.569,0.8829,ns
M3vsM4_12m,tertiles,Absolute Mortality,ETmax,Low,22,-0.0016,63.6,0.1087,0.7832,ns
M3vsM4_12m,tertiles,Absolute Mortality,GPPsat,Low,22,0.03082,50,0.3727,0.7876,ns
M3vsM4_12m,tertiles,Absolute Mortality,NEPmax,Low,22,-0.6617,63.6,0.01886,0.283,ns
M3vsM4_12m,tertiles,Absolute Mortality,WUE,Low,22,0.01301,45.5,0.7095,0.9666,ns
M3vsM4_12m,tertiles,Absolute Mortality,uWUE,Low,22,-0.02088,63.6,0.08635,0.7832,ns
M3vsM4_12m,tertiles,Relative Mortality,ETmax,High,22,-0.00047,54.5,0.8268,0.9666,ns
M3vsM4_12m,tertiles,Relative Mortality,GPPsat,High,22,-0.2042,63.6,0.2276,0.7832,ns
M3vsM4_12m,tertiles,Relative Mortality,NEPmax,High,22,-0.24921,59.1,0.2905,0.7832,ns
M3vsM4_12m,tertiles,Relative Mortality,WUE,High,22,0.01953,40.9,0.5129,0.8795,ns
M3vsM4_12m,tertiles,Relative Mortality,uWUE,High,22,0.01403,40.9,0.8506,0.9666,ns
M3vsM4_12m,tertiles,Relative Mortality,ETmax,Mid,21,0.00419,33.3,0.983,0.983,ns
M3vsM4_12m,tertiles,Relative Mortality,GPPsat,Mid,21,0.26916,38.1,0.6743,0.9666,ns
M3vsM4_12m,tertiles,Relative Mortality,NEPmax,Mid,21,0.19271,42.9,0.7673,0.9666,ns
M3vsM4_12m,tertiles,Relative Mortality,WUE,Mid,21,-0.01836,61.9,0.2021,0.7832,ns
M3vsM4_12m,tertiles,Relative Mortality,uWUE,Mid,21,-0.01772,61.9,0.3011,0.7832,ns
M3vsM4_12m,tertiles,Relative Mortality,ETmax,Low,22,-8e-04,54.5,0.2085,0.7832,ns
M3vsM4_12m,tertiles,Relative Mortality,GPPsat,Low,22,-0.09969,54.5,0.3131,0.7832,ns
M3vsM4_12m,tertiles,Relative Mortality,NEPmax,Low,22,-0.70367,72.7,0.005666,0.2549,ns
M3vsM4_12m,tertiles,Relative Mortality,WUE,Low,22,0.02019,40.9,0.8721,0.9666,ns
M3vsM4_12m,tertiles,Relative Mortality,uWUE,Low,22,-0.01775,59.1,0.1817,0.7832,ns
M3vsM4_12m,tertiles,Relative Disturbance,ETmax,High,22,-0.00047,54.5,0.8852,0.9666,ns
M3vsM4_12m,tertiles,Relative Disturbance,GPPsat,High,22,-0.2042,63.6,0.2179,0.7832,ns
M3vsM4_12m,tertiles,Relative Disturbance,NEPmax,High,22,-0.24921,59.1,0.3484,0.7876,ns
M3vsM4_12m,tertiles,Relative Disturbance,WUE,High,22,0.01045,40.9,0.4355,0.8521,ns
M3vsM4_12m,tertiles,Relative Disturbance,uWUE,High,22,0.01403,40.9,0.8268,0.9666,ns
M3vsM4_12m,tertiles,Relative Disturbance,ETmax,Mid,21,0.00386,38.1,0.9178,0.9666,ns
M3vsM4_12m,tertiles,Relative Disturbance,GPPsat,Mid,21,0.23618,42.9,0.6095,0.9143,ns
M3vsM4_12m,tertiles,Relative Disturbance,NEPmax,Mid,21,-0.17202,52.4,0.569,0.8829,ns
M3vsM4_12m,tertiles,Relative Disturbance,WUE,Mid,21,-0.01836,61.9,0.2545,0.7832,ns
M3vsM4_12m,tertiles,Relative Disturbance,uWUE,Mid,21,-0.0146,57.1,0.3133,0.7832,ns
M3vsM4_12m,tertiles,Relative Disturbance,ETmax,Low,22,-0.00024,50,0.3851,0.7876,ns
M3vsM4_12m,tertiles,Relative Disturbance,GPPsat,Low,22,0.03082,50,0.5,0.8795,ns
M3vsM4_12m,tertiles,Relative Disturbance,NEPmax,Low,22,-0.63829,63.6,0.01607,0.283,ns
M3vsM4_12m,tertiles,Relative Disturbance,WUE,Low,22,0.02019,40.9,0.8913,0.9666,ns
M3vsM4_12m,tertiles,Relative Disturbance,uWUE,Low,22,-0.02088,63.6,0.1571,0.7832,ns
M3vsM4_12m,equal_width,Absolute Mortality,ETmax,Mid,21,0.00029,47.6,0.7778,0.8642,ns
M3vsM4_12m,equal_width,Absolute Mortality,GPPsat,Mid,21,-0.33593,66.7,0.1406,0.8419,ns
M3vsM4_12m,equal_width,Absolute Mortality,NEPmax,Mid,21,-0.44293,66.7,0.1257,0.8419,ns
M3vsM4_12m,equal_width,Absolute Mortality,WUE,Mid,21,0.00429,42.9,0.5139,0.8564,ns
M3vsM4_12m,equal_width,Absolute Mortality,uWUE,Mid,21,-0.00869,52.4,0.5415,0.8642,ns
M3vsM4_12m,equal_width,Absolute Mortality,ETmax,Low,41,0.00025,48.8,0.7539,0.8642,ns
M3vsM4_12m,equal_width,Absolute Mortality,GPPsat,Low,41,0.08219,48.8,0.4229,0.8459,ns
M3vsM4_12m,equal_width,Absolute Mortality,NEPmax,Low,41,-0.29552,56.1,0.09099,0.8419,ns
M3vsM4_12m,equal_width,Absolute Mortality,WUE,Low,41,-0.00688,51.2,0.4742,0.8564,ns
M3vsM4_12m,equal_width,Absolute Mortality,uWUE,Low,41,-0.01771,56.1,0.2627,0.8419,ns
M3vsM4_12m,equal_width,Absolute Mortality,ETmax,High,3,0.00517,33.3,,,""
M3vsM4_12m,equal_width,Absolute Mortality,GPPsat,High,3,0.60855,0,,,""
M3vsM4_12m,equal_width,Absolute Mortality,NEPmax,High,3,0.8727,33.3,,,""
M3vsM4_12m,equal_width,Absolute Mortality,WUE,High,3,0.17,33.3,,,""
M3vsM4_12m,equal_width,Absolute Mortality,uWUE,High,3,0.01483,33.3,,,""
M3vsM4_12m,equal_width,Relative Mortality,ETmax,Mid,26,0.00096,46.2,0.8735,0.9443,ns
M3vsM4_12m,equal_width,Relative Mortality,GPPsat,Mid,26,-0.19853,57.7,0.2464,0.8419,ns
M3vsM4_12m,equal_width,Relative Mortality,NEPmax,Mid,26,-0.42422,57.7,0.2155,0.8419,ns
M3vsM4_12m,equal_width,Relative Mortality,WUE,Mid,26,0.00309,46.2,0.39,0.8419,ns
M3vsM4_12m,equal_width,Relative Mortality,uWUE,Mid,26,-0.0104,53.8,0.3611,0.8419,ns
M3vsM4_12m,equal_width,Relative Mortality,ETmax,Low,32,0.00066,46.9,0.6698,0.8642,ns
M3vsM4_12m,equal_width,Relative Mortality,GPPsat,Low,32,-0.09969,53.1,0.2358,0.8419,ns
M3vsM4_12m,equal_width,Relative Mortality,NEPmax,Low,32,-0.48131,62.5,0.03414,0.8419,ns
M3vsM4_12m,equal_width,Relative Mortality,WUE,Low,32,4e-04,50,0.7221,0.8642,ns
M3vsM4_12m,equal_width,Relative Mortality,uWUE,Low,32,-0.01775,59.4,0.2655,0.8419,ns
M3vsM4_12m,equal_width,Relative Mortality,ETmax,High,7,-0.00094,57.1,0.7766,0.8642,ns
M3vsM4_12m,equal_width,Relative Mortality,GPPsat,High,7,0.60855,28.6,0.962,0.962,ns
M3vsM4_12m,equal_width,Relative Mortality,NEPmax,High,7,0.8727,42.9,0.7766,0.8642,ns
M3vsM4_12m,equal_width,Relative Mortality,WUE,High,7,0.02245,42.9,0.3999,0.8419,ns
M3vsM4_12m,equal_width,Relative Mortality,uWUE,High,7,0.01483,28.6,0.8976,0.9448,ns
M3vsM4_12m,equal_width,Relative Disturbance,ETmax,Mid,27,0.00162,44.4,0.9236,0.9472,ns
M3vsM4_12m,equal_width,Relative Disturbance,GPPsat,Mid,27,-0.09963,55.6,0.457,0.8564,ns
M3vsM4_12m,equal_width,Relative Disturbance,NEPmax,Mid,27,-0.44293,59.3,0.2544,0.8419,ns
M3vsM4_12m,equal_width,Relative Disturbance,WUE,Mid,27,0.00429,48.1,0.382,0.8419,ns
M3vsM4_12m,equal_width,Relative Disturbance,uWUE,Mid,27,0.00508,48.1,0.6541,0.8642,ns
M3vsM4_12m,equal_width,Relative Disturbance,ETmax,High,9,-0.00218,66.7,0.5,0.8564,ns
M3vsM4_12m,equal_width,Relative Disturbance,GPPsat,High,9,0.09729,44.4,0.6389,0.8642,ns
M3vsM4_12m,equal_width,Relative Disturbance,NEPmax,High,9,-0.20516,55.6,0.3611,0.8419,ns
M3vsM4_12m,equal_width,Relative Disturbance,WUE,High,9,0.00189,44.4,0.3611,0.8419,ns
M3vsM4_12m,equal_width,Relative Disturbance,uWUE,High,9,0.00673,44.4,0.5936,0.8642,ns
M3vsM4_12m,equal_width,Relative Disturbance,ETmax,Low,29,0.00107,44.8,0.7276,0.8642,ns
M3vsM4_12m,equal_width,Relative Disturbance,GPPsat,Low,29,-0.0655,51.7,0.2944,0.8419,ns
M3vsM4_12m,equal_width,Relative Disturbance,NEPmax,Low,29,-0.29552,58.6,0.09002,0.8419,ns
M3vsM4_12m,equal_width,Relative Disturbance,WUE,Low,29,0.00767,48.3,0.7754,0.8642,ns
M3vsM4_12m,equal_width,Relative Disturbance,uWUE,Low,29,-0.02397,62.1,0.1707,0.8419,ns
M3vsM4_12m,natural_breaks,Absolute Mortality,ETmax,High,14,0.00229,50,0.8954,0.9593,ns
M3vsM4_12m,natural_breaks,Absolute Mortality,GPPsat,High,14,-0.06793,57.1,0.3532,0.7273,ns
M3vsM4_12m,natural_breaks,Absolute Mortality,NEPmax,High,14,-0.2084,57.1,0.4253,0.7538,ns
M3vsM4_12m,natural_breaks,Absolute Mortality,WUE,High,14,0.01953,35.7,0.6232,0.9046,ns
M3vsM4_12m,natural_breaks,Absolute Mortality,uWUE,High,14,0.01078,42.9,0.8268,0.954,ns
M3vsM4_12m,natural_breaks,Absolute Mortality,ETmax,Mid,32,0.00255,37.5,0.9629,0.9848,ns
M3vsM4_12m,natural_breaks,Absolute Mortality,GPPsat,Mid,32,-0.31668,56.2,0.3101,0.7273,ns
M3vsM4_12m,natural_breaks,Absolute Mortality,NEPmax,Mid,32,-0.35052,59.4,0.1678,0.7273,ns
M3vsM4_12m,natural_breaks,Absolute Mortality,WUE,Mid,32,-0.00883,53.1,0.3717,0.7273,ns
M3vsM4_12m,natural_breaks,Absolute Mortality,uWUE,Mid,32,-0.01165,53.1,0.3302,0.7273,ns
M3vsM4_12m,natural_breaks,Absolute Mortality,ETmax,Low,19,-0.00177,63.2,0.08881,0.7273,ns
M3vsM4_12m,natural_breaks,Absolute Mortality,GPPsat,Low,19,0.23618,42.1,0.7594,0.954,ns
M3vsM4_12m,natural_breaks,Absolute Mortality,NEPmax,Low,19,-0.36629,57.9,0.09546,0.7273,ns
M3vsM4_12m,natural_breaks,Absolute Mortality,WUE,Low,19,0.00767,47.4,0.6186,0.9046,ns
M3vsM4_12m,natural_breaks,Absolute Mortality,uWUE,Low,19,-0.01779,63.2,0.1722,0.7273,ns
M3vsM4_12m,natural_breaks,Relative Mortality,ETmax,High,23,-0.00058,56.5,0.7985,0.954,ns
M3vsM4_12m,natural_breaks,Relative Mortality,GPPsat,High,23,-0.29743,65.2,0.169,0.7273,ns
M3vsM4_12m,natural_breaks,Relative Mortality,NEPmax,High,23,-0.28678,60.9,0.2281,0.7273,ns
M3vsM4_12m,natural_breaks,Relative Mortality,WUE,High,23,0.0166,43.5,0.4216,0.7538,ns
M3vsM4_12m,natural_breaks,Relative Mortality,uWUE,High,23,0.01324,43.5,0.7335,0.954,ns
M3vsM4_12m,natural_breaks,Relative Mortality,ETmax,Mid,18,0.00461,27.8,0.9917,0.9917,ns
M3vsM4_12m,natural_breaks,Relative Mortality,GPPsat,Mid,18,0.35143,33.3,0.796,0.954,ns
M3vsM4_12m,natural_breaks,Relative Mortality,NEPmax,Mid,18,0.15805,44.4,0.7835,0.954,ns
M3vsM4_12m,natural_breaks,Relative Mortality,WUE,Mid,18,-0.0153,61.1,0.243,0.7273,ns
M3vsM4_12m,natural_breaks,Relative Mortality,uWUE,Mid,18,-0.01616,61.1,0.3638,0.7273,ns
M3vsM4_12m,natural_breaks,Relative Mortality,ETmax,Low,24,-8e-04,54.2,0.1918,0.7273,ns
M3vsM4_12m,natural_breaks,Relative Mortality,GPPsat,Low,24,-0.09969,54.2,0.2887,0.7273,ns
M3vsM4_12m,natural_breaks,Relative Mortality,NEPmax,Low,24,-0.63829,66.7,0.01245,0.5604,ns
M3vsM4_12m,natural_breaks,Relative Mortality,WUE,Low,24,0.02019,41.7,0.8821,0.9593,ns
M3vsM4_12m,natural_breaks,Relative Mortality,uWUE,Low,24,-0.01775,58.3,0.2245,0.7273,ns
M3vsM4_12m,natural_breaks,Relative Disturbance,ETmax,High,22,-0.00047,54.5,0.8852,0.9593,ns
M3vsM4_12m,natural_breaks,Relative Disturbance,GPPsat,High,22,-0.2042,63.6,0.2179,0.7273,ns
M3vsM4_12m,natural_breaks,Relative Disturbance,NEPmax,High,22,-0.24921,59.1,0.3484,0.7273,ns
M3vsM4_12m,natural_breaks,Relative Disturbance,WUE,High,22,0.01045,40.9,0.4355,0.7538,ns
M3vsM4_12m,natural_breaks,Relative Disturbance,uWUE,High,22,0.01403,40.9,0.8268,0.954,ns
M3vsM4_12m,natural_breaks,Relative Disturbance,ETmax,Mid,20,0.00414,35,0.9347,0.9782,ns
M3vsM4_12m,natural_breaks,Relative Disturbance,GPPsat,Mid,20,0.17567,45,0.5959,0.9046,ns
M3vsM4_12m,natural_breaks,Relative Disturbance,NEPmax,Mid,20,-0.23377,55,0.4777,0.7961,ns
M3vsM4_12m,natural_breaks,Relative Disturbance,WUE,Mid,20,-0.0153,60,0.3071,0.7273,ns
M3vsM4_12m,natural_breaks,Relative Disturbance,uWUE,Mid,20,-0.01616,60,0.2814,0.7273,ns
M3vsM4_12m,natural_breaks,Relative Disturbance,ETmax,Low,23,-0.00074,52.2,0.2766,0.7273,ns
M3vsM4_12m,natural_breaks,Relative Disturbance,GPPsat,Low,23,0.12714,47.8,0.5424,0.8717,ns
M3vsM4_12m,natural_breaks,Relative Disturbance,NEPmax,Low,23,-0.59632,60.9,0.03071,0.6909,ns
M3vsM4_12m,natural_breaks,Relative Disturbance,WUE,Low,23,0.01835,43.5,0.8232,0.954,ns
M3vsM4_12m,natural_breaks,Relative Disturbance,uWUE,Low,23,-0.01779,60.9,0.1768,0.7273,ns
M3vsM4_24m,tertiles,Absolute Mortality,ETmax,High,22,-0.00141,59.1,0.5517,0.6709,ns
M3vsM4_24m,tertiles,Absolute Mortality,GPPsat,High,22,-0.22004,59.1,0.1993,0.4983,ns
M3vsM4_24m,tertiles,Absolute Mortality,NEPmax,High,22,-0.203,54.5,0.3247,0.562,ns
M3vsM4_24m,tertiles,Absolute Mortality,WUE,High,22,-0.01401,63.6,0.1993,0.4983,ns
M3vsM4_24m,tertiles,Absolute Mortality,uWUE,High,22,-0.03648,59.1,0.08635,0.4983,ns
M3vsM4_24m,tertiles,Absolute Mortality,ETmax,Mid,21,-0.00015,57.1,0.6095,0.7033,ns
M3vsM4_24m,tertiles,Absolute Mortality,GPPsat,Mid,21,0.08356,42.9,0.6867,0.7358,ns
M3vsM4_24m,tertiles,Absolute Mortality,NEPmax,Mid,21,-0.15378,57.1,0.2545,0.4983,ns
M3vsM4_24m,tertiles,Absolute Mortality,WUE,Mid,21,-0.02784,66.7,0.1257,0.4983,ns
M3vsM4_24m,tertiles,Absolute Mortality,uWUE,Mid,21,0.00601,47.6,0.5415,0.6709,ns
M3vsM4_24m,tertiles,Absolute Mortality,ETmax,Low,22,0.00237,36.4,0.8268,0.8652,ns
M3vsM4_24m,tertiles,Absolute Mortality,GPPsat,Low,22,-0.10034,50,0.1732,0.4983,ns
M3vsM4_24m,tertiles,Absolute Mortality,NEPmax,Low,22,-0.50506,63.6,0.06766,0.4983,ns
M3vsM4_24m,tertiles,Absolute Mortality,WUE,Low,22,-0.01983,50,0.1732,0.4983,ns
M3vsM4_24m,tertiles,Absolute Mortality,uWUE,Low,22,0.00362,45.5,0.1571,0.4983,ns
M3vsM4_24m,tertiles,Relative Mortality,ETmax,High,22,-0.00077,59.1,0.6025,0.7033,ns
M3vsM4_24m,tertiles,Relative Mortality,GPPsat,High,22,-0.22004,59.1,0.2276,0.4983,ns
M3vsM4_24m,tertiles,Relative Mortality,NEPmax,High,22,-0.25323,54.5,0.2581,0.4983,ns
M3vsM4_24m,tertiles,Relative Mortality,WUE,High,22,-0.02702,68.2,0.08135,0.4983,ns
M3vsM4_24m,tertiles,Relative Mortality,uWUE,High,22,-0.02365,59.1,0.142,0.4983,ns
M3vsM4_24m,tertiles,Relative Mortality,ETmax,Mid,21,-0.00074,61.9,0.431,0.6061,ns
M3vsM4_24m,tertiles,Relative Mortality,GPPsat,Mid,21,0.19053,42.9,0.6489,0.7122,ns
M3vsM4_24m,tertiles,Relative Mortality,NEPmax,Mid,21,-0.06889,52.4,0.4447,0.6064,ns
M3vsM4_24m,tertiles,Relative Mortality,WUE,Mid,21,-0.01821,66.7,0.133,0.4983,ns
M3vsM4_24m,tertiles,Relative Mortality,uWUE,Mid,21,-0.01222,52.4,0.2327,0.4983,ns
M3vsM4_24m,tertiles,Relative Mortality,ETmax,Low,22,0.00237,31.8,0.9234,0.9444,ns
M3vsM4_24m,tertiles,Relative Mortality,GPPsat,Low,22,-0.06323,50,0.2179,0.4983,ns
M3vsM4_24m,tertiles,Relative Mortality,NEPmax,Low,22,-0.50506,68.2,0.02571,0.4983,ns
M3vsM4_24m,tertiles,Relative Mortality,WUE,Low,22,0.00492,45.5,0.3851,0.5963,ns
M3vsM4_24m,tertiles,Relative Mortality,uWUE,Low,22,0.00467,40.9,0.3484,0.5807,ns
M3vsM4_24m,tertiles,Relative Disturbance,ETmax,High,22,-0.00077,59.1,0.6273,0.7057,ns
M3vsM4_24m,tertiles,Relative Disturbance,GPPsat,High,22,-0.22519,59.1,0.1993,0.4983,ns
M3vsM4_24m,tertiles,Relative Disturbance,NEPmax,High,22,0.04829,50,0.3247,0.562,ns
M3vsM4_24m,tertiles,Relative Disturbance,WUE,High,22,-0.02702,72.7,0.02772,0.4983,ns
M3vsM4_24m,tertiles,Relative Disturbance,uWUE,High,22,-0.02365,59.1,0.1348,0.4983,ns
M3vsM4_24m,tertiles,Relative Disturbance,ETmax,Mid,21,-0.00074,57.1,0.4174,0.6059,ns
M3vsM4_24m,tertiles,Relative Disturbance,GPPsat,Mid,21,0.16172,47.6,0.5415,0.6709,ns
M3vsM4_24m,tertiles,Relative Disturbance,NEPmax,Mid,21,-0.16899,57.1,0.2658,0.4983,ns
M3vsM4_24m,tertiles,Relative Disturbance,WUE,Mid,21,-0.00818,52.4,0.4585,0.6068,ns
M3vsM4_24m,tertiles,Relative Disturbance,uWUE,Mid,21,0.00601,47.6,0.3772,0.5963,ns
M3vsM4_24m,tertiles,Relative Disturbance,ETmax,Low,22,0.00237,36.4,0.9543,0.9543,ns
M3vsM4_24m,tertiles,Relative Disturbance,GPPsat,Low,22,0.02008,45.5,0.3975,0.5963,ns
M3vsM4_24m,tertiles,Relative Disturbance,NEPmax,Low,22,-0.39115,68.2,0.04569,0.4983,ns
M3vsM4_24m,tertiles,Relative Disturbance,WUE,Low,22,-0.02136,54.5,0.1732,0.4983,ns
M3vsM4_24m,tertiles,Relative Disturbance,uWUE,Low,22,0.00362,45.5,0.1904,0.4983,ns
M3vsM4_24m,equal_width,Absolute Mortality,ETmax,Mid,21,-0.00181,61.9,0.3641,0.5022,ns
M3vsM4_24m,equal_width,Absolute Mortality,GPPsat,Mid,21,-0.23537,61.9,0.09922,0.3453,ns
M3vsM4_24m,equal_width,Absolute Mortality,NEPmax,Mid,21,-0.26944,61.9,0.09922,0.3453,ns
M3vsM4_24m,equal_width,Absolute Mortality,WUE,Mid,21,-0.01984,71.4,0.06751,0.3453,ns
M3vsM4_24m,equal_width,Absolute Mortality,uWUE,Mid,21,-0.0492,61.9,0.03027,0.3453,ns
M3vsM4_24m,equal_width,Absolute Mortality,ETmax,Low,41,0.00075,46.3,0.8884,0.9448,ns
M3vsM4_24m,equal_width,Absolute Mortality,GPPsat,Low,41,0.02285,46.3,0.4382,0.5843,ns
M3vsM4_24m,equal_width,Absolute Mortality,NEPmax,Low,41,-0.28559,61,0.07334,0.3453,ns
M3vsM4_24m,equal_width,Absolute Mortality,WUE,Low,41,-0.02963,56.1,0.08479,0.3453,ns
M3vsM4_24m,equal_width,Absolute Mortality,uWUE,Low,41,0.00546,43.9,0.3439,0.5022,ns
M3vsM4_24m,equal_width,Absolute Mortality,ETmax,High,3,0.00345,33.3,,,""
M3vsM4_24m,equal_width,Absolute Mortality,GPPsat,High,3,0.37917,33.3,,,""
M3vsM4_24m,equal_width,Absolute Mortality,NEPmax,High,3,0.68947,0,,,""
M3vsM4_24m,equal_width,Absolute Mortality,WUE,High,3,0.14276,33.3,,,""
M3vsM4_24m,equal_width,Absolute Mortality,uWUE,High,3,-0.01098,66.7,,,""
M3vsM4_24m,equal_width,Relative Mortality,ETmax,Mid,26,-0.00168,61.5,0.3057,0.4892,ns
M3vsM4_24m,equal_width,Relative Mortality,GPPsat,Mid,26,-0.17236,53.8,0.333,0.5022,ns
M3vsM4_24m,equal_width,Relative Mortality,NEPmax,Mid,26,-0.25323,57.7,0.1021,0.3453,ns
M3vsM4_24m,equal_width,Relative Mortality,WUE,Mid,26,-0.01947,65.4,0.07747,0.3453,ns
M3vsM4_24m,equal_width,Relative Mortality,uWUE,Mid,26,-0.02,57.7,0.1319,0.3525,ns
M3vsM4_24m,equal_width,Relative Mortality,ETmax,Low,32,0.00214,40.6,0.9471,0.9714,ns
M3vsM4_24m,equal_width,Relative Mortality,GPPsat,Low,32,-0.05991,50,0.2301,0.4183,ns
M3vsM4_24m,equal_width,Relative Mortality,NEPmax,Low,32,-0.39115,68.8,0.04711,0.3453,ns
M3vsM4_24m,equal_width,Relative Mortality,WUE,Low,32,-0.02136,53.1,0.1725,0.3525,ns
M3vsM4_24m,equal_width,Relative Mortality,uWUE,Low,32,0.00573,40.6,0.3577,0.5022,ns
M3vsM4_24m,equal_width,Relative Mortality,ETmax,High,7,-0.00027,57.1,0.6001,0.6858,ns
M3vsM4_24m,equal_width,Relative Mortality,GPPsat,High,7,0.37917,42.9,0.6637,0.7374,ns
M3vsM4_24m,equal_width,Relative Mortality,NEPmax,High,7,0.59483,14.3,0.8976,0.9448,ns
M3vsM4_24m,equal_width,Relative Mortality,WUE,High,7,-0.05062,71.4,0.1763,0.3525,ns
M3vsM4_24m,equal_width,Relative Mortality,uWUE,High,7,-0.02376,71.4,0.1763,0.3525,ns
M3vsM4_24m,equal_width,Relative Disturbance,ETmax,Mid,27,-0.00074,59.3,0.5239,0.6351,ns
M3vsM4_24m,equal_width,Relative Disturbance,GPPsat,Mid,27,0.08356,48.1,0.5526,0.6501,ns
M3vsM4_24m,equal_width,Relative Disturbance,NEPmax,Mid,27,-0.26944,55.6,0.1036,0.3453,ns
M3vsM4_24m,equal_width,Relative Disturbance,WUE,Mid,27,-0.01821,63,0.2036,0.3878,ns
M3vsM4_24m,equal_width,Relative Disturbance,uWUE,Mid,27,0.00076,48.1,0.4761,0.5951,ns
M3vsM4_24m,equal_width,Relative Disturbance,ETmax,High,9,-0.00355,77.8,0.09626,0.3453,ns
M3vsM4_24m,equal_width,Relative Disturbance,GPPsat,High,9,-0.46261,66.7,0.2768,0.4783,ns
M3vsM4_24m,equal_width,Relative Disturbance,NEPmax,High,9,0.38011,44.4,0.4528,0.5843,ns
M3vsM4_24m,equal_width,Relative Disturbance,WUE,High,9,-0.05062,66.7,0.1432,0.3525,ns
M3vsM4_24m,equal_width,Relative Disturbance,uWUE,High,9,-0.06345,77.8,0.06177,0.3453,ns
M3vsM4_24m,equal_width,Relative Disturbance,ETmax,Low,29,0.00245,34.5,0.982,0.982,ns
M3vsM4_24m,equal_width,Relative Disturbance,GPPsat,Low,29,0.01731,48.3,0.287,0.4783,ns
M3vsM4_24m,equal_width,Relative Disturbance,NEPmax,Low,29,-0.28559,65.5,0.1172,0.3525,ns
M3vsM4_24m,equal_width,Relative Disturbance,WUE,Low,29,-0.03608,55.2,0.1497,0.3525,ns
M3vsM4_24m,equal_width,Relative Disturbance,uWUE,Low,29,0.00387,44.8,0.1707,0.3525,ns
M3vsM4_24m,natural_breaks,Absolute Mortality,ETmax,High,14,-0.00141,64.3,0.45,0.5991,ns
M3vsM4_24m,natural_breaks,Absolute Mortality,GPPsat,High,14,-0.36727,64.3,0.1576,0.5011,ns
M3vsM4_24m,natural_breaks,Absolute Mortality,NEPmax,High,14,0.07155,50,0.475,0.5991,ns
M3vsM4_24m,natural_breaks,Absolute Mortality,WUE,High,14,-0.01592,57.1,0.3078,0.5365,ns
M3vsM4_24m,natural_breaks,Absolute Mortality,uWUE,High,14,-0.01737,57.1,0.2449,0.5365,ns
M3vsM4_24m,natural_breaks,Absolute Mortality,ETmax,Mid,32,-1e-04,53.1,0.7283,0.7994,ns
M3vsM4_24m,natural_breaks,Absolute Mortality,GPPsat,Mid,32,-0.05714,50,0.4222,0.5991,ns
M3vsM4_24m,natural_breaks,Absolute Mortality,NEPmax,Mid,32,-0.2774,62.5,0.07629,0.5011,ns
M3vsM4_24m,natural_breaks,Absolute Mortality,WUE,Mid,32,-0.01947,65.6,0.1454,0.5011,ns
M3vsM4_24m,natural_breaks,Absolute Mortality,uWUE,Mid,32,-0.01434,53.1,0.1773,0.5011,ns
M3vsM4_24m,natural_breaks,Absolute Mortality,ETmax,Low,19,0.00229,36.8,0.8174,0.8554,ns
M3vsM4_24m,natural_breaks,Absolute Mortality,GPPsat,Low,19,0.14097,42.1,0.4759,0.5991,ns
M3vsM4_24m,natural_breaks,Absolute Mortality,NEPmax,Low,19,-0.34565,57.9,0.1826,0.5011,ns
M3vsM4_24m,natural_breaks,Absolute Mortality,WUE,Low,19,-0.04379,52.6,0.09546,0.5011,ns
M3vsM4_24m,natural_breaks,Absolute Mortality,uWUE,Low,19,0.00387,42.1,0.2935,0.5365,ns
M3vsM4_24m,natural_breaks,Relative Mortality,ETmax,High,23,-0.00127,60.9,0.5182,0.6137,ns
M3vsM4_24m,natural_breaks,Relative Mortality,GPPsat,High,23,-0.23537,60.9,0.169,0.5011,ns
M3vsM4_24m,natural_breaks,Relative Mortality,NEPmax,High,23,-0.26944,56.5,0.1848,0.5011,ns
M3vsM4_24m,natural_breaks,Relative Mortality,WUE,High,23,-0.02784,69.6,0.05863,0.5011,ns
M3vsM4_24m,natural_breaks,Relative Mortality,uWUE,High,23,-0.02376,60.9,0.09807,0.5011,ns
M3vsM4_24m,natural_breaks,Relative Mortality,ETmax,Mid,18,-0.00039,55.6,0.6198,0.7057,ns
M3vsM4_24m,natural_breaks,Relative Mortality,GPPsat,Mid,18,0.2131,38.9,0.757,0.8111,ns
M3vsM4_24m,natural_breaks,Relative Mortality,NEPmax,Mid,18,0.00387,50,0.4826,0.5991,ns
M3vsM4_24m,natural_breaks,Relative Mortality,WUE,Mid,18,-0.0132,61.1,0.271,0.5365,ns
M3vsM4_24m,natural_breaks,Relative Mortality,uWUE,Mid,18,-0.00573,50,0.3638,0.5645,ns
M3vsM4_24m,natural_breaks,Relative Mortality,ETmax,Low,24,0.00214,37.5,0.9171,0.9379,ns
M3vsM4_24m,natural_breaks,Relative Mortality,GPPsat,Low,24,-0.06323,50,0.1841,0.5011,ns
M3vsM4_24m,natural_breaks,Relative Mortality,NEPmax,Low,24,-0.39115,66.7,0.05323,0.5011,ns
M3vsM4_24m,natural_breaks,Relative Mortality,WUE,Low,24,-0.00126,50,0.2695,0.5365,ns
M3vsM4_24m,natural_breaks,Relative Mortality,uWUE,Low,24,0.00467,41.7,0.279,0.5365,ns
M3vsM4_24m,natural_breaks,Relative Disturbance,ETmax,High,22,-0.00077,59.1,0.6273,0.7057,ns
M3vsM4_24m,natural_breaks,Relative Disturbance,GPPsat,High,22,-0.22519,59.1,0.1993,0.5011,ns
M3vsM4_24m,natural_breaks,Relative Disturbance,NEPmax,High,22,0.04829,50,0.3247,0.5365,ns
M3vsM4_24m,natural_breaks,Relative Disturbance,WUE,High,22,-0.02702,72.7,0.02772,0.5011,ns
M3vsM4_24m,natural_breaks,Relative Disturbance,uWUE,High,22,-0.02365,59.1,0.1348,0.5011,ns
M3vsM4_24m,natural_breaks,Relative Disturbance,ETmax,Mid,20,-8e-04,60,0.3338,0.5365,ns
M3vsM4_24m,natural_breaks,Relative Disturbance,GPPsat,Mid,20,0.0123,50,0.4926,0.5991,ns
M3vsM4_24m,natural_breaks,Relative Disturbance,NEPmax,Mid,20,-0.2191,60,0.2005,0.5011,ns
M3vsM4_24m,natural_breaks,Relative Disturbance,WUE,Mid,20,-0.0132,55,0.448,0.5991,ns
M3vsM4_24m,natural_breaks,Relative Disturbance,uWUE,Mid,20,-0.00311,50,0.3338,0.5365,ns
M3vsM4_24m,natural_breaks,Relative Disturbance,ETmax,Low,23,0.00245,34.8,0.9693,0.9693,ns
M3vsM4_24m,natural_breaks,Relative Disturbance,GPPsat,Low,23,0.02285,43.5,0.4576,0.5991,ns
M3vsM4_24m,natural_breaks,Relative Disturbance,NEPmax,Low,23,-0.34565,65.2,0.07864,0.5011,ns
M3vsM4_24m,natural_breaks,Relative Disturbance,WUE,Low,23,-0.00665,52.2,0.193,0.5011,ns
M3vsM4_24m,natural_breaks,Relative Disturbance,uWUE,Low,23,0.00387,43.5,0.2374,0.5365,ns
M5vsM6_raw_12m,tertiles,Absolute Mortality,ETmax,High,22,0.00021,45.5,0.4355,0.9008,ns
M5vsM6_raw_12m,tertiles,Absolute Mortality,GPPsat,High,22,0.0462,45.5,0.6869,0.9008,ns
M5vsM6_raw_12m,tertiles,Absolute Mortality,NEPmax,High,22,0.03316,50,0.4612,0.9008,ns
M5vsM6_raw_12m,tertiles,Absolute Mortality,WUE,High,22,-0.00381,59.1,0.3851,0.9008,ns
M5vsM6_raw_12m,tertiles,Absolute Mortality,uWUE,High,22,0.02872,40.9,0.8007,0.9008,ns
M5vsM6_raw_12m,tertiles,Absolute Mortality,ETmax,Mid,21,0.00111,33.3,0.867,0.915,ns
M5vsM6_raw_12m,tertiles,Absolute Mortality,GPPsat,Mid,21,0.08359,38.1,0.9278,0.9278,ns
M5vsM6_raw_12m,tertiles,Absolute Mortality,NEPmax,Mid,21,-0.05804,52.4,0.2658,0.9008,ns
M5vsM6_raw_12m,tertiles,Absolute Mortality,WUE,Mid,21,-0.0048,57.1,0.3011,0.9008,ns
M5vsM6_raw_12m,tertiles,Absolute Mortality,uWUE,Mid,21,0.0192,47.6,0.788,0.9008,ns
M5vsM6_raw_12m,tertiles,Absolute Mortality,ETmax,Low,22,0.00091,40.9,0.7523,0.9008,ns
M5vsM6_raw_12m,tertiles,Absolute Mortality,GPPsat,Low,22,-0.11298,54.5,0.4483,0.9008,ns
M5vsM6_raw_12m,tertiles,Absolute Mortality,NEPmax,Low,22,-0.05741,50,0.3131,0.9008,ns
M5vsM6_raw_12m,tertiles,Absolute Mortality,WUE,Low,22,-0.0246,63.6,0.2905,0.9008,ns
M5vsM6_raw_12m,tertiles,Absolute Mortality,uWUE,Low,22,0.0065,40.9,0.5517,0.9008,ns
M5vsM6_raw_12m,tertiles,Relative Mortality,ETmax,High,22,0.00165,31.8,0.7625,0.9008,ns
M5vsM6_raw_12m,tertiles,Relative Mortality,GPPsat,High,22,0.08602,40.9,0.7724,0.9008,ns
M5vsM6_raw_12m,tertiles,Relative Mortality,NEPmax,High,22,0.07036,45.5,0.5772,0.9008,ns
M5vsM6_raw_12m,tertiles,Relative Mortality,WUE,High,22,-0.00458,63.6,0.2179,0.9008,ns
M5vsM6_raw_12m,tertiles,Relative Mortality,uWUE,High,22,0.02989,40.9,0.6869,0.9008,ns
M5vsM6_raw_12m,tertiles,Relative Mortality,ETmax,Mid,21,0.00011,47.6,0.4861,0.9008,ns
M5vsM6_raw_12m,tertiles,Relative Mortality,GPPsat,Mid,21,0.03723,42.9,0.9278,0.9278,ns
M5vsM6_raw_12m,tertiles,Relative Mortality,NEPmax,Mid,21,-0.14717,57.1,0.2021,0.9008,ns
M5vsM6_raw_12m,tertiles,Relative Mortality,WUE,Mid,21,-0.00302,52.4,0.3905,0.9008,ns
M5vsM6_raw_12m,tertiles,Relative Mortality,uWUE,Mid,21,-0.01571,57.1,0.5826,0.9008,ns
M5vsM6_raw_12m,tertiles,Relative Mortality,ETmax,Low,22,0.00091,40.9,0.7095,0.9008,ns
M5vsM6_raw_12m,tertiles,Relative Mortality,GPPsat,Low,22,-0.12498,54.5,0.3247,0.9008,ns
M5vsM6_raw_12m,tertiles,Relative Mortality,NEPmax,Low,22,-0.05741,50,0.2375,0.9008,ns
M5vsM6_raw_12m,tertiles,Relative Mortality,WUE,Low,22,-0.01734,63.6,0.3484,0.9008,ns
M5vsM6_raw_12m,tertiles,Relative Mortality,uWUE,Low,22,0.01255,31.8,0.8429,0.915,ns
M5vsM6_raw_12m,tertiles,Relative Disturbance,ETmax,High,22,0.00141,36.4,0.5517,0.9008,ns
M5vsM6_raw_12m,tertiles,Relative Disturbance,GPPsat,High,22,0.08602,40.9,0.7724,0.9008,ns
M5vsM6_raw_12m,tertiles,Relative Disturbance,NEPmax,High,22,0.01688,50,0.4871,0.9008,ns
M5vsM6_raw_12m,tertiles,Relative Disturbance,WUE,High,22,-0.00458,63.6,0.1993,0.9008,ns
M5vsM6_raw_12m,tertiles,Relative Disturbance,uWUE,High,22,0.03044,40.9,0.6869,0.9008,ns
M5vsM6_raw_12m,tertiles,Relative Disturbance,ETmax,Mid,21,0.00026,42.9,0.6989,0.9008,ns
M5vsM6_raw_12m,tertiles,Relative Disturbance,GPPsat,Mid,21,0.03723,42.9,0.8743,0.915,ns
M5vsM6_raw_12m,tertiles,Relative Disturbance,NEPmax,Mid,21,-0.05804,52.4,0.1652,0.9008,ns
M5vsM6_raw_12m,tertiles,Relative Disturbance,WUE,Mid,21,-0.00711,61.9,0.1187,0.9008,ns
M5vsM6_raw_12m,tertiles,Relative Disturbance,uWUE,Mid,21,-0.00116,52.4,0.5826,0.9008,ns
M5vsM6_raw_12m,tertiles,Relative Disturbance,ETmax,Low,22,0.00091,40.9,0.6753,0.9008,ns
M5vsM6_raw_12m,tertiles,Relative Disturbance,GPPsat,Low,22,-0.11298,54.5,0.5517,0.9008,ns
M5vsM6_raw_12m,tertiles,Relative Disturbance,NEPmax,Low,22,-0.05741,50,0.3727,0.9008,ns
M5vsM6_raw_12m,tertiles,Relative Disturbance,WUE,Low,22,-0.00879,54.5,0.7095,0.9008,ns
M5vsM6_raw_12m,tertiles,Relative Disturbance,uWUE,Low,22,0.01092,36.4,0.7625,0.9008,ns
M5vsM6_raw_12m,equal_width,Absolute Mortality,ETmax,Mid,21,0.00028,38.1,0.7455,0.9261,ns
M5vsM6_raw_12m,equal_width,Absolute Mortality,GPPsat,Mid,21,0.00974,47.6,0.5,0.9261,ns
M5vsM6_raw_12m,equal_width,Absolute Mortality,NEPmax,Mid,21,-0.00612,52.4,0.3772,0.9261,ns
M5vsM6_raw_12m,equal_width,Absolute Mortality,WUE,Mid,21,0.00371,47.6,0.7565,0.9261,ns
M5vsM6_raw_12m,equal_width,Absolute Mortality,uWUE,Mid,21,0.02927,38.1,0.867,0.9261,ns
M5vsM6_raw_12m,equal_width,Absolute Mortality,ETmax,Low,41,0.00093,39,0.8246,0.9261,ns
M5vsM6_raw_12m,equal_width,Absolute Mortality,GPPsat,Low,41,0.03723,48.8,0.8647,0.9261,ns
M5vsM6_raw_12m,equal_width,Absolute Mortality,NEPmax,Low,41,-0.05804,51.2,0.2502,0.9261,ns
M5vsM6_raw_12m,equal_width,Absolute Mortality,WUE,Low,41,-0.02155,63.4,0.1624,0.9261,ns
M5vsM6_raw_12m,equal_width,Absolute Mortality,uWUE,Low,41,0.00364,46.3,0.572,0.9261,ns
M5vsM6_raw_12m,equal_width,Absolute Mortality,ETmax,High,3,-0.00342,66.7,,,""
M5vsM6_raw_12m,equal_width,Absolute Mortality,GPPsat,High,3,0.35107,0,,,""
M5vsM6_raw_12m,equal_width,Absolute Mortality,NEPmax,High,3,0.10083,33.3,,,""
M5vsM6_raw_12m,equal_width,Absolute Mortality,WUE,High,3,-0.02775,100,,,""
M5vsM6_raw_12m,equal_width,Absolute Mortality,uWUE,High,3,0.06196,33.3,,,""
M5vsM6_raw_12m,equal_width,Relative Mortality,ETmax,Mid,26,0.00096,30.8,0.9261,0.9261,ns
M5vsM6_raw_12m,equal_width,Relative Mortality,GPPsat,Mid,26,-0.03173,50,0.6762,0.9261,ns
M5vsM6_raw_12m,equal_width,Relative Mortality,NEPmax,Mid,26,-0.05078,53.8,0.2155,0.9261,ns
M5vsM6_raw_12m,equal_width,Relative Mortality,WUE,Mid,26,0.00986,46.2,0.8263,0.9261,ns
M5vsM6_raw_12m,equal_width,Relative Mortality,uWUE,Mid,26,0.02872,42.3,0.8061,0.9261,ns
M5vsM6_raw_12m,equal_width,Relative Mortality,ETmax,Low,32,0.00051,43.8,0.7221,0.9261,ns
M5vsM6_raw_12m,equal_width,Relative Mortality,GPPsat,Low,32,0.04386,46.9,0.7525,0.9261,ns
M5vsM6_raw_12m,equal_width,Relative Mortality,NEPmax,Low,32,-0.02508,50,0.2779,0.9261,ns
M5vsM6_raw_12m,equal_width,Relative Mortality,WUE,Low,32,-0.01734,62.5,0.2416,0.9261,ns
M5vsM6_raw_12m,equal_width,Relative Mortality,uWUE,Low,32,0.0065,43.8,0.6069,0.9261,ns
M5vsM6_raw_12m,equal_width,Relative Mortality,ETmax,High,7,-0.00342,57.1,0.1359,0.9261,ns
M5vsM6_raw_12m,equal_width,Relative Mortality,GPPsat,High,7,0.35107,28.6,0.8237,0.9261,ns
M5vsM6_raw_12m,equal_width,Relative Mortality,NEPmax,High,7,0.10083,42.9,0.7229,0.9261,ns
M5vsM6_raw_12m,equal_width,Relative Mortality,WUE,High,7,-0.04214,100,0.01125,0.4499,ns
M5vsM6_raw_12m,equal_width,Relative Mortality,uWUE,High,7,0.03161,42.9,0.6637,0.9261,ns
M5vsM6_raw_12m,equal_width,Relative Disturbance,ETmax,Mid,27,0.00067,33.3,0.878,0.9261,ns
M5vsM6_raw_12m,equal_width,Relative Disturbance,GPPsat,Mid,27,0.08359,44.4,0.9164,0.9261,ns
M5vsM6_raw_12m,equal_width,Relative Disturbance,NEPmax,Mid,27,-0.09544,51.9,0.2944,0.9261,ns
M5vsM6_raw_12m,equal_width,Relative Disturbance,WUE,Mid,27,-0.00302,51.9,0.4761,0.9261,ns
M5vsM6_raw_12m,equal_width,Relative Disturbance,uWUE,Mid,27,0.02927,44.4,0.8828,0.9261,ns
M5vsM6_raw_12m,equal_width,Relative Disturbance,ETmax,High,9,0.00146,44.4,0.2386,0.9261,ns
M5vsM6_raw_12m,equal_width,Relative Disturbance,GPPsat,High,9,0.00395,44.4,0.5472,0.9261,ns
M5vsM6_raw_12m,equal_width,Relative Disturbance,NEPmax,High,9,-0.48179,66.7,0.2035,0.9261,ns
M5vsM6_raw_12m,equal_width,Relative Disturbance,WUE,High,9,-0.02775,88.9,0.03778,0.7556,ns
M5vsM6_raw_12m,equal_width,Relative Disturbance,uWUE,High,9,0.02817,44.4,0.5472,0.9261,ns
M5vsM6_raw_12m,equal_width,Relative Disturbance,ETmax,Low,29,9e-04,44.8,0.7203,0.9261,ns
M5vsM6_raw_12m,equal_width,Relative Disturbance,GPPsat,Low,29,0.03723,48.3,0.6594,0.9261,ns
M5vsM6_raw_12m,equal_width,Relative Disturbance,NEPmax,Low,29,0.01806,44.8,0.5172,0.9261,ns
M5vsM6_raw_12m,equal_width,Relative Disturbance,WUE,Low,29,-0.01313,58.6,0.4144,0.9261,ns
M5vsM6_raw_12m,equal_width,Relative Disturbance,uWUE,Low,29,0.00936,41.4,0.5687,0.9261,ns
M5vsM6_raw_12m,natural_breaks,Absolute Mortality,ETmax,High,14,0.00113,35.7,0.5,0.9051,ns
M5vsM6_raw_12m,natural_breaks,Absolute Mortality,GPPsat,High,14,0.0462,42.9,0.5,0.9051,ns
M5vsM6_raw_12m,natural_breaks,Absolute Mortality,NEPmax,High,14,0.11739,42.9,0.7744,0.9051,ns
M5vsM6_raw_12m,natural_breaks,Absolute Mortality,WUE,High,14,-0.02304,71.4,0.1732,0.9051,ns
M5vsM6_raw_12m,natural_breaks,Absolute Mortality,uWUE,High,14,0.02303,42.9,0.5991,0.9051,ns
M5vsM6_raw_12m,natural_breaks,Absolute Mortality,ETmax,Mid,32,0.00048,37.5,0.8275,0.9051,ns
M5vsM6_raw_12m,natural_breaks,Absolute Mortality,GPPsat,Mid,32,0.06041,43.8,0.9565,0.9565,ns
M5vsM6_raw_12m,natural_breaks,Absolute Mortality,NEPmax,Mid,32,-0.17699,59.4,0.07107,0.9051,ns
M5vsM6_raw_12m,natural_breaks,Absolute Mortality,WUE,Mid,32,-0.00333,53.1,0.5484,0.9051,ns
M5vsM6_raw_12m,natural_breaks,Absolute Mortality,uWUE,Mid,32,0.02423,46.9,0.8825,0.9235,ns
M5vsM6_raw_12m,natural_breaks,Absolute Mortality,ETmax,Low,19,9e-04,47.4,0.6637,0.9051,ns
M5vsM6_raw_12m,natural_breaks,Absolute Mortality,GPPsat,Low,19,-0.10912,52.6,0.4599,0.9051,ns
M5vsM6_raw_12m,natural_breaks,Absolute Mortality,NEPmax,Low,19,0.07896,42.1,0.556,0.9051,ns
M5vsM6_raw_12m,natural_breaks,Absolute Mortality,WUE,Low,19,-0.02766,63.2,0.2533,0.9051,ns
M5vsM6_raw_12m,natural_breaks,Absolute Mortality,uWUE,Low,19,0.00936,36.8,0.6032,0.9051,ns
M5vsM6_raw_12m,natural_breaks,Relative Mortality,ETmax,High,23,0.00146,30.4,0.7899,0.9051,ns
M5vsM6_raw_12m,natural_breaks,Relative Mortality,GPPsat,High,23,0.08359,43.5,0.7335,0.9051,ns
M5vsM6_raw_12m,natural_breaks,Relative Mortality,NEPmax,High,23,0.03989,47.8,0.4818,0.9051,ns
M5vsM6_raw_12m,natural_breaks,Relative Mortality,WUE,High,23,-0.0048,65.2,0.169,0.9051,ns
M5vsM6_raw_12m,natural_breaks,Relative Mortality,uWUE,High,23,0.02817,43.5,0.6813,0.9051,ns
M5vsM6_raw_12m,natural_breaks,Relative Mortality,ETmax,Mid,18,0.00019,44.4,0.684,0.9051,ns
M5vsM6_raw_12m,natural_breaks,Relative Mortality,GPPsat,Mid,18,0.16445,38.9,0.9307,0.9518,ns
M5vsM6_raw_12m,natural_breaks,Relative Mortality,NEPmax,Mid,18,-0.1026,55.6,0.2165,0.9051,ns
M5vsM6_raw_12m,natural_breaks,Relative Mortality,WUE,Mid,18,0.00034,50,0.448,0.9051,ns
M5vsM6_raw_12m,natural_breaks,Relative Mortality,uWUE,Mid,18,-0.00844,55.6,0.5347,0.9051,ns
M5vsM6_raw_12m,natural_breaks,Relative Mortality,ETmax,Low,24,0.00049,45.8,0.4829,0.9051,ns
M5vsM6_raw_12m,natural_breaks,Relative Mortality,GPPsat,Low,24,-0.11298,54.2,0.4152,0.9051,ns
M5vsM6_raw_12m,natural_breaks,Relative Mortality,NEPmax,Low,24,-0.05741,50,0.3085,0.9051,ns
M5vsM6_raw_12m,natural_breaks,Relative Mortality,WUE,Low,24,-0.01734,62.5,0.3712,0.9051,ns
M5vsM6_raw_12m,natural_breaks,Relative Mortality,uWUE,Low,24,0.01255,33.3,0.8448,0.9051,ns
M5vsM6_raw_12m,natural_breaks,Relative Disturbance,ETmax,High,22,0.00141,36.4,0.5517,0.9051,ns
M5vsM6_raw_12m,natural_breaks,Relative Disturbance,GPPsat,High,22,0.08602,40.9,0.7724,0.9051,ns
M5vsM6_raw_12m,natural_breaks,Relative Disturbance,NEPmax,High,22,0.01688,50,0.4871,0.9051,ns
M5vsM6_raw_12m,natural_breaks,Relative Disturbance,WUE,High,22,-0.00458,63.6,0.1993,0.9051,ns
M5vsM6_raw_12m,natural_breaks,Relative Disturbance,uWUE,High,22,0.03044,40.9,0.6869,0.9051,ns
M5vsM6_raw_12m,natural_breaks,Relative Disturbance,ETmax,Mid,20,0.00019,45,0.5959,0.9051,ns
M5vsM6_raw_12m,natural_breaks,Relative Disturbance,GPPsat,Mid,20,0.02349,45,0.8294,0.9051,ns
M5vsM6_raw_12m,natural_breaks,Relative Disturbance,NEPmax,Mid,20,-0.13888,55,0.09888,0.9051,ns
M5vsM6_raw_12m,natural_breaks,Relative Disturbance,WUE,Mid,20,-0.00575,60,0.1437,0.9051,ns
M5vsM6_raw_12m,natural_breaks,Relative Disturbance,uWUE,Mid,20,-0.00844,55,0.5813,0.9051,ns
M5vsM6_raw_12m,natural_breaks,Relative Disturbance,ETmax,Low,23,0.00093,39.1,0.781,0.9051,ns
M5vsM6_raw_12m,natural_breaks,Relative Disturbance,GPPsat,Low,23,-0.10912,52.2,0.602,0.9051,ns
M5vsM6_raw_12m,natural_breaks,Relative Disturbance,NEPmax,Low,23,0.01806,47.8,0.5061,0.9051,ns
M5vsM6_raw_12m,natural_breaks,Relative Disturbance,WUE,Low,23,-0.01313,56.5,0.6593,0.9051,ns
M5vsM6_raw_12m,natural_breaks,Relative Disturbance,uWUE,Low,23,0.01247,34.8,0.781,0.9051,ns
M5vsM6_raw_24m,tertiles,Absolute Mortality,ETmax,High,22,-9e-04,77.3,0.008894,0.4002,ns
M5vsM6_raw_24m,tertiles,Absolute Mortality,GPPsat,High,22,-0.00998,50,0.4741,0.7357,ns
M5vsM6_raw_24m,tertiles,Absolute Mortality,NEPmax,High,22,-0.00917,50,0.4228,0.7046,ns
M5vsM6_raw_24m,tertiles,Absolute Mortality,WUE,High,22,-0.02238,63.6,0.1212,0.6343,ns
M5vsM6_raw_24m,tertiles,Absolute Mortality,uWUE,High,22,0.00349,45.5,0.2581,0.6343,ns
M5vsM6_raw_24m,tertiles,Absolute Mortality,ETmax,Mid,21,7e-05,47.6,0.8433,0.9344,ns
M5vsM6_raw_24m,tertiles,Absolute Mortality,GPPsat,Mid,21,0.04616,42.9,0.7778,0.8974,ns
M5vsM6_raw_24m,tertiles,Absolute Mortality,NEPmax,Mid,21,-0.26049,52.4,0.1406,0.6343,ns
M5vsM6_raw_24m,tertiles,Absolute Mortality,WUE,Mid,21,-0.00926,61.9,0.3011,0.6343,ns
M5vsM6_raw_24m,tertiles,Absolute Mortality,uWUE,Mid,21,0.0041,47.6,0.5553,0.7974,ns
M5vsM6_raw_24m,tertiles,Absolute Mortality,ETmax,Low,22,0.00094,36.4,0.9679,0.9679,ns
M5vsM6_raw_24m,tertiles,Absolute Mortality,GPPsat,Low,22,0.05282,36.4,0.8721,0.9344,ns
M5vsM6_raw_24m,tertiles,Absolute Mortality,NEPmax,Low,22,0.11377,45.5,0.6025,0.7974,ns
M5vsM6_raw_24m,tertiles,Absolute Mortality,WUE,Low,22,-0.00298,59.1,0.165,0.6343,ns
M5vsM6_raw_24m,tertiles,Absolute Mortality,uWUE,Low,22,-0.01044,59.1,0.1904,0.6343,ns
M5vsM6_raw_24m,tertiles,Relative Mortality,ETmax,High,22,-0.00069,63.6,0.1904,0.6343,ns
M5vsM6_raw_24m,tertiles,Relative Mortality,GPPsat,High,22,0.0401,40.9,0.7205,0.893,ns
M5vsM6_raw_24m,tertiles,Relative Mortality,NEPmax,High,22,-0.00917,50,0.4228,0.7046,ns
M5vsM6_raw_24m,tertiles,Relative Mortality,WUE,High,22,-0.03071,72.7,0.1212,0.6343,ns
M5vsM6_raw_24m,tertiles,Relative Mortality,uWUE,High,22,0.00314,45.5,0.3131,0.6343,ns
M5vsM6_raw_24m,tertiles,Relative Mortality,ETmax,Mid,21,-0.00056,61.9,0.2773,0.6343,ns
M5vsM6_raw_24m,tertiles,Relative Mortality,GPPsat,Mid,21,0.10023,38.1,0.9178,0.9605,ns
M5vsM6_raw_24m,tertiles,Relative Mortality,NEPmax,Mid,21,0.0297,47.6,0.3383,0.6343,ns
M5vsM6_raw_24m,tertiles,Relative Mortality,WUE,Mid,21,-0.00761,52.4,0.2435,0.6343,ns
M5vsM6_raw_24m,tertiles,Relative Mortality,uWUE,Mid,21,-0.00407,57.1,0.09922,0.6343,ns
M5vsM6_raw_24m,tertiles,Relative Mortality,ETmax,Low,22,0.00094,36.4,0.9629,0.9679,ns
M5vsM6_raw_24m,tertiles,Relative Mortality,GPPsat,Low,22,-0.00272,50,0.3365,0.6343,ns
M5vsM6_raw_24m,tertiles,Relative Mortality,NEPmax,Low,22,0.02209,50,0.3131,0.6343,ns
M5vsM6_raw_24m,tertiles,Relative Mortality,WUE,Low,22,-0.00298,59.1,0.1993,0.6343,ns
M5vsM6_raw_24m,tertiles,Relative Mortality,uWUE,Low,22,3e-05,50,0.5899,0.7974,ns
M5vsM6_raw_24m,tertiles,Relative Disturbance,ETmax,High,22,-0.00088,63.6,0.1904,0.6343,ns
M5vsM6_raw_24m,tertiles,Relative Disturbance,GPPsat,High,22,0.0401,40.9,0.6869,0.8831,ns
M5vsM6_raw_24m,tertiles,Relative Disturbance,NEPmax,High,22,0.02013,45.5,0.4612,0.7357,ns
M5vsM6_raw_24m,tertiles,Relative Disturbance,WUE,High,22,-0.03071,72.7,0.07658,0.6343,ns
M5vsM6_raw_24m,tertiles,Relative Disturbance,uWUE,High,22,-0.00229,50,0.1571,0.6343,ns
M5vsM6_raw_24m,tertiles,Relative Disturbance,ETmax,Mid,21,-0.00021,52.4,0.5961,0.7974,ns
M5vsM6_raw_24m,tertiles,Relative Disturbance,GPPsat,Mid,21,0.03887,47.6,0.7342,0.893,ns
M5vsM6_raw_24m,tertiles,Relative Disturbance,NEPmax,Mid,21,-0.26049,57.1,0.1187,0.6343,ns
M5vsM6_raw_24m,tertiles,Relative Disturbance,WUE,Mid,21,-0.00761,52.4,0.212,0.6343,ns
M5vsM6_raw_24m,tertiles,Relative Disturbance,uWUE,Mid,21,0.00479,47.6,0.3383,0.6343,ns
M5vsM6_raw_24m,tertiles,Relative Disturbance,ETmax,Low,22,0.00064,45.5,0.8721,0.9344,ns
M5vsM6_raw_24m,tertiles,Relative Disturbance,GPPsat,Low,22,0.03514,40.9,0.7625,0.8974,ns
M5vsM6_raw_24m,tertiles,Relative Disturbance,NEPmax,Low,22,0.11377,45.5,0.6025,0.7974,ns
M5vsM6_raw_24m,tertiles,Relative Disturbance,WUE,Low,22,-0.00298,59.1,0.3365,0.6343,ns
M5vsM6_raw_24m,tertiles,Relative Disturbance,uWUE,Low,22,-0.00164,54.5,0.3851,0.6931,ns
M5vsM6_raw_24m,equal_width,Absolute Mortality,ETmax,Mid,21,-0.00087,71.4,0.0589,0.4941,ns
M5vsM6_raw_24m,equal_width,Absolute Mortality,GPPsat,Mid,21,-0.03893,52.4,0.3905,0.6508,ns
M5vsM6_raw_24m,equal_width,Absolute Mortality,NEPmax,Mid,21,0.0297,47.6,0.5,0.706,ns
M5vsM6_raw_24m,equal_width,Absolute Mortality,WUE,Mid,21,-0.0138,61.9,0.1831,0.5819,ns
M5vsM6_raw_24m,equal_width,Absolute Mortality,uWUE,Mid,21,0.00219,47.6,0.1567,0.5819,ns
M5vsM6_raw_24m,equal_width,Absolute Mortality,ETmax,Low,41,0.00076,41.5,0.977,0.977,ns
M5vsM6_raw_24m,equal_width,Absolute Mortality,GPPsat,Low,41,0.04616,41.5,0.8531,0.9749,ns
M5vsM6_raw_24m,equal_width,Absolute Mortality,NEPmax,Low,41,-0.05848,51.2,0.1891,0.5819,ns
M5vsM6_raw_24m,equal_width,Absolute Mortality,WUE,Low,41,-0.00761,58.5,0.1656,0.5819,ns
M5vsM6_raw_24m,equal_width,Absolute Mortality,uWUE,Low,41,-0.00098,53.7,0.2976,0.6406,ns
M5vsM6_raw_24m,equal_width,Absolute Mortality,ETmax,High,3,-0.00234,100,,,""
M5vsM6_raw_24m,equal_width,Absolute Mortality,GPPsat,High,3,0.14789,0,,,""
M5vsM6_raw_24m,equal_width,Absolute Mortality,NEPmax,High,3,0.01056,33.3,,,""
M5vsM6_raw_24m,equal_width,Absolute Mortality,WUE,High,3,-0.036,100,,,""
M5vsM6_raw_24m,equal_width,Absolute Mortality,uWUE,High,3,0.01137,33.3,,,""
M5vsM6_raw_24m,equal_width,Relative Mortality,ETmax,Mid,26,-0.00053,61.5,0.4797,0.706,ns
M5vsM6_raw_24m,equal_width,Relative Mortality,GPPsat,Mid,26,0.00362,50,0.5904,0.738,ns
M5vsM6_raw_24m,equal_width,Relative Mortality,NEPmax,Mid,26,0.0445,46.2,0.3611,0.6484,ns
M5vsM6_raw_24m,equal_width,Relative Mortality,WUE,Mid,26,-0.00926,61.5,0.3057,0.6406,ns
M5vsM6_raw_24m,equal_width,Relative Mortality,uWUE,Mid,26,0.00314,46.2,0.1374,0.5819,ns
M5vsM6_raw_24m,equal_width,Relative Mortality,ETmax,Low,32,0.00077,40.6,0.9565,0.977,ns
M5vsM6_raw_24m,equal_width,Relative Mortality,GPPsat,Low,32,0.02849,43.8,0.7221,0.8495,ns
M5vsM6_raw_24m,equal_width,Relative Mortality,NEPmax,Low,32,-0.07715,53.1,0.2717,0.6406,ns
M5vsM6_raw_24m,equal_width,Relative Mortality,WUE,Low,32,-0.00298,56.2,0.1872,0.5819,ns
M5vsM6_raw_24m,equal_width,Relative Mortality,uWUE,Low,32,-0.00064,53.1,0.4739,0.706,ns
M5vsM6_raw_24m,equal_width,Relative Mortality,ETmax,High,7,-0.00234,85.7,0.02596,0.4941,ns
M5vsM6_raw_24m,equal_width,Relative Mortality,GPPsat,High,7,0.14789,14.3,0.9458,0.977,ns
M5vsM6_raw_24m,equal_width,Relative Mortality,NEPmax,High,7,0.01056,42.9,0.5337,0.706,ns
M5vsM6_raw_24m,equal_width,Relative Mortality,WUE,High,7,-0.03786,85.7,0.05416,0.4941,ns
M5vsM6_raw_24m,equal_width,Relative Mortality,uWUE,High,7,-0.02263,57.1,0.3363,0.6406,ns
M5vsM6_raw_24m,equal_width,Relative Disturbance,ETmax,Mid,27,-5e-04,59.3,0.3728,0.6484,ns
M5vsM6_raw_24m,equal_width,Relative Disturbance,GPPsat,Mid,27,0.05591,40.7,0.8875,0.977,ns
M5vsM6_raw_24m,equal_width,Relative Disturbance,NEPmax,Mid,27,0.0297,48.1,0.3284,0.6406,ns
M5vsM6_raw_24m,equal_width,Relative Disturbance,WUE,Mid,27,-0.0079,59.3,0.2944,0.6406,ns
M5vsM6_raw_24m,equal_width,Relative Disturbance,uWUE,Mid,27,0.01012,37,0.4285,0.6856,ns
M5vsM6_raw_24m,equal_width,Relative Disturbance,ETmax,High,9,-0.00129,66.7,0.06177,0.4941,ns
M5vsM6_raw_24m,equal_width,Relative Disturbance,GPPsat,High,9,0.01896,44.4,0.5472,0.706,ns
M5vsM6_raw_24m,equal_width,Relative Disturbance,NEPmax,High,9,-0.18465,55.6,0.1716,0.5819,ns
M5vsM6_raw_24m,equal_width,Relative Disturbance,WUE,High,9,-0.04752,88.9,0.02901,0.4941,ns
M5vsM6_raw_24m,equal_width,Relative Disturbance,uWUE,High,9,-0.02263,66.7,0.1432,0.5819,ns
M5vsM6_raw_24m,equal_width,Relative Disturbance,ETmax,Low,29,0.00077,44.8,0.9402,0.977,ns
M5vsM6_raw_24m,equal_width,Relative Disturbance,GPPsat,Low,29,0.0181,44.8,0.6829,0.8277,ns
M5vsM6_raw_24m,equal_width,Relative Disturbance,NEPmax,Low,29,0.10267,48.3,0.5345,0.706,ns
M5vsM6_raw_24m,equal_width,Relative Disturbance,WUE,Low,29,-0.00206,55.2,0.2797,0.6406,ns
M5vsM6_raw_24m,equal_width,Relative Disturbance,uWUE,Low,29,-0.0023,58.6,0.2653,0.6406,ns
M5vsM6_raw_24m,natural_breaks,Absolute Mortality,ETmax,High,14,-9e-04,71.4,0.03434,0.6304,ns
M5vsM6_raw_24m,natural_breaks,Absolute Mortality,GPPsat,High,14,0.02651,42.9,0.5991,0.8697,ns
M5vsM6_raw_24m,natural_breaks,Absolute Mortality,NEPmax,High,14,-0.01636,50,0.5991,0.8697,ns
M5vsM6_raw_24m,natural_breaks,Absolute Mortality,WUE,High,14,-0.03693,78.6,0.04504,0.6304,ns
M5vsM6_raw_24m,natural_breaks,Absolute Mortality,uWUE,High,14,0.0023,50,0.3302,0.782,ns
M5vsM6_raw_24m,natural_breaks,Absolute Mortality,ETmax,Mid,32,-0.00047,53.1,0.7283,0.8762,ns
M5vsM6_raw_24m,natural_breaks,Absolute Mortality,GPPsat,Mid,32,0.04252,46.9,0.6899,0.8762,ns
M5vsM6_raw_24m,natural_breaks,Absolute Mortality,NEPmax,Mid,32,-0.1447,53.1,0.06376,0.6304,ns
M5vsM6_raw_24m,natural_breaks,Absolute Mortality,WUE,Mid,32,-0.00776,53.1,0.5335,0.8575,ns
M5vsM6_raw_24m,natural_breaks,Absolute Mortality,uWUE,Mid,32,0.00444,43.8,0.459,0.8339,ns
M5vsM6_raw_24m,natural_breaks,Absolute Mortality,ETmax,Low,19,0.00082,42.1,0.9112,0.9319,ns
M5vsM6_raw_24m,natural_breaks,Absolute Mortality,GPPsat,Low,19,0.05346,36.8,0.8743,0.915,ns
M5vsM6_raw_24m,natural_breaks,Absolute Mortality,NEPmax,Low,19,0.12488,42.1,0.7594,0.8762,ns
M5vsM6_raw_24m,natural_breaks,Absolute Mortality,WUE,Low,19,-0.00391,63.2,0.09546,0.6304,ns
M5vsM6_raw_24m,natural_breaks,Absolute Mortality,uWUE,Low,19,-0.01858,63.2,0.1722,0.6754,ns
M5vsM6_raw_24m,natural_breaks,Relative Mortality,ETmax,High,23,-0.00051,60.9,0.2766,0.7321,ns
M5vsM6_raw_24m,natural_breaks,Relative Mortality,GPPsat,High,23,0.04616,39.1,0.7531,0.8762,ns
M5vsM6_raw_24m,natural_breaks,Relative Mortality,NEPmax,High,23,0.01056,47.8,0.4818,0.8339,ns
M5vsM6_raw_24m,natural_breaks,Relative Mortality,WUE,High,23,-0.0353,73.9,0.09807,0.6304,ns
M5vsM6_raw_24m,natural_breaks,Relative Mortality,uWUE,High,23,0.00219,47.8,0.2101,0.6754,ns
M5vsM6_raw_24m,natural_breaks,Relative Mortality,ETmax,Mid,18,-6e-04,61.1,0.271,0.7321,ns
M5vsM6_raw_24m,natural_breaks,Relative Mortality,GPPsat,Mid,18,0.06444,44.4,0.8619,0.915,ns
M5vsM6_raw_24m,natural_breaks,Relative Mortality,NEPmax,Mid,18,-0.1154,50,0.2295,0.6886,ns
M5vsM6_raw_24m,natural_breaks,Relative Mortality,WUE,Mid,18,0.00572,50,0.4138,0.8339,ns
M5vsM6_raw_24m,natural_breaks,Relative Mortality,uWUE,Mid,18,-0.00219,55.6,0.1583,0.6754,ns
M5vsM6_raw_24m,natural_breaks,Relative Mortality,ETmax,Low,24,0.00079,41.7,0.9332,0.9332,ns
M5vsM6_raw_24m,natural_breaks,Relative Mortality,GPPsat,Low,24,0.01121,45.8,0.5285,0.8575,ns
M5vsM6_raw_24m,natural_breaks,Relative Mortality,NEPmax,Low,24,0.02209,50,0.4152,0.8339,ns
M5vsM6_raw_24m,natural_breaks,Relative Mortality,WUE,Low,24,-0.00298,58.3,0.1918,0.6754,ns
M5vsM6_raw_24m,natural_breaks,Relative Mortality,uWUE,Low,24,3e-05,50,0.5624,0.8697,ns
M5vsM6_raw_24m,natural_breaks,Relative Disturbance,ETmax,High,22,-0.00088,63.6,0.1904,0.6754,ns
M5vsM6_raw_24m,natural_breaks,Relative Disturbance,GPPsat,High,22,0.0401,40.9,0.6869,0.8762,ns
M5vsM6_raw_24m,natural_breaks,Relative Disturbance,NEPmax,High,22,0.02013,45.5,0.4612,0.8339,ns
M5vsM6_raw_24m,natural_breaks,Relative Disturbance,WUE,High,22,-0.03071,72.7,0.07658,0.6304,ns
M5vsM6_raw_24m,natural_breaks,Relative Disturbance,uWUE,High,22,-0.00229,50,0.1571,0.6754,ns
M5vsM6_raw_24m,natural_breaks,Relative Disturbance,ETmax,Mid,20,-0.00018,50,0.6386,0.8762,ns
M5vsM6_raw_24m,natural_breaks,Relative Disturbance,GPPsat,Mid,20,0.01452,50,0.7186,0.8762,ns
M5vsM6_raw_24m,natural_breaks,Relative Disturbance,NEPmax,Mid,20,-0.26395,60,0.06527,0.6304,ns
M5vsM6_raw_24m,natural_breaks,Relative Disturbance,WUE,Mid,20,-0.00776,55,0.2005,0.6754,ns
M5vsM6_raw_24m,natural_breaks,Relative Disturbance,uWUE,Mid,20,0.00224,50,0.2941,0.7354,ns
M5vsM6_raw_24m,natural_breaks,Relative Disturbance,ETmax,Low,23,5e-04,47.8,0.8599,0.915,ns
M5vsM6_raw_24m,natural_breaks,Relative Disturbance,GPPsat,Low,23,0.05218,39.1,0.7899,0.8886,ns
M5vsM6_raw_24m,natural_breaks,Relative Disturbance,NEPmax,Low,23,0.12488,43.5,0.7027,0.8762,ns
M5vsM6_raw_24m,natural_breaks,Relative Disturbance,WUE,Low,23,-0.00206,56.5,0.3519,0.7918,ns
M5vsM6_raw_24m,natural_breaks,Relative Disturbance,uWUE,Low,23,-0.00098,52.2,0.4818,0.8339,ns
M5vsM6_anom_12m,tertiles,Absolute Mortality,ETmax,High,22,0.00444,40.9,0.8973,0.9331,ns
M5vsM6_anom_12m,tertiles,Absolute Mortality,GPPsat,High,22,-0.09719,54.5,0.3605,0.7711,ns
M5vsM6_anom_12m,tertiles,Absolute Mortality,NEPmax,High,22,-0.56605,54.5,0.08635,0.7711,ns
M5vsM6_anom_12m,tertiles,Absolute Mortality,WUE,High,22,0.01646,45.5,0.6869,0.8647,ns
M5vsM6_anom_12m,tertiles,Absolute Mortality,uWUE,High,22,-0.01491,50,0.7313,0.8661,ns
M5vsM6_anom_12m,tertiles,Absolute Mortality,ETmax,Mid,21,-0.00049,52.4,0.5415,0.7711,ns
M5vsM6_anom_12m,tertiles,Absolute Mortality,GPPsat,Mid,21,-0.24062,61.9,0.2222,0.7711,ns
M5vsM6_anom_12m,tertiles,Absolute Mortality,NEPmax,Mid,21,-0.19105,52.4,0.5,0.7711,ns
M5vsM6_anom_12m,tertiles,Absolute Mortality,WUE,Mid,21,-0.01528,57.1,0.3641,0.7711,ns
M5vsM6_anom_12m,tertiles,Absolute Mortality,uWUE,Mid,21,-0.01648,52.4,0.5139,0.7711,ns
M5vsM6_anom_12m,tertiles,Absolute Mortality,ETmax,Low,22,0.00043,45.5,0.7095,0.8647,ns
M5vsM6_anom_12m,tertiles,Absolute Mortality,GPPsat,Low,22,0.17942,45.5,0.5772,0.7711,ns
M5vsM6_anom_12m,tertiles,Absolute Mortality,NEPmax,Low,22,-0.35213,54.5,0.3017,0.7711,ns
M5vsM6_anom_12m,tertiles,Absolute Mortality,WUE,Low,22,0.01266,40.9,0.4871,0.7711,ns
M5vsM6_anom_12m,tertiles,Absolute Mortality,uWUE,Low,22,-0.03981,59.1,0.07201,0.7711,ns
M5vsM6_anom_12m,tertiles,Relative Mortality,ETmax,High,22,0.00429,45.5,0.8183,0.8982,ns
M5vsM6_anom_12m,tertiles,Relative Mortality,GPPsat,High,22,-0.11771,59.1,0.3365,0.7711,ns
M5vsM6_anom_12m,tertiles,Relative Mortality,NEPmax,High,22,-0.56605,59.1,0.1212,0.7711,ns
M5vsM6_anom_12m,tertiles,Relative Mortality,WUE,High,22,-0.024,54.5,0.4612,0.7711,ns
M5vsM6_anom_12m,tertiles,Relative Mortality,uWUE,High,22,-0.04577,59.1,0.5388,0.7711,ns
M5vsM6_anom_12m,tertiles,Relative Mortality,ETmax,Mid,21,0.00322,38.1,0.9124,0.9331,ns
M5vsM6_anom_12m,tertiles,Relative Mortality,GPPsat,Mid,21,0.02715,47.6,0.5826,0.7711,ns
M5vsM6_anom_12m,tertiles,Relative Mortality,NEPmax,Mid,21,0.15622,42.9,0.7109,0.8647,ns
M5vsM6_anom_12m,tertiles,Relative Mortality,WUE,Mid,21,-0.00883,52.4,0.2773,0.7711,ns
M5vsM6_anom_12m,tertiles,Relative Mortality,uWUE,Mid,21,-0.01648,52.4,0.4447,0.7711,ns
M5vsM6_anom_12m,tertiles,Relative Mortality,ETmax,Low,22,-0.00076,54.5,0.3727,0.7711,ns
M5vsM6_anom_12m,tertiles,Relative Mortality,GPPsat,Low,22,-0.22864,54.5,0.1993,0.7711,ns
M5vsM6_anom_12m,tertiles,Relative Mortality,NEPmax,Low,22,-0.73846,59.1,0.08635,0.7711,ns
M5vsM6_anom_12m,tertiles,Relative Mortality,WUE,Low,22,0.02021,36.4,0.7915,0.8982,ns
M5vsM6_anom_12m,tertiles,Relative Mortality,uWUE,Low,22,-0.00798,50,0.2477,0.7711,ns
M5vsM6_anom_12m,tertiles,Relative Disturbance,ETmax,High,22,0.00429,45.5,0.8506,0.9113,ns
M5vsM6_anom_12m,tertiles,Relative Disturbance,GPPsat,High,22,-0.29095,63.6,0.2795,0.7711,ns
M5vsM6_anom_12m,tertiles,Relative Disturbance,NEPmax,High,22,-0.28555,54.5,0.165,0.7711,ns
M5vsM6_anom_12m,tertiles,Relative Disturbance,WUE,High,22,-0.024,54.5,0.4483,0.7711,ns
M5vsM6_anom_12m,tertiles,Relative Disturbance,uWUE,High,22,-0.04577,59.1,0.5388,0.7711,ns
M5vsM6_anom_12m,tertiles,Relative Disturbance,ETmax,Mid,21,0.00226,42.9,0.9451,0.9451,ns
M5vsM6_anom_12m,tertiles,Relative Disturbance,GPPsat,Mid,21,0.00441,47.6,0.5,0.7711,ns
M5vsM6_anom_12m,tertiles,Relative Disturbance,NEPmax,Mid,21,-0.45294,57.1,0.2327,0.7711,ns
M5vsM6_anom_12m,tertiles,Relative Disturbance,WUE,Mid,21,-0.00883,52.4,0.2891,0.7711,ns
M5vsM6_anom_12m,tertiles,Relative Disturbance,uWUE,Mid,21,0.01392,47.6,0.569,0.7711,ns
M5vsM6_anom_12m,tertiles,Relative Disturbance,ETmax,Low,22,-0.00036,50,0.3247,0.7711,ns
M5vsM6_anom_12m,tertiles,Relative Disturbance,GPPsat,Low,22,0.05806,50,0.3484,0.7711,ns
M5vsM6_anom_12m,tertiles,Relative Disturbance,NEPmax,Low,22,0.00042,50,0.3851,0.7711,ns
M5vsM6_anom_12m,tertiles,Relative Disturbance,WUE,Low,22,0.02021,36.4,0.8183,0.8982,ns
M5vsM6_anom_12m,tertiles,Relative Disturbance,uWUE,Low,22,-0.02833,54.5,0.1571,0.7711,ns
M5vsM6_anom_12m,equal_width,Absolute Mortality,ETmax,Mid,21,0.0044,42.9,0.8348,0.9025,ns
M5vsM6_anom_12m,equal_width,Absolute Mortality,GPPsat,Mid,21,-0.39301,61.9,0.1406,0.7933,ns
M5vsM6_anom_12m,equal_width,Absolute Mortality,NEPmax,Mid,21,-0.75206,61.9,0.03535,0.7933,ns
M5vsM6_anom_12m,equal_width,Absolute Mortality,WUE,Mid,21,-0.02212,52.4,0.3905,0.7933,ns
M5vsM6_anom_12m,equal_width,Absolute Mortality,uWUE,Mid,21,-0.04606,57.1,0.5553,0.7933,ns
M5vsM6_anom_12m,equal_width,Absolute Mortality,ETmax,Low,41,0.00044,46.3,0.7415,0.8875,ns
M5vsM6_anom_12m,equal_width,Absolute Mortality,GPPsat,Low,41,-0.13326,51.2,0.3779,0.7933,ns
M5vsM6_anom_12m,equal_width,Absolute Mortality,NEPmax,Low,41,-0.1466,51.2,0.4128,0.7933,ns
M5vsM6_anom_12m,equal_width,Absolute Mortality,WUE,Low,41,0.00794,46.3,0.5361,0.7933,ns
M5vsM6_anom_12m,equal_width,Absolute Mortality,uWUE,Low,41,-0.01805,53.7,0.2184,0.7933,ns
M5vsM6_anom_12m,equal_width,Absolute Mortality,ETmax,High,3,-0.00262,66.7,,,""
M5vsM6_anom_12m,equal_width,Absolute Mortality,GPPsat,High,3,0.68159,33.3,,,""
M5vsM6_anom_12m,equal_width,Absolute Mortality,NEPmax,High,3,0.25844,33.3,,,""
M5vsM6_anom_12m,equal_width,Absolute Mortality,WUE,High,3,0.05803,33.3,,,""
M5vsM6_anom_12m,equal_width,Absolute Mortality,uWUE,High,3,0.02927,33.3,,,""
M5vsM6_anom_12m,equal_width,Relative Mortality,ETmax,Mid,26,0.00429,38.5,0.9024,0.9483,ns
M5vsM6_anom_12m,equal_width,Relative Mortality,GPPsat,Mid,26,-0.44151,65.4,0.08511,0.7933,ns
M5vsM6_anom_12m,equal_width,Relative Mortality,NEPmax,Mid,26,-0.41649,61.5,0.08122,0.7933,ns
M5vsM6_anom_12m,equal_width,Relative Mortality,WUE,Mid,26,-0.01736,53.8,0.333,0.7933,ns
M5vsM6_anom_12m,equal_width,Relative Mortality,uWUE,Mid,26,-0.03757,57.7,0.5405,0.7933,ns
M5vsM6_anom_12m,equal_width,Relative Mortality,ETmax,Low,32,1e-05,50,0.5484,0.7933,ns
M5vsM6_anom_12m,equal_width,Relative Mortality,GPPsat,Low,32,-0.01494,50,0.4076,0.7933,ns
M5vsM6_anom_12m,equal_width,Relative Mortality,NEPmax,Low,32,-0.35213,53.1,0.2189,0.7933,ns
M5vsM6_anom_12m,equal_width,Relative Mortality,WUE,Low,32,0.02021,40.6,0.7283,0.8875,ns
M5vsM6_anom_12m,equal_width,Relative Mortality,uWUE,Low,32,-0.02833,53.1,0.1822,0.7933,ns
M5vsM6_anom_12m,equal_width,Relative Mortality,ETmax,High,7,-0.00262,57.1,0.7766,0.8875,ns
M5vsM6_anom_12m,equal_width,Relative Mortality,GPPsat,High,7,0.49671,28.6,0.9246,0.9483,ns
M5vsM6_anom_12m,equal_width,Relative Mortality,NEPmax,High,7,0.37365,28.6,0.8237,0.9025,ns
M5vsM6_anom_12m,equal_width,Relative Mortality,WUE,High,7,-0.02212,57.1,0.3999,0.7933,ns
M5vsM6_anom_12m,equal_width,Relative Mortality,uWUE,High,7,0.02927,42.9,0.7766,0.8875,ns
M5vsM6_anom_12m,equal_width,Relative Disturbance,ETmax,Mid,27,0.0044,37,0.9734,0.9734,ns
M5vsM6_anom_12m,equal_width,Relative Disturbance,GPPsat,Mid,27,-0.19443,59.3,0.2622,0.7933,ns
M5vsM6_anom_12m,equal_width,Relative Disturbance,NEPmax,Mid,27,-0.34038,55.6,0.2105,0.7933,ns
M5vsM6_anom_12m,equal_width,Relative Disturbance,WUE,Mid,27,-0.00883,51.9,0.4285,0.7933,ns
M5vsM6_anom_12m,equal_width,Relative Disturbance,uWUE,Mid,27,-0.01648,51.9,0.7138,0.8875,ns
M5vsM6_anom_12m,equal_width,Relative Disturbance,ETmax,High,9,-0.00552,66.7,0.5,0.7933,ns
M5vsM6_anom_12m,equal_width,Relative Disturbance,GPPsat,High,9,-0.0055,55.6,0.4528,0.7933,ns
M5vsM6_anom_12m,equal_width,Relative Disturbance,NEPmax,High,9,-1.07418,55.6,0.2386,0.7933,ns
M5vsM6_anom_12m,equal_width,Relative Disturbance,WUE,High,9,-0.02212,55.6,0.3611,0.7933,ns
M5vsM6_anom_12m,equal_width,Relative Disturbance,uWUE,High,9,-0.04373,55.6,0.5,0.7933,ns
M5vsM6_anom_12m,equal_width,Relative Disturbance,ETmax,Low,29,0.00041,48.3,0.5856,0.8077,ns
M5vsM6_anom_12m,equal_width,Relative Disturbance,GPPsat,Low,29,0.10339,48.3,0.3893,0.7933,ns
M5vsM6_anom_12m,equal_width,Relative Disturbance,NEPmax,Low,29,-0.1466,51.7,0.2724,0.7933,ns
M5vsM6_anom_12m,equal_width,Relative Disturbance,WUE,Low,29,0.01738,41.4,0.7056,0.8875,ns
M5vsM6_anom_12m,equal_width,Relative Disturbance,uWUE,Low,29,-0.03861,55.2,0.1599,0.7933,ns
M5vsM6_anom_12m,natural_breaks,Absolute Mortality,ETmax,High,14,0.00078,50,0.714,0.8643,ns
M5vsM6_anom_12m,natural_breaks,Absolute Mortality,GPPsat,High,14,-0.00055,50,0.525,0.7982,ns
M5vsM6_anom_12m,natural_breaks,Absolute Mortality,NEPmax,High,14,-0.91312,57.1,0.1165,0.7982,ns
M5vsM6_anom_12m,natural_breaks,Absolute Mortality,WUE,High,14,0.02458,42.9,0.714,0.8643,ns
M5vsM6_anom_12m,natural_breaks,Absolute Mortality,uWUE,High,14,-0.0449,57.1,0.55,0.7982,ns
M5vsM6_anom_12m,natural_breaks,Absolute Mortality,ETmax,Mid,32,0.00037,50,0.7158,0.8643,ns
M5vsM6_anom_12m,natural_breaks,Absolute Mortality,GPPsat,Mid,32,-0.41223,62.5,0.0818,0.7982,ns
M5vsM6_anom_12m,natural_breaks,Absolute Mortality,NEPmax,Mid,32,-0.36021,56.2,0.1773,0.7982,ns
M5vsM6_anom_12m,natural_breaks,Absolute Mortality,WUE,Mid,32,-0.01205,53.1,0.4222,0.7982,ns
M5vsM6_anom_12m,natural_breaks,Absolute Mortality,uWUE,Mid,32,-0.00701,50,0.5558,0.7982,ns
M5vsM6_anom_12m,natural_breaks,Absolute Mortality,ETmax,Low,19,9e-04,36.8,0.8658,0.906,ns
M5vsM6_anom_12m,natural_breaks,Absolute Mortality,GPPsat,Low,19,0.4472,42.1,0.8174,0.8971,ns
M5vsM6_anom_12m,natural_breaks,Absolute Mortality,NEPmax,Low,19,0.14743,47.4,0.5876,0.7982,ns
M5vsM6_anom_12m,natural_breaks,Absolute Mortality,WUE,Low,19,0.00794,42.1,0.4281,0.7982,ns
M5vsM6_anom_12m,natural_breaks,Absolute Mortality,uWUE,Low,19,-0.03861,57.9,0.1431,0.7982,ns
M5vsM6_anom_12m,natural_breaks,Relative Mortality,ETmax,High,23,0.00419,47.8,0.807,0.8971,ns
M5vsM6_anom_12m,natural_breaks,Relative Mortality,GPPsat,High,23,-0.04653,56.5,0.3407,0.7982,ns
M5vsM6_anom_12m,natural_breaks,Relative Mortality,NEPmax,High,23,-0.75206,60.9,0.09807,0.7982,ns
M5vsM6_anom_12m,natural_breaks,Relative Mortality,WUE,High,23,-0.02588,56.5,0.3519,0.7982,ns
M5vsM6_anom_12m,natural_breaks,Relative Mortality,uWUE,High,23,-0.04606,60.9,0.4697,0.7982,ns
M5vsM6_anom_12m,natural_breaks,Relative Mortality,ETmax,Mid,18,0.00381,33.3,0.9553,0.9553,ns
M5vsM6_anom_12m,natural_breaks,Relative Mortality,GPPsat,Mid,18,-0.04552,50,0.6031,0.7982,ns
M5vsM6_anom_12m,natural_breaks,Relative Mortality,NEPmax,Mid,18,0.09048,44.4,0.5691,0.7982,ns
M5vsM6_anom_12m,natural_breaks,Relative Mortality,WUE,Mid,18,0.00958,50,0.4138,0.7982,ns
M5vsM6_anom_12m,natural_breaks,Relative Mortality,uWUE,Mid,18,-0.00128,50,0.4826,0.7982,ns
M5vsM6_anom_12m,natural_breaks,Relative Mortality,ETmax,Low,24,-0.00076,54.2,0.3289,0.7982,ns
M5vsM6_anom_12m,natural_breaks,Relative Mortality,GPPsat,Low,24,-0.22864,54.2,0.1766,0.7982,ns
M5vsM6_anom_12m,natural_breaks,Relative Mortality,NEPmax,Low,24,-0.35213,54.2,0.2331,0.7982,ns
M5vsM6_anom_12m,natural_breaks,Relative Mortality,WUE,Low,24,0.02021,37.5,0.749,0.8643,ns
M5vsM6_anom_12m,natural_breaks,Relative Mortality,uWUE,Low,24,-0.00798,50,0.279,0.7982,ns
M5vsM6_anom_12m,natural_breaks,Relative Disturbance,ETmax,High,22,0.00429,45.5,0.8506,0.906,ns
M5vsM6_anom_12m,natural_breaks,Relative Disturbance,GPPsat,High,22,-0.29095,63.6,0.2795,0.7982,ns
M5vsM6_anom_12m,natural_breaks,Relative Disturbance,NEPmax,High,22,-0.28555,54.5,0.165,0.7982,ns
M5vsM6_anom_12m,natural_breaks,Relative Disturbance,WUE,High,22,-0.024,54.5,0.4483,0.7982,ns
M5vsM6_anom_12m,natural_breaks,Relative Disturbance,uWUE,High,22,-0.04577,59.1,0.5388,0.7982,ns
M5vsM6_anom_12m,natural_breaks,Relative Disturbance,ETmax,Mid,20,0.003,40,0.9517,0.9553,ns
M5vsM6_anom_12m,natural_breaks,Relative Disturbance,GPPsat,Mid,20,-0.09501,50,0.448,0.7982,ns
M5vsM6_anom_12m,natural_breaks,Relative Disturbance,NEPmax,Mid,20,-0.5053,60,0.1354,0.7982,ns
M5vsM6_anom_12m,natural_breaks,Relative Disturbance,WUE,Mid,20,0.00819,50,0.3755,0.7982,ns
M5vsM6_anom_12m,natural_breaks,Relative Disturbance,uWUE,Mid,20,-0.00128,50,0.4628,0.7982,ns
M5vsM6_anom_12m,natural_breaks,Relative Disturbance,ETmax,Low,23,-0.00038,52.2,0.3296,0.7982,ns
M5vsM6_anom_12m,natural_breaks,Relative Disturbance,GPPsat,Low,23,0.24938,47.8,0.3863,0.7982,ns
M5vsM6_anom_12m,natural_breaks,Relative Disturbance,NEPmax,Low,23,0.14743,47.8,0.4697,0.7982,ns
M5vsM6_anom_12m,natural_breaks,Relative Disturbance,WUE,Low,23,0.01738,39.1,0.7335,0.8643,ns
M5vsM6_anom_12m,natural_breaks,Relative Disturbance,uWUE,Low,23,-0.01805,52.2,0.2374,0.7982,ns
M5vsM6_anom_24m,tertiles,Absolute Mortality,ETmax,High,22,-0.0029,68.2,0.3131,0.5845,ns
M5vsM6_anom_24m,tertiles,Absolute Mortality,GPPsat,High,22,-0.46636,59.1,0.2581,0.5807,ns
M5vsM6_anom_24m,tertiles,Absolute Mortality,NEPmax,High,22,-0.29924,63.6,0.2477,0.5807,ns
M5vsM6_anom_24m,tertiles,Absolute Mortality,WUE,High,22,0.00584,45.5,0.2085,0.5807,ns
M5vsM6_anom_24m,tertiles,Absolute Mortality,uWUE,High,22,0.01331,45.5,0.6869,0.8065,ns
M5vsM6_anom_24m,tertiles,Absolute Mortality,ETmax,Mid,21,0.00116,38.1,0.7565,0.8511,ns
M5vsM6_anom_24m,tertiles,Absolute Mortality,GPPsat,Mid,21,-0.45377,57.1,0.2891,0.5845,ns
M5vsM6_anom_24m,tertiles,Absolute Mortality,NEPmax,Mid,21,0.12822,42.9,0.569,0.692,ns
M5vsM6_anom_24m,tertiles,Absolute Mortality,WUE,Mid,21,-0.06713,61.9,0.08222,0.5807,ns
M5vsM6_anom_24m,tertiles,Absolute Mortality,uWUE,Mid,21,-0.02298,61.9,0.3011,0.5845,ns
M5vsM6_anom_24m,tertiles,Absolute Mortality,ETmax,Low,22,0.00169,36.4,0.9136,0.9369,ns
M5vsM6_anom_24m,tertiles,Absolute Mortality,GPPsat,Low,22,0.02787,50,0.5388,0.692,ns
M5vsM6_anom_24m,tertiles,Absolute Mortality,NEPmax,Low,22,-0.48685,59.1,0.2375,0.5807,ns
M5vsM6_anom_24m,tertiles,Absolute Mortality,WUE,Low,22,-0.0061,59.1,0.2276,0.5807,ns
M5vsM6_anom_24m,tertiles,Absolute Mortality,uWUE,Low,22,-0.02879,63.6,0.06352,0.5807,ns
M5vsM6_anom_24m,tertiles,Relative Mortality,ETmax,High,22,-0.00297,63.6,0.2085,0.5807,ns
M5vsM6_anom_24m,tertiles,Relative Mortality,GPPsat,High,22,-0.46636,59.1,0.2905,0.5845,ns
M5vsM6_anom_24m,tertiles,Relative Mortality,NEPmax,High,22,-0.24917,54.5,0.3484,0.603,ns
M5vsM6_anom_24m,tertiles,Relative Mortality,WUE,High,22,-0.0354,54.5,0.09158,0.5807,ns
M5vsM6_anom_24m,tertiles,Relative Mortality,uWUE,High,22,-0.02545,54.5,0.5259,0.692,ns
M5vsM6_anom_24m,tertiles,Relative Mortality,ETmax,Mid,21,0.00177,42.9,0.9369,0.9369,ns
M5vsM6_anom_24m,tertiles,Relative Mortality,GPPsat,Mid,21,-0.01963,52.4,0.5415,0.692,ns
M5vsM6_anom_24m,tertiles,Relative Mortality,NEPmax,Mid,21,0.01428,47.6,0.6989,0.8065,ns
M5vsM6_anom_24m,tertiles,Relative Mortality,WUE,Mid,21,-0.07198,61.9,0.0258,0.5807,ns
M5vsM6_anom_24m,tertiles,Relative Mortality,uWUE,Mid,21,-0.02298,57.1,0.2545,0.5807,ns
M5vsM6_anom_24m,tertiles,Relative Mortality,ETmax,Low,22,0.0012,36.4,0.8007,0.8788,ns
M5vsM6_anom_24m,tertiles,Relative Mortality,GPPsat,Low,22,-0.11201,54.5,0.2085,0.5807,ns
M5vsM6_anom_24m,tertiles,Relative Mortality,NEPmax,Low,22,-0.51045,63.6,0.08135,0.5807,ns
M5vsM6_anom_24m,tertiles,Relative Mortality,WUE,Low,22,0.00852,50,0.5645,0.692,ns
M5vsM6_anom_24m,tertiles,Relative Mortality,uWUE,Low,22,-0.01346,59.1,0.2085,0.5807,ns
M5vsM6_anom_24m,tertiles,Relative Disturbance,ETmax,High,22,-0.00372,68.2,0.1571,0.5807,ns
M5vsM6_anom_24m,tertiles,Relative Disturbance,GPPsat,High,22,-0.68172,63.6,0.2085,0.5807,ns
M5vsM6_anom_24m,tertiles,Relative Disturbance,NEPmax,High,22,-0.00182,50,0.4871,0.692,ns
M5vsM6_anom_24m,tertiles,Relative Disturbance,WUE,High,22,-0.0354,54.5,0.05958,0.5807,ns
M5vsM6_anom_24m,tertiles,Relative Disturbance,uWUE,High,22,-0.02545,54.5,0.4612,0.692,ns
M5vsM6_anom_24m,tertiles,Relative Disturbance,ETmax,Mid,21,0.00179,42.9,0.9369,0.9369,ns
M5vsM6_anom_24m,tertiles,Relative Disturbance,GPPsat,Mid,21,-0.01963,52.4,0.5277,0.692,ns
M5vsM6_anom_24m,tertiles,Relative Disturbance,NEPmax,Mid,21,-0.26636,61.9,0.1406,0.5807,ns
M5vsM6_anom_24m,tertiles,Relative Disturbance,WUE,Mid,21,-0.06713,61.9,0.1054,0.5807,ns
M5vsM6_anom_24m,tertiles,Relative Disturbance,uWUE,Mid,21,-0.00166,52.4,0.4723,0.692,ns
M5vsM6_anom_24m,tertiles,Relative Disturbance,ETmax,Low,22,0.00151,31.8,0.8852,0.9369,ns
M5vsM6_anom_24m,tertiles,Relative Disturbance,GPPsat,Low,22,0.00557,50,0.3247,0.5845,ns
M5vsM6_anom_24m,tertiles,Relative Disturbance,NEPmax,Low,22,-0.3454,54.5,0.3851,0.6418,ns
M5vsM6_anom_24m,tertiles,Relative Disturbance,WUE,Low,22,0.00852,50,0.4612,0.692,ns
M5vsM6_anom_24m,tertiles,Relative Disturbance,uWUE,Low,22,-0.02666,63.6,0.09704,0.5807,ns
M5vsM6_anom_24m,equal_width,Absolute Mortality,ETmax,Mid,21,-0.00216,71.4,0.2222,0.4991,ns
M5vsM6_anom_24m,equal_width,Absolute Mortality,GPPsat,Mid,21,-0.46614,61.9,0.174,0.4991,ns
M5vsM6_anom_24m,equal_width,Absolute Mortality,NEPmax,Mid,21,-0.36647,66.7,0.1652,0.4991,ns
M5vsM6_anom_24m,equal_width,Absolute Mortality,WUE,Mid,21,0.00101,47.6,0.1187,0.4991,ns
M5vsM6_anom_24m,equal_width,Absolute Mortality,uWUE,Mid,21,-0.02852,57.1,0.3011,0.5018,ns
M5vsM6_anom_24m,equal_width,Absolute Mortality,ETmax,Low,41,0.00159,34.1,0.9527,0.9527,ns
M5vsM6_anom_24m,equal_width,Absolute Mortality,GPPsat,Low,41,-0.06423,53.7,0.2756,0.5018,ns
M5vsM6_anom_24m,equal_width,Absolute Mortality,NEPmax,Low,41,-0.22636,51.2,0.3392,0.5218,ns
M5vsM6_anom_24m,equal_width,Absolute Mortality,WUE,Low,41,-0.01838,58.5,0.08279,0.4991,ns
M5vsM6_anom_24m,equal_width,Absolute Mortality,uWUE,Low,41,-0.02298,61,0.1141,0.4991,ns
M5vsM6_anom_24m,equal_width,Absolute Mortality,ETmax,High,3,-0.00444,66.7,,,""
M5vsM6_anom_24m,equal_width,Absolute Mortality,GPPsat,High,3,0.43573,33.3,,,""
M5vsM6_anom_24m,equal_width,Absolute Mortality,NEPmax,High,3,0.75888,33.3,,,""
M5vsM6_anom_24m,equal_width,Absolute Mortality,WUE,High,3,-0.02817,66.7,,,""
M5vsM6_anom_24m,equal_width,Absolute Mortality,uWUE,High,3,0.15307,0,,,""
M5vsM6_anom_24m,equal_width,Relative Mortality,ETmax,Mid,26,-0.00151,61.5,0.3238,0.518,ns
M5vsM6_anom_24m,equal_width,Relative Mortality,GPPsat,Mid,26,-0.45995,61.5,0.1737,0.4991,ns
M5vsM6_anom_24m,equal_width,Relative Mortality,NEPmax,Mid,26,-0.24919,61.5,0.2385,0.5018,ns
M5vsM6_anom_24m,equal_width,Relative Mortality,WUE,Mid,26,-0.02081,50,0.09761,0.4991,ns
M5vsM6_anom_24m,equal_width,Relative Mortality,uWUE,Mid,26,-0.00953,50,0.3706,0.5491,ns
M5vsM6_anom_24m,equal_width,Relative Mortality,ETmax,Low,32,0.00151,34.4,0.9339,0.9527,ns
M5vsM6_anom_24m,equal_width,Relative Mortality,GPPsat,Low,32,-0.11201,53.1,0.2906,0.5018,ns
M5vsM6_anom_24m,equal_width,Relative Mortality,NEPmax,Low,32,-0.46859,56.2,0.1631,0.4991,ns
M5vsM6_anom_24m,equal_width,Relative Mortality,WUE,Low,32,-0.0061,56.2,0.2134,0.4991,ns
M5vsM6_anom_24m,equal_width,Relative Mortality,uWUE,Low,32,-0.02305,65.6,0.1001,0.4991,ns
M5vsM6_anom_24m,equal_width,Relative Mortality,ETmax,High,7,-0.00419,57.1,0.6637,0.8045,ns
M5vsM6_anom_24m,equal_width,Relative Mortality,GPPsat,High,7,0.18231,42.9,0.7229,0.8262,ns
M5vsM6_anom_24m,equal_width,Relative Mortality,NEPmax,High,7,0.75888,28.6,0.8976,0.9527,ns
M5vsM6_anom_24m,equal_width,Relative Mortality,WUE,High,7,-0.11871,71.4,0.1359,0.4991,ns
M5vsM6_anom_24m,equal_width,Relative Mortality,uWUE,High,7,0.00652,42.9,0.7766,0.8628,ns
M5vsM6_anom_24m,equal_width,Relative Disturbance,ETmax,Mid,27,-0.00041,55.6,0.6973,0.8203,ns
M5vsM6_anom_24m,equal_width,Relative Disturbance,GPPsat,Mid,27,-0.1598,59.3,0.438,0.6038,ns
M5vsM6_anom_24m,equal_width,Relative Disturbance,NEPmax,Mid,27,-0.13187,55.6,0.4474,0.6038,ns
M5vsM6_anom_24m,equal_width,Relative Disturbance,WUE,Mid,27,0.01069,44.4,0.2246,0.4991,ns
M5vsM6_anom_24m,equal_width,Relative Disturbance,uWUE,Mid,27,0.01245,48.1,0.6362,0.7953,ns
M5vsM6_anom_24m,equal_width,Relative Disturbance,ETmax,High,9,-0.00444,77.8,0.1716,0.4991,ns
M5vsM6_anom_24m,equal_width,Relative Disturbance,GPPsat,High,9,-0.89686,55.6,0.2768,0.5018,ns
M5vsM6_anom_24m,equal_width,Relative Disturbance,NEPmax,High,9,-0.44761,55.6,0.4528,0.6038,ns
M5vsM6_anom_24m,equal_width,Relative Disturbance,WUE,High,9,-0.10085,77.8,0.0486,0.4991,ns
M5vsM6_anom_24m,equal_width,Relative Disturbance,uWUE,High,9,-0.02237,55.6,0.5,0.6452,ns
M5vsM6_anom_24m,equal_width,Relative Disturbance,ETmax,Low,29,0.00159,31,0.9232,0.9527,ns
M5vsM6_anom_24m,equal_width,Relative Disturbance,GPPsat,Low,29,-0.06423,51.7,0.2653,0.5018,ns
M5vsM6_anom_24m,equal_width,Relative Disturbance,NEPmax,Low,29,-0.46443,55.2,0.2182,0.4991,ns
M5vsM6_anom_24m,equal_width,Relative Disturbance,WUE,Low,29,-0.00757,58.6,0.1935,0.4991,ns
M5vsM6_anom_24m,equal_width,Relative Disturbance,uWUE,Low,29,-0.03446,65.5,0.06785,0.4991,ns
M5vsM6_anom_24m,natural_breaks,Absolute Mortality,ETmax,High,14,-0.00297,71.4,0.2072,0.5561,ns
M5vsM6_anom_24m,natural_breaks,Absolute Mortality,GPPsat,High,14,-0.30289,57.1,0.3532,0.6258,ns
M5vsM6_anom_24m,natural_breaks,Absolute Mortality,NEPmax,High,14,-0.40704,64.3,0.2449,0.5561,ns
M5vsM6_anom_24m,natural_breaks,Absolute Mortality,WUE,High,14,-0.06451,57.1,0.1292,0.5561,ns
M5vsM6_anom_24m,natural_breaks,Absolute Mortality,uWUE,High,14,-0.00793,50,0.6698,0.7729,ns
M5vsM6_anom_24m,natural_breaks,Absolute Mortality,ETmax,Mid,32,-0.00013,50,0.541,0.6713,ns
M5vsM6_anom_24m,natural_breaks,Absolute Mortality,GPPsat,Mid,32,-0.48604,62.5,0.1068,0.5561,ns
M5vsM6_anom_24m,natural_breaks,Absolute Mortality,NEPmax,Mid,32,-0.13317,53.1,0.2779,0.5561,ns
M5vsM6_anom_24m,natural_breaks,Absolute Mortality,WUE,Mid,32,-0.02081,50,0.1213,0.5561,ns
M5vsM6_anom_24m,natural_breaks,Absolute Mortality,uWUE,Mid,32,-0.01553,56.2,0.2842,0.5561,ns
M5vsM6_anom_24m,natural_breaks,Absolute Mortality,ETmax,Low,19,0.00187,26.3,0.9859,0.9859,ns
M5vsM6_anom_24m,natural_breaks,Absolute Mortality,GPPsat,Low,19,0.39082,42.1,0.7953,0.8947,ns
M5vsM6_anom_24m,natural_breaks,Absolute Mortality,NEPmax,Low,19,-0.22636,52.6,0.508,0.6713,ns
M5vsM6_anom_24m,natural_breaks,Absolute Mortality,WUE,Low,19,-0.00757,63.2,0.1935,0.5561,ns
M5vsM6_anom_24m,natural_breaks,Absolute Mortality,uWUE,Low,19,-0.02312,63.2,0.1176,0.5561,ns
M5vsM6_anom_24m,natural_breaks,Relative Mortality,ETmax,High,23,-0.00284,65.2,0.1848,0.5561,ns
M5vsM6_anom_24m,natural_breaks,Relative Mortality,GPPsat,High,23,-0.46614,60.9,0.2766,0.5561,ns
M5vsM6_anom_24m,natural_breaks,Relative Mortality,NEPmax,High,23,-0.36647,56.5,0.2973,0.5574,ns
M5vsM6_anom_24m,natural_breaks,Relative Mortality,WUE,High,23,-0.04262,56.5,0.06227,0.5561,ns
M5vsM6_anom_24m,natural_breaks,Relative Mortality,uWUE,High,23,-0.02852,56.5,0.4456,0.6486,ns
M5vsM6_anom_24m,natural_breaks,Relative Mortality,ETmax,Mid,18,0.00233,44.4,0.9115,0.9457,ns
M5vsM6_anom_24m,natural_breaks,Relative Mortality,GPPsat,Mid,18,-0.12602,50,0.5691,0.674,ns
M5vsM6_anom_24m,natural_breaks,Relative Mortality,NEPmax,Mid,18,-0.01002,50,0.552,0.6713,ns
M5vsM6_anom_24m,natural_breaks,Relative Mortality,WUE,Mid,18,-0.06955,61.1,0.04897,0.5561,ns
M5vsM6_anom_24m,natural_breaks,Relative Mortality,uWUE,Mid,18,-0.01232,55.6,0.271,0.5561,ns
M5vsM6_anom_24m,natural_breaks,Relative Mortality,ETmax,Low,24,0.00129,33.3,0.8821,0.9457,ns
M5vsM6_anom_24m,natural_breaks,Relative Mortality,GPPsat,Low,24,-0.11201,54.2,0.1766,0.5561,ns
M5vsM6_anom_24m,natural_breaks,Relative Mortality,NEPmax,Low,24,-0.48685,58.3,0.2331,0.5561,ns
M5vsM6_anom_24m,natural_breaks,Relative Mortality,WUE,Low,24,0.00852,50,0.5285,0.6713,ns
M5vsM6_anom_24m,natural_breaks,Relative Mortality,uWUE,Low,24,-0.01346,58.3,0.2695,0.5561,ns
M5vsM6_anom_24m,natural_breaks,Relative Disturbance,ETmax,High,22,-0.00372,68.2,0.1571,0.5561,ns
M5vsM6_anom_24m,natural_breaks,Relative Disturbance,GPPsat,High,22,-0.68172,63.6,0.2085,0.5561,ns
M5vsM6_anom_24m,natural_breaks,Relative Disturbance,NEPmax,High,22,-0.00182,50,0.4871,0.6642,ns
M5vsM6_anom_24m,natural_breaks,Relative Disturbance,WUE,High,22,-0.0354,54.5,0.05958,0.5561,ns
M5vsM6_anom_24m,natural_breaks,Relative Disturbance,uWUE,High,22,-0.02545,54.5,0.4612,0.6486,ns
M5vsM6_anom_24m,natural_breaks,Relative Disturbance,ETmax,Mid,20,0.00172,45,0.9247,0.9457,ns
M5vsM6_anom_24m,natural_breaks,Relative Disturbance,GPPsat,Mid,20,-0.08971,55,0.448,0.6486,ns
M5vsM6_anom_24m,natural_breaks,Relative Disturbance,NEPmax,Mid,20,-0.36955,65,0.1055,0.5561,ns
M5vsM6_anom_24m,natural_breaks,Relative Disturbance,WUE,Mid,20,-0.06955,60,0.1125,0.5561,ns
M5vsM6_anom_24m,natural_breaks,Relative Disturbance,uWUE,Mid,20,-0.01232,55,0.3755,0.6258,ns
M5vsM6_anom_24m,natural_breaks,Relative Disturbance,ETmax,Low,23,0.00159,30.4,0.9071,0.9457,ns
M5vsM6_anom_24m,natural_breaks,Relative Disturbance,GPPsat,Low,23,0.07537,47.8,0.3747,0.6258,ns
M5vsM6_anom_24m,natural_breaks,Relative Disturbance,NEPmax,Low,23,-0.22636,52.2,0.4576,0.6486,ns
M5vsM6_anom_24m,natural_breaks,Relative Disturbance,WUE,Low,23,-0.00161,52.2,0.4336,0.6486,ns
M5vsM6_anom_24m,natural_breaks,Relative Disturbance,uWUE,Low,23,-0.01885,60.9,0.1615,0.5561,ns
M7vsM8_raw_12m,tertiles,Absolute Mortality,ETmax,High,22,-0.00023,63.6,0.1494,0.797,ns
M7vsM8_raw_12m,tertiles,Absolute Mortality,GPPsat,High,22,0.0507,50,0.8183,0.9113,ns
M7vsM8_raw_12m,tertiles,Absolute Mortality,NEPmax,High,22,-0.38222,63.6,0.04889,0.797,ns
M7vsM8_raw_12m,tertiles,Absolute Mortality,WUE,High,22,-0.00427,50,0.3365,0.797,ns
M7vsM8_raw_12m,tertiles,Absolute Mortality,uWUE,High,22,0.00975,36.4,0.8183,0.9113,ns
M7vsM8_raw_12m,tertiles,Absolute Mortality,ETmax,Mid,21,0.00025,42.9,0.6867,0.9113,ns
M7vsM8_raw_12m,tertiles,Absolute Mortality,GPPsat,Mid,21,0.11138,38.1,0.9524,0.974,ns
M7vsM8_raw_12m,tertiles,Absolute Mortality,NEPmax,Mid,21,0.26852,33.3,0.6989,0.9113,ns
M7vsM8_raw_12m,tertiles,Absolute Mortality,WUE,Mid,21,0.00171,42.9,0.4861,0.9113,ns
M7vsM8_raw_12m,tertiles,Absolute Mortality,uWUE,Mid,21,0.00139,42.9,0.8169,0.9113,ns
M7vsM8_raw_12m,tertiles,Absolute Mortality,ETmax,Low,22,0.00014,45.5,0.8506,0.9113,ns
M7vsM8_raw_12m,tertiles,Absolute Mortality,GPPsat,Low,22,-0.07011,54.5,0.4483,0.9113,ns
M7vsM8_raw_12m,tertiles,Absolute Mortality,NEPmax,Low,22,-0.08126,63.6,0.2375,0.797,ns
M7vsM8_raw_12m,tertiles,Absolute Mortality,WUE,Low,22,-0.01813,63.6,0.1279,0.797,ns
M7vsM8_raw_12m,tertiles,Absolute Mortality,uWUE,Low,22,-0.00486,50,0.3131,0.797,ns
M7vsM8_raw_12m,tertiles,Relative Mortality,ETmax,High,22,-0.00013,59.1,0.3365,0.797,ns
M7vsM8_raw_12m,tertiles,Relative Mortality,GPPsat,High,22,0.04114,50,0.8429,0.9113,ns
M7vsM8_raw_12m,tertiles,Relative Mortality,NEPmax,High,22,-0.00224,50,0.2905,0.797,ns
M7vsM8_raw_12m,tertiles,Relative Mortality,WUE,High,22,-0.03398,63.6,0.1279,0.797,ns
M7vsM8_raw_12m,tertiles,Relative Mortality,uWUE,High,22,0.00503,40.9,0.8268,0.9113,ns
M7vsM8_raw_12m,tertiles,Relative Mortality,ETmax,Mid,21,0.00013,47.6,0.569,0.9113,ns
M7vsM8_raw_12m,tertiles,Relative Mortality,GPPsat,Mid,21,0.30387,33.3,0.9881,0.9881,ns
M7vsM8_raw_12m,tertiles,Relative Mortality,NEPmax,Mid,21,-0.18028,52.4,0.3257,0.797,ns
M7vsM8_raw_12m,tertiles,Relative Mortality,WUE,Mid,21,0.00297,38.1,0.6743,0.9113,ns
M7vsM8_raw_12m,tertiles,Relative Mortality,uWUE,Mid,21,0.00077,47.6,0.3133,0.797,ns
M7vsM8_raw_12m,tertiles,Relative Mortality,ETmax,Low,22,0.00014,45.5,0.7419,0.9113,ns
M7vsM8_raw_12m,tertiles,Relative Mortality,GPPsat,Low,22,-0.07061,59.1,0.1904,0.797,ns
M7vsM8_raw_12m,tertiles,Relative Mortality,NEPmax,Low,22,-0.04367,59.1,0.2375,0.797,ns
M7vsM8_raw_12m,tertiles,Relative Mortality,WUE,Low,22,-0.00451,54.5,0.2085,0.797,ns
M7vsM8_raw_12m,tertiles,Relative Mortality,uWUE,Low,22,0.00482,40.9,0.8183,0.9113,ns
M7vsM8_raw_12m,tertiles,Relative Disturbance,ETmax,High,22,-0.00062,63.6,0.165,0.797,ns
M7vsM8_raw_12m,tertiles,Relative Disturbance,GPPsat,High,22,0.04114,50,0.8007,0.9113,ns
M7vsM8_raw_12m,tertiles,Relative Disturbance,NEPmax,High,22,-0.00224,50,0.2795,0.797,ns
M7vsM8_raw_12m,tertiles,Relative Disturbance,WUE,High,22,-0.03398,63.6,0.09704,0.797,ns
M7vsM8_raw_12m,tertiles,Relative Disturbance,uWUE,High,22,0.00503,40.9,0.8268,0.9113,ns
M7vsM8_raw_12m,tertiles,Relative Disturbance,ETmax,Mid,21,0.00051,42.9,0.7565,0.9113,ns
M7vsM8_raw_12m,tertiles,Relative Disturbance,GPPsat,Mid,21,0.11138,42.9,0.9411,0.974,ns
M7vsM8_raw_12m,tertiles,Relative Disturbance,NEPmax,Mid,21,-0.2328,52.4,0.2545,0.797,ns
M7vsM8_raw_12m,tertiles,Relative Disturbance,WUE,Mid,21,0.00297,42.9,0.4585,0.9113,ns
M7vsM8_raw_12m,tertiles,Relative Disturbance,uWUE,Mid,21,0.00358,42.9,0.4861,0.9113,ns
M7vsM8_raw_12m,tertiles,Relative Disturbance,ETmax,Low,22,0.00014,45.5,0.7313,0.9113,ns
M7vsM8_raw_12m,tertiles,Relative Disturbance,GPPsat,Low,22,-0.01595,50,0.5899,0.9113,ns
M7vsM8_raw_12m,tertiles,Relative Disturbance,NEPmax,Low,22,-0.04367,59.1,0.3131,0.797,ns
M7vsM8_raw_12m,tertiles,Relative Disturbance,WUE,Low,22,-9e-04,50,0.4871,0.9113,ns
M7vsM8_raw_12m,tertiles,Relative Disturbance,uWUE,Low,22,0.00343,45.5,0.6516,0.9113,ns
M7vsM8_raw_12m,equal_width,Absolute Mortality,ETmax,Mid,21,-0.00011,57.1,0.3383,0.941,ns
M7vsM8_raw_12m,equal_width,Absolute Mortality,GPPsat,Mid,21,-0.02789,52.4,0.7778,0.9541,ns
M7vsM8_raw_12m,equal_width,Absolute Mortality,NEPmax,Mid,21,-0.37076,61.9,0.1119,0.8249,ns
M7vsM8_raw_12m,equal_width,Absolute Mortality,WUE,Mid,21,0.00111,47.6,0.5961,0.9541,ns
M7vsM8_raw_12m,equal_width,Absolute Mortality,uWUE,Mid,21,0.01676,28.6,0.9589,0.9589,ns
M7vsM8_raw_12m,equal_width,Absolute Mortality,ETmax,Low,41,0.00021,46.3,0.7699,0.9541,ns
M7vsM8_raw_12m,equal_width,Absolute Mortality,GPPsat,Low,41,0.03801,46.3,0.8312,0.9541,ns
M7vsM8_raw_12m,equal_width,Absolute Mortality,NEPmax,Low,41,0.01948,48.8,0.5922,0.9541,ns
M7vsM8_raw_12m,equal_width,Absolute Mortality,WUE,Low,41,-0.00703,53.7,0.1788,0.8249,ns
M7vsM8_raw_12m,equal_width,Absolute Mortality,uWUE,Low,41,0.00077,48.8,0.6022,0.9541,ns
M7vsM8_raw_12m,equal_width,Absolute Mortality,ETmax,High,3,-0.00014,66.7,,,""
M7vsM8_raw_12m,equal_width,Absolute Mortality,GPPsat,High,3,0.36632,33.3,,,""
M7vsM8_raw_12m,equal_width,Absolute Mortality,NEPmax,High,3,-0.47904,66.7,,,""
M7vsM8_raw_12m,equal_width,Absolute Mortality,WUE,High,3,-0.12861,66.7,,,""
M7vsM8_raw_12m,equal_width,Absolute Mortality,uWUE,High,3,-0.04716,66.7,,,""
M7vsM8_raw_12m,equal_width,Relative Mortality,ETmax,Mid,26,-0.00011,57.7,0.39,0.941,ns
M7vsM8_raw_12m,equal_width,Relative Mortality,GPPsat,Mid,26,-0.02555,53.8,0.7615,0.9541,ns
M7vsM8_raw_12m,equal_width,Relative Mortality,NEPmax,Mid,26,-0.15402,53.8,0.1374,0.8249,ns
M7vsM8_raw_12m,equal_width,Relative Mortality,WUE,Mid,26,0.01434,42.3,0.799,0.9541,ns
M7vsM8_raw_12m,equal_width,Relative Mortality,uWUE,Mid,26,0.00665,38.5,0.8933,0.9541,ns
M7vsM8_raw_12m,equal_width,Relative Mortality,ETmax,Low,32,0.00023,43.8,0.8128,0.9541,ns
M7vsM8_raw_12m,equal_width,Relative Mortality,GPPsat,Low,32,0.06344,43.8,0.8026,0.9541,ns
M7vsM8_raw_12m,equal_width,Relative Mortality,NEPmax,Low,32,-0.03535,53.1,0.4516,0.9541,ns
M7vsM8_raw_12m,equal_width,Relative Mortality,WUE,Low,32,-0.00451,53.1,0.2475,0.8249,ns
M7vsM8_raw_12m,equal_width,Relative Mortality,uWUE,Low,32,0.00402,43.8,0.6698,0.9541,ns
M7vsM8_raw_12m,equal_width,Relative Mortality,ETmax,High,7,-0.00014,57.1,0.2234,0.8249,ns
M7vsM8_raw_12m,equal_width,Relative Mortality,GPPsat,High,7,0.36632,42.9,0.8641,0.9541,ns
M7vsM8_raw_12m,equal_width,Relative Mortality,NEPmax,High,7,-0.37076,57.1,0.3999,0.941,ns
M7vsM8_raw_12m,equal_width,Relative Mortality,WUE,High,7,-0.12861,85.7,0.01731,0.6922,ns
M7vsM8_raw_12m,equal_width,Relative Mortality,uWUE,High,7,-0.002,57.1,0.2234,0.8249,ns
M7vsM8_raw_12m,equal_width,Relative Disturbance,ETmax,Mid,27,-0.00011,59.3,0.2862,0.8805,ns
M7vsM8_raw_12m,equal_width,Relative Disturbance,GPPsat,Mid,27,0.00729,48.1,0.927,0.9541,ns
M7vsM8_raw_12m,equal_width,Relative Disturbance,NEPmax,Mid,27,-0.28709,55.6,0.1838,0.8249,ns
M7vsM8_raw_12m,equal_width,Relative Disturbance,WUE,Mid,27,0.00171,44.4,0.5903,0.9541,ns
M7vsM8_raw_12m,equal_width,Relative Disturbance,uWUE,Mid,27,0.00867,37,0.9302,0.9541,ns
M7vsM8_raw_12m,equal_width,Relative Disturbance,ETmax,High,9,-0.00014,55.6,0.2386,0.8249,ns
M7vsM8_raw_12m,equal_width,Relative Disturbance,GPPsat,High,9,-0.17605,55.6,0.5472,0.9541,ns
M7vsM8_raw_12m,equal_width,Relative Disturbance,NEPmax,High,9,-0.47904,66.7,0.09626,0.8249,ns
M7vsM8_raw_12m,equal_width,Relative Disturbance,WUE,High,9,-0.06769,77.8,0.03778,0.7556,ns
M7vsM8_raw_12m,equal_width,Relative Disturbance,uWUE,High,9,-0.002,55.6,0.2386,0.8249,ns
M7vsM8_raw_12m,equal_width,Relative Disturbance,ETmax,Low,29,0.00025,41.4,0.8602,0.9541,ns
M7vsM8_raw_12m,equal_width,Relative Disturbance,GPPsat,Low,29,0.08887,44.8,0.7689,0.9541,ns
M7vsM8_raw_12m,equal_width,Relative Disturbance,NEPmax,Low,29,0.01948,48.3,0.7203,0.9541,ns
M7vsM8_raw_12m,equal_width,Relative Disturbance,WUE,Low,29,-0.00199,51.7,0.3728,0.941,ns
M7vsM8_raw_12m,equal_width,Relative Disturbance,uWUE,Low,29,0.00358,44.8,0.5856,0.9541,ns
M7vsM8_raw_12m,natural_breaks,Absolute Mortality,ETmax,High,14,0.00011,50,0.475,0.9074,ns
M7vsM8_raw_12m,natural_breaks,Absolute Mortality,GPPsat,High,14,-0.12172,57.1,0.7349,0.9074,ns
M7vsM8_raw_12m,natural_breaks,Absolute Mortality,NEPmax,High,14,-0.00224,50,0.4253,0.9074,ns
M7vsM8_raw_12m,natural_breaks,Absolute Mortality,WUE,High,14,-0.03398,64.3,0.1046,0.9074,ns
M7vsM8_raw_12m,natural_breaks,Absolute Mortality,uWUE,High,14,0.00602,42.9,0.6922,0.9074,ns
M7vsM8_raw_12m,natural_breaks,Absolute Mortality,ETmax,Mid,32,7e-05,50,0.5705,0.9074,ns
M7vsM8_raw_12m,natural_breaks,Absolute Mortality,GPPsat,Mid,32,0.13261,40.6,0.9797,0.9836,ns
M7vsM8_raw_12m,natural_breaks,Absolute Mortality,NEPmax,Mid,32,-0.34204,53.1,0.1001,0.9074,ns
M7vsM8_raw_12m,natural_breaks,Absolute Mortality,WUE,Mid,32,0.00386,37.5,0.8227,0.9074,ns
M7vsM8_raw_12m,natural_breaks,Absolute Mortality,uWUE,Mid,32,0.00665,37.5,0.8589,0.9202,ns
M7vsM8_raw_12m,natural_breaks,Absolute Mortality,ETmax,Low,19,-0.00049,52.6,0.5876,0.9074,ns
M7vsM8_raw_12m,natural_breaks,Absolute Mortality,GPPsat,Low,19,-0.06992,52.6,0.4124,0.9074,ns
M7vsM8_raw_12m,natural_breaks,Absolute Mortality,NEPmax,Low,19,-0.04301,57.9,0.444,0.9074,ns
M7vsM8_raw_12m,natural_breaks,Absolute Mortality,WUE,Low,19,-0.03773,68.4,0.04001,0.9074,ns
M7vsM8_raw_12m,natural_breaks,Absolute Mortality,uWUE,Low,19,-0.01211,52.6,0.3075,0.9074,ns
M7vsM8_raw_12m,natural_breaks,Relative Mortality,ETmax,High,23,-0.00011,56.5,0.4576,0.9074,ns
M7vsM8_raw_12m,natural_breaks,Relative Mortality,GPPsat,High,23,-0.07156,52.2,0.807,0.9074,ns
M7vsM8_raw_12m,natural_breaks,Relative Mortality,NEPmax,High,23,-0.02095,52.2,0.2374,0.9074,ns
M7vsM8_raw_12m,natural_breaks,Relative Mortality,WUE,High,23,-0.03356,65.2,0.1208,0.9074,ns
M7vsM8_raw_12m,natural_breaks,Relative Mortality,uWUE,High,23,0.00139,43.5,0.7335,0.9074,ns
M7vsM8_raw_12m,natural_breaks,Relative Mortality,ETmax,Mid,18,0.00032,44.4,0.684,0.9074,ns
M7vsM8_raw_12m,natural_breaks,Relative Mortality,GPPsat,Mid,18,0.26238,33.3,0.9836,0.9836,ns
M7vsM8_raw_12m,natural_breaks,Relative Mortality,NEPmax,Mid,18,-0.08998,50,0.316,0.9074,ns
M7vsM8_raw_12m,natural_breaks,Relative Mortality,WUE,Mid,18,0.01434,33.3,0.7432,0.9074,ns
M7vsM8_raw_12m,natural_breaks,Relative Mortality,uWUE,Mid,18,0.00218,44.4,0.448,0.9074,ns
M7vsM8_raw_12m,natural_breaks,Relative Mortality,ETmax,Low,24,-0.00021,50,0.6395,0.9074,ns
M7vsM8_raw_12m,natural_breaks,Relative Mortality,GPPsat,Low,24,-0.07011,54.2,0.3605,0.9074,ns
M7vsM8_raw_12m,natural_breaks,Relative Mortality,NEPmax,Low,24,-0.04367,58.3,0.2986,0.9074,ns
M7vsM8_raw_12m,natural_breaks,Relative Mortality,WUE,Low,24,-0.00451,54.2,0.2331,0.9074,ns
M7vsM8_raw_12m,natural_breaks,Relative Mortality,uWUE,Low,24,0.00482,41.7,0.7923,0.9074,ns
M7vsM8_raw_12m,natural_breaks,Relative Disturbance,ETmax,High,22,-0.00062,63.6,0.165,0.9074,ns
M7vsM8_raw_12m,natural_breaks,Relative Disturbance,GPPsat,High,22,0.04114,50,0.8007,0.9074,ns
M7vsM8_raw_12m,natural_breaks,Relative Disturbance,NEPmax,High,22,-0.00224,50,0.2795,0.9074,ns
M7vsM8_raw_12m,natural_breaks,Relative Disturbance,WUE,High,22,-0.03398,63.6,0.09704,0.9074,ns
M7vsM8_raw_12m,natural_breaks,Relative Disturbance,uWUE,High,22,0.00503,40.9,0.8268,0.9074,ns
M7vsM8_raw_12m,natural_breaks,Relative Disturbance,ETmax,Mid,20,0.00032,45,0.6929,0.9074,ns
M7vsM8_raw_12m,natural_breaks,Relative Disturbance,GPPsat,Mid,20,0.05934,45,0.9347,0.9782,ns
M7vsM8_raw_12m,natural_breaks,Relative Disturbance,NEPmax,Mid,20,-0.25994,55,0.1802,0.9074,ns
M7vsM8_raw_12m,natural_breaks,Relative Disturbance,WUE,Mid,20,0.00386,40,0.5372,0.9074,ns
M7vsM8_raw_12m,natural_breaks,Relative Disturbance,uWUE,Mid,20,0.00218,45,0.448,0.9074,ns
M7vsM8_raw_12m,natural_breaks,Relative Disturbance,ETmax,Low,23,0.00021,43.5,0.807,0.9074,ns
M7vsM8_raw_12m,natural_breaks,Relative Disturbance,GPPsat,Low,23,0.03801,47.8,0.6367,0.9074,ns
M7vsM8_raw_12m,natural_breaks,Relative Disturbance,NEPmax,Low,23,-0.04301,56.5,0.398,0.9074,ns
M7vsM8_raw_12m,natural_breaks,Relative Disturbance,WUE,Low,23,-0.00199,52.2,0.4216,0.9074,ns
M7vsM8_raw_12m,natural_breaks,Relative Disturbance,uWUE,Low,23,0.00446,43.5,0.7234,0.9074,ns
M7vsM8_raw_24m,tertiles,Absolute Mortality,ETmax,High,22,0.00108,45.5,0.7095,0.8227,ns
M7vsM8_raw_24m,tertiles,Absolute Mortality,GPPsat,High,22,-0.00177,50,0.7313,0.8227,ns
M7vsM8_raw_24m,tertiles,Absolute Mortality,NEPmax,High,22,0.00616,50,0.2581,0.7691,ns
M7vsM8_raw_24m,tertiles,Absolute Mortality,WUE,High,22,0.01573,40.9,0.4228,0.8227,ns
M7vsM8_raw_24m,tertiles,Absolute Mortality,uWUE,High,22,0.00173,45.5,0.6395,0.8227,ns
M7vsM8_raw_24m,tertiles,Absolute Mortality,ETmax,Mid,21,0.00147,28.6,0.972,0.972,ns
M7vsM8_raw_24m,tertiles,Absolute Mortality,GPPsat,Mid,21,-0.02873,52.4,0.5415,0.8227,ns
M7vsM8_raw_24m,tertiles,Absolute Mortality,NEPmax,Mid,21,-0.46696,71.4,0.05493,0.7316,ns
M7vsM8_raw_24m,tertiles,Absolute Mortality,WUE,Mid,21,-0.01167,57.1,0.3011,0.7691,ns
M7vsM8_raw_24m,tertiles,Absolute Mortality,uWUE,Mid,21,-0.01675,57.1,0.6989,0.8227,ns
M7vsM8_raw_24m,tertiles,Absolute Mortality,ETmax,Low,22,9e-05,50,0.5259,0.8227,ns
M7vsM8_raw_24m,tertiles,Absolute Mortality,GPPsat,Low,22,-0.0922,54.5,0.2276,0.7316,ns
M7vsM8_raw_24m,tertiles,Absolute Mortality,NEPmax,Low,22,-0.07048,59.1,0.08635,0.7316,ns
M7vsM8_raw_24m,tertiles,Absolute Mortality,WUE,Low,22,-0.02585,54.5,0.1279,0.7316,ns
M7vsM8_raw_24m,tertiles,Absolute Mortality,uWUE,Low,22,-0.00232,50,0.3247,0.7691,ns
M7vsM8_raw_24m,tertiles,Relative Mortality,ETmax,High,22,0.00189,40.9,0.9543,0.972,ns
M7vsM8_raw_24m,tertiles,Relative Mortality,GPPsat,High,22,-0.00177,50,0.7205,0.8227,ns
M7vsM8_raw_24m,tertiles,Relative Mortality,NEPmax,High,22,-0.11447,59.1,0.1148,0.7316,ns
M7vsM8_raw_24m,tertiles,Relative Mortality,WUE,High,22,0.0031,50,0.2179,0.7316,ns
M7vsM8_raw_24m,tertiles,Relative Mortality,uWUE,High,22,-0.00208,50,0.5129,0.8227,ns
M7vsM8_raw_24m,tertiles,Relative Mortality,ETmax,Mid,21,0.00073,38.1,0.5139,0.8227,ns
M7vsM8_raw_24m,tertiles,Relative Mortality,GPPsat,Mid,21,-0.02873,52.4,0.6743,0.8227,ns
M7vsM8_raw_24m,tertiles,Relative Mortality,NEPmax,Mid,21,-0.05612,61.9,0.174,0.7316,ns
M7vsM8_raw_24m,tertiles,Relative Mortality,WUE,Mid,21,-0.01167,57.1,0.3011,0.7691,ns
M7vsM8_raw_24m,tertiles,Relative Mortality,uWUE,Mid,21,-0.01721,57.1,0.5139,0.8227,ns
M7vsM8_raw_24m,tertiles,Relative Mortality,ETmax,Low,22,0.00042,45.5,0.8096,0.8886,ns
M7vsM8_raw_24m,tertiles,Relative Mortality,GPPsat,Low,22,-0.0922,54.5,0.1904,0.7316,ns
M7vsM8_raw_24m,tertiles,Relative Mortality,NEPmax,Low,22,-0.07048,59.1,0.05226,0.7316,ns
M7vsM8_raw_24m,tertiles,Relative Mortality,WUE,Low,22,0.0057,45.5,0.3131,0.7691,ns
M7vsM8_raw_24m,tertiles,Relative Mortality,uWUE,Low,22,0.00545,45.5,0.6635,0.8227,ns
M7vsM8_raw_24m,tertiles,Relative Disturbance,ETmax,High,22,0.00133,45.5,0.8852,0.9484,ns
M7vsM8_raw_24m,tertiles,Relative Disturbance,GPPsat,High,22,-0.00177,50,0.6635,0.8227,ns
M7vsM8_raw_24m,tertiles,Relative Disturbance,NEPmax,High,22,-0.02253,54.5,0.1571,0.7316,ns
M7vsM8_raw_24m,tertiles,Relative Disturbance,WUE,High,22,0.0031,50,0.1993,0.7316,ns
M7vsM8_raw_24m,tertiles,Relative Disturbance,uWUE,High,22,-0.00208,50,0.5129,0.8227,ns
M7vsM8_raw_24m,tertiles,Relative Disturbance,ETmax,Mid,21,0.00108,33.3,0.9124,0.9548,ns
M7vsM8_raw_24m,tertiles,Relative Disturbance,GPPsat,Mid,21,-0.06022,57.1,0.5,0.8227,ns
M7vsM8_raw_24m,tertiles,Relative Disturbance,NEPmax,Mid,21,-0.19964,71.4,0.05493,0.7316,ns
M7vsM8_raw_24m,tertiles,Relative Disturbance,WUE,Mid,21,-0.01325,61.9,0.1187,0.7316,ns
M7vsM8_raw_24m,tertiles,Relative Disturbance,uWUE,Mid,21,-0.00151,52.4,0.6228,0.8227,ns
M7vsM8_raw_24m,tertiles,Relative Disturbance,ETmax,Low,22,0.00042,45.5,0.5517,0.8227,ns
M7vsM8_raw_24m,tertiles,Relative Disturbance,GPPsat,Low,22,-0.04425,50,0.3851,0.8227,ns
M7vsM8_raw_24m,tertiles,Relative Disturbance,NEPmax,Low,22,-0.04724,54.5,0.1494,0.7316,ns
M7vsM8_raw_24m,tertiles,Relative Disturbance,WUE,Low,22,0.01037,40.9,0.5899,0.8227,ns
M7vsM8_raw_24m,tertiles,Relative Disturbance,uWUE,Low,22,0.00227,50,0.5,0.8227,ns
M7vsM8_raw_24m,equal_width,Absolute Mortality,ETmax,Mid,21,0.00063,47.6,0.5553,0.8792,ns
M7vsM8_raw_24m,equal_width,Absolute Mortality,GPPsat,Mid,21,-0.07214,52.4,0.5961,0.8831,ns
M7vsM8_raw_24m,equal_width,Absolute Mortality,NEPmax,Mid,21,-0.02695,57.1,0.2435,0.7579,ns
M7vsM8_raw_24m,equal_width,Absolute Mortality,WUE,Mid,21,0.01006,47.6,0.2658,0.7579,ns
M7vsM8_raw_24m,equal_width,Absolute Mortality,uWUE,Mid,21,0.01166,42.9,0.7227,0.9541,ns
M7vsM8_raw_24m,equal_width,Absolute Mortality,ETmax,Low,41,0.00058,41.5,0.8933,0.9541,ns
M7vsM8_raw_24m,equal_width,Absolute Mortality,GPPsat,Low,41,-0.06022,53.7,0.4331,0.8444,ns
M7vsM8_raw_24m,equal_width,Absolute Mortality,NEPmax,Low,41,-0.11134,63.4,0.01679,0.2238,ns
M7vsM8_raw_24m,equal_width,Absolute Mortality,WUE,Low,41,-0.01167,53.7,0.2301,0.7579,ns
M7vsM8_raw_24m,equal_width,Absolute Mortality,uWUE,Low,41,-0.00986,53.7,0.4433,0.8444,ns
M7vsM8_raw_24m,equal_width,Absolute Mortality,ETmax,High,3,0.00476,0,,,""
M7vsM8_raw_24m,equal_width,Absolute Mortality,GPPsat,High,3,0.04205,33.3,,,""
M7vsM8_raw_24m,equal_width,Absolute Mortality,NEPmax,High,3,0.21464,33.3,,,""
M7vsM8_raw_24m,equal_width,Absolute Mortality,WUE,High,3,0.03386,33.3,,,""
M7vsM8_raw_24m,equal_width,Absolute Mortality,uWUE,High,3,-0.00473,66.7,,,""
M7vsM8_raw_24m,equal_width,Relative Mortality,ETmax,Mid,26,0.00086,46.2,0.7845,0.9541,ns
M7vsM8_raw_24m,equal_width,Relative Mortality,GPPsat,Mid,26,-0.09308,57.7,0.5304,0.8792,ns
M7vsM8_raw_24m,equal_width,Relative Mortality,NEPmax,Mid,26,-0.20544,73.1,0.01271,0.2238,ns
M7vsM8_raw_24m,equal_width,Relative Mortality,WUE,Mid,26,0.01285,46.2,0.5304,0.8792,ns
M7vsM8_raw_24m,equal_width,Relative Mortality,uWUE,Mid,26,0.00612,46.2,0.8626,0.9541,ns
M7vsM8_raw_24m,equal_width,Relative Mortality,ETmax,Low,32,0.00053,40.6,0.8589,0.9541,ns
M7vsM8_raw_24m,equal_width,Relative Mortality,GPPsat,Low,32,-0.05917,53.1,0.2842,0.7579,ns
M7vsM8_raw_24m,equal_width,Relative Mortality,NEPmax,Low,32,-0.07048,56.2,0.09371,0.5854,ns
M7vsM8_raw_24m,equal_width,Relative Mortality,WUE,Low,32,-0.01115,53.1,0.1974,0.7579,ns
M7vsM8_raw_24m,equal_width,Relative Mortality,uWUE,Low,32,-0.00527,53.1,0.3717,0.7826,ns
M7vsM8_raw_24m,equal_width,Relative Mortality,ETmax,High,7,0.00283,28.6,0.8237,0.9541,ns
M7vsM8_raw_24m,equal_width,Relative Mortality,GPPsat,High,7,0.27734,28.6,0.962,0.962,ns
M7vsM8_raw_24m,equal_width,Relative Mortality,NEPmax,High,7,0.14633,28.6,0.7229,0.9541,ns
M7vsM8_raw_24m,equal_width,Relative Mortality,WUE,High,7,-0.08831,57.1,0.1024,0.5854,ns
M7vsM8_raw_24m,equal_width,Relative Mortality,uWUE,High,7,-0.00473,57.1,0.2771,0.7579,ns
M7vsM8_raw_24m,equal_width,Relative Disturbance,ETmax,Mid,27,0.00023,48.1,0.7378,0.9541,ns
M7vsM8_raw_24m,equal_width,Relative Disturbance,GPPsat,Mid,27,-0.06022,55.6,0.5715,0.8792,ns
M7vsM8_raw_24m,equal_width,Relative Disturbance,NEPmax,Mid,27,-0.21125,74.1,0.01577,0.2238,ns
M7vsM8_raw_24m,equal_width,Relative Disturbance,WUE,Mid,27,0.01006,48.1,0.5144,0.8792,ns
M7vsM8_raw_24m,equal_width,Relative Disturbance,uWUE,Mid,27,0.02257,44.4,0.9592,0.962,ns
M7vsM8_raw_24m,equal_width,Relative Disturbance,ETmax,High,9,0.00283,33.3,0.8568,0.9541,ns
M7vsM8_raw_24m,equal_width,Relative Disturbance,GPPsat,High,9,0.04205,44.4,0.8284,0.9541,ns
M7vsM8_raw_24m,equal_width,Relative Disturbance,NEPmax,High,9,0.11956,44.4,0.2035,0.7579,ns
M7vsM8_raw_24m,equal_width,Relative Disturbance,WUE,High,9,-0.04921,66.7,0.03778,0.3778,ns
M7vsM8_raw_24m,equal_width,Relative Disturbance,uWUE,High,9,-0.01867,66.7,0.06177,0.4941,ns
M7vsM8_raw_24m,equal_width,Relative Disturbance,ETmax,Low,29,0.00059,37.9,0.9064,0.9541,ns
M7vsM8_raw_24m,equal_width,Relative Disturbance,GPPsat,Low,29,-0.08961,51.7,0.3406,0.7826,ns
M7vsM8_raw_24m,equal_width,Relative Disturbance,NEPmax,Low,29,-0.04612,51.7,0.2513,0.7579,ns
M7vsM8_raw_24m,equal_width,Relative Disturbance,WUE,Low,29,0.0027,48.3,0.3249,0.7826,ns
M7vsM8_raw_24m,equal_width,Relative Disturbance,uWUE,Low,29,-0.00068,51.7,0.3647,0.7826,ns
M7vsM8_raw_24m,natural_breaks,Absolute Mortality,ETmax,High,14,0.00219,28.6,0.9417,0.9417,ns
M7vsM8_raw_24m,natural_breaks,Absolute Mortality,GPPsat,High,14,0.01155,50,0.7551,0.8942,ns
M7vsM8_raw_24m,natural_breaks,Absolute Mortality,NEPmax,High,14,0.07942,42.9,0.5,0.8395,ns
M7vsM8_raw_24m,natural_breaks,Absolute Mortality,WUE,High,14,-0.02268,57.1,0.1292,0.76,ns
M7vsM8_raw_24m,natural_breaks,Absolute Mortality,uWUE,High,14,-0.00208,50,0.3768,0.8395,ns
M7vsM8_raw_24m,natural_breaks,Absolute Mortality,ETmax,Mid,32,0.00091,40.6,0.8787,0.9417,ns
M7vsM8_raw_24m,natural_breaks,Absolute Mortality,GPPsat,Mid,32,-0.04448,53.1,0.5851,0.8517,ns
M7vsM8_raw_24m,natural_breaks,Absolute Mortality,NEPmax,Mid,32,-0.30721,71.9,0.006968,0.3136,ns
M7vsM8_raw_24m,natural_breaks,Absolute Mortality,WUE,Mid,32,0.01258,43.8,0.6766,0.8517,ns
M7vsM8_raw_24m,natural_breaks,Absolute Mortality,uWUE,Mid,32,0.00559,50,0.8671,0.9417,ns
M7vsM8_raw_24m,natural_breaks,Absolute Mortality,ETmax,Low,19,-8e-05,52.6,0.4281,0.8395,ns
M7vsM8_raw_24m,natural_breaks,Absolute Mortality,GPPsat,Low,19,-0.08961,52.6,0.2533,0.76,ns
M7vsM8_raw_24m,natural_breaks,Absolute Mortality,NEPmax,Low,19,-0.04612,52.6,0.2406,0.76,ns
M7vsM8_raw_24m,natural_breaks,Absolute Mortality,WUE,Low,19,-0.02785,57.9,0.06065,0.6684,ns
M7vsM8_raw_24m,natural_breaks,Absolute Mortality,uWUE,Low,19,-0.00986,52.6,0.2283,0.76,ns
M7vsM8_raw_24m,natural_breaks,Relative Mortality,ETmax,High,23,0.00174,43.5,0.9377,0.9417,ns
M7vsM8_raw_24m,natural_breaks,Relative Mortality,GPPsat,High,23,-0.01896,52.2,0.6813,0.8517,ns
M7vsM8_raw_24m,natural_breaks,Relative Mortality,NEPmax,High,23,-0.19964,60.9,0.07427,0.6684,ns
M7vsM8_raw_24m,natural_breaks,Relative Mortality,WUE,High,23,-0.00962,52.2,0.2101,0.76,ns
M7vsM8_raw_24m,natural_breaks,Relative Mortality,uWUE,High,23,-0.00473,52.2,0.4098,0.8395,ns
M7vsM8_raw_24m,natural_breaks,Relative Mortality,ETmax,Mid,18,0.00115,27.8,0.8198,0.9417,ns
M7vsM8_raw_24m,natural_breaks,Relative Mortality,GPPsat,Mid,18,-0.01097,50,0.6684,0.8517,ns
M7vsM8_raw_24m,natural_breaks,Relative Mortality,NEPmax,Mid,18,-0.04154,61.1,0.2856,0.8034,ns
M7vsM8_raw_24m,natural_breaks,Relative Mortality,WUE,Mid,18,-0.01036,55.6,0.316,0.8363,ns
M7vsM8_raw_24m,natural_breaks,Relative Mortality,uWUE,Mid,18,-0.00936,55.6,0.5,0.8395,ns
M7vsM8_raw_24m,natural_breaks,Relative Mortality,ETmax,Low,24,9e-05,50,0.607,0.8517,ns
M7vsM8_raw_24m,natural_breaks,Relative Mortality,GPPsat,Low,24,-0.0922,54.2,0.242,0.76,ns
M7vsM8_raw_24m,natural_breaks,Relative Mortality,NEPmax,Low,24,-0.07048,58.3,0.05323,0.6684,ns
M7vsM8_raw_24m,natural_breaks,Relative Mortality,WUE,Low,24,0.0057,45.8,0.3499,0.8395,ns
M7vsM8_raw_24m,natural_breaks,Relative Mortality,uWUE,Low,24,0.00545,45.8,0.7113,0.8651,ns
M7vsM8_raw_24m,natural_breaks,Relative Disturbance,ETmax,High,22,0.00133,45.5,0.8852,0.9417,ns
M7vsM8_raw_24m,natural_breaks,Relative Disturbance,GPPsat,High,22,-0.00177,50,0.6635,0.8517,ns
M7vsM8_raw_24m,natural_breaks,Relative Disturbance,NEPmax,High,22,-0.02253,54.5,0.1571,0.76,ns
M7vsM8_raw_24m,natural_breaks,Relative Disturbance,WUE,High,22,0.0031,50,0.1993,0.76,ns
M7vsM8_raw_24m,natural_breaks,Relative Disturbance,uWUE,High,22,-0.00208,50,0.5129,0.8395,ns
M7vsM8_raw_24m,natural_breaks,Relative Disturbance,ETmax,Mid,20,0.00115,30,0.9075,0.9417,ns
M7vsM8_raw_24m,natural_breaks,Relative Disturbance,GPPsat,Mid,20,-0.09519,60,0.3897,0.8395,ns
M7vsM8_raw_24m,natural_breaks,Relative Disturbance,NEPmax,Mid,20,-0.26888,75,0.02726,0.6134,ns
M7vsM8_raw_24m,natural_breaks,Relative Disturbance,WUE,Mid,20,-0.01246,60,0.1802,0.76,ns
M7vsM8_raw_24m,natural_breaks,Relative Disturbance,uWUE,Mid,20,-0.00936,55,0.5223,0.8395,ns
M7vsM8_raw_24m,natural_breaks,Relative Disturbance,ETmax,Low,23,0.00026,47.8,0.5544,0.8517,ns
M7vsM8_raw_24m,natural_breaks,Relative Disturbance,GPPsat,Low,23,0.00111,47.8,0.4939,0.8395,ns
M7vsM8_raw_24m,natural_breaks,Relative Disturbance,NEPmax,Low,23,-0.04612,52.2,0.2101,0.76,ns
M7vsM8_raw_24m,natural_breaks,Relative Disturbance,WUE,Low,23,0.00871,43.5,0.4939,0.8395,ns
M7vsM8_raw_24m,natural_breaks,Relative Disturbance,uWUE,Low,23,0.00523,47.8,0.6137,0.8517,ns
M7vsM8_anom_12m,tertiles,Absolute Mortality,ETmax,High,22,0.002,40.9,0.8721,0.8919,ns
M7vsM8_anom_12m,tertiles,Absolute Mortality,GPPsat,High,22,-0.0811,54.5,0.4228,0.8036,ns
M7vsM8_anom_12m,tertiles,Absolute Mortality,NEPmax,High,22,-0.51686,59.1,0.3247,0.7624,ns
M7vsM8_anom_12m,tertiles,Absolute Mortality,WUE,High,22,0.00091,50,0.6273,0.8531,ns
M7vsM8_anom_12m,tertiles,Absolute Mortality,uWUE,High,22,0.00998,50,0.7625,0.8689,ns
M7vsM8_anom_12m,tertiles,Absolute Mortality,ETmax,Mid,21,0.00077,47.6,0.6359,0.8531,ns
M7vsM8_anom_12m,tertiles,Absolute Mortality,GPPsat,Mid,21,-0.09509,57.1,0.5,0.8036,ns
M7vsM8_anom_12m,tertiles,Absolute Mortality,NEPmax,Mid,21,-0.34832,66.7,0.133,0.7624,ns
M7vsM8_anom_12m,tertiles,Absolute Mortality,WUE,Mid,21,-0.03257,61.9,0.1652,0.7624,ns
M7vsM8_anom_12m,tertiles,Absolute Mortality,uWUE,Mid,21,0.00345,47.6,0.4447,0.8036,ns
M7vsM8_anom_12m,tertiles,Absolute Mortality,ETmax,Low,22,0.00203,45.5,0.8268,0.8858,ns
M7vsM8_anom_12m,tertiles,Absolute Mortality,GPPsat,Low,22,-0.07958,54.5,0.2581,0.7624,ns
M7vsM8_anom_12m,tertiles,Absolute Mortality,NEPmax,Low,22,-0.79288,72.7,0.004699,0.07048,ns
M7vsM8_anom_12m,tertiles,Absolute Mortality,WUE,Low,22,0.0018,50,0.4871,0.8036,ns
M7vsM8_anom_12m,tertiles,Absolute Mortality,uWUE,Low,22,-0.02347,54.5,0.1571,0.7624,ns
M7vsM8_anom_12m,tertiles,Relative Mortality,ETmax,High,22,1e-04,50,0.6635,0.8531,ns
M7vsM8_anom_12m,tertiles,Relative Mortality,GPPsat,High,22,-0.15976,59.1,0.3017,0.7624,ns
M7vsM8_anom_12m,tertiles,Relative Mortality,NEPmax,High,22,-0.62043,54.5,0.2276,0.7624,ns
M7vsM8_anom_12m,tertiles,Relative Mortality,WUE,High,22,-0.00336,50,0.4871,0.8036,ns
M7vsM8_anom_12m,tertiles,Relative Mortality,uWUE,High,22,0.02694,45.5,0.6516,0.8531,ns
M7vsM8_anom_12m,tertiles,Relative Mortality,ETmax,Mid,21,0.00096,42.9,0.7673,0.8689,ns
M7vsM8_anom_12m,tertiles,Relative Mortality,GPPsat,Mid,21,0.01484,42.9,0.8169,0.8858,ns
M7vsM8_anom_12m,tertiles,Relative Mortality,NEPmax,Mid,21,-0.34832,66.7,0.2658,0.7624,ns
M7vsM8_anom_12m,tertiles,Relative Mortality,WUE,Mid,21,-0.03257,66.7,0.2773,0.7624,ns
M7vsM8_anom_12m,tertiles,Relative Mortality,uWUE,Mid,21,-0.02819,61.9,0.2658,0.7624,ns
M7vsM8_anom_12m,tertiles,Relative Mortality,ETmax,Low,22,0.00229,40.9,0.9365,0.9365,ns
M7vsM8_anom_12m,tertiles,Relative Mortality,GPPsat,Low,22,-0.13274,63.6,0.09704,0.7624,ns
M7vsM8_anom_12m,tertiles,Relative Mortality,NEPmax,Low,22,-0.63949,77.3,0.002619,0.06511,ns
M7vsM8_anom_12m,tertiles,Relative Mortality,WUE,Low,22,0.00836,45.5,0.5388,0.8361,ns
M7vsM8_anom_12m,tertiles,Relative Mortality,uWUE,Low,22,0.00312,45.5,0.4871,0.8036,ns
M7vsM8_anom_12m,tertiles,Relative Disturbance,ETmax,High,22,0.00105,45.5,0.8506,0.8901,ns
M7vsM8_anom_12m,tertiles,Relative Disturbance,GPPsat,High,22,-0.15976,59.1,0.3017,0.7624,ns
M7vsM8_anom_12m,tertiles,Relative Disturbance,NEPmax,High,22,-0.62043,54.5,0.3247,0.7624,ns
M7vsM8_anom_12m,tertiles,Relative Disturbance,WUE,High,22,-0.00479,54.5,0.3727,0.7624,ns
M7vsM8_anom_12m,tertiles,Relative Disturbance,uWUE,High,22,0.02694,45.5,0.6516,0.8531,ns
M7vsM8_anom_12m,tertiles,Relative Disturbance,ETmax,Mid,21,0.00096,42.9,0.6989,0.8689,ns
M7vsM8_anom_12m,tertiles,Relative Disturbance,GPPsat,Mid,21,0.00914,47.6,0.7455,0.8689,ns
M7vsM8_anom_12m,tertiles,Relative Disturbance,NEPmax,Mid,21,-0.14446,66.7,0.2021,0.7624,ns
M7vsM8_anom_12m,tertiles,Relative Disturbance,WUE,Mid,21,-0.03257,61.9,0.3511,0.7624,ns
M7vsM8_anom_12m,tertiles,Relative Disturbance,uWUE,Mid,21,-0.02819,61.9,0.3011,0.7624,ns
M7vsM8_anom_12m,tertiles,Relative Disturbance,ETmax,Low,22,0.00203,45.5,0.7724,0.8689,ns
M7vsM8_anom_12m,tertiles,Relative Disturbance,GPPsat,Low,22,-0.11024,59.1,0.1571,0.7624,ns
M7vsM8_anom_12m,tertiles,Relative Disturbance,NEPmax,Low,22,-0.60829,77.3,0.002894,0.06511,ns
M7vsM8_anom_12m,tertiles,Relative Disturbance,WUE,Low,22,0.00836,45.5,0.5899,0.8531,ns
M7vsM8_anom_12m,tertiles,Relative Disturbance,uWUE,Low,22,0.00312,45.5,0.3605,0.7624,ns
M7vsM8_anom_12m,equal_width,Absolute Mortality,ETmax,Mid,21,7e-04,47.6,0.6743,0.8173,ns
M7vsM8_anom_12m,equal_width,Absolute Mortality,GPPsat,Mid,21,-0.21611,61.9,0.1652,0.7343,ns
M7vsM8_anom_12m,equal_width,Absolute Mortality,NEPmax,Mid,21,-0.69575,66.7,0.08762,0.5841,ns
M7vsM8_anom_12m,equal_width,Absolute Mortality,WUE,Mid,21,-0.00051,52.4,0.4723,0.7745,ns
M7vsM8_anom_12m,equal_width,Absolute Mortality,uWUE,Mid,21,-0.02168,57.1,0.5139,0.7745,ns
M7vsM8_anom_12m,equal_width,Absolute Mortality,ETmax,Low,41,0.00132,46.3,0.8439,0.9582,ns
M7vsM8_anom_12m,equal_width,Absolute Mortality,GPPsat,Low,41,-0.09509,56.1,0.3392,0.7384,ns
M7vsM8_anom_12m,equal_width,Absolute Mortality,NEPmax,Low,41,-0.58952,70.7,0.006907,0.1381,ns
M7vsM8_anom_12m,equal_width,Absolute Mortality,WUE,Low,41,-0.0124,56.1,0.2585,0.7384,ns
M7vsM8_anom_12m,equal_width,Absolute Mortality,uWUE,Low,41,0.00278,48.8,0.3487,0.7384,ns
M7vsM8_anom_12m,equal_width,Absolute Mortality,ETmax,High,3,0.0084,0,,,""
M7vsM8_anom_12m,equal_width,Absolute Mortality,GPPsat,High,3,0.40624,0,,,""
M7vsM8_anom_12m,equal_width,Absolute Mortality,NEPmax,High,3,1.02121,0,,,""
M7vsM8_anom_12m,equal_width,Absolute Mortality,WUE,High,3,0.17236,33.3,,,""
M7vsM8_anom_12m,equal_width,Absolute Mortality,uWUE,High,3,0.03914,33.3,,,""
M7vsM8_anom_12m,equal_width,Relative Mortality,ETmax,Mid,26,1e-04,50,0.4899,0.7745,ns
M7vsM8_anom_12m,equal_width,Relative Mortality,GPPsat,Mid,26,-0.0811,57.7,0.333,0.7384,ns
M7vsM8_anom_12m,equal_width,Relative Mortality,NEPmax,Mid,26,-0.62043,69.2,0.03187,0.3187,ns
M7vsM8_anom_12m,equal_width,Relative Mortality,WUE,Mid,26,-0.00479,53.8,0.5606,0.7745,ns
M7vsM8_anom_12m,equal_width,Relative Mortality,uWUE,Mid,26,-0.02494,57.7,0.3422,0.7384,ns
M7vsM8_anom_12m,equal_width,Relative Mortality,ETmax,Low,32,0.00229,43.8,0.9124,0.9582,ns
M7vsM8_anom_12m,equal_width,Relative Mortality,GPPsat,Low,32,-0.13274,59.4,0.1454,0.7343,ns
M7vsM8_anom_12m,equal_width,Relative Mortality,NEPmax,Low,32,-0.60829,75,0.006613,0.1381,ns
M7vsM8_anom_12m,equal_width,Relative Mortality,WUE,Low,32,-0.00677,53.1,0.3507,0.7384,ns
M7vsM8_anom_12m,equal_width,Relative Mortality,uWUE,Low,32,-0.00561,50,0.337,0.7384,ns
M7vsM8_anom_12m,equal_width,Relative Mortality,ETmax,High,7,0.00649,28.6,0.9458,0.9582,ns
M7vsM8_anom_12m,equal_width,Relative Mortality,GPPsat,High,7,0.40624,28.6,0.8976,0.9582,ns
M7vsM8_anom_12m,equal_width,Relative Mortality,NEPmax,High,7,1.02121,14.3,0.9458,0.9582,ns
M7vsM8_anom_12m,equal_width,Relative Mortality,WUE,High,7,-0.03311,57.1,0.3363,0.7384,ns
M7vsM8_anom_12m,equal_width,Relative Mortality,uWUE,High,7,0.04645,28.6,0.8976,0.9582,ns
M7vsM8_anom_12m,equal_width,Relative Disturbance,ETmax,Mid,27,-5e-04,51.9,0.562,0.7745,ns
M7vsM8_anom_12m,equal_width,Relative Disturbance,GPPsat,Mid,27,-0.05879,55.6,0.5809,0.7745,ns
M7vsM8_anom_12m,equal_width,Relative Disturbance,NEPmax,Mid,27,-0.54511,66.7,0.07643,0.5841,ns
M7vsM8_anom_12m,equal_width,Relative Disturbance,WUE,Mid,27,-0.00906,55.6,0.5526,0.7745,ns
M7vsM8_anom_12m,equal_width,Relative Disturbance,uWUE,Mid,27,-0.00581,51.9,0.6629,0.8173,ns
M7vsM8_anom_12m,equal_width,Relative Disturbance,ETmax,High,9,0.0014,44.4,0.6389,0.8173,ns
M7vsM8_anom_12m,equal_width,Relative Disturbance,GPPsat,High,9,0.1699,44.4,0.5,0.7745,ns
M7vsM8_anom_12m,equal_width,Relative Disturbance,NEPmax,High,9,0.39105,44.4,0.5,0.7745,ns
M7vsM8_anom_12m,equal_width,Relative Disturbance,WUE,High,9,-0.0193,55.6,0.3178,0.7384,ns
M7vsM8_anom_12m,equal_width,Relative Disturbance,uWUE,High,9,0.02577,44.4,0.5,0.7745,ns
M7vsM8_anom_12m,equal_width,Relative Disturbance,ETmax,Low,29,0.0029,37.9,0.9582,0.9582,ns
M7vsM8_anom_12m,equal_width,Relative Disturbance,GPPsat,Low,29,-0.12539,58.6,0.1599,0.7343,ns
M7vsM8_anom_12m,equal_width,Relative Disturbance,NEPmax,Low,29,-0.58952,72.4,0.02333,0.3111,ns
M7vsM8_anom_12m,equal_width,Relative Disturbance,WUE,Low,29,-0.00114,51.7,0.3893,0.7745,ns
M7vsM8_anom_12m,equal_width,Relative Disturbance,uWUE,Low,29,-0.01399,51.7,0.2182,0.7384,ns
M7vsM8_anom_12m,natural_breaks,Absolute Mortality,ETmax,High,14,0.002,35.7,0.8424,0.8901,ns
M7vsM8_anom_12m,natural_breaks,Absolute Mortality,GPPsat,High,14,-0.15976,57.1,0.3532,0.7347,ns
M7vsM8_anom_12m,natural_breaks,Absolute Mortality,NEPmax,High,14,-0.38809,50,0.475,0.7698,ns
M7vsM8_anom_12m,natural_breaks,Absolute Mortality,WUE,High,14,-0.01418,57.1,0.4009,0.7516,ns
M7vsM8_anom_12m,natural_breaks,Absolute Mortality,uWUE,High,14,0.03792,35.7,0.9063,0.9247,ns
M7vsM8_anom_12m,natural_breaks,Absolute Mortality,ETmax,Mid,32,0.00086,46.9,0.7158,0.8901,ns
M7vsM8_anom_12m,natural_breaks,Absolute Mortality,GPPsat,Mid,32,-0.16565,59.4,0.3167,0.7347,ns
M7vsM8_anom_12m,natural_breaks,Absolute Mortality,NEPmax,Mid,32,-0.51686,71.9,0.02647,0.2978,ns
M7vsM8_anom_12m,natural_breaks,Absolute Mortality,WUE,Mid,32,-0.00642,53.1,0.4963,0.7698,ns
M7vsM8_anom_12m,natural_breaks,Absolute Mortality,uWUE,Mid,32,-0.02494,59.4,0.2655,0.7347,ns
M7vsM8_anom_12m,natural_breaks,Absolute Mortality,ETmax,Low,19,0.00189,47.4,0.8174,0.8901,ns
M7vsM8_anom_12m,natural_breaks,Absolute Mortality,GPPsat,Low,19,0.01484,47.4,0.556,0.7819,ns
M7vsM8_anom_12m,natural_breaks,Absolute Mortality,NEPmax,Low,19,-0.58952,68.4,0.02548,0.2978,ns
M7vsM8_anom_12m,natural_breaks,Absolute Mortality,WUE,Low,19,-0.00114,52.6,0.3218,0.7347,ns
M7vsM8_anom_12m,natural_breaks,Absolute Mortality,uWUE,Low,19,0.00278,47.4,0.3662,0.7347,ns
M7vsM8_anom_12m,natural_breaks,Relative Mortality,ETmax,High,23,-5e-04,52.2,0.6137,0.8368,ns
M7vsM8_anom_12m,natural_breaks,Relative Mortality,GPPsat,High,23,-0.21611,60.9,0.2469,0.7347,ns
M7vsM8_anom_12m,natural_breaks,Relative Mortality,NEPmax,High,23,-0.69575,56.5,0.1768,0.7347,ns
M7vsM8_anom_12m,natural_breaks,Relative Mortality,WUE,High,23,-0.00906,52.2,0.4336,0.7698,ns
M7vsM8_anom_12m,natural_breaks,Relative Mortality,uWUE,High,23,0.02577,47.8,0.5303,0.7698,ns
M7vsM8_anom_12m,natural_breaks,Relative Mortality,ETmax,Mid,18,0.0031,33.3,0.9247,0.9247,ns
M7vsM8_anom_12m,natural_breaks,Relative Mortality,GPPsat,Mid,18,0.11752,44.4,0.8417,0.8901,ns
M7vsM8_anom_12m,natural_breaks,Relative Mortality,NEPmax,Mid,18,-0.26139,66.7,0.2856,0.7347,ns
M7vsM8_anom_12m,natural_breaks,Relative Mortality,WUE,Mid,18,-0.03191,66.7,0.3006,0.7347,ns
M7vsM8_anom_12m,natural_breaks,Relative Mortality,uWUE,Mid,18,-0.02494,61.1,0.3638,0.7347,ns
M7vsM8_anom_12m,natural_breaks,Relative Mortality,ETmax,Low,24,0.00203,45.8,0.7923,0.8901,ns
M7vsM8_anom_12m,natural_breaks,Relative Mortality,GPPsat,Low,24,-0.11024,58.3,0.1236,0.7347,ns
M7vsM8_anom_12m,natural_breaks,Relative Mortality,NEPmax,Low,24,-0.60421,75,0.00411,0.1361,ns
M7vsM8_anom_12m,natural_breaks,Relative Mortality,WUE,Low,24,0.00836,45.8,0.5285,0.7698,ns
M7vsM8_anom_12m,natural_breaks,Relative Mortality,uWUE,Low,24,0.00312,45.8,0.4488,0.7698,ns
M7vsM8_anom_12m,natural_breaks,Relative Disturbance,ETmax,High,22,0.00105,45.5,0.8506,0.8901,ns
M7vsM8_anom_12m,natural_breaks,Relative Disturbance,GPPsat,High,22,-0.15976,59.1,0.3017,0.7347,ns
M7vsM8_anom_12m,natural_breaks,Relative Disturbance,NEPmax,High,22,-0.62043,54.5,0.3247,0.7347,ns
M7vsM8_anom_12m,natural_breaks,Relative Disturbance,WUE,High,22,-0.00479,54.5,0.3727,0.7347,ns
M7vsM8_anom_12m,natural_breaks,Relative Disturbance,uWUE,High,22,0.02694,45.5,0.6516,0.8565,ns
M7vsM8_anom_12m,natural_breaks,Relative Disturbance,ETmax,Mid,20,0.00086,45,0.6662,0.8565,ns
M7vsM8_anom_12m,natural_breaks,Relative Disturbance,GPPsat,Mid,20,0.0011,50,0.7432,0.8901,ns
M7vsM8_anom_12m,natural_breaks,Relative Disturbance,NEPmax,Mid,20,-0.26139,70,0.1613,0.7347,ns
M7vsM8_anom_12m,natural_breaks,Relative Disturbance,WUE,Mid,20,-0.03191,60,0.3755,0.7347,ns
M7vsM8_anom_12m,natural_breaks,Relative Disturbance,uWUE,Mid,20,-0.02494,60,0.3338,0.7347,ns
M7vsM8_anom_12m,natural_breaks,Relative Disturbance,ETmax,Low,23,0.00216,43.5,0.807,0.8901,ns
M7vsM8_anom_12m,natural_breaks,Relative Disturbance,GPPsat,Low,23,-0.09509,56.5,0.193,0.7347,ns
M7vsM8_anom_12m,natural_breaks,Relative Disturbance,NEPmax,Low,23,-0.59769,73.9,0.00605,0.1361,ns
M7vsM8_anom_12m,natural_breaks,Relative Disturbance,WUE,Low,23,0.00474,47.8,0.5182,0.7698,ns
M7vsM8_anom_12m,natural_breaks,Relative Disturbance,uWUE,Low,23,0.00278,47.8,0.3407,0.7347,ns
M7vsM8_anom_24m,tertiles,Absolute Mortality,ETmax,High,22,0.00031,50,0.8268,0.8652,ns
M7vsM8_anom_24m,tertiles,Absolute Mortality,GPPsat,High,22,-0.08421,54.5,0.1732,0.5963,ns
M7vsM8_anom_24m,tertiles,Absolute Mortality,NEPmax,High,22,-0.19286,68.2,0.2276,0.6025,ns
M7vsM8_anom_24m,tertiles,Absolute Mortality,WUE,High,22,-0.02411,59.1,0.165,0.5963,ns
M7vsM8_anom_24m,tertiles,Absolute Mortality,uWUE,High,22,0.02302,27.3,0.9477,0.9477,ns
M7vsM8_anom_24m,tertiles,Absolute Mortality,ETmax,Mid,21,-0.00103,66.7,0.2773,0.6288,ns
M7vsM8_anom_24m,tertiles,Absolute Mortality,GPPsat,Mid,21,0.26911,38.1,0.6989,0.8578,ns
M7vsM8_anom_24m,tertiles,Absolute Mortality,NEPmax,Mid,21,-0.16342,61.9,0.4174,0.7412,ns
M7vsM8_anom_24m,tertiles,Absolute Mortality,WUE,Mid,21,-0.01338,57.1,0.1924,0.5963,ns
M7vsM8_anom_24m,tertiles,Absolute Mortality,uWUE,Mid,21,-0.00737,52.4,0.3011,0.6408,ns
M7vsM8_anom_24m,tertiles,Absolute Mortality,ETmax,Low,22,-3e-04,54.5,0.7205,0.8578,ns
M7vsM8_anom_24m,tertiles,Absolute Mortality,GPPsat,Low,22,-0.09849,54.5,0.2085,0.5963,ns
M7vsM8_anom_24m,tertiles,Absolute Mortality,NEPmax,Low,22,-0.588,72.7,0.01254,0.1881,ns
M7vsM8_anom_24m,tertiles,Absolute Mortality,WUE,Low,22,-0.00683,54.5,0.4871,0.7558,ns
M7vsM8_anom_24m,tertiles,Absolute Mortality,uWUE,Low,22,-0.0129,54.5,0.06766,0.5963,ns
M7vsM8_anom_24m,tertiles,Relative Mortality,ETmax,High,22,-0.00014,54.5,0.7419,0.8578,ns
M7vsM8_anom_24m,tertiles,Relative Mortality,GPPsat,High,22,-0.08421,54.5,0.1148,0.5963,ns
M7vsM8_anom_24m,tertiles,Relative Mortality,NEPmax,High,22,-0.3204,68.2,0.1732,0.5963,ns
M7vsM8_anom_24m,tertiles,Relative Mortality,WUE,High,22,-0.04727,68.2,0.08635,0.5963,ns
M7vsM8_anom_24m,tertiles,Relative Mortality,uWUE,High,22,0.01256,40.9,0.7625,0.8578,ns
M7vsM8_anom_24m,tertiles,Relative Mortality,ETmax,Mid,21,-0.00055,61.9,0.5826,0.8295,ns
M7vsM8_anom_24m,tertiles,Relative Mortality,GPPsat,Mid,21,0.10653,47.6,0.6489,0.8578,ns
M7vsM8_anom_24m,tertiles,Relative Mortality,NEPmax,Mid,21,-0.01696,52.4,0.6989,0.8578,ns
M7vsM8_anom_24m,tertiles,Relative Mortality,WUE,Mid,21,-0.00786,52.4,0.212,0.5963,ns
M7vsM8_anom_24m,tertiles,Relative Mortality,uWUE,Mid,21,-0.00737,52.4,0.3133,0.6408,ns
M7vsM8_anom_24m,tertiles,Relative Mortality,ETmax,Low,22,-0.00055,54.5,0.5899,0.8295,ns
M7vsM8_anom_24m,tertiles,Relative Mortality,GPPsat,Low,22,0.01221,45.5,0.4355,0.7412,ns
M7vsM8_anom_24m,tertiles,Relative Mortality,NEPmax,Low,22,-0.68045,81.8,0.004699,0.1531,ns
M7vsM8_anom_24m,tertiles,Relative Mortality,WUE,Low,22,0.00266,50,0.6869,0.8578,ns
M7vsM8_anom_24m,tertiles,Relative Mortality,uWUE,Low,22,0.00743,40.9,0.3365,0.6584,ns
M7vsM8_anom_24m,tertiles,Relative Disturbance,ETmax,High,22,0.00014,50,0.8973,0.9177,ns
M7vsM8_anom_24m,tertiles,Relative Disturbance,GPPsat,High,22,-0.02596,50,0.1993,0.5963,ns
M7vsM8_anom_24m,tertiles,Relative Disturbance,NEPmax,High,22,-0.14592,63.6,0.2795,0.6288,ns
M7vsM8_anom_24m,tertiles,Relative Disturbance,WUE,High,22,-0.04727,68.2,0.07658,0.5963,ns
M7vsM8_anom_24m,tertiles,Relative Disturbance,uWUE,High,22,0.01256,40.9,0.7625,0.8578,ns
M7vsM8_anom_24m,tertiles,Relative Disturbance,ETmax,Mid,21,-0.00165,76.2,0.09922,0.5963,ns
M7vsM8_anom_24m,tertiles,Relative Disturbance,GPPsat,Mid,21,-0.06697,52.4,0.5277,0.7916,ns
M7vsM8_anom_24m,tertiles,Relative Disturbance,NEPmax,Mid,21,-0.09667,61.9,0.4039,0.7412,ns
M7vsM8_anom_24m,tertiles,Relative Disturbance,WUE,Mid,21,-0.01128,57.1,0.1257,0.5963,ns
M7vsM8_anom_24m,tertiles,Relative Disturbance,uWUE,Mid,21,0.00297,47.6,0.4447,0.7412,ns
M7vsM8_anom_24m,tertiles,Relative Disturbance,ETmax,Low,22,0.00199,45.5,0.8007,0.8579,ns
M7vsM8_anom_24m,tertiles,Relative Disturbance,GPPsat,Low,22,0.01221,45.5,0.4871,0.7558,ns
M7vsM8_anom_24m,tertiles,Relative Disturbance,NEPmax,Low,22,-0.588,77.3,0.006805,0.1531,ns
M7vsM8_anom_24m,tertiles,Relative Disturbance,WUE,Low,22,0.00772,45.5,0.8007,0.8579,ns
M7vsM8_anom_24m,tertiles,Relative Disturbance,uWUE,Low,22,0.00263,45.5,0.2477,0.6192,ns
M7vsM8_anom_24m,equal_width,Absolute Mortality,ETmax,Mid,21,-0.00017,52.4,0.6359,0.8043,ns
M7vsM8_anom_24m,equal_width,Absolute Mortality,GPPsat,Mid,21,-0.09865,57.1,0.06751,0.4212,ns
M7vsM8_anom_24m,equal_width,Absolute Mortality,NEPmax,Mid,21,-0.25729,71.4,0.1257,0.4621,ns
M7vsM8_anom_24m,equal_width,Absolute Mortality,WUE,Mid,21,-0.00786,61.9,0.1257,0.4621,ns
M7vsM8_anom_24m,equal_width,Absolute Mortality,uWUE,Mid,21,0.01124,38.1,0.6867,0.8079,ns
M7vsM8_anom_24m,equal_width,Absolute Mortality,ETmax,Low,41,-0.00071,61,0.5872,0.8043,ns
M7vsM8_anom_24m,equal_width,Absolute Mortality,GPPsat,Low,41,0.01293,46.3,0.5567,0.8043,ns
M7vsM8_anom_24m,equal_width,Absolute Mortality,NEPmax,Low,41,-0.25311,68.3,0.04124,0.4212,ns
M7vsM8_anom_24m,equal_width,Absolute Mortality,WUE,Low,41,-0.01191,56.1,0.2071,0.4874,ns
M7vsM8_anom_24m,equal_width,Absolute Mortality,uWUE,Low,41,-0.00737,51.2,0.1271,0.4621,ns
M7vsM8_anom_24m,equal_width,Absolute Mortality,ETmax,High,3,0.00639,33.3,,,""
M7vsM8_anom_24m,equal_width,Absolute Mortality,GPPsat,High,3,0.4379,33.3,,,""
M7vsM8_anom_24m,equal_width,Absolute Mortality,NEPmax,High,3,0.7427,33.3,,,""
M7vsM8_anom_24m,equal_width,Absolute Mortality,WUE,High,3,0.05356,33.3,,,""
M7vsM8_anom_24m,equal_width,Absolute Mortality,uWUE,High,3,0.08151,0,,,""
M7vsM8_anom_24m,equal_width,Relative Mortality,ETmax,Mid,26,-0.00087,57.7,0.5101,0.8043,ns
M7vsM8_anom_24m,equal_width,Relative Mortality,GPPsat,Mid,26,-0.0255,50,0.2711,0.6024,ns
M7vsM8_anom_24m,equal_width,Relative Mortality,NEPmax,Mid,26,-0.27304,76.9,0.03567,0.4212,ns
M7vsM8_anom_24m,equal_width,Relative Mortality,WUE,Mid,26,-0.01062,61.5,0.067,0.4212,ns
M7vsM8_anom_24m,equal_width,Relative Mortality,uWUE,Mid,26,0.00981,42.3,0.5805,0.8043,ns
M7vsM8_anom_24m,equal_width,Relative Mortality,ETmax,Low,32,-0.00039,56.2,0.7642,0.8491,ns
M7vsM8_anom_24m,equal_width,Relative Mortality,GPPsat,Low,32,-0.02774,50,0.4222,0.8041,ns
M7vsM8_anom_24m,equal_width,Relative Mortality,NEPmax,Low,32,-0.26591,68.8,0.03558,0.4212,ns
M7vsM8_anom_24m,equal_width,Relative Mortality,WUE,Low,32,0.00266,50,0.6069,0.8043,ns
M7vsM8_anom_24m,equal_width,Relative Mortality,uWUE,Low,32,-0.00362,50,0.1773,0.4729,ns
M7vsM8_anom_24m,equal_width,Relative Mortality,ETmax,High,7,-0.00011,57.1,0.7229,0.8262,ns
M7vsM8_anom_24m,equal_width,Relative Mortality,GPPsat,High,7,0.01783,42.9,0.5337,0.8043,ns
M7vsM8_anom_24m,equal_width,Relative Mortality,NEPmax,High,7,1.06981,28.6,0.8237,0.8788,ns
M7vsM8_anom_24m,equal_width,Relative Mortality,WUE,High,7,-0.06117,71.4,0.1763,0.4729,ns
M7vsM8_anom_24m,equal_width,Relative Mortality,uWUE,High,7,0.04039,28.6,0.8976,0.8976,ns
M7vsM8_anom_24m,equal_width,Relative Disturbance,ETmax,Mid,27,-0.00118,59.3,0.4474,0.8043,ns
M7vsM8_anom_24m,equal_width,Relative Disturbance,GPPsat,Mid,27,0.04922,40.7,0.5715,0.8043,ns
M7vsM8_anom_24m,equal_width,Relative Disturbance,NEPmax,Mid,27,-0.25729,74.1,0.09521,0.4621,ns
M7vsM8_anom_24m,equal_width,Relative Disturbance,WUE,Mid,27,-0.00216,55.6,0.1536,0.4727,ns
M7vsM8_anom_24m,equal_width,Relative Disturbance,uWUE,Mid,27,0.01255,40.7,0.6716,0.8079,ns
M7vsM8_anom_24m,equal_width,Relative Disturbance,ETmax,High,9,-0.00017,66.7,0.5,0.8043,ns
M7vsM8_anom_24m,equal_width,Relative Disturbance,GPPsat,High,9,-0.56822,66.7,0.2035,0.4874,ns
M7vsM8_anom_24m,equal_width,Relative Disturbance,NEPmax,High,9,-0.0669,55.6,0.3178,0.6498,ns
M7vsM8_anom_24m,equal_width,Relative Disturbance,WUE,High,9,-0.07404,77.8,0.06177,0.4212,ns
M7vsM8_anom_24m,equal_width,Relative Disturbance,uWUE,High,9,0.01124,33.3,0.8568,0.8788,ns
M7vsM8_anom_24m,equal_width,Relative Disturbance,ETmax,Low,29,-0.00027,51.7,0.8401,0.8788,ns
M7vsM8_anom_24m,equal_width,Relative Disturbance,GPPsat,Low,29,-0.06697,51.7,0.3249,0.6498,ns
M7vsM8_anom_24m,equal_width,Relative Disturbance,NEPmax,Low,29,-0.25311,65.5,0.0737,0.4212,ns
M7vsM8_anom_24m,equal_width,Relative Disturbance,WUE,Low,29,-0.00238,51.7,0.6434,0.8043,ns
M7vsM8_anom_24m,equal_width,Relative Disturbance,uWUE,Low,29,-0.00737,51.7,0.1398,0.466,ns
M7vsM8_anom_24m,natural_breaks,Absolute Mortality,ETmax,High,14,-0.00014,57.1,0.6922,0.8458,ns
M7vsM8_anom_24m,natural_breaks,Absolute Mortality,GPPsat,High,14,-0.62286,64.3,0.05828,0.4996,ns
M7vsM8_anom_24m,natural_breaks,Absolute Mortality,NEPmax,High,14,-0.3029,64.3,0.286,0.6436,ns
M7vsM8_anom_24m,natural_breaks,Absolute Mortality,WUE,High,14,-0.05682,64.3,0.286,0.6436,ns
M7vsM8_anom_24m,natural_breaks,Absolute Mortality,uWUE,High,14,0.02097,28.6,0.9063,0.9063,ns
M7vsM8_anom_24m,natural_breaks,Absolute Mortality,ETmax,Mid,32,-0.00087,59.4,0.4665,0.7497,ns
M7vsM8_anom_24m,natural_breaks,Absolute Mortality,GPPsat,Mid,32,0.05795,43.8,0.6069,0.8458,ns
M7vsM8_anom_24m,natural_breaks,Absolute Mortality,NEPmax,Mid,32,-0.20687,68.8,0.1213,0.5077,ns
M7vsM8_anom_24m,natural_breaks,Absolute Mortality,WUE,Mid,32,-0.00448,53.1,0.2134,0.6402,ns
M7vsM8_anom_24m,natural_breaks,Absolute Mortality,uWUE,Mid,32,0.00155,46.9,0.4442,0.7497,ns
M7vsM8_anom_24m,natural_breaks,Absolute Mortality,ETmax,Low,19,-0.00027,52.6,0.7467,0.8458,ns
M7vsM8_anom_24m,natural_breaks,Absolute Mortality,GPPsat,Low,19,0.01149,47.4,0.5241,0.8132,ns
M7vsM8_anom_24m,natural_breaks,Absolute Mortality,NEPmax,Low,19,-0.32413,68.4,0.05597,0.4996,ns
M7vsM8_anom_24m,natural_breaks,Absolute Mortality,WUE,Low,19,-0.01128,57.9,0.3662,0.6759,ns
M7vsM8_anom_24m,natural_breaks,Absolute Mortality,uWUE,Low,19,-0.01695,52.6,0.08881,0.4996,ns
M7vsM8_anom_24m,natural_breaks,Relative Mortality,ETmax,High,23,-0.00017,56.5,0.6921,0.8458,ns
M7vsM8_anom_24m,natural_breaks,Relative Mortality,GPPsat,High,23,-0.09865,56.5,0.07864,0.4996,ns
M7vsM8_anom_24m,natural_breaks,Relative Mortality,NEPmax,High,23,-0.47737,69.6,0.1148,0.5077,ns
M7vsM8_anom_24m,natural_breaks,Relative Mortality,WUE,High,23,-0.05246,69.6,0.05516,0.4996,ns
M7vsM8_anom_24m,natural_breaks,Relative Mortality,uWUE,High,23,0.01124,43.5,0.7531,0.8458,ns
M7vsM8_anom_24m,natural_breaks,Relative Mortality,ETmax,Mid,18,-5e-04,61.1,0.6198,0.8458,ns
M7vsM8_anom_24m,natural_breaks,Relative Mortality,GPPsat,Mid,18,0.33221,38.9,0.8081,0.8458,ns
M7vsM8_anom_24m,natural_breaks,Relative Mortality,NEPmax,Mid,18,-0.02024,55.6,0.6525,0.8458,ns
M7vsM8_anom_24m,natural_breaks,Relative Mortality,WUE,Mid,18,-0.01062,55.6,0.204,0.6402,ns
M7vsM8_anom_24m,natural_breaks,Relative Mortality,uWUE,Mid,18,-0.0022,50,0.3316,0.6639,ns
M7vsM8_anom_24m,natural_breaks,Relative Mortality,ETmax,Low,24,-0.00055,54.2,0.6288,0.8458,ns
M7vsM8_anom_24m,natural_breaks,Relative Mortality,GPPsat,Low,24,-0.05927,50,0.2695,0.6436,ns
M7vsM8_anom_24m,natural_breaks,Relative Mortality,NEPmax,Low,24,-0.588,75,0.01245,0.3885,ns
M7vsM8_anom_24m,natural_breaks,Relative Mortality,WUE,Low,24,0.00772,45.8,0.8082,0.8458,ns
M7vsM8_anom_24m,natural_breaks,Relative Mortality,uWUE,Low,24,0.00743,41.7,0.3393,0.6639,ns
M7vsM8_anom_24m,natural_breaks,Relative Disturbance,ETmax,High,22,0.00014,50,0.8973,0.9063,ns
M7vsM8_anom_24m,natural_breaks,Relative Disturbance,GPPsat,High,22,-0.02596,50,0.1993,0.6402,ns
M7vsM8_anom_24m,natural_breaks,Relative Disturbance,NEPmax,High,22,-0.14592,63.6,0.2795,0.6436,ns
M7vsM8_anom_24m,natural_breaks,Relative Disturbance,WUE,High,22,-0.04727,68.2,0.07658,0.4996,ns
M7vsM8_anom_24m,natural_breaks,Relative Disturbance,uWUE,High,22,0.01256,40.9,0.7625,0.8458,ns
M7vsM8_anom_24m,natural_breaks,Relative Disturbance,ETmax,Mid,20,-0.00141,75,0.1274,0.5077,ns
M7vsM8_anom_24m,natural_breaks,Relative Disturbance,GPPsat,Mid,20,-0.13602,55,0.4628,0.7497,ns
M7vsM8_anom_24m,natural_breaks,Relative Disturbance,NEPmax,Mid,20,-0.13321,65,0.3071,0.6581,ns
M7vsM8_anom_24m,natural_breaks,Relative Disturbance,WUE,Mid,20,-0.01062,55,0.1354,0.5077,ns
M7vsM8_anom_24m,natural_breaks,Relative Disturbance,uWUE,Mid,20,-0.0022,50,0.3755,0.6759,ns
M7vsM8_anom_24m,natural_breaks,Relative Disturbance,ETmax,Low,23,0.00134,47.8,0.7626,0.8458,ns
M7vsM8_anom_24m,natural_breaks,Relative Disturbance,GPPsat,Low,23,0.01293,43.5,0.5784,0.8458,ns
M7vsM8_anom_24m,natural_breaks,Relative Disturbance,NEPmax,Low,23,-0.51757,73.9,0.01726,0.3885,ns
M7vsM8_anom_24m,natural_breaks,Relative Disturbance,WUE,Low,23,0.0077,47.8,0.7719,0.8458,ns
M7vsM8_anom_24m,natural_breaks,Relative Disturbance,uWUE,Low,23,0.00513,43.5,0.2766,0.6436,ns
