uWUE,ETmax,precipAvail,Gavail,GSmax,CO2avail,G1,EF,EFampl,GPPsat,NEPmax,Rb,Rbmax,aCUE,TZ,nyears,SITE_ID,year,LOCATION_LAT,LOCATION_LONG,LOCATION_ELEV,IGBP
0.789920847386586,0.116003047781364,yes,yes,0.0130617408992418,yes,2.49885468748443,0.234647249190938,0.111872511368336,7.91635495405374,9.07617000000001,NA,NA,NA,8,6,AU-Boy,2017,-32.477093000000004,116.938559,390,EBF
0.771122632835769,0.105687211709328,yes,yes,0.017089036181122,yes,2.51970021835527,0.219730941704036,0.123413246897052,9.27083260857905,10.0742,NA,NA,NA,8,6,AU-Boy,2018,-32.477093000000004,116.938559,390,EBF
1.05178409993558,0.0923996941415819,yes,yes,0.0156257134264575,yes,1.7396986937939,0.185597876412124,0.140056531211435,10.8552062659351,12.890863,NA,NA,NA,8,6,AU-Boy,2019,-32.477093000000004,116.938559,390,EBF
1.4732504638463,0.0806720488088967,yes,yes,0.0135019906962007,yes,1.57186008084364,0.1671388101983,0.133062589584329,11.6500581120605,12.939085,NA,NA,NA,8,6,AU-Boy,2020,-32.477093000000004,116.938559,390,EBF
1.24328357892504,0.1140259764601,yes,yes,0.0197534832854607,yes,2.11820523722631,0.246575342465753,0.167349551856594,13.1165846326032,15.571685,NA,NA,NA,8,6,AU-Boy,2021,-32.477093000000004,116.938559,390,EBF
1.32956021254681,0.110213420054029,yes,yes,0.0214978328037245,yes,1.74744645921381,0.24390243902439,0.148915449313856,15.1505615336003,16.432452,NA,NA,NA,8,6,AU-Boy,2022,-32.477093000000004,116.938559,390,EBF
