uWUE,ETmax,precipAvail,Gavail,GSmax,CO2avail,G1,EF,EFampl,GPPsat,NEPmax,Rb,Rbmax,aCUE,TZ,nyears,SITE_ID,year,LOCATION_LAT,LOCATION_LONG,LOCATION_ELEV,IGBP
0.881182037613059,0.170739883453613,yes,yes,0.0134851823662768,yes,2.70398771580909,0.496763720150817,0.189730469744625,13.7195755838889,13.645344,NA,NA,NA,10,5,AU-Lon,2019,-23.5232657644973,144.310415719645,207,GRA
0.899586486876259,0.189458417245654,yes,yes,0.00695499698885527,yes,1.89269613294447,0.389163916391639,0.251528207531812,13.0543748230643,17.674104,NA,NA,NA,10,5,AU-Lon,2020,-23.5232657644973,144.310415719645,207,GRA
1.09368252349494,0.134286805451913,yes,yes,0.00639748313796024,yes,1.36616636435763,0.318965517241379,0.206406632749199,11.213054775256,11.281352,NA,NA,NA,10,5,AU-Lon,2021,-23.5232657644973,144.310415719645,207,GRA
1.2479904458601,0.178040408843818,yes,yes,0.0336870999775516,yes,1.98350085887992,0.546875,0.240151512292672,25.4317720417919,24.807398,NA,NA,NA,10,5,AU-Lon,2022,-23.5232657644973,144.310415719645,207,GRA
