uWUE,ETmax,precipAvail,Gavail,GSmax,CO2avail,G1,EF,EFampl,GPPsat,NEPmax,Rb,Rbmax,aCUE,TZ,nyears,SITE_ID,year,LOCATION_LAT,LOCATION_LONG,LOCATION_ELEV,IGBP
0.723281212239902,0.127151049988737,yes,yes,0.0235171293852668,yes,1.47576299067611,0.59753567452687,0.148437454290346,18.6690554603113,17.575816,NA,NA,NA,8,8,AU-Rgf,2016,-32.506102,116.966827,311,CRO
0.513115494443253,0.24148810310364,yes,yes,0.0169683442295585,yes,2.67357119587956,0.48427424140523,0.283016650947391,9.65069989381961,9.1738176,NA,NA,NA,8,8,AU-Rgf,2017,-32.506102,116.966827,311,CRO
0.447931560093842,0.123313920453546,yes,yes,0.0158822518230499,yes,2.93440591876196,0.321739130434783,0.385444264856427,10.6927475864957,8.6163428,NA,NA,NA,8,8,AU-Rgf,2018,-32.506102,116.966827,311,CRO
0.843125291959246,0.161320576307655,yes,yes,0.0246423958104207,yes,1.48479316068097,0.52646111366774,0.364483575326949,18.3032986596693,21.523548,NA,NA,NA,8,8,AU-Rgf,2019,-32.506102,116.966827,311,CRO
0.739430761958586,0.139327142668651,yes,yes,0.0432561602142064,yes,3.00135815571696,0.65891472868217,0.276158921723438,17.6520109553262,18.225576,NA,NA,NA,8,8,AU-Rgf,2020,-32.506102,116.966827,311,CRO
0.586092148645867,0.158232621101724,yes,yes,0.0303218004106624,yes,3.26471602180238,0.615384615384615,0.26784243697479,13.887832736386,15.78602,NA,NA,NA,8,8,AU-Rgf,2021,-32.506102,116.966827,311,CRO
0.559373260132674,0.159603021256117,yes,yes,0.0217440746622637,yes,2.73664169933396,0.641575235109718,0.139370306313459,11.1911351939565,10.50494,NA,NA,NA,8,8,AU-Rgf,2022,-32.506102,116.966827,311,CRO
