uWUE,ETmax,precipAvail,Gavail,GSmax,CO2avail,G1,EF,EFampl,GPPsat,NEPmax,Rb,Rbmax,aCUE,TZ,nyears,SITE_ID,year,LOCATION_LAT,LOCATION_LONG,LOCATION_ELEV,IGBP
1.43884930388207,0.221652026042492,yes,yes,0.139209784506931,yes,2.89824212155525,0.515905125247686,0.258146175760723,36.0238844550537,30.908665,NA,NA,NA,11,9,AU-War,2013,-43.09502,146.65452,113,EBF
1.32461893250095,0.233272179953069,yes,yes,0.0923168361442516,yes,1.8419746363399,0.546965174129353,0.233856571666877,38.9159510247445,31.86852,NA,NA,NA,11,9,AU-War,2014,-43.09502,146.65452,113,EBF
1.7832579347769,0.164923202748196,yes,yes,0.0373199998220237,yes,1.36179443159948,0.469259570298831,0.280720794667858,39.177838545888,40.950948,NA,NA,NA,11,9,AU-War,2015,-43.09502,146.65452,113,EBF
1.9320031082272,0.183914433115736,yes,yes,0.0438631930243201,yes,1.23442893552135,0.456225515244422,0.259365560759,37.8599251779522,38.171506,NA,NA,NA,11,9,AU-War,2016,-43.09502,146.65452,113,EBF
1.13620440158888,0.298542882380878,yes,yes,0.106666442805641,yes,2.62463409476058,0.604501607717042,0.23755855690425,37.784440046345,35.031024,NA,NA,NA,11,9,AU-War,2017,-43.09502,146.65452,113,EBF
0.97881824653818,0.295209102615233,yes,yes,0.112092263051376,yes,2.79282506102939,0.602777777777778,0.222944613612048,40.1477386821295,38.53914,NA,NA,NA,11,9,AU-War,2018,-43.09502,146.65452,113,EBF
1.58319997779718,0.21770981690547,yes,yes,0.0485918284695087,yes,2.19109524283556,0.45552738336714,0.241075971595588,37.0364336368149,38.161784,NA,NA,NA,11,9,AU-War,2019,-43.09502,146.65452,113,EBF
1.6471047090369,0.165544569527746,yes,yes,0.0500838738715059,yes,1.18527200436919,0.45558782729322,0.276277539779682,34.938356723961,34.515212,NA,NA,NA,11,9,AU-War,2020,-43.09502,146.65452,113,EBF
1.53245769318289,0.174831794754352,yes,yes,0.0524316870299683,yes,1.2107636198997,0.5,0.218661659037016,31.9514574910249,28.36792,NA,NA,NA,11,9,AU-War,2021,-43.09502,146.65452,113,EBF
