uWUE,ETmax,precipAvail,Gavail,GSmax,CO2avail,G1,EF,EFampl,GPPsat,NEPmax,Rb,Rbmax,aCUE,TZ,nyears,SITE_ID,year,LOCATION_LAT,LOCATION_LONG,LOCATION_ELEV,IGBP
0.504740069587148,0.184070409655835,yes,yes,0.000267194197365099,yes,-0.439528718536141,0.644252574520148,0.119878651708926,4.27428943777245,3.774358,NA,NA,NA,-6,2,CA-CF1,2007,58.6658,-93.83,26,WET
0.528259602901629,0.156955159486334,yes,yes,0.000226703039656089,yes,-0.330929152366191,0.571053176921497,0.175733329124442,4.19723090138884,3.7477295,NA,NA,NA,-6,2,CA-CF1,2008,58.6658,-93.83,26,WET
