uWUE,ETmax,precipAvail,Gavail,GSmax,CO2avail,G1,EF,EFampl,GPPsat,NEPmax,Rb,Rbmax,aCUE,TZ,nyears,SITE_ID,year,LOCATION_LAT,LOCATION_LONG,LOCATION_ELEV,IGBP
1.02093009470024,0.138154328463811,yes,yes,0.00486360145039341,yes,5.58308518242557,0.372275044081211,0.112212227569994,6.28899568538993,6.1410278,NA,NA,NA,-8,2,CA-DB2,2020,49.119,-122.9951,9.21,WET
