uWUE,ETmax,precipAvail,Gavail,GSmax,CO2avail,G1,EF,EFampl,GPPsat,NEPmax,Rb,Rbmax,aCUE,TZ,nyears,SITE_ID,year,LOCATION_LAT,LOCATION_LONG,LOCATION_ELEV,IGBP
3.51015160725746,0.180667623264274,yes,yes,0.00822280370470053,yes,1.55513707047115,0.60770288436581,0.210384393826432,22.6638910558172,18.063474,NA,NA,NA,-6,3,CA-MA2,2009,50.171,-97.8762,259,CRO
5.16731657464566,0.201236629137481,yes,yes,0.00706591929733669,yes,0.729347946872858,0.80204423600709,0.240319354674521,37.1066073871718,26.738714,NA,NA,NA,-6,3,CA-MA2,2010,50.171,-97.8762,259,CRO
1.83751759391542,0.227518518752003,yes,yes,0.00826047951685804,yes,4.67322317873504,0.673208612684571,0.246936091274987,12.7675313002158,8.031224,NA,NA,NA,-6,3,CA-MA2,2011,50.171,-97.8762,259,CRO
