uWUE,ETmax,precipAvail,Gavail,GSmax,CO2avail,G1,EF,EFampl,GPPsat,NEPmax,Rb,Rbmax,aCUE,TZ,nyears,SITE_ID,year,LOCATION_LAT,LOCATION_LONG,LOCATION_ELEV,IGBP
2.35097063831657,0.173922158682848,yes,yes,0.000991845373640606,yes,-0.681024068824096,0.436080418664571,0.158955283510118,17.2337607585662,15.885,NA,NA,NA,-6,5,CA-NS7,2002,56.6358,-99.9483,297,OSH
2.64795359804024,0.141928222803943,yes,yes,0.000449825879269969,yes,-0.778364718410467,0.394187613544096,0.146780394728082,11.3198443421304,11.255043,NA,NA,NA,-6,5,CA-NS7,2003,56.6358,-99.9483,297,OSH
2.34847293094237,0.150139275023764,yes,yes,0.00055249949671155,yes,-0.612598832295875,0.430257288254077,0.164222336448841,14.5593133167655,15.683959,2.48818582968682,2.93389348902201,0.514126804212964,-6,5,CA-NS7,2004,56.6358,-99.9483,297,OSH
2.4006621997242,0.151846498993175,yes,yes,0.000418106782175032,yes,-0.737338236072937,0.444239975194799,0.206110000056854,14.9446979272575,11.177065,NA,NA,NA,-6,5,CA-NS7,2005,56.6358,-99.9483,297,OSH
