uWUE,ETmax,precipAvail,Gavail,GSmax,CO2avail,G1,EF,EFampl,GPPsat,NEPmax,Rb,Rbmax,aCUE,TZ,nyears,SITE_ID,year,LOCATION_LAT,LOCATION_LONG,LOCATION_ELEV,IGBP
3.12453213269454,0.127808390595261,yes,yes,0.000449462945108693,yes,-0.60374533351714,0.35626832855083,0.187933576761263,14.669105561386,13.917183,NA,NA,NA,-6,5,CA-NS2,2001,55.9058,-98.5247,260,ENF
3.25093053063469,0.136121604212708,yes,yes,0.000414646042779384,yes,-0.726610886472289,0.349939221685233,0.190773031487311,15.5977113844157,13.391044,NA,NA,NA,-6,5,CA-NS2,2002,55.9058,-98.5247,260,ENF
3.03763866480215,0.128634535810691,yes,yes,0.000472873239853875,yes,-0.667722523840385,0.308335692172458,0.17338707251395,13.7802879481553,13.070682,NA,NA,NA,-6,5,CA-NS2,2003,55.9058,-98.5247,260,ENF
3.21397632348678,0.110967330703046,yes,yes,0.00040137184766961,yes,-0.686387600199446,0.2826426336337,0.171799550487029,13.864888709343,12.745352,NA,NA,NA,-6,5,CA-NS2,2004,55.9058,-98.5247,260,ENF
2.14217176181824,0.127788608444396,yes,yes,0.000866544465274502,yes,-0.327216882168547,0.30716557016861,0.155457910164416,15.6438967399904,14.031512,NA,NA,NA,-6,5,CA-NS2,2005,55.9058,-98.5247,260,ENF
