uWUE,ETmax,precipAvail,Gavail,GSmax,CO2avail,G1,EF,EFampl,GPPsat,NEPmax,Rb,Rbmax,aCUE,TZ,nyears,SITE_ID,year,LOCATION_LAT,LOCATION_LONG,LOCATION_ELEV,IGBP
3.42619293284357,0.0845603960042871,yes,yes,0.000244875148052913,yes,-0.737802293900468,0.328137891051798,0.148105687532147,13.5651647505156,8.76738650000002,NA,NA,NA,-6,5,CA-NS4,2003,55.9144,-98.3806,260,ENF
3.05839322926416,0.081398178512354,yes,yes,0.000202280789989844,yes,-0.772929785583452,0.279443323063848,0.121515563260687,9.62311924596908,8.30051080000002,NA,NA,NA,-6,5,CA-NS4,2004,55.9144,-98.3806,260,ENF
3.2470081667275,0.0924502573040197,yes,yes,0.000214687684567762,yes,-0.870004893732812,0.323541201340914,0.138850435544014,10.1363684547117,8.6505002,1.30263495574798,1.90598561264836,0.780129710698982,-6,5,CA-NS4,2005,55.9144,-98.3806,260,ENF
