uWUE,ETmax,precipAvail,Gavail,GSmax,CO2avail,G1,EF,EFampl,GPPsat,NEPmax,Rb,Rbmax,aCUE,TZ,nyears,SITE_ID,year,LOCATION_LAT,LOCATION_LONG,LOCATION_ELEV,IGBP
3.6283728957329,0.099254214540938,yes,yes,0.000319749490911751,yes,-0.656902834447791,0.299418879217351,0.194915189829537,11.2240047850153,11.088096,NA,NA,NA,-6,5,CA-NS3,2001,55.9117,-98.3822,260,ENF
2.29667763628184,0.159846746017317,yes,yes,0.00052897256580448,yes,-0.584585371799258,0.324564327407469,0.155602526634518,15.374238068812,14.417634,NA,NA,NA,-6,5,CA-NS3,2002,55.9117,-98.3822,260,ENF
3.22862443768081,0.116283536663599,yes,yes,0.000403905791692287,yes,-0.648842280335411,0.307878172311392,0.162339946763711,14.8097380150533,12.819854,NA,NA,NA,-6,5,CA-NS3,2004,55.9117,-98.3822,260,ENF
2.91435119460578,0.165577543055532,yes,yes,0.000584519625213974,yes,-0.582822381952903,0.428477212021826,0.22656546641906,18.1490611603706,13.93024,NA,NA,NA,-6,5,CA-NS3,2005,55.9117,-98.3822,260,ENF
