uWUE,ETmax,precipAvail,Gavail,GSmax,CO2avail,G1,EF,EFampl,GPPsat,NEPmax,Rb,Rbmax,aCUE,TZ,nyears,SITE_ID,year,LOCATION_LAT,LOCATION_LONG,LOCATION_ELEV,IGBP
2.18730671286103,0.150122715274296,yes,yes,0.000504640016080967,yes,-0.557396760798105,0.432284500550358,0.55949267172482,14.3854297417995,11.9687,NA,NA,NA,-6,5,CA-NS5,2001,55.8631,-98.485,260,ENF
3.08191911833827,0.164750286892369,yes,yes,0.000448155939236901,yes,-0.745374847707511,0.526872693870747,0.202027848017452,20.7097062953975,15.764248,NA,NA,NA,-6,5,CA-NS5,2002,55.8631,-98.485,260,ENF
3.17942784110856,0.172343799305216,yes,yes,0.000454985114736356,yes,-0.794040983127528,0.464084366916495,0.247381954583113,18.7008876668552,14.564248,NA,NA,NA,-6,5,CA-NS5,2003,55.8631,-98.485,260,ENF
3.05136609346642,0.145884992989244,yes,yes,0.00043542007733338,yes,-0.663887319352557,0.43662285698136,0.226034862691054,19.2715610104221,15.397965,NA,NA,NA,-6,5,CA-NS5,2004,55.8631,-98.485,260,ENF
3.23925648785249,0.162995126576654,yes,yes,0.000489607463785386,yes,-0.736823921251258,0.496239880964881,0.233755672724813,18.5824107677317,15.029342,NA,NA,NA,-6,5,CA-NS5,2005,55.8631,-98.485,260,ENF
