uWUE,ETmax,precipAvail,Gavail,GSmax,CO2avail,G1,EF,EFampl,GPPsat,NEPmax,Rb,Rbmax,aCUE,TZ,nyears,SITE_ID,year,LOCATION_LAT,LOCATION_LONG,LOCATION_ELEV,IGBP
3.65082958462494,0.148721057850577,yes,yes,0.000422514965469711,yes,-0.736151441041334,0.351248444717176,0.15348981987828,18.4973656160967,14.577245,NA,NA,NA,-6,5,CA-NS1,2002,55.8792,-98.4839,260,ENF
3.9033019668117,0.126323788946626,yes,yes,0.000340576609496072,yes,-0.820693270294226,0.293892957881457,0.173465278353505,13.5388406146546,13.215965,NA,NA,NA,-6,5,CA-NS1,2003,55.8792,-98.4839,260,ENF
3.53143638077279,0.124670832664997,yes,yes,0.00539496064706953,yes,-0.476270400331625,0.303511871648413,0.168682245356052,14.5548726337238,13.867776,NA,NA,NA,-6,5,CA-NS1,2004,55.8792,-98.4839,260,ENF
3.65832254631069,0.138873998822861,yes,yes,0.00198558451927585,yes,-0.584584489559541,0.324618110471896,0.205776937257174,16.4200616664758,13.008353,NA,NA,NA,-6,5,CA-NS1,2005,55.8792,-98.4839,260,ENF
