uWUE,ETmax,precipAvail,Gavail,GSmax,CO2avail,G1,EF,EFampl,GPPsat,NEPmax,Rb,Rbmax,aCUE,TZ,nyears,SITE_ID,year,LOCATION_LAT,LOCATION_LONG,LOCATION_ELEV,IGBP
2.03571036387285,0.237264951545176,yes,yes,0.000578951177762724,yes,-0.525282676151883,0.562830279105551,0.154113383315224,17.9335945489336,13.133078,NA,NA,NA,-5,4,CA-Qc2,2007,49.7598,-74.5711,387.3,MF
2.93971976895872,0.213227880662479,yes,yes,0.0112573565578854,yes,2.77675239996541,0.483513508121403,0.270126289382325,26.5112318084281,21.5958,NA,NA,NA,-5,4,CA-Qc2,2008,49.7598,-74.5711,387.3,MF
2.88538161055439,0.210552553321987,yes,yes,0.0115604884367471,yes,3.28949567572221,0.499980520743586,0.186249119787941,26.5406700056955,22.66658,NA,NA,NA,-5,4,CA-Qc2,2009,49.7598,-74.5711,387.3,MF
3.20049103261412,0.195617088811767,yes,yes,0.00909884411866683,yes,2.78095349387786,0.422400469192024,0.228682247983537,22.6595723971166,17.788966,NA,NA,NA,-5,4,CA-Qc2,2010,49.7598,-74.5711,387.3,MF
