uWUE,ETmax,precipAvail,Gavail,GSmax,CO2avail,G1,EF,EFampl,GPPsat,NEPmax,Rb,Rbmax,aCUE,TZ,nyears,SITE_ID,year,LOCATION_LAT,LOCATION_LONG,LOCATION_ELEV,IGBP
2.48511781786671,0.253503660490298,yes,yes,0.0110244522120578,yes,-131.111082366253,0.655839240244993,0.224051956431876,19.4855042946514,17.493,NA,NA,NA,-6,6,CA-SF2,2001,54.2539,-105.8775,520,ENF
3.27411754071932,0.234474126783087,yes,yes,0.013596573183268,yes,-94.2667710180249,0.544523847602868,0.340341747256592,32.7987940353143,20.2608,NA,NA,NA,-6,6,CA-SF2,2002,54.2539,-105.8775,520,ENF
3.90952010001419,0.184155549329943,yes,yes,0.0120699418741998,yes,1.90847679086942,0.452568859482773,0.294494973924925,27.7805115179135,18.824,NA,NA,NA,-6,6,CA-SF2,2003,54.2539,-105.8775,520,ENF
3.41046075744637,0.214128556265838,yes,yes,0.0150149432714546,yes,2.27248629549417,0.497063825690723,0.24692582849277,28.6048688422114,20.5904,NA,NA,NA,-6,6,CA-SF2,2004,54.2539,-105.8775,520,ENF
3.70323488024269,0.249014565673444,yes,yes,0.017812899305839,yes,2.04797322440982,0.570909776918361,0.348760566955391,31.1665239353609,23.758,NA,NA,NA,-6,6,CA-SF2,2005,54.2539,-105.8775,520,ENF
