uWUE,ETmax,precipAvail,Gavail,GSmax,CO2avail,G1,EF,EFampl,GPPsat,NEPmax,Rb,Rbmax,aCUE,TZ,nyears,SITE_ID,year,LOCATION_LAT,LOCATION_LONG,LOCATION_ELEV,IGBP
1.73537812821873,0.149321527511225,yes,yes,0.00703126079946296,yes,4.93237296684974,0.427757289744022,0.149241081717632,9.78831582732717,9.86520000000001,NA,NA,NA,-6,6,CA-SF3,2002,54.0916,-106.0053,540,OSH
2.04144893213858,0.17086147880572,yes,yes,0.00637250168106621,yes,4.04254101348896,0.389890282131661,0.211757713545032,10.1519534293532,11.400325,NA,NA,NA,-6,6,CA-SF3,2003,54.0916,-106.0053,540,OSH
2.10636730606845,0.172417015390819,yes,yes,0.00838770272293719,yes,4.27868944725766,0.421275667591063,0.180900664745807,10.7930387873275,11.274,NA,NA,NA,-6,6,CA-SF3,2004,54.0916,-106.0053,540,OSH
1.6278378309613,0.215982241656221,yes,yes,0.0124413684784825,yes,5.59133147862626,0.47952816480041,0.208937455870047,12.6241956601418,12.4755,NA,NA,NA,-6,6,CA-SF3,2005,54.0916,-106.0053,540,OSH
1.56283077833429,0.204679011178312,yes,yes,0.0101764371397673,yes,5.22583476253195,0.470007495390514,0.23609492995876,12.8507110364655,11.3616,NA,NA,NA,-6,6,CA-SF3,2006,54.0916,-106.0053,540,OSH
