uWUE,ETmax,precipAvail,Gavail,GSmax,CO2avail,G1,EF,EFampl,GPPsat,NEPmax,Rb,Rbmax,aCUE,TZ,nyears,SITE_ID,year,LOCATION_LAT,LOCATION_LONG,LOCATION_ELEV,IGBP
3.49351417472519,0.205674848156903,yes,yes,0.0128355518595188,yes,2.05786234549513,0.524069145918893,0.280267648810285,38.940263288772,31.03536,NA,NA,NA,-5,5,CA-TP2,2003,42.7744,-80.4588,212,ENF
3.45243561957413,0.288749603190879,yes,yes,0.0190282035066924,yes,2.23413858111469,0.727138766336811,0.392535570900543,42.1403988647479,35.6184,NA,NA,NA,-5,5,CA-TP2,2004,42.7744,-80.4588,212,ENF
2.65008890019585,0.387809844568278,yes,yes,0.0356709644865219,yes,5.38685255392324,0.749356068925584,0.429620906707737,36.7572303232037,30.49887,NA,NA,NA,-5,5,CA-TP2,2005,42.7744,-80.4588,212,ENF
0.546812150256022,0.0698971695042323,yes,yes,0.0151869751863514,yes,-0.5026914392742,0.127003348631434,0.146762799443662,7.58506497211274,10.2853,NA,NA,NA,-5,5,CA-TP2,2006,42.7744,-80.4588,212,ENF
