uWUE,ETmax,precipAvail,Gavail,GSmax,CO2avail,G1,EF,EFampl,GPPsat,NEPmax,Rb,Rbmax,aCUE,TZ,nyears,SITE_ID,year,LOCATION_LAT,LOCATION_LONG,LOCATION_ELEV,IGBP
1.92427471386653,0.380358031028543,yes,yes,-0.00010720705534238,yes,-1.18180067327544,0.803047559664696,0.0572284721866002,25.426569390655,23.829298,NA,NA,NA,1,5,CH-Aws,2006,46.583194,9.790417,1942,GRA
2.3717941803713,0.404262541395624,yes,yes,0.0702628811333273,yes,-4.96608528860868,0.754771676609249,0.153708022531213,33.7672022381718,30.56028,NA,NA,NA,1,5,CH-Aws,2007,46.583194,9.790417,1942,GRA
2.31101074566064,0.344793584070494,yes,yes,-0.000144143435001031,yes,-1.27467152016385,0.793631549281689,0.115606074634475,35.6822319262837,30.177132,NA,NA,NA,1,5,CH-Aws,2008,46.583194,9.790417,1942,GRA
2.35626331600222,0.351201163009087,yes,yes,-0.000123716656040687,yes,-0.961469824101076,0.78081875731576,0.124887068949364,39.4382553837738,39.182097,NA,NA,NA,1,5,CH-Aws,2009,46.583194,9.790417,1942,GRA
