uWUE,ETmax,precipAvail,Gavail,GSmax,CO2avail,G1,EF,EFampl,GPPsat,NEPmax,Rb,Rbmax,aCUE,TZ,nyears,SITE_ID,year,LOCATION_LAT,LOCATION_LONG,LOCATION_ELEV,IGBP
2.17303669003993,0.193646612577009,yes,yes,0.00554154461828833,yes,2.75745563439754,0.52277579315391,0.232780847293551,13.1202249113729,12.6207,NA,NA,NA,8,4,CN-Cng,2007,44.5934,123.5092,142,GRA
2.45714787170613,0.221909719580724,yes,yes,0.00685691227373759,yes,1.82041847442688,0.668501375845506,0.245305897933906,21.0267395061332,20.430208,NA,NA,NA,8,4,CN-Cng,2008,44.5934,123.5092,142,GRA
2.07777249191431,0.2402677175151,yes,yes,0.00757929879406304,yes,3.00970709215037,0.513929436099946,0.314314989107033,15.5211498349467,17.243846,NA,NA,NA,8,4,CN-Cng,2009,44.5934,123.5092,142,GRA
2.22279483001027,0.255974257045273,yes,yes,0.00841396989708149,yes,2.6724305684579,0.589339938113931,0.244868138865399,17.1849122066192,16.480336,NA,NA,NA,8,4,CN-Cng,2010,44.5934,123.5092,142,GRA
