uWUE,ETmax,precipAvail,Gavail,GSmax,CO2avail,G1,EF,EFampl,GPPsat,NEPmax,Rb,Rbmax,aCUE,TZ,nyears,SITE_ID,year,LOCATION_LAT,LOCATION_LONG,LOCATION_ELEV,IGBP
1.32397117289384,0.151377202579761,yes,yes,0.000138113872762976,yes,-0.959100473425201,0.30734416183389,0.242641594983487,6.43020238378511,5.81034,NA,NA,NA,8,3,CN-Du2,2007,42.0467,116.2836,1320,GRA
1.32487524602793,0.244471818296157,yes,yes,0.0002500450699886,yes,-0.913302441458598,0.64321335873568,0.20998731883579,10.1403433170431,10.259574,NA,NA,NA,8,3,CN-Du2,2008,42.0467,116.2836,1320,GRA
