uWUE,ETmax,precipAvail,Gavail,GSmax,CO2avail,G1,EF,EFampl,GPPsat,NEPmax,Rb,Rbmax,aCUE,TZ,nyears,SITE_ID,year,LOCATION_LAT,LOCATION_LONG,LOCATION_ELEV,IGBP
0.825774633161484,0.172378917074491,yes,yes,0.00373173930217133,yes,5.42642913114623,0.615674574404732,0.189459690197788,4.0964940755752,5.785422,NA,NA,NA,8,2,CN-Du3,2009,42.0551,116.2809,1310,GRA
