uWUE,ETmax,precipAvail,Gavail,GSmax,CO2avail,G1,EF,EFampl,GPPsat,NEPmax,Rb,Rbmax,aCUE,TZ,nyears,SITE_ID,year,LOCATION_LAT,LOCATION_LONG,LOCATION_ELEV,IGBP
3.92987140511774,0.10061772863452,yes,yes,0.0196536360599195,yes,5.6199747229356,0.415242278811653,0.147163630150224,24.3792728101634,19.2741,NA,NA,NA,1,9,CZ-BK2,2006,49.4944,18.5429,855,GRA
3.83866642553637,0.170016375063888,yes,yes,0.000267023258289048,yes,-0.839856552592344,0.516019256571083,0.203126580269978,23.7857827466675,19.22394,NA,NA,NA,1,9,CZ-BK2,2007,49.4944,18.5429,855,GRA
4.17446479611921,0.117580702380718,yes,yes,0.000218414039826488,yes,-0.800797063670259,0.485577686982181,0.131421726204945,24.3821968020634,19.513044,NA,NA,NA,1,9,CZ-BK2,2008,49.4944,18.5429,855,GRA
4.95925154723187,0.137486900744847,yes,yes,0.00023628543031464,yes,-0.793203375757872,0.542146734733922,0.193145370418859,28.82738345406,23.526454,NA,NA,NA,1,9,CZ-BK2,2009,49.4944,18.5429,855,GRA
5.35406642469514,0.135202086340371,yes,yes,0.000267368223161081,yes,-0.79023765028631,0.557825233268132,0.170168826707159,25.1700484678749,20.278094,NA,NA,NA,1,9,CZ-BK2,2010,49.4944,18.5429,855,GRA
4.90963163245678,0.135290989379874,yes,yes,0.000374133294495776,yes,-0.715824763288249,0.480598370253669,0.148611017637852,28.8975304350868,22.854214,NA,NA,NA,1,9,CZ-BK2,2011,49.4944,18.5429,855,GRA
2.84494631018749,0.187851634310802,yes,yes,0.000296728223692984,yes,-0.819946669090269,0.583005204174354,0.174189968141634,18.6978200789892,14.024569,NA,NA,NA,1,9,CZ-BK2,2012,49.4944,18.5429,855,GRA
