uWUE,ETmax,precipAvail,Gavail,GSmax,CO2avail,G1,EF,EFampl,GPPsat,NEPmax,Rb,Rbmax,aCUE,TZ,nyears,SITE_ID,year,LOCATION_LAT,LOCATION_LONG,LOCATION_ELEV,IGBP
4.03689098546628,0.224097939639643,yes,yes,0.0227650124948536,yes,2.65684894295229,0.72544077367621,0.267253928561558,41.5225601979658,37.9693,NA,NA,NA,1,1,DE-Geb,2001,51.09973,10.91463,163,CRO
