uWUE,ETmax,precipAvail,Gavail,GSmax,CO2avail,G1,EF,EFampl,GPPsat,NEPmax,Rb,Rbmax,aCUE,TZ,nyears,SITE_ID,year,LOCATION_LAT,LOCATION_LONG,LOCATION_ELEV,IGBP
4.00548183637406,0.191552189979659,yes,yes,0.0189488427879082,yes,2.32337908332001,0.531119562058572,0.184123413073275,36.3306495648483,34.2094,NA,NA,NA,1,5,DE-Hai,2000,51.0794084,10.4520894,438.7,DBF
3.7610487753744,0.227007370097796,yes,yes,0.0230980157551994,yes,2.52270643233027,0.574424648378802,0.26214151175743,37.0956639440631,35.68525,NA,NA,NA,1,5,DE-Hai,2001,51.0794084,10.4520894,438.7,DBF
3.68450986412325,0.225070304948662,yes,yes,0.0221879451341027,yes,2.69109518800693,0.605445006394916,0.201659087680745,39.9485020161395,37.199134,NA,NA,NA,1,5,DE-Hai,2002,51.0794084,10.4520894,438.7,DBF
