uWUE,ETmax,precipAvail,Gavail,GSmax,CO2avail,G1,EF,EFampl,GPPsat,NEPmax,Rb,Rbmax,aCUE,TZ,nyears,SITE_ID,year,LOCATION_LAT,LOCATION_LONG,LOCATION_ELEV,IGBP
1.0055972687527,0.151830646520365,yes,yes,0.014791893963541,yes,7.62861532411183,0.41640880322451,0.121900421970597,9.27554456946591,6.938075,NA,NA,NA,1,5,DE-Lkb,2009,49.0996,13.3047,1308,ENF
1.00260455787855,0.18561235949222,yes,yes,0.0200442049824244,yes,8.94858977794399,0.453574744661096,0.146617221398799,9.77254058431222,6.60200000000001,NA,NA,NA,1,5,DE-Lkb,2010,49.0996,13.3047,1308,ENF
1.17439022977857,0.200577754831644,yes,yes,0.0162948719650178,yes,7.10350286238036,0.460188222898058,0.143510717780994,11.1697382948342,8.88683,NA,NA,NA,1,5,DE-Lkb,2011,49.0996,13.3047,1308,ENF
1.2340254050687,0.192479310511633,yes,yes,0.0092268052723766,yes,-0.281353425927096,0.464094399700318,0.159932908778461,12.6137762882596,8.319508,NA,NA,NA,1,5,DE-Lkb,2012,49.0996,13.3047,1308,ENF
1.46670104828368,0.197858623445376,yes,yes,0.00551828575351562,yes,-0.631585045868896,0.466134074580654,0.116221374020022,13.9702150837659,11.475,NA,NA,NA,1,5,DE-Lkb,2013,49.0996,13.3047,1308,ENF
