uWUE,ETmax,precipAvail,Gavail,GSmax,CO2avail,G1,EF,EFampl,GPPsat,NEPmax,Rb,Rbmax,aCUE,TZ,nyears,SITE_ID,year,LOCATION_LAT,LOCATION_LONG,LOCATION_ELEV,IGBP
3.50492670165308,0.227171817187038,yes,yes,0.024993025453367,yes,2.88236931305282,0.596784181890565,0.201349026525551,34.5722708305631,32.5,NA,NA,NA,1,7,DE-Lnf,2002,51.3282,10.3678,451,DBF
3.96837693960168,0.217708050643912,yes,yes,0.0209651295742991,yes,2.49292983234564,0.501574027103138,0.199593203241616,35.2607902981199,34.6141999999999,NA,NA,NA,1,7,DE-Lnf,2003,51.3282,10.3678,451,DBF
3.39002067966295,0.198816761088684,yes,yes,0.0176638479698027,yes,2.90059902807496,0.480362946912243,0.170761848293774,28.3373680783689,25.9932,NA,NA,NA,1,7,DE-Lnf,2004,51.3282,10.3678,451,DBF
4.03818087800192,0.201092445107278,yes,yes,0.0179019403356004,yes,1.97971028904177,0.514545039058313,0.144753904061696,33.40867743736,32.5671,NA,NA,NA,1,7,DE-Lnf,2005,51.3282,10.3678,451,DBF
3.68446843991178,0.228766450061793,yes,yes,0.016414053467091,yes,2.46069154794648,0.550818781337219,0.174142427982553,34.0653270876561,35.09,NA,NA,NA,1,7,DE-Lnf,2006,51.3282,10.3678,451,DBF
