uWUE,ETmax,precipAvail,Gavail,GSmax,CO2avail,G1,EF,EFampl,GPPsat,NEPmax,Rb,Rbmax,aCUE,TZ,nyears,SITE_ID,year,LOCATION_LAT,LOCATION_LONG,LOCATION_ELEV,IGBP
1.85685395901159,0.219156364486467,yes,yes,0.0069098393450777,yes,3.15218761633469,0.543886017749054,0.0957033867049198,15.3015377724346,14.0731,NA,NA,NA,1,3,DE-SfN,2012,47.8064,11.3275,590,WET
1.90458132792491,0.2138071213067,yes,yes,0.0064768160811741,yes,2.36422071557762,0.502894328604774,0.118701376873136,14.0841973327206,13.82198,NA,NA,NA,1,3,DE-SfN,2013,47.8064,11.3275,590,WET
1.31157634630195,0.244559136658858,yes,yes,0.0122279732618873,yes,4.82850718311514,0.493197006362281,0.200175246875645,13.7094836281551,13.470268,NA,NA,NA,1,3,DE-SfN,2014,47.8064,11.3275,590,WET
