uWUE,ETmax,precipAvail,Gavail,GSmax,CO2avail,G1,EF,EFampl,GPPsat,NEPmax,Rb,Rbmax,aCUE,TZ,nyears,SITE_ID,year,LOCATION_LAT,LOCATION_LONG,LOCATION_ELEV,IGBP
3.3104290009131,0.283535107794719,yes,yes,0.0299192201128389,yes,4.56306703541699,0.909199610214041,0.201794892431274,38.4134239019323,34.355932,NA,NA,NA,1,4,DE-Seh,2007,50.8706,6.4497,103,CRO
3.51474146250474,0.281703907626525,yes,yes,0.0361399994375623,yes,4.41732426790125,0.904046767922726,0.233917356314031,43.4265480749388,37.53204,NA,NA,NA,1,4,DE-Seh,2008,50.8706,6.4497,103,CRO
3.31592225488358,0.245955170040462,yes,yes,0.0476733448739195,yes,4.79593627294825,0.806464017996078,0.286948896277082,41.5526647584971,37.594532,NA,NA,NA,1,4,DE-Seh,2009,50.8706,6.4497,103,CRO
3.50908257584143,0.210397483899818,yes,yes,0.0255053315195156,yes,4.46228683866205,0.807953635661762,0.223877364330976,32.0922256112294,28.65758,NA,NA,NA,1,4,DE-Seh,2010,50.8706,6.4497,103,CRO
