uWUE,ETmax,precipAvail,Gavail,GSmax,CO2avail,G1,EF,EFampl,GPPsat,NEPmax,Rb,Rbmax,aCUE,TZ,nyears,SITE_ID,year,LOCATION_LAT,LOCATION_LONG,LOCATION_ELEV,IGBP
4.49463416830402,0.266011929013909,yes,yes,0.000791012430717321,yes,-0.83905700517097,0.579513187542193,0.273440996901227,33.2179341761502,32.7747,NA,NA,NA,1,5,DE-Spw,2010,51.8922,14.0337,61,WET
3.9195170068744,0.243769927707428,yes,yes,0.0173723733686196,yes,-0.545316212489512,0.575883428551913,0.220343104019435,33.9594496225343,33.6512,NA,NA,NA,1,5,DE-Spw,2011,51.8922,14.0337,61,WET
4.27602429711594,0.236002294875658,yes,yes,0.000765980305922297,yes,-0.785179489543938,0.586861711793567,0.214304573183862,33.552424146686,33.565,NA,NA,NA,1,5,DE-Spw,2012,51.8922,14.0337,61,WET
3.99787658829536,0.22364580911307,yes,yes,0.000783729123186436,yes,-0.723725462388122,0.583438120619227,0.224349943470939,30.5814959213202,30.5393,NA,NA,NA,1,5,DE-Spw,2013,51.8922,14.0337,61,WET
5.16115065979188,0.222573564649006,yes,yes,0.000754233044010649,yes,-0.841995080968622,0.533884112984258,0.229908112643961,34.5431459829395,32.9418,NA,NA,NA,1,5,DE-Spw,2014,51.8922,14.0337,61,WET
