uWUE,ETmax,precipAvail,Gavail,GSmax,CO2avail,G1,EF,EFampl,GPPsat,NEPmax,Rb,Rbmax,aCUE,TZ,nyears,SITE_ID,year,LOCATION_LAT,LOCATION_LONG,LOCATION_ELEV,IGBP
1.60781487683782,0.238109033535244,yes,yes,0.0125831902377171,yes,4.7222645178581,0.759505612841074,0.14110135988829,14.1936882391922,10.345845,NA,NA,NA,1,2,DE-Zrk,2013,53.8759,12.889,0,WET
1.4711003913772,0.237924106529149,yes,yes,0.0139848596612971,yes,5.00127574376104,0.774442808188698,0.169079557975595,13.2241515648095,11.3162,NA,NA,NA,1,2,DE-Zrk,2014,53.8759,12.889,0,WET
