uWUE,ETmax,precipAvail,Gavail,GSmax,CO2avail,G1,EF,EFampl,GPPsat,NEPmax,Rb,Rbmax,aCUE,TZ,nyears,SITE_ID,year,LOCATION_LAT,LOCATION_LONG,LOCATION_ELEV,IGBP
3.09703562183153,0.169010422735546,yes,yes,0.0033292126040619,yes,-0.444397099852109,0.399459179256425,0.254496485133654,18.8546433265382,15.0457,NA,NA,NA,1,7,ES-LM1,2014,39.94269,-5.778683,263,SAV
2.84773768473578,0.200483360552883,yes,yes,0.00771399863125451,yes,2.95337731005115,0.50751709294696,0.237374519247661,19.38872028975,16.2704,NA,NA,NA,1,7,ES-LM1,2015,39.94269,-5.778683,263,SAV
2.81482894923986,0.24220504932682,yes,yes,0.00978292838941617,yes,3.04240326409274,0.550799303928993,0.236182522898586,23.0151619750664,19.52676,NA,NA,NA,1,7,ES-LM1,2016,39.94269,-5.778683,263,SAV
2.71818183579397,0.192719277376837,yes,yes,0.00686363638291697,yes,3.09433162722982,0.468950106835929,0.236046984420567,15.5765568465107,13.88088,NA,NA,NA,1,7,ES-LM1,2017,39.94269,-5.778683,263,SAV
3.0976079218578,0.207387094750407,yes,yes,0.00764772550101336,yes,2.69430212819293,0.489439538655614,0.251486614362345,20.5530877199662,17.0899,NA,NA,NA,1,7,ES-LM1,2018,39.94269,-5.778683,263,SAV
3.19042293122248,0.182553996327968,yes,yes,0.00634642273185507,yes,2.68730095475864,0.447106243820823,0.20671063935633,17.1175501440601,14.8058,NA,NA,NA,1,7,ES-LM1,2019,39.94269,-5.778683,263,SAV
3.10793994920204,0.215770814529764,yes,yes,0.00741044682883078,yes,2.53326115707149,0.478836534248576,0.263809519307673,20.3678481656793,18.36284,NA,NA,NA,1,7,ES-LM1,2020,39.94269,-5.778683,263,SAV
