uWUE,ETmax,precipAvail,Gavail,GSmax,CO2avail,G1,EF,EFampl,GPPsat,NEPmax,Rb,Rbmax,aCUE,TZ,nyears,SITE_ID,year,LOCATION_LAT,LOCATION_LONG,LOCATION_ELEV,IGBP
2.09600361991476,0.0568993401413274,yes,yes,0.00283675648323786,yes,2.398088297985,0.322697442860376,0.216535351105165,7.3345229957515,3.83595999999999,NA,NA,NA,2,4,FI-Jok,2000,60.8986,23.5134,109,CRO
3.00928118769536,0.147608350712303,yes,yes,0.00561574600285612,yes,1.79720476667219,0.850821538962095,0.318178965144775,19.0915667290636,12.05202,NA,NA,NA,2,4,FI-Jok,2001,60.8986,23.5134,109,CRO
2.38224944975251,0.122300495764079,yes,yes,0.00605633679718794,yes,2.46658396741724,0.601810752867649,0.328987428687541,14.7354791458204,9.79406660000001,NA,NA,NA,2,4,FI-Jok,2002,60.8986,23.5134,109,CRO
3.08054387865148,0.154817957358188,yes,yes,0.00482203580089676,yes,0.845182831614994,0.624814175800119,0.395936320791215,17.4097907897814,13.716152,NA,NA,NA,2,4,FI-Jok,2003,60.8986,23.5134,109,CRO
