uWUE,ETmax,precipAvail,Gavail,GSmax,CO2avail,G1,EF,EFampl,GPPsat,NEPmax,Rb,Rbmax,aCUE,TZ,nyears,SITE_ID,year,LOCATION_LAT,LOCATION_LONG,LOCATION_ELEV,IGBP
3.60291240908768,0.114720193534021,yes,yes,0.010328690897701,yes,2.70031722031428,0.833096813271878,0.349592646118705,27.2931626937233,20.518536,1.89075390010253,3.61590987727584,0.574601316595374,1,4,IT-CA2,2011,42.3772,12.026,200,CRO
2.95505070882772,0.164337775540199,yes,yes,0.00638007763680612,yes,2.09717232155307,0.460832654606164,0.334105534485742,19.6996270959372,20.212804,NA,NA,NA,1,4,IT-CA2,2012,42.3772,12.026,200,CRO
3.43660176351074,0.233616796904978,yes,yes,-8.64889069335946e-05,yes,-0.936392141763178,0.794021914618309,0.229500893654554,34.4675016180248,32.224975,3.21135430299258,5.05887421124929,0.620581400434765,1,4,IT-CA2,2013,42.3772,12.026,200,CRO
2.08239606775641,0.217842627473751,yes,yes,-7.91395081197387e-05,yes,-1.16667928817371,0.713206947931061,0.161687314285496,25.9535998231708,28.9514810000001,3.3156166131417,5.9494203283064,0.484121270783745,1,4,IT-CA2,2014,42.3772,12.026,200,CRO
