uWUE,ETmax,precipAvail,Gavail,GSmax,CO2avail,G1,EF,EFampl,GPPsat,NEPmax,Rb,Rbmax,aCUE,TZ,nyears,SITE_ID,year,LOCATION_LAT,LOCATION_LONG,LOCATION_ELEV,IGBP
2.82955285632625,0.299134039965588,yes,yes,0.0145368064047333,yes,4.09728502662253,0.763847713978583,0.187517400866205,29.2837269921199,26.060986,NA,NA,NA,1,4,IT-CA1,2011,42.3804,12.0266,200,DBF
2.72642946257822,0.301012560349953,yes,yes,0.0169386714926581,yes,4.12605522726223,0.593499082402378,0.281451786606131,29.6473157075357,28.048504,NA,NA,NA,1,4,IT-CA1,2012,42.3804,12.0266,200,DBF
1.72089941069384,0.332724774961731,yes,yes,-0.000210275657161205,yes,-1.39551648080713,0.640901640694528,0.269427170823133,19.4217888913612,17.061178,NA,NA,NA,1,4,IT-CA1,2013,42.3804,12.0266,200,DBF
2.54894292920955,0.244161642195213,yes,yes,2.64899028467253e-08,yes,-1.30182540535006,0.585745639642684,0.214813802538478,20.5059820306012,17.28949,2.8454203631351,3.6654730494691,0.504766573720631,1,4,IT-CA1,2014,42.3804,12.0266,200,DBF
