uWUE,ETmax,precipAvail,Gavail,GSmax,CO2avail,G1,EF,EFampl,GPPsat,NEPmax,Rb,Rbmax,aCUE,TZ,nyears,SITE_ID,year,LOCATION_LAT,LOCATION_LONG,LOCATION_ELEV,IGBP
3.10073024140446,0.236928349904642,yes,yes,0.0127665635778948,yes,2.49873835668207,0.538868479748093,0.249222164862247,26.6340618717375,26.384667,NA,NA,NA,1,7,IT-Ro2,2002,42.3903,11.9209,160,DBF
3.76210189244951,0.277779797033504,yes,yes,0.00575587225772339,yes,-0.90189055409771,0.586363150316978,0.286128878928679,34.4717603435567,34.78912,NA,NA,NA,1,7,IT-Ro2,2003,42.3903,11.9209,160,DBF
4.33419150378104,0.241877100044647,yes,yes,0.00846271273770511,yes,1.38042581390426,0.541987608082127,0.337145566696989,32.573341528329,32.590384,NA,NA,NA,1,7,IT-Ro2,2004,42.3903,11.9209,160,DBF
4.40924987219227,0.258394147137272,yes,yes,0.00843407266243586,yes,1.35120798649762,0.699365693881264,0.354074135110875,31.3247545139392,34.789559,NA,NA,NA,1,7,IT-Ro2,2005,42.3903,11.9209,160,DBF
4.49328105881672,0.275060151257116,yes,yes,0.00740365267382494,yes,1.2400413015293,0.745744236437123,0.34326495885172,30.5180631476152,33.88556,NA,NA,NA,1,7,IT-Ro2,2006,42.3903,11.9209,160,DBF
4.60347173147049,0.203236887396142,yes,yes,0.0063224421023319,yes,0.905451002274904,0.47537541252746,0.29261747682584,26.1129860407575,33.126347,NA,NA,NA,1,7,IT-Ro2,2007,42.3903,11.9209,160,DBF
