uWUE,ETmax,precipAvail,Gavail,GSmax,CO2avail,G1,EF,EFampl,GPPsat,NEPmax,Rb,Rbmax,aCUE,TZ,nyears,SITE_ID,year,LOCATION_LAT,LOCATION_LONG,LOCATION_ELEV,IGBP
2.14637376806664,0.124857357590854,yes,yes,-2.14459968494018e-08,yes,-0.815464560750142,0.54801903062904,0.229995302520406,10.4275551282896,8.3612725,NA,NA,NA,11,4,RU-Che,2002,68.613,161.3414,6,WET
1.97058809620843,0.120571625690903,yes,yes,1.55071178829769e-07,yes,-0.907569680582508,0.530880645918514,0.226871778031391,9.42193216176998,7.7935268,NA,NA,NA,11,4,RU-Che,2003,68.613,161.3414,6,WET
1.62029894117424,0.122472713676446,yes,yes,0.000191836143361857,yes,-0.567350701592183,0.527735935166406,0.22652238319834,9.15988950990173,6.3624472,NA,NA,NA,11,4,RU-Che,2004,68.613,161.3414,6,WET
1.89382130896665,0.0742422853460035,yes,yes,0.000118334980502839,yes,-0.859299129750779,0.512080442195479,0.192502499247234,8.33417744479502,4.350835,NA,NA,NA,11,4,RU-Che,2005,68.613,161.3414,6,WET
