uWUE,ETmax,precipAvail,Gavail,GSmax,CO2avail,G1,EF,EFampl,GPPsat,NEPmax,Rb,Rbmax,aCUE,TZ,nyears,SITE_ID,year,LOCATION_LAT,LOCATION_LONG,LOCATION_ELEV,IGBP
4.34651637386951,0.159119408249056,yes,yes,0.00875943007402925,yes,1.44020894694302,0.569937949128465,0.189015855055614,27.5355164581779,21.180004,NA,NA,NA,3,9,RU-Fy2,2015,56.4476,32.9019,275,ENF
4.24303473686704,0.181649408052111,yes,yes,0.0102159885886899,yes,1.5447461081745,0.561416635714469,0.259098480006371,25.6903585347179,19.970749,NA,NA,NA,3,9,RU-Fy2,2016,56.4476,32.9019,275,ENF
4.30619087625706,0.200574708270128,yes,yes,0.0135509492033036,yes,1.61402481709085,0.575059268204063,0.238811009648022,37.604626963671,28.848362,NA,NA,NA,3,9,RU-Fy2,2017,56.4476,32.9019,275,ENF
4.52883114237226,0.212418843897764,yes,yes,0.0121365783803832,yes,1.69512847129388,0.574338872161679,0.249899305901876,39.0377408772071,27.82116,NA,NA,NA,3,9,RU-Fy2,2018,56.4476,32.9019,275,ENF
4.23483141961433,0.202457834183939,yes,yes,0.011122154230332,yes,1.52644459934274,0.560584967931103,0.210735595020939,33.9282093267056,24.196004,NA,NA,NA,3,9,RU-Fy2,2019,56.4476,32.9019,275,ENF
4.11523638541233,0.214547075003864,yes,yes,0.0139413322735196,yes,1.7703412936526,0.578915263492993,0.213214367437177,33.0747047333361,26.028964,NA,NA,NA,3,9,RU-Fy2,2020,56.4476,32.9019,275,ENF
4.11883129137121,0.223403013076784,yes,yes,0.0123183720625785,yes,1.91344965074477,0.559910381870965,0.205199734719246,30.2631501367758,24.211637,NA,NA,NA,3,9,RU-Fy2,2021,56.4476,32.9019,275,ENF
4.1991935643367,0.228593563359934,yes,yes,0.0135800169385323,yes,1.80440651969841,0.559924509993186,0.214874930245658,32.8355499594094,25.260434,NA,NA,NA,3,9,RU-Fy2,2022,56.4476,32.9019,275,ENF
3.75165348362237,0.213056099775545,yes,yes,0.0113410176894686,yes,2.07997485752022,0.577747170969653,0.216688878467676,30.5186514868751,22.53242,NA,NA,NA,3,9,RU-Fy2,2023,56.4476,32.9019,275,ENF
