uWUE,ETmax,precipAvail,Gavail,GSmax,CO2avail,G1,EF,EFampl,GPPsat,NEPmax,Rb,Rbmax,aCUE,TZ,nyears,SITE_ID,year,LOCATION_LAT,LOCATION_LONG,LOCATION_ELEV,IGBP
1.84583823912097,0.158609809583346,yes,yes,0.00623032345909891,yes,3.73306081608017,0.533728930443727,0.148697434800907,9.36652184643255,6.6333791,NA,NA,NA,7,3,RU-Ha1,2002,54.7252,90.0022,446,GRA
1.6431455316643,0.191149311845239,yes,yes,0.00714050900604795,yes,4.66335201965603,0.57847662375776,0.185539936223957,9.99313358575734,8.33844009999999,NA,NA,NA,7,3,RU-Ha1,2003,54.7252,90.0022,446,GRA
1.82561168866093,0.207866226171346,yes,yes,0.00787149392099242,yes,4.08033122459143,0.623153255536769,0.194730441945451,13.9638662261749,10.89305,NA,NA,NA,7,3,RU-Ha1,2004,54.7252,90.0022,446,GRA
