uWUE,ETmax,precipAvail,Gavail,GSmax,CO2avail,G1,EF,EFampl,GPPsat,NEPmax,Rb,Rbmax,aCUE,TZ,nyears,SITE_ID,year,LOCATION_LAT,LOCATION_LONG,LOCATION_ELEV,IGBP
3.10221665695718,0.138735748653887,yes,yes,0.00349646637855834,yes,2.20317273841481,0.365857411514074,0.195967713221835,11.6125595479617,14.377788,NA,NA,NA,9,3,RU-SkP,2012,62.255,129.168,246,DNF
2.00236764358614,0.147633699960188,yes,yes,0.00508849773453107,yes,3.945808932053,0.401640534625997,0.28624871674566,8.27376300154915,12.377575,NA,NA,NA,9,3,RU-SkP,2013,62.255,129.168,246,DNF
2.53630852113411,0.157854350584183,yes,yes,0.00587546350062386,yes,3.74331856206384,0.433073449658039,0.196458480783707,13.5715479102402,13.03936,NA,NA,NA,9,3,RU-SkP,2014,62.255,129.168,246,DNF
