uWUE,ETmax,precipAvail,Gavail,GSmax,CO2avail,G1,EF,EFampl,GPPsat,NEPmax,Rb,Rbmax,aCUE,TZ,nyears,SITE_ID,year,LOCATION_LAT,LOCATION_LONG,LOCATION_ELEV,IGBP
24.1559462196796,0.181957623967646,yes,yes,0.00259322976425909,yes,-0.896886297835661,0.0872069400807029,0.271672586990685,22.2788295760218,21.519376,NA,NA,NA,2,5,SD-Dem,2005,13.2829,30.4783,500,SAV
2.23639701923994,0.245314777438945,yes,yes,0.00561034319906545,yes,0.646092762342728,0.647716039108422,0.232163157652445,16.3628487118757,14.751928,NA,NA,NA,2,5,SD-Dem,2007,13.2829,30.4783,500,SAV
2.6726712141768,0.233523101991898,yes,yes,0.00598477450043146,yes,2.42056180464298,0.643856389895634,0.204456668108679,20.0575961137882,17.556344,NA,NA,NA,2,5,SD-Dem,2008,13.2829,30.4783,500,SAV
2.425584248196,0.234015861381093,yes,yes,0.00577285389779746,yes,2.29872284852961,0.639233701643808,0.256018831507176,15.2438751239604,15.991682,NA,NA,NA,2,5,SD-Dem,2009,13.2829,30.4783,500,SAV
