uWUE,ETmax,precipAvail,Gavail,GSmax,CO2avail,G1,EF,EFampl,GPPsat,NEPmax,Rb,Rbmax,aCUE,TZ,nyears,SITE_ID,year,LOCATION_LAT,LOCATION_LONG,LOCATION_ELEV,IGBP
3.1215536267608,0.288631132664942,yes,yes,0.0107262832291114,yes,2.2416966732166,0.693999323096081,0.245047610341848,36.3739720927146,29.210516,NA,NA,NA,-6,2,US-ARb,2005,35.5497,-98.0402,424,GRA
2.7206605446522,0.260824737046241,yes,yes,0.00745936881051083,yes,2.4471222551988,0.598885682142455,0.217220985388631,21.6039423727667,19.016056,NA,NA,NA,-6,2,US-ARb,2006,35.5497,-98.0402,424,GRA
