uWUE,ETmax,precipAvail,Gavail,GSmax,CO2avail,G1,EF,EFampl,GPPsat,NEPmax,Rb,Rbmax,aCUE,TZ,nyears,SITE_ID,year,LOCATION_LAT,LOCATION_LONG,LOCATION_ELEV,IGBP
0.796779463625555,0.129036436903708,yes,yes,0.0192537541939454,yes,-251.691085244072,0.459410505516219,0.137204630052347,7.74971020988672,5.4846,NA,NA,NA,-9,6,US-Atq,2004,70.4696,-157.4089,15,WET
1.03397836165485,0.160400734013868,yes,yes,0.0363075910587442,yes,3.00418279199612,0.477787438413448,0.181125157751599,7.01045087111234,5.4713672,NA,NA,NA,-9,6,US-Atq,2005,70.4696,-157.4089,15,WET
0.676852021413169,0.11358552158125,yes,yes,0.0127998019791651,yes,5.96343199111994,0.450393858007158,0.14982428091458,6.7581196343142,5.28296269999999,NA,NA,NA,-9,6,US-Atq,2006,70.4696,-157.4089,15,WET
0.919275334342524,0.109643380602251,yes,yes,0.00897928038316901,yes,6.94013669570099,0.384839488552712,0.121405502613916,5.66574003626054,4.5805898,NA,NA,NA,-9,6,US-Atq,2007,70.4696,-157.4089,15,WET
1.11884124438312,0.100822478177474,yes,yes,0.0118448987061733,yes,5.63537630925067,0.341463414634146,0.346970625940583,6.73051448237209,5.5985649,NA,NA,NA,-9,6,US-Atq,2008,70.4696,-157.4089,15,WET
