uWUE,ETmax,precipAvail,Gavail,GSmax,CO2avail,G1,EF,EFampl,GPPsat,NEPmax,Rb,Rbmax,aCUE,TZ,nyears,SITE_ID,year,LOCATION_LAT,LOCATION_LONG,LOCATION_ELEV,IGBP
4.43355785061119,0.408344465010407,yes,yes,0.0136487396761409,yes,1.84490489800671,0.89406369493872,0.231665116061228,55.5653116193024,49.70476,NA,NA,NA,-6,2,US-A74,2016,36.8085,-97.5489,336.32,CRO
1.8952983633068,0.225156492775482,yes,yes,0.00777294529370362,yes,4.16504708891788,0.633301263852369,0.311300368523717,15.6130410868269,15.125476,NA,NA,NA,-6,2,US-A74,2017,36.8085,-97.5489,336.32,CRO
