uWUE,ETmax,precipAvail,Gavail,GSmax,CO2avail,G1,EF,EFampl,GPPsat,NEPmax,Rb,Rbmax,aCUE,TZ,nyears,SITE_ID,year,LOCATION_LAT,LOCATION_LONG,LOCATION_ELEV,IGBP
2.16821705116475,0.147925640794857,yes,yes,0.00524792373281716,yes,2.9577845677961,0.395505618170286,0.195456307235055,9.29980133005061,8.36795400000001,NA,NA,NA,-6,3,US-AR2,2009,36.6358,-99.5975,646,GRA
2.71188097331199,0.236235362124805,yes,yes,0.0106099638516931,yes,2.73981466430082,0.52330839935179,0.274297987376177,19.4051612852117,20.351024,NA,NA,NA,-6,3,US-AR2,2010,36.6358,-99.5975,646,GRA
1.20129793612611,0.0926810849480378,yes,yes,0.00332022848749444,yes,4.00441271644198,0.278743713342026,0.1490244060627,4.19424583236791,5.58324199999999,NA,NA,NA,-6,3,US-AR2,2011,36.6358,-99.5975,646,GRA
