uWUE,ETmax,precipAvail,Gavail,GSmax,CO2avail,G1,EF,EFampl,GPPsat,NEPmax,Rb,Rbmax,aCUE,TZ,nyears,SITE_ID,year,LOCATION_LAT,LOCATION_LONG,LOCATION_ELEV,IGBP
1.93974608081477,0.154141898589336,yes,yes,0.00233359447557322,yes,1.38786219785294,0.277355616556178,0.206263298407111,9.76816917276665,0.771588929999998,NA,NA,NA,-8,1,US-Bi2,2017,38.1091,-121.5351,-5,CRO
