uWUE,ETmax,precipAvail,Gavail,GSmax,CO2avail,G1,EF,EFampl,GPPsat,NEPmax,Rb,Rbmax,aCUE,TZ,nyears,SITE_ID,year,LOCATION_LAT,LOCATION_LONG,LOCATION_ELEV,IGBP
2.97046749831146,0.198282854891252,yes,yes,0.000354317019705425,yes,-1.05591431054524,0.596853089421493,0.315325727772819,13.2479470816808,12.668776,NA,NA,NA,-8,4,US-CF2,2017,46.784,-117.0908,790.7,CRO
5.74770944275251,0.222243310947101,yes,yes,0.00030868819217531,yes,-1.25513528716684,0.577267504422842,0.362165082863067,34.9707651112237,32.617685,4.56360511143228,6.64135518986219,0.626568603954941,-8,4,US-CF2,2018,46.784,-117.0908,790.7,CRO
3.95569489710355,0.203331796981152,yes,yes,0.000351384360346145,yes,-1.04147960845476,0.64906563205825,0.204438980511434,30.3015090985899,28.928724,NA,NA,NA,-8,4,US-CF2,2019,46.784,-117.0908,790.7,CRO
3.42872448395967,0.228599806593369,yes,yes,0.000428735377014642,yes,-0.719008853490096,0.737937395079564,0.167092337329448,34.7473348828168,32.471778,NA,NA,NA,-8,4,US-CF2,2020,46.784,-117.0908,790.7,CRO
