uWUE,ETmax,precipAvail,Gavail,GSmax,CO2avail,G1,EF,EFampl,GPPsat,NEPmax,Rb,Rbmax,aCUE,TZ,nyears,SITE_ID,year,LOCATION_LAT,LOCATION_LONG,LOCATION_ELEV,IGBP
3.84990282353064,0.286742700853366,yes,yes,0.000351959314689144,yes,-0.98903967617377,0.796179015737216,0.188250232415743,39.6064296961401,36.9106,NA,NA,NA,-6,2,US-CS4,2020,44.1597,-89.5475,329.55,CRO
