uWUE,ETmax,precipAvail,Gavail,GSmax,CO2avail,G1,EF,EFampl,GPPsat,NEPmax,Rb,Rbmax,aCUE,TZ,nyears,SITE_ID,year,LOCATION_LAT,LOCATION_LONG,LOCATION_ELEV,IGBP
4.41977669163598,0.260229415498002,yes,yes,0.000448252137532971,yes,-0.919255767075178,0.647361930473619,0.270075500328573,33.2506125269572,31.676911,NA,NA,NA,-8,5,US-CF1,2017,46.7815,-117.0821,793.92,CRO
4.16507353941478,0.244181965173243,yes,yes,0.000381207563977198,yes,-1.13871767049642,0.575329439627591,0.31179596405005,34.3984082806882,36.651591,NA,NA,NA,-8,5,US-CF1,2018,46.7815,-117.0821,793.92,CRO
4.07709708911978,0.284508992278589,yes,yes,0.000546808796674752,yes,-0.929128456660334,0.715744768252727,0.218467633959738,40.2816147566589,39.162121,NA,NA,NA,-8,5,US-CF1,2019,46.7815,-117.0821,793.92,CRO
3.90536640913155,0.250482127403223,yes,yes,0.000553705788831109,yes,-0.916928106136266,0.739101036031906,0.193086213013925,39.6530658325264,36.074427,NA,NA,NA,-8,5,US-CF1,2020,46.7815,-117.0821,793.92,CRO
3.78976449128841,0.275317519182103,yes,yes,0.000337363378357751,yes,-1.27775004110002,0.707826785140615,0.316988825464964,25.9926413399147,23.566484,NA,NA,NA,-8,5,US-CF1,2021,46.7815,-117.0821,793.92,CRO
