uWUE,ETmax,precipAvail,Gavail,GSmax,CO2avail,G1,EF,EFampl,GPPsat,NEPmax,Rb,Rbmax,aCUE,TZ,nyears,SITE_ID,year,LOCATION_LAT,LOCATION_LONG,LOCATION_ELEV,IGBP
3.79186774174835,0.297643261897991,yes,yes,0.0159679959411752,yes,1.56398408338332,0.808079732440251,0.156563338250451,43.1740527239798,39.538722,NA,NA,NA,-6,1,US-CS5,2021,44.1095,-89.5377,334.87,CRO
