uWUE,ETmax,precipAvail,Gavail,GSmax,CO2avail,G1,EF,EFampl,GPPsat,NEPmax,Rb,Rbmax,aCUE,TZ,nyears,SITE_ID,year,LOCATION_LAT,LOCATION_LONG,LOCATION_ELEV,IGBP
3.23388674301604,0.121301428230651,yes,yes,0.00118501895155844,yes,-0.330668367025738,0.378936469020019,0.272407086236701,22.8629486761709,19.158618,NA,NA,NA,-6,5,US-CS2,2018,44.1467,-89.5002,335.3,ENF
3.3242898902683,0.29288681906121,yes,yes,0.00100885614233511,yes,-0.699374916922576,0.625461540385578,0.222334747909805,32.767210720406,29.419654,NA,NA,NA,-6,5,US-CS2,2019,44.1467,-89.5002,335.3,ENF
4.40236350375777,0.241317723772917,yes,yes,0.000793673039195335,yes,-0.747374431235885,0.524127449541658,0.282153838355138,33.0693593887426,32.580096,4.49160313102693,6.93400105053455,0.84270986224278,-6,5,US-CS2,2020,44.1467,-89.5002,335.3,ENF
4.31770401586909,0.308687589271862,yes,yes,0.0148481023784631,yes,1.86473683092529,0.609344877142557,0.374894819272836,38.9857165286786,33.860356,NA,NA,NA,-6,5,US-CS2,2021,44.1467,-89.5002,335.3,ENF
4.14991238751901,0.285101549843747,yes,yes,0.0142462615933461,yes,1.83057292994444,0.651077655873713,0.162320862143937,38.8883157118494,41.92608,NA,NA,NA,-6,5,US-CS2,2022,44.1467,-89.5002,335.3,ENF
