uWUE,ETmax,precipAvail,Gavail,GSmax,CO2avail,G1,EF,EFampl,GPPsat,NEPmax,Rb,Rbmax,aCUE,TZ,nyears,SITE_ID,year,LOCATION_LAT,LOCATION_LONG,LOCATION_ELEV,IGBP
3.5426338706625,0.279353387043337,yes,yes,0.0121122609130932,yes,1.5598882295076,0.773796148202979,0.241070253682122,39.1751967160703,38.9421529999999,4.52729567792311,5.8990741768898,0.336331910805152,-6,2,US-CS6,2022,44.4297,-89.544,329.12,CRO
2.95939348111431,0.120004405351007,yes,yes,0.00679145841287405,yes,3.0595135723932,0.515412317809841,0.173948516703137,11.8198355987157,14.274895,NA,NA,NA,-6,2,US-CS6,2023,44.4297,-89.544,329.12,CRO
