uWUE,ETmax,precipAvail,Gavail,GSmax,CO2avail,G1,EF,EFampl,GPPsat,NEPmax,Rb,Rbmax,aCUE,TZ,nyears,SITE_ID,year,LOCATION_LAT,LOCATION_LONG,LOCATION_ELEV,IGBP
4.23955548734457,0.266527790122001,yes,yes,0.00931229425077384,yes,1.36911056080247,0.776053846153846,0.28517120073706,38.7830611295428,38.21603,NA,NA,NA,-6,1,US-CS8,2023,44.4338,-89.5364,330.27,CRO
