uWUE,ETmax,precipAvail,Gavail,GSmax,CO2avail,G1,EF,EFampl,GPPsat,NEPmax,Rb,Rbmax,aCUE,TZ,nyears,SITE_ID,year,LOCATION_LAT,LOCATION_LONG,LOCATION_ELEV,IGBP
3.82810765740478,0.310490781202482,yes,yes,0.000393356451294593,yes,-0.974814749065007,0.879535049675459,0.156378455247436,43.5477771951532,40.991691,NA,NA,NA,-6,2,US-CS3,2019,44.1394,-89.5727,327.22,CRO
1.85748038570042,0.0903373154829425,yes,yes,0.000208324489276834,yes,-0.500525839069025,0.445039338791782,0.114412257940959,10.1155642683809,9.2692781,NA,NA,NA,-6,2,US-CS3,2020,44.1394,-89.5727,327.22,CRO
