uWUE,ETmax,precipAvail,Gavail,GSmax,CO2avail,G1,EF,EFampl,GPPsat,NEPmax,Rb,Rbmax,aCUE,TZ,nyears,SITE_ID,year,LOCATION_LAT,LOCATION_LONG,LOCATION_ELEV,IGBP
3.46403219692431,0.273927719236589,yes,yes,0.00052872225103619,yes,-1.09805083463961,0.775642644630692,0.194669566653316,31.92424269293,29.71888,NA,NA,NA,-8,5,US-CF4,2017,46.7518,-117.1285,783.8,CRO
3.81125492921595,0.247120295121895,yes,yes,0.000359363201510661,yes,-1.18024097231803,0.704571858461686,0.30793422074241,28.6650940480078,23.317939,NA,NA,NA,-8,5,US-CF4,2018,46.7518,-117.1285,783.8,CRO
3.9322774410885,0.257291368857324,yes,yes,0.000441079616125075,yes,-0.954682844204347,0.730565582454505,0.256648001443904,39.3986545785513,37.035656,1.83501863620585,2.33010186805864,0.852713968450722,-8,5,US-CF4,2019,46.7518,-117.1285,783.8,CRO
3.68664922013614,0.270655750348852,yes,yes,0.000425288768179956,yes,-0.935479496749366,0.763001885241834,0.211948793847726,40.9537562017031,37.611992,NA,NA,NA,-8,5,US-CF4,2020,46.7518,-117.1285,783.8,CRO
3.61513464965485,0.289108598986659,yes,yes,0.000418669964823887,yes,-1.12406558227524,0.770596911071595,0.283996653479341,30.1725872112343,30.0161079999999,NA,NA,NA,-8,5,US-CF4,2021,46.7518,-117.1285,783.8,CRO
