uWUE,ETmax,precipAvail,Gavail,GSmax,CO2avail,G1,EF,EFampl,GPPsat,NEPmax,Rb,Rbmax,aCUE,TZ,nyears,SITE_ID,year,LOCATION_LAT,LOCATION_LONG,LOCATION_ELEV,IGBP
3.92881067281496,0.333483307221409,yes,yes,0.000342624133779327,yes,-1.04458291829791,0.954392596967907,0.190666347200866,44.7233170543552,38.641774,NA,NA,NA,-6,2,US-CS1,2018,44.1031,-89.5379,334.52,CRO
0.470337399777687,0.142756580961717,yes,yes,0.000294244951444613,yes,-0.314868570796637,0.584769026580526,0.272773663037957,5.23758731064451,4.50115719999999,NA,NA,NA,-6,2,US-CS1,2019,44.1031,-89.5379,334.52,CRO
