uWUE,ETmax,precipAvail,Gavail,GSmax,CO2avail,G1,EF,EFampl,GPPsat,NEPmax,Rb,Rbmax,aCUE,TZ,nyears,SITE_ID,year,LOCATION_LAT,LOCATION_LONG,LOCATION_ELEV,IGBP
3.71775062688046,0.231530444744981,yes,yes,0.00809210610260131,yes,1.65282417211997,0.497696016771134,0.218468966321714,24.9171576537537,25.95222,NA,NA,NA,-5,1,US-HB2,2019,33.3242,-79.244,4.59,ENF
