uWUE,ETmax,precipAvail,Gavail,GSmax,CO2avail,G1,EF,EFampl,GPPsat,NEPmax,Rb,Rbmax,aCUE,TZ,nyears,SITE_ID,year,LOCATION_LAT,LOCATION_LONG,LOCATION_ELEV,IGBP
3.5377763960394,0.137540524374378,yes,yes,0.000906052051171036,yes,1.4961321548436,0.127488083488694,0.134924392225027,2.89324765805077,3.6036273,NA,NA,NA,-8,4,US-Hn2,2018,46.6889,-119.4641,117.58,GRA
