uWUE,ETmax,precipAvail,Gavail,GSmax,CO2avail,G1,EF,EFampl,GPPsat,NEPmax,Rb,Rbmax,aCUE,TZ,nyears,SITE_ID,year,LOCATION_LAT,LOCATION_LONG,LOCATION_ELEV,IGBP
6.95999080298047,0.0698393441850133,yes,yes,0.00239228547214364,yes,1.16291380872192,0.154524925595038,0.196519198935811,11.6895369382619,9.2265929,NA,NA,NA,-8,2,US-Hn3,2018,46.6878,-119.4614,120.91,OSH
