uWUE,ETmax,precipAvail,Gavail,GSmax,CO2avail,G1,EF,EFampl,GPPsat,NEPmax,Rb,Rbmax,aCUE,TZ,nyears,SITE_ID,year,LOCATION_LAT,LOCATION_LONG,LOCATION_ELEV,IGBP
1.89564616226469,0.210225595764933,yes,yes,0.0113836783510349,yes,3.70694649202157,0.661714804927471,0.216598979180737,13.0617410813856,21.2290270000001,NA,NA,NA,-6,8,US-KFS,2008,39.0561,-95.1907,333.09,GRA
2.09082182967673,0.278718243545889,yes,yes,0.00986066665551919,yes,3.21218978255308,0.762598410664473,0.150709141005672,19.7006788977189,17.21835,NA,NA,NA,-6,8,US-KFS,2009,39.0561,-95.1907,333.09,GRA
2.24263890547649,0.257216891632262,yes,yes,0.00668835835372018,yes,2.28361721036894,0.660768549866311,0.193297718999343,19.4723046106204,16.499836,NA,NA,NA,-6,8,US-KFS,2010,39.0561,-95.1907,333.09,GRA
2.42953020530067,0.220976841005579,yes,yes,0.00482612509956885,yes,1.95960144767778,0.575171676936891,0.241974733621569,14.1875364300183,14.55751,NA,NA,NA,-6,8,US-KFS,2011,39.0561,-95.1907,333.09,GRA
2.83150493686491,0.189979342831213,yes,yes,0.00421392004019158,yes,1.99228881207122,0.52500304948148,0.188132215814211,15.6111162886253,14.960988,NA,NA,NA,-6,8,US-KFS,2012,39.0561,-95.1907,333.09,GRA
3.49789878138907,0.225959221638696,yes,yes,0.00664150971766376,yes,0.680242024496994,0.554482679579382,0.242146771860792,20.9186495785778,19.863468,NA,NA,NA,-6,8,US-KFS,2013,39.0561,-95.1907,333.09,GRA
