uWUE,ETmax,precipAvail,Gavail,GSmax,CO2avail,G1,EF,EFampl,GPPsat,NEPmax,Rb,Rbmax,aCUE,TZ,nyears,SITE_ID,year,LOCATION_LAT,LOCATION_LONG,LOCATION_ELEV,IGBP
2.75106575904215,0.219892331452475,yes,yes,0.00686598598474697,yes,0.701290536594788,0.551744076944462,0.166709380558774,19.4859544835401,17.82208,NA,NA,NA,-5,2,US-KS1,2002,28.4583,-80.6709,1,ENF
2.22077227415589,0.124238633563115,yes,yes,0.00657206039315375,yes,2.98906282550887,0.399696404394155,0.216452141498262,15.716529019698,12.224,NA,NA,NA,-5,2,US-KS1,2003,28.4583,-80.6709,1,ENF
