uWUE,ETmax,precipAvail,Gavail,GSmax,CO2avail,G1,EF,EFampl,GPPsat,NEPmax,Rb,Rbmax,aCUE,TZ,nyears,SITE_ID,year,LOCATION_LAT,LOCATION_LONG,LOCATION_ELEV,IGBP
2.0748028212645,0.246593519353076,yes,yes,0.000230717111332962,yes,-0.909270900439312,0.573510695154458,0.183466624643886,17.3927904529444,18.69634,NA,NA,NA,-5,1,US-KS3,2018,28.7085,-80.7427,0.22,WET
