uWUE,ETmax,precipAvail,Gavail,GSmax,CO2avail,G1,EF,EFampl,GPPsat,NEPmax,Rb,Rbmax,aCUE,TZ,nyears,SITE_ID,year,LOCATION_LAT,LOCATION_LONG,LOCATION_ELEV,IGBP
1.66554067668317,0.146188859736679,yes,yes,0.00345003627499596,yes,2.53917046705043,0.397991509852373,0.167754404372895,8.74548224228284,11.813809,NA,NA,NA,-8,2,US-Lin,2010,36.3566,-119.0922,131,CRO
