uWUE,ETmax,precipAvail,Gavail,GSmax,CO2avail,G1,EF,EFampl,GPPsat,NEPmax,Rb,Rbmax,aCUE,TZ,nyears,SITE_ID,year,LOCATION_LAT,LOCATION_LONG,LOCATION_ELEV,IGBP
2.93261483242684,0.127260941774393,yes,yes,0.00656409923523978,yes,2.42048614849737,0.290759058992363,0.157273453353037,11.1190362507112,10.10788,NA,NA,NA,-8,3,US-Me5,2000,44.4372,-121.5668,1188,ENF
2.79194878927107,0.115028204151226,yes,yes,0.00562275518013291,yes,2.12143957392779,0.263727681577034,0.146213876233832,11.2835555249539,11.55236,NA,NA,NA,-8,3,US-Me5,2001,44.4372,-121.5668,1188,ENF
2.81189761843943,0.129882247210498,yes,yes,0.00170751747512024,yes,-1.17904427594255,0.275650261621294,0.154945676309156,11.7354018134057,10.12232,NA,NA,NA,-8,3,US-Me5,2002,44.4372,-121.5668,1188,ENF
