uWUE,ETmax,precipAvail,Gavail,GSmax,CO2avail,G1,EF,EFampl,GPPsat,NEPmax,Rb,Rbmax,aCUE,TZ,nyears,SITE_ID,year,LOCATION_LAT,LOCATION_LONG,LOCATION_ELEV,IGBP
2.60234460414407,0.081294768426515,yes,yes,0.000335631489657908,yes,-0.564082228823497,0.395229296507172,0.269409722679773,7.13822564440225,11.065605,NA,NA,NA,-8,6,US-Me3,2004,44.3154,-121.6078,1005,ENF
2.21997036272467,0.0976971746697321,yes,yes,0.000315722568463842,yes,-0.566080036388917,0.382804964603541,0.215568956536117,6.49702301277024,8.93242,NA,NA,NA,-8,6,US-Me3,2005,44.3154,-121.6078,1005,ENF
2.30705672817892,0.123392211826359,yes,yes,0.000469065277041652,yes,-0.638327812808769,0.314373703415803,0.125621167964029,9.76463929967206,10.174255,NA,NA,NA,-8,6,US-Me3,2007,44.3154,-121.6078,1005,ENF
2.58932478755057,0.136083209283933,yes,yes,0.000482192630637578,yes,-0.665540037573403,0.324922366835791,0.198078580861872,10.621554284244,9.2993845,4.48952664618523,8.24556001609463,-0.515340021101102,-8,6,US-Me3,2008,44.3154,-121.6078,1005,ENF
2.43649238468069,0.137196146552951,yes,yes,0.0116662733021197,yes,0.314161364032493,0.315514910979604,0.171914016792094,10.1228840722002,10.186425,NA,NA,NA,-8,6,US-Me3,2009,44.3154,-121.6078,1005,ENF
