uWUE,ETmax,precipAvail,Gavail,GSmax,CO2avail,G1,EF,EFampl,GPPsat,NEPmax,Rb,Rbmax,aCUE,TZ,nyears,SITE_ID,year,LOCATION_LAT,LOCATION_LONG,LOCATION_ELEV,IGBP
3.41546036882863,0.331998466180816,yes,yes,0.0133802423482585,yes,1.61036928903106,0.934091554888489,0.17879559391783,42.0100002579961,38.28999,NA,NA,NA,-6,6,US-Mo3,2016,39.2322,-92.1493,264.06,CRO
5.45835537821529,0.233188584813672,yes,yes,0.00624867165691332,yes,0.323597403500925,0.733564218630567,0.254574045659467,44.0698046266784,41.977,NA,NA,NA,-6,6,US-Mo3,2017,39.2322,-92.1493,264.06,CRO
3.52722530265504,0.291033873220749,yes,yes,0.00903019490784894,yes,1.31833309520234,0.898801731950458,0.198949808327557,35.5473059830137,31.938154,NA,NA,NA,-6,6,US-Mo3,2018,39.2322,-92.1493,264.06,CRO
3.48929773921256,0.289187426398726,yes,yes,0.0136875523505198,yes,2.10760724092751,0.866537036509617,0.196543643661761,43.1487385563662,37.299581,NA,NA,NA,-6,6,US-Mo3,2019,39.2322,-92.1493,264.06,CRO
5.31080033576215,0.256154895516865,yes,yes,0.00749349617289538,yes,0.372727544517145,0.772527868317463,0.198803867351522,50.6708849058961,46.9730899999999,NA,NA,NA,-6,6,US-Mo3,2020,39.2322,-92.1493,264.06,CRO
3.72711071386265,0.254441518103592,yes,yes,0.0102932682373641,yes,1.64135988746522,0.824865343817273,0.295742914481262,40.0349408480513,34.381698,2.86911608068457,2.93369148505649,0.898607474342353,-6,6,US-Mo3,2021,39.2322,-92.1493,264.06,CRO
