uWUE,ETmax,precipAvail,Gavail,GSmax,CO2avail,G1,EF,EFampl,GPPsat,NEPmax,Rb,Rbmax,aCUE,TZ,nyears,SITE_ID,year,LOCATION_LAT,LOCATION_LONG,LOCATION_ELEV,IGBP
2.63246289454815,0.296601877776207,yes,yes,0.00840176493164418,yes,2.28052988571244,0.751640028625954,0.179361799207062,25.5496000955259,21.92094,NA,NA,NA,-6,7,US-Mo2,2018,38.9488,-91.9945,273.62,GRA
2.46374085597783,0.290186271406787,yes,yes,0.0105861668576254,yes,2.80087653180812,0.782194651484179,0.159249134902948,26.9422454902847,22.134488,NA,NA,NA,-6,7,US-Mo2,2019,38.9488,-91.9945,273.62,GRA
2.86136581044584,0.311023370628834,yes,yes,0.00964432344446657,yes,2.28462717253087,0.811631524697966,0.176971802503449,30.5590567837829,26.63322,NA,NA,NA,-6,7,US-Mo2,2020,38.9488,-91.9945,273.62,GRA
2.70505965457537,0.295049952378133,yes,yes,0.00917300251286581,yes,2.4489028319266,0.786495243449572,0.164481004903516,27.0724405326885,22.015428,NA,NA,NA,-6,7,US-Mo2,2021,38.9488,-91.9945,273.62,GRA
2.71031026417608,0.301333545270969,yes,yes,0.00899416969645178,yes,2.38010707075798,0.803945845605412,0.249102655604078,28.2217436954962,25.86504,NA,NA,NA,-6,7,US-Mo2,2022,38.9488,-91.9945,273.62,GRA
3.0892161642221,0.278983610131667,yes,yes,0.00981027210125601,yes,1.40564054231912,0.7205062049079,0.189571899294202,29.8043904685612,24.877731,NA,NA,NA,-6,7,US-Mo2,2023,38.9488,-91.9945,273.62,GRA
2.53265352397605,0.335925659567431,yes,yes,0.0187942854779941,yes,1.2218528025776,0.822923886333564,0.217364482021194,33.202947438922,28.87331,NA,NA,NA,-6,7,US-Mo2,2024,38.9488,-91.9945,273.62,GRA
