uWUE,ETmax,precipAvail,Gavail,GSmax,CO2avail,G1,EF,EFampl,GPPsat,NEPmax,Rb,Rbmax,aCUE,TZ,nyears,SITE_ID,year,LOCATION_LAT,LOCATION_LONG,LOCATION_ELEV,IGBP
3.55755417015026,0.110037804192474,yes,yes,0.00169177594466864,yes,0.90381532173706,0.18237229105193,0.132868414319515,6.65322622187363,5.69629999999999,NA,NA,NA,-8,2,US-Me1,2004,44.5794,-121.5,896,ENF
1.13151948740729,0.17360803398458,yes,yes,0.0114766575205659,yes,8.27500835011077,0.427292317213142,0.176677873998594,8.39691425655807,8.98886000000001,NA,NA,NA,-8,2,US-Me1,2005,44.5794,-121.5,896,ENF
