uWUE,ETmax,precipAvail,Gavail,GSmax,CO2avail,G1,EF,EFampl,GPPsat,NEPmax,Rb,Rbmax,aCUE,TZ,nyears,SITE_ID,year,LOCATION_LAT,LOCATION_LONG,LOCATION_ELEV,IGBP
-0.0352518937231916,-7.24287419407804,yes,yes,-0.00438729913316055,yes,-9.31680508316247,0.5,0,14.7441467244844,26.752641,NA,NA,NA,-8,5,US-Me4,1996,44.4992,-121.6224,922,ENF
-0.0281791438127596,-7.24203844337739,yes,yes,-0.0048803345148199,yes,-9.57707347577846,0.5,0,15.8288125833495,24.278805,NA,NA,NA,-8,5,US-Me4,1997,44.4992,-121.6224,922,ENF
-0.0127915516286595,-7.23180064166384,yes,yes,-0.00455812817703027,yes,-27.9923446437186,0.5,0,NA,NA,NA,NA,NA,-8,5,US-Me4,1998,44.4992,-121.6224,922,ENF
-0.0322081237053061,-7.21419296404101,yes,yes,-0.00467081455415107,yes,-10.3215339615807,0.5,0,18.466897511731,21.669875,NA,NA,NA,-8,5,US-Me4,1999,44.4992,-121.6224,922,ENF
2.89216946205719,0.117517612419851,yes,yes,0.0056491380792177,yes,1.58175771628111,0.30064012747603,0.342502676127659,7.89259975705406,14.23138,NA,NA,NA,-8,5,US-Me4,2000,44.4992,-121.6224,922,ENF
