uWUE,ETmax,precipAvail,Gavail,GSmax,CO2avail,G1,EF,EFampl,GPPsat,NEPmax,Rb,Rbmax,aCUE,TZ,nyears,SITE_ID,year,LOCATION_LAT,LOCATION_LONG,LOCATION_ELEV,IGBP
1.40151202984799,0.321598123126269,yes,yes,0.0172931821456569,yes,7.01025764407971,0.624798343343857,0.267528176393582,15.2025533175811,8.15053750000001,NA,NA,NA,-5,9,US-NC3,2013,35.799,-76.656,5.08,ENF
1.38033819890262,0.263506211348864,yes,yes,0.0099561019431611,yes,5.75717481889301,0.591405260393874,0.159374860933875,14.188954352371,8.85151209999997,NA,NA,NA,-5,9,US-NC3,2014,35.799,-76.656,5.08,ENF
2.87623835656765,0.3001189286059,yes,yes,0.0132025554689946,yes,2.99386552734436,0.676738577388648,0.152943781321522,28.2186013076567,18.965456,NA,NA,NA,-5,9,US-NC3,2015,35.799,-76.656,5.08,ENF
2.29208307007774,0.356482316364948,yes,yes,0.0297011710252153,yes,5.72267181951654,0.734062422137477,0.189134570806529,29.8310407915134,22.469884,NA,NA,NA,-5,9,US-NC3,2016,35.799,-76.656,5.08,ENF
2.42273215989088,0.312205743385159,yes,yes,0.0219130628839486,yes,4.08936749946835,0.76043607699536,0.202687670078129,28.845983239757,23.842685,NA,NA,NA,-5,9,US-NC3,2017,35.799,-76.656,5.08,ENF
1.44523752330144,0.492300156458904,yes,yes,0.0910405556993008,yes,0.243255972803778,0.852319891211525,0.169064394168513,28.7627053671109,26.907465,NA,NA,NA,-5,9,US-NC3,2018,35.799,-76.656,5.08,ENF
1.81597378128284,0.500209980773071,yes,yes,0.0691432123784236,yes,0.78705082097028,0.80075556524958,0.237013789620253,34.2649643204416,26.653,7.35212309270559,7.76396732848605,0.0966480175809901,-5,9,US-NC3,2019,35.799,-76.656,5.08,ENF
2.27829776204355,0.262672787920806,yes,yes,-0.000170659383129753,yes,-1.2117591125323,0.504307824390983,0.447715616098518,28.19907886882,21.3616,NA,NA,NA,-5,9,US-NC3,2020,35.799,-76.656,5.08,ENF
