uWUE,ETmax,precipAvail,Gavail,GSmax,CO2avail,G1,EF,EFampl,GPPsat,NEPmax,Rb,Rbmax,aCUE,TZ,nyears,SITE_ID,year,LOCATION_LAT,LOCATION_LONG,LOCATION_ELEV,IGBP
2.42914678130003,0.295244357751854,yes,yes,0.0226884124785219,yes,3.62801145083676,0.821345349652897,0.217967081598486,28.1708882002646,16.774428,3.74360647123026,5.70612034342558,0.568281634390007,-5,8,US-NC1,2005,35.8118,-76.7119,6.07,OSH
2.81352286659666,0.302932730611877,yes,yes,0.0197549044344936,yes,3.77539064538573,0.799459465902829,0.204920888969977,29.6359970556701,20.442296,NA,NA,NA,-5,8,US-NC1,2006,35.8118,-76.7119,6.07,OSH
2.68727624094305,0.256677841707532,yes,yes,0.011423328717582,yes,3.43460023070073,0.585257440379538,0.253412312510573,24.1742347910473,16.793801,NA,NA,NA,-5,8,US-NC1,2007,35.8118,-76.7119,6.07,OSH
3.33919650222947,0.206435480398578,yes,yes,0.00807974318142052,yes,1.95394343532427,0.537699597978591,0.234094878089263,21.9315978698372,16.786808,4.49592950232345,5.91383326775946,0.212183860301576,-5,8,US-NC1,2008,35.8118,-76.7119,6.07,OSH
3.05980237179811,0.306492172237031,yes,yes,0.0246314151990897,yes,3.18902511370986,0.756282367133349,0.271911623655677,34.964155942335,27.0784,4.74000508620324,5.83226540702459,0.667059977951506,-5,8,US-NC1,2009,35.8118,-76.7119,6.07,OSH
2.70093970684538,0.360964348725154,yes,yes,0.030575976809196,yes,5.26445120672484,0.735229668378603,0.236818412621821,33.6150626608879,26.059035,NA,NA,NA,-5,8,US-NC1,2010,35.8118,-76.7119,6.07,OSH
2.62844986551393,0.38076841375763,yes,yes,0.0359164092138383,yes,5.2251344624646,0.727425211673492,0.269312878929767,35.2799114586965,25.77128,NA,NA,NA,-5,8,US-NC1,2011,35.8118,-76.7119,6.07,OSH
2.37778600427854,0.418478342956154,yes,yes,0.0648060039118269,yes,5.72464930211173,0.834644294423113,0.240248590342637,44.3333522468678,30.386621,NA,NA,NA,-5,8,US-NC1,2012,35.8118,-76.7119,6.07,OSH
