uWUE,ETmax,precipAvail,Gavail,GSmax,CO2avail,G1,EF,EFampl,GPPsat,NEPmax,Rb,Rbmax,aCUE,TZ,nyears,SITE_ID,year,LOCATION_LAT,LOCATION_LONG,LOCATION_ELEV,IGBP
3.03083790833728,0.263033045742971,yes,yes,0.0136769615099353,yes,2.3264581882334,0.83343986987009,0.264688305264698,39.2677666172488,32.824427,NA,NA,NA,-6,8,US-Ro5,2017,44.691,-93.0576,283.48,CRO
5.67385493441425,0.305992485150384,yes,yes,0.0123327457573596,yes,0.818123082301315,0.824449624248473,0.199196156847496,73.2096977892133,58.2373,NA,NA,NA,-6,8,US-Ro5,2018,44.691,-93.0576,283.48,CRO
3.10267249060281,0.272722089730819,yes,yes,0.0143404402356144,yes,1.70695629351953,0.885565278721296,0.128428361048957,37.8039340976569,32.405484,NA,NA,NA,-6,8,US-Ro5,2019,44.691,-93.0576,283.48,CRO
8.70490307106891,0.20275951917736,yes,yes,0.00578186917899809,yes,-0.0542350609029425,0.719080797416719,0.319036278387147,58.8981546848664,54.8417,NA,NA,NA,-6,8,US-Ro5,2020,44.691,-93.0576,283.48,CRO
3.92823783453593,0.202887911943431,yes,yes,0.00629884254075499,yes,1.0879409185659,0.743546039615565,0.267842235128543,30.0099018310361,27.7051,NA,NA,NA,-6,8,US-Ro5,2021,44.691,-93.0576,283.48,CRO
5.17280875609839,0.256941329149757,yes,yes,0.00921576260569336,yes,0.777672262581166,0.736023680488738,0.27053352850485,48.3282785710427,47.17385,NA,NA,NA,-6,8,US-Ro5,2022,44.691,-93.0576,283.48,CRO
3.74106726544519,0.265948906019782,yes,yes,0.0111479677454759,yes,1.5918072941563,0.840976000968971,0.239599309205669,37.087845856412,28.979682,NA,NA,NA,-6,8,US-Ro5,2023,44.691,-93.0576,283.48,CRO
4.91589238052495,0.267849740935386,yes,yes,0.0113701903455812,yes,1.03584106664753,0.803510660795399,0.189957590532671,60.3099745842287,55.230645,NA,NA,NA,-6,8,US-Ro5,2024,44.691,-93.0576,283.48,CRO
