uWUE,ETmax,precipAvail,Gavail,GSmax,CO2avail,G1,EF,EFampl,GPPsat,NEPmax,Rb,Rbmax,aCUE,TZ,nyears,SITE_ID,year,LOCATION_LAT,LOCATION_LONG,LOCATION_ELEV,IGBP
4.15458674842131,0.27120154084738,yes,yes,0.0739571435512928,yes,0.652743302437552,0.757978824936691,0.190366742558396,45.8490351363995,42.982505,NA,NA,NA,-6,6,US-Ro2,2008,44.7288,-93.0888,287.31,CRO
3.47329930662612,0.226014142983155,yes,yes,0.0507085948603058,yes,5.30900299508124,0.651239056124404,0.176828043149869,38.7279337057971,35.757092,NA,NA,NA,-6,6,US-Ro2,2009,44.7288,-93.0888,287.31,CRO
2.7719722409658,0.257971467840442,yes,yes,0.0237005559187835,yes,-5.4002146506891,0.878192445720346,0.310631536442193,31.9728195986884,24.96352,NA,NA,NA,-6,6,US-Ro2,2010,44.7288,-93.0888,287.31,CRO
2.95000257465389,0.268128394725685,yes,yes,0.0227983390606507,yes,-4.81039040734982,0.820014028262148,0.198283730848228,50.0870415904885,40.96405,NA,NA,NA,-6,6,US-Ro2,2011,44.7288,-93.0888,287.31,CRO
1.75544548813664,0.251699355994274,yes,yes,0.0308919135315118,yes,-6.71484214302316,0.752660576645511,0.247867033865836,29.0314966740514,24.128602,NA,NA,NA,-6,6,US-Ro2,2012,44.7288,-93.0888,287.31,CRO
0.43596160038065,0.141059371708538,yes,yes,0.0458188622257983,yes,-19.3157721718787,0.427639644248359,0.279291112717948,5.46074608130549,1.9442105,NA,NA,NA,-6,6,US-Ro2,2013,44.7288,-93.0888,287.31,CRO
