uWUE,ETmax,precipAvail,Gavail,GSmax,CO2avail,G1,EF,EFampl,GPPsat,NEPmax,Rb,Rbmax,aCUE,TZ,nyears,SITE_ID,year,LOCATION_LAT,LOCATION_LONG,LOCATION_ELEV,IGBP
3.34924428296311,0.276133590633122,yes,yes,0.0115098115693328,yes,2.20341916689555,0.838103699478815,0.295772559394769,34.6741938036879,30.589836,NA,NA,NA,-6,8,US-Ro6,2017,44.6946,-93.0578,283.19,CRO
2.74944028098223,0.229516745354736,yes,yes,0.00687994941311375,yes,1.85604766322235,0.768944913344406,0.205435322886318,27.6844020470749,26.003984,NA,NA,NA,-6,8,US-Ro6,2018,44.6946,-93.0578,283.19,CRO
3.01355587001029,0.250362669417179,yes,yes,0.0101701817682428,yes,2.29109936020524,0.855317274293545,0.247628962337351,31.2974275810307,27.840574,NA,NA,NA,-6,8,US-Ro6,2019,44.6946,-93.0578,283.19,CRO
3.8948296582526,0.29295422087339,yes,yes,0.0125057660015752,yes,1.7648012733467,0.793025678384374,0.234201054930247,44.0903445412553,35.635896,NA,NA,NA,-6,8,US-Ro6,2020,44.6946,-93.0578,283.19,CRO
2.18167129461537,0.304662225022066,yes,yes,0.011550499400206,yes,3.44718102784851,0.802388196844308,0.241192527760033,27.1058467163552,20.9454239999999,NA,NA,NA,-6,8,US-Ro6,2021,44.6946,-93.0578,283.19,CRO
3.7671135929305,0.223169835772727,yes,yes,0.00809874842973471,yes,1.60116559885474,0.731042580963442,0.266015653539547,31.8853506775122,28.892526,NA,NA,NA,-6,8,US-Ro6,2022,44.6946,-93.0578,283.19,CRO
3.59019898894087,0.245784853360787,yes,yes,0.00764511765848094,yes,1.44128778831971,0.748066861487301,0.338716219500182,33.7665331389742,29.113708,NA,NA,NA,-6,8,US-Ro6,2023,44.6946,-93.0578,283.19,CRO
4.68603226571916,0.251622575115378,yes,yes,0.00982117682362967,yes,1.0612561250306,0.816279149451009,0.214128911407713,61.9293624390579,43.044402,NA,NA,NA,-6,8,US-Ro6,2024,44.6946,-93.0578,283.19,CRO
