uWUE,ETmax,precipAvail,Gavail,GSmax,CO2avail,G1,EF,EFampl,GPPsat,NEPmax,Rb,Rbmax,aCUE,TZ,nyears,SITE_ID,year,LOCATION_LAT,LOCATION_LONG,LOCATION_ELEV,IGBP
2.4405015045085,0.220961155815034,yes,yes,0.0171694592172418,yes,3.39092339534511,0.657774477322061,0.301499191684085,28.1975553550856,21.86652,NA,NA,NA,-6,4,US-Ro3,2004,44.7217,-93.0893,283.8,CRO
4.28879896972333,0.355888367682908,yes,yes,0.0251451213147956,yes,1.88147146364838,0.762825061543621,0.205971689955404,65.2234904555472,59.874438,NA,NA,NA,-6,4,US-Ro3,2005,44.7217,-93.0893,283.8,CRO
2.85135683400916,0.259803175388653,yes,yes,0.0101067312651103,yes,2.4903570042906,0.734081391761945,0.237402461846767,31.5272498989592,24.236455,2.28858151841325,5.31321689693185,0.812476843244544,-6,4,US-Ro3,2006,44.7217,-93.0893,283.8,CRO
4.60083547797933,0.232095862135876,yes,yes,0.0108822175968909,yes,1.10289249978248,0.631837386916272,0.20950339927169,41.1031314305719,42.683914,NA,NA,NA,-6,4,US-Ro3,2007,44.7217,-93.0893,283.8,CRO
