uWUE,ETmax,precipAvail,Gavail,GSmax,CO2avail,G1,EF,EFampl,GPPsat,NEPmax,Rb,Rbmax,aCUE,TZ,nyears,SITE_ID,year,LOCATION_LAT,LOCATION_LONG,LOCATION_ELEV,IGBP
2.49739710683433,0.217796296723522,yes,yes,0.000360664689148068,yes,-0.825223881262025,0.502976293946351,0.135963144039938,17.2823161661359,13.353793,NA,NA,NA,-8,4,US-Srr,2014,38.2006,-122.0264,8,WET
2.63081418706346,0.242961440863675,yes,yes,0.000414426454730294,yes,-0.803284464928398,0.529810326079476,0.151009964275575,20.8619589178983,17.821925,NA,NA,NA,-8,4,US-Srr,2015,38.2006,-122.0264,8,WET
2.66842565328394,0.259030889103128,yes,yes,0.00824595571695165,yes,2.62396182403594,0.541900266945023,0.151442287629795,22.5023694970844,19.260078,NA,NA,NA,-8,4,US-Srr,2016,38.2006,-122.0264,8,WET
2.82714752653686,0.343837840849132,yes,yes,0.0118186867005352,yes,2.96319022250773,0.673123263593582,0.202804392080413,29.8288241185509,24.137535,NA,NA,NA,-8,4,US-Srr,2017,38.2006,-122.0264,8,WET
