uWUE,ETmax,precipAvail,Gavail,GSmax,CO2avail,G1,EF,EFampl,GPPsat,NEPmax,Rb,Rbmax,aCUE,TZ,nyears,SITE_ID,year,LOCATION_LAT,LOCATION_LONG,LOCATION_ELEV,IGBP
4.79731847245257,0.276923727810378,yes,yes,0.0063053140886908,yes,0.780024641097901,0.615664541321693,0.312139034419241,40.9074440162944,30.634696,NA,NA,NA,-8,2,US-Tw2,2012,38.0969,-121.6365,-5,CRO
1.31994932418261,0.186969637978402,yes,yes,0.00626794659839668,yes,6.43310029773731,0.532904545206185,0.147872932394863,9.14039531944934,7.19642300000001,NA,NA,NA,-8,2,US-Tw2,2013,38.0969,-121.6365,-5,CRO
