uWUE,ETmax,precipAvail,Gavail,GSmax,CO2avail,G1,EF,EFampl,GPPsat,NEPmax,Rb,Rbmax,aCUE,TZ,nyears,SITE_ID,year,LOCATION_LAT,LOCATION_LONG,LOCATION_ELEV,IGBP
3.52587655039175,0.292654046026469,yes,yes,0.01106664617026,yes,2.52220564146156,0.794973154335347,0.294227225117264,33.7222071086098,29.7943,NA,NA,NA,-8,6,US-Tw3,2013,38.1152,-121.6469,-4,CRO
3.61861137982801,0.286343059259316,yes,yes,0.0120144393138265,yes,2.56360691423354,0.763767772617765,0.287422586359431,37.8803051867137,31.738843,NA,NA,NA,-8,6,US-Tw3,2014,38.1152,-121.6469,-4,CRO
3.33351751671218,0.283722211513164,yes,yes,0.0111122396787271,yes,2.71427157479956,0.728559409679469,0.247776073010518,33.990319173998,31.45976,NA,NA,NA,-8,6,US-Tw3,2015,38.1152,-121.6469,-4,CRO
3.01899073138842,0.279698316354744,yes,yes,0.0110490102062973,yes,2.47060381481472,0.733411115769955,0.284764666884725,32.1452832308941,28.14236,NA,NA,NA,-8,6,US-Tw3,2016,38.1152,-121.6469,-4,CRO
2.96927494763156,0.275056611014682,yes,yes,0.0113278596351042,yes,2.83925214440532,0.685441275105265,0.346305673620551,30.6310991476144,26.921462,NA,NA,NA,-8,6,US-Tw3,2017,38.1152,-121.6469,-4,CRO
3.02269838988762,0.242168369463315,yes,yes,0.0120288501674692,yes,2.88515863010413,0.65232823181474,0.276584029747421,30.6005680725898,28.569762,NA,NA,NA,-8,6,US-Tw3,2018,38.1152,-121.6469,-4,CRO
