uWUE,ETmax,precipAvail,Gavail,GSmax,CO2avail,G1,EF,EFampl,GPPsat,NEPmax,Rb,Rbmax,aCUE,TZ,nyears,SITE_ID,year,LOCATION_LAT,LOCATION_LONG,LOCATION_ELEV,IGBP
2.29737238792309,0.340067401925582,yes,yes,0.000737131999500098,yes,-0.879916114571021,0.867337320953558,0.23135003645349,23.7513121159663,19.424502,NA,NA,NA,-8,2,US-Tw5,2018,38.1072,-121.6426,-5,WET
2.62479663481233,0.288717888838205,yes,yes,0.000548356105183831,yes,-0.91323235370327,0.807433620223929,0.282424728840871,24.7511678560318,20.254648,NA,NA,NA,-8,2,US-Tw5,2019,38.1072,-121.6426,-5,WET
