uWUE,ETmax,precipAvail,Gavail,GSmax,CO2avail,G1,EF,EFampl,GPPsat,NEPmax,Rb,Rbmax,aCUE,TZ,nyears,SITE_ID,year,LOCATION_LAT,LOCATION_LONG,LOCATION_ELEV,IGBP
4.98523386824358,0.255819826946723,yes,yes,0.00996371812186468,yes,0.912868048904161,0.784231494062516,0.152918908290447,52.9496866630616,50.50828,NA,NA,NA,-5,6,US-UC2,2019,40.7559,-77.9998,395.54,CVM
5.92367204157642,0.171286294813353,yes,yes,0.00468915428405133,yes,0.146134105354973,0.558673368319653,0.200324092602055,37.4807229758305,38.38068,NA,NA,NA,-5,6,US-UC2,2020,40.7559,-77.9998,395.54,CVM
4.68221417954037,0.256175390719424,yes,yes,0.0113708906754997,yes,0.83843010336604,0.742856930164892,0.205790964178306,59.4025547740888,55.428705,NA,NA,NA,-5,6,US-UC2,2021,40.7559,-77.9998,395.54,CVM
4.35863222128665,0.219517327531989,yes,yes,0.00772340293498265,yes,0.720000662355584,0.690012092012677,0.208127402526616,38.9994279288942,39.852186,NA,NA,NA,-5,6,US-UC2,2022,40.7559,-77.9998,395.54,CVM
3.12238957071929,0.274916414319417,yes,yes,0.011678205583359,yes,1.87199059464267,0.901981962323703,0.150895402368551,36.2844713060558,37.964038,NA,NA,NA,-5,6,US-UC2,2023,40.7559,-77.9998,395.54,CVM
4.90924451743937,0.245388211033091,yes,yes,0.00800141338180754,yes,0.629592321878169,0.743437467899758,0.220033468726031,49.7308032427304,50.120356,NA,NA,NA,-5,6,US-UC2,2024,40.7559,-77.9998,395.54,CVM
