uWUE,ETmax,precipAvail,Gavail,GSmax,CO2avail,G1,EF,EFampl,GPPsat,NEPmax,Rb,Rbmax,aCUE,TZ,nyears,SITE_ID,year,LOCATION_LAT,LOCATION_LONG,LOCATION_ELEV,IGBP
2.36569522620237,0.208892083048349,yes,yes,0.00786102237606925,yes,1.89623619630746,0.645533604605977,0.179058837112918,17.9201441935004,18.374104,NA,NA,NA,-6,2,US-Wi6,2002,46.6249,-91.2982,371,OSH
1.54431040344344,0.151396877211023,yes,yes,0.000161374471501433,yes,-1.08258387796295,0.38649118665576,0.434501543228238,NA,10.304645,NA,NA,NA,-6,2,US-Wi6,2003,46.6249,-91.2982,371,OSH
