uWUE,ETmax,precipAvail,Gavail,GSmax,CO2avail,G1,EF,EFampl,GPPsat,NEPmax,Rb,Rbmax,aCUE,TZ,nyears,SITE_ID,year,LOCATION_LAT,LOCATION_LONG,LOCATION_ELEV,IGBP
3.34211100449695,0.17794466147198,yes,yes,0.0063618024501305,yes,1.23524534364758,0.626107852108386,0.182367136407548,18.2628834271197,13.397768,NA,NA,NA,-6,1,US-Wi8,2002,46.7223,-91.2524,348,DBF
