uWUE,ETmax,precipAvail,Gavail,GSmax,CO2avail,G1,EF,EFampl,GPPsat,NEPmax,Rb,Rbmax,aCUE,TZ,nyears,SITE_ID,year,LOCATION_LAT,LOCATION_LONG,LOCATION_ELEV,IGBP
2.36969338796364,0.177348079946853,yes,yes,0.000315279591431574,yes,-0.849035349012819,0.458963353151582,0.192412728122317,14.5461915495454,14.68876,NA,NA,NA,-6,1,US-Wi7,2005,46.6491,-91.0693,335,OSH
