uWUE,ETmax,precipAvail,Gavail,GSmax,CO2avail,G1,EF,EFampl,GPPsat,NEPmax,Rb,Rbmax,aCUE,TZ,nyears,SITE_ID,year,LOCATION_LAT,LOCATION_LONG,LOCATION_ELEV,IGBP
3.89414243487308,0.182251421487135,yes,yes,0.00720871586915939,yes,1.13977247725512,0.437066146337179,0.356873198034155,29.7933267582786,28.88355,1.66765949080568,3.34328988384504,0.719662156597947,-6,1,US-Wi2,2003,46.6869,-91.1528,395,ENF
