uWUE,ETmax,precipAvail,Gavail,GSmax,CO2avail,G1,EF,EFampl,GPPsat,NEPmax,Rb,Rbmax,aCUE,TZ,nyears,SITE_ID,year,LOCATION_LAT,LOCATION_LONG,LOCATION_ELEV,IGBP
4.17747155508888,0.236493860183449,yes,yes,0.00893756455576285,yes,1.07641130637064,0.639968990712607,0.32660185846715,27.3760574424492,30.5797499999999,NA,NA,NA,-6,3,US-Wi3,2002,46.6347,-91.0987,411,DBF
0.931535071628061,0.235946350050034,yes,yes,0.00918814048970173,yes,8.78662448992896,0.657209786569495,0.310884321518916,9999.00000855269,9999,NA,NA,NA,-6,3,US-Wi3,2003,46.6347,-91.0987,411,DBF
3.78342049744081,0.251326251879369,yes,yes,0.00101499905335732,yes,-0.690611697555633,0.616671582763757,0.268868763472101,29.4656658477289,32.98091,NA,NA,NA,-6,3,US-Wi3,2004,46.6347,-91.0987,411,DBF
