uWUE,ETmax,precipAvail,Gavail,GSmax,CO2avail,G1,EF,EFampl,GPPsat,NEPmax,Rb,Rbmax,aCUE,TZ,nyears,SITE_ID,year,LOCATION_LAT,LOCATION_LONG,LOCATION_ELEV,IGBP
3.43448283450193,0.174310653261436,yes,yes,0.000476904593760434,yes,-0.756944191159392,0.539846375420067,0.251817862305672,23.300998829798,24.134989,NA,NA,NA,-6,1,US-Wi5,2004,46.6531,-91.0858,353,ENF
