uWUE,ETmax,precipAvail,Gavail,GSmax,CO2avail,G1,EF,EFampl,GPPsat,NEPmax,Rb,Rbmax,aCUE,TZ,nyears,SITE_ID,year,LOCATION_LAT,LOCATION_LONG,LOCATION_ELEV,IGBP
5.29896780212168,0.29435135937069,yes,yes,0.0158259848402347,yes,0.822661232818293,0.661361304422375,0.421721340323887,48.4543159518034,29.68876,6.15394403603333,18.4646419552246,0.686653467087636,-6,1,US-Wi1,2003,46.7305,-91.2329,352,DBF
