uWUE,ETmax,precipAvail,Gavail,GSmax,CO2avail,G1,EF,EFampl,GPPsat,NEPmax,Rb,Rbmax,aCUE,TZ,nyears,SITE_ID,year,LOCATION_LAT,LOCATION_LONG,LOCATION_ELEV,IGBP
3.17484171205907,0.224755500275095,yes,yes,0.00845627302568152,yes,1.34428229494746,0.73496408089255,0.239906035640725,25.3489530923227,24.694592,2.42340474857901,2.72394702630843,0.638930964754336,-6,1,US-Wi0,2002,46.6188,-91.0814,349,ENF
