uWUE,ETmax,precipAvail,Gavail,GSmax,CO2avail,G1,EF,EFampl,GPPsat,NEPmax,Rb,Rbmax,aCUE,TZ,nyears,SITE_ID,year,LOCATION_LAT,LOCATION_LONG,LOCATION_ELEV,IGBP
2.52484346053976,0.14653412205512,yes,yes,0.000561629453221919,yes,-0.646841975236534,0.451123546763838,0.214771248927004,16.8454811478242,15.23068,NA,NA,NA,-6,2,US-Wi9,2004,46.7385,-91.0746,350,ENF
3.15340914553827,0.159685383829886,yes,yes,0.000483638873536946,yes,-0.83245884192326,0.39843116433399,0.287502817604447,17.6138787102854,18.680673,NA,NA,NA,-6,2,US-Wi9,2005,46.7385,-91.0746,350,ENF
