uWUE,ETmax,precipAvail,Gavail,GSmax,CO2avail,G1,EF,EFampl,GPPsat,NEPmax,Rb,Rbmax,aCUE,TZ,nyears,SITE_ID,year,LOCATION_LAT,LOCATION_LONG,LOCATION_ELEV,IGBP
2.01619566725756,0.22142511188746,yes,yes,0.00852368961608758,yes,3.24101489905045,0.446291112991999,0.256145292107209,13.7422094656574,12.37036,NA,NA,NA,-7,6,US-xRM,2019,40.2759,-105.5459,2743.94,ENF
2.03709323013282,0.170721437752448,yes,yes,0.00690962040129912,yes,2.9711653501454,0.369092086001889,0.198223302090045,11.1682328735703,11.379312,NA,NA,NA,-7,6,US-xRM,2020,40.2759,-105.5459,2743.94,ENF
2.25216431778684,0.163408203025061,yes,yes,0.0053963500823941,yes,2.33853756822733,0.334169366643093,0.234309167206905,10.7337078978958,10.974371,NA,NA,NA,-7,6,US-xRM,2021,40.2759,-105.5459,2743.94,ENF
2.27245480726292,0.180546961984441,yes,yes,0.0075708495808457,yes,2.75316418745795,0.408137760164328,0.242084573822142,12.414472367892,10.37623,NA,NA,NA,-7,6,US-xRM,2022,40.2759,-105.5459,2743.94,ENF
2.35427487553315,0.196855356789076,yes,yes,0.0071965970818068,yes,2.47396877908365,0.436427348631394,0.229648111798658,14.0610921528798,12.194696,NA,NA,NA,-7,6,US-xRM,2023,40.2759,-105.5459,2743.94,ENF
2.4359947467872,0.137886217064426,yes,yes,0.005252940438123,yes,2.29097701096268,0.300945635025606,0.169524350589819,10.7226046005674,10.27786,NA,NA,NA,-7,6,US-xRM,2024,40.2759,-105.5459,2743.94,ENF
