uWUE,ETmax,precipAvail,Gavail,GSmax,CO2avail,G1,EF,EFampl,GPPsat,NEPmax,Rb,Rbmax,aCUE,TZ,nyears,SITE_ID,year,LOCATION_LAT,LOCATION_LONG,LOCATION_ELEV,IGBP
3.01133774680184,0.229674031250796,yes,yes,0.0118692005576398,yes,-81.0334311486601,0.532949701435946,0.148760268882551,28.7046451778393,22.44004,NA,NA,NA,-8,6,US-xAB,2019,45.7624,-122.3303,364.39,ENF
2.24396417600285,0.193594288884564,yes,yes,0.010071702132114,yes,2.70250859765711,0.437952931657338,0.210642319903988,17.1325016890355,13.948536,NA,NA,NA,-8,6,US-xAB,2020,45.7624,-122.3303,364.39,ENF
3.22185695309948,0.202232028646856,yes,yes,0.00766427535999609,yes,1.63191379247174,0.41221933468451,0.157886581035627,21.9929552785736,20.31195,NA,NA,NA,-8,6,US-xAB,2021,45.7624,-122.3303,364.39,ENF
3.21396600458865,0.211867356816837,yes,yes,0.00858054023964197,yes,2.03112116104763,0.439075357326236,0.168923197043372,25.1336244294908,21.29061,NA,NA,NA,-8,6,US-xAB,2022,45.7624,-122.3303,364.39,ENF
3.27597075688421,0.179442936461966,yes,yes,0.00804391191961705,yes,1.74240680239497,0.386424568915407,0.140157194156461,21.9884522695093,22.17923,NA,NA,NA,-8,6,US-xAB,2023,45.7624,-122.3303,364.39,ENF
2.97375840736534,0.243764354138121,yes,yes,0.0106588075577754,yes,2.16960748868406,0.479117483766626,0.17328282293941,23.0395615821249,21.360621,NA,NA,NA,-8,6,US-xAB,2024,45.7624,-122.3303,364.39,ENF
