unit,method,metric,response,category,n,median_dRMSE,pct_sites_improved,p_onesided_wilcoxon,q_BH,sig
M1vsM2_12m,tertiles,Absolute Mortality,ETmax,High,31,-0.00106,61.3,0.3086,0.3754,ns
M1vsM2_12m,tertiles,Absolute Mortality,GPPsat,High,31,0.14531,48.4,0.1811,0.262,ns
M1vsM2_12m,tertiles,Absolute Mortality,NEPmax,High,31,-0.78409,64.5,0.01757,0.07758,ns
M1vsM2_12m,tertiles,Absolute Mortality,WUE,High,31,-0.02946,54.8,0.1299,0.2088,ns
M1vsM2_12m,tertiles,Absolute Mortality,uWUE,High,31,-0.00635,54.8,0.1863,0.262,ns
M1vsM2_12m,tertiles,Absolute Mortality,ETmax,Mid,31,-0.00017,54.8,0.4649,0.5188,ns
M1vsM2_12m,tertiles,Absolute Mortality,GPPsat,Mid,31,-1.22343,77.4,0.002177,0.06637,ns
M1vsM2_12m,tertiles,Absolute Mortality,NEPmax,Mid,31,-1.06665,67.7,0.03648,0.08836,ns
M1vsM2_12m,tertiles,Absolute Mortality,WUE,Mid,31,-0.04782,58.1,0.1031,0.1778,ns
M1vsM2_12m,tertiles,Absolute Mortality,uWUE,Mid,31,-0.01926,54.8,0.295,0.3687,ns
M1vsM2_12m,tertiles,Absolute Mortality,ETmax,Low,31,-0.00118,61.3,0.3368,0.3988,ns
M1vsM2_12m,tertiles,Absolute Mortality,GPPsat,Low,31,-0.45406,61.3,0.02679,0.07758,ns
M1vsM2_12m,tertiles,Absolute Mortality,NEPmax,Low,31,-1.01733,64.5,0.01122,0.07758,ns
M1vsM2_12m,tertiles,Absolute Mortality,WUE,Low,31,-0.09282,58.1,0.02127,0.07758,ns
M1vsM2_12m,tertiles,Absolute Mortality,uWUE,Low,31,-0.06239,54.8,0.04143,0.08836,ns
M1vsM2_12m,tertiles,Relative Mortality,ETmax,High,31,-0.00135,58.1,0.5351,0.5682,ns
M1vsM2_12m,tertiles,Relative Mortality,GPPsat,High,31,-0.81306,67.7,0.01757,0.07758,ns
M1vsM2_12m,tertiles,Relative Mortality,NEPmax,High,31,-0.97893,67.7,0.01518,0.07758,ns
M1vsM2_12m,tertiles,Relative Mortality,WUE,High,31,-0.02946,54.8,0.2433,0.3128,ns
M1vsM2_12m,tertiles,Relative Mortality,uWUE,High,31,-0.00635,54.8,0.2253,0.306,ns
M1vsM2_12m,tertiles,Relative Mortality,ETmax,Mid,31,-0.00106,61.3,0.07488,0.1457,ns
M1vsM2_12m,tertiles,Relative Mortality,GPPsat,Mid,31,-0.08587,51.6,0.08974,0.1615,ns
M1vsM2_12m,tertiles,Relative Mortality,NEPmax,Mid,31,-1.06665,64.5,0.02931,0.07758,ns
M1vsM2_12m,tertiles,Relative Mortality,WUE,Mid,31,-0.1367,61.3,0.01518,0.07758,ns
M1vsM2_12m,tertiles,Relative Mortality,uWUE,Mid,31,-0.03007,54.8,0.2312,0.306,ns
M1vsM2_12m,tertiles,Relative Mortality,ETmax,Low,31,-0.00055,58.1,0.5429,0.5682,ns
M1vsM2_12m,tertiles,Relative Mortality,GPPsat,Low,31,-0.63161,67.7,0.02029,0.07758,ns
M1vsM2_12m,tertiles,Relative Mortality,NEPmax,Low,31,-0.96803,64.5,0.01065,0.07758,ns
M1vsM2_12m,tertiles,Relative Mortality,WUE,Low,31,-0.02146,54.8,0.176,0.262,ns
M1vsM2_12m,tertiles,Relative Mortality,uWUE,Low,31,-0.05954,54.8,0.07769,0.1457,ns
M1vsM2_12m,tertiles,Relative Disturbance,ETmax,High,31,-0.00026,54.8,0.6488,0.6561,ns
M1vsM2_12m,tertiles,Relative Disturbance,GPPsat,High,31,-0.81306,61.3,0.0432,0.08836,ns
M1vsM2_12m,tertiles,Relative Disturbance,NEPmax,High,31,-0.97893,64.5,0.02679,0.07758,ns
M1vsM2_12m,tertiles,Relative Disturbance,WUE,High,31,0.02059,45.2,0.4727,0.5188,ns
M1vsM2_12m,tertiles,Relative Disturbance,uWUE,High,31,0.0033,48.4,0.4032,0.4653,ns
M1vsM2_12m,tertiles,Relative Disturbance,ETmax,Mid,31,-0.00309,71,0.02335,0.07758,ns
M1vsM2_12m,tertiles,Relative Disturbance,GPPsat,Mid,31,-0.1742,58.1,0.01844,0.07758,ns
M1vsM2_12m,tertiles,Relative Disturbance,NEPmax,Mid,31,-0.85036,67.7,0.005899,0.07758,ns
M1vsM2_12m,tertiles,Relative Disturbance,WUE,Mid,31,-0.12264,67.7,0.00295,0.06637,ns
M1vsM2_12m,tertiles,Relative Disturbance,uWUE,Mid,31,-0.03007,58.1,0.1472,0.2285,ns
M1vsM2_12m,tertiles,Relative Disturbance,ETmax,Low,31,-0.00017,51.6,0.6561,0.6561,ns
M1vsM2_12m,tertiles,Relative Disturbance,GPPsat,Low,31,-0.71272,67.7,0.03972,0.08836,ns
M1vsM2_12m,tertiles,Relative Disturbance,NEPmax,Low,31,-1.01733,64.5,0.02931,0.07758,ns
M1vsM2_12m,tertiles,Relative Disturbance,WUE,Low,31,-0.02433,58.1,0.1067,0.1778,ns
M1vsM2_12m,tertiles,Relative Disturbance,uWUE,Low,31,-0.06239,58.1,0.0432,0.08836,ns
M1vsM2_12m,equal_width,Absolute Mortality,ETmax,Mid,35,-0.00026,54.3,0.5875,0.6001,ns
M1vsM2_12m,equal_width,Absolute Mortality,GPPsat,Mid,35,-0.16698,54.3,0.1309,0.2412,ns
M1vsM2_12m,equal_width,Absolute Mortality,NEPmax,Mid,35,-0.78409,62.9,0.03914,0.08058,ns
M1vsM2_12m,equal_width,Absolute Mortality,WUE,Mid,35,-0.04782,54.3,0.1649,0.2863,ns
M1vsM2_12m,equal_width,Absolute Mortality,uWUE,Mid,35,-0.00021,51.4,0.2916,0.3925,ns
M1vsM2_12m,equal_width,Absolute Mortality,ETmax,Low,53,-0.00135,62.3,0.1718,0.2863,ns
M1vsM2_12m,equal_width,Absolute Mortality,GPPsat,Low,53,-0.95878,71.7,0.000206,0.007211,**
M1vsM2_12m,equal_width,Absolute Mortality,NEPmax,Low,53,-1.2799,69.8,0.0006162,0.01078,*
M1vsM2_12m,equal_width,Absolute Mortality,WUE,Low,53,-0.06534,60.4,0.005965,0.03271,*
M1vsM2_12m,equal_width,Absolute Mortality,uWUE,Low,53,-0.03792,56.6,0.01681,0.04525,*
M1vsM2_12m,equal_width,Absolute Mortality,ETmax,High,5,-0.00233,60,,,""
M1vsM2_12m,equal_width,Absolute Mortality,GPPsat,High,5,0.43725,20,,,""
M1vsM2_12m,equal_width,Absolute Mortality,NEPmax,High,5,0.67885,40,,,""
M1vsM2_12m,equal_width,Absolute Mortality,WUE,High,5,0.09897,40,,,""
M1vsM2_12m,equal_width,Absolute Mortality,uWUE,High,5,-0.00635,60,,,""
M1vsM2_12m,equal_width,Relative Mortality,ETmax,Mid,33,-0.00106,60.6,0.4361,0.5088,ns
M1vsM2_12m,equal_width,Relative Mortality,GPPsat,Mid,33,-0.81306,69.7,0.007929,0.03469,*
M1vsM2_12m,equal_width,Relative Mortality,NEPmax,Mid,33,-0.78409,72.7,0.01995,0.04987,*
M1vsM2_12m,equal_width,Relative Mortality,WUE,Mid,33,0.01682,48.5,0.3739,0.4512,ns
M1vsM2_12m,equal_width,Relative Mortality,uWUE,Mid,33,0.0033,48.5,0.4929,0.5391,ns
M1vsM2_12m,equal_width,Relative Mortality,ETmax,Low,53,-0.00101,58.5,0.2422,0.3812,ns
M1vsM2_12m,equal_width,Relative Mortality,GPPsat,Low,53,-0.45406,60.4,0.009047,0.03482,*
M1vsM2_12m,equal_width,Relative Mortality,NEPmax,Low,53,-1.01733,62.3,0.003466,0.02492,*
M1vsM2_12m,equal_width,Relative Mortality,WUE,Low,53,-0.07874,62.3,0.003559,0.02492,*
M1vsM2_12m,equal_width,Relative Mortality,uWUE,Low,53,-0.05954,58.5,0.01608,0.04525,*
M1vsM2_12m,equal_width,Relative Mortality,ETmax,High,7,-0.00208,57.1,0.6001,0.6001,ns
M1vsM2_12m,equal_width,Relative Mortality,GPPsat,High,7,0.39304,42.9,0.4663,0.5265,ns
M1vsM2_12m,equal_width,Relative Mortality,NEPmax,High,7,-1.28271,57.1,0.1024,0.1992,ns
M1vsM2_12m,equal_width,Relative Mortality,WUE,High,7,-0.02245,57.1,0.3363,0.4301,ns
M1vsM2_12m,equal_width,Relative Mortality,uWUE,High,7,-0.01672,57.1,0.2771,0.3879,ns
M1vsM2_12m,equal_width,Relative Disturbance,ETmax,Mid,35,-9e-04,57.1,0.3441,0.4301,ns
M1vsM2_12m,equal_width,Relative Disturbance,GPPsat,Mid,35,-0.81306,68.6,0.006543,0.03271,*
M1vsM2_12m,equal_width,Relative Disturbance,NEPmax,Mid,35,-0.77429,65.7,0.02926,0.064,ns
M1vsM2_12m,equal_width,Relative Disturbance,WUE,Mid,35,-0.02245,51.4,0.275,0.3879,ns
M1vsM2_12m,equal_width,Relative Disturbance,uWUE,Mid,35,0.02075,45.7,0.5359,0.5684,ns
M1vsM2_12m,equal_width,Relative Disturbance,ETmax,Low,53,-0.00106,60.4,0.2505,0.3812,ns
M1vsM2_12m,equal_width,Relative Disturbance,GPPsat,Low,53,-0.30411,58.5,0.01538,0.04525,*
M1vsM2_12m,equal_width,Relative Disturbance,NEPmax,Low,53,-0.96803,64.2,0.003286,0.02492,*
M1vsM2_12m,equal_width,Relative Disturbance,WUE,Low,53,-0.0554,60.4,0.009949,0.03482,*
M1vsM2_12m,equal_width,Relative Disturbance,uWUE,Low,53,-0.03479,58.5,0.02177,0.0508,ns
M1vsM2_12m,equal_width,Relative Disturbance,ETmax,High,5,-0.00208,60,,,""
M1vsM2_12m,equal_width,Relative Disturbance,GPPsat,High,5,-2.03008,60,,,""
M1vsM2_12m,equal_width,Relative Disturbance,NEPmax,High,5,-3.37562,80,,,""
M1vsM2_12m,equal_width,Relative Disturbance,WUE,High,5,-0.13851,60,,,""
M1vsM2_12m,equal_width,Relative Disturbance,uWUE,High,5,-0.22706,80,,,""
M1vsM2_12m,natural_breaks,Absolute Mortality,ETmax,High,20,-0.00157,55,0.448,0.5023,ns
M1vsM2_12m,natural_breaks,Absolute Mortality,GPPsat,High,20,0.10057,50,0.2814,0.3725,ns
M1vsM2_12m,natural_breaks,Absolute Mortality,NEPmax,High,20,-0.39697,60,0.06065,0.1137,ns
M1vsM2_12m,natural_breaks,Absolute Mortality,WUE,High,20,0.05454,45,0.448,0.5023,ns
M1vsM2_12m,natural_breaks,Absolute Mortality,uWUE,High,20,0.00155,50,0.3338,0.4173,ns
M1vsM2_12m,natural_breaks,Absolute Mortality,ETmax,Mid,43,-0.00092,60.5,0.271,0.3725,ns
M1vsM2_12m,natural_breaks,Absolute Mortality,GPPsat,Mid,43,-0.95878,69.8,0.001577,0.06839,ns
M1vsM2_12m,natural_breaks,Absolute Mortality,NEPmax,Mid,43,-1.06665,69.8,0.01072,0.07679,ns
M1vsM2_12m,natural_breaks,Absolute Mortality,WUE,Mid,43,-0.0554,60.5,0.04376,0.09707,ns
M1vsM2_12m,natural_breaks,Absolute Mortality,uWUE,Mid,43,-0.01926,55.8,0.2145,0.3328,ns
M1vsM2_12m,natural_breaks,Absolute Mortality,ETmax,Low,30,-0.00109,60,0.3867,0.4703,ns
M1vsM2_12m,natural_breaks,Absolute Mortality,GPPsat,Low,30,-0.37908,60,0.03846,0.09707,ns
M1vsM2_12m,natural_breaks,Absolute Mortality,NEPmax,Low,30,-0.90045,63.3,0.01621,0.07679,ns
M1vsM2_12m,natural_breaks,Absolute Mortality,WUE,Low,30,-0.0975,60,0.01706,0.07679,ns
M1vsM2_12m,natural_breaks,Absolute Mortality,uWUE,Low,30,-0.06287,56.7,0.03677,0.09707,ns
M1vsM2_12m,natural_breaks,Relative Mortality,ETmax,High,26,-0.00071,53.8,0.667,0.667,ns
M1vsM2_12m,natural_breaks,Relative Mortality,GPPsat,High,26,-0.70367,61.5,0.06377,0.1148,ns
M1vsM2_12m,natural_breaks,Relative Mortality,NEPmax,High,26,-0.87661,65.4,0.03009,0.09707,ns
M1vsM2_12m,natural_breaks,Relative Mortality,WUE,High,26,-0.00282,50,0.4096,0.485,ns
M1vsM2_12m,natural_breaks,Relative Mortality,uWUE,High,26,0.00155,50,0.333,0.4173,ns
M1vsM2_12m,natural_breaks,Relative Mortality,ETmax,Mid,32,-0.00275,68.8,0.0453,0.09707,ns
M1vsM2_12m,natural_breaks,Relative Mortality,GPPsat,Mid,32,-0.69039,56.2,0.02124,0.08688,ns
M1vsM2_12m,natural_breaks,Relative Mortality,NEPmax,Mid,32,-0.98946,65.6,0.01401,0.07679,ns
M1vsM2_12m,natural_breaks,Relative Mortality,WUE,Mid,32,-0.12557,62.5,0.01614,0.07679,ns
M1vsM2_12m,natural_breaks,Relative Mortality,uWUE,Mid,32,-0.01898,56.2,0.2655,0.3725,ns
M1vsM2_12m,natural_breaks,Relative Mortality,ETmax,Low,35,-0.00032,54.3,0.5811,0.6226,ns
M1vsM2_12m,natural_breaks,Relative Mortality,GPPsat,Low,35,-0.63161,68.6,0.02329,0.08734,ns
M1vsM2_12m,natural_breaks,Relative Mortality,NEPmax,Low,35,-1.01733,65.7,0.01023,0.07679,ns
M1vsM2_12m,natural_breaks,Relative Mortality,WUE,Low,35,-0.02433,57.1,0.1022,0.1642,ns
M1vsM2_12m,natural_breaks,Relative Mortality,uWUE,Low,35,-0.06239,57.1,0.04199,0.09707,ns
M1vsM2_12m,natural_breaks,Relative Disturbance,ETmax,Mid,35,-0.00138,68.6,0.04501,0.09707,ns
M1vsM2_12m,natural_breaks,Relative Disturbance,GPPsat,Mid,35,-0.76391,62.9,0.006248,0.07679,ns
M1vsM2_12m,natural_breaks,Relative Disturbance,NEPmax,Mid,35,-1.12855,71.4,0.003039,0.06839,ns
M1vsM2_12m,natural_breaks,Relative Disturbance,WUE,Mid,35,-0.10815,60,0.01216,0.07679,ns
M1vsM2_12m,natural_breaks,Relative Disturbance,uWUE,Mid,35,-0.00789,54.3,0.2536,0.3725,ns
M1vsM2_12m,natural_breaks,Relative Disturbance,ETmax,Low,35,-0.00032,54.3,0.6253,0.6395,ns
M1vsM2_12m,natural_breaks,Relative Disturbance,GPPsat,Low,35,-0.63161,62.9,0.04987,0.09757,ns
M1vsM2_12m,natural_breaks,Relative Disturbance,NEPmax,Low,35,-0.96803,60,0.04501,0.09707,ns
M1vsM2_12m,natural_breaks,Relative Disturbance,WUE,Low,35,-0.02908,60,0.07359,0.1274,ns
M1vsM2_12m,natural_breaks,Relative Disturbance,uWUE,Low,35,-0.06239,57.1,0.04987,0.09757,ns
M1vsM2_12m,natural_breaks,Relative Disturbance,ETmax,High,23,-7e-05,52.2,0.602,0.63,ns
M1vsM2_12m,natural_breaks,Relative Disturbance,GPPsat,High,23,-0.59428,60.9,0.0832,0.1387,ns
M1vsM2_12m,natural_breaks,Relative Disturbance,NEPmax,High,23,-0.77429,65.2,0.0376,0.09707,ns
M1vsM2_12m,natural_breaks,Relative Disturbance,WUE,High,23,0.01682,47.8,0.4576,0.5023,ns
M1vsM2_12m,natural_breaks,Relative Disturbance,uWUE,High,23,-0.00021,52.2,0.2766,0.3725,ns
M1vsM2_24m,tertiles,Absolute Mortality,ETmax,High,31,-0.00111,51.6,0.3732,0.4096,ns
M1vsM2_24m,tertiles,Absolute Mortality,GPPsat,High,31,-0.39785,58.1,0.08974,0.1609,ns
M1vsM2_24m,tertiles,Absolute Mortality,NEPmax,High,31,-0.9134,67.7,0.003962,0.05817,ns
M1vsM2_24m,tertiles,Absolute Mortality,WUE,High,31,-0.06475,61.3,0.1218,0.1768,ns
M1vsM2_24m,tertiles,Absolute Mortality,uWUE,High,31,-0.01872,54.8,0.176,0.24,ns
M1vsM2_24m,tertiles,Absolute Mortality,ETmax,Mid,31,-0.00091,54.8,0.3512,0.3951,ns
M1vsM2_24m,tertiles,Absolute Mortality,GPPsat,Mid,31,-0.7282,74.2,0.01181,0.06211,ns
M1vsM2_24m,tertiles,Absolute Mortality,NEPmax,Mid,31,-0.51491,67.7,0.05297,0.124,ns
M1vsM2_24m,tertiles,Absolute Mortality,WUE,Mid,31,-0.03768,64.5,0.09296,0.1609,ns
M1vsM2_24m,tertiles,Absolute Mortality,uWUE,Mid,31,-0.03237,61.3,0.197,0.2533,ns
M1vsM2_24m,tertiles,Absolute Mortality,ETmax,Low,31,-0.00182,54.8,0.2558,0.3111,ns
M1vsM2_24m,tertiles,Absolute Mortality,GPPsat,Low,31,-0.36244,54.8,0.05512,0.124,ns
M1vsM2_24m,tertiles,Absolute Mortality,NEPmax,Low,31,-0.92823,67.7,0.005578,0.05817,ns
M1vsM2_24m,tertiles,Absolute Mortality,WUE,Low,31,-0.04262,64.5,0.01844,0.06916,ns
M1vsM2_24m,tertiles,Absolute Mortality,uWUE,Low,31,-0.03792,61.3,0.07215,0.1353,ns
M1vsM2_24m,tertiles,Relative Mortality,ETmax,High,31,0.00203,38.7,0.725,0.725,ns
M1vsM2_24m,tertiles,Relative Mortality,GPPsat,High,31,-0.55374,64.5,0.03064,0.09849,ns
M1vsM2_24m,tertiles,Relative Mortality,NEPmax,High,31,-0.77715,64.5,0.01242,0.06211,ns
M1vsM2_24m,tertiles,Relative Mortality,WUE,High,31,-0.04522,58.1,0.197,0.2533,ns
M1vsM2_24m,tertiles,Relative Mortality,uWUE,High,31,-0.01587,54.8,0.2137,0.2671,ns
M1vsM2_24m,tertiles,Relative Mortality,ETmax,Mid,31,-0.00171,67.7,0.03972,0.1117,ns
M1vsM2_24m,tertiles,Relative Mortality,GPPsat,Mid,31,-0.51169,64.5,0.04887,0.124,ns
M1vsM2_24m,tertiles,Relative Mortality,NEPmax,Mid,31,-1.22378,71,0.02029,0.07023,ns
M1vsM2_24m,tertiles,Relative Mortality,WUE,Mid,31,-0.07533,74.2,0.01181,0.06211,ns
M1vsM2_24m,tertiles,Relative Mortality,uWUE,Mid,31,-0.02541,61.3,0.1179,0.1768,ns
M1vsM2_24m,tertiles,Relative Mortality,ETmax,Low,31,-0.00078,54.8,0.4262,0.4566,ns
M1vsM2_24m,tertiles,Relative Mortality,GPPsat,Low,31,-0.36244,58.1,0.05297,0.124,ns
M1vsM2_24m,tertiles,Relative Mortality,NEPmax,Low,31,-0.92823,67.7,0.007757,0.05817,ns
M1vsM2_24m,tertiles,Relative Mortality,WUE,Low,31,-0.03768,58.1,0.1218,0.1768,ns
M1vsM2_24m,tertiles,Relative Mortality,uWUE,Low,31,-0.06285,61.3,0.1179,0.1768,ns
M1vsM2_24m,tertiles,Relative Disturbance,ETmax,High,31,9e-05,41.9,0.5968,0.6245,ns
M1vsM2_24m,tertiles,Relative Disturbance,GPPsat,High,31,-0.55374,61.3,0.07215,0.1353,ns
M1vsM2_24m,tertiles,Relative Disturbance,NEPmax,High,31,-0.77715,61.3,0.01594,0.06849,ns
M1vsM2_24m,tertiles,Relative Disturbance,WUE,High,31,-0.03249,51.6,0.3296,0.3803,ns
M1vsM2_24m,tertiles,Relative Disturbance,uWUE,High,31,-0.01587,54.8,0.2883,0.3413,ns
M1vsM2_24m,tertiles,Relative Disturbance,ETmax,Mid,31,-0.00381,74.2,0.01674,0.06849,ns
M1vsM2_24m,tertiles,Relative Disturbance,GPPsat,Mid,31,-0.51169,67.7,0.007757,0.05817,ns
M1vsM2_24m,tertiles,Relative Disturbance,NEPmax,Mid,31,-1.2487,74.2,0.002778,0.05817,ns
M1vsM2_24m,tertiles,Relative Disturbance,WUE,Mid,31,-0.06475,74.2,0.005274,0.05817,ns
M1vsM2_24m,tertiles,Relative Disturbance,uWUE,Mid,31,-0.01872,58.1,0.1428,0.2008,ns
M1vsM2_24m,tertiles,Relative Disturbance,ETmax,Low,31,0.00119,45.2,0.725,0.725,ns
M1vsM2_24m,tertiles,Relative Disturbance,GPPsat,Low,31,-0.19437,58.1,0.1141,0.1768,ns
M1vsM2_24m,tertiles,Relative Disturbance,NEPmax,Low,31,-0.74252,67.7,0.03807,0.1117,ns
M1vsM2_24m,tertiles,Relative Disturbance,WUE,Low,31,-0.04182,64.5,0.05963,0.1278,ns
M1vsM2_24m,tertiles,Relative Disturbance,uWUE,Low,31,-0.0784,64.5,0.07215,0.1353,ns
M1vsM2_24m,equal_width,Absolute Mortality,ETmax,Mid,35,-0.00091,51.4,0.5033,0.5367,ns
M1vsM2_24m,equal_width,Absolute Mortality,GPPsat,Mid,35,-0.39785,65.7,0.04055,0.07884,ns
M1vsM2_24m,equal_width,Absolute Mortality,NEPmax,Mid,35,-0.76232,62.9,0.03037,0.06252,ns
M1vsM2_24m,equal_width,Absolute Mortality,WUE,Mid,35,-0.06076,60,0.1208,0.2114,ns
M1vsM2_24m,equal_width,Absolute Mortality,uWUE,Mid,35,-0.01587,51.4,0.2588,0.3775,ns
M1vsM2_24m,equal_width,Absolute Mortality,ETmax,Low,53,-0.00142,56.6,0.1673,0.2788,ns
M1vsM2_24m,equal_width,Absolute Mortality,GPPsat,Low,53,-0.89871,64.2,0.002006,0.02023,*
M1vsM2_24m,equal_width,Absolute Mortality,NEPmax,Low,53,-1.19252,71.7,0.0004227,0.01479,*
M1vsM2_24m,equal_width,Absolute Mortality,WUE,Low,53,-0.04343,66,0.004278,0.02023,*
M1vsM2_24m,equal_width,Absolute Mortality,uWUE,Low,53,-0.05179,66,0.01504,0.04388,*
M1vsM2_24m,equal_width,Absolute Mortality,ETmax,High,5,0.00366,40,,,""
M1vsM2_24m,equal_width,Absolute Mortality,GPPsat,High,5,0.66591,20,,,""
M1vsM2_24m,equal_width,Absolute Mortality,NEPmax,High,5,-0.06564,60,,,""
M1vsM2_24m,equal_width,Absolute Mortality,WUE,High,5,-0.03249,60,,,""
M1vsM2_24m,equal_width,Absolute Mortality,uWUE,High,5,0.03779,40,,,""
M1vsM2_24m,equal_width,Relative Mortality,ETmax,Mid,33,9e-05,45.5,0.5214,0.5367,ns
M1vsM2_24m,equal_width,Relative Mortality,GPPsat,Mid,33,-0.7282,69.7,0.004313,0.02023,*
M1vsM2_24m,equal_width,Relative Mortality,NEPmax,Mid,33,-0.85218,66.7,0.01009,0.03926,*
M1vsM2_24m,equal_width,Relative Mortality,WUE,Mid,33,-0.04522,54.5,0.3022,0.4002,ns
M1vsM2_24m,equal_width,Relative Mortality,uWUE,Mid,33,-0.01587,54.5,0.4502,0.5083,ns
M1vsM2_24m,equal_width,Relative Mortality,ETmax,Low,53,-0.00142,60.4,0.1763,0.2805,ns
M1vsM2_24m,equal_width,Relative Mortality,GPPsat,Low,53,-0.36244,60.4,0.02271,0.05299,ns
M1vsM2_24m,equal_width,Relative Mortality,NEPmax,Low,53,-0.92823,67.9,0.003286,0.02023,*
M1vsM2_24m,equal_width,Relative Mortality,WUE,Low,53,-0.04343,69.8,0.001897,0.02023,*
M1vsM2_24m,equal_width,Relative Mortality,uWUE,Low,53,-0.05659,64.2,0.01504,0.04388,*
M1vsM2_24m,equal_width,Relative Mortality,ETmax,High,7,3e-05,42.9,0.6001,0.6001,ns
M1vsM2_24m,equal_width,Relative Mortality,GPPsat,High,7,0.66591,42.9,0.3999,0.4666,ns
M1vsM2_24m,equal_width,Relative Mortality,NEPmax,High,7,-1.86014,71.4,0.07539,0.1389,ns
M1vsM2_24m,equal_width,Relative Mortality,WUE,High,7,-0.03249,57.1,0.3999,0.4666,ns
M1vsM2_24m,equal_width,Relative Mortality,uWUE,High,7,0.03779,42.9,0.3363,0.4204,ns
M1vsM2_24m,equal_width,Relative Disturbance,ETmax,Mid,35,1e-05,48.6,0.3087,0.4002,ns
M1vsM2_24m,equal_width,Relative Disturbance,GPPsat,Mid,35,-0.70473,65.7,0.01165,0.04077,*
M1vsM2_24m,equal_width,Relative Disturbance,NEPmax,Mid,35,-0.76232,62.9,0.01991,0.05299,ns
M1vsM2_24m,equal_width,Relative Disturbance,WUE,Mid,35,-0.0327,54.3,0.2483,0.3775,ns
M1vsM2_24m,equal_width,Relative Disturbance,uWUE,Mid,35,-0.00113,51.4,0.5098,0.5367,ns
M1vsM2_24m,equal_width,Relative Disturbance,ETmax,Low,53,-0.00142,58.5,0.2825,0.3955,ns
M1vsM2_24m,equal_width,Relative Disturbance,GPPsat,Low,53,-0.36244,60.4,0.02573,0.05629,ns
M1vsM2_24m,equal_width,Relative Disturbance,NEPmax,Low,53,-0.92823,67.9,0.003286,0.02023,*
M1vsM2_24m,equal_width,Relative Disturbance,WUE,Low,53,-0.04343,69.8,0.004624,0.02023,*
M1vsM2_24m,equal_width,Relative Disturbance,uWUE,Low,53,-0.03792,64.2,0.02177,0.05299,ns
M1vsM2_24m,equal_width,Relative Disturbance,ETmax,High,5,3e-05,40,,,""
M1vsM2_24m,equal_width,Relative Disturbance,GPPsat,High,5,-3.01949,60,,,""
M1vsM2_24m,equal_width,Relative Disturbance,NEPmax,High,5,-3.68945,100,,,""
M1vsM2_24m,equal_width,Relative Disturbance,WUE,High,5,-0.16224,60,,,""
M1vsM2_24m,equal_width,Relative Disturbance,uWUE,High,5,-0.22677,60,,,""
M1vsM2_24m,natural_breaks,Absolute Mortality,ETmax,High,20,-0.00208,55,0.2449,0.3339,ns
M1vsM2_24m,natural_breaks,Absolute Mortality,GPPsat,High,20,-0.44416,55,0.1706,0.2558,ns
M1vsM2_24m,natural_breaks,Absolute Mortality,NEPmax,High,20,-0.76973,65,0.0229,0.08586,ns
M1vsM2_24m,natural_breaks,Absolute Mortality,WUE,High,20,-0.03259,55,0.3071,0.3604,ns
M1vsM2_24m,natural_breaks,Absolute Mortality,uWUE,High,20,0.01096,50,0.3204,0.3604,ns
M1vsM2_24m,natural_breaks,Absolute Mortality,ETmax,Mid,43,-0.00091,53.5,0.4069,0.4466,ns
M1vsM2_24m,natural_breaks,Absolute Mortality,GPPsat,Mid,43,-0.7282,72.1,0.005708,0.07248,ns
M1vsM2_24m,natural_breaks,Absolute Mortality,NEPmax,Mid,43,-0.92823,69.8,0.0142,0.07938,ns
M1vsM2_24m,natural_breaks,Absolute Mortality,WUE,Mid,43,-0.06076,65.1,0.04843,0.1116,ns
M1vsM2_24m,natural_breaks,Absolute Mortality,uWUE,Mid,43,-0.02973,60.5,0.1596,0.2476,ns
M1vsM2_24m,natural_breaks,Absolute Mortality,ETmax,Low,30,-0.0013,53.3,0.3181,0.3604,ns
M1vsM2_24m,natural_breaks,Absolute Mortality,GPPsat,Low,30,-0.27841,53.3,0.07496,0.1406,ns
M1vsM2_24m,natural_breaks,Absolute Mortality,NEPmax,Low,30,-1.00849,66.7,0.008053,0.07248,ns
M1vsM2_24m,natural_breaks,Absolute Mortality,WUE,Low,30,-0.04303,66.7,0.01387,0.07938,ns
M1vsM2_24m,natural_breaks,Absolute Mortality,uWUE,Low,30,-0.05816,63.3,0.05209,0.1116,ns
M1vsM2_24m,natural_breaks,Relative Mortality,ETmax,High,26,0.0016,38.5,0.7373,0.7373,ns
M1vsM2_24m,natural_breaks,Relative Mortality,GPPsat,High,26,-0.39138,61.5,0.08914,0.1543,ns
M1vsM2_24m,natural_breaks,Relative Mortality,NEPmax,High,26,-0.47541,61.5,0.03187,0.0956,ns
M1vsM2_24m,natural_breaks,Relative Mortality,WUE,High,26,-0.03259,53.8,0.2969,0.3604,ns
M1vsM2_24m,natural_breaks,Relative Mortality,uWUE,High,26,-0.0085,53.8,0.2796,0.3585,ns
M1vsM2_24m,natural_breaks,Relative Mortality,ETmax,Mid,32,-0.00178,68.8,0.0194,0.07938,ns
M1vsM2_24m,natural_breaks,Relative Mortality,GPPsat,Mid,32,-0.81346,65.6,0.01614,0.07938,ns
M1vsM2_24m,natural_breaks,Relative Mortality,NEPmax,Mid,32,-1.12404,71.9,0.007339,0.07248,ns
M1vsM2_24m,natural_breaks,Relative Mortality,WUE,Mid,32,-0.06648,71.9,0.02764,0.08885,ns
M1vsM2_24m,natural_breaks,Relative Mortality,uWUE,Mid,32,-0.02206,59.4,0.2244,0.3156,ns
M1vsM2_24m,natural_breaks,Relative Mortality,ETmax,Low,35,-0.00036,51.4,0.6002,0.6281,ns
M1vsM2_24m,natural_breaks,Relative Mortality,GPPsat,Low,35,-0.36244,60,0.06488,0.1269,ns
M1vsM2_24m,natural_breaks,Relative Mortality,NEPmax,Low,35,-0.92823,68.6,0.01023,0.07676,ns
M1vsM2_24m,natural_breaks,Relative Mortality,WUE,Low,35,-0.04182,62.9,0.04501,0.1116,ns
M1vsM2_24m,natural_breaks,Relative Mortality,uWUE,Low,35,-0.0784,62.9,0.04987,0.1116,ns
M1vsM2_24m,natural_breaks,Relative Disturbance,ETmax,Mid,35,-0.00171,65.7,0.01838,0.07938,ns
M1vsM2_24m,natural_breaks,Relative Disturbance,GPPsat,Mid,35,-0.70473,68.6,0.002361,0.05312,ns
M1vsM2_24m,natural_breaks,Relative Disturbance,NEPmax,Mid,35,-1.29209,77.1,0.0003386,0.01524,*
M1vsM2_24m,natural_breaks,Relative Disturbance,WUE,Mid,35,-0.06475,68.6,0.02613,0.08885,ns
M1vsM2_24m,natural_breaks,Relative Disturbance,uWUE,Mid,35,-0.01872,57.1,0.2642,0.3496,ns
M1vsM2_24m,natural_breaks,Relative Disturbance,ETmax,Low,35,0.00092,48.6,0.6913,0.707,ns
M1vsM2_24m,natural_breaks,Relative Disturbance,GPPsat,Low,35,-0.06581,57.1,0.153,0.2459,ns
M1vsM2_24m,natural_breaks,Relative Disturbance,NEPmax,Low,35,-0.66198,62.9,0.08069,0.1452,ns
M1vsM2_24m,natural_breaks,Relative Disturbance,WUE,Low,35,-0.04182,65.7,0.03645,0.1025,ns
M1vsM2_24m,natural_breaks,Relative Disturbance,uWUE,Low,35,-0.0784,62.9,0.06283,0.1269,ns
M1vsM2_24m,natural_breaks,Relative Disturbance,ETmax,High,23,0.00116,43.5,0.5544,0.594,ns
M1vsM2_24m,natural_breaks,Relative Disturbance,GPPsat,High,23,-0.55374,60.9,0.1034,0.1724,ns
M1vsM2_24m,natural_breaks,Relative Disturbance,NEPmax,High,23,-0.17368,60.9,0.0457,0.1116,ns
M1vsM2_24m,natural_breaks,Relative Disturbance,WUE,High,23,-0.03249,52.2,0.2868,0.3585,ns
M1vsM2_24m,natural_breaks,Relative Disturbance,uWUE,High,23,-0.01587,56.5,0.2101,0.305,ns
M3vsM4_12m,tertiles,Absolute Mortality,ETmax,High,31,0.00207,32.3,0.8859,0.9061,ns
M3vsM4_12m,tertiles,Absolute Mortality,GPPsat,High,31,-0.61879,74.2,0.004708,0.02354,*
M3vsM4_12m,tertiles,Absolute Mortality,NEPmax,High,31,-0.66506,80.6,0.004198,0.02354,*
M3vsM4_12m,tertiles,Absolute Mortality,WUE,High,31,-0.0162,51.6,0.05963,0.1412,ns
M3vsM4_12m,tertiles,Absolute Mortality,uWUE,High,31,-0.05627,54.8,0.06692,0.1434,ns
M3vsM4_12m,tertiles,Absolute Mortality,ETmax,Mid,31,0.00043,48.4,0.5584,0.6129,ns
M3vsM4_12m,tertiles,Absolute Mortality,GPPsat,Mid,31,-0.32936,64.5,0.06692,0.1434,ns
M3vsM4_12m,tertiles,Absolute Mortality,NEPmax,Mid,31,-0.73383,67.7,0.01518,0.04553,*
M3vsM4_12m,tertiles,Absolute Mortality,WUE,Mid,31,-0.0207,61.3,0.2685,0.3554,ns
M3vsM4_12m,tertiles,Absolute Mortality,uWUE,Mid,31,-0.00833,51.6,0.4493,0.5184,ns
M3vsM4_12m,tertiles,Absolute Mortality,ETmax,Low,31,-4e-04,58.1,0.3512,0.4271,ns
M3vsM4_12m,tertiles,Absolute Mortality,GPPsat,Low,31,-0.47613,64.5,0.003962,0.02354,*
M3vsM4_12m,tertiles,Absolute Mortality,NEPmax,Low,31,-0.54038,80.6,0.0006329,0.01424,*
M3vsM4_12m,tertiles,Absolute Mortality,WUE,Low,31,-0.03674,58.1,0.07215,0.1476,ns
M3vsM4_12m,tertiles,Absolute Mortality,uWUE,Low,31,-0.05623,61.3,0.1428,0.2215,ns
M3vsM4_12m,tertiles,Relative Mortality,ETmax,High,31,0.00206,32.3,0.9603,0.9603,ns
M3vsM4_12m,tertiles,Relative Mortality,GPPsat,High,31,-0.46721,74.2,0.005578,0.0251,*
M3vsM4_12m,tertiles,Relative Mortality,NEPmax,High,31,-0.63401,77.4,0.004708,0.02354,*
M3vsM4_12m,tertiles,Relative Mortality,WUE,High,31,-0.01002,51.6,0.197,0.277,ns
M3vsM4_12m,tertiles,Relative Mortality,uWUE,High,31,-0.02732,58.1,0.1141,0.1974,ns
M3vsM4_12m,tertiles,Relative Mortality,ETmax,Mid,31,0.00012,48.4,0.197,0.277,ns
M3vsM4_12m,tertiles,Relative Mortality,GPPsat,Mid,31,-0.73096,71,0.006588,0.02695,*
M3vsM4_12m,tertiles,Relative Mortality,NEPmax,Mid,31,-0.73383,77.4,0.002047,0.02354,*
M3vsM4_12m,tertiles,Relative Mortality,WUE,Mid,31,-0.04132,61.3,0.08058,0.1567,ns
M3vsM4_12m,tertiles,Relative Mortality,uWUE,Mid,31,-0.04161,51.6,0.2816,0.3621,ns
M3vsM4_12m,tertiles,Relative Mortality,ETmax,Low,31,-4e-04,58.1,0.5195,0.5845,ns
M3vsM4_12m,tertiles,Relative Mortality,GPPsat,Low,31,-0.46031,58.1,0.0432,0.1144,ns
M3vsM4_12m,tertiles,Relative Mortality,NEPmax,Low,31,-0.48367,74.2,0.003962,0.02354,*
M3vsM4_12m,tertiles,Relative Mortality,WUE,Low,31,-0.03674,58.1,0.1428,0.2215,ns
M3vsM4_12m,tertiles,Relative Mortality,uWUE,Low,31,-0.0478,58.1,0.1428,0.2215,ns
M3vsM4_12m,tertiles,Relative Disturbance,ETmax,High,31,0.00178,35.5,0.8528,0.8924,ns
M3vsM4_12m,tertiles,Relative Disturbance,GPPsat,High,31,-0.61879,74.2,0.003737,0.02354,*
M3vsM4_12m,tertiles,Relative Disturbance,NEPmax,High,31,-0.66506,74.2,0.009596,0.03322,*
M3vsM4_12m,tertiles,Relative Disturbance,WUE,High,31,0.00151,48.4,0.3368,0.4209,ns
M3vsM4_12m,tertiles,Relative Disturbance,uWUE,High,31,-0.00833,51.6,0.1518,0.2277,ns
M3vsM4_12m,tertiles,Relative Disturbance,ETmax,Mid,31,-4e-04,51.6,0.2253,0.3072,ns
M3vsM4_12m,tertiles,Relative Disturbance,GPPsat,Mid,31,-0.52637,67.7,0.01181,0.03795,*
M3vsM4_12m,tertiles,Relative Disturbance,NEPmax,Mid,31,-0.67819,80.6,0.0002713,0.01221,*
M3vsM4_12m,tertiles,Relative Disturbance,WUE,Mid,31,-0.06818,61.3,0.05297,0.1324,ns
M3vsM4_12m,tertiles,Relative Disturbance,uWUE,Mid,31,-0.04161,54.8,0.4032,0.4775,ns
M3vsM4_12m,tertiles,Relative Disturbance,ETmax,Low,31,-8e-05,51.6,0.705,0.7554,ns
M3vsM4_12m,tertiles,Relative Disturbance,GPPsat,Low,31,-0.46031,61.3,0.02931,0.08243,ns
M3vsM4_12m,tertiles,Relative Disturbance,NEPmax,Low,31,-0.48367,74.2,0.009103,0.03322,*
M3vsM4_12m,tertiles,Relative Disturbance,WUE,Low,31,-0.05918,61.3,0.1103,0.1974,ns
M3vsM4_12m,tertiles,Relative Disturbance,uWUE,Low,31,-0.06126,61.3,0.08355,0.1567,ns
M3vsM4_12m,equal_width,Absolute Mortality,ETmax,Mid,35,0.00206,34.3,0.8759,0.8759,ns
M3vsM4_12m,equal_width,Absolute Mortality,GPPsat,Mid,35,-0.17157,62.9,0.06913,0.1396,ns
M3vsM4_12m,equal_width,Absolute Mortality,NEPmax,Mid,35,-0.63401,68.6,0.01766,0.04754,*
M3vsM4_12m,equal_width,Absolute Mortality,WUE,Mid,35,-0.0335,54.3,0.1492,0.2486,ns
M3vsM4_12m,equal_width,Absolute Mortality,uWUE,Mid,35,0.00388,48.6,0.233,0.3399,ns
M3vsM4_12m,equal_width,Absolute Mortality,ETmax,Low,53,-4e-04,54.7,0.3517,0.4397,ns
M3vsM4_12m,equal_width,Absolute Mortality,GPPsat,Low,53,-0.47613,67.9,0.0002515,0.003051,**
M3vsM4_12m,equal_width,Absolute Mortality,NEPmax,Low,53,-0.67819,79.2,6.323e-05,0.002213,**
M3vsM4_12m,equal_width,Absolute Mortality,WUE,Low,53,-0.03674,62.3,0.01608,0.04691,*
M3vsM4_12m,equal_width,Absolute Mortality,uWUE,Low,53,-0.04161,60.4,0.07451,0.1396,ns
M3vsM4_12m,equal_width,Absolute Mortality,ETmax,High,5,0.0022,40,,,""
M3vsM4_12m,equal_width,Absolute Mortality,GPPsat,High,5,-1.19501,100,,,""
M3vsM4_12m,equal_width,Absolute Mortality,NEPmax,High,5,-1.28063,100,,,""
M3vsM4_12m,equal_width,Absolute Mortality,WUE,High,5,0.02526,20,,,""
M3vsM4_12m,equal_width,Absolute Mortality,uWUE,High,5,-0.05627,60,,,""
M3vsM4_12m,equal_width,Relative Mortality,ETmax,Mid,33,0.00118,39.4,0.7163,0.7597,ns
M3vsM4_12m,equal_width,Relative Mortality,GPPsat,Mid,33,-0.51645,72.7,0.004091,0.01798,*
M3vsM4_12m,equal_width,Relative Mortality,NEPmax,Mid,33,-0.52335,72.7,0.009173,0.03211,*
M3vsM4_12m,equal_width,Relative Mortality,WUE,Mid,33,-0.0162,57.6,0.2159,0.3399,ns
M3vsM4_12m,equal_width,Relative Mortality,uWUE,Mid,33,-0.00833,51.5,0.334,0.433,ns
M3vsM4_12m,equal_width,Relative Mortality,ETmax,Low,53,-0.00024,52.8,0.4367,0.493,ns
M3vsM4_12m,equal_width,Relative Mortality,GPPsat,Low,53,-0.47186,62.3,0.004624,0.01798,*
M3vsM4_12m,equal_width,Relative Mortality,NEPmax,Low,53,-0.6577,75.5,0.0002964,0.003051,**
M3vsM4_12m,equal_width,Relative Mortality,WUE,Low,53,-0.05918,58.5,0.03214,0.07499,ns
M3vsM4_12m,equal_width,Relative Mortality,uWUE,Low,53,-0.0478,58.5,0.07577,0.1396,ns
M3vsM4_12m,equal_width,Relative Mortality,ETmax,High,7,0.00494,28.6,0.8237,0.848,ns
M3vsM4_12m,equal_width,Relative Mortality,GPPsat,High,7,-1.03597,85.7,0.1024,0.1793,ns
M3vsM4_12m,equal_width,Relative Mortality,NEPmax,High,7,-1.13465,100,0.01125,0.03579,*
M3vsM4_12m,equal_width,Relative Mortality,WUE,High,7,0.02495,42.9,0.3999,0.4827,ns
M3vsM4_12m,equal_width,Relative Mortality,uWUE,High,7,-0.10009,57.1,0.2234,0.3399,ns
M3vsM4_12m,equal_width,Relative Disturbance,ETmax,Mid,35,0.00043,42.9,0.4317,0.493,ns
M3vsM4_12m,equal_width,Relative Disturbance,GPPsat,Mid,35,-0.51645,74.3,0.002243,0.0157,*
M3vsM4_12m,equal_width,Relative Disturbance,NEPmax,Mid,35,-0.5635,74.3,0.004082,0.01798,*
M3vsM4_12m,equal_width,Relative Disturbance,WUE,Mid,35,-0.00638,51.4,0.3203,0.433,ns
M3vsM4_12m,equal_width,Relative Disturbance,uWUE,Mid,35,-0.00833,51.4,0.3321,0.433,ns
M3vsM4_12m,equal_width,Relative Disturbance,ETmax,Low,53,-8e-05,50.9,0.6646,0.7269,ns
M3vsM4_12m,equal_width,Relative Disturbance,GPPsat,Low,53,-0.47186,62.3,0.004391,0.01798,*
M3vsM4_12m,equal_width,Relative Disturbance,NEPmax,Low,53,-0.6577,75.5,0.0003487,0.003051,**
M3vsM4_12m,equal_width,Relative Disturbance,WUE,Low,53,-0.05918,60.4,0.02418,0.06045,ns
M3vsM4_12m,equal_width,Relative Disturbance,uWUE,Low,53,-0.0478,58.5,0.06066,0.1327,ns
M3vsM4_12m,equal_width,Relative Disturbance,ETmax,High,5,0.00494,20,,,""
M3vsM4_12m,equal_width,Relative Disturbance,GPPsat,High,5,-1.03597,80,,,""
M3vsM4_12m,equal_width,Relative Disturbance,NEPmax,High,5,-1.13465,100,,,""
M3vsM4_12m,equal_width,Relative Disturbance,WUE,High,5,-0.16467,60,,,""
M3vsM4_12m,equal_width,Relative Disturbance,uWUE,High,5,-0.14346,60,,,""
M3vsM4_12m,natural_breaks,Absolute Mortality,ETmax,High,20,0.00206,25,0.9703,0.9836,ns
M3vsM4_12m,natural_breaks,Absolute Mortality,GPPsat,High,20,-0.52073,70,0.04833,0.1208,ns
M3vsM4_12m,natural_breaks,Absolute Mortality,NEPmax,High,20,-0.89913,80,0.0323,0.09085,ns
M3vsM4_12m,natural_breaks,Absolute Mortality,WUE,High,20,0.04562,35,0.448,0.5169,ns
M3vsM4_12m,natural_breaks,Absolute Mortality,uWUE,High,20,-0.02154,50,0.1902,0.2674,ns
M3vsM4_12m,natural_breaks,Absolute Mortality,ETmax,Mid,43,0.00043,48.8,0.4783,0.5381,ns
M3vsM4_12m,natural_breaks,Absolute Mortality,GPPsat,Mid,43,-0.52637,69.8,0.007,0.0315,*
M3vsM4_12m,natural_breaks,Absolute Mortality,NEPmax,Mid,43,-0.6577,69.8,0.003119,0.02343,*
M3vsM4_12m,natural_breaks,Absolute Mortality,WUE,Mid,43,-0.04132,65.1,0.05348,0.1267,ns
M3vsM4_12m,natural_breaks,Absolute Mortality,uWUE,Mid,43,-0.01753,53.5,0.2552,0.3481,ns
M3vsM4_12m,natural_breaks,Absolute Mortality,ETmax,Low,30,-4e-04,56.7,0.3788,0.4486,ns
M3vsM4_12m,natural_breaks,Absolute Mortality,GPPsat,Low,30,-0.46822,63.3,0.005705,0.03124,*
M3vsM4_12m,natural_breaks,Absolute Mortality,NEPmax,Low,30,-0.5751,83.3,0.0006206,0.02149,*
M3vsM4_12m,natural_breaks,Absolute Mortality,WUE,Low,30,-0.04796,60,0.06146,0.1383,ns
M3vsM4_12m,natural_breaks,Absolute Mortality,uWUE,Low,30,-0.05875,63.3,0.1011,0.1768,ns
M3vsM4_12m,natural_breaks,Relative Mortality,ETmax,High,26,0.00209,26.9,0.9836,0.9836,ns
M3vsM4_12m,natural_breaks,Relative Mortality,GPPsat,High,26,-0.4461,73.1,0.01271,0.04399,*
M3vsM4_12m,natural_breaks,Relative Mortality,NEPmax,High,26,-0.8129,76.9,0.01447,0.04652,*
M3vsM4_12m,natural_breaks,Relative Mortality,WUE,High,26,0.01323,46.2,0.3611,0.4392,ns
M3vsM4_12m,natural_breaks,Relative Mortality,uWUE,High,26,-0.01783,53.8,0.1548,0.2302,ns
M3vsM4_12m,natural_breaks,Relative Mortality,ETmax,Mid,32,-0.00079,50,0.1586,0.2302,ns
M3vsM4_12m,natural_breaks,Relative Mortality,GPPsat,Mid,32,-0.73015,71.9,0.00856,0.0321,*
M3vsM4_12m,natural_breaks,Relative Mortality,NEPmax,Mid,32,-0.6469,75,0.003645,0.02343,*
M3vsM4_12m,natural_breaks,Relative Mortality,WUE,Mid,32,-0.06827,62.5,0.1001,0.1768,ns
M3vsM4_12m,natural_breaks,Relative Mortality,uWUE,Mid,32,-0.02957,53.1,0.3577,0.4392,ns
M3vsM4_12m,natural_breaks,Relative Mortality,ETmax,Low,35,-4e-04,57.1,0.4967,0.5452,ns
M3vsM4_12m,natural_breaks,Relative Mortality,GPPsat,Low,35,-0.46031,60,0.01563,0.04688,*
M3vsM4_12m,natural_breaks,Relative Mortality,NEPmax,Low,35,-0.60982,77.1,0.0009551,0.02149,*
M3vsM4_12m,natural_breaks,Relative Mortality,WUE,Low,35,-0.04132,60,0.07827,0.1531,ns
M3vsM4_12m,natural_breaks,Relative Mortality,uWUE,Low,35,-0.05028,60,0.06698,0.1435,ns
M3vsM4_12m,natural_breaks,Relative Disturbance,ETmax,Mid,35,-5e-04,57.1,0.1569,0.2302,ns
M3vsM4_12m,natural_breaks,Relative Disturbance,GPPsat,Mid,35,-0.53608,68.6,0.008208,0.0321,*
M3vsM4_12m,natural_breaks,Relative Disturbance,NEPmax,Mid,35,-0.6361,77.1,0.002361,0.02343,*
M3vsM4_12m,natural_breaks,Relative Disturbance,WUE,Mid,35,-0.04132,62.9,0.07827,0.1531,ns
M3vsM4_12m,natural_breaks,Relative Disturbance,uWUE,Mid,35,-0.02732,54.3,0.3502,0.4392,ns
M3vsM4_12m,natural_breaks,Relative Disturbance,ETmax,Low,35,-8e-05,51.4,0.6559,0.7027,ns
M3vsM4_12m,natural_breaks,Relative Disturbance,GPPsat,Low,35,-0.45041,60,0.03645,0.09647,ns
M3vsM4_12m,natural_breaks,Relative Disturbance,NEPmax,Low,35,-0.48367,71.4,0.006248,0.03124,*
M3vsM4_12m,natural_breaks,Relative Disturbance,WUE,Low,35,-0.05918,60,0.1022,0.1768,ns
M3vsM4_12m,natural_breaks,Relative Disturbance,uWUE,Low,35,-0.06126,60,0.1275,0.2049,ns
M3vsM4_12m,natural_breaks,Relative Disturbance,ETmax,High,23,0.00211,21.7,0.9513,0.9836,ns
M3vsM4_12m,natural_breaks,Relative Disturbance,GPPsat,High,23,-0.61879,78.3,0.003554,0.02343,*
M3vsM4_12m,natural_breaks,Relative Disturbance,NEPmax,High,23,-1.02371,82.6,0.002451,0.02343,*
M3vsM4_12m,natural_breaks,Relative Disturbance,WUE,High,23,0.02495,43.5,0.3296,0.4362,ns
M3vsM4_12m,natural_breaks,Relative Disturbance,uWUE,High,23,-0.00833,52.2,0.1208,0.2013,ns
M3vsM4_24m,tertiles,Absolute Mortality,ETmax,High,31,0.00222,35.5,0.8436,0.8436,ns
M3vsM4_24m,tertiles,Absolute Mortality,GPPsat,High,31,-0.56606,67.7,0.03807,0.0918,ns
M3vsM4_24m,tertiles,Absolute Mortality,NEPmax,High,31,-0.73784,74.2,0.005274,0.04746,*
M3vsM4_24m,tertiles,Absolute Mortality,WUE,High,31,-0.10306,58.1,0.03346,0.0918,ns
M3vsM4_24m,tertiles,Absolute Mortality,uWUE,High,31,-0.04102,64.5,0.03064,0.0918,ns
M3vsM4_24m,tertiles,Absolute Mortality,ETmax,Mid,31,-0.00036,54.8,0.2372,0.3041,ns
M3vsM4_24m,tertiles,Absolute Mortality,GPPsat,Mid,31,-0.40658,61.3,0.04692,0.0918,ns
M3vsM4_24m,tertiles,Absolute Mortality,NEPmax,Mid,31,-0.59714,61.3,0.04143,0.0918,ns
M3vsM4_24m,tertiles,Absolute Mortality,WUE,Mid,31,-0.03287,58.1,0.166,0.2264,ns
M3vsM4_24m,tertiles,Absolute Mortality,uWUE,Mid,31,-0.02109,54.8,0.3732,0.4306,ns
M3vsM4_24m,tertiles,Absolute Mortality,ETmax,Low,31,-0.00061,51.6,0.4805,0.5405,ns
M3vsM4_24m,tertiles,Absolute Mortality,GPPsat,Low,31,-0.52119,67.7,0.004984,0.04746,*
M3vsM4_24m,tertiles,Absolute Mortality,NEPmax,Low,31,-0.5207,80.6,0.002047,0.04605,*
M3vsM4_24m,tertiles,Absolute Mortality,WUE,Low,31,-0.03861,61.3,0.0432,0.0918,ns
M3vsM4_24m,tertiles,Absolute Mortality,uWUE,Low,31,-0.05788,61.3,0.08974,0.1346,ns
M3vsM4_24m,tertiles,Relative Mortality,ETmax,High,31,0.00145,38.7,0.6268,0.6716,ns
M3vsM4_24m,tertiles,Relative Mortality,GPPsat,High,31,-0.55553,61.3,0.05089,0.09541,ns
M3vsM4_24m,tertiles,Relative Mortality,NEPmax,High,31,-0.73784,71,0.01374,0.0687,ns
M3vsM4_24m,tertiles,Relative Mortality,WUE,High,31,-0.0598,58.1,0.08974,0.1346,ns
M3vsM4_24m,tertiles,Relative Mortality,uWUE,High,31,-0.0359,61.3,0.06198,0.1116,ns
M3vsM4_24m,tertiles,Relative Mortality,ETmax,Mid,31,-0.00061,58.1,0.2621,0.3188,ns
M3vsM4_24m,tertiles,Relative Mortality,GPPsat,Mid,31,-0.95638,71,0.01307,0.0687,ns
M3vsM4_24m,tertiles,Relative Mortality,NEPmax,Mid,31,-0.59714,74.2,0.005274,0.04746,*
M3vsM4_24m,tertiles,Relative Mortality,WUE,Mid,31,-0.07885,58.1,0.03346,0.0918,ns
M3vsM4_24m,tertiles,Relative Mortality,uWUE,Mid,31,-0.02109,61.3,0.176,0.2329,ns
M3vsM4_24m,tertiles,Relative Mortality,ETmax,Low,31,0.00076,45.2,0.7628,0.7983,ns
M3vsM4_24m,tertiles,Relative Mortality,GPPsat,Low,31,-0.3335,64.5,0.02445,0.0918,ns
M3vsM4_24m,tertiles,Relative Mortality,NEPmax,Low,31,-0.5781,71,0.01242,0.0687,ns
M3vsM4_24m,tertiles,Relative Mortality,WUE,Low,31,-0.03861,61.3,0.0695,0.1158,ns
M3vsM4_24m,tertiles,Relative Mortality,uWUE,Low,31,-0.0503,58.1,0.08974,0.1346,ns
M3vsM4_24m,tertiles,Relative Disturbance,ETmax,High,31,0.00012,48.4,0.275,0.3257,ns
M3vsM4_24m,tertiles,Relative Disturbance,GPPsat,High,31,-0.56351,67.7,0.01844,0.08299,ns
M3vsM4_24m,tertiles,Relative Disturbance,NEPmax,High,31,-0.70048,67.7,0.02931,0.0918,ns
M3vsM4_24m,tertiles,Relative Disturbance,WUE,High,31,-0.02733,54.8,0.1341,0.1886,ns
M3vsM4_24m,tertiles,Relative Disturbance,uWUE,High,31,-0.0359,58.1,0.06692,0.1158,ns
M3vsM4_24m,tertiles,Relative Disturbance,ETmax,Mid,31,-0.00028,51.6,0.5273,0.5788,ns
M3vsM4_24m,tertiles,Relative Disturbance,GPPsat,Mid,31,-0.52119,64.5,0.04503,0.0918,ns
M3vsM4_24m,tertiles,Relative Disturbance,NEPmax,Mid,31,-0.6336,77.4,0.0005909,0.02659,*
M3vsM4_24m,tertiles,Relative Disturbance,WUE,Mid,31,-0.06724,58.1,0.03807,0.0918,ns
M3vsM4_24m,tertiles,Relative Disturbance,uWUE,Mid,31,-0.02109,61.3,0.2433,0.3041,ns
M3vsM4_24m,tertiles,Relative Disturbance,ETmax,Low,31,0.00097,41.9,0.824,0.8428,ns
M3vsM4_24m,tertiles,Relative Disturbance,GPPsat,Low,31,-0.40658,64.5,0.01307,0.0687,ns
M3vsM4_24m,tertiles,Relative Disturbance,NEPmax,Low,31,-0.5207,71,0.02679,0.0918,ns
M3vsM4_24m,tertiles,Relative Disturbance,WUE,Low,31,-0.04427,64.5,0.04503,0.0918,ns
M3vsM4_24m,tertiles,Relative Disturbance,uWUE,Low,31,-0.06263,61.3,0.09965,0.1446,ns
M3vsM4_24m,equal_width,Absolute Mortality,ETmax,Mid,35,0.0018,37.1,0.9217,0.9217,ns
M3vsM4_24m,equal_width,Absolute Mortality,GPPsat,Mid,35,-0.28105,54.3,0.2432,0.2935,ns
M3vsM4_24m,equal_width,Absolute Mortality,NEPmax,Mid,35,-0.54827,65.7,0.03914,0.09047,ns
M3vsM4_24m,equal_width,Absolute Mortality,WUE,Mid,35,-0.01022,51.4,0.1417,0.2212,ns
M3vsM4_24m,equal_width,Absolute Mortality,uWUE,Mid,35,-0.02796,57.1,0.1454,0.2212,ns
M3vsM4_24m,equal_width,Absolute Mortality,ETmax,Low,53,-0.00036,52.8,0.2946,0.3437,ns
M3vsM4_24m,equal_width,Absolute Mortality,GPPsat,Low,53,-0.56351,69.8,0.0002433,0.007165,**
M3vsM4_24m,equal_width,Absolute Mortality,NEPmax,Low,53,-0.6336,73.6,0.0004094,0.007165,**
M3vsM4_24m,equal_width,Absolute Mortality,WUE,Low,53,-0.05328,64.2,0.005672,0.02836,*
M3vsM4_24m,equal_width,Absolute Mortality,uWUE,Low,53,-0.0503,62.3,0.02908,0.0727,ns
M3vsM4_24m,equal_width,Absolute Mortality,ETmax,High,5,-0.00532,60,,,""
M3vsM4_24m,equal_width,Absolute Mortality,GPPsat,High,5,-1.44782,100,,,""
M3vsM4_24m,equal_width,Absolute Mortality,NEPmax,High,5,-1.23859,100,,,""
M3vsM4_24m,equal_width,Absolute Mortality,WUE,High,5,-0.0598,60,,,""
M3vsM4_24m,equal_width,Absolute Mortality,uWUE,High,5,-0.04102,60,,,""
M3vsM4_24m,equal_width,Relative Mortality,ETmax,Mid,33,0.00102,39.4,0.5427,0.5936,ns
M3vsM4_24m,equal_width,Relative Mortality,GPPsat,Mid,33,-0.4773,60.6,0.06003,0.1236,ns
M3vsM4_24m,equal_width,Relative Mortality,NEPmax,Mid,33,-0.54827,66.7,0.01995,0.05819,ns
M3vsM4_24m,equal_width,Relative Mortality,WUE,Mid,33,-0.02733,54.5,0.2056,0.2706,ns
M3vsM4_24m,equal_width,Relative Mortality,uWUE,Mid,33,-0.02973,57.6,0.1418,0.2212,ns
M3vsM4_24m,equal_width,Relative Mortality,ETmax,Low,53,-3e-04,52.8,0.5807,0.6159,ns
M3vsM4_24m,equal_width,Relative Mortality,GPPsat,Low,53,-0.40658,66,0.003286,0.02189,*
M3vsM4_24m,equal_width,Relative Mortality,NEPmax,Low,53,-0.5781,71.7,0.001646,0.01707,*
M3vsM4_24m,equal_width,Relative Mortality,WUE,Low,53,-0.04427,62.3,0.01172,0.04036,*
M3vsM4_24m,equal_width,Relative Mortality,uWUE,Low,53,-0.0503,62.3,0.06965,0.1354,ns
M3vsM4_24m,equal_width,Relative Mortality,ETmax,High,7,0.00216,42.9,0.5337,0.5936,ns
M3vsM4_24m,equal_width,Relative Mortality,GPPsat,High,7,-1.41131,85.7,0.1024,0.1887,ns
M3vsM4_24m,equal_width,Relative Mortality,NEPmax,High,7,-1.01859,100,0.01125,0.04036,*
M3vsM4_24m,equal_width,Relative Mortality,WUE,High,7,-0.16832,57.1,0.1359,0.2212,ns
M3vsM4_24m,equal_width,Relative Mortality,uWUE,High,7,-0.07009,57.1,0.2234,0.2793,ns
M3vsM4_24m,equal_width,Relative Disturbance,ETmax,Mid,35,0.00012,48.6,0.2087,0.2706,ns
M3vsM4_24m,equal_width,Relative Disturbance,GPPsat,Mid,35,-0.56351,62.9,0.02516,0.06773,ns
M3vsM4_24m,equal_width,Relative Disturbance,NEPmax,Mid,35,-0.60597,71.4,0.01268,0.04036,*
M3vsM4_24m,equal_width,Relative Disturbance,WUE,Mid,35,-0.02733,54.3,0.1649,0.2308,ns
M3vsM4_24m,equal_width,Relative Disturbance,uWUE,Mid,35,-0.02973,57.1,0.1649,0.2308,ns
M3vsM4_24m,equal_width,Relative Disturbance,ETmax,Low,53,0.00065,47.2,0.8349,0.8595,ns
M3vsM4_24m,equal_width,Relative Disturbance,GPPsat,Low,53,-0.40658,66,0.003753,0.02189,*
M3vsM4_24m,equal_width,Relative Disturbance,NEPmax,Low,53,-0.5781,69.8,0.001951,0.01707,*
M3vsM4_24m,equal_width,Relative Disturbance,WUE,Low,53,-0.04427,62.3,0.01093,0.04036,*
M3vsM4_24m,equal_width,Relative Disturbance,uWUE,Low,53,-0.0503,62.3,0.04136,0.09047,ns
M3vsM4_24m,equal_width,Relative Disturbance,ETmax,High,5,0.00216,40,,,""
M3vsM4_24m,equal_width,Relative Disturbance,GPPsat,High,5,-1.41131,80,,,""
M3vsM4_24m,equal_width,Relative Disturbance,NEPmax,High,5,-1.01859,100,,,""
M3vsM4_24m,equal_width,Relative Disturbance,WUE,High,5,-0.20164,60,,,""
M3vsM4_24m,equal_width,Relative Disturbance,uWUE,High,5,-0.16242,60,,,""
M3vsM4_24m,natural_breaks,Absolute Mortality,ETmax,High,20,0.0019,40,0.6796,0.7112,ns
M3vsM4_24m,natural_breaks,Absolute Mortality,GPPsat,High,20,-0.62658,60,0.1706,0.2336,ns
M3vsM4_24m,natural_breaks,Absolute Mortality,NEPmax,High,20,-0.82192,75,0.03809,0.09318,ns
M3vsM4_24m,natural_breaks,Absolute Mortality,WUE,High,20,-0.00648,50,0.1902,0.2377,ns
M3vsM4_24m,natural_breaks,Absolute Mortality,uWUE,High,20,-0.05556,60,0.09253,0.1487,ns
M3vsM4_24m,natural_breaks,Absolute Mortality,ETmax,Mid,43,0.00012,48.8,0.5169,0.5673,ns
M3vsM4_24m,natural_breaks,Absolute Mortality,GPPsat,Mid,43,-0.56351,67.4,0.007738,0.04975,*
M3vsM4_24m,natural_breaks,Absolute Mortality,NEPmax,Mid,43,-0.59714,62.8,0.01335,0.06009,ns
M3vsM4_24m,natural_breaks,Absolute Mortality,WUE,Mid,43,-0.06724,60.5,0.03367,0.09318,ns
M3vsM4_24m,natural_breaks,Absolute Mortality,uWUE,Mid,43,-0.02109,58.1,0.1747,0.2336,ns
M3vsM4_24m,natural_breaks,Absolute Mortality,ETmax,Low,30,2e-05,50,0.5164,0.5673,ns
M3vsM4_24m,natural_breaks,Absolute Mortality,GPPsat,Low,30,-0.42735,66.7,0.007611,0.04975,*
M3vsM4_24m,natural_breaks,Absolute Mortality,NEPmax,Low,30,-0.5494,83.3,0.0008848,0.03982,*
M3vsM4_24m,natural_breaks,Absolute Mortality,WUE,Low,30,-0.04144,63.3,0.04202,0.09318,ns
M3vsM4_24m,natural_breaks,Absolute Mortality,uWUE,Low,30,-0.06025,63.3,0.064,0.1152,ns
M3vsM4_24m,natural_breaks,Relative Mortality,ETmax,High,26,0.00165,38.5,0.667,0.7112,ns
M3vsM4_24m,natural_breaks,Relative Mortality,GPPsat,High,26,-0.55952,65.4,0.03771,0.09318,ns
M3vsM4_24m,natural_breaks,Relative Mortality,NEPmax,High,26,-0.76087,69.2,0.04208,0.09318,ns
M3vsM4_24m,natural_breaks,Relative Mortality,WUE,High,26,-0.02407,53.8,0.1489,0.2233,ns
M3vsM4_24m,natural_breaks,Relative Mortality,uWUE,High,26,-0.03281,57.7,0.1021,0.1584,ns
M3vsM4_24m,natural_breaks,Relative Mortality,ETmax,Mid,32,-0.00046,56.2,0.1773,0.2336,ns
M3vsM4_24m,natural_breaks,Relative Mortality,GPPsat,Mid,32,-0.52168,62.5,0.05705,0.107,ns
M3vsM4_24m,natural_breaks,Relative Mortality,NEPmax,Mid,32,-0.5727,71.9,0.006968,0.04975,*
M3vsM4_24m,natural_breaks,Relative Mortality,WUE,Mid,32,-0.09096,59.4,0.04898,0.1002,ns
M3vsM4_24m,natural_breaks,Relative Mortality,uWUE,Mid,32,-0.02453,62.5,0.208,0.253,ns
M3vsM4_24m,natural_breaks,Relative Mortality,ETmax,Low,35,0.00076,45.7,0.8096,0.8096,ns
M3vsM4_24m,natural_breaks,Relative Mortality,GPPsat,Low,35,-0.52119,68.6,0.003888,0.04374,*
M3vsM4_24m,natural_breaks,Relative Mortality,NEPmax,Low,35,-0.6336,74.3,0.003039,0.04374,*
M3vsM4_24m,natural_breaks,Relative Mortality,WUE,Low,35,-0.03861,62.9,0.04348,0.09318,ns
M3vsM4_24m,natural_breaks,Relative Mortality,uWUE,Low,35,-0.06263,60,0.05699,0.107,ns
M3vsM4_24m,natural_breaks,Relative Disturbance,ETmax,Mid,35,-0.00028,51.4,0.4576,0.528,ns
M3vsM4_24m,natural_breaks,Relative Disturbance,GPPsat,Mid,35,-0.52119,65.7,0.04055,0.09318,ns
M3vsM4_24m,natural_breaks,Relative Disturbance,NEPmax,Mid,35,-0.62828,71.4,0.003703,0.04374,*
M3vsM4_24m,natural_breaks,Relative Disturbance,WUE,Mid,35,-0.06724,54.3,0.08069,0.1397,ns
M3vsM4_24m,natural_breaks,Relative Disturbance,uWUE,Mid,35,-0.02109,60,0.1817,0.2336,ns
M3vsM4_24m,natural_breaks,Relative Disturbance,ETmax,Low,35,0.00076,45.7,0.8096,0.8096,ns
M3vsM4_24m,natural_breaks,Relative Disturbance,GPPsat,Low,35,-0.3335,60,0.02421,0.09078,ns
M3vsM4_24m,natural_breaks,Relative Disturbance,NEPmax,Low,35,-0.5207,68.6,0.02329,0.09078,ns
M3vsM4_24m,natural_breaks,Relative Disturbance,WUE,Low,35,-0.04427,65.7,0.02926,0.09318,ns
M3vsM4_24m,natural_breaks,Relative Disturbance,uWUE,Low,35,-0.06263,60,0.1569,0.2277,ns
M3vsM4_24m,natural_breaks,Relative Disturbance,ETmax,High,23,0.00045,43.5,0.3633,0.4302,ns
M3vsM4_24m,natural_breaks,Relative Disturbance,GPPsat,High,23,-0.66847,73.9,0.009208,0.04995,*
M3vsM4_24m,natural_breaks,Relative Disturbance,NEPmax,High,23,-0.82258,78.3,0.009989,0.04995,*
M3vsM4_24m,natural_breaks,Relative Disturbance,WUE,High,23,-0.02733,56.5,0.08795,0.1466,ns
M3vsM4_24m,natural_breaks,Relative Disturbance,uWUE,High,23,-0.0359,60.9,0.04016,0.09318,ns
M5vsM6_raw_12m,tertiles,Absolute Mortality,ETmax,High,31,2e-04,41.9,0.6193,0.9636,ns
M5vsM6_raw_12m,tertiles,Absolute Mortality,GPPsat,High,31,0.0247,41.9,0.5429,0.9636,ns
M5vsM6_raw_12m,tertiles,Absolute Mortality,NEPmax,High,31,-0.10663,61.3,0.1299,0.7117,ns
M5vsM6_raw_12m,tertiles,Absolute Mortality,WUE,High,31,-0.02164,54.8,0.4727,0.9636,ns
M5vsM6_raw_12m,tertiles,Absolute Mortality,uWUE,High,31,0.00073,48.4,0.4416,0.9636,ns
M5vsM6_raw_12m,tertiles,Absolute Mortality,ETmax,Mid,31,0.00032,45.2,0.803,0.9636,ns
M5vsM6_raw_12m,tertiles,Absolute Mortality,GPPsat,Mid,31,0.08267,35.5,0.8137,0.9636,ns
M5vsM6_raw_12m,tertiles,Absolute Mortality,NEPmax,Mid,31,-0.01291,51.6,0.2372,0.7117,ns
M5vsM6_raw_12m,tertiles,Absolute Mortality,WUE,Mid,31,0.02393,48.4,0.5273,0.9636,ns
M5vsM6_raw_12m,tertiles,Absolute Mortality,uWUE,Mid,31,0.01206,35.5,0.9531,0.9744,ns
M5vsM6_raw_12m,tertiles,Absolute Mortality,ETmax,Low,31,-0.00116,61.3,0.1299,0.7117,ns
M5vsM6_raw_12m,tertiles,Absolute Mortality,GPPsat,Low,31,-0.06076,54.8,0.2025,0.7117,ns
M5vsM6_raw_12m,tertiles,Absolute Mortality,NEPmax,Low,31,-0.11963,67.7,0.03972,0.5959,ns
M5vsM6_raw_12m,tertiles,Absolute Mortality,WUE,Low,31,0.01941,48.4,0.705,0.9636,ns
M5vsM6_raw_12m,tertiles,Absolute Mortality,uWUE,Low,31,0.00415,45.2,0.5507,0.9636,ns
M5vsM6_raw_12m,tertiles,Relative Mortality,ETmax,High,31,0.00109,32.3,0.9665,0.9744,ns
M5vsM6_raw_12m,tertiles,Relative Mortality,GPPsat,High,31,0.05355,32.3,0.7315,0.9636,ns
M5vsM6_raw_12m,tertiles,Relative Mortality,NEPmax,High,31,-0.0785,58.1,0.1916,0.7117,ns
M5vsM6_raw_12m,tertiles,Relative Mortality,WUE,High,31,0.02393,45.2,0.8137,0.9636,ns
M5vsM6_raw_12m,tertiles,Relative Mortality,uWUE,High,31,0.0019,45.2,0.7975,0.9636,ns
M5vsM6_raw_12m,tertiles,Relative Mortality,ETmax,Mid,31,-0.00036,51.6,0.1612,0.7117,ns
M5vsM6_raw_12m,tertiles,Relative Mortality,GPPsat,Mid,31,-0.00092,51.6,0.7184,0.9636,ns
M5vsM6_raw_12m,tertiles,Relative Mortality,NEPmax,Mid,31,0.09435,45.2,0.5117,0.9636,ns
M5vsM6_raw_12m,tertiles,Relative Mortality,WUE,Mid,31,-0.01732,54.8,0.3512,0.8317,ns
M5vsM6_raw_12m,tertiles,Relative Mortality,uWUE,Mid,31,0.00415,38.7,0.7505,0.9636,ns
M5vsM6_raw_12m,tertiles,Relative Mortality,ETmax,Low,31,-0.00034,64.5,0.1916,0.7117,ns
M5vsM6_raw_12m,tertiles,Relative Mortality,GPPsat,Low,31,0.0172,48.4,0.1863,0.7117,ns
M5vsM6_raw_12m,tertiles,Relative Mortality,NEPmax,Low,31,-0.30982,77.4,0.001697,0.07045,ns
M5vsM6_raw_12m,tertiles,Relative Mortality,WUE,Low,31,-0.01772,51.6,0.5738,0.9636,ns
M5vsM6_raw_12m,tertiles,Relative Mortality,uWUE,Low,31,0.00951,45.2,0.725,0.9636,ns
M5vsM6_raw_12m,tertiles,Relative Disturbance,ETmax,High,31,0.00051,35.5,0.9194,0.9744,ns
M5vsM6_raw_12m,tertiles,Relative Disturbance,GPPsat,High,31,0.14388,32.3,0.8821,0.9744,ns
M5vsM6_raw_12m,tertiles,Relative Disturbance,NEPmax,High,31,-0.10663,58.1,0.1612,0.7117,ns
M5vsM6_raw_12m,tertiles,Relative Disturbance,WUE,High,31,0.03133,41.9,0.8436,0.9733,ns
M5vsM6_raw_12m,tertiles,Relative Disturbance,uWUE,High,31,0.02158,32.3,0.9744,0.9744,ns
M5vsM6_raw_12m,tertiles,Relative Disturbance,ETmax,Mid,31,-0.00028,51.6,0.2137,0.7117,ns
M5vsM6_raw_12m,tertiles,Relative Disturbance,GPPsat,Mid,31,-0.00092,51.6,0.295,0.7808,ns
M5vsM6_raw_12m,tertiles,Relative Disturbance,NEPmax,Mid,31,0.09435,48.4,0.6268,0.9636,ns
M5vsM6_raw_12m,tertiles,Relative Disturbance,WUE,Mid,31,-0.03394,61.3,0.2253,0.7117,ns
M5vsM6_raw_12m,tertiles,Relative Disturbance,uWUE,Mid,31,-0.01091,58.1,0.05512,0.6201,ns
M5vsM6_raw_12m,tertiles,Relative Disturbance,ETmax,Low,31,-0.00034,61.3,0.3156,0.7889,ns
M5vsM6_raw_12m,tertiles,Relative Disturbance,GPPsat,Low,31,0.0172,48.4,0.2558,0.7193,ns
M5vsM6_raw_12m,tertiles,Relative Disturbance,NEPmax,Low,31,-0.30982,74.2,0.003131,0.07045,ns
M5vsM6_raw_12m,tertiles,Relative Disturbance,WUE,Low,31,0.01941,48.4,0.6982,0.9636,ns
M5vsM6_raw_12m,tertiles,Relative Disturbance,uWUE,Low,31,0.01206,38.7,0.9223,0.9744,ns
M5vsM6_raw_12m,equal_width,Absolute Mortality,ETmax,Mid,35,2e-04,40,0.7027,0.963,ns
M5vsM6_raw_12m,equal_width,Absolute Mortality,GPPsat,Mid,35,0.08267,37.1,0.9007,0.963,ns
M5vsM6_raw_12m,equal_width,Absolute Mortality,NEPmax,Mid,35,-0.02451,51.4,0.4446,0.9416,ns
M5vsM6_raw_12m,equal_width,Absolute Mortality,WUE,Mid,35,-0.00102,51.4,0.6738,0.963,ns
M5vsM6_raw_12m,equal_width,Absolute Mortality,uWUE,Mid,35,0.01117,37.1,0.8919,0.963,ns
M5vsM6_raw_12m,equal_width,Absolute Mortality,ETmax,Low,53,-0.00028,56.6,0.2855,0.9084,ns
M5vsM6_raw_12m,equal_width,Absolute Mortality,GPPsat,Low,53,0.0172,49.1,0.1904,0.9084,ns
M5vsM6_raw_12m,equal_width,Absolute Mortality,NEPmax,Low,53,-0.14123,64.2,0.01438,0.3002,ns
M5vsM6_raw_12m,equal_width,Absolute Mortality,WUE,Low,53,-0.01732,50.9,0.4929,0.9416,ns
M5vsM6_raw_12m,equal_width,Absolute Mortality,uWUE,Low,53,0.00415,43.4,0.7578,0.963,ns
M5vsM6_raw_12m,equal_width,Absolute Mortality,ETmax,High,5,0.00187,40,,,""
M5vsM6_raw_12m,equal_width,Absolute Mortality,GPPsat,High,5,0.03002,40,,,""
M5vsM6_raw_12m,equal_width,Absolute Mortality,NEPmax,High,5,-0.58697,80,,,""
M5vsM6_raw_12m,equal_width,Absolute Mortality,WUE,High,5,0.03275,40,,,""
M5vsM6_raw_12m,equal_width,Absolute Mortality,uWUE,High,5,-0.03181,80,,,""
M5vsM6_raw_12m,equal_width,Relative Mortality,ETmax,Mid,33,0.00071,33.3,0.9499,0.963,ns
M5vsM6_raw_12m,equal_width,Relative Mortality,GPPsat,Mid,33,0.03262,42.4,0.5918,0.9416,ns
M5vsM6_raw_12m,equal_width,Relative Mortality,NEPmax,Mid,33,-0.04229,54.5,0.3943,0.9416,ns
M5vsM6_raw_12m,equal_width,Relative Mortality,WUE,Mid,33,0.02393,45.5,0.8236,0.963,ns
M5vsM6_raw_12m,equal_width,Relative Mortality,uWUE,Mid,33,0.01567,33.3,0.963,0.963,ns
M5vsM6_raw_12m,equal_width,Relative Mortality,ETmax,Low,53,-0.00116,62.3,0.08363,0.7318,ns
M5vsM6_raw_12m,equal_width,Relative Mortality,GPPsat,Low,53,0.0172,49.1,0.3195,0.9318,ns
M5vsM6_raw_12m,equal_width,Relative Mortality,NEPmax,Low,53,-0.11963,62.3,0.02177,0.3002,ns
M5vsM6_raw_12m,equal_width,Relative Mortality,WUE,Low,53,-0.01732,52.8,0.5035,0.9416,ns
M5vsM6_raw_12m,equal_width,Relative Mortality,uWUE,Low,53,0.00415,45.3,0.5703,0.9416,ns
M5vsM6_raw_12m,equal_width,Relative Mortality,ETmax,High,7,2e-04,28.6,0.7766,0.963,ns
M5vsM6_raw_12m,equal_width,Relative Mortality,GPPsat,High,7,0.05355,14.3,0.9246,0.963,ns
M5vsM6_raw_12m,equal_width,Relative Mortality,NEPmax,High,7,-0.58697,71.4,0.1763,0.9084,ns
M5vsM6_raw_12m,equal_width,Relative Mortality,WUE,High,7,-0.05432,57.1,0.3999,0.9416,ns
M5vsM6_raw_12m,equal_width,Relative Mortality,uWUE,High,7,-0.01692,71.4,0.2771,0.9084,ns
M5vsM6_raw_12m,equal_width,Relative Disturbance,ETmax,Mid,35,0.00032,42.9,0.5811,0.9416,ns
M5vsM6_raw_12m,equal_width,Relative Disturbance,GPPsat,Mid,35,0.08267,37.1,0.8051,0.963,ns
M5vsM6_raw_12m,equal_width,Relative Disturbance,NEPmax,Mid,35,-0.0785,57.1,0.1904,0.9084,ns
M5vsM6_raw_12m,equal_width,Relative Disturbance,WUE,Mid,35,0.02393,45.7,0.8508,0.963,ns
M5vsM6_raw_12m,equal_width,Relative Disturbance,uWUE,Mid,35,0.01567,34.3,0.9595,0.963,ns
M5vsM6_raw_12m,equal_width,Relative Disturbance,ETmax,Low,53,-0.00034,56.6,0.2825,0.9084,ns
M5vsM6_raw_12m,equal_width,Relative Disturbance,GPPsat,Low,53,-0.00092,50.9,0.2077,0.9084,ns
M5vsM6_raw_12m,equal_width,Relative Disturbance,NEPmax,Low,53,-0.11963,62.3,0.02573,0.3002,ns
M5vsM6_raw_12m,equal_width,Relative Disturbance,WUE,Low,53,-0.01732,52.8,0.4647,0.9416,ns
M5vsM6_raw_12m,equal_width,Relative Disturbance,uWUE,Low,53,0.00279,45.3,0.591,0.9416,ns
M5vsM6_raw_12m,equal_width,Relative Disturbance,ETmax,High,5,2e-04,20,,,""
M5vsM6_raw_12m,equal_width,Relative Disturbance,GPPsat,High,5,0.05355,20,,,""
M5vsM6_raw_12m,equal_width,Relative Disturbance,NEPmax,High,5,-0.10663,60,,,""
M5vsM6_raw_12m,equal_width,Relative Disturbance,WUE,High,5,-0.05432,60,,,""
M5vsM6_raw_12m,equal_width,Relative Disturbance,uWUE,High,5,-0.01692,80,,,""
M5vsM6_raw_12m,natural_breaks,Absolute Mortality,ETmax,High,20,0.00051,40,0.7186,0.9556,ns
M5vsM6_raw_12m,natural_breaks,Absolute Mortality,GPPsat,High,20,0.02736,40,0.3338,0.8132,ns
M5vsM6_raw_12m,natural_breaks,Absolute Mortality,NEPmax,High,20,-0.07446,55,0.3614,0.8132,ns
M5vsM6_raw_12m,natural_breaks,Absolute Mortality,WUE,High,20,0.01916,45,0.6525,0.9556,ns
M5vsM6_raw_12m,natural_breaks,Absolute Mortality,uWUE,High,20,-0.00913,55,0.1902,0.8132,ns
M5vsM6_raw_12m,natural_breaks,Absolute Mortality,ETmax,Mid,43,0.00027,44.2,0.733,0.9556,ns
M5vsM6_raw_12m,natural_breaks,Absolute Mortality,GPPsat,Mid,43,0.05609,39.5,0.8546,0.9556,ns
M5vsM6_raw_12m,natural_breaks,Absolute Mortality,NEPmax,Mid,43,-0.0785,58.1,0.09106,0.7458,ns
M5vsM6_raw_12m,natural_breaks,Absolute Mortality,WUE,Mid,43,-0.01796,55.8,0.3608,0.8132,ns
M5vsM6_raw_12m,natural_breaks,Absolute Mortality,uWUE,Mid,43,0.01206,34.9,0.9751,0.9949,ns
M5vsM6_raw_12m,natural_breaks,Absolute Mortality,ETmax,Low,30,-0.00146,63.3,0.1205,0.7458,ns
M5vsM6_raw_12m,natural_breaks,Absolute Mortality,GPPsat,Low,30,-0.03828,53.3,0.2754,0.8132,ns
M5vsM6_raw_12m,natural_breaks,Absolute Mortality,NEPmax,Low,30,-0.13043,66.7,0.04202,0.6303,ns
M5vsM6_raw_12m,natural_breaks,Absolute Mortality,WUE,Low,30,0.01955,46.7,0.7246,0.9556,ns
M5vsM6_raw_12m,natural_breaks,Absolute Mortality,uWUE,Low,30,0.00347,46.7,0.5082,0.9148,ns
M5vsM6_raw_12m,natural_breaks,Relative Mortality,ETmax,High,26,0.00126,30.8,0.9747,0.9949,ns
M5vsM6_raw_12m,natural_breaks,Relative Mortality,GPPsat,High,26,0.04308,30.8,0.7918,0.9556,ns
M5vsM6_raw_12m,natural_breaks,Relative Mortality,NEPmax,High,26,-0.0276,53.8,0.2796,0.8132,ns
M5vsM6_raw_12m,natural_breaks,Relative Mortality,WUE,High,26,0.03204,38.5,0.8452,0.9556,ns
M5vsM6_raw_12m,natural_breaks,Relative Mortality,uWUE,High,26,0.01342,38.5,0.8837,0.9556,ns
M5vsM6_raw_12m,natural_breaks,Relative Mortality,ETmax,Mid,32,-0.00015,50,0.129,0.7458,ns
M5vsM6_raw_12m,natural_breaks,Relative Mortality,GPPsat,Mid,32,0.02661,46.9,0.7466,0.9556,ns
M5vsM6_raw_12m,natural_breaks,Relative Mortality,NEPmax,Mid,32,0.03492,50,0.459,0.8981,ns
M5vsM6_raw_12m,natural_breaks,Relative Mortality,WUE,Mid,32,-0.0198,59.4,0.3302,0.8132,ns
M5vsM6_raw_12m,natural_breaks,Relative Mortality,uWUE,Mid,32,0.00015,50,0.4814,0.9025,ns
M5vsM6_raw_12m,natural_breaks,Relative Mortality,ETmax,Low,35,-0.00034,62.9,0.2588,0.8132,ns
M5vsM6_raw_12m,natural_breaks,Relative Mortality,GPPsat,Low,35,-0.00693,51.4,0.1492,0.7458,ns
M5vsM6_raw_12m,natural_breaks,Relative Mortality,NEPmax,Low,35,-0.25199,74.3,0.002361,0.05312,ns
M5vsM6_raw_12m,natural_breaks,Relative Mortality,WUE,Low,35,-0.01772,51.4,0.5811,0.9556,ns
M5vsM6_raw_12m,natural_breaks,Relative Mortality,uWUE,Low,35,0.00951,40,0.8051,0.9556,ns
M5vsM6_raw_12m,natural_breaks,Relative Disturbance,ETmax,Mid,35,-0.00108,57.1,0.08069,0.7458,ns
M5vsM6_raw_12m,natural_breaks,Relative Disturbance,GPPsat,Mid,35,-0.00092,51.4,0.286,0.8132,ns
M5vsM6_raw_12m,natural_breaks,Relative Disturbance,NEPmax,Mid,35,0.21887,48.6,0.7412,0.9556,ns
M5vsM6_raw_12m,natural_breaks,Relative Disturbance,WUE,Mid,35,-0.03322,60,0.2588,0.8132,ns
M5vsM6_raw_12m,natural_breaks,Relative Disturbance,uWUE,Mid,35,0.00172,45.7,0.3872,0.8297,ns
M5vsM6_raw_12m,natural_breaks,Relative Disturbance,ETmax,Low,35,-0.00034,60,0.2973,0.8132,ns
M5vsM6_raw_12m,natural_breaks,Relative Disturbance,GPPsat,Low,35,0.02855,45.7,0.4125,0.8438,ns
M5vsM6_raw_12m,natural_breaks,Relative Disturbance,NEPmax,Low,35,-0.30982,71.4,0.001921,0.05312,ns
M5vsM6_raw_12m,natural_breaks,Relative Disturbance,WUE,Low,35,0.01941,48.6,0.6913,0.9556,ns
M5vsM6_raw_12m,natural_breaks,Relative Disturbance,uWUE,Low,35,0.01097,42.9,0.8919,0.9556,ns
M5vsM6_raw_12m,natural_breaks,Relative Disturbance,ETmax,High,23,0.00134,21.7,0.9949,0.9949,ns
M5vsM6_raw_12m,natural_breaks,Relative Disturbance,GPPsat,High,23,0.14388,30.4,0.831,0.9556,ns
M5vsM6_raw_12m,natural_breaks,Relative Disturbance,NEPmax,High,23,-0.10663,60.9,0.1335,0.7458,ns
M5vsM6_raw_12m,natural_breaks,Relative Disturbance,WUE,High,23,0.03275,39.1,0.8665,0.9556,ns
M5vsM6_raw_12m,natural_breaks,Relative Disturbance,uWUE,High,23,0.01117,39.1,0.853,0.9556,ns
M5vsM6_raw_24m,tertiles,Absolute Mortality,ETmax,High,31,8e-04,45.2,0.8701,0.955,ns
M5vsM6_raw_24m,tertiles,Absolute Mortality,GPPsat,High,31,0.0283,48.4,0.4805,0.8392,ns
M5vsM6_raw_24m,tertiles,Absolute Mortality,NEPmax,High,31,-0.1405,61.3,0.1067,0.7408,ns
M5vsM6_raw_24m,tertiles,Absolute Mortality,WUE,High,31,-0.0256,58.1,0.06441,0.7247,ns
M5vsM6_raw_24m,tertiles,Absolute Mortality,uWUE,High,31,-0.00196,54.8,0.3296,0.8392,ns
M5vsM6_raw_24m,tertiles,Absolute Mortality,ETmax,Mid,31,0.00052,32.3,0.8933,0.9571,ns
M5vsM6_raw_24m,tertiles,Absolute Mortality,GPPsat,Mid,31,0.06406,41.9,0.6844,0.8813,ns
M5vsM6_raw_24m,tertiles,Absolute Mortality,NEPmax,Mid,31,-0.03085,58.1,0.2883,0.8392,ns
M5vsM6_raw_24m,tertiles,Absolute Mortality,WUE,Mid,31,0.00823,45.2,0.5661,0.8392,ns
M5vsM6_raw_24m,tertiles,Absolute Mortality,uWUE,Mid,31,0.00584,41.9,0.834,0.9382,ns
M5vsM6_raw_24m,tertiles,Absolute Mortality,ETmax,Low,31,4e-05,48.4,0.3368,0.8392,ns
M5vsM6_raw_24m,tertiles,Absolute Mortality,GPPsat,Low,31,0.00451,48.4,0.4649,0.8392,ns
M5vsM6_raw_24m,tertiles,Absolute Mortality,NEPmax,Low,31,-0.13387,61.3,0.08355,0.7408,ns
M5vsM6_raw_24m,tertiles,Absolute Mortality,WUE,Low,31,-0.01621,58.1,0.5273,0.8392,ns
M5vsM6_raw_24m,tertiles,Absolute Mortality,uWUE,Low,31,-0.00508,54.8,0.4493,0.8392,ns
M5vsM6_raw_24m,tertiles,Relative Mortality,ETmax,High,31,0.00109,25.8,0.996,0.996,ns
M5vsM6_raw_24m,tertiles,Relative Mortality,GPPsat,High,31,0.06406,41.9,0.6914,0.8813,ns
M5vsM6_raw_24m,tertiles,Relative Mortality,NEPmax,High,31,-0.1405,58.1,0.1811,0.7408,ns
M5vsM6_raw_24m,tertiles,Relative Mortality,WUE,High,31,-0.00771,51.6,0.2558,0.8392,ns
M5vsM6_raw_24m,tertiles,Relative Mortality,uWUE,High,31,3e-04,48.4,0.5507,0.8392,ns
M5vsM6_raw_24m,tertiles,Relative Mortality,ETmax,Mid,31,-0.00033,54.8,0.1472,0.7408,ns
M5vsM6_raw_24m,tertiles,Relative Mortality,GPPsat,Mid,31,0.04107,45.2,0.7747,0.9174,ns
M5vsM6_raw_24m,tertiles,Relative Mortality,NEPmax,Mid,31,0.01512,48.4,0.5968,0.8392,ns
M5vsM6_raw_24m,tertiles,Relative Mortality,WUE,Mid,31,-0.00746,54.8,0.4185,0.8392,ns
M5vsM6_raw_24m,tertiles,Relative Mortality,uWUE,Mid,31,-0.00818,58.1,0.4185,0.8392,ns
M5vsM6_raw_24m,tertiles,Relative Mortality,ETmax,Low,31,7e-05,45.2,0.5968,0.8392,ns
M5vsM6_raw_24m,tertiles,Relative Mortality,GPPsat,Low,31,-0.02957,51.6,0.1709,0.7408,ns
M5vsM6_raw_24m,tertiles,Relative Mortality,NEPmax,Low,31,-0.31407,74.2,0.003962,0.1783,ns
M5vsM6_raw_24m,tertiles,Relative Mortality,WUE,Low,31,-0.01249,54.8,0.3881,0.8392,ns
M5vsM6_raw_24m,tertiles,Relative Mortality,uWUE,Low,31,0.00672,45.2,0.705,0.8813,ns
M5vsM6_raw_24m,tertiles,Relative Disturbance,ETmax,High,31,0.00082,32.3,0.9824,0.996,ns
M5vsM6_raw_24m,tertiles,Relative Disturbance,GPPsat,High,31,0.15894,38.7,0.824,0.9382,ns
M5vsM6_raw_24m,tertiles,Relative Disturbance,NEPmax,High,31,-0.19876,61.3,0.1179,0.7408,ns
M5vsM6_raw_24m,tertiles,Relative Disturbance,WUE,High,31,-0.00771,51.6,0.3585,0.8392,ns
M5vsM6_raw_24m,tertiles,Relative Disturbance,uWUE,High,31,0.00355,45.2,0.7747,0.9174,ns
M5vsM6_raw_24m,tertiles,Relative Disturbance,ETmax,Mid,31,-4e-05,51.6,0.3881,0.8392,ns
M5vsM6_raw_24m,tertiles,Relative Disturbance,GPPsat,Mid,31,0.00451,48.4,0.3957,0.8392,ns
M5vsM6_raw_24m,tertiles,Relative Disturbance,NEPmax,Mid,31,0.01512,48.4,0.6632,0.8813,ns
M5vsM6_raw_24m,tertiles,Relative Disturbance,WUE,Mid,31,-0.01621,58.1,0.166,0.7408,ns
M5vsM6_raw_24m,tertiles,Relative Disturbance,uWUE,Mid,31,-0.01228,64.5,0.05734,0.7247,ns
M5vsM6_raw_24m,tertiles,Relative Disturbance,ETmax,Low,31,0.00078,41.9,0.5584,0.8392,ns
M5vsM6_raw_24m,tertiles,Relative Disturbance,GPPsat,Low,31,-0.02957,51.6,0.275,0.8392,ns
M5vsM6_raw_24m,tertiles,Relative Disturbance,NEPmax,Low,31,-0.24322,71,0.008185,0.1842,ns
M5vsM6_raw_24m,tertiles,Relative Disturbance,WUE,Low,31,-0.00746,51.6,0.5738,0.8392,ns
M5vsM6_raw_24m,tertiles,Relative Disturbance,uWUE,Low,31,0.0082,41.9,0.9223,0.9652,ns
M5vsM6_raw_24m,equal_width,Absolute Mortality,ETmax,Mid,35,0.00052,42.9,0.8792,0.9309,ns
M5vsM6_raw_24m,equal_width,Absolute Mortality,GPPsat,Mid,35,0.17069,37.1,0.9309,0.9309,ns
M5vsM6_raw_24m,equal_width,Absolute Mortality,NEPmax,Mid,35,-0.03085,51.4,0.4382,0.7336,ns
M5vsM6_raw_24m,equal_width,Absolute Mortality,WUE,Mid,35,-0.00277,51.4,0.2381,0.7336,ns
M5vsM6_raw_24m,equal_width,Absolute Mortality,uWUE,Mid,35,0.00671,45.7,0.7195,0.9309,ns
M5vsM6_raw_24m,equal_width,Absolute Mortality,ETmax,Low,53,0.00018,43.4,0.591,0.8619,ns
M5vsM6_raw_24m,equal_width,Absolute Mortality,GPPsat,Low,53,-0.02435,50.9,0.2367,0.7336,ns
M5vsM6_raw_24m,equal_width,Absolute Mortality,NEPmax,Low,53,-0.13387,64.2,0.02627,0.6967,ns
M5vsM6_raw_24m,equal_width,Absolute Mortality,WUE,Low,53,-0.01249,56.6,0.2648,0.7336,ns
M5vsM6_raw_24m,equal_width,Absolute Mortality,uWUE,Low,53,-0.00023,50.9,0.5141,0.8179,ns
M5vsM6_raw_24m,equal_width,Absolute Mortality,ETmax,High,5,0.00109,20,,,""
M5vsM6_raw_24m,equal_width,Absolute Mortality,GPPsat,High,5,-0.27239,60,,,""
M5vsM6_raw_24m,equal_width,Absolute Mortality,NEPmax,High,5,-0.43406,80,,,""
M5vsM6_raw_24m,equal_width,Absolute Mortality,WUE,High,5,0.00774,40,,,""
M5vsM6_raw_24m,equal_width,Absolute Mortality,uWUE,High,5,-0.01316,80,,,""
M5vsM6_raw_24m,equal_width,Relative Mortality,ETmax,Mid,33,0.00064,39.4,0.9236,0.9309,ns
M5vsM6_raw_24m,equal_width,Relative Mortality,GPPsat,Mid,33,0.00471,48.5,0.5639,0.8581,ns
M5vsM6_raw_24m,equal_width,Relative Mortality,NEPmax,Mid,33,-0.06413,54.5,0.3275,0.7336,ns
M5vsM6_raw_24m,equal_width,Relative Mortality,WUE,Mid,33,-0.00771,51.5,0.2718,0.7336,ns
M5vsM6_raw_24m,equal_width,Relative Mortality,uWUE,Mid,33,0.00796,39.4,0.9039,0.9309,ns
M5vsM6_raw_24m,equal_width,Relative Mortality,ETmax,Low,53,7e-05,47.2,0.3919,0.7336,ns
M5vsM6_raw_24m,equal_width,Relative Mortality,GPPsat,Low,53,0.0283,47.2,0.4193,0.7336,ns
M5vsM6_raw_24m,equal_width,Relative Mortality,NEPmax,Low,53,-0.10323,62.3,0.03981,0.6967,ns
M5vsM6_raw_24m,equal_width,Relative Mortality,WUE,Low,53,-0.00746,54.7,0.3919,0.7336,ns
M5vsM6_raw_24m,equal_width,Relative Mortality,uWUE,Low,53,-0.00508,54.7,0.3919,0.7336,ns
M5vsM6_raw_24m,equal_width,Relative Mortality,ETmax,High,7,0.00252,14.3,0.8976,0.9309,ns
M5vsM6_raw_24m,equal_width,Relative Mortality,GPPsat,High,7,0.15894,28.6,0.8237,0.9309,ns
M5vsM6_raw_24m,equal_width,Relative Mortality,NEPmax,High,7,-0.1405,71.4,0.1763,0.7336,ns
M5vsM6_raw_24m,equal_width,Relative Mortality,WUE,High,7,-0.0256,57.1,0.3999,0.7336,ns
M5vsM6_raw_24m,equal_width,Relative Mortality,uWUE,High,7,-0.02546,71.4,0.1024,0.7336,ns
M5vsM6_raw_24m,equal_width,Relative Disturbance,ETmax,Mid,35,0.00044,45.7,0.6253,0.8754,ns
M5vsM6_raw_24m,equal_width,Relative Disturbance,GPPsat,Mid,35,0.04968,45.7,0.8051,0.9309,ns
M5vsM6_raw_24m,equal_width,Relative Disturbance,NEPmax,Mid,35,-0.20199,57.1,0.1112,0.7336,ns
M5vsM6_raw_24m,equal_width,Relative Disturbance,WUE,Mid,35,-0.00771,51.4,0.286,0.7336,ns
M5vsM6_raw_24m,equal_width,Relative Disturbance,uWUE,Mid,35,0.00796,40,0.8888,0.9309,ns
M5vsM6_raw_24m,equal_width,Relative Disturbance,ETmax,Low,53,0.00011,43.4,0.6962,0.9309,ns
M5vsM6_raw_24m,equal_width,Relative Disturbance,GPPsat,Low,53,0.0283,47.2,0.3258,0.7336,ns
M5vsM6_raw_24m,equal_width,Relative Disturbance,NEPmax,Low,53,-0.0637,62.3,0.07084,0.7336,ns
M5vsM6_raw_24m,equal_width,Relative Disturbance,WUE,Low,53,-0.00746,54.7,0.3683,0.7336,ns
M5vsM6_raw_24m,equal_width,Relative Disturbance,uWUE,Low,53,-0.00508,54.7,0.4402,0.7336,ns
M5vsM6_raw_24m,equal_width,Relative Disturbance,ETmax,High,5,0.00304,0,,,""
M5vsM6_raw_24m,equal_width,Relative Disturbance,GPPsat,High,5,0.07622,40,,,""
M5vsM6_raw_24m,equal_width,Relative Disturbance,NEPmax,High,5,-0.07184,60,,,""
M5vsM6_raw_24m,equal_width,Relative Disturbance,WUE,High,5,-0.0256,60,,,""
M5vsM6_raw_24m,equal_width,Relative Disturbance,uWUE,High,5,-0.03931,80,,,""
M5vsM6_raw_24m,natural_breaks,Absolute Mortality,ETmax,High,20,0.00105,35,0.8563,0.9348,ns
M5vsM6_raw_24m,natural_breaks,Absolute Mortality,GPPsat,High,20,-0.12381,55,0.2333,0.7158,ns
M5vsM6_raw_24m,natural_breaks,Absolute Mortality,NEPmax,High,20,-0.16963,65,0.3204,0.8009,ns
M5vsM6_raw_24m,natural_breaks,Absolute Mortality,WUE,High,20,-0.00893,50,0.1706,0.7158,ns
M5vsM6_raw_24m,natural_breaks,Absolute Mortality,uWUE,High,20,-0.01272,65,0.0563,0.7158,ns
M5vsM6_raw_24m,natural_breaks,Absolute Mortality,ETmax,Mid,43,0.00044,41.9,0.8284,0.9348,ns
M5vsM6_raw_24m,natural_breaks,Absolute Mortality,GPPsat,Mid,43,0.04968,41.9,0.7638,0.9348,ns
M5vsM6_raw_24m,natural_breaks,Absolute Mortality,NEPmax,Mid,43,-0.06163,58.1,0.1102,0.7158,ns
M5vsM6_raw_24m,natural_breaks,Absolute Mortality,WUE,Mid,43,-0.00746,53.5,0.24,0.7158,ns
M5vsM6_raw_24m,natural_breaks,Absolute Mortality,uWUE,Mid,43,0.00796,39.5,0.9184,0.9612,ns
M5vsM6_raw_24m,natural_breaks,Absolute Mortality,ETmax,Low,30,7e-05,46.7,0.3633,0.817,ns
M5vsM6_raw_24m,natural_breaks,Absolute Mortality,GPPsat,Low,30,0.02671,46.7,0.5164,0.8299,ns
M5vsM6_raw_24m,natural_breaks,Absolute Mortality,NEPmax,Low,30,-0.16841,60,0.09402,0.7158,ns
M5vsM6_raw_24m,natural_breaks,Absolute Mortality,WUE,Low,30,-0.01435,56.7,0.5734,0.8324,ns
M5vsM6_raw_24m,natural_breaks,Absolute Mortality,uWUE,Low,30,-0.00634,56.7,0.4347,0.817,ns
M5vsM6_raw_24m,natural_breaks,Relative Mortality,ETmax,High,26,0.00105,26.9,0.9926,0.9926,ns
M5vsM6_raw_24m,natural_breaks,Relative Mortality,GPPsat,High,26,0.10225,42.3,0.6762,0.8694,ns
M5vsM6_raw_24m,natural_breaks,Relative Mortality,NEPmax,High,26,-0.10617,57.7,0.2385,0.7158,ns
M5vsM6_raw_24m,natural_breaks,Relative Mortality,WUE,High,26,-0.01627,53.8,0.2545,0.7158,ns
M5vsM6_raw_24m,natural_breaks,Relative Mortality,uWUE,High,26,3e-05,50,0.5405,0.8324,ns
M5vsM6_raw_24m,natural_breaks,Relative Mortality,ETmax,Mid,32,-0.00032,53.1,0.3507,0.817,ns
M5vsM6_raw_24m,natural_breaks,Relative Mortality,GPPsat,Mid,32,0.04538,43.8,0.7866,0.9348,ns
M5vsM6_raw_24m,natural_breaks,Relative Mortality,NEPmax,Mid,32,-0.00764,50,0.4888,0.817,ns
M5vsM6_raw_24m,natural_breaks,Relative Mortality,WUE,Mid,32,-0.01725,56.2,0.2244,0.7158,ns
M5vsM6_raw_24m,natural_breaks,Relative Mortality,uWUE,Mid,32,-0.01071,59.4,0.2416,0.7158,ns
M5vsM6_raw_24m,natural_breaks,Relative Mortality,ETmax,Low,35,1e-04,42.9,0.5939,0.8351,ns
M5vsM6_raw_24m,natural_breaks,Relative Mortality,GPPsat,Low,35,-0.02957,51.4,0.186,0.7158,ns
M5vsM6_raw_24m,natural_breaks,Relative Mortality,NEPmax,Low,35,-0.20295,71.4,0.007169,0.1613,ns
M5vsM6_raw_24m,natural_breaks,Relative Mortality,WUE,Low,35,-0.00026,51.4,0.5618,0.8324,ns
M5vsM6_raw_24m,natural_breaks,Relative Mortality,uWUE,Low,35,0.00689,42.9,0.831,0.9348,ns
M5vsM6_raw_24m,natural_breaks,Relative Disturbance,ETmax,Mid,35,4e-05,48.6,0.4317,0.817,ns
M5vsM6_raw_24m,natural_breaks,Relative Disturbance,GPPsat,Mid,35,-0.08486,57.1,0.1949,0.7158,ns
M5vsM6_raw_24m,natural_breaks,Relative Disturbance,NEPmax,Mid,35,0.01512,48.6,0.6498,0.8601,ns
M5vsM6_raw_24m,natural_breaks,Relative Disturbance,WUE,Mid,35,-0.01621,60,0.09643,0.7158,ns
M5vsM6_raw_24m,natural_breaks,Relative Disturbance,uWUE,Mid,35,-0.00761,54.3,0.2973,0.7868,ns
M5vsM6_raw_24m,natural_breaks,Relative Disturbance,ETmax,Low,35,0.00052,42.9,0.4837,0.817,ns
M5vsM6_raw_24m,natural_breaks,Relative Disturbance,GPPsat,Low,35,0.06082,45.7,0.4902,0.817,ns
M5vsM6_raw_24m,natural_breaks,Relative Disturbance,NEPmax,Low,35,-0.20295,71.4,0.004494,0.1613,ns
M5vsM6_raw_24m,natural_breaks,Relative Disturbance,WUE,Low,35,-0.00746,51.4,0.6128,0.8356,ns
M5vsM6_raw_24m,natural_breaks,Relative Disturbance,uWUE,Low,35,0.00672,45.7,0.8725,0.9348,ns
M5vsM6_raw_24m,natural_breaks,Relative Disturbance,ETmax,High,23,0.00109,30.4,0.99,0.9926,ns
M5vsM6_raw_24m,natural_breaks,Relative Disturbance,GPPsat,High,23,0.23826,30.4,0.8385,0.9348,ns
M5vsM6_raw_24m,natural_breaks,Relative Disturbance,NEPmax,High,23,-0.19876,60.9,0.1148,0.7158,ns
M5vsM6_raw_24m,natural_breaks,Relative Disturbance,WUE,High,23,0.00419,47.8,0.4818,0.817,ns
M5vsM6_raw_24m,natural_breaks,Relative Disturbance,uWUE,High,23,-0.00023,52.2,0.4456,0.817,ns
M5vsM6_anom_12m,tertiles,Absolute Mortality,ETmax,High,31,-0.00072,54.8,0.3658,0.4306,ns
M5vsM6_anom_12m,tertiles,Absolute Mortality,GPPsat,High,31,-0.23306,58.1,0.1258,0.2009,ns
M5vsM6_anom_12m,tertiles,Absolute Mortality,NEPmax,High,31,-0.79858,61.3,0.01757,0.06567,ns
M5vsM6_anom_12m,tertiles,Absolute Mortality,WUE,High,31,-0.09291,51.6,0.1179,0.1965,ns
M5vsM6_anom_12m,tertiles,Absolute Mortality,uWUE,High,31,-0.00074,51.6,0.2433,0.3302,ns
M5vsM6_anom_12m,tertiles,Absolute Mortality,ETmax,Mid,31,-0.00081,54.8,0.4571,0.5017,ns
M5vsM6_anom_12m,tertiles,Absolute Mortality,GPPsat,Mid,31,-1.00955,74.2,0.003524,0.04485,*
M5vsM6_anom_12m,tertiles,Absolute Mortality,NEPmax,Mid,31,-1.08748,74.2,0.02029,0.06567,ns
M5vsM6_anom_12m,tertiles,Absolute Mortality,WUE,Mid,31,-0.02501,61.3,0.1341,0.2009,ns
M5vsM6_anom_12m,tertiles,Absolute Mortality,uWUE,Mid,31,0.00598,48.4,0.3585,0.4306,ns
M5vsM6_anom_12m,tertiles,Absolute Mortality,ETmax,Low,31,-0.00129,58.1,0.275,0.3438,ns
M5vsM6_anom_12m,tertiles,Absolute Mortality,GPPsat,Low,31,-0.32826,61.3,0.04692,0.1041,ns
M5vsM6_anom_12m,tertiles,Absolute Mortality,NEPmax,Low,31,-1.0775,71,0.004984,0.04485,*
M5vsM6_anom_12m,tertiles,Absolute Mortality,WUE,Low,31,-0.0925,61.3,0.01444,0.06567,ns
M5vsM6_anom_12m,tertiles,Absolute Mortality,uWUE,Low,31,-0.04975,58.1,0.04692,0.1041,ns
M5vsM6_anom_12m,tertiles,Relative Mortality,ETmax,High,31,0.00059,45.2,0.7863,0.8042,ns
M5vsM6_anom_12m,tertiles,Relative Mortality,GPPsat,High,31,-0.46316,67.7,0.02229,0.06567,ns
M5vsM6_anom_12m,tertiles,Relative Mortality,NEPmax,High,31,-0.93421,64.5,0.01518,0.06567,ns
M5vsM6_anom_12m,tertiles,Relative Mortality,WUE,High,31,-0.00573,51.6,0.2495,0.3302,ns
M5vsM6_anom_12m,tertiles,Relative Mortality,uWUE,High,31,-0.00074,51.6,0.275,0.3438,ns
M5vsM6_anom_12m,tertiles,Relative Mortality,ETmax,Mid,31,-0.00111,61.3,0.08058,0.1451,ns
M5vsM6_anom_12m,tertiles,Relative Mortality,GPPsat,Mid,31,-0.22888,61.3,0.05089,0.1041,ns
M5vsM6_anom_12m,tertiles,Relative Mortality,NEPmax,Mid,31,-1.11155,71,0.01518,0.06567,ns
M5vsM6_anom_12m,tertiles,Relative Mortality,WUE,Mid,31,-0.12435,64.5,0.01674,0.06567,ns
M5vsM6_anom_12m,tertiles,Relative Mortality,uWUE,Mid,31,-0.00596,51.6,0.2372,0.3302,ns
M5vsM6_anom_12m,tertiles,Relative Mortality,ETmax,Low,31,-0.00159,61.3,0.3732,0.4306,ns
M5vsM6_anom_12m,tertiles,Relative Mortality,GPPsat,Low,31,-0.53369,64.5,0.02335,0.06567,ns
M5vsM6_anom_12m,tertiles,Relative Mortality,NEPmax,Low,31,-1.0775,71,0.004198,0.04485,*
M5vsM6_anom_12m,tertiles,Relative Mortality,WUE,Low,31,-0.0409,58.1,0.1299,0.2009,ns
M5vsM6_anom_12m,tertiles,Relative Mortality,uWUE,Low,31,-0.02463,54.8,0.08661,0.1499,ns
M5vsM6_anom_12m,tertiles,Relative Disturbance,ETmax,High,31,0.00118,41.9,0.8388,0.8388,ns
M5vsM6_anom_12m,tertiles,Relative Disturbance,GPPsat,High,31,-0.46316,64.5,0.04887,0.1041,ns
M5vsM6_anom_12m,tertiles,Relative Disturbance,NEPmax,High,31,-0.93421,61.3,0.02229,0.06567,ns
M5vsM6_anom_12m,tertiles,Relative Disturbance,WUE,High,31,0.04372,41.9,0.4883,0.511,ns
M5vsM6_anom_12m,tertiles,Relative Disturbance,uWUE,High,31,0.01783,45.2,0.4727,0.5064,ns
M5vsM6_anom_12m,tertiles,Relative Disturbance,ETmax,Mid,31,-0.0023,71,0.02931,0.07758,ns
M5vsM6_anom_12m,tertiles,Relative Disturbance,GPPsat,Mid,31,-0.22888,64.5,0.01518,0.06567,ns
M5vsM6_anom_12m,tertiles,Relative Disturbance,NEPmax,Mid,31,-1.07993,74.2,0.002047,0.04485,*
M5vsM6_anom_12m,tertiles,Relative Disturbance,WUE,Mid,31,-0.12435,67.7,0.004198,0.04485,*
M5vsM6_anom_12m,tertiles,Relative Disturbance,uWUE,Mid,31,-0.01798,54.8,0.1384,0.2009,ns
M5vsM6_anom_12m,tertiles,Relative Disturbance,ETmax,Low,31,-0.0013,54.8,0.4493,0.5017,ns
M5vsM6_anom_12m,tertiles,Relative Disturbance,GPPsat,Low,31,-0.78308,64.5,0.03807,0.09518,ns
M5vsM6_anom_12m,tertiles,Relative Disturbance,NEPmax,Low,31,-1.08748,71,0.01518,0.06567,ns
M5vsM6_anom_12m,tertiles,Relative Disturbance,WUE,Low,31,-0.0431,64.5,0.05963,0.1118,ns
M5vsM6_anom_12m,tertiles,Relative Disturbance,uWUE,Low,31,-0.04975,58.1,0.05734,0.1118,ns
M5vsM6_anom_12m,equal_width,Absolute Mortality,ETmax,Mid,35,0.00047,48.6,0.6315,0.669,ns
M5vsM6_anom_12m,equal_width,Absolute Mortality,GPPsat,Mid,35,-0.22888,60,0.08069,0.1569,ns
M5vsM6_anom_12m,equal_width,Absolute Mortality,NEPmax,Mid,35,-0.79858,65.7,0.0339,0.0698,ns
M5vsM6_anom_12m,equal_width,Absolute Mortality,WUE,Mid,35,-0.01365,57.1,0.1569,0.2496,ns
M5vsM6_anom_12m,equal_width,Absolute Mortality,uWUE,Mid,35,0.01735,48.6,0.3872,0.4827,ns
M5vsM6_anom_12m,equal_width,Absolute Mortality,ETmax,Low,53,-0.0013,60.4,0.1044,0.1826,ns
M5vsM6_anom_12m,equal_width,Absolute Mortality,GPPsat,Low,53,-0.94295,71.7,0.0004094,0.007165,**
M5vsM6_anom_12m,equal_width,Absolute Mortality,NEPmax,Low,53,-1.18737,73.6,0.0002203,0.007165,**
M5vsM6_anom_12m,equal_width,Absolute Mortality,WUE,Low,53,-0.06823,62.3,0.006272,0.03136,*
M5vsM6_anom_12m,equal_width,Absolute Mortality,uWUE,Low,53,-0.02463,56.6,0.02224,0.05559,ns
M5vsM6_anom_12m,equal_width,Absolute Mortality,ETmax,High,5,-6e-05,60,,,""
M5vsM6_anom_12m,equal_width,Absolute Mortality,GPPsat,High,5,0.52845,20,,,""
M5vsM6_anom_12m,equal_width,Absolute Mortality,NEPmax,High,5,0.2219,40,,,""
M5vsM6_anom_12m,equal_width,Absolute Mortality,WUE,High,5,0.04186,20,,,""
M5vsM6_anom_12m,equal_width,Absolute Mortality,uWUE,High,5,0.01783,40,,,""
M5vsM6_anom_12m,equal_width,Relative Mortality,ETmax,Mid,33,0.00059,48.5,0.5356,0.6047,ns
M5vsM6_anom_12m,equal_width,Relative Mortality,GPPsat,Mid,33,-0.46316,72.7,0.008741,0.03399,*
M5vsM6_anom_12m,equal_width,Relative Mortality,NEPmax,Mid,33,-0.93421,69.7,0.01674,0.04883,*
M5vsM6_anom_12m,equal_width,Relative Mortality,WUE,Mid,33,-0.00573,51.5,0.3943,0.4827,ns
M5vsM6_anom_12m,equal_width,Relative Mortality,uWUE,Mid,33,0.02474,45.5,0.6193,0.669,ns
M5vsM6_anom_12m,equal_width,Relative Mortality,ETmax,Low,53,-0.0013,62.3,0.1342,0.2237,ns
M5vsM6_anom_12m,equal_width,Relative Mortality,GPPsat,Low,53,-0.36198,62.3,0.007829,0.03399,*
M5vsM6_anom_12m,equal_width,Relative Mortality,NEPmax,Low,53,-1.08391,69.8,0.001128,0.009873,**
M5vsM6_anom_12m,equal_width,Relative Mortality,WUE,Low,53,-0.0925,64.2,0.002371,0.0166,*
M5vsM6_anom_12m,equal_width,Relative Mortality,uWUE,Low,53,-0.02936,56.6,0.02,0.05383,ns
M5vsM6_anom_12m,equal_width,Relative Mortality,ETmax,High,7,0.00047,42.9,0.7766,0.7766,ns
M5vsM6_anom_12m,equal_width,Relative Mortality,GPPsat,High,7,0.11002,42.9,0.3999,0.4827,ns
M5vsM6_anom_12m,equal_width,Relative Mortality,NEPmax,High,7,-1.54588,57.1,0.1024,0.1826,ns
M5vsM6_anom_12m,equal_width,Relative Mortality,WUE,High,7,0.03039,42.9,0.3999,0.4827,ns
M5vsM6_anom_12m,equal_width,Relative Mortality,uWUE,High,7,-0.03251,57.1,0.2234,0.3258,ns
M5vsM6_anom_12m,equal_width,Relative Disturbance,ETmax,Mid,35,0.00059,48.6,0.4641,0.5415,ns
M5vsM6_anom_12m,equal_width,Relative Disturbance,GPPsat,Mid,35,-0.46316,68.6,0.01069,0.03401,*
M5vsM6_anom_12m,equal_width,Relative Disturbance,NEPmax,Mid,35,-0.79858,62.9,0.03037,0.06643,ns
M5vsM6_anom_12m,equal_width,Relative Disturbance,WUE,Mid,35,0.03039,48.6,0.3624,0.4827,ns
M5vsM6_anom_12m,equal_width,Relative Disturbance,uWUE,Mid,35,0.02474,42.9,0.6498,0.669,ns
M5vsM6_anom_12m,equal_width,Relative Disturbance,ETmax,Low,53,-0.0013,62.3,0.188,0.2861,ns
M5vsM6_anom_12m,equal_width,Relative Disturbance,GPPsat,Low,53,-0.32826,62.3,0.01019,0.03401,*
M5vsM6_anom_12m,equal_width,Relative Disturbance,NEPmax,Low,53,-1.08391,71.7,0.0009726,0.009873,**
M5vsM6_anom_12m,equal_width,Relative Disturbance,WUE,Low,53,-0.08562,64.2,0.005125,0.02989,*
M5vsM6_anom_12m,equal_width,Relative Disturbance,uWUE,Low,53,-0.02463,56.6,0.02967,0.06643,ns
M5vsM6_anom_12m,equal_width,Relative Disturbance,ETmax,High,5,0.00047,40,,,""
M5vsM6_anom_12m,equal_width,Relative Disturbance,GPPsat,High,5,-1.74502,60,,,""
M5vsM6_anom_12m,equal_width,Relative Disturbance,NEPmax,High,5,-3.21336,80,,,""
M5vsM6_anom_12m,equal_width,Relative Disturbance,WUE,High,5,-0.12803,60,,,""
M5vsM6_anom_12m,equal_width,Relative Disturbance,uWUE,High,5,-0.19662,80,,,""
M5vsM6_anom_12m,natural_breaks,Absolute Mortality,ETmax,High,20,0.00021,50,0.4777,0.4999,ns
M5vsM6_anom_12m,natural_breaks,Absolute Mortality,GPPsat,High,20,-0.2404,60,0.2005,0.3111,ns
M5vsM6_anom_12m,natural_breaks,Absolute Mortality,NEPmax,High,20,-0.70185,55,0.06065,0.1131,ns
M5vsM6_anom_12m,natural_breaks,Absolute Mortality,WUE,High,20,0.04791,40,0.4333,0.4903,ns
M5vsM6_anom_12m,natural_breaks,Absolute Mortality,uWUE,High,20,0.01759,45,0.4041,0.4786,ns
M5vsM6_anom_12m,natural_breaks,Absolute Mortality,ETmax,Mid,43,-0.00117,58.1,0.3699,0.4756,ns
M5vsM6_anom_12m,natural_breaks,Absolute Mortality,GPPsat,Mid,43,-1.00955,69.8,0.002592,0.04622,*
M5vsM6_anom_12m,natural_breaks,Absolute Mortality,NEPmax,Mid,43,-1.08748,74.4,0.005327,0.04622,*
M5vsM6_anom_12m,natural_breaks,Absolute Mortality,WUE,Mid,43,-0.0431,62.8,0.04051,0.0953,ns
M5vsM6_anom_12m,natural_breaks,Absolute Mortality,uWUE,Mid,43,-0.00596,51.2,0.275,0.4071,ns
M5vsM6_anom_12m,natural_breaks,Absolute Mortality,ETmax,Low,30,-0.00127,56.7,0.3036,0.4139,ns
M5vsM6_anom_12m,natural_breaks,Absolute Mortality,GPPsat,Low,30,-0.30149,60,0.06661,0.1153,ns
M5vsM6_anom_12m,natural_breaks,Absolute Mortality,NEPmax,Low,30,-1.02674,70,0.00719,0.04622,*
M5vsM6_anom_12m,natural_breaks,Absolute Mortality,WUE,Low,30,-0.09948,63.3,0.01183,0.06656,ns
M5vsM6_anom_12m,natural_breaks,Absolute Mortality,uWUE,Low,30,-0.05303,60,0.03677,0.0953,ns
M5vsM6_anom_12m,natural_breaks,Relative Mortality,ETmax,High,26,0.00139,38.5,0.9024,0.9024,ns
M5vsM6_anom_12m,natural_breaks,Relative Mortality,GPPsat,High,26,-0.45727,65.4,0.07036,0.1173,ns
M5vsM6_anom_12m,natural_breaks,Relative Mortality,NEPmax,High,26,-0.79333,61.5,0.03567,0.0953,ns
M5vsM6_anom_12m,natural_breaks,Relative Mortality,WUE,High,26,0.03613,46.2,0.3998,0.4786,ns
M5vsM6_anom_12m,natural_breaks,Relative Mortality,uWUE,High,26,0.01759,46.2,0.3998,0.4786,ns
M5vsM6_anom_12m,natural_breaks,Relative Mortality,ETmax,Mid,32,-0.00142,68.8,0.02322,0.08036,ns
M5vsM6_anom_12m,natural_breaks,Relative Mortality,GPPsat,Mid,32,-0.32695,62.5,0.0194,0.07938,ns
M5vsM6_anom_12m,natural_breaks,Relative Mortality,NEPmax,Mid,32,-1.13045,71.9,0.006968,0.04622,*
M5vsM6_anom_12m,natural_breaks,Relative Mortality,WUE,Mid,32,-0.11369,62.5,0.02221,0.08036,ns
M5vsM6_anom_12m,natural_breaks,Relative Mortality,uWUE,Mid,32,-0.01197,53.1,0.3035,0.4139,ns
M5vsM6_anom_12m,natural_breaks,Relative Mortality,ETmax,Low,35,-0.0013,57.1,0.4511,0.4903,ns
M5vsM6_anom_12m,natural_breaks,Relative Mortality,GPPsat,Low,35,-0.53369,65.7,0.02516,0.08086,ns
M5vsM6_anom_12m,natural_breaks,Relative Mortality,NEPmax,Low,35,-1.08748,71.4,0.004715,0.04622,*
M5vsM6_anom_12m,natural_breaks,Relative Mortality,WUE,Low,35,-0.0409,62.9,0.06083,0.1131,ns
M5vsM6_anom_12m,natural_breaks,Relative Mortality,uWUE,Low,35,-0.04975,57.1,0.04501,0.0953,ns
M5vsM6_anom_12m,natural_breaks,Relative Disturbance,ETmax,Mid,35,-0.0015,65.7,0.03151,0.09453,ns
M5vsM6_anom_12m,natural_breaks,Relative Disturbance,GPPsat,Mid,35,-0.42084,68.6,0.005965,0.04622,*
M5vsM6_anom_12m,natural_breaks,Relative Disturbance,NEPmax,Mid,35,-1.17699,74.3,0.00173,0.04622,*
M5vsM6_anom_12m,natural_breaks,Relative Disturbance,WUE,Mid,35,-0.10303,62.9,0.01766,0.07938,ns
M5vsM6_anom_12m,natural_breaks,Relative Disturbance,uWUE,Mid,35,-0.00596,51.4,0.2805,0.4071,ns
M5vsM6_anom_12m,natural_breaks,Relative Disturbance,ETmax,Low,35,-0.00129,57.1,0.4576,0.4903,ns
M5vsM6_anom_12m,natural_breaks,Relative Disturbance,GPPsat,Low,35,-0.53369,60,0.04659,0.0953,ns
M5vsM6_anom_12m,natural_breaks,Relative Disturbance,NEPmax,Low,35,-0.97597,68.6,0.01913,0.07938,ns
M5vsM6_anom_12m,natural_breaks,Relative Disturbance,WUE,Low,35,-0.0431,62.9,0.04501,0.0953,ns
M5vsM6_anom_12m,natural_breaks,Relative Disturbance,uWUE,Low,35,-0.04975,57.1,0.06283,0.1131,ns
M5vsM6_anom_12m,natural_breaks,Relative Disturbance,ETmax,High,23,0.0016,39.1,0.873,0.8928,ns
M5vsM6_anom_12m,natural_breaks,Relative Disturbance,GPPsat,High,23,-0.45139,65.2,0.0832,0.1337,ns
M5vsM6_anom_12m,natural_breaks,Relative Disturbance,NEPmax,High,23,-0.65245,60.9,0.04016,0.0953,ns
M5vsM6_anom_12m,natural_breaks,Relative Disturbance,WUE,High,23,0.04186,43.5,0.4576,0.4903,ns
M5vsM6_anom_12m,natural_breaks,Relative Disturbance,uWUE,High,23,0.01735,47.8,0.3407,0.4509,ns
M5vsM6_anom_24m,tertiles,Absolute Mortality,ETmax,High,31,-0.00097,54.8,0.3658,0.4015,ns
M5vsM6_anom_24m,tertiles,Absolute Mortality,GPPsat,High,31,-0.17969,51.6,0.1179,0.1829,ns
M5vsM6_anom_24m,tertiles,Absolute Mortality,NEPmax,High,31,-0.93735,64.5,0.003737,0.05606,ns
M5vsM6_anom_24m,tertiles,Absolute Mortality,WUE,High,31,-0.07726,54.8,0.08661,0.1443,ns
M5vsM6_anom_24m,tertiles,Absolute Mortality,uWUE,High,31,-0.03223,58.1,0.1428,0.1947,ns
M5vsM6_anom_24m,tertiles,Absolute Mortality,ETmax,Mid,31,-0.0011,51.6,0.3957,0.4239,ns
M5vsM6_anom_24m,tertiles,Absolute Mortality,GPPsat,Mid,31,-0.85171,71,0.009596,0.06847,ns
M5vsM6_anom_24m,tertiles,Absolute Mortality,NEPmax,Mid,31,-0.81954,64.5,0.07488,0.1399,ns
M5vsM6_anom_24m,tertiles,Absolute Mortality,WUE,Mid,31,-0.05797,71,0.03807,0.09931,ns
M5vsM6_anom_24m,tertiles,Absolute Mortality,uWUE,Mid,31,-0.0301,58.1,0.2621,0.3024,ns
M5vsM6_anom_24m,tertiles,Absolute Mortality,ETmax,Low,31,-0.00211,54.8,0.2312,0.2885,ns
M5vsM6_anom_24m,tertiles,Absolute Mortality,GPPsat,Low,31,-0.49273,61.3,0.03494,0.09931,ns
M5vsM6_anom_24m,tertiles,Absolute Mortality,NEPmax,Low,31,-0.99189,67.7,0.008633,0.06847,ns
M5vsM6_anom_24m,tertiles,Absolute Mortality,WUE,Low,31,-0.03542,67.7,0.01935,0.07608,ns
M5vsM6_anom_24m,tertiles,Absolute Mortality,uWUE,Low,31,-0.04481,58.1,0.06441,0.1309,ns
M5vsM6_anom_24m,tertiles,Relative Mortality,ETmax,High,31,-0.0011,51.6,0.5968,0.6103,ns
M5vsM6_anom_24m,tertiles,Relative Mortality,GPPsat,High,31,-0.41156,61.3,0.03648,0.09931,ns
M5vsM6_anom_24m,tertiles,Relative Mortality,NEPmax,High,31,-0.74058,61.3,0.01307,0.0687,ns
M5vsM6_anom_24m,tertiles,Relative Mortality,WUE,High,31,-0.07647,54.8,0.09626,0.1547,ns
M5vsM6_anom_24m,tertiles,Relative Mortality,uWUE,High,31,-0.02913,54.8,0.176,0.2262,ns
M5vsM6_anom_24m,tertiles,Relative Mortality,ETmax,Mid,31,-0.00097,54.8,0.1341,0.1886,ns
M5vsM6_anom_24m,tertiles,Relative Mortality,GPPsat,Mid,31,-0.82613,61.3,0.03648,0.09931,ns
M5vsM6_anom_24m,tertiles,Relative Mortality,NEPmax,Mid,31,-1.06523,67.7,0.01374,0.0687,ns
M5vsM6_anom_24m,tertiles,Relative Mortality,WUE,Mid,31,-0.09553,77.4,0.006959,0.06847,ns
M5vsM6_anom_24m,tertiles,Relative Mortality,uWUE,Mid,31,-0.0301,58.1,0.1612,0.2133,ns
M5vsM6_anom_24m,tertiles,Relative Mortality,ETmax,Low,31,-0.00211,54.8,0.3156,0.355,ns
M5vsM6_anom_24m,tertiles,Relative Mortality,GPPsat,Low,31,-0.58111,61.3,0.03972,0.09931,ns
M5vsM6_anom_24m,tertiles,Relative Mortality,NEPmax,Low,31,-0.81954,67.7,0.01594,0.07175,ns
M5vsM6_anom_24m,tertiles,Relative Mortality,WUE,Low,31,-0.0483,61.3,0.1299,0.1886,ns
M5vsM6_anom_24m,tertiles,Relative Mortality,uWUE,Low,31,-0.03547,61.3,0.07769,0.1399,ns
M5vsM6_anom_24m,tertiles,Relative Disturbance,ETmax,High,31,0.00029,45.2,0.5661,0.5925,ns
M5vsM6_anom_24m,tertiles,Relative Disturbance,GPPsat,High,31,-0.41156,61.3,0.04887,0.1157,ns
M5vsM6_anom_24m,tertiles,Relative Disturbance,NEPmax,High,31,-0.62297,58.1,0.02229,0.07715,ns
M5vsM6_anom_24m,tertiles,Relative Disturbance,WUE,High,31,0.00271,48.4,0.2372,0.2885,ns
M5vsM6_anom_24m,tertiles,Relative Disturbance,uWUE,High,31,-0.02192,54.8,0.2495,0.2955,ns
M5vsM6_anom_24m,tertiles,Relative Disturbance,ETmax,Mid,31,-0.00191,67.7,0.02029,0.07608,ns
M5vsM6_anom_24m,tertiles,Relative Disturbance,GPPsat,Mid,31,-0.82613,61.3,0.01065,0.06847,ns
M5vsM6_anom_24m,tertiles,Relative Disturbance,NEPmax,Mid,31,-1.05909,71,0.001807,0.05606,ns
M5vsM6_anom_24m,tertiles,Relative Disturbance,WUE,Mid,31,-0.07997,77.4,0.003323,0.05606,ns
M5vsM6_anom_24m,tertiles,Relative Disturbance,uWUE,Mid,31,-0.0301,54.8,0.1258,0.1886,ns
M5vsM6_anom_24m,tertiles,Relative Disturbance,ETmax,Low,31,0.00018,48.4,0.6268,0.6268,ns
M5vsM6_anom_24m,tertiles,Relative Disturbance,GPPsat,Low,31,-0.58111,61.3,0.08661,0.1443,ns
M5vsM6_anom_24m,tertiles,Relative Disturbance,NEPmax,Low,31,-0.72065,67.7,0.05512,0.1229,ns
M5vsM6_anom_24m,tertiles,Relative Disturbance,WUE,Low,31,-0.05234,67.7,0.05734,0.1229,ns
M5vsM6_anom_24m,tertiles,Relative Disturbance,uWUE,Low,31,-0.07031,64.5,0.06692,0.1309,ns
M5vsM6_anom_24m,equal_width,Absolute Mortality,ETmax,Mid,35,0,48.6,0.6559,0.6559,ns
M5vsM6_anom_24m,equal_width,Absolute Mortality,GPPsat,Mid,35,-0.23308,57.1,0.08317,0.1532,ns
M5vsM6_anom_24m,equal_width,Absolute Mortality,NEPmax,Mid,35,-0.76425,60,0.0224,0.04984,*
M5vsM6_anom_24m,equal_width,Absolute Mortality,WUE,Mid,35,-0.05797,60,0.0883,0.1545,ns
M5vsM6_anom_24m,equal_width,Absolute Mortality,uWUE,Mid,35,-0.0069,51.4,0.2642,0.3565,ns
M5vsM6_anom_24m,equal_width,Absolute Mortality,ETmax,Low,53,-0.00211,56.6,0.1342,0.2139,ns
M5vsM6_anom_24m,equal_width,Absolute Mortality,GPPsat,Low,53,-0.93144,67.9,0.001032,0.01396,*
M5vsM6_anom_24m,equal_width,Absolute Mortality,NEPmax,Low,53,-1.22721,69.8,0.0008889,0.01396,*
M5vsM6_anom_24m,equal_width,Absolute Mortality,WUE,Low,53,-0.05619,69.8,0.001951,0.01707,*
M5vsM6_anom_24m,equal_width,Absolute Mortality,uWUE,Low,53,-0.03547,62.3,0.01608,0.04202,*
M5vsM6_anom_24m,equal_width,Absolute Mortality,ETmax,High,5,-0.002,60,,,""
M5vsM6_anom_24m,equal_width,Absolute Mortality,GPPsat,High,5,0.70098,20,,,""
M5vsM6_anom_24m,equal_width,Absolute Mortality,NEPmax,High,5,-0.29522,60,,,""
M5vsM6_anom_24m,equal_width,Absolute Mortality,WUE,High,5,0.01989,40,,,""
M5vsM6_anom_24m,equal_width,Absolute Mortality,uWUE,High,5,-0.03223,60,,,""
M5vsM6_anom_24m,equal_width,Relative Mortality,ETmax,Mid,33,-0.00094,51.5,0.4644,0.4845,ns
M5vsM6_anom_24m,equal_width,Relative Mortality,GPPsat,Mid,33,-0.82613,66.7,0.003305,0.01872,*
M5vsM6_anom_24m,equal_width,Relative Mortality,NEPmax,Mid,33,-0.76425,63.6,0.01009,0.03533,*
M5vsM6_anom_24m,equal_width,Relative Mortality,WUE,Mid,33,-0.02327,54.5,0.2005,0.2924,ns
M5vsM6_anom_24m,equal_width,Relative Mortality,uWUE,Mid,33,-0.00141,51.5,0.4502,0.4845,ns
M5vsM6_anom_24m,equal_width,Relative Mortality,ETmax,Low,53,-0.0016,56.6,0.1977,0.2924,ns
M5vsM6_anom_24m,equal_width,Relative Mortality,GPPsat,Low,53,-0.58111,60.4,0.01681,0.04202,*
M5vsM6_anom_24m,equal_width,Relative Mortality,NEPmax,Low,53,-0.99189,66,0.004168,0.01872,*
M5vsM6_anom_24m,equal_width,Relative Mortality,WUE,Low,53,-0.05619,71.7,0.001197,0.01396,*
M5vsM6_anom_24m,equal_width,Relative Mortality,uWUE,Low,53,-0.03641,62.3,0.01644,0.04202,*
M5vsM6_anom_24m,equal_width,Relative Mortality,ETmax,High,7,0.00165,42.9,0.3363,0.3924,ns
M5vsM6_anom_24m,equal_width,Relative Mortality,GPPsat,High,7,0.70098,42.9,0.4663,0.4845,ns
M5vsM6_anom_24m,equal_width,Relative Mortality,NEPmax,High,7,-2.01818,71.4,0.07539,0.1466,ns
M5vsM6_anom_24m,equal_width,Relative Mortality,WUE,High,7,-0.09838,57.1,0.3363,0.3924,ns
M5vsM6_anom_24m,equal_width,Relative Mortality,uWUE,High,7,-0.03223,57.1,0.2771,0.3591,ns
M5vsM6_anom_24m,equal_width,Relative Disturbance,ETmax,Mid,35,-0.0016,54.3,0.3203,0.3924,ns
M5vsM6_anom_24m,equal_width,Relative Disturbance,GPPsat,Mid,35,-0.66317,62.9,0.007848,0.03052,*
M5vsM6_anom_24m,equal_width,Relative Disturbance,NEPmax,Mid,35,-0.62297,57.1,0.02421,0.04984,*
M5vsM6_anom_24m,equal_width,Relative Disturbance,WUE,Mid,35,-0.02327,54.3,0.1345,0.2139,ns
M5vsM6_anom_24m,equal_width,Relative Disturbance,uWUE,Mid,35,-0.00141,51.4,0.4706,0.4845,ns
M5vsM6_anom_24m,equal_width,Relative Disturbance,ETmax,Low,53,-0.00139,54.7,0.2648,0.3565,ns
M5vsM6_anom_24m,equal_width,Relative Disturbance,GPPsat,Low,53,-0.58111,60.4,0.01644,0.04202,*
M5vsM6_anom_24m,equal_width,Relative Disturbance,NEPmax,Low,53,-1.02782,67.9,0.004278,0.01872,*
M5vsM6_anom_24m,equal_width,Relative Disturbance,WUE,Low,53,-0.05619,71.7,0.004278,0.01872,*
M5vsM6_anom_24m,equal_width,Relative Disturbance,uWUE,Low,53,-0.03641,62.3,0.02418,0.04984,*
M5vsM6_anom_24m,equal_width,Relative Disturbance,ETmax,High,5,0.00165,40,,,""
M5vsM6_anom_24m,equal_width,Relative Disturbance,GPPsat,High,5,-1.93025,60,,,""
M5vsM6_anom_24m,equal_width,Relative Disturbance,NEPmax,High,5,-3.37626,100,,,""
M5vsM6_anom_24m,equal_width,Relative Disturbance,WUE,High,5,-0.1652,60,,,""
M5vsM6_anom_24m,equal_width,Relative Disturbance,uWUE,High,5,-0.2106,60,,,""
M5vsM6_anom_24m,natural_breaks,Absolute Mortality,ETmax,High,20,-0.00167,60,0.3071,0.3455,ns
M5vsM6_anom_24m,natural_breaks,Absolute Mortality,GPPsat,High,20,-0.03011,50,0.2333,0.2967,ns
M5vsM6_anom_24m,natural_breaks,Absolute Mortality,NEPmax,High,20,-0.78016,60,0.02094,0.0725,ns
M5vsM6_anom_24m,natural_breaks,Absolute Mortality,WUE,High,20,0.00935,45,0.269,0.3178,ns
M5vsM6_anom_24m,natural_breaks,Absolute Mortality,uWUE,High,20,-0.03068,55,0.2333,0.2967,ns
M5vsM6_anom_24m,natural_breaks,Absolute Mortality,ETmax,Mid,43,-0.00097,51.2,0.3791,0.4062,ns
M5vsM6_anom_24m,natural_breaks,Absolute Mortality,GPPsat,Mid,43,-0.85171,67.4,0.003741,0.05611,ns
M5vsM6_anom_24m,natural_breaks,Absolute Mortality,NEPmax,Mid,43,-0.81954,67.4,0.01704,0.0725,ns
M5vsM6_anom_24m,natural_breaks,Absolute Mortality,WUE,Mid,43,-0.07647,69.8,0.01604,0.0725,ns
M5vsM6_anom_24m,natural_breaks,Absolute Mortality,uWUE,Mid,43,-0.0301,58.1,0.2075,0.2967,ns
M5vsM6_anom_24m,natural_breaks,Absolute Mortality,ETmax,Low,30,-0.00178,53.3,0.2754,0.3178,ns
M5vsM6_anom_24m,natural_breaks,Absolute Mortality,GPPsat,Low,30,-0.46184,60,0.04785,0.1172,ns
M5vsM6_anom_24m,natural_breaks,Absolute Mortality,NEPmax,Low,30,-1.02549,66.7,0.009519,0.0725,ns
M5vsM6_anom_24m,natural_breaks,Absolute Mortality,WUE,Low,30,-0.04388,70,0.01985,0.0725,ns
M5vsM6_anom_24m,natural_breaks,Absolute Mortality,uWUE,Low,30,-0.05756,60,0.05209,0.1172,ns
M5vsM6_anom_24m,natural_breaks,Relative Mortality,ETmax,High,26,0.00016,50,0.6389,0.6389,ns
M5vsM6_anom_24m,natural_breaks,Relative Mortality,GPPsat,High,26,-0.32232,61.5,0.07747,0.1453,ns
M5vsM6_anom_24m,natural_breaks,Relative Mortality,NEPmax,High,26,-0.45909,57.7,0.03771,0.1073,ns
M5vsM6_anom_24m,natural_breaks,Relative Mortality,WUE,High,26,-0.01028,50,0.187,0.2805,ns
M5vsM6_anom_24m,natural_breaks,Relative Mortality,uWUE,High,26,-0.02553,53.8,0.2155,0.2967,ns
M5vsM6_anom_24m,natural_breaks,Relative Mortality,ETmax,Mid,32,-0.0015,59.4,0.06376,0.1269,ns
M5vsM6_anom_24m,natural_breaks,Relative Mortality,GPPsat,Mid,32,-0.98157,59.4,0.0194,0.0725,ns
M5vsM6_anom_24m,natural_breaks,Relative Mortality,NEPmax,Mid,32,-1.01195,68.8,0.006613,0.0725,ns
M5vsM6_anom_24m,natural_breaks,Relative Mortality,WUE,Mid,32,-0.11202,75,0.01272,0.0725,ns
M5vsM6_anom_24m,natural_breaks,Relative Mortality,uWUE,Mid,32,-0.0185,56.2,0.2244,0.2967,ns
M5vsM6_anom_24m,natural_breaks,Relative Mortality,ETmax,Low,35,-0.00146,51.4,0.4576,0.4789,ns
M5vsM6_anom_24m,natural_breaks,Relative Mortality,GPPsat,Low,35,-0.60224,62.9,0.04055,0.1073,ns
M5vsM6_anom_24m,natural_breaks,Relative Mortality,NEPmax,Low,35,-0.99189,68.6,0.01439,0.0725,ns
M5vsM6_anom_24m,natural_breaks,Relative Mortality,WUE,Low,35,-0.05234,65.7,0.05888,0.1262,ns
M5vsM6_anom_24m,natural_breaks,Relative Mortality,uWUE,Low,35,-0.07031,62.9,0.03914,0.1073,ns
M5vsM6_anom_24m,natural_breaks,Relative Disturbance,ETmax,Mid,35,-0.00097,54.3,0.1081,0.1802,ns
M5vsM6_anom_24m,natural_breaks,Relative Disturbance,GPPsat,Mid,35,-0.90242,65.7,0.001641,0.03692,*
M5vsM6_anom_24m,natural_breaks,Relative Disturbance,NEPmax,Mid,35,-1.26587,74.3,0.0003188,0.01435,*
M5vsM6_anom_24m,natural_breaks,Relative Disturbance,WUE,Mid,35,-0.07726,71.4,0.01766,0.0725,ns
M5vsM6_anom_24m,natural_breaks,Relative Disturbance,uWUE,Mid,35,-0.0069,54.3,0.2695,0.3178,ns
M5vsM6_anom_24m,natural_breaks,Relative Disturbance,ETmax,Low,35,-0.00139,51.4,0.6376,0.6389,ns
M5vsM6_anom_24m,natural_breaks,Relative Disturbance,GPPsat,Low,35,-0.49273,57.1,0.1345,0.2161,ns
M5vsM6_anom_24m,natural_breaks,Relative Disturbance,NEPmax,Low,35,-0.59564,62.9,0.1081,0.1802,ns
M5vsM6_anom_24m,natural_breaks,Relative Disturbance,WUE,Low,35,-0.05405,68.6,0.03516,0.1073,ns
M5vsM6_anom_24m,natural_breaks,Relative Disturbance,uWUE,Low,35,-0.07031,62.9,0.06488,0.1269,ns
M5vsM6_anom_24m,natural_breaks,Relative Disturbance,ETmax,High,23,-0.00174,56.5,0.3747,0.4062,ns
M5vsM6_anom_24m,natural_breaks,Relative Disturbance,GPPsat,High,23,-0.23308,60.9,0.1034,0.1802,ns
M5vsM6_anom_24m,natural_breaks,Relative Disturbance,NEPmax,High,23,-0.29522,56.5,0.05185,0.1172,ns
M5vsM6_anom_24m,natural_breaks,Relative Disturbance,WUE,High,23,0.00271,47.8,0.2374,0.2967,ns
M5vsM6_anom_24m,natural_breaks,Relative Disturbance,uWUE,High,23,-0.02913,56.5,0.1401,0.2174,ns
M7vsM8_raw_12m,tertiles,Absolute Mortality,ETmax,High,31,0.00069,38.7,0.8482,0.9232,ns
M7vsM8_raw_12m,tertiles,Absolute Mortality,GPPsat,High,31,-0.16315,54.8,0.07488,0.4814,ns
M7vsM8_raw_12m,tertiles,Absolute Mortality,NEPmax,High,31,-0.21712,67.7,0.0695,0.4814,ns
M7vsM8_raw_12m,tertiles,Absolute Mortality,WUE,High,31,-0.00589,54.8,0.1428,0.584,ns
M7vsM8_raw_12m,tertiles,Absolute Mortality,uWUE,High,31,-9e-05,51.6,0.208,0.636,ns
M7vsM8_raw_12m,tertiles,Absolute Mortality,ETmax,Mid,31,0.00041,45.2,0.705,0.8135,ns
M7vsM8_raw_12m,tertiles,Absolute Mortality,GPPsat,Mid,31,-0.11147,54.8,0.5738,0.8135,ns
M7vsM8_raw_12m,tertiles,Absolute Mortality,NEPmax,Mid,31,-0.05572,58.1,0.3957,0.7561,ns
M7vsM8_raw_12m,tertiles,Absolute Mortality,WUE,Mid,31,-0.00301,54.8,0.4032,0.7561,ns
M7vsM8_raw_12m,tertiles,Absolute Mortality,uWUE,Mid,31,0.00185,48.4,0.8616,0.9232,ns
M7vsM8_raw_12m,tertiles,Absolute Mortality,ETmax,Low,31,-0.00037,58.1,0.3439,0.737,ns
M7vsM8_raw_12m,tertiles,Absolute Mortality,GPPsat,Low,31,-0.09258,58.1,0.1299,0.584,ns
M7vsM8_raw_12m,tertiles,Absolute Mortality,NEPmax,Low,31,-0.08936,58.1,0.0432,0.458,ns
M7vsM8_raw_12m,tertiles,Absolute Mortality,WUE,Low,31,0.01117,45.2,0.7747,0.8716,ns
M7vsM8_raw_12m,tertiles,Absolute Mortality,uWUE,Low,31,-0.00321,51.6,0.4883,0.8135,ns
M7vsM8_raw_12m,tertiles,Relative Mortality,ETmax,High,31,0.00095,32.3,0.9816,0.9816,ns
M7vsM8_raw_12m,tertiles,Relative Mortality,GPPsat,High,31,-0.11147,54.8,0.208,0.636,ns
M7vsM8_raw_12m,tertiles,Relative Mortality,NEPmax,High,31,-0.08987,61.3,0.2495,0.636,ns
M7vsM8_raw_12m,tertiles,Relative Mortality,WUE,High,31,0.00276,48.4,0.6415,0.8135,ns
M7vsM8_raw_12m,tertiles,Relative Mortality,uWUE,High,31,0.00178,45.2,0.6704,0.8135,ns
M7vsM8_raw_12m,tertiles,Relative Mortality,ETmax,Mid,31,-0.00116,58.1,0.1258,0.584,ns
M7vsM8_raw_12m,tertiles,Relative Mortality,GPPsat,Mid,31,0.00123,48.4,0.5507,0.8135,ns
M7vsM8_raw_12m,tertiles,Relative Mortality,NEPmax,Mid,31,-0.00255,51.6,0.5738,0.8135,ns
M7vsM8_raw_12m,tertiles,Relative Mortality,WUE,Mid,31,-0.01815,54.8,0.2685,0.636,ns
M7vsM8_raw_12m,tertiles,Relative Mortality,uWUE,Mid,31,-0.00341,54.8,0.4883,0.8135,ns
M7vsM8_raw_12m,tertiles,Relative Mortality,ETmax,Low,31,-0.00016,51.6,0.6561,0.8135,ns
M7vsM8_raw_12m,tertiles,Relative Mortality,GPPsat,Low,31,-0.20802,64.5,0.04503,0.458,ns
M7vsM8_raw_12m,tertiles,Relative Mortality,NEPmax,Low,31,-0.26575,71,0.001082,0.04867,*
M7vsM8_raw_12m,tertiles,Relative Mortality,WUE,Low,31,-0.00165,51.6,0.4571,0.8135,ns
M7vsM8_raw_12m,tertiles,Relative Mortality,uWUE,Low,31,-0.00321,51.6,0.5584,0.8135,ns
M7vsM8_raw_12m,tertiles,Relative Disturbance,ETmax,High,31,0.00095,35.5,0.9568,0.9785,ns
M7vsM8_raw_12m,tertiles,Relative Disturbance,GPPsat,High,31,-0.11147,54.8,0.2312,0.636,ns
M7vsM8_raw_12m,tertiles,Relative Disturbance,NEPmax,High,31,-0.15316,58.1,0.2558,0.636,ns
M7vsM8_raw_12m,tertiles,Relative Disturbance,WUE,High,31,0.00276,48.4,0.5815,0.8135,ns
M7vsM8_raw_12m,tertiles,Relative Disturbance,uWUE,High,31,0.02004,35.5,0.9134,0.9559,ns
M7vsM8_raw_12m,tertiles,Relative Disturbance,ETmax,Mid,31,-0.00054,58.1,0.1916,0.636,ns
M7vsM8_raw_12m,tertiles,Relative Disturbance,GPPsat,Mid,31,-0.04325,51.6,0.3018,0.679,ns
M7vsM8_raw_12m,tertiles,Relative Disturbance,NEPmax,Mid,31,-0.07711,61.3,0.3881,0.7561,ns
M7vsM8_raw_12m,tertiles,Relative Disturbance,WUE,Mid,31,-0.00741,58.1,0.2558,0.636,ns
M7vsM8_raw_12m,tertiles,Relative Disturbance,uWUE,Mid,31,-0.01201,61.3,0.05089,0.458,ns
M7vsM8_raw_12m,tertiles,Relative Disturbance,ETmax,Low,31,0.00025,48.4,0.6632,0.8135,ns
M7vsM8_raw_12m,tertiles,Relative Disturbance,GPPsat,Low,31,-0.20266,61.3,0.1103,0.584,ns
M7vsM8_raw_12m,tertiles,Relative Disturbance,NEPmax,Low,31,-0.13524,64.5,0.002461,0.05537,ns
M7vsM8_raw_12m,tertiles,Relative Disturbance,WUE,Low,31,0.00222,48.4,0.5968,0.8135,ns
M7vsM8_raw_12m,tertiles,Relative Disturbance,uWUE,Low,31,-0.00341,54.8,0.705,0.8135,ns
M7vsM8_raw_12m,equal_width,Absolute Mortality,ETmax,Mid,35,0.00069,37.1,0.933,0.933,ns
M7vsM8_raw_12m,equal_width,Absolute Mortality,GPPsat,Mid,35,0.11387,42.9,0.6376,0.8584,ns
M7vsM8_raw_12m,equal_width,Absolute Mortality,NEPmax,Mid,35,-0.07711,60,0.4317,0.6912,ns
M7vsM8_raw_12m,equal_width,Absolute Mortality,WUE,Mid,35,-0.00301,51.4,0.4967,0.7244,ns
M7vsM8_raw_12m,equal_width,Absolute Mortality,uWUE,Mid,35,0.00028,48.6,0.6913,0.8784,ns
M7vsM8_raw_12m,equal_width,Absolute Mortality,ETmax,Low,53,-0.00019,52.8,0.4297,0.6912,ns
M7vsM8_raw_12m,equal_width,Absolute Mortality,GPPsat,Low,53,-0.16934,60.4,0.07205,0.3981,ns
M7vsM8_raw_12m,equal_width,Absolute Mortality,NEPmax,Low,53,-0.09406,60.4,0.01756,0.288,ns
M7vsM8_raw_12m,equal_width,Absolute Mortality,WUE,Low,53,-0.00165,50.9,0.4542,0.6912,ns
M7vsM8_raw_12m,equal_width,Absolute Mortality,uWUE,Low,53,-0.00265,50.9,0.6217,0.8584,ns
M7vsM8_raw_12m,equal_width,Absolute Mortality,ETmax,High,5,-0.00062,60,,,""
M7vsM8_raw_12m,equal_width,Absolute Mortality,GPPsat,High,5,-0.41338,100,,,""
M7vsM8_raw_12m,equal_width,Absolute Mortality,NEPmax,High,5,-0.41997,80,,,""
M7vsM8_raw_12m,equal_width,Absolute Mortality,WUE,High,5,-0.08381,60,,,""
M7vsM8_raw_12m,equal_width,Absolute Mortality,uWUE,High,5,-0.00929,60,,,""
M7vsM8_raw_12m,equal_width,Relative Mortality,ETmax,Mid,33,0.00065,42.4,0.7626,0.8897,ns
M7vsM8_raw_12m,equal_width,Relative Mortality,GPPsat,Mid,33,0.01081,48.5,0.4151,0.6912,ns
M7vsM8_raw_12m,equal_width,Relative Mortality,NEPmax,Mid,33,-0.15316,60.6,0.3671,0.6912,ns
M7vsM8_raw_12m,equal_width,Relative Mortality,WUE,Mid,33,0.0046,45.5,0.8142,0.901,ns
M7vsM8_raw_12m,equal_width,Relative Mortality,uWUE,Mid,33,0.00633,42.4,0.9099,0.933,ns
M7vsM8_raw_12m,equal_width,Relative Mortality,ETmax,Low,53,-0.00027,52.8,0.4472,0.6912,ns
M7vsM8_raw_12m,equal_width,Relative Mortality,GPPsat,Low,53,-0.15772,58.5,0.07963,0.3981,ns
M7vsM8_raw_12m,equal_width,Relative Mortality,NEPmax,Low,53,-0.08936,60.4,0.02469,0.288,ns
M7vsM8_raw_12m,equal_width,Relative Mortality,WUE,Low,53,-0.00741,52.8,0.3851,0.6912,ns
M7vsM8_raw_12m,equal_width,Relative Mortality,uWUE,Low,53,-0.00515,54.7,0.3387,0.6912,ns
M7vsM8_raw_12m,equal_width,Relative Mortality,ETmax,High,7,0.00225,28.6,0.8237,0.901,ns
M7vsM8_raw_12m,equal_width,Relative Mortality,GPPsat,High,7,-0.18179,71.4,0.1763,0.6855,ns
M7vsM8_raw_12m,equal_width,Relative Mortality,NEPmax,High,7,-0.41997,71.4,0.07539,0.3981,ns
M7vsM8_raw_12m,equal_width,Relative Mortality,WUE,High,7,-0.11914,71.4,0.1359,0.5948,ns
M7vsM8_raw_12m,equal_width,Relative Mortality,uWUE,High,7,-9e-05,57.1,0.2234,0.6912,ns
M7vsM8_raw_12m,equal_width,Relative Disturbance,ETmax,Mid,35,0.00044,48.6,0.3441,0.6912,ns
M7vsM8_raw_12m,equal_width,Relative Disturbance,GPPsat,Mid,35,-0.03102,51.4,0.3262,0.6912,ns
M7vsM8_raw_12m,equal_width,Relative Disturbance,NEPmax,Mid,35,-0.15316,60,0.2588,0.6912,ns
M7vsM8_raw_12m,equal_width,Relative Disturbance,WUE,Mid,35,0.00276,48.6,0.7027,0.8784,ns
M7vsM8_raw_12m,equal_width,Relative Disturbance,uWUE,Mid,35,0.00633,42.9,0.8759,0.929,ns
M7vsM8_raw_12m,equal_width,Relative Disturbance,ETmax,Low,53,0.00025,49.1,0.7323,0.8838,ns
M7vsM8_raw_12m,equal_width,Relative Disturbance,GPPsat,Low,53,-0.15772,58.5,0.07205,0.3981,ns
M7vsM8_raw_12m,equal_width,Relative Disturbance,NEPmax,Low,53,-0.09406,62.3,0.01644,0.288,ns
M7vsM8_raw_12m,equal_width,Relative Disturbance,WUE,Low,53,-0.00741,52.8,0.365,0.6912,ns
M7vsM8_raw_12m,equal_width,Relative Disturbance,uWUE,Low,53,-0.00515,54.7,0.329,0.6912,ns
M7vsM8_raw_12m,equal_width,Relative Disturbance,ETmax,High,5,0.00296,20,,,""
M7vsM8_raw_12m,equal_width,Relative Disturbance,GPPsat,High,5,-0.16315,60,,,""
M7vsM8_raw_12m,equal_width,Relative Disturbance,NEPmax,High,5,-0.0155,60,,,""
M7vsM8_raw_12m,equal_width,Relative Disturbance,WUE,High,5,-0.08381,60,,,""
M7vsM8_raw_12m,equal_width,Relative Disturbance,uWUE,High,5,-9e-05,60,,,""
M7vsM8_raw_12m,natural_breaks,Absolute Mortality,ETmax,High,20,0.00092,35,0.8646,0.9264,ns
M7vsM8_raw_12m,natural_breaks,Absolute Mortality,GPPsat,High,20,-0.17247,55,0.1055,0.5063,ns
M7vsM8_raw_12m,natural_breaks,Absolute Mortality,NEPmax,High,20,-0.14449,60,0.3475,0.6936,ns
M7vsM8_raw_12m,natural_breaks,Absolute Mortality,WUE,High,20,0.01164,45,0.4333,0.7663,ns
M7vsM8_raw_12m,natural_breaks,Absolute Mortality,uWUE,High,20,-0.00797,60,0.1125,0.5063,ns
M7vsM8_raw_12m,natural_breaks,Absolute Mortality,ETmax,Mid,43,0.00041,46.5,0.7045,0.8389,ns
M7vsM8_raw_12m,natural_breaks,Absolute Mortality,GPPsat,Mid,43,-0.11147,55.8,0.3699,0.6936,ns
M7vsM8_raw_12m,natural_breaks,Absolute Mortality,NEPmax,Mid,43,-0.09896,62.8,0.1035,0.5063,ns
M7vsM8_raw_12m,natural_breaks,Absolute Mortality,WUE,Mid,43,-0.00838,60.5,0.1269,0.5192,ns
M7vsM8_raw_12m,natural_breaks,Absolute Mortality,uWUE,Mid,43,0.00252,44.2,0.8943,0.9359,ns
M7vsM8_raw_12m,natural_breaks,Absolute Mortality,ETmax,Low,30,-0.00048,56.7,0.3556,0.6936,ns
M7vsM8_raw_12m,natural_breaks,Absolute Mortality,GPPsat,Low,30,-0.07009,56.7,0.1519,0.5695,ns
M7vsM8_raw_12m,natural_breaks,Absolute Mortality,NEPmax,Low,30,-0.09171,60,0.03358,0.3164,ns
M7vsM8_raw_12m,natural_breaks,Absolute Mortality,WUE,Low,30,0.01495,43.3,0.7828,0.877,ns
M7vsM8_raw_12m,natural_breaks,Absolute Mortality,uWUE,Low,30,-0.00418,53.3,0.4428,0.7663,ns
M7vsM8_raw_12m,natural_breaks,Relative Mortality,ETmax,High,26,0.00132,23.1,0.9986,0.9986,ns
M7vsM8_raw_12m,natural_breaks,Relative Mortality,GPPsat,High,26,-0.07124,53.8,0.2969,0.6936,ns
M7vsM8_raw_12m,natural_breaks,Relative Mortality,NEPmax,High,26,-0.08349,57.7,0.3147,0.6936,ns
M7vsM8_raw_12m,natural_breaks,Relative Mortality,WUE,High,26,0.00368,46.2,0.6484,0.8336,ns
M7vsM8_raw_12m,natural_breaks,Relative Mortality,uWUE,High,26,0.00453,38.5,0.799,0.877,ns
M7vsM8_raw_12m,natural_breaks,Relative Mortality,ETmax,Mid,32,-0.00137,65.6,0.02535,0.3164,ns
M7vsM8_raw_12m,natural_breaks,Relative Mortality,GPPsat,Mid,32,0.03706,46.9,0.5335,0.8336,ns
M7vsM8_raw_12m,natural_breaks,Relative Mortality,NEPmax,Mid,32,-0.05907,56.2,0.5558,0.8336,ns
M7vsM8_raw_12m,natural_breaks,Relative Mortality,WUE,Mid,32,-0.00665,56.2,0.2475,0.655,ns
M7vsM8_raw_12m,natural_breaks,Relative Mortality,uWUE,Mid,32,-0.00333,56.2,0.3577,0.6936,ns
M7vsM8_raw_12m,natural_breaks,Relative Mortality,ETmax,Low,35,0.00025,48.6,0.7084,0.8389,ns
M7vsM8_raw_12m,natural_breaks,Relative Mortality,GPPsat,Low,35,-0.21103,65.7,0.03516,0.3164,ns
M7vsM8_raw_12m,natural_breaks,Relative Mortality,NEPmax,Low,35,-0.13524,68.6,0.0008081,0.03636,*
M7vsM8_raw_12m,natural_breaks,Relative Mortality,WUE,Low,35,-0.00165,51.4,0.5098,0.8336,ns
M7vsM8_raw_12m,natural_breaks,Relative Mortality,uWUE,Low,35,-0.00515,54.3,0.5875,0.8336,ns
M7vsM8_raw_12m,natural_breaks,Relative Disturbance,ETmax,Mid,35,-0.00059,60,0.09095,0.5063,ns
M7vsM8_raw_12m,natural_breaks,Relative Disturbance,GPPsat,Mid,35,-0.0476,51.4,0.2183,0.6548,ns
M7vsM8_raw_12m,natural_breaks,Relative Disturbance,NEPmax,Mid,35,-0.07711,57.1,0.6002,0.8336,ns
M7vsM8_raw_12m,natural_breaks,Relative Disturbance,WUE,Mid,35,-0.00589,57.1,0.2381,0.655,ns
M7vsM8_raw_12m,natural_breaks,Relative Disturbance,uWUE,Mid,35,-0.00265,51.4,0.3321,0.6936,ns
M7vsM8_raw_12m,natural_breaks,Relative Disturbance,ETmax,Low,35,0.00041,45.7,0.7412,0.8552,ns
M7vsM8_raw_12m,natural_breaks,Relative Disturbance,GPPsat,Low,35,-0.15772,57.1,0.1731,0.5994,ns
M7vsM8_raw_12m,natural_breaks,Relative Disturbance,NEPmax,Low,35,-0.13524,65.7,0.001641,0.03692,*
M7vsM8_raw_12m,natural_breaks,Relative Disturbance,WUE,Low,35,-0.00165,51.4,0.5554,0.8336,ns
M7vsM8_raw_12m,natural_breaks,Relative Disturbance,uWUE,Low,35,-0.00341,54.3,0.6971,0.8389,ns
M7vsM8_raw_12m,natural_breaks,Relative Disturbance,ETmax,High,23,0.00115,30.4,0.9883,0.9986,ns
M7vsM8_raw_12m,natural_breaks,Relative Disturbance,GPPsat,High,23,-0.16315,60.9,0.193,0.6204,ns
M7vsM8_raw_12m,natural_breaks,Relative Disturbance,NEPmax,High,23,-0.23171,60.9,0.08795,0.5063,ns
M7vsM8_raw_12m,natural_breaks,Relative Disturbance,WUE,High,23,0.0046,43.5,0.6367,0.8336,ns
M7vsM8_raw_12m,natural_breaks,Relative Disturbance,uWUE,High,23,0.00274,43.5,0.6367,0.8336,ns
M7vsM8_raw_24m,tertiles,Absolute Mortality,ETmax,High,31,0.00097,38.7,0.9194,0.9331,ns
M7vsM8_raw_24m,tertiles,Absolute Mortality,GPPsat,High,31,-0.03433,54.8,0.1299,0.5189,ns
M7vsM8_raw_24m,tertiles,Absolute Mortality,NEPmax,High,31,-0.30222,61.3,0.03494,0.3931,ns
M7vsM8_raw_24m,tertiles,Absolute Mortality,WUE,High,31,-0.01467,51.6,0.197,0.6332,ns
M7vsM8_raw_24m,tertiles,Absolute Mortality,uWUE,High,31,-0.01232,64.5,0.05734,0.3985,ns
M7vsM8_raw_24m,tertiles,Absolute Mortality,ETmax,Mid,31,-0.00026,58.1,0.6415,0.7802,ns
M7vsM8_raw_24m,tertiles,Absolute Mortality,GPPsat,Mid,31,0.01043,48.4,0.5273,0.7191,ns
M7vsM8_raw_24m,tertiles,Absolute Mortality,NEPmax,Mid,31,-0.0644,61.3,0.1384,0.5189,ns
M7vsM8_raw_24m,tertiles,Absolute Mortality,WUE,Mid,31,-0.00379,54.8,0.5039,0.7191,ns
M7vsM8_raw_24m,tertiles,Absolute Mortality,uWUE,Mid,31,0.0047,48.4,0.6193,0.7742,ns
M7vsM8_raw_24m,tertiles,Absolute Mortality,ETmax,Low,31,0.00038,48.4,0.7628,0.8581,ns
M7vsM8_raw_24m,tertiles,Absolute Mortality,GPPsat,Low,31,-0.12962,61.3,0.08974,0.4487,ns
M7vsM8_raw_24m,tertiles,Absolute Mortality,NEPmax,Low,31,-0.18344,51.6,0.1067,0.4801,ns
M7vsM8_raw_24m,tertiles,Absolute Mortality,WUE,Low,31,-0.01494,54.8,0.4961,0.7191,ns
M7vsM8_raw_24m,tertiles,Absolute Mortality,uWUE,Low,31,0.00469,45.2,0.5968,0.7673,ns
M7vsM8_raw_24m,tertiles,Relative Mortality,ETmax,High,31,0.00089,41.9,0.8969,0.9331,ns
M7vsM8_raw_24m,tertiles,Relative Mortality,GPPsat,High,31,0.0228,48.4,0.4339,0.7191,ns
M7vsM8_raw_24m,tertiles,Relative Mortality,NEPmax,High,31,-0.13545,58.1,0.1564,0.5415,ns
M7vsM8_raw_24m,tertiles,Relative Mortality,WUE,High,31,0.00361,45.2,0.5507,0.7288,ns
M7vsM8_raw_24m,tertiles,Relative Mortality,uWUE,High,31,-0.00595,58.1,0.2433,0.636,ns
M7vsM8_raw_24m,tertiles,Relative Mortality,ETmax,Mid,31,-0.00051,58.1,0.4805,0.7191,ns
M7vsM8_raw_24m,tertiles,Relative Mortality,GPPsat,Mid,31,-0.01727,51.6,0.3807,0.7111,ns
M7vsM8_raw_24m,tertiles,Relative Mortality,NEPmax,Mid,31,-0.02011,51.6,0.2558,0.636,ns
M7vsM8_raw_24m,tertiles,Relative Mortality,WUE,Mid,31,-0.01527,58.1,0.2253,0.6336,ns
M7vsM8_raw_24m,tertiles,Relative Mortality,uWUE,Mid,31,-0.00481,54.8,0.2685,0.636,ns
M7vsM8_raw_24m,tertiles,Relative Mortality,ETmax,Low,31,0.00057,45.2,0.9004,0.9331,ns
M7vsM8_raw_24m,tertiles,Relative Mortality,GPPsat,Low,31,-0.16409,64.5,0.0256,0.3839,ns
M7vsM8_raw_24m,tertiles,Relative Mortality,NEPmax,Low,31,-0.19835,64.5,0.01122,0.3092,ns
M7vsM8_raw_24m,tertiles,Relative Mortality,WUE,Low,31,-0.01494,58.1,0.3296,0.7064,ns
M7vsM8_raw_24m,tertiles,Relative Mortality,uWUE,Low,31,0.00469,45.2,0.6632,0.7854,ns
M7vsM8_raw_24m,tertiles,Relative Disturbance,ETmax,High,31,-0.00045,54.8,0.4032,0.7111,ns
M7vsM8_raw_24m,tertiles,Relative Disturbance,GPPsat,High,31,-0.01727,51.6,0.4571,0.7191,ns
M7vsM8_raw_24m,tertiles,Relative Disturbance,NEPmax,High,31,-0.20875,61.3,0.08058,0.4487,ns
M7vsM8_raw_24m,tertiles,Relative Disturbance,WUE,High,31,0.00179,48.4,0.4032,0.7111,ns
M7vsM8_raw_24m,tertiles,Relative Disturbance,uWUE,High,31,-0.00595,54.8,0.5117,0.7191,ns
M7vsM8_raw_24m,tertiles,Relative Disturbance,ETmax,Mid,31,0.00038,41.9,0.9331,0.9331,ns
M7vsM8_raw_24m,tertiles,Relative Disturbance,GPPsat,Mid,31,-0.00789,51.6,0.2137,0.6336,ns
M7vsM8_raw_24m,tertiles,Relative Disturbance,NEPmax,Mid,31,0.00789,48.4,0.3807,0.7111,ns
M7vsM8_raw_24m,tertiles,Relative Disturbance,WUE,Mid,31,-0.00779,58.1,0.295,0.6637,ns
M7vsM8_raw_24m,tertiles,Relative Disturbance,uWUE,Mid,31,-0.00481,58.1,0.05512,0.3985,ns
M7vsM8_raw_24m,tertiles,Relative Disturbance,ETmax,Low,31,0.00057,48.4,0.8742,0.9331,ns
M7vsM8_raw_24m,tertiles,Relative Disturbance,GPPsat,Low,31,-0.16409,61.3,0.06198,0.3985,ns
M7vsM8_raw_24m,tertiles,Relative Disturbance,NEPmax,Low,31,-0.19615,64.5,0.01374,0.3092,ns
M7vsM8_raw_24m,tertiles,Relative Disturbance,WUE,Low,31,-0.01494,54.8,0.4108,0.7111,ns
M7vsM8_raw_24m,tertiles,Relative Disturbance,uWUE,Low,31,0.00469,45.2,0.7628,0.8581,ns
M7vsM8_raw_24m,equal_width,Absolute Mortality,ETmax,Mid,35,0.00097,40,0.9372,0.9586,ns
M7vsM8_raw_24m,equal_width,Absolute Mortality,GPPsat,Mid,35,0.06638,42.9,0.7084,0.8733,ns
M7vsM8_raw_24m,equal_width,Absolute Mortality,NEPmax,Mid,35,-0.04841,54.3,0.3087,0.6663,ns
M7vsM8_raw_24m,equal_width,Absolute Mortality,WUE,Mid,35,0.00361,48.6,0.5683,0.7993,ns
M7vsM8_raw_24m,equal_width,Absolute Mortality,uWUE,Mid,35,-0.00242,57.1,0.3321,0.6663,ns
M7vsM8_raw_24m,equal_width,Absolute Mortality,ETmax,Low,53,-0.00015,52.8,0.7523,0.8733,ns
M7vsM8_raw_24m,equal_width,Absolute Mortality,GPPsat,Low,53,-0.14985,60.4,0.03616,0.2531,ns
M7vsM8_raw_24m,equal_width,Absolute Mortality,NEPmax,Low,53,-0.1743,58.5,0.02177,0.2531,ns
M7vsM8_raw_24m,equal_width,Absolute Mortality,WUE,Low,53,-0.02017,58.5,0.2259,0.5647,ns
M7vsM8_raw_24m,equal_width,Absolute Mortality,uWUE,Low,53,0.00469,47.2,0.5388,0.7993,ns
M7vsM8_raw_24m,equal_width,Absolute Mortality,ETmax,High,5,-0.00045,60,,,""
M7vsM8_raw_24m,equal_width,Absolute Mortality,GPPsat,High,5,-0.35595,80,,,""
M7vsM8_raw_24m,equal_width,Absolute Mortality,NEPmax,High,5,-0.57991,80,,,""
M7vsM8_raw_24m,equal_width,Absolute Mortality,WUE,High,5,0.00179,40,,,""
M7vsM8_raw_24m,equal_width,Absolute Mortality,uWUE,High,5,-0.0216,80,,,""
M7vsM8_raw_24m,equal_width,Relative Mortality,ETmax,Mid,33,-6e-05,51.5,0.7735,0.8733,ns
M7vsM8_raw_24m,equal_width,Relative Mortality,GPPsat,Mid,33,-0.00789,51.5,0.3875,0.6663,ns
M7vsM8_raw_24m,equal_width,Relative Mortality,NEPmax,Mid,33,-0.13545,57.6,0.15,0.5251,ns
M7vsM8_raw_24m,equal_width,Relative Mortality,WUE,Mid,33,0.00881,42.4,0.74,0.8733,ns
M7vsM8_raw_24m,equal_width,Relative Mortality,uWUE,Mid,33,-0.00156,54.5,0.5709,0.7993,ns
M7vsM8_raw_24m,equal_width,Relative Mortality,ETmax,Low,53,9e-05,49.1,0.8519,0.9164,ns
M7vsM8_raw_24m,equal_width,Relative Mortality,GPPsat,Low,53,-0.12962,56.6,0.06617,0.377,ns
M7vsM8_raw_24m,equal_width,Relative Mortality,NEPmax,Low,53,-0.17738,58.5,0.02908,0.2531,ns
M7vsM8_raw_24m,equal_width,Relative Mortality,WUE,Low,53,-0.02017,60.4,0.2077,0.5647,ns
M7vsM8_raw_24m,equal_width,Relative Mortality,uWUE,Low,53,0.00051,49.1,0.3817,0.6663,ns
M7vsM8_raw_24m,equal_width,Relative Mortality,ETmax,High,7,0.00129,28.6,0.8641,0.9164,ns
M7vsM8_raw_24m,equal_width,Relative Mortality,GPPsat,High,7,-0.15152,57.1,0.3363,0.6663,ns
M7vsM8_raw_24m,equal_width,Relative Mortality,NEPmax,High,7,-0.52518,57.1,0.1024,0.4204,ns
M7vsM8_raw_24m,equal_width,Relative Mortality,WUE,High,7,-0.06042,57.1,0.2234,0.5647,ns
M7vsM8_raw_24m,equal_width,Relative Mortality,uWUE,High,7,-0.03725,71.4,0.07539,0.377,ns
M7vsM8_raw_24m,equal_width,Relative Disturbance,ETmax,Mid,35,-0.00053,54.3,0.3998,0.6663,ns
M7vsM8_raw_24m,equal_width,Relative Disturbance,GPPsat,Mid,35,-0.00789,51.4,0.6679,0.8733,ns
M7vsM8_raw_24m,equal_width,Relative Disturbance,NEPmax,Mid,35,-0.17547,60,0.1081,0.4204,ns
M7vsM8_raw_24m,equal_width,Relative Disturbance,WUE,Mid,35,0.00753,42.9,0.714,0.8733,ns
M7vsM8_raw_24m,equal_width,Relative Disturbance,uWUE,Mid,35,-0.00156,54.3,0.5489,0.7993,ns
M7vsM8_raw_24m,equal_width,Relative Disturbance,ETmax,Low,53,0.00019,47.2,0.9586,0.9586,ns
M7vsM8_raw_24m,equal_width,Relative Disturbance,GPPsat,Low,53,-0.14243,56.6,0.02319,0.2531,ns
M7vsM8_raw_24m,equal_width,Relative Disturbance,NEPmax,Low,53,-0.17738,58.5,0.02793,0.2531,ns
M7vsM8_raw_24m,equal_width,Relative Disturbance,WUE,Low,53,-0.02017,60.4,0.1833,0.5647,ns
M7vsM8_raw_24m,equal_width,Relative Disturbance,uWUE,Low,53,0.00051,49.1,0.3683,0.6663,ns
M7vsM8_raw_24m,equal_width,Relative Disturbance,ETmax,High,5,0.00129,20,,,""
M7vsM8_raw_24m,equal_width,Relative Disturbance,GPPsat,High,5,-0.17591,60,,,""
M7vsM8_raw_24m,equal_width,Relative Disturbance,NEPmax,High,5,0.36972,40,,,""
M7vsM8_raw_24m,equal_width,Relative Disturbance,WUE,High,5,-0.06042,60,,,""
M7vsM8_raw_24m,equal_width,Relative Disturbance,uWUE,High,5,-0.03725,80,,,""
M7vsM8_raw_24m,natural_breaks,Absolute Mortality,ETmax,High,20,0.00113,35,0.8563,0.8758,ns
M7vsM8_raw_24m,natural_breaks,Absolute Mortality,GPPsat,High,20,-0.17348,65,0.1125,0.4666,ns
M7vsM8_raw_24m,natural_breaks,Absolute Mortality,NEPmax,High,20,-0.12708,50,0.2333,0.6256,ns
M7vsM8_raw_24m,natural_breaks,Absolute Mortality,WUE,High,20,0.00886,40,0.6245,0.8439,ns
M7vsM8_raw_24m,natural_breaks,Absolute Mortality,uWUE,High,20,-0.01473,80,0.009816,0.1472,ns
M7vsM8_raw_24m,natural_breaks,Absolute Mortality,ETmax,Mid,43,-0.00015,53.5,0.7711,0.8675,ns
M7vsM8_raw_24m,natural_breaks,Absolute Mortality,GPPsat,Mid,43,0.0228,46.5,0.5024,0.7536,ns
M7vsM8_raw_24m,natural_breaks,Absolute Mortality,NEPmax,Mid,43,-0.1743,65.1,0.02284,0.2569,ns
M7vsM8_raw_24m,natural_breaks,Absolute Mortality,WUE,Mid,43,-0.01467,60.5,0.1244,0.4666,ns
M7vsM8_raw_24m,natural_breaks,Absolute Mortality,uWUE,Mid,43,0.00865,44.2,0.733,0.8675,ns
M7vsM8_raw_24m,natural_breaks,Absolute Mortality,ETmax,Low,30,-0.00012,50,0.7705,0.8675,ns
M7vsM8_raw_24m,natural_breaks,Absolute Mortality,GPPsat,Low,30,-0.13392,60,0.1048,0.4666,ns
M7vsM8_raw_24m,natural_breaks,Absolute Mortality,NEPmax,Low,30,-0.1898,53.3,0.08409,0.4666,ns
M7vsM8_raw_24m,natural_breaks,Absolute Mortality,WUE,Low,30,-0.00852,53.3,0.541,0.7607,ns
M7vsM8_raw_24m,natural_breaks,Absolute Mortality,uWUE,Low,30,0.0026,46.7,0.541,0.7607,ns
M7vsM8_raw_24m,natural_breaks,Relative Mortality,ETmax,High,26,0.00083,42.3,0.8263,0.8758,ns
M7vsM8_raw_24m,natural_breaks,Relative Mortality,GPPsat,High,26,-0.00576,50,0.4195,0.7146,ns
M7vsM8_raw_24m,natural_breaks,Relative Mortality,NEPmax,High,26,-0.09993,57.7,0.1939,0.6256,ns
M7vsM8_raw_24m,natural_breaks,Relative Mortality,WUE,High,26,0.0027,46.2,0.4696,0.7287,ns
M7vsM8_raw_24m,natural_breaks,Relative Mortality,uWUE,High,26,-0.00814,61.5,0.2545,0.6256,ns
M7vsM8_raw_24m,natural_breaks,Relative Mortality,ETmax,Mid,32,-5e-04,53.1,0.7158,0.8675,ns
M7vsM8_raw_24m,natural_breaks,Relative Mortality,GPPsat,Mid,32,0.01991,50,0.3931,0.7146,ns
M7vsM8_raw_24m,natural_breaks,Relative Mortality,NEPmax,Mid,32,-0.02442,50,0.337,0.6893,ns
M7vsM8_raw_24m,natural_breaks,Relative Mortality,WUE,Mid,32,-0.01123,56.2,0.2842,0.6395,ns
M7vsM8_raw_24m,natural_breaks,Relative Mortality,uWUE,Mid,32,-0.00265,53.1,0.2244,0.6256,ns
M7vsM8_raw_24m,natural_breaks,Relative Mortality,ETmax,Low,35,0.00038,48.6,0.8431,0.8758,ns
M7vsM8_raw_24m,natural_breaks,Relative Mortality,GPPsat,Low,35,-0.16409,62.9,0.03151,0.2836,ns
M7vsM8_raw_24m,natural_breaks,Relative Mortality,NEPmax,Low,35,-0.19835,65.7,0.006248,0.1472,ns
M7vsM8_raw_24m,natural_breaks,Relative Mortality,WUE,Low,35,-0.01494,57.1,0.3809,0.7146,ns
M7vsM8_raw_24m,natural_breaks,Relative Mortality,uWUE,Low,35,0.00469,45.7,0.6376,0.8439,ns
M7vsM8_raw_24m,natural_breaks,Relative Disturbance,ETmax,Mid,35,-0.00049,51.4,0.7464,0.8675,ns
M7vsM8_raw_24m,natural_breaks,Relative Disturbance,GPPsat,Mid,35,-0.01727,54.3,0.2281,0.6256,ns
M7vsM8_raw_24m,natural_breaks,Relative Disturbance,NEPmax,Mid,35,0.00789,48.6,0.4446,0.7146,ns
M7vsM8_raw_24m,natural_breaks,Relative Disturbance,WUE,Mid,35,-0.00533,54.3,0.2642,0.6256,ns
M7vsM8_raw_24m,natural_breaks,Relative Disturbance,uWUE,Mid,35,-0.00481,57.1,0.1143,0.4666,ns
M7vsM8_raw_24m,natural_breaks,Relative Disturbance,ETmax,Low,35,0.00019,48.6,0.8857,0.8857,ns
M7vsM8_raw_24m,natural_breaks,Relative Disturbance,GPPsat,Low,35,-0.14985,57.1,0.1112,0.4666,ns
M7vsM8_raw_24m,natural_breaks,Relative Disturbance,NEPmax,Low,35,-0.19615,62.9,0.008208,0.1472,ns
M7vsM8_raw_24m,natural_breaks,Relative Disturbance,WUE,Low,35,-0.01494,57.1,0.4382,0.7146,ns
M7vsM8_raw_24m,natural_breaks,Relative Disturbance,uWUE,Low,35,0.0047,42.9,0.8269,0.8758,ns
M7vsM8_raw_24m,natural_breaks,Relative Disturbance,ETmax,High,23,0.00077,43.5,0.7626,0.8675,ns
M7vsM8_raw_24m,natural_breaks,Relative Disturbance,GPPsat,High,23,-0.03433,52.2,0.3296,0.6893,ns
M7vsM8_raw_24m,natural_breaks,Relative Disturbance,NEPmax,High,23,-0.3059,65.2,0.06227,0.4666,ns
M7vsM8_raw_24m,natural_breaks,Relative Disturbance,WUE,High,23,0.00179,47.8,0.4216,0.7146,ns
M7vsM8_raw_24m,natural_breaks,Relative Disturbance,uWUE,High,23,-0.01033,60.9,0.2469,0.6256,ns
M7vsM8_anom_12m,tertiles,Absolute Mortality,ETmax,High,31,0.00122,38.7,0.955,0.9767,ns
M7vsM8_anom_12m,tertiles,Absolute Mortality,GPPsat,High,31,-0.74906,71,0.003737,0.0251,*
M7vsM8_anom_12m,tertiles,Absolute Mortality,NEPmax,High,31,-0.7524,80.6,0.002778,0.0251,*
M7vsM8_anom_12m,tertiles,Absolute Mortality,WUE,High,31,-0.1476,51.6,0.04143,0.1097,ns
M7vsM8_anom_12m,tertiles,Absolute Mortality,uWUE,High,31,-0.02058,58.1,0.0695,0.1422,ns
M7vsM8_anom_12m,tertiles,Absolute Mortality,ETmax,Mid,31,-5e-05,51.6,0.5584,0.6443,ns
M7vsM8_anom_12m,tertiles,Absolute Mortality,GPPsat,Mid,31,-0.42686,54.8,0.1218,0.2108,ns
M7vsM8_anom_12m,tertiles,Absolute Mortality,NEPmax,Mid,31,-0.69859,71,0.01444,0.04643,*
M7vsM8_anom_12m,tertiles,Absolute Mortality,WUE,Mid,31,-0.02879,58.1,0.2372,0.3235,ns
M7vsM8_anom_12m,tertiles,Absolute Mortality,uWUE,Mid,31,-0.02639,58.1,0.3658,0.4449,ns
M7vsM8_anom_12m,tertiles,Absolute Mortality,ETmax,Low,31,0.00047,48.4,0.6914,0.7778,ns
M7vsM8_anom_12m,tertiles,Absolute Mortality,GPPsat,Low,31,-0.46471,71,0.006235,0.02551,*
M7vsM8_anom_12m,tertiles,Absolute Mortality,NEPmax,Low,31,-0.48082,71,0.001923,0.0251,*
M7vsM8_anom_12m,tertiles,Absolute Mortality,WUE,Low,31,-0.04615,58.1,0.07488,0.1465,ns
M7vsM8_anom_12m,tertiles,Absolute Mortality,uWUE,Low,31,-0.03826,61.3,0.2025,0.2847,ns
M7vsM8_anom_12m,tertiles,Relative Mortality,ETmax,High,31,0.00136,32.3,0.9863,0.9863,ns
M7vsM8_anom_12m,tertiles,Relative Mortality,GPPsat,High,31,-0.42912,64.5,0.004984,0.0251,*
M7vsM8_anom_12m,tertiles,Relative Mortality,NEPmax,High,31,-0.6377,83.9,0.001807,0.0251,*
M7vsM8_anom_12m,tertiles,Relative Mortality,WUE,High,31,-0.01199,51.6,0.1384,0.2224,ns
M7vsM8_anom_12m,tertiles,Relative Mortality,uWUE,High,31,-0.02639,61.3,0.08058,0.1511,ns
M7vsM8_anom_12m,tertiles,Relative Mortality,ETmax,Mid,31,-0.00033,58.1,0.2816,0.3727,ns
M7vsM8_anom_12m,tertiles,Relative Mortality,GPPsat,Mid,31,-0.64351,67.7,0.01122,0.04206,*
M7vsM8_anom_12m,tertiles,Relative Mortality,NEPmax,Mid,31,-0.73597,67.7,0.005274,0.0251,*
M7vsM8_anom_12m,tertiles,Relative Mortality,WUE,Mid,31,-0.076,58.1,0.05297,0.1192,ns
M7vsM8_anom_12m,tertiles,Relative Mortality,uWUE,Mid,31,-0.02764,54.8,0.3368,0.4209,ns
M7vsM8_anom_12m,tertiles,Relative Mortality,ETmax,Low,31,0.00047,48.4,0.834,0.9153,ns
M7vsM8_anom_12m,tertiles,Relative Mortality,GPPsat,Low,31,-0.31259,64.5,0.04692,0.1111,ns
M7vsM8_anom_12m,tertiles,Relative Mortality,NEPmax,Low,31,-0.59945,71,0.005578,0.0251,*
M7vsM8_anom_12m,tertiles,Relative Mortality,WUE,Low,31,-0.04615,58.1,0.1067,0.192,ns
M7vsM8_anom_12m,tertiles,Relative Mortality,uWUE,Low,31,-0.02311,61.3,0.1811,0.2716,ns
M7vsM8_anom_12m,tertiles,Relative Disturbance,ETmax,High,31,0.00122,38.7,0.9251,0.9681,ns
M7vsM8_anom_12m,tertiles,Relative Disturbance,GPPsat,High,31,-0.88077,67.7,0.004447,0.0251,*
M7vsM8_anom_12m,tertiles,Relative Disturbance,NEPmax,High,31,-0.66156,80.6,0.005274,0.0251,*
M7vsM8_anom_12m,tertiles,Relative Disturbance,WUE,High,31,0.01771,48.4,0.197,0.2847,ns
M7vsM8_anom_12m,tertiles,Relative Disturbance,uWUE,High,31,-0.01735,58.1,0.1299,0.2165,ns
M7vsM8_anom_12m,tertiles,Relative Disturbance,ETmax,Mid,31,-0.00033,54.8,0.4262,0.5047,ns
M7vsM8_anom_12m,tertiles,Relative Disturbance,GPPsat,Mid,31,-0.33725,61.3,0.01935,0.05804,ns
M7vsM8_anom_12m,tertiles,Relative Disturbance,NEPmax,Mid,31,-0.69859,71,0.0007758,0.0251,*
M7vsM8_anom_12m,tertiles,Relative Disturbance,WUE,Mid,31,-0.0406,58.1,0.04692,0.1111,ns
M7vsM8_anom_12m,tertiles,Relative Disturbance,uWUE,Mid,31,-0.02764,54.8,0.3226,0.4147,ns
M7vsM8_anom_12m,tertiles,Relative Disturbance,ETmax,Low,31,0.00149,45.2,0.907,0.9681,ns
M7vsM8_anom_12m,tertiles,Relative Disturbance,GPPsat,Low,31,-0.46471,67.7,0.03202,0.09006,ns
M7vsM8_anom_12m,tertiles,Relative Disturbance,NEPmax,Low,31,-0.59945,71,0.01307,0.04523,*
M7vsM8_anom_12m,tertiles,Relative Disturbance,WUE,Low,31,-0.04691,61.3,0.06692,0.1422,ns
M7vsM8_anom_12m,tertiles,Relative Disturbance,uWUE,Low,31,-0.04695,64.5,0.1518,0.2355,ns
M7vsM8_anom_12m,equal_width,Absolute Mortality,ETmax,Mid,35,0.00122,40,0.9661,0.9661,ns
M7vsM8_anom_12m,equal_width,Absolute Mortality,GPPsat,Mid,35,-0.19157,54.3,0.1175,0.2165,ns
M7vsM8_anom_12m,equal_width,Absolute Mortality,NEPmax,Mid,35,-0.66981,74.3,0.0138,0.03787,*
M7vsM8_anom_12m,equal_width,Absolute Mortality,WUE,Mid,35,-0.01199,51.4,0.1454,0.2423,ns
M7vsM8_anom_12m,equal_width,Absolute Mortality,uWUE,Mid,35,-0.01358,51.4,0.2183,0.2913,ns
M7vsM8_anom_12m,equal_width,Absolute Mortality,ETmax,Low,53,-9e-05,50.9,0.5247,0.6333,ns
M7vsM8_anom_12m,equal_width,Absolute Mortality,GPPsat,Low,53,-0.52532,69.8,0.0003487,0.006102,**
M7vsM8_anom_12m,equal_width,Absolute Mortality,NEPmax,Low,53,-0.66156,71.7,0.0001741,0.006094,**
M7vsM8_anom_12m,equal_width,Absolute Mortality,WUE,Low,53,-0.06245,60.4,0.01406,0.03787,*
M7vsM8_anom_12m,equal_width,Absolute Mortality,uWUE,Low,53,-0.03108,64.2,0.06504,0.1423,ns
M7vsM8_anom_12m,equal_width,Absolute Mortality,ETmax,High,5,0.00637,40,,,""
M7vsM8_anom_12m,equal_width,Absolute Mortality,GPPsat,High,5,-1.60858,100,,,""
M7vsM8_anom_12m,equal_width,Absolute Mortality,NEPmax,High,5,-1.45822,100,,,""
M7vsM8_anom_12m,equal_width,Absolute Mortality,WUE,High,5,0.0435,40,,,""
M7vsM8_anom_12m,equal_width,Absolute Mortality,uWUE,High,5,-0.02949,60,,,""
M7vsM8_anom_12m,equal_width,Relative Mortality,ETmax,Mid,33,0.00082,45.5,0.7995,0.8744,ns
M7vsM8_anom_12m,equal_width,Relative Mortality,GPPsat,Mid,33,-0.53104,63.6,0.003487,0.01698,*
M7vsM8_anom_12m,equal_width,Relative Mortality,NEPmax,Mid,33,-0.6377,78.8,0.00388,0.01698,*
M7vsM8_anom_12m,equal_width,Relative Mortality,WUE,Mid,33,-0.01199,51.5,0.2319,0.2913,ns
M7vsM8_anom_12m,equal_width,Relative Mortality,uWUE,Mid,33,-0.01735,57.6,0.2056,0.2913,ns
M7vsM8_anom_12m,equal_width,Relative Mortality,ETmax,Low,53,0.00012,49.1,0.7923,0.8744,ns
M7vsM8_anom_12m,equal_width,Relative Mortality,GPPsat,Low,53,-0.33725,64.2,0.009716,0.03401,*
M7vsM8_anom_12m,equal_width,Relative Mortality,NEPmax,Low,53,-0.66981,67.9,0.000944,0.01101,*
M7vsM8_anom_12m,equal_width,Relative Mortality,WUE,Low,53,-0.04691,58.5,0.02469,0.05761,ns
M7vsM8_anom_12m,equal_width,Relative Mortality,uWUE,Low,53,-0.02764,60.4,0.1362,0.2383,ns
M7vsM8_anom_12m,equal_width,Relative Mortality,ETmax,High,7,0.00416,28.6,0.8976,0.924,ns
M7vsM8_anom_12m,equal_width,Relative Mortality,GPPsat,High,7,-1.07811,85.7,0.1024,0.2109,ns
M7vsM8_anom_12m,equal_width,Relative Mortality,NEPmax,High,7,-1.06818,100,0.01125,0.03579,*
M7vsM8_anom_12m,equal_width,Relative Mortality,WUE,High,7,-0.17671,57.1,0.1763,0.2682,ns
M7vsM8_anom_12m,equal_width,Relative Mortality,uWUE,High,7,-0.11218,57.1,0.1763,0.2682,ns
M7vsM8_anom_12m,equal_width,Relative Disturbance,ETmax,Mid,35,0.00049,45.7,0.6128,0.7149,ns
M7vsM8_anom_12m,equal_width,Relative Disturbance,GPPsat,Mid,35,-0.74906,65.7,0.002485,0.01449,*
M7vsM8_anom_12m,equal_width,Relative Disturbance,NEPmax,Mid,35,-0.66156,82.9,0.001641,0.01149,*
M7vsM8_anom_12m,equal_width,Relative Disturbance,WUE,Mid,35,-0.01199,51.4,0.233,0.2913,ns
M7vsM8_anom_12m,equal_width,Relative Disturbance,uWUE,Mid,35,-0.01735,57.1,0.233,0.2913,ns
M7vsM8_anom_12m,equal_width,Relative Disturbance,ETmax,Low,53,0.00047,49.1,0.8972,0.924,ns
M7vsM8_anom_12m,equal_width,Relative Disturbance,GPPsat,Low,53,-0.33725,64.2,0.007099,0.02761,*
M7vsM8_anom_12m,equal_width,Relative Disturbance,NEPmax,Low,53,-0.59945,66,0.001385,0.01149,*
M7vsM8_anom_12m,equal_width,Relative Disturbance,WUE,Low,53,-0.04691,58.5,0.01834,0.04586,*
M7vsM8_anom_12m,equal_width,Relative Disturbance,uWUE,Low,53,-0.02764,60.4,0.1109,0.2157,ns
M7vsM8_anom_12m,equal_width,Relative Disturbance,ETmax,High,5,0.00416,20,,,""
M7vsM8_anom_12m,equal_width,Relative Disturbance,GPPsat,High,5,-1.07811,80,,,""
M7vsM8_anom_12m,equal_width,Relative Disturbance,NEPmax,High,5,-1.06818,100,,,""
M7vsM8_anom_12m,equal_width,Relative Disturbance,WUE,High,5,-0.17671,60,,,""
M7vsM8_anom_12m,equal_width,Relative Disturbance,uWUE,High,5,-0.14921,60,,,""
M7vsM8_anom_12m,natural_breaks,Absolute Mortality,ETmax,High,20,0.00163,35,0.9677,0.9881,ns
M7vsM8_anom_12m,natural_breaks,Absolute Mortality,GPPsat,High,20,-0.54533,65,0.0323,0.08551,ns
M7vsM8_anom_12m,natural_breaks,Absolute Mortality,NEPmax,High,20,-0.7111,75,0.0229,0.0644,ns
M7vsM8_anom_12m,natural_breaks,Absolute Mortality,WUE,High,20,0.04152,40,0.2814,0.3423,ns
M7vsM8_anom_12m,natural_breaks,Absolute Mortality,uWUE,High,20,-0.01547,55,0.1802,0.2703,ns
M7vsM8_anom_12m,natural_breaks,Absolute Mortality,ETmax,Mid,43,-5e-05,51.2,0.5742,0.6626,ns
M7vsM8_anom_12m,natural_breaks,Absolute Mortality,GPPsat,Mid,43,-0.63066,62.8,0.01179,0.0442,*
M7vsM8_anom_12m,natural_breaks,Absolute Mortality,NEPmax,Mid,43,-0.73597,74.4,0.001914,0.02154,*
M7vsM8_anom_12m,natural_breaks,Absolute Mortality,WUE,Mid,43,-0.06245,60.5,0.0509,0.1206,ns
M7vsM8_anom_12m,natural_breaks,Absolute Mortality,uWUE,Mid,43,-0.02639,58.1,0.1907,0.2768,ns
M7vsM8_anom_12m,natural_breaks,Absolute Mortality,ETmax,Low,30,0.00118,46.7,0.7381,0.8304,ns
M7vsM8_anom_12m,natural_breaks,Absolute Mortality,GPPsat,Low,30,-0.40098,70,0.009006,0.04053,*
M7vsM8_anom_12m,natural_breaks,Absolute Mortality,NEPmax,Low,30,-0.5057,73.3,0.001529,0.02154,*
M7vsM8_anom_12m,natural_breaks,Absolute Mortality,WUE,Low,30,-0.04653,60,0.0721,0.1475,ns
M7vsM8_anom_12m,natural_breaks,Absolute Mortality,uWUE,Low,30,-0.04261,63.3,0.1519,0.2531,ns
M7vsM8_anom_12m,natural_breaks,Relative Mortality,ETmax,High,26,0.00204,30.8,0.9881,0.9881,ns
M7vsM8_anom_12m,natural_breaks,Relative Mortality,GPPsat,High,26,-0.58909,65.4,0.01041,0.04259,*
M7vsM8_anom_12m,natural_breaks,Relative Mortality,NEPmax,High,26,-0.64963,80.8,0.00738,0.04053,*
M7vsM8_anom_12m,natural_breaks,Relative Mortality,WUE,High,26,0.02848,46.2,0.2155,0.2939,ns
M7vsM8_anom_12m,natural_breaks,Relative Mortality,uWUE,High,26,-0.01554,57.7,0.1672,0.2688,ns
M7vsM8_anom_12m,natural_breaks,Relative Mortality,ETmax,Mid,32,-0.00034,59.4,0.2027,0.285,ns
M7vsM8_anom_12m,natural_breaks,Relative Mortality,GPPsat,Mid,32,-0.58728,65.6,0.0154,0.04949,*
M7vsM8_anom_12m,natural_breaks,Relative Mortality,NEPmax,Mid,32,-0.70289,68.8,0.005349,0.03439,*
M7vsM8_anom_12m,natural_breaks,Relative Mortality,WUE,Mid,32,-0.09874,59.4,0.07901,0.1546,ns
M7vsM8_anom_12m,natural_breaks,Relative Mortality,uWUE,Mid,32,-0.02936,56.2,0.3234,0.383,ns
M7vsM8_anom_12m,natural_breaks,Relative Mortality,ETmax,Low,35,0.00149,45.7,0.8792,0.965,ns
M7vsM8_anom_12m,natural_breaks,Relative Mortality,GPPsat,Low,35,-0.46471,65.7,0.01838,0.05515,ns
M7vsM8_anom_12m,natural_breaks,Relative Mortality,NEPmax,Low,35,-0.69859,74.3,0.001475,0.02154,*
M7vsM8_anom_12m,natural_breaks,Relative Mortality,WUE,Low,35,-0.04615,60,0.06083,0.1304,ns
M7vsM8_anom_12m,natural_breaks,Relative Mortality,uWUE,Low,35,-0.04695,62.9,0.1208,0.2174,ns
M7vsM8_anom_12m,natural_breaks,Relative Disturbance,ETmax,Mid,35,-9e-05,54.3,0.2805,0.3423,ns
M7vsM8_anom_12m,natural_breaks,Relative Disturbance,GPPsat,Mid,35,-0.53104,62.9,0.01499,0.04949,*
M7vsM8_anom_12m,natural_breaks,Relative Disturbance,NEPmax,Mid,35,-0.66981,71.4,0.004082,0.03061,*
M7vsM8_anom_12m,natural_breaks,Relative Disturbance,WUE,Mid,35,-0.0406,57.1,0.09095,0.1705,ns
M7vsM8_anom_12m,natural_breaks,Relative Disturbance,uWUE,Mid,35,-0.02764,57.1,0.2281,0.2996,ns
M7vsM8_anom_12m,natural_breaks,Relative Disturbance,ETmax,Low,35,0.00047,48.6,0.9036,0.9681,ns
M7vsM8_anom_12m,natural_breaks,Relative Disturbance,GPPsat,Low,35,-0.31259,62.9,0.04987,0.1206,ns
M7vsM8_anom_12m,natural_breaks,Relative Disturbance,NEPmax,Low,35,-0.59945,68.6,0.008582,0.04053,*
M7vsM8_anom_12m,natural_breaks,Relative Disturbance,WUE,Low,35,-0.04691,60,0.05514,0.1241,ns
M7vsM8_anom_12m,natural_breaks,Relative Disturbance,uWUE,Low,35,-0.04695,62.9,0.233,0.2996,ns
M7vsM8_anom_12m,natural_breaks,Relative Disturbance,ETmax,High,23,0.0037,30.4,0.9733,0.9881,ns
M7vsM8_anom_12m,natural_breaks,Relative Disturbance,GPPsat,High,23,-0.90006,73.9,0.003892,0.03061,*
M7vsM8_anom_12m,natural_breaks,Relative Disturbance,NEPmax,High,23,-0.7524,87,0.001668,0.02154,*
M7vsM8_anom_12m,natural_breaks,Relative Disturbance,WUE,High,23,0.01771,47.8,0.1768,0.2703,ns
M7vsM8_anom_12m,natural_breaks,Relative Disturbance,uWUE,High,23,-0.01735,56.5,0.127,0.2199,ns
M7vsM8_anom_24m,tertiles,Absolute Mortality,ETmax,High,31,0.00193,35.5,0.9356,0.9568,ns
M7vsM8_anom_24m,tertiles,Absolute Mortality,GPPsat,High,31,-0.41124,64.5,0.03648,0.09656,ns
M7vsM8_anom_24m,tertiles,Absolute Mortality,NEPmax,High,31,-0.87068,77.4,0.003524,0.04986,*
M7vsM8_anom_24m,tertiles,Absolute Mortality,WUE,High,31,-0.09435,58.1,0.04143,0.1036,ns
M7vsM8_anom_24m,tertiles,Absolute Mortality,uWUE,High,31,-0.05597,67.7,0.03494,0.09656,ns
M7vsM8_anom_24m,tertiles,Absolute Mortality,ETmax,Mid,31,0.00147,48.4,0.8482,0.9409,ns
M7vsM8_anom_24m,tertiles,Absolute Mortality,GPPsat,Mid,31,-0.47291,71,0.02029,0.07023,ns
M7vsM8_anom_24m,tertiles,Absolute Mortality,NEPmax,Mid,31,-0.63399,64.5,0.04887,0.1145,ns
M7vsM8_anom_24m,tertiles,Absolute Mortality,WUE,Mid,31,-0.01266,51.6,0.2253,0.3072,ns
M7vsM8_anom_24m,tertiles,Absolute Mortality,uWUE,Mid,31,-0.02753,54.8,0.4108,0.4997,ns
M7vsM8_anom_24m,tertiles,Absolute Mortality,ETmax,Low,31,0.00103,45.2,0.725,0.8365,ns
M7vsM8_anom_24m,tertiles,Absolute Mortality,GPPsat,Low,31,-0.44664,64.5,0.009103,0.05047,ns
M7vsM8_anom_24m,tertiles,Absolute Mortality,NEPmax,Low,31,-0.57055,77.4,0.001155,0.02598,*
M7vsM8_anom_24m,tertiles,Absolute Mortality,WUE,Low,31,-0.04059,61.3,0.08058,0.125,ns
M7vsM8_anom_24m,tertiles,Absolute Mortality,uWUE,Low,31,-0.04077,64.5,0.08355,0.1253,ns
M7vsM8_anom_24m,tertiles,Relative Mortality,ETmax,High,31,0.00218,32.3,0.9922,0.9922,ns
M7vsM8_anom_24m,tertiles,Relative Mortality,GPPsat,High,31,-0.40301,67.7,0.02931,0.09192,ns
M7vsM8_anom_24m,tertiles,Relative Mortality,NEPmax,High,31,-0.851,74.2,0.007348,0.04986,*
M7vsM8_anom_24m,tertiles,Relative Mortality,WUE,High,31,-0.03314,51.6,0.1428,0.2008,ns
M7vsM8_anom_24m,tertiles,Relative Mortality,uWUE,High,31,-0.04436,67.7,0.05734,0.1173,ns
M7vsM8_anom_24m,tertiles,Relative Mortality,ETmax,Mid,31,-0.00093,51.6,0.3296,0.412,ns
M7vsM8_anom_24m,tertiles,Relative Mortality,GPPsat,Mid,31,-0.73773,71,0.01122,0.05047,ns
M7vsM8_anom_24m,tertiles,Relative Mortality,NEPmax,Mid,31,-0.64934,74.2,0.005578,0.04986,*
M7vsM8_anom_24m,tertiles,Relative Mortality,WUE,Mid,31,-0.06105,58.1,0.05734,0.1173,ns
M7vsM8_anom_24m,tertiles,Relative Mortality,uWUE,Mid,31,-0.02753,61.3,0.2372,0.314,ns
M7vsM8_anom_24m,tertiles,Relative Mortality,ETmax,Low,31,0.00212,45.2,0.8782,0.9409,ns
M7vsM8_anom_24m,tertiles,Relative Mortality,GPPsat,Low,31,-0.40692,61.3,0.03064,0.09192,ns
M7vsM8_anom_24m,tertiles,Relative Mortality,NEPmax,Low,31,-0.52345,71,0.007757,0.04986,*
M7vsM8_anom_24m,tertiles,Relative Mortality,WUE,Low,31,-0.04059,61.3,0.07215,0.125,ns
M7vsM8_anom_24m,tertiles,Relative Mortality,uWUE,Low,31,-0.025,58.1,0.07769,0.125,ns
M7vsM8_anom_24m,tertiles,Relative Disturbance,ETmax,High,31,0.00224,38.7,0.9164,0.9568,ns
M7vsM8_anom_24m,tertiles,Relative Disturbance,GPPsat,High,31,-0.61147,74.2,0.006959,0.04986,*
M7vsM8_anom_24m,tertiles,Relative Disturbance,NEPmax,High,31,-0.851,71,0.01518,0.06209,ns
M7vsM8_anom_24m,tertiles,Relative Disturbance,WUE,High,31,-0.03314,51.6,0.1341,0.1947,ns
M7vsM8_anom_24m,tertiles,Relative Disturbance,uWUE,High,31,-0.04337,67.7,0.05089,0.1145,ns
M7vsM8_anom_24m,tertiles,Relative Disturbance,ETmax,Mid,31,9e-04,45.2,0.725,0.8365,ns
M7vsM8_anom_24m,tertiles,Relative Disturbance,GPPsat,Mid,31,-0.31856,61.3,0.08058,0.125,ns
M7vsM8_anom_24m,tertiles,Relative Disturbance,NEPmax,Mid,31,-0.64934,80.6,0.0005146,0.02316,*
M7vsM8_anom_24m,tertiles,Relative Disturbance,WUE,Mid,31,-0.02095,54.8,0.07215,0.125,ns
M7vsM8_anom_24m,tertiles,Relative Disturbance,uWUE,Mid,31,-0.02753,58.1,0.3156,0.4057,ns
M7vsM8_anom_24m,tertiles,Relative Disturbance,ETmax,Low,31,0.00212,45.2,0.8616,0.9409,ns
M7vsM8_anom_24m,tertiles,Relative Disturbance,GPPsat,Low,31,-0.47291,64.5,0.01122,0.05047,ns
M7vsM8_anom_24m,tertiles,Relative Disturbance,NEPmax,Low,31,-0.49157,67.7,0.01844,0.06916,ns
M7vsM8_anom_24m,tertiles,Relative Disturbance,WUE,Low,31,-0.04368,64.5,0.07769,0.125,ns
M7vsM8_anom_24m,tertiles,Relative Disturbance,uWUE,Low,31,-0.04077,61.3,0.07769,0.125,ns
M7vsM8_anom_24m,equal_width,Absolute Mortality,ETmax,Mid,35,0.00193,34.3,0.9063,0.9565,ns
M7vsM8_anom_24m,equal_width,Absolute Mortality,GPPsat,Mid,35,-0.27793,57.1,0.2183,0.3008,ns
M7vsM8_anom_24m,equal_width,Absolute Mortality,NEPmax,Mid,35,-0.63399,68.6,0.03269,0.07151,ns
M7vsM8_anom_24m,equal_width,Absolute Mortality,WUE,Mid,35,0.01892,48.6,0.1492,0.2387,ns
M7vsM8_anom_24m,equal_width,Absolute Mortality,uWUE,Mid,35,-0.02911,60,0.1609,0.2448,ns
M7vsM8_anom_24m,equal_width,Absolute Mortality,ETmax,Low,53,0.00103,47.2,0.8658,0.9469,ns
M7vsM8_anom_24m,equal_width,Absolute Mortality,GPPsat,Low,53,-0.47627,71.7,0.0001741,0.003985,**
M7vsM8_anom_24m,equal_width,Absolute Mortality,NEPmax,Low,53,-0.76554,73.6,0.0002277,0.003985,**
M7vsM8_anom_24m,equal_width,Absolute Mortality,WUE,Low,53,-0.0446,62.3,0.01344,0.04705,*
M7vsM8_anom_24m,equal_width,Absolute Mortality,uWUE,Low,53,-0.04077,64.2,0.02573,0.06004,ns
M7vsM8_anom_24m,equal_width,Absolute Mortality,ETmax,High,5,-0.00048,60,,,""
M7vsM8_anom_24m,equal_width,Absolute Mortality,GPPsat,High,5,-1.20584,80,,,""
M7vsM8_anom_24m,equal_width,Absolute Mortality,NEPmax,High,5,-1.39814,100,,,""
M7vsM8_anom_24m,equal_width,Absolute Mortality,WUE,High,5,-0.03553,60,,,""
M7vsM8_anom_24m,equal_width,Absolute Mortality,uWUE,High,5,-0.08967,60,,,""
M7vsM8_anom_24m,equal_width,Relative Mortality,ETmax,Mid,33,0.00218,33.3,0.9644,0.9644,ns
M7vsM8_anom_24m,equal_width,Relative Mortality,GPPsat,Mid,33,-0.41124,69.7,0.02367,0.05916,ns
M7vsM8_anom_24m,equal_width,Relative Mortality,NEPmax,Mid,33,-0.73507,69.7,0.01995,0.05819,ns
M7vsM8_anom_24m,equal_width,Relative Mortality,WUE,Mid,33,0.01892,48.5,0.2429,0.3037,ns
M7vsM8_anom_24m,equal_width,Relative Mortality,uWUE,Mid,33,-0.04337,66.7,0.15,0.2387,ns
M7vsM8_anom_24m,equal_width,Relative Mortality,ETmax,Low,53,0.00068,49.1,0.7381,0.8611,ns
M7vsM8_anom_24m,equal_width,Relative Mortality,GPPsat,Low,53,-0.44664,64.2,0.003753,0.02627,*
M7vsM8_anom_24m,equal_width,Relative Mortality,NEPmax,Low,53,-0.63399,71.7,0.0008889,0.01017,*
M7vsM8_anom_24m,equal_width,Relative Mortality,WUE,Low,53,-0.04368,62.3,0.02177,0.05862,ns
M7vsM8_anom_24m,equal_width,Relative Mortality,uWUE,Low,53,-0.02753,60.4,0.05961,0.1159,ns
M7vsM8_anom_24m,equal_width,Relative Mortality,ETmax,High,7,0.00193,42.9,0.7766,0.8768,ns
M7vsM8_anom_24m,equal_width,Relative Mortality,GPPsat,High,7,-0.96781,71.4,0.1359,0.2387,ns
M7vsM8_anom_24m,equal_width,Relative Mortality,NEPmax,High,7,-1.36325,100,0.01125,0.04374,*
M7vsM8_anom_24m,equal_width,Relative Mortality,WUE,High,7,-0.19886,57.1,0.2234,0.3008,ns
M7vsM8_anom_24m,equal_width,Relative Mortality,uWUE,High,7,-0.15941,57.1,0.1763,0.2571,ns
M7vsM8_anom_24m,equal_width,Relative Disturbance,ETmax,Mid,35,0.00112,40,0.7195,0.8611,ns
M7vsM8_anom_24m,equal_width,Relative Disturbance,GPPsat,Mid,35,-0.47627,71.4,0.007502,0.03282,*
M7vsM8_anom_24m,equal_width,Relative Disturbance,NEPmax,Mid,35,-0.82045,74.3,0.006543,0.03271,*
M7vsM8_anom_24m,equal_width,Relative Disturbance,WUE,Mid,35,0.01892,48.6,0.233,0.3021,ns
M7vsM8_anom_24m,equal_width,Relative Disturbance,uWUE,Mid,35,-0.04337,65.7,0.1492,0.2387,ns
M7vsM8_anom_24m,equal_width,Relative Disturbance,ETmax,Low,53,0.00147,45.3,0.9292,0.9565,ns
M7vsM8_anom_24m,equal_width,Relative Disturbance,GPPsat,Low,53,-0.41279,64.2,0.005965,0.03271,*
M7vsM8_anom_24m,equal_width,Relative Disturbance,NEPmax,Low,53,-0.63399,69.8,0.001162,0.01017,*
M7vsM8_anom_24m,equal_width,Relative Disturbance,WUE,Low,53,-0.04368,62.3,0.01644,0.05231,ns
M7vsM8_anom_24m,equal_width,Relative Disturbance,uWUE,Low,53,-0.02753,60.4,0.04891,0.1007,ns
M7vsM8_anom_24m,equal_width,Relative Disturbance,ETmax,High,5,0.00193,40,,,""
M7vsM8_anom_24m,equal_width,Relative Disturbance,GPPsat,High,5,-0.96781,60,,,""
M7vsM8_anom_24m,equal_width,Relative Disturbance,NEPmax,High,5,-1.20238,100,,,""
M7vsM8_anom_24m,equal_width,Relative Disturbance,WUE,High,5,-0.19886,60,,,""
M7vsM8_anom_24m,equal_width,Relative Disturbance,uWUE,High,5,-0.17598,60,,,""
M7vsM8_anom_24m,natural_breaks,Absolute Mortality,ETmax,High,20,0.00249,30,0.9553,0.977,ns
M7vsM8_anom_24m,natural_breaks,Absolute Mortality,GPPsat,High,20,-0.23226,55,0.1902,0.2593,ns
M7vsM8_anom_24m,natural_breaks,Absolute Mortality,NEPmax,High,20,-0.99433,75,0.0229,0.06869,ns
M7vsM8_anom_24m,natural_breaks,Absolute Mortality,WUE,High,20,-0.00412,50,0.2005,0.2653,ns
M7vsM8_anom_24m,natural_breaks,Absolute Mortality,uWUE,High,20,-0.06967,60,0.09253,0.1542,ns
M7vsM8_anom_24m,natural_breaks,Absolute Mortality,ETmax,Mid,43,9e-04,48.8,0.7638,0.8806,ns
M7vsM8_anom_24m,natural_breaks,Absolute Mortality,GPPsat,Mid,43,-0.47627,74.4,0.004019,0.04232,*
M7vsM8_anom_24m,natural_breaks,Absolute Mortality,NEPmax,Mid,43,-0.63399,67.4,0.0142,0.06392,ns
M7vsM8_anom_24m,natural_breaks,Absolute Mortality,WUE,Mid,43,-0.05734,55.8,0.04722,0.1118,ns
M7vsM8_anom_24m,natural_breaks,Absolute Mortality,uWUE,Mid,43,-0.02911,60.5,0.1874,0.2593,ns
M7vsM8_anom_24m,natural_breaks,Absolute Mortality,ETmax,Low,30,0.00158,43.3,0.7828,0.8806,ns
M7vsM8_anom_24m,natural_breaks,Absolute Mortality,GPPsat,Low,30,-0.42972,63.3,0.01316,0.06392,ns
M7vsM8_anom_24m,natural_breaks,Absolute Mortality,NEPmax,Low,30,-0.64092,80,0.000537,0.02417,*
M7vsM8_anom_24m,natural_breaks,Absolute Mortality,WUE,Low,30,-0.04213,63.3,0.07792,0.1349,ns
M7vsM8_anom_24m,natural_breaks,Absolute Mortality,uWUE,Low,30,-0.05934,66.7,0.064,0.1309,ns
M7vsM8_anom_24m,natural_breaks,Relative Mortality,ETmax,High,26,0.00264,30.8,0.9896,0.9896,ns
M7vsM8_anom_24m,natural_breaks,Relative Mortality,GPPsat,High,26,-0.42122,73.1,0.01864,0.06777,ns
M7vsM8_anom_24m,natural_breaks,Relative Mortality,NEPmax,High,26,-0.86084,73.1,0.02109,0.06777,ns
M7vsM8_anom_24m,natural_breaks,Relative Mortality,WUE,High,26,-0.00412,50,0.1672,0.2428,ns
M7vsM8_anom_24m,natural_breaks,Relative Mortality,uWUE,High,26,-0.04008,65.4,0.07036,0.1319,ns
M7vsM8_anom_24m,natural_breaks,Relative Mortality,ETmax,Mid,32,0.00079,46.9,0.5186,0.6308,ns
M7vsM8_anom_24m,natural_breaks,Relative Mortality,GPPsat,Mid,32,-0.51213,62.5,0.06856,0.1319,ns
M7vsM8_anom_24m,natural_breaks,Relative Mortality,NEPmax,Mid,32,-0.62353,75,0.005643,0.04232,*
M7vsM8_anom_24m,natural_breaks,Relative Mortality,WUE,Mid,32,-0.06991,56.2,0.07629,0.1349,ns
M7vsM8_anom_24m,natural_breaks,Relative Mortality,uWUE,Mid,32,-0.03594,62.5,0.297,0.3713,ns
M7vsM8_anom_24m,natural_breaks,Relative Mortality,ETmax,Low,35,0.00103,48.6,0.8226,0.9029,ns
M7vsM8_anom_24m,natural_breaks,Relative Mortality,GPPsat,Low,35,-0.47291,65.7,0.004715,0.04232,*
M7vsM8_anom_24m,natural_breaks,Relative Mortality,NEPmax,Low,35,-0.64934,71.4,0.002749,0.04124,*
M7vsM8_anom_24m,natural_breaks,Relative Mortality,WUE,Low,35,-0.04059,62.9,0.05158,0.1161,ns
M7vsM8_anom_24m,natural_breaks,Relative Mortality,uWUE,Low,35,-0.04077,60,0.04659,0.1118,ns
M7vsM8_anom_24m,natural_breaks,Relative Disturbance,ETmax,Mid,35,9e-04,45.7,0.6128,0.7257,ns
M7vsM8_anom_24m,natural_breaks,Relative Disturbance,GPPsat,Mid,35,-0.41279,65.7,0.04055,0.1073,ns
M7vsM8_anom_24m,natural_breaks,Relative Disturbance,NEPmax,Mid,35,-0.61307,74.3,0.002614,0.04124,*
M7vsM8_anom_24m,natural_breaks,Relative Disturbance,WUE,Mid,35,-0.02095,51.4,0.1208,0.1874,ns
M7vsM8_anom_24m,natural_breaks,Relative Disturbance,uWUE,Mid,35,-0.02753,60,0.2281,0.2932,ns
M7vsM8_anom_24m,natural_breaks,Relative Disturbance,ETmax,Low,35,0.00147,45.7,0.8583,0.9196,ns
M7vsM8_anom_24m,natural_breaks,Relative Disturbance,GPPsat,Low,35,-0.44664,60,0.01991,0.06777,ns
M7vsM8_anom_24m,natural_breaks,Relative Disturbance,NEPmax,Low,35,-0.49157,65.7,0.02071,0.06777,ns
M7vsM8_anom_24m,natural_breaks,Relative Disturbance,WUE,Low,35,-0.04368,65.7,0.05514,0.1181,ns
M7vsM8_anom_24m,natural_breaks,Relative Disturbance,uWUE,Low,35,-0.04077,60,0.1275,0.1912,ns
M7vsM8_anom_24m,natural_breaks,Relative Disturbance,ETmax,High,23,0.00305,34.8,0.9513,0.977,ns
M7vsM8_anom_24m,natural_breaks,Relative Disturbance,GPPsat,High,23,-0.94115,78.3,0.007803,0.04389,*
M7vsM8_anom_24m,natural_breaks,Relative Disturbance,NEPmax,High,23,-0.97522,82.6,0.006591,0.04237,*
M7vsM8_anom_24m,natural_breaks,Relative Disturbance,WUE,High,23,-0.03314,52.2,0.109,0.1752,ns
M7vsM8_anom_24m,natural_breaks,Relative Disturbance,uWUE,High,23,-0.04337,69.6,0.03071,0.08636,ns
