unit,method,metric,response,category,n,median_dRMSE,pct_sites_improved,p_onesided_wilcoxon,q_BH,sig
M1vsM2_12m,tertiles,Absolute Mortality,ETmax,High,37,-0.00267,54.1,0.3093,0.3762,ns
M1vsM2_12m,tertiles,Absolute Mortality,GPPsat,High,37,-0.27433,59.5,0.04851,0.1051,ns
M1vsM2_12m,tertiles,Absolute Mortality,NEPmax,High,37,-1.2058,62.2,0.01008,0.03781,*
M1vsM2_12m,tertiles,Absolute Mortality,WUE,High,37,-0.04596,54.1,0.1421,0.2131,ns
M1vsM2_12m,tertiles,Absolute Mortality,uWUE,High,37,0.03809,40.5,0.7168,0.7168,ns
M1vsM2_12m,tertiles,Absolute Mortality,ETmax,Mid,37,-0.00153,62.2,0.05324,0.1051,ns
M1vsM2_12m,tertiles,Absolute Mortality,GPPsat,Mid,37,-1.1463,67.6,0.008226,0.03365,*
M1vsM2_12m,tertiles,Absolute Mortality,NEPmax,Mid,37,-1.05029,70.3,0.04555,0.1051,ns
M1vsM2_12m,tertiles,Absolute Mortality,WUE,Mid,37,-0.03279,54.1,0.08969,0.1495,ns
M1vsM2_12m,tertiles,Absolute Mortality,uWUE,Mid,37,-0.01552,51.4,0.2534,0.3304,ns
M1vsM2_12m,tertiles,Absolute Mortality,ETmax,Low,38,3e-04,50,0.3585,0.4136,ns
M1vsM2_12m,tertiles,Absolute Mortality,GPPsat,Low,38,-0.90207,76.3,0.0002012,0.009052,**
M1vsM2_12m,tertiles,Absolute Mortality,NEPmax,Low,38,-1.23526,68.4,0.005811,0.02906,*
M1vsM2_12m,tertiles,Absolute Mortality,WUE,Low,38,-0.06073,57.9,0.05373,0.1051,ns
M1vsM2_12m,tertiles,Absolute Mortality,uWUE,Low,38,-0.08203,73.7,0.03275,0.09212,ns
M1vsM2_12m,tertiles,Relative Mortality,ETmax,High,37,-0.00037,54.1,0.3474,0.4114,ns
M1vsM2_12m,tertiles,Relative Mortality,GPPsat,High,37,-1.15084,59.5,0.005164,0.02905,*
M1vsM2_12m,tertiles,Relative Mortality,NEPmax,High,37,-1.2058,64.9,0.003623,0.02717,*
M1vsM2_12m,tertiles,Relative Mortality,WUE,High,37,-0.03279,56.8,0.05324,0.1051,ns
M1vsM2_12m,tertiles,Relative Mortality,uWUE,High,37,-0.00082,51.4,0.3814,0.4291,ns
M1vsM2_12m,tertiles,Relative Mortality,ETmax,Mid,37,-0.00325,59.5,0.1137,0.1765,ns
M1vsM2_12m,tertiles,Relative Mortality,GPPsat,Mid,37,-1.1463,75.7,0.0009425,0.01365,*
M1vsM2_12m,tertiles,Relative Mortality,NEPmax,Mid,37,-1.27937,70.3,0.007893,0.03365,*
M1vsM2_12m,tertiles,Relative Mortality,WUE,Mid,37,-0.06742,59.5,0.0759,0.1314,ns
M1vsM2_12m,tertiles,Relative Mortality,uWUE,Mid,37,-0.09149,62.2,0.02493,0.07478,ns
M1vsM2_12m,tertiles,Relative Mortality,ETmax,Low,38,-0.00088,52.6,0.257,0.3304,ns
M1vsM2_12m,tertiles,Relative Mortality,GPPsat,Low,38,-0.42652,68.4,0.01229,0.04255,*
M1vsM2_12m,tertiles,Relative Mortality,NEPmax,Low,38,-0.75433,65.8,0.07554,0.1314,ns
M1vsM2_12m,tertiles,Relative Mortality,WUE,Low,38,0.00274,50,0.2342,0.3194,ns
M1vsM2_12m,tertiles,Relative Mortality,uWUE,Low,38,-0.02271,52.6,0.5634,0.5762,ns
M1vsM2_12m,tertiles,Relative Disturbance,ETmax,High,37,-0.00037,51.4,0.4105,0.4505,ns
M1vsM2_12m,tertiles,Relative Disturbance,GPPsat,High,37,-1.19395,59.5,0.004528,0.02905,*
M1vsM2_12m,tertiles,Relative Disturbance,NEPmax,High,37,-1.30898,67.6,0.001213,0.01365,*
M1vsM2_12m,tertiles,Relative Disturbance,WUE,High,37,0.00607,48.6,0.1867,0.271,ns
M1vsM2_12m,tertiles,Relative Disturbance,uWUE,High,37,0.03809,48.6,0.4579,0.4907,ns
M1vsM2_12m,tertiles,Relative Disturbance,ETmax,Mid,37,-0.00599,67.6,0.04006,0.1051,ns
M1vsM2_12m,tertiles,Relative Disturbance,GPPsat,Mid,37,-1.23155,78.4,0.0004053,0.009119,**
M1vsM2_12m,tertiles,Relative Disturbance,NEPmax,Mid,37,-1.28458,75.7,0.003019,0.02717,*
M1vsM2_12m,tertiles,Relative Disturbance,WUE,Mid,37,-0.06013,64.9,0.04273,0.1051,ns
M1vsM2_12m,tertiles,Relative Disturbance,uWUE,Mid,37,-0.06522,59.5,0.07377,0.1314,ns
M1vsM2_12m,tertiles,Relative Disturbance,ETmax,Low,38,0.00065,47.4,0.4769,0.4991,ns
M1vsM2_12m,tertiles,Relative Disturbance,GPPsat,Low,38,-0.42652,65.8,0.01375,0.0442,*
M1vsM2_12m,tertiles,Relative Disturbance,NEPmax,Low,38,-0.2991,57.9,0.2211,0.3109,ns
M1vsM2_12m,tertiles,Relative Disturbance,WUE,Low,38,-0.03419,52.6,0.0984,0.1581,ns
M1vsM2_12m,tertiles,Relative Disturbance,uWUE,Low,38,-0.05233,57.9,0.2858,0.3573,ns
M1vsM2_12m,equal_width,Absolute Mortality,ETmax,Mid,52,-0.00193,55.8,0.1873,0.2554,ns
M1vsM2_12m,equal_width,Absolute Mortality,GPPsat,Mid,52,-0.34774,57.7,0.03192,0.09577,ns
M1vsM2_12m,equal_width,Absolute Mortality,NEPmax,Mid,52,-1.01869,61.5,0.04735,0.1164,ns
M1vsM2_12m,equal_width,Absolute Mortality,WUE,Mid,52,-0.05305,61.5,0.0179,0.0778,ns
M1vsM2_12m,equal_width,Absolute Mortality,uWUE,Mid,52,-0.02116,53.8,0.18,0.2532,ns
M1vsM2_12m,equal_width,Absolute Mortality,ETmax,Low,54,-0.00111,55.6,0.1279,0.2131,ns
M1vsM2_12m,equal_width,Absolute Mortality,GPPsat,Low,54,-0.97426,79.6,5.864e-06,0.0002639,***
M1vsM2_12m,equal_width,Absolute Mortality,NEPmax,Low,54,-1.23549,74.1,0.0004874,0.006371,**
M1vsM2_12m,equal_width,Absolute Mortality,WUE,Low,54,-0.00575,50,0.1371,0.2203,ns
M1vsM2_12m,equal_width,Absolute Mortality,uWUE,Low,54,-0.05233,59.3,0.174,0.2526,ns
M1vsM2_12m,equal_width,Absolute Mortality,ETmax,High,6,0.00085,50,0.7353,0.7695,ns
M1vsM2_12m,equal_width,Absolute Mortality,GPPsat,High,6,-0.0429,50,0.3375,0.3997,ns
M1vsM2_12m,equal_width,Absolute Mortality,NEPmax,High,6,-0.81475,50,0.2008,0.2582,ns
M1vsM2_12m,equal_width,Absolute Mortality,WUE,High,6,-0.05231,50,0.5,0.5488,ns
M1vsM2_12m,equal_width,Absolute Mortality,uWUE,High,6,0.06608,33.3,0.6625,0.7098,ns
M1vsM2_12m,equal_width,Relative Mortality,ETmax,Mid,34,-0.00056,55.9,0.2635,0.3294,ns
M1vsM2_12m,equal_width,Relative Mortality,GPPsat,Mid,34,-1.30199,61.8,0.004679,0.02632,*
M1vsM2_12m,equal_width,Relative Mortality,NEPmax,Mid,34,-1.30994,70.6,0.001311,0.00983,**
M1vsM2_12m,equal_width,Relative Mortality,WUE,Mid,34,-0.02958,55.9,0.1649,0.2474,ns
M1vsM2_12m,equal_width,Relative Mortality,uWUE,Mid,34,0.05153,44.1,0.753,0.7701,ns
M1vsM2_12m,equal_width,Relative Mortality,ETmax,High,8,-0.00108,50,0.4168,0.4689,ns
M1vsM2_12m,equal_width,Relative Mortality,GPPsat,High,8,-1.15119,62.5,0.117,0.2106,ns
M1vsM2_12m,equal_width,Relative Mortality,NEPmax,High,8,-1.13393,62.5,0.09172,0.1876,ns
M1vsM2_12m,equal_width,Relative Mortality,WUE,High,8,-0.3493,62.5,0.05366,0.1207,ns
M1vsM2_12m,equal_width,Relative Mortality,uWUE,High,8,-0.28076,87.5,0.04003,0.11,ns
M1vsM2_12m,equal_width,Relative Mortality,ETmax,Low,70,-0.0019,55.7,0.1221,0.2113,ns
M1vsM2_12m,equal_width,Relative Mortality,GPPsat,Low,70,-0.50003,71.4,0.0001561,0.003512,**
M1vsM2_12m,equal_width,Relative Mortality,NEPmax,Low,70,-0.99427,65.7,0.01231,0.06156,ns
M1vsM2_12m,equal_width,Relative Mortality,WUE,Low,70,-0.04902,54.3,0.06118,0.1311,ns
M1vsM2_12m,equal_width,Relative Mortality,uWUE,Low,70,-0.06573,57.1,0.09999,0.1956,ns
M1vsM2_12m,equal_width,Relative Disturbance,ETmax,Mid,39,-0.00153,59,0.146,0.2266,ns
M1vsM2_12m,equal_width,Relative Disturbance,GPPsat,Mid,39,-1.41004,64.1,0.003321,0.02135,*
M1vsM2_12m,equal_width,Relative Disturbance,NEPmax,Mid,39,-1.28458,69.2,0.001147,0.00983,**
M1vsM2_12m,equal_width,Relative Disturbance,WUE,Mid,39,-0.01898,51.3,0.3352,0.3997,ns
M1vsM2_12m,equal_width,Relative Disturbance,uWUE,Mid,39,0.05728,43.6,0.7807,0.7807,ns
M1vsM2_12m,equal_width,Relative Disturbance,ETmax,High,10,-0.00108,50,0.3799,0.4383,ns
M1vsM2_12m,equal_width,Relative Disturbance,GPPsat,High,10,-1.53759,70,0.04157,0.11,ns
M1vsM2_12m,equal_width,Relative Disturbance,NEPmax,High,10,-2.30203,70,0.02639,0.09136,ns
M1vsM2_12m,equal_width,Relative Disturbance,WUE,High,10,-0.3493,70,0.02075,0.0778,ns
M1vsM2_12m,equal_width,Relative Disturbance,uWUE,High,10,-0.24431,90,0.02075,0.0778,ns
M1vsM2_12m,equal_width,Relative Disturbance,ETmax,Low,63,-0.00147,54,0.1989,0.2582,ns
M1vsM2_12m,equal_width,Relative Disturbance,GPPsat,Low,63,-0.49631,69.8,0.0005663,0.006371,**
M1vsM2_12m,equal_width,Relative Disturbance,NEPmax,Low,63,-0.87836,65.1,0.02873,0.09235,ns
M1vsM2_12m,equal_width,Relative Disturbance,WUE,Low,63,-0.05404,55.6,0.04913,0.1164,ns
M1vsM2_12m,equal_width,Relative Disturbance,uWUE,Low,63,-0.06522,57.1,0.1096,0.2054,ns
M1vsM2_12m,natural_breaks,Absolute Mortality,ETmax,High,29,-0.00267,55.2,0.4144,0.4698,ns
M1vsM2_12m,natural_breaks,Absolute Mortality,GPPsat,High,29,-0.27433,62.1,0.05723,0.1193,ns
M1vsM2_12m,natural_breaks,Absolute Mortality,NEPmax,High,29,-1.27937,65.5,0.007274,0.03273,*
M1vsM2_12m,natural_breaks,Absolute Mortality,WUE,High,29,-0.01898,51.7,0.2445,0.3206,ns
M1vsM2_12m,natural_breaks,Absolute Mortality,uWUE,High,29,0.08069,41.4,0.7555,0.7555,ns
M1vsM2_12m,natural_breaks,Absolute Mortality,ETmax,Mid,46,-0.00193,60.9,0.03011,0.09679,ns
M1vsM2_12m,natural_breaks,Absolute Mortality,GPPsat,Mid,46,-1.06387,65.2,0.004658,0.02925,*
M1vsM2_12m,natural_breaks,Absolute Mortality,NEPmax,Mid,46,-1.00459,67.4,0.03837,0.1068,ns
M1vsM2_12m,natural_breaks,Absolute Mortality,WUE,Mid,46,-0.03839,54.3,0.06582,0.1288,ns
M1vsM2_12m,natural_breaks,Absolute Mortality,uWUE,Mid,46,-0.0061,50,0.1911,0.2773,ns
M1vsM2_12m,natural_breaks,Absolute Mortality,ETmax,Low,37,0.00061,48.6,0.44,0.4715,ns
M1vsM2_12m,natural_breaks,Absolute Mortality,GPPsat,Low,37,-0.84495,75.7,0.0003079,0.006694,**
M1vsM2_12m,natural_breaks,Absolute Mortality,NEPmax,Low,37,-1.14462,67.6,0.008226,0.03365,*
M1vsM2_12m,natural_breaks,Absolute Mortality,WUE,Low,37,-0.06742,59.5,0.04273,0.1068,ns
M1vsM2_12m,natural_breaks,Absolute Mortality,uWUE,Low,37,-0.07256,73,0.04138,0.1068,ns
M1vsM2_12m,natural_breaks,Relative Mortality,ETmax,Mid,45,-0.0032,62.2,0.05833,0.1193,ns
M1vsM2_12m,natural_breaks,Relative Mortality,GPPsat,Mid,45,-1.23155,73.3,0.0002334,0.006694,**
M1vsM2_12m,natural_breaks,Relative Mortality,NEPmax,Mid,45,-1.27937,68.9,0.005199,0.02925,*
M1vsM2_12m,natural_breaks,Relative Mortality,WUE,Mid,45,-0.06013,60,0.09713,0.1561,ns
M1vsM2_12m,natural_breaks,Relative Mortality,uWUE,Mid,45,-0.02681,55.6,0.2214,0.3019,ns
M1vsM2_12m,natural_breaks,Relative Mortality,ETmax,High,26,0.00129,46.2,0.5505,0.563,ns
M1vsM2_12m,natural_breaks,Relative Mortality,GPPsat,High,26,-0.87999,57.7,0.03373,0.1012,ns
M1vsM2_12m,natural_breaks,Relative Mortality,NEPmax,High,26,-1.17963,69.2,0.003288,0.02466,*
M1vsM2_12m,natural_breaks,Relative Mortality,WUE,High,26,-0.02589,53.8,0.05479,0.1193,ns
M1vsM2_12m,natural_breaks,Relative Mortality,uWUE,High,26,-0.07133,57.7,0.0933,0.1561,ns
M1vsM2_12m,natural_breaks,Relative Mortality,ETmax,Low,41,-0.00146,53.7,0.2712,0.3391,ns
M1vsM2_12m,natural_breaks,Relative Mortality,GPPsat,Low,41,-0.42687,68.3,0.01207,0.04528,*
M1vsM2_12m,natural_breaks,Relative Mortality,NEPmax,Low,41,-0.59862,63.4,0.08479,0.1561,ns
M1vsM2_12m,natural_breaks,Relative Mortality,WUE,Low,41,-0.02673,51.2,0.1998,0.281,ns
M1vsM2_12m,natural_breaks,Relative Mortality,uWUE,Low,41,-0.02418,53.7,0.428,0.4698,ns
M1vsM2_12m,natural_breaks,Relative Disturbance,ETmax,Mid,49,-0.0039,63.3,0.05463,0.1193,ns
M1vsM2_12m,natural_breaks,Relative Disturbance,GPPsat,Mid,49,-1.23155,71.4,0.0004462,0.006694,**
M1vsM2_12m,natural_breaks,Relative Disturbance,NEPmax,Mid,49,-1.28458,71.4,0.001422,0.01279,*
M1vsM2_12m,natural_breaks,Relative Disturbance,WUE,Mid,49,-0.05404,59.2,0.1284,0.1992,ns
M1vsM2_12m,natural_breaks,Relative Disturbance,uWUE,Mid,49,-0.02418,55.1,0.2494,0.3206,ns
M1vsM2_12m,natural_breaks,Relative Disturbance,ETmax,High,24,-0.00012,50,0.4715,0.4935,ns
M1vsM2_12m,natural_breaks,Relative Disturbance,GPPsat,High,24,-1.4165,66.7,0.00621,0.03105,*
M1vsM2_12m,natural_breaks,Relative Disturbance,NEPmax,High,24,-1.47855,75,0.001415,0.01279,*
M1vsM2_12m,natural_breaks,Relative Disturbance,WUE,High,24,-0.01336,50,0.09199,0.1561,ns
M1vsM2_12m,natural_breaks,Relative Disturbance,uWUE,High,24,-0.03466,54.2,0.1621,0.2432,ns
M1vsM2_12m,natural_breaks,Relative Disturbance,ETmax,Low,39,0.00061,48.7,0.4198,0.4698,ns
M1vsM2_12m,natural_breaks,Relative Disturbance,GPPsat,Low,39,-0.42617,64.1,0.02116,0.07323,ns
M1vsM2_12m,natural_breaks,Relative Disturbance,NEPmax,Low,39,-0.24932,56.4,0.2812,0.3421,ns
M1vsM2_12m,natural_breaks,Relative Disturbance,WUE,Low,39,-0.04165,53.8,0.09598,0.1561,ns
M1vsM2_12m,natural_breaks,Relative Disturbance,uWUE,Low,39,-0.03843,56.4,0.361,0.4275,ns
M1vsM2_24m,tertiles,Absolute Mortality,ETmax,High,37,0,48.6,0.2391,0.3165,ns
M1vsM2_24m,tertiles,Absolute Mortality,GPPsat,High,37,-0.78585,70.3,0.001275,0.009565,**
M1vsM2_24m,tertiles,Absolute Mortality,NEPmax,High,37,-1.01379,67.6,0.004732,0.02129,*
M1vsM2_24m,tertiles,Absolute Mortality,WUE,High,37,-0.05798,56.8,0.1634,0.2372,ns
M1vsM2_24m,tertiles,Absolute Mortality,uWUE,High,37,-0.0298,56.8,0.3586,0.3936,ns
M1vsM2_24m,tertiles,Absolute Mortality,ETmax,Mid,37,-0.00136,56.8,0.1455,0.2234,ns
M1vsM2_24m,tertiles,Absolute Mortality,GPPsat,Mid,37,-0.95188,70.3,0.008571,0.02755,*
M1vsM2_24m,tertiles,Absolute Mortality,NEPmax,Mid,37,-0.70578,59.5,0.05162,0.1291,ns
M1vsM2_24m,tertiles,Absolute Mortality,WUE,Mid,37,-0.04507,62.2,0.1025,0.1775,ns
M1vsM2_24m,tertiles,Absolute Mortality,uWUE,Mid,37,0.02082,43.2,0.3093,0.3663,ns
M1vsM2_24m,tertiles,Absolute Mortality,ETmax,Low,38,-0.00142,55.3,0.2477,0.3185,ns
M1vsM2_24m,tertiles,Absolute Mortality,GPPsat,Low,38,-1.02552,73.7,0.002238,0.01119,*
M1vsM2_24m,tertiles,Absolute Mortality,NEPmax,Low,38,-1.34161,71.1,0.00772,0.02672,*
M1vsM2_24m,tertiles,Absolute Mortality,WUE,Low,38,-0.0388,60.5,0.06575,0.1409,ns
M1vsM2_24m,tertiles,Absolute Mortality,uWUE,Low,38,-0.07296,60.5,0.1321,0.2122,ns
M1vsM2_24m,tertiles,Relative Mortality,ETmax,High,37,0,48.6,0.4223,0.4524,ns
M1vsM2_24m,tertiles,Relative Mortality,GPPsat,High,37,-0.79061,67.6,0.0006912,0.009089,**
M1vsM2_24m,tertiles,Relative Mortality,NEPmax,High,37,-1.01379,67.6,0.001554,0.009988,**
M1vsM2_24m,tertiles,Relative Mortality,WUE,High,37,-0.02932,64.9,0.05833,0.1312,ns
M1vsM2_24m,tertiles,Relative Mortality,uWUE,High,37,0.02082,45.9,0.3474,0.3909,ns
M1vsM2_24m,tertiles,Relative Mortality,ETmax,Mid,37,-0.0033,59.5,0.05489,0.13,ns
M1vsM2_24m,tertiles,Relative Mortality,GPPsat,Mid,37,-1.021,78.4,0.0005597,0.009089,**
M1vsM2_24m,tertiles,Relative Mortality,NEPmax,Mid,37,-1.57142,64.9,0.005878,0.02404,*
M1vsM2_24m,tertiles,Relative Mortality,WUE,Mid,37,-0.0931,62.2,0.1167,0.1944,ns
M1vsM2_24m,tertiles,Relative Mortality,uWUE,Mid,37,-0.07933,64.9,0.02966,0.0786,ns
M1vsM2_24m,tertiles,Relative Mortality,ETmax,Low,38,-0.00114,52.6,0.3008,0.3658,ns
M1vsM2_24m,tertiles,Relative Mortality,GPPsat,Low,38,-0.54873,68.4,0.02969,0.0786,ns
M1vsM2_24m,tertiles,Relative Mortality,NEPmax,Low,38,-1.05581,65.8,0.0715,0.1462,ns
M1vsM2_24m,tertiles,Relative Mortality,WUE,Low,38,-0.01477,52.6,0.2298,0.3165,ns
M1vsM2_24m,tertiles,Relative Mortality,uWUE,Low,38,0.00331,50,0.5804,0.5804,ns
M1vsM2_24m,tertiles,Relative Disturbance,ETmax,High,37,0,48.6,0.5241,0.5484,ns
M1vsM2_24m,tertiles,Relative Disturbance,GPPsat,High,37,-0.79061,67.6,0.001154,0.009565,**
M1vsM2_24m,tertiles,Relative Disturbance,NEPmax,High,37,-1.01379,67.6,0.002076,0.01119,*
M1vsM2_24m,tertiles,Relative Disturbance,WUE,High,37,-0.02932,59.5,0.1489,0.2234,ns
M1vsM2_24m,tertiles,Relative Disturbance,uWUE,High,37,0.02082,45.9,0.3364,0.3881,ns
M1vsM2_24m,tertiles,Relative Disturbance,ETmax,Mid,37,-0.00783,64.9,0.006965,0.02612,*
M1vsM2_24m,tertiles,Relative Disturbance,GPPsat,Mid,37,-1.33259,78.4,0.0002754,0.009089,**
M1vsM2_24m,tertiles,Relative Disturbance,NEPmax,Mid,37,-1.57142,73,0.0008079,0.009089,**
M1vsM2_24m,tertiles,Relative Disturbance,WUE,Mid,37,-0.08355,62.2,0.09467,0.1775,ns
M1vsM2_24m,tertiles,Relative Disturbance,uWUE,Mid,37,-0.07681,62.2,0.09986,0.1775,ns
M1vsM2_24m,tertiles,Relative Disturbance,ETmax,Low,38,0.00079,47.4,0.5577,0.5703,ns
M1vsM2_24m,tertiles,Relative Disturbance,GPPsat,Low,38,-0.50807,68.4,0.02268,0.06804,ns
M1vsM2_24m,tertiles,Relative Disturbance,NEPmax,Low,38,-0.39144,57.9,0.2387,0.3165,ns
M1vsM2_24m,tertiles,Relative Disturbance,WUE,Low,38,-0.0452,57.9,0.07763,0.1519,ns
M1vsM2_24m,tertiles,Relative Disturbance,uWUE,Low,38,-0.02313,52.6,0.2712,0.339,ns
M1vsM2_24m,equal_width,Absolute Mortality,ETmax,Mid,52,-0.00131,51.9,0.1661,0.2335,ns
M1vsM2_24m,equal_width,Absolute Mortality,GPPsat,Mid,52,-0.78893,67.3,0.003465,0.01732,*
M1vsM2_24m,equal_width,Absolute Mortality,NEPmax,Mid,52,-0.68488,59.6,0.02762,0.08877,ns
M1vsM2_24m,equal_width,Absolute Mortality,WUE,Mid,52,-0.08832,63.5,0.0179,0.07324,ns
M1vsM2_24m,equal_width,Absolute Mortality,uWUE,Mid,52,-0.06647,57.7,0.08245,0.1613,ns
M1vsM2_24m,equal_width,Absolute Mortality,ETmax,Low,54,-0.00164,57.4,0.1243,0.2072,ns
M1vsM2_24m,equal_width,Absolute Mortality,GPPsat,Low,54,-1.02552,77.8,5.731e-05,0.002579,**
M1vsM2_24m,equal_width,Absolute Mortality,NEPmax,Low,54,-1.35971,72.2,0.0005181,0.003886,**
M1vsM2_24m,equal_width,Absolute Mortality,WUE,Low,54,-0.03007,57.4,0.1409,0.2264,ns
M1vsM2_24m,equal_width,Absolute Mortality,uWUE,Low,54,-0.00809,51.9,0.3148,0.3829,ns
M1vsM2_24m,equal_width,Absolute Mortality,ETmax,High,6,0.00177,33.3,0.8527,0.8527,ns
M1vsM2_24m,equal_width,Absolute Mortality,GPPsat,High,6,-0.23522,50,0.2008,0.2582,ns
M1vsM2_24m,equal_width,Absolute Mortality,NEPmax,High,6,-0.8676,66.7,0.1042,0.1876,ns
M1vsM2_24m,equal_width,Absolute Mortality,WUE,High,6,-0.02385,50,0.583,0.6559,ns
M1vsM2_24m,equal_width,Absolute Mortality,uWUE,High,6,0.0813,33.3,0.7992,0.8173,ns
M1vsM2_24m,equal_width,Relative Mortality,ETmax,Mid,34,-0.00063,50,0.187,0.2475,ns
M1vsM2_24m,equal_width,Relative Mortality,GPPsat,Mid,34,-1.01586,70.6,0.0007811,0.005022,**
M1vsM2_24m,equal_width,Relative Mortality,NEPmax,Mid,34,-1.17586,70.6,0.0003139,0.003381,**
M1vsM2_24m,equal_width,Relative Mortality,WUE,Mid,34,-0.02826,61.8,0.2108,0.2635,ns
M1vsM2_24m,equal_width,Relative Mortality,uWUE,Mid,34,0.02973,47.1,0.5611,0.6475,ns
M1vsM2_24m,equal_width,Relative Mortality,ETmax,High,8,0.00277,50,0.7794,0.8173,ns
M1vsM2_24m,equal_width,Relative Mortality,GPPsat,High,8,-1.40297,62.5,0.07074,0.1572,ns
M1vsM2_24m,equal_width,Relative Mortality,NEPmax,High,8,-0.89116,62.5,0.1468,0.2278,ns
M1vsM2_24m,equal_width,Relative Mortality,WUE,High,8,-0.33032,75,0.07074,0.1572,ns
M1vsM2_24m,equal_width,Relative Mortality,uWUE,High,8,-0.3543,62.5,0.117,0.2025,ns
M1vsM2_24m,equal_width,Relative Mortality,ETmax,Low,70,-0.00147,55.7,0.09795,0.1837,ns
M1vsM2_24m,equal_width,Relative Mortality,GPPsat,Low,70,-0.73294,72.9,0.0003091,0.003381,**
M1vsM2_24m,equal_width,Relative Mortality,NEPmax,Low,70,-1.05581,64.3,0.01056,0.04753,*
M1vsM2_24m,equal_width,Relative Mortality,WUE,Low,70,-0.0465,57.1,0.07334,0.1572,ns
M1vsM2_24m,equal_width,Relative Mortality,uWUE,Low,70,-0.03486,55.7,0.1642,0.2335,ns
M1vsM2_24m,equal_width,Relative Disturbance,ETmax,Mid,39,-0.00126,51.3,0.07832,0.1602,ns
M1vsM2_24m,equal_width,Relative Disturbance,GPPsat,Mid,39,-1.17957,71.8,0.0003757,0.003381,**
M1vsM2_24m,equal_width,Relative Disturbance,NEPmax,Mid,39,-1.11025,71.8,0.0001915,0.003381,**
M1vsM2_24m,equal_width,Relative Disturbance,WUE,Mid,39,-0.01979,56.4,0.4528,0.5362,ns
M1vsM2_24m,equal_width,Relative Disturbance,uWUE,Mid,39,0.03865,46.2,0.6749,0.7408,ns
M1vsM2_24m,equal_width,Relative Disturbance,ETmax,High,10,0.00243,50,0.7926,0.8173,ns
M1vsM2_24m,equal_width,Relative Disturbance,GPPsat,High,10,-2.02,70,0.02075,0.0778,ns
M1vsM2_24m,equal_width,Relative Disturbance,NEPmax,High,10,-2.29494,70,0.04157,0.1169,ns
M1vsM2_24m,equal_width,Relative Disturbance,WUE,High,10,-0.33818,80,0.02639,0.08877,ns
M1vsM2_24m,equal_width,Relative Disturbance,uWUE,High,10,-0.3543,70,0.05146,0.1286,ns
M1vsM2_24m,equal_width,Relative Disturbance,ETmax,Low,63,-0.00136,55.6,0.1579,0.2335,ns
M1vsM2_24m,equal_width,Relative Disturbance,GPPsat,Low,63,-0.60143,71.4,0.001225,0.006892,**
M1vsM2_24m,equal_width,Relative Disturbance,NEPmax,Low,63,-1.03666,61.9,0.03153,0.0946,ns
M1vsM2_24m,equal_width,Relative Disturbance,WUE,Low,63,-0.0529,58.7,0.04641,0.1228,ns
M1vsM2_24m,equal_width,Relative Disturbance,uWUE,Low,63,-0.03137,55.6,0.1804,0.246,ns
M1vsM2_24m,natural_breaks,Absolute Mortality,ETmax,High,29,0,48.3,0.4228,0.4757,ns
M1vsM2_24m,natural_breaks,Absolute Mortality,GPPsat,High,29,-0.79061,69,0.003437,0.01718,*
M1vsM2_24m,natural_breaks,Absolute Mortality,NEPmax,High,29,-1.01379,69,0.00685,0.02802,*
M1vsM2_24m,natural_breaks,Absolute Mortality,WUE,High,29,-0.01375,51.7,0.2311,0.3189,ns
M1vsM2_24m,natural_breaks,Absolute Mortality,uWUE,High,29,-0.01055,51.7,0.5772,0.604,ns
M1vsM2_24m,natural_breaks,Absolute Mortality,ETmax,Mid,46,-0.00147,56.5,0.0604,0.1182,ns
M1vsM2_24m,natural_breaks,Absolute Mortality,GPPsat,Mid,46,-0.86956,71.7,0.002251,0.01689,*
M1vsM2_24m,natural_breaks,Absolute Mortality,NEPmax,Mid,46,-0.87122,60.9,0.02725,0.06891,ns
M1vsM2_24m,natural_breaks,Absolute Mortality,WUE,Mid,46,-0.04899,63,0.07012,0.1315,ns
M1vsM2_24m,natural_breaks,Absolute Mortality,uWUE,Mid,46,-0.00821,50,0.1169,0.1948,ns
M1vsM2_24m,natural_breaks,Absolute Mortality,ETmax,Low,37,-0.00113,54.1,0.304,0.3579,ns
M1vsM2_24m,natural_breaks,Absolute Mortality,GPPsat,Low,37,-1.021,73,0.003019,0.01698,*
M1vsM2_24m,natural_breaks,Absolute Mortality,NEPmax,Low,37,-1.3384,70.3,0.009684,0.03631,*
M1vsM2_24m,natural_breaks,Absolute Mortality,WUE,Low,37,-0.04011,62.2,0.05162,0.1146,ns
M1vsM2_24m,natural_breaks,Absolute Mortality,uWUE,Low,37,-0.06034,59.5,0.1634,0.2535,ns
M1vsM2_24m,natural_breaks,Relative Mortality,ETmax,Mid,45,-0.00405,57.8,0.01839,0.05517,ns
M1vsM2_24m,natural_breaks,Relative Mortality,GPPsat,Mid,45,-1.32736,80,0.0001167,0.002769,**
M1vsM2_24m,natural_breaks,Relative Mortality,NEPmax,Mid,45,-1.45739,66.7,0.00129,0.01273,*
M1vsM2_24m,natural_breaks,Relative Mortality,WUE,Mid,45,-0.05798,60,0.2491,0.3297,ns
M1vsM2_24m,natural_breaks,Relative Mortality,uWUE,Mid,45,-0.05613,57.8,0.2281,0.3189,ns
M1vsM2_24m,natural_breaks,Relative Mortality,ETmax,High,26,0.00177,46.2,0.7455,0.7455,ns
M1vsM2_24m,natural_breaks,Relative Mortality,GPPsat,High,26,-0.76409,65.4,0.004128,0.01858,*
M1vsM2_24m,natural_breaks,Relative Mortality,NEPmax,High,26,-0.8676,65.4,0.01271,0.04085,*
M1vsM2_24m,natural_breaks,Relative Mortality,WUE,High,26,-0.09011,69.2,0.02525,0.06891,ns
M1vsM2_24m,natural_breaks,Relative Mortality,uWUE,High,26,-0.03317,53.8,0.1021,0.1766,ns
M1vsM2_24m,natural_breaks,Relative Mortality,ETmax,Low,41,-0.00115,53.7,0.3066,0.3579,ns
M1vsM2_24m,natural_breaks,Relative Mortality,GPPsat,Low,41,-0.52635,65.9,0.02757,0.06891,ns
M1vsM2_24m,natural_breaks,Relative Mortality,NEPmax,Low,41,-1.03666,65.9,0.05845,0.1182,ns
M1vsM2_24m,natural_breaks,Relative Mortality,WUE,Low,41,-0.02822,53.7,0.1856,0.2784,ns
M1vsM2_24m,natural_breaks,Relative Mortality,uWUE,Low,41,0.00792,48.8,0.572,0.604,ns
M1vsM2_24m,natural_breaks,Relative Disturbance,ETmax,Mid,49,-0.00637,59.2,0.01229,0.04085,*
M1vsM2_24m,natural_breaks,Relative Disturbance,GPPsat,Mid,49,-1.33259,75.5,0.0001526,0.002769,**
M1vsM2_24m,natural_breaks,Relative Disturbance,NEPmax,Mid,49,-1.53973,71.4,0.0001846,0.002769,**
M1vsM2_24m,natural_breaks,Relative Disturbance,WUE,Mid,49,-0.04011,59.2,0.2339,0.3189,ns
M1vsM2_24m,natural_breaks,Relative Disturbance,uWUE,Mid,49,-0.0298,57.1,0.2753,0.354,ns
M1vsM2_24m,natural_breaks,Relative Disturbance,ETmax,High,24,-0.00063,50,0.607,0.6208,ns
M1vsM2_24m,natural_breaks,Relative Disturbance,GPPsat,High,24,-0.78893,70.8,0.001415,0.01273,*
M1vsM2_24m,natural_breaks,Relative Disturbance,NEPmax,High,24,-1.26392,70.8,0.002915,0.01698,*
M1vsM2_24m,natural_breaks,Relative Disturbance,WUE,High,24,-0.0372,62.5,0.07864,0.1416,ns
M1vsM2_24m,natural_breaks,Relative Disturbance,uWUE,High,24,-0.06356,50,0.1295,0.2082,ns
M1vsM2_24m,natural_breaks,Relative Disturbance,ETmax,Low,39,0.00038,48.7,0.5472,0.6006,ns
M1vsM2_24m,natural_breaks,Relative Disturbance,GPPsat,Low,39,-0.48979,66.7,0.03325,0.07874,ns
M1vsM2_24m,natural_breaks,Relative Disturbance,NEPmax,Low,39,-0.22515,56.4,0.3053,0.3579,ns
M1vsM2_24m,natural_breaks,Relative Disturbance,WUE,Low,39,-0.0529,59,0.0535,0.1146,ns
M1vsM2_24m,natural_breaks,Relative Disturbance,uWUE,Low,39,-0.01488,51.3,0.3102,0.3579,ns
M3vsM4_12m,tertiles,Absolute Mortality,ETmax,High,37,-0.00214,56.8,0.2164,0.3043,ns
M3vsM4_12m,tertiles,Absolute Mortality,GPPsat,High,37,-0.96846,64.9,0.01549,0.04647,*
M3vsM4_12m,tertiles,Absolute Mortality,NEPmax,High,37,-0.94755,62.2,0.01435,0.04613,*
M3vsM4_12m,tertiles,Absolute Mortality,WUE,High,37,-0.01053,54.1,0.4699,0.5035,ns
M3vsM4_12m,tertiles,Absolute Mortality,uWUE,High,37,0.00104,48.6,0.5361,0.561,ns
M3vsM4_12m,tertiles,Absolute Mortality,ETmax,Mid,37,-0.00146,56.8,0.1908,0.2862,ns
M3vsM4_12m,tertiles,Absolute Mortality,GPPsat,Mid,37,-0.706,73,0.01182,0.04091,*
M3vsM4_12m,tertiles,Absolute Mortality,NEPmax,Mid,37,-0.87718,64.9,0.1321,0.2378,ns
M3vsM4_12m,tertiles,Absolute Mortality,WUE,Mid,37,0.01297,48.6,0.4282,0.5035,ns
M3vsM4_12m,tertiles,Absolute Mortality,uWUE,Mid,37,-0.03727,54.1,0.1748,0.2773,ns
M3vsM4_12m,tertiles,Absolute Mortality,ETmax,Low,38,-0.00066,52.6,0.2084,0.3025,ns
M3vsM4_12m,tertiles,Absolute Mortality,GPPsat,Low,38,-0.42818,73.7,0.0004484,0.02018,*
M3vsM4_12m,tertiles,Absolute Mortality,NEPmax,Low,38,-0.54049,60.5,0.007125,0.03419,*
M3vsM4_12m,tertiles,Absolute Mortality,WUE,Low,38,-0.05607,73.7,0.01905,0.05357,ns
M3vsM4_12m,tertiles,Absolute Mortality,uWUE,Low,38,-0.05908,60.5,0.06762,0.1384,ns
M3vsM4_12m,tertiles,Relative Mortality,ETmax,High,37,-0.00185,54.1,0.4164,0.5035,ns
M3vsM4_12m,tertiles,Relative Mortality,GPPsat,High,37,-0.85707,64.9,0.009684,0.03631,*
M3vsM4_12m,tertiles,Relative Mortality,NEPmax,High,37,-1.44832,67.6,0.004144,0.03108,*
M3vsM4_12m,tertiles,Relative Mortality,WUE,High,37,0.01808,48.6,0.452,0.5035,ns
M3vsM4_12m,tertiles,Relative Mortality,uWUE,High,37,-0.00128,51.4,0.2632,0.3549,ns
M3vsM4_12m,tertiles,Relative Mortality,ETmax,Mid,37,-0.00376,62.2,0.04412,0.1041,ns
M3vsM4_12m,tertiles,Relative Mortality,GPPsat,Mid,37,-1.24892,73,0.002883,0.03108,*
M3vsM4_12m,tertiles,Relative Mortality,NEPmax,Mid,37,-0.5694,64.9,0.02769,0.07328,ns
M3vsM4_12m,tertiles,Relative Mortality,WUE,Mid,37,-0.02689,67.6,0.07168,0.1402,ns
M3vsM4_12m,tertiles,Relative Mortality,uWUE,Mid,37,-0.06485,62.2,0.1787,0.2773,ns
M3vsM4_12m,tertiles,Relative Mortality,ETmax,Low,38,-0.00025,50,0.3318,0.4147,ns
M3vsM4_12m,tertiles,Relative Mortality,GPPsat,Low,38,-0.33427,73.7,0.002342,0.03108,*
M3vsM4_12m,tertiles,Relative Mortality,NEPmax,Low,38,-0.19716,55.3,0.07554,0.1416,ns
M3vsM4_12m,tertiles,Relative Mortality,WUE,Low,38,-0.04964,60.5,0.1416,0.2451,ns
M3vsM4_12m,tertiles,Relative Mortality,uWUE,Low,38,-0.00233,50,0.2761,0.3549,ns
M3vsM4_12m,tertiles,Relative Disturbance,ETmax,High,37,5e-05,48.6,0.6357,0.6357,ns
M3vsM4_12m,tertiles,Relative Disturbance,GPPsat,High,37,-0.87027,67.6,0.008226,0.03419,*
M3vsM4_12m,tertiles,Relative Disturbance,NEPmax,High,37,-1.18151,67.6,0.003789,0.03108,*
M3vsM4_12m,tertiles,Relative Disturbance,WUE,High,37,0.01849,45.9,0.6128,0.6267,ns
M3vsM4_12m,tertiles,Relative Disturbance,uWUE,High,37,0.01549,45.9,0.4699,0.5035,ns
M3vsM4_12m,tertiles,Relative Disturbance,ETmax,Mid,37,-0.00415,70.3,0.00563,0.03419,*
M3vsM4_12m,tertiles,Relative Disturbance,GPPsat,Mid,37,-1.17115,75.7,0.001154,0.02597,*
M3vsM4_12m,tertiles,Relative Disturbance,NEPmax,Mid,37,-0.66785,62.2,0.008226,0.03419,*
M3vsM4_12m,tertiles,Relative Disturbance,WUE,Mid,37,-0.04751,70.3,0.06765,0.1384,ns
M3vsM4_12m,tertiles,Relative Disturbance,uWUE,Mid,37,-0.05761,59.5,0.2681,0.3549,ns
M3vsM4_12m,tertiles,Relative Disturbance,ETmax,Low,38,0.00021,47.4,0.4538,0.5035,ns
M3vsM4_12m,tertiles,Relative Disturbance,GPPsat,Low,38,-0.39516,68.4,0.008358,0.03419,*
M3vsM4_12m,tertiles,Relative Disturbance,NEPmax,Low,38,-0.17249,57.9,0.1585,0.2642,ns
M3vsM4_12m,tertiles,Relative Disturbance,WUE,Low,38,-0.05461,60.5,0.04626,0.1041,ns
M3vsM4_12m,tertiles,Relative Disturbance,uWUE,Low,38,-0.05172,57.9,0.04626,0.1041,ns
M3vsM4_12m,equal_width,Absolute Mortality,ETmax,Mid,52,-0.00236,57.7,0.1382,0.2278,ns
M3vsM4_12m,equal_width,Absolute Mortality,GPPsat,Mid,52,-0.46227,61.5,0.08384,0.1715,ns
M3vsM4_12m,equal_width,Absolute Mortality,NEPmax,Mid,52,-0.61862,57.7,0.1998,0.29,ns
M3vsM4_12m,equal_width,Absolute Mortality,WUE,Mid,52,-0.01827,57.7,0.229,0.3122,ns
M3vsM4_12m,equal_width,Absolute Mortality,uWUE,Mid,52,-0.03875,57.7,0.2181,0.3067,ns
M3vsM4_12m,equal_width,Absolute Mortality,ETmax,Low,54,-0.00116,55.6,0.1107,0.2076,ns
M3vsM4_12m,equal_width,Absolute Mortality,GPPsat,Low,54,-0.60582,75.9,1.227e-05,0.0005521,***
M3vsM4_12m,equal_width,Absolute Mortality,NEPmax,Low,54,-0.80501,64.8,0.0008875,0.006656,**
M3vsM4_12m,equal_width,Absolute Mortality,WUE,Low,54,-0.04605,63,0.05755,0.1553,ns
M3vsM4_12m,equal_width,Absolute Mortality,uWUE,Low,54,-0.05144,55.6,0.1409,0.2278,ns
M3vsM4_12m,equal_width,Absolute Mortality,ETmax,High,6,0.00409,33.3,0.8527,0.8924,ns
M3vsM4_12m,equal_width,Absolute Mortality,GPPsat,High,6,-2.10173,100,0.01802,0.09008,ns
M3vsM4_12m,equal_width,Absolute Mortality,NEPmax,High,6,-2.74454,83.3,0.02959,0.121,ns
M3vsM4_12m,equal_width,Absolute Mortality,WUE,High,6,0.03531,33.3,0.6625,0.7644,ns
M3vsM4_12m,equal_width,Absolute Mortality,uWUE,High,6,0.02149,16.7,0.8527,0.8924,ns
M3vsM4_12m,equal_width,Relative Mortality,ETmax,Mid,34,-0.00202,58.8,0.05988,0.1553,ns
M3vsM4_12m,equal_width,Relative Mortality,GPPsat,Mid,34,-1.2285,73.5,0.0006542,0.006656,**
M3vsM4_12m,equal_width,Relative Mortality,NEPmax,Mid,34,-1.8035,76.5,0.001638,0.01053,*
M3vsM4_12m,equal_width,Relative Mortality,WUE,Mid,34,0.01828,47.1,0.5,0.625,ns
M3vsM4_12m,equal_width,Relative Mortality,uWUE,Mid,34,-0.00012,50,0.5679,0.6906,ns
M3vsM4_12m,equal_width,Relative Mortality,ETmax,High,8,0.00595,25,0.9463,0.9463,ns
M3vsM4_12m,equal_width,Relative Mortality,GPPsat,High,8,0.36561,50,0.5832,0.6906,ns
M3vsM4_12m,equal_width,Relative Mortality,NEPmax,High,8,-0.13254,50,0.1468,0.2278,ns
M3vsM4_12m,equal_width,Relative Mortality,WUE,High,8,-0.11191,62.5,0.312,0.413,ns
M3vsM4_12m,equal_width,Relative Mortality,uWUE,High,8,-0.21836,62.5,0.1468,0.2278,ns
M3vsM4_12m,equal_width,Relative Mortality,ETmax,Low,70,-0.00154,57.1,0.07835,0.1709,ns
M3vsM4_12m,equal_width,Relative Mortality,GPPsat,Low,70,-0.62309,71.4,0.0002774,0.005356,**
M3vsM4_12m,equal_width,Relative Mortality,NEPmax,Low,70,-0.24741,57.1,0.04429,0.1329,ns
M3vsM4_12m,equal_width,Relative Mortality,WUE,Low,70,-0.03751,64.3,0.03483,0.1306,ns
M3vsM4_12m,equal_width,Relative Mortality,uWUE,Low,70,-0.04127,55.7,0.1085,0.2076,ns
M3vsM4_12m,equal_width,Relative Disturbance,ETmax,Mid,39,-0.00289,61.5,0.0424,0.1329,ns
M3vsM4_12m,equal_width,Relative Disturbance,GPPsat,Mid,39,-1.24892,74.4,0.0003571,0.005356,**
M3vsM4_12m,equal_width,Relative Disturbance,NEPmax,Mid,39,-1.44832,74.4,0.00216,0.01215,*
M3vsM4_12m,equal_width,Relative Disturbance,WUE,Mid,39,0.01849,46.2,0.714,0.8033,ns
M3vsM4_12m,equal_width,Relative Disturbance,uWUE,Mid,39,0.00104,48.7,0.7327,0.8042,ns
M3vsM4_12m,equal_width,Relative Disturbance,ETmax,High,10,0.00203,30,0.9232,0.9442,ns
M3vsM4_12m,equal_width,Relative Disturbance,GPPsat,High,10,-0.03436,60,0.3417,0.4394,ns
M3vsM4_12m,equal_width,Relative Disturbance,NEPmax,High,10,-1.30745,60,0.04157,0.1329,ns
M3vsM4_12m,equal_width,Relative Disturbance,WUE,High,10,-0.21143,70,0.154,0.231,ns
M3vsM4_12m,equal_width,Relative Disturbance,uWUE,High,10,-0.30553,70,0.06314,0.1553,ns
M3vsM4_12m,equal_width,Relative Disturbance,ETmax,Low,63,-0.00092,55.6,0.1286,0.2278,ns
M3vsM4_12m,equal_width,Relative Disturbance,GPPsat,Low,63,-0.57882,69.8,0.0007539,0.006656,**
M3vsM4_12m,equal_width,Relative Disturbance,NEPmax,Low,63,-0.17221,55.6,0.06558,0.1553,ns
M3vsM4_12m,equal_width,Relative Disturbance,WUE,Low,63,-0.04751,65.1,0.02084,0.09378,ns
M3vsM4_12m,equal_width,Relative Disturbance,uWUE,Low,63,-0.04527,55.6,0.07973,0.1709,ns
M3vsM4_12m,natural_breaks,Absolute Mortality,ETmax,High,29,-0.0019,55.2,0.381,0.4512,ns
M3vsM4_12m,natural_breaks,Absolute Mortality,GPPsat,High,29,-0.96846,65.5,0.01895,0.06093,ns
M3vsM4_12m,natural_breaks,Absolute Mortality,NEPmax,High,29,-1.07589,62.1,0.02216,0.06649,ns
M3vsM4_12m,natural_breaks,Absolute Mortality,WUE,High,29,0.05213,44.8,0.7555,0.7843,ns
M3vsM4_12m,natural_breaks,Absolute Mortality,uWUE,High,29,0.02193,37.9,0.8123,0.8123,ns
M3vsM4_12m,natural_breaks,Absolute Mortality,ETmax,Mid,46,-0.00156,56.5,0.1045,0.1808,ns
M3vsM4_12m,natural_breaks,Absolute Mortality,GPPsat,Mid,46,-0.73932,71.7,0.004808,0.02705,*
M3vsM4_12m,natural_breaks,Absolute Mortality,NEPmax,Mid,46,-0.79989,65.2,0.05063,0.1158,ns
M3vsM4_12m,natural_breaks,Absolute Mortality,WUE,Mid,46,-0.01014,56.5,0.1349,0.2168,ns
M3vsM4_12m,natural_breaks,Absolute Mortality,uWUE,Mid,46,-0.06045,60.9,0.05294,0.1158,ns
M3vsM4_12m,natural_breaks,Absolute Mortality,ETmax,Low,37,-0.00071,54.1,0.1827,0.2569,ns
M3vsM4_12m,natural_breaks,Absolute Mortality,GPPsat,Low,37,-0.40162,73,0.0007283,0.01639,*
M3vsM4_12m,natural_breaks,Absolute Mortality,NEPmax,Low,37,-0.51947,59.5,0.01136,0.04261,*
M3vsM4_12m,natural_breaks,Absolute Mortality,WUE,Low,37,-0.05575,73,0.02582,0.07262,ns
M3vsM4_12m,natural_breaks,Absolute Mortality,uWUE,Low,37,-0.05761,59.5,0.08969,0.1638,ns
M3vsM4_12m,natural_breaks,Relative Mortality,ETmax,Mid,45,-0.00258,60,0.04208,0.1052,ns
M3vsM4_12m,natural_breaks,Relative Mortality,GPPsat,Mid,45,-1.01305,71.1,0.003735,0.02705,*
M3vsM4_12m,natural_breaks,Relative Mortality,NEPmax,Mid,45,-0.76591,62.2,0.0275,0.07279,ns
M3vsM4_12m,natural_breaks,Relative Mortality,WUE,Mid,45,-0.02689,62.2,0.2214,0.2846,ns
M3vsM4_12m,natural_breaks,Relative Mortality,uWUE,Mid,45,-0.04023,55.6,0.3717,0.4512,ns
M3vsM4_12m,natural_breaks,Relative Mortality,ETmax,High,26,0.00041,50,0.667,0.7147,ns
M3vsM4_12m,natural_breaks,Relative Mortality,GPPsat,High,26,-1.03918,69.2,0.006405,0.02882,*
M3vsM4_12m,natural_breaks,Relative Mortality,NEPmax,High,26,-1.19793,69.2,0.003829,0.02705,*
M3vsM4_12m,natural_breaks,Relative Mortality,WUE,High,26,0.00628,50,0.3706,0.4512,ns
M3vsM4_12m,natural_breaks,Relative Mortality,uWUE,High,26,-0.01344,53.8,0.1737,0.2569,ns
M3vsM4_12m,natural_breaks,Relative Mortality,ETmax,Low,41,-0.00071,53.7,0.1822,0.2569,ns
M3vsM4_12m,natural_breaks,Relative Mortality,GPPsat,Low,41,-0.33298,70.7,0.004428,0.02705,*
M3vsM4_12m,natural_breaks,Relative Mortality,NEPmax,Low,41,-0.17276,58.5,0.05405,0.1158,ns
M3vsM4_12m,natural_breaks,Relative Mortality,WUE,Low,41,-0.04751,61,0.09099,0.1638,ns
M3vsM4_12m,natural_breaks,Relative Mortality,uWUE,Low,41,-0.03727,53.7,0.1325,0.2168,ns
M3vsM4_12m,natural_breaks,Relative Disturbance,ETmax,Mid,49,-0.00452,67.3,0.006093,0.02882,*
M3vsM4_12m,natural_breaks,Relative Disturbance,GPPsat,Mid,49,-1.17115,73.5,0.0005327,0.01639,*
M3vsM4_12m,natural_breaks,Relative Disturbance,NEPmax,Mid,49,-1.07589,63.3,0.002758,0.02705,*
M3vsM4_12m,natural_breaks,Relative Disturbance,WUE,Mid,49,-0.02545,61.2,0.4057,0.4681,ns
M3vsM4_12m,natural_breaks,Relative Disturbance,uWUE,Mid,49,-0.02791,53.1,0.5198,0.5763,ns
M3vsM4_12m,natural_breaks,Relative Disturbance,ETmax,High,24,0.00048,45.8,0.7669,0.7843,ns
M3vsM4_12m,natural_breaks,Relative Disturbance,GPPsat,High,24,-0.91937,70.8,0.009208,0.03767,*
M3vsM4_12m,natural_breaks,Relative Disturbance,NEPmax,High,24,-0.98002,70.8,0.004471,0.02705,*
M3vsM4_12m,natural_breaks,Relative Disturbance,WUE,High,24,-0.02474,54.2,0.1997,0.2723,ns
M3vsM4_12m,natural_breaks,Relative Disturbance,uWUE,High,24,-0.01344,54.2,0.1692,0.2569,ns
M3vsM4_12m,natural_breaks,Relative Disturbance,ETmax,Low,39,0.00032,46.2,0.525,0.5763,ns
M3vsM4_12m,natural_breaks,Relative Disturbance,GPPsat,Low,39,-0.33556,66.7,0.01609,0.05571,ns
M3vsM4_12m,natural_breaks,Relative Disturbance,NEPmax,Low,39,-0.17221,56.4,0.2112,0.2795,ns
M3vsM4_12m,natural_breaks,Relative Disturbance,WUE,Low,39,-0.05421,59,0.05821,0.1191,ns
M3vsM4_12m,natural_breaks,Relative Disturbance,uWUE,Low,39,-0.04527,56.4,0.07048,0.1379,ns
M3vsM4_24m,tertiles,Absolute Mortality,ETmax,High,37,0.00094,45.9,0.8009,0.8009,ns
M3vsM4_24m,tertiles,Absolute Mortality,GPPsat,High,37,-0.82632,64.9,0.009684,0.05382,ns
M3vsM4_24m,tertiles,Absolute Mortality,NEPmax,High,37,-0.50072,64.9,0.02322,0.07463,ns
M3vsM4_24m,tertiles,Absolute Mortality,WUE,High,37,-0.01594,54.1,0.3254,0.3854,ns
M3vsM4_24m,tertiles,Absolute Mortality,uWUE,High,37,-0.01987,54.1,0.2632,0.3483,ns
M3vsM4_24m,tertiles,Absolute Mortality,ETmax,Mid,37,-0.0012,56.8,0.1867,0.2897,ns
M3vsM4_24m,tertiles,Absolute Mortality,GPPsat,Mid,37,-0.73058,70.3,0.01182,0.05382,ns
M3vsM4_24m,tertiles,Absolute Mortality,NEPmax,Mid,37,-0.35196,56.8,0.1671,0.2893,ns
M3vsM4_24m,tertiles,Absolute Mortality,WUE,Mid,37,-0.01437,51.4,0.1867,0.2897,ns
M3vsM4_24m,tertiles,Absolute Mortality,uWUE,Mid,37,0.00132,48.6,0.2534,0.3483,ns
M3vsM4_24m,tertiles,Absolute Mortality,ETmax,Low,38,-0.00128,57.9,0.2042,0.3063,ns
M3vsM4_24m,tertiles,Absolute Mortality,GPPsat,Low,38,-0.52945,63.2,0.0114,0.05382,ns
M3vsM4_24m,tertiles,Absolute Mortality,NEPmax,Low,38,-0.59923,68.4,0.001162,0.02613,*
M3vsM4_24m,tertiles,Absolute Mortality,WUE,Low,38,-0.07453,63.2,0.03493,0.08733,ns
M3vsM4_24m,tertiles,Absolute Mortality,uWUE,Low,38,-0.03982,57.9,0.05373,0.1099,ns
M3vsM4_24m,tertiles,Relative Mortality,ETmax,High,37,0.00014,48.6,0.6691,0.7002,ns
M3vsM4_24m,tertiles,Relative Mortality,GPPsat,High,37,-0.63589,64.9,0.003789,0.03411,*
M3vsM4_24m,tertiles,Relative Mortality,NEPmax,High,37,-0.55987,67.6,0.01381,0.05382,ns
M3vsM4_24m,tertiles,Relative Mortality,WUE,High,37,0.02885,48.6,0.3254,0.3854,ns
M3vsM4_24m,tertiles,Relative Mortality,uWUE,High,37,0.00511,45.9,0.2731,0.3511,ns
M3vsM4_24m,tertiles,Relative Mortality,ETmax,Mid,37,-0.00131,59.5,0.2632,0.3483,ns
M3vsM4_24m,tertiles,Relative Mortality,GPPsat,Mid,37,-0.92588,73,0.004944,0.03708,*
M3vsM4_24m,tertiles,Relative Mortality,NEPmax,Mid,37,-0.74051,64.9,0.0167,0.05782,ns
M3vsM4_24m,tertiles,Relative Mortality,WUE,Mid,37,-0.0898,64.9,0.04555,0.1072,ns
M3vsM4_24m,tertiles,Relative Mortality,uWUE,Mid,37,-0.06637,67.6,0.01435,0.05382,ns
M3vsM4_24m,tertiles,Relative Mortality,ETmax,Low,38,-0.00072,52.6,0.3161,0.3854,ns
M3vsM4_24m,tertiles,Relative Mortality,GPPsat,Low,38,-0.39168,60.5,0.03383,0.08733,ns
M3vsM4_24m,tertiles,Relative Mortality,NEPmax,Low,38,-0.44453,57.9,0.04914,0.1072,ns
M3vsM4_24m,tertiles,Relative Mortality,WUE,Low,38,-0.0243,55.3,0.1805,0.2897,ns
M3vsM4_24m,tertiles,Relative Mortality,uWUE,Low,38,0.00524,47.4,0.4884,0.5361,ns
M3vsM4_24m,tertiles,Relative Disturbance,ETmax,High,37,0.00021,45.9,0.7269,0.7434,ns
M3vsM4_24m,tertiles,Relative Disturbance,GPPsat,High,37,-0.73058,67.6,0.003462,0.03411,*
M3vsM4_24m,tertiles,Relative Disturbance,NEPmax,High,37,-0.7726,64.9,0.01435,0.05382,ns
M3vsM4_24m,tertiles,Relative Disturbance,WUE,High,37,0.03609,45.9,0.488,0.5361,ns
M3vsM4_24m,tertiles,Relative Disturbance,uWUE,High,37,0.02992,43.2,0.4282,0.494,ns
M3vsM4_24m,tertiles,Relative Disturbance,ETmax,Mid,37,-0.00192,70.3,0.03397,0.08733,ns
M3vsM4_24m,tertiles,Relative Disturbance,GPPsat,Mid,37,-0.92588,73,0.001154,0.02613,*
M3vsM4_24m,tertiles,Relative Disturbance,NEPmax,Mid,37,-0.87532,75.7,0.002283,0.03411,*
M3vsM4_24m,tertiles,Relative Disturbance,WUE,Mid,37,-0.0898,59.5,0.0803,0.1571,ns
M3vsM4_24m,tertiles,Relative Disturbance,uWUE,Mid,37,-0.03634,62.2,0.05005,0.1072,ns
M3vsM4_24m,tertiles,Relative Disturbance,ETmax,Low,38,0.00126,44.7,0.6682,0.7002,ns
M3vsM4_24m,tertiles,Relative Disturbance,GPPsat,Low,38,-0.35374,57.9,0.09107,0.1708,ns
M3vsM4_24m,tertiles,Relative Disturbance,NEPmax,Low,38,-0.06267,50,0.2254,0.3272,ns
M3vsM4_24m,tertiles,Relative Disturbance,WUE,Low,38,-0.06617,63.2,0.02599,0.07797,ns
M3vsM4_24m,tertiles,Relative Disturbance,uWUE,Low,38,-0.02063,55.3,0.1516,0.2729,ns
M3vsM4_24m,equal_width,Absolute Mortality,ETmax,Mid,52,-0.00041,53.8,0.4188,0.5235,ns
M3vsM4_24m,equal_width,Absolute Mortality,GPPsat,Mid,52,-0.39044,61.5,0.04471,0.1247,ns
M3vsM4_24m,equal_width,Absolute Mortality,NEPmax,Mid,52,-0.19131,55.8,0.2317,0.3364,ns
M3vsM4_24m,equal_width,Absolute Mortality,WUE,Mid,52,-0.07462,55.8,0.09719,0.2083,ns
M3vsM4_24m,equal_width,Absolute Mortality,uWUE,Mid,52,-0.04371,59.6,0.03064,0.09849,ns
M3vsM4_24m,equal_width,Absolute Mortality,ETmax,Low,54,-0.00128,57.4,0.1632,0.3059,ns
M3vsM4_24m,equal_width,Absolute Mortality,GPPsat,Low,54,-0.80055,66.7,0.0003464,0.0047,**
M3vsM4_24m,equal_width,Absolute Mortality,NEPmax,Low,54,-0.56854,66.7,0.0004177,0.0047,**
M3vsM4_24m,equal_width,Absolute Mortality,WUE,Low,54,-0.03288,57.4,0.1208,0.2471,ns
M3vsM4_24m,equal_width,Absolute Mortality,uWUE,Low,54,-0.00508,51.9,0.2217,0.3326,ns
M3vsM4_24m,equal_width,Absolute Mortality,ETmax,High,6,0.00508,16.7,0.9289,0.9289,ns
M3vsM4_24m,equal_width,Absolute Mortality,GPPsat,High,6,-1.67928,100,0.01802,0.07079,ns
M3vsM4_24m,equal_width,Absolute Mortality,NEPmax,High,6,-2.79128,100,0.01802,0.07079,ns
M3vsM4_24m,equal_width,Absolute Mortality,WUE,High,6,0.01231,50,0.5,0.5719,ns
M3vsM4_24m,equal_width,Absolute Mortality,uWUE,High,6,0.05833,16.7,0.8527,0.8929,ns
M3vsM4_24m,equal_width,Relative Mortality,ETmax,Mid,34,1e-05,50,0.4054,0.5235,ns
M3vsM4_24m,equal_width,Relative Mortality,GPPsat,Mid,34,-0.95275,73.5,0.0003139,0.0047,**
M3vsM4_24m,equal_width,Relative Mortality,NEPmax,Mid,34,-0.89503,76.5,0.002038,0.01529,*
M3vsM4_24m,equal_width,Relative Mortality,WUE,Mid,34,0.03001,47.1,0.4456,0.5277,ns
M3vsM4_24m,equal_width,Relative Mortality,uWUE,Mid,34,0.0148,44.1,0.4389,0.5277,ns
M3vsM4_24m,equal_width,Relative Mortality,ETmax,High,8,0.00576,37.5,0.8532,0.8929,ns
M3vsM4_24m,equal_width,Relative Mortality,GPPsat,High,8,-0.06499,50,0.4168,0.5235,ns
M3vsM4_24m,equal_width,Relative Mortality,NEPmax,High,8,0.06675,50,0.3631,0.4952,ns
M3vsM4_24m,equal_width,Relative Mortality,WUE,High,8,-0.16436,62.5,0.1814,0.3067,ns
M3vsM4_24m,equal_width,Relative Mortality,uWUE,High,8,-0.10633,62.5,0.2206,0.3326,ns
M3vsM4_24m,equal_width,Relative Mortality,ETmax,Low,70,-0.00116,57.1,0.2199,0.3326,ns
M3vsM4_24m,equal_width,Relative Mortality,GPPsat,Low,70,-0.4797,64.3,0.004928,0.03168,*
M3vsM4_24m,equal_width,Relative Mortality,NEPmax,Low,70,-0.53537,58.6,0.01888,0.07079,ns
M3vsM4_24m,equal_width,Relative Mortality,WUE,Low,70,-0.05218,60,0.02396,0.08295,ns
M3vsM4_24m,equal_width,Relative Mortality,uWUE,Low,70,-0.02017,57.1,0.04709,0.1247,ns
M3vsM4_24m,equal_width,Relative Disturbance,ETmax,Mid,39,-0.00051,56.4,0.184,0.3067,ns
M3vsM4_24m,equal_width,Relative Disturbance,GPPsat,Mid,39,-1.02709,74.4,0.0002364,0.0047,**
M3vsM4_24m,equal_width,Relative Disturbance,NEPmax,Mid,39,-0.88346,74.4,0.001892,0.01529,*
M3vsM4_24m,equal_width,Relative Disturbance,WUE,Mid,39,0.03117,46.2,0.6338,0.6956,ns
M3vsM4_24m,equal_width,Relative Disturbance,uWUE,Mid,39,0.02448,43.6,0.5084,0.5719,ns
M3vsM4_24m,equal_width,Relative Disturbance,ETmax,High,10,0.00377,30,0.9074,0.9281,ns
M3vsM4_24m,equal_width,Relative Disturbance,GPPsat,High,10,-0.50364,60,0.1795,0.3067,ns
M3vsM4_24m,equal_width,Relative Disturbance,NEPmax,High,10,-0.73798,60,0.1311,0.2565,ns
M3vsM4_24m,equal_width,Relative Disturbance,WUE,High,10,-0.2537,70,0.07679,0.1819,ns
M3vsM4_24m,equal_width,Relative Disturbance,uWUE,High,10,-0.11834,70,0.09257,0.2083,ns
M3vsM4_24m,equal_width,Relative Disturbance,ETmax,Low,63,-0.00055,55.6,0.3394,0.4772,ns
M3vsM4_24m,equal_width,Relative Disturbance,GPPsat,Low,63,-0.45341,61.9,0.01436,0.07079,ns
M3vsM4_24m,equal_width,Relative Disturbance,NEPmax,Low,63,-0.37996,57.1,0.03726,0.1118,ns
M3vsM4_24m,equal_width,Relative Disturbance,WUE,Low,63,-0.06481,60.3,0.01734,0.07079,ns
M3vsM4_24m,equal_width,Relative Disturbance,uWUE,Low,63,-0.02047,57.1,0.05271,0.1318,ns
M3vsM4_24m,natural_breaks,Absolute Mortality,ETmax,High,29,0.00094,44.8,0.8293,0.8293,ns
M3vsM4_24m,natural_breaks,Absolute Mortality,GPPsat,High,29,-0.85773,65.5,0.01297,0.0618,ns
M3vsM4_24m,natural_breaks,Absolute Mortality,NEPmax,High,29,-0.66826,65.5,0.04584,0.111,ns
M3vsM4_24m,natural_breaks,Absolute Mortality,WUE,High,29,0.0313,44.8,0.6434,0.7116,ns
M3vsM4_24m,natural_breaks,Absolute Mortality,uWUE,High,29,0.02448,44.8,0.6673,0.715,ns
M3vsM4_24m,natural_breaks,Absolute Mortality,ETmax,Mid,46,-0.00143,56.5,0.1709,0.2747,ns
M3vsM4_24m,natural_breaks,Absolute Mortality,GPPsat,Mid,46,-0.59199,69.6,0.005988,0.0385,*
M3vsM4_24m,natural_breaks,Absolute Mortality,NEPmax,Mid,46,-0.42634,58.7,0.06866,0.1402,ns
M3vsM4_24m,natural_breaks,Absolute Mortality,WUE,Mid,46,-0.05015,58.7,0.04315,0.111,ns
M3vsM4_24m,natural_breaks,Absolute Mortality,uWUE,Mid,46,-0.02063,56.5,0.0604,0.1294,ns
M3vsM4_24m,natural_breaks,Absolute Mortality,ETmax,Low,37,-0.00102,56.8,0.2391,0.3165,ns
M3vsM4_24m,natural_breaks,Absolute Mortality,GPPsat,Low,37,-0.50599,62.2,0.0167,0.0618,ns
M3vsM4_24m,natural_breaks,Absolute Mortality,NEPmax,Low,37,-0.58615,67.6,0.001886,0.0283,*
M3vsM4_24m,natural_breaks,Absolute Mortality,WUE,Low,37,-0.06754,62.2,0.04412,0.111,ns
M3vsM4_24m,natural_breaks,Absolute Mortality,uWUE,Low,37,-0.03536,56.8,0.07168,0.1402,ns
M3vsM4_24m,natural_breaks,Relative Mortality,ETmax,Mid,45,-0.00051,60,0.26,0.3343,ns
M3vsM4_24m,natural_breaks,Relative Mortality,GPPsat,Mid,45,-0.8736,71.1,0.002745,0.02959,*
M3vsM4_24m,natural_breaks,Relative Mortality,NEPmax,Mid,45,-0.66826,66.7,0.01427,0.0618,ns
M3vsM4_24m,natural_breaks,Relative Mortality,WUE,Mid,45,-0.01594,55.6,0.205,0.2928,ns
M3vsM4_24m,natural_breaks,Relative Mortality,uWUE,Mid,45,-0.02047,57.8,0.04853,0.111,ns
M3vsM4_24m,natural_breaks,Relative Mortality,ETmax,High,26,0.00023,46.2,0.6484,0.7116,ns
M3vsM4_24m,natural_breaks,Relative Mortality,GPPsat,High,26,-0.68324,69.2,0.003288,0.02959,*
M3vsM4_24m,natural_breaks,Relative Mortality,NEPmax,High,26,-0.66624,65.4,0.01751,0.0618,ns
M3vsM4_24m,natural_breaks,Relative Mortality,WUE,High,26,-0.04551,53.8,0.2082,0.2928,ns
M3vsM4_24m,natural_breaks,Relative Mortality,uWUE,High,26,-0.02432,53.8,0.2082,0.2928,ns
M3vsM4_24m,natural_breaks,Relative Mortality,ETmax,Low,41,-0.00041,51.2,0.3681,0.4477,ns
M3vsM4_24m,natural_breaks,Relative Mortality,GPPsat,Low,41,-0.37024,58.5,0.0424,0.111,ns
M3vsM4_24m,natural_breaks,Relative Mortality,NEPmax,Low,41,-0.52894,58.5,0.03687,0.111,ns
M3vsM4_24m,natural_breaks,Relative Mortality,WUE,Low,41,-0.06481,58.5,0.07702,0.1444,ns
M3vsM4_24m,natural_breaks,Relative Mortality,uWUE,Low,41,0.00132,48.8,0.3828,0.4534,ns
M3vsM4_24m,natural_breaks,Relative Disturbance,ETmax,Mid,49,-0.00191,67.3,0.04934,0.111,ns
M3vsM4_24m,natural_breaks,Relative Disturbance,GPPsat,Mid,49,-0.92588,71.4,0.0004154,0.0187,*
M3vsM4_24m,natural_breaks,Relative Disturbance,NEPmax,Mid,49,-0.9066,73.5,0.001022,0.023,*
M3vsM4_24m,natural_breaks,Relative Disturbance,WUE,Mid,49,0.01782,49,0.4722,0.5449,ns
M3vsM4_24m,natural_breaks,Relative Disturbance,uWUE,Mid,49,-0.00736,53.1,0.1907,0.2928,ns
M3vsM4_24m,natural_breaks,Relative Disturbance,ETmax,High,24,0.00058,41.7,0.7669,0.7843,ns
M3vsM4_24m,natural_breaks,Relative Disturbance,GPPsat,High,24,-0.68324,70.8,0.004859,0.03644,*
M3vsM4_24m,natural_breaks,Relative Disturbance,NEPmax,High,24,-0.66624,66.7,0.01442,0.0618,ns
M3vsM4_24m,natural_breaks,Relative Disturbance,WUE,High,24,-0.07462,58.3,0.1018,0.1832,ns
M3vsM4_24m,natural_breaks,Relative Disturbance,uWUE,High,24,-0.04371,54.2,0.107,0.1851,ns
M3vsM4_24m,natural_breaks,Relative Disturbance,ETmax,Low,39,0.00148,43.6,0.7234,0.7571,ns
M3vsM4_24m,natural_breaks,Relative Disturbance,GPPsat,Low,39,-0.33724,56.4,0.1336,0.2227,ns
M3vsM4_24m,natural_breaks,Relative Disturbance,NEPmax,Low,39,0.03072,48.7,0.2955,0.3694,ns
M3vsM4_24m,natural_breaks,Relative Disturbance,WUE,Low,39,-0.06754,64.1,0.01785,0.0618,ns
M3vsM4_24m,natural_breaks,Relative Disturbance,uWUE,Low,39,-0.00845,53.8,0.2193,0.2991,ns
M5vsM6_raw_12m,tertiles,Absolute Mortality,ETmax,High,37,-0.00141,67.6,0.03512,0.6176,ns
M5vsM6_raw_12m,tertiles,Absolute Mortality,GPPsat,High,37,0.14936,37.8,0.8773,0.8773,ns
M5vsM6_raw_12m,tertiles,Absolute Mortality,NEPmax,High,37,-0.05806,54.1,0.2681,0.6447,ns
M5vsM6_raw_12m,tertiles,Absolute Mortality,WUE,High,37,-0.00014,51.4,0.2731,0.6447,ns
M5vsM6_raw_12m,tertiles,Absolute Mortality,uWUE,High,37,0.01002,45.9,0.2299,0.6447,ns
M5vsM6_raw_12m,tertiles,Absolute Mortality,ETmax,Mid,37,0.00011,48.6,0.506,0.6447,ns
M5vsM6_raw_12m,tertiles,Absolute Mortality,GPPsat,Mid,37,-0.08926,56.8,0.2884,0.6447,ns
M5vsM6_raw_12m,tertiles,Absolute Mortality,NEPmax,Mid,37,-0.04715,51.4,0.3419,0.6447,ns
M5vsM6_raw_12m,tertiles,Absolute Mortality,WUE,Mid,37,-0.01001,54.1,0.3474,0.6447,ns
M5vsM6_raw_12m,tertiles,Absolute Mortality,uWUE,Mid,37,-0.00014,51.4,0.518,0.6447,ns
M5vsM6_raw_12m,tertiles,Absolute Mortality,ETmax,Low,38,0.00051,47.4,0.3477,0.6447,ns
M5vsM6_raw_12m,tertiles,Absolute Mortality,GPPsat,Low,38,-0.21794,60.5,0.04768,0.6176,ns
M5vsM6_raw_12m,tertiles,Absolute Mortality,NEPmax,Low,38,-0.02382,52.6,0.4083,0.6447,ns
M5vsM6_raw_12m,tertiles,Absolute Mortality,WUE,Low,38,-0.00207,50,0.2761,0.6447,ns
M5vsM6_raw_12m,tertiles,Absolute Mortality,uWUE,Low,38,-0.00407,52.6,0.8039,0.8222,ns
M5vsM6_raw_12m,tertiles,Relative Mortality,ETmax,High,37,-0.00108,62.2,0.1748,0.6447,ns
M5vsM6_raw_12m,tertiles,Relative Mortality,GPPsat,High,37,0.01781,48.6,0.5301,0.6447,ns
M5vsM6_raw_12m,tertiles,Relative Mortality,NEPmax,High,37,0.0419,43.2,0.7116,0.7625,ns
M5vsM6_raw_12m,tertiles,Relative Mortality,WUE,High,37,0.00157,43.2,0.7065,0.7625,ns
M5vsM6_raw_12m,tertiles,Relative Mortality,uWUE,High,37,-0.00014,51.4,0.6581,0.7594,ns
M5vsM6_raw_12m,tertiles,Relative Mortality,ETmax,Mid,37,-0.00072,54.1,0.452,0.6447,ns
M5vsM6_raw_12m,tertiles,Relative Mortality,GPPsat,Mid,37,0.04937,43.2,0.506,0.6447,ns
M5vsM6_raw_12m,tertiles,Relative Mortality,NEPmax,Mid,37,-0.04174,54.1,0.2208,0.6447,ns
M5vsM6_raw_12m,tertiles,Relative Mortality,WUE,Mid,37,-0.01228,54.1,0.05489,0.6176,ns
M5vsM6_raw_12m,tertiles,Relative Mortality,uWUE,Mid,37,0.00811,45.9,0.2935,0.6447,ns
M5vsM6_raw_12m,tertiles,Relative Mortality,ETmax,Low,38,0.00017,47.4,0.1416,0.6447,ns
M5vsM6_raw_12m,tertiles,Relative Mortality,GPPsat,Low,38,-0.14411,63.2,0.1482,0.6447,ns
M5vsM6_raw_12m,tertiles,Relative Mortality,NEPmax,Low,38,-0.19457,60.5,0.2168,0.6447,ns
M5vsM6_raw_12m,tertiles,Relative Mortality,WUE,Low,38,-0.01185,57.9,0.2761,0.6447,ns
M5vsM6_raw_12m,tertiles,Relative Mortality,uWUE,Low,38,-0.00235,52.6,0.603,0.714,ns
M5vsM6_raw_12m,tertiles,Relative Disturbance,ETmax,High,37,-0.00209,62.2,0.1827,0.6447,ns
M5vsM6_raw_12m,tertiles,Relative Disturbance,GPPsat,High,37,-0.05758,51.4,0.44,0.6447,ns
M5vsM6_raw_12m,tertiles,Relative Disturbance,NEPmax,High,37,0.03595,48.6,0.482,0.6447,ns
M5vsM6_raw_12m,tertiles,Relative Disturbance,WUE,High,37,0.00157,45.9,0.6854,0.7625,ns
M5vsM6_raw_12m,tertiles,Relative Disturbance,uWUE,High,37,0.01002,48.6,0.7417,0.7762,ns
M5vsM6_raw_12m,tertiles,Relative Disturbance,ETmax,Mid,37,-0.00084,59.5,0.2583,0.6447,ns
M5vsM6_raw_12m,tertiles,Relative Disturbance,GPPsat,Mid,37,0.04937,43.2,0.506,0.6447,ns
M5vsM6_raw_12m,tertiles,Relative Disturbance,NEPmax,Mid,37,-0.02573,51.4,0.1908,0.6447,ns
M5vsM6_raw_12m,tertiles,Relative Disturbance,WUE,Mid,37,-0.03039,59.5,0.01549,0.6176,ns
M5vsM6_raw_12m,tertiles,Relative Disturbance,uWUE,Mid,37,-0.00515,51.4,0.3254,0.6447,ns
M5vsM6_raw_12m,tertiles,Relative Disturbance,ETmax,Low,38,0.00051,42.1,0.4139,0.6447,ns
M5vsM6_raw_12m,tertiles,Relative Disturbance,GPPsat,Low,38,-0.12661,60.5,0.1656,0.6447,ns
M5vsM6_raw_12m,tertiles,Relative Disturbance,NEPmax,Low,38,-0.17924,57.9,0.4196,0.6447,ns
M5vsM6_raw_12m,tertiles,Relative Disturbance,WUE,Low,38,-0.00043,50,0.4596,0.6447,ns
M5vsM6_raw_12m,tertiles,Relative Disturbance,uWUE,Low,38,3e-05,50,0.5174,0.6447,ns
M5vsM6_raw_12m,equal_width,Absolute Mortality,ETmax,Mid,52,-0.00078,57.7,0.1947,0.4938,ns
M5vsM6_raw_12m,equal_width,Absolute Mortality,GPPsat,Mid,52,0.1386,38.5,0.943,0.9667,ns
M5vsM6_raw_12m,equal_width,Absolute Mortality,NEPmax,Mid,52,0.15228,42.3,0.7951,0.9667,ns
M5vsM6_raw_12m,equal_width,Absolute Mortality,WUE,Mid,52,-0.01298,55.8,0.03128,0.4503,ns
M5vsM6_raw_12m,equal_width,Absolute Mortality,uWUE,Mid,52,0.00906,46.2,0.3698,0.5368,ns
M5vsM6_raw_12m,equal_width,Absolute Mortality,ETmax,Low,54,0.00017,48.1,0.2092,0.4938,ns
M5vsM6_raw_12m,equal_width,Absolute Mortality,GPPsat,Low,54,-0.16718,63,0.01745,0.3926,ns
M5vsM6_raw_12m,equal_width,Absolute Mortality,NEPmax,Low,54,-0.17924,61.1,0.09386,0.4938,ns
M5vsM6_raw_12m,equal_width,Absolute Mortality,WUE,Low,54,-0.00068,50,0.5034,0.6865,ns
M5vsM6_raw_12m,equal_width,Absolute Mortality,uWUE,Low,54,-0.00235,51.9,0.7884,0.9667,ns
M5vsM6_raw_12m,equal_width,Absolute Mortality,ETmax,High,6,-0.00166,83.3,0.2008,0.4938,ns
M5vsM6_raw_12m,equal_width,Absolute Mortality,GPPsat,High,6,-0.32709,66.7,0.1473,0.4938,ns
M5vsM6_raw_12m,equal_width,Absolute Mortality,NEPmax,High,6,-0.4615,66.7,0.1042,0.4938,ns
M5vsM6_raw_12m,equal_width,Absolute Mortality,WUE,High,6,0.04413,33.3,0.8958,0.9667,ns
M5vsM6_raw_12m,equal_width,Absolute Mortality,uWUE,High,6,-0.07069,66.7,0.3375,0.5368,ns
M5vsM6_raw_12m,equal_width,Relative Mortality,ETmax,Mid,34,-0.00166,61.8,0.1963,0.4938,ns
M5vsM6_raw_12m,equal_width,Relative Mortality,GPPsat,Mid,34,-0.10165,55.9,0.2748,0.5152,ns
M5vsM6_raw_12m,equal_width,Relative Mortality,NEPmax,Mid,34,-0.10322,55.9,0.1332,0.4938,ns
M5vsM6_raw_12m,equal_width,Relative Mortality,WUE,Mid,34,0.00917,35.3,0.8475,0.9667,ns
M5vsM6_raw_12m,equal_width,Relative Mortality,uWUE,Mid,34,0.01348,44.1,0.813,0.9667,ns
M5vsM6_raw_12m,equal_width,Relative Mortality,ETmax,High,8,-0.00185,62.5,0.3631,0.5368,ns
M5vsM6_raw_12m,equal_width,Relative Mortality,GPPsat,High,8,0.31704,12.5,0.9463,0.9667,ns
M5vsM6_raw_12m,equal_width,Relative Mortality,NEPmax,High,8,0.74139,12.5,0.9293,0.9667,ns
M5vsM6_raw_12m,equal_width,Relative Mortality,WUE,High,8,-0.05005,87.5,0.04003,0.4503,ns
M5vsM6_raw_12m,equal_width,Relative Mortality,uWUE,High,8,-0.03704,75,0.2643,0.5152,ns
M5vsM6_raw_12m,equal_width,Relative Mortality,ETmax,Low,70,-8e-05,50,0.2269,0.4938,ns
M5vsM6_raw_12m,equal_width,Relative Mortality,GPPsat,Low,70,-0.04162,54.3,0.1671,0.4938,ns
M5vsM6_raw_12m,equal_width,Relative Mortality,NEPmax,Low,70,-0.05161,55.7,0.2304,0.4938,ns
M5vsM6_raw_12m,equal_width,Relative Mortality,WUE,Low,70,-0.01115,55.7,0.1151,0.4938,ns
M5vsM6_raw_12m,equal_width,Relative Mortality,uWUE,Low,70,3e-05,50,0.4372,0.6148,ns
M5vsM6_raw_12m,equal_width,Relative Disturbance,ETmax,Mid,39,-0.00209,66.7,0.1192,0.4938,ns
M5vsM6_raw_12m,equal_width,Relative Disturbance,GPPsat,Mid,39,-0.14571,61.5,0.1592,0.4938,ns
M5vsM6_raw_12m,equal_width,Relative Disturbance,NEPmax,Mid,39,-0.15928,59,0.08249,0.4938,ns
M5vsM6_raw_12m,equal_width,Relative Disturbance,WUE,Mid,39,0.01485,35.9,0.816,0.9667,ns
M5vsM6_raw_12m,equal_width,Relative Disturbance,uWUE,Mid,39,0.01802,38.5,0.8992,0.9667,ns
M5vsM6_raw_12m,equal_width,Relative Disturbance,ETmax,High,10,-0.00185,60,0.3051,0.5368,ns
M5vsM6_raw_12m,equal_width,Relative Disturbance,GPPsat,High,10,0.29666,20,0.9667,0.9667,ns
M5vsM6_raw_12m,equal_width,Relative Disturbance,NEPmax,High,10,0.51597,20,0.9369,0.9667,ns
M5vsM6_raw_12m,equal_width,Relative Disturbance,WUE,High,10,-0.05259,90,0.01616,0.3926,ns
M5vsM6_raw_12m,equal_width,Relative Disturbance,uWUE,High,10,-0.03704,80,0.154,0.4938,ns
M5vsM6_raw_12m,equal_width,Relative Disturbance,ETmax,Low,63,0.00027,46,0.3545,0.5368,ns
M5vsM6_raw_12m,equal_width,Relative Disturbance,GPPsat,Low,63,-0.02105,50.8,0.2479,0.507,ns
M5vsM6_raw_12m,equal_width,Relative Disturbance,NEPmax,Low,63,-0.04515,54,0.3171,0.5368,ns
M5vsM6_raw_12m,equal_width,Relative Disturbance,WUE,Low,63,-0.01001,55.6,0.1257,0.4938,ns
M5vsM6_raw_12m,equal_width,Relative Disturbance,uWUE,Low,63,-0.00242,52.4,0.3394,0.5368,ns
M5vsM6_raw_12m,natural_breaks,Absolute Mortality,ETmax,High,29,-0.00112,69,0.06506,0.6439,ns
M5vsM6_raw_12m,natural_breaks,Absolute Mortality,GPPsat,High,29,0.1143,44.8,0.6673,0.6853,ns
M5vsM6_raw_12m,natural_breaks,Absolute Mortality,NEPmax,High,29,-0.02969,51.7,0.457,0.6746,ns
M5vsM6_raw_12m,natural_breaks,Absolute Mortality,WUE,High,29,-0.01143,51.7,0.3566,0.6521,ns
M5vsM6_raw_12m,natural_breaks,Absolute Mortality,uWUE,High,29,-0.00515,51.7,0.1547,0.6439,ns
M5vsM6_raw_12m,natural_breaks,Absolute Mortality,ETmax,Mid,46,-0.00015,50,0.285,0.6521,ns
M5vsM6_raw_12m,natural_breaks,Absolute Mortality,GPPsat,Mid,46,0.02479,47.8,0.6689,0.6853,ns
M5vsM6_raw_12m,natural_breaks,Absolute Mortality,NEPmax,Mid,46,-0.10322,52.2,0.2001,0.6439,ns
M5vsM6_raw_12m,natural_breaks,Absolute Mortality,WUE,Mid,46,-0.00106,52.2,0.3551,0.6521,ns
M5vsM6_raw_12m,natural_breaks,Absolute Mortality,uWUE,Mid,46,0.00634,47.8,0.6243,0.6853,ns
M5vsM6_raw_12m,natural_breaks,Absolute Mortality,ETmax,Low,37,0.00031,48.6,0.3364,0.6521,ns
M5vsM6_raw_12m,natural_breaks,Absolute Mortality,GPPsat,Low,37,-0.26548,62.2,0.02866,0.6439,ns
M5vsM6_raw_12m,natural_breaks,Absolute Mortality,NEPmax,Low,37,-0.02573,54.1,0.3643,0.6521,ns
M5vsM6_raw_12m,natural_breaks,Absolute Mortality,WUE,Low,37,-0.00476,51.4,0.1908,0.6439,ns
M5vsM6_raw_12m,natural_breaks,Absolute Mortality,uWUE,Low,37,-0.00227,51.4,0.8252,0.8252,ns
M5vsM6_raw_12m,natural_breaks,Relative Mortality,ETmax,Mid,45,-0.00042,53.3,0.5225,0.6785,ns
M5vsM6_raw_12m,natural_breaks,Relative Mortality,GPPsat,Mid,45,0.04937,42.2,0.6701,0.6853,ns
M5vsM6_raw_12m,natural_breaks,Relative Mortality,NEPmax,Mid,45,-0.02573,51.1,0.376,0.6521,ns
M5vsM6_raw_12m,natural_breaks,Relative Mortality,WUE,Mid,45,0.00346,46.7,0.1803,0.6439,ns
M5vsM6_raw_12m,natural_breaks,Relative Mortality,uWUE,Mid,45,0.00811,46.7,0.3464,0.6521,ns
M5vsM6_raw_12m,natural_breaks,Relative Mortality,ETmax,High,26,-0.00166,65.4,0.1489,0.6439,ns
M5vsM6_raw_12m,natural_breaks,Relative Mortality,GPPsat,High,26,0.02544,50,0.4696,0.6746,ns
M5vsM6_raw_12m,natural_breaks,Relative Mortality,NEPmax,High,26,0.03893,46.2,0.5203,0.6785,ns
M5vsM6_raw_12m,natural_breaks,Relative Mortality,WUE,High,26,0.00052,50,0.4797,0.6746,ns
M5vsM6_raw_12m,natural_breaks,Relative Mortality,uWUE,High,26,-0.00562,53.8,0.6578,0.6853,ns
M5vsM6_raw_12m,natural_breaks,Relative Mortality,ETmax,Low,41,0.00011,48.8,0.1067,0.6439,ns
M5vsM6_raw_12m,natural_breaks,Relative Mortality,GPPsat,Low,41,-0.16396,63.4,0.09752,0.6439,ns
M5vsM6_raw_12m,natural_breaks,Relative Mortality,NEPmax,Low,41,-0.19434,58.5,0.2146,0.6439,ns
M5vsM6_raw_12m,natural_breaks,Relative Mortality,WUE,Low,41,-0.01369,58.5,0.1998,0.6439,ns
M5vsM6_raw_12m,natural_breaks,Relative Mortality,uWUE,Low,41,-0.00227,51.2,0.6655,0.6853,ns
M5vsM6_raw_12m,natural_breaks,Relative Disturbance,ETmax,Mid,49,-0.00073,57.1,0.2526,0.6521,ns
M5vsM6_raw_12m,natural_breaks,Relative Disturbance,GPPsat,Mid,49,0.02944,46.9,0.4289,0.6746,ns
M5vsM6_raw_12m,natural_breaks,Relative Disturbance,NEPmax,Mid,49,-0.02573,51,0.2073,0.6439,ns
M5vsM6_raw_12m,natural_breaks,Relative Disturbance,WUE,Mid,49,-0.00476,51,0.1326,0.6439,ns
M5vsM6_raw_12m,natural_breaks,Relative Disturbance,uWUE,Mid,49,0.00879,46.9,0.5278,0.6785,ns
M5vsM6_raw_12m,natural_breaks,Relative Disturbance,ETmax,High,24,-0.00233,66.7,0.1692,0.6439,ns
M5vsM6_raw_12m,natural_breaks,Relative Disturbance,GPPsat,High,24,0.11139,45.8,0.6179,0.6853,ns
M5vsM6_raw_12m,natural_breaks,Relative Disturbance,NEPmax,High,24,0.03893,45.8,0.6179,0.6853,ns
M5vsM6_raw_12m,natural_breaks,Relative Disturbance,WUE,High,24,-0.00579,54.2,0.3712,0.6521,ns
M5vsM6_raw_12m,natural_breaks,Relative Disturbance,uWUE,High,24,-0.00562,54.2,0.6395,0.6853,ns
M5vsM6_raw_12m,natural_breaks,Relative Disturbance,ETmax,Low,39,0.00031,43.6,0.3506,0.6521,ns
M5vsM6_raw_12m,natural_breaks,Relative Disturbance,GPPsat,Low,39,-0.16396,61.5,0.1336,0.6439,ns
M5vsM6_raw_12m,natural_breaks,Relative Disturbance,NEPmax,Low,39,-0.19434,59,0.3768,0.6521,ns
M5vsM6_raw_12m,natural_breaks,Relative Disturbance,WUE,Low,39,-0.00198,51.3,0.3928,0.6546,ns
M5vsM6_raw_12m,natural_breaks,Relative Disturbance,uWUE,Low,39,-0.00227,51.3,0.4639,0.6746,ns
M5vsM6_raw_24m,tertiles,Absolute Mortality,ETmax,High,37,0.00078,43.2,0.7319,0.8969,ns
M5vsM6_raw_24m,tertiles,Absolute Mortality,GPPsat,High,37,0.07414,43.2,0.5361,0.8615,ns
M5vsM6_raw_24m,tertiles,Absolute Mortality,NEPmax,High,37,0.0613,48.6,0.7747,0.8969,ns
M5vsM6_raw_24m,tertiles,Absolute Mortality,WUE,High,37,-0.01582,51.4,0.3364,0.7239,ns
M5vsM6_raw_24m,tertiles,Absolute Mortality,uWUE,High,37,-0.01036,56.8,0.1354,0.7239,ns
M5vsM6_raw_24m,tertiles,Absolute Mortality,ETmax,Mid,37,-5e-05,51.4,0.304,0.7239,ns
M5vsM6_raw_24m,tertiles,Absolute Mortality,GPPsat,Mid,37,-0.09092,64.9,0.1908,0.7239,ns
M5vsM6_raw_24m,tertiles,Absolute Mortality,NEPmax,Mid,37,-0.09228,64.9,0.07808,0.7227,ns
M5vsM6_raw_24m,tertiles,Absolute Mortality,WUE,Mid,37,-0.00831,56.8,0.37,0.7239,ns
M5vsM6_raw_24m,tertiles,Absolute Mortality,uWUE,Mid,37,-0.01645,62.2,0.3254,0.7239,ns
M5vsM6_raw_24m,tertiles,Absolute Mortality,ETmax,Low,38,-0.00022,50,0.2908,0.7239,ns
M5vsM6_raw_24m,tertiles,Absolute Mortality,GPPsat,Low,38,-0.11297,55.3,0.2001,0.7239,ns
M5vsM6_raw_24m,tertiles,Absolute Mortality,NEPmax,Low,38,-0.04946,57.9,0.1692,0.7239,ns
M5vsM6_raw_24m,tertiles,Absolute Mortality,WUE,Low,38,-0.00164,52.6,0.877,0.8969,ns
M5vsM6_raw_24m,tertiles,Absolute Mortality,uWUE,Low,38,0.0262,34.2,0.9868,0.9868,ns
M5vsM6_raw_24m,tertiles,Relative Mortality,ETmax,High,37,0.00105,40.5,0.8252,0.8969,ns
M5vsM6_raw_24m,tertiles,Relative Mortality,GPPsat,High,37,0.07336,43.2,0.68,0.8969,ns
M5vsM6_raw_24m,tertiles,Relative Mortality,NEPmax,High,37,0.05647,43.2,0.8742,0.8969,ns
M5vsM6_raw_24m,tertiles,Relative Mortality,WUE,High,37,-0.01587,56.8,0.4639,0.803,ns
M5vsM6_raw_24m,tertiles,Relative Mortality,uWUE,High,37,0.00535,48.6,0.7924,0.8969,ns
M5vsM6_raw_24m,tertiles,Relative Mortality,ETmax,Mid,37,0.00049,45.9,0.5301,0.8615,ns
M5vsM6_raw_24m,tertiles,Relative Mortality,GPPsat,Mid,37,-0.07225,54.1,0.37,0.7239,ns
M5vsM6_raw_24m,tertiles,Relative Mortality,NEPmax,Mid,37,-0.14735,67.6,0.03397,0.7227,ns
M5vsM6_raw_24m,tertiles,Relative Mortality,WUE,Mid,37,-0.00884,54.1,0.2731,0.7239,ns
M5vsM6_raw_24m,tertiles,Relative Mortality,uWUE,Mid,37,-0.01311,56.8,0.1634,0.7239,ns
M5vsM6_raw_24m,tertiles,Relative Mortality,ETmax,Low,38,-0.00074,57.9,0.05216,0.7227,ns
M5vsM6_raw_24m,tertiles,Relative Mortality,GPPsat,Low,38,-0.16085,65.8,0.0984,0.7239,ns
M5vsM6_raw_24m,tertiles,Relative Mortality,NEPmax,Low,38,-0.07136,60.5,0.2858,0.7239,ns
M5vsM6_raw_24m,tertiles,Relative Mortality,WUE,Low,38,0.00885,50,0.8271,0.8969,ns
M5vsM6_raw_24m,tertiles,Relative Mortality,uWUE,Low,38,0.00131,47.4,0.8484,0.8969,ns
M5vsM6_raw_24m,tertiles,Relative Disturbance,ETmax,High,37,0.00142,37.8,0.8545,0.8969,ns
M5vsM6_raw_24m,tertiles,Relative Disturbance,GPPsat,High,37,0.10312,37.8,0.7609,0.8969,ns
M5vsM6_raw_24m,tertiles,Relative Disturbance,NEPmax,High,37,0.00216,48.6,0.6526,0.8969,ns
M5vsM6_raw_24m,tertiles,Relative Disturbance,WUE,High,37,-0.0072,54.1,0.5659,0.8781,ns
M5vsM6_raw_24m,tertiles,Relative Disturbance,uWUE,High,37,0.00535,48.6,0.8133,0.8969,ns
M5vsM6_raw_24m,tertiles,Relative Disturbance,ETmax,Mid,37,-0.00034,51.4,0.2987,0.7239,ns
M5vsM6_raw_24m,tertiles,Relative Disturbance,GPPsat,Mid,37,-0.19888,64.9,0.0803,0.7227,ns
M5vsM6_raw_24m,tertiles,Relative Disturbance,NEPmax,Mid,37,-0.12251,67.6,0.04851,0.7227,ns
M5vsM6_raw_24m,tertiles,Relative Disturbance,WUE,Mid,37,-0.01321,56.8,0.2781,0.7239,ns
M5vsM6_raw_24m,tertiles,Relative Disturbance,uWUE,Mid,37,-0.01091,54.1,0.452,0.803,ns
M5vsM6_raw_24m,tertiles,Relative Disturbance,ETmax,Low,38,-0.00062,55.3,0.126,0.7239,ns
M5vsM6_raw_24m,tertiles,Relative Disturbance,GPPsat,Low,38,-0.11297,60.5,0.3639,0.7239,ns
M5vsM6_raw_24m,tertiles,Relative Disturbance,NEPmax,Low,38,-0.04946,55.3,0.3914,0.734,ns
M5vsM6_raw_24m,tertiles,Relative Disturbance,WUE,Low,38,0.00183,50,0.7875,0.8969,ns
M5vsM6_raw_24m,tertiles,Relative Disturbance,uWUE,Low,38,-0.00178,50,0.6196,0.8969,ns
M5vsM6_raw_24m,equal_width,Absolute Mortality,ETmax,Mid,52,0.00054,44.2,0.6805,0.9459,ns
M5vsM6_raw_24m,equal_width,Absolute Mortality,GPPsat,Mid,52,0.03268,50,0.4728,0.9459,ns
M5vsM6_raw_24m,equal_width,Absolute Mortality,NEPmax,Mid,52,-0.0343,53.8,0.6574,0.9459,ns
M5vsM6_raw_24m,equal_width,Absolute Mortality,WUE,Mid,52,-0.01961,57.7,0.06825,0.6095,ns
M5vsM6_raw_24m,equal_width,Absolute Mortality,uWUE,Mid,52,-0.01063,57.7,0.2345,0.6208,ns
M5vsM6_raw_24m,equal_width,Absolute Mortality,ETmax,Low,54,-0.00034,51.9,0.1784,0.6095,ns
M5vsM6_raw_24m,equal_width,Absolute Mortality,GPPsat,Low,54,-0.11297,61.1,0.09976,0.6095,ns
M5vsM6_raw_24m,equal_width,Absolute Mortality,NEPmax,Low,54,-0.08309,59.3,0.1013,0.6095,ns
M5vsM6_raw_24m,equal_width,Absolute Mortality,WUE,Low,54,-0.00164,51.9,0.8987,0.9667,ns
M5vsM6_raw_24m,equal_width,Absolute Mortality,uWUE,Low,54,0.0046,46.3,0.9061,0.9667,ns
M5vsM6_raw_24m,equal_width,Absolute Mortality,ETmax,High,6,-0.00026,50,0.5,0.9459,ns
M5vsM6_raw_24m,equal_width,Absolute Mortality,GPPsat,High,6,0.0623,33.3,0.6625,0.9459,ns
M5vsM6_raw_24m,equal_width,Absolute Mortality,NEPmax,High,6,-0.36227,66.7,0.1473,0.6095,ns
M5vsM6_raw_24m,equal_width,Absolute Mortality,WUE,High,6,0.04541,33.3,0.9533,0.9667,ns
M5vsM6_raw_24m,equal_width,Absolute Mortality,uWUE,High,6,0.015,33.3,0.6625,0.9459,ns
M5vsM6_raw_24m,equal_width,Relative Mortality,ETmax,Mid,34,0.00091,44.1,0.7309,0.9459,ns
M5vsM6_raw_24m,equal_width,Relative Mortality,GPPsat,Mid,34,0.06161,47.1,0.4727,0.9459,ns
M5vsM6_raw_24m,equal_width,Relative Mortality,NEPmax,Mid,34,-0.04663,58.8,0.1963,0.6095,ns
M5vsM6_raw_24m,equal_width,Relative Mortality,WUE,Mid,34,-0.00706,52.9,0.4932,0.9459,ns
M5vsM6_raw_24m,equal_width,Relative Mortality,uWUE,Mid,34,0.00987,47.1,0.7252,0.9459,ns
M5vsM6_raw_24m,equal_width,Relative Mortality,ETmax,High,8,0.00118,37.5,0.7357,0.9459,ns
M5vsM6_raw_24m,equal_width,Relative Mortality,GPPsat,High,8,0.16565,25,0.9293,0.9667,ns
M5vsM6_raw_24m,equal_width,Relative Mortality,NEPmax,High,8,0.52002,12.5,0.9293,0.9667,ns
M5vsM6_raw_24m,equal_width,Relative Mortality,WUE,High,8,-0.03364,62.5,0.5279,0.9459,ns
M5vsM6_raw_24m,equal_width,Relative Mortality,uWUE,High,8,-0.02643,62.5,0.2206,0.6204,ns
M5vsM6_raw_24m,equal_width,Relative Mortality,ETmax,Low,70,-0.00049,51.4,0.1557,0.6095,ns
M5vsM6_raw_24m,equal_width,Relative Mortality,GPPsat,Low,70,-0.12584,61.4,0.1063,0.6095,ns
M5vsM6_raw_24m,equal_width,Relative Mortality,NEPmax,Low,70,-0.08357,61.4,0.09896,0.6095,ns
M5vsM6_raw_24m,equal_width,Relative Mortality,WUE,Low,70,-0.00236,52.9,0.5903,0.9459,ns
M5vsM6_raw_24m,equal_width,Relative Mortality,uWUE,Low,70,-0.00447,51.4,0.6843,0.9459,ns
M5vsM6_raw_24m,equal_width,Relative Disturbance,ETmax,Mid,39,4e-05,48.7,0.5637,0.9459,ns
M5vsM6_raw_24m,equal_width,Relative Disturbance,GPPsat,Mid,39,-0.03247,53.8,0.2032,0.6095,ns
M5vsM6_raw_24m,equal_width,Relative Disturbance,NEPmax,Mid,39,-0.06739,61.5,0.1008,0.6095,ns
M5vsM6_raw_24m,equal_width,Relative Disturbance,WUE,Mid,39,0.00148,48.7,0.7681,0.9482,ns
M5vsM6_raw_24m,equal_width,Relative Disturbance,uWUE,Mid,39,0.0144,46.2,0.8007,0.9482,ns
M5vsM6_raw_24m,equal_width,Relative Disturbance,ETmax,High,10,0.00187,30,0.7926,0.9482,ns
M5vsM6_raw_24m,equal_width,Relative Disturbance,GPPsat,High,10,0.22258,20,0.9667,0.9667,ns
M5vsM6_raw_24m,equal_width,Relative Disturbance,NEPmax,High,10,0.32477,20,0.9485,0.9667,ns
M5vsM6_raw_24m,equal_width,Relative Disturbance,WUE,High,10,-0.04889,70,0.2704,0.676,ns
M5vsM6_raw_24m,equal_width,Relative Disturbance,uWUE,High,10,-0.02643,70,0.1106,0.6095,ns
M5vsM6_raw_24m,equal_width,Relative Disturbance,ETmax,Low,63,-0.00047,50.8,0.184,0.6095,ns
M5vsM6_raw_24m,equal_width,Relative Disturbance,GPPsat,Low,63,-0.12506,60.3,0.1579,0.6095,ns
M5vsM6_raw_24m,equal_width,Relative Disturbance,NEPmax,Low,63,-0.07485,60.3,0.1733,0.6095,ns
M5vsM6_raw_24m,equal_width,Relative Disturbance,WUE,Low,63,-0.00292,54,0.5259,0.9459,ns
M5vsM6_raw_24m,equal_width,Relative Disturbance,uWUE,Low,63,-0.00358,50.8,0.6853,0.9459,ns
M5vsM6_raw_24m,natural_breaks,Absolute Mortality,ETmax,High,29,0.00134,34.5,0.8649,0.9116,ns
M5vsM6_raw_24m,natural_breaks,Absolute Mortality,GPPsat,High,29,0.07414,41.4,0.4828,0.8355,ns
M5vsM6_raw_24m,natural_breaks,Absolute Mortality,NEPmax,High,29,0.14323,44.8,0.7944,0.9116,ns
M5vsM6_raw_24m,natural_breaks,Absolute Mortality,WUE,High,29,0.00148,48.3,0.5602,0.9002,ns
M5vsM6_raw_24m,natural_breaks,Absolute Mortality,uWUE,High,29,-0.00079,51.7,0.3893,0.8219,ns
M5vsM6_raw_24m,natural_breaks,Absolute Mortality,ETmax,Mid,46,-4e-04,56.5,0.1852,0.7207,ns
M5vsM6_raw_24m,natural_breaks,Absolute Mortality,GPPsat,Mid,46,-0.07913,60.9,0.2813,0.7908,ns
M5vsM6_raw_24m,natural_breaks,Absolute Mortality,NEPmax,Mid,46,-0.08357,63,0.1126,0.7207,ns
M5vsM6_raw_24m,natural_breaks,Absolute Mortality,WUE,Mid,46,-0.01092,56.5,0.1627,0.7207,ns
M5vsM6_raw_24m,natural_breaks,Absolute Mortality,uWUE,Mid,46,-0.01686,63,0.1326,0.7207,ns
M5vsM6_raw_24m,natural_breaks,Absolute Mortality,ETmax,Low,37,0.00013,48.6,0.2987,0.7908,ns
M5vsM6_raw_24m,natural_breaks,Absolute Mortality,GPPsat,Low,37,-0.1166,56.8,0.1709,0.7207,ns
M5vsM6_raw_24m,natural_breaks,Absolute Mortality,NEPmax,Low,37,-0.06882,59.5,0.1258,0.7207,ns
M5vsM6_raw_24m,natural_breaks,Absolute Mortality,WUE,Low,37,-0.0018,54.1,0.8711,0.9116,ns
M5vsM6_raw_24m,natural_breaks,Absolute Mortality,uWUE,Low,37,0.02643,35.1,0.9856,0.9971,ns
M5vsM6_raw_24m,natural_breaks,Relative Mortality,ETmax,Mid,45,0.00083,40,0.7719,0.9116,ns
M5vsM6_raw_24m,natural_breaks,Relative Mortality,GPPsat,Mid,45,-0.07225,53.3,0.359,0.8219,ns
M5vsM6_raw_24m,natural_breaks,Relative Mortality,NEPmax,Mid,45,-0.07485,60,0.2082,0.7207,ns
M5vsM6_raw_24m,natural_breaks,Relative Mortality,WUE,Mid,45,-0.00884,55.6,0.2456,0.7893,ns
M5vsM6_raw_24m,natural_breaks,Relative Mortality,uWUE,Mid,45,-0.00645,53.3,0.4372,0.8283,ns
M5vsM6_raw_24m,natural_breaks,Relative Mortality,ETmax,High,26,0.00059,46.2,0.6389,0.9116,ns
M5vsM6_raw_24m,natural_breaks,Relative Mortality,GPPsat,High,26,0.07375,38.5,0.799,0.9116,ns
M5vsM6_raw_24m,natural_breaks,Relative Mortality,NEPmax,High,26,0.02932,46.2,0.7031,0.9116,ns
M5vsM6_raw_24m,natural_breaks,Relative Mortality,WUE,High,26,-0.01961,57.7,0.5405,0.9002,ns
M5vsM6_raw_24m,natural_breaks,Relative Mortality,uWUE,High,26,0.015,46.2,0.6484,0.9116,ns
M5vsM6_raw_24m,natural_breaks,Relative Mortality,ETmax,Low,41,-0.00082,58.5,0.04124,0.7207,ns
M5vsM6_raw_24m,natural_breaks,Relative Mortality,GPPsat,Low,41,-0.16254,65.9,0.08083,0.7207,ns
M5vsM6_raw_24m,natural_breaks,Relative Mortality,NEPmax,Low,41,-0.06882,61,0.2035,0.7207,ns
M5vsM6_raw_24m,natural_breaks,Relative Mortality,WUE,Low,41,0.01919,48.8,0.7929,0.9116,ns
M5vsM6_raw_24m,natural_breaks,Relative Mortality,uWUE,Low,41,-0.00358,51.2,0.7457,0.9116,ns
M5vsM6_raw_24m,natural_breaks,Relative Disturbance,ETmax,Mid,49,0.00013,46.9,0.4018,0.8219,ns
M5vsM6_raw_24m,natural_breaks,Relative Disturbance,GPPsat,Mid,49,-0.19888,65.3,0.03749,0.7207,ns
M5vsM6_raw_24m,natural_breaks,Relative Disturbance,NEPmax,Mid,49,-0.09603,65.3,0.05141,0.7207,ns
M5vsM6_raw_24m,natural_breaks,Relative Disturbance,WUE,Mid,49,-0.00884,55.1,0.3527,0.8219,ns
M5vsM6_raw_24m,natural_breaks,Relative Disturbance,uWUE,Mid,49,-0.00645,53.1,0.701,0.9116,ns
M5vsM6_raw_24m,natural_breaks,Relative Disturbance,ETmax,High,24,0.0016,37.5,0.858,0.9116,ns
M5vsM6_raw_24m,natural_breaks,Relative Disturbance,GPPsat,High,24,0.1821,20.8,0.9971,0.9971,ns
M5vsM6_raw_24m,natural_breaks,Relative Disturbance,NEPmax,High,24,0.10226,41.7,0.8082,0.9116,ns
M5vsM6_raw_24m,natural_breaks,Relative Disturbance,WUE,High,24,-0.02095,58.3,0.4602,0.8283,ns
M5vsM6_raw_24m,natural_breaks,Relative Disturbance,uWUE,High,24,-0.00596,50,0.4488,0.8283,ns
M5vsM6_raw_24m,natural_breaks,Relative Disturbance,ETmax,Low,39,-0.00058,56.4,0.122,0.7207,ns
M5vsM6_raw_24m,natural_breaks,Relative Disturbance,GPPsat,Low,39,-0.1166,61.5,0.2812,0.7908,ns
M5vsM6_raw_24m,natural_breaks,Relative Disturbance,NEPmax,Low,39,-0.06882,56.4,0.3768,0.8219,ns
M5vsM6_raw_24m,natural_breaks,Relative Disturbance,WUE,Low,39,0.00515,48.7,0.8122,0.9116,ns
M5vsM6_raw_24m,natural_breaks,Relative Disturbance,uWUE,Low,39,3e-05,48.7,0.6749,0.9116,ns
M5vsM6_anom_12m,tertiles,Absolute Mortality,ETmax,High,37,0.00052,48.6,0.2884,0.3604,ns
M5vsM6_anom_12m,tertiles,Absolute Mortality,GPPsat,High,37,-0.11634,54.1,0.07808,0.1664,ns
M5vsM6_anom_12m,tertiles,Absolute Mortality,NEPmax,High,37,-0.68162,59.5,0.018,0.05785,ns
M5vsM6_anom_12m,tertiles,Absolute Mortality,WUE,High,37,-0.06615,59.5,0.09467,0.1664,ns
M5vsM6_anom_12m,tertiles,Absolute Mortality,uWUE,High,37,0.05839,40.5,0.7747,0.7747,ns
M5vsM6_anom_12m,tertiles,Absolute Mortality,ETmax,Mid,37,-0.00141,54.1,0.1025,0.1664,ns
M5vsM6_anom_12m,tertiles,Absolute Mortality,GPPsat,Mid,37,-1.04144,67.6,0.009684,0.03631,*
M5vsM6_anom_12m,tertiles,Absolute Mortality,NEPmax,Mid,37,-1.1029,70.3,0.02084,0.06253,ns
M5vsM6_anom_12m,tertiles,Absolute Mortality,WUE,Mid,37,-0.04721,59.5,0.09216,0.1664,ns
M5vsM6_anom_12m,tertiles,Absolute Mortality,uWUE,Mid,37,-0.00178,51.4,0.2208,0.3073,ns
M5vsM6_anom_12m,tertiles,Absolute Mortality,ETmax,Low,38,0.00063,50,0.3213,0.3908,ns
M5vsM6_anom_12m,tertiles,Absolute Mortality,GPPsat,Low,38,-1.09979,78.9,0.0003637,0.01148,*
M5vsM6_anom_12m,tertiles,Absolute Mortality,NEPmax,Low,38,-0.88902,71.1,0.004334,0.02662,*
M5vsM6_anom_12m,tertiles,Absolute Mortality,WUE,Low,38,-0.05897,60.5,0.03607,0.08542,ns
M5vsM6_anom_12m,tertiles,Absolute Mortality,uWUE,Low,38,-0.06005,63.2,0.1035,0.1664,ns
M5vsM6_anom_12m,tertiles,Relative Mortality,ETmax,High,37,0.00037,48.6,0.37,0.4335,ns
M5vsM6_anom_12m,tertiles,Relative Mortality,GPPsat,High,37,-0.97646,62.2,0.0093,0.03631,*
M5vsM6_anom_12m,tertiles,Relative Mortality,NEPmax,High,37,-1.3873,70.3,0.001275,0.01148,*
M5vsM6_anom_12m,tertiles,Relative Mortality,WUE,High,37,-0.01903,59.5,0.09467,0.1664,ns
M5vsM6_anom_12m,tertiles,Relative Mortality,uWUE,High,37,0.05777,43.2,0.5301,0.5818,ns
M5vsM6_anom_12m,tertiles,Relative Mortality,ETmax,Mid,37,-0.00307,51.4,0.1387,0.208,ns
M5vsM6_anom_12m,tertiles,Relative Mortality,GPPsat,Mid,37,-1.13985,70.3,0.001154,0.01148,*
M5vsM6_anom_12m,tertiles,Relative Mortality,NEPmax,Mid,37,-0.92356,67.6,0.009684,0.03631,*
M5vsM6_anom_12m,tertiles,Relative Mortality,WUE,Mid,37,-0.09992,67.6,0.01435,0.04968,*
M5vsM6_anom_12m,tertiles,Relative Mortality,uWUE,Mid,37,-0.06615,62.2,0.04701,0.1058,ns
M5vsM6_anom_12m,tertiles,Relative Mortality,ETmax,Low,38,-0.00052,52.6,0.2211,0.3073,ns
M5vsM6_anom_12m,tertiles,Relative Mortality,GPPsat,Low,38,-0.59966,68.4,0.02268,0.06379,ns
M5vsM6_anom_12m,tertiles,Relative Mortality,NEPmax,Low,38,-0.42366,63.2,0.08415,0.1664,ns
M5vsM6_anom_12m,tertiles,Relative Mortality,WUE,Low,38,-0.04827,52.6,0.2712,0.3487,ns
M5vsM6_anom_12m,tertiles,Relative Mortality,uWUE,Low,38,0.00349,50,0.5748,0.5878,ns
M5vsM6_anom_12m,tertiles,Relative Disturbance,ETmax,High,37,0.00037,48.6,0.3757,0.4335,ns
M5vsM6_anom_12m,tertiles,Relative Disturbance,GPPsat,High,37,-1.01101,62.2,0.0093,0.03631,*
M5vsM6_anom_12m,tertiles,Relative Disturbance,NEPmax,High,37,-1.4134,70.3,0.001213,0.01148,*
M5vsM6_anom_12m,tertiles,Relative Disturbance,WUE,High,37,-0.01357,51.4,0.2632,0.3483,ns
M5vsM6_anom_12m,tertiles,Relative Disturbance,uWUE,High,37,0.05777,43.2,0.554,0.5836,ns
M5vsM6_anom_12m,tertiles,Relative Disturbance,ETmax,Mid,37,-0.00673,59.5,0.03285,0.08211,ns
M5vsM6_anom_12m,tertiles,Relative Disturbance,GPPsat,Mid,37,-1.13985,73,0.0005597,0.01148,*
M5vsM6_anom_12m,tertiles,Relative Disturbance,NEPmax,Mid,37,-1.08123,70.3,0.002283,0.01712,*
M5vsM6_anom_12m,tertiles,Relative Disturbance,WUE,Mid,37,-0.08269,73,0.004732,0.02662,*
M5vsM6_anom_12m,tertiles,Relative Disturbance,uWUE,Mid,37,-0.06363,62.2,0.09986,0.1664,ns
M5vsM6_anom_12m,tertiles,Relative Disturbance,ETmax,Low,38,0.00136,44.7,0.5577,0.5836,ns
M5vsM6_anom_12m,tertiles,Relative Disturbance,GPPsat,Low,38,-0.45943,65.8,0.03275,0.08211,ns
M5vsM6_anom_12m,tertiles,Relative Disturbance,NEPmax,Low,38,-0.40527,60.5,0.2254,0.3073,ns
M5vsM6_anom_12m,tertiles,Relative Disturbance,WUE,Low,38,-0.06514,55.3,0.129,0.2002,ns
M5vsM6_anom_12m,tertiles,Relative Disturbance,uWUE,Low,38,0.00349,50,0.3914,0.4404,ns
M5vsM6_anom_12m,equal_width,Absolute Mortality,ETmax,Mid,52,0.00043,48.1,0.2545,0.3369,ns
M5vsM6_anom_12m,equal_width,Absolute Mortality,GPPsat,Mid,52,-0.76811,57.7,0.05011,0.1207,ns
M5vsM6_anom_12m,equal_width,Absolute Mortality,NEPmax,Mid,52,-0.63283,61.5,0.0288,0.08099,ns
M5vsM6_anom_12m,equal_width,Absolute Mortality,WUE,Mid,52,-0.07442,67.3,0.006054,0.03294,*
M5vsM6_anom_12m,equal_width,Absolute Mortality,uWUE,Mid,52,0.01036,50,0.2459,0.3353,ns
M5vsM6_anom_12m,equal_width,Absolute Mortality,ETmax,Low,54,-0.00063,53.7,0.1225,0.2298,ns
M5vsM6_anom_12m,equal_width,Absolute Mortality,GPPsat,Low,54,-1.09981,79.6,1.181e-05,0.0005314,***
M5vsM6_anom_12m,equal_width,Absolute Mortality,NEPmax,Low,54,-1.02679,74.1,0.0003688,0.008298,**
M5vsM6_anom_12m,equal_width,Absolute Mortality,WUE,Low,54,-0.03809,53.7,0.1315,0.2367,ns
M5vsM6_anom_12m,equal_width,Absolute Mortality,uWUE,Low,54,-0.03064,55.6,0.2849,0.3652,ns
M5vsM6_anom_12m,equal_width,Absolute Mortality,ETmax,High,6,-7e-05,50,0.5,0.5625,ns
M5vsM6_anom_12m,equal_width,Absolute Mortality,GPPsat,High,6,0.18914,33.3,0.5,0.5625,ns
M5vsM6_anom_12m,equal_width,Absolute Mortality,NEPmax,High,6,-0.40192,50,0.2008,0.2915,ns
M5vsM6_anom_12m,equal_width,Absolute Mortality,WUE,High,6,-0.04225,50,0.5,0.5625,ns
M5vsM6_anom_12m,equal_width,Absolute Mortality,uWUE,High,6,0.09173,33.3,0.7992,0.8363,ns
M5vsM6_anom_12m,equal_width,Relative Mortality,ETmax,Mid,34,-0.00068,52.9,0.2364,0.3324,ns
M5vsM6_anom_12m,equal_width,Relative Mortality,GPPsat,Mid,34,-1.17791,61.8,0.006588,0.03294,*
M5vsM6_anom_12m,equal_width,Relative Mortality,NEPmax,Mid,34,-1.46734,70.6,0.0007811,0.008788,**
M5vsM6_anom_12m,equal_width,Relative Mortality,WUE,Mid,34,-0.0173,55.9,0.2922,0.3652,ns
M5vsM6_anom_12m,equal_width,Relative Mortality,uWUE,Mid,34,0.07791,41.2,0.8393,0.8584,ns
M5vsM6_anom_12m,equal_width,Relative Mortality,ETmax,High,8,0.00074,37.5,0.5279,0.5792,ns
M5vsM6_anom_12m,equal_width,Relative Mortality,GPPsat,High,8,-0.91619,75,0.09172,0.1876,ns
M5vsM6_anom_12m,equal_width,Relative Mortality,NEPmax,High,8,-1.46262,75,0.07074,0.1516,ns
M5vsM6_anom_12m,equal_width,Relative Mortality,WUE,High,8,-0.34094,75,0.05366,0.1207,ns
M5vsM6_anom_12m,equal_width,Relative Mortality,uWUE,High,8,-0.30728,62.5,0.117,0.2289,ns
M5vsM6_anom_12m,equal_width,Relative Mortality,ETmax,Low,70,-0.00052,51.4,0.1434,0.2412,ns
M5vsM6_anom_12m,equal_width,Relative Mortality,GPPsat,Low,70,-0.8319,68.6,0.0005693,0.00854,**
M5vsM6_anom_12m,equal_width,Relative Mortality,NEPmax,Low,70,-0.58682,64.3,0.01231,0.05541,ns
M5vsM6_anom_12m,equal_width,Relative Mortality,WUE,Low,70,-0.0769,60,0.01942,0.06668,ns
M5vsM6_anom_12m,equal_width,Relative Mortality,uWUE,Low,70,-0.02259,55.7,0.1447,0.2412,ns
M5vsM6_anom_12m,equal_width,Relative Disturbance,ETmax,Mid,39,-0.00078,53.8,0.1592,0.247,ns
M5vsM6_anom_12m,equal_width,Relative Disturbance,GPPsat,Mid,39,-1.34481,61.5,0.002925,0.0188,*
M5vsM6_anom_12m,equal_width,Relative Disturbance,NEPmax,Mid,39,-1.3873,69.2,0.001202,0.01082,*
M5vsM6_anom_12m,equal_width,Relative Disturbance,WUE,Mid,39,-0.00888,51.3,0.4198,0.5106,ns
M5vsM6_anom_12m,equal_width,Relative Disturbance,uWUE,Mid,39,0.07731,41,0.8723,0.8723,ns
M5vsM6_anom_12m,equal_width,Relative Disturbance,ETmax,High,10,0.00074,40,0.5406,0.5792,ns
M5vsM6_anom_12m,equal_width,Relative Disturbance,GPPsat,High,10,-1.21346,80,0.04157,0.11,ns
M5vsM6_anom_12m,equal_width,Relative Disturbance,NEPmax,High,10,-2.22149,80,0.02075,0.06668,ns
M5vsM6_anom_12m,equal_width,Relative Disturbance,WUE,High,10,-0.34094,80,0.02075,0.06668,ns
M5vsM6_anom_12m,equal_width,Relative Disturbance,uWUE,High,10,-0.27311,70,0.05146,0.1207,ns
M5vsM6_anom_12m,equal_width,Relative Disturbance,ETmax,Low,63,-0.00036,50.8,0.2008,0.2915,ns
M5vsM6_anom_12m,equal_width,Relative Disturbance,GPPsat,Low,63,-0.7864,68.3,0.001713,0.01285,*
M5vsM6_anom_12m,equal_width,Relative Disturbance,NEPmax,Low,63,-0.58403,63.5,0.02225,0.06675,ns
M5vsM6_anom_12m,equal_width,Relative Disturbance,WUE,Low,63,-0.08269,61.9,0.02016,0.06668,ns
M5vsM6_anom_12m,equal_width,Relative Disturbance,uWUE,Low,63,-0.01948,55.6,0.1579,0.247,ns
M5vsM6_anom_12m,natural_breaks,Absolute Mortality,ETmax,High,29,0.00052,48.3,0.457,0.5218,ns
M5vsM6_anom_12m,natural_breaks,Absolute Mortality,GPPsat,High,29,-0.68578,58.6,0.07994,0.1499,ns
M5vsM6_anom_12m,natural_breaks,Absolute Mortality,NEPmax,High,29,-1.10378,65.5,0.01226,0.05016,ns
M5vsM6_anom_12m,natural_breaks,Absolute Mortality,WUE,High,29,-0.03128,55.2,0.2056,0.2985,ns
M5vsM6_anom_12m,natural_breaks,Absolute Mortality,uWUE,High,29,0.08201,41.4,0.7818,0.7818,ns
M5vsM6_anom_12m,natural_breaks,Absolute Mortality,ETmax,Mid,46,-0.00224,54.3,0.04519,0.1017,ns
M5vsM6_anom_12m,natural_breaks,Absolute Mortality,GPPsat,Mid,46,-1.02623,63,0.006568,0.03284,*
M5vsM6_anom_12m,natural_breaks,Absolute Mortality,NEPmax,Mid,46,-1.04999,65.2,0.01797,0.06738,ns
M5vsM6_anom_12m,natural_breaks,Absolute Mortality,WUE,Mid,46,-0.05444,60.9,0.05063,0.1085,ns
M5vsM6_anom_12m,natural_breaks,Absolute Mortality,uWUE,Mid,46,0.0115,50,0.2032,0.2985,ns
M5vsM6_anom_12m,natural_breaks,Absolute Mortality,ETmax,Low,37,0.00183,48.6,0.3757,0.4449,ns
M5vsM6_anom_12m,natural_breaks,Absolute Mortality,GPPsat,Low,37,-1.06369,78.4,0.0004768,0.008572,**
M5vsM6_anom_12m,natural_breaks,Absolute Mortality,NEPmax,Low,37,-0.85448,70.3,0.006134,0.03284,*
M5vsM6_anom_12m,natural_breaks,Absolute Mortality,WUE,Low,37,-0.07111,62.2,0.02966,0.08574,ns
M5vsM6_anom_12m,natural_breaks,Absolute Mortality,uWUE,Low,37,-0.05347,62.2,0.1197,0.1923,ns
M5vsM6_anom_12m,natural_breaks,Relative Mortality,ETmax,Mid,45,-0.00307,55.6,0.07426,0.1453,ns
M5vsM6_anom_12m,natural_breaks,Relative Mortality,GPPsat,Mid,45,-1.2045,68.9,0.00034,0.008572,**
M5vsM6_anom_12m,natural_breaks,Relative Mortality,NEPmax,Mid,45,-1.01875,68.9,0.001929,0.01446,*
M5vsM6_anom_12m,natural_breaks,Relative Mortality,WUE,Mid,45,-0.06615,66.7,0.03048,0.08574,ns
M5vsM6_anom_12m,natural_breaks,Relative Mortality,uWUE,Mid,45,-0.02569,55.6,0.2901,0.3626,ns
M5vsM6_anom_12m,natural_breaks,Relative Mortality,ETmax,High,26,8e-04,42.3,0.5706,0.5835,ns
M5vsM6_anom_12m,natural_breaks,Relative Mortality,GPPsat,High,26,-0.84367,61.5,0.03373,0.08927,ns
M5vsM6_anom_12m,natural_breaks,Relative Mortality,NEPmax,High,26,-1.24554,73.1,0.004128,0.02654,*
M5vsM6_anom_12m,natural_breaks,Relative Mortality,WUE,High,26,-0.04604,57.7,0.067,0.1371,ns
M5vsM6_anom_12m,natural_breaks,Relative Mortality,uWUE,High,26,-0.00114,50,0.2307,0.3244,ns
M5vsM6_anom_12m,natural_breaks,Relative Mortality,ETmax,Low,41,-0.00036,51.2,0.2627,0.3477,ns
M5vsM6_anom_12m,natural_breaks,Relative Mortality,GPPsat,Low,41,-0.65382,68.3,0.02299,0.07958,ns
M5vsM6_anom_12m,natural_breaks,Relative Mortality,NEPmax,Low,41,-0.41485,61,0.1021,0.1766,ns
M5vsM6_anom_12m,natural_breaks,Relative Mortality,WUE,Low,41,-0.0497,53.7,0.1822,0.2827,ns
M5vsM6_anom_12m,natural_breaks,Relative Mortality,uWUE,Low,41,0.00709,48.8,0.5361,0.5611,ns
M5vsM6_anom_12m,natural_breaks,Relative Disturbance,ETmax,Mid,49,-0.00544,59.2,0.04447,0.1017,ns
M5vsM6_anom_12m,natural_breaks,Relative Disturbance,GPPsat,Mid,49,-1.13985,69.4,0.0005714,0.008572,**
M5vsM6_anom_12m,natural_breaks,Relative Disturbance,NEPmax,Mid,49,-1.15671,67.3,0.0009244,0.0104,*
M5vsM6_anom_12m,natural_breaks,Relative Disturbance,WUE,Mid,49,-0.04568,65.3,0.02682,0.08574,ns
M5vsM6_anom_12m,natural_breaks,Relative Disturbance,uWUE,Mid,49,-0.02707,57.1,0.3308,0.4023,ns
M5vsM6_anom_12m,natural_breaks,Relative Disturbance,ETmax,High,24,0.00057,41.7,0.5057,0.5418,ns
M5vsM6_anom_12m,natural_breaks,Relative Disturbance,GPPsat,High,24,-1.16063,66.7,0.01072,0.04826,*
M5vsM6_anom_12m,natural_breaks,Relative Disturbance,NEPmax,High,24,-1.40035,79.2,0.001288,0.01159,*
M5vsM6_anom_12m,natural_breaks,Relative Disturbance,WUE,High,24,-0.03964,54.2,0.1123,0.1872,ns
M5vsM6_anom_12m,natural_breaks,Relative Disturbance,uWUE,High,24,0.03106,45.8,0.2602,0.3477,ns
M5vsM6_anom_12m,natural_breaks,Relative Disturbance,ETmax,Low,39,0.00089,46.2,0.4972,0.5418,ns
M5vsM6_anom_12m,natural_breaks,Relative Disturbance,GPPsat,Low,39,-0.37336,64.1,0.04368,0.1017,ns
M5vsM6_anom_12m,natural_breaks,Relative Disturbance,NEPmax,Low,39,-0.40505,59,0.2812,0.3616,ns
M5vsM6_anom_12m,natural_breaks,Relative Disturbance,WUE,Low,39,-0.07111,56.4,0.09838,0.1766,ns
M5vsM6_anom_12m,natural_breaks,Relative Disturbance,uWUE,Low,39,0.00709,48.7,0.4639,0.5218,ns
M5vsM6_anom_24m,tertiles,Absolute Mortality,ETmax,High,37,3e-04,48.6,0.3254,0.3854,ns
M5vsM6_anom_24m,tertiles,Absolute Mortality,GPPsat,High,37,-0.6222,64.9,0.004528,0.01852,*
M5vsM6_anom_24m,tertiles,Absolute Mortality,NEPmax,High,37,-1.04274,67.6,0.002283,0.01467,*
M5vsM6_anom_24m,tertiles,Absolute Mortality,WUE,High,37,-0.0697,59.5,0.1991,0.28,ns
M5vsM6_anom_24m,tertiles,Absolute Mortality,uWUE,High,37,-0.01108,54.1,0.506,0.5175,ns
M5vsM6_anom_24m,tertiles,Absolute Mortality,ETmax,Mid,37,-0.00122,56.8,0.07808,0.1338,ns
M5vsM6_anom_24m,tertiles,Absolute Mortality,GPPsat,Mid,37,-0.89048,75.7,0.01938,0.0541,ns
M5vsM6_anom_24m,tertiles,Absolute Mortality,NEPmax,Mid,37,-1.06836,59.5,0.0803,0.1338,ns
M5vsM6_anom_24m,tertiles,Absolute Mortality,WUE,Mid,37,0.01216,48.6,0.1634,0.2451,ns
M5vsM6_anom_24m,tertiles,Absolute Mortality,uWUE,Mid,37,0.00631,48.6,0.1787,0.2594,ns
M5vsM6_anom_24m,tertiles,Absolute Mortality,ETmax,Low,38,0.00037,50,0.3423,0.395,ns
M5vsM6_anom_24m,tertiles,Absolute Mortality,GPPsat,Low,38,-0.79955,73.7,0.001779,0.01334,*
M5vsM6_anom_24m,tertiles,Absolute Mortality,NEPmax,Low,38,-1.22392,68.4,0.003063,0.01654,*
M5vsM6_anom_24m,tertiles,Absolute Mortality,WUE,Low,38,-0.08178,63.2,0.02044,0.0541,ns
M5vsM6_anom_24m,tertiles,Absolute Mortality,uWUE,Low,38,-0.08886,68.4,0.06762,0.1268,ns
M5vsM6_anom_24m,tertiles,Relative Mortality,ETmax,High,37,-0.001,51.4,0.37,0.4135,ns
M5vsM6_anom_24m,tertiles,Relative Mortality,GPPsat,High,37,-0.88899,64.9,0.003963,0.01783,*
M5vsM6_anom_24m,tertiles,Relative Mortality,NEPmax,High,37,-1.1091,73,0.0008507,0.01148,*
M5vsM6_anom_24m,tertiles,Relative Mortality,WUE,High,37,-0.00539,54.1,0.108,0.1736,ns
M5vsM6_anom_24m,tertiles,Relative Mortality,uWUE,High,37,-0.01108,51.4,0.3093,0.3854,ns
M5vsM6_anom_24m,tertiles,Relative Mortality,ETmax,Mid,37,-0.00368,56.8,0.06379,0.1268,ns
M5vsM6_anom_24m,tertiles,Relative Mortality,GPPsat,Mid,37,-0.92043,78.4,0.001043,0.01148,*
M5vsM6_anom_24m,tertiles,Relative Mortality,NEPmax,Mid,37,-1.53738,62.2,0.003308,0.01654,*
M5vsM6_anom_24m,tertiles,Relative Mortality,WUE,Mid,37,-0.10956,64.9,0.04851,0.1091,ns
M5vsM6_anom_24m,tertiles,Relative Mortality,uWUE,Mid,37,-0.09402,64.9,0.01938,0.0541,ns
M5vsM6_anom_24m,tertiles,Relative Mortality,ETmax,Low,38,0.00083,47.4,0.3859,0.4135,ns
M5vsM6_anom_24m,tertiles,Relative Mortality,GPPsat,Low,38,-0.70073,71.1,0.02599,0.06497,ns
M5vsM6_anom_24m,tertiles,Relative Mortality,NEPmax,Low,38,-0.52133,60.5,0.06575,0.1268,ns
M5vsM6_anom_24m,tertiles,Relative Mortality,WUE,Low,38,-0.0288,52.6,0.2211,0.2897,ns
M5vsM6_anom_24m,tertiles,Relative Mortality,uWUE,Low,38,-0.03532,55.3,0.3859,0.4135,ns
M5vsM6_anom_24m,tertiles,Relative Disturbance,ETmax,High,37,-0.00105,54.1,0.4164,0.4357,ns
M5vsM6_anom_24m,tertiles,Relative Disturbance,GPPsat,High,37,-0.88899,62.2,0.005393,0.02022,*
M5vsM6_anom_24m,tertiles,Relative Disturbance,NEPmax,High,37,-1.1091,73,0.001275,0.01148,*
M5vsM6_anom_24m,tertiles,Relative Disturbance,WUE,High,37,-0.00539,51.4,0.2253,0.2897,ns
M5vsM6_anom_24m,tertiles,Relative Disturbance,uWUE,High,37,-0.01108,51.4,0.32,0.3854,ns
M5vsM6_anom_24m,tertiles,Relative Disturbance,ETmax,Mid,37,-0.00584,59.5,0.01609,0.0541,ns
M5vsM6_anom_24m,tertiles,Relative Disturbance,GPPsat,Mid,37,-0.99274,81.1,0.0009425,0.01148,*
M5vsM6_anom_24m,tertiles,Relative Disturbance,NEPmax,Mid,37,-1.28657,70.3,0.0005902,0.01148,*
M5vsM6_anom_24m,tertiles,Relative Disturbance,WUE,Mid,37,-0.07864,64.9,0.03752,0.08887,ns
M5vsM6_anom_24m,tertiles,Relative Disturbance,uWUE,Mid,37,-0.06548,62.2,0.06011,0.1268,ns
M5vsM6_anom_24m,tertiles,Relative Disturbance,ETmax,Low,38,0.00111,42.1,0.6577,0.6577,ns
M5vsM6_anom_24m,tertiles,Relative Disturbance,GPPsat,Low,38,-0.62511,71.1,0.01712,0.0541,ns
M5vsM6_anom_24m,tertiles,Relative Disturbance,NEPmax,Low,38,-0.36215,52.6,0.2168,0.2897,ns
M5vsM6_anom_24m,tertiles,Relative Disturbance,WUE,Low,38,-0.05845,55.3,0.07976,0.1338,ns
M5vsM6_anom_24m,tertiles,Relative Disturbance,uWUE,Low,38,-0.08109,57.9,0.1321,0.2049,ns
M5vsM6_anom_24m,equal_width,Absolute Mortality,ETmax,Mid,52,-0.00139,53.8,0.1464,0.214,ns
M5vsM6_anom_24m,equal_width,Absolute Mortality,GPPsat,Mid,52,-0.81108,69.2,0.009513,0.04281,*
M5vsM6_anom_24m,equal_width,Absolute Mortality,NEPmax,Mid,52,-0.92669,59.6,0.02281,0.07894,ns
M5vsM6_anom_24m,equal_width,Absolute Mortality,WUE,Mid,52,-0.09709,59.6,0.02538,0.08159,ns
M5vsM6_anom_24m,equal_width,Absolute Mortality,uWUE,Mid,52,-0.05635,55.8,0.1052,0.1691,ns
M5vsM6_anom_24m,equal_width,Absolute Mortality,ETmax,Low,54,-0.00023,51.9,0.1674,0.2216,ns
M5vsM6_anom_24m,equal_width,Absolute Mortality,GPPsat,Low,54,-1.02246,77.8,6.828e-05,0.003072,**
M5vsM6_anom_24m,equal_width,Absolute Mortality,NEPmax,Low,54,-1.22392,70.4,0.0002603,0.004357,**
M5vsM6_anom_24m,equal_width,Absolute Mortality,WUE,Low,54,-0.03778,55.6,0.09678,0.1613,ns
M5vsM6_anom_24m,equal_width,Absolute Mortality,uWUE,Low,54,-0.05933,57.4,0.161,0.2196,ns
M5vsM6_anom_24m,equal_width,Absolute Mortality,ETmax,High,6,0.00364,33.3,0.8527,0.8527,ns
M5vsM6_anom_24m,equal_width,Absolute Mortality,GPPsat,High,6,0.07812,33.3,0.583,0.6559,ns
M5vsM6_anom_24m,equal_width,Absolute Mortality,NEPmax,High,6,-0.7627,66.7,0.1473,0.214,ns
M5vsM6_anom_24m,equal_width,Absolute Mortality,WUE,High,6,-0.00046,50,0.583,0.6559,ns
M5vsM6_anom_24m,equal_width,Absolute Mortality,uWUE,High,6,-0.06874,66.7,0.417,0.5071,ns
M5vsM6_anom_24m,equal_width,Relative Mortality,ETmax,Mid,34,-0.00102,52.9,0.1607,0.2196,ns
M5vsM6_anom_24m,equal_width,Relative Mortality,GPPsat,Mid,34,-0.94161,67.6,0.002525,0.0142,*
M5vsM6_anom_24m,equal_width,Relative Mortality,NEPmax,Mid,34,-1.11067,73.5,0.0004841,0.004357,**
M5vsM6_anom_24m,equal_width,Relative Mortality,WUE,Mid,34,-0.00285,52.9,0.2748,0.3435,ns
M5vsM6_anom_24m,equal_width,Relative Mortality,uWUE,Mid,34,0.00956,47.1,0.6273,0.6722,ns
M5vsM6_anom_24m,equal_width,Relative Mortality,ETmax,High,8,0.00149,50,0.7357,0.7699,ns
M5vsM6_anom_24m,equal_width,Relative Mortality,GPPsat,High,8,-1.13016,62.5,0.09172,0.1587,ns
M5vsM6_anom_24m,equal_width,Relative Mortality,NEPmax,High,8,-1.44813,75,0.09172,0.1587,ns
M5vsM6_anom_24m,equal_width,Relative Mortality,WUE,High,8,-0.32136,62.5,0.09172,0.1587,ns
M5vsM6_anom_24m,equal_width,Relative Mortality,uWUE,High,8,-0.29856,75,0.09172,0.1587,ns
M5vsM6_anom_24m,equal_width,Relative Mortality,ETmax,Low,70,-0.00023,51.4,0.1474,0.214,ns
M5vsM6_anom_24m,equal_width,Relative Mortality,GPPsat,Low,70,-0.78059,74.3,0.0003827,0.004357,**
M5vsM6_anom_24m,equal_width,Relative Mortality,NEPmax,Low,70,-1.14542,60,0.006545,0.03272,*
M5vsM6_anom_24m,equal_width,Relative Mortality,WUE,Low,70,-0.07958,58.6,0.03761,0.09404,ns
M5vsM6_anom_24m,equal_width,Relative Mortality,uWUE,Low,70,-0.07291,60,0.04944,0.1112,ns
M5vsM6_anom_24m,equal_width,Relative Disturbance,ETmax,Mid,39,-0.00122,56.4,0.06153,0.1319,ns
M5vsM6_anom_24m,equal_width,Relative Disturbance,GPPsat,Mid,39,-0.99274,69.2,0.0009973,0.00748,**
M5vsM6_anom_24m,equal_width,Relative Disturbance,NEPmax,Mid,39,-1.11225,71.8,0.0004828,0.004357,**
M5vsM6_anom_24m,equal_width,Relative Disturbance,WUE,Mid,39,0.00447,48.7,0.4861,0.5756,ns
M5vsM6_anom_24m,equal_width,Relative Disturbance,uWUE,Mid,39,0.0128,46.2,0.6126,0.6722,ns
M5vsM6_anom_24m,equal_width,Relative Disturbance,ETmax,High,10,0.00283,50,0.7622,0.7796,ns
M5vsM6_anom_24m,equal_width,Relative Disturbance,GPPsat,High,10,-1.55961,70,0.03327,0.08808,ns
M5vsM6_anom_24m,equal_width,Relative Disturbance,NEPmax,High,10,-2.42758,80,0.03327,0.08808,ns
M5vsM6_anom_24m,equal_width,Relative Disturbance,WUE,High,10,-0.35189,70,0.03327,0.08808,ns
M5vsM6_anom_24m,equal_width,Relative Disturbance,uWUE,High,10,-0.29856,80,0.04157,0.09844,ns
M5vsM6_anom_24m,equal_width,Relative Disturbance,ETmax,Low,63,3e-04,49.2,0.2414,0.3104,ns
M5vsM6_anom_24m,equal_width,Relative Disturbance,GPPsat,Low,63,-0.76704,73,0.001534,0.009858,**
M5vsM6_anom_24m,equal_width,Relative Disturbance,NEPmax,Low,63,-1.06836,58.7,0.01734,0.07095,ns
M5vsM6_anom_24m,equal_width,Relative Disturbance,WUE,Low,63,-0.08052,60.3,0.0205,0.07687,ns
M5vsM6_anom_24m,equal_width,Relative Disturbance,uWUE,Low,63,-0.06548,60.3,0.07872,0.1587,ns
M5vsM6_anom_24m,natural_breaks,Absolute Mortality,ETmax,High,29,0.00216,48.3,0.4313,0.4734,ns
M5vsM6_anom_24m,natural_breaks,Absolute Mortality,GPPsat,High,29,-0.78693,62.1,0.01095,0.04107,*
M5vsM6_anom_24m,natural_breaks,Absolute Mortality,NEPmax,High,29,-0.92456,69,0.005362,0.02681,*
M5vsM6_anom_24m,natural_breaks,Absolute Mortality,WUE,High,29,-3e-04,51.7,0.3647,0.4417,ns
M5vsM6_anom_24m,natural_breaks,Absolute Mortality,uWUE,High,29,-0.01108,55.2,0.5086,0.5323,ns
M5vsM6_anom_24m,natural_breaks,Absolute Mortality,ETmax,Mid,46,-0.00245,56.5,0.03837,0.08633,ns
M5vsM6_anom_24m,natural_breaks,Absolute Mortality,GPPsat,Mid,46,-0.85017,76.1,0.008363,0.03421,*
M5vsM6_anom_24m,natural_breaks,Absolute Mortality,NEPmax,Mid,46,-1.08873,60.9,0.03404,0.08061,ns
M5vsM6_anom_24m,natural_breaks,Absolute Mortality,WUE,Mid,46,-0.07511,54.3,0.06723,0.126,ns
M5vsM6_anom_24m,natural_breaks,Absolute Mortality,uWUE,Mid,46,-0.00039,50,0.1373,0.1931,ns
M5vsM6_anom_24m,natural_breaks,Absolute Mortality,ETmax,Low,37,0.00096,48.6,0.4046,0.4552,ns
M5vsM6_anom_24m,natural_breaks,Absolute Mortality,GPPsat,Low,37,-0.78775,73,0.002393,0.01795,*
M5vsM6_anom_24m,natural_breaks,Absolute Mortality,NEPmax,Low,37,-1.16543,67.6,0.004144,0.02331,*
M5vsM6_anom_24m,natural_breaks,Absolute Mortality,WUE,Low,37,-0.08492,64.9,0.01435,0.04968,*
M5vsM6_anom_24m,natural_breaks,Absolute Mortality,uWUE,Low,37,-0.08733,67.6,0.08258,0.1473,ns
M5vsM6_anom_24m,natural_breaks,Relative Mortality,ETmax,Mid,45,-0.00368,57.8,0.02109,0.06779,ns
M5vsM6_anom_24m,natural_breaks,Relative Mortality,GPPsat,Mid,45,-0.99274,80,0.0002648,0.006459,**
M5vsM6_anom_24m,natural_breaks,Relative Mortality,NEPmax,Mid,45,-1.2102,64.4,0.001197,0.01078,*
M5vsM6_anom_24m,natural_breaks,Relative Mortality,WUE,Mid,45,-0.07864,60,0.1863,0.2465,ns
M5vsM6_anom_24m,natural_breaks,Relative Mortality,uWUE,Mid,45,-0.06548,57.8,0.1295,0.1931,ns
M5vsM6_anom_24m,natural_breaks,Relative Mortality,ETmax,High,26,0.00139,46.2,0.7289,0.7289,ns
M5vsM6_anom_24m,natural_breaks,Relative Mortality,GPPsat,High,26,-0.77533,61.5,0.02379,0.07099,ns
M5vsM6_anom_24m,natural_breaks,Relative Mortality,NEPmax,High,26,-1.01683,73.1,0.003829,0.02331,*
M5vsM6_anom_24m,natural_breaks,Relative Mortality,WUE,High,26,-0.10672,57.7,0.04208,0.09017,ns
M5vsM6_anom_24m,natural_breaks,Relative Mortality,uWUE,High,26,-0.07362,61.5,0.08511,0.1473,ns
M5vsM6_anom_24m,natural_breaks,Relative Mortality,ETmax,Low,41,0.00071,48.8,0.3828,0.4417,ns
M5vsM6_anom_24m,natural_breaks,Relative Mortality,GPPsat,Low,41,-0.62803,68.3,0.02596,0.07099,ns
M5vsM6_anom_24m,natural_breaks,Relative Mortality,NEPmax,Low,41,-0.60789,61,0.04859,0.09939,ns
M5vsM6_anom_24m,natural_breaks,Relative Mortality,WUE,Low,41,-0.03358,53.7,0.1271,0.1931,ns
M5vsM6_anom_24m,natural_breaks,Relative Mortality,uWUE,Low,41,-0.0218,53.7,0.3828,0.4417,ns
M5vsM6_anom_24m,natural_breaks,Relative Disturbance,ETmax,Mid,49,-0.00482,57.1,0.02682,0.07099,ns
M5vsM6_anom_24m,natural_breaks,Relative Disturbance,GPPsat,Mid,49,-0.99274,75.5,0.0004306,0.006459,**
M5vsM6_anom_24m,natural_breaks,Relative Disturbance,NEPmax,Mid,49,-1.2102,69.4,0.000289,0.006459,**
M5vsM6_anom_24m,natural_breaks,Relative Disturbance,WUE,Mid,49,-0.0697,59.2,0.1436,0.1958,ns
M5vsM6_anom_24m,natural_breaks,Relative Disturbance,uWUE,Mid,49,-0.0218,55.1,0.2462,0.3166,ns
M5vsM6_anom_24m,natural_breaks,Relative Disturbance,ETmax,High,24,-0.00102,54.2,0.4488,0.4809,ns
M5vsM6_anom_24m,natural_breaks,Relative Disturbance,GPPsat,High,24,-0.94761,66.7,0.007286,0.03279,*
M5vsM6_anom_24m,natural_breaks,Relative Disturbance,NEPmax,High,24,-1.66946,79.2,0.0008783,0.009881,**
M5vsM6_anom_24m,natural_breaks,Relative Disturbance,WUE,High,24,-0.0632,54.2,0.1018,0.1696,ns
M5vsM6_anom_24m,natural_breaks,Relative Disturbance,uWUE,High,24,-0.06547,62.5,0.1236,0.1931,ns
M5vsM6_anom_24m,natural_breaks,Relative Disturbance,ETmax,Low,39,0.00099,43.6,0.6019,0.6155,ns
M5vsM6_anom_24m,natural_breaks,Relative Disturbance,GPPsat,Low,39,-0.6222,69.2,0.03026,0.07566,ns
M5vsM6_anom_24m,natural_breaks,Relative Disturbance,NEPmax,Low,39,-0.34694,51.3,0.2766,0.3457,ns
M5vsM6_anom_24m,natural_breaks,Relative Disturbance,WUE,Low,39,-0.08052,56.4,0.06153,0.1204,ns
M5vsM6_anom_24m,natural_breaks,Relative Disturbance,uWUE,Low,39,-0.08035,56.4,0.1367,0.1931,ns
M7vsM8_raw_12m,tertiles,Absolute Mortality,ETmax,High,37,-0.00164,59.5,0.0759,0.5366,ns
M7vsM8_raw_12m,tertiles,Absolute Mortality,GPPsat,High,37,-0.17034,56.8,0.2781,0.6125,ns
M7vsM8_raw_12m,tertiles,Absolute Mortality,NEPmax,High,37,0.13696,43.2,0.7013,0.7569,ns
M7vsM8_raw_12m,tertiles,Absolute Mortality,WUE,High,37,0.00647,48.6,0.4699,0.7139,ns
M7vsM8_raw_12m,tertiles,Absolute Mortality,uWUE,High,37,-0.02516,70.3,0.07377,0.5366,ns
M7vsM8_raw_12m,tertiles,Absolute Mortality,ETmax,Mid,37,0,51.4,0.68,0.7569,ns
M7vsM8_raw_12m,tertiles,Absolute Mortality,GPPsat,Mid,37,-0.20253,54.1,0.4759,0.7139,ns
M7vsM8_raw_12m,tertiles,Absolute Mortality,NEPmax,Mid,37,-0.03701,56.8,0.554,0.739,ns
M7vsM8_raw_12m,tertiles,Absolute Mortality,WUE,Mid,37,-0.00469,56.8,0.3643,0.7128,ns
M7vsM8_raw_12m,tertiles,Absolute Mortality,uWUE,Mid,37,-0.00775,54.1,0.1748,0.5366,ns
M7vsM8_raw_12m,tertiles,Absolute Mortality,ETmax,Low,38,-2e-05,50,0.4596,0.7139,ns
M7vsM8_raw_12m,tertiles,Absolute Mortality,GPPsat,Low,38,-0.14816,55.3,0.1882,0.5366,ns
M7vsM8_raw_12m,tertiles,Absolute Mortality,NEPmax,Low,38,-0.22681,65.8,0.1449,0.5366,ns
M7vsM8_raw_12m,tertiles,Absolute Mortality,WUE,Low,38,-0.00179,52.6,0.5748,0.739,ns
M7vsM8_raw_12m,tertiles,Absolute Mortality,uWUE,Low,38,0.00309,44.7,0.689,0.7569,ns
M7vsM8_raw_12m,tertiles,Relative Mortality,ETmax,High,37,-0.00112,54.1,0.4223,0.7139,ns
M7vsM8_raw_12m,tertiles,Relative Mortality,GPPsat,High,37,-0.20129,54.1,0.4341,0.7139,ns
M7vsM8_raw_12m,tertiles,Relative Mortality,NEPmax,High,37,0.24762,37.8,0.9827,0.9827,ns
M7vsM8_raw_12m,tertiles,Relative Mortality,WUE,High,37,0.00447,48.6,0.6414,0.7569,ns
M7vsM8_raw_12m,tertiles,Relative Mortality,uWUE,High,37,-0.01303,56.8,0.3872,0.7139,ns
M7vsM8_raw_12m,tertiles,Relative Mortality,ETmax,Mid,37,-0.00155,56.8,0.1908,0.5366,ns
M7vsM8_raw_12m,tertiles,Relative Mortality,GPPsat,Mid,37,-0.10559,54.1,0.2345,0.5979,ns
M7vsM8_raw_12m,tertiles,Relative Mortality,NEPmax,Mid,37,-0.1445,64.9,0.1197,0.5366,ns
M7vsM8_raw_12m,tertiles,Relative Mortality,WUE,Mid,37,-0.01961,59.5,0.1867,0.5366,ns
M7vsM8_raw_12m,tertiles,Relative Mortality,uWUE,Mid,37,-0.0163,56.8,0.2391,0.5979,ns
M7vsM8_raw_12m,tertiles,Relative Mortality,ETmax,Low,38,0.00021,50,0.5289,0.739,ns
M7vsM8_raw_12m,tertiles,Relative Mortality,GPPsat,Low,38,-0.22857,57.9,0.2858,0.6125,ns
M7vsM8_raw_12m,tertiles,Relative Mortality,NEPmax,Low,38,-0.21996,63.2,0.08871,0.5366,ns
M7vsM8_raw_12m,tertiles,Relative Mortality,WUE,Low,38,-0.00071,50,0.6141,0.7569,ns
M7vsM8_raw_12m,tertiles,Relative Mortality,uWUE,Low,38,-0.01023,55.3,0.1449,0.5366,ns
M7vsM8_raw_12m,tertiles,Relative Disturbance,ETmax,High,37,-0.00067,51.4,0.494,0.7171,ns
M7vsM8_raw_12m,tertiles,Relative Disturbance,GPPsat,High,37,-0.20129,54.1,0.4341,0.7139,ns
M7vsM8_raw_12m,tertiles,Relative Disturbance,NEPmax,High,37,0.22033,43.2,0.8947,0.9151,ns
M7vsM8_raw_12m,tertiles,Relative Disturbance,WUE,High,37,0.00447,48.6,0.8092,0.8469,ns
M7vsM8_raw_12m,tertiles,Relative Disturbance,uWUE,High,37,-0.00354,51.4,0.7065,0.7569,ns
M7vsM8_raw_12m,tertiles,Relative Disturbance,ETmax,Mid,37,-0.00171,64.9,0.1597,0.5366,ns
M7vsM8_raw_12m,tertiles,Relative Disturbance,GPPsat,Mid,37,0.02176,48.6,0.3309,0.6768,ns
M7vsM8_raw_12m,tertiles,Relative Disturbance,NEPmax,Mid,37,-0.13886,62.2,0.1561,0.5366,ns
M7vsM8_raw_12m,tertiles,Relative Disturbance,WUE,Mid,37,-0.0267,59.5,0.1197,0.5366,ns
M7vsM8_raw_12m,tertiles,Relative Disturbance,uWUE,Mid,37,-0.0163,62.2,0.1671,0.5366,ns
M7vsM8_raw_12m,tertiles,Relative Disturbance,ETmax,Low,38,0.00051,44.7,0.663,0.7569,ns
M7vsM8_raw_12m,tertiles,Relative Disturbance,GPPsat,Low,38,-0.22857,63.2,0.1843,0.5366,ns
M7vsM8_raw_12m,tertiles,Relative Disturbance,NEPmax,Low,38,-0.2082,60.5,0.2809,0.6125,ns
M7vsM8_raw_12m,tertiles,Relative Disturbance,WUE,Low,38,-0.00071,50,0.5634,0.739,ns
M7vsM8_raw_12m,tertiles,Relative Disturbance,uWUE,Low,38,-0.01023,55.3,0.04091,0.5366,ns
M7vsM8_raw_12m,equal_width,Absolute Mortality,ETmax,Mid,52,-0.00071,50,0.3527,0.6361,ns
M7vsM8_raw_12m,equal_width,Absolute Mortality,GPPsat,Mid,52,0.01296,48.1,0.664,0.8707,ns
M7vsM8_raw_12m,equal_width,Absolute Mortality,NEPmax,Mid,52,0.20071,40.4,0.9305,0.9305,ns
M7vsM8_raw_12m,equal_width,Absolute Mortality,WUE,Mid,52,-0.00517,57.7,0.1086,0.5336,ns
M7vsM8_raw_12m,equal_width,Absolute Mortality,uWUE,Mid,52,-0.02345,63.5,0.04302,0.5336,ns
M7vsM8_raw_12m,equal_width,Absolute Mortality,ETmax,Low,54,-0.00046,55.6,0.2482,0.6262,ns
M7vsM8_raw_12m,equal_width,Absolute Mortality,GPPsat,Low,54,-0.21535,59.3,0.09976,0.5336,ns
M7vsM8_raw_12m,equal_width,Absolute Mortality,NEPmax,Low,54,-0.23857,68.5,0.02742,0.5336,ns
M7vsM8_raw_12m,equal_width,Absolute Mortality,WUE,Low,54,0.00031,48.1,0.7933,0.8707,ns
M7vsM8_raw_12m,equal_width,Absolute Mortality,uWUE,Low,54,0.00124,48.1,0.5514,0.8707,ns
M7vsM8_raw_12m,equal_width,Absolute Mortality,ETmax,High,6,-0.0012,66.7,0.3375,0.6361,ns
M7vsM8_raw_12m,equal_width,Absolute Mortality,GPPsat,High,6,-0.31809,83.3,0.1473,0.5522,ns
M7vsM8_raw_12m,equal_width,Absolute Mortality,NEPmax,High,6,-0.26973,66.7,0.417,0.7217,ns
M7vsM8_raw_12m,equal_width,Absolute Mortality,WUE,High,6,0.00802,50,0.7353,0.8707,ns
M7vsM8_raw_12m,equal_width,Absolute Mortality,uWUE,High,6,-0.01926,66.7,0.583,0.8707,ns
M7vsM8_raw_12m,equal_width,Relative Mortality,ETmax,Mid,34,-0.00141,55.9,0.3534,0.6361,ns
M7vsM8_raw_12m,equal_width,Relative Mortality,GPPsat,Mid,34,-0.23285,58.8,0.31,0.6361,ns
M7vsM8_raw_12m,equal_width,Relative Mortality,NEPmax,Mid,34,0.17528,44.1,0.894,0.9171,ns
M7vsM8_raw_12m,equal_width,Relative Mortality,WUE,Mid,34,0.01439,41.2,0.7636,0.8707,ns
M7vsM8_raw_12m,equal_width,Relative Mortality,uWUE,Mid,34,-0.0051,52.9,0.7019,0.8707,ns
M7vsM8_raw_12m,equal_width,Relative Mortality,ETmax,High,8,0.00069,50,0.6369,0.8707,ns
M7vsM8_raw_12m,equal_width,Relative Mortality,GPPsat,High,8,0.11067,37.5,0.7794,0.8707,ns
M7vsM8_raw_12m,equal_width,Relative Mortality,NEPmax,High,8,0.28284,37.5,0.7357,0.8707,ns
M7vsM8_raw_12m,equal_width,Relative Mortality,WUE,High,8,-0.03098,75,0.1468,0.5522,ns
M7vsM8_raw_12m,equal_width,Relative Mortality,uWUE,High,8,-0.04819,75,0.09172,0.5336,ns
M7vsM8_raw_12m,equal_width,Relative Mortality,ETmax,Low,70,-0.00026,52.9,0.2505,0.6262,ns
M7vsM8_raw_12m,equal_width,Relative Mortality,GPPsat,Low,70,-0.15026,55.7,0.1932,0.6262,ns
M7vsM8_raw_12m,equal_width,Relative Mortality,NEPmax,Low,70,-0.2082,62.9,0.09202,0.5336,ns
M7vsM8_raw_12m,equal_width,Relative Mortality,WUE,Low,70,-0.00437,55.7,0.3432,0.6361,ns
M7vsM8_raw_12m,equal_width,Relative Mortality,uWUE,Low,70,-0.01064,55.7,0.1186,0.5336,ns
M7vsM8_raw_12m,equal_width,Relative Disturbance,ETmax,Mid,39,-0.00171,59,0.2362,0.6262,ns
M7vsM8_raw_12m,equal_width,Relative Disturbance,GPPsat,Mid,39,-0.24277,61.5,0.2032,0.6262,ns
M7vsM8_raw_12m,equal_width,Relative Disturbance,NEPmax,Mid,39,-0.03049,51.3,0.6285,0.8707,ns
M7vsM8_raw_12m,equal_width,Relative Disturbance,WUE,Mid,39,0.01598,41,0.8664,0.9171,ns
M7vsM8_raw_12m,equal_width,Relative Disturbance,uWUE,Mid,39,1e-04,48.7,0.8967,0.9171,ns
M7vsM8_raw_12m,equal_width,Relative Disturbance,ETmax,High,10,0.00064,50,0.5808,0.8707,ns
M7vsM8_raw_12m,equal_width,Relative Disturbance,GPPsat,High,10,0.11067,40,0.7622,0.8707,ns
M7vsM8_raw_12m,equal_width,Relative Disturbance,NEPmax,High,10,0.20243,40,0.7622,0.8707,ns
M7vsM8_raw_12m,equal_width,Relative Disturbance,WUE,High,10,-0.05835,80,0.05146,0.5336,ns
M7vsM8_raw_12m,equal_width,Relative Disturbance,uWUE,High,10,-0.04725,70,0.07679,0.5336,ns
M7vsM8_raw_12m,equal_width,Relative Disturbance,ETmax,Low,63,0,50.8,0.4334,0.7223,ns
M7vsM8_raw_12m,equal_width,Relative Disturbance,GPPsat,Low,63,-0.10138,54,0.2838,0.6361,ns
M7vsM8_raw_12m,equal_width,Relative Disturbance,NEPmax,Low,63,-0.20653,60.3,0.2414,0.6262,ns
M7vsM8_raw_12m,equal_width,Relative Disturbance,WUE,Low,63,-0.00469,55.6,0.2746,0.6361,ns
M7vsM8_raw_12m,equal_width,Relative Disturbance,uWUE,Low,63,-0.01583,58.7,0.0301,0.5336,ns
M7vsM8_raw_12m,natural_breaks,Absolute Mortality,ETmax,High,29,-0.00155,58.6,0.1819,0.6471,ns
M7vsM8_raw_12m,natural_breaks,Absolute Mortality,GPPsat,High,29,-0.22293,58.6,0.287,0.6471,ns
M7vsM8_raw_12m,natural_breaks,Absolute Mortality,NEPmax,High,29,0.18108,37.9,0.8238,0.8621,ns
M7vsM8_raw_12m,natural_breaks,Absolute Mortality,WUE,High,29,-0.00158,51.7,0.4228,0.6471,ns
M7vsM8_raw_12m,natural_breaks,Absolute Mortality,uWUE,High,29,-0.02174,72.4,0.1398,0.6471,ns
M7vsM8_raw_12m,natural_breaks,Absolute Mortality,ETmax,Mid,46,-2e-04,52.2,0.4869,0.6471,ns
M7vsM8_raw_12m,natural_breaks,Absolute Mortality,GPPsat,Mid,46,-0.09653,52.2,0.5218,0.6471,ns
M7vsM8_raw_12m,natural_breaks,Absolute Mortality,NEPmax,Mid,46,-0.03668,56.5,0.4392,0.6471,ns
M7vsM8_raw_12m,natural_breaks,Absolute Mortality,WUE,Mid,46,-0.00386,52.2,0.4565,0.6471,ns
M7vsM8_raw_12m,natural_breaks,Absolute Mortality,uWUE,Mid,46,-0.01978,54.3,0.1126,0.6471,ns
M7vsM8_raw_12m,natural_breaks,Absolute Mortality,ETmax,Low,37,-0.00012,51.4,0.393,0.6471,ns
M7vsM8_raw_12m,natural_breaks,Absolute Mortality,GPPsat,Low,37,-0.19494,56.8,0.1525,0.6471,ns
M7vsM8_raw_12m,natural_breaks,Absolute Mortality,NEPmax,Low,37,-0.24709,67.6,0.1227,0.6471,ns
M7vsM8_raw_12m,natural_breaks,Absolute Mortality,WUE,Low,37,-0.00214,54.1,0.488,0.6471,ns
M7vsM8_raw_12m,natural_breaks,Absolute Mortality,uWUE,Low,37,0.0038,45.9,0.68,0.7286,ns
M7vsM8_raw_12m,natural_breaks,Relative Mortality,ETmax,Mid,45,-0.00103,55.6,0.3258,0.6471,ns
M7vsM8_raw_12m,natural_breaks,Relative Mortality,GPPsat,Mid,45,0.02176,48.9,0.464,0.6471,ns
M7vsM8_raw_12m,natural_breaks,Relative Mortality,NEPmax,Mid,45,-0.06131,55.6,0.5405,0.6471,ns
M7vsM8_raw_12m,natural_breaks,Relative Mortality,WUE,Mid,45,-0.00419,53.3,0.3674,0.6471,ns
M7vsM8_raw_12m,natural_breaks,Relative Mortality,uWUE,Mid,45,-0.0163,57.8,0.2281,0.6471,ns
M7vsM8_raw_12m,natural_breaks,Relative Mortality,ETmax,High,26,-0.0012,53.8,0.39,0.6471,ns
M7vsM8_raw_12m,natural_breaks,Relative Mortality,GPPsat,High,26,-0.21998,57.7,0.2155,0.6471,ns
M7vsM8_raw_12m,natural_breaks,Relative Mortality,NEPmax,High,26,0.23569,42.3,0.8787,0.8787,ns
M7vsM8_raw_12m,natural_breaks,Relative Mortality,WUE,High,26,-0.00368,53.8,0.4696,0.6471,ns
M7vsM8_raw_12m,natural_breaks,Relative Mortality,uWUE,High,26,-0.00828,53.8,0.5203,0.6471,ns
M7vsM8_raw_12m,natural_breaks,Relative Mortality,ETmax,Low,41,0,51.2,0.4128,0.6471,ns
M7vsM8_raw_12m,natural_breaks,Relative Mortality,GPPsat,Low,41,-0.22298,61,0.2071,0.6471,ns
M7vsM8_raw_12m,natural_breaks,Relative Mortality,NEPmax,Low,41,-0.20987,63.4,0.06808,0.6471,ns
M7vsM8_raw_12m,natural_breaks,Relative Mortality,WUE,Low,41,-0.00145,51.2,0.5464,0.6471,ns
M7vsM8_raw_12m,natural_breaks,Relative Mortality,uWUE,Low,41,-0.01049,56.1,0.1116,0.6471,ns
M7vsM8_raw_12m,natural_breaks,Relative Disturbance,ETmax,Mid,49,-0.00155,57.1,0.2922,0.6471,ns
M7vsM8_raw_12m,natural_breaks,Relative Disturbance,GPPsat,Mid,49,-0.08747,51,0.3201,0.6471,ns
M7vsM8_raw_12m,natural_breaks,Relative Disturbance,NEPmax,Mid,49,-0.12842,59.2,0.313,0.6471,ns
M7vsM8_raw_12m,natural_breaks,Relative Disturbance,WUE,Mid,49,-0.00456,55.1,0.3165,0.6471,ns
M7vsM8_raw_12m,natural_breaks,Relative Disturbance,uWUE,Mid,49,-0.01079,57.1,0.3789,0.6471,ns
M7vsM8_raw_12m,natural_breaks,Relative Disturbance,ETmax,High,24,-0.0012,58.3,0.393,0.6471,ns
M7vsM8_raw_12m,natural_breaks,Relative Disturbance,GPPsat,High,24,-0.18582,54.2,0.4602,0.6471,ns
M7vsM8_raw_12m,natural_breaks,Relative Disturbance,NEPmax,High,24,0.22205,41.7,0.858,0.8775,ns
M7vsM8_raw_12m,natural_breaks,Relative Disturbance,WUE,High,24,0.00144,50,0.6711,0.7286,ns
M7vsM8_raw_12m,natural_breaks,Relative Disturbance,uWUE,High,24,-0.0191,54.2,0.607,0.6828,ns
M7vsM8_raw_12m,natural_breaks,Relative Disturbance,ETmax,Low,39,0.00044,46.2,0.5802,0.6694,ns
M7vsM8_raw_12m,natural_breaks,Relative Disturbance,GPPsat,Low,39,-0.22298,61.5,0.1767,0.6471,ns
M7vsM8_raw_12m,natural_breaks,Relative Disturbance,NEPmax,Low,39,-0.20653,59,0.3004,0.6471,ns
M7vsM8_raw_12m,natural_breaks,Relative Disturbance,WUE,Low,39,-0.00145,51.3,0.4972,0.6471,ns
M7vsM8_raw_12m,natural_breaks,Relative Disturbance,uWUE,Low,39,-0.01049,56.4,0.02663,0.6471,ns
M7vsM8_raw_24m,tertiles,Absolute Mortality,ETmax,High,37,-0.00036,51.4,0.488,0.8597,ns
M7vsM8_raw_24m,tertiles,Absolute Mortality,GPPsat,High,37,0.02288,45.9,0.7269,0.9534,ns
M7vsM8_raw_24m,tertiles,Absolute Mortality,NEPmax,High,37,-0.13972,59.5,0.3757,0.792,ns
M7vsM8_raw_24m,tertiles,Absolute Mortality,WUE,High,37,-0.00732,64.9,0.2391,0.7494,ns
M7vsM8_raw_24m,tertiles,Absolute Mortality,uWUE,High,37,-0.02096,73,0.01491,0.671,ns
M7vsM8_raw_24m,tertiles,Absolute Mortality,ETmax,Mid,37,-0.00017,54.1,0.1227,0.7494,ns
M7vsM8_raw_24m,tertiles,Absolute Mortality,GPPsat,Mid,37,0.14381,37.8,0.7466,0.9534,ns
M7vsM8_raw_24m,tertiles,Absolute Mortality,NEPmax,Mid,37,-0.114,64.9,0.1455,0.7494,ns
M7vsM8_raw_24m,tertiles,Absolute Mortality,WUE,Mid,37,0.00741,45.9,0.8051,0.9534,ns
M7vsM8_raw_24m,tertiles,Absolute Mortality,uWUE,Mid,37,-0.00631,56.8,0.1949,0.7494,ns
M7vsM8_raw_24m,tertiles,Absolute Mortality,ETmax,Low,38,-0.00016,52.6,0.4423,0.8294,ns
M7vsM8_raw_24m,tertiles,Absolute Mortality,GPPsat,Low,38,0.10392,39.5,0.4366,0.8294,ns
M7vsM8_raw_24m,tertiles,Absolute Mortality,NEPmax,Low,38,0.02281,47.4,0.6086,0.9128,ns
M7vsM8_raw_24m,tertiles,Absolute Mortality,WUE,Low,38,0.01407,39.5,0.9788,0.9788,ns
M7vsM8_raw_24m,tertiles,Absolute Mortality,uWUE,Low,38,0.00862,44.7,0.9265,0.9788,ns
M7vsM8_raw_24m,tertiles,Relative Mortality,ETmax,High,37,1e-05,48.6,0.554,0.8597,ns
M7vsM8_raw_24m,tertiles,Relative Mortality,GPPsat,High,37,0.07817,37.8,0.7655,0.9534,ns
M7vsM8_raw_24m,tertiles,Relative Mortality,NEPmax,High,37,0.18235,40.5,0.9515,0.9788,ns
M7vsM8_raw_24m,tertiles,Relative Mortality,WUE,High,37,-0.0013,51.4,0.8613,0.969,ns
M7vsM8_raw_24m,tertiles,Relative Mortality,uWUE,High,37,-0.0103,62.2,0.1455,0.7494,ns
M7vsM8_raw_24m,tertiles,Relative Mortality,ETmax,Mid,37,-0.00042,51.4,0.3254,0.792,ns
M7vsM8_raw_24m,tertiles,Relative Mortality,GPPsat,Mid,37,-0.08986,51.4,0.554,0.8597,ns
M7vsM8_raw_24m,tertiles,Relative Mortality,NEPmax,Mid,37,-0.15952,67.6,0.03877,0.7494,ns
M7vsM8_raw_24m,tertiles,Relative Mortality,WUE,Mid,37,-0.01647,59.5,0.1634,0.7494,ns
M7vsM8_raw_24m,tertiles,Relative Mortality,uWUE,Mid,37,-0.00573,59.5,0.2345,0.7494,ns
M7vsM8_raw_24m,tertiles,Relative Mortality,ETmax,Low,38,-0.00027,57.9,0.1882,0.7494,ns
M7vsM8_raw_24m,tertiles,Relative Mortality,GPPsat,Low,38,0.10392,34.2,0.6941,0.9534,ns
M7vsM8_raw_24m,tertiles,Relative Mortality,NEPmax,Low,38,-0.11333,63.2,0.2254,0.7494,ns
M7vsM8_raw_24m,tertiles,Relative Mortality,WUE,Low,38,0.01542,39.5,0.9616,0.9788,ns
M7vsM8_raw_24m,tertiles,Relative Mortality,uWUE,Low,38,-0.01288,52.6,0.5347,0.8597,ns
M7vsM8_raw_24m,tertiles,Relative Disturbance,ETmax,High,37,-1e-04,51.4,0.554,0.8597,ns
M7vsM8_raw_24m,tertiles,Relative Disturbance,GPPsat,High,37,0.07817,37.8,0.7836,0.9534,ns
M7vsM8_raw_24m,tertiles,Relative Disturbance,NEPmax,High,37,0.08666,45.9,0.8403,0.969,ns
M7vsM8_raw_24m,tertiles,Relative Disturbance,WUE,High,37,0.01533,45.9,0.9362,0.9788,ns
M7vsM8_raw_24m,tertiles,Relative Disturbance,uWUE,High,37,-0.01058,62.2,0.2391,0.7494,ns
M7vsM8_raw_24m,tertiles,Relative Disturbance,ETmax,Mid,37,-0.00042,54.1,0.2583,0.7494,ns
M7vsM8_raw_24m,tertiles,Relative Disturbance,GPPsat,Mid,37,-0.09784,54.1,0.3872,0.792,ns
M7vsM8_raw_24m,tertiles,Relative Disturbance,NEPmax,Mid,37,-0.14945,62.2,0.1525,0.7494,ns
M7vsM8_raw_24m,tertiles,Relative Disturbance,WUE,Mid,37,-0.00258,56.8,0.2832,0.7497,ns
M7vsM8_raw_24m,tertiles,Relative Disturbance,uWUE,Mid,37,-0.00573,59.5,0.3419,0.792,ns
M7vsM8_raw_24m,tertiles,Relative Disturbance,ETmax,Low,38,-0.00022,52.6,0.2664,0.7494,ns
M7vsM8_raw_24m,tertiles,Relative Disturbance,GPPsat,Low,38,0.1656,31.6,0.7958,0.9534,ns
M7vsM8_raw_24m,tertiles,Relative Disturbance,NEPmax,Low,38,-0.11333,63.2,0.1882,0.7494,ns
M7vsM8_raw_24m,tertiles,Relative Disturbance,WUE,Low,38,0.00851,47.4,0.7702,0.9534,ns
M7vsM8_raw_24m,tertiles,Relative Disturbance,uWUE,Low,38,-0.00739,52.6,0.3694,0.792,ns
M7vsM8_raw_24m,equal_width,Absolute Mortality,ETmax,Mid,52,-0.00014,51.9,0.2345,0.8685,ns
M7vsM8_raw_24m,equal_width,Absolute Mortality,GPPsat,Mid,52,0.06497,42.3,0.8618,0.9458,ns
M7vsM8_raw_24m,equal_width,Absolute Mortality,NEPmax,Mid,52,-0.0879,55.8,0.5018,0.8685,ns
M7vsM8_raw_24m,equal_width,Absolute Mortality,WUE,Mid,52,-0.00598,59.6,0.1898,0.8485,ns
M7vsM8_raw_24m,equal_width,Absolute Mortality,uWUE,Mid,52,-0.00793,57.7,0.1922,0.8485,ns
M7vsM8_raw_24m,equal_width,Absolute Mortality,ETmax,Low,54,-0.00016,51.9,0.3334,0.8685,ns
M7vsM8_raw_24m,equal_width,Absolute Mortality,GPPsat,Low,54,0.09209,40.7,0.4148,0.8685,ns
M7vsM8_raw_24m,equal_width,Absolute Mortality,NEPmax,Low,54,-0.03965,55.6,0.3303,0.8685,ns
M7vsM8_raw_24m,equal_width,Absolute Mortality,WUE,Low,54,0.01407,40.7,0.9822,0.9903,ns
M7vsM8_raw_24m,equal_width,Absolute Mortality,uWUE,Low,54,-0.00323,53.7,0.6571,0.8948,ns
M7vsM8_raw_24m,equal_width,Absolute Mortality,ETmax,High,6,-7e-04,66.7,0.5,0.8685,ns
M7vsM8_raw_24m,equal_width,Absolute Mortality,GPPsat,High,6,0.24632,33.3,0.6625,0.8948,ns
M7vsM8_raw_24m,equal_width,Absolute Mortality,NEPmax,High,6,-0.24359,83.3,0.1042,0.8485,ns
M7vsM8_raw_24m,equal_width,Absolute Mortality,WUE,High,6,0.03078,50,0.8527,0.9458,ns
M7vsM8_raw_24m,equal_width,Absolute Mortality,uWUE,High,6,-0.07238,100,0.01802,0.7506,ns
M7vsM8_raw_24m,equal_width,Relative Mortality,ETmax,Mid,34,-4e-05,50,0.4727,0.8685,ns
M7vsM8_raw_24m,equal_width,Relative Mortality,GPPsat,Mid,34,0.04103,41.2,0.6273,0.8948,ns
M7vsM8_raw_24m,equal_width,Relative Mortality,NEPmax,Mid,34,0.13997,44.1,0.9001,0.9644,ns
M7vsM8_raw_24m,equal_width,Relative Mortality,WUE,Mid,34,0.00305,50,0.9531,0.9903,ns
M7vsM8_raw_24m,equal_width,Relative Mortality,uWUE,Mid,34,-0.0083,58.8,0.1916,0.8485,ns
M7vsM8_raw_24m,equal_width,Relative Mortality,ETmax,High,8,0.00059,50,0.688,0.8948,ns
M7vsM8_raw_24m,equal_width,Relative Mortality,GPPsat,High,8,0.13718,37.5,0.7357,0.8948,ns
M7vsM8_raw_24m,equal_width,Relative Mortality,NEPmax,High,8,0.07628,50,0.6369,0.8948,ns
M7vsM8_raw_24m,equal_width,Relative Mortality,WUE,High,8,-0.0088,62.5,0.3631,0.8685,ns
M7vsM8_raw_24m,equal_width,Relative Mortality,uWUE,High,8,-0.01983,87.5,0.09172,0.8485,ns
M7vsM8_raw_24m,equal_width,Relative Mortality,ETmax,Low,70,-0.00027,54.3,0.1686,0.8485,ns
M7vsM8_raw_24m,equal_width,Relative Mortality,GPPsat,Low,70,0.10392,41.4,0.659,0.8948,ns
M7vsM8_raw_24m,equal_width,Relative Mortality,NEPmax,Low,70,-0.14925,64.3,0.05004,0.7506,ns
M7vsM8_raw_24m,equal_width,Relative Mortality,WUE,Low,70,0.0035,48.6,0.6129,0.8948,ns
M7vsM8_raw_24m,equal_width,Relative Mortality,uWUE,Low,70,-0.00489,54.3,0.4977,0.8685,ns
M7vsM8_raw_24m,equal_width,Relative Disturbance,ETmax,Mid,39,-0.00059,56.4,0.3151,0.8685,ns
M7vsM8_raw_24m,equal_width,Relative Disturbance,GPPsat,Mid,39,-0.09784,51.3,0.3403,0.8685,ns
M7vsM8_raw_24m,equal_width,Relative Disturbance,NEPmax,Mid,39,-0.00502,51.3,0.5965,0.8948,ns
M7vsM8_raw_24m,equal_width,Relative Disturbance,WUE,Mid,39,0.01533,43.6,0.9903,0.9903,ns
M7vsM8_raw_24m,equal_width,Relative Disturbance,uWUE,Mid,39,-0.00631,53.8,0.4418,0.8685,ns
M7vsM8_raw_24m,equal_width,Relative Disturbance,ETmax,High,10,0.00105,40,0.7296,0.8948,ns
M7vsM8_raw_24m,equal_width,Relative Disturbance,GPPsat,High,10,0.15769,30,0.846,0.9458,ns
M7vsM8_raw_24m,equal_width,Relative Disturbance,NEPmax,High,10,0.07628,50,0.7296,0.8948,ns
M7vsM8_raw_24m,equal_width,Relative Disturbance,WUE,High,10,-0.02877,70,0.2074,0.8485,ns
M7vsM8_raw_24m,equal_width,Relative Disturbance,uWUE,High,10,-0.01983,90,0.04157,0.7506,ns
M7vsM8_raw_24m,equal_width,Relative Disturbance,ETmax,Low,63,-0.00017,52.4,0.2588,0.8685,ns
M7vsM8_raw_24m,equal_width,Relative Disturbance,GPPsat,Low,63,0.16445,36.5,0.7953,0.9418,ns
M7vsM8_raw_24m,equal_width,Relative Disturbance,NEPmax,Low,63,-0.114,61.9,0.1482,0.8485,ns
M7vsM8_raw_24m,equal_width,Relative Disturbance,WUE,Low,63,-0.00588,50.8,0.4741,0.8685,ns
M7vsM8_raw_24m,equal_width,Relative Disturbance,uWUE,Low,63,-0.00573,55.6,0.3987,0.8685,ns
M7vsM8_raw_24m,natural_breaks,Absolute Mortality,ETmax,High,29,0.00048,48.3,0.6981,0.9221,ns
M7vsM8_raw_24m,natural_breaks,Absolute Mortality,GPPsat,High,29,-0.01729,51.7,0.5856,0.9221,ns
M7vsM8_raw_24m,natural_breaks,Absolute Mortality,NEPmax,High,29,-0.11149,51.7,0.6353,0.9221,ns
M7vsM8_raw_24m,natural_breaks,Absolute Mortality,WUE,High,29,-0.00258,58.6,0.4398,0.9199,ns
M7vsM8_raw_24m,natural_breaks,Absolute Mortality,uWUE,High,29,-0.02096,72.4,0.05243,0.828,ns
M7vsM8_raw_24m,natural_breaks,Absolute Mortality,ETmax,Mid,46,-0.00024,54.3,0.08775,0.828,ns
M7vsM8_raw_24m,natural_breaks,Absolute Mortality,GPPsat,Mid,46,0.14409,34.8,0.9123,0.9613,ns
M7vsM8_raw_24m,natural_breaks,Absolute Mortality,NEPmax,Mid,46,-0.11539,67.4,0.07463,0.828,ns
M7vsM8_raw_24m,natural_breaks,Absolute Mortality,WUE,Mid,46,-0.0051,52.2,0.578,0.9221,ns
M7vsM8_raw_24m,natural_breaks,Absolute Mortality,uWUE,Mid,46,-0.01014,60.9,0.05534,0.828,ns
M7vsM8_raw_24m,natural_breaks,Absolute Mortality,ETmax,Low,37,-0.00027,54.1,0.3872,0.9199,ns
M7vsM8_raw_24m,natural_breaks,Absolute Mortality,GPPsat,Low,37,0.0949,40.5,0.3474,0.9199,ns
M7vsM8_raw_24m,natural_breaks,Absolute Mortality,NEPmax,Low,37,0.0037,48.6,0.518,0.9199,ns
M7vsM8_raw_24m,natural_breaks,Absolute Mortality,WUE,Low,37,0.01281,40.5,0.9682,0.9682,ns
M7vsM8_raw_24m,natural_breaks,Absolute Mortality,uWUE,Low,37,0.01316,43.2,0.9399,0.9613,ns
M7vsM8_raw_24m,natural_breaks,Relative Mortality,ETmax,Mid,45,0.00024,46.7,0.5315,0.9199,ns
M7vsM8_raw_24m,natural_breaks,Relative Mortality,GPPsat,Mid,45,-0.08986,51.1,0.5315,0.9199,ns
M7vsM8_raw_24m,natural_breaks,Relative Mortality,NEPmax,Mid,45,-0.10525,53.3,0.4283,0.9199,ns
M7vsM8_raw_24m,natural_breaks,Relative Mortality,WUE,Mid,45,-0.00142,53.3,0.5,0.9199,ns
M7vsM8_raw_24m,natural_breaks,Relative Mortality,uWUE,Mid,45,-0.00405,57.8,0.242,0.9199,ns
M7vsM8_raw_24m,natural_breaks,Relative Mortality,ETmax,High,26,-0.00034,53.8,0.3516,0.9199,ns
M7vsM8_raw_24m,natural_breaks,Relative Mortality,GPPsat,High,26,0.07446,34.6,0.799,0.9221,ns
M7vsM8_raw_24m,natural_breaks,Relative Mortality,NEPmax,High,26,-0.00426,53.8,0.61,0.9221,ns
M7vsM8_raw_24m,natural_breaks,Relative Mortality,WUE,High,26,-0.0065,53.8,0.7693,0.9221,ns
M7vsM8_raw_24m,natural_breaks,Relative Mortality,uWUE,High,26,-0.01044,65.4,0.201,0.9044,ns
M7vsM8_raw_24m,natural_breaks,Relative Mortality,ETmax,Low,41,-0.00028,58.5,0.1624,0.8365,ns
M7vsM8_raw_24m,natural_breaks,Relative Mortality,GPPsat,Low,41,0.11294,34.1,0.7498,0.9221,ns
M7vsM8_raw_24m,natural_breaks,Relative Mortality,NEPmax,Low,41,-0.114,63.4,0.1592,0.8365,ns
M7vsM8_raw_24m,natural_breaks,Relative Mortality,WUE,Low,41,0.01031,43.9,0.8756,0.961,ns
M7vsM8_raw_24m,natural_breaks,Relative Mortality,uWUE,Low,41,-0.01504,53.7,0.5103,0.9199,ns
M7vsM8_raw_24m,natural_breaks,Relative Disturbance,ETmax,Mid,49,-0.00079,57.1,0.1673,0.8365,ns
M7vsM8_raw_24m,natural_breaks,Relative Disturbance,GPPsat,Mid,49,-0.09784,53.1,0.4446,0.9199,ns
M7vsM8_raw_24m,natural_breaks,Relative Disturbance,NEPmax,Mid,49,-0.14356,57.1,0.299,0.9199,ns
M7vsM8_raw_24m,natural_breaks,Relative Disturbance,WUE,Mid,49,-0.00142,51,0.6436,0.9221,ns
M7vsM8_raw_24m,natural_breaks,Relative Disturbance,uWUE,Mid,49,-0.00573,57.1,0.4407,0.9199,ns
M7vsM8_raw_24m,natural_breaks,Relative Disturbance,ETmax,High,24,6e-04,41.7,0.8003,0.9221,ns
M7vsM8_raw_24m,natural_breaks,Relative Disturbance,GPPsat,High,24,0.09497,29.2,0.9294,0.9613,ns
M7vsM8_raw_24m,natural_breaks,Relative Disturbance,NEPmax,High,24,0.12137,45.8,0.8159,0.9221,ns
M7vsM8_raw_24m,natural_breaks,Relative Disturbance,WUE,High,24,-0.00381,54.2,0.7113,0.9221,ns
M7vsM8_raw_24m,natural_breaks,Relative Disturbance,uWUE,High,24,-0.01393,70.8,0.09199,0.828,ns
M7vsM8_raw_24m,natural_breaks,Relative Disturbance,ETmax,Low,39,-0.00027,53.8,0.2493,0.9199,ns
M7vsM8_raw_24m,natural_breaks,Relative Disturbance,GPPsat,Low,39,0.16445,33.3,0.7234,0.9221,ns
M7vsM8_raw_24m,natural_breaks,Relative Disturbance,NEPmax,Low,39,-0.114,64.1,0.1558,0.8365,ns
M7vsM8_raw_24m,natural_breaks,Relative Disturbance,WUE,Low,39,0.01031,46.2,0.8197,0.9221,ns
M7vsM8_raw_24m,natural_breaks,Relative Disturbance,uWUE,Low,39,-0.00405,51.3,0.4363,0.9199,ns
M7vsM8_anom_12m,tertiles,Absolute Mortality,ETmax,High,37,0.00021,48.6,0.37,0.4625,ns
M7vsM8_anom_12m,tertiles,Absolute Mortality,GPPsat,High,37,-0.88845,64.9,0.01229,0.03688,*
M7vsM8_anom_12m,tertiles,Absolute Mortality,NEPmax,High,37,-0.55619,59.5,0.01734,0.04877,*
M7vsM8_anom_12m,tertiles,Absolute Mortality,WUE,High,37,-0.02399,54.1,0.2681,0.3724,ns
M7vsM8_anom_12m,tertiles,Absolute Mortality,uWUE,High,37,0.08129,43.2,0.7655,0.7792,ns
M7vsM8_anom_12m,tertiles,Absolute Mortality,ETmax,Mid,37,-0.00074,56.8,0.1634,0.2535,ns
M7vsM8_anom_12m,tertiles,Absolute Mortality,GPPsat,Mid,37,-0.50357,75.7,0.007263,0.02724,*
M7vsM8_anom_12m,tertiles,Absolute Mortality,NEPmax,Mid,37,-0.86067,62.2,0.1053,0.1814,ns
M7vsM8_anom_12m,tertiles,Absolute Mortality,WUE,Mid,37,0.0026,48.6,0.2884,0.3816,ns
M7vsM8_anom_12m,tertiles,Absolute Mortality,uWUE,Mid,37,-0.01274,51.4,0.2486,0.3609,ns
M7vsM8_anom_12m,tertiles,Absolute Mortality,ETmax,Low,38,0.00091,47.4,0.5116,0.5977,ns
M7vsM8_anom_12m,tertiles,Absolute Mortality,GPPsat,Low,38,-0.64746,71.1,0.001279,0.02696,*
M7vsM8_anom_12m,tertiles,Absolute Mortality,NEPmax,Low,38,-0.6737,68.4,0.002043,0.02696,*
M7vsM8_anom_12m,tertiles,Absolute Mortality,WUE,Low,38,-0.06758,73.7,0.003063,0.02696,*
M7vsM8_anom_12m,tertiles,Absolute Mortality,uWUE,Low,38,-0.06247,63.2,0.1088,0.1814,ns
M7vsM8_anom_12m,tertiles,Relative Mortality,ETmax,High,37,-0.00067,51.4,0.518,0.5977,ns
M7vsM8_anom_12m,tertiles,Relative Mortality,GPPsat,High,37,-0.6228,67.6,0.005393,0.02696,*
M7vsM8_anom_12m,tertiles,Relative Mortality,NEPmax,High,37,-1.03146,64.9,0.004944,0.02696,*
M7vsM8_anom_12m,tertiles,Relative Mortality,WUE,High,37,-0.0048,51.4,0.2391,0.3587,ns
M7vsM8_anom_12m,tertiles,Relative Mortality,uWUE,High,37,0.04191,48.6,0.6186,0.6789,ns
M7vsM8_anom_12m,tertiles,Relative Mortality,ETmax,Mid,37,-0.00215,54.1,0.09986,0.1814,ns
M7vsM8_anom_12m,tertiles,Relative Mortality,GPPsat,Mid,37,-0.99199,73,0.004332,0.02696,*
M7vsM8_anom_12m,tertiles,Relative Mortality,NEPmax,Mid,37,-0.62349,59.5,0.03285,0.08211,ns
M7vsM8_anom_12m,tertiles,Relative Mortality,WUE,Mid,37,-0.0838,67.6,0.03512,0.08318,ns
M7vsM8_anom_12m,tertiles,Relative Mortality,uWUE,Mid,37,-0.09339,59.5,0.07808,0.1528,ns
M7vsM8_anom_12m,tertiles,Relative Mortality,ETmax,Low,38,0.00052,47.4,0.5634,0.6338,ns
M7vsM8_anom_12m,tertiles,Relative Mortality,GPPsat,Low,38,-0.52876,71.1,0.003649,0.02696,*
M7vsM8_anom_12m,tertiles,Relative Mortality,NEPmax,Low,38,-0.502,65.8,0.02688,0.07115,ns
M7vsM8_anom_12m,tertiles,Relative Mortality,WUE,Low,38,-0.03422,57.9,0.1172,0.1883,ns
M7vsM8_anom_12m,tertiles,Relative Mortality,uWUE,Low,38,-0.00135,50,0.4653,0.5659,ns
M7vsM8_anom_12m,tertiles,Relative Disturbance,ETmax,High,37,0.00039,45.9,0.7116,0.7625,ns
M7vsM8_anom_12m,tertiles,Relative Disturbance,GPPsat,High,37,-0.6228,70.3,0.006678,0.02724,*
M7vsM8_anom_12m,tertiles,Relative Disturbance,NEPmax,High,37,-1.03146,64.9,0.006134,0.02724,*
M7vsM8_anom_12m,tertiles,Relative Disturbance,WUE,High,37,0.0026,48.6,0.3586,0.4611,ns
M7vsM8_anom_12m,tertiles,Relative Disturbance,uWUE,High,37,0.08736,43.2,0.7792,0.7792,ns
M7vsM8_anom_12m,tertiles,Relative Disturbance,ETmax,Mid,37,-0.00268,64.9,0.01092,0.03526,*
M7vsM8_anom_12m,tertiles,Relative Disturbance,GPPsat,Mid,37,-0.97592,73,0.0009918,0.02696,*
M7vsM8_anom_12m,tertiles,Relative Disturbance,NEPmax,Mid,37,-1.06378,64.9,0.003623,0.02696,*
M7vsM8_anom_12m,tertiles,Relative Disturbance,WUE,Mid,37,-0.0821,67.6,0.05005,0.1072,ns
M7vsM8_anom_12m,tertiles,Relative Disturbance,uWUE,Mid,37,-0.06075,56.8,0.2731,0.3724,ns
M7vsM8_anom_12m,tertiles,Relative Disturbance,ETmax,Low,38,0.0011,42.1,0.7746,0.7792,ns
M7vsM8_anom_12m,tertiles,Relative Disturbance,GPPsat,Low,38,-0.50228,68.4,0.01097,0.03526,*
M7vsM8_anom_12m,tertiles,Relative Disturbance,NEPmax,Low,38,-0.42025,60.5,0.1062,0.1814,ns
M7vsM8_anom_12m,tertiles,Relative Disturbance,WUE,Low,38,-0.03044,60.5,0.03965,0.08921,ns
M7vsM8_anom_12m,tertiles,Relative Disturbance,uWUE,Low,38,-0.0407,57.9,0.06954,0.1422,ns
M7vsM8_anom_12m,equal_width,Absolute Mortality,ETmax,Mid,52,-0.00109,51.9,0.229,0.3553,ns
M7vsM8_anom_12m,equal_width,Absolute Mortality,GPPsat,Mid,52,-0.47628,61.5,0.06358,0.1683,ns
M7vsM8_anom_12m,equal_width,Absolute Mortality,NEPmax,Mid,52,-0.47966,55.8,0.1103,0.2367,ns
M7vsM8_anom_12m,equal_width,Absolute Mortality,WUE,Mid,52,-0.01988,53.8,0.1824,0.3062,ns
M7vsM8_anom_12m,equal_width,Absolute Mortality,uWUE,Mid,52,-0.05777,53.8,0.2128,0.3419,ns
M7vsM8_anom_12m,equal_width,Absolute Mortality,ETmax,Low,54,-0.00024,51.9,0.3241,0.4504,ns
M7vsM8_anom_12m,equal_width,Absolute Mortality,GPPsat,Low,54,-0.71194,75.9,1.93e-05,0.0008686,***
M7vsM8_anom_12m,equal_width,Absolute Mortality,NEPmax,Low,54,-0.81669,68.5,0.0005342,0.004808,**
M7vsM8_anom_12m,equal_width,Absolute Mortality,WUE,Low,54,-0.04554,64.8,0.01316,0.05384,ns
M7vsM8_anom_12m,equal_width,Absolute Mortality,uWUE,Low,54,-0.00948,53.7,0.3303,0.4504,ns
M7vsM8_anom_12m,equal_width,Absolute Mortality,ETmax,High,6,0.00645,33.3,0.6625,0.7453,ns
M7vsM8_anom_12m,equal_width,Absolute Mortality,GPPsat,High,6,-2.17365,100,0.01802,0.0635,ns
M7vsM8_anom_12m,equal_width,Absolute Mortality,NEPmax,High,6,-2.91238,83.3,0.02959,0.0951,ns
M7vsM8_anom_12m,equal_width,Absolute Mortality,WUE,High,6,-0.03041,50,0.417,0.5212,ns
M7vsM8_anom_12m,equal_width,Absolute Mortality,uWUE,High,6,0.09994,33.3,0.7992,0.8363,ns
M7vsM8_anom_12m,equal_width,Relative Mortality,ETmax,Mid,34,-0.00217,55.9,0.1157,0.2367,ns
M7vsM8_anom_12m,equal_width,Relative Mortality,GPPsat,Mid,34,-1.26532,76.5,0.0003342,0.004808,**
M7vsM8_anom_12m,equal_width,Relative Mortality,NEPmax,Mid,34,-1.12752,73.5,0.00155,0.008717,**
M7vsM8_anom_12m,equal_width,Relative Mortality,WUE,Mid,34,0.00322,50,0.4321,0.5256,ns
M7vsM8_anom_12m,equal_width,Relative Mortality,uWUE,Mid,34,0.06463,47.1,0.742,0.8144,ns
M7vsM8_anom_12m,equal_width,Relative Mortality,ETmax,High,8,0.00726,25,0.9463,0.9584,ns
M7vsM8_anom_12m,equal_width,Relative Mortality,GPPsat,High,8,0.05569,50,0.5279,0.6252,ns
M7vsM8_anom_12m,equal_width,Relative Mortality,NEPmax,High,8,0.05757,37.5,0.3631,0.4806,ns
M7vsM8_anom_12m,equal_width,Relative Mortality,WUE,High,8,-0.12451,62.5,0.1814,0.3062,ns
M7vsM8_anom_12m,equal_width,Relative Mortality,uWUE,High,8,-0.15211,62.5,0.1814,0.3062,ns
M7vsM8_anom_12m,equal_width,Relative Mortality,ETmax,Low,70,-0.00013,51.4,0.2542,0.3813,ns
M7vsM8_anom_12m,equal_width,Relative Mortality,GPPsat,Low,70,-0.59001,70,0.0004925,0.004808,**
M7vsM8_anom_12m,equal_width,Relative Mortality,NEPmax,Low,70,-0.502,61.4,0.01834,0.0635,ns
M7vsM8_anom_12m,equal_width,Relative Mortality,WUE,Low,70,-0.05586,62.9,0.01024,0.04608,*
M7vsM8_anom_12m,equal_width,Relative Mortality,uWUE,Low,70,-0.0155,54.3,0.1837,0.3062,ns
M7vsM8_anom_12m,equal_width,Relative Disturbance,ETmax,Mid,39,-0.00318,61.5,0.0477,0.1341,ns
M7vsM8_anom_12m,equal_width,Relative Disturbance,GPPsat,Mid,39,-1.2422,76.9,0.0002243,0.004808,**
M7vsM8_anom_12m,equal_width,Relative Disturbance,NEPmax,Mid,39,-1.123,71.8,0.00138,0.008717,**
M7vsM8_anom_12m,equal_width,Relative Disturbance,WUE,Mid,39,0.01124,46.2,0.6126,0.7068,ns
M7vsM8_anom_12m,equal_width,Relative Disturbance,uWUE,Mid,39,0.08736,46.2,0.7848,0.8363,ns
M7vsM8_anom_12m,equal_width,Relative Disturbance,ETmax,High,10,0.0045,20,0.9584,0.9584,ns
M7vsM8_anom_12m,equal_width,Relative Disturbance,GPPsat,High,10,-0.20123,60,0.2704,0.3925,ns
M7vsM8_anom_12m,equal_width,Relative Disturbance,NEPmax,High,10,-0.49002,50,0.1106,0.2367,ns
M7vsM8_anom_12m,equal_width,Relative Disturbance,WUE,High,10,-0.2424,70,0.07679,0.1819,ns
M7vsM8_anom_12m,equal_width,Relative Disturbance,uWUE,High,10,-0.15973,70,0.07679,0.1819,ns
M7vsM8_anom_12m,equal_width,Relative Disturbance,ETmax,Low,63,0.00023,49.2,0.404,0.5194,ns
M7vsM8_anom_12m,equal_width,Relative Disturbance,GPPsat,Low,63,-0.57677,68.3,0.001311,0.008717,**
M7vsM8_anom_12m,equal_width,Relative Disturbance,NEPmax,Low,63,-0.4207,60.3,0.03456,0.1037,ns
M7vsM8_anom_12m,equal_width,Relative Disturbance,WUE,Low,63,-0.06152,65.1,0.007758,0.03879,*
M7vsM8_anom_12m,equal_width,Relative Disturbance,uWUE,Low,63,-0.01826,54,0.1629,0.3062,ns
M7vsM8_anom_12m,natural_breaks,Absolute Mortality,ETmax,High,29,0.00021,48.3,0.4484,0.5605,ns
M7vsM8_anom_12m,natural_breaks,Absolute Mortality,GPPsat,High,29,-0.97592,65.5,0.01226,0.04003,*
M7vsM8_anom_12m,natural_breaks,Absolute Mortality,NEPmax,High,29,-0.88886,65.5,0.02105,0.0592,ns
M7vsM8_anom_12m,natural_breaks,Absolute Mortality,WUE,High,29,0.0159,44.8,0.5259,0.6068,ns
M7vsM8_anom_12m,natural_breaks,Absolute Mortality,uWUE,High,29,0.10517,37.9,0.91,0.91,ns
M7vsM8_anom_12m,natural_breaks,Absolute Mortality,ETmax,Mid,46,-0.00113,56.5,0.1147,0.1912,ns
M7vsM8_anom_12m,natural_breaks,Absolute Mortality,GPPsat,Mid,46,-0.50228,73.9,0.00437,0.02156,*
M7vsM8_anom_12m,natural_breaks,Absolute Mortality,NEPmax,Mid,46,-0.71109,58.7,0.04624,0.1095,ns
M7vsM8_anom_12m,natural_breaks,Absolute Mortality,WUE,Mid,46,-0.04458,56.5,0.1045,0.1881,ns
M7vsM8_anom_12m,natural_breaks,Absolute Mortality,uWUE,Mid,46,-0.03815,54.3,0.08602,0.1613,ns
M7vsM8_anom_12m,natural_breaks,Absolute Mortality,ETmax,Low,37,0.00101,45.9,0.554,0.6233,ns
M7vsM8_anom_12m,natural_breaks,Absolute Mortality,GPPsat,Low,37,-0.60325,70.3,0.001979,0.02156,*
M7vsM8_anom_12m,natural_breaks,Absolute Mortality,NEPmax,Low,37,-0.51272,67.6,0.003308,0.02156,*
M7vsM8_anom_12m,natural_breaks,Absolute Mortality,WUE,Low,37,-0.07364,73,0.004144,0.02156,*
M7vsM8_anom_12m,natural_breaks,Absolute Mortality,uWUE,Low,37,-0.05081,62.2,0.1421,0.2143,ns
M7vsM8_anom_12m,natural_breaks,Relative Mortality,ETmax,Mid,45,-0.00218,57.8,0.06238,0.1276,ns
M7vsM8_anom_12m,natural_breaks,Relative Mortality,GPPsat,Mid,45,-0.99199,68.9,0.003374,0.02156,*
M7vsM8_anom_12m,natural_breaks,Relative Mortality,NEPmax,Mid,45,-0.78514,62.2,0.02286,0.06052,ns
M7vsM8_anom_12m,natural_breaks,Relative Mortality,WUE,Mid,45,-0.05769,60,0.1393,0.2143,ns
M7vsM8_anom_12m,natural_breaks,Relative Mortality,uWUE,Mid,45,-0.03312,55.6,0.2456,0.3348,ns
M7vsM8_anom_12m,natural_breaks,Relative Mortality,ETmax,High,26,0.00067,42.3,0.7615,0.8159,ns
M7vsM8_anom_12m,natural_breaks,Relative Mortality,GPPsat,High,26,-0.44814,73.1,0.004791,0.02156,*
M7vsM8_anom_12m,natural_breaks,Relative Mortality,NEPmax,High,26,-1.01115,65.4,0.004448,0.02156,*
M7vsM8_anom_12m,natural_breaks,Relative Mortality,WUE,High,26,-0.01439,53.8,0.1489,0.2161,ns
M7vsM8_anom_12m,natural_breaks,Relative Mortality,uWUE,High,26,0.01744,50,0.5101,0.6041,ns
M7vsM8_anom_12m,natural_breaks,Relative Mortality,ETmax,Low,41,0.00023,48.8,0.4793,0.583,ns
M7vsM8_anom_12m,natural_breaks,Relative Mortality,GPPsat,Low,41,-0.50357,70.7,0.003799,0.02156,*
M7vsM8_anom_12m,natural_breaks,Relative Mortality,NEPmax,Low,41,-0.49128,63.4,0.02519,0.06298,ns
M7vsM8_anom_12m,natural_breaks,Relative Mortality,WUE,Low,41,-0.03696,61,0.05126,0.1153,ns
M7vsM8_anom_12m,natural_breaks,Relative Mortality,uWUE,Low,41,-0.00314,51.2,0.3439,0.4552,ns
M7vsM8_anom_12m,natural_breaks,Relative Disturbance,ETmax,Mid,49,-0.00318,63.3,0.01229,0.04003,*
M7vsM8_anom_12m,natural_breaks,Relative Disturbance,GPPsat,Mid,49,-0.99199,71.4,0.0004008,0.01804,*
M7vsM8_anom_12m,natural_breaks,Relative Disturbance,NEPmax,Mid,49,-1.07758,67.3,0.001057,0.02156,*
M7vsM8_anom_12m,natural_breaks,Relative Disturbance,WUE,Mid,49,-0.04879,59.2,0.2431,0.3348,ns
M7vsM8_anom_12m,natural_breaks,Relative Disturbance,uWUE,Mid,49,-0.00621,51,0.6173,0.6775,ns
M7vsM8_anom_12m,natural_breaks,Relative Disturbance,ETmax,High,24,0.00119,41.7,0.8448,0.864,ns
M7vsM8_anom_12m,natural_breaks,Relative Disturbance,GPPsat,High,24,-0.44814,75,0.008523,0.03487,*
M7vsM8_anom_12m,natural_breaks,Relative Disturbance,NEPmax,High,24,-0.93986,62.5,0.01245,0.04003,*
M7vsM8_anom_12m,natural_breaks,Relative Disturbance,WUE,High,24,-0.09193,58.3,0.07059,0.1381,ns
M7vsM8_anom_12m,natural_breaks,Relative Disturbance,uWUE,High,24,-0.0078,50,0.3712,0.4773,ns
M7vsM8_anom_12m,natural_breaks,Relative Disturbance,ETmax,Low,39,0.00114,41,0.7968,0.8339,ns
M7vsM8_anom_12m,natural_breaks,Relative Disturbance,GPPsat,Low,39,-0.501,66.7,0.01912,0.05735,ns
M7vsM8_anom_12m,natural_breaks,Relative Disturbance,NEPmax,Low,39,-0.34922,59,0.1429,0.2143,ns
M7vsM8_anom_12m,natural_breaks,Relative Disturbance,WUE,Low,39,-0.02941,59,0.05986,0.1276,ns
M7vsM8_anom_12m,natural_breaks,Relative Disturbance,uWUE,Low,39,-0.0306,56.4,0.111,0.1912,ns
M7vsM8_anom_24m,tertiles,Absolute Mortality,ETmax,High,37,0.00257,40.5,0.8133,0.8511,ns
M7vsM8_anom_24m,tertiles,Absolute Mortality,GPPsat,High,37,-0.74465,64.9,0.01092,0.0378,*
M7vsM8_anom_24m,tertiles,Absolute Mortality,NEPmax,High,37,-0.81952,64.9,0.007263,0.02971,*
M7vsM8_anom_24m,tertiles,Absolute Mortality,WUE,High,37,0.01421,45.9,0.548,0.6165,ns
M7vsM8_anom_24m,tertiles,Absolute Mortality,uWUE,High,37,8e-04,48.6,0.6186,0.6628,ns
M7vsM8_anom_24m,tertiles,Absolute Mortality,ETmax,Mid,37,-0.00043,51.4,0.2253,0.338,ns
M7vsM8_anom_24m,tertiles,Absolute Mortality,GPPsat,Mid,37,-0.79254,70.3,0.01182,0.03799,*
M7vsM8_anom_24m,tertiles,Absolute Mortality,NEPmax,Mid,37,-0.49833,62.2,0.1354,0.2256,ns
M7vsM8_anom_24m,tertiles,Absolute Mortality,WUE,Mid,37,-0.00208,51.4,0.2583,0.3749,ns
M7vsM8_anom_24m,tertiles,Absolute Mortality,uWUE,Mid,37,0.00383,48.6,0.1489,0.2394,ns
M7vsM8_anom_24m,tertiles,Absolute Mortality,ETmax,Low,38,-0.00065,55.3,0.4538,0.5673,ns
M7vsM8_anom_24m,tertiles,Absolute Mortality,GPPsat,Low,38,-0.52207,60.5,0.006055,0.02971,*
M7vsM8_anom_24m,tertiles,Absolute Mortality,NEPmax,Low,38,-0.85869,76.3,0.0002244,0.009119,**
M7vsM8_anom_24m,tertiles,Absolute Mortality,WUE,Low,38,-0.0764,71.1,0.009403,0.03526,*
M7vsM8_anom_24m,tertiles,Absolute Mortality,uWUE,Low,38,-0.0428,65.8,0.07554,0.1597,ns
M7vsM8_anom_24m,tertiles,Relative Mortality,ETmax,High,37,0.00275,37.8,0.8711,0.8803,ns
M7vsM8_anom_24m,tertiles,Relative Mortality,GPPsat,High,37,-0.709,64.9,0.007263,0.02971,*
M7vsM8_anom_24m,tertiles,Relative Mortality,NEPmax,High,37,-0.80557,64.9,0.006678,0.02971,*
M7vsM8_anom_24m,tertiles,Relative Mortality,WUE,High,37,0.01324,48.6,0.482,0.5862,ns
M7vsM8_anom_24m,tertiles,Relative Mortality,uWUE,High,37,-0.01484,51.4,0.3643,0.4684,ns
M7vsM8_anom_24m,tertiles,Relative Mortality,ETmax,Mid,37,-0.00026,51.4,0.3309,0.4512,ns
M7vsM8_anom_24m,tertiles,Relative Mortality,GPPsat,Mid,37,-0.92507,73,0.004144,0.02971,*
M7vsM8_anom_24m,tertiles,Relative Mortality,NEPmax,Mid,37,-1.24999,73,0.00563,0.02971,*
M7vsM8_anom_24m,tertiles,Relative Mortality,WUE,Mid,37,-0.06757,59.5,0.07808,0.1597,ns
M7vsM8_anom_24m,tertiles,Relative Mortality,uWUE,Mid,37,-0.06021,59.5,0.07168,0.1597,ns
M7vsM8_anom_24m,tertiles,Relative Mortality,ETmax,Low,38,-0.00106,57.9,0.311,0.4373,ns
M7vsM8_anom_24m,tertiles,Relative Mortality,GPPsat,Low,38,-0.30995,57.9,0.02688,0.07115,ns
M7vsM8_anom_24m,tertiles,Relative Mortality,NEPmax,Low,38,-0.51047,65.8,0.02599,0.07115,ns
M7vsM8_anom_24m,tertiles,Relative Mortality,WUE,Low,38,-0.03797,60.5,0.09347,0.1775,ns
M7vsM8_anom_24m,tertiles,Relative Mortality,uWUE,Low,38,-0.00338,52.6,0.3585,0.4684,ns
M7vsM8_anom_24m,tertiles,Relative Disturbance,ETmax,High,37,0.00275,37.8,0.8803,0.8803,ns
M7vsM8_anom_24m,tertiles,Relative Disturbance,GPPsat,High,37,-0.74465,64.9,0.006678,0.02971,*
M7vsM8_anom_24m,tertiles,Relative Disturbance,NEPmax,High,37,-0.81952,64.9,0.006134,0.02971,*
M7vsM8_anom_24m,tertiles,Relative Disturbance,WUE,High,37,0.02162,45.9,0.5777,0.6341,ns
M7vsM8_anom_24m,tertiles,Relative Disturbance,uWUE,High,37,0.01926,48.6,0.5301,0.6165,ns
M7vsM8_anom_24m,tertiles,Relative Disturbance,ETmax,Mid,37,-0.00126,56.8,0.1053,0.1822,ns
M7vsM8_anom_24m,tertiles,Relative Disturbance,GPPsat,Mid,37,-0.90158,73,0.001886,0.0283,*
M7vsM8_anom_24m,tertiles,Relative Disturbance,NEPmax,Mid,37,-1.29454,75.7,0.0004053,0.009119,**
M7vsM8_anom_24m,tertiles,Relative Disturbance,WUE,Mid,37,-0.06757,59.5,0.09467,0.1775,ns
M7vsM8_anom_24m,tertiles,Relative Disturbance,uWUE,Mid,37,-0.04703,56.8,0.1949,0.3025,ns
M7vsM8_anom_24m,tertiles,Relative Disturbance,ETmax,Low,38,-0.00044,52.6,0.5462,0.6165,ns
M7vsM8_anom_24m,tertiles,Relative Disturbance,GPPsat,Low,38,-0.28094,57.9,0.05216,0.1235,ns
M7vsM8_anom_24m,tertiles,Relative Disturbance,NEPmax,Low,38,-0.35129,63.2,0.1035,0.1822,ns
M7vsM8_anom_24m,tertiles,Relative Disturbance,WUE,Low,38,-0.06116,63.2,0.02347,0.07041,ns
M7vsM8_anom_24m,tertiles,Relative Disturbance,uWUE,Low,38,-0.02558,57.9,0.05216,0.1235,ns
M7vsM8_anom_24m,equal_width,Absolute Mortality,ETmax,Mid,52,0.00061,46.2,0.5525,0.7104,ns
M7vsM8_anom_24m,equal_width,Absolute Mortality,GPPsat,Mid,52,-0.6388,63.5,0.05202,0.1463,ns
M7vsM8_anom_24m,equal_width,Absolute Mortality,NEPmax,Mid,52,-0.54703,57.7,0.1247,0.255,ns
M7vsM8_anom_24m,equal_width,Absolute Mortality,WUE,Mid,52,-0.04555,53.8,0.2101,0.3637,ns
M7vsM8_anom_24m,equal_width,Absolute Mortality,uWUE,Mid,52,-0.04542,55.8,0.09876,0.2116,ns
M7vsM8_anom_24m,equal_width,Absolute Mortality,ETmax,Low,54,-8e-04,55.6,0.3148,0.457,ns
M7vsM8_anom_24m,equal_width,Absolute Mortality,GPPsat,Low,54,-0.71509,64.8,0.0002364,0.005318,**
M7vsM8_anom_24m,equal_width,Absolute Mortality,NEPmax,Low,54,-0.83601,74.1,7.32e-05,0.003294,**
M7vsM8_anom_24m,equal_width,Absolute Mortality,WUE,Low,54,-0.0439,61.1,0.04574,0.1372,ns
M7vsM8_anom_24m,equal_width,Absolute Mortality,uWUE,Low,54,-0.02506,57.4,0.1853,0.3335,ns
M7vsM8_anom_24m,equal_width,Absolute Mortality,ETmax,High,6,0.00479,16.7,0.9289,0.9369,ns
M7vsM8_anom_24m,equal_width,Absolute Mortality,GPPsat,High,6,-2.14204,83.3,0.02959,0.0951,ns
M7vsM8_anom_24m,equal_width,Absolute Mortality,NEPmax,High,6,-3.06526,100,0.01802,0.06756,ns
M7vsM8_anom_24m,equal_width,Absolute Mortality,WUE,High,6,0.05519,33.3,0.7353,0.8498,ns
M7vsM8_anom_24m,equal_width,Absolute Mortality,uWUE,High,6,0.14213,16.7,0.8527,0.9137,ns
M7vsM8_anom_24m,equal_width,Relative Mortality,ETmax,Mid,34,0.00215,38.2,0.7365,0.8498,ns
M7vsM8_anom_24m,equal_width,Relative Mortality,GPPsat,Mid,34,-0.92141,73.5,0.0006942,0.00781,**
M7vsM8_anom_24m,equal_width,Relative Mortality,NEPmax,Mid,34,-1.5775,76.5,0.001311,0.00983,**
M7vsM8_anom_24m,equal_width,Relative Mortality,WUE,Mid,34,0.01743,47.1,0.6143,0.7679,ns
M7vsM8_anom_24m,equal_width,Relative Mortality,uWUE,Mid,34,0.00592,50,0.69,0.8392,ns
M7vsM8_anom_24m,equal_width,Relative Mortality,ETmax,High,8,0.00705,25,0.9083,0.9369,ns
M7vsM8_anom_24m,equal_width,Relative Mortality,GPPsat,High,8,0.19419,50,0.3631,0.5107,ns
M7vsM8_anom_24m,equal_width,Relative Mortality,NEPmax,High,8,0.12447,37.5,0.4721,0.6248,ns
M7vsM8_anom_24m,equal_width,Relative Mortality,WUE,High,8,-0.13099,62.5,0.1814,0.3335,ns
M7vsM8_anom_24m,equal_width,Relative Mortality,uWUE,High,8,-0.19105,62.5,0.2206,0.3647,ns
M7vsM8_anom_24m,equal_width,Relative Mortality,ETmax,Low,70,-0.00091,57.1,0.2269,0.3647,ns
M7vsM8_anom_24m,equal_width,Relative Mortality,GPPsat,Low,70,-0.6477,62.9,0.00203,0.01305,*
M7vsM8_anom_24m,equal_width,Relative Mortality,NEPmax,Low,70,-0.60549,67.1,0.004299,0.02418,*
M7vsM8_anom_24m,equal_width,Relative Mortality,WUE,Low,70,-0.05644,60,0.02205,0.07632,ns
M7vsM8_anom_24m,equal_width,Relative Mortality,uWUE,Low,70,-0.02701,55.7,0.07014,0.1753,ns
M7vsM8_anom_24m,equal_width,Relative Disturbance,ETmax,Mid,39,0.00104,46.2,0.4694,0.6248,ns
M7vsM8_anom_24m,equal_width,Relative Disturbance,GPPsat,Mid,39,-0.94875,71.8,0.0003951,0.005927,**
M7vsM8_anom_24m,equal_width,Relative Disturbance,NEPmax,Mid,39,-1.54719,74.4,0.0009514,0.008563,**
M7vsM8_anom_24m,equal_width,Relative Disturbance,WUE,Mid,39,0.02924,43.6,0.8442,0.9137,ns
M7vsM8_anom_24m,equal_width,Relative Disturbance,uWUE,Mid,39,0.02668,48.7,0.8122,0.9137,ns
M7vsM8_anom_24m,equal_width,Relative Disturbance,ETmax,High,10,0.00489,20,0.9369,0.9369,ns
M7vsM8_anom_24m,equal_width,Relative Disturbance,GPPsat,High,10,-0.06975,60,0.2378,0.3689,ns
M7vsM8_anom_24m,equal_width,Relative Disturbance,NEPmax,High,10,-0.19788,50,0.1795,0.3335,ns
M7vsM8_anom_24m,equal_width,Relative Disturbance,WUE,High,10,-0.24973,70,0.07679,0.1819,ns
M7vsM8_anom_24m,equal_width,Relative Disturbance,uWUE,High,10,-0.27064,70,0.09257,0.2083,ns
M7vsM8_anom_24m,equal_width,Relative Disturbance,ETmax,Low,63,-0.00067,55.6,0.3098,0.457,ns
M7vsM8_anom_24m,equal_width,Relative Disturbance,GPPsat,Low,63,-0.63708,61.9,0.00549,0.02745,*
M7vsM8_anom_24m,equal_width,Relative Disturbance,NEPmax,Low,63,-0.58287,66.7,0.008362,0.03763,*
M7vsM8_anom_24m,equal_width,Relative Disturbance,WUE,Low,63,-0.06757,61.9,0.01121,0.04586,*
M7vsM8_anom_24m,equal_width,Relative Disturbance,uWUE,Low,63,-0.02649,55.6,0.06215,0.1645,ns
M7vsM8_anom_24m,natural_breaks,Absolute Mortality,ETmax,High,29,0.00325,37.9,0.8553,0.8705,ns
M7vsM8_anom_24m,natural_breaks,Absolute Mortality,GPPsat,High,29,-0.86258,65.5,0.009764,0.04387,*
M7vsM8_anom_24m,natural_breaks,Absolute Mortality,NEPmax,High,29,-1.24753,65.5,0.01895,0.05331,ns
M7vsM8_anom_24m,natural_breaks,Absolute Mortality,WUE,High,29,0.04416,37.9,0.8065,0.8641,ns
M7vsM8_anom_24m,natural_breaks,Absolute Mortality,uWUE,High,29,0.059,41.4,0.8553,0.8705,ns
M7vsM8_anom_24m,natural_breaks,Absolute Mortality,ETmax,Mid,46,-0.00034,52.2,0.2222,0.3571,ns
M7vsM8_anom_24m,natural_breaks,Absolute Mortality,GPPsat,Mid,46,-0.7822,69.6,0.007418,0.04387,*
M7vsM8_anom_24m,natural_breaks,Absolute Mortality,NEPmax,Mid,46,-0.55907,63,0.04839,0.1093,ns
M7vsM8_anom_24m,natural_breaks,Absolute Mortality,WUE,Mid,46,-0.04102,56.5,0.07012,0.1416,ns
M7vsM8_anom_24m,natural_breaks,Absolute Mortality,uWUE,Mid,46,-0.03571,54.3,0.03404,0.08509,ns
M7vsM8_anom_24m,natural_breaks,Absolute Mortality,ETmax,Low,37,-0.00067,54.1,0.4639,0.5494,ns
M7vsM8_anom_24m,natural_breaks,Absolute Mortality,GPPsat,Low,37,-0.40706,59.5,0.0093,0.04387,*
M7vsM8_anom_24m,natural_breaks,Absolute Mortality,NEPmax,Low,37,-0.78089,75.7,0.0003633,0.007446,**
M7vsM8_anom_24m,natural_breaks,Absolute Mortality,WUE,Low,37,-0.0758,70.3,0.01329,0.04983,*
M7vsM8_anom_24m,natural_breaks,Absolute Mortality,uWUE,Low,37,-0.03858,64.9,0.09467,0.1775,ns
M7vsM8_anom_24m,natural_breaks,Relative Mortality,ETmax,Mid,45,0.00019,46.7,0.491,0.5665,ns
M7vsM8_anom_24m,natural_breaks,Relative Mortality,GPPsat,Mid,45,-0.90158,71.1,0.004413,0.04387,*
M7vsM8_anom_24m,natural_breaks,Relative Mortality,NEPmax,Mid,45,-1.11646,71.1,0.006509,0.04387,*
M7vsM8_anom_24m,natural_breaks,Relative Mortality,WUE,Mid,45,-0.04366,55.6,0.2563,0.3605,ns
M7vsM8_anom_24m,natural_breaks,Relative Mortality,uWUE,Mid,45,-0.04703,55.6,0.1955,0.3269,ns
M7vsM8_anom_24m,natural_breaks,Relative Mortality,ETmax,High,26,0.00215,42.3,0.7536,0.8271,ns
M7vsM8_anom_24m,natural_breaks,Relative Mortality,GPPsat,High,26,-0.75077,69.2,0.005156,0.04387,*
M7vsM8_anom_24m,natural_breaks,Relative Mortality,NEPmax,High,26,-0.81254,65.4,0.008484,0.04387,*
M7vsM8_anom_24m,natural_breaks,Relative Mortality,WUE,High,26,-0.00519,50,0.3057,0.4047,ns
M7vsM8_anom_24m,natural_breaks,Relative Mortality,uWUE,High,26,-0.02007,53.8,0.2711,0.3697,ns
M7vsM8_anom_24m,natural_breaks,Relative Mortality,ETmax,Low,41,-0.00093,56.1,0.3584,0.4608,ns
M7vsM8_anom_24m,natural_breaks,Relative Mortality,GPPsat,Low,41,-0.30578,56.1,0.03102,0.08211,ns
M7vsM8_anom_24m,natural_breaks,Relative Mortality,NEPmax,Low,41,-0.6281,65.9,0.01679,0.05331,ns
M7vsM8_anom_24m,natural_breaks,Relative Mortality,WUE,Low,41,-0.04531,61,0.04859,0.1093,ns
M7vsM8_anom_24m,natural_breaks,Relative Mortality,uWUE,Low,41,-0.00615,53.7,0.2461,0.3605,ns
M7vsM8_anom_24m,natural_breaks,Relative Disturbance,ETmax,Mid,49,-0.00088,53.1,0.1961,0.3269,ns
M7vsM8_anom_24m,natural_breaks,Relative Disturbance,GPPsat,Mid,49,-0.92507,69.4,0.0004964,0.007446,**
M7vsM8_anom_24m,natural_breaks,Relative Disturbance,NEPmax,Mid,49,-1.37598,75.5,0.0001413,0.006358,**
M7vsM8_anom_24m,natural_breaks,Relative Disturbance,WUE,Mid,49,-0.03945,53.1,0.4564,0.5494,ns
M7vsM8_anom_24m,natural_breaks,Relative Disturbance,uWUE,Mid,49,-0.02649,53.1,0.4525,0.5494,ns
M7vsM8_anom_24m,natural_breaks,Relative Disturbance,ETmax,High,24,0.00266,37.5,0.8705,0.8705,ns
M7vsM8_anom_24m,natural_breaks,Relative Disturbance,GPPsat,High,24,-0.72683,70.8,0.01072,0.04387,*
M7vsM8_anom_24m,natural_breaks,Relative Disturbance,NEPmax,High,24,-0.81254,62.5,0.01442,0.04991,*
M7vsM8_anom_24m,natural_breaks,Relative Disturbance,WUE,High,24,-0.00519,50,0.242,0.3605,ns
M7vsM8_anom_24m,natural_breaks,Relative Disturbance,uWUE,High,24,-0.02007,54.2,0.251,0.3605,ns
M7vsM8_anom_24m,natural_breaks,Relative Disturbance,ETmax,Low,39,-0.00026,51.3,0.6126,0.6892,ns
M7vsM8_anom_24m,natural_breaks,Relative Disturbance,GPPsat,Low,39,-0.25609,56.4,0.07238,0.1416,ns
M7vsM8_anom_24m,natural_breaks,Relative Disturbance,NEPmax,Low,39,-0.30973,61.5,0.1558,0.2805,ns
M7vsM8_anom_24m,natural_breaks,Relative Disturbance,WUE,Low,39,-0.06757,64.1,0.01848,0.05331,ns
M7vsM8_anom_24m,natural_breaks,Relative Disturbance,uWUE,Low,39,-0.02363,56.4,0.06679,0.1416,ns
