unit,method,metric,response,category,n,median_dRMSE,pct_sites_improved,p_onesided_wilcoxon,q_BH,sig
M1vsM2_12m,tertiles,Absolute Mortality,ETmax,High,22,0.00216,36.4,0.6753,0.9147,ns
M1vsM2_12m,tertiles,Absolute Mortality,GPPsat,High,22,-0.76315,63.6,0.1571,0.7316,ns
M1vsM2_12m,tertiles,Absolute Mortality,NEPmax,High,22,-0.81984,68.2,0.08135,0.7316,ns
M1vsM2_12m,tertiles,Absolute Mortality,WUE,High,22,0.00758,40.9,0.5388,0.9147,ns
M1vsM2_12m,tertiles,Absolute Mortality,uWUE,High,22,-0.00102,50,0.7724,0.9147,ns
M1vsM2_12m,tertiles,Absolute Mortality,ETmax,Mid,21,0.00271,28.6,0.9673,0.9815,ns
M1vsM2_12m,tertiles,Absolute Mortality,GPPsat,Mid,21,-0.34575,66.7,0.1652,0.7316,ns
M1vsM2_12m,tertiles,Absolute Mortality,NEPmax,Mid,21,0.02773,47.6,0.5961,0.9147,ns
M1vsM2_12m,tertiles,Absolute Mortality,WUE,Mid,21,-0.02293,57.1,0.1652,0.7316,ns
M1vsM2_12m,tertiles,Absolute Mortality,uWUE,Mid,21,-0.01036,52.4,0.3257,0.912,ns
M1vsM2_12m,tertiles,Absolute Mortality,ETmax,Low,22,0.00038,45.5,0.5388,0.9147,ns
M1vsM2_12m,tertiles,Absolute Mortality,GPPsat,Low,22,0.27365,40.9,0.7523,0.9147,ns
M1vsM2_12m,tertiles,Absolute Mortality,NEPmax,Low,22,-0.59535,54.5,0.1732,0.7316,ns
M1vsM2_12m,tertiles,Absolute Mortality,WUE,Low,22,0.01642,40.9,0.8913,0.9548,ns
M1vsM2_12m,tertiles,Absolute Mortality,uWUE,Low,22,0.00166,50,0.5517,0.9147,ns
M1vsM2_12m,tertiles,Relative Mortality,ETmax,High,22,0.00216,36.4,0.6635,0.9147,ns
M1vsM2_12m,tertiles,Relative Mortality,GPPsat,High,22,-0.68713,68.2,0.165,0.7316,ns
M1vsM2_12m,tertiles,Relative Mortality,NEPmax,High,22,-1.03982,68.2,0.142,0.7316,ns
M1vsM2_12m,tertiles,Relative Mortality,WUE,High,22,-0.0044,50,0.2276,0.7316,ns
M1vsM2_12m,tertiles,Relative Mortality,uWUE,High,22,-0.01033,54.5,0.5899,0.9147,ns
M1vsM2_12m,tertiles,Relative Mortality,ETmax,Mid,21,0.00274,28.6,0.9815,0.9815,ns
M1vsM2_12m,tertiles,Relative Mortality,GPPsat,Mid,21,0.01707,47.6,0.7455,0.9147,ns
M1vsM2_12m,tertiles,Relative Mortality,NEPmax,Mid,21,0.15836,38.1,0.867,0.9548,ns
M1vsM2_12m,tertiles,Relative Mortality,WUE,Mid,21,0.01325,47.6,0.3641,0.912,ns
M1vsM2_12m,tertiles,Relative Mortality,uWUE,Mid,21,0.00717,42.9,0.7109,0.9147,ns
M1vsM2_12m,tertiles,Relative Mortality,ETmax,Low,22,0.00038,45.5,0.4871,0.9147,ns
M1vsM2_12m,tertiles,Relative Mortality,GPPsat,Low,22,-0.09442,54.5,0.2179,0.7316,ns
M1vsM2_12m,tertiles,Relative Mortality,NEPmax,Low,22,-0.72435,63.6,0.05583,0.7316,ns
M1vsM2_12m,tertiles,Relative Mortality,WUE,Low,22,0.01642,40.9,0.8788,0.9548,ns
M1vsM2_12m,tertiles,Relative Mortality,uWUE,Low,22,-0.00692,54.5,0.3851,0.912,ns
M1vsM2_12m,tertiles,Relative Disturbance,ETmax,High,22,0.00216,31.8,0.6983,0.9147,ns
M1vsM2_12m,tertiles,Relative Disturbance,GPPsat,High,22,-0.68713,68.2,0.1571,0.7316,ns
M1vsM2_12m,tertiles,Relative Disturbance,NEPmax,High,22,-0.81984,63.6,0.2179,0.7316,ns
M1vsM2_12m,tertiles,Relative Disturbance,WUE,High,22,-0.0044,50,0.2276,0.7316,ns
M1vsM2_12m,tertiles,Relative Disturbance,uWUE,High,22,-0.00161,50,0.6395,0.9147,ns
M1vsM2_12m,tertiles,Relative Disturbance,ETmax,Mid,21,0.00224,42.9,0.9124,0.9548,ns
M1vsM2_12m,tertiles,Relative Disturbance,GPPsat,Mid,21,-0.04975,57.1,0.4585,0.9147,ns
M1vsM2_12m,tertiles,Relative Disturbance,NEPmax,Mid,21,0.02773,47.6,0.431,0.9147,ns
M1vsM2_12m,tertiles,Relative Disturbance,WUE,Mid,21,0.01325,47.6,0.2773,0.8319,ns
M1vsM2_12m,tertiles,Relative Disturbance,uWUE,Mid,21,0.00292,47.6,0.6489,0.9147,ns
M1vsM2_12m,tertiles,Relative Disturbance,ETmax,Low,22,0.00083,36.4,0.7523,0.9147,ns
M1vsM2_12m,tertiles,Relative Disturbance,GPPsat,Low,22,0.16736,45.5,0.4741,0.9147,ns
M1vsM2_12m,tertiles,Relative Disturbance,NEPmax,Low,22,-0.72435,59.1,0.1494,0.7316,ns
M1vsM2_12m,tertiles,Relative Disturbance,WUE,Low,22,0.01642,40.9,0.9084,0.9548,ns
M1vsM2_12m,tertiles,Relative Disturbance,uWUE,Low,22,-0.00692,54.5,0.3727,0.912,ns
M1vsM2_12m,equal_width,Absolute Mortality,ETmax,Mid,21,0.00153,33.3,0.6867,0.8757,ns
M1vsM2_12m,equal_width,Absolute Mortality,GPPsat,Mid,21,-0.79588,66.7,0.05493,0.8757,ns
M1vsM2_12m,equal_width,Absolute Mortality,NEPmax,Mid,21,-1.02392,76.2,0.01558,0.6233,ns
M1vsM2_12m,equal_width,Absolute Mortality,WUE,Mid,21,0.00375,42.9,0.3511,0.8757,ns
M1vsM2_12m,equal_width,Absolute Mortality,uWUE,Mid,21,-0.00512,57.1,0.3772,0.8757,ns
M1vsM2_12m,equal_width,Absolute Mortality,ETmax,Low,41,0.0013,39,0.8729,0.8953,ns
M1vsM2_12m,equal_width,Absolute Mortality,GPPsat,Low,41,-0.04975,53.7,0.4742,0.8757,ns
M1vsM2_12m,equal_width,Absolute Mortality,NEPmax,Low,41,0.02773,48.8,0.3681,0.8757,ns
M1vsM2_12m,equal_width,Absolute Mortality,WUE,Low,41,0.00969,48.8,0.5972,0.8757,ns
M1vsM2_12m,equal_width,Absolute Mortality,uWUE,Low,41,-8e-05,51.2,0.4179,0.8757,ns
M1vsM2_12m,equal_width,Absolute Mortality,ETmax,High,3,0.00388,33.3,,,""
M1vsM2_12m,equal_width,Absolute Mortality,GPPsat,High,3,0.99022,33.3,,,""
M1vsM2_12m,equal_width,Absolute Mortality,NEPmax,High,3,1.47775,33.3,,,""
M1vsM2_12m,equal_width,Absolute Mortality,WUE,High,3,0.07673,33.3,,,""
M1vsM2_12m,equal_width,Absolute Mortality,uWUE,High,3,0.1021,0,,,""
M1vsM2_12m,equal_width,Relative Mortality,ETmax,Mid,26,0.002,38.5,0.6578,0.8757,ns
M1vsM2_12m,equal_width,Relative Mortality,GPPsat,Mid,26,-0.1007,57.7,0.2307,0.8757,ns
M1vsM2_12m,equal_width,Relative Mortality,NEPmax,Mid,26,-0.18612,53.8,0.1489,0.8757,ns
M1vsM2_12m,equal_width,Relative Mortality,WUE,Mid,26,-0.0044,50,0.1213,0.8757,ns
M1vsM2_12m,equal_width,Relative Mortality,uWUE,Mid,26,-0.00102,50,0.6002,0.8757,ns
M1vsM2_12m,equal_width,Relative Mortality,ETmax,Low,32,0.00083,40.6,0.7584,0.8757,ns
M1vsM2_12m,equal_width,Relative Mortality,GPPsat,Low,32,-0.09442,56.2,0.2717,0.8757,ns
M1vsM2_12m,equal_width,Relative Mortality,NEPmax,Low,32,-0.44921,59.4,0.1213,0.8757,ns
M1vsM2_12m,equal_width,Relative Mortality,WUE,Low,32,0.00994,46.9,0.7811,0.8757,ns
M1vsM2_12m,equal_width,Relative Mortality,uWUE,Low,32,0.00166,50,0.4442,0.8757,ns
M1vsM2_12m,equal_width,Relative Mortality,ETmax,High,7,0.00279,14.3,0.9246,0.9246,ns
M1vsM2_12m,equal_width,Relative Mortality,GPPsat,High,7,-0.64384,57.1,0.6637,0.8757,ns
M1vsM2_12m,equal_width,Relative Mortality,NEPmax,High,7,-0.43436,57.1,0.7229,0.8757,ns
M1vsM2_12m,equal_width,Relative Mortality,WUE,High,7,0.03549,28.6,0.6637,0.8757,ns
M1vsM2_12m,equal_width,Relative Mortality,uWUE,High,7,-0.00512,57.1,0.7766,0.8757,ns
M1vsM2_12m,equal_width,Relative Disturbance,ETmax,Mid,27,0.00186,37,0.8347,0.8787,ns
M1vsM2_12m,equal_width,Relative Disturbance,GPPsat,Mid,27,-0.13673,63,0.2622,0.8757,ns
M1vsM2_12m,equal_width,Relative Disturbance,NEPmax,Mid,27,-0.119,51.9,0.2175,0.8757,ns
M1vsM2_12m,equal_width,Relative Disturbance,WUE,Mid,27,0.00375,44.4,0.1425,0.8757,ns
M1vsM2_12m,equal_width,Relative Disturbance,uWUE,Mid,27,0.0019,48.1,0.7219,0.8757,ns
M1vsM2_12m,equal_width,Relative Disturbance,ETmax,High,9,0.00247,33.3,0.5936,0.8757,ns
M1vsM2_12m,equal_width,Relative Disturbance,GPPsat,High,9,-0.64384,55.6,0.4064,0.8757,ns
M1vsM2_12m,equal_width,Relative Disturbance,NEPmax,High,9,-1.02392,66.7,0.3611,0.8757,ns
M1vsM2_12m,equal_width,Relative Disturbance,WUE,High,9,0.01294,44.4,0.6389,0.8757,ns
M1vsM2_12m,equal_width,Relative Disturbance,uWUE,High,9,-0.00512,55.6,0.5936,0.8757,ns
M1vsM2_12m,equal_width,Relative Disturbance,ETmax,Low,29,0.00093,37.9,0.8181,0.8787,ns
M1vsM2_12m,equal_width,Relative Disturbance,GPPsat,Low,29,-0.04975,51.7,0.3171,0.8757,ns
M1vsM2_12m,equal_width,Relative Disturbance,NEPmax,Low,29,-0.37359,58.6,0.1707,0.8757,ns
M1vsM2_12m,equal_width,Relative Disturbance,WUE,Low,29,0.00969,48.3,0.7882,0.8757,ns
M1vsM2_12m,equal_width,Relative Disturbance,uWUE,Low,29,-8e-05,51.7,0.3976,0.8757,ns
M1vsM2_12m,natural_breaks,Absolute Mortality,ETmax,High,14,0.00216,35.7,0.6232,0.8547,ns
M1vsM2_12m,natural_breaks,Absolute Mortality,GPPsat,High,14,-0.83965,64.3,0.1732,0.8547,ns
M1vsM2_12m,natural_breaks,Absolute Mortality,NEPmax,High,14,-1.03982,78.6,0.0937,0.8547,ns
M1vsM2_12m,natural_breaks,Absolute Mortality,WUE,High,14,0.00944,35.7,0.6698,0.8547,ns
M1vsM2_12m,natural_breaks,Absolute Mortality,uWUE,High,14,0.00545,42.9,0.8268,0.954,ns
M1vsM2_12m,natural_breaks,Absolute Mortality,ETmax,Mid,32,0.00248,34.4,0.9385,0.9599,ns
M1vsM2_12m,natural_breaks,Absolute Mortality,GPPsat,Mid,32,-0.38074,65.6,0.1068,0.8547,ns
M1vsM2_12m,natural_breaks,Absolute Mortality,NEPmax,Mid,32,0.0133,50,0.3167,0.8547,ns
M1vsM2_12m,natural_breaks,Absolute Mortality,WUE,Mid,32,-0.01344,53.1,0.2189,0.8547,ns
M1vsM2_12m,natural_breaks,Absolute Mortality,uWUE,Mid,32,-0.00715,53.1,0.5335,0.8547,ns
M1vsM2_12m,natural_breaks,Absolute Mortality,ETmax,Low,19,0.00042,42.1,0.556,0.8547,ns
M1vsM2_12m,natural_breaks,Absolute Mortality,GPPsat,Low,19,0.36818,36.8,0.9045,0.9599,ns
M1vsM2_12m,natural_breaks,Absolute Mortality,NEPmax,Low,19,-0.37359,52.6,0.3363,0.8547,ns
M1vsM2_12m,natural_breaks,Absolute Mortality,WUE,Low,19,0.01019,42.1,0.8065,0.954,ns
M1vsM2_12m,natural_breaks,Absolute Mortality,uWUE,Low,19,-8e-05,52.6,0.3218,0.8547,ns
M1vsM2_12m,natural_breaks,Relative Mortality,ETmax,High,23,0.00186,39.1,0.6593,0.8547,ns
M1vsM2_12m,natural_breaks,Relative Mortality,GPPsat,High,23,-0.64384,65.2,0.1768,0.8547,ns
M1vsM2_12m,natural_breaks,Relative Mortality,NEPmax,High,23,-1.02392,65.2,0.1335,0.8547,ns
M1vsM2_12m,natural_breaks,Relative Mortality,WUE,High,23,0.00276,47.8,0.2766,0.8547,ns
M1vsM2_12m,natural_breaks,Relative Mortality,uWUE,High,23,-0.00512,52.2,0.7027,0.8547,ns
M1vsM2_12m,natural_breaks,Relative Mortality,ETmax,Mid,18,0.00342,27.8,0.9774,0.9774,ns
M1vsM2_12m,natural_breaks,Relative Mortality,GPPsat,Mid,18,-0.09071,55.6,0.4309,0.8547,ns
M1vsM2_12m,natural_breaks,Relative Mortality,NEPmax,Mid,18,0.09304,44.4,0.684,0.8547,ns
M1vsM2_12m,natural_breaks,Relative Mortality,WUE,Mid,18,0.00235,50,0.3006,0.8547,ns
M1vsM2_12m,natural_breaks,Relative Mortality,uWUE,Mid,18,-0.00051,50,0.5174,0.8547,ns
M1vsM2_12m,natural_breaks,Relative Mortality,ETmax,Low,24,0.00058,41.7,0.5624,0.8547,ns
M1vsM2_12m,natural_breaks,Relative Mortality,GPPsat,Low,24,0.05292,50,0.4488,0.8547,ns
M1vsM2_12m,natural_breaks,Relative Mortality,NEPmax,Low,24,-0.57822,58.3,0.1485,0.8547,ns
M1vsM2_12m,natural_breaks,Relative Mortality,WUE,Low,24,0.01642,41.7,0.8877,0.9599,ns
M1vsM2_12m,natural_breaks,Relative Mortality,uWUE,Low,24,0.00166,50,0.5057,0.8547,ns
M1vsM2_12m,natural_breaks,Relative Disturbance,ETmax,High,22,0.00216,31.8,0.6983,0.8547,ns
M1vsM2_12m,natural_breaks,Relative Disturbance,GPPsat,High,22,-0.68713,68.2,0.1571,0.8547,ns
M1vsM2_12m,natural_breaks,Relative Disturbance,NEPmax,High,22,-0.81984,63.6,0.2179,0.8547,ns
M1vsM2_12m,natural_breaks,Relative Disturbance,WUE,High,22,-0.0044,50,0.2276,0.8547,ns
M1vsM2_12m,natural_breaks,Relative Disturbance,uWUE,High,22,-0.00161,50,0.6395,0.8547,ns
M1vsM2_12m,natural_breaks,Relative Disturbance,ETmax,Mid,20,0.00248,40,0.9347,0.9599,ns
M1vsM2_12m,natural_breaks,Relative Disturbance,GPPsat,Mid,20,-0.09071,55,0.4926,0.8547,ns
M1vsM2_12m,natural_breaks,Relative Disturbance,NEPmax,Mid,20,0.0133,50,0.3897,0.8547,ns
M1vsM2_12m,natural_breaks,Relative Disturbance,WUE,Mid,20,0.01522,45,0.3755,0.8547,ns
M1vsM2_12m,natural_breaks,Relative Disturbance,uWUE,Mid,20,-0.00051,50,0.5959,0.8547,ns
M1vsM2_12m,natural_breaks,Relative Disturbance,ETmax,Low,23,0.00073,39.1,0.6921,0.8547,ns
M1vsM2_12m,natural_breaks,Relative Disturbance,GPPsat,Low,23,0.1556,47.8,0.4818,0.8547,ns
M1vsM2_12m,natural_breaks,Relative Disturbance,NEPmax,Low,23,-0.63161,56.5,0.1541,0.8547,ns
M1vsM2_12m,natural_breaks,Relative Disturbance,WUE,Low,23,0.01019,43.5,0.853,0.9596,ns
M1vsM2_12m,natural_breaks,Relative Disturbance,uWUE,Low,23,-8e-05,52.2,0.4336,0.8547,ns
M1vsM2_24m,tertiles,Absolute Mortality,ETmax,High,22,-0.00067,54.5,0.2085,0.4938,ns
M1vsM2_24m,tertiles,Absolute Mortality,GPPsat,High,22,-0.5431,72.7,0.08135,0.4938,ns
M1vsM2_24m,tertiles,Absolute Mortality,NEPmax,High,22,-0.90537,72.7,0.06766,0.4938,ns
M1vsM2_24m,tertiles,Absolute Mortality,WUE,High,22,-0.02289,59.1,0.1904,0.4938,ns
M1vsM2_24m,tertiles,Absolute Mortality,uWUE,High,22,0.01225,40.9,0.7724,0.9394,ns
M1vsM2_24m,tertiles,Absolute Mortality,ETmax,Mid,21,0.00099,38.1,0.9278,0.9891,ns
M1vsM2_24m,tertiles,Absolute Mortality,GPPsat,Mid,21,-0.26019,66.7,0.2773,0.5942,ns
M1vsM2_24m,tertiles,Absolute Mortality,NEPmax,Mid,21,-0.03962,52.4,0.5553,0.9394,ns
M1vsM2_24m,tertiles,Absolute Mortality,WUE,Mid,21,-0.01825,57.1,0.174,0.4938,ns
M1vsM2_24m,tertiles,Absolute Mortality,uWUE,Mid,21,-0.00096,52.4,0.7109,0.9394,ns
M1vsM2_24m,tertiles,Absolute Mortality,ETmax,Low,22,0.00057,45.5,0.6273,0.9394,ns
M1vsM2_24m,tertiles,Absolute Mortality,GPPsat,Low,22,0.2187,40.9,0.6149,0.9394,ns
M1vsM2_24m,tertiles,Absolute Mortality,NEPmax,Low,22,-0.52323,63.6,0.1212,0.4938,ns
M1vsM2_24m,tertiles,Absolute Mortality,WUE,Low,22,3e-05,50,0.5645,0.9394,ns
M1vsM2_24m,tertiles,Absolute Mortality,uWUE,Low,22,0.03041,31.8,0.9762,0.9891,ns
M1vsM2_24m,tertiles,Relative Mortality,ETmax,High,22,-0.0015,59.1,0.1494,0.4938,ns
M1vsM2_24m,tertiles,Relative Mortality,GPPsat,High,22,-0.5431,77.3,0.07201,0.4938,ns
M1vsM2_24m,tertiles,Relative Mortality,NEPmax,High,22,-0.90537,68.2,0.1148,0.4938,ns
M1vsM2_24m,tertiles,Relative Mortality,WUE,High,22,-0.02696,68.2,0.1148,0.4938,ns
M1vsM2_24m,tertiles,Relative Mortality,uWUE,High,22,0.00624,45.5,0.5899,0.9394,ns
M1vsM2_24m,tertiles,Relative Mortality,ETmax,Mid,21,0.00201,28.6,0.9891,0.9891,ns
M1vsM2_24m,tertiles,Relative Mortality,GPPsat,Mid,21,0.16841,47.6,0.7565,0.9394,ns
M1vsM2_24m,tertiles,Relative Mortality,NEPmax,Mid,21,-0.03962,52.4,0.7673,0.9394,ns
M1vsM2_24m,tertiles,Relative Mortality,WUE,Mid,21,-0.00969,52.4,0.2545,0.5726,ns
M1vsM2_24m,tertiles,Relative Mortality,uWUE,Mid,21,0.00754,47.6,0.867,0.9891,ns
M1vsM2_24m,tertiles,Relative Mortality,ETmax,Low,22,-5e-05,50,0.4483,0.8772,ns
M1vsM2_24m,tertiles,Relative Mortality,GPPsat,Low,22,-0.20609,54.5,0.1732,0.4938,ns
M1vsM2_24m,tertiles,Relative Mortality,NEPmax,Low,22,-0.76889,68.2,0.03708,0.4938,ns
M1vsM2_24m,tertiles,Relative Mortality,WUE,Low,22,0.00674,45.5,0.6516,0.9394,ns
M1vsM2_24m,tertiles,Relative Mortality,uWUE,Low,22,0.03531,31.8,0.9702,0.9891,ns
M1vsM2_24m,tertiles,Relative Disturbance,ETmax,High,22,-0.00067,54.5,0.2085,0.4938,ns
M1vsM2_24m,tertiles,Relative Disturbance,GPPsat,High,22,-0.5431,77.3,0.07201,0.4938,ns
M1vsM2_24m,tertiles,Relative Disturbance,NEPmax,High,22,-0.84715,63.6,0.1904,0.4938,ns
M1vsM2_24m,tertiles,Relative Disturbance,WUE,High,22,-0.02134,63.6,0.1348,0.4938,ns
M1vsM2_24m,tertiles,Relative Disturbance,uWUE,High,22,0.01153,40.9,0.6753,0.9394,ns
M1vsM2_24m,tertiles,Relative Disturbance,ETmax,Mid,21,0.00039,42.9,0.8813,0.9891,ns
M1vsM2_24m,tertiles,Relative Disturbance,GPPsat,Mid,21,-0.203,57.1,0.3641,0.7447,ns
M1vsM2_24m,tertiles,Relative Disturbance,NEPmax,Mid,21,-0.15367,66.7,0.2021,0.4938,ns
M1vsM2_24m,tertiles,Relative Disturbance,WUE,Mid,21,-0.0101,57.1,0.1187,0.4938,ns
M1vsM2_24m,tertiles,Relative Disturbance,uWUE,Mid,21,-0.00096,52.4,0.8076,0.9563,ns
M1vsM2_24m,tertiles,Relative Disturbance,ETmax,Low,22,0.00097,40.9,0.6983,0.9394,ns
M1vsM2_24m,tertiles,Relative Disturbance,GPPsat,Low,22,0.19676,45.5,0.4871,0.9132,ns
M1vsM2_24m,tertiles,Relative Disturbance,NEPmax,Low,22,-0.76889,59.1,0.1279,0.4938,ns
M1vsM2_24m,tertiles,Relative Disturbance,WUE,Low,22,0.00674,45.5,0.6869,0.9394,ns
M1vsM2_24m,tertiles,Relative Disturbance,uWUE,Low,22,0.0316,31.8,0.9602,0.9891,ns
M1vsM2_24m,equal_width,Absolute Mortality,ETmax,Mid,21,-0.00073,57.1,0.07707,0.5094,ns
M1vsM2_24m,equal_width,Absolute Mortality,GPPsat,Mid,21,-0.57797,76.2,0.01851,0.3703,ns
M1vsM2_24m,equal_width,Absolute Mortality,NEPmax,Mid,21,-0.90799,81,0.0109,0.3703,ns
M1vsM2_24m,equal_width,Absolute Mortality,WUE,Mid,21,-0.02241,66.7,0.05493,0.5094,ns
M1vsM2_24m,equal_width,Absolute Mortality,uWUE,Mid,21,0.00754,47.6,0.6095,0.8407,ns
M1vsM2_24m,equal_width,Absolute Mortality,ETmax,Low,41,0.00099,41.5,0.9025,0.9707,ns
M1vsM2_24m,equal_width,Absolute Mortality,GPPsat,Low,41,-0.15615,53.7,0.469,0.7405,ns
M1vsM2_24m,equal_width,Absolute Mortality,NEPmax,Low,41,-0.15367,56.1,0.2712,0.7223,ns
M1vsM2_24m,equal_width,Absolute Mortality,WUE,Low,41,-0.00188,51.2,0.3345,0.7223,ns
M1vsM2_24m,equal_width,Absolute Mortality,uWUE,Low,41,0.02251,41.5,0.9707,0.9707,ns
M1vsM2_24m,equal_width,Absolute Mortality,ETmax,High,3,0.00411,33.3,,,""
M1vsM2_24m,equal_width,Absolute Mortality,GPPsat,High,3,0.77806,33.3,,,""
M1vsM2_24m,equal_width,Absolute Mortality,NEPmax,High,3,1.38757,33.3,,,""
M1vsM2_24m,equal_width,Absolute Mortality,WUE,High,3,0.0735,33.3,,,""
M1vsM2_24m,equal_width,Absolute Mortality,uWUE,High,3,0.03599,0,,,""
M1vsM2_24m,equal_width,Relative Mortality,ETmax,Mid,26,0.00011,46.2,0.5304,0.7857,ns
M1vsM2_24m,equal_width,Relative Mortality,GPPsat,Mid,26,-0.26633,65.4,0.1374,0.512,ns
M1vsM2_24m,equal_width,Relative Mortality,NEPmax,Mid,26,-0.4237,65.4,0.08914,0.5094,ns
M1vsM2_24m,equal_width,Relative Mortality,WUE,Mid,26,-0.02103,65.4,0.05479,0.5094,ns
M1vsM2_24m,equal_width,Relative Mortality,uWUE,Mid,26,0.00473,46.2,0.8511,0.9707,ns
M1vsM2_24m,equal_width,Relative Mortality,ETmax,Low,32,0.00097,40.6,0.792,0.96,ns
M1vsM2_24m,equal_width,Relative Mortality,GPPsat,Low,32,-0.17957,56.2,0.2475,0.707,ns
M1vsM2_24m,equal_width,Relative Mortality,NEPmax,Low,32,-0.49764,62.5,0.08466,0.5094,ns
M1vsM2_24m,equal_width,Relative Mortality,WUE,Low,32,3e-05,50,0.4814,0.7405,ns
M1vsM2_24m,equal_width,Relative Mortality,uWUE,Low,32,0.03041,37.5,0.9629,0.9707,ns
M1vsM2_24m,equal_width,Relative Mortality,ETmax,High,7,-0.00226,71.4,0.3363,0.7223,ns
M1vsM2_24m,equal_width,Relative Mortality,GPPsat,High,7,-0.53273,57.1,0.7229,0.9037,ns
M1vsM2_24m,equal_width,Relative Mortality,NEPmax,High,7,-0.58394,57.1,0.7229,0.9037,ns
M1vsM2_24m,equal_width,Relative Mortality,WUE,High,7,0.01383,42.9,0.4663,0.7405,ns
M1vsM2_24m,equal_width,Relative Mortality,uWUE,High,7,0.01057,42.9,0.6637,0.8849,ns
M1vsM2_24m,equal_width,Relative Disturbance,ETmax,Mid,27,1e-04,48.1,0.562,0.8029,ns
M1vsM2_24m,equal_width,Relative Disturbance,GPPsat,Mid,27,-0.26019,66.7,0.1536,0.512,ns
M1vsM2_24m,equal_width,Relative Disturbance,NEPmax,Mid,27,-0.16598,66.7,0.148,0.512,ns
M1vsM2_24m,equal_width,Relative Disturbance,WUE,Mid,27,-0.01825,59.3,0.122,0.512,ns
M1vsM2_24m,equal_width,Relative Disturbance,uWUE,Mid,27,0.01248,40.7,0.9394,0.9707,ns
M1vsM2_24m,equal_width,Relative Disturbance,ETmax,High,9,-0.00226,66.7,0.2386,0.707,ns
M1vsM2_24m,equal_width,Relative Disturbance,GPPsat,High,9,-0.53273,66.7,0.3611,0.7223,ns
M1vsM2_24m,equal_width,Relative Disturbance,NEPmax,High,9,-0.92416,66.7,0.3611,0.7223,ns
M1vsM2_24m,equal_width,Relative Disturbance,WUE,High,9,-0.05011,55.6,0.4064,0.7388,ns
M1vsM2_24m,equal_width,Relative Disturbance,uWUE,High,9,-0.00217,55.6,0.4064,0.7388,ns
M1vsM2_24m,equal_width,Relative Disturbance,ETmax,Low,29,0.00099,37.9,0.8649,0.9707,ns
M1vsM2_24m,equal_width,Relative Disturbance,GPPsat,Low,29,-0.01308,51.7,0.3486,0.7223,ns
M1vsM2_24m,equal_width,Relative Disturbance,NEPmax,Low,29,-0.51063,58.6,0.1304,0.512,ns
M1vsM2_24m,equal_width,Relative Disturbance,WUE,Low,29,-0.00188,51.7,0.4741,0.7405,ns
M1vsM2_24m,equal_width,Relative Disturbance,uWUE,Low,29,0.0298,37.9,0.9349,0.9707,ns
M1vsM2_24m,natural_breaks,Absolute Mortality,ETmax,High,14,-0.00233,71.4,0.05828,0.5451,ns
M1vsM2_24m,natural_breaks,Absolute Mortality,GPPsat,High,14,-0.5431,78.6,0.0937,0.5451,ns
M1vsM2_24m,natural_breaks,Absolute Mortality,NEPmax,High,14,-1.20126,78.6,0.08363,0.5451,ns
M1vsM2_24m,natural_breaks,Absolute Mortality,WUE,High,14,-0.03504,57.1,0.2651,0.6253,ns
M1vsM2_24m,natural_breaks,Absolute Mortality,uWUE,High,14,0.0042,50,0.525,0.8396,ns
M1vsM2_24m,natural_breaks,Absolute Mortality,ETmax,Mid,32,0.00118,37.5,0.9451,0.9836,ns
M1vsM2_24m,natural_breaks,Absolute Mortality,GPPsat,Mid,32,-0.26633,65.6,0.1454,0.5451,ns
M1vsM2_24m,natural_breaks,Absolute Mortality,NEPmax,Mid,32,-0.12614,59.4,0.2779,0.6253,ns
M1vsM2_24m,natural_breaks,Absolute Mortality,WUE,Mid,32,-0.01408,59.4,0.1923,0.5769,ns
M1vsM2_24m,natural_breaks,Absolute Mortality,uWUE,Mid,32,0.01001,43.8,0.9408,0.9836,ns
M1vsM2_24m,natural_breaks,Absolute Mortality,ETmax,Low,19,0.00096,42.1,0.6338,0.8643,ns
M1vsM2_24m,natural_breaks,Absolute Mortality,GPPsat,Low,19,0.26898,36.8,0.8065,0.9708,ns
M1vsM2_24m,natural_breaks,Absolute Mortality,NEPmax,Low,19,-0.39195,57.9,0.2664,0.6253,ns
M1vsM2_24m,natural_breaks,Absolute Mortality,WUE,Low,19,0.00193,47.4,0.4281,0.7754,ns
M1vsM2_24m,natural_breaks,Absolute Mortality,uWUE,Low,19,0.0298,31.6,0.9291,0.9836,ns
M1vsM2_24m,natural_breaks,Relative Mortality,ETmax,High,23,-0.00073,60.9,0.1401,0.5451,ns
M1vsM2_24m,natural_breaks,Relative Mortality,GPPsat,High,23,-0.53273,73.9,0.09291,0.5451,ns
M1vsM2_24m,natural_breaks,Relative Mortality,NEPmax,High,23,-0.88659,69.6,0.1034,0.5451,ns
M1vsM2_24m,natural_breaks,Relative Mortality,WUE,High,23,-0.02304,69.6,0.1034,0.5451,ns
M1vsM2_24m,natural_breaks,Relative Mortality,uWUE,High,23,0.00192,47.8,0.5784,0.8396,ns
M1vsM2_24m,natural_breaks,Relative Mortality,ETmax,Mid,18,0.00231,27.8,0.9836,0.9836,ns
M1vsM2_24m,natural_breaks,Relative Mortality,GPPsat,Mid,18,-0.17957,55.6,0.448,0.7754,ns
M1vsM2_24m,natural_breaks,Relative Mortality,NEPmax,Mid,18,-0.06016,55.6,0.6031,0.8481,ns
M1vsM2_24m,natural_breaks,Relative Mortality,WUE,Mid,18,-0.00079,50,0.316,0.677,ns
M1vsM2_24m,natural_breaks,Relative Mortality,uWUE,Mid,18,0.00329,50,0.8198,0.9708,ns
M1vsM2_24m,natural_breaks,Relative Mortality,ETmax,Low,24,0.00057,45.8,0.5398,0.8396,ns
M1vsM2_24m,natural_breaks,Relative Mortality,GPPsat,Low,24,0.05573,50,0.4152,0.7754,ns
M1vsM2_24m,natural_breaks,Relative Mortality,NEPmax,Low,24,-0.59786,62.5,0.1123,0.5451,ns
M1vsM2_24m,natural_breaks,Relative Mortality,WUE,Low,24,0.00674,45.8,0.5737,0.8396,ns
M1vsM2_24m,natural_breaks,Relative Mortality,uWUE,Low,24,0.03221,29.2,0.978,0.9836,ns
M1vsM2_24m,natural_breaks,Relative Disturbance,ETmax,High,22,-0.00067,54.5,0.2085,0.5864,ns
M1vsM2_24m,natural_breaks,Relative Disturbance,GPPsat,High,22,-0.5431,77.3,0.07201,0.5451,ns
M1vsM2_24m,natural_breaks,Relative Disturbance,NEPmax,High,22,-0.84715,63.6,0.1904,0.5769,ns
M1vsM2_24m,natural_breaks,Relative Disturbance,WUE,High,22,-0.02134,63.6,0.1348,0.5451,ns
M1vsM2_24m,natural_breaks,Relative Disturbance,uWUE,High,22,0.01153,40.9,0.6753,0.8682,ns
M1vsM2_24m,natural_breaks,Relative Disturbance,ETmax,Mid,20,0.00066,40,0.9075,0.9836,ns
M1vsM2_24m,natural_breaks,Relative Disturbance,GPPsat,Mid,20,-0.17957,55,0.4187,0.7754,ns
M1vsM2_24m,natural_breaks,Relative Disturbance,NEPmax,Mid,20,-0.12614,65,0.2449,0.6253,ns
M1vsM2_24m,natural_breaks,Relative Disturbance,WUE,Mid,20,-0.00989,55,0.1902,0.5769,ns
M1vsM2_24m,natural_breaks,Relative Disturbance,uWUE,Mid,20,-0.00431,55,0.7667,0.9584,ns
M1vsM2_24m,natural_breaks,Relative Disturbance,ETmax,Low,23,0.00096,43.5,0.6704,0.8682,ns
M1vsM2_24m,natural_breaks,Relative Disturbance,GPPsat,Low,23,0.12454,47.8,0.4456,0.7754,ns
M1vsM2_24m,natural_breaks,Relative Disturbance,NEPmax,Low,23,-0.65451,60.9,0.1208,0.5451,ns
M1vsM2_24m,natural_breaks,Relative Disturbance,WUE,Low,23,0.00193,47.8,0.5784,0.8396,ns
M1vsM2_24m,natural_breaks,Relative Disturbance,uWUE,Low,23,0.03101,30.4,0.9648,0.9836,ns
M3vsM4_12m,tertiles,Absolute Mortality,ETmax,High,22,0.00044,45.5,0.6983,0.8763,ns
M3vsM4_12m,tertiles,Absolute Mortality,GPPsat,High,22,-0.24113,63.6,0.09158,0.4547,ns
M3vsM4_12m,tertiles,Absolute Mortality,NEPmax,High,22,-0.53993,72.7,0.01886,0.3857,ns
M3vsM4_12m,tertiles,Absolute Mortality,WUE,High,22,0.00373,45.5,0.4612,0.7412,ns
M3vsM4_12m,tertiles,Absolute Mortality,uWUE,High,22,-0.01327,63.6,0.1148,0.4547,ns
M3vsM4_12m,tertiles,Absolute Mortality,ETmax,Mid,21,0.00201,33.3,0.9524,0.9557,ns
M3vsM4_12m,tertiles,Absolute Mortality,GPPsat,Mid,21,-0.05758,52.4,0.3641,0.7073,ns
M3vsM4_12m,tertiles,Absolute Mortality,NEPmax,Mid,21,-0.02347,52.4,0.3641,0.7073,ns
M3vsM4_12m,tertiles,Absolute Mortality,WUE,Mid,21,-0.00545,52.4,0.3772,0.7073,ns
M3vsM4_12m,tertiles,Absolute Mortality,uWUE,Mid,21,0.00529,47.6,0.4174,0.7184,ns
M3vsM4_12m,tertiles,Absolute Mortality,ETmax,Low,22,1e-05,50,0.6149,0.8647,ns
M3vsM4_12m,tertiles,Absolute Mortality,GPPsat,Low,22,-0.06505,54.5,0.2276,0.5938,ns
M3vsM4_12m,tertiles,Absolute Mortality,NEPmax,Low,22,-0.38347,68.2,0.03453,0.3884,ns
M3vsM4_12m,tertiles,Absolute Mortality,WUE,Low,22,0.00079,50,0.5645,0.8194,ns
M3vsM4_12m,tertiles,Absolute Mortality,uWUE,Low,22,0.01091,45.5,0.7915,0.8788,ns
M3vsM4_12m,tertiles,Relative Mortality,ETmax,High,22,-1e-05,50,0.6983,0.8763,ns
M3vsM4_12m,tertiles,Relative Mortality,GPPsat,High,22,-0.18259,59.1,0.1027,0.4547,ns
M3vsM4_12m,tertiles,Relative Mortality,NEPmax,High,22,-0.37236,63.6,0.07658,0.4547,ns
M3vsM4_12m,tertiles,Relative Mortality,WUE,High,22,-0.0042,50,0.2375,0.5938,ns
M3vsM4_12m,tertiles,Relative Mortality,uWUE,High,22,-0.00875,54.5,0.1904,0.5938,ns
M3vsM4_12m,tertiles,Relative Mortality,ETmax,Mid,21,0.0016,33.3,0.9557,0.9557,ns
M3vsM4_12m,tertiles,Relative Mortality,GPPsat,Mid,21,-0.1287,52.4,0.431,0.7184,ns
M3vsM4_12m,tertiles,Relative Mortality,NEPmax,Mid,21,-0.08024,61.9,0.3257,0.7073,ns
M3vsM4_12m,tertiles,Relative Mortality,WUE,Mid,21,-0.00545,57.1,0.4861,0.7543,ns
M3vsM4_12m,tertiles,Relative Mortality,uWUE,Mid,21,-0.00288,52.4,0.5139,0.7708,ns
M3vsM4_12m,tertiles,Relative Mortality,ETmax,Low,22,3e-04,45.5,0.6516,0.8763,ns
M3vsM4_12m,tertiles,Relative Mortality,GPPsat,Low,22,-0.07829,59.1,0.1212,0.4547,ns
M3vsM4_12m,tertiles,Relative Mortality,NEPmax,Low,22,-0.51048,68.2,0.008894,0.3857,ns
M3vsM4_12m,tertiles,Relative Mortality,WUE,Low,22,0.01065,40.9,0.7095,0.8763,ns
M3vsM4_12m,tertiles,Relative Mortality,uWUE,Low,22,-6e-05,50,0.7205,0.8763,ns
M3vsM4_12m,tertiles,Relative Disturbance,ETmax,High,22,0.00044,45.5,0.7821,0.8788,ns
M3vsM4_12m,tertiles,Relative Disturbance,GPPsat,High,22,-0.09314,59.1,0.1212,0.4547,ns
M3vsM4_12m,tertiles,Relative Disturbance,NEPmax,High,22,-0.37236,63.6,0.08635,0.4547,ns
M3vsM4_12m,tertiles,Relative Disturbance,WUE,High,22,-0.0042,50,0.1904,0.5938,ns
M3vsM4_12m,tertiles,Relative Disturbance,uWUE,High,22,-0.01291,59.1,0.1212,0.4547,ns
M3vsM4_12m,tertiles,Relative Disturbance,ETmax,Mid,21,0.0012,42.9,0.8881,0.9294,ns
M3vsM4_12m,tertiles,Relative Disturbance,GPPsat,Mid,21,-0.17467,57.1,0.2222,0.5938,ns
M3vsM4_12m,tertiles,Relative Disturbance,NEPmax,Mid,21,-0.14414,61.9,0.2222,0.5938,ns
M3vsM4_12m,tertiles,Relative Disturbance,WUE,Mid,21,-0.00545,57.1,0.431,0.7184,ns
M3vsM4_12m,tertiles,Relative Disturbance,uWUE,Mid,21,-0.00288,52.4,0.3772,0.7073,ns
M3vsM4_12m,tertiles,Relative Disturbance,ETmax,Low,22,0.00051,40.9,0.7915,0.8788,ns
M3vsM4_12m,tertiles,Relative Disturbance,GPPsat,Low,22,-0.06505,54.5,0.2687,0.6363,ns
M3vsM4_12m,tertiles,Relative Disturbance,NEPmax,Low,22,-0.51048,68.2,0.02571,0.3857,ns
M3vsM4_12m,tertiles,Relative Disturbance,WUE,Low,22,0.01065,40.9,0.8007,0.8788,ns
M3vsM4_12m,tertiles,Relative Disturbance,uWUE,Low,22,0.01091,45.5,0.8429,0.9031,ns
M3vsM4_12m,equal_width,Absolute Mortality,ETmax,Mid,21,0.00031,47.6,0.5,0.7952,ns
M3vsM4_12m,equal_width,Absolute Mortality,GPPsat,Mid,21,-0.30759,71.4,0.03027,0.2988,ns
M3vsM4_12m,equal_width,Absolute Mortality,NEPmax,Mid,21,-0.82485,81,0.003353,0.1341,ns
M3vsM4_12m,equal_width,Absolute Mortality,WUE,Mid,21,-0.01206,52.4,0.2773,0.5838,ns
M3vsM4_12m,equal_width,Absolute Mortality,uWUE,Mid,21,-0.01523,61.9,0.2021,0.5389,ns
M3vsM4_12m,equal_width,Absolute Mortality,ETmax,Low,41,0.00059,41.5,0.9192,0.9483,ns
M3vsM4_12m,equal_width,Absolute Mortality,GPPsat,Low,41,-0.0387,51.2,0.2627,0.5838,ns
M3vsM4_12m,equal_width,Absolute Mortality,NEPmax,Low,41,-0.26318,58.5,0.1092,0.4366,ns
M3vsM4_12m,equal_width,Absolute Mortality,WUE,Low,41,-0.00313,51.2,0.469,0.7952,ns
M3vsM4_12m,equal_width,Absolute Mortality,uWUE,Low,41,0.00572,46.3,0.7157,0.7952,ns
M3vsM4_12m,equal_width,Absolute Mortality,ETmax,High,3,0.00556,33.3,,,""
M3vsM4_12m,equal_width,Absolute Mortality,GPPsat,High,3,0.01056,33.3,,,""
M3vsM4_12m,equal_width,Absolute Mortality,NEPmax,High,3,0.42915,33.3,,,""
M3vsM4_12m,equal_width,Absolute Mortality,WUE,High,3,0.02666,0,,,""
M3vsM4_12m,equal_width,Absolute Mortality,uWUE,High,3,-0.0106,66.7,,,""
M3vsM4_12m,equal_width,Relative Mortality,ETmax,Mid,26,0.00044,46.2,0.6762,0.7952,ns
M3vsM4_12m,equal_width,Relative Mortality,GPPsat,Mid,26,-0.24113,61.5,0.09761,0.4338,ns
M3vsM4_12m,equal_width,Relative Mortality,NEPmax,Mid,26,-0.4062,73.1,0.03373,0.2988,ns
M3vsM4_12m,equal_width,Relative Mortality,WUE,Mid,26,-0.01286,57.7,0.2385,0.5629,ns
M3vsM4_12m,equal_width,Relative Mortality,uWUE,Mid,26,-0.00489,53.8,0.39,0.7428,ns
M3vsM4_12m,equal_width,Relative Mortality,ETmax,Low,32,0.00051,40.6,0.8275,0.8946,ns
M3vsM4_12m,equal_width,Relative Mortality,GPPsat,Low,32,-0.07829,56.2,0.129,0.4502,ns
M3vsM4_12m,equal_width,Relative Mortality,NEPmax,Low,32,-0.37827,62.5,0.03414,0.2988,ns
M3vsM4_12m,equal_width,Relative Mortality,WUE,Low,32,0.00646,46.9,0.663,0.7952,ns
M3vsM4_12m,equal_width,Relative Mortality,uWUE,Low,32,0.01091,46.9,0.7094,0.7952,ns
M3vsM4_12m,equal_width,Relative Mortality,ETmax,High,7,0.0014,42.9,0.9246,0.9483,ns
M3vsM4_12m,equal_width,Relative Mortality,GPPsat,High,7,0.01056,42.9,0.6637,0.7952,ns
M3vsM4_12m,equal_width,Relative Mortality,NEPmax,High,7,0.09972,42.9,0.6001,0.7952,ns
M3vsM4_12m,equal_width,Relative Mortality,WUE,High,7,0.01514,28.6,0.6001,0.7952,ns
M3vsM4_12m,equal_width,Relative Mortality,uWUE,High,7,-0.0251,71.4,0.05416,0.2988,ns
M3vsM4_12m,equal_width,Relative Disturbance,ETmax,Mid,27,0.00031,48.1,0.6088,0.7952,ns
M3vsM4_12m,equal_width,Relative Disturbance,GPPsat,Mid,27,-0.1287,55.6,0.1653,0.4904,ns
M3vsM4_12m,equal_width,Relative Disturbance,NEPmax,Mid,27,-0.3565,70.4,0.05779,0.2988,ns
M3vsM4_12m,equal_width,Relative Disturbance,WUE,Mid,27,-0.01206,55.6,0.2392,0.5629,ns
M3vsM4_12m,equal_width,Relative Disturbance,uWUE,Mid,27,-0.00288,51.9,0.562,0.7952,ns
M3vsM4_12m,equal_width,Relative Disturbance,ETmax,High,9,-0.00042,55.6,0.6389,0.7952,ns
M3vsM4_12m,equal_width,Relative Disturbance,GPPsat,High,9,-0.04213,55.6,0.3178,0.6356,ns
M3vsM4_12m,equal_width,Relative Disturbance,NEPmax,High,9,-0.69164,55.6,0.1716,0.4904,ns
M3vsM4_12m,equal_width,Relative Disturbance,WUE,High,9,0.01514,33.3,0.5,0.7952,ns
M3vsM4_12m,equal_width,Relative Disturbance,uWUE,High,9,-0.0106,66.7,0.0486,0.2988,ns
M3vsM4_12m,equal_width,Relative Disturbance,ETmax,Low,29,0.00063,34.5,0.9562,0.9562,ns
M3vsM4_12m,equal_width,Relative Disturbance,GPPsat,Low,29,-0.0914,58.6,0.1351,0.4502,ns
M3vsM4_12m,equal_width,Relative Disturbance,NEPmax,Low,29,-0.34422,62.1,0.05975,0.2988,ns
M3vsM4_12m,equal_width,Relative Disturbance,WUE,Low,29,0.00472,48.3,0.6751,0.7952,ns
M3vsM4_12m,equal_width,Relative Disturbance,uWUE,Low,29,0.00572,48.3,0.6514,0.7952,ns
M3vsM4_12m,natural_breaks,Absolute Mortality,ETmax,High,14,-6e-05,50,0.6232,0.8248,ns
M3vsM4_12m,natural_breaks,Absolute Mortality,GPPsat,High,14,-0.32372,64.3,0.1165,0.469,ns
M3vsM4_12m,natural_breaks,Absolute Mortality,NEPmax,High,14,-0.75824,71.4,0.02983,0.469,ns
M3vsM4_12m,natural_breaks,Absolute Mortality,WUE,High,14,0.00544,35.7,0.5991,0.8248,ns
M3vsM4_12m,natural_breaks,Absolute Mortality,uWUE,High,14,-0.00875,57.1,0.2256,0.5077,ns
M3vsM4_12m,natural_breaks,Absolute Mortality,ETmax,Mid,32,0.00103,37.5,0.951,0.9694,ns
M3vsM4_12m,natural_breaks,Absolute Mortality,GPPsat,Mid,32,-0.15169,59.4,0.1251,0.469,ns
M3vsM4_12m,natural_breaks,Absolute Mortality,NEPmax,Mid,32,-0.23423,62.5,0.09371,0.469,ns
M3vsM4_12m,natural_breaks,Absolute Mortality,WUE,Mid,32,-0.00876,53.1,0.4369,0.7561,ns
M3vsM4_12m,natural_breaks,Absolute Mortality,uWUE,Mid,32,-0.0071,53.1,0.4665,0.7757,ns
M3vsM4_12m,natural_breaks,Absolute Mortality,ETmax,Low,19,0.00018,47.4,0.6186,0.8248,ns
M3vsM4_12m,natural_breaks,Absolute Mortality,GPPsat,Low,19,0.02324,47.4,0.508,0.7835,ns
M3vsM4_12m,natural_breaks,Absolute Mortality,NEPmax,Low,19,-0.26318,63.2,0.1098,0.469,ns
M3vsM4_12m,natural_breaks,Absolute Mortality,WUE,Low,19,-0.00313,52.6,0.4281,0.7561,ns
M3vsM4_12m,natural_breaks,Absolute Mortality,uWUE,Low,19,0.00572,47.4,0.6637,0.8296,ns
M3vsM4_12m,natural_breaks,Relative Mortality,ETmax,High,23,-0.00033,52.2,0.6481,0.8296,ns
M3vsM4_12m,natural_breaks,Relative Mortality,GPPsat,High,23,-0.30759,60.9,0.07864,0.469,ns
M3vsM4_12m,natural_breaks,Relative Mortality,NEPmax,High,23,-0.38821,65.2,0.06227,0.469,ns
M3vsM4_12m,natural_breaks,Relative Mortality,WUE,High,23,-0.01206,52.2,0.1848,0.4831,ns
M3vsM4_12m,natural_breaks,Relative Mortality,uWUE,High,23,-0.0069,52.2,0.2665,0.571,ns
M3vsM4_12m,natural_breaks,Relative Mortality,ETmax,Mid,18,0.00258,27.8,0.9694,0.9694,ns
M3vsM4_12m,natural_breaks,Relative Mortality,GPPsat,Mid,18,-0.15169,55.6,0.204,0.4831,ns
M3vsM4_12m,natural_breaks,Relative Mortality,NEPmax,Mid,18,-0.11219,66.7,0.204,0.4831,ns
M3vsM4_12m,natural_breaks,Relative Mortality,WUE,Mid,18,-0.00429,55.6,0.4826,0.7757,ns
M3vsM4_12m,natural_breaks,Relative Mortality,uWUE,Mid,18,-0.01356,61.1,0.204,0.4831,ns
M3vsM4_12m,natural_breaks,Relative Mortality,ETmax,Low,24,3e-04,45.8,0.6179,0.8248,ns
M3vsM4_12m,natural_breaks,Relative Mortality,GPPsat,Low,24,-0.05193,54.2,0.3187,0.6235,ns
M3vsM4_12m,natural_breaks,Relative Mortality,NEPmax,Low,24,-0.38347,62.5,0.03707,0.469,ns
M3vsM4_12m,natural_breaks,Relative Mortality,WUE,Low,24,0.01065,41.7,0.758,0.8747,ns
M3vsM4_12m,natural_breaks,Relative Mortality,uWUE,Low,24,0.01091,45.8,0.858,0.9193,ns
M3vsM4_12m,natural_breaks,Relative Disturbance,ETmax,High,22,0.00044,45.5,0.7821,0.8798,ns
M3vsM4_12m,natural_breaks,Relative Disturbance,GPPsat,High,22,-0.09314,59.1,0.1212,0.469,ns
M3vsM4_12m,natural_breaks,Relative Disturbance,NEPmax,High,22,-0.37236,63.6,0.08635,0.469,ns
M3vsM4_12m,natural_breaks,Relative Disturbance,WUE,High,22,-0.0042,50,0.1904,0.4831,ns
M3vsM4_12m,natural_breaks,Relative Disturbance,uWUE,High,22,-0.01291,59.1,0.1212,0.469,ns
M3vsM4_12m,natural_breaks,Relative Disturbance,ETmax,Mid,20,0.0014,40,0.9011,0.943,ns
M3vsM4_12m,natural_breaks,Relative Disturbance,GPPsat,Mid,20,-0.2544,60,0.2005,0.4831,ns
M3vsM4_12m,natural_breaks,Relative Disturbance,NEPmax,Mid,20,-0.16816,65,0.1706,0.4831,ns
M3vsM4_12m,natural_breaks,Relative Disturbance,WUE,Mid,20,-0.00429,55,0.5223,0.7835,ns
M3vsM4_12m,natural_breaks,Relative Disturbance,uWUE,Mid,20,0.00609,50,0.3755,0.7041,ns
M3vsM4_12m,natural_breaks,Relative Disturbance,ETmax,Low,23,0.00043,43.5,0.7434,0.8747,ns
M3vsM4_12m,natural_breaks,Relative Disturbance,GPPsat,Low,23,-0.0387,52.2,0.3187,0.6235,ns
M3vsM4_12m,natural_breaks,Relative Disturbance,NEPmax,Low,23,-0.42273,65.2,0.03517,0.469,ns
M3vsM4_12m,natural_breaks,Relative Disturbance,WUE,Low,23,0.00821,43.5,0.7335,0.8747,ns
M3vsM4_12m,natural_breaks,Relative Disturbance,uWUE,Low,23,0.00572,47.8,0.8232,0.9035,ns
M3vsM4_24m,tertiles,Absolute Mortality,ETmax,High,22,-0.00102,72.7,0.09704,0.522,ns
M3vsM4_24m,tertiles,Absolute Mortality,GPPsat,High,22,-0.2588,59.1,0.1027,0.522,ns
M3vsM4_24m,tertiles,Absolute Mortality,NEPmax,High,22,-0.33703,63.6,0.04889,0.522,ns
M3vsM4_24m,tertiles,Absolute Mortality,WUE,High,22,-0.00601,59.1,0.2179,0.5448,ns
M3vsM4_24m,tertiles,Absolute Mortality,uWUE,High,22,-0.00525,63.6,0.1993,0.5448,ns
M3vsM4_24m,tertiles,Absolute Mortality,ETmax,Mid,21,0.00121,42.9,0.9619,0.9619,ns
M3vsM4_24m,tertiles,Absolute Mortality,GPPsat,Mid,21,-0.18481,57.1,0.4174,0.6957,ns
M3vsM4_24m,tertiles,Absolute Mortality,NEPmax,Mid,21,0.1093,47.6,0.5415,0.7861,ns
M3vsM4_24m,tertiles,Absolute Mortality,WUE,Mid,21,-0.01234,52.4,0.431,0.6957,ns
M3vsM4_24m,tertiles,Absolute Mortality,uWUE,Mid,21,-0.00376,57.1,0.4039,0.6957,ns
M3vsM4_24m,tertiles,Absolute Mortality,ETmax,Low,22,3e-04,45.5,0.6983,0.8647,ns
M3vsM4_24m,tertiles,Absolute Mortality,GPPsat,Low,22,0.00724,50,0.3131,0.6127,ns
M3vsM4_24m,tertiles,Absolute Mortality,NEPmax,Low,22,-0.18429,68.2,0.1027,0.522,ns
M3vsM4_24m,tertiles,Absolute Mortality,WUE,Low,22,0.00345,45.5,0.5,0.75,ns
M3vsM4_24m,tertiles,Absolute Mortality,uWUE,Low,22,0.00963,40.9,0.903,0.9235,ns
M3vsM4_24m,tertiles,Relative Mortality,ETmax,High,22,-0.00065,68.2,0.2687,0.5913,ns
M3vsM4_24m,tertiles,Relative Mortality,GPPsat,High,22,-0.3105,59.1,0.1494,0.522,ns
M3vsM4_24m,tertiles,Relative Mortality,NEPmax,High,22,-0.32833,63.6,0.06766,0.522,ns
M3vsM4_24m,tertiles,Relative Mortality,WUE,High,22,-0.01055,59.1,0.1571,0.522,ns
M3vsM4_24m,tertiles,Relative Mortality,uWUE,High,22,-0.00566,68.2,0.1212,0.522,ns
M3vsM4_24m,tertiles,Relative Mortality,ETmax,Mid,21,0.00076,42.9,0.8946,0.9235,ns
M3vsM4_24m,tertiles,Relative Mortality,GPPsat,Mid,21,-0.06557,57.1,0.4447,0.6957,ns
M3vsM4_24m,tertiles,Relative Mortality,NEPmax,Mid,21,0.1093,47.6,0.7455,0.8828,ns
M3vsM4_24m,tertiles,Relative Mortality,WUE,Mid,21,-0.00405,52.4,0.4174,0.6957,ns
M3vsM4_24m,tertiles,Relative Mortality,uWUE,Mid,21,-0.0013,52.4,0.7109,0.8647,ns
M3vsM4_24m,tertiles,Relative Mortality,ETmax,Low,22,-6e-05,50,0.6149,0.8139,ns
M3vsM4_24m,tertiles,Relative Mortality,GPPsat,Low,22,0.00724,50,0.2179,0.5448,ns
M3vsM4_24m,tertiles,Relative Mortality,NEPmax,Low,22,-0.31387,68.2,0.02772,0.522,ns
M3vsM4_24m,tertiles,Relative Mortality,WUE,Low,22,0.00629,45.5,0.5899,0.8044,ns
M3vsM4_24m,tertiles,Relative Mortality,uWUE,Low,22,0.00963,40.9,0.858,0.9235,ns
M3vsM4_24m,tertiles,Relative Disturbance,ETmax,High,22,-0.00065,68.2,0.2795,0.5913,ns
M3vsM4_24m,tertiles,Relative Disturbance,GPPsat,High,22,-0.13312,59.1,0.1732,0.522,ns
M3vsM4_24m,tertiles,Relative Disturbance,NEPmax,High,22,-0.26193,59.1,0.142,0.522,ns
M3vsM4_24m,tertiles,Relative Disturbance,WUE,High,22,-0.01055,59.1,0.1148,0.522,ns
M3vsM4_24m,tertiles,Relative Disturbance,uWUE,High,22,-0.00566,63.6,0.1279,0.522,ns
M3vsM4_24m,tertiles,Relative Disturbance,ETmax,Mid,21,5e-04,47.6,0.6867,0.8647,ns
M3vsM4_24m,tertiles,Relative Disturbance,GPPsat,Mid,21,-0.25518,57.1,0.174,0.522,ns
M3vsM4_24m,tertiles,Relative Disturbance,NEPmax,Mid,21,-0.18018,52.4,0.2773,0.5913,ns
M3vsM4_24m,tertiles,Relative Disturbance,WUE,Mid,21,-0.01234,57.1,0.2891,0.5913,ns
M3vsM4_24m,tertiles,Relative Disturbance,uWUE,Mid,21,-0.00376,57.1,0.569,0.8001,ns
M3vsM4_24m,tertiles,Relative Disturbance,ETmax,Low,22,0.00051,45.5,0.835,0.9235,ns
M3vsM4_24m,tertiles,Relative Disturbance,GPPsat,Low,22,0.03392,50,0.4483,0.6957,ns
M3vsM4_24m,tertiles,Relative Disturbance,NEPmax,Low,22,-0.31387,68.2,0.1087,0.522,ns
M3vsM4_24m,tertiles,Relative Disturbance,WUE,Low,22,0.01409,40.9,0.8007,0.9235,ns
M3vsM4_24m,tertiles,Relative Disturbance,uWUE,Low,22,0.01066,40.9,0.903,0.9235,ns
M3vsM4_24m,equal_width,Absolute Mortality,ETmax,Mid,21,-0.00107,81,0.01193,0.2469,ns
M3vsM4_24m,equal_width,Absolute Mortality,GPPsat,Mid,21,-0.43618,71.4,0.01851,0.2469,ns
M3vsM4_24m,equal_width,Absolute Mortality,NEPmax,Mid,21,-0.60716,66.7,0.01851,0.2469,ns
M3vsM4_24m,equal_width,Absolute Mortality,WUE,Mid,21,-0.00798,61.9,0.1831,0.4237,ns
M3vsM4_24m,equal_width,Absolute Mortality,uWUE,Mid,21,-0.00525,61.9,0.2021,0.4237,ns
M3vsM4_24m,equal_width,Absolute Mortality,ETmax,Low,41,0.00093,41.5,0.9487,0.9487,ns
M3vsM4_24m,equal_width,Absolute Mortality,GPPsat,Low,41,-0.00877,51.2,0.3112,0.5187,ns
M3vsM4_24m,equal_width,Absolute Mortality,NEPmax,Low,41,-0.13334,56.1,0.2543,0.4624,ns
M3vsM4_24m,equal_width,Absolute Mortality,WUE,Low,41,0.00076,48.8,0.4331,0.6663,ns
M3vsM4_24m,equal_width,Absolute Mortality,uWUE,Low,41,0.0028,48.8,0.8246,0.9214,ns
M3vsM4_24m,equal_width,Absolute Mortality,ETmax,High,3,0.00608,33.3,,,""
M3vsM4_24m,equal_width,Absolute Mortality,GPPsat,High,3,0.60005,0,,,""
M3vsM4_24m,equal_width,Absolute Mortality,NEPmax,High,3,-0.17733,66.7,,,""
M3vsM4_24m,equal_width,Absolute Mortality,WUE,High,3,0.00936,33.3,,,""
M3vsM4_24m,equal_width,Absolute Mortality,uWUE,High,3,-0.02637,66.7,,,""
M3vsM4_24m,equal_width,Relative Mortality,ETmax,Mid,26,-9e-04,69.2,0.1548,0.4237,ns
M3vsM4_24m,equal_width,Relative Mortality,GPPsat,Mid,26,-0.26436,61.5,0.1489,0.4237,ns
M3vsM4_24m,equal_width,Relative Mortality,NEPmax,Mid,26,-0.30936,65.4,0.04441,0.4237,ns
M3vsM4_24m,equal_width,Relative Mortality,WUE,Mid,26,-0.01273,61.5,0.1939,0.4237,ns
M3vsM4_24m,equal_width,Relative Mortality,uWUE,Mid,26,-0.00451,57.7,0.4294,0.6663,ns
M3vsM4_24m,equal_width,Relative Mortality,ETmax,Low,32,0.00107,40.6,0.9031,0.9487,ns
M3vsM4_24m,equal_width,Relative Mortality,GPPsat,Low,32,-0.10286,56.2,0.1497,0.4237,ns
M3vsM4_24m,equal_width,Relative Mortality,NEPmax,Low,32,-0.15676,59.4,0.1411,0.4237,ns
M3vsM4_24m,equal_width,Relative Mortality,WUE,Low,32,0.00629,43.8,0.6766,0.8763,ns
M3vsM4_24m,equal_width,Relative Mortality,uWUE,Low,32,0.00963,43.8,0.8897,0.9487,ns
M3vsM4_24m,equal_width,Relative Mortality,ETmax,High,7,-4e-05,57.1,0.7229,0.8763,ns
M3vsM4_24m,equal_width,Relative Mortality,GPPsat,High,7,0.07655,28.6,0.8237,0.9214,ns
M3vsM4_24m,equal_width,Relative Mortality,NEPmax,High,7,0.2294,42.9,0.7229,0.8763,ns
M3vsM4_24m,equal_width,Relative Mortality,WUE,High,7,-0.00291,57.1,0.2771,0.4818,ns
M3vsM4_24m,equal_width,Relative Mortality,uWUE,High,7,-0.04699,85.7,0.07539,0.4237,ns
M3vsM4_24m,equal_width,Relative Disturbance,ETmax,Mid,27,-0.00086,66.7,0.1653,0.4237,ns
M3vsM4_24m,equal_width,Relative Disturbance,GPPsat,Mid,27,-0.25518,63,0.1536,0.4237,ns
M3vsM4_24m,equal_width,Relative Disturbance,NEPmax,Mid,27,-0.25812,59.3,0.08733,0.4237,ns
M3vsM4_24m,equal_width,Relative Disturbance,WUE,Mid,27,-0.00798,55.6,0.1838,0.4237,ns
M3vsM4_24m,equal_width,Relative Disturbance,uWUE,Mid,27,-0.00376,55.6,0.5715,0.7883,ns
M3vsM4_24m,equal_width,Relative Disturbance,ETmax,High,9,-3e-04,66.7,0.5,0.7143,ns
M3vsM4_24m,equal_width,Relative Disturbance,GPPsat,High,9,0.07655,44.4,0.4528,0.6709,ns
M3vsM4_24m,equal_width,Relative Disturbance,NEPmax,High,9,-0.35599,66.7,0.2035,0.4237,ns
M3vsM4_24m,equal_width,Relative Disturbance,WUE,High,9,-0.01312,66.7,0.2035,0.4237,ns
M3vsM4_24m,equal_width,Relative Disturbance,uWUE,High,9,-0.02637,77.8,0.06177,0.4237,ns
M3vsM4_24m,equal_width,Relative Disturbance,ETmax,Low,29,0.00122,37.9,0.9452,0.9487,ns
M3vsM4_24m,equal_width,Relative Disturbance,GPPsat,Low,29,-0.00877,51.7,0.2445,0.4624,ns
M3vsM4_24m,equal_width,Relative Disturbance,NEPmax,Low,29,-0.13334,58.6,0.2118,0.4237,ns
M3vsM4_24m,equal_width,Relative Disturbance,WUE,Low,29,0.00615,44.8,0.713,0.8763,ns
M3vsM4_24m,equal_width,Relative Disturbance,uWUE,Low,29,0.003,44.8,0.8293,0.9214,ns
M3vsM4_24m,natural_breaks,Absolute Mortality,ETmax,High,14,-0.00102,78.6,0.1429,0.5197,ns
M3vsM4_24m,natural_breaks,Absolute Mortality,GPPsat,High,14,-0.27929,57.1,0.1576,0.5197,ns
M3vsM4_24m,natural_breaks,Absolute Mortality,NEPmax,High,14,-0.66123,71.4,0.04504,0.5197,ns
M3vsM4_24m,natural_breaks,Absolute Mortality,WUE,High,14,-0.00105,50,0.3078,0.6021,ns
M3vsM4_24m,natural_breaks,Absolute Mortality,uWUE,High,14,-0.02408,71.4,0.0937,0.5197,ns
M3vsM4_24m,natural_breaks,Absolute Mortality,ETmax,Mid,32,0.00027,50,0.871,0.9118,ns
M3vsM4_24m,natural_breaks,Absolute Mortality,GPPsat,Mid,32,-0.26436,62.5,0.1175,0.5197,ns
M3vsM4_24m,natural_breaks,Absolute Mortality,NEPmax,Mid,32,-0.22761,53.1,0.2779,0.5717,ns
M3vsM4_24m,natural_breaks,Absolute Mortality,WUE,Mid,32,-0.01016,56.2,0.459,0.7288,ns
M3vsM4_24m,natural_breaks,Absolute Mortality,uWUE,Mid,32,-0.00116,53.1,0.6899,0.8108,ns
M3vsM4_24m,natural_breaks,Absolute Mortality,ETmax,Low,19,5e-04,42.1,0.6782,0.8108,ns
M3vsM4_24m,natural_breaks,Absolute Mortality,GPPsat,Low,19,0.07661,42.1,0.6637,0.8108,ns
M3vsM4_24m,natural_breaks,Absolute Mortality,NEPmax,Low,19,-0.13334,63.2,0.2406,0.5717,ns
M3vsM4_24m,natural_breaks,Absolute Mortality,WUE,Low,19,0.00076,47.4,0.4124,0.6874,ns
M3vsM4_24m,natural_breaks,Absolute Mortality,uWUE,Low,19,0.003,42.1,0.8174,0.9118,ns
M3vsM4_24m,natural_breaks,Relative Mortality,ETmax,High,23,-0.00069,69.6,0.2281,0.5717,ns
M3vsM4_24m,natural_breaks,Relative Mortality,GPPsat,High,23,-0.43618,60.9,0.1148,0.5197,ns
M3vsM4_24m,natural_breaks,Relative Mortality,NEPmax,High,23,-0.30066,65.2,0.06227,0.5197,ns
M3vsM4_24m,natural_breaks,Relative Mortality,WUE,High,23,-0.01312,60.9,0.109,0.5197,ns
M3vsM4_24m,natural_breaks,Relative Mortality,uWUE,High,23,-0.00525,65.2,0.2015,0.5666,ns
M3vsM4_24m,natural_breaks,Relative Mortality,ETmax,Mid,18,0.00099,44.4,0.8712,0.9118,ns
M3vsM4_24m,natural_breaks,Relative Mortality,GPPsat,Mid,18,-0.16037,61.1,0.2568,0.5717,ns
M3vsM4_24m,natural_breaks,Relative Mortality,NEPmax,Mid,18,-0.03544,50,0.5174,0.751,ns
M3vsM4_24m,natural_breaks,Relative Mortality,WUE,Mid,18,-0.0082,55.6,0.3638,0.6499,ns
M3vsM4_24m,natural_breaks,Relative Mortality,uWUE,Mid,18,-0.00384,61.1,0.3475,0.6499,ns
M3vsM4_24m,natural_breaks,Relative Mortality,ETmax,Low,24,3e-04,45.8,0.7014,0.8108,ns
M3vsM4_24m,natural_breaks,Relative Mortality,GPPsat,Low,24,0.04993,45.8,0.4943,0.7415,ns
M3vsM4_24m,natural_breaks,Relative Mortality,NEPmax,Low,24,-0.16086,62.5,0.1357,0.5197,ns
M3vsM4_24m,natural_breaks,Relative Mortality,WUE,Low,24,0.01182,41.7,0.7014,0.8108,ns
M3vsM4_24m,natural_breaks,Relative Mortality,uWUE,Low,24,0.01728,37.5,0.9403,0.9403,ns
M3vsM4_24m,natural_breaks,Relative Disturbance,ETmax,High,22,-0.00065,68.2,0.2795,0.5717,ns
M3vsM4_24m,natural_breaks,Relative Disturbance,GPPsat,High,22,-0.13312,59.1,0.1732,0.5197,ns
M3vsM4_24m,natural_breaks,Relative Disturbance,NEPmax,High,22,-0.26193,59.1,0.142,0.5197,ns
M3vsM4_24m,natural_breaks,Relative Disturbance,WUE,High,22,-0.01055,59.1,0.1148,0.5197,ns
M3vsM4_24m,natural_breaks,Relative Disturbance,uWUE,High,22,-0.00566,63.6,0.1279,0.5197,ns
M3vsM4_24m,natural_breaks,Relative Disturbance,ETmax,Mid,20,0.00028,50,0.6796,0.8108,ns
M3vsM4_24m,natural_breaks,Relative Disturbance,GPPsat,Mid,20,-0.26436,60,0.1706,0.5197,ns
M3vsM4_24m,natural_breaks,Relative Disturbance,NEPmax,Mid,20,-0.2061,55,0.2568,0.5717,ns
M3vsM4_24m,natural_breaks,Relative Disturbance,WUE,Mid,20,-0.0082,55,0.3755,0.6499,ns
M3vsM4_24m,natural_breaks,Relative Disturbance,uWUE,Mid,20,-0.00384,60,0.5372,0.7554,ns
M3vsM4_24m,natural_breaks,Relative Disturbance,ETmax,Low,23,5e-04,43.5,0.831,0.9118,ns
M3vsM4_24m,natural_breaks,Relative Disturbance,GPPsat,Low,23,0.02325,47.8,0.4697,0.7288,ns
M3vsM4_24m,natural_breaks,Relative Disturbance,NEPmax,Low,23,-0.18839,65.2,0.1208,0.5197,ns
M3vsM4_24m,natural_breaks,Relative Disturbance,WUE,Low,23,0.00643,43.5,0.7027,0.8108,ns
M3vsM4_24m,natural_breaks,Relative Disturbance,uWUE,Low,23,0.01625,39.1,0.9071,0.9277,ns
M5vsM6_raw_12m,tertiles,Absolute Mortality,ETmax,High,22,0.00029,45.5,0.5129,0.8259,ns
M5vsM6_raw_12m,tertiles,Absolute Mortality,GPPsat,High,22,0.21548,27.3,0.9723,0.9723,ns
M5vsM6_raw_12m,tertiles,Absolute Mortality,NEPmax,High,22,0.07298,36.4,0.903,0.9723,ns
M5vsM6_raw_12m,tertiles,Absolute Mortality,WUE,High,22,-0.01339,59.1,0.1494,0.7432,ns
M5vsM6_raw_12m,tertiles,Absolute Mortality,uWUE,High,22,-0.00428,54.5,0.5129,0.8259,ns
M5vsM6_raw_12m,tertiles,Absolute Mortality,ETmax,Mid,21,0.00058,42.9,0.788,0.9723,ns
M5vsM6_raw_12m,tertiles,Absolute Mortality,GPPsat,Mid,21,0.03069,47.6,0.6867,0.9657,ns
M5vsM6_raw_12m,tertiles,Absolute Mortality,NEPmax,Mid,21,0.11645,42.9,0.6489,0.9419,ns
M5vsM6_raw_12m,tertiles,Absolute Mortality,WUE,Mid,21,-0.00348,52.4,0.3011,0.7987,ns
M5vsM6_raw_12m,tertiles,Absolute Mortality,uWUE,Mid,21,0.00086,47.6,0.4585,0.8259,ns
M5vsM6_raw_12m,tertiles,Absolute Mortality,ETmax,Low,22,-0.00043,54.5,0.5645,0.8759,ns
M5vsM6_raw_12m,tertiles,Absolute Mortality,GPPsat,Low,22,-0.15062,72.7,0.04569,0.6853,ns
M5vsM6_raw_12m,tertiles,Absolute Mortality,NEPmax,Low,22,-0.09469,63.6,0.1087,0.7432,ns
M5vsM6_raw_12m,tertiles,Absolute Mortality,WUE,Low,22,-0.0187,72.7,0.04265,0.6853,ns
M5vsM6_raw_12m,tertiles,Absolute Mortality,uWUE,Low,22,0.00397,40.9,0.7523,0.9723,ns
M5vsM6_raw_12m,tertiles,Relative Mortality,ETmax,High,22,0.00115,36.4,0.8429,0.9723,ns
M5vsM6_raw_12m,tertiles,Relative Mortality,GPPsat,High,22,0.21548,31.8,0.9573,0.9723,ns
M5vsM6_raw_12m,tertiles,Relative Mortality,NEPmax,High,22,0.07298,40.9,0.8788,0.9723,ns
M5vsM6_raw_12m,tertiles,Relative Mortality,WUE,High,22,-0.00278,54.5,0.2477,0.7961,ns
M5vsM6_raw_12m,tertiles,Relative Mortality,uWUE,High,22,0.0049,45.5,0.5899,0.8848,ns
M5vsM6_raw_12m,tertiles,Relative Mortality,ETmax,Mid,21,-0.00024,52.4,0.5139,0.8259,ns
M5vsM6_raw_12m,tertiles,Relative Mortality,GPPsat,Mid,21,-0.05435,52.4,0.3641,0.8259,ns
M5vsM6_raw_12m,tertiles,Relative Mortality,NEPmax,Mid,21,0.08992,42.9,0.5,0.8259,ns
M5vsM6_raw_12m,tertiles,Relative Mortality,WUE,Mid,21,-0.01429,61.9,0.08762,0.7432,ns
M5vsM6_raw_12m,tertiles,Relative Mortality,uWUE,Mid,21,-0.00554,61.9,0.2327,0.7961,ns
M5vsM6_raw_12m,tertiles,Relative Mortality,ETmax,Low,22,-0.00043,54.5,0.4741,0.8259,ns
M5vsM6_raw_12m,tertiles,Relative Mortality,GPPsat,Low,22,-0.11044,63.6,0.1817,0.7432,ns
M5vsM6_raw_12m,tertiles,Relative Mortality,NEPmax,Low,22,-0.08116,59.1,0.2179,0.7961,ns
M5vsM6_raw_12m,tertiles,Relative Mortality,WUE,Low,22,-0.0187,68.2,0.1087,0.7432,ns
M5vsM6_raw_12m,tertiles,Relative Mortality,uWUE,Low,22,0.00397,36.4,0.835,0.9723,ns
M5vsM6_raw_12m,tertiles,Relative Disturbance,ETmax,High,22,0.00115,36.4,0.7419,0.9723,ns
M5vsM6_raw_12m,tertiles,Relative Disturbance,GPPsat,High,22,0.21548,31.8,0.9602,0.9723,ns
M5vsM6_raw_12m,tertiles,Relative Disturbance,NEPmax,High,22,0.07298,36.4,0.9511,0.9723,ns
M5vsM6_raw_12m,tertiles,Relative Disturbance,WUE,High,22,-0.0063,59.1,0.1494,0.7432,ns
M5vsM6_raw_12m,tertiles,Relative Disturbance,uWUE,High,22,-0.00264,50,0.5129,0.8259,ns
M5vsM6_raw_12m,tertiles,Relative Disturbance,ETmax,Mid,21,-0.00051,66.7,0.1485,0.7432,ns
M5vsM6_raw_12m,tertiles,Relative Disturbance,GPPsat,Mid,21,-0.0264,52.4,0.2658,0.7973,ns
M5vsM6_raw_12m,tertiles,Relative Disturbance,NEPmax,Mid,21,0.08992,47.6,0.4723,0.8259,ns
M5vsM6_raw_12m,tertiles,Relative Disturbance,WUE,Mid,21,-0.01429,61.9,0.02379,0.6853,ns
M5vsM6_raw_12m,tertiles,Relative Disturbance,uWUE,Mid,21,-0.00479,57.1,0.3772,0.8259,ns
M5vsM6_raw_12m,tertiles,Relative Disturbance,ETmax,Low,22,0.00071,40.9,0.8429,0.9723,ns
M5vsM6_raw_12m,tertiles,Relative Disturbance,GPPsat,Low,22,-0.15062,63.6,0.3017,0.7987,ns
M5vsM6_raw_12m,tertiles,Relative Disturbance,NEPmax,Low,22,-0.09011,59.1,0.1732,0.7432,ns
M5vsM6_raw_12m,tertiles,Relative Disturbance,WUE,Low,22,-0.01347,63.6,0.3484,0.8259,ns
M5vsM6_raw_12m,tertiles,Relative Disturbance,uWUE,Low,22,0.00397,36.4,0.7724,0.9723,ns
M5vsM6_raw_12m,equal_width,Absolute Mortality,ETmax,Mid,21,0.00023,47.6,0.4723,0.8696,ns
M5vsM6_raw_12m,equal_width,Absolute Mortality,GPPsat,Mid,21,0.21389,33.3,0.9067,0.9827,ns
M5vsM6_raw_12m,equal_width,Absolute Mortality,NEPmax,Mid,21,0.05811,42.9,0.6989,0.907,ns
M5vsM6_raw_12m,equal_width,Absolute Mortality,WUE,Mid,21,-0.01429,66.7,0.09922,0.7649,ns
M5vsM6_raw_12m,equal_width,Absolute Mortality,uWUE,Mid,21,-0.00302,52.4,0.6228,0.907,ns
M5vsM6_raw_12m,equal_width,Absolute Mortality,ETmax,Low,41,0.00035,46.3,0.7816,0.9195,ns
M5vsM6_raw_12m,equal_width,Absolute Mortality,GPPsat,Low,41,-0.10739,61,0.153,0.7649,ns
M5vsM6_raw_12m,equal_width,Absolute Mortality,NEPmax,Low,41,-0.01007,53.7,0.3204,0.8696,ns
M5vsM6_raw_12m,equal_width,Absolute Mortality,WUE,Low,41,-0.01058,61,0.05405,0.7649,ns
M5vsM6_raw_12m,equal_width,Absolute Mortality,uWUE,Low,41,0.00345,46.3,0.4078,0.8696,ns
M5vsM6_raw_12m,equal_width,Absolute Mortality,ETmax,High,3,-0.00078,66.7,,,""
M5vsM6_raw_12m,equal_width,Absolute Mortality,GPPsat,High,3,0.46825,0,,,""
M5vsM6_raw_12m,equal_width,Absolute Mortality,NEPmax,High,3,0.32032,0,,,""
M5vsM6_raw_12m,equal_width,Absolute Mortality,WUE,High,3,0.01321,33.3,,,""
M5vsM6_raw_12m,equal_width,Absolute Mortality,uWUE,High,3,0.00894,33.3,,,""
M5vsM6_raw_12m,equal_width,Relative Mortality,ETmax,Mid,26,0,50,0.4294,0.8696,ns
M5vsM6_raw_12m,equal_width,Relative Mortality,GPPsat,Mid,26,0.08646,42.3,0.667,0.907,ns
M5vsM6_raw_12m,equal_width,Relative Mortality,NEPmax,Mid,26,0.01765,50,0.4096,0.8696,ns
M5vsM6_raw_12m,equal_width,Relative Mortality,WUE,Mid,26,-0.0117,57.7,0.06066,0.7649,ns
M5vsM6_raw_12m,equal_width,Relative Mortality,uWUE,Mid,26,-0.00517,57.7,0.4195,0.8696,ns
M5vsM6_raw_12m,equal_width,Relative Mortality,ETmax,Low,32,0.00036,46.9,0.7525,0.9195,ns
M5vsM6_raw_12m,equal_width,Relative Mortality,GPPsat,Low,32,-0.11651,62.5,0.2358,0.8696,ns
M5vsM6_raw_12m,equal_width,Relative Mortality,NEPmax,Low,32,-0.01888,53.1,0.297,0.8696,ns
M5vsM6_raw_12m,equal_width,Relative Mortality,WUE,Low,32,-0.01347,65.6,0.1103,0.7649,ns
M5vsM6_raw_12m,equal_width,Relative Mortality,uWUE,Low,32,0.00397,40.6,0.703,0.907,ns
M5vsM6_raw_12m,equal_width,Relative Mortality,ETmax,High,7,0.00113,42.9,0.6637,0.907,ns
M5vsM6_raw_12m,equal_width,Relative Mortality,GPPsat,High,7,0.23548,14.3,0.974,0.9827,ns
M5vsM6_raw_12m,equal_width,Relative Mortality,NEPmax,High,7,0.20486,14.3,0.9827,0.9827,ns
M5vsM6_raw_12m,equal_width,Relative Mortality,WUE,High,7,-0.00207,57.1,0.4663,0.8696,ns
M5vsM6_raw_12m,equal_width,Relative Mortality,uWUE,High,7,0.00894,42.9,0.4663,0.8696,ns
M5vsM6_raw_12m,equal_width,Relative Disturbance,ETmax,Mid,27,-0.00024,51.9,0.4004,0.8696,ns
M5vsM6_raw_12m,equal_width,Relative Disturbance,GPPsat,Mid,27,0.08396,44.4,0.6803,0.907,ns
M5vsM6_raw_12m,equal_width,Relative Disturbance,NEPmax,Mid,27,0.045,48.1,0.4952,0.8696,ns
M5vsM6_raw_12m,equal_width,Relative Disturbance,WUE,Mid,27,-0.00911,63,0.02965,0.7649,ns
M5vsM6_raw_12m,equal_width,Relative Disturbance,uWUE,Mid,27,-0.00613,63,0.1269,0.7649,ns
M5vsM6_raw_12m,equal_width,Relative Disturbance,ETmax,High,9,0.00113,44.4,0.5936,0.907,ns
M5vsM6_raw_12m,equal_width,Relative Disturbance,GPPsat,High,9,0.28735,22.2,0.9622,0.9827,ns
M5vsM6_raw_12m,equal_width,Relative Disturbance,NEPmax,High,9,0.19902,33.3,0.9037,0.9827,ns
M5vsM6_raw_12m,equal_width,Relative Disturbance,WUE,High,9,0.0096,44.4,0.5,0.8696,ns
M5vsM6_raw_12m,equal_width,Relative Disturbance,uWUE,High,9,0.03165,22.2,0.9224,0.9827,ns
M5vsM6_raw_12m,equal_width,Relative Disturbance,ETmax,Low,29,0.00061,44.8,0.7689,0.9195,ns
M5vsM6_raw_12m,equal_width,Relative Disturbance,GPPsat,Low,29,-0.13177,62.1,0.2377,0.8696,ns
M5vsM6_raw_12m,equal_width,Relative Disturbance,NEPmax,Low,29,-0.01007,51.7,0.3728,0.8696,ns
M5vsM6_raw_12m,equal_width,Relative Disturbance,WUE,Low,29,-0.01635,65.5,0.1398,0.7649,ns
M5vsM6_raw_12m,equal_width,Relative Disturbance,uWUE,Low,29,0.00354,41.4,0.6434,0.907,ns
M5vsM6_raw_12m,natural_breaks,Absolute Mortality,ETmax,High,14,0.0012,28.6,0.9256,0.9602,ns
M5vsM6_raw_12m,natural_breaks,Absolute Mortality,GPPsat,High,14,0.17945,35.7,0.8571,0.9602,ns
M5vsM6_raw_12m,natural_breaks,Absolute Mortality,NEPmax,High,14,0.11252,35.7,0.9063,0.9602,ns
M5vsM6_raw_12m,natural_breaks,Absolute Mortality,WUE,High,14,-0.00559,57.1,0.3302,0.7429,ns
M5vsM6_raw_12m,natural_breaks,Absolute Mortality,uWUE,High,14,0.0014,50,0.3078,0.7289,ns
M5vsM6_raw_12m,natural_breaks,Absolute Mortality,ETmax,Mid,32,0,50,0.5261,0.9358,ns
M5vsM6_raw_12m,natural_breaks,Absolute Mortality,GPPsat,Mid,32,0.09007,40.6,0.871,0.9602,ns
M5vsM6_raw_12m,natural_breaks,Absolute Mortality,NEPmax,Mid,32,0.07932,43.8,0.5558,0.9358,ns
M5vsM6_raw_12m,natural_breaks,Absolute Mortality,WUE,Mid,32,-0.00363,53.1,0.2134,0.7289,ns
M5vsM6_raw_12m,natural_breaks,Absolute Mortality,uWUE,Mid,32,-0.00108,50,0.5924,0.9358,ns
M5vsM6_raw_12m,natural_breaks,Absolute Mortality,ETmax,Low,19,-0.00103,57.9,0.3662,0.7846,ns
M5vsM6_raw_12m,natural_breaks,Absolute Mortality,GPPsat,Low,19,-0.16948,73.7,0.04361,0.6541,ns
M5vsM6_raw_12m,natural_breaks,Absolute Mortality,NEPmax,Low,19,-0.08574,63.2,0.1722,0.7289,ns
M5vsM6_raw_12m,natural_breaks,Absolute Mortality,WUE,Low,19,-0.02097,78.9,0.02548,0.6541,ns
M5vsM6_raw_12m,natural_breaks,Absolute Mortality,uWUE,Low,19,0.00354,42.1,0.6782,0.9602,ns
M5vsM6_raw_12m,natural_breaks,Relative Mortality,ETmax,High,23,0.00118,34.8,0.8852,0.9602,ns
M5vsM6_raw_12m,natural_breaks,Relative Mortality,GPPsat,High,23,0.21389,34.8,0.9543,0.9602,ns
M5vsM6_raw_12m,natural_breaks,Relative Mortality,NEPmax,High,23,0.06871,43.5,0.7899,0.9602,ns
M5vsM6_raw_12m,natural_breaks,Relative Mortality,WUE,High,23,-0.00207,52.2,0.2665,0.7289,ns
M5vsM6_raw_12m,natural_breaks,Relative Mortality,uWUE,High,23,0.00894,43.5,0.6481,0.9602,ns
M5vsM6_raw_12m,natural_breaks,Relative Mortality,ETmax,Mid,18,-0.00047,61.1,0.2568,0.7289,ns
M5vsM6_raw_12m,natural_breaks,Relative Mortality,GPPsat,Mid,18,0.05732,44.4,0.6031,0.9358,ns
M5vsM6_raw_12m,natural_breaks,Relative Mortality,NEPmax,Mid,18,0.09247,38.9,0.757,0.9602,ns
M5vsM6_raw_12m,natural_breaks,Relative Mortality,WUE,Mid,18,-0.01452,66.7,0.06934,0.7289,ns
M5vsM6_raw_12m,natural_breaks,Relative Mortality,uWUE,Mid,18,-0.00584,66.7,0.1802,0.7289,ns
M5vsM6_raw_12m,natural_breaks,Relative Mortality,ETmax,Low,24,-8e-05,50,0.5624,0.9358,ns
M5vsM6_raw_12m,natural_breaks,Relative Mortality,GPPsat,Low,24,-0.12622,66.7,0.1236,0.7289,ns
M5vsM6_raw_12m,natural_breaks,Relative Mortality,NEPmax,Low,24,-0.08116,58.3,0.1841,0.7289,ns
M5vsM6_raw_12m,natural_breaks,Relative Mortality,WUE,Low,24,-0.01639,66.7,0.1295,0.7289,ns
M5vsM6_raw_12m,natural_breaks,Relative Mortality,uWUE,Low,24,0.00397,37.5,0.7923,0.9602,ns
M5vsM6_raw_12m,natural_breaks,Relative Disturbance,ETmax,High,22,0.00115,36.4,0.7419,0.9602,ns
M5vsM6_raw_12m,natural_breaks,Relative Disturbance,GPPsat,High,22,0.21548,31.8,0.9602,0.9602,ns
M5vsM6_raw_12m,natural_breaks,Relative Disturbance,NEPmax,High,22,0.07298,36.4,0.9511,0.9602,ns
M5vsM6_raw_12m,natural_breaks,Relative Disturbance,WUE,High,22,-0.0063,59.1,0.1494,0.7289,ns
M5vsM6_raw_12m,natural_breaks,Relative Disturbance,uWUE,High,22,-0.00264,50,0.5129,0.9358,ns
M5vsM6_raw_12m,natural_breaks,Relative Disturbance,ETmax,Mid,20,-0.00048,65,0.222,0.7289,ns
M5vsM6_raw_12m,natural_breaks,Relative Disturbance,GPPsat,Mid,20,-0.04038,55,0.2568,0.7289,ns
M5vsM6_raw_12m,natural_breaks,Relative Disturbance,NEPmax,Mid,20,0.04011,50,0.3897,0.7907,ns
M5vsM6_raw_12m,natural_breaks,Relative Disturbance,WUE,Mid,20,-0.00999,60,0.03809,0.6541,ns
M5vsM6_raw_12m,natural_breaks,Relative Disturbance,uWUE,Mid,20,-0.0039,55,0.4041,0.7907,ns
M5vsM6_raw_12m,natural_breaks,Relative Disturbance,ETmax,Low,23,0.00061,43.5,0.7531,0.9602,ns
M5vsM6_raw_12m,natural_breaks,Relative Disturbance,GPPsat,Low,23,-0.13177,60.9,0.2868,0.7289,ns
M5vsM6_raw_12m,natural_breaks,Relative Disturbance,NEPmax,Low,23,-0.07658,56.5,0.2281,0.7289,ns
M5vsM6_raw_12m,natural_breaks,Relative Disturbance,WUE,Low,23,-0.01635,65.2,0.2973,0.7289,ns
M5vsM6_raw_12m,natural_breaks,Relative Disturbance,uWUE,Low,23,0.00354,39.1,0.7234,0.9602,ns
M5vsM6_raw_24m,tertiles,Absolute Mortality,ETmax,High,22,-0.00016,50,0.3975,0.8302,ns
M5vsM6_raw_24m,tertiles,Absolute Mortality,GPPsat,High,22,0.18589,27.3,0.9875,0.9875,ns
M5vsM6_raw_24m,tertiles,Absolute Mortality,NEPmax,High,22,-0.00131,50,0.5,0.8302,ns
M5vsM6_raw_24m,tertiles,Absolute Mortality,WUE,High,22,0.00256,50,0.5,0.8302,ns
M5vsM6_raw_24m,tertiles,Absolute Mortality,uWUE,High,22,0.00618,40.9,0.7915,0.9133,ns
M5vsM6_raw_24m,tertiles,Absolute Mortality,ETmax,Mid,21,2e-04,47.6,0.5553,0.8302,ns
M5vsM6_raw_24m,tertiles,Absolute Mortality,GPPsat,Mid,21,0.04229,42.9,0.7227,0.9034,ns
M5vsM6_raw_24m,tertiles,Absolute Mortality,NEPmax,Mid,21,-0.00821,61.9,0.4039,0.8302,ns
M5vsM6_raw_24m,tertiles,Absolute Mortality,WUE,Mid,21,0.00585,38.1,0.7565,0.9133,ns
M5vsM6_raw_24m,tertiles,Absolute Mortality,uWUE,Mid,21,-0.00358,61.9,0.3641,0.8302,ns
M5vsM6_raw_24m,tertiles,Absolute Mortality,ETmax,Low,22,0.00026,40.9,0.6149,0.8302,ns
M5vsM6_raw_24m,tertiles,Absolute Mortality,GPPsat,Low,22,-0.08244,59.1,0.1817,0.8302,ns
M5vsM6_raw_24m,tertiles,Absolute Mortality,NEPmax,Low,22,-0.04041,59.1,0.165,0.8302,ns
M5vsM6_raw_24m,tertiles,Absolute Mortality,WUE,Low,22,-0.01446,63.6,0.1148,0.8302,ns
M5vsM6_raw_24m,tertiles,Absolute Mortality,uWUE,Low,22,2e-04,50,0.4101,0.8302,ns
M5vsM6_raw_24m,tertiles,Relative Mortality,ETmax,High,22,0.00036,40.9,0.4741,0.8302,ns
M5vsM6_raw_24m,tertiles,Relative Mortality,GPPsat,High,22,0.18589,31.8,0.9629,0.9848,ns
M5vsM6_raw_24m,tertiles,Relative Mortality,NEPmax,High,22,0.01963,50,0.6516,0.8377,ns
M5vsM6_raw_24m,tertiles,Relative Mortality,WUE,High,22,0.00657,45.5,0.6273,0.8302,ns
M5vsM6_raw_24m,tertiles,Relative Mortality,uWUE,High,22,0.01201,40.9,0.8429,0.9483,ns
M5vsM6_raw_24m,tertiles,Relative Mortality,ETmax,Mid,21,-3e-05,52.4,0.5139,0.8302,ns
M5vsM6_raw_24m,tertiles,Relative Mortality,GPPsat,Mid,21,0.04229,42.9,0.5961,0.8302,ns
M5vsM6_raw_24m,tertiles,Relative Mortality,NEPmax,Mid,21,-0.08912,66.7,0.1485,0.8302,ns
M5vsM6_raw_24m,tertiles,Relative Mortality,WUE,Mid,21,0.00549,42.9,0.5553,0.8302,ns
M5vsM6_raw_24m,tertiles,Relative Mortality,uWUE,Mid,21,-0.00358,61.9,0.3641,0.8302,ns
M5vsM6_raw_24m,tertiles,Relative Mortality,ETmax,Low,22,0.00018,45.5,0.5517,0.8302,ns
M5vsM6_raw_24m,tertiles,Relative Mortality,GPPsat,Low,22,-0.0721,54.5,0.3247,0.8302,ns
M5vsM6_raw_24m,tertiles,Relative Mortality,NEPmax,Low,22,-0.00693,54.5,0.3484,0.8302,ns
M5vsM6_raw_24m,tertiles,Relative Mortality,WUE,Low,22,-0.00745,63.6,0.1279,0.8302,ns
M5vsM6_raw_24m,tertiles,Relative Mortality,uWUE,Low,22,2e-04,50,0.3131,0.8302,ns
M5vsM6_raw_24m,tertiles,Relative Disturbance,ETmax,High,22,0.00036,45.5,0.3247,0.8302,ns
M5vsM6_raw_24m,tertiles,Relative Disturbance,GPPsat,High,22,0.18589,31.8,0.9573,0.9848,ns
M5vsM6_raw_24m,tertiles,Relative Disturbance,NEPmax,High,22,0.049,45.5,0.7915,0.9133,ns
M5vsM6_raw_24m,tertiles,Relative Disturbance,WUE,High,22,0.00653,45.5,0.6273,0.8302,ns
M5vsM6_raw_24m,tertiles,Relative Disturbance,uWUE,High,22,0.01201,40.9,0.8721,0.955,ns
M5vsM6_raw_24m,tertiles,Relative Disturbance,ETmax,Mid,21,-0.00036,61.9,0.174,0.8302,ns
M5vsM6_raw_24m,tertiles,Relative Disturbance,GPPsat,Mid,21,0.04229,42.9,0.5553,0.8302,ns
M5vsM6_raw_24m,tertiles,Relative Disturbance,NEPmax,Mid,21,-0.08991,66.7,0.1567,0.8302,ns
M5vsM6_raw_24m,tertiles,Relative Disturbance,WUE,Mid,21,0.00031,47.6,0.4585,0.8302,ns
M5vsM6_raw_24m,tertiles,Relative Disturbance,uWUE,Mid,21,-0.00295,57.1,0.4447,0.8302,ns
M5vsM6_raw_24m,tertiles,Relative Disturbance,ETmax,Low,22,0.00044,31.8,0.8913,0.955,ns
M5vsM6_raw_24m,tertiles,Relative Disturbance,GPPsat,Low,22,-0.0721,54.5,0.4355,0.8302,ns
M5vsM6_raw_24m,tertiles,Relative Disturbance,NEPmax,Low,22,-0.02158,59.1,0.2375,0.8302,ns
M5vsM6_raw_24m,tertiles,Relative Disturbance,WUE,Low,22,-0.01446,59.1,0.2687,0.8302,ns
M5vsM6_raw_24m,tertiles,Relative Disturbance,uWUE,Low,22,-0.00142,54.5,0.1817,0.8302,ns
M5vsM6_raw_24m,equal_width,Absolute Mortality,ETmax,Mid,21,-0.00036,52.4,0.3511,0.8195,ns
M5vsM6_raw_24m,equal_width,Absolute Mortality,GPPsat,Mid,21,0.0659,33.3,0.9178,0.9869,ns
M5vsM6_raw_24m,equal_width,Absolute Mortality,NEPmax,Mid,21,-0.05282,57.1,0.3257,0.8195,ns
M5vsM6_raw_24m,equal_width,Absolute Mortality,WUE,Mid,21,0.00762,42.9,0.7778,0.9735,ns
M5vsM6_raw_24m,equal_width,Absolute Mortality,uWUE,Mid,21,0.00288,47.6,0.6617,0.9154,ns
M5vsM6_raw_24m,equal_width,Absolute Mortality,ETmax,Low,41,0.00027,41.5,0.7498,0.9735,ns
M5vsM6_raw_24m,equal_width,Absolute Mortality,GPPsat,Low,41,-0.065,51.2,0.3928,0.8195,ns
M5vsM6_raw_24m,equal_width,Absolute Mortality,NEPmax,Low,41,-0.03492,61,0.1891,0.8195,ns
M5vsM6_raw_24m,equal_width,Absolute Mortality,WUE,Low,41,-0.00475,53.7,0.2184,0.8195,ns
M5vsM6_raw_24m,equal_width,Absolute Mortality,uWUE,Low,41,-0.00176,56.1,0.2461,0.8195,ns
M5vsM6_raw_24m,equal_width,Absolute Mortality,ETmax,High,3,-0.00144,66.7,,,""
M5vsM6_raw_24m,equal_width,Absolute Mortality,GPPsat,High,3,0.39254,0,,,""
M5vsM6_raw_24m,equal_width,Absolute Mortality,NEPmax,High,3,0.05077,0,,,""
M5vsM6_raw_24m,equal_width,Absolute Mortality,WUE,High,3,-0.01072,66.7,,,""
M5vsM6_raw_24m,equal_width,Absolute Mortality,uWUE,High,3,0.03985,0,,,""
M5vsM6_raw_24m,equal_width,Relative Mortality,ETmax,Mid,26,-2e-04,53.8,0.1672,0.8195,ns
M5vsM6_raw_24m,equal_width,Relative Mortality,GPPsat,Mid,26,0.06894,34.6,0.8263,0.9735,ns
M5vsM6_raw_24m,equal_width,Relative Mortality,NEPmax,Mid,26,-0.01094,57.7,0.1939,0.8195,ns
M5vsM6_raw_24m,equal_width,Relative Mortality,WUE,Mid,26,0.00638,42.3,0.6389,0.9154,ns
M5vsM6_raw_24m,equal_width,Relative Mortality,uWUE,Mid,26,-0.00111,53.8,0.5,0.9091,ns
M5vsM6_raw_24m,equal_width,Relative Mortality,ETmax,Low,32,0.00026,40.6,0.8275,0.9735,ns
M5vsM6_raw_24m,equal_width,Relative Mortality,GPPsat,Low,32,-0.0721,53.1,0.4076,0.8195,ns
M5vsM6_raw_24m,equal_width,Relative Mortality,NEPmax,Low,32,-0.03493,59.4,0.3101,0.8195,ns
M5vsM6_raw_24m,equal_width,Relative Mortality,WUE,Low,32,-0.00494,56.2,0.2358,0.8195,ns
M5vsM6_raw_24m,equal_width,Relative Mortality,uWUE,Low,32,-0.00142,53.1,0.3035,0.8195,ns
M5vsM6_raw_24m,equal_width,Relative Mortality,ETmax,High,7,0.00152,42.9,0.6637,0.9154,ns
M5vsM6_raw_24m,equal_width,Relative Mortality,GPPsat,High,7,0.17603,28.6,0.962,0.9869,ns
M5vsM6_raw_24m,equal_width,Relative Mortality,NEPmax,High,7,0.04723,42.9,0.6637,0.9154,ns
M5vsM6_raw_24m,equal_width,Relative Mortality,WUE,High,7,-0.00034,57.1,0.3999,0.8195,ns
M5vsM6_raw_24m,equal_width,Relative Mortality,uWUE,High,7,0.03985,28.6,0.8641,0.9869,ns
M5vsM6_raw_24m,equal_width,Relative Disturbance,ETmax,Mid,27,-0.00036,59.3,0.07994,0.8195,ns
M5vsM6_raw_24m,equal_width,Relative Disturbance,GPPsat,Mid,27,0.05464,37,0.7964,0.9735,ns
M5vsM6_raw_24m,equal_width,Relative Disturbance,NEPmax,Mid,27,-0.01393,59.3,0.1969,0.8195,ns
M5vsM6_raw_24m,equal_width,Relative Disturbance,WUE,Mid,27,-0.00034,51.9,0.4097,0.8195,ns
M5vsM6_raw_24m,equal_width,Relative Disturbance,uWUE,Mid,27,-0.00295,59.3,0.1713,0.8195,ns
M5vsM6_raw_24m,equal_width,Relative Disturbance,ETmax,High,9,0.00132,44.4,0.5936,0.9154,ns
M5vsM6_raw_24m,equal_width,Relative Disturbance,GPPsat,High,9,0.19575,22.2,0.9622,0.9869,ns
M5vsM6_raw_24m,equal_width,Relative Disturbance,NEPmax,High,9,0.04723,44.4,0.6389,0.9154,ns
M5vsM6_raw_24m,equal_width,Relative Disturbance,WUE,High,9,0.01028,33.3,0.6389,0.9154,ns
M5vsM6_raw_24m,equal_width,Relative Disturbance,uWUE,High,9,0.04134,11.1,0.9936,0.9936,ns
M5vsM6_raw_24m,equal_width,Relative Disturbance,ETmax,Low,29,0.00039,34.5,0.9064,0.9869,ns
M5vsM6_raw_24m,equal_width,Relative Disturbance,GPPsat,Low,29,-0.07457,55.2,0.4313,0.8216,ns
M5vsM6_raw_24m,equal_width,Relative Disturbance,NEPmax,Low,29,-0.03492,58.6,0.381,0.8195,ns
M5vsM6_raw_24m,equal_width,Relative Disturbance,WUE,Low,29,-0.00513,55.2,0.2653,0.8195,ns
M5vsM6_raw_24m,equal_width,Relative Disturbance,uWUE,Low,29,-0.00233,55.2,0.1935,0.8195,ns
M5vsM6_raw_24m,natural_breaks,Absolute Mortality,ETmax,High,14,0.00096,28.6,0.8424,0.9593,ns
M5vsM6_raw_24m,natural_breaks,Absolute Mortality,GPPsat,High,14,0.12097,42.9,0.8954,0.9593,ns
M5vsM6_raw_24m,natural_breaks,Absolute Mortality,NEPmax,High,14,0.01665,50,0.5747,0.8993,ns
M5vsM6_raw_24m,natural_breaks,Absolute Mortality,WUE,High,14,0.00749,42.9,0.5991,0.8993,ns
M5vsM6_raw_24m,natural_breaks,Absolute Mortality,uWUE,High,14,0.01201,42.9,0.6698,0.9134,ns
M5vsM6_raw_24m,natural_breaks,Absolute Mortality,ETmax,Mid,32,-0.00013,53.1,0.3167,0.8616,ns
M5vsM6_raw_24m,natural_breaks,Absolute Mortality,GPPsat,Mid,32,0.10315,31.2,0.9408,0.9693,ns
M5vsM6_raw_24m,natural_breaks,Absolute Mortality,NEPmax,Mid,32,-0.02156,59.4,0.2475,0.8616,ns
M5vsM6_raw_24m,natural_breaks,Absolute Mortality,WUE,Mid,32,0.00567,43.8,0.7525,0.9407,ns
M5vsM6_raw_24m,natural_breaks,Absolute Mortality,uWUE,Mid,32,0.00119,50,0.7525,0.9407,ns
M5vsM6_raw_24m,natural_breaks,Absolute Mortality,ETmax,Low,19,0.00017,47.4,0.4759,0.8993,ns
M5vsM6_raw_24m,natural_breaks,Absolute Mortality,GPPsat,Low,19,-0.09031,63.2,0.1257,0.8616,ns
M5vsM6_raw_24m,natural_breaks,Absolute Mortality,NEPmax,Low,19,-0.03494,57.9,0.2664,0.8616,ns
M5vsM6_raw_24m,natural_breaks,Absolute Mortality,WUE,Low,19,-0.01915,68.4,0.02319,0.8616,ns
M5vsM6_raw_24m,natural_breaks,Absolute Mortality,uWUE,Low,19,-0.00233,57.9,0.1342,0.8616,ns
M5vsM6_raw_24m,natural_breaks,Relative Mortality,ETmax,High,23,0.00044,39.1,0.5182,0.8993,ns
M5vsM6_raw_24m,natural_breaks,Relative Mortality,GPPsat,High,23,0.17784,30.4,0.9693,0.9693,ns
M5vsM6_raw_24m,natural_breaks,Relative Mortality,NEPmax,High,23,-0.00796,52.2,0.5424,0.8993,ns
M5vsM6_raw_24m,natural_breaks,Relative Mortality,WUE,High,23,0.00769,43.5,0.7234,0.9407,ns
M5vsM6_raw_24m,natural_breaks,Relative Mortality,uWUE,High,23,0.01722,39.1,0.8852,0.9593,ns
M5vsM6_raw_24m,natural_breaks,Relative Mortality,ETmax,Mid,18,-3e-04,61.1,0.3475,0.8616,ns
M5vsM6_raw_24m,natural_breaks,Relative Mortality,GPPsat,Mid,18,0.0364,44.4,0.6031,0.8993,ns
M5vsM6_raw_24m,natural_breaks,Relative Mortality,NEPmax,Mid,18,-0.04039,61.1,0.3638,0.8616,ns
M5vsM6_raw_24m,natural_breaks,Relative Mortality,WUE,Mid,18,0.00311,44.4,0.4653,0.8993,ns
M5vsM6_raw_24m,natural_breaks,Relative Mortality,uWUE,Mid,18,-0.00479,66.7,0.169,0.8616,ns
M5vsM6_raw_24m,natural_breaks,Relative Mortality,ETmax,Low,24,0.00023,41.7,0.6395,0.8993,ns
M5vsM6_raw_24m,natural_breaks,Relative Mortality,GPPsat,Low,24,-0.0721,54.2,0.2986,0.8616,ns
M5vsM6_raw_24m,natural_breaks,Relative Mortality,NEPmax,Low,24,-0.02158,58.3,0.2245,0.8616,ns
M5vsM6_raw_24m,natural_breaks,Relative Mortality,WUE,Low,24,-0.00745,62.5,0.1179,0.8616,ns
M5vsM6_raw_24m,natural_breaks,Relative Mortality,uWUE,Low,24,2e-04,50,0.3393,0.8616,ns
M5vsM6_raw_24m,natural_breaks,Relative Disturbance,ETmax,High,22,0.00036,45.5,0.3247,0.8616,ns
M5vsM6_raw_24m,natural_breaks,Relative Disturbance,GPPsat,High,22,0.18589,31.8,0.9573,0.9693,ns
M5vsM6_raw_24m,natural_breaks,Relative Disturbance,NEPmax,High,22,0.049,45.5,0.7915,0.9593,ns
M5vsM6_raw_24m,natural_breaks,Relative Disturbance,WUE,High,22,0.00653,45.5,0.6273,0.8993,ns
M5vsM6_raw_24m,natural_breaks,Relative Disturbance,uWUE,High,22,0.01201,40.9,0.8721,0.9593,ns
M5vsM6_raw_24m,natural_breaks,Relative Disturbance,ETmax,Mid,20,-3e-04,60,0.2449,0.8616,ns
M5vsM6_raw_24m,natural_breaks,Relative Disturbance,GPPsat,Mid,20,0.0364,45,0.5223,0.8993,ns
M5vsM6_raw_24m,natural_breaks,Relative Disturbance,NEPmax,Mid,20,-0.09441,70,0.0865,0.8616,ns
M5vsM6_raw_24m,natural_breaks,Relative Disturbance,WUE,Mid,20,-0.00189,50,0.448,0.8993,ns
M5vsM6_raw_24m,natural_breaks,Relative Disturbance,uWUE,Mid,20,-0.00236,55,0.5372,0.8993,ns
M5vsM6_raw_24m,natural_breaks,Relative Disturbance,ETmax,Low,23,0.00039,34.8,0.8385,0.9593,ns
M5vsM6_raw_24m,natural_breaks,Relative Disturbance,GPPsat,Low,23,-0.06962,52.2,0.4576,0.8993,ns
M5vsM6_raw_24m,natural_breaks,Relative Disturbance,NEPmax,Low,23,-0.00821,56.5,0.3407,0.8616,ns
M5vsM6_raw_24m,natural_breaks,Relative Disturbance,WUE,Low,23,-0.00978,56.5,0.2665,0.8616,ns
M5vsM6_raw_24m,natural_breaks,Relative Disturbance,uWUE,Low,23,-0.00233,56.5,0.1208,0.8616,ns
M5vsM6_anom_12m,tertiles,Absolute Mortality,ETmax,High,22,-0.00088,54.5,0.2581,0.8534,ns
M5vsM6_anom_12m,tertiles,Absolute Mortality,GPPsat,High,22,-0.72274,63.6,0.2085,0.8534,ns
M5vsM6_anom_12m,tertiles,Absolute Mortality,NEPmax,High,22,-1.06166,63.6,0.05958,0.8534,ns
M5vsM6_anom_12m,tertiles,Absolute Mortality,WUE,High,22,-0.00517,50,0.4101,0.8534,ns
M5vsM6_anom_12m,tertiles,Absolute Mortality,uWUE,High,22,-0.00761,50,0.4741,0.8534,ns
M5vsM6_anom_12m,tertiles,Absolute Mortality,ETmax,Mid,21,0.00209,38.1,0.9451,0.9543,ns
M5vsM6_anom_12m,tertiles,Absolute Mortality,GPPsat,Mid,21,-0.04631,52.4,0.4585,0.8534,ns
M5vsM6_anom_12m,tertiles,Absolute Mortality,NEPmax,Mid,21,0.03124,47.6,0.7565,0.9543,ns
M5vsM6_anom_12m,tertiles,Absolute Mortality,WUE,Mid,21,0.0035,47.6,0.3641,0.8534,ns
M5vsM6_anom_12m,tertiles,Absolute Mortality,uWUE,Mid,21,-0.00332,52.4,0.4447,0.8534,ns
M5vsM6_anom_12m,tertiles,Absolute Mortality,ETmax,Low,22,0.00176,45.5,0.6025,0.9543,ns
M5vsM6_anom_12m,tertiles,Absolute Mortality,GPPsat,Low,22,0.22733,36.4,0.7821,0.9543,ns
M5vsM6_anom_12m,tertiles,Absolute Mortality,NEPmax,Low,22,-0.34362,54.5,0.2085,0.8534,ns
M5vsM6_anom_12m,tertiles,Absolute Mortality,WUE,Low,22,0.0144,40.9,0.8183,0.9543,ns
M5vsM6_anom_12m,tertiles,Absolute Mortality,uWUE,Low,22,0.02946,27.3,0.9543,0.9543,ns
M5vsM6_anom_12m,tertiles,Relative Mortality,ETmax,High,22,-0.00049,54.5,0.3131,0.8534,ns
M5vsM6_anom_12m,tertiles,Relative Mortality,GPPsat,High,22,-0.53384,68.2,0.2085,0.8534,ns
M5vsM6_anom_12m,tertiles,Relative Mortality,NEPmax,High,22,-1.06166,63.6,0.09158,0.8534,ns
M5vsM6_anom_12m,tertiles,Relative Mortality,WUE,High,22,0.00219,45.5,0.4612,0.8534,ns
M5vsM6_anom_12m,tertiles,Relative Mortality,uWUE,High,22,-0.0042,50,0.3727,0.8534,ns
M5vsM6_anom_12m,tertiles,Relative Mortality,ETmax,Mid,21,0.00222,33.3,0.9524,0.9543,ns
M5vsM6_anom_12m,tertiles,Relative Mortality,GPPsat,Mid,21,0.44329,33.3,0.9067,0.9543,ns
M5vsM6_anom_12m,tertiles,Relative Mortality,NEPmax,Mid,21,0.16529,38.1,0.8743,0.9543,ns
M5vsM6_anom_12m,tertiles,Relative Mortality,WUE,Mid,21,-0.01204,57.1,0.2658,0.8534,ns
M5vsM6_anom_12m,tertiles,Relative Mortality,uWUE,Mid,21,8e-04,47.6,0.6743,0.9543,ns
M5vsM6_anom_12m,tertiles,Relative Mortality,ETmax,Low,22,0.00055,50,0.6025,0.9543,ns
M5vsM6_anom_12m,tertiles,Relative Mortality,GPPsat,Low,22,0.03926,50,0.2581,0.8534,ns
M5vsM6_anom_12m,tertiles,Relative Mortality,NEPmax,Low,22,-0.83657,63.6,0.04889,0.8534,ns
M5vsM6_anom_12m,tertiles,Relative Mortality,WUE,Low,22,0.0255,36.4,0.8096,0.9543,ns
M5vsM6_anom_12m,tertiles,Relative Mortality,uWUE,Low,22,0.0157,31.8,0.8788,0.9543,ns
M5vsM6_anom_12m,tertiles,Relative Disturbance,ETmax,High,22,-0.00049,54.5,0.3247,0.8534,ns
M5vsM6_anom_12m,tertiles,Relative Disturbance,GPPsat,High,22,-0.53384,68.2,0.2179,0.8534,ns
M5vsM6_anom_12m,tertiles,Relative Disturbance,NEPmax,High,22,-0.92818,59.1,0.142,0.8534,ns
M5vsM6_anom_12m,tertiles,Relative Disturbance,WUE,High,22,-0.00517,50,0.3605,0.8534,ns
M5vsM6_anom_12m,tertiles,Relative Disturbance,uWUE,High,22,0.00421,45.5,0.4483,0.8534,ns
M5vsM6_anom_12m,tertiles,Relative Disturbance,ETmax,Mid,21,0.00222,42.9,0.8594,0.9543,ns
M5vsM6_anom_12m,tertiles,Relative Disturbance,GPPsat,Mid,21,0.19254,42.9,0.6867,0.9543,ns
M5vsM6_anom_12m,tertiles,Relative Disturbance,NEPmax,Mid,21,-0.14607,52.4,0.3772,0.8534,ns
M5vsM6_anom_12m,tertiles,Relative Disturbance,WUE,Mid,21,-0.00239,52.4,0.1924,0.8534,ns
M5vsM6_anom_12m,tertiles,Relative Disturbance,uWUE,Mid,21,-0.00332,52.4,0.6867,0.9543,ns
M5vsM6_anom_12m,tertiles,Relative Disturbance,ETmax,Low,22,0.00158,40.9,0.7724,0.9543,ns
M5vsM6_anom_12m,tertiles,Relative Disturbance,GPPsat,Low,22,0.15253,40.9,0.5259,0.9102,ns
M5vsM6_anom_12m,tertiles,Relative Disturbance,NEPmax,Low,22,-0.68811,54.5,0.1732,0.8534,ns
M5vsM6_anom_12m,tertiles,Relative Disturbance,WUE,Low,22,0.0255,36.4,0.9136,0.9543,ns
M5vsM6_anom_12m,tertiles,Relative Disturbance,uWUE,Low,22,0.0157,31.8,0.8721,0.9543,ns
M5vsM6_anom_12m,equal_width,Absolute Mortality,ETmax,Mid,21,-6e-04,57.1,0.174,0.8675,ns
M5vsM6_anom_12m,equal_width,Absolute Mortality,GPPsat,Mid,21,-0.892,66.7,0.06751,0.8675,ns
M5vsM6_anom_12m,equal_width,Absolute Mortality,NEPmax,Mid,21,-1.0609,71.4,0.01193,0.4774,ns
M5vsM6_anom_12m,equal_width,Absolute Mortality,WUE,Mid,21,-0.01204,52.4,0.1924,0.8675,ns
M5vsM6_anom_12m,equal_width,Absolute Mortality,uWUE,Mid,21,-0.02399,57.1,0.2773,0.8675,ns
M5vsM6_anom_12m,equal_width,Absolute Mortality,ETmax,Low,41,0.00209,41.5,0.8675,0.8675,ns
M5vsM6_anom_12m,equal_width,Absolute Mortality,GPPsat,Low,41,0.14945,43.9,0.6655,0.8675,ns
M5vsM6_anom_12m,equal_width,Absolute Mortality,NEPmax,Low,41,0.03124,48.8,0.469,0.8675,ns
M5vsM6_anom_12m,equal_width,Absolute Mortality,WUE,Low,41,0.0075,43.9,0.6655,0.8675,ns
M5vsM6_anom_12m,equal_width,Absolute Mortality,uWUE,Low,41,0.01553,39,0.856,0.8675,ns
M5vsM6_anom_12m,equal_width,Absolute Mortality,ETmax,High,3,0.0065,33.3,,,""
M5vsM6_anom_12m,equal_width,Absolute Mortality,GPPsat,High,3,1.47422,33.3,,,""
M5vsM6_anom_12m,equal_width,Absolute Mortality,NEPmax,High,3,1.11227,33.3,,,""
M5vsM6_anom_12m,equal_width,Absolute Mortality,WUE,High,3,0.11188,33.3,,,""
M5vsM6_anom_12m,equal_width,Absolute Mortality,uWUE,High,3,0.03489,0,,,""
M5vsM6_anom_12m,equal_width,Relative Mortality,ETmax,Mid,26,5e-05,50,0.5203,0.8675,ns
M5vsM6_anom_12m,equal_width,Relative Mortality,GPPsat,Mid,26,0.07311,50,0.39,0.8675,ns
M5vsM6_anom_12m,equal_width,Relative Mortality,NEPmax,Mid,26,-0.4356,53.8,0.1374,0.8675,ns
M5vsM6_anom_12m,equal_width,Relative Mortality,WUE,Mid,26,-0.00722,53.8,0.161,0.8675,ns
M5vsM6_anom_12m,equal_width,Relative Mortality,uWUE,Mid,26,-0.00126,50,0.61,0.8675,ns
M5vsM6_anom_12m,equal_width,Relative Mortality,ETmax,Low,32,0.00158,43.8,0.7221,0.8675,ns
M5vsM6_anom_12m,equal_width,Relative Mortality,GPPsat,Low,32,0.03926,50,0.3577,0.8675,ns
M5vsM6_anom_12m,equal_width,Relative Mortality,NEPmax,Low,32,-0.41261,59.4,0.1411,0.8675,ns
M5vsM6_anom_12m,equal_width,Relative Mortality,WUE,Low,32,0.006,43.8,0.7345,0.8675,ns
M5vsM6_anom_12m,equal_width,Relative Mortality,uWUE,Low,32,0.0157,37.5,0.8275,0.8675,ns
M5vsM6_anom_12m,equal_width,Relative Mortality,ETmax,High,7,0.00036,42.9,0.7766,0.8675,ns
M5vsM6_anom_12m,equal_width,Relative Mortality,GPPsat,High,7,-0.47926,57.1,0.7766,0.8675,ns
M5vsM6_anom_12m,equal_width,Relative Mortality,NEPmax,High,7,0.27775,42.9,0.7229,0.8675,ns
M5vsM6_anom_12m,equal_width,Relative Mortality,WUE,High,7,0.04298,28.6,0.8237,0.8675,ns
M5vsM6_anom_12m,equal_width,Relative Mortality,uWUE,High,7,0.00762,42.9,0.4663,0.8675,ns
M5vsM6_anom_12m,equal_width,Relative Disturbance,ETmax,Mid,27,-0.00038,51.9,0.6272,0.8675,ns
M5vsM6_anom_12m,equal_width,Relative Disturbance,GPPsat,Mid,27,-0.04631,51.9,0.457,0.8675,ns
M5vsM6_anom_12m,equal_width,Relative Disturbance,NEPmax,Mid,27,-0.37952,51.9,0.2036,0.8675,ns
M5vsM6_anom_12m,equal_width,Relative Disturbance,WUE,Mid,27,-0.00239,51.9,0.2246,0.8675,ns
M5vsM6_anom_12m,equal_width,Relative Disturbance,uWUE,Mid,27,0.01553,44.4,0.8097,0.8675,ns
M5vsM6_anom_12m,equal_width,Relative Disturbance,ETmax,High,9,0.00036,44.4,0.4528,0.8675,ns
M5vsM6_anom_12m,equal_width,Relative Disturbance,GPPsat,High,9,-0.47926,55.6,0.4528,0.8675,ns
M5vsM6_anom_12m,equal_width,Relative Disturbance,NEPmax,High,9,-1.48787,55.6,0.3178,0.8675,ns
M5vsM6_anom_12m,equal_width,Relative Disturbance,WUE,High,9,0.00267,33.3,0.8284,0.8675,ns
M5vsM6_anom_12m,equal_width,Relative Disturbance,uWUE,High,9,-0.02399,55.6,0.2386,0.8675,ns
M5vsM6_anom_12m,equal_width,Relative Disturbance,ETmax,Low,29,0.00187,41.4,0.7623,0.8675,ns
M5vsM6_anom_12m,equal_width,Relative Disturbance,GPPsat,Low,29,0.08614,48.3,0.406,0.8675,ns
M5vsM6_anom_12m,equal_width,Relative Disturbance,NEPmax,Low,29,-0.28858,58.6,0.2056,0.8675,ns
M5vsM6_anom_12m,equal_width,Relative Disturbance,WUE,Low,29,0.00449,44.8,0.6829,0.8675,ns
M5vsM6_anom_12m,equal_width,Relative Disturbance,uWUE,Low,29,0.01073,37.9,0.7487,0.8675,ns
M5vsM6_anom_12m,natural_breaks,Absolute Mortality,ETmax,High,14,-0.00125,57.1,0.1897,0.904,ns
M5vsM6_anom_12m,natural_breaks,Absolute Mortality,GPPsat,High,14,-0.72274,64.3,0.2256,0.904,ns
M5vsM6_anom_12m,natural_breaks,Absolute Mortality,NEPmax,High,14,-1.57744,71.4,0.08363,0.904,ns
M5vsM6_anom_12m,natural_breaks,Absolute Mortality,WUE,High,14,0.00437,35.7,0.6922,0.9247,ns
M5vsM6_anom_12m,natural_breaks,Absolute Mortality,uWUE,High,14,-0.00818,50,0.5,0.904,ns
M5vsM6_anom_12m,natural_breaks,Absolute Mortality,ETmax,Mid,32,0.00198,40.6,0.9237,0.9247,ns
M5vsM6_anom_12m,natural_breaks,Absolute Mortality,GPPsat,Mid,32,-0.10471,56.2,0.2475,0.904,ns
M5vsM6_anom_12m,natural_breaks,Absolute Mortality,NEPmax,Mid,32,-0.0639,50,0.3438,0.904,ns
M5vsM6_anom_12m,natural_breaks,Absolute Mortality,WUE,Mid,32,-0.00722,53.1,0.3647,0.904,ns
M5vsM6_anom_12m,natural_breaks,Absolute Mortality,uWUE,Mid,32,0.00527,46.9,0.6833,0.9247,ns
M5vsM6_anom_12m,natural_breaks,Absolute Mortality,ETmax,Low,19,0.0013,47.4,0.5401,0.904,ns
M5vsM6_anom_12m,natural_breaks,Absolute Mortality,GPPsat,Low,19,0.29473,31.6,0.9175,0.9247,ns
M5vsM6_anom_12m,natural_breaks,Absolute Mortality,NEPmax,Low,19,-0.14607,52.6,0.3814,0.904,ns
M5vsM6_anom_12m,natural_breaks,Absolute Mortality,WUE,Low,19,0.0075,42.1,0.6925,0.9247,ns
M5vsM6_anom_12m,natural_breaks,Absolute Mortality,uWUE,Low,19,0.02066,31.6,0.8569,0.9247,ns
M5vsM6_anom_12m,natural_breaks,Relative Mortality,ETmax,High,23,-0.00038,52.2,0.3863,0.904,ns
M5vsM6_anom_12m,natural_breaks,Relative Mortality,GPPsat,High,23,-0.51419,65.2,0.2374,0.904,ns
M5vsM6_anom_12m,natural_breaks,Relative Mortality,NEPmax,High,23,-1.0609,60.9,0.09291,0.904,ns
M5vsM6_anom_12m,natural_breaks,Relative Mortality,WUE,High,23,0.00267,43.5,0.5424,0.904,ns
M5vsM6_anom_12m,natural_breaks,Relative Mortality,uWUE,High,23,0.00762,47.8,0.5182,0.904,ns
M5vsM6_anom_12m,natural_breaks,Relative Mortality,ETmax,Mid,18,0.00241,38.9,0.9247,0.9247,ns
M5vsM6_anom_12m,natural_breaks,Relative Mortality,GPPsat,Mid,18,0.20825,38.9,0.7432,0.9247,ns
M5vsM6_anom_12m,natural_breaks,Relative Mortality,NEPmax,Mid,18,0.09827,44.4,0.6994,0.9247,ns
M5vsM6_anom_12m,natural_breaks,Relative Mortality,WUE,Mid,18,-0.01788,61.1,0.1288,0.904,ns
M5vsM6_anom_12m,natural_breaks,Relative Mortality,uWUE,Mid,18,-0.00333,55.6,0.4826,0.904,ns
M5vsM6_anom_12m,natural_breaks,Relative Mortality,ETmax,Low,24,0.00129,45.8,0.6607,0.9247,ns
M5vsM6_anom_12m,natural_breaks,Relative Mortality,GPPsat,Low,24,0.11564,45.8,0.4943,0.904,ns
M5vsM6_anom_12m,natural_breaks,Relative Mortality,NEPmax,Low,24,-0.68811,58.3,0.1485,0.904,ns
M5vsM6_anom_12m,natural_breaks,Relative Mortality,WUE,Low,24,0.0255,37.5,0.858,0.9247,ns
M5vsM6_anom_12m,natural_breaks,Relative Mortality,uWUE,Low,24,0.02658,29.2,0.9214,0.9247,ns
M5vsM6_anom_12m,natural_breaks,Relative Disturbance,ETmax,High,22,-0.00049,54.5,0.3247,0.904,ns
M5vsM6_anom_12m,natural_breaks,Relative Disturbance,GPPsat,High,22,-0.53384,68.2,0.2179,0.904,ns
M5vsM6_anom_12m,natural_breaks,Relative Disturbance,NEPmax,High,22,-0.92818,59.1,0.142,0.904,ns
M5vsM6_anom_12m,natural_breaks,Relative Disturbance,WUE,High,22,-0.00517,50,0.3605,0.904,ns
M5vsM6_anom_12m,natural_breaks,Relative Disturbance,uWUE,High,22,0.00421,45.5,0.4483,0.904,ns
M5vsM6_anom_12m,natural_breaks,Relative Disturbance,ETmax,Mid,20,0.00248,40,0.9075,0.9247,ns
M5vsM6_anom_12m,natural_breaks,Relative Disturbance,GPPsat,Mid,20,0.20825,40,0.6796,0.9247,ns
M5vsM6_anom_12m,natural_breaks,Relative Disturbance,NEPmax,Mid,20,-0.0639,50,0.4041,0.904,ns
M5vsM6_anom_12m,natural_breaks,Relative Disturbance,WUE,Mid,20,0.00055,50,0.2941,0.904,ns
M5vsM6_anom_12m,natural_breaks,Relative Disturbance,uWUE,Mid,20,-0.00333,55,0.6662,0.9247,ns
M5vsM6_anom_12m,natural_breaks,Relative Disturbance,ETmax,Low,23,0.0013,43.5,0.7234,0.9247,ns
M5vsM6_anom_12m,natural_breaks,Relative Disturbance,GPPsat,Low,23,0.14513,43.5,0.5424,0.904,ns
M5vsM6_anom_12m,natural_breaks,Relative Disturbance,NEPmax,Low,23,-0.54118,56.5,0.1768,0.904,ns
M5vsM6_anom_12m,natural_breaks,Relative Disturbance,WUE,Low,23,0.0213,39.1,0.8599,0.9247,ns
M5vsM6_anom_12m,natural_breaks,Relative Disturbance,uWUE,Low,23,0.02066,30.4,0.8966,0.9247,ns
M5vsM6_anom_24m,tertiles,Absolute Mortality,ETmax,High,22,-0.00107,54.5,0.2687,0.6172,ns
M5vsM6_anom_24m,tertiles,Absolute Mortality,GPPsat,High,22,-0.74982,68.2,0.1348,0.6172,ns
M5vsM6_anom_24m,tertiles,Absolute Mortality,NEPmax,High,22,-0.73925,72.7,0.08635,0.6172,ns
M5vsM6_anom_24m,tertiles,Absolute Mortality,WUE,High,22,-0.01976,59.1,0.2795,0.6172,ns
M5vsM6_anom_24m,tertiles,Absolute Mortality,uWUE,High,22,-0.00872,68.2,0.2795,0.6172,ns
M5vsM6_anom_24m,tertiles,Absolute Mortality,ETmax,Mid,21,0.00121,42.9,0.8813,0.9781,ns
M5vsM6_anom_24m,tertiles,Absolute Mortality,GPPsat,Mid,21,-0.22073,66.7,0.2021,0.6172,ns
M5vsM6_anom_24m,tertiles,Absolute Mortality,NEPmax,Mid,21,-0.15494,57.1,0.6867,0.9781,ns
M5vsM6_anom_24m,tertiles,Absolute Mortality,WUE,Mid,21,0.00562,47.6,0.2435,0.6172,ns
M5vsM6_anom_24m,tertiles,Absolute Mortality,uWUE,Mid,21,0.00701,42.9,0.6095,0.9458,ns
M5vsM6_anom_24m,tertiles,Absolute Mortality,ETmax,Low,22,0.00071,40.9,0.6516,0.9774,ns
M5vsM6_anom_24m,tertiles,Absolute Mortality,GPPsat,Low,22,0.1711,31.8,0.7205,0.9781,ns
M5vsM6_anom_24m,tertiles,Absolute Mortality,NEPmax,Low,22,-0.65711,59.1,0.1348,0.6172,ns
M5vsM6_anom_24m,tertiles,Absolute Mortality,WUE,Low,22,0.01087,31.8,0.9442,0.9781,ns
M5vsM6_anom_24m,tertiles,Absolute Mortality,uWUE,Low,22,0.00998,36.4,0.8788,0.9781,ns
M5vsM6_anom_24m,tertiles,Relative Mortality,ETmax,High,22,-0.00124,59.1,0.1904,0.6172,ns
M5vsM6_anom_24m,tertiles,Relative Mortality,GPPsat,High,22,-0.74982,72.7,0.1571,0.6172,ns
M5vsM6_anom_24m,tertiles,Relative Mortality,NEPmax,High,22,-0.82569,72.7,0.1279,0.6172,ns
M5vsM6_anom_24m,tertiles,Relative Mortality,WUE,High,22,-0.01991,54.5,0.1571,0.6172,ns
M5vsM6_anom_24m,tertiles,Relative Mortality,uWUE,High,22,-0.01301,63.6,0.2905,0.6172,ns
M5vsM6_anom_24m,tertiles,Relative Mortality,ETmax,Mid,21,0.00179,33.3,0.9781,0.9781,ns
M5vsM6_anom_24m,tertiles,Relative Mortality,GPPsat,Mid,21,0.03604,47.6,0.7342,0.9781,ns
M5vsM6_anom_24m,tertiles,Relative Mortality,NEPmax,Mid,21,0.03119,47.6,0.8348,0.9781,ns
M5vsM6_anom_24m,tertiles,Relative Mortality,WUE,Mid,21,-0.00756,52.4,0.5,0.8654,ns
M5vsM6_anom_24m,tertiles,Relative Mortality,uWUE,Mid,21,0.00701,42.9,0.8169,0.9781,ns
M5vsM6_anom_24m,tertiles,Relative Mortality,ETmax,Low,22,0.00024,45.5,0.4483,0.807,ns
M5vsM6_anom_24m,tertiles,Relative Mortality,GPPsat,Low,22,0.06779,45.5,0.2179,0.6172,ns
M5vsM6_anom_24m,tertiles,Relative Mortality,NEPmax,Low,22,-0.95868,68.2,0.03212,0.6172,ns
M5vsM6_anom_24m,tertiles,Relative Mortality,WUE,Low,22,0.01087,31.8,0.903,0.9781,ns
M5vsM6_anom_24m,tertiles,Relative Mortality,uWUE,Low,22,0.00478,40.9,0.8183,0.9781,ns
M5vsM6_anom_24m,tertiles,Relative Disturbance,ETmax,High,22,-0.00124,59.1,0.2477,0.6172,ns
M5vsM6_anom_24m,tertiles,Relative Disturbance,GPPsat,High,22,-0.74982,72.7,0.165,0.6172,ns
M5vsM6_anom_24m,tertiles,Relative Disturbance,NEPmax,High,22,-0.73925,68.2,0.2477,0.6172,ns
M5vsM6_anom_24m,tertiles,Relative Disturbance,WUE,High,22,-0.01991,59.1,0.08135,0.6172,ns
M5vsM6_anom_24m,tertiles,Relative Disturbance,uWUE,High,22,-0.01301,63.6,0.3017,0.6172,ns
M5vsM6_anom_24m,tertiles,Relative Disturbance,ETmax,Mid,21,0.00121,33.3,0.9369,0.9781,ns
M5vsM6_anom_24m,tertiles,Relative Disturbance,GPPsat,Mid,21,-0.00017,52.4,0.4039,0.7573,ns
M5vsM6_anom_24m,tertiles,Relative Disturbance,NEPmax,Mid,21,-0.23974,61.9,0.2545,0.6172,ns
M5vsM6_anom_24m,tertiles,Relative Disturbance,WUE,Mid,21,-0.00756,52.4,0.3905,0.7573,ns
M5vsM6_anom_24m,tertiles,Relative Disturbance,uWUE,Mid,21,0.00701,42.9,0.7979,0.9781,ns
M5vsM6_anom_24m,tertiles,Relative Disturbance,ETmax,Low,22,0.00071,45.5,0.5772,0.9277,ns
M5vsM6_anom_24m,tertiles,Relative Disturbance,GPPsat,Low,22,0.08983,40.9,0.5388,0.898,ns
M5vsM6_anom_24m,tertiles,Relative Disturbance,NEPmax,Low,22,-0.95868,59.1,0.1212,0.6172,ns
M5vsM6_anom_24m,tertiles,Relative Disturbance,WUE,Low,22,0.01472,27.3,0.9679,0.9781,ns
M5vsM6_anom_24m,tertiles,Relative Disturbance,uWUE,Low,22,0.00478,40.9,0.835,0.9781,ns
M5vsM6_anom_24m,equal_width,Absolute Mortality,ETmax,Mid,21,-0.00115,57.1,0.1119,0.4933,ns
M5vsM6_anom_24m,equal_width,Absolute Mortality,GPPsat,Mid,21,-1.01645,71.4,0.02796,0.3728,ns
M5vsM6_anom_24m,equal_width,Absolute Mortality,NEPmax,Mid,21,-0.82551,81,0.01193,0.3728,ns
M5vsM6_anom_24m,equal_width,Absolute Mortality,WUE,Mid,21,-0.02124,61.9,0.09329,0.4933,ns
M5vsM6_anom_24m,equal_width,Absolute Mortality,uWUE,Mid,21,-0.00636,66.7,0.2891,0.6838,ns
M5vsM6_anom_24m,equal_width,Absolute Mortality,ETmax,Low,41,0.00102,41.5,0.8501,0.9211,ns
M5vsM6_anom_24m,equal_width,Absolute Mortality,GPPsat,Low,41,0.05584,48.8,0.5103,0.8004,ns
M5vsM6_anom_24m,equal_width,Absolute Mortality,NEPmax,Low,41,-0.23974,56.1,0.3439,0.7643,ns
M5vsM6_anom_24m,equal_width,Absolute Mortality,WUE,Low,41,0.00779,39,0.7777,0.9145,ns
M5vsM6_anom_24m,equal_width,Absolute Mortality,uWUE,Low,41,0.00612,41.5,0.8002,0.9145,ns
M5vsM6_anom_24m,equal_width,Absolute Mortality,ETmax,High,3,0.00316,33.3,,,""
M5vsM6_anom_24m,equal_width,Absolute Mortality,GPPsat,High,3,1.21172,33.3,,,""
M5vsM6_anom_24m,equal_width,Absolute Mortality,NEPmax,High,3,1.66691,33.3,,,""
M5vsM6_anom_24m,equal_width,Absolute Mortality,WUE,High,3,0.12415,33.3,,,""
M5vsM6_anom_24m,equal_width,Absolute Mortality,uWUE,High,3,0.01331,33.3,,,""
M5vsM6_anom_24m,equal_width,Relative Mortality,ETmax,Mid,26,0.00018,50,0.4394,0.8004,ns
M5vsM6_anom_24m,equal_width,Relative Mortality,GPPsat,Mid,26,-0.2788,65.4,0.1319,0.4933,ns
M5vsM6_anom_24m,equal_width,Relative Mortality,NEPmax,Mid,26,-0.4464,65.4,0.1067,0.4933,ns
M5vsM6_anom_24m,equal_width,Relative Mortality,WUE,Mid,26,-0.01976,61.5,0.0224,0.3728,ns
M5vsM6_anom_24m,equal_width,Relative Mortality,uWUE,Mid,26,-0.00279,53.8,0.5203,0.8004,ns
M5vsM6_anom_24m,equal_width,Relative Mortality,ETmax,Low,32,0.00101,40.6,0.7406,0.9145,ns
M5vsM6_anom_24m,equal_width,Relative Mortality,GPPsat,Low,32,0.06138,46.9,0.2906,0.6838,ns
M5vsM6_anom_24m,equal_width,Relative Mortality,NEPmax,Low,32,-0.43927,62.5,0.1034,0.4933,ns
M5vsM6_anom_24m,equal_width,Relative Mortality,WUE,Low,32,0.01472,34.4,0.9408,0.9428,ns
M5vsM6_anom_24m,equal_width,Relative Mortality,uWUE,Low,32,0.00747,40.6,0.8861,0.9327,ns
M5vsM6_anom_24m,equal_width,Relative Mortality,ETmax,High,7,-0.00115,57.1,0.4663,0.8004,ns
M5vsM6_anom_24m,equal_width,Relative Mortality,GPPsat,High,7,-0.41887,57.1,0.7766,0.9145,ns
M5vsM6_anom_24m,equal_width,Relative Mortality,NEPmax,High,7,-0.51325,57.1,0.7766,0.9145,ns
M5vsM6_anom_24m,equal_width,Relative Mortality,WUE,High,7,0.00053,42.9,0.6001,0.889,ns
M5vsM6_anom_24m,equal_width,Relative Mortality,uWUE,High,7,-0.01326,71.4,0.2771,0.6838,ns
M5vsM6_anom_24m,equal_width,Relative Disturbance,ETmax,Mid,27,0.00051,48.1,0.6541,0.9145,ns
M5vsM6_anom_24m,equal_width,Relative Disturbance,GPPsat,Mid,27,-0.25817,63,0.1969,0.5813,ns
M5vsM6_anom_24m,equal_width,Relative Disturbance,NEPmax,Mid,27,-0.23981,66.7,0.148,0.4933,ns
M5vsM6_anom_24m,equal_width,Relative Disturbance,WUE,Mid,27,-0.01771,55.6,0.06977,0.4933,ns
M5vsM6_anom_24m,equal_width,Relative Disturbance,uWUE,Mid,27,0.003,44.4,0.852,0.9211,ns
M5vsM6_anom_24m,equal_width,Relative Disturbance,ETmax,High,9,-0.00115,66.7,0.2035,0.5813,ns
M5vsM6_anom_24m,equal_width,Relative Disturbance,GPPsat,High,9,-0.41887,66.7,0.4064,0.8004,ns
M5vsM6_anom_24m,equal_width,Relative Disturbance,NEPmax,High,9,-0.95007,66.7,0.5,0.8004,ns
M5vsM6_anom_24m,equal_width,Relative Disturbance,WUE,High,9,-0.03538,55.6,0.4528,0.8004,ns
M5vsM6_anom_24m,equal_width,Relative Disturbance,uWUE,High,9,-0.02293,77.8,0.1181,0.4933,ns
M5vsM6_anom_24m,equal_width,Relative Disturbance,ETmax,Low,29,0.00102,37.9,0.7555,0.9145,ns
M5vsM6_anom_24m,equal_width,Relative Disturbance,GPPsat,Low,29,0.06865,44.8,0.3728,0.7849,ns
M5vsM6_anom_24m,equal_width,Relative Disturbance,NEPmax,Low,29,-0.48509,58.6,0.1447,0.4933,ns
M5vsM6_anom_24m,equal_width,Relative Disturbance,WUE,Low,29,0.0115,34.5,0.9428,0.9428,ns
M5vsM6_anom_24m,equal_width,Relative Disturbance,uWUE,Low,29,0.00344,44.8,0.7882,0.9145,ns
M5vsM6_anom_24m,natural_breaks,Absolute Mortality,ETmax,High,14,-0.00144,71.4,0.05828,0.6829,ns
M5vsM6_anom_24m,natural_breaks,Absolute Mortality,GPPsat,High,14,-0.82678,71.4,0.2072,0.6829,ns
M5vsM6_anom_24m,natural_breaks,Absolute Mortality,NEPmax,High,14,-1.0862,78.6,0.1046,0.6829,ns
M5vsM6_anom_24m,natural_breaks,Absolute Mortality,WUE,High,14,-0.02846,57.1,0.3532,0.6998,ns
M5vsM6_anom_24m,natural_breaks,Absolute Mortality,uWUE,High,14,-0.01416,71.4,0.286,0.6829,ns
M5vsM6_anom_24m,natural_breaks,Absolute Mortality,ETmax,Mid,32,0.00135,40.6,0.8671,0.9694,ns
M5vsM6_anom_24m,natural_breaks,Absolute Mortality,GPPsat,Mid,32,-0.28208,65.6,0.1103,0.6829,ns
M5vsM6_anom_24m,natural_breaks,Absolute Mortality,NEPmax,Mid,32,-0.19734,59.4,0.3577,0.6998,ns
M5vsM6_anom_24m,natural_breaks,Absolute Mortality,WUE,Mid,32,-0.0108,53.1,0.2475,0.6829,ns
M5vsM6_anom_24m,natural_breaks,Absolute Mortality,uWUE,Mid,32,0.00278,43.8,0.792,0.9694,ns
M5vsM6_anom_24m,natural_breaks,Absolute Mortality,ETmax,Low,19,0.00102,36.8,0.6338,0.8947,ns
M5vsM6_anom_24m,natural_breaks,Absolute Mortality,GPPsat,Low,19,0.23117,26.3,0.8824,0.9694,ns
M5vsM6_anom_24m,natural_breaks,Absolute Mortality,NEPmax,Low,19,-0.48509,57.9,0.2664,0.6829,ns
M5vsM6_anom_24m,natural_breaks,Absolute Mortality,WUE,Low,19,0.0115,26.3,0.9564,0.9694,ns
M5vsM6_anom_24m,natural_breaks,Absolute Mortality,uWUE,Low,19,0.00612,42.1,0.8065,0.9694,ns
M5vsM6_anom_24m,natural_breaks,Relative Mortality,ETmax,High,23,-0.00115,60.9,0.1848,0.6829,ns
M5vsM6_anom_24m,natural_breaks,Relative Mortality,GPPsat,High,23,-0.63712,69.6,0.1768,0.6829,ns
M5vsM6_anom_24m,natural_breaks,Relative Mortality,NEPmax,High,23,-0.82551,69.6,0.1148,0.6829,ns
M5vsM6_anom_24m,natural_breaks,Relative Mortality,WUE,High,23,-0.01829,56.5,0.1335,0.6829,ns
M5vsM6_anom_24m,natural_breaks,Relative Mortality,uWUE,High,23,-0.01275,60.9,0.3187,0.6829,ns
M5vsM6_anom_24m,natural_breaks,Relative Mortality,ETmax,Mid,18,0.002,27.8,0.9694,0.9694,ns
M5vsM6_anom_24m,natural_breaks,Relative Mortality,GPPsat,Mid,18,-0.04321,55.6,0.3969,0.7145,ns
M5vsM6_anom_24m,natural_breaks,Relative Mortality,NEPmax,Mid,18,-0.10908,55.6,0.6684,0.9115,ns
M5vsM6_anom_24m,natural_breaks,Relative Mortality,WUE,Mid,18,-0.01264,55.6,0.3006,0.6829,ns
M5vsM6_anom_24m,natural_breaks,Relative Mortality,uWUE,Mid,18,6e-05,50,0.6362,0.8947,ns
M5vsM6_anom_24m,natural_breaks,Relative Mortality,ETmax,Low,24,0.00024,45.8,0.5171,0.831,ns
M5vsM6_anom_24m,natural_breaks,Relative Mortality,GPPsat,Low,24,0.07321,41.7,0.4376,0.7573,ns
M5vsM6_anom_24m,natural_breaks,Relative Mortality,NEPmax,Low,24,-0.7411,62.5,0.1018,0.6829,ns
M5vsM6_anom_24m,natural_breaks,Relative Mortality,WUE,Low,24,0.01472,29.2,0.9581,0.9694,ns
M5vsM6_anom_24m,natural_breaks,Relative Mortality,uWUE,Low,24,0.01187,37.5,0.9126,0.9694,ns
M5vsM6_anom_24m,natural_breaks,Relative Disturbance,ETmax,High,22,-0.00124,59.1,0.2477,0.6829,ns
M5vsM6_anom_24m,natural_breaks,Relative Disturbance,GPPsat,High,22,-0.74982,72.7,0.165,0.6829,ns
M5vsM6_anom_24m,natural_breaks,Relative Disturbance,NEPmax,High,22,-0.73925,68.2,0.2477,0.6829,ns
M5vsM6_anom_24m,natural_breaks,Relative Disturbance,WUE,High,22,-0.01991,59.1,0.08135,0.6829,ns
M5vsM6_anom_24m,natural_breaks,Relative Disturbance,uWUE,High,22,-0.01301,63.6,0.3017,0.6829,ns
M5vsM6_anom_24m,natural_breaks,Relative Disturbance,ETmax,Mid,20,0.00147,35,0.9347,0.9694,ns
M5vsM6_anom_24m,natural_breaks,Relative Disturbance,GPPsat,Mid,20,-0.04321,55,0.3897,0.7145,ns
M5vsM6_anom_24m,natural_breaks,Relative Disturbance,NEPmax,Mid,20,-0.19734,60,0.3071,0.6829,ns
M5vsM6_anom_24m,natural_breaks,Relative Disturbance,WUE,Mid,20,0.00011,50,0.4628,0.7714,ns
M5vsM6_anom_24m,natural_breaks,Relative Disturbance,uWUE,Mid,20,0.00479,45,0.7186,0.9511,ns
M5vsM6_anom_24m,natural_breaks,Relative Disturbance,ETmax,Low,23,4e-04,43.5,0.602,0.8947,ns
M5vsM6_anom_24m,natural_breaks,Relative Disturbance,GPPsat,Low,23,0.07777,39.1,0.5664,0.8789,ns
M5vsM6_anom_24m,natural_breaks,Relative Disturbance,NEPmax,Low,23,-0.75276,60.9,0.1208,0.6829,ns
M5vsM6_anom_24m,natural_breaks,Relative Disturbance,WUE,Low,23,0.0115,30.4,0.9482,0.9694,ns
M5vsM6_anom_24m,natural_breaks,Relative Disturbance,uWUE,Low,23,0.00612,39.1,0.8852,0.9694,ns
M7vsM8_raw_12m,tertiles,Absolute Mortality,ETmax,High,22,-0.00025,59.1,0.2795,0.7382,ns
M7vsM8_raw_12m,tertiles,Absolute Mortality,GPPsat,High,22,0.18504,36.4,0.928,0.9578,ns
M7vsM8_raw_12m,tertiles,Absolute Mortality,NEPmax,High,22,0.14828,27.3,0.9136,0.9578,ns
M7vsM8_raw_12m,tertiles,Absolute Mortality,WUE,High,22,-0.01045,59.1,0.2375,0.7382,ns
M7vsM8_raw_12m,tertiles,Absolute Mortality,uWUE,High,22,0.00034,45.5,0.3605,0.7382,ns
M7vsM8_raw_12m,tertiles,Absolute Mortality,ETmax,Mid,21,-8e-05,52.4,0.5826,0.789,ns
M7vsM8_raw_12m,tertiles,Absolute Mortality,GPPsat,Mid,21,-0.02823,57.1,0.3011,0.7382,ns
M7vsM8_raw_12m,tertiles,Absolute Mortality,NEPmax,Mid,21,0.01156,47.6,0.6867,0.8352,ns
M7vsM8_raw_12m,tertiles,Absolute Mortality,WUE,Mid,21,-0.00433,52.4,0.5415,0.789,ns
M7vsM8_raw_12m,tertiles,Absolute Mortality,uWUE,Mid,21,-0.01258,61.9,0.2021,0.7382,ns
M7vsM8_raw_12m,tertiles,Absolute Mortality,ETmax,Low,22,-0.00041,54.5,0.5899,0.789,ns
M7vsM8_raw_12m,tertiles,Absolute Mortality,GPPsat,Low,22,-0.01644,54.5,0.2276,0.7382,ns
M7vsM8_raw_12m,tertiles,Absolute Mortality,NEPmax,Low,22,-0.0203,59.1,0.3605,0.7382,ns
M7vsM8_raw_12m,tertiles,Absolute Mortality,WUE,Low,22,-0.02143,77.3,0.01363,0.5722,ns
M7vsM8_raw_12m,tertiles,Absolute Mortality,uWUE,Low,22,-0.0051,59.1,0.3975,0.7382,ns
M7vsM8_raw_12m,tertiles,Relative Mortality,ETmax,High,22,-9e-05,54.5,0.4871,0.7558,ns
M7vsM8_raw_12m,tertiles,Relative Mortality,GPPsat,High,22,0.08404,45.5,0.7915,0.8904,ns
M7vsM8_raw_12m,tertiles,Relative Mortality,NEPmax,High,22,0.10403,31.8,0.9365,0.9578,ns
M7vsM8_raw_12m,tertiles,Relative Mortality,WUE,High,22,-0.00873,59.1,0.3365,0.7382,ns
M7vsM8_raw_12m,tertiles,Relative Mortality,uWUE,High,22,-0.00549,50,0.3975,0.7382,ns
M7vsM8_raw_12m,tertiles,Relative Mortality,ETmax,Mid,21,-0.00018,57.1,0.431,0.746,ns
M7vsM8_raw_12m,tertiles,Relative Mortality,GPPsat,Mid,21,0.04881,42.9,0.7565,0.8904,ns
M7vsM8_raw_12m,tertiles,Relative Mortality,NEPmax,Mid,21,0.05222,42.9,0.6867,0.8352,ns
M7vsM8_raw_12m,tertiles,Relative Mortality,WUE,Mid,21,-0.00544,52.4,0.2658,0.7382,ns
M7vsM8_raw_12m,tertiles,Relative Mortality,uWUE,Mid,21,-0.01867,61.9,0.08762,0.7382,ns
M7vsM8_raw_12m,tertiles,Relative Mortality,ETmax,Low,22,-0.00064,54.5,0.4871,0.7558,ns
M7vsM8_raw_12m,tertiles,Relative Mortality,GPPsat,Low,22,-0.06227,59.1,0.1494,0.7382,ns
M7vsM8_raw_12m,tertiles,Relative Mortality,NEPmax,Low,22,-0.0203,59.1,0.4101,0.7382,ns
M7vsM8_raw_12m,tertiles,Relative Mortality,WUE,Low,22,-0.02143,77.3,0.03708,0.5722,ns
M7vsM8_raw_12m,tertiles,Relative Mortality,uWUE,Low,22,-0.00388,54.5,0.6149,0.7906,ns
M7vsM8_raw_12m,tertiles,Relative Disturbance,ETmax,High,22,-0.00019,54.5,0.3727,0.7382,ns
M7vsM8_raw_12m,tertiles,Relative Disturbance,GPPsat,High,22,0.18033,45.5,0.8429,0.9251,ns
M7vsM8_raw_12m,tertiles,Relative Disturbance,NEPmax,High,22,0.11711,27.3,0.9826,0.9826,ns
M7vsM8_raw_12m,tertiles,Relative Disturbance,WUE,High,22,-0.01045,59.1,0.2795,0.7382,ns
M7vsM8_raw_12m,tertiles,Relative Disturbance,uWUE,High,22,-0.01116,54.5,0.3365,0.7382,ns
M7vsM8_raw_12m,tertiles,Relative Disturbance,ETmax,Mid,21,-0.00032,66.7,0.1485,0.7382,ns
M7vsM8_raw_12m,tertiles,Relative Disturbance,GPPsat,Mid,21,0.04317,38.1,0.5961,0.789,ns
M7vsM8_raw_12m,tertiles,Relative Disturbance,NEPmax,Mid,21,0.05222,42.9,0.569,0.789,ns
M7vsM8_raw_12m,tertiles,Relative Disturbance,WUE,Mid,21,-0.0089,66.7,0.03814,0.5722,ns
M7vsM8_raw_12m,tertiles,Relative Disturbance,uWUE,Mid,21,-0.00201,52.4,0.2021,0.7382,ns
M7vsM8_raw_12m,tertiles,Relative Disturbance,ETmax,Low,22,0.00073,45.5,0.7821,0.8904,ns
M7vsM8_raw_12m,tertiles,Relative Disturbance,GPPsat,Low,22,-0.06408,63.6,0.1817,0.7382,ns
M7vsM8_raw_12m,tertiles,Relative Disturbance,NEPmax,Low,22,-0.0308,63.6,0.3365,0.7382,ns
M7vsM8_raw_12m,tertiles,Relative Disturbance,WUE,Low,22,-0.01838,63.6,0.2905,0.7382,ns
M7vsM8_raw_12m,tertiles,Relative Disturbance,uWUE,Low,22,-0.0051,59.1,0.4871,0.7558,ns
M7vsM8_raw_12m,equal_width,Absolute Mortality,ETmax,Mid,21,-0.00039,61.9,0.2658,0.7941,ns
M7vsM8_raw_12m,equal_width,Absolute Mortality,GPPsat,Mid,21,0.13989,42.9,0.7778,0.9275,ns
M7vsM8_raw_12m,equal_width,Absolute Mortality,NEPmax,Mid,21,0.11583,33.3,0.8169,0.9275,ns
M7vsM8_raw_12m,equal_width,Absolute Mortality,WUE,Mid,21,-0.01201,66.7,0.08222,0.4338,ns
M7vsM8_raw_12m,equal_width,Absolute Mortality,uWUE,Mid,21,0.00055,42.9,0.5,0.9096,ns
M7vsM8_raw_12m,equal_width,Absolute Mortality,ETmax,Low,41,-8e-05,51.2,0.6513,0.9096,ns
M7vsM8_raw_12m,equal_width,Absolute Mortality,GPPsat,Low,41,-0.02823,56.1,0.1891,0.6304,ns
M7vsM8_raw_12m,equal_width,Absolute Mortality,NEPmax,Low,41,-0.01307,53.7,0.531,0.9096,ns
M7vsM8_raw_12m,equal_width,Absolute Mortality,WUE,Low,41,-0.01386,65.9,0.05997,0.4338,ns
M7vsM8_raw_12m,equal_width,Absolute Mortality,uWUE,Low,41,-0.01121,63.4,0.09099,0.4338,ns
M7vsM8_raw_12m,equal_width,Absolute Mortality,ETmax,High,3,-0.00011,66.7,,,""
M7vsM8_raw_12m,equal_width,Absolute Mortality,GPPsat,High,3,0.50867,0,,,""
M7vsM8_raw_12m,equal_width,Absolute Mortality,NEPmax,High,3,0.64517,0,,,""
M7vsM8_raw_12m,equal_width,Absolute Mortality,WUE,High,3,0.02244,0,,,""
M7vsM8_raw_12m,equal_width,Absolute Mortality,uWUE,High,3,0.01665,33.3,,,""
M7vsM8_raw_12m,equal_width,Relative Mortality,ETmax,Mid,26,-0.00036,65.4,0.09761,0.4338,ns
M7vsM8_raw_12m,equal_width,Relative Mortality,GPPsat,Mid,26,0.02909,46.2,0.5101,0.9096,ns
M7vsM8_raw_12m,equal_width,Relative Mortality,NEPmax,Mid,26,0.10268,42.3,0.667,0.9096,ns
M7vsM8_raw_12m,equal_width,Relative Mortality,WUE,Mid,26,-0.01405,69.2,0.04208,0.4338,ns
M7vsM8_raw_12m,equal_width,Relative Mortality,uWUE,Mid,26,-0.01189,61.5,0.08914,0.4338,ns
M7vsM8_raw_12m,equal_width,Relative Mortality,ETmax,Low,32,6e-05,50,0.7283,0.9184,ns
M7vsM8_raw_12m,equal_width,Relative Mortality,GPPsat,Low,32,-0.02238,56.2,0.2779,0.7941,ns
M7vsM8_raw_12m,equal_width,Relative Mortality,NEPmax,Low,32,-0.01207,53.1,0.5558,0.9096,ns
M7vsM8_raw_12m,equal_width,Relative Mortality,WUE,Low,32,-0.00721,62.5,0.1678,0.6304,ns
M7vsM8_raw_12m,equal_width,Relative Mortality,uWUE,Low,32,-0.00388,53.1,0.4739,0.9096,ns
M7vsM8_raw_12m,equal_width,Relative Mortality,ETmax,High,7,0.00028,42.9,0.6637,0.9096,ns
M7vsM8_raw_12m,equal_width,Relative Mortality,GPPsat,High,7,0.31637,28.6,0.8641,0.9341,ns
M7vsM8_raw_12m,equal_width,Relative Mortality,NEPmax,High,7,0.18208,14.3,0.974,0.974,ns
M7vsM8_raw_12m,equal_width,Relative Mortality,WUE,High,7,0.00194,42.9,0.6001,0.9096,ns
M7vsM8_raw_12m,equal_width,Relative Mortality,uWUE,High,7,0.00013,42.9,0.5337,0.9096,ns
M7vsM8_raw_12m,equal_width,Relative Disturbance,ETmax,Mid,27,-0.00039,66.7,0.04749,0.4338,ns
M7vsM8_raw_12m,equal_width,Relative Disturbance,GPPsat,Mid,27,0.02085,48.1,0.4191,0.9096,ns
M7vsM8_raw_12m,equal_width,Relative Disturbance,NEPmax,Mid,27,0.08953,40.7,0.8347,0.9275,ns
M7vsM8_raw_12m,equal_width,Relative Disturbance,WUE,Mid,27,-0.01424,74.1,0.003438,0.1375,ns
M7vsM8_raw_12m,equal_width,Relative Disturbance,uWUE,Mid,27,-0.01258,66.7,0.007878,0.1576,ns
M7vsM8_raw_12m,equal_width,Relative Disturbance,ETmax,High,9,0.00102,44.4,0.6389,0.9096,ns
M7vsM8_raw_12m,equal_width,Relative Disturbance,GPPsat,High,9,0.31637,33.3,0.8284,0.9275,ns
M7vsM8_raw_12m,equal_width,Relative Disturbance,NEPmax,High,9,0.09222,33.3,0.6822,0.9096,ns
M7vsM8_raw_12m,equal_width,Relative Disturbance,WUE,High,9,0.02244,22.2,0.9037,0.9461,ns
M7vsM8_raw_12m,equal_width,Relative Disturbance,uWUE,High,9,0.03887,22.2,0.9224,0.9461,ns
M7vsM8_raw_12m,equal_width,Relative Disturbance,ETmax,Low,29,2e-04,48.3,0.7347,0.9184,ns
M7vsM8_raw_12m,equal_width,Relative Disturbance,GPPsat,Low,29,-0.02823,55.2,0.3486,0.9096,ns
M7vsM8_raw_12m,equal_width,Relative Disturbance,NEPmax,Low,29,-0.01307,51.7,0.6514,0.9096,ns
M7vsM8_raw_12m,equal_width,Relative Disturbance,WUE,Low,29,-0.0089,65.5,0.1762,0.6304,ns
M7vsM8_raw_12m,equal_width,Relative Disturbance,uWUE,Low,29,-0.00411,55.2,0.4398,0.9096,ns
M7vsM8_raw_12m,natural_breaks,Absolute Mortality,ETmax,High,14,0.00065,42.9,0.8424,0.9251,ns
M7vsM8_raw_12m,natural_breaks,Absolute Mortality,GPPsat,High,14,0.08404,42.9,0.7744,0.9251,ns
M7vsM8_raw_12m,natural_breaks,Absolute Mortality,NEPmax,High,14,0.11711,21.4,0.934,0.9553,ns
M7vsM8_raw_12m,natural_breaks,Absolute Mortality,WUE,High,14,-0.00275,50,0.5747,0.8078,ns
M7vsM8_raw_12m,natural_breaks,Absolute Mortality,uWUE,High,14,-0.00549,50,0.3532,0.7225,ns
M7vsM8_raw_12m,natural_breaks,Absolute Mortality,ETmax,Mid,32,-0.00028,56.2,0.2244,0.6793,ns
M7vsM8_raw_12m,natural_breaks,Absolute Mortality,GPPsat,Mid,32,0.04307,46.9,0.5924,0.8078,ns
M7vsM8_raw_12m,natural_breaks,Absolute Mortality,NEPmax,Mid,32,0.06623,43.8,0.8322,0.9251,ns
M7vsM8_raw_12m,natural_breaks,Absolute Mortality,WUE,Mid,32,-0.00717,59.4,0.2358,0.6793,ns
M7vsM8_raw_12m,natural_breaks,Absolute Mortality,uWUE,Mid,32,-0.01189,59.4,0.1103,0.6793,ns
M7vsM8_raw_12m,natural_breaks,Absolute Mortality,ETmax,Low,19,-0.00084,63.2,0.3968,0.744,ns
M7vsM8_raw_12m,natural_breaks,Absolute Mortality,GPPsat,Low,19,-0.03237,57.9,0.2283,0.6793,ns
M7vsM8_raw_12m,natural_breaks,Absolute Mortality,NEPmax,Low,19,-0.0243,63.2,0.2664,0.6793,ns
M7vsM8_raw_12m,natural_breaks,Absolute Mortality,WUE,Low,19,-0.0229,78.9,0.005304,0.2387,ns
M7vsM8_raw_12m,natural_breaks,Absolute Mortality,uWUE,Low,19,-0.00366,52.6,0.5719,0.8078,ns
M7vsM8_raw_12m,natural_breaks,Relative Mortality,ETmax,High,23,-7e-05,52.2,0.5544,0.8078,ns
M7vsM8_raw_12m,natural_breaks,Relative Mortality,GPPsat,High,23,0.13583,43.5,0.7985,0.9251,ns
M7vsM8_raw_12m,natural_breaks,Relative Mortality,NEPmax,High,23,0.09222,34.8,0.8966,0.9539,ns
M7vsM8_raw_12m,natural_breaks,Relative Mortality,WUE,High,23,-0.01001,60.9,0.2868,0.6793,ns
M7vsM8_raw_12m,natural_breaks,Relative Mortality,uWUE,High,23,-0.01111,52.2,0.3407,0.7225,ns
M7vsM8_raw_12m,natural_breaks,Relative Mortality,ETmax,Mid,18,-0.00031,61.1,0.271,0.6793,ns
M7vsM8_raw_12m,natural_breaks,Relative Mortality,GPPsat,Mid,18,0.08638,38.9,0.729,0.9112,ns
M7vsM8_raw_12m,natural_breaks,Relative Mortality,NEPmax,Mid,18,0.11927,33.3,0.9115,0.9539,ns
M7vsM8_raw_12m,natural_breaks,Relative Mortality,WUE,Mid,18,-0.00717,55.6,0.169,0.6793,ns
M7vsM8_raw_12m,natural_breaks,Relative Mortality,uWUE,Mid,18,-0.01886,66.7,0.05846,0.6793,ns
M7vsM8_raw_12m,natural_breaks,Relative Mortality,ETmax,Low,24,-0.00041,54.2,0.5285,0.8078,ns
M7vsM8_raw_12m,natural_breaks,Relative Mortality,GPPsat,Low,24,-0.06408,62.5,0.107,0.6793,ns
M7vsM8_raw_12m,natural_breaks,Relative Mortality,NEPmax,Low,24,-0.0308,62.5,0.251,0.6793,ns
M7vsM8_raw_12m,natural_breaks,Relative Mortality,WUE,Low,24,-0.01949,70.8,0.07864,0.6793,ns
M7vsM8_raw_12m,natural_breaks,Relative Mortality,uWUE,Low,24,-0.00164,50,0.7113,0.9112,ns
M7vsM8_raw_12m,natural_breaks,Relative Disturbance,ETmax,High,22,-0.00019,54.5,0.3727,0.7292,ns
M7vsM8_raw_12m,natural_breaks,Relative Disturbance,GPPsat,High,22,0.18033,45.5,0.8429,0.9251,ns
M7vsM8_raw_12m,natural_breaks,Relative Disturbance,NEPmax,High,22,0.11711,27.3,0.9826,0.9826,ns
M7vsM8_raw_12m,natural_breaks,Relative Disturbance,WUE,High,22,-0.01045,59.1,0.2795,0.6793,ns
M7vsM8_raw_12m,natural_breaks,Relative Disturbance,uWUE,High,22,-0.01116,54.5,0.3365,0.7225,ns
M7vsM8_raw_12m,natural_breaks,Relative Disturbance,ETmax,Mid,20,-0.00031,65,0.2111,0.6793,ns
M7vsM8_raw_12m,natural_breaks,Relative Disturbance,GPPsat,Mid,20,0.04025,40,0.552,0.8078,ns
M7vsM8_raw_12m,natural_breaks,Relative Disturbance,NEPmax,Mid,20,0.04319,45,0.4777,0.7961,ns
M7vsM8_raw_12m,natural_breaks,Relative Disturbance,WUE,Mid,20,-0.00817,65,0.05219,0.6793,ns
M7vsM8_raw_12m,natural_breaks,Relative Disturbance,uWUE,Mid,20,-0.00728,55,0.1902,0.6793,ns
M7vsM8_raw_12m,natural_breaks,Relative Disturbance,ETmax,Low,23,0.00043,47.8,0.7027,0.9112,ns
M7vsM8_raw_12m,natural_breaks,Relative Disturbance,GPPsat,Low,23,-0.03237,60.9,0.2281,0.6793,ns
M7vsM8_raw_12m,natural_breaks,Relative Disturbance,NEPmax,Low,23,-0.0243,60.9,0.4456,0.7961,ns
M7vsM8_raw_12m,natural_breaks,Relative Disturbance,WUE,Low,23,-0.01815,65.2,0.2469,0.6793,ns
M7vsM8_raw_12m,natural_breaks,Relative Disturbance,uWUE,Low,23,-0.00411,56.5,0.4697,0.7961,ns
M7vsM8_raw_24m,tertiles,Absolute Mortality,ETmax,High,22,-0.00025,54.5,0.3484,0.8252,ns
M7vsM8_raw_24m,tertiles,Absolute Mortality,GPPsat,High,22,0.14436,40.9,0.8268,0.8919,ns
M7vsM8_raw_24m,tertiles,Absolute Mortality,NEPmax,High,22,-0.00746,50,0.5129,0.8294,ns
M7vsM8_raw_24m,tertiles,Absolute Mortality,WUE,High,22,-0.00811,59.1,0.165,0.6186,ns
M7vsM8_raw_24m,tertiles,Absolute Mortality,uWUE,High,22,0.0075,45.5,0.7625,0.8798,ns
M7vsM8_raw_24m,tertiles,Absolute Mortality,ETmax,Mid,21,-0.00016,52.4,0.6617,0.8294,ns
M7vsM8_raw_24m,tertiles,Absolute Mortality,GPPsat,Mid,21,-0.01711,52.4,0.6489,0.8294,ns
M7vsM8_raw_24m,tertiles,Absolute Mortality,NEPmax,Mid,21,0.03474,42.9,0.6359,0.8294,ns
M7vsM8_raw_24m,tertiles,Absolute Mortality,WUE,Mid,21,-0.00536,71.4,0.1054,0.5271,ns
M7vsM8_raw_24m,tertiles,Absolute Mortality,uWUE,Mid,21,-0.00365,52.4,0.3133,0.7832,ns
M7vsM8_raw_24m,tertiles,Absolute Mortality,ETmax,Low,22,0.00026,45.5,0.6149,0.8294,ns
M7vsM8_raw_24m,tertiles,Absolute Mortality,GPPsat,Low,22,-0.09753,63.6,0.09158,0.5271,ns
M7vsM8_raw_24m,tertiles,Absolute Mortality,NEPmax,Low,22,-0.01686,59.1,0.3017,0.7832,ns
M7vsM8_raw_24m,tertiles,Absolute Mortality,WUE,Low,22,-0.0116,77.3,0.01481,0.3332,ns
M7vsM8_raw_24m,tertiles,Absolute Mortality,uWUE,Low,22,-0.0028,54.5,0.5517,0.8294,ns
M7vsM8_raw_24m,tertiles,Relative Mortality,ETmax,High,22,0.00025,45.5,0.6869,0.8354,ns
M7vsM8_raw_24m,tertiles,Relative Mortality,GPPsat,High,22,0.14436,40.9,0.8721,0.8919,ns
M7vsM8_raw_24m,tertiles,Relative Mortality,NEPmax,High,22,0.04495,40.9,0.7821,0.8798,ns
M7vsM8_raw_24m,tertiles,Relative Mortality,WUE,High,22,-0.00549,54.5,0.2581,0.7258,ns
M7vsM8_raw_24m,tertiles,Relative Mortality,uWUE,High,22,0.00042,50,0.7523,0.8798,ns
M7vsM8_raw_24m,tertiles,Relative Mortality,ETmax,Mid,21,-0.00036,61.9,0.3772,0.8294,ns
M7vsM8_raw_24m,tertiles,Relative Mortality,GPPsat,Mid,21,0.03896,47.6,0.6095,0.8294,ns
M7vsM8_raw_24m,tertiles,Relative Mortality,NEPmax,Mid,21,-0.03715,61.9,0.1054,0.5271,ns
M7vsM8_raw_24m,tertiles,Relative Mortality,WUE,Mid,21,-0.00941,76.2,0.03027,0.3405,ns
M7vsM8_raw_24m,tertiles,Relative Mortality,uWUE,Mid,21,-0.00365,52.4,0.1831,0.6186,ns
M7vsM8_raw_24m,tertiles,Relative Mortality,ETmax,Low,22,0.00026,45.5,0.5899,0.8294,ns
M7vsM8_raw_24m,tertiles,Relative Mortality,GPPsat,Low,22,-0.09753,68.2,0.1027,0.5271,ns
M7vsM8_raw_24m,tertiles,Relative Mortality,NEPmax,Low,22,0.018,50,0.5645,0.8294,ns
M7vsM8_raw_24m,tertiles,Relative Mortality,WUE,Low,22,-0.0116,77.3,0.02772,0.3405,ns
M7vsM8_raw_24m,tertiles,Relative Mortality,uWUE,Low,22,5e-04,50,0.6635,0.8294,ns
M7vsM8_raw_24m,tertiles,Relative Disturbance,ETmax,High,22,-8e-05,50,0.5129,0.8294,ns
M7vsM8_raw_24m,tertiles,Relative Disturbance,GPPsat,High,22,0.18189,36.4,0.9186,0.9186,ns
M7vsM8_raw_24m,tertiles,Relative Disturbance,NEPmax,High,22,0.04495,40.9,0.835,0.8919,ns
M7vsM8_raw_24m,tertiles,Relative Disturbance,WUE,High,22,-0.00549,54.5,0.2085,0.6255,ns
M7vsM8_raw_24m,tertiles,Relative Disturbance,uWUE,High,22,-0.00481,54.5,0.6149,0.8294,ns
M7vsM8_raw_24m,tertiles,Relative Disturbance,ETmax,Mid,21,-0.00036,61.9,0.1924,0.6186,ns
M7vsM8_raw_24m,tertiles,Relative Disturbance,GPPsat,Mid,21,-0.01851,52.4,0.4039,0.8294,ns
M7vsM8_raw_24m,tertiles,Relative Disturbance,NEPmax,Mid,21,-0.0588,61.9,0.09922,0.5271,ns
M7vsM8_raw_24m,tertiles,Relative Disturbance,WUE,Mid,21,-0.01093,85.7,0.003722,0.1675,ns
M7vsM8_raw_24m,tertiles,Relative Disturbance,uWUE,Mid,21,0.00154,47.6,0.4861,0.8294,ns
M7vsM8_raw_24m,tertiles,Relative Disturbance,ETmax,Low,22,0.00049,40.9,0.8721,0.8919,ns
M7vsM8_raw_24m,tertiles,Relative Disturbance,GPPsat,Low,22,-0.09753,68.2,0.1571,0.6186,ns
M7vsM8_raw_24m,tertiles,Relative Disturbance,NEPmax,Low,22,0.00366,50,0.5388,0.8294,ns
M7vsM8_raw_24m,tertiles,Relative Disturbance,WUE,Low,22,-0.00783,68.2,0.1494,0.6186,ns
M7vsM8_raw_24m,tertiles,Relative Disturbance,uWUE,Low,22,-0.00192,50,0.4741,0.8294,ns
M7vsM8_raw_24m,equal_width,Absolute Mortality,ETmax,Mid,21,-0.00023,52.4,0.4723,0.8174,ns
M7vsM8_raw_24m,equal_width,Absolute Mortality,GPPsat,Mid,21,0.06384,47.6,0.6743,0.8174,ns
M7vsM8_raw_24m,equal_width,Absolute Mortality,NEPmax,Mid,21,-0.03672,57.1,0.2222,0.6915,ns
M7vsM8_raw_24m,equal_width,Absolute Mortality,WUE,Mid,21,-0.00562,57.1,0.2327,0.6915,ns
M7vsM8_raw_24m,equal_width,Absolute Mortality,uWUE,Mid,21,0.00616,42.9,0.6989,0.8174,ns
M7vsM8_raw_24m,equal_width,Absolute Mortality,ETmax,Low,41,0.00028,46.3,0.7415,0.8174,ns
M7vsM8_raw_24m,equal_width,Absolute Mortality,GPPsat,Low,41,-0.02787,58.5,0.2071,0.6915,ns
M7vsM8_raw_24m,equal_width,Absolute Mortality,NEPmax,Low,41,-0.00078,51.2,0.5,0.8174,ns
M7vsM8_raw_24m,equal_width,Absolute Mortality,WUE,Low,41,-0.00884,75.6,0.006907,0.1475,ns
M7vsM8_raw_24m,equal_width,Absolute Mortality,uWUE,Low,41,-0.0044,56.1,0.242,0.6915,ns
M7vsM8_raw_24m,equal_width,Absolute Mortality,ETmax,High,3,-0.00125,100,,,""
M7vsM8_raw_24m,equal_width,Absolute Mortality,GPPsat,High,3,0.27773,0,,,""
M7vsM8_raw_24m,equal_width,Absolute Mortality,NEPmax,High,3,0.20887,0,,,""
M7vsM8_raw_24m,equal_width,Absolute Mortality,WUE,High,3,-0.02665,66.7,,,""
M7vsM8_raw_24m,equal_width,Absolute Mortality,uWUE,High,3,0.02247,33.3,,,""
M7vsM8_raw_24m,equal_width,Relative Mortality,ETmax,Mid,26,-0.00025,53.8,0.4495,0.8174,ns
M7vsM8_raw_24m,equal_width,Relative Mortality,GPPsat,Mid,26,0.03182,46.2,0.6389,0.8174,ns
M7vsM8_raw_24m,equal_width,Relative Mortality,NEPmax,Mid,26,-0.03923,57.7,0.1067,0.6598,ns
M7vsM8_raw_24m,equal_width,Relative Mortality,WUE,Mid,26,-0.00811,65.4,0.05479,0.5479,ns
M7vsM8_raw_24m,equal_width,Relative Mortality,uWUE,Mid,26,-0.00416,53.8,0.5505,0.8174,ns
M7vsM8_raw_24m,equal_width,Relative Mortality,ETmax,Low,32,0.00026,46.9,0.6833,0.8174,ns
M7vsM8_raw_24m,equal_width,Relative Mortality,GPPsat,Low,32,-0.03532,62.5,0.208,0.6915,ns
M7vsM8_raw_24m,equal_width,Relative Mortality,NEPmax,Low,32,-0.00682,53.1,0.5186,0.8174,ns
M7vsM8_raw_24m,equal_width,Relative Mortality,WUE,Low,32,-0.00834,71.9,0.03414,0.4552,ns
M7vsM8_raw_24m,equal_width,Relative Mortality,uWUE,Low,32,-0.00032,50,0.4149,0.8174,ns
M7vsM8_raw_24m,equal_width,Relative Mortality,ETmax,High,7,-0.00029,57.1,0.3999,0.8174,ns
M7vsM8_raw_24m,equal_width,Relative Mortality,GPPsat,High,7,0.1735,28.6,0.7766,0.8174,ns
M7vsM8_raw_24m,equal_width,Relative Mortality,NEPmax,High,7,0.20887,14.3,0.9827,0.9827,ns
M7vsM8_raw_24m,equal_width,Relative Mortality,WUE,High,7,-0.0131,71.4,0.3363,0.8174,ns
M7vsM8_raw_24m,equal_width,Relative Mortality,uWUE,High,7,0.01329,42.9,0.7229,0.8174,ns
M7vsM8_raw_24m,equal_width,Relative Disturbance,ETmax,Mid,27,-0.00023,55.6,0.3112,0.8174,ns
M7vsM8_raw_24m,equal_width,Relative Disturbance,GPPsat,Mid,27,0.02469,48.1,0.5996,0.8174,ns
M7vsM8_raw_24m,equal_width,Relative Disturbance,NEPmax,Mid,27,-0.03715,59.3,0.132,0.6598,ns
M7vsM8_raw_24m,equal_width,Relative Disturbance,WUE,Mid,27,-0.00835,77.8,0.007373,0.1475,ns
M7vsM8_raw_24m,equal_width,Relative Disturbance,uWUE,Mid,27,-0.00512,63,0.1269,0.6598,ns
M7vsM8_raw_24m,equal_width,Relative Disturbance,ETmax,High,9,-0.00029,55.6,0.4528,0.8174,ns
M7vsM8_raw_24m,equal_width,Relative Disturbance,GPPsat,High,9,0.1735,33.3,0.7614,0.8174,ns
M7vsM8_raw_24m,equal_width,Relative Disturbance,NEPmax,High,9,0.05517,33.3,0.7232,0.8174,ns
M7vsM8_raw_24m,equal_width,Relative Disturbance,WUE,High,9,0.00053,44.4,0.5472,0.8174,ns
M7vsM8_raw_24m,equal_width,Relative Disturbance,uWUE,High,9,0.02247,22.2,0.978,0.9827,ns
M7vsM8_raw_24m,equal_width,Relative Disturbance,ETmax,Low,29,0.00028,44.8,0.7203,0.8174,ns
M7vsM8_raw_24m,equal_width,Relative Disturbance,GPPsat,Low,29,-0.04276,62.1,0.2246,0.6915,ns
M7vsM8_raw_24m,equal_width,Relative Disturbance,NEPmax,Low,29,0.0081,48.3,0.6829,0.8174,ns
M7vsM8_raw_24m,equal_width,Relative Disturbance,WUE,Low,29,-0.00784,69,0.07677,0.6142,ns
M7vsM8_raw_24m,equal_width,Relative Disturbance,uWUE,Low,29,0.00055,48.3,0.4741,0.8174,ns
M7vsM8_raw_24m,natural_breaks,Absolute Mortality,ETmax,High,14,0.00048,35.7,0.7551,0.8907,ns
M7vsM8_raw_24m,natural_breaks,Absolute Mortality,GPPsat,High,14,0.02352,50,0.55,0.8477,ns
M7vsM8_raw_24m,natural_breaks,Absolute Mortality,NEPmax,High,14,0.07106,35.7,0.8835,0.9036,ns
M7vsM8_raw_24m,natural_breaks,Absolute Mortality,WUE,High,14,-0.00675,57.1,0.3768,0.7707,ns
M7vsM8_raw_24m,natural_breaks,Absolute Mortality,uWUE,High,14,0.00357,50,0.5991,0.8477,ns
M7vsM8_raw_24m,natural_breaks,Absolute Mortality,ETmax,Mid,32,-0.00025,56.2,0.5335,0.8477,ns
M7vsM8_raw_24m,natural_breaks,Absolute Mortality,GPPsat,Mid,32,0.0514,43.8,0.8749,0.9036,ns
M7vsM8_raw_24m,natural_breaks,Absolute Mortality,NEPmax,Mid,32,-0.00866,53.1,0.2842,0.7707,ns
M7vsM8_raw_24m,natural_breaks,Absolute Mortality,WUE,Mid,32,-0.00685,65.6,0.09062,0.5097,ns
M7vsM8_raw_24m,natural_breaks,Absolute Mortality,uWUE,Mid,32,0.00187,43.8,0.6562,0.8477,ns
M7vsM8_raw_24m,natural_breaks,Absolute Mortality,ETmax,Low,19,-2e-04,52.6,0.3662,0.7707,ns
M7vsM8_raw_24m,natural_breaks,Absolute Mortality,GPPsat,Low,19,-0.11812,68.4,0.08881,0.5097,ns
M7vsM8_raw_24m,natural_breaks,Absolute Mortality,NEPmax,Low,19,-0.02087,57.9,0.3662,0.7707,ns
M7vsM8_raw_24m,natural_breaks,Absolute Mortality,WUE,Low,19,-0.01436,84.2,0.002005,0.09024,ns
M7vsM8_raw_24m,natural_breaks,Absolute Mortality,uWUE,Low,19,-0.00866,63.2,0.3363,0.7707,ns
M7vsM8_raw_24m,natural_breaks,Relative Mortality,ETmax,High,23,0.00042,43.5,0.7531,0.8907,ns
M7vsM8_raw_24m,natural_breaks,Relative Mortality,GPPsat,High,23,0.11521,39.1,0.873,0.9036,ns
M7vsM8_raw_24m,natural_breaks,Relative Mortality,NEPmax,High,23,0.03474,43.5,0.6481,0.8477,ns
M7vsM8_raw_24m,natural_breaks,Relative Mortality,WUE,High,23,-0.00536,52.2,0.3407,0.7707,ns
M7vsM8_raw_24m,natural_breaks,Relative Mortality,uWUE,High,23,0.00551,47.8,0.807,0.9036,ns
M7vsM8_raw_24m,natural_breaks,Relative Mortality,ETmax,Mid,18,-8e-04,66.7,0.271,0.7707,ns
M7vsM8_raw_24m,natural_breaks,Relative Mortality,GPPsat,Mid,18,0.06851,44.4,0.7144,0.8907,ns
M7vsM8_raw_24m,natural_breaks,Relative Mortality,NEPmax,Mid,18,-0.02974,61.1,0.243,0.7707,ns
M7vsM8_raw_24m,natural_breaks,Relative Mortality,WUE,Mid,18,-0.01017,83.3,0.01642,0.2463,ns
M7vsM8_raw_24m,natural_breaks,Relative Mortality,uWUE,Mid,18,-0.00439,55.6,0.1583,0.7121,ns
M7vsM8_raw_24m,natural_breaks,Relative Mortality,ETmax,Low,24,0.00026,45.8,0.607,0.8477,ns
M7vsM8_raw_24m,natural_breaks,Relative Mortality,GPPsat,Low,24,-0.09753,70.8,0.06319,0.4739,ns
M7vsM8_raw_24m,natural_breaks,Relative Mortality,NEPmax,Low,24,0.00366,50,0.4715,0.8477,ns
M7vsM8_raw_24m,natural_breaks,Relative Mortality,WUE,Low,24,-0.0116,75,0.02353,0.2647,ns
M7vsM8_raw_24m,natural_breaks,Relative Mortality,uWUE,Low,24,-0.00032,50,0.5737,0.8477,ns
M7vsM8_raw_24m,natural_breaks,Relative Disturbance,ETmax,High,22,-8e-05,50,0.5129,0.8477,ns
M7vsM8_raw_24m,natural_breaks,Relative Disturbance,GPPsat,High,22,0.18189,36.4,0.9186,0.9186,ns
M7vsM8_raw_24m,natural_breaks,Relative Disturbance,NEPmax,High,22,0.04495,40.9,0.835,0.9036,ns
M7vsM8_raw_24m,natural_breaks,Relative Disturbance,WUE,High,22,-0.00549,54.5,0.2085,0.7707,ns
M7vsM8_raw_24m,natural_breaks,Relative Disturbance,uWUE,High,22,-0.00481,54.5,0.6149,0.8477,ns
M7vsM8_raw_24m,natural_breaks,Relative Disturbance,ETmax,Mid,20,-0.00031,60,0.2814,0.7707,ns
M7vsM8_raw_24m,natural_breaks,Relative Disturbance,GPPsat,Mid,20,-0.02319,55,0.3475,0.7707,ns
M7vsM8_raw_24m,natural_breaks,Relative Disturbance,NEPmax,Mid,20,-0.06005,65,0.04833,0.4349,ns
M7vsM8_raw_24m,natural_breaks,Relative Disturbance,WUE,Mid,20,-0.01017,85,0.005275,0.1187,ns
M7vsM8_raw_24m,natural_breaks,Relative Disturbance,uWUE,Mid,20,0.0032,45,0.4777,0.8477,ns
M7vsM8_raw_24m,natural_breaks,Relative Disturbance,ETmax,Low,23,0.00028,43.5,0.7719,0.8907,ns
M7vsM8_raw_24m,natural_breaks,Relative Disturbance,GPPsat,Low,23,-0.07693,65.2,0.1768,0.7232,ns
M7vsM8_raw_24m,natural_breaks,Relative Disturbance,NEPmax,Low,23,0.0081,47.8,0.6593,0.8477,ns
M7vsM8_raw_24m,natural_breaks,Relative Disturbance,WUE,Low,23,-0.00784,69.6,0.1148,0.574,ns
M7vsM8_raw_24m,natural_breaks,Relative Disturbance,uWUE,Low,23,-0.0012,52.2,0.4576,0.8477,ns
M7vsM8_anom_12m,tertiles,Absolute Mortality,ETmax,High,22,0.00026,40.9,0.6516,0.7998,ns
M7vsM8_anom_12m,tertiles,Absolute Mortality,GPPsat,High,22,-0.32847,63.6,0.1148,0.6427,ns
M7vsM8_anom_12m,tertiles,Absolute Mortality,NEPmax,High,22,-0.48048,72.7,0.01607,0.3615,ns
M7vsM8_anom_12m,tertiles,Absolute Mortality,WUE,High,22,-0.01469,59.1,0.2687,0.7049,ns
M7vsM8_anom_12m,tertiles,Absolute Mortality,uWUE,High,22,0.00991,40.9,0.6273,0.7998,ns
M7vsM8_anom_12m,tertiles,Absolute Mortality,ETmax,Mid,21,-5e-05,57.1,0.7109,0.7998,ns
M7vsM8_anom_12m,tertiles,Absolute Mortality,GPPsat,Mid,21,0.07848,47.6,0.4174,0.7317,ns
M7vsM8_anom_12m,tertiles,Absolute Mortality,NEPmax,Mid,21,0.01398,47.6,0.6228,0.7998,ns
M7vsM8_anom_12m,tertiles,Absolute Mortality,WUE,Mid,21,-0.00552,52.4,0.3133,0.7049,ns
M7vsM8_anom_12m,tertiles,Absolute Mortality,uWUE,Mid,21,-0.01845,66.7,0.2021,0.6496,ns
M7vsM8_anom_12m,tertiles,Absolute Mortality,ETmax,Low,22,-3e-05,50,0.5,0.7459,ns
M7vsM8_anom_12m,tertiles,Absolute Mortality,GPPsat,Low,22,-0.01874,50,0.3017,0.7049,ns
M7vsM8_anom_12m,tertiles,Absolute Mortality,NEPmax,Low,22,-0.41723,68.2,0.04265,0.4704,ns
M7vsM8_anom_12m,tertiles,Absolute Mortality,WUE,Low,22,-0.00986,54.5,0.6516,0.7998,ns
M7vsM8_anom_12m,tertiles,Absolute Mortality,uWUE,Low,22,0.01415,45.5,0.7419,0.8143,ns
M7vsM8_anom_12m,tertiles,Relative Mortality,ETmax,High,22,-3e-05,50,0.3365,0.7182,ns
M7vsM8_anom_12m,tertiles,Relative Mortality,GPPsat,High,22,-0.20449,63.6,0.1494,0.6427,ns
M7vsM8_anom_12m,tertiles,Relative Mortality,NEPmax,High,22,-0.48048,63.6,0.04265,0.4704,ns
M7vsM8_anom_12m,tertiles,Relative Mortality,WUE,High,22,-0.01912,63.6,0.1027,0.6427,ns
M7vsM8_anom_12m,tertiles,Relative Mortality,uWUE,High,22,-0.01358,54.5,0.3851,0.722,ns
M7vsM8_anom_12m,tertiles,Relative Mortality,ETmax,Mid,21,0.00085,47.6,0.9557,0.9557,ns
M7vsM8_anom_12m,tertiles,Relative Mortality,GPPsat,Mid,21,0.14877,47.6,0.5139,0.7459,ns
M7vsM8_anom_12m,tertiles,Relative Mortality,NEPmax,Mid,21,-0.04079,57.1,0.5553,0.7809,ns
M7vsM8_anom_12m,tertiles,Relative Mortality,WUE,Mid,21,-0.00552,52.4,0.3511,0.7182,ns
M7vsM8_anom_12m,tertiles,Relative Mortality,uWUE,Mid,21,0.00077,47.6,0.7109,0.7998,ns
M7vsM8_anom_12m,tertiles,Relative Mortality,ETmax,Low,22,0.00018,50,0.4871,0.7459,ns
M7vsM8_anom_12m,tertiles,Relative Mortality,GPPsat,Low,22,-0.01874,50,0.1732,0.6496,ns
M7vsM8_anom_12m,tertiles,Relative Mortality,NEPmax,Low,22,-0.55175,68.2,0.01254,0.3615,ns
M7vsM8_anom_12m,tertiles,Relative Mortality,WUE,Low,22,-0.00243,50,0.7915,0.835,ns
M7vsM8_anom_12m,tertiles,Relative Mortality,uWUE,Low,22,0.0028,50,0.4228,0.7317,ns
M7vsM8_anom_12m,tertiles,Relative Disturbance,ETmax,High,22,0.00011,45.5,0.5129,0.7459,ns
M7vsM8_anom_12m,tertiles,Relative Disturbance,GPPsat,High,22,-0.15071,59.1,0.1993,0.6496,ns
M7vsM8_anom_12m,tertiles,Relative Disturbance,NEPmax,High,22,-0.35275,59.1,0.07201,0.5401,ns
M7vsM8_anom_12m,tertiles,Relative Disturbance,WUE,High,22,-0.01912,59.1,0.1571,0.6427,ns
M7vsM8_anom_12m,tertiles,Relative Disturbance,uWUE,High,22,-0.01358,54.5,0.3851,0.722,ns
M7vsM8_anom_12m,tertiles,Relative Disturbance,ETmax,Mid,21,-0.00053,57.1,0.7979,0.835,ns
M7vsM8_anom_12m,tertiles,Relative Disturbance,GPPsat,Mid,21,-0.25324,52.4,0.2773,0.7049,ns
M7vsM8_anom_12m,tertiles,Relative Disturbance,NEPmax,Mid,21,-0.06995,61.9,0.3011,0.7049,ns
M7vsM8_anom_12m,tertiles,Relative Disturbance,WUE,Mid,21,-0.01311,61.9,0.133,0.6427,ns
M7vsM8_anom_12m,tertiles,Relative Disturbance,uWUE,Mid,21,0.00077,47.6,0.4861,0.7459,ns
M7vsM8_anom_12m,tertiles,Relative Disturbance,ETmax,Low,22,0.00055,45.5,0.6635,0.7998,ns
M7vsM8_anom_12m,tertiles,Relative Disturbance,GPPsat,Low,22,-0.01874,50,0.3131,0.7049,ns
M7vsM8_anom_12m,tertiles,Relative Disturbance,NEPmax,Low,22,-0.55175,68.2,0.05226,0.4704,ns
M7vsM8_anom_12m,tertiles,Relative Disturbance,WUE,Low,22,0.00336,45.5,0.8721,0.8919,ns
M7vsM8_anom_12m,tertiles,Relative Disturbance,uWUE,Low,22,0.0028,50,0.6983,0.7998,ns
M7vsM8_anom_12m,equal_width,Absolute Mortality,ETmax,Mid,21,9e-05,47.6,0.4174,0.7259,ns
M7vsM8_anom_12m,equal_width,Absolute Mortality,GPPsat,Mid,21,-0.46159,71.4,0.03273,0.3188,ns
M7vsM8_anom_12m,equal_width,Absolute Mortality,NEPmax,Mid,21,-0.58895,76.2,0.003353,0.1341,ns
M7vsM8_anom_12m,equal_width,Absolute Mortality,WUE,Mid,21,-0.01484,61.9,0.1054,0.4469,ns
M7vsM8_anom_12m,equal_width,Absolute Mortality,uWUE,Mid,21,0.01096,38.1,0.7673,0.8588,ns
M7vsM8_anom_12m,equal_width,Absolute Mortality,ETmax,Low,41,-4e-05,51.2,0.733,0.8588,ns
M7vsM8_anom_12m,equal_width,Absolute Mortality,GPPsat,Low,41,0.02549,46.3,0.3681,0.6914,ns
M7vsM8_anom_12m,equal_width,Absolute Mortality,NEPmax,Low,41,-0.11545,58.5,0.1788,0.4469,ns
M7vsM8_anom_12m,equal_width,Absolute Mortality,WUE,Low,41,-0.0077,53.7,0.531,0.7906,ns
M7vsM8_anom_12m,equal_width,Absolute Mortality,uWUE,Low,41,-0.01424,56.1,0.3681,0.6914,ns
M7vsM8_anom_12m,equal_width,Absolute Mortality,ETmax,High,3,0.0043,33.3,,,""
M7vsM8_anom_12m,equal_width,Absolute Mortality,GPPsat,High,3,0.20426,33.3,,,""
M7vsM8_anom_12m,equal_width,Absolute Mortality,NEPmax,High,3,0.38529,33.3,,,""
M7vsM8_anom_12m,equal_width,Absolute Mortality,WUE,High,3,0.07065,33.3,,,""
M7vsM8_anom_12m,equal_width,Absolute Mortality,uWUE,High,3,-0.03451,66.7,,,""
M7vsM8_anom_12m,equal_width,Relative Mortality,ETmax,Mid,26,-9e-05,50,0.3803,0.6914,ns
M7vsM8_anom_12m,equal_width,Relative Mortality,GPPsat,Mid,26,-0.28447,61.5,0.1672,0.4469,ns
M7vsM8_anom_12m,equal_width,Relative Mortality,NEPmax,Mid,26,-0.30814,61.5,0.03985,0.3188,ns
M7vsM8_anom_12m,equal_width,Relative Mortality,WUE,Mid,26,-0.02764,69.2,0.02109,0.3165,ns
M7vsM8_anom_12m,equal_width,Relative Mortality,uWUE,Mid,26,0.00482,46.2,0.7373,0.8588,ns
M7vsM8_anom_12m,equal_width,Relative Mortality,ETmax,Low,32,0.00019,50,0.703,0.8588,ns
M7vsM8_anom_12m,equal_width,Relative Mortality,GPPsat,Low,32,-0.01874,50,0.1725,0.4469,ns
M7vsM8_anom_12m,equal_width,Relative Mortality,NEPmax,Low,32,-0.18083,65.6,0.0818,0.4469,ns
M7vsM8_anom_12m,equal_width,Relative Mortality,WUE,Low,32,0.00336,46.9,0.8414,0.863,ns
M7vsM8_anom_12m,equal_width,Relative Mortality,uWUE,Low,32,0.0028,50,0.5335,0.7906,ns
M7vsM8_anom_12m,equal_width,Relative Mortality,ETmax,High,7,0.00151,42.9,0.9246,0.9246,ns
M7vsM8_anom_12m,equal_width,Relative Mortality,GPPsat,High,7,0.20426,42.9,0.7766,0.8588,ns
M7vsM8_anom_12m,equal_width,Relative Mortality,NEPmax,High,7,-0.14688,57.1,0.5337,0.7906,ns
M7vsM8_anom_12m,equal_width,Relative Mortality,WUE,High,7,0.00178,42.9,0.6001,0.8573,ns
M7vsM8_anom_12m,equal_width,Relative Mortality,uWUE,High,7,-0.04186,71.4,0.1359,0.4469,ns
M7vsM8_anom_12m,equal_width,Relative Disturbance,ETmax,Mid,27,-0.00026,55.6,0.2701,0.6001,ns
M7vsM8_anom_12m,equal_width,Relative Disturbance,GPPsat,Mid,27,-0.25324,59.3,0.1775,0.4469,ns
M7vsM8_anom_12m,equal_width,Relative Disturbance,NEPmax,Mid,27,-0.16383,63,0.05779,0.3852,ns
M7vsM8_anom_12m,equal_width,Relative Disturbance,WUE,Mid,27,-0.01912,66.7,0.02374,0.3165,ns
M7vsM8_anom_12m,equal_width,Relative Disturbance,uWUE,Mid,27,0.00887,44.4,0.7608,0.8588,ns
M7vsM8_anom_12m,equal_width,Relative Disturbance,ETmax,High,9,0.00151,44.4,0.7614,0.8588,ns
M7vsM8_anom_12m,equal_width,Relative Disturbance,GPPsat,High,9,-0.14182,55.6,0.3611,0.6914,ns
M7vsM8_anom_12m,equal_width,Relative Disturbance,NEPmax,High,9,-0.5786,66.7,0.1716,0.4469,ns
M7vsM8_anom_12m,equal_width,Relative Disturbance,WUE,High,9,0.00178,44.4,0.7614,0.8588,ns
M7vsM8_anom_12m,equal_width,Relative Disturbance,uWUE,High,9,-0.03451,66.7,0.1432,0.4469,ns
M7vsM8_anom_12m,equal_width,Relative Disturbance,ETmax,Low,29,0.00069,44.8,0.8401,0.863,ns
M7vsM8_anom_12m,equal_width,Relative Disturbance,GPPsat,Low,29,0.01854,48.3,0.2513,0.5914,ns
M7vsM8_anom_12m,equal_width,Relative Disturbance,NEPmax,Low,29,-0.19783,62.1,0.1304,0.4469,ns
M7vsM8_anom_12m,equal_width,Relative Disturbance,WUE,Low,29,0.00285,48.3,0.7944,0.8588,ns
M7vsM8_anom_12m,equal_width,Relative Disturbance,uWUE,Low,29,-0.00753,51.7,0.5086,0.7906,ns
M7vsM8_anom_12m,natural_breaks,Absolute Mortality,ETmax,High,14,-1e-05,50,0.5,0.6936,ns
M7vsM8_anom_12m,natural_breaks,Absolute Mortality,GPPsat,High,14,-0.32847,64.3,0.1732,0.655,ns
M7vsM8_anom_12m,natural_breaks,Absolute Mortality,NEPmax,High,14,-0.76334,78.6,0.01915,0.5898,ns
M7vsM8_anom_12m,natural_breaks,Absolute Mortality,WUE,High,14,-0.00953,57.1,0.3078,0.6595,ns
M7vsM8_anom_12m,natural_breaks,Absolute Mortality,uWUE,High,14,-0.002,50,0.4253,0.6936,ns
M7vsM8_anom_12m,natural_breaks,Absolute Mortality,ETmax,Mid,32,3e-05,50,0.8026,0.8696,ns
M7vsM8_anom_12m,natural_breaks,Absolute Mortality,GPPsat,Mid,32,-0.20642,56.2,0.129,0.655,ns
M7vsM8_anom_12m,natural_breaks,Absolute Mortality,NEPmax,Mid,32,-0.05537,56.2,0.2301,0.655,ns
M7vsM8_anom_12m,natural_breaks,Absolute Mortality,WUE,Mid,32,-0.01257,56.2,0.2594,0.655,ns
M7vsM8_anom_12m,natural_breaks,Absolute Mortality,uWUE,Mid,32,-0.01322,53.1,0.5112,0.6936,ns
M7vsM8_anom_12m,natural_breaks,Absolute Mortality,ETmax,Low,19,0.00042,47.4,0.5241,0.6936,ns
M7vsM8_anom_12m,natural_breaks,Absolute Mortality,GPPsat,Low,19,0.02549,42.1,0.5876,0.7345,ns
M7vsM8_anom_12m,natural_breaks,Absolute Mortality,NEPmax,Low,19,-0.15355,63.2,0.1431,0.655,ns
M7vsM8_anom_12m,natural_breaks,Absolute Mortality,WUE,Low,19,-0.0077,52.6,0.6338,0.7506,ns
M7vsM8_anom_12m,natural_breaks,Absolute Mortality,uWUE,Low,19,0.01313,47.4,0.5401,0.6944,ns
M7vsM8_anom_12m,natural_breaks,Relative Mortality,ETmax,High,23,-0.00015,52.2,0.2766,0.655,ns
M7vsM8_anom_12m,natural_breaks,Relative Mortality,GPPsat,High,23,-0.24938,65.2,0.127,0.655,ns
M7vsM8_anom_12m,natural_breaks,Relative Mortality,NEPmax,High,23,-0.5786,65.2,0.02866,0.5898,ns
M7vsM8_anom_12m,natural_breaks,Relative Mortality,WUE,High,23,-0.01926,65.2,0.07864,0.5898,ns
M7vsM8_anom_12m,natural_breaks,Relative Mortality,uWUE,High,23,-0.0122,52.2,0.4576,0.6936,ns
M7vsM8_anom_12m,natural_breaks,Relative Mortality,ETmax,Mid,18,0.00195,44.4,0.9629,0.9629,ns
M7vsM8_anom_12m,natural_breaks,Relative Mortality,GPPsat,Mid,18,-0.05224,50,0.271,0.655,ns
M7vsM8_anom_12m,natural_breaks,Relative Mortality,NEPmax,Mid,18,-0.05537,61.1,0.3638,0.6936,ns
M7vsM8_anom_12m,natural_breaks,Relative Mortality,WUE,Mid,18,-0.00932,55.6,0.3006,0.6595,ns
M7vsM8_anom_12m,natural_breaks,Relative Mortality,uWUE,Mid,18,-0.01563,55.6,0.4138,0.6936,ns
M7vsM8_anom_12m,natural_breaks,Relative Mortality,ETmax,Low,24,0.00018,50,0.4943,0.6936,ns
M7vsM8_anom_12m,natural_breaks,Relative Mortality,GPPsat,Low,24,0.02201,45.8,0.4041,0.6936,ns
M7vsM8_anom_12m,natural_breaks,Relative Mortality,NEPmax,Low,24,-0.39739,62.5,0.07453,0.5898,ns
M7vsM8_anom_12m,natural_breaks,Relative Mortality,WUE,Low,24,0.00336,45.8,0.8705,0.8902,ns
M7vsM8_anom_12m,natural_breaks,Relative Mortality,uWUE,Low,24,0.01415,45.8,0.6607,0.7623,ns
M7vsM8_anom_12m,natural_breaks,Relative Disturbance,ETmax,High,22,0.00011,45.5,0.5129,0.6936,ns
M7vsM8_anom_12m,natural_breaks,Relative Disturbance,GPPsat,High,22,-0.15071,59.1,0.1993,0.655,ns
M7vsM8_anom_12m,natural_breaks,Relative Disturbance,NEPmax,High,22,-0.35275,59.1,0.07201,0.5898,ns
M7vsM8_anom_12m,natural_breaks,Relative Disturbance,WUE,High,22,-0.01912,59.1,0.1571,0.655,ns
M7vsM8_anom_12m,natural_breaks,Relative Disturbance,uWUE,High,22,-0.01358,54.5,0.3851,0.6936,ns
M7vsM8_anom_12m,natural_breaks,Relative Disturbance,ETmax,Mid,20,-0.00029,55,0.8294,0.8696,ns
M7vsM8_anom_12m,natural_breaks,Relative Disturbance,GPPsat,Mid,20,-0.28447,55,0.2333,0.655,ns
M7vsM8_anom_12m,natural_breaks,Relative Disturbance,NEPmax,Mid,20,-0.0927,65,0.2333,0.655,ns
M7vsM8_anom_12m,natural_breaks,Relative Disturbance,WUE,Mid,20,-0.00932,60,0.1902,0.655,ns
M7vsM8_anom_12m,natural_breaks,Relative Disturbance,uWUE,Mid,20,-0.00674,50,0.4628,0.6936,ns
M7vsM8_anom_12m,natural_breaks,Relative Disturbance,ETmax,Low,23,0.00042,47.8,0.6137,0.7464,ns
M7vsM8_anom_12m,natural_breaks,Relative Disturbance,GPPsat,Low,23,0.01854,47.8,0.3633,0.6936,ns
M7vsM8_anom_12m,natural_breaks,Relative Disturbance,NEPmax,Low,23,-0.53191,65.2,0.06227,0.5898,ns
M7vsM8_anom_12m,natural_breaks,Relative Disturbance,WUE,Low,23,0.00285,47.8,0.831,0.8696,ns
M7vsM8_anom_12m,natural_breaks,Relative Disturbance,uWUE,Low,23,0.01313,47.8,0.7132,0.8023,ns
M7vsM8_anom_24m,tertiles,Absolute Mortality,ETmax,High,22,-0.00042,68.2,0.1027,0.4445,ns
M7vsM8_anom_24m,tertiles,Absolute Mortality,GPPsat,High,22,-0.33102,63.6,0.1087,0.4445,ns
M7vsM8_anom_24m,tertiles,Absolute Mortality,NEPmax,High,22,-0.50795,63.6,0.04889,0.44,ns
M7vsM8_anom_24m,tertiles,Absolute Mortality,WUE,High,22,-0.01183,59.1,0.1732,0.5109,ns
M7vsM8_anom_24m,tertiles,Absolute Mortality,uWUE,High,22,-0.01518,72.7,0.04889,0.44,ns
M7vsM8_anom_24m,tertiles,Absolute Mortality,ETmax,Mid,21,0.00049,42.9,0.8594,0.9208,ns
M7vsM8_anom_24m,tertiles,Absolute Mortality,GPPsat,Mid,21,-0.09188,52.4,0.5,0.6735,ns
M7vsM8_anom_24m,tertiles,Absolute Mortality,NEPmax,Mid,21,-0.21861,57.1,0.4174,0.6735,ns
M7vsM8_anom_24m,tertiles,Absolute Mortality,WUE,Mid,21,-0.00084,52.4,0.569,0.692,ns
M7vsM8_anom_24m,tertiles,Absolute Mortality,uWUE,Mid,21,-0.00943,52.4,0.4039,0.6735,ns
M7vsM8_anom_24m,tertiles,Absolute Mortality,ETmax,Low,22,-0.00033,59.1,0.2687,0.5257,ns
M7vsM8_anom_24m,tertiles,Absolute Mortality,GPPsat,Low,22,-0.00711,50,0.3131,0.5845,ns
M7vsM8_anom_24m,tertiles,Absolute Mortality,NEPmax,Low,22,-0.18972,63.6,0.1087,0.4445,ns
M7vsM8_anom_24m,tertiles,Absolute Mortality,WUE,Low,22,0.00978,36.4,0.8913,0.9328,ns
M7vsM8_anom_24m,tertiles,Absolute Mortality,uWUE,Low,22,0.00133,50,0.6516,0.733,ns
M7vsM8_anom_24m,tertiles,Relative Mortality,ETmax,High,22,-0.00032,54.5,0.2375,0.5257,ns
M7vsM8_anom_24m,tertiles,Relative Mortality,GPPsat,High,22,-0.21238,59.1,0.165,0.5109,ns
M7vsM8_anom_24m,tertiles,Relative Mortality,NEPmax,High,22,-0.40478,59.1,0.08135,0.4445,ns
M7vsM8_anom_24m,tertiles,Relative Mortality,WUE,High,22,-0.02008,59.1,0.1817,0.5109,ns
M7vsM8_anom_24m,tertiles,Relative Mortality,uWUE,High,22,-0.02327,72.7,0.02985,0.44,ns
M7vsM8_anom_24m,tertiles,Relative Mortality,ETmax,Mid,21,-0.00023,57.1,0.5,0.6735,ns
M7vsM8_anom_24m,tertiles,Relative Mortality,GPPsat,Mid,21,-0.11791,57.1,0.5277,0.6735,ns
M7vsM8_anom_24m,tertiles,Relative Mortality,NEPmax,Mid,21,-0.23506,57.1,0.5277,0.6735,ns
M7vsM8_anom_24m,tertiles,Relative Mortality,WUE,Mid,21,-0.00391,57.1,0.4861,0.6735,ns
M7vsM8_anom_24m,tertiles,Relative Mortality,uWUE,Mid,21,0.00011,47.6,0.6743,0.7401,ns
M7vsM8_anom_24m,tertiles,Relative Mortality,ETmax,Low,22,-0.00032,59.1,0.3247,0.5845,ns
M7vsM8_anom_24m,tertiles,Relative Mortality,GPPsat,Low,22,-0.00711,50,0.2581,0.5257,ns
M7vsM8_anom_24m,tertiles,Relative Mortality,NEPmax,Low,22,-0.35449,68.2,0.02571,0.44,ns
M7vsM8_anom_24m,tertiles,Relative Mortality,WUE,Low,22,0.00978,31.8,0.9186,0.9395,ns
M7vsM8_anom_24m,tertiles,Relative Mortality,uWUE,Low,22,-0.0038,54.5,0.5259,0.6735,ns
M7vsM8_anom_24m,tertiles,Relative Disturbance,ETmax,High,22,-0.00032,54.5,0.2477,0.5257,ns
M7vsM8_anom_24m,tertiles,Relative Disturbance,GPPsat,High,22,-0.20873,59.1,0.2179,0.5257,ns
M7vsM8_anom_24m,tertiles,Relative Disturbance,NEPmax,High,22,-0.18683,54.5,0.165,0.5109,ns
M7vsM8_anom_24m,tertiles,Relative Disturbance,WUE,High,22,-0.02008,63.6,0.1027,0.4445,ns
M7vsM8_anom_24m,tertiles,Relative Disturbance,uWUE,High,22,-0.02327,77.3,0.01742,0.44,ns
M7vsM8_anom_24m,tertiles,Relative Disturbance,ETmax,Mid,21,-0.00032,66.7,0.2435,0.5257,ns
M7vsM8_anom_24m,tertiles,Relative Disturbance,GPPsat,Mid,21,-0.11791,57.1,0.212,0.5257,ns
M7vsM8_anom_24m,tertiles,Relative Disturbance,NEPmax,Mid,21,-0.23917,66.7,0.08762,0.4445,ns
M7vsM8_anom_24m,tertiles,Relative Disturbance,WUE,Mid,21,-0.00084,52.4,0.5277,0.6735,ns
M7vsM8_anom_24m,tertiles,Relative Disturbance,uWUE,Mid,21,0.00567,42.9,0.6489,0.733,ns
M7vsM8_anom_24m,tertiles,Relative Disturbance,ETmax,Low,22,0.00012,50,0.5388,0.6735,ns
M7vsM8_anom_24m,tertiles,Relative Disturbance,GPPsat,Low,22,-0.00711,50,0.4483,0.6735,ns
M7vsM8_anom_24m,tertiles,Relative Disturbance,NEPmax,Low,22,-0.34765,63.6,0.1279,0.4797,ns
M7vsM8_anom_24m,tertiles,Relative Disturbance,WUE,Low,22,0.00978,31.8,0.9655,0.9655,ns
M7vsM8_anom_24m,tertiles,Relative Disturbance,uWUE,Low,22,-0.0038,54.5,0.6025,0.7134,ns
M7vsM8_anom_24m,equal_width,Absolute Mortality,ETmax,Mid,21,-0.00045,71.4,0.03273,0.2618,ns
M7vsM8_anom_24m,equal_width,Absolute Mortality,GPPsat,Mid,21,-0.45151,76.2,0.01306,0.1306,ns
M7vsM8_anom_24m,equal_width,Absolute Mortality,NEPmax,Mid,21,-0.59222,76.2,0.0109,0.1306,ns
M7vsM8_anom_24m,equal_width,Absolute Mortality,WUE,Mid,21,-0.01974,61.9,0.1406,0.384,ns
M7vsM8_anom_24m,equal_width,Absolute Mortality,uWUE,Mid,21,-0.01327,66.7,0.1257,0.384,ns
M7vsM8_anom_24m,equal_width,Absolute Mortality,ETmax,Low,41,-0.00019,51.2,0.6022,0.7528,ns
M7vsM8_anom_24m,equal_width,Absolute Mortality,GPPsat,Low,41,0.01807,48.8,0.4639,0.6627,ns
M7vsM8_anom_24m,equal_width,Absolute Mortality,NEPmax,Low,41,-0.20493,58.5,0.1499,0.384,ns
M7vsM8_anom_24m,equal_width,Absolute Mortality,WUE,Low,41,0.00443,43.9,0.847,0.9157,ns
M7vsM8_anom_24m,equal_width,Absolute Mortality,uWUE,Low,41,-0.00164,51.2,0.5872,0.7528,ns
M7vsM8_anom_24m,equal_width,Absolute Mortality,ETmax,High,3,0.00439,33.3,,,""
M7vsM8_anom_24m,equal_width,Absolute Mortality,GPPsat,High,3,0.52409,0,,,""
M7vsM8_anom_24m,equal_width,Absolute Mortality,NEPmax,High,3,0.28659,0,,,""
M7vsM8_anom_24m,equal_width,Absolute Mortality,WUE,High,3,0.03317,33.3,,,""
M7vsM8_anom_24m,equal_width,Absolute Mortality,uWUE,High,3,-0.0707,100,,,""
M7vsM8_anom_24m,equal_width,Relative Mortality,ETmax,Mid,26,-0.00022,57.7,0.1939,0.4309,ns
M7vsM8_anom_24m,equal_width,Relative Mortality,GPPsat,Mid,26,-0.3637,65.4,0.08511,0.3404,ns
M7vsM8_anom_24m,equal_width,Relative Mortality,NEPmax,Mid,26,-0.47972,65.4,0.05479,0.3404,ns
M7vsM8_anom_24m,equal_width,Relative Mortality,WUE,Mid,26,-0.02008,65.4,0.08122,0.3404,ns
M7vsM8_anom_24m,equal_width,Relative Mortality,uWUE,Mid,26,-0.01051,57.7,0.2385,0.5021,ns
M7vsM8_anom_24m,equal_width,Relative Mortality,ETmax,Low,32,-0.00032,56.2,0.3931,0.5824,ns
M7vsM8_anom_24m,equal_width,Relative Mortality,GPPsat,Low,32,-0.06209,53.1,0.2594,0.5144,ns
M7vsM8_anom_24m,equal_width,Relative Mortality,NEPmax,Low,32,-0.22684,65.6,0.06856,0.3404,ns
M7vsM8_anom_24m,equal_width,Relative Mortality,WUE,Low,32,0.00929,37.5,0.9614,0.9614,ns
M7vsM8_anom_24m,equal_width,Relative Mortality,uWUE,Low,32,0.00133,50,0.7345,0.8161,ns
M7vsM8_anom_24m,equal_width,Relative Mortality,ETmax,High,7,-0.00042,57.1,0.5337,0.7116,ns
M7vsM8_anom_24m,equal_width,Relative Mortality,GPPsat,High,7,0.36745,28.6,0.8976,0.9448,ns
M7vsM8_anom_24m,equal_width,Relative Mortality,NEPmax,High,7,0.22563,28.6,0.7229,0.8161,ns
M7vsM8_anom_24m,equal_width,Relative Mortality,WUE,High,7,0.03053,42.9,0.3363,0.5605,ns
M7vsM8_anom_24m,equal_width,Relative Mortality,uWUE,High,7,-0.04289,100,0.01125,0.1306,ns
M7vsM8_anom_24m,equal_width,Relative Disturbance,ETmax,Mid,27,-0.00022,55.6,0.2701,0.5144,ns
M7vsM8_anom_24m,equal_width,Relative Disturbance,GPPsat,Mid,27,-0.32737,63,0.1536,0.384,ns
M7vsM8_anom_24m,equal_width,Relative Disturbance,NEPmax,Mid,27,-0.33048,66.7,0.07304,0.3404,ns
M7vsM8_anom_24m,equal_width,Relative Disturbance,WUE,Mid,27,-0.01746,63,0.108,0.384,ns
M7vsM8_anom_24m,equal_width,Relative Disturbance,uWUE,Mid,27,-0.00943,51.9,0.3728,0.5736,ns
M7vsM8_anom_24m,equal_width,Relative Disturbance,ETmax,High,9,-0.00136,77.8,0.1716,0.4038,ns
M7vsM8_anom_24m,equal_width,Relative Disturbance,GPPsat,High,9,0.14958,44.4,0.5,0.6897,ns
M7vsM8_anom_24m,equal_width,Relative Disturbance,NEPmax,High,9,0.00287,44.4,0.3178,0.5527,ns
M7vsM8_anom_24m,equal_width,Relative Disturbance,WUE,High,9,0.01557,44.4,0.3611,0.5736,ns
M7vsM8_anom_24m,equal_width,Relative Disturbance,uWUE,High,9,-0.04237,100,0.004576,0.1306,ns
M7vsM8_anom_24m,equal_width,Relative Disturbance,ETmax,Low,29,-0.00019,51.7,0.6353,0.7701,ns
M7vsM8_anom_24m,equal_width,Relative Disturbance,GPPsat,Low,29,-0.03229,51.7,0.2944,0.5353,ns
M7vsM8_anom_24m,equal_width,Relative Disturbance,NEPmax,Low,29,-0.20493,62.1,0.1304,0.384,ns
M7vsM8_anom_24m,equal_width,Relative Disturbance,WUE,Low,29,0.00972,37.9,0.9562,0.9614,ns
M7vsM8_anom_24m,equal_width,Relative Disturbance,uWUE,Low,29,-0.00164,51.7,0.6673,0.7851,ns
M7vsM8_anom_24m,natural_breaks,Absolute Mortality,ETmax,High,14,-0.00089,71.4,0.1292,0.4537,ns
M7vsM8_anom_24m,natural_breaks,Absolute Mortality,GPPsat,High,14,-0.04659,57.1,0.2256,0.5344,ns
M7vsM8_anom_24m,natural_breaks,Absolute Mortality,NEPmax,High,14,-0.59824,64.3,0.05828,0.4537,ns
M7vsM8_anom_24m,natural_breaks,Absolute Mortality,WUE,High,14,0.0066,50,0.4009,0.622,ns
M7vsM8_anom_24m,natural_breaks,Absolute Mortality,uWUE,High,14,-0.02973,78.6,0.04504,0.4537,ns
M7vsM8_anom_24m,natural_breaks,Absolute Mortality,ETmax,Mid,32,0.00013,50,0.6069,0.7422,ns
M7vsM8_anom_24m,natural_breaks,Absolute Mortality,GPPsat,Mid,32,-0.31017,62.5,0.1329,0.4537,ns
M7vsM8_anom_24m,natural_breaks,Absolute Mortality,NEPmax,Mid,32,-0.28482,62.5,0.1411,0.4537,ns
M7vsM8_anom_24m,natural_breaks,Absolute Mortality,WUE,Mid,32,-0.00396,56.2,0.3234,0.5598,ns
M7vsM8_anom_24m,natural_breaks,Absolute Mortality,uWUE,Mid,32,-0.01051,53.1,0.4516,0.6774,ns
M7vsM8_anom_24m,natural_breaks,Absolute Mortality,ETmax,Low,19,-0.00032,57.9,0.3814,0.622,ns
M7vsM8_anom_24m,natural_breaks,Absolute Mortality,GPPsat,Low,19,0.17144,42.1,0.6782,0.7444,ns
M7vsM8_anom_24m,natural_breaks,Absolute Mortality,NEPmax,Low,19,-0.13573,57.9,0.2935,0.5598,ns
M7vsM8_anom_24m,natural_breaks,Absolute Mortality,WUE,Low,19,0.00984,36.8,0.8975,0.9368,ns
M7vsM8_anom_24m,natural_breaks,Absolute Mortality,uWUE,Low,19,-0.00164,52.6,0.556,0.7149,ns
M7vsM8_anom_24m,natural_breaks,Relative Mortality,ETmax,High,23,-0.00042,56.5,0.1768,0.4972,ns
M7vsM8_anom_24m,natural_breaks,Relative Mortality,GPPsat,High,23,-0.33467,60.9,0.1148,0.4537,ns
M7vsM8_anom_24m,natural_breaks,Relative Mortality,NEPmax,High,23,-0.4613,60.9,0.06227,0.4537,ns
M7vsM8_anom_24m,natural_breaks,Relative Mortality,WUE,High,23,-0.02042,60.9,0.1401,0.4537,ns
M7vsM8_anom_24m,natural_breaks,Relative Mortality,uWUE,High,23,-0.01863,69.6,0.04016,0.4537,ns
M7vsM8_anom_24m,natural_breaks,Relative Mortality,ETmax,Mid,18,-0.00015,55.6,0.6525,0.7444,ns
M7vsM8_anom_24m,natural_breaks,Relative Mortality,GPPsat,Mid,18,-0.20545,61.1,0.316,0.5598,ns
M7vsM8_anom_24m,natural_breaks,Relative Mortality,NEPmax,Mid,18,-0.23712,61.1,0.3006,0.5598,ns
M7vsM8_anom_24m,natural_breaks,Relative Mortality,WUE,Mid,18,-0.00237,55.6,0.5347,0.7077,ns
M7vsM8_anom_24m,natural_breaks,Relative Mortality,uWUE,Mid,18,-0.01051,55.6,0.3969,0.622,ns
M7vsM8_anom_24m,natural_breaks,Relative Mortality,ETmax,Low,24,-0.00032,58.3,0.279,0.5598,ns
M7vsM8_anom_24m,natural_breaks,Relative Mortality,GPPsat,Low,24,0.03642,45.8,0.5057,0.7077,ns
M7vsM8_anom_24m,natural_breaks,Relative Mortality,NEPmax,Low,24,-0.21177,62.5,0.1357,0.4537,ns
M7vsM8_anom_24m,natural_breaks,Relative Mortality,WUE,Low,24,0.00978,33.3,0.9368,0.9368,ns
M7vsM8_anom_24m,natural_breaks,Relative Mortality,uWUE,Low,24,0.00133,50,0.7398,0.7927,ns
M7vsM8_anom_24m,natural_breaks,Relative Disturbance,ETmax,High,22,-0.00032,54.5,0.2477,0.5573,ns
M7vsM8_anom_24m,natural_breaks,Relative Disturbance,GPPsat,High,22,-0.20873,59.1,0.2179,0.5344,ns
M7vsM8_anom_24m,natural_breaks,Relative Disturbance,NEPmax,High,22,-0.18683,54.5,0.165,0.4951,ns
M7vsM8_anom_24m,natural_breaks,Relative Disturbance,WUE,High,22,-0.02008,63.6,0.1027,0.4537,ns
M7vsM8_anom_24m,natural_breaks,Relative Disturbance,uWUE,High,22,-0.02327,77.3,0.01742,0.4537,ns
M7vsM8_anom_24m,natural_breaks,Relative Disturbance,ETmax,Mid,20,-0.00028,65,0.269,0.5598,ns
M7vsM8_anom_24m,natural_breaks,Relative Disturbance,GPPsat,Mid,20,-0.20545,60,0.1902,0.5034,ns
M7vsM8_anom_24m,natural_breaks,Relative Disturbance,NEPmax,Mid,20,-0.28482,70,0.0865,0.4537,ns
M7vsM8_anom_24m,natural_breaks,Relative Disturbance,WUE,Mid,20,0.00047,50,0.6662,0.7444,ns
M7vsM8_anom_24m,natural_breaks,Relative Disturbance,uWUE,Mid,20,0.00289,45,0.6103,0.7422,ns
M7vsM8_anom_24m,natural_breaks,Relative Disturbance,ETmax,Low,23,-0.00019,52.2,0.5303,0.7077,ns
M7vsM8_anom_24m,natural_breaks,Relative Disturbance,GPPsat,Low,23,0.01807,47.8,0.4818,0.6994,ns
M7vsM8_anom_24m,natural_breaks,Relative Disturbance,NEPmax,Low,23,-0.20493,60.9,0.1401,0.4537,ns
M7vsM8_anom_24m,natural_breaks,Relative Disturbance,WUE,Low,23,0.00972,34.8,0.9339,0.9368,ns
M7vsM8_anom_24m,natural_breaks,Relative Disturbance,uWUE,Low,23,-0.00164,52.2,0.6481,0.7444,ns
