unit,method,metric,response,category,n,median_dRMSE,pct_sites_improved,p_onesided_wilcoxon,q_BH,sig
M1vsM2_12m,tertiles,Absolute Mortality,ETmax,High,22,0.00083,31.8,0.8429,0.9251,ns
M1vsM2_12m,tertiles,Absolute Mortality,GPPsat,High,22,-0.11441,50,0.2581,0.9206,ns
M1vsM2_12m,tertiles,Absolute Mortality,NEPmax,High,22,-1.68501,77.3,0.005162,0.2323,ns
M1vsM2_12m,tertiles,Absolute Mortality,WUE,High,22,0.01231,40.9,0.9136,0.9411,ns
M1vsM2_12m,tertiles,Absolute Mortality,uWUE,High,22,-0.00516,50,0.3975,0.9206,ns
M1vsM2_12m,tertiles,Absolute Mortality,ETmax,Mid,21,-0.00066,57.1,0.3641,0.9206,ns
M1vsM2_12m,tertiles,Absolute Mortality,GPPsat,Mid,21,-0.30695,61.9,0.212,0.9206,ns
M1vsM2_12m,tertiles,Absolute Mortality,NEPmax,Mid,21,0.6032,42.9,0.9411,0.9411,ns
M1vsM2_12m,tertiles,Absolute Mortality,WUE,Mid,21,-0.02597,52.4,0.5961,0.9206,ns
M1vsM2_12m,tertiles,Absolute Mortality,uWUE,Mid,21,0.09924,38.1,0.7979,0.9206,ns
M1vsM2_12m,tertiles,Absolute Mortality,ETmax,Low,22,0.00324,45.5,0.8007,0.9206,ns
M1vsM2_12m,tertiles,Absolute Mortality,GPPsat,Low,22,-0.01728,50,0.4871,0.9206,ns
M1vsM2_12m,tertiles,Absolute Mortality,NEPmax,Low,22,-0.19216,63.6,0.3605,0.9206,ns
M1vsM2_12m,tertiles,Absolute Mortality,WUE,Low,22,0.01226,36.4,0.4483,0.9206,ns
M1vsM2_12m,tertiles,Absolute Mortality,uWUE,Low,22,-0.01771,54.5,0.4355,0.9206,ns
M1vsM2_12m,tertiles,Relative Mortality,ETmax,High,22,0.00033,40.9,0.6395,0.9206,ns
M1vsM2_12m,tertiles,Relative Mortality,GPPsat,High,22,-0.31123,54.5,0.2581,0.9206,ns
M1vsM2_12m,tertiles,Relative Mortality,NEPmax,High,22,-1.03952,68.2,0.08635,0.9206,ns
M1vsM2_12m,tertiles,Relative Mortality,WUE,High,22,-0.01886,54.5,0.6983,0.9206,ns
M1vsM2_12m,tertiles,Relative Mortality,uWUE,High,22,0.0352,40.9,0.7419,0.9206,ns
M1vsM2_12m,tertiles,Relative Mortality,ETmax,Mid,21,0.00111,38.1,0.9411,0.9411,ns
M1vsM2_12m,tertiles,Relative Mortality,GPPsat,Mid,21,0.31641,47.6,0.5826,0.9206,ns
M1vsM2_12m,tertiles,Relative Mortality,NEPmax,Mid,21,0.03595,47.6,0.7565,0.9206,ns
M1vsM2_12m,tertiles,Relative Mortality,WUE,Mid,21,0.005,47.6,0.7227,0.9206,ns
M1vsM2_12m,tertiles,Relative Mortality,uWUE,Mid,21,-0.01951,57.1,0.2545,0.9206,ns
M1vsM2_12m,tertiles,Relative Mortality,ETmax,Low,22,-0.00189,54.5,0.5645,0.9206,ns
M1vsM2_12m,tertiles,Relative Mortality,GPPsat,Low,22,-0.11862,59.1,0.1817,0.9206,ns
M1vsM2_12m,tertiles,Relative Mortality,NEPmax,Low,22,-0.34401,68.2,0.165,0.9206,ns
M1vsM2_12m,tertiles,Relative Mortality,WUE,Low,22,0.03217,27.3,0.8007,0.9206,ns
M1vsM2_12m,tertiles,Relative Mortality,uWUE,Low,22,0.01596,45.5,0.8183,0.9206,ns
M1vsM2_12m,tertiles,Relative Disturbance,ETmax,High,22,0.00033,40.9,0.5259,0.9206,ns
M1vsM2_12m,tertiles,Relative Disturbance,GPPsat,High,22,-0.48574,59.1,0.2085,0.9206,ns
M1vsM2_12m,tertiles,Relative Disturbance,NEPmax,High,22,-1.03952,68.2,0.08635,0.9206,ns
M1vsM2_12m,tertiles,Relative Disturbance,WUE,High,22,-0.01886,54.5,0.5517,0.9206,ns
M1vsM2_12m,tertiles,Relative Disturbance,uWUE,High,22,0.02532,40.9,0.6869,0.9206,ns
M1vsM2_12m,tertiles,Relative Disturbance,ETmax,Mid,21,0.00111,42.9,0.9178,0.9411,ns
M1vsM2_12m,tertiles,Relative Disturbance,GPPsat,Mid,21,0.4798,42.9,0.6359,0.9206,ns
M1vsM2_12m,tertiles,Relative Disturbance,NEPmax,Mid,21,-0.18894,52.4,0.5277,0.9206,ns
M1vsM2_12m,tertiles,Relative Disturbance,WUE,Mid,21,0.02316,47.6,0.7778,0.9206,ns
M1vsM2_12m,tertiles,Relative Disturbance,uWUE,Mid,21,-0.01046,52.4,0.5,0.9206,ns
M1vsM2_12m,tertiles,Relative Disturbance,ETmax,Low,22,-0.00028,50,0.6635,0.9206,ns
M1vsM2_12m,tertiles,Relative Disturbance,GPPsat,Low,22,-0.11862,59.1,0.1993,0.9206,ns
M1vsM2_12m,tertiles,Relative Disturbance,NEPmax,Low,22,-0.34401,63.6,0.3975,0.9206,ns
M1vsM2_12m,tertiles,Relative Disturbance,WUE,Low,22,0.03251,27.3,0.7915,0.9206,ns
M1vsM2_12m,tertiles,Relative Disturbance,uWUE,Low,22,0.00237,50,0.6635,0.9206,ns
M1vsM2_12m,equal_width,Absolute Mortality,ETmax,Mid,21,0.00041,38.1,0.7227,0.885,ns
M1vsM2_12m,equal_width,Absolute Mortality,GPPsat,Mid,21,-0.66129,61.9,0.07707,0.8517,ns
M1vsM2_12m,equal_width,Absolute Mortality,NEPmax,Mid,21,-1.59492,81,0.006165,0.2466,ns
M1vsM2_12m,equal_width,Absolute Mortality,WUE,Mid,21,0.0122,42.9,0.8348,0.885,ns
M1vsM2_12m,equal_width,Absolute Mortality,uWUE,Mid,21,-0.01046,52.4,0.2658,0.8517,ns
M1vsM2_12m,equal_width,Absolute Mortality,ETmax,Low,41,0,51.2,0.7498,0.885,ns
M1vsM2_12m,equal_width,Absolute Mortality,GPPsat,Low,41,-0.09098,53.7,0.4028,0.885,ns
M1vsM2_12m,equal_width,Absolute Mortality,NEPmax,Low,41,-0.18133,53.7,0.762,0.885,ns
M1vsM2_12m,equal_width,Absolute Mortality,WUE,Low,41,0.00135,43.9,0.4897,0.885,ns
M1vsM2_12m,equal_width,Absolute Mortality,uWUE,Low,41,0.01496,46.3,0.7854,0.885,ns
M1vsM2_12m,equal_width,Absolute Mortality,ETmax,High,3,0.00104,0,,,""
M1vsM2_12m,equal_width,Absolute Mortality,GPPsat,High,3,1.39209,0,,,""
M1vsM2_12m,equal_width,Absolute Mortality,NEPmax,High,3,0.02372,33.3,,,""
M1vsM2_12m,equal_width,Absolute Mortality,WUE,High,3,0.20715,33.3,,,""
M1vsM2_12m,equal_width,Absolute Mortality,uWUE,High,3,0.09918,33.3,,,""
M1vsM2_12m,equal_width,Relative Mortality,ETmax,Mid,26,0.00038,38.5,0.7615,0.885,ns
M1vsM2_12m,equal_width,Relative Mortality,GPPsat,Mid,26,-0.31123,53.8,0.2385,0.8517,ns
M1vsM2_12m,equal_width,Relative Mortality,NEPmax,Mid,26,-0.79137,65.4,0.0933,0.8517,ns
M1vsM2_12m,equal_width,Relative Mortality,WUE,Mid,26,-0.01049,50,0.7536,0.885,ns
M1vsM2_12m,equal_width,Relative Mortality,uWUE,Mid,26,-0.03026,57.7,0.2627,0.8517,ns
M1vsM2_12m,equal_width,Relative Mortality,ETmax,Low,32,-0.00033,53.1,0.6965,0.885,ns
M1vsM2_12m,equal_width,Relative Mortality,GPPsat,Low,32,-0.20866,59.4,0.1541,0.8517,ns
M1vsM2_12m,equal_width,Relative Mortality,NEPmax,Low,32,-0.19216,59.4,0.4814,0.885,ns
M1vsM2_12m,equal_width,Relative Mortality,WUE,Low,32,0.03217,34.4,0.7094,0.885,ns
M1vsM2_12m,equal_width,Relative Mortality,uWUE,Low,32,0.01792,43.8,0.8459,0.885,ns
M1vsM2_12m,equal_width,Relative Mortality,ETmax,High,7,0.00104,28.6,0.7766,0.885,ns
M1vsM2_12m,equal_width,Relative Mortality,GPPsat,High,7,1.06697,28.6,0.8237,0.885,ns
M1vsM2_12m,equal_width,Relative Mortality,NEPmax,High,7,-0.67965,57.1,0.3999,0.885,ns
M1vsM2_12m,equal_width,Relative Mortality,WUE,High,7,-0.01176,57.1,0.6001,0.885,ns
M1vsM2_12m,equal_width,Relative Mortality,uWUE,High,7,0.01579,28.6,0.8237,0.885,ns
M1vsM2_12m,equal_width,Relative Disturbance,ETmax,Mid,27,2e-04,48.1,0.4856,0.885,ns
M1vsM2_12m,equal_width,Relative Disturbance,GPPsat,Mid,27,0.1427,44.4,0.6629,0.885,ns
M1vsM2_12m,equal_width,Relative Disturbance,NEPmax,Mid,27,-0.67965,59.3,0.2622,0.8517,ns
M1vsM2_12m,equal_width,Relative Disturbance,WUE,Mid,27,0.0122,44.4,0.8628,0.885,ns
M1vsM2_12m,equal_width,Relative Disturbance,uWUE,Mid,27,0.03485,48.1,0.6088,0.885,ns
M1vsM2_12m,equal_width,Relative Disturbance,ETmax,High,9,0.00104,22.2,0.9224,0.9224,ns
M1vsM2_12m,equal_width,Relative Disturbance,GPPsat,High,9,-0.59995,55.6,0.2386,0.8517,ns
M1vsM2_12m,equal_width,Relative Disturbance,NEPmax,High,9,-1.3139,66.7,0.09626,0.8517,ns
M1vsM2_12m,equal_width,Relative Disturbance,WUE,High,9,-0.06617,66.7,0.2768,0.8517,ns
M1vsM2_12m,equal_width,Relative Disturbance,uWUE,High,9,-0.03229,55.6,0.2768,0.8517,ns
M1vsM2_12m,equal_width,Relative Disturbance,ETmax,Low,29,0.00046,48.3,0.8123,0.885,ns
M1vsM2_12m,equal_width,Relative Disturbance,GPPsat,Low,29,-0.27105,62.1,0.1172,0.8517,ns
M1vsM2_12m,equal_width,Relative Disturbance,NEPmax,Low,29,-0.22329,62.1,0.457,0.885,ns
M1vsM2_12m,equal_width,Relative Disturbance,WUE,Low,29,0.03231,34.5,0.6751,0.885,ns
M1vsM2_12m,equal_width,Relative Disturbance,uWUE,Low,29,0.01496,44.8,0.7689,0.885,ns
M1vsM2_12m,natural_breaks,Absolute Mortality,ETmax,High,14,0.00083,35.7,0.7349,0.8842,ns
M1vsM2_12m,natural_breaks,Absolute Mortality,GPPsat,High,14,0.29802,42.9,0.45,0.8842,ns
M1vsM2_12m,natural_breaks,Absolute Mortality,NEPmax,High,14,-1.55073,78.6,0.01641,0.7382,ns
M1vsM2_12m,natural_breaks,Absolute Mortality,WUE,High,14,0.01231,42.9,0.8268,0.8859,ns
M1vsM2_12m,natural_breaks,Absolute Mortality,uWUE,High,14,0.00797,42.9,0.55,0.8842,ns
M1vsM2_12m,natural_breaks,Absolute Mortality,ETmax,Mid,32,0.00028,46.9,0.7221,0.8842,ns
M1vsM2_12m,natural_breaks,Absolute Mortality,GPPsat,Mid,32,-0.43476,62.5,0.07901,0.8842,ns
M1vsM2_12m,natural_breaks,Absolute Mortality,NEPmax,Mid,32,-0.67765,56.2,0.3931,0.8842,ns
M1vsM2_12m,natural_breaks,Absolute Mortality,WUE,Mid,32,0.01865,46.9,0.8503,0.8899,ns
M1vsM2_12m,natural_breaks,Absolute Mortality,uWUE,Mid,32,0.02786,46.9,0.7158,0.8842,ns
M1vsM2_12m,natural_breaks,Absolute Mortality,ETmax,Low,19,0.00316,47.4,0.7467,0.8842,ns
M1vsM2_12m,natural_breaks,Absolute Mortality,GPPsat,Low,19,0.05642,47.4,0.6782,0.8842,ns
M1vsM2_12m,natural_breaks,Absolute Mortality,NEPmax,Low,19,-0.18133,57.9,0.6782,0.8842,ns
M1vsM2_12m,natural_breaks,Absolute Mortality,WUE,Low,19,0.00135,36.8,0.3218,0.8842,ns
M1vsM2_12m,natural_breaks,Absolute Mortality,uWUE,Low,19,-0.0063,52.6,0.5241,0.8842,ns
M1vsM2_12m,natural_breaks,Relative Mortality,ETmax,High,23,0.00035,39.1,0.6921,0.8842,ns
M1vsM2_12m,natural_breaks,Relative Mortality,GPPsat,High,23,-0.25093,52.2,0.2868,0.8842,ns
M1vsM2_12m,natural_breaks,Relative Mortality,NEPmax,High,23,-1.3139,69.6,0.06609,0.8842,ns
M1vsM2_12m,natural_breaks,Relative Mortality,WUE,High,23,-0.02597,56.5,0.6481,0.8842,ns
M1vsM2_12m,natural_breaks,Relative Mortality,uWUE,High,23,0.01579,43.5,0.6921,0.8842,ns
M1vsM2_12m,natural_breaks,Relative Mortality,ETmax,Mid,18,0.00079,38.9,0.9247,0.9437,ns
M1vsM2_12m,natural_breaks,Relative Mortality,GPPsat,Mid,18,0.12559,50,0.5862,0.8842,ns
M1vsM2_12m,natural_breaks,Relative Mortality,NEPmax,Mid,18,-0.09367,50,0.6198,0.8842,ns
M1vsM2_12m,natural_breaks,Relative Mortality,WUE,Mid,18,0.02183,44.4,0.796,0.8859,ns
M1vsM2_12m,natural_breaks,Relative Mortality,uWUE,Mid,18,-0.01499,55.6,0.2856,0.8842,ns
M1vsM2_12m,natural_breaks,Relative Mortality,ETmax,Low,24,-0.00189,54.2,0.5171,0.8842,ns
M1vsM2_12m,natural_breaks,Relative Mortality,GPPsat,Low,24,-0.11862,58.3,0.1766,0.8842,ns
M1vsM2_12m,natural_breaks,Relative Mortality,NEPmax,Low,24,-0.19216,62.5,0.3821,0.8842,ns
M1vsM2_12m,natural_breaks,Relative Mortality,WUE,Low,24,0.03217,29.2,0.721,0.8842,ns
M1vsM2_12m,natural_breaks,Relative Mortality,uWUE,Low,24,0.01596,45.8,0.8003,0.8859,ns
M1vsM2_12m,natural_breaks,Relative Disturbance,ETmax,High,22,0.00033,40.9,0.5259,0.8842,ns
M1vsM2_12m,natural_breaks,Relative Disturbance,GPPsat,High,22,-0.48574,59.1,0.2085,0.8842,ns
M1vsM2_12m,natural_breaks,Relative Disturbance,NEPmax,High,22,-1.03952,68.2,0.08635,0.8842,ns
M1vsM2_12m,natural_breaks,Relative Disturbance,WUE,High,22,-0.01886,54.5,0.5517,0.8842,ns
M1vsM2_12m,natural_breaks,Relative Disturbance,uWUE,High,22,0.02532,40.9,0.6869,0.8842,ns
M1vsM2_12m,natural_breaks,Relative Disturbance,ETmax,Mid,20,0.00333,40,0.9437,0.9437,ns
M1vsM2_12m,natural_breaks,Relative Disturbance,GPPsat,Mid,20,0.28054,45,0.552,0.8842,ns
M1vsM2_12m,natural_breaks,Relative Disturbance,NEPmax,Mid,20,-0.20612,55,0.4926,0.8842,ns
M1vsM2_12m,natural_breaks,Relative Disturbance,WUE,Mid,20,0.03092,45,0.8198,0.8859,ns
M1vsM2_12m,natural_breaks,Relative Disturbance,uWUE,Mid,20,-0.01499,55,0.4187,0.8842,ns
M1vsM2_12m,natural_breaks,Relative Disturbance,ETmax,Low,23,-0.00102,52.2,0.5902,0.8842,ns
M1vsM2_12m,natural_breaks,Relative Disturbance,GPPsat,Low,23,-0.09098,56.5,0.2973,0.8842,ns
M1vsM2_12m,natural_breaks,Relative Disturbance,NEPmax,Low,23,-0.19539,60.9,0.4456,0.8842,ns
M1vsM2_12m,natural_breaks,Relative Disturbance,WUE,Low,23,0.03231,30.4,0.7132,0.8842,ns
M1vsM2_12m,natural_breaks,Relative Disturbance,uWUE,Low,23,0.01104,47.8,0.7434,0.8842,ns
M1vsM2_24m,tertiles,Absolute Mortality,ETmax,High,22,0.00468,31.8,0.9136,0.9561,ns
M1vsM2_24m,tertiles,Absolute Mortality,GPPsat,High,22,-0.48681,63.6,0.1212,0.6025,ns
M1vsM2_24m,tertiles,Absolute Mortality,NEPmax,High,22,-0.68103,68.2,0.02206,0.514,ns
M1vsM2_24m,tertiles,Absolute Mortality,WUE,High,22,-0.00649,54.5,0.3131,0.6322,ns
M1vsM2_24m,tertiles,Absolute Mortality,uWUE,High,22,0.00227,50,0.3975,0.6322,ns
M1vsM2_24m,tertiles,Absolute Mortality,ETmax,Mid,21,0.00183,38.1,0.7673,0.8421,ns
M1vsM2_24m,tertiles,Absolute Mortality,GPPsat,Mid,21,-0.20371,57.1,0.2658,0.6322,ns
M1vsM2_24m,tertiles,Absolute Mortality,NEPmax,Mid,21,-0.42396,61.9,0.3133,0.6322,ns
M1vsM2_24m,tertiles,Absolute Mortality,WUE,Mid,21,-0.02923,52.4,0.3905,0.6322,ns
M1vsM2_24m,tertiles,Absolute Mortality,uWUE,Mid,21,-0.0141,57.1,0.4039,0.6322,ns
M1vsM2_24m,tertiles,Absolute Mortality,ETmax,Low,22,0.00083,40.9,0.7313,0.8421,ns
M1vsM2_24m,tertiles,Absolute Mortality,GPPsat,Low,22,0.10003,45.5,0.4228,0.6322,ns
M1vsM2_24m,tertiles,Absolute Mortality,NEPmax,Low,22,-0.59689,54.5,0.1212,0.6025,ns
M1vsM2_24m,tertiles,Absolute Mortality,WUE,Low,22,-0.02158,59.1,0.2179,0.6025,ns
M1vsM2_24m,tertiles,Absolute Mortality,uWUE,Low,22,-0.02787,59.1,0.3605,0.6322,ns
M1vsM2_24m,tertiles,Relative Mortality,ETmax,High,22,0.00277,36.4,0.7095,0.8402,ns
M1vsM2_24m,tertiles,Relative Mortality,GPPsat,High,22,-0.42114,59.1,0.1571,0.6025,ns
M1vsM2_24m,tertiles,Relative Mortality,NEPmax,High,22,-0.68103,59.1,0.03453,0.514,ns
M1vsM2_24m,tertiles,Relative Mortality,WUE,High,22,-0.02688,54.5,0.1571,0.6025,ns
M1vsM2_24m,tertiles,Relative Mortality,uWUE,High,22,-0.00294,59.1,0.2276,0.6025,ns
M1vsM2_24m,tertiles,Relative Mortality,ETmax,Mid,21,0.00313,23.8,0.9799,0.9799,ns
M1vsM2_24m,tertiles,Relative Mortality,GPPsat,Mid,21,-0.20371,57.1,0.4039,0.6322,ns
M1vsM2_24m,tertiles,Relative Mortality,NEPmax,Mid,21,-0.42396,66.7,0.431,0.6322,ns
M1vsM2_24m,tertiles,Relative Mortality,WUE,Mid,21,-0.02923,61.9,0.5553,0.7139,ns
M1vsM2_24m,tertiles,Relative Mortality,uWUE,Mid,21,0.00974,47.6,0.6743,0.8354,ns
M1vsM2_24m,tertiles,Relative Mortality,ETmax,Low,22,0.00015,50,0.5129,0.696,ns
M1vsM2_24m,tertiles,Relative Mortality,GPPsat,Low,22,-0.17691,50,0.1993,0.6025,ns
M1vsM2_24m,tertiles,Relative Mortality,NEPmax,Low,22,-0.87797,59.1,0.04265,0.514,ns
M1vsM2_24m,tertiles,Relative Mortality,WUE,Low,22,-0.00158,50,0.3365,0.6322,ns
M1vsM2_24m,tertiles,Relative Mortality,uWUE,Low,22,-0.02787,59.1,0.4355,0.6322,ns
M1vsM2_24m,tertiles,Relative Disturbance,ETmax,High,22,0.00224,40.9,0.6869,0.8354,ns
M1vsM2_24m,tertiles,Relative Disturbance,GPPsat,High,22,-0.42114,59.1,0.1817,0.6025,ns
M1vsM2_24m,tertiles,Relative Disturbance,NEPmax,High,22,-0.60007,59.1,0.04569,0.514,ns
M1vsM2_24m,tertiles,Relative Disturbance,WUE,High,22,-0.05517,59.1,0.06766,0.6025,ns
M1vsM2_24m,tertiles,Relative Disturbance,uWUE,High,22,-0.00294,59.1,0.2085,0.6025,ns
M1vsM2_24m,tertiles,Relative Disturbance,ETmax,Mid,21,0.00227,28.6,0.9589,0.9799,ns
M1vsM2_24m,tertiles,Relative Disturbance,GPPsat,Mid,21,-0.20371,57.1,0.1652,0.6025,ns
M1vsM2_24m,tertiles,Relative Disturbance,NEPmax,Mid,21,-0.42396,66.7,0.1924,0.6025,ns
M1vsM2_24m,tertiles,Relative Disturbance,WUE,Mid,21,-0.02923,57.1,0.5139,0.696,ns
M1vsM2_24m,tertiles,Relative Disturbance,uWUE,Mid,21,0.01681,42.9,0.8433,0.9035,ns
M1vsM2_24m,tertiles,Relative Disturbance,ETmax,Low,22,0.00083,40.9,0.7523,0.8421,ns
M1vsM2_24m,tertiles,Relative Disturbance,GPPsat,Low,22,-0.12255,50,0.3484,0.6322,ns
M1vsM2_24m,tertiles,Relative Disturbance,NEPmax,Low,22,-0.66154,59.1,0.1087,0.6025,ns
M1vsM2_24m,tertiles,Relative Disturbance,WUE,Low,22,-0.00158,50,0.5259,0.696,ns
M1vsM2_24m,tertiles,Relative Disturbance,uWUE,Low,22,-0.03279,63.6,0.2905,0.6322,ns
M1vsM2_24m,equal_width,Absolute Mortality,ETmax,Mid,21,0.00246,38.1,0.7673,0.8986,ns
M1vsM2_24m,equal_width,Absolute Mortality,GPPsat,Mid,21,-0.73158,71.4,0.03814,0.3814,ns
M1vsM2_24m,equal_width,Absolute Mortality,NEPmax,Mid,21,-0.66992,71.4,0.006797,0.2719,ns
M1vsM2_24m,equal_width,Absolute Mortality,WUE,Mid,21,-0.0121,57.1,0.2658,0.5595,ns
M1vsM2_24m,equal_width,Absolute Mortality,uWUE,Mid,21,-0.00408,57.1,0.2658,0.5595,ns
M1vsM2_24m,equal_width,Absolute Mortality,ETmax,Low,41,0.0012,39,0.8312,0.8986,ns
M1vsM2_24m,equal_width,Absolute Mortality,GPPsat,Low,41,0.01433,48.8,0.3251,0.6129,ns
M1vsM2_24m,equal_width,Absolute Mortality,NEPmax,Low,41,-0.44577,58.5,0.1244,0.4396,ns
M1vsM2_24m,equal_width,Absolute Mortality,WUE,Low,41,-0.01719,53.7,0.3204,0.6129,ns
M1vsM2_24m,equal_width,Absolute Mortality,uWUE,Low,41,-0.0141,56.1,0.4382,0.6421,ns
M1vsM2_24m,equal_width,Absolute Mortality,ETmax,High,3,0.009,0,,,""
M1vsM2_24m,equal_width,Absolute Mortality,GPPsat,High,3,0.92622,33.3,,,""
M1vsM2_24m,equal_width,Absolute Mortality,NEPmax,High,3,1.92582,33.3,,,""
M1vsM2_24m,equal_width,Absolute Mortality,WUE,High,3,-0.05289,66.7,,,""
M1vsM2_24m,equal_width,Absolute Mortality,uWUE,High,3,0.09885,33.3,,,""
M1vsM2_24m,equal_width,Relative Mortality,ETmax,Mid,26,0.00114,42.3,0.5706,0.7362,ns
M1vsM2_24m,equal_width,Relative Mortality,GPPsat,Mid,26,-0.27404,57.7,0.1319,0.4396,ns
M1vsM2_24m,equal_width,Relative Mortality,NEPmax,Mid,26,-0.60007,65.4,0.0284,0.3787,ns
M1vsM2_24m,equal_width,Relative Mortality,WUE,Mid,26,-0.02066,57.7,0.2307,0.5428,ns
M1vsM2_24m,equal_width,Relative Mortality,uWUE,Mid,26,-0.0024,53.8,0.4495,0.6421,ns
M1vsM2_24m,equal_width,Relative Mortality,ETmax,Low,32,0.0016,37.5,0.8897,0.9125,ns
M1vsM2_24m,equal_width,Relative Mortality,GPPsat,Low,32,-0.17676,53.1,0.2134,0.5428,ns
M1vsM2_24m,equal_width,Relative Mortality,NEPmax,Low,32,-0.59963,59.4,0.1213,0.4396,ns
M1vsM2_24m,equal_width,Relative Mortality,WUE,Low,32,-0.00158,50,0.4963,0.6845,ns
M1vsM2_24m,equal_width,Relative Mortality,uWUE,Low,32,-0.02787,56.2,0.4369,0.6421,ns
M1vsM2_24m,equal_width,Relative Mortality,ETmax,High,7,0.00645,14.3,0.974,0.974,ns
M1vsM2_24m,equal_width,Relative Mortality,GPPsat,High,7,-0.21303,57.1,0.6001,0.7501,ns
M1vsM2_24m,equal_width,Relative Mortality,NEPmax,High,7,-0.24869,57.1,0.3999,0.6421,ns
M1vsM2_24m,equal_width,Relative Mortality,WUE,High,7,-0.08423,71.4,0.1024,0.4396,ns
M1vsM2_24m,equal_width,Relative Mortality,uWUE,High,7,-0.00181,57.1,0.2234,0.5428,ns
M1vsM2_24m,equal_width,Relative Disturbance,ETmax,Mid,27,0.00183,37,0.7895,0.8986,ns
M1vsM2_24m,equal_width,Relative Disturbance,GPPsat,Mid,27,-0.20371,51.9,0.3371,0.6129,ns
M1vsM2_24m,equal_width,Relative Disturbance,NEPmax,Mid,27,-0.42396,63,0.1125,0.4396,ns
M1vsM2_24m,equal_width,Relative Disturbance,WUE,Mid,27,-0.00088,51.9,0.543,0.7241,ns
M1vsM2_24m,equal_width,Relative Disturbance,uWUE,Mid,27,-0.00073,51.9,0.6803,0.8246,ns
M1vsM2_24m,equal_width,Relative Disturbance,ETmax,High,9,0.0057,33.3,0.8284,0.8986,ns
M1vsM2_24m,equal_width,Relative Disturbance,GPPsat,High,9,-0.62925,66.7,0.2035,0.5428,ns
M1vsM2_24m,equal_width,Relative Disturbance,NEPmax,High,9,-0.94454,66.7,0.07757,0.4396,ns
M1vsM2_24m,equal_width,Relative Disturbance,WUE,High,9,-0.08423,77.8,0.02201,0.3787,ns
M1vsM2_24m,equal_width,Relative Disturbance,uWUE,High,9,-0.13358,55.6,0.09626,0.4396,ns
M1vsM2_24m,equal_width,Relative Disturbance,ETmax,Low,29,0.00147,37.9,0.8741,0.9125,ns
M1vsM2_24m,equal_width,Relative Disturbance,GPPsat,Low,29,-0.32188,55.2,0.1819,0.5428,ns
M1vsM2_24m,equal_width,Relative Disturbance,NEPmax,Low,29,-0.75348,58.6,0.1049,0.4396,ns
M1vsM2_24m,equal_width,Relative Disturbance,WUE,Low,29,-0.00498,51.7,0.4313,0.6421,ns
M1vsM2_24m,equal_width,Relative Disturbance,uWUE,Low,29,-0.03194,58.6,0.406,0.6421,ns
M1vsM2_24m,natural_breaks,Absolute Mortality,ETmax,High,14,0.00468,28.6,0.8424,0.8944,ns
M1vsM2_24m,natural_breaks,Absolute Mortality,GPPsat,High,14,-0.42114,64.3,0.2449,0.6123,ns
M1vsM2_24m,natural_breaks,Absolute Mortality,NEPmax,High,14,-0.9349,71.4,0.02582,0.5443,ns
M1vsM2_24m,natural_breaks,Absolute Mortality,WUE,High,14,0.00546,50,0.4009,0.6733,ns
M1vsM2_24m,natural_breaks,Absolute Mortality,uWUE,High,14,-0.00294,57.1,0.2449,0.6123,ns
M1vsM2_24m,natural_breaks,Absolute Mortality,ETmax,Mid,32,0.00165,40.6,0.8546,0.8944,ns
M1vsM2_24m,natural_breaks,Absolute Mortality,GPPsat,Mid,32,-0.54583,59.4,0.07107,0.5443,ns
M1vsM2_24m,natural_breaks,Absolute Mortality,NEPmax,Mid,32,-0.488,65.6,0.08466,0.5443,ns
M1vsM2_24m,natural_breaks,Absolute Mortality,WUE,Mid,32,-0.02066,53.1,0.3931,0.6733,ns
M1vsM2_24m,natural_breaks,Absolute Mortality,uWUE,Mid,32,-0.00418,53.1,0.541,0.7762,ns
M1vsM2_24m,natural_breaks,Absolute Mortality,ETmax,Low,19,0.00117,36.8,0.7837,0.8601,ns
M1vsM2_24m,natural_breaks,Absolute Mortality,GPPsat,Low,19,0.12329,42.1,0.6637,0.8354,ns
M1vsM2_24m,natural_breaks,Absolute Mortality,NEPmax,Low,19,0.00548,47.4,0.3363,0.6733,ns
M1vsM2_24m,natural_breaks,Absolute Mortality,WUE,Low,19,-0.02597,63.2,0.1722,0.591,ns
M1vsM2_24m,natural_breaks,Absolute Mortality,uWUE,Low,19,-0.03194,57.9,0.444,0.6733,ns
M1vsM2_24m,natural_breaks,Relative Mortality,ETmax,High,23,0.00246,34.8,0.7335,0.8601,ns
M1vsM2_24m,natural_breaks,Relative Mortality,GPPsat,High,23,-0.21303,56.5,0.1768,0.591,ns
M1vsM2_24m,natural_breaks,Relative Mortality,NEPmax,High,23,-0.69213,60.9,0.02489,0.5443,ns
M1vsM2_24m,natural_breaks,Relative Mortality,WUE,High,23,-0.05289,56.5,0.127,0.591,ns
M1vsM2_24m,natural_breaks,Relative Mortality,uWUE,High,23,-0.00408,60.9,0.2101,0.591,ns
M1vsM2_24m,natural_breaks,Relative Mortality,ETmax,Mid,18,0.00356,27.8,0.9592,0.9592,ns
M1vsM2_24m,natural_breaks,Relative Mortality,GPPsat,Mid,18,-0.27404,61.1,0.3006,0.6733,ns
M1vsM2_24m,natural_breaks,Relative Mortality,NEPmax,Mid,18,-0.30378,66.7,0.4138,0.6733,ns
M1vsM2_24m,natural_breaks,Relative Mortality,WUE,Mid,18,-0.02972,61.1,0.552,0.7762,ns
M1vsM2_24m,natural_breaks,Relative Mortality,uWUE,Mid,18,0.01328,44.4,0.684,0.8354,ns
M1vsM2_24m,natural_breaks,Relative Mortality,ETmax,Low,24,0.00043,45.8,0.6607,0.8354,ns
M1vsM2_24m,natural_breaks,Relative Mortality,GPPsat,Low,24,-0.12255,50,0.2695,0.6383,ns
M1vsM2_24m,natural_breaks,Relative Mortality,NEPmax,Low,24,-0.6055,58.3,0.08292,0.5443,ns
M1vsM2_24m,natural_breaks,Relative Mortality,WUE,Low,24,-0.00158,50,0.4488,0.6733,ns
M1vsM2_24m,natural_breaks,Relative Mortality,uWUE,Low,24,-0.02787,58.3,0.4376,0.6733,ns
M1vsM2_24m,natural_breaks,Relative Disturbance,ETmax,High,22,0.00224,40.9,0.6869,0.8354,ns
M1vsM2_24m,natural_breaks,Relative Disturbance,GPPsat,High,22,-0.42114,59.1,0.1817,0.591,ns
M1vsM2_24m,natural_breaks,Relative Disturbance,NEPmax,High,22,-0.60007,59.1,0.04569,0.5443,ns
M1vsM2_24m,natural_breaks,Relative Disturbance,WUE,High,22,-0.05517,59.1,0.06766,0.5443,ns
M1vsM2_24m,natural_breaks,Relative Disturbance,uWUE,High,22,-0.00294,59.1,0.2085,0.591,ns
M1vsM2_24m,natural_breaks,Relative Disturbance,ETmax,Mid,20,0.0027,30,0.9517,0.9592,ns
M1vsM2_24m,natural_breaks,Relative Disturbance,GPPsat,Mid,20,-0.27404,60,0.1354,0.591,ns
M1vsM2_24m,natural_breaks,Relative Disturbance,NEPmax,Mid,20,-0.58872,70,0.2005,0.591,ns
M1vsM2_24m,natural_breaks,Relative Disturbance,WUE,Mid,20,-0.02066,55,0.6386,0.8354,ns
M1vsM2_24m,natural_breaks,Relative Disturbance,uWUE,Mid,20,0.01328,45,0.778,0.8601,ns
M1vsM2_24m,natural_breaks,Relative Disturbance,ETmax,Low,23,0.00117,39.1,0.781,0.8601,ns
M1vsM2_24m,natural_breaks,Relative Disturbance,GPPsat,Low,23,0.07677,47.8,0.3863,0.6733,ns
M1vsM2_24m,natural_breaks,Relative Disturbance,NEPmax,Low,23,-0.44577,56.5,0.1148,0.591,ns
M1vsM2_24m,natural_breaks,Relative Disturbance,WUE,Low,23,-0.00498,52.2,0.4216,0.6733,ns
M1vsM2_24m,natural_breaks,Relative Disturbance,uWUE,Low,23,-0.03194,60.9,0.3863,0.6733,ns
M3vsM4_12m,tertiles,Absolute Mortality,ETmax,High,22,-0.00051,54.5,0.3484,0.7127,ns
M3vsM4_12m,tertiles,Absolute Mortality,GPPsat,High,22,-0.5786,72.7,0.02383,0.3238,ns
M3vsM4_12m,tertiles,Absolute Mortality,NEPmax,High,22,-0.659,63.6,0.02985,0.3238,ns
M3vsM4_12m,tertiles,Absolute Mortality,WUE,High,22,0.01407,45.5,0.5517,0.7925,ns
M3vsM4_12m,tertiles,Absolute Mortality,uWUE,High,22,0.02049,40.9,0.8506,0.8993,ns
M3vsM4_12m,tertiles,Absolute Mortality,ETmax,Mid,21,0.00026,38.1,0.6359,0.7925,ns
M3vsM4_12m,tertiles,Absolute Mortality,GPPsat,Mid,21,0.19144,47.6,0.4447,0.7925,ns
M3vsM4_12m,tertiles,Absolute Mortality,NEPmax,Mid,21,0.06889,42.9,0.6743,0.7925,ns
M3vsM4_12m,tertiles,Absolute Mortality,WUE,Mid,21,0.01012,47.6,0.5,0.7925,ns
M3vsM4_12m,tertiles,Absolute Mortality,uWUE,Mid,21,-0.00264,52.4,0.6095,0.7925,ns
M3vsM4_12m,tertiles,Absolute Mortality,ETmax,Low,22,8e-04,45.5,0.6869,0.7925,ns
M3vsM4_12m,tertiles,Absolute Mortality,GPPsat,Low,22,-0.46863,68.2,0.05958,0.3238,ns
M3vsM4_12m,tertiles,Absolute Mortality,NEPmax,Low,22,-0.37468,59.1,0.142,0.4203,ns
M3vsM4_12m,tertiles,Absolute Mortality,WUE,Low,22,-0.00042,50,0.3484,0.7127,ns
M3vsM4_12m,tertiles,Absolute Mortality,uWUE,Low,22,-0.0298,63.6,0.08635,0.3238,ns
M3vsM4_12m,tertiles,Relative Mortality,ETmax,High,22,-0.00101,59.1,0.1494,0.4203,ns
M3vsM4_12m,tertiles,Relative Mortality,GPPsat,High,22,-0.29759,63.6,0.09704,0.3359,ns
M3vsM4_12m,tertiles,Relative Mortality,NEPmax,High,22,-0.37058,63.6,0.02571,0.3238,ns
M3vsM4_12m,tertiles,Relative Mortality,WUE,High,22,0.01407,45.5,0.6273,0.7925,ns
M3vsM4_12m,tertiles,Relative Mortality,uWUE,High,22,0.0153,40.9,0.8183,0.8982,ns
M3vsM4_12m,tertiles,Relative Mortality,ETmax,Mid,21,0.00042,42.9,0.5139,0.7925,ns
M3vsM4_12m,tertiles,Relative Mortality,GPPsat,Mid,21,-0.50399,52.4,0.2773,0.6239,ns
M3vsM4_12m,tertiles,Relative Mortality,NEPmax,Mid,21,0.47325,38.1,0.8594,0.8993,ns
M3vsM4_12m,tertiles,Relative Mortality,WUE,Mid,21,-0.01697,57.1,0.2773,0.6239,ns
M3vsM4_12m,tertiles,Relative Mortality,uWUE,Mid,21,-0.01013,52.4,0.6867,0.7925,ns
M3vsM4_12m,tertiles,Relative Mortality,ETmax,Low,22,0.00172,36.4,0.8973,0.9177,ns
M3vsM4_12m,tertiles,Relative Mortality,GPPsat,Low,22,-0.46863,72.7,0.04889,0.3238,ns
M3vsM4_12m,tertiles,Relative Mortality,NEPmax,Low,22,-0.37468,63.6,0.05583,0.3238,ns
M3vsM4_12m,tertiles,Relative Mortality,WUE,Low,22,0.01307,40.9,0.6025,0.7925,ns
M3vsM4_12m,tertiles,Relative Mortality,uWUE,Low,22,-0.01212,63.6,0.08135,0.3238,ns
M3vsM4_12m,tertiles,Relative Disturbance,ETmax,High,22,-0.00099,59.1,0.1993,0.5276,ns
M3vsM4_12m,tertiles,Relative Disturbance,GPPsat,High,22,-0.46067,68.2,0.05226,0.3238,ns
M3vsM4_12m,tertiles,Relative Disturbance,NEPmax,High,22,-0.34748,59.1,0.06766,0.3238,ns
M3vsM4_12m,tertiles,Relative Disturbance,WUE,High,22,-0.00798,50,0.4101,0.7925,ns
M3vsM4_12m,tertiles,Relative Disturbance,uWUE,High,22,0.0153,45.5,0.7724,0.8689,ns
M3vsM4_12m,tertiles,Relative Disturbance,ETmax,Mid,21,0.00026,42.9,0.2658,0.6239,ns
M3vsM4_12m,tertiles,Relative Disturbance,GPPsat,Mid,21,0.06656,47.6,0.5415,0.7925,ns
M3vsM4_12m,tertiles,Relative Disturbance,NEPmax,Mid,21,0.05096,47.6,0.6489,0.7925,ns
M3vsM4_12m,tertiles,Relative Disturbance,WUE,Mid,21,-0.00991,52.4,0.4447,0.7925,ns
M3vsM4_12m,tertiles,Relative Disturbance,uWUE,Mid,21,-0.00196,52.4,0.5826,0.7925,ns
M3vsM4_12m,tertiles,Relative Disturbance,ETmax,Low,22,0.00172,36.4,0.9543,0.9543,ns
M3vsM4_12m,tertiles,Relative Disturbance,GPPsat,Low,22,-0.59711,72.7,0.02383,0.3238,ns
M3vsM4_12m,tertiles,Relative Disturbance,NEPmax,Low,22,-0.37468,59.1,0.07201,0.3238,ns
M3vsM4_12m,tertiles,Relative Disturbance,WUE,Low,22,0.01719,40.9,0.6149,0.7925,ns
M3vsM4_12m,tertiles,Relative Disturbance,uWUE,Low,22,-0.0298,59.1,0.142,0.4203,ns
M3vsM4_12m,equal_width,Absolute Mortality,ETmax,Mid,21,-0.00122,61.9,0.06309,0.3127,ns
M3vsM4_12m,equal_width,Absolute Mortality,GPPsat,Mid,21,-0.65321,71.4,0.01558,0.1247,ns
M3vsM4_12m,equal_width,Absolute Mortality,NEPmax,Mid,21,-1.0172,71.4,0.01427,0.1247,ns
M3vsM4_12m,equal_width,Absolute Mortality,WUE,Mid,21,-0.03122,57.1,0.2222,0.4939,ns
M3vsM4_12m,equal_width,Absolute Mortality,uWUE,Mid,21,-0.00942,52.4,0.4039,0.6709,ns
M3vsM4_12m,equal_width,Absolute Mortality,ETmax,Low,41,0.00042,41.5,0.7069,0.8316,ns
M3vsM4_12m,equal_width,Absolute Mortality,GPPsat,Low,41,-0.39415,58.5,0.1624,0.4894,ns
M3vsM4_12m,equal_width,Absolute Mortality,NEPmax,Low,41,0.05096,48.8,0.373,0.6709,ns
M3vsM4_12m,equal_width,Absolute Mortality,WUE,Low,41,0.01012,46.3,0.4897,0.6754,ns
M3vsM4_12m,equal_width,Absolute Mortality,uWUE,Low,41,-0.00264,56.1,0.3632,0.6709,ns
M3vsM4_12m,equal_width,Absolute Mortality,ETmax,High,3,0.01772,0,,,""
M3vsM4_12m,equal_width,Absolute Mortality,GPPsat,High,3,-0.41734,66.7,,,""
M3vsM4_12m,equal_width,Absolute Mortality,NEPmax,High,3,0.22122,33.3,,,""
M3vsM4_12m,equal_width,Absolute Mortality,WUE,High,3,0.07724,0,,,""
M3vsM4_12m,equal_width,Absolute Mortality,uWUE,High,3,0.17766,0,,,""
M3vsM4_12m,equal_width,Relative Mortality,ETmax,Mid,26,-0.00252,65.4,0.01447,0.1247,ns
M3vsM4_12m,equal_width,Relative Mortality,GPPsat,Mid,26,0.03176,50,0.4394,0.6709,ns
M3vsM4_12m,equal_width,Relative Mortality,NEPmax,Mid,26,-0.30784,57.7,0.07036,0.3127,ns
M3vsM4_12m,equal_width,Relative Mortality,WUE,Mid,26,-0.00093,50,0.5405,0.6974,ns
M3vsM4_12m,equal_width,Relative Mortality,uWUE,Mid,26,-0.00978,53.8,0.4696,0.6709,ns
M3vsM4_12m,equal_width,Relative Mortality,ETmax,Low,32,0.00119,34.4,0.9031,0.9764,ns
M3vsM4_12m,equal_width,Relative Mortality,GPPsat,Low,32,-0.56259,71.9,0.01335,0.1247,ns
M3vsM4_12m,equal_width,Relative Mortality,NEPmax,Low,32,-0.11794,53.1,0.208,0.4894,ns
M3vsM4_12m,equal_width,Relative Mortality,WUE,Low,32,0.00532,46.9,0.4295,0.6709,ns
M3vsM4_12m,equal_width,Relative Mortality,uWUE,Low,32,-0.01212,59.4,0.1872,0.4894,ns
M3vsM4_12m,equal_width,Relative Mortality,ETmax,High,7,0.00209,28.6,0.974,0.9827,ns
M3vsM4_12m,equal_width,Relative Mortality,GPPsat,High,7,-1.38152,71.4,0.1763,0.4894,ns
M3vsM4_12m,equal_width,Relative Mortality,NEPmax,High,7,-0.32848,57.1,0.3363,0.6709,ns
M3vsM4_12m,equal_width,Relative Mortality,WUE,High,7,0.01303,42.9,0.4663,0.6709,ns
M3vsM4_12m,equal_width,Relative Mortality,uWUE,High,7,0.1289,14.3,0.9827,0.9827,ns
M3vsM4_12m,equal_width,Relative Disturbance,ETmax,Mid,27,-0.00248,66.7,0.007373,0.1247,ns
M3vsM4_12m,equal_width,Relative Disturbance,GPPsat,Mid,27,-0.00304,51.9,0.4191,0.6709,ns
M3vsM4_12m,equal_width,Relative Disturbance,NEPmax,Mid,27,-0.2492,55.6,0.09934,0.3973,ns
M3vsM4_12m,equal_width,Relative Disturbance,WUE,Mid,27,0.01834,48.1,0.6973,0.8316,ns
M3vsM4_12m,equal_width,Relative Disturbance,uWUE,Mid,27,0.00732,48.1,0.6272,0.7839,ns
M3vsM4_12m,equal_width,Relative Disturbance,ETmax,High,9,0.00209,33.3,0.8568,0.952,ns
M3vsM4_12m,equal_width,Relative Disturbance,GPPsat,High,9,-1.48823,77.8,0.06177,0.3127,ns
M3vsM4_12m,equal_width,Relative Disturbance,NEPmax,High,9,-0.37467,66.7,0.1181,0.4293,ns
M3vsM4_12m,equal_width,Relative Disturbance,WUE,High,9,-0.06397,55.6,0.2035,0.4894,ns
M3vsM4_12m,equal_width,Relative Disturbance,uWUE,High,9,0.09597,44.4,0.8568,0.952,ns
M3vsM4_12m,equal_width,Relative Disturbance,ETmax,Low,29,0.00218,31,0.9767,0.9827,ns
M3vsM4_12m,equal_width,Relative Disturbance,GPPsat,Low,29,-0.5901,69,0.02455,0.1637,ns
M3vsM4_12m,equal_width,Relative Disturbance,NEPmax,Low,29,-0.05216,51.7,0.287,0.6042,ns
M3vsM4_12m,equal_width,Relative Disturbance,WUE,Low,29,0.01012,44.8,0.5086,0.6782,ns
M3vsM4_12m,equal_width,Relative Disturbance,uWUE,Low,29,-0.0216,58.6,0.1995,0.4894,ns
M3vsM4_12m,natural_breaks,Absolute Mortality,ETmax,High,14,-0.00051,57.1,0.3532,0.6358,ns
M3vsM4_12m,natural_breaks,Absolute Mortality,GPPsat,High,14,-0.29759,71.4,0.08363,0.4041,ns
M3vsM4_12m,natural_breaks,Absolute Mortality,NEPmax,High,14,-1.14422,71.4,0.01915,0.4041,ns
M3vsM4_12m,natural_breaks,Absolute Mortality,WUE,High,14,0.01673,35.7,0.8103,0.8681,ns
M3vsM4_12m,natural_breaks,Absolute Mortality,uWUE,High,14,0.04139,28.6,0.9417,0.9624,ns
M3vsM4_12m,natural_breaks,Absolute Mortality,ETmax,Mid,32,0.00025,43.8,0.5037,0.7556,ns
M3vsM4_12m,natural_breaks,Absolute Mortality,GPPsat,Mid,32,-0.51953,56.2,0.1251,0.4041,ns
M3vsM4_12m,natural_breaks,Absolute Mortality,NEPmax,Mid,32,0.0116,50,0.3035,0.6358,ns
M3vsM4_12m,natural_breaks,Absolute Mortality,WUE,Mid,32,-0.00079,50,0.3167,0.6358,ns
M3vsM4_12m,natural_breaks,Absolute Mortality,uWUE,Mid,32,-0.01823,56.2,0.4442,0.72,ns
M3vsM4_12m,natural_breaks,Absolute Mortality,ETmax,Low,19,0.00127,42.1,0.7467,0.8615,ns
M3vsM4_12m,natural_breaks,Absolute Mortality,GPPsat,Low,19,-0.4639,68.4,0.1257,0.4041,ns
M3vsM4_12m,natural_breaks,Absolute Mortality,NEPmax,Low,19,-0.05216,52.6,0.3511,0.6358,ns
M3vsM4_12m,natural_breaks,Absolute Mortality,WUE,Low,19,-0.00136,52.6,0.2406,0.5699,ns
M3vsM4_12m,natural_breaks,Absolute Mortality,uWUE,Low,19,-0.0216,63.2,0.1524,0.4572,ns
M3vsM4_12m,natural_breaks,Relative Mortality,ETmax,High,23,-0.00127,60.9,0.1148,0.4041,ns
M3vsM4_12m,natural_breaks,Relative Mortality,GPPsat,High,23,-0.17784,60.9,0.1034,0.4041,ns
M3vsM4_12m,natural_breaks,Relative Mortality,NEPmax,High,23,-0.37467,65.2,0.01861,0.4041,ns
M3vsM4_12m,natural_breaks,Relative Mortality,WUE,High,23,0.01303,47.8,0.5544,0.756,ns
M3vsM4_12m,natural_breaks,Relative Mortality,uWUE,High,23,0.01234,43.5,0.7434,0.8615,ns
M3vsM4_12m,natural_breaks,Relative Mortality,ETmax,Mid,18,0.00067,38.9,0.6362,0.7953,ns
M3vsM4_12m,natural_breaks,Relative Mortality,GPPsat,Mid,18,-0.51953,55.6,0.2856,0.6358,ns
M3vsM4_12m,natural_breaks,Relative Mortality,NEPmax,Mid,18,0.30176,38.9,0.8081,0.8681,ns
M3vsM4_12m,natural_breaks,Relative Mortality,WUE,Mid,18,-0.01434,55.6,0.3475,0.6358,ns
M3vsM4_12m,natural_breaks,Relative Mortality,uWUE,Mid,18,0.02035,50,0.6994,0.8506,ns
M3vsM4_12m,natural_breaks,Relative Mortality,ETmax,Low,24,0.00119,37.5,0.8821,0.9232,ns
M3vsM4_12m,natural_breaks,Relative Mortality,GPPsat,Low,24,-0.46863,70.8,0.05021,0.4041,ns
M3vsM4_12m,natural_breaks,Relative Mortality,NEPmax,Low,24,-0.23082,58.3,0.1123,0.4041,ns
M3vsM4_12m,natural_breaks,Relative Mortality,WUE,Low,24,0.01307,41.7,0.607,0.789,ns
M3vsM4_12m,natural_breaks,Relative Mortality,uWUE,Low,24,-0.01212,62.5,0.107,0.4041,ns
M3vsM4_12m,natural_breaks,Relative Disturbance,ETmax,High,22,-0.00099,59.1,0.1993,0.5562,ns
M3vsM4_12m,natural_breaks,Relative Disturbance,GPPsat,High,22,-0.46067,68.2,0.05226,0.4041,ns
M3vsM4_12m,natural_breaks,Relative Disturbance,NEPmax,High,22,-0.34748,59.1,0.06766,0.4041,ns
M3vsM4_12m,natural_breaks,Relative Disturbance,WUE,High,22,-0.00798,50,0.4101,0.7098,ns
M3vsM4_12m,natural_breaks,Relative Disturbance,uWUE,High,22,0.0153,45.5,0.7724,0.8681,ns
M3vsM4_12m,natural_breaks,Relative Disturbance,ETmax,Mid,20,0.00015,45,0.2333,0.5699,ns
M3vsM4_12m,natural_breaks,Relative Disturbance,GPPsat,Mid,20,0.00722,50,0.4777,0.7412,ns
M3vsM4_12m,natural_breaks,Relative Disturbance,NEPmax,Mid,20,0.0116,50,0.552,0.756,ns
M3vsM4_12m,natural_breaks,Relative Disturbance,WUE,Mid,20,-0.00079,50,0.448,0.72,ns
M3vsM4_12m,natural_breaks,Relative Disturbance,uWUE,Mid,20,-0.0023,55,0.5223,0.756,ns
M3vsM4_12m,natural_breaks,Relative Disturbance,ETmax,Low,23,0.00218,34.8,0.9624,0.9624,ns
M3vsM4_12m,natural_breaks,Relative Disturbance,GPPsat,Low,23,-0.5901,69.6,0.04016,0.4041,ns
M3vsM4_12m,natural_breaks,Relative Disturbance,NEPmax,Low,23,-0.27791,56.5,0.09807,0.4041,ns
M3vsM4_12m,natural_breaks,Relative Disturbance,WUE,Low,23,0.01602,43.5,0.6137,0.789,ns
M3vsM4_12m,natural_breaks,Relative Disturbance,uWUE,Low,23,-0.0216,56.5,0.2101,0.5562,ns
M3vsM4_24m,tertiles,Absolute Mortality,ETmax,High,22,-0.00185,68.2,0.165,0.3536,ns
M3vsM4_24m,tertiles,Absolute Mortality,GPPsat,High,22,-0.46501,63.6,0.02772,0.2062,ns
M3vsM4_24m,tertiles,Absolute Mortality,NEPmax,High,22,-0.60256,72.7,0.01153,0.2062,ns
M3vsM4_24m,tertiles,Absolute Mortality,WUE,High,22,-0.00893,50,0.1993,0.3899,ns
M3vsM4_24m,tertiles,Absolute Mortality,uWUE,High,22,-0.06257,77.3,0.02985,0.2062,ns
M3vsM4_24m,tertiles,Absolute Mortality,ETmax,Mid,21,-0.00268,61.9,0.1831,0.3745,ns
M3vsM4_24m,tertiles,Absolute Mortality,GPPsat,Mid,21,0.10066,47.6,0.4585,0.6252,ns
M3vsM4_24m,tertiles,Absolute Mortality,NEPmax,Mid,21,-0.01748,52.4,0.5826,0.6543,ns
M3vsM4_24m,tertiles,Absolute Mortality,WUE,Mid,21,-0.00191,52.4,0.4174,0.5945,ns
M3vsM4_24m,tertiles,Absolute Mortality,uWUE,Mid,21,-0.04306,52.4,0.5139,0.6543,ns
M3vsM4_24m,tertiles,Absolute Mortality,ETmax,Low,22,0.00081,36.4,0.7724,0.7899,ns
M3vsM4_24m,tertiles,Absolute Mortality,GPPsat,Low,22,-0.00097,50,0.2276,0.4097,ns
M3vsM4_24m,tertiles,Absolute Mortality,NEPmax,Low,22,-0.21775,59.1,0.09704,0.2729,ns
M3vsM4_24m,tertiles,Absolute Mortality,WUE,Low,22,-0.00583,50,0.2687,0.4622,ns
M3vsM4_24m,tertiles,Absolute Mortality,uWUE,Low,22,-0.02576,63.6,0.1148,0.304,ns
M3vsM4_24m,tertiles,Relative Mortality,ETmax,High,22,-0.00326,72.7,0.05583,0.2062,ns
M3vsM4_24m,tertiles,Relative Mortality,GPPsat,High,22,-0.60316,59.1,0.03979,0.2062,ns
M3vsM4_24m,tertiles,Relative Mortality,NEPmax,High,22,-0.51847,63.6,0.02041,0.2062,ns
M3vsM4_24m,tertiles,Relative Mortality,WUE,High,22,-0.12774,59.1,0.05226,0.2062,ns
M3vsM4_24m,tertiles,Relative Mortality,uWUE,High,22,-0.06988,72.7,0.07201,0.216,ns
M3vsM4_24m,tertiles,Relative Mortality,ETmax,Mid,21,0.00104,47.6,0.6989,0.7489,ns
M3vsM4_24m,tertiles,Relative Mortality,GPPsat,Mid,21,-0.13265,52.4,0.5961,0.6543,ns
M3vsM4_24m,tertiles,Relative Mortality,NEPmax,Mid,21,-0.03348,57.1,0.5553,0.6543,ns
M3vsM4_24m,tertiles,Relative Mortality,WUE,Mid,21,0.00748,47.6,0.5139,0.6543,ns
M3vsM4_24m,tertiles,Relative Mortality,uWUE,Mid,21,-0.0248,52.4,0.3011,0.4838,ns
M3vsM4_24m,tertiles,Relative Mortality,ETmax,Low,22,0.00015,45.5,0.5388,0.6543,ns
M3vsM4_24m,tertiles,Relative Mortality,GPPsat,Low,22,-0.00097,50,0.1494,0.3536,ns
M3vsM4_24m,tertiles,Relative Mortality,NEPmax,Low,22,-0.29635,63.6,0.04889,0.2062,ns
M3vsM4_24m,tertiles,Relative Mortality,WUE,Low,22,0.00302,45.5,0.5772,0.6543,ns
M3vsM4_24m,tertiles,Relative Mortality,uWUE,Low,22,-0.03237,68.2,0.165,0.3536,ns
M3vsM4_24m,tertiles,Relative Disturbance,ETmax,High,22,-0.00327,72.7,0.05583,0.2062,ns
M3vsM4_24m,tertiles,Relative Disturbance,GPPsat,High,22,-0.60316,63.6,0.02772,0.2062,ns
M3vsM4_24m,tertiles,Relative Disturbance,NEPmax,High,22,-0.50545,63.6,0.03212,0.2062,ns
M3vsM4_24m,tertiles,Relative Disturbance,WUE,High,22,-0.12774,59.1,0.02383,0.2062,ns
M3vsM4_24m,tertiles,Relative Disturbance,uWUE,High,22,-0.06988,72.7,0.07201,0.216,ns
M3vsM4_24m,tertiles,Relative Disturbance,ETmax,Mid,21,-0.00174,57.1,0.3772,0.5853,ns
M3vsM4_24m,tertiles,Relative Disturbance,GPPsat,Mid,21,0.16824,47.6,0.5961,0.6543,ns
M3vsM4_24m,tertiles,Relative Disturbance,NEPmax,Mid,21,-0.03348,57.1,0.4174,0.5945,ns
M3vsM4_24m,tertiles,Relative Disturbance,WUE,Mid,21,0.00748,42.9,0.7227,0.7563,ns
M3vsM4_24m,tertiles,Relative Disturbance,uWUE,Mid,21,-0.0266,52.4,0.2773,0.4622,ns
M3vsM4_24m,tertiles,Relative Disturbance,ETmax,Low,22,0.00095,36.4,0.8429,0.8429,ns
M3vsM4_24m,tertiles,Relative Disturbance,GPPsat,Low,22,-0.00097,50,0.2085,0.3909,ns
M3vsM4_24m,tertiles,Relative Disturbance,NEPmax,Low,22,-0.29635,63.6,0.05958,0.2062,ns
M3vsM4_24m,tertiles,Relative Disturbance,WUE,Low,22,-0.00583,50,0.4228,0.5945,ns
M3vsM4_24m,tertiles,Relative Disturbance,uWUE,Low,22,-0.03237,68.2,0.1348,0.3371,ns
M3vsM4_24m,equal_width,Absolute Mortality,ETmax,Mid,21,-0.00361,81,0.005585,0.06797,ns
M3vsM4_24m,equal_width,Absolute Mortality,GPPsat,Mid,21,-0.6463,71.4,0.005585,0.06797,ns
M3vsM4_24m,equal_width,Absolute Mortality,NEPmax,Mid,21,-0.67828,81,0.003353,0.06797,ns
M3vsM4_24m,equal_width,Absolute Mortality,WUE,Mid,21,-0.02732,52.4,0.133,0.2956,ns
M3vsM4_24m,equal_width,Absolute Mortality,uWUE,Mid,21,-0.07499,81,0.006797,0.06797,ns
M3vsM4_24m,equal_width,Absolute Mortality,ETmax,Low,41,0.00017,46.3,0.5821,0.6418,ns
M3vsM4_24m,equal_width,Absolute Mortality,GPPsat,Low,41,0.04717,46.3,0.4639,0.5488,ns
M3vsM4_24m,equal_width,Absolute Mortality,NEPmax,Low,41,-0.02792,53.7,0.3251,0.4982,ns
M3vsM4_24m,equal_width,Absolute Mortality,WUE,Low,41,-0.00191,51.2,0.2931,0.4886,ns
M3vsM4_24m,equal_width,Absolute Mortality,uWUE,Low,41,-0.0218,56.1,0.3487,0.4982,ns
M3vsM4_24m,equal_width,Absolute Mortality,ETmax,High,3,0.00716,0,,,""
M3vsM4_24m,equal_width,Absolute Mortality,GPPsat,High,3,0.19037,33.3,,,""
M3vsM4_24m,equal_width,Absolute Mortality,NEPmax,High,3,0.03887,33.3,,,""
M3vsM4_24m,equal_width,Absolute Mortality,WUE,High,3,0.07643,33.3,,,""
M3vsM4_24m,equal_width,Absolute Mortality,uWUE,High,3,-0.02243,66.7,,,""
M3vsM4_24m,equal_width,Relative Mortality,ETmax,Mid,26,-0.00327,76.9,0.00973,0.07784,ns
M3vsM4_24m,equal_width,Relative Mortality,GPPsat,Mid,26,-0.00915,50,0.3147,0.4982,ns
M3vsM4_24m,equal_width,Relative Mortality,NEPmax,Mid,26,-0.50545,73.1,0.01751,0.1001,ns
M3vsM4_24m,equal_width,Relative Mortality,WUE,Mid,26,0.00985,46.2,0.4195,0.5413,ns
M3vsM4_24m,equal_width,Relative Mortality,uWUE,Mid,26,-0.05413,61.5,0.1737,0.3656,ns
M3vsM4_24m,equal_width,Relative Mortality,ETmax,Low,32,0.00095,37.5,0.8503,0.8602,ns
M3vsM4_24m,equal_width,Relative Mortality,GPPsat,Low,32,-0.20551,56.2,0.07901,0.2257,ns
M3vsM4_24m,equal_width,Relative Mortality,NEPmax,Low,32,-0.09157,56.2,0.1974,0.3886,ns
M3vsM4_24m,equal_width,Relative Mortality,WUE,Low,32,-0.00035,50,0.3438,0.4982,ns
M3vsM4_24m,equal_width,Relative Mortality,uWUE,Low,32,-0.03552,65.6,0.06613,0.2257,ns
M3vsM4_24m,equal_width,Relative Mortality,ETmax,High,7,-0.00016,57.1,0.7766,0.8174,ns
M3vsM4_24m,equal_width,Relative Mortality,GPPsat,High,7,-0.71434,57.1,0.2234,0.3886,ns
M3vsM4_24m,equal_width,Relative Mortality,NEPmax,High,7,0.03887,42.9,0.4663,0.5488,ns
M3vsM4_24m,equal_width,Relative Mortality,WUE,High,7,-0.14723,71.4,0.07539,0.2257,ns
M3vsM4_24m,equal_width,Relative Mortality,uWUE,High,7,-0.05145,71.4,0.2234,0.3886,ns
M3vsM4_24m,equal_width,Relative Disturbance,ETmax,Mid,27,-0.00292,74.1,0.01234,0.08227,ns
M3vsM4_24m,equal_width,Relative Disturbance,GPPsat,Mid,27,-0.10563,51.9,0.4665,0.5488,ns
M3vsM4_24m,equal_width,Relative Disturbance,NEPmax,Mid,27,-0.50081,70.4,0.07643,0.2257,ns
M3vsM4_24m,equal_width,Relative Disturbance,WUE,Mid,27,0.01024,44.4,0.4856,0.555,ns
M3vsM4_24m,equal_width,Relative Disturbance,uWUE,Mid,27,-0.0248,51.9,0.4097,0.5413,ns
M3vsM4_24m,equal_width,Relative Disturbance,ETmax,High,9,-7e-04,55.6,0.5936,0.6418,ns
M3vsM4_24m,equal_width,Relative Disturbance,GPPsat,High,9,-0.72904,55.6,0.09626,0.2406,ns
M3vsM4_24m,equal_width,Relative Disturbance,NEPmax,High,9,-0.7428,55.6,0.1181,0.2778,ns
M3vsM4_24m,equal_width,Relative Disturbance,WUE,High,9,-0.13679,77.8,0.03778,0.1889,ns
M3vsM4_24m,equal_width,Relative Disturbance,uWUE,High,9,-0.09125,88.9,0.06177,0.2257,ns
M3vsM4_24m,equal_width,Relative Disturbance,ETmax,Low,29,0.00096,37.9,0.8602,0.8602,ns
M3vsM4_24m,equal_width,Relative Disturbance,GPPsat,Low,29,-0.3054,55.2,0.09002,0.2401,ns
M3vsM4_24m,equal_width,Relative Disturbance,NEPmax,Low,29,-0.03348,55.2,0.2182,0.3886,ns
M3vsM4_24m,equal_width,Relative Disturbance,WUE,Low,29,0.0012,48.3,0.381,0.5256,ns
M3vsM4_24m,equal_width,Relative Disturbance,uWUE,Low,29,-0.03602,69,0.06236,0.2257,ns
M3vsM4_24m,natural_breaks,Absolute Mortality,ETmax,High,14,-0.00185,71.4,0.2256,0.4244,ns
M3vsM4_24m,natural_breaks,Absolute Mortality,GPPsat,High,14,-0.66788,64.3,0.04504,0.2093,ns
M3vsM4_24m,natural_breaks,Absolute Mortality,NEPmax,High,14,-0.84823,64.3,0.04504,0.2093,ns
M3vsM4_24m,natural_breaks,Absolute Mortality,WUE,High,14,-0.07301,57.1,0.1897,0.4244,ns
M3vsM4_24m,natural_breaks,Absolute Mortality,uWUE,High,14,-0.06769,78.6,0.05132,0.2093,ns
M3vsM4_24m,natural_breaks,Absolute Mortality,ETmax,Mid,32,-0.00277,62.5,0.1103,0.3103,ns
M3vsM4_24m,natural_breaks,Absolute Mortality,GPPsat,Mid,32,-0.16952,53.1,0.2358,0.4244,ns
M3vsM4_24m,natural_breaks,Absolute Mortality,NEPmax,Mid,32,-0.27912,65.6,0.1175,0.3111,ns
M3vsM4_24m,natural_breaks,Absolute Mortality,WUE,Mid,32,0.00233,50,0.3438,0.5246,ns
M3vsM4_24m,natural_breaks,Absolute Mortality,uWUE,Mid,32,-0.03483,62.5,0.2189,0.4244,ns
M3vsM4_24m,natural_breaks,Absolute Mortality,ETmax,Low,19,0.00096,31.6,0.8658,0.8658,ns
M3vsM4_24m,natural_breaks,Absolute Mortality,GPPsat,Low,19,8e-05,47.4,0.3968,0.5413,ns
M3vsM4_24m,natural_breaks,Absolute Mortality,NEPmax,Low,19,-0.02792,52.6,0.3075,0.5125,ns
M3vsM4_24m,natural_breaks,Absolute Mortality,WUE,Low,19,0.0012,47.4,0.3511,0.5246,ns
M3vsM4_24m,natural_breaks,Absolute Mortality,uWUE,Low,19,-0.02972,57.9,0.2283,0.4244,ns
M3vsM4_24m,natural_breaks,Relative Mortality,ETmax,High,23,-0.00361,73.9,0.04286,0.2093,ns
M3vsM4_24m,natural_breaks,Relative Mortality,GPPsat,High,23,-0.56003,56.5,0.0487,0.2093,ns
M3vsM4_24m,natural_breaks,Relative Mortality,NEPmax,High,23,-0.52685,65.2,0.01372,0.2093,ns
M3vsM4_24m,natural_breaks,Relative Mortality,WUE,High,23,-0.13679,60.9,0.03288,0.2093,ns
M3vsM4_24m,natural_breaks,Relative Mortality,uWUE,High,23,-0.07499,73.9,0.0457,0.2093,ns
M3vsM4_24m,natural_breaks,Relative Mortality,ETmax,Mid,18,4e-04,50,0.6198,0.6972,ns
M3vsM4_24m,natural_breaks,Relative Mortality,GPPsat,Mid,18,-0.16952,55.6,0.448,0.551,ns
M3vsM4_24m,natural_breaks,Relative Mortality,NEPmax,Mid,18,-0.09157,61.1,0.3969,0.5413,ns
M3vsM4_24m,natural_breaks,Relative Mortality,WUE,Mid,18,0.01537,38.9,0.7835,0.8013,ns
M3vsM4_24m,natural_breaks,Relative Mortality,uWUE,Mid,18,-0.00274,50,0.4653,0.551,ns
M3vsM4_24m,natural_breaks,Relative Mortality,ETmax,Low,24,0.00042,41.7,0.7113,0.7621,ns
M3vsM4_24m,natural_breaks,Relative Mortality,GPPsat,Low,24,-0.00097,50,0.2245,0.4244,ns
M3vsM4_24m,natural_breaks,Relative Mortality,NEPmax,Low,24,-0.21775,58.3,0.1357,0.3213,ns
M3vsM4_24m,natural_breaks,Relative Mortality,WUE,Low,24,-0.00035,50,0.4152,0.5495,ns
M3vsM4_24m,natural_breaks,Relative Mortality,uWUE,Low,24,-0.03237,66.7,0.1295,0.3213,ns
M3vsM4_24m,natural_breaks,Relative Disturbance,ETmax,High,22,-0.00327,72.7,0.05583,0.2093,ns
M3vsM4_24m,natural_breaks,Relative Disturbance,GPPsat,High,22,-0.60316,63.6,0.02772,0.2093,ns
M3vsM4_24m,natural_breaks,Relative Disturbance,NEPmax,High,22,-0.50545,63.6,0.03212,0.2093,ns
M3vsM4_24m,natural_breaks,Relative Disturbance,WUE,High,22,-0.12774,59.1,0.02383,0.2093,ns
M3vsM4_24m,natural_breaks,Relative Disturbance,uWUE,High,22,-0.06988,72.7,0.07201,0.2493,ns
M3vsM4_24m,natural_breaks,Relative Disturbance,ETmax,Mid,20,-0.00099,55,0.4628,0.551,ns
M3vsM4_24m,natural_breaks,Relative Disturbance,GPPsat,Mid,20,0.0313,50,0.5372,0.6198,ns
M3vsM4_24m,natural_breaks,Relative Disturbance,NEPmax,Mid,20,-0.09157,60,0.3614,0.5246,ns
M3vsM4_24m,natural_breaks,Relative Disturbance,WUE,Mid,20,0.00847,45,0.7059,0.7621,ns
M3vsM4_24m,natural_breaks,Relative Disturbance,uWUE,Mid,20,-0.00364,50,0.3204,0.5149,ns
M3vsM4_24m,natural_breaks,Relative Disturbance,ETmax,Low,23,0.00095,39.1,0.7719,0.8013,ns
M3vsM4_24m,natural_breaks,Relative Disturbance,GPPsat,Low,23,8e-05,47.8,0.2469,0.4273,ns
M3vsM4_24m,natural_breaks,Relative Disturbance,NEPmax,Low,23,-0.24204,60.9,0.0832,0.2674,ns
M3vsM4_24m,natural_breaks,Relative Disturbance,WUE,Low,23,0.0012,47.8,0.4336,0.551,ns
M3vsM4_24m,natural_breaks,Relative Disturbance,uWUE,Low,23,-0.03502,69.6,0.1034,0.3103,ns
M5vsM6_raw_12m,tertiles,Absolute Mortality,ETmax,High,22,-0.00066,63.6,0.4483,0.8831,ns
M5vsM6_raw_12m,tertiles,Absolute Mortality,GPPsat,High,22,0.12996,40.9,0.5517,0.8831,ns
M5vsM6_raw_12m,tertiles,Absolute Mortality,NEPmax,High,22,0.22889,40.9,0.5259,0.8831,ns
M5vsM6_raw_12m,tertiles,Absolute Mortality,WUE,High,22,0.01048,45.5,0.5388,0.8831,ns
M5vsM6_raw_12m,tertiles,Absolute Mortality,uWUE,High,22,-0.00598,54.5,0.5259,0.8831,ns
M5vsM6_raw_12m,tertiles,Absolute Mortality,ETmax,Mid,21,0.00148,38.1,0.8743,0.9748,ns
M5vsM6_raw_12m,tertiles,Absolute Mortality,GPPsat,Mid,21,0.12499,47.6,0.4723,0.8831,ns
M5vsM6_raw_12m,tertiles,Absolute Mortality,NEPmax,Mid,21,0.06652,42.9,0.8433,0.9748,ns
M5vsM6_raw_12m,tertiles,Absolute Mortality,WUE,Mid,21,-8e-04,52.4,0.4447,0.8831,ns
M5vsM6_raw_12m,tertiles,Absolute Mortality,uWUE,Mid,21,0.05672,38.1,0.8881,0.9748,ns
M5vsM6_raw_12m,tertiles,Absolute Mortality,ETmax,Low,22,0.0024,18.2,0.9987,0.9992,ns
M5vsM6_raw_12m,tertiles,Absolute Mortality,GPPsat,Low,22,-0.05527,59.1,0.3247,0.8831,ns
M5vsM6_raw_12m,tertiles,Absolute Mortality,NEPmax,Low,22,-0.33031,77.3,0.05226,0.8831,ns
M5vsM6_raw_12m,tertiles,Absolute Mortality,WUE,Low,22,-0.02055,68.2,0.07658,0.8831,ns
M5vsM6_raw_12m,tertiles,Absolute Mortality,uWUE,Low,22,-0.0243,63.6,0.1494,0.8831,ns
M5vsM6_raw_12m,tertiles,Relative Mortality,ETmax,High,22,-3e-04,54.5,0.7821,0.9748,ns
M5vsM6_raw_12m,tertiles,Relative Mortality,GPPsat,High,22,0.12996,40.9,0.6516,0.8831,ns
M5vsM6_raw_12m,tertiles,Relative Mortality,NEPmax,High,22,0.22334,45.5,0.5899,0.8831,ns
M5vsM6_raw_12m,tertiles,Relative Mortality,WUE,High,22,0.02096,40.9,0.6635,0.8831,ns
M5vsM6_raw_12m,tertiles,Relative Mortality,uWUE,High,22,-0.00021,50,0.5388,0.8831,ns
M5vsM6_raw_12m,tertiles,Relative Mortality,ETmax,Mid,21,0.00148,47.6,0.6228,0.8831,ns
M5vsM6_raw_12m,tertiles,Relative Mortality,GPPsat,Mid,21,-0.12895,57.1,0.3011,0.8831,ns
M5vsM6_raw_12m,tertiles,Relative Mortality,NEPmax,Mid,21,0.0067,47.6,0.569,0.8831,ns
M5vsM6_raw_12m,tertiles,Relative Mortality,WUE,Mid,21,-0.03496,57.1,0.3257,0.8831,ns
M5vsM6_raw_12m,tertiles,Relative Mortality,uWUE,Mid,21,0.05121,47.6,0.8169,0.9748,ns
M5vsM6_raw_12m,tertiles,Relative Mortality,ETmax,Low,22,0.0022,18.2,0.9992,0.9992,ns
M5vsM6_raw_12m,tertiles,Relative Mortality,GPPsat,Low,22,-0.02094,50,0.5,0.8831,ns
M5vsM6_raw_12m,tertiles,Relative Mortality,NEPmax,Low,22,-0.18992,68.2,0.1494,0.8831,ns
M5vsM6_raw_12m,tertiles,Relative Mortality,WUE,Low,22,-0.01954,68.2,0.06766,0.8831,ns
M5vsM6_raw_12m,tertiles,Relative Mortality,uWUE,Low,22,-0.01459,59.1,0.3017,0.8831,ns
M5vsM6_raw_12m,tertiles,Relative Disturbance,ETmax,High,22,-0.00066,54.5,0.6869,0.8831,ns
M5vsM6_raw_12m,tertiles,Relative Disturbance,GPPsat,High,22,0.12996,40.9,0.6516,0.8831,ns
M5vsM6_raw_12m,tertiles,Relative Disturbance,NEPmax,High,22,0.22889,40.9,0.6753,0.8831,ns
M5vsM6_raw_12m,tertiles,Relative Disturbance,WUE,High,22,0.01048,45.5,0.4741,0.8831,ns
M5vsM6_raw_12m,tertiles,Relative Disturbance,uWUE,High,22,-0.00652,54.5,0.3247,0.8831,ns
M5vsM6_raw_12m,tertiles,Relative Disturbance,ETmax,Mid,21,0.00171,33.3,0.9762,0.9992,ns
M5vsM6_raw_12m,tertiles,Relative Disturbance,GPPsat,Mid,21,-0.12895,57.1,0.3133,0.8831,ns
M5vsM6_raw_12m,tertiles,Relative Disturbance,NEPmax,Mid,21,-0.06462,52.4,0.5277,0.8831,ns
M5vsM6_raw_12m,tertiles,Relative Disturbance,WUE,Mid,21,-0.03496,61.9,0.3011,0.8831,ns
M5vsM6_raw_12m,tertiles,Relative Disturbance,uWUE,Mid,21,0.05121,42.9,0.8881,0.9748,ns
M5vsM6_raw_12m,tertiles,Relative Disturbance,ETmax,Low,22,0.00187,31.8,0.9511,0.9992,ns
M5vsM6_raw_12m,tertiles,Relative Disturbance,GPPsat,Low,22,-0.02094,50,0.5,0.8831,ns
M5vsM6_raw_12m,tertiles,Relative Disturbance,NEPmax,Low,22,-0.18992,68.2,0.142,0.8831,ns
M5vsM6_raw_12m,tertiles,Relative Disturbance,WUE,Low,22,-0.01797,59.1,0.2477,0.8831,ns
M5vsM6_raw_12m,tertiles,Relative Disturbance,uWUE,Low,22,-0.01459,59.1,0.3484,0.8831,ns
M5vsM6_raw_12m,equal_width,Absolute Mortality,ETmax,Mid,21,-0.00102,71.4,0.1485,0.7797,ns
M5vsM6_raw_12m,equal_width,Absolute Mortality,GPPsat,Mid,21,-0.00147,52.4,0.1831,0.7797,ns
M5vsM6_raw_12m,equal_width,Absolute Mortality,NEPmax,Mid,21,0.25649,42.9,0.6989,0.9653,ns
M5vsM6_raw_12m,equal_width,Absolute Mortality,WUE,Mid,21,0.03236,38.1,0.8743,0.9707,ns
M5vsM6_raw_12m,equal_width,Absolute Mortality,uWUE,Mid,21,0.01302,42.9,0.788,0.9653,ns
M5vsM6_raw_12m,equal_width,Absolute Mortality,ETmax,Low,41,0.00221,24.4,0.9995,0.9995,ns
M5vsM6_raw_12m,equal_width,Absolute Mortality,GPPsat,Low,41,-0.00501,51.2,0.4484,0.9653,ns
M5vsM6_raw_12m,equal_width,Absolute Mortality,NEPmax,Low,41,-0.09493,58.5,0.3535,0.9428,ns
M5vsM6_raw_12m,equal_width,Absolute Mortality,WUE,Low,41,-0.02004,63.4,0.09313,0.7797,ns
M5vsM6_raw_12m,equal_width,Absolute Mortality,uWUE,Low,41,-0.01318,53.7,0.4948,0.9653,ns
M5vsM6_raw_12m,equal_width,Absolute Mortality,ETmax,High,3,0.00564,33.3,,,""
M5vsM6_raw_12m,equal_width,Absolute Mortality,GPPsat,High,3,0.82825,0,,,""
M5vsM6_raw_12m,equal_width,Absolute Mortality,NEPmax,High,3,-0.49601,66.7,,,""
M5vsM6_raw_12m,equal_width,Absolute Mortality,WUE,High,3,-0.12435,66.7,,,""
M5vsM6_raw_12m,equal_width,Absolute Mortality,uWUE,High,3,-0.04351,100,,,""
M5vsM6_raw_12m,equal_width,Relative Mortality,ETmax,Mid,26,0.00051,50,0.8328,0.9707,ns
M5vsM6_raw_12m,equal_width,Relative Mortality,GPPsat,Mid,26,0.03328,50,0.5606,0.9653,ns
M5vsM6_raw_12m,equal_width,Relative Mortality,NEPmax,Mid,26,0.2321,38.5,0.7918,0.9653,ns
M5vsM6_raw_12m,equal_width,Relative Mortality,WUE,Mid,26,0.03572,42.3,0.8979,0.9707,ns
M5vsM6_raw_12m,equal_width,Relative Mortality,uWUE,Mid,26,0.01491,50,0.6762,0.9653,ns
M5vsM6_raw_12m,equal_width,Relative Mortality,ETmax,Low,32,0.00189,28.1,0.9873,0.9995,ns
M5vsM6_raw_12m,equal_width,Relative Mortality,GPPsat,Low,32,-0.02677,53.1,0.2534,0.7797,ns
M5vsM6_raw_12m,equal_width,Relative Mortality,NEPmax,Low,32,-0.18992,65.6,0.2475,0.7797,ns
M5vsM6_raw_12m,equal_width,Relative Mortality,WUE,Low,32,-0.02055,65.6,0.06376,0.7797,ns
M5vsM6_raw_12m,equal_width,Relative Mortality,uWUE,Low,32,-0.00665,53.1,0.5851,0.9653,ns
M5vsM6_raw_12m,equal_width,Relative Mortality,ETmax,High,7,-0.00037,57.1,0.7766,0.9653,ns
M5vsM6_raw_12m,equal_width,Relative Mortality,GPPsat,High,7,0.18977,28.6,0.7766,0.9653,ns
M5vsM6_raw_12m,equal_width,Relative Mortality,NEPmax,High,7,-0.49601,57.1,0.2234,0.7797,ns
M5vsM6_raw_12m,equal_width,Relative Mortality,WUE,High,7,-0.08211,57.1,0.1024,0.7797,ns
M5vsM6_raw_12m,equal_width,Relative Mortality,uWUE,High,7,-0.00527,57.1,0.2771,0.7916,ns
M5vsM6_raw_12m,equal_width,Relative Disturbance,ETmax,Mid,27,-2e-05,51.9,0.7681,0.9653,ns
M5vsM6_raw_12m,equal_width,Relative Disturbance,GPPsat,Mid,27,0.14752,48.1,0.618,0.9653,ns
M5vsM6_raw_12m,equal_width,Relative Disturbance,NEPmax,Mid,27,0.20128,40.7,0.7056,0.9653,ns
M5vsM6_raw_12m,equal_width,Relative Disturbance,WUE,Mid,27,0.0222,44.4,0.7964,0.9653,ns
M5vsM6_raw_12m,equal_width,Relative Disturbance,uWUE,Mid,27,0.03651,44.4,0.6541,0.9653,ns
M5vsM6_raw_12m,equal_width,Relative Disturbance,ETmax,High,9,0.00235,44.4,0.8568,0.9707,ns
M5vsM6_raw_12m,equal_width,Relative Disturbance,GPPsat,High,9,0.07015,33.3,0.7232,0.9653,ns
M5vsM6_raw_12m,equal_width,Relative Disturbance,NEPmax,High,9,-0.49601,66.7,0.1716,0.7797,ns
M5vsM6_raw_12m,equal_width,Relative Disturbance,WUE,High,9,-0.06571,66.7,0.07757,0.7797,ns
M5vsM6_raw_12m,equal_width,Relative Disturbance,uWUE,High,9,-0.04351,77.8,0.09626,0.7797,ns
M5vsM6_raw_12m,equal_width,Relative Disturbance,ETmax,Low,29,0.00208,27.6,0.9847,0.9995,ns
M5vsM6_raw_12m,equal_width,Relative Disturbance,GPPsat,Low,29,-0.04852,55.2,0.2246,0.7797,ns
M5vsM6_raw_12m,equal_width,Relative Disturbance,NEPmax,Low,29,-0.09493,62.1,0.4144,0.9653,ns
M5vsM6_raw_12m,equal_width,Relative Disturbance,WUE,Low,29,-0.01904,62.1,0.1447,0.7797,ns
M5vsM6_raw_12m,equal_width,Relative Disturbance,uWUE,Low,29,-0.00012,51.7,0.6673,0.9653,ns
M5vsM6_raw_12m,natural_breaks,Absolute Mortality,ETmax,High,14,-3e-04,57.1,0.6698,0.8992,ns
M5vsM6_raw_12m,natural_breaks,Absolute Mortality,GPPsat,High,14,0.20861,28.6,0.6468,0.8992,ns
M5vsM6_raw_12m,natural_breaks,Absolute Mortality,NEPmax,High,14,0.03118,50,0.4253,0.8992,ns
M5vsM6_raw_12m,natural_breaks,Absolute Mortality,WUE,High,14,0.01048,42.9,0.5747,0.8992,ns
M5vsM6_raw_12m,natural_breaks,Absolute Mortality,uWUE,High,14,-0.00652,57.1,0.3078,0.8992,ns
M5vsM6_raw_12m,natural_breaks,Absolute Mortality,ETmax,Mid,32,0.00091,43.8,0.8749,0.9958,ns
M5vsM6_raw_12m,natural_breaks,Absolute Mortality,GPPsat,Mid,32,-0.06521,53.1,0.4004,0.8992,ns
M5vsM6_raw_12m,natural_breaks,Absolute Mortality,NEPmax,Mid,32,0.11901,43.8,0.7221,0.9026,ns
M5vsM6_raw_12m,natural_breaks,Absolute Mortality,WUE,Mid,32,0.0107,50,0.4814,0.8992,ns
M5vsM6_raw_12m,natural_breaks,Absolute Mortality,uWUE,Mid,32,0.03154,46.9,0.8966,0.9958,ns
M5vsM6_raw_12m,natural_breaks,Absolute Mortality,ETmax,Low,19,0.00233,21.1,0.9958,0.9958,ns
M5vsM6_raw_12m,natural_breaks,Absolute Mortality,GPPsat,Low,19,-0.04852,57.9,0.444,0.8992,ns
M5vsM6_raw_12m,natural_breaks,Absolute Mortality,NEPmax,Low,19,-0.28512,73.7,0.1342,0.8992,ns
M5vsM6_raw_12m,natural_breaks,Absolute Mortality,WUE,Low,19,-0.02106,73.7,0.04361,0.8992,ns
M5vsM6_raw_12m,natural_breaks,Absolute Mortality,uWUE,Low,19,-0.01318,57.9,0.3075,0.8992,ns
M5vsM6_raw_12m,natural_breaks,Relative Mortality,ETmax,High,23,-0.00024,52.2,0.8599,0.9958,ns
M5vsM6_raw_12m,natural_breaks,Relative Mortality,GPPsat,High,23,0.07015,43.5,0.6367,0.8992,ns
M5vsM6_raw_12m,natural_breaks,Relative Mortality,NEPmax,High,23,0.19019,47.8,0.4939,0.8992,ns
M5vsM6_raw_12m,natural_breaks,Relative Mortality,WUE,High,23,0.01973,43.5,0.5664,0.8992,ns
M5vsM6_raw_12m,natural_breaks,Relative Mortality,uWUE,High,23,-0.00527,52.2,0.4336,0.8992,ns
M5vsM6_raw_12m,natural_breaks,Relative Mortality,ETmax,Mid,18,0.0016,44.4,0.6994,0.8992,ns
M5vsM6_raw_12m,natural_breaks,Relative Mortality,GPPsat,Mid,18,-0.06698,55.6,0.4138,0.8992,ns
M5vsM6_raw_12m,natural_breaks,Relative Mortality,NEPmax,Mid,18,0.0891,44.4,0.6684,0.8992,ns
M5vsM6_raw_12m,natural_breaks,Relative Mortality,WUE,Mid,18,-0.01788,55.6,0.5347,0.8992,ns
M5vsM6_raw_12m,natural_breaks,Relative Mortality,uWUE,Mid,18,0.05464,44.4,0.8887,0.9958,ns
M5vsM6_raw_12m,natural_breaks,Relative Mortality,ETmax,Low,24,0.00187,25,0.9901,0.9958,ns
M5vsM6_raw_12m,natural_breaks,Relative Mortality,GPPsat,Low,24,-0.02094,50,0.4041,0.8992,ns
M5vsM6_raw_12m,natural_breaks,Relative Mortality,NEPmax,Low,24,-0.18992,66.7,0.1621,0.8992,ns
M5vsM6_raw_12m,natural_breaks,Relative Mortality,WUE,Low,24,-0.01954,66.7,0.0564,0.8992,ns
M5vsM6_raw_12m,natural_breaks,Relative Mortality,uWUE,Low,24,-0.01459,58.3,0.2986,0.8992,ns
M5vsM6_raw_12m,natural_breaks,Relative Disturbance,ETmax,High,22,-0.00066,54.5,0.6869,0.8992,ns
M5vsM6_raw_12m,natural_breaks,Relative Disturbance,GPPsat,High,22,0.12996,40.9,0.6516,0.8992,ns
M5vsM6_raw_12m,natural_breaks,Relative Disturbance,NEPmax,High,22,0.22889,40.9,0.6753,0.8992,ns
M5vsM6_raw_12m,natural_breaks,Relative Disturbance,WUE,High,22,0.01048,45.5,0.4741,0.8992,ns
M5vsM6_raw_12m,natural_breaks,Relative Disturbance,uWUE,High,22,-0.00652,54.5,0.3247,0.8992,ns
M5vsM6_raw_12m,natural_breaks,Relative Disturbance,ETmax,Mid,20,0.00162,35,0.9649,0.9958,ns
M5vsM6_raw_12m,natural_breaks,Relative Disturbance,GPPsat,Mid,20,-0.13028,60,0.2449,0.8992,ns
M5vsM6_raw_12m,natural_breaks,Relative Disturbance,NEPmax,Mid,20,-0.11817,55,0.4041,0.8992,ns
M5vsM6_raw_12m,natural_breaks,Relative Disturbance,WUE,Mid,20,-0.02299,60,0.3897,0.8992,ns
M5vsM6_raw_12m,natural_breaks,Relative Disturbance,uWUE,Mid,20,0.05464,40,0.9135,0.9958,ns
M5vsM6_raw_12m,natural_breaks,Relative Disturbance,ETmax,Low,23,0.00208,30.4,0.9648,0.9958,ns
M5vsM6_raw_12m,natural_breaks,Relative Disturbance,GPPsat,Low,23,0.00665,47.8,0.5902,0.8992,ns
M5vsM6_raw_12m,natural_breaks,Relative Disturbance,NEPmax,Low,23,-0.18405,65.2,0.2469,0.8992,ns
M5vsM6_raw_12m,natural_breaks,Relative Disturbance,WUE,Low,23,-0.01904,60.9,0.1768,0.8992,ns
M5vsM6_raw_12m,natural_breaks,Relative Disturbance,uWUE,Low,23,-0.016,60.9,0.2766,0.8992,ns
M5vsM6_raw_24m,tertiles,Absolute Mortality,ETmax,High,22,4e-04,40.9,0.5129,0.8602,ns
M5vsM6_raw_24m,tertiles,Absolute Mortality,GPPsat,High,22,-0.17611,72.7,0.1212,0.5516,ns
M5vsM6_raw_24m,tertiles,Absolute Mortality,NEPmax,High,22,0.13435,45.5,0.6753,0.8602,ns
M5vsM6_raw_24m,tertiles,Absolute Mortality,WUE,High,22,0.0208,45.5,0.7915,0.8863,ns
M5vsM6_raw_24m,tertiles,Absolute Mortality,uWUE,High,22,-0.00676,59.1,0.1027,0.5516,ns
M5vsM6_raw_24m,tertiles,Absolute Mortality,ETmax,Mid,21,-0.00082,57.1,0.2222,0.5883,ns
M5vsM6_raw_24m,tertiles,Absolute Mortality,GPPsat,Mid,21,0.11667,28.6,0.8881,0.8881,ns
M5vsM6_raw_24m,tertiles,Absolute Mortality,NEPmax,Mid,21,0.03469,42.9,0.8348,0.8881,ns
M5vsM6_raw_24m,tertiles,Absolute Mortality,WUE,Mid,21,0.01406,42.9,0.6095,0.8602,ns
M5vsM6_raw_24m,tertiles,Absolute Mortality,uWUE,Mid,21,0.03257,42.9,0.867,0.8881,ns
M5vsM6_raw_24m,tertiles,Absolute Mortality,ETmax,Low,22,-0.00045,54.5,0.4741,0.8602,ns
M5vsM6_raw_24m,tertiles,Absolute Mortality,GPPsat,Low,22,-0.08471,59.1,0.1732,0.5568,ns
M5vsM6_raw_24m,tertiles,Absolute Mortality,NEPmax,Low,22,-0.07452,59.1,0.1348,0.5516,ns
M5vsM6_raw_24m,tertiles,Absolute Mortality,WUE,Low,22,-0.04031,72.7,0.009706,0.2184,ns
M5vsM6_raw_24m,tertiles,Absolute Mortality,uWUE,Low,22,-0.01301,68.2,0.07658,0.5516,ns
M5vsM6_raw_24m,tertiles,Relative Mortality,ETmax,High,22,0.00092,36.4,0.7095,0.8602,ns
M5vsM6_raw_24m,tertiles,Relative Mortality,GPPsat,High,22,-0.11802,68.2,0.1993,0.5605,ns
M5vsM6_raw_24m,tertiles,Relative Mortality,NEPmax,High,22,0.07752,50,0.6025,0.8602,ns
M5vsM6_raw_24m,tertiles,Relative Mortality,WUE,High,22,0.00767,45.5,0.6273,0.8602,ns
M5vsM6_raw_24m,tertiles,Relative Mortality,uWUE,High,22,-0.01758,59.1,0.08635,0.5516,ns
M5vsM6_raw_24m,tertiles,Relative Mortality,ETmax,Mid,21,-0.00139,61.9,0.1485,0.5568,ns
M5vsM6_raw_24m,tertiles,Relative Mortality,GPPsat,Mid,21,0.01064,42.9,0.4039,0.7902,ns
M5vsM6_raw_24m,tertiles,Relative Mortality,NEPmax,Mid,21,0.10162,38.1,0.8743,0.8881,ns
M5vsM6_raw_24m,tertiles,Relative Mortality,WUE,Mid,21,0.01816,38.1,0.8076,0.8863,ns
M5vsM6_raw_24m,tertiles,Relative Mortality,uWUE,Mid,21,0.00183,47.6,0.7455,0.8602,ns
M5vsM6_raw_24m,tertiles,Relative Mortality,ETmax,Low,22,-0.00045,54.5,0.3131,0.671,ns
M5vsM6_raw_24m,tertiles,Relative Mortality,GPPsat,Low,22,-0.00502,50,0.5259,0.8602,ns
M5vsM6_raw_24m,tertiles,Relative Mortality,NEPmax,Low,22,-0.07452,59.1,0.1348,0.5516,ns
M5vsM6_raw_24m,tertiles,Relative Mortality,WUE,Low,22,-0.04031,77.3,0.009706,0.2184,ns
M5vsM6_raw_24m,tertiles,Relative Mortality,uWUE,Low,22,-0.01203,63.6,0.1732,0.5568,ns
M5vsM6_raw_24m,tertiles,Relative Disturbance,ETmax,High,22,0.00092,36.4,0.6395,0.8602,ns
M5vsM6_raw_24m,tertiles,Relative Disturbance,GPPsat,High,22,-0.11802,68.2,0.1993,0.5605,ns
M5vsM6_raw_24m,tertiles,Relative Disturbance,NEPmax,High,22,0.23637,45.5,0.7419,0.8602,ns
M5vsM6_raw_24m,tertiles,Relative Disturbance,WUE,High,22,-0.00594,50,0.4871,0.8602,ns
M5vsM6_raw_24m,tertiles,Relative Disturbance,uWUE,High,22,-0.01758,59.1,0.08635,0.5516,ns
M5vsM6_raw_24m,tertiles,Relative Disturbance,ETmax,Mid,21,-0.00064,57.1,0.3772,0.7716,ns
M5vsM6_raw_24m,tertiles,Relative Disturbance,GPPsat,Mid,21,0.00586,47.6,0.2891,0.671,ns
M5vsM6_raw_24m,tertiles,Relative Disturbance,NEPmax,Mid,21,0.03469,47.6,0.5826,0.8602,ns
M5vsM6_raw_24m,tertiles,Relative Disturbance,WUE,Mid,21,0.00317,42.9,0.6867,0.8602,ns
M5vsM6_raw_24m,tertiles,Relative Disturbance,uWUE,Mid,21,0.00183,47.6,0.6359,0.8602,ns
M5vsM6_raw_24m,tertiles,Relative Disturbance,ETmax,Low,22,-0.00103,59.1,0.1279,0.5516,ns
M5vsM6_raw_24m,tertiles,Relative Disturbance,GPPsat,Low,22,0.09331,45.5,0.7095,0.8602,ns
M5vsM6_raw_24m,tertiles,Relative Disturbance,NEPmax,Low,22,-0.07212,54.5,0.2375,0.5938,ns
M5vsM6_raw_24m,tertiles,Relative Disturbance,WUE,Low,22,-0.02848,68.2,0.07201,0.5516,ns
M5vsM6_raw_24m,tertiles,Relative Disturbance,uWUE,Low,22,-0.01001,63.6,0.3131,0.671,ns
M5vsM6_raw_24m,equal_width,Absolute Mortality,ETmax,Mid,21,0.00039,42.9,0.3133,0.6356,ns
M5vsM6_raw_24m,equal_width,Absolute Mortality,GPPsat,Mid,21,-0.18891,76.2,0.04762,0.4042,ns
M5vsM6_raw_24m,equal_width,Absolute Mortality,NEPmax,Mid,21,0.10162,47.6,0.569,0.7256,ns
M5vsM6_raw_24m,equal_width,Absolute Mortality,WUE,Mid,21,0.04033,38.1,0.9067,0.9544,ns
M5vsM6_raw_24m,equal_width,Absolute Mortality,uWUE,Mid,21,-0.00973,61.9,0.1119,0.4973,ns
M5vsM6_raw_24m,equal_width,Absolute Mortality,ETmax,Low,41,-0.00064,56.1,0.2585,0.6356,ns
M5vsM6_raw_24m,equal_width,Absolute Mortality,GPPsat,Low,41,0.01391,43.9,0.5516,0.7256,ns
M5vsM6_raw_24m,equal_width,Absolute Mortality,NEPmax,Low,41,-0.0325,51.2,0.4078,0.6488,ns
M5vsM6_raw_24m,equal_width,Absolute Mortality,WUE,Low,41,-0.02516,61,0.08083,0.4042,ns
M5vsM6_raw_24m,equal_width,Absolute Mortality,uWUE,Low,41,-0.00903,56.1,0.428,0.6488,ns
M5vsM6_raw_24m,equal_width,Absolute Mortality,ETmax,High,3,0.00098,33.3,,,""
M5vsM6_raw_24m,equal_width,Absolute Mortality,GPPsat,High,3,0.33047,33.3,,,""
M5vsM6_raw_24m,equal_width,Absolute Mortality,NEPmax,High,3,1.10848,33.3,,,""
M5vsM6_raw_24m,equal_width,Absolute Mortality,WUE,High,3,-0.04415,66.7,,,""
M5vsM6_raw_24m,equal_width,Absolute Mortality,uWUE,High,3,0.01745,33.3,,,""
M5vsM6_raw_24m,equal_width,Relative Mortality,ETmax,Mid,26,4e-04,42.3,0.5805,0.7256,ns
M5vsM6_raw_24m,equal_width,Relative Mortality,GPPsat,Mid,26,-0.06698,57.7,0.2796,0.6356,ns
M5vsM6_raw_24m,equal_width,Relative Mortality,NEPmax,Mid,26,0.13435,42.3,0.7031,0.8523,ns
M5vsM6_raw_24m,equal_width,Relative Mortality,WUE,Mid,26,0.04082,30.8,0.9506,0.9613,ns
M5vsM6_raw_24m,equal_width,Relative Mortality,uWUE,Mid,26,-0.00099,50,0.4195,0.6488,ns
M5vsM6_raw_24m,equal_width,Relative Mortality,ETmax,Low,32,-0.00136,62.5,0.06613,0.4042,ns
M5vsM6_raw_24m,equal_width,Relative Mortality,GPPsat,Low,32,-0.00905,50,0.3035,0.6356,ns
M5vsM6_raw_24m,equal_width,Relative Mortality,NEPmax,Low,32,-0.07212,56.2,0.2134,0.6356,ns
M5vsM6_raw_24m,equal_width,Relative Mortality,WUE,Low,32,-0.03766,68.8,0.02535,0.4042,ns
M5vsM6_raw_24m,equal_width,Relative Mortality,uWUE,Low,32,-0.01001,59.4,0.3647,0.6488,ns
M5vsM6_raw_24m,equal_width,Relative Mortality,ETmax,High,7,0.00215,28.6,0.8641,0.9544,ns
M5vsM6_raw_24m,equal_width,Relative Mortality,GPPsat,High,7,-0.01903,57.1,0.5337,0.7256,ns
M5vsM6_raw_24m,equal_width,Relative Mortality,NEPmax,High,7,0.70943,42.9,0.7766,0.9136,ns
M5vsM6_raw_24m,equal_width,Relative Mortality,WUE,High,7,-0.04415,71.4,0.1763,0.6356,ns
M5vsM6_raw_24m,equal_width,Relative Mortality,uWUE,High,7,-0.0336,71.4,0.07539,0.4042,ns
M5vsM6_raw_24m,equal_width,Relative Disturbance,ETmax,Mid,27,0.00036,48.1,0.2862,0.6356,ns
M5vsM6_raw_24m,equal_width,Relative Disturbance,GPPsat,Mid,27,-0.03247,55.6,0.2781,0.6356,ns
M5vsM6_raw_24m,equal_width,Relative Disturbance,NEPmax,Mid,27,0.16709,40.7,0.852,0.9544,ns
M5vsM6_raw_24m,equal_width,Relative Disturbance,WUE,Mid,27,0.04033,29.6,0.9613,0.9613,ns
M5vsM6_raw_24m,equal_width,Relative Disturbance,uWUE,Mid,27,-0.00321,51.9,0.438,0.6488,ns
M5vsM6_raw_24m,equal_width,Relative Disturbance,ETmax,High,9,0.00098,33.3,0.9037,0.9544,ns
M5vsM6_raw_24m,equal_width,Relative Disturbance,GPPsat,High,9,-0.01903,55.6,0.5472,0.7256,ns
M5vsM6_raw_24m,equal_width,Relative Disturbance,NEPmax,High,9,-0.38182,66.7,0.3178,0.6356,ns
M5vsM6_raw_24m,equal_width,Relative Disturbance,WUE,High,9,-0.04415,77.8,0.07757,0.4042,ns
M5vsM6_raw_24m,equal_width,Relative Disturbance,uWUE,High,9,-0.03443,66.7,0.02901,0.4042,ns
M5vsM6_raw_24m,equal_width,Relative Disturbance,ETmax,Low,29,-0.00132,58.6,0.1447,0.5787,ns
M5vsM6_raw_24m,equal_width,Relative Disturbance,GPPsat,Low,29,-0.03711,51.7,0.2797,0.6356,ns
M5vsM6_raw_24m,equal_width,Relative Disturbance,NEPmax,Low,29,-0.06979,51.7,0.4144,0.6488,ns
M5vsM6_raw_24m,equal_width,Relative Disturbance,WUE,Low,29,-0.03711,69,0.0438,0.4042,ns
M5vsM6_raw_24m,equal_width,Relative Disturbance,uWUE,Low,29,-0.00903,58.6,0.4313,0.6488,ns
M5vsM6_raw_24m,natural_breaks,Absolute Mortality,ETmax,High,14,0.00109,42.9,0.6232,0.8316,ns
M5vsM6_raw_24m,natural_breaks,Absolute Mortality,GPPsat,High,14,-0.16868,78.6,0.0937,0.6024,ns
M5vsM6_raw_24m,natural_breaks,Absolute Mortality,NEPmax,High,14,0.07752,50,0.6468,0.8316,ns
M5vsM6_raw_24m,natural_breaks,Absolute Mortality,WUE,High,14,0.01141,50,0.55,0.8316,ns
M5vsM6_raw_24m,natural_breaks,Absolute Mortality,uWUE,High,14,-0.03401,71.4,0.014,0.2101,ns
M5vsM6_raw_24m,natural_breaks,Absolute Mortality,ETmax,Mid,32,-5e-05,50,0.1872,0.6406,ns
M5vsM6_raw_24m,natural_breaks,Absolute Mortality,GPPsat,Mid,32,0.04255,40.6,0.7283,0.8415,ns
M5vsM6_raw_24m,natural_breaks,Absolute Mortality,NEPmax,Mid,32,0.02185,46.9,0.6899,0.8415,ns
M5vsM6_raw_24m,natural_breaks,Absolute Mortality,WUE,Mid,32,0.00934,37.5,0.8825,0.8999,ns
M5vsM6_raw_24m,natural_breaks,Absolute Mortality,uWUE,Mid,32,0.01914,40.6,0.8999,0.8999,ns
M5vsM6_raw_24m,natural_breaks,Absolute Mortality,ETmax,Low,19,-0.00074,57.9,0.3814,0.7558,ns
M5vsM6_raw_24m,natural_breaks,Absolute Mortality,GPPsat,Low,19,-0.03711,57.9,0.2163,0.6489,ns
M5vsM6_raw_24m,natural_breaks,Absolute Mortality,NEPmax,Low,19,-0.06979,52.6,0.3075,0.7063,ns
M5vsM6_raw_24m,natural_breaks,Absolute Mortality,WUE,Low,19,-0.04577,84.2,0.001764,0.07938,ns
M5vsM6_raw_24m,natural_breaks,Absolute Mortality,uWUE,Low,19,-0.01502,73.7,0.04745,0.4383,ns
M5vsM6_raw_24m,natural_breaks,Relative Mortality,ETmax,High,23,0.00098,34.8,0.7626,0.8415,ns
M5vsM6_raw_24m,natural_breaks,Relative Mortality,GPPsat,High,23,-0.14845,69.6,0.1541,0.6406,ns
M5vsM6_raw_24m,natural_breaks,Relative Mortality,NEPmax,High,23,-0.01204,52.2,0.5664,0.8316,ns
M5vsM6_raw_24m,natural_breaks,Relative Mortality,WUE,High,23,0.00128,43.5,0.6367,0.8316,ns
M5vsM6_raw_24m,natural_breaks,Relative Mortality,uWUE,High,23,-0.0038,56.5,0.1208,0.6406,ns
M5vsM6_raw_24m,natural_breaks,Relative Mortality,ETmax,Mid,18,-0.0011,61.1,0.1919,0.6406,ns
M5vsM6_raw_24m,natural_breaks,Relative Mortality,GPPsat,Mid,18,0.022,38.9,0.6031,0.8316,ns
M5vsM6_raw_24m,natural_breaks,Relative Mortality,NEPmax,Mid,18,0.06815,38.9,0.8198,0.8783,ns
M5vsM6_raw_24m,natural_breaks,Relative Mortality,WUE,Mid,18,0.02686,38.9,0.8417,0.8809,ns
M5vsM6_raw_24m,natural_breaks,Relative Mortality,uWUE,Mid,18,-0.00395,50,0.552,0.8316,ns
M5vsM6_raw_24m,natural_breaks,Relative Mortality,ETmax,Low,24,-0.00069,58.3,0.1841,0.6406,ns
M5vsM6_raw_24m,natural_breaks,Relative Mortality,GPPsat,Low,24,-0.00502,50,0.4488,0.8316,ns
M5vsM6_raw_24m,natural_breaks,Relative Mortality,NEPmax,Low,24,-0.07212,54.2,0.3085,0.7063,ns
M5vsM6_raw_24m,natural_breaks,Relative Mortality,WUE,Low,24,-0.04031,75,0.008523,0.1918,ns
M5vsM6_raw_24m,natural_breaks,Relative Mortality,uWUE,Low,24,-0.01001,62.5,0.279,0.7063,ns
M5vsM6_raw_24m,natural_breaks,Relative Disturbance,ETmax,High,22,0.00092,36.4,0.6395,0.8316,ns
M5vsM6_raw_24m,natural_breaks,Relative Disturbance,GPPsat,High,22,-0.11802,68.2,0.1993,0.6406,ns
M5vsM6_raw_24m,natural_breaks,Relative Disturbance,NEPmax,High,22,0.23637,45.5,0.7419,0.8415,ns
M5vsM6_raw_24m,natural_breaks,Relative Disturbance,WUE,High,22,-0.00594,50,0.4871,0.8316,ns
M5vsM6_raw_24m,natural_breaks,Relative Disturbance,uWUE,High,22,-0.01758,59.1,0.08635,0.6024,ns
M5vsM6_raw_24m,natural_breaks,Relative Disturbance,ETmax,Mid,20,-0.00073,60,0.3204,0.7063,ns
M5vsM6_raw_24m,natural_breaks,Relative Disturbance,GPPsat,Mid,20,-0.00905,50,0.269,0.7063,ns
M5vsM6_raw_24m,natural_breaks,Relative Disturbance,NEPmax,Mid,20,0.00109,50,0.5372,0.8316,ns
M5vsM6_raw_24m,natural_breaks,Relative Disturbance,WUE,Mid,20,0.01067,40,0.7667,0.8415,ns
M5vsM6_raw_24m,natural_breaks,Relative Disturbance,uWUE,Mid,20,-0.00395,50,0.6103,0.8316,ns
M5vsM6_raw_24m,natural_breaks,Relative Disturbance,ETmax,Low,23,-0.00074,56.5,0.1848,0.6406,ns
M5vsM6_raw_24m,natural_breaks,Relative Disturbance,GPPsat,Low,23,0.06317,43.5,0.7132,0.8415,ns
M5vsM6_raw_24m,natural_breaks,Relative Disturbance,NEPmax,Low,23,-0.06979,52.2,0.3296,0.7063,ns
M5vsM6_raw_24m,natural_breaks,Relative Disturbance,WUE,Low,23,-0.03821,69.6,0.0487,0.4383,ns
M5vsM6_raw_24m,natural_breaks,Relative Disturbance,uWUE,Low,23,-0.00903,60.9,0.3863,0.7558,ns
M5vsM6_anom_12m,tertiles,Absolute Mortality,ETmax,High,22,0.00174,40.9,0.6516,0.928,ns
M5vsM6_anom_12m,tertiles,Absolute Mortality,GPPsat,High,22,-0.22876,54.5,0.2581,0.806,ns
M5vsM6_anom_12m,tertiles,Absolute Mortality,NEPmax,High,22,-1.12288,72.7,0.02985,0.6398,ns
M5vsM6_anom_12m,tertiles,Absolute Mortality,WUE,High,22,0.0301,36.4,0.8007,0.928,ns
M5vsM6_anom_12m,tertiles,Absolute Mortality,uWUE,High,22,-0.00727,59.1,0.1993,0.806,ns
M5vsM6_anom_12m,tertiles,Absolute Mortality,ETmax,Mid,21,-0.00328,61.9,0.3257,0.8944,ns
M5vsM6_anom_12m,tertiles,Absolute Mortality,GPPsat,Mid,21,-0.66392,66.7,0.07707,0.6459,ns
M5vsM6_anom_12m,tertiles,Absolute Mortality,NEPmax,Mid,21,0.41589,33.3,0.9178,0.928,ns
M5vsM6_anom_12m,tertiles,Absolute Mortality,WUE,Mid,21,0.04103,42.9,0.4723,0.9276,ns
M5vsM6_anom_12m,tertiles,Absolute Mortality,uWUE,Mid,21,0.0621,42.9,0.8433,0.928,ns
M5vsM6_anom_12m,tertiles,Absolute Mortality,ETmax,Low,22,0.00227,40.9,0.903,0.928,ns
M5vsM6_anom_12m,tertiles,Absolute Mortality,GPPsat,Low,22,-0.31605,63.6,0.4101,0.8944,ns
M5vsM6_anom_12m,tertiles,Absolute Mortality,NEPmax,Low,22,-0.824,68.2,0.09158,0.6459,ns
M5vsM6_anom_12m,tertiles,Absolute Mortality,WUE,Low,22,0.04199,40.9,0.8007,0.928,ns
M5vsM6_anom_12m,tertiles,Absolute Mortality,uWUE,Low,22,-0.00182,50,0.3851,0.8944,ns
M5vsM6_anom_12m,tertiles,Relative Mortality,ETmax,High,22,0.00116,45.5,0.5388,0.928,ns
M5vsM6_anom_12m,tertiles,Relative Mortality,GPPsat,High,22,-0.22876,54.5,0.2687,0.806,ns
M5vsM6_anom_12m,tertiles,Relative Mortality,NEPmax,High,22,-1.08726,63.6,0.1087,0.6459,ns
M5vsM6_anom_12m,tertiles,Relative Mortality,WUE,High,22,0.01297,45.5,0.6149,0.928,ns
M5vsM6_anom_12m,tertiles,Relative Mortality,uWUE,High,22,-0.00215,54.5,0.4741,0.9276,ns
M5vsM6_anom_12m,tertiles,Relative Mortality,ETmax,Mid,21,-0.00095,52.4,0.6989,0.928,ns
M5vsM6_anom_12m,tertiles,Relative Mortality,GPPsat,Mid,21,-0.23749,52.4,0.3905,0.8944,ns
M5vsM6_anom_12m,tertiles,Relative Mortality,NEPmax,Mid,21,0.10444,38.1,0.8881,0.928,ns
M5vsM6_anom_12m,tertiles,Relative Mortality,WUE,Mid,21,0.02969,42.9,0.569,0.928,ns
M5vsM6_anom_12m,tertiles,Relative Mortality,uWUE,Mid,21,-0.02992,61.9,0.2545,0.806,ns
M5vsM6_anom_12m,tertiles,Relative Mortality,ETmax,Low,22,0.00155,45.5,0.7821,0.928,ns
M5vsM6_anom_12m,tertiles,Relative Mortality,GPPsat,Low,22,-0.45784,77.3,0.07658,0.6459,ns
M5vsM6_anom_12m,tertiles,Relative Mortality,NEPmax,Low,22,-0.94918,72.7,0.02041,0.6398,ns
M5vsM6_anom_12m,tertiles,Relative Mortality,WUE,Low,22,0.05762,31.8,0.928,0.928,ns
M5vsM6_anom_12m,tertiles,Relative Mortality,uWUE,Low,22,0.04594,36.4,0.7313,0.928,ns
M5vsM6_anom_12m,tertiles,Relative Disturbance,ETmax,High,22,-0.00038,50,0.3605,0.8944,ns
M5vsM6_anom_12m,tertiles,Relative Disturbance,GPPsat,High,22,-0.22876,54.5,0.2581,0.806,ns
M5vsM6_anom_12m,tertiles,Relative Disturbance,NEPmax,High,22,-1.08726,63.6,0.142,0.71,ns
M5vsM6_anom_12m,tertiles,Relative Disturbance,WUE,High,22,0.01052,45.5,0.5,0.928,ns
M5vsM6_anom_12m,tertiles,Relative Disturbance,uWUE,High,22,0.00173,50,0.5259,0.928,ns
M5vsM6_anom_12m,tertiles,Relative Disturbance,ETmax,Mid,21,0.00215,42.9,0.8076,0.928,ns
M5vsM6_anom_12m,tertiles,Relative Disturbance,GPPsat,Mid,21,-0.25274,52.4,0.4174,0.8944,ns
M5vsM6_anom_12m,tertiles,Relative Disturbance,NEPmax,Mid,21,0.05758,42.9,0.6095,0.928,ns
M5vsM6_anom_12m,tertiles,Relative Disturbance,WUE,Mid,21,0.04457,42.9,0.6743,0.928,ns
M5vsM6_anom_12m,tertiles,Relative Disturbance,uWUE,Mid,21,-0.00654,61.9,0.2327,0.806,ns
M5vsM6_anom_12m,tertiles,Relative Disturbance,ETmax,Low,22,0,50,0.7915,0.928,ns
M5vsM6_anom_12m,tertiles,Relative Disturbance,GPPsat,Low,22,-0.45784,77.3,0.04265,0.6398,ns
M5vsM6_anom_12m,tertiles,Relative Disturbance,NEPmax,Low,22,-0.90567,68.2,0.1148,0.6459,ns
M5vsM6_anom_12m,tertiles,Relative Disturbance,WUE,Low,22,0.05163,31.8,0.928,0.928,ns
M5vsM6_anom_12m,tertiles,Relative Disturbance,uWUE,Low,22,0.04149,40.9,0.6516,0.928,ns
M5vsM6_anom_12m,equal_width,Absolute Mortality,ETmax,Mid,21,0.00173,42.9,0.6095,0.8828,ns
M5vsM6_anom_12m,equal_width,Absolute Mortality,GPPsat,Mid,21,-0.55222,66.7,0.08222,0.6787,ns
M5vsM6_anom_12m,equal_width,Absolute Mortality,NEPmax,Mid,21,-1.23897,76.2,0.0109,0.4358,ns
M5vsM6_anom_12m,equal_width,Absolute Mortality,WUE,Mid,21,0.01774,38.1,0.7565,0.8828,ns
M5vsM6_anom_12m,equal_width,Absolute Mortality,uWUE,Mid,21,-0.02149,61.9,0.1831,0.6787,ns
M5vsM6_anom_12m,equal_width,Absolute Mortality,ETmax,Low,41,0.00074,48.8,0.8038,0.8828,ns
M5vsM6_anom_12m,equal_width,Absolute Mortality,GPPsat,Low,41,-0.44484,63.4,0.1891,0.6787,ns
M5vsM6_anom_12m,equal_width,Absolute Mortality,NEPmax,Low,41,-0.01714,51.2,0.5516,0.8828,ns
M5vsM6_anom_12m,equal_width,Absolute Mortality,WUE,Low,41,0.04103,41.5,0.7244,0.8828,ns
M5vsM6_anom_12m,equal_width,Absolute Mortality,uWUE,Low,41,0.04009,46.3,0.6465,0.8828,ns
M5vsM6_anom_12m,equal_width,Absolute Mortality,ETmax,High,3,-0.00641,66.7,,,""
M5vsM6_anom_12m,equal_width,Absolute Mortality,GPPsat,High,3,0.86784,0,,,""
M5vsM6_anom_12m,equal_width,Absolute Mortality,NEPmax,High,3,1.24869,33.3,,,""
M5vsM6_anom_12m,equal_width,Absolute Mortality,WUE,High,3,0.17878,33.3,,,""
M5vsM6_anom_12m,equal_width,Absolute Mortality,uWUE,High,3,0.02768,33.3,,,""
M5vsM6_anom_12m,equal_width,Relative Mortality,ETmax,Mid,26,0.00174,42.3,0.6389,0.8828,ns
M5vsM6_anom_12m,equal_width,Relative Mortality,GPPsat,Mid,26,-0.37374,57.7,0.1672,0.6787,ns
M5vsM6_anom_12m,equal_width,Relative Mortality,NEPmax,Mid,26,-0.61065,57.7,0.0933,0.6787,ns
M5vsM6_anom_12m,equal_width,Relative Mortality,WUE,Mid,26,-0.00749,50,0.6943,0.8828,ns
M5vsM6_anom_12m,equal_width,Relative Mortality,uWUE,Mid,26,-0.0257,57.7,0.2545,0.6787,ns
M5vsM6_anom_12m,equal_width,Relative Mortality,ETmax,Low,32,-1e-04,50,0.7345,0.8828,ns
M5vsM6_anom_12m,equal_width,Relative Mortality,GPPsat,Low,32,-0.45784,71.9,0.07901,0.6787,ns
M5vsM6_anom_12m,equal_width,Relative Mortality,NEPmax,Low,32,-0.824,59.4,0.2358,0.6787,ns
M5vsM6_anom_12m,equal_width,Relative Mortality,WUE,Low,32,0.04879,34.4,0.863,0.8828,ns
M5vsM6_anom_12m,equal_width,Relative Mortality,uWUE,Low,32,0.04149,43.8,0.7525,0.8828,ns
M5vsM6_anom_12m,equal_width,Relative Mortality,ETmax,High,7,-0.00147,57.1,0.5337,0.8828,ns
M5vsM6_anom_12m,equal_width,Relative Mortality,GPPsat,High,7,0.64814,28.6,0.8237,0.8828,ns
M5vsM6_anom_12m,equal_width,Relative Mortality,NEPmax,High,7,-0.79682,57.1,0.7229,0.8828,ns
M5vsM6_anom_12m,equal_width,Relative Mortality,WUE,High,7,0.01774,28.6,0.6001,0.8828,ns
M5vsM6_anom_12m,equal_width,Relative Mortality,uWUE,High,7,-0.00172,57.1,0.5337,0.8828,ns
M5vsM6_anom_12m,equal_width,Relative Disturbance,ETmax,Mid,27,-0.00134,51.9,0.4761,0.8828,ns
M5vsM6_anom_12m,equal_width,Relative Disturbance,GPPsat,Mid,27,-0.05317,51.9,0.5048,0.8828,ns
M5vsM6_anom_12m,equal_width,Relative Disturbance,NEPmax,Mid,27,-0.18829,51.9,0.3284,0.8209,ns
M5vsM6_anom_12m,equal_width,Relative Disturbance,WUE,Mid,27,0.04457,37,0.8828,0.8828,ns
M5vsM6_anom_12m,equal_width,Relative Disturbance,uWUE,Mid,27,-0.00258,51.9,0.5715,0.8828,ns
M5vsM6_anom_12m,equal_width,Relative Disturbance,ETmax,High,9,0.00059,44.4,0.6389,0.8828,ns
M5vsM6_anom_12m,equal_width,Relative Disturbance,GPPsat,High,9,-0.55222,55.6,0.1716,0.6787,ns
M5vsM6_anom_12m,equal_width,Relative Disturbance,NEPmax,High,9,-1.07519,66.7,0.2035,0.6787,ns
M5vsM6_anom_12m,equal_width,Relative Disturbance,WUE,High,9,-0.05875,55.6,0.2386,0.6787,ns
M5vsM6_anom_12m,equal_width,Relative Disturbance,uWUE,High,9,-0.01195,66.7,0.1181,0.6787,ns
M5vsM6_anom_12m,equal_width,Relative Disturbance,ETmax,Low,29,0.00095,44.8,0.8453,0.8828,ns
M5vsM6_anom_12m,equal_width,Relative Disturbance,GPPsat,Low,29,-0.46218,72.4,0.0737,0.6787,ns
M5vsM6_anom_12m,equal_width,Relative Disturbance,NEPmax,Low,29,-0.899,62.1,0.2056,0.6787,ns
M5vsM6_anom_12m,equal_width,Relative Disturbance,WUE,Low,29,0.04103,37.9,0.7754,0.8828,ns
M5vsM6_anom_12m,equal_width,Relative Disturbance,uWUE,Low,29,0.04009,44.8,0.6829,0.8828,ns
M5vsM6_anom_12m,natural_breaks,Absolute Mortality,ETmax,High,14,0.00261,42.9,0.5747,0.8668,ns
M5vsM6_anom_12m,natural_breaks,Absolute Mortality,GPPsat,High,14,0.02214,50,0.475,0.8668,ns
M5vsM6_anom_12m,natural_breaks,Absolute Mortality,NEPmax,High,14,-1.2255,71.4,0.08363,0.7758,ns
M5vsM6_anom_12m,natural_breaks,Absolute Mortality,WUE,High,14,0.0328,35.7,0.6698,0.8668,ns
M5vsM6_anom_12m,natural_breaks,Absolute Mortality,uWUE,High,14,-0.00727,64.3,0.2256,0.8461,ns
M5vsM6_anom_12m,natural_breaks,Absolute Mortality,ETmax,Mid,32,-0.00115,53.1,0.4222,0.8668,ns
M5vsM6_anom_12m,natural_breaks,Absolute Mortality,GPPsat,Mid,32,-0.69732,65.6,0.03275,0.7758,ns
M5vsM6_anom_12m,natural_breaks,Absolute Mortality,NEPmax,Mid,32,-0.08495,50,0.4149,0.8668,ns
M5vsM6_anom_12m,natural_breaks,Absolute Mortality,WUE,Mid,32,0.04175,40.6,0.7525,0.8668,ns
M5vsM6_anom_12m,natural_breaks,Absolute Mortality,uWUE,Mid,32,0.02113,46.9,0.703,0.8668,ns
M5vsM6_anom_12m,natural_breaks,Absolute Mortality,ETmax,Low,19,0.0024,42.1,0.9045,0.9045,ns
M5vsM6_anom_12m,natural_breaks,Absolute Mortality,GPPsat,Low,19,-0.31073,63.2,0.492,0.8668,ns
M5vsM6_anom_12m,natural_breaks,Absolute Mortality,NEPmax,Low,19,-0.749,63.2,0.2163,0.8461,ns
M5vsM6_anom_12m,natural_breaks,Absolute Mortality,WUE,Low,19,0.02175,42.1,0.6637,0.8668,ns
M5vsM6_anom_12m,natural_breaks,Absolute Mortality,uWUE,Low,19,0.00144,47.4,0.4599,0.8668,ns
M5vsM6_anom_12m,natural_breaks,Relative Mortality,ETmax,High,23,0.00173,43.5,0.5784,0.8668,ns
M5vsM6_anom_12m,natural_breaks,Relative Mortality,GPPsat,High,23,-0.05317,52.2,0.3187,0.8668,ns
M5vsM6_anom_12m,natural_breaks,Relative Mortality,NEPmax,High,23,-1.07519,65.2,0.1034,0.7758,ns
M5vsM6_anom_12m,natural_breaks,Relative Mortality,WUE,High,23,0.00819,47.8,0.5902,0.8668,ns
M5vsM6_anom_12m,natural_breaks,Relative Mortality,uWUE,High,23,-0.00258,56.5,0.4336,0.8668,ns
M5vsM6_anom_12m,natural_breaks,Relative Mortality,ETmax,Mid,18,-1e-04,50,0.7705,0.8668,ns
M5vsM6_anom_12m,natural_breaks,Relative Mortality,GPPsat,Mid,18,-0.50352,55.6,0.316,0.8668,ns
M5vsM6_anom_12m,natural_breaks,Relative Mortality,NEPmax,Mid,18,0.08101,38.9,0.7705,0.8668,ns
M5vsM6_anom_12m,natural_breaks,Relative Mortality,WUE,Mid,18,0.04352,38.9,0.684,0.8668,ns
M5vsM6_anom_12m,natural_breaks,Relative Mortality,uWUE,Mid,18,-0.03127,61.1,0.2165,0.8461,ns
M5vsM6_anom_12m,natural_breaks,Relative Mortality,ETmax,Low,24,-0.00051,50,0.7113,0.8668,ns
M5vsM6_anom_12m,natural_breaks,Relative Mortality,GPPsat,Low,24,-0.44916,75,0.0564,0.7758,ns
M5vsM6_anom_12m,natural_breaks,Relative Mortality,NEPmax,Low,24,-0.90567,66.7,0.08737,0.7758,ns
M5vsM6_anom_12m,natural_breaks,Relative Mortality,WUE,Low,24,0.04702,33.3,0.8705,0.8928,ns
M5vsM6_anom_12m,natural_breaks,Relative Mortality,uWUE,Low,24,0.04594,37.5,0.749,0.8668,ns
M5vsM6_anom_12m,natural_breaks,Relative Disturbance,ETmax,High,22,-0.00038,50,0.3605,0.8668,ns
M5vsM6_anom_12m,natural_breaks,Relative Disturbance,GPPsat,High,22,-0.22876,54.5,0.2581,0.8668,ns
M5vsM6_anom_12m,natural_breaks,Relative Disturbance,NEPmax,High,22,-1.08726,63.6,0.142,0.7988,ns
M5vsM6_anom_12m,natural_breaks,Relative Disturbance,WUE,High,22,0.01052,45.5,0.5,0.8668,ns
M5vsM6_anom_12m,natural_breaks,Relative Disturbance,uWUE,High,22,0.00173,50,0.5259,0.8668,ns
M5vsM6_anom_12m,natural_breaks,Relative Disturbance,ETmax,Mid,20,0.00144,45,0.8098,0.8677,ns
M5vsM6_anom_12m,natural_breaks,Relative Disturbance,GPPsat,Mid,20,-0.29793,55,0.3338,0.8668,ns
M5vsM6_anom_12m,natural_breaks,Relative Disturbance,NEPmax,Mid,20,0.03799,45,0.5813,0.8668,ns
M5vsM6_anom_12m,natural_breaks,Relative Disturbance,WUE,Mid,20,0.04879,40,0.7551,0.8668,ns
M5vsM6_anom_12m,natural_breaks,Relative Disturbance,uWUE,Mid,20,-0.01823,65,0.2005,0.8461,ns
M5vsM6_anom_12m,natural_breaks,Relative Disturbance,ETmax,Low,23,0.00095,47.8,0.807,0.8677,ns
M5vsM6_anom_12m,natural_breaks,Relative Disturbance,GPPsat,Low,23,-0.45349,73.9,0.07864,0.7758,ns
M5vsM6_anom_12m,natural_breaks,Relative Disturbance,NEPmax,Low,23,-0.899,65.2,0.1208,0.7766,ns
M5vsM6_anom_12m,natural_breaks,Relative Disturbance,WUE,Low,23,0.04103,34.8,0.873,0.8928,ns
M5vsM6_anom_12m,natural_breaks,Relative Disturbance,uWUE,Low,23,0.04289,39.1,0.6921,0.8668,ns
M5vsM6_anom_24m,tertiles,Absolute Mortality,ETmax,High,22,0.00529,36.4,0.9655,0.9655,ns
M5vsM6_anom_24m,tertiles,Absolute Mortality,GPPsat,High,22,-0.32805,68.2,0.142,0.5713,ns
M5vsM6_anom_24m,tertiles,Absolute Mortality,NEPmax,High,22,-0.31857,59.1,0.06766,0.5433,ns
M5vsM6_anom_24m,tertiles,Absolute Mortality,WUE,High,22,-0.00856,50,0.2179,0.6538,ns
M5vsM6_anom_24m,tertiles,Absolute Mortality,uWUE,High,22,-0.00933,50,0.3131,0.7127,ns
M5vsM6_anom_24m,tertiles,Absolute Mortality,ETmax,Mid,21,0.00104,47.6,0.5553,0.8117,ns
M5vsM6_anom_24m,tertiles,Absolute Mortality,GPPsat,Mid,21,-0.2335,57.1,0.4723,0.8036,ns
M5vsM6_anom_24m,tertiles,Absolute Mortality,NEPmax,Mid,21,-0.05395,52.4,0.3257,0.7127,ns
M5vsM6_anom_24m,tertiles,Absolute Mortality,WUE,Mid,21,-0.01129,52.4,0.2891,0.7127,ns
M5vsM6_anom_24m,tertiles,Absolute Mortality,uWUE,Mid,21,-0.04505,61.9,0.3383,0.7127,ns
M5vsM6_anom_24m,tertiles,Absolute Mortality,ETmax,Low,22,3e-05,50,0.6635,0.8661,ns
M5vsM6_anom_24m,tertiles,Absolute Mortality,GPPsat,Low,22,0.01067,50,0.5,0.8036,ns
M5vsM6_anom_24m,tertiles,Absolute Mortality,NEPmax,Low,22,-0.76747,68.2,0.08135,0.5433,ns
M5vsM6_anom_24m,tertiles,Absolute Mortality,WUE,Low,22,0.00127,50,0.5517,0.8117,ns
M5vsM6_anom_24m,tertiles,Absolute Mortality,uWUE,Low,22,-0.00033,50,0.5772,0.8117,ns
M5vsM6_anom_24m,tertiles,Relative Mortality,ETmax,High,22,0.00097,45.5,0.7724,0.885,ns
M5vsM6_anom_24m,tertiles,Relative Mortality,GPPsat,High,22,-0.60415,68.2,0.09704,0.5433,ns
M5vsM6_anom_24m,tertiles,Relative Mortality,NEPmax,High,22,-0.29307,59.1,0.07658,0.5433,ns
M5vsM6_anom_24m,tertiles,Relative Mortality,WUE,High,22,-0.02624,59.1,0.08635,0.5433,ns
M5vsM6_anom_24m,tertiles,Relative Mortality,uWUE,High,22,-0.04485,59.1,0.165,0.5713,ns
M5vsM6_anom_24m,tertiles,Relative Mortality,ETmax,Mid,21,0.00407,42.9,0.8946,0.9291,ns
M5vsM6_anom_24m,tertiles,Relative Mortality,GPPsat,Mid,21,-0.18428,52.4,0.6989,0.8661,ns
M5vsM6_anom_24m,tertiles,Relative Mortality,NEPmax,Mid,21,0.06948,47.6,0.569,0.8117,ns
M5vsM6_anom_24m,tertiles,Relative Mortality,WUE,Mid,21,0.00137,47.6,0.4174,0.8036,ns
M5vsM6_anom_24m,tertiles,Relative Mortality,uWUE,Mid,21,0.0113,42.9,0.7979,0.885,ns
M5vsM6_anom_24m,tertiles,Relative Mortality,ETmax,Low,22,0.00062,45.5,0.7095,0.8661,ns
M5vsM6_anom_24m,tertiles,Relative Mortality,GPPsat,Low,22,-0.43184,54.5,0.3131,0.7127,ns
M5vsM6_anom_24m,tertiles,Relative Mortality,NEPmax,Low,22,-1.25991,72.7,0.02041,0.5433,ns
M5vsM6_anom_24m,tertiles,Relative Mortality,WUE,Low,22,0.00616,45.5,0.7313,0.8661,ns
M5vsM6_anom_24m,tertiles,Relative Mortality,uWUE,Low,22,-0.0174,59.1,0.3484,0.7127,ns
M5vsM6_anom_24m,tertiles,Relative Disturbance,ETmax,High,22,0.00097,45.5,0.8096,0.885,ns
M5vsM6_anom_24m,tertiles,Relative Disturbance,GPPsat,High,22,-0.32805,68.2,0.1212,0.5456,ns
M5vsM6_anom_24m,tertiles,Relative Disturbance,NEPmax,High,22,-0.13096,54.5,0.1571,0.5713,ns
M5vsM6_anom_24m,tertiles,Relative Disturbance,WUE,High,22,-0.02624,59.1,0.04265,0.5433,ns
M5vsM6_anom_24m,tertiles,Relative Disturbance,uWUE,High,22,-0.04485,59.1,0.1087,0.5433,ns
M5vsM6_anom_24m,tertiles,Relative Disturbance,ETmax,Mid,21,-0.00064,52.4,0.6228,0.8493,ns
M5vsM6_anom_24m,tertiles,Relative Disturbance,GPPsat,Mid,21,-0.23651,57.1,0.4723,0.8036,ns
M5vsM6_anom_24m,tertiles,Relative Disturbance,NEPmax,Mid,21,-0.31027,57.1,0.2021,0.6496,ns
M5vsM6_anom_24m,tertiles,Relative Disturbance,WUE,Mid,21,0.02417,47.6,0.4861,0.8036,ns
M5vsM6_anom_24m,tertiles,Relative Disturbance,uWUE,Mid,21,0.03188,42.9,0.826,0.885,ns
M5vsM6_anom_24m,tertiles,Relative Disturbance,ETmax,Low,22,0.00117,36.4,0.9084,0.9291,ns
M5vsM6_anom_24m,tertiles,Relative Disturbance,GPPsat,Low,22,0.01217,50,0.4355,0.8036,ns
M5vsM6_anom_24m,tertiles,Relative Disturbance,NEPmax,Low,22,-1.16144,68.2,0.07201,0.5433,ns
M5vsM6_anom_24m,tertiles,Relative Disturbance,WUE,Low,22,0.00616,45.5,0.7313,0.8661,ns
M5vsM6_anom_24m,tertiles,Relative Disturbance,uWUE,Low,22,-0.0174,59.1,0.3365,0.7127,ns
M5vsM6_anom_24m,equal_width,Absolute Mortality,ETmax,Mid,21,0.00044,47.6,0.788,0.8499,ns
M5vsM6_anom_24m,equal_width,Absolute Mortality,GPPsat,Mid,21,-0.33589,76.2,0.04427,0.4476,ns
M5vsM6_anom_24m,equal_width,Absolute Mortality,NEPmax,Mid,21,-0.25898,57.1,0.07707,0.4476,ns
M5vsM6_anom_24m,equal_width,Absolute Mortality,WUE,Mid,21,-0.01848,52.4,0.1119,0.4476,ns
M5vsM6_anom_24m,equal_width,Absolute Mortality,uWUE,Mid,21,0.00334,47.6,0.2773,0.6162,ns
M5vsM6_anom_24m,equal_width,Absolute Mortality,ETmax,Low,41,0.00104,46.3,0.7415,0.8499,ns
M5vsM6_anom_24m,equal_width,Absolute Mortality,GPPsat,Low,41,-0.20227,51.2,0.5103,0.7561,ns
M5vsM6_anom_24m,equal_width,Absolute Mortality,NEPmax,Low,41,-0.41471,63.4,0.0698,0.4476,ns
M5vsM6_anom_24m,equal_width,Absolute Mortality,WUE,Low,41,-0.00478,51.2,0.4536,0.7257,ns
M5vsM6_anom_24m,equal_width,Absolute Mortality,uWUE,Low,41,-0.01697,56.1,0.4229,0.7049,ns
M5vsM6_anom_24m,equal_width,Absolute Mortality,ETmax,High,3,0.00759,0,,,""
M5vsM6_anom_24m,equal_width,Absolute Mortality,GPPsat,High,3,1.1169,33.3,,,""
M5vsM6_anom_24m,equal_width,Absolute Mortality,NEPmax,High,3,1.16714,33.3,,,""
M5vsM6_anom_24m,equal_width,Absolute Mortality,WUE,High,3,0.08454,33.3,,,""
M5vsM6_anom_24m,equal_width,Absolute Mortality,uWUE,High,3,-0.02201,66.7,,,""
M5vsM6_anom_24m,equal_width,Relative Mortality,ETmax,Mid,26,0.00072,50,0.6762,0.8499,ns
M5vsM6_anom_24m,equal_width,Relative Mortality,GPPsat,Mid,26,-0.26986,65.4,0.1803,0.509,ns
M5vsM6_anom_24m,equal_width,Relative Mortality,NEPmax,Mid,26,-0.62293,61.5,0.05767,0.4476,ns
M5vsM6_anom_24m,equal_width,Relative Mortality,WUE,Mid,26,-0.01949,53.8,0.1067,0.4476,ns
M5vsM6_anom_24m,equal_width,Relative Mortality,uWUE,Mid,26,0.00394,46.2,0.5,0.7561,ns
M5vsM6_anom_24m,equal_width,Relative Mortality,ETmax,Low,32,0.00062,46.9,0.7345,0.8499,ns
M5vsM6_anom_24m,equal_width,Relative Mortality,GPPsat,Low,32,-0.32222,53.1,0.3577,0.6813,ns
M5vsM6_anom_24m,equal_width,Relative Mortality,NEPmax,Low,32,-0.36249,62.5,0.07107,0.4476,ns
M5vsM6_anom_24m,equal_width,Relative Mortality,WUE,Low,32,0.00616,46.9,0.7406,0.8499,ns
M5vsM6_anom_24m,equal_width,Relative Mortality,uWUE,Low,32,-0.01639,56.2,0.4076,0.7049,ns
M5vsM6_anom_24m,equal_width,Relative Mortality,ETmax,High,7,0.00694,14.3,0.9827,0.9827,ns
M5vsM6_anom_24m,equal_width,Relative Mortality,GPPsat,High,7,-0.30528,57.1,0.6001,0.8277,ns
M5vsM6_anom_24m,equal_width,Relative Mortality,NEPmax,High,7,0.08552,42.9,0.6001,0.8277,ns
M5vsM6_anom_24m,equal_width,Relative Mortality,WUE,High,7,-0.06201,57.1,0.2234,0.5257,ns
M5vsM6_anom_24m,equal_width,Relative Mortality,uWUE,High,7,-0.0798,71.4,0.1763,0.509,ns
M5vsM6_anom_24m,equal_width,Relative Disturbance,ETmax,Mid,27,0.0015,44.4,0.7895,0.8499,ns
M5vsM6_anom_24m,equal_width,Relative Disturbance,GPPsat,Mid,27,-0.23651,63,0.3459,0.6813,ns
M5vsM6_anom_24m,equal_width,Relative Disturbance,NEPmax,Mid,27,-0.25898,55.6,0.1713,0.509,ns
M5vsM6_anom_24m,equal_width,Relative Disturbance,WUE,Mid,27,-0.01848,51.9,0.2036,0.509,ns
M5vsM6_anom_24m,equal_width,Relative Disturbance,uWUE,Mid,27,0.03188,40.7,0.8287,0.8499,ns
M5vsM6_anom_24m,equal_width,Relative Disturbance,ETmax,High,9,0.00468,44.4,0.8284,0.8499,ns
M5vsM6_anom_24m,equal_width,Relative Disturbance,GPPsat,High,9,-1.00923,66.7,0.2035,0.509,ns
M5vsM6_anom_24m,equal_width,Relative Disturbance,NEPmax,High,9,-1.26708,66.7,0.09626,0.4476,ns
M5vsM6_anom_24m,equal_width,Relative Disturbance,WUE,High,9,-0.06201,55.6,0.1716,0.509,ns
M5vsM6_anom_24m,equal_width,Relative Disturbance,uWUE,High,9,-0.16436,88.9,0.02901,0.4476,ns
M5vsM6_anom_24m,equal_width,Relative Disturbance,ETmax,Low,29,0.00104,44.8,0.7882,0.8499,ns
M5vsM6_anom_24m,equal_width,Relative Disturbance,GPPsat,Low,29,-0.2335,51.7,0.3486,0.6813,ns
M5vsM6_anom_24m,equal_width,Relative Disturbance,NEPmax,Low,29,-0.88276,62.1,0.09358,0.4476,ns
M5vsM6_anom_24m,equal_width,Relative Disturbance,WUE,Low,29,0.00501,48.3,0.6751,0.8499,ns
M5vsM6_anom_24m,equal_width,Relative Disturbance,uWUE,Low,29,-0.01697,55.2,0.3976,0.7049,ns
M5vsM6_anom_24m,natural_breaks,Absolute Mortality,ETmax,High,14,0.00325,35.7,0.8571,0.8765,ns
M5vsM6_anom_24m,natural_breaks,Absolute Mortality,GPPsat,High,14,-0.66472,71.4,0.1732,0.5196,ns
M5vsM6_anom_24m,natural_breaks,Absolute Mortality,NEPmax,High,14,-0.82262,64.3,0.04504,0.5196,ns
M5vsM6_anom_24m,natural_breaks,Absolute Mortality,WUE,High,14,-0.047,64.3,0.1292,0.5196,ns
M5vsM6_anom_24m,natural_breaks,Absolute Mortality,uWUE,High,14,-0.04073,57.1,0.1732,0.5196,ns
M5vsM6_anom_24m,natural_breaks,Absolute Mortality,ETmax,Mid,32,0.00049,50,0.6833,0.8765,ns
M5vsM6_anom_24m,natural_breaks,Absolute Mortality,GPPsat,Mid,32,-0.26986,62.5,0.1725,0.5196,ns
M5vsM6_anom_24m,natural_breaks,Absolute Mortality,NEPmax,Mid,32,-0.28462,56.2,0.1068,0.5196,ns
M5vsM6_anom_24m,natural_breaks,Absolute Mortality,WUE,Mid,32,0.00663,43.8,0.4888,0.8147,ns
M5vsM6_anom_24m,natural_breaks,Absolute Mortality,uWUE,Mid,32,-0.01639,56.2,0.4295,0.8147,ns
M5vsM6_anom_24m,natural_breaks,Absolute Mortality,ETmax,Low,19,0.00109,42.1,0.8379,0.8765,ns
M5vsM6_anom_24m,natural_breaks,Absolute Mortality,GPPsat,Low,19,0.32406,42.1,0.7594,0.8765,ns
M5vsM6_anom_24m,natural_breaks,Absolute Mortality,NEPmax,Low,19,-0.1003,63.2,0.2283,0.5707,ns
M5vsM6_anom_24m,natural_breaks,Absolute Mortality,WUE,Low,19,-0.00478,52.6,0.444,0.8147,ns
M5vsM6_anom_24m,natural_breaks,Absolute Mortality,uWUE,Low,19,0.01515,47.4,0.6489,0.8765,ns
M5vsM6_anom_24m,natural_breaks,Relative Mortality,ETmax,High,23,0.00044,47.8,0.7335,0.8765,ns
M5vsM6_anom_24m,natural_breaks,Relative Mortality,GPPsat,High,23,-0.33589,69.6,0.08795,0.5196,ns
M5vsM6_anom_24m,natural_breaks,Relative Mortality,NEPmax,High,23,-0.37817,60.9,0.05516,0.5196,ns
M5vsM6_anom_24m,natural_breaks,Relative Mortality,WUE,High,23,-0.03199,60.9,0.05863,0.5196,ns
M5vsM6_anom_24m,natural_breaks,Relative Mortality,uWUE,High,23,-0.03026,56.5,0.219,0.5707,ns
M5vsM6_anom_24m,natural_breaks,Relative Mortality,ETmax,Mid,18,0.00295,44.4,0.8081,0.8765,ns
M5vsM6_anom_24m,natural_breaks,Relative Mortality,GPPsat,Mid,18,-0.19327,55.6,0.6198,0.8765,ns
M5vsM6_anom_24m,natural_breaks,Relative Mortality,NEPmax,Mid,18,-0.09475,50,0.4826,0.8147,ns
M5vsM6_anom_24m,natural_breaks,Relative Mortality,WUE,Mid,18,0.01277,44.4,0.5347,0.8297,ns
M5vsM6_anom_24m,natural_breaks,Relative Mortality,uWUE,Mid,18,0.00088,50,0.6198,0.8765,ns
M5vsM6_anom_24m,natural_breaks,Relative Mortality,ETmax,Low,24,0.00106,41.7,0.8379,0.8765,ns
M5vsM6_anom_24m,natural_breaks,Relative Mortality,GPPsat,Low,24,-0.07655,50,0.393,0.8147,ns
M5vsM6_anom_24m,natural_breaks,Relative Mortality,NEPmax,Low,24,-0.80084,66.7,0.06681,0.5196,ns
M5vsM6_anom_24m,natural_breaks,Relative Mortality,WUE,Low,24,0.00616,45.8,0.7014,0.8765,ns
M5vsM6_anom_24m,natural_breaks,Relative Mortality,uWUE,Low,24,-0.01639,54.2,0.4829,0.8147,ns
M5vsM6_anom_24m,natural_breaks,Relative Disturbance,ETmax,High,22,0.00097,45.5,0.8096,0.8765,ns
M5vsM6_anom_24m,natural_breaks,Relative Disturbance,GPPsat,High,22,-0.32805,68.2,0.1212,0.5196,ns
M5vsM6_anom_24m,natural_breaks,Relative Disturbance,NEPmax,High,22,-0.13096,54.5,0.1571,0.5196,ns
M5vsM6_anom_24m,natural_breaks,Relative Disturbance,WUE,High,22,-0.02624,59.1,0.04265,0.5196,ns
M5vsM6_anom_24m,natural_breaks,Relative Disturbance,uWUE,High,22,-0.04485,59.1,0.1087,0.5196,ns
M5vsM6_anom_24m,natural_breaks,Relative Disturbance,ETmax,Mid,20,0.00059,50,0.6929,0.8765,ns
M5vsM6_anom_24m,natural_breaks,Relative Disturbance,GPPsat,Mid,20,-0.26986,60,0.4333,0.8147,ns
M5vsM6_anom_24m,natural_breaks,Relative Disturbance,NEPmax,Mid,20,-0.36249,60,0.1902,0.5348,ns
M5vsM6_anom_24m,natural_breaks,Relative Disturbance,WUE,Mid,20,0.02676,45,0.5074,0.8155,ns
M5vsM6_anom_24m,natural_breaks,Relative Disturbance,uWUE,Mid,20,0.02159,45,0.8098,0.8765,ns
M5vsM6_anom_24m,natural_breaks,Relative Disturbance,ETmax,Low,23,0.00109,39.1,0.8792,0.8792,ns
M5vsM6_anom_24m,natural_breaks,Relative Disturbance,GPPsat,Low,23,0.25784,47.8,0.4818,0.8147,ns
M5vsM6_anom_24m,natural_breaks,Relative Disturbance,NEPmax,Low,23,-1.13591,65.2,0.0832,0.5196,ns
M5vsM6_anom_24m,natural_breaks,Relative Disturbance,WUE,Low,23,0.00501,47.8,0.6813,0.8765,ns
M5vsM6_anom_24m,natural_breaks,Relative Disturbance,uWUE,Low,23,-0.01697,56.5,0.4098,0.8147,ns
M7vsM8_raw_12m,tertiles,Absolute Mortality,ETmax,High,22,-0.00043,54.5,0.2905,0.8252,ns
M7vsM8_raw_12m,tertiles,Absolute Mortality,GPPsat,High,22,-0.03003,50,0.3365,0.8252,ns
M7vsM8_raw_12m,tertiles,Absolute Mortality,NEPmax,High,22,-0.19238,63.6,0.05226,0.4187,ns
M7vsM8_raw_12m,tertiles,Absolute Mortality,WUE,High,22,-0.01255,50,0.4871,0.8312,ns
M7vsM8_raw_12m,tertiles,Absolute Mortality,uWUE,High,22,-0.00692,54.5,0.4355,0.8312,ns
M7vsM8_raw_12m,tertiles,Absolute Mortality,ETmax,Mid,21,0.00016,42.9,0.6095,0.8312,ns
M7vsM8_raw_12m,tertiles,Absolute Mortality,GPPsat,Mid,21,0.12489,38.1,0.7342,0.9067,ns
M7vsM8_raw_12m,tertiles,Absolute Mortality,NEPmax,Mid,21,0.33019,38.1,0.9524,0.9791,ns
M7vsM8_raw_12m,tertiles,Absolute Mortality,WUE,Mid,21,0.00767,47.6,0.7455,0.9067,ns
M7vsM8_raw_12m,tertiles,Absolute Mortality,uWUE,Mid,21,-0.00719,52.4,0.5826,0.8312,ns
M7vsM8_raw_12m,tertiles,Absolute Mortality,ETmax,Low,22,0.0019,22.7,0.9894,0.9894,ns
M7vsM8_raw_12m,tertiles,Absolute Mortality,GPPsat,Low,22,-0.0364,54.5,0.5388,0.8312,ns
M7vsM8_raw_12m,tertiles,Absolute Mortality,NEPmax,Low,22,-0.09961,68.2,0.04889,0.4187,ns
M7vsM8_raw_12m,tertiles,Absolute Mortality,WUE,Low,22,-0.05433,81.8,0.006212,0.2795,ns
M7vsM8_raw_12m,tertiles,Absolute Mortality,uWUE,Low,22,-0.00652,50,0.1027,0.4623,ns
M7vsM8_raw_12m,tertiles,Relative Mortality,ETmax,High,22,0.00033,50,0.5899,0.8312,ns
M7vsM8_raw_12m,tertiles,Relative Mortality,GPPsat,High,22,-0.15791,54.5,0.2477,0.7961,ns
M7vsM8_raw_12m,tertiles,Relative Mortality,NEPmax,High,22,-0.27516,68.2,0.05583,0.4187,ns
M7vsM8_raw_12m,tertiles,Relative Mortality,WUE,High,22,-0.02654,54.5,0.4101,0.8312,ns
M7vsM8_raw_12m,tertiles,Relative Mortality,uWUE,High,22,-0.00692,54.5,0.5129,0.8312,ns
M7vsM8_raw_12m,tertiles,Relative Mortality,ETmax,Mid,21,0.00035,42.9,0.5826,0.8312,ns
M7vsM8_raw_12m,tertiles,Relative Mortality,GPPsat,Mid,21,0.22628,28.6,0.8813,0.9791,ns
M7vsM8_raw_12m,tertiles,Relative Mortality,NEPmax,Mid,21,0.22383,33.3,0.9229,0.9791,ns
M7vsM8_raw_12m,tertiles,Relative Mortality,WUE,Mid,21,-0.0019,52.4,0.4861,0.8312,ns
M7vsM8_raw_12m,tertiles,Relative Mortality,uWUE,Mid,21,-0.00719,52.4,0.5139,0.8312,ns
M7vsM8_raw_12m,tertiles,Relative Mortality,ETmax,Low,22,0.00134,27.3,0.9573,0.9791,ns
M7vsM8_raw_12m,tertiles,Relative Mortality,GPPsat,Low,22,-0.04392,59.1,0.4355,0.8312,ns
M7vsM8_raw_12m,tertiles,Relative Mortality,NEPmax,Low,22,-0.16176,68.2,0.04569,0.4187,ns
M7vsM8_raw_12m,tertiles,Relative Mortality,WUE,Low,22,-0.03705,72.7,0.04889,0.4187,ns
M7vsM8_raw_12m,tertiles,Relative Mortality,uWUE,Low,22,-0.00407,50,0.07658,0.4623,ns
M7vsM8_raw_12m,tertiles,Relative Disturbance,ETmax,High,22,0.00033,50,0.5259,0.8312,ns
M7vsM8_raw_12m,tertiles,Relative Disturbance,GPPsat,High,22,-0.15791,54.5,0.3017,0.8252,ns
M7vsM8_raw_12m,tertiles,Relative Disturbance,NEPmax,High,22,-0.14029,63.6,0.1027,0.4623,ns
M7vsM8_raw_12m,tertiles,Relative Disturbance,WUE,High,22,-0.02801,59.1,0.1993,0.6899,ns
M7vsM8_raw_12m,tertiles,Relative Disturbance,uWUE,High,22,-0.01402,59.1,0.3131,0.8252,ns
M7vsM8_raw_12m,tertiles,Relative Disturbance,ETmax,Mid,21,0.00067,33.3,0.8076,0.9563,ns
M7vsM8_raw_12m,tertiles,Relative Disturbance,GPPsat,Mid,21,0.22628,28.6,0.9067,0.9791,ns
M7vsM8_raw_12m,tertiles,Relative Disturbance,NEPmax,Mid,21,0.01486,42.9,0.7109,0.9067,ns
M7vsM8_raw_12m,tertiles,Relative Disturbance,WUE,Mid,21,-0.0019,52.4,0.5961,0.8312,ns
M7vsM8_raw_12m,tertiles,Relative Disturbance,uWUE,Mid,21,0.00545,42.9,0.7342,0.9067,ns
M7vsM8_raw_12m,tertiles,Relative Disturbance,ETmax,Low,22,0.00117,36.4,0.9084,0.9791,ns
M7vsM8_raw_12m,tertiles,Relative Disturbance,GPPsat,Low,22,-0.04392,59.1,0.3484,0.8252,ns
M7vsM8_raw_12m,tertiles,Relative Disturbance,NEPmax,Low,22,-0.09961,63.6,0.1348,0.5516,ns
M7vsM8_raw_12m,tertiles,Relative Disturbance,WUE,Low,22,-0.0384,68.2,0.1494,0.5603,ns
M7vsM8_raw_12m,tertiles,Relative Disturbance,uWUE,Low,22,-0.01167,54.5,0.09704,0.4623,ns
M7vsM8_raw_12m,equal_width,Absolute Mortality,ETmax,Mid,21,-0.00059,61.9,0.1257,0.4532,ns
M7vsM8_raw_12m,equal_width,Absolute Mortality,GPPsat,Mid,21,0.00322,47.6,0.3133,0.7238,ns
M7vsM8_raw_12m,equal_width,Absolute Mortality,NEPmax,Mid,21,-0.0575,66.7,0.06751,0.4532,ns
M7vsM8_raw_12m,equal_width,Absolute Mortality,WUE,Mid,21,0.03479,38.1,0.8169,0.9554,ns
M7vsM8_raw_12m,equal_width,Absolute Mortality,uWUE,Mid,21,-0.01662,57.1,0.3257,0.7238,ns
M7vsM8_raw_12m,equal_width,Absolute Mortality,ETmax,Low,41,0.00073,31.7,0.9631,0.974,ns
M7vsM8_raw_12m,equal_width,Absolute Mortality,GPPsat,Low,41,0.04327,46.3,0.7244,0.9518,ns
M7vsM8_raw_12m,equal_width,Absolute Mortality,NEPmax,Low,41,-0.00815,51.2,0.572,0.9152,ns
M7vsM8_raw_12m,equal_width,Absolute Mortality,WUE,Low,41,-0.02354,68.3,0.07702,0.4532,ns
M7vsM8_raw_12m,equal_width,Absolute Mortality,uWUE,Low,41,-0.00719,51.2,0.153,0.4707,ns
M7vsM8_raw_12m,equal_width,Absolute Mortality,ETmax,High,3,0.00781,0,,,""
M7vsM8_raw_12m,equal_width,Absolute Mortality,GPPsat,High,3,-0.30342,66.7,,,""
M7vsM8_raw_12m,equal_width,Absolute Mortality,NEPmax,High,3,-0.68551,66.7,,,""
M7vsM8_raw_12m,equal_width,Absolute Mortality,WUE,High,3,-0.13592,100,,,""
M7vsM8_raw_12m,equal_width,Absolute Mortality,uWUE,High,3,0.0204,33.3,,,""
M7vsM8_raw_12m,equal_width,Relative Mortality,ETmax,Mid,26,0.00038,46.2,0.7536,0.9518,ns
M7vsM8_raw_12m,equal_width,Relative Mortality,GPPsat,Mid,26,0.08408,38.5,0.7918,0.9554,ns
M7vsM8_raw_12m,equal_width,Relative Mortality,NEPmax,Mid,26,-0.01635,53.8,0.3803,0.7271,ns
M7vsM8_raw_12m,equal_width,Relative Mortality,WUE,Mid,26,0.02123,42.3,0.8837,0.9554,ns
M7vsM8_raw_12m,equal_width,Relative Mortality,uWUE,Mid,26,-0.02288,61.5,0.2385,0.636,ns
M7vsM8_raw_12m,equal_width,Relative Mortality,ETmax,Low,32,0.00062,34.4,0.8503,0.9554,ns
M7vsM8_raw_12m,equal_width,Relative Mortality,GPPsat,Low,32,-0.0364,53.1,0.3931,0.7271,ns
M7vsM8_raw_12m,equal_width,Relative Mortality,NEPmax,Low,32,-0.07167,56.2,0.2301,0.636,ns
M7vsM8_raw_12m,equal_width,Relative Mortality,WUE,Low,32,-0.03705,71.9,0.0453,0.4532,ns
M7vsM8_raw_12m,equal_width,Relative Mortality,uWUE,Low,32,-0.00407,50,0.1175,0.4532,ns
M7vsM8_raw_12m,equal_width,Relative Mortality,ETmax,High,7,0.00165,42.9,0.7229,0.9518,ns
M7vsM8_raw_12m,equal_width,Relative Mortality,GPPsat,High,7,-0.30342,57.1,0.3999,0.7271,ns
M7vsM8_raw_12m,equal_width,Relative Mortality,NEPmax,High,7,-0.32725,71.4,0.1359,0.4532,ns
M7vsM8_raw_12m,equal_width,Relative Mortality,WUE,High,7,-0.06731,71.4,0.07539,0.4532,ns
M7vsM8_raw_12m,equal_width,Relative Mortality,uWUE,High,7,0.02079,28.6,0.974,0.974,ns
M7vsM8_raw_12m,equal_width,Relative Disturbance,ETmax,Mid,27,1e-04,48.1,0.6452,0.9518,ns
M7vsM8_raw_12m,equal_width,Relative Disturbance,GPPsat,Mid,27,0.12489,33.3,0.9394,0.974,ns
M7vsM8_raw_12m,equal_width,Relative Disturbance,NEPmax,Mid,27,-0.00686,51.9,0.6362,0.9518,ns
M7vsM8_raw_12m,equal_width,Relative Disturbance,WUE,Mid,27,0.0041,44.4,0.7532,0.9518,ns
M7vsM8_raw_12m,equal_width,Relative Disturbance,uWUE,Mid,27,-0.00719,51.9,0.5335,0.8892,ns
M7vsM8_raw_12m,equal_width,Relative Disturbance,ETmax,High,9,0.00165,33.3,0.7614,0.9518,ns
M7vsM8_raw_12m,equal_width,Relative Disturbance,GPPsat,High,9,-0.31889,66.7,0.1181,0.4532,ns
M7vsM8_raw_12m,equal_width,Relative Disturbance,NEPmax,High,9,-0.68551,77.8,0.02201,0.4532,ns
M7vsM8_raw_12m,equal_width,Relative Disturbance,WUE,High,9,-0.06731,77.8,0.0486,0.4532,ns
M7vsM8_raw_12m,equal_width,Relative Disturbance,uWUE,High,9,-0.00243,55.6,0.4528,0.7876,ns
M7vsM8_raw_12m,equal_width,Relative Disturbance,ETmax,Low,29,0.00051,34.5,0.8741,0.9554,ns
M7vsM8_raw_12m,equal_width,Relative Disturbance,GPPsat,Low,29,-0.03834,55.2,0.381,0.7271,ns
M7vsM8_raw_12m,equal_width,Relative Disturbance,NEPmax,Low,29,-0.04749,55.2,0.2724,0.6811,ns
M7vsM8_raw_12m,equal_width,Relative Disturbance,WUE,Low,29,-0.01834,69,0.1089,0.4532,ns
M7vsM8_raw_12m,equal_width,Relative Disturbance,uWUE,Low,29,-0.01019,51.7,0.1049,0.4532,ns
M7vsM8_raw_12m,natural_breaks,Absolute Mortality,ETmax,High,14,0.001,42.9,0.7349,0.8938,ns
M7vsM8_raw_12m,natural_breaks,Absolute Mortality,GPPsat,High,14,-0.09445,50,0.475,0.8938,ns
M7vsM8_raw_12m,natural_breaks,Absolute Mortality,NEPmax,High,14,-0.19238,64.3,0.1732,0.6848,ns
M7vsM8_raw_12m,natural_breaks,Absolute Mortality,WUE,High,14,-0.01255,50,0.475,0.8938,ns
M7vsM8_raw_12m,natural_breaks,Absolute Mortality,uWUE,High,14,0.00899,50,0.6922,0.8938,ns
M7vsM8_raw_12m,natural_breaks,Absolute Mortality,ETmax,Mid,32,0.00013,46.9,0.5335,0.8938,ns
M7vsM8_raw_12m,natural_breaks,Absolute Mortality,GPPsat,Mid,32,0.0298,40.6,0.5778,0.8938,ns
M7vsM8_raw_12m,natural_breaks,Absolute Mortality,NEPmax,Mid,32,0.01203,46.9,0.6283,0.8938,ns
M7vsM8_raw_12m,natural_breaks,Absolute Mortality,WUE,Mid,32,0.01459,46.9,0.7642,0.8976,ns
M7vsM8_raw_12m,natural_breaks,Absolute Mortality,uWUE,Mid,32,-0.01167,56.2,0.2475,0.7954,ns
M7vsM8_raw_12m,natural_breaks,Absolute Mortality,ETmax,Low,19,0.00117,26.3,0.96,0.96,ns
M7vsM8_raw_12m,natural_breaks,Absolute Mortality,GPPsat,Low,19,-0.03834,57.9,0.5401,0.8938,ns
M7vsM8_raw_12m,natural_breaks,Absolute Mortality,NEPmax,Low,19,-0.10338,68.4,0.05597,0.5687,ns
M7vsM8_raw_12m,natural_breaks,Absolute Mortality,WUE,Low,19,-0.05541,89.5,0.001549,0.06971,ns
M7vsM8_raw_12m,natural_breaks,Absolute Mortality,uWUE,Low,19,0.00204,47.4,0.1826,0.6848,ns
M7vsM8_raw_12m,natural_breaks,Relative Mortality,ETmax,High,23,0.00072,47.8,0.6921,0.8938,ns
M7vsM8_raw_12m,natural_breaks,Relative Mortality,GPPsat,High,23,-0.12845,52.2,0.2766,0.8069,ns
M7vsM8_raw_12m,natural_breaks,Relative Mortality,NEPmax,High,23,-0.22307,69.6,0.05185,0.5687,ns
M7vsM8_raw_12m,natural_breaks,Relative Mortality,WUE,High,23,-0.02747,56.5,0.3407,0.8069,ns
M7vsM8_raw_12m,natural_breaks,Relative Mortality,uWUE,High,23,-0.01142,56.5,0.398,0.8938,ns
M7vsM8_raw_12m,natural_breaks,Relative Mortality,ETmax,Mid,18,0.00038,38.9,0.729,0.8938,ns
M7vsM8_raw_12m,natural_breaks,Relative Mortality,GPPsat,Mid,18,0.22742,27.8,0.9115,0.9594,ns
M7vsM8_raw_12m,natural_breaks,Relative Mortality,NEPmax,Mid,18,0.24539,27.8,0.9464,0.96,ns
M7vsM8_raw_12m,natural_breaks,Relative Mortality,WUE,Mid,18,0.00288,50,0.6198,0.8938,ns
M7vsM8_raw_12m,natural_breaks,Relative Mortality,uWUE,Mid,18,-0.00087,50,0.6684,0.8938,ns
M7vsM8_raw_12m,natural_breaks,Relative Mortality,ETmax,Low,24,8e-04,33.3,0.8705,0.9554,ns
M7vsM8_raw_12m,natural_breaks,Relative Mortality,GPPsat,Low,24,-0.04392,58.3,0.3393,0.8069,ns
M7vsM8_raw_12m,natural_breaks,Relative Mortality,NEPmax,Low,24,-0.16176,66.7,0.06319,0.5687,ns
M7vsM8_raw_12m,natural_breaks,Relative Mortality,WUE,Low,24,-0.03705,70.8,0.0564,0.5687,ns
M7vsM8_raw_12m,natural_breaks,Relative Mortality,uWUE,Low,24,-0.00407,50,0.1018,0.6132,ns
M7vsM8_raw_12m,natural_breaks,Relative Disturbance,ETmax,High,22,0.00033,50,0.5259,0.8938,ns
M7vsM8_raw_12m,natural_breaks,Relative Disturbance,GPPsat,High,22,-0.15791,54.5,0.3017,0.8069,ns
M7vsM8_raw_12m,natural_breaks,Relative Disturbance,NEPmax,High,22,-0.14029,63.6,0.1027,0.6132,ns
M7vsM8_raw_12m,natural_breaks,Relative Disturbance,WUE,High,22,-0.02801,59.1,0.1993,0.6899,ns
M7vsM8_raw_12m,natural_breaks,Relative Disturbance,uWUE,High,22,-0.01402,59.1,0.3131,0.8069,ns
M7vsM8_raw_12m,natural_breaks,Relative Disturbance,ETmax,Mid,20,0.00055,35,0.778,0.8976,ns
M7vsM8_raw_12m,natural_breaks,Relative Disturbance,GPPsat,Mid,20,0.19636,30,0.8646,0.9554,ns
M7vsM8_raw_12m,natural_breaks,Relative Disturbance,NEPmax,Mid,20,0.01203,45,0.6796,0.8938,ns
M7vsM8_raw_12m,natural_breaks,Relative Disturbance,WUE,Mid,20,0.00288,50,0.6245,0.8938,ns
M7vsM8_raw_12m,natural_breaks,Relative Disturbance,uWUE,Mid,20,0.00773,45,0.731,0.8938,ns
M7vsM8_raw_12m,natural_breaks,Relative Disturbance,ETmax,Low,23,0.00086,34.8,0.9168,0.9594,ns
M7vsM8_raw_12m,natural_breaks,Relative Disturbance,GPPsat,Low,23,-0.03834,56.5,0.4456,0.8938,ns
M7vsM8_raw_12m,natural_breaks,Relative Disturbance,NEPmax,Low,23,-0.09584,60.9,0.147,0.6616,ns
M7vsM8_raw_12m,natural_breaks,Relative Disturbance,WUE,Low,23,-0.02354,69.6,0.1335,0.6616,ns
M7vsM8_raw_12m,natural_breaks,Relative Disturbance,uWUE,Low,23,-0.01019,52.2,0.109,0.6132,ns
M7vsM8_raw_24m,tertiles,Absolute Mortality,ETmax,High,22,6e-04,50,0.5899,0.8295,ns
M7vsM8_raw_24m,tertiles,Absolute Mortality,GPPsat,High,22,-0.1237,63.6,0.2687,0.7398,ns
M7vsM8_raw_24m,tertiles,Absolute Mortality,NEPmax,High,22,-0.02651,50,0.06766,0.5136,ns
M7vsM8_raw_24m,tertiles,Absolute Mortality,WUE,High,22,0.00864,45.5,0.6753,0.8443,ns
M7vsM8_raw_24m,tertiles,Absolute Mortality,uWUE,High,22,-0.01984,54.5,0.06352,0.5136,ns
M7vsM8_raw_24m,tertiles,Absolute Mortality,ETmax,Mid,21,0.00043,47.6,0.7778,0.8443,ns
M7vsM8_raw_24m,tertiles,Absolute Mortality,GPPsat,Mid,21,0.10997,38.1,0.7565,0.8443,ns
M7vsM8_raw_24m,tertiles,Absolute Mortality,NEPmax,Mid,21,0.19273,42.9,0.8594,0.8789,ns
M7vsM8_raw_24m,tertiles,Absolute Mortality,WUE,Mid,21,0.02121,28.6,0.9229,0.9229,ns
M7vsM8_raw_24m,tertiles,Absolute Mortality,uWUE,Mid,21,0.0058,42.9,0.6989,0.8443,ns
M7vsM8_raw_24m,tertiles,Absolute Mortality,ETmax,Low,22,-0.00058,59.1,0.2795,0.7398,ns
M7vsM8_raw_24m,tertiles,Absolute Mortality,GPPsat,Low,22,0.05863,45.5,0.5899,0.8295,ns
M7vsM8_raw_24m,tertiles,Absolute Mortality,NEPmax,Low,22,-0.1695,68.2,0.07658,0.5136,ns
M7vsM8_raw_24m,tertiles,Absolute Mortality,WUE,Low,22,-0.03772,63.6,0.02985,0.5136,ns
M7vsM8_raw_24m,tertiles,Absolute Mortality,uWUE,Low,22,-0.00304,59.1,0.09704,0.5136,ns
M7vsM8_raw_24m,tertiles,Relative Mortality,ETmax,High,22,0.00196,40.9,0.7313,0.8443,ns
M7vsM8_raw_24m,tertiles,Relative Mortality,GPPsat,High,22,-0.04759,50,0.5,0.8295,ns
M7vsM8_raw_24m,tertiles,Relative Mortality,NEPmax,High,22,-0.01381,50,0.1571,0.6427,ns
M7vsM8_raw_24m,tertiles,Relative Mortality,WUE,High,22,-0.00034,50,0.3727,0.7624,ns
M7vsM8_raw_24m,tertiles,Relative Mortality,uWUE,High,22,-0.02543,59.1,0.03979,0.5136,ns
M7vsM8_raw_24m,tertiles,Relative Mortality,ETmax,Mid,21,-3e-04,61.9,0.431,0.7758,ns
M7vsM8_raw_24m,tertiles,Relative Mortality,GPPsat,Mid,21,0.20473,42.9,0.788,0.8443,ns
M7vsM8_raw_24m,tertiles,Relative Mortality,NEPmax,Mid,21,0.06249,42.9,0.6617,0.8443,ns
M7vsM8_raw_24m,tertiles,Relative Mortality,WUE,Mid,21,0.03706,33.3,0.8594,0.8789,ns
M7vsM8_raw_24m,tertiles,Relative Mortality,uWUE,Mid,21,0.0058,42.9,0.4585,0.7935,ns
M7vsM8_raw_24m,tertiles,Relative Mortality,ETmax,Low,22,-0.00046,54.5,0.3605,0.7624,ns
M7vsM8_raw_24m,tertiles,Relative Mortality,GPPsat,Low,22,-0.14798,54.5,0.3247,0.7624,ns
M7vsM8_raw_24m,tertiles,Relative Mortality,NEPmax,Low,22,-0.1695,68.2,0.09704,0.5136,ns
M7vsM8_raw_24m,tertiles,Relative Mortality,WUE,Low,22,-0.02037,54.5,0.1027,0.5136,ns
M7vsM8_raw_24m,tertiles,Relative Mortality,uWUE,Low,22,-0.00186,54.5,0.2085,0.7398,ns
M7vsM8_raw_24m,tertiles,Relative Disturbance,ETmax,High,22,0.00196,40.9,0.7419,0.8443,ns
M7vsM8_raw_24m,tertiles,Relative Disturbance,GPPsat,High,22,-0.12168,54.5,0.3484,0.7624,ns
M7vsM8_raw_24m,tertiles,Relative Disturbance,NEPmax,High,22,0.06897,45.5,0.2687,0.7398,ns
M7vsM8_raw_24m,tertiles,Relative Disturbance,WUE,High,22,-0.00034,50,0.4101,0.769,ns
M7vsM8_raw_24m,tertiles,Relative Disturbance,uWUE,High,22,-0.03175,63.6,0.007447,0.3351,ns
M7vsM8_raw_24m,tertiles,Relative Disturbance,ETmax,Mid,21,-3e-04,52.4,0.569,0.8295,ns
M7vsM8_raw_24m,tertiles,Relative Disturbance,GPPsat,Mid,21,0.02284,42.9,0.7342,0.8443,ns
M7vsM8_raw_24m,tertiles,Relative Disturbance,NEPmax,Mid,21,0.05005,47.6,0.4039,0.769,ns
M7vsM8_raw_24m,tertiles,Relative Disturbance,WUE,Mid,21,0.03365,38.1,0.788,0.8443,ns
M7vsM8_raw_24m,tertiles,Relative Disturbance,uWUE,Mid,21,0.02326,38.1,0.5826,0.8295,ns
M7vsM8_raw_24m,tertiles,Relative Disturbance,ETmax,Low,22,-0.00046,63.6,0.2375,0.7398,ns
M7vsM8_raw_24m,tertiles,Relative Disturbance,GPPsat,Low,22,0.03588,50,0.5388,0.8295,ns
M7vsM8_raw_24m,tertiles,Relative Disturbance,NEPmax,Low,22,-0.14581,68.2,0.1279,0.5756,ns
M7vsM8_raw_24m,tertiles,Relative Disturbance,WUE,Low,22,-0.00779,50,0.2375,0.7398,ns
M7vsM8_raw_24m,tertiles,Relative Disturbance,uWUE,Low,22,-0.00186,54.5,0.3484,0.7624,ns
M7vsM8_raw_24m,equal_width,Absolute Mortality,ETmax,Mid,21,-0.00026,52.4,0.5,0.7196,ns
M7vsM8_raw_24m,equal_width,Absolute Mortality,GPPsat,Mid,21,-0.12524,66.7,0.133,0.6281,ns
M7vsM8_raw_24m,equal_width,Absolute Mortality,NEPmax,Mid,21,-0.10307,52.4,0.05493,0.5493,ns
M7vsM8_raw_24m,equal_width,Absolute Mortality,WUE,Mid,21,0.00653,47.6,0.5826,0.7196,ns
M7vsM8_raw_24m,equal_width,Absolute Mortality,uWUE,Mid,21,0.00359,47.6,0.1406,0.6281,ns
M7vsM8_raw_24m,equal_width,Absolute Mortality,ETmax,Low,41,-0.00021,53.7,0.5771,0.7196,ns
M7vsM8_raw_24m,equal_width,Absolute Mortality,GPPsat,Low,41,0.02602,43.9,0.6702,0.766,ns
M7vsM8_raw_24m,equal_width,Absolute Mortality,NEPmax,Low,41,-0.09344,56.1,0.3535,0.6281,ns
M7vsM8_raw_24m,equal_width,Absolute Mortality,WUE,Low,41,0.0023,46.3,0.3345,0.6281,ns
M7vsM8_raw_24m,equal_width,Absolute Mortality,uWUE,Low,41,-0.00117,51.2,0.267,0.6281,ns
M7vsM8_raw_24m,equal_width,Absolute Mortality,ETmax,High,3,0.00742,33.3,,,""
M7vsM8_raw_24m,equal_width,Absolute Mortality,GPPsat,High,3,0.60716,0,,,""
M7vsM8_raw_24m,equal_width,Absolute Mortality,NEPmax,High,3,0.28096,33.3,,,""
M7vsM8_raw_24m,equal_width,Absolute Mortality,WUE,High,3,0.01075,33.3,,,""
M7vsM8_raw_24m,equal_width,Absolute Mortality,uWUE,High,3,-0.03158,100,,,""
M7vsM8_raw_24m,equal_width,Relative Mortality,ETmax,Mid,26,0.00152,46.2,0.7289,0.7977,ns
M7vsM8_raw_24m,equal_width,Relative Mortality,GPPsat,Mid,26,-0.04863,50,0.5505,0.7196,ns
M7vsM8_raw_24m,equal_width,Relative Mortality,NEPmax,Mid,26,0.06897,42.3,0.2385,0.6281,ns
M7vsM8_raw_24m,equal_width,Relative Mortality,WUE,Mid,26,0.01594,34.6,0.8626,0.8828,ns
M7vsM8_raw_24m,equal_width,Relative Mortality,uWUE,Mid,26,0.0047,42.3,0.3516,0.6281,ns
M7vsM8_raw_24m,equal_width,Relative Mortality,ETmax,Low,32,-0.00046,62.5,0.1725,0.6281,ns
M7vsM8_raw_24m,equal_width,Relative Mortality,GPPsat,Low,32,0.05863,46.9,0.5778,0.7196,ns
M7vsM8_raw_24m,equal_width,Relative Mortality,NEPmax,Low,32,-0.12745,62.5,0.1872,0.6281,ns
M7vsM8_raw_24m,equal_width,Relative Mortality,WUE,Low,32,-0.02037,53.1,0.1213,0.6281,ns
M7vsM8_raw_24m,equal_width,Relative Mortality,uWUE,Low,32,-0.00186,53.1,0.2358,0.6281,ns
M7vsM8_raw_24m,equal_width,Relative Mortality,ETmax,High,7,0.00435,28.6,0.8641,0.8828,ns
M7vsM8_raw_24m,equal_width,Relative Mortality,GPPsat,High,7,-0.12121,57.1,0.4663,0.7196,ns
M7vsM8_raw_24m,equal_width,Relative Mortality,NEPmax,High,7,-0.10307,57.1,0.3363,0.6281,ns
M7vsM8_raw_24m,equal_width,Relative Mortality,WUE,High,7,-0.00344,57.1,0.3363,0.6281,ns
M7vsM8_raw_24m,equal_width,Relative Mortality,uWUE,High,7,-0.06443,85.7,0.01731,0.3868,ns
M7vsM8_raw_24m,equal_width,Relative Disturbance,ETmax,Mid,27,0.00147,48.1,0.7378,0.7977,ns
M7vsM8_raw_24m,equal_width,Relative Disturbance,GPPsat,Mid,27,0.00286,48.1,0.618,0.7271,ns
M7vsM8_raw_24m,equal_width,Relative Disturbance,NEPmax,Mid,27,0.07683,37,0.543,0.7196,ns
M7vsM8_raw_24m,equal_width,Relative Disturbance,WUE,Mid,27,0.00653,37,0.8828,0.8828,ns
M7vsM8_raw_24m,equal_width,Relative Disturbance,uWUE,Mid,27,0.0058,40.7,0.4004,0.6674,ns
M7vsM8_raw_24m,equal_width,Relative Disturbance,ETmax,High,9,0.00236,44.4,0.5936,0.7196,ns
M7vsM8_raw_24m,equal_width,Relative Disturbance,GPPsat,High,9,-0.12121,55.6,0.3611,0.6281,ns
M7vsM8_raw_24m,equal_width,Relative Disturbance,NEPmax,High,9,-0.69025,77.8,0.02901,0.3868,ns
M7vsM8_raw_24m,equal_width,Relative Disturbance,WUE,High,9,-0.04269,55.6,0.1716,0.6281,ns
M7vsM8_raw_24m,equal_width,Relative Disturbance,uWUE,High,9,-0.06443,77.8,0.02901,0.3868,ns
M7vsM8_raw_24m,equal_width,Relative Disturbance,ETmax,Low,29,-3e-04,58.6,0.3486,0.6281,ns
M7vsM8_raw_24m,equal_width,Relative Disturbance,GPPsat,Low,29,0.09442,48.3,0.5345,0.7196,ns
M7vsM8_raw_24m,equal_width,Relative Disturbance,NEPmax,Low,29,-0.13384,62.1,0.287,0.6281,ns
M7vsM8_raw_24m,equal_width,Relative Disturbance,WUE,Low,29,-0.01727,51.7,0.1762,0.6281,ns
M7vsM8_raw_24m,equal_width,Relative Disturbance,uWUE,Low,29,-0.00256,55.2,0.2056,0.6281,ns
M7vsM8_raw_24m,natural_breaks,Absolute Mortality,ETmax,High,14,0.00204,35.7,0.714,0.8238,ns
M7vsM8_raw_24m,natural_breaks,Absolute Mortality,GPPsat,High,14,-0.04534,50,0.55,0.7983,ns
M7vsM8_raw_24m,natural_breaks,Absolute Mortality,NEPmax,High,14,-0.20063,57.1,0.1046,0.6552,ns
M7vsM8_raw_24m,natural_breaks,Absolute Mortality,WUE,High,14,0.00155,50,0.3768,0.7138,ns
M7vsM8_raw_24m,natural_breaks,Absolute Mortality,uWUE,High,14,-0.02177,57.1,0.1165,0.6552,ns
M7vsM8_raw_24m,natural_breaks,Absolute Mortality,ETmax,Mid,32,-0.00024,56.2,0.4888,0.7585,ns
M7vsM8_raw_24m,natural_breaks,Absolute Mortality,GPPsat,Mid,32,-0.11113,53.1,0.4076,0.7138,ns
M7vsM8_raw_24m,natural_breaks,Absolute Mortality,NEPmax,Mid,32,0.05627,46.9,0.4369,0.7281,ns
M7vsM8_raw_24m,natural_breaks,Absolute Mortality,WUE,Mid,32,0.02247,31.2,0.951,0.9663,ns
M7vsM8_raw_24m,natural_breaks,Absolute Mortality,uWUE,Mid,32,0.00339,46.9,0.3035,0.683,ns
M7vsM8_raw_24m,natural_breaks,Absolute Mortality,ETmax,Low,19,-0.00048,57.9,0.4124,0.7138,ns
M7vsM8_raw_24m,natural_breaks,Absolute Mortality,GPPsat,Low,19,0.09442,42.1,0.6637,0.8238,ns
M7vsM8_raw_24m,natural_breaks,Absolute Mortality,NEPmax,Low,19,-0.12105,63.2,0.1935,0.683,ns
M7vsM8_raw_24m,natural_breaks,Absolute Mortality,WUE,Low,19,-0.04095,68.4,0.01034,0.2326,ns
M7vsM8_raw_24m,natural_breaks,Absolute Mortality,uWUE,Low,19,-0.00256,57.9,0.1826,0.683,ns
M7vsM8_raw_24m,natural_breaks,Relative Mortality,ETmax,High,23,0.00196,43.5,0.7027,0.8238,ns
M7vsM8_raw_24m,natural_breaks,Relative Mortality,GPPsat,High,23,-0.12121,52.2,0.4576,0.7354,ns
M7vsM8_raw_24m,natural_breaks,Relative Mortality,NEPmax,High,23,-0.10307,52.2,0.09807,0.6552,ns
M7vsM8_raw_24m,natural_breaks,Relative Mortality,WUE,High,23,-0.00344,52.2,0.2766,0.683,ns
M7vsM8_raw_24m,natural_breaks,Relative Mortality,uWUE,High,23,-0.03158,60.9,0.02489,0.3734,ns
M7vsM8_raw_24m,natural_breaks,Relative Mortality,ETmax,Mid,18,-0.00016,55.6,0.6362,0.8238,ns
M7vsM8_raw_24m,natural_breaks,Relative Mortality,GPPsat,Mid,18,0.1038,44.4,0.757,0.8309,ns
M7vsM8_raw_24m,natural_breaks,Relative Mortality,NEPmax,Mid,18,0.13478,33.3,0.8619,0.902,ns
M7vsM8_raw_24m,natural_breaks,Relative Mortality,WUE,Mid,18,0.04157,27.8,0.9663,0.9663,ns
M7vsM8_raw_24m,natural_breaks,Relative Mortality,uWUE,Mid,18,0.01453,38.9,0.6031,0.8224,ns
M7vsM8_raw_24m,natural_breaks,Relative Mortality,ETmax,Low,24,-0.00046,58.3,0.2695,0.683,ns
M7vsM8_raw_24m,natural_breaks,Relative Mortality,GPPsat,Low,24,9e-05,50,0.4041,0.7138,ns
M7vsM8_raw_24m,natural_breaks,Relative Mortality,NEPmax,Low,24,-0.1695,70.8,0.05972,0.6552,ns
M7vsM8_raw_24m,natural_breaks,Relative Mortality,WUE,Low,24,-0.02037,54.2,0.07453,0.6552,ns
M7vsM8_raw_24m,natural_breaks,Relative Mortality,uWUE,Low,24,-0.00186,54.2,0.2245,0.683,ns
M7vsM8_raw_24m,natural_breaks,Relative Disturbance,ETmax,High,22,0.00196,40.9,0.7419,0.8309,ns
M7vsM8_raw_24m,natural_breaks,Relative Disturbance,GPPsat,High,22,-0.12168,54.5,0.3484,0.7138,ns
M7vsM8_raw_24m,natural_breaks,Relative Disturbance,NEPmax,High,22,0.06897,45.5,0.2687,0.683,ns
M7vsM8_raw_24m,natural_breaks,Relative Disturbance,WUE,High,22,-0.00034,50,0.4101,0.7138,ns
M7vsM8_raw_24m,natural_breaks,Relative Disturbance,uWUE,High,22,-0.03175,63.6,0.007447,0.2326,ns
M7vsM8_raw_24m,natural_breaks,Relative Disturbance,ETmax,Mid,20,-0.00059,55,0.5372,0.7983,ns
M7vsM8_raw_24m,natural_breaks,Relative Disturbance,GPPsat,Mid,20,0.01285,45,0.6796,0.8238,ns
M7vsM8_raw_24m,natural_breaks,Relative Disturbance,NEPmax,Mid,20,-0.02169,50,0.2941,0.683,ns
M7vsM8_raw_24m,natural_breaks,Relative Disturbance,WUE,Mid,20,0.03536,35,0.8563,0.902,ns
M7vsM8_raw_24m,natural_breaks,Relative Disturbance,uWUE,Mid,20,0.0247,35,0.6525,0.8238,ns
M7vsM8_raw_24m,natural_breaks,Relative Disturbance,ETmax,Low,23,-0.00044,60.9,0.2973,0.683,ns
M7vsM8_raw_24m,natural_breaks,Relative Disturbance,GPPsat,Low,23,0.09442,47.8,0.5784,0.8133,ns
M7vsM8_raw_24m,natural_breaks,Relative Disturbance,NEPmax,Low,23,-0.13384,65.2,0.2101,0.683,ns
M7vsM8_raw_24m,natural_breaks,Relative Disturbance,WUE,Low,23,-0.01727,52.2,0.1768,0.683,ns
M7vsM8_raw_24m,natural_breaks,Relative Disturbance,uWUE,Low,23,-0.00256,56.5,0.2665,0.683,ns
M7vsM8_anom_12m,tertiles,Absolute Mortality,ETmax,High,22,-9e-05,50,0.3727,0.8664,ns
M7vsM8_anom_12m,tertiles,Absolute Mortality,GPPsat,High,22,-0.38071,68.2,0.06352,0.3176,ns
M7vsM8_anom_12m,tertiles,Absolute Mortality,NEPmax,High,22,-0.471,68.2,0.02772,0.314,ns
M7vsM8_anom_12m,tertiles,Absolute Mortality,WUE,High,22,0.0089,50,0.5899,0.9365,ns
M7vsM8_anom_12m,tertiles,Absolute Mortality,uWUE,High,22,0.03863,31.8,0.9511,0.9796,ns
M7vsM8_anom_12m,tertiles,Absolute Mortality,ETmax,Mid,21,0.0023,33.3,0.6743,0.9365,ns
M7vsM8_anom_12m,tertiles,Absolute Mortality,GPPsat,Mid,21,0.20831,47.6,0.7227,0.9449,ns
M7vsM8_anom_12m,tertiles,Absolute Mortality,NEPmax,Mid,21,-0.35204,57.1,0.2545,0.818,ns
M7vsM8_anom_12m,tertiles,Absolute Mortality,WUE,Mid,21,-0.02411,57.1,0.3772,0.8664,ns
M7vsM8_anom_12m,tertiles,Absolute Mortality,uWUE,Mid,21,-0.00635,57.1,0.174,0.6023,ns
M7vsM8_anom_12m,tertiles,Absolute Mortality,ETmax,Low,22,0.00065,40.9,0.7523,0.9449,ns
M7vsM8_anom_12m,tertiles,Absolute Mortality,GPPsat,Low,22,-0.3654,59.1,0.03979,0.314,ns
M7vsM8_anom_12m,tertiles,Absolute Mortality,NEPmax,Low,22,0.16119,50,0.4101,0.8788,ns
M7vsM8_anom_12m,tertiles,Absolute Mortality,WUE,Low,22,0.03095,40.9,0.9186,0.9796,ns
M7vsM8_anom_12m,tertiles,Absolute Mortality,uWUE,Low,22,0.00464,50,0.5645,0.9365,ns
M7vsM8_anom_12m,tertiles,Relative Mortality,ETmax,High,22,-9e-05,50,0.5,0.9365,ns
M7vsM8_anom_12m,tertiles,Relative Mortality,GPPsat,High,22,-0.29075,63.6,0.09158,0.3746,ns
M7vsM8_anom_12m,tertiles,Relative Mortality,NEPmax,High,22,-0.33249,68.2,0.05226,0.314,ns
M7vsM8_anom_12m,tertiles,Relative Mortality,WUE,High,22,-0.01849,54.5,0.4871,0.9365,ns
M7vsM8_anom_12m,tertiles,Relative Mortality,uWUE,High,22,0.02979,31.8,0.9602,0.9796,ns
M7vsM8_anom_12m,tertiles,Relative Mortality,ETmax,Mid,21,0.0023,28.6,0.7979,0.9449,ns
M7vsM8_anom_12m,tertiles,Relative Mortality,GPPsat,Mid,21,-0.1527,52.4,0.6867,0.9365,ns
M7vsM8_anom_12m,tertiles,Relative Mortality,NEPmax,Mid,21,0.27874,42.9,0.6617,0.9365,ns
M7vsM8_anom_12m,tertiles,Relative Mortality,WUE,Mid,21,-0.05336,61.9,0.3641,0.8664,ns
M7vsM8_anom_12m,tertiles,Relative Mortality,uWUE,Mid,21,-0.03728,61.9,0.1257,0.4713,ns
M7vsM8_anom_12m,tertiles,Relative Mortality,ETmax,Low,22,4e-04,45.5,0.5772,0.9365,ns
M7vsM8_anom_12m,tertiles,Relative Mortality,GPPsat,Low,22,-0.34559,59.1,0.04265,0.314,ns
M7vsM8_anom_12m,tertiles,Relative Mortality,NEPmax,Low,22,-0.55617,63.6,0.05226,0.314,ns
M7vsM8_anom_12m,tertiles,Relative Mortality,WUE,Low,22,0.0456,31.8,0.9796,0.9796,ns
M7vsM8_anom_12m,tertiles,Relative Mortality,uWUE,Low,22,0.00517,45.5,0.6753,0.9365,ns
M7vsM8_anom_12m,tertiles,Relative Disturbance,ETmax,High,22,-0.00055,54.5,0.3851,0.8664,ns
M7vsM8_anom_12m,tertiles,Relative Disturbance,GPPsat,High,22,-0.38071,68.2,0.05583,0.314,ns
M7vsM8_anom_12m,tertiles,Relative Disturbance,NEPmax,High,22,-0.33249,68.2,0.05583,0.314,ns
M7vsM8_anom_12m,tertiles,Relative Disturbance,WUE,High,22,-0.02728,59.1,0.2795,0.8384,ns
M7vsM8_anom_12m,tertiles,Relative Disturbance,uWUE,High,22,0.01685,36.4,0.9084,0.9796,ns
M7vsM8_anom_12m,tertiles,Relative Disturbance,ETmax,Mid,21,0.00202,28.6,0.7565,0.9449,ns
M7vsM8_anom_12m,tertiles,Relative Disturbance,GPPsat,Mid,21,0.20831,42.9,0.867,0.9796,ns
M7vsM8_anom_12m,tertiles,Relative Disturbance,NEPmax,Mid,21,0.27874,42.9,0.6489,0.9365,ns
M7vsM8_anom_12m,tertiles,Relative Disturbance,WUE,Mid,21,0.02872,47.6,0.5553,0.9365,ns
M7vsM8_anom_12m,tertiles,Relative Disturbance,uWUE,Mid,21,-0.00635,52.4,0.3011,0.8467,ns
M7vsM8_anom_12m,tertiles,Relative Disturbance,ETmax,Low,22,0.00065,40.9,0.7821,0.9449,ns
M7vsM8_anom_12m,tertiles,Relative Disturbance,GPPsat,Low,22,-0.47027,63.6,0.01363,0.314,ns
M7vsM8_anom_12m,tertiles,Relative Disturbance,NEPmax,Low,22,-0.6729,63.6,0.08135,0.3661,ns
M7vsM8_anom_12m,tertiles,Relative Disturbance,WUE,Low,22,0.03883,40.9,0.9477,0.9796,ns
M7vsM8_anom_12m,tertiles,Relative Disturbance,uWUE,Low,22,-0.00044,50,0.6025,0.9365,ns
M7vsM8_anom_12m,equal_width,Absolute Mortality,ETmax,Mid,21,-0.00042,52.4,0.2222,0.59,ns
M7vsM8_anom_12m,equal_width,Absolute Mortality,GPPsat,Mid,21,-0.44737,76.2,0.01427,0.2854,ns
M7vsM8_anom_12m,equal_width,Absolute Mortality,NEPmax,Mid,21,-0.57844,71.4,0.01193,0.2854,ns
M7vsM8_anom_12m,equal_width,Absolute Mortality,WUE,Mid,21,-0.01286,52.4,0.569,0.8754,ns
M7vsM8_anom_12m,equal_width,Absolute Mortality,uWUE,Mid,21,0.00512,42.9,0.6359,0.9085,ns
M7vsM8_anom_12m,equal_width,Absolute Mortality,ETmax,Low,41,0.00104,36.6,0.847,0.968,ns
M7vsM8_anom_12m,equal_width,Absolute Mortality,GPPsat,Low,41,-0.08913,51.2,0.3584,0.6826,ns
M7vsM8_anom_12m,equal_width,Absolute Mortality,NEPmax,Low,41,-0.13882,51.2,0.3584,0.6826,ns
M7vsM8_anom_12m,equal_width,Absolute Mortality,WUE,Low,41,0.02156,48.8,0.762,0.9332,ns
M7vsM8_anom_12m,equal_width,Absolute Mortality,uWUE,Low,41,-0.00096,51.2,0.4382,0.7621,ns
M7vsM8_anom_12m,equal_width,Absolute Mortality,ETmax,High,3,0.00025,33.3,,,""
M7vsM8_anom_12m,equal_width,Absolute Mortality,GPPsat,High,3,0.25699,33.3,,,""
M7vsM8_anom_12m,equal_width,Absolute Mortality,NEPmax,High,3,-0.31295,66.7,,,""
M7vsM8_anom_12m,equal_width,Absolute Mortality,WUE,High,3,0.05261,33.3,,,""
M7vsM8_anom_12m,equal_width,Absolute Mortality,uWUE,High,3,0.24365,0,,,""
M7vsM8_anom_12m,equal_width,Relative Mortality,ETmax,Mid,26,0.00181,42.3,0.2545,0.59,ns
M7vsM8_anom_12m,equal_width,Relative Mortality,GPPsat,Mid,26,-0.14971,57.7,0.39,0.709,ns
M7vsM8_anom_12m,equal_width,Relative Mortality,NEPmax,Mid,26,-0.3578,65.4,0.04208,0.4208,ns
M7vsM8_anom_12m,equal_width,Relative Mortality,WUE,Mid,26,-0.02728,53.8,0.5606,0.8754,ns
M7vsM8_anom_12m,equal_width,Relative Mortality,uWUE,Mid,26,-0.00565,53.8,0.1803,0.59,ns
M7vsM8_anom_12m,equal_width,Relative Mortality,ETmax,Low,32,0.00076,40.6,0.7699,0.9332,ns
M7vsM8_anom_12m,equal_width,Relative Mortality,GPPsat,Low,32,-0.4129,59.4,0.0402,0.4208,ns
M7vsM8_anom_12m,equal_width,Relative Mortality,NEPmax,Low,32,-0.32576,53.1,0.2655,0.59,ns
M7vsM8_anom_12m,equal_width,Relative Mortality,WUE,Low,32,0.03095,40.6,0.9031,0.9718,ns
M7vsM8_anom_12m,equal_width,Relative Mortality,uWUE,Low,32,0.00111,46.9,0.6766,0.9332,ns
M7vsM8_anom_12m,equal_width,Relative Mortality,ETmax,High,7,0.00025,42.9,0.8237,0.968,ns
M7vsM8_anom_12m,equal_width,Relative Mortality,GPPsat,High,7,-0.84541,57.1,0.3363,0.6826,ns
M7vsM8_anom_12m,equal_width,Relative Mortality,NEPmax,High,7,-0.31295,57.1,0.2234,0.59,ns
M7vsM8_anom_12m,equal_width,Relative Mortality,WUE,High,7,-0.0414,71.4,0.1763,0.59,ns
M7vsM8_anom_12m,equal_width,Relative Mortality,uWUE,High,7,0.09531,14.3,0.9827,0.9827,ns
M7vsM8_anom_12m,equal_width,Relative Disturbance,ETmax,Mid,27,9e-04,48.1,0.1838,0.59,ns
M7vsM8_anom_12m,equal_width,Relative Disturbance,GPPsat,Mid,27,-0.1527,55.6,0.5048,0.8413,ns
M7vsM8_anom_12m,equal_width,Relative Disturbance,NEPmax,Mid,27,-0.21509,59.3,0.09521,0.59,ns
M7vsM8_anom_12m,equal_width,Relative Disturbance,WUE,Mid,27,-0.02411,51.9,0.6088,0.902,ns
M7vsM8_anom_12m,equal_width,Relative Disturbance,uWUE,Mid,27,-0.00635,55.6,0.1969,0.59,ns
M7vsM8_anom_12m,equal_width,Relative Disturbance,ETmax,High,9,0.00025,44.4,0.7232,0.9332,ns
M7vsM8_anom_12m,equal_width,Relative Disturbance,GPPsat,High,9,-0.84541,66.7,0.1181,0.59,ns
M7vsM8_anom_12m,equal_width,Relative Disturbance,NEPmax,High,9,-0.36357,66.7,0.1716,0.59,ns
M7vsM8_anom_12m,equal_width,Relative Disturbance,WUE,High,9,-0.03044,66.7,0.2035,0.59,ns
M7vsM8_anom_12m,equal_width,Relative Disturbance,uWUE,High,9,0.03211,22.2,0.9514,0.9758,ns
M7vsM8_anom_12m,equal_width,Relative Disturbance,ETmax,Low,29,0.00104,34.5,0.9232,0.9718,ns
M7vsM8_anom_12m,equal_width,Relative Disturbance,GPPsat,Low,29,-0.43271,58.6,0.05479,0.4383,ns
M7vsM8_anom_12m,equal_width,Relative Disturbance,NEPmax,Low,29,-0.5127,55.2,0.2377,0.59,ns
M7vsM8_anom_12m,equal_width,Relative Disturbance,WUE,Low,29,0.03231,41.4,0.9064,0.9718,ns
M7vsM8_anom_12m,equal_width,Relative Disturbance,uWUE,Low,29,0.00214,44.8,0.7417,0.9332,ns
M7vsM8_anom_12m,natural_breaks,Absolute Mortality,ETmax,High,14,-9e-05,50,0.5747,0.9236,ns
M7vsM8_anom_12m,natural_breaks,Absolute Mortality,GPPsat,High,14,-0.38071,64.3,0.1292,0.5287,ns
M7vsM8_anom_12m,natural_breaks,Absolute Mortality,NEPmax,High,14,-0.56634,71.4,0.05132,0.4762,ns
M7vsM8_anom_12m,natural_breaks,Absolute Mortality,WUE,High,14,0.01924,50,0.6232,0.9348,ns
M7vsM8_anom_12m,natural_breaks,Absolute Mortality,uWUE,High,14,0.03863,21.4,0.9777,0.9777,ns
M7vsM8_anom_12m,natural_breaks,Absolute Mortality,ETmax,Mid,32,0.002,37.5,0.5335,0.9236,ns
M7vsM8_anom_12m,natural_breaks,Absolute Mortality,GPPsat,Mid,32,-0.18921,56.2,0.3507,0.8781,ns
M7vsM8_anom_12m,natural_breaks,Absolute Mortality,NEPmax,Mid,32,-0.43237,59.4,0.08466,0.4762,ns
M7vsM8_anom_12m,natural_breaks,Absolute Mortality,WUE,Mid,32,-0.01384,53.1,0.4004,0.8781,ns
M7vsM8_anom_12m,natural_breaks,Absolute Mortality,uWUE,Mid,32,-0.00918,56.2,0.2244,0.6733,ns
M7vsM8_anom_12m,natural_breaks,Absolute Mortality,ETmax,Low,19,0.00049,42.1,0.7336,0.937,ns
M7vsM8_anom_12m,natural_breaks,Absolute Mortality,GPPsat,Low,19,-0.29809,57.9,0.08251,0.4762,ns
M7vsM8_anom_12m,natural_breaks,Absolute Mortality,NEPmax,Low,19,0.46119,47.4,0.6032,0.9348,ns
M7vsM8_anom_12m,natural_breaks,Absolute Mortality,WUE,Low,19,0.02959,42.1,0.8975,0.9777,ns
M7vsM8_anom_12m,natural_breaks,Absolute Mortality,uWUE,Low,19,0.01025,47.4,0.7065,0.937,ns
M7vsM8_anom_12m,natural_breaks,Relative Mortality,ETmax,High,23,0.00025,47.8,0.5303,0.9236,ns
M7vsM8_anom_12m,natural_breaks,Relative Mortality,GPPsat,High,23,-0.22572,60.9,0.1034,0.5166,ns
M7vsM8_anom_12m,natural_breaks,Relative Mortality,NEPmax,High,23,-0.31295,65.2,0.07864,0.4762,ns
M7vsM8_anom_12m,natural_breaks,Relative Mortality,WUE,High,23,-0.02411,56.5,0.4098,0.8781,ns
M7vsM8_anom_12m,natural_breaks,Relative Mortality,uWUE,High,23,0.02747,34.8,0.9214,0.9777,ns
M7vsM8_anom_12m,natural_breaks,Relative Mortality,ETmax,Mid,18,0.00245,27.8,0.7705,0.937,ns
M7vsM8_anom_12m,natural_breaks,Relative Mortality,GPPsat,Mid,18,-0.30004,55.6,0.757,0.937,ns
M7vsM8_anom_12m,natural_breaks,Relative Mortality,NEPmax,Mid,18,-0.19962,50,0.3802,0.8781,ns
M7vsM8_anom_12m,natural_breaks,Relative Mortality,WUE,Mid,18,-0.05398,55.6,0.5,0.9236,ns
M7vsM8_anom_12m,natural_breaks,Relative Mortality,uWUE,Mid,18,-0.04006,61.1,0.148,0.5549,ns
M7vsM8_anom_12m,natural_breaks,Relative Mortality,ETmax,Low,24,4e-04,45.8,0.5512,0.9236,ns
M7vsM8_anom_12m,natural_breaks,Relative Mortality,GPPsat,Low,24,-0.34559,58.3,0.03707,0.4762,ns
M7vsM8_anom_12m,natural_breaks,Relative Mortality,NEPmax,Low,24,-0.51831,58.3,0.1766,0.6112,ns
M7vsM8_anom_12m,natural_breaks,Relative Mortality,WUE,Low,24,0.03883,37.5,0.9652,0.9777,ns
M7vsM8_anom_12m,natural_breaks,Relative Mortality,uWUE,Low,24,0.00517,45.8,0.721,0.937,ns
M7vsM8_anom_12m,natural_breaks,Relative Disturbance,ETmax,High,22,-0.00055,54.5,0.3851,0.8781,ns
M7vsM8_anom_12m,natural_breaks,Relative Disturbance,GPPsat,High,22,-0.38071,68.2,0.05583,0.4762,ns
M7vsM8_anom_12m,natural_breaks,Relative Disturbance,NEPmax,High,22,-0.33249,68.2,0.05583,0.4762,ns
M7vsM8_anom_12m,natural_breaks,Relative Disturbance,WUE,High,22,-0.02728,59.1,0.2795,0.786,ns
M7vsM8_anom_12m,natural_breaks,Relative Disturbance,uWUE,High,22,0.01685,36.4,0.9084,0.9777,ns
M7vsM8_anom_12m,natural_breaks,Relative Disturbance,ETmax,Mid,20,0.00199,30,0.7186,0.937,ns
M7vsM8_anom_12m,natural_breaks,Relative Disturbance,GPPsat,Mid,20,0.19075,45,0.8387,0.9678,ns
M7vsM8_anom_12m,natural_breaks,Relative Disturbance,NEPmax,Mid,20,0.15398,45,0.5667,0.9236,ns
M7vsM8_anom_12m,natural_breaks,Relative Disturbance,WUE,Mid,20,-0.01091,50,0.552,0.9236,ns
M7vsM8_anom_12m,natural_breaks,Relative Disturbance,uWUE,Mid,20,-0.02182,55,0.222,0.6733,ns
M7vsM8_anom_12m,natural_breaks,Relative Disturbance,ETmax,Low,23,0.00081,39.1,0.8232,0.9678,ns
M7vsM8_anom_12m,natural_breaks,Relative Disturbance,GPPsat,Low,23,-0.43271,60.9,0.02156,0.4762,ns
M7vsM8_anom_12m,natural_breaks,Relative Disturbance,NEPmax,Low,23,-0.58843,60.9,0.1148,0.5166,ns
M7vsM8_anom_12m,natural_breaks,Relative Disturbance,WUE,Low,23,0.03231,39.1,0.9571,0.9777,ns
M7vsM8_anom_12m,natural_breaks,Relative Disturbance,uWUE,Low,23,9e-05,47.8,0.6921,0.937,ns
M7vsM8_anom_24m,tertiles,Absolute Mortality,ETmax,High,22,9e-05,40.9,0.3365,0.7421,ns
M7vsM8_anom_24m,tertiles,Absolute Mortality,GPPsat,High,22,-0.32623,68.2,0.06352,0.7421,ns
M7vsM8_anom_24m,tertiles,Absolute Mortality,NEPmax,High,22,-0.37816,54.5,0.2477,0.7421,ns
M7vsM8_anom_24m,tertiles,Absolute Mortality,WUE,High,22,-0.00375,54.5,0.3851,0.7421,ns
M7vsM8_anom_24m,tertiles,Absolute Mortality,uWUE,High,22,-0.02035,54.5,0.4228,0.7421,ns
M7vsM8_anom_24m,tertiles,Absolute Mortality,ETmax,Mid,21,0.00057,42.9,0.6867,0.7671,ns
M7vsM8_anom_24m,tertiles,Absolute Mortality,GPPsat,Mid,21,-0.18508,57.1,0.1187,0.7421,ns
M7vsM8_anom_24m,tertiles,Absolute Mortality,NEPmax,Mid,21,0.35126,42.9,0.5553,0.7572,ns
M7vsM8_anom_24m,tertiles,Absolute Mortality,WUE,Mid,21,0.03037,42.9,0.7455,0.7802,ns
M7vsM8_anom_24m,tertiles,Absolute Mortality,uWUE,Mid,21,-0.01823,57.1,0.5139,0.7421,ns
M7vsM8_anom_24m,tertiles,Absolute Mortality,ETmax,Low,22,0.00051,50,0.4871,0.7421,ns
M7vsM8_anom_24m,tertiles,Absolute Mortality,GPPsat,Low,22,0.12758,40.9,0.3975,0.7421,ns
M7vsM8_anom_24m,tertiles,Absolute Mortality,NEPmax,Low,22,-0.07583,50,0.3484,0.7421,ns
M7vsM8_anom_24m,tertiles,Absolute Mortality,WUE,Low,22,0.01008,50,0.3851,0.7421,ns
M7vsM8_anom_24m,tertiles,Absolute Mortality,uWUE,Low,22,0.0105,40.9,0.3975,0.7421,ns
M7vsM8_anom_24m,tertiles,Relative Mortality,ETmax,High,22,5e-05,45.5,0.3365,0.7421,ns
M7vsM8_anom_24m,tertiles,Relative Mortality,GPPsat,High,22,-0.31433,68.2,0.05583,0.7421,ns
M7vsM8_anom_24m,tertiles,Relative Mortality,NEPmax,High,22,-0.06989,50,0.3605,0.7421,ns
M7vsM8_anom_24m,tertiles,Relative Mortality,WUE,High,22,-0.02083,59.1,0.3017,0.7421,ns
M7vsM8_anom_24m,tertiles,Relative Mortality,uWUE,High,22,-0.0285,63.6,0.1494,0.7421,ns
M7vsM8_anom_24m,tertiles,Relative Mortality,ETmax,Mid,21,0.00054,42.9,0.6095,0.7629,ns
M7vsM8_anom_24m,tertiles,Relative Mortality,GPPsat,Mid,21,-0.33308,57.1,0.1652,0.7421,ns
M7vsM8_anom_24m,tertiles,Relative Mortality,NEPmax,Mid,21,0.43811,42.9,0.5,0.7421,ns
M7vsM8_anom_24m,tertiles,Relative Mortality,WUE,Mid,21,0.02223,42.9,0.7342,0.7802,ns
M7vsM8_anom_24m,tertiles,Relative Mortality,uWUE,Mid,21,0.01392,47.6,0.6743,0.7671,ns
M7vsM8_anom_24m,tertiles,Relative Mortality,ETmax,Low,22,0.0012,45.5,0.6273,0.7629,ns
M7vsM8_anom_24m,tertiles,Relative Mortality,GPPsat,Low,22,0.1044,40.9,0.3851,0.7421,ns
M7vsM8_anom_24m,tertiles,Relative Mortality,NEPmax,Low,22,-0.26339,54.5,0.1993,0.7421,ns
M7vsM8_anom_24m,tertiles,Relative Mortality,WUE,Low,22,0.02891,45.5,0.6753,0.7671,ns
M7vsM8_anom_24m,tertiles,Relative Mortality,uWUE,Low,22,0.0105,40.9,0.4741,0.7421,ns
M7vsM8_anom_24m,tertiles,Relative Disturbance,ETmax,High,22,9e-05,40.9,0.4871,0.7421,ns
M7vsM8_anom_24m,tertiles,Relative Disturbance,GPPsat,High,22,-0.46851,72.7,0.02772,0.7421,ns
M7vsM8_anom_24m,tertiles,Relative Disturbance,NEPmax,High,22,0.2523,45.5,0.5129,0.7421,ns
M7vsM8_anom_24m,tertiles,Relative Disturbance,WUE,High,22,-0.02083,63.6,0.165,0.7421,ns
M7vsM8_anom_24m,tertiles,Relative Disturbance,uWUE,High,22,-0.0285,63.6,0.1348,0.7421,ns
M7vsM8_anom_24m,tertiles,Relative Disturbance,ETmax,Mid,21,0.00054,47.6,0.2658,0.7421,ns
M7vsM8_anom_24m,tertiles,Relative Disturbance,GPPsat,Mid,21,0.1035,42.9,0.5277,0.7421,ns
M7vsM8_anom_24m,tertiles,Relative Disturbance,NEPmax,Mid,21,0.07641,47.6,0.2435,0.7421,ns
M7vsM8_anom_24m,tertiles,Relative Disturbance,WUE,Mid,21,0.02223,42.9,0.6989,0.7671,ns
M7vsM8_anom_24m,tertiles,Relative Disturbance,uWUE,Mid,21,0.01202,47.6,0.6228,0.7629,ns
M7vsM8_anom_24m,tertiles,Relative Disturbance,ETmax,Low,22,0.00198,45.5,0.7724,0.7899,ns
M7vsM8_anom_24m,tertiles,Relative Disturbance,GPPsat,Low,22,-0.13524,50,0.1571,0.7421,ns
M7vsM8_anom_24m,tertiles,Relative Disturbance,NEPmax,Low,22,-0.26339,54.5,0.2687,0.7421,ns
M7vsM8_anom_24m,tertiles,Relative Disturbance,WUE,Low,22,0.03443,40.9,0.7915,0.7915,ns
M7vsM8_anom_24m,tertiles,Relative Disturbance,uWUE,Low,22,0.0109,40.9,0.6149,0.7629,ns
M7vsM8_anom_24m,equal_width,Absolute Mortality,ETmax,Mid,21,9e-05,42.9,0.2327,0.5614,ns
M7vsM8_anom_24m,equal_width,Absolute Mortality,GPPsat,Mid,21,-0.93977,81,0.005055,0.1285,ns
M7vsM8_anom_24m,equal_width,Absolute Mortality,NEPmax,Mid,21,-0.49451,57.1,0.1924,0.5614,ns
M7vsM8_anom_24m,equal_width,Absolute Mortality,WUE,Mid,21,-0.00457,57.1,0.3133,0.6595,ns
M7vsM8_anom_24m,equal_width,Absolute Mortality,uWUE,Mid,21,-0.02117,57.1,0.4585,0.7898,ns
M7vsM8_anom_24m,equal_width,Absolute Mortality,ETmax,Low,41,0.00057,46.3,0.6608,0.8301,ns
M7vsM8_anom_24m,equal_width,Absolute Mortality,GPPsat,Low,41,0.1035,46.3,0.2799,0.622,ns
M7vsM8_anom_24m,equal_width,Absolute Mortality,NEPmax,Low,41,0.10267,46.3,0.428,0.7898,ns
M7vsM8_anom_24m,equal_width,Absolute Mortality,WUE,Low,41,0.02587,46.3,0.6172,0.8301,ns
M7vsM8_anom_24m,equal_width,Absolute Mortality,uWUE,Low,41,0.00897,46.3,0.469,0.7898,ns
M7vsM8_anom_24m,equal_width,Absolute Mortality,ETmax,High,3,0,33.3,,,""
M7vsM8_anom_24m,equal_width,Absolute Mortality,GPPsat,High,3,0.70059,0,,,""
M7vsM8_anom_24m,equal_width,Absolute Mortality,NEPmax,High,3,0.30035,33.3,,,""
M7vsM8_anom_24m,equal_width,Absolute Mortality,WUE,High,3,0.0972,33.3,,,""
M7vsM8_anom_24m,equal_width,Absolute Mortality,uWUE,High,3,-0.09629,66.7,,,""
M7vsM8_anom_24m,equal_width,Relative Mortality,ETmax,Mid,26,-0.00207,53.8,0.06066,0.4174,ns
M7vsM8_anom_24m,equal_width,Relative Mortality,GPPsat,Mid,26,-0.31433,69.2,0.05203,0.4174,ns
M7vsM8_anom_24m,equal_width,Relative Mortality,NEPmax,Mid,26,-0.55653,57.7,0.0933,0.4665,ns
M7vsM8_anom_24m,equal_width,Relative Mortality,WUE,Mid,26,0.01109,46.2,0.799,0.8785,ns
M7vsM8_anom_24m,equal_width,Relative Mortality,uWUE,Mid,26,-0.0197,53.8,0.5805,0.8301,ns
M7vsM8_anom_24m,equal_width,Relative Mortality,ETmax,Low,32,0.00198,40.6,0.871,0.8785,ns
M7vsM8_anom_24m,equal_width,Relative Mortality,GPPsat,Low,32,0.09104,46.9,0.1678,0.5592,ns
M7vsM8_anom_24m,equal_width,Relative Mortality,NEPmax,Low,32,0.08954,46.9,0.4739,0.7898,ns
M7vsM8_anom_24m,equal_width,Relative Mortality,WUE,Low,32,0.02891,46.9,0.6069,0.8301,ns
M7vsM8_anom_24m,equal_width,Relative Mortality,uWUE,Low,32,0.01242,40.6,0.614,0.8301,ns
M7vsM8_anom_24m,equal_width,Relative Mortality,ETmax,High,7,0.00014,28.6,0.8641,0.8785,ns
M7vsM8_anom_24m,equal_width,Relative Mortality,GPPsat,High,7,0.48782,42.9,0.3999,0.7898,ns
M7vsM8_anom_24m,equal_width,Relative Mortality,NEPmax,High,7,0.30035,28.6,0.8237,0.8785,ns
M7vsM8_anom_24m,equal_width,Relative Mortality,WUE,High,7,-0.1633,71.4,0.1359,0.5084,ns
M7vsM8_anom_24m,equal_width,Relative Mortality,uWUE,High,7,-0.07505,85.7,0.02596,0.3461,ns
M7vsM8_anom_24m,equal_width,Relative Disturbance,ETmax,Mid,27,-0.00206,55.6,0.06356,0.4174,ns
M7vsM8_anom_24m,equal_width,Relative Disturbance,GPPsat,Mid,27,-0.3093,66.7,0.07304,0.4174,ns
M7vsM8_anom_24m,equal_width,Relative Disturbance,NEPmax,Mid,27,-0.41229,55.6,0.2036,0.5614,ns
M7vsM8_anom_24m,equal_width,Relative Disturbance,WUE,Mid,27,0.02006,48.1,0.7056,0.8301,ns
M7vsM8_anom_24m,equal_width,Relative Disturbance,uWUE,Mid,27,0.01764,48.1,0.7456,0.8521,ns
M7vsM8_anom_24m,equal_width,Relative Disturbance,ETmax,High,9,0.00014,33.3,0.6389,0.8301,ns
M7vsM8_anom_24m,equal_width,Relative Disturbance,GPPsat,High,9,0.34101,44.4,0.2386,0.5614,ns
M7vsM8_anom_24m,equal_width,Relative Disturbance,NEPmax,High,9,-0.34403,55.6,0.2386,0.5614,ns
M7vsM8_anom_24m,equal_width,Relative Disturbance,WUE,High,9,-0.03206,66.7,0.1181,0.5084,ns
M7vsM8_anom_24m,equal_width,Relative Disturbance,uWUE,High,9,-0.07505,88.9,0.006426,0.1285,ns
M7vsM8_anom_24m,equal_width,Relative Disturbance,ETmax,Low,29,0.00213,37.9,0.8785,0.8785,ns
M7vsM8_anom_24m,equal_width,Relative Disturbance,GPPsat,Low,29,0.1035,48.3,0.1398,0.5084,ns
M7vsM8_anom_24m,equal_width,Relative Disturbance,NEPmax,Low,29,0.27298,41.4,0.6673,0.8301,ns
M7vsM8_anom_24m,equal_width,Relative Disturbance,WUE,Low,29,0.03195,44.8,0.7056,0.8301,ns
M7vsM8_anom_24m,equal_width,Relative Disturbance,uWUE,Low,29,0.01202,41.4,0.6514,0.8301,ns
M7vsM8_anom_24m,natural_breaks,Absolute Mortality,ETmax,High,14,7e-05,42.9,0.45,0.778,ns
M7vsM8_anom_24m,natural_breaks,Absolute Mortality,GPPsat,High,14,-0.20724,57.1,0.1732,0.778,ns
M7vsM8_anom_24m,natural_breaks,Absolute Mortality,NEPmax,High,14,-0.06989,50,0.3532,0.778,ns
M7vsM8_anom_24m,natural_breaks,Absolute Mortality,WUE,High,14,-0.05167,57.1,0.3768,0.778,ns
M7vsM8_anom_24m,natural_breaks,Absolute Mortality,uWUE,High,14,-0.02468,64.3,0.1292,0.778,ns
M7vsM8_anom_24m,natural_breaks,Absolute Mortality,ETmax,Mid,32,0.00032,43.8,0.4442,0.778,ns
M7vsM8_anom_24m,natural_breaks,Absolute Mortality,GPPsat,Mid,32,-0.34777,65.6,0.0194,0.6236,ns
M7vsM8_anom_24m,natural_breaks,Absolute Mortality,NEPmax,Mid,32,-0.00096,50,0.2244,0.778,ns
M7vsM8_anom_24m,natural_breaks,Absolute Mortality,WUE,Mid,32,0.0263,43.8,0.8227,0.8227,ns
M7vsM8_anom_24m,natural_breaks,Absolute Mortality,uWUE,Mid,32,-0.0151,53.1,0.6069,0.778,ns
M7vsM8_anom_24m,natural_breaks,Absolute Mortality,ETmax,Low,19,0.00183,47.4,0.6186,0.778,ns
M7vsM8_anom_24m,natural_breaks,Absolute Mortality,GPPsat,Low,19,0.14985,36.8,0.6338,0.778,ns
M7vsM8_anom_24m,natural_breaks,Absolute Mortality,NEPmax,Low,19,0.07641,47.4,0.5719,0.778,ns
M7vsM8_anom_24m,natural_breaks,Absolute Mortality,WUE,Low,19,-0.00571,52.6,0.3363,0.778,ns
M7vsM8_anom_24m,natural_breaks,Absolute Mortality,uWUE,Low,19,0.01202,36.8,0.6186,0.778,ns
M7vsM8_anom_24m,natural_breaks,Relative Mortality,ETmax,High,23,0,47.8,0.2469,0.778,ns
M7vsM8_anom_24m,natural_breaks,Relative Mortality,GPPsat,High,23,-0.3093,65.2,0.07427,0.778,ns
M7vsM8_anom_24m,natural_breaks,Relative Mortality,NEPmax,High,23,-0.34403,52.2,0.2665,0.778,ns
M7vsM8_anom_24m,natural_breaks,Relative Mortality,WUE,High,23,-0.03206,60.9,0.2374,0.778,ns
M7vsM8_anom_24m,natural_breaks,Relative Mortality,uWUE,High,23,-0.02881,65.2,0.09291,0.778,ns
M7vsM8_anom_24m,natural_breaks,Relative Mortality,ETmax,Mid,18,0.00076,38.9,0.7144,0.778,ns
M7vsM8_anom_24m,natural_breaks,Relative Mortality,GPPsat,Mid,18,-0.34777,61.1,0.1919,0.778,ns
M7vsM8_anom_24m,natural_breaks,Relative Mortality,NEPmax,Mid,18,0.25726,44.4,0.3969,0.778,ns
M7vsM8_anom_24m,natural_breaks,Relative Mortality,WUE,Mid,18,0.02114,44.4,0.6994,0.778,ns
M7vsM8_anom_24m,natural_breaks,Relative Mortality,uWUE,Mid,18,0.00565,50,0.7144,0.778,ns
M7vsM8_anom_24m,natural_breaks,Relative Mortality,ETmax,Low,24,0.0012,45.8,0.6501,0.778,ns
M7vsM8_anom_24m,natural_breaks,Relative Mortality,GPPsat,Low,24,0.1044,41.7,0.3187,0.778,ns
M7vsM8_anom_24m,natural_breaks,Relative Mortality,NEPmax,Low,24,-0.0627,50,0.4376,0.778,ns
M7vsM8_anom_24m,natural_breaks,Relative Mortality,WUE,Low,24,0.03443,41.7,0.7923,0.8103,ns
M7vsM8_anom_24m,natural_breaks,Relative Mortality,uWUE,Low,24,0.01242,37.5,0.6607,0.778,ns
M7vsM8_anom_24m,natural_breaks,Relative Disturbance,ETmax,High,22,9e-05,40.9,0.4871,0.778,ns
M7vsM8_anom_24m,natural_breaks,Relative Disturbance,GPPsat,High,22,-0.46851,72.7,0.02772,0.6236,ns
M7vsM8_anom_24m,natural_breaks,Relative Disturbance,NEPmax,High,22,0.2523,45.5,0.5129,0.778,ns
M7vsM8_anom_24m,natural_breaks,Relative Disturbance,WUE,High,22,-0.02083,63.6,0.165,0.778,ns
M7vsM8_anom_24m,natural_breaks,Relative Disturbance,uWUE,High,22,-0.0285,63.6,0.1348,0.778,ns
M7vsM8_anom_24m,natural_breaks,Relative Disturbance,ETmax,Mid,20,0.00055,45,0.3755,0.778,ns
M7vsM8_anom_24m,natural_breaks,Relative Disturbance,GPPsat,Mid,20,0.09104,45,0.4777,0.778,ns
M7vsM8_anom_24m,natural_breaks,Relative Disturbance,NEPmax,Mid,20,-0.11586,50,0.1802,0.778,ns
M7vsM8_anom_24m,natural_breaks,Relative Disturbance,WUE,Mid,20,0.0263,40,0.731,0.778,ns
M7vsM8_anom_24m,natural_breaks,Relative Disturbance,uWUE,Mid,20,0.00565,50,0.6245,0.778,ns
M7vsM8_anom_24m,natural_breaks,Relative Disturbance,ETmax,Low,23,0.00183,47.8,0.6593,0.778,ns
M7vsM8_anom_24m,natural_breaks,Relative Disturbance,GPPsat,Low,23,0.1053,47.8,0.1768,0.778,ns
M7vsM8_anom_24m,natural_breaks,Relative Disturbance,NEPmax,Low,23,-0.22808,52.2,0.3863,0.778,ns
M7vsM8_anom_24m,natural_breaks,Relative Disturbance,WUE,Low,23,0.03195,43.5,0.7434,0.778,ns
M7vsM8_anom_24m,natural_breaks,Relative Disturbance,uWUE,Low,23,0.01202,39.1,0.6593,0.778,ns
