unit,method,metric,response,category,n,median_dRMSE,pct_sites_improved,p_onesided_wilcoxon,q_BH,sig
M1vsM2_12m,tertiles,Absolute Mortality,ETmax,High,31,-0.00139,54.8,0.3732,0.4199,ns
M1vsM2_12m,tertiles,Absolute Mortality,GPPsat,High,31,-0.65679,64.5,0.03972,0.07448,ns
M1vsM2_12m,tertiles,Absolute Mortality,NEPmax,High,31,-1.15557,71,0.004984,0.05153,ns
M1vsM2_12m,tertiles,Absolute Mortality,WUE,High,31,-0.02595,51.6,0.197,0.2398,ns
M1vsM2_12m,tertiles,Absolute Mortality,uWUE,High,31,-0.05867,58.1,0.1141,0.1604,ns
M1vsM2_12m,tertiles,Absolute Mortality,ETmax,Mid,31,-0.00143,58.1,0.1612,0.2072,ns
M1vsM2_12m,tertiles,Absolute Mortality,GPPsat,Mid,31,-0.91311,71,0.009596,0.05153,ns
M1vsM2_12m,tertiles,Absolute Mortality,NEPmax,Mid,31,-0.80397,67.7,0.02931,0.07327,ns
M1vsM2_12m,tertiles,Absolute Mortality,WUE,Mid,31,-0.06382,67.7,0.03648,0.07448,ns
M1vsM2_12m,tertiles,Absolute Mortality,uWUE,Mid,31,-0.02469,58.1,0.09296,0.1349,ns
M1vsM2_12m,tertiles,Absolute Mortality,ETmax,Low,31,-0.00046,51.6,0.6342,0.6342,ns
M1vsM2_12m,tertiles,Absolute Mortality,GPPsat,Low,31,-0.77869,67.7,0.02229,0.06686,ns
M1vsM2_12m,tertiles,Absolute Mortality,NEPmax,Low,31,-0.60335,71,0.01011,0.05153,ns
M1vsM2_12m,tertiles,Absolute Mortality,WUE,Low,31,-0.06394,58.1,0.02802,0.07327,ns
M1vsM2_12m,tertiles,Absolute Mortality,uWUE,Low,31,-0.06122,67.7,0.01374,0.05153,ns
M1vsM2_12m,tertiles,Relative Mortality,ETmax,High,31,-0.00146,64.5,0.1299,0.1772,ns
M1vsM2_12m,tertiles,Relative Mortality,GPPsat,High,31,-0.75267,71,0.008633,0.05153,ns
M1vsM2_12m,tertiles,Relative Mortality,NEPmax,High,31,-1.12138,67.7,0.007348,0.05153,ns
M1vsM2_12m,tertiles,Relative Mortality,WUE,High,31,-0.04918,54.8,0.208,0.24,ns
M1vsM2_12m,tertiles,Relative Mortality,uWUE,High,31,-0.05867,58.1,0.1384,0.1832,ns
M1vsM2_12m,tertiles,Relative Mortality,ETmax,Mid,31,0.00086,41.9,0.5429,0.5959,ns
M1vsM2_12m,tertiles,Relative Mortality,GPPsat,Mid,31,-0.91311,67.7,0.03346,0.07448,ns
M1vsM2_12m,tertiles,Relative Mortality,NEPmax,Mid,31,-0.96949,74.2,0.01518,0.05254,ns
M1vsM2_12m,tertiles,Relative Mortality,WUE,Mid,31,-0.06382,67.7,0.01065,0.05153,ns
M1vsM2_12m,tertiles,Relative Mortality,uWUE,Mid,31,-0.02563,61.3,0.04143,0.07458,ns
M1vsM2_12m,tertiles,Relative Mortality,ETmax,Low,31,-0.00221,58.1,0.5968,0.6245,ns
M1vsM2_12m,tertiles,Relative Mortality,GPPsat,Low,31,-0.34476,64.5,0.03807,0.07448,ns
M1vsM2_12m,tertiles,Relative Mortality,NEPmax,Low,31,-0.60335,67.7,0.01374,0.05153,ns
M1vsM2_12m,tertiles,Relative Mortality,WUE,Low,31,-0.01709,54.8,0.09296,0.1349,ns
M1vsM2_12m,tertiles,Relative Mortality,uWUE,Low,31,-0.06638,64.5,0.02802,0.07327,ns
M1vsM2_12m,tertiles,Relative Disturbance,ETmax,High,31,-0.00144,61.3,0.08661,0.1344,ns
M1vsM2_12m,tertiles,Relative Disturbance,GPPsat,High,31,-0.65679,64.5,0.05297,0.08828,ns
M1vsM2_12m,tertiles,Relative Disturbance,NEPmax,High,31,-1.15557,67.7,0.008633,0.05153,ns
M1vsM2_12m,tertiles,Relative Disturbance,WUE,High,31,-0.02643,51.6,0.2025,0.2398,ns
M1vsM2_12m,tertiles,Relative Disturbance,uWUE,High,31,-0.02469,54.8,0.2025,0.2398,ns
M1vsM2_12m,tertiles,Relative Disturbance,ETmax,Mid,31,3e-05,48.4,0.6268,0.6342,ns
M1vsM2_12m,tertiles,Relative Disturbance,GPPsat,Mid,31,-1.22503,74.2,0.001155,0.05153,ns
M1vsM2_12m,tertiles,Relative Disturbance,NEPmax,Mid,31,-1.12138,74.2,0.005578,0.05153,ns
M1vsM2_12m,tertiles,Relative Disturbance,WUE,Mid,31,-0.05616,67.7,0.01307,0.05153,ns
M1vsM2_12m,tertiles,Relative Disturbance,uWUE,Mid,31,-0.02563,61.3,0.03494,0.07448,ns
M1vsM2_12m,tertiles,Relative Disturbance,ETmax,Low,31,-0.00143,54.8,0.5661,0.6066,ns
M1vsM2_12m,tertiles,Relative Disturbance,GPPsat,Low,31,-0.34476,64.5,0.06441,0.1035,ns
M1vsM2_12m,tertiles,Relative Disturbance,NEPmax,Low,31,-0.60335,67.7,0.03346,0.07448,ns
M1vsM2_12m,tertiles,Relative Disturbance,WUE,Low,31,-0.06382,58.1,0.05297,0.08828,ns
M1vsM2_12m,tertiles,Relative Disturbance,uWUE,Low,31,-0.08862,67.7,0.01844,0.05928,ns
M1vsM2_12m,equal_width,Absolute Mortality,ETmax,Mid,35,0.00086,42.9,0.8546,0.8546,ns
M1vsM2_12m,equal_width,Absolute Mortality,GPPsat,Mid,35,-0.6179,65.7,0.04348,0.08455,ns
M1vsM2_12m,equal_width,Absolute Mortality,NEPmax,Mid,35,-0.77769,68.6,0.04055,0.08348,ns
M1vsM2_12m,equal_width,Absolute Mortality,WUE,Mid,35,-0.02643,57.1,0.1417,0.2254,ns
M1vsM2_12m,equal_width,Absolute Mortality,uWUE,Mid,35,-0.01279,54.3,0.1774,0.2483,ns
M1vsM2_12m,equal_width,Absolute Mortality,ETmax,Low,53,-0.00239,62.3,0.1213,0.2021,ns
M1vsM2_12m,equal_width,Absolute Mortality,GPPsat,Low,53,-1.12698,73.6,0.0004649,0.008136,**
M1vsM2_12m,equal_width,Absolute Mortality,NEPmax,Low,53,-0.97861,73.6,0.000128,0.00448,**
M1vsM2_12m,equal_width,Absolute Mortality,WUE,Low,53,-0.07878,64.2,0.002872,0.0174,*
M1vsM2_12m,equal_width,Absolute Mortality,uWUE,Low,53,-0.06396,66,0.002371,0.0174,*
M1vsM2_12m,equal_width,Absolute Mortality,ETmax,High,5,-0.00503,60,,,""
M1vsM2_12m,equal_width,Absolute Mortality,GPPsat,High,5,0.6288,20,,,""
M1vsM2_12m,equal_width,Absolute Mortality,NEPmax,High,5,0.79487,40,,,""
M1vsM2_12m,equal_width,Absolute Mortality,WUE,High,5,0.11656,20,,,""
M1vsM2_12m,equal_width,Absolute Mortality,uWUE,High,5,-0.05867,60,,,""
M1vsM2_12m,equal_width,Relative Mortality,ETmax,Mid,33,-0.00086,57.6,0.3875,0.4238,ns
M1vsM2_12m,equal_width,Relative Mortality,GPPsat,Mid,33,-1.12698,75.8,0.005308,0.0174,*
M1vsM2_12m,equal_width,Relative Mortality,NEPmax,Mid,33,-1.12138,72.7,0.005042,0.0174,*
M1vsM2_12m,equal_width,Relative Mortality,WUE,Mid,33,-0.04918,54.5,0.3406,0.3845,ns
M1vsM2_12m,equal_width,Relative Mortality,uWUE,Mid,33,-0.02469,54.5,0.1764,0.2483,ns
M1vsM2_12m,equal_width,Relative Mortality,ETmax,Low,53,-0.00046,50.9,0.5668,0.6011,ns
M1vsM2_12m,equal_width,Relative Mortality,GPPsat,Low,53,-0.6595,66,0.006757,0.01819,*
M1vsM2_12m,equal_width,Relative Mortality,NEPmax,Low,53,-0.77196,67.9,0.004624,0.0174,*
M1vsM2_12m,equal_width,Relative Mortality,WUE,Low,53,-0.06382,64.2,0.00272,0.0174,*
M1vsM2_12m,equal_width,Relative Mortality,uWUE,Low,53,-0.02921,64.2,0.005965,0.0174,*
M1vsM2_12m,equal_width,Relative Mortality,ETmax,High,7,-0.00513,71.4,0.05416,0.09977,ns
M1vsM2_12m,equal_width,Relative Mortality,GPPsat,High,7,0.6288,42.9,0.3363,0.3845,ns
M1vsM2_12m,equal_width,Relative Mortality,NEPmax,High,7,-1.15557,71.4,0.07539,0.1319,ns
M1vsM2_12m,equal_width,Relative Mortality,WUE,High,7,0.01649,42.9,0.2771,0.3463,ns
M1vsM2_12m,equal_width,Relative Mortality,uWUE,High,7,-0.06725,71.4,0.2234,0.3008,ns
M1vsM2_12m,equal_width,Relative Disturbance,ETmax,Mid,35,-0.00146,60,0.1649,0.2483,ns
M1vsM2_12m,equal_width,Relative Disturbance,GPPsat,Mid,35,-1.12698,74.3,0.005965,0.0174,*
M1vsM2_12m,equal_width,Relative Disturbance,NEPmax,Mid,35,-0.80397,65.7,0.01216,0.02659,*
M1vsM2_12m,equal_width,Relative Disturbance,WUE,Mid,35,-0.04918,54.3,0.2642,0.3424,ns
M1vsM2_12m,equal_width,Relative Disturbance,uWUE,Mid,35,-0.01279,51.4,0.2916,0.3519,ns
M1vsM2_12m,equal_width,Relative Disturbance,ETmax,Low,53,3e-05,49.1,0.7175,0.7386,ns
M1vsM2_12m,equal_width,Relative Disturbance,GPPsat,Low,53,-0.39844,64.2,0.01093,0.0255,*
M1vsM2_12m,equal_width,Relative Disturbance,NEPmax,Low,53,-0.84194,69.8,0.003286,0.0174,*
M1vsM2_12m,equal_width,Relative Disturbance,WUE,Low,53,-0.03325,62.3,0.009265,0.02316,*
M1vsM2_12m,equal_width,Relative Disturbance,uWUE,Low,53,-0.02971,66,0.003559,0.0174,*
M1vsM2_12m,equal_width,Relative Disturbance,ETmax,High,5,-0.00513,80,,,""
M1vsM2_12m,equal_width,Relative Disturbance,GPPsat,High,5,-1.8272,60,,,""
M1vsM2_12m,equal_width,Relative Disturbance,NEPmax,High,5,-2.58957,100,,,""
M1vsM2_12m,equal_width,Relative Disturbance,WUE,High,5,-0.27289,60,,,""
M1vsM2_12m,equal_width,Relative Disturbance,uWUE,High,5,-0.24285,80,,,""
M1vsM2_12m,natural_breaks,Absolute Mortality,ETmax,High,20,-0.00244,65,0.2449,0.2978,ns
M1vsM2_12m,natural_breaks,Absolute Mortality,GPPsat,High,20,-0.63735,60,0.0563,0.09744,ns
M1vsM2_12m,natural_breaks,Absolute Mortality,NEPmax,High,20,-0.96663,65,0.02969,0.0689,ns
M1vsM2_12m,natural_breaks,Absolute Mortality,WUE,High,20,0.02376,45,0.3204,0.3697,ns
M1vsM2_12m,natural_breaks,Absolute Mortality,uWUE,High,20,-0.06296,60,0.1125,0.1582,ns
M1vsM2_12m,natural_breaks,Absolute Mortality,ETmax,Mid,43,-0.00067,53.5,0.24,0.2978,ns
M1vsM2_12m,natural_breaks,Absolute Mortality,GPPsat,Mid,43,-0.91311,72.1,0.005907,0.063,ns
M1vsM2_12m,natural_breaks,Absolute Mortality,NEPmax,Mid,43,-0.95047,72.1,0.006768,0.063,ns
M1vsM2_12m,natural_breaks,Absolute Mortality,WUE,Mid,43,-0.05616,65.1,0.03459,0.07412,ns
M1vsM2_12m,natural_breaks,Absolute Mortality,uWUE,Mid,43,-0.01734,58.1,0.1057,0.1582,ns
M1vsM2_12m,natural_breaks,Absolute Mortality,ETmax,Low,30,-0.00021,50,0.6819,0.6819,ns
M1vsM2_12m,natural_breaks,Absolute Mortality,GPPsat,Low,30,-0.58856,66.7,0.03062,0.0689,ns
M1vsM2_12m,natural_breaks,Absolute Mortality,NEPmax,Low,30,-0.53491,70,0.01316,0.063,ns
M1vsM2_12m,natural_breaks,Absolute Mortality,WUE,Low,30,-0.07136,60,0.02416,0.0689,ns
M1vsM2_12m,natural_breaks,Absolute Mortality,uWUE,Low,30,-0.07492,66.7,0.0154,0.063,ns
M1vsM2_12m,natural_breaks,Relative Mortality,ETmax,High,26,-0.00145,65.4,0.07385,0.1146,ns
M1vsM2_12m,natural_breaks,Relative Mortality,GPPsat,High,26,-0.70473,65.4,0.03009,0.0689,ns
M1vsM2_12m,natural_breaks,Relative Mortality,NEPmax,High,26,-0.97977,65.4,0.0119,0.063,ns
M1vsM2_12m,natural_breaks,Relative Mortality,WUE,High,26,-0.0378,53.8,0.1737,0.2233,ns
M1vsM2_12m,natural_breaks,Relative Mortality,uWUE,High,26,-0.04168,57.7,0.161,0.213,ns
M1vsM2_12m,natural_breaks,Relative Mortality,ETmax,Mid,32,3e-05,46.9,0.4222,0.4634,ns
M1vsM2_12m,natural_breaks,Relative Mortality,GPPsat,Mid,32,-1.06907,75,0.007728,0.063,ns
M1vsM2_12m,natural_breaks,Relative Mortality,NEPmax,Mid,32,-1.14683,75,0.009005,0.063,ns
M1vsM2_12m,natural_breaks,Relative Mortality,WUE,Mid,32,-0.06005,62.5,0.04354,0.0852,ns
M1vsM2_12m,natural_breaks,Relative Mortality,uWUE,Mid,32,-0.02767,59.4,0.07365,0.1146,ns
M1vsM2_12m,natural_breaks,Relative Mortality,ETmax,Low,35,-0.00143,54.3,0.6738,0.6819,ns
M1vsM2_12m,natural_breaks,Relative Mortality,GPPsat,Low,35,-0.34476,62.9,0.04199,0.0852,ns
M1vsM2_12m,natural_breaks,Relative Mortality,NEPmax,Low,35,-0.60335,68.6,0.01439,0.063,ns
M1vsM2_12m,natural_breaks,Relative Mortality,WUE,Low,35,-0.03325,60,0.04659,0.08736,ns
M1vsM2_12m,natural_breaks,Relative Mortality,uWUE,Low,35,-0.06638,65.7,0.01323,0.063,ns
M1vsM2_12m,natural_breaks,Relative Disturbance,ETmax,Mid,35,3e-05,48.6,0.4902,0.5252,ns
M1vsM2_12m,natural_breaks,Relative Disturbance,GPPsat,Mid,35,-1.12698,80,0.0007639,0.02399,*
M1vsM2_12m,natural_breaks,Relative Disturbance,NEPmax,Mid,35,-1.32571,80,0.001066,0.02399,*
M1vsM2_12m,natural_breaks,Relative Disturbance,WUE,Mid,35,-0.05616,65.7,0.02613,0.0689,ns
M1vsM2_12m,natural_breaks,Relative Disturbance,uWUE,Mid,35,-0.02971,62.9,0.02613,0.0689,ns
M1vsM2_12m,natural_breaks,Relative Disturbance,ETmax,Low,35,-0.00221,57.1,0.5359,0.5608,ns
M1vsM2_12m,natural_breaks,Relative Disturbance,GPPsat,Low,35,-0.27398,60,0.1112,0.1582,ns
M1vsM2_12m,natural_breaks,Relative Disturbance,NEPmax,Low,35,-0.3821,62.9,0.06488,0.1081,ns
M1vsM2_12m,natural_breaks,Relative Disturbance,WUE,Low,35,-0.06382,60,0.02714,0.0689,ns
M1vsM2_12m,natural_breaks,Relative Disturbance,uWUE,Low,35,-0.08862,65.7,0.02329,0.0689,ns
M1vsM2_12m,natural_breaks,Relative Disturbance,ETmax,High,23,-0.00139,60.9,0.1401,0.1911,ns
M1vsM2_12m,natural_breaks,Relative Disturbance,GPPsat,High,23,-0.63395,60.9,0.05516,0.09744,ns
M1vsM2_12m,natural_breaks,Relative Disturbance,NEPmax,High,23,-0.80397,65.2,0.01861,0.0689,ns
M1vsM2_12m,natural_breaks,Relative Disturbance,WUE,High,23,0.01649,47.8,0.3407,0.3833,ns
M1vsM2_12m,natural_breaks,Relative Disturbance,uWUE,High,23,-0.01279,52.2,0.2973,0.352,ns
M1vsM2_24m,tertiles,Absolute Mortality,ETmax,High,31,0.00022,45.2,0.2253,0.274,ns
M1vsM2_24m,tertiles,Absolute Mortality,GPPsat,High,31,-0.2832,61.3,0.1218,0.1827,ns
M1vsM2_24m,tertiles,Absolute Mortality,NEPmax,High,31,-0.65333,64.5,0.03494,0.09249,ns
M1vsM2_24m,tertiles,Absolute Mortality,WUE,High,31,-0.03342,58.1,0.1472,0.2008,ns
M1vsM2_24m,tertiles,Absolute Mortality,uWUE,High,31,-0.01062,54.8,0.295,0.3404,ns
M1vsM2_24m,tertiles,Absolute Mortality,ETmax,Mid,31,-0.00114,54.8,0.2253,0.274,ns
M1vsM2_24m,tertiles,Absolute Mortality,GPPsat,Mid,31,-0.29001,67.7,0.03064,0.09006,ns
M1vsM2_24m,tertiles,Absolute Mortality,NEPmax,Mid,31,-0.50848,58.1,0.1299,0.1886,ns
M1vsM2_24m,tertiles,Absolute Mortality,WUE,Mid,31,-0.09758,71,0.02931,0.09006,ns
M1vsM2_24m,tertiles,Absolute Mortality,uWUE,Mid,31,-0.07657,54.8,0.1031,0.16,ns
M1vsM2_24m,tertiles,Absolute Mortality,ETmax,Low,31,-1e-04,54.8,0.5273,0.5519,ns
M1vsM2_24m,tertiles,Absolute Mortality,GPPsat,Low,31,-0.76467,64.5,0.01374,0.08125,ns
M1vsM2_24m,tertiles,Absolute Mortality,NEPmax,Low,31,-1.33525,80.6,0.001402,0.06308,ns
M1vsM2_24m,tertiles,Absolute Mortality,WUE,Low,31,0.00622,48.4,0.05963,0.1167,ns
M1vsM2_24m,tertiles,Absolute Mortality,uWUE,Low,31,-0.06407,61.3,0.008633,0.08125,ns
M1vsM2_24m,tertiles,Relative Mortality,ETmax,High,31,-1e-04,51.6,0.2025,0.2603,ns
M1vsM2_24m,tertiles,Relative Mortality,GPPsat,High,31,-0.23563,61.3,0.1384,0.1946,ns
M1vsM2_24m,tertiles,Relative Mortality,NEPmax,High,31,-0.53605,58.1,0.08661,0.1496,ns
M1vsM2_24m,tertiles,Relative Mortality,WUE,High,31,-0.06468,61.3,0.08974,0.1496,ns
M1vsM2_24m,tertiles,Relative Mortality,uWUE,High,31,0.00705,48.4,0.4727,0.5064,ns
M1vsM2_24m,tertiles,Relative Mortality,ETmax,Mid,31,9e-05,48.4,0.3086,0.3472,ns
M1vsM2_24m,tertiles,Relative Mortality,GPPsat,Mid,31,-0.63029,71,0.03064,0.09006,ns
M1vsM2_24m,tertiles,Relative Mortality,NEPmax,Mid,31,-0.8346,67.7,0.03202,0.09006,ns
M1vsM2_24m,tertiles,Relative Mortality,WUE,Mid,31,-0.08679,61.3,0.0256,0.09006,ns
M1vsM2_24m,tertiles,Relative Mortality,uWUE,Mid,31,-0.0766,67.7,0.01011,0.08125,ns
M1vsM2_24m,tertiles,Relative Mortality,ETmax,Low,31,-0.00084,54.8,0.6193,0.6334,ns
M1vsM2_24m,tertiles,Relative Mortality,GPPsat,Low,31,-0.76467,61.3,0.01757,0.083,ns
M1vsM2_24m,tertiles,Relative Mortality,NEPmax,Low,31,-1.30384,77.4,0.00295,0.06637,ns
M1vsM2_24m,tertiles,Relative Mortality,WUE,Low,31,-0.07063,54.8,0.09626,0.1547,ns
M1vsM2_24m,tertiles,Relative Mortality,uWUE,Low,31,-0.05773,54.8,0.04887,0.1041,ns
M1vsM2_24m,tertiles,Relative Disturbance,ETmax,High,31,0.00022,48.4,0.295,0.3404,ns
M1vsM2_24m,tertiles,Relative Disturbance,GPPsat,High,31,-0.29901,58.1,0.07769,0.1457,ns
M1vsM2_24m,tertiles,Relative Disturbance,NEPmax,High,31,-0.60676,61.3,0.04503,0.1041,ns
M1vsM2_24m,tertiles,Relative Disturbance,WUE,High,31,-0.06468,58.1,0.1612,0.2133,ns
M1vsM2_24m,tertiles,Relative Disturbance,uWUE,High,31,0.00705,48.4,0.4108,0.4509,ns
M1vsM2_24m,tertiles,Relative Disturbance,ETmax,Mid,31,-0.00261,58.1,0.08661,0.1496,ns
M1vsM2_24m,tertiles,Relative Disturbance,GPPsat,Mid,31,-0.32458,74.2,0.01242,0.08125,ns
M1vsM2_24m,tertiles,Relative Disturbance,NEPmax,Mid,31,-1.03187,71,0.01444,0.08125,ns
M1vsM2_24m,tertiles,Relative Disturbance,WUE,Mid,31,-0.04025,61.3,0.02029,0.083,ns
M1vsM2_24m,tertiles,Relative Disturbance,uWUE,Mid,31,-0.07632,67.7,0.01242,0.08125,ns
M1vsM2_24m,tertiles,Relative Disturbance,ETmax,Low,31,0.00116,48.4,0.7975,0.7975,ns
M1vsM2_24m,tertiles,Relative Disturbance,GPPsat,Low,31,-0.13352,61.3,0.04692,0.1041,ns
M1vsM2_24m,tertiles,Relative Disturbance,NEPmax,Low,31,-0.83466,71,0.01935,0.083,ns
M1vsM2_24m,tertiles,Relative Disturbance,WUE,Low,31,-0.07132,58.1,0.05089,0.1041,ns
M1vsM2_24m,tertiles,Relative Disturbance,uWUE,Low,31,-0.05773,54.8,0.03972,0.09931,ns
M1vsM2_24m,equal_width,Absolute Mortality,ETmax,Mid,35,0.00046,42.9,0.2805,0.3636,ns
M1vsM2_24m,equal_width,Absolute Mortality,GPPsat,Mid,35,-0.23563,62.9,0.1454,0.227,ns
M1vsM2_24m,equal_width,Absolute Mortality,NEPmax,Mid,35,-0.50848,60,0.1454,0.227,ns
M1vsM2_24m,equal_width,Absolute Mortality,WUE,Mid,35,-0.03729,60,0.1492,0.227,ns
M1vsM2_24m,equal_width,Absolute Mortality,uWUE,Mid,35,-0.01062,54.3,0.2432,0.3274,ns
M1vsM2_24m,equal_width,Absolute Mortality,ETmax,Low,53,-0.00136,60.4,0.2128,0.2979,ns
M1vsM2_24m,equal_width,Absolute Mortality,GPPsat,Low,53,-0.82043,67.9,0.0006162,0.01078,*
M1vsM2_24m,equal_width,Absolute Mortality,NEPmax,Low,53,-1.33525,77.4,0.000128,0.00448,**
M1vsM2_24m,equal_width,Absolute Mortality,WUE,Low,53,-0.0851,60.4,0.001951,0.01309,*
M1vsM2_24m,equal_width,Absolute Mortality,uWUE,Low,53,-0.07632,60.4,0.002243,0.01309,*
M1vsM2_24m,equal_width,Absolute Mortality,ETmax,High,5,0.00454,20,,,""
M1vsM2_24m,equal_width,Absolute Mortality,GPPsat,High,5,0.57494,40,,,""
M1vsM2_24m,equal_width,Absolute Mortality,NEPmax,High,5,0.66494,20,,,""
M1vsM2_24m,equal_width,Absolute Mortality,WUE,High,5,0.06495,40,,,""
M1vsM2_24m,equal_width,Absolute Mortality,uWUE,High,5,0.14604,40,,,""
M1vsM2_24m,equal_width,Relative Mortality,ETmax,Mid,33,-1e-04,51.5,0.2107,0.2979,ns
M1vsM2_24m,equal_width,Relative Mortality,GPPsat,Mid,33,-0.29001,69.7,0.03419,0.09205,ns
M1vsM2_24m,equal_width,Relative Mortality,NEPmax,Mid,33,-0.7829,66.7,0.0501,0.1253,ns
M1vsM2_24m,equal_width,Relative Mortality,WUE,Mid,33,-0.07203,63.6,0.1055,0.1944,ns
M1vsM2_24m,equal_width,Relative Mortality,uWUE,Mid,33,0.00705,48.5,0.4432,0.4847,ns
M1vsM2_24m,equal_width,Relative Mortality,ETmax,Low,53,-0.00084,52.8,0.4193,0.4734,ns
M1vsM2_24m,equal_width,Relative Mortality,GPPsat,Low,53,-0.63029,64.2,0.006117,0.02195,*
M1vsM2_24m,equal_width,Relative Mortality,NEPmax,Low,53,-1.06524,69.8,0.002872,0.014,*
M1vsM2_24m,equal_width,Relative Mortality,WUE,Low,53,-0.07063,58.5,0.007099,0.02259,*
M1vsM2_24m,equal_width,Relative Mortality,uWUE,Low,53,-0.07632,64.2,0.001693,0.01309,*
M1vsM2_24m,equal_width,Relative Mortality,ETmax,High,7,0.00022,42.9,0.4663,0.4946,ns
M1vsM2_24m,equal_width,Relative Mortality,GPPsat,High,7,0.57494,42.9,0.3363,0.4059,ns
M1vsM2_24m,equal_width,Relative Mortality,NEPmax,High,7,-2.22137,57.1,0.1024,0.1944,ns
M1vsM2_24m,equal_width,Relative Mortality,WUE,High,7,0.06495,42.9,0.3363,0.4059,ns
M1vsM2_24m,equal_width,Relative Mortality,uWUE,High,7,0.05161,42.9,0.3999,0.4666,ns
M1vsM2_24m,equal_width,Relative Disturbance,ETmax,Mid,35,-4e-04,54.3,0.1241,0.2172,ns
M1vsM2_24m,equal_width,Relative Disturbance,GPPsat,Mid,35,-0.2832,62.9,0.06488,0.1514,ns
M1vsM2_24m,equal_width,Relative Disturbance,NEPmax,Mid,35,-0.53605,62.9,0.0759,0.166,ns
M1vsM2_24m,equal_width,Relative Disturbance,WUE,Mid,35,-0.06468,60,0.1022,0.1944,ns
M1vsM2_24m,equal_width,Relative Disturbance,uWUE,Mid,35,0.01062,45.7,0.5939,0.5939,ns
M1vsM2_24m,equal_width,Relative Disturbance,ETmax,Low,53,-4e-05,50.9,0.4929,0.5074,ns
M1vsM2_24m,equal_width,Relative Disturbance,GPPsat,Low,53,-0.63029,66,0.006272,0.02195,*
M1vsM2_24m,equal_width,Relative Disturbance,NEPmax,Low,53,-1.06524,69.8,0.003199,0.014,*
M1vsM2_24m,equal_width,Relative Disturbance,WUE,Low,53,-0.07063,58.5,0.01284,0.03746,*
M1vsM2_24m,equal_width,Relative Disturbance,uWUE,Low,53,-0.07632,64.2,0.001646,0.01309,*
M1vsM2_24m,equal_width,Relative Disturbance,ETmax,High,5,0.00022,40,,,""
M1vsM2_24m,equal_width,Relative Disturbance,GPPsat,High,5,-2.11754,60,,,""
M1vsM2_24m,equal_width,Relative Disturbance,NEPmax,High,5,-4.18492,80,,,""
M1vsM2_24m,equal_width,Relative Disturbance,WUE,High,5,-0.1598,60,,,""
M1vsM2_24m,equal_width,Relative Disturbance,uWUE,High,5,-0.25079,60,,,""
M1vsM2_24m,natural_breaks,Absolute Mortality,ETmax,High,20,-0.00046,50,0.2568,0.3123,ns
M1vsM2_24m,natural_breaks,Absolute Mortality,GPPsat,High,20,-0.00588,50,0.2333,0.2916,ns
M1vsM2_24m,natural_breaks,Absolute Mortality,NEPmax,High,20,-0.51125,60,0.1125,0.1688,ns
M1vsM2_24m,natural_breaks,Absolute Mortality,WUE,High,20,-0.01103,50,0.1802,0.2317,ns
M1vsM2_24m,natural_breaks,Absolute Mortality,uWUE,High,20,-0.03428,50,0.3071,0.3544,ns
M1vsM2_24m,natural_breaks,Absolute Mortality,ETmax,Mid,43,-4e-04,51.2,0.1778,0.2317,ns
M1vsM2_24m,natural_breaks,Absolute Mortality,GPPsat,Mid,43,-0.29901,72.1,0.007999,0.07032,ns
M1vsM2_24m,natural_breaks,Absolute Mortality,NEPmax,Mid,43,-0.65333,62.8,0.04605,0.1116,ns
M1vsM2_24m,natural_breaks,Absolute Mortality,WUE,Mid,43,-0.07203,69.8,0.0319,0.09571,ns
M1vsM2_24m,natural_breaks,Absolute Mortality,uWUE,Mid,43,-0.04868,55.8,0.1399,0.1968,ns
M1vsM2_24m,natural_breaks,Absolute Mortality,ETmax,Low,30,-7e-05,53.3,0.6133,0.6418,ns
M1vsM2_24m,natural_breaks,Absolute Mortality,GPPsat,Low,30,-0.74795,63.3,0.02086,0.09059,ns
M1vsM2_24m,natural_breaks,Absolute Mortality,NEPmax,Low,30,-1.34683,80,0.001746,0.05881,ns
M1vsM2_24m,natural_breaks,Absolute Mortality,WUE,Low,30,-0.03255,50,0.04994,0.1124,ns
M1vsM2_24m,natural_breaks,Absolute Mortality,uWUE,Low,30,-0.07019,63.3,0.00719,0.07032,ns
M1vsM2_24m,natural_breaks,Relative Mortality,ETmax,High,26,6e-05,50,0.2969,0.3516,ns
M1vsM2_24m,natural_breaks,Relative Mortality,GPPsat,High,26,-0.24634,57.7,0.09761,0.1515,ns
M1vsM2_24m,natural_breaks,Relative Mortality,NEPmax,High,26,-0.5714,57.7,0.07747,0.1311,ns
M1vsM2_24m,natural_breaks,Relative Mortality,WUE,High,26,-0.06835,61.5,0.08914,0.1433,ns
M1vsM2_24m,natural_breaks,Relative Mortality,uWUE,High,26,0.00953,46.2,0.4797,0.5265,ns
M1vsM2_24m,natural_breaks,Relative Mortality,ETmax,Mid,32,-0.00198,56.2,0.1251,0.1816,ns
M1vsM2_24m,natural_breaks,Relative Mortality,GPPsat,Mid,32,-0.41499,75,0.02221,0.09059,ns
M1vsM2_24m,natural_breaks,Relative Mortality,NEPmax,Mid,32,-0.81023,68.8,0.02426,0.09059,ns
M1vsM2_24m,natural_breaks,Relative Mortality,WUE,Mid,32,-0.03877,59.4,0.07365,0.1311,ns
M1vsM2_24m,natural_breaks,Relative Mortality,uWUE,Mid,32,-0.06387,65.6,0.04711,0.1116,ns
M1vsM2_24m,natural_breaks,Relative Mortality,ETmax,Low,35,0.00116,48.6,0.714,0.7195,ns
M1vsM2_24m,natural_breaks,Relative Mortality,GPPsat,Low,35,-0.13352,60,0.02714,0.09059,ns
M1vsM2_24m,natural_breaks,Relative Mortality,NEPmax,Low,35,-1.21965,74.3,0.005433,0.07032,ns
M1vsM2_24m,natural_breaks,Relative Mortality,WUE,Low,35,-0.07132,57.1,0.04348,0.1116,ns
M1vsM2_24m,natural_breaks,Relative Mortality,uWUE,Low,35,-0.06407,57.1,0.01499,0.09059,ns
M1vsM2_24m,natural_breaks,Relative Disturbance,ETmax,Mid,35,-0.00239,54.3,0.05888,0.1152,ns
M1vsM2_24m,natural_breaks,Relative Disturbance,GPPsat,Mid,35,-0.5054,71.4,0.009376,0.07032,ns
M1vsM2_24m,natural_breaks,Relative Disturbance,NEPmax,Mid,35,-1.06524,77.1,0.002614,0.05881,ns
M1vsM2_24m,natural_breaks,Relative Disturbance,WUE,Mid,35,-0.06208,62.9,0.0224,0.09059,ns
M1vsM2_24m,natural_breaks,Relative Disturbance,uWUE,Mid,35,-0.07632,62.9,0.02818,0.09059,ns
M1vsM2_24m,natural_breaks,Relative Disturbance,ETmax,Low,35,-4e-05,51.4,0.7195,0.7195,ns
M1vsM2_24m,natural_breaks,Relative Disturbance,GPPsat,Low,35,-0.11278,60,0.05514,0.1152,ns
M1vsM2_24m,natural_breaks,Relative Disturbance,NEPmax,Low,35,-0.77607,65.7,0.05888,0.1152,ns
M1vsM2_24m,natural_breaks,Relative Disturbance,WUE,Low,35,-0.07132,57.1,0.04348,0.1116,ns
M1vsM2_24m,natural_breaks,Relative Disturbance,uWUE,Low,35,-0.05773,57.1,0.02613,0.09059,ns
M1vsM2_24m,natural_breaks,Relative Disturbance,ETmax,High,23,0.00022,47.8,0.4098,0.461,ns
M1vsM2_24m,natural_breaks,Relative Disturbance,GPPsat,High,23,-0.29901,60.9,0.07864,0.1311,ns
M1vsM2_24m,natural_breaks,Relative Disturbance,NEPmax,High,23,-0.53605,56.5,0.07864,0.1311,ns
M1vsM2_24m,natural_breaks,Relative Disturbance,WUE,High,23,-0.06468,56.5,0.1541,0.2102,ns
M1vsM2_24m,natural_breaks,Relative Disturbance,uWUE,High,23,0.00705,47.8,0.4939,0.5292,ns
M3vsM4_12m,tertiles,Absolute Mortality,ETmax,High,31,0.00139,41.9,0.9037,0.9037,ns
M3vsM4_12m,tertiles,Absolute Mortality,GPPsat,High,31,-0.73137,67.7,0.007757,0.06475,ns
M3vsM4_12m,tertiles,Absolute Mortality,NEPmax,High,31,-1.00882,80.6,0.001232,0.02773,*
M3vsM4_12m,tertiles,Absolute Mortality,WUE,High,31,-0.05729,58.1,0.08058,0.125,ns
M3vsM4_12m,tertiles,Absolute Mortality,uWUE,High,31,-0.03032,61.3,0.06198,0.1073,ns
M3vsM4_12m,tertiles,Absolute Mortality,ETmax,Mid,31,-0.00033,54.8,0.2621,0.3188,ns
M3vsM4_12m,tertiles,Absolute Mortality,GPPsat,Mid,31,-0.0677,51.6,0.2025,0.2531,ns
M3vsM4_12m,tertiles,Absolute Mortality,NEPmax,Mid,31,-0.40986,64.5,0.1141,0.1604,ns
M3vsM4_12m,tertiles,Absolute Mortality,WUE,Mid,31,-0.03205,61.3,0.05297,0.1036,ns
M3vsM4_12m,tertiles,Absolute Mortality,uWUE,Mid,31,-0.05639,58.1,0.04143,0.09322,ns
M3vsM4_12m,tertiles,Absolute Mortality,ETmax,Low,31,0.00067,45.2,0.7628,0.7983,ns
M3vsM4_12m,tertiles,Absolute Mortality,GPPsat,Low,31,-0.81248,67.7,0.005899,0.06475,ns
M3vsM4_12m,tertiles,Absolute Mortality,NEPmax,Low,31,-0.35786,67.7,0.008633,0.06475,ns
M3vsM4_12m,tertiles,Absolute Mortality,WUE,Low,31,-0.0503,58.1,0.1218,0.1612,ns
M3vsM4_12m,tertiles,Absolute Mortality,uWUE,Low,31,-0.05289,64.5,0.03972,0.09322,ns
M3vsM4_12m,tertiles,Relative Mortality,ETmax,High,31,0.00139,41.9,0.8659,0.8856,ns
M3vsM4_12m,tertiles,Relative Mortality,GPPsat,High,31,-0.29335,61.3,0.0256,0.09006,ns
M3vsM4_12m,tertiles,Relative Mortality,NEPmax,High,31,-0.39022,71,0.02679,0.09006,ns
M3vsM4_12m,tertiles,Relative Mortality,WUE,High,31,-0.04033,61.3,0.1103,0.1602,ns
M3vsM4_12m,tertiles,Relative Mortality,uWUE,High,31,-0.03499,64.5,0.04143,0.09322,ns
M3vsM4_12m,tertiles,Relative Mortality,ETmax,Mid,31,-0.00075,54.8,0.4262,0.5047,ns
M3vsM4_12m,tertiles,Relative Mortality,GPPsat,Mid,31,-0.91671,64.5,0.02445,0.09006,ns
M3vsM4_12m,tertiles,Relative Mortality,NEPmax,Mid,31,-1.12327,80.6,0.003737,0.05606,ns
M3vsM4_12m,tertiles,Relative Mortality,WUE,Mid,31,-0.03205,58.1,0.05734,0.1073,ns
M3vsM4_12m,tertiles,Relative Mortality,uWUE,Mid,31,-0.05289,58.1,0.07215,0.116,ns
M3vsM4_12m,tertiles,Relative Mortality,ETmax,Low,31,0.00067,45.2,0.7315,0.7837,ns
M3vsM4_12m,tertiles,Relative Mortality,GPPsat,Low,31,-0.3614,61.3,0.02931,0.09006,ns
M3vsM4_12m,tertiles,Relative Mortality,NEPmax,Low,31,-0.59586,61.3,0.01935,0.09006,ns
M3vsM4_12m,tertiles,Relative Mortality,WUE,Low,31,-0.0503,58.1,0.1103,0.1602,ns
M3vsM4_12m,tertiles,Relative Mortality,uWUE,Low,31,-0.05623,61.3,0.03648,0.09322,ns
M3vsM4_12m,tertiles,Relative Disturbance,ETmax,High,31,0.00096,41.9,0.6982,0.7812,ns
M3vsM4_12m,tertiles,Relative Disturbance,GPPsat,High,31,-0.57574,61.3,0.01757,0.09006,ns
M3vsM4_12m,tertiles,Relative Disturbance,NEPmax,High,31,-0.44614,71,0.01518,0.09006,ns
M3vsM4_12m,tertiles,Relative Disturbance,WUE,High,31,-0.02402,58.1,0.1218,0.1612,ns
M3vsM4_12m,tertiles,Relative Disturbance,uWUE,High,31,-0.04781,61.3,0.06198,0.1073,ns
M3vsM4_12m,tertiles,Relative Disturbance,ETmax,Mid,31,-0.00075,58.1,0.6193,0.7146,ns
M3vsM4_12m,tertiles,Relative Disturbance,GPPsat,Mid,31,-0.57547,61.3,0.04887,0.09996,ns
M3vsM4_12m,tertiles,Relative Disturbance,NEPmax,Mid,31,-0.88187,80.6,0.001082,0.02773,*
M3vsM4_12m,tertiles,Relative Disturbance,WUE,Mid,31,-0.05729,64.5,0.03202,0.09006,ns
M3vsM4_12m,tertiles,Relative Disturbance,uWUE,Mid,31,-0.01671,58.1,0.0695,0.1158,ns
M3vsM4_12m,tertiles,Relative Disturbance,ETmax,Low,31,0.00072,41.9,0.7117,0.7812,ns
M3vsM4_12m,tertiles,Relative Disturbance,GPPsat,Low,31,-0.3614,64.5,0.02229,0.09006,ns
M3vsM4_12m,tertiles,Relative Disturbance,NEPmax,Low,31,-0.59586,61.3,0.04887,0.09996,ns
M3vsM4_12m,tertiles,Relative Disturbance,WUE,Low,31,-0.05001,54.8,0.1709,0.2198,ns
M3vsM4_12m,tertiles,Relative Disturbance,uWUE,Low,31,-0.05639,64.5,0.03064,0.09006,ns
M3vsM4_12m,equal_width,Absolute Mortality,ETmax,Mid,35,0.00096,42.9,0.9264,0.9264,ns
M3vsM4_12m,equal_width,Absolute Mortality,GPPsat,Mid,35,-0.10403,57.1,0.1175,0.1645,ns
M3vsM4_12m,equal_width,Absolute Mortality,NEPmax,Mid,35,-0.54007,74.3,0.008582,0.03755,*
M3vsM4_12m,equal_width,Absolute Mortality,WUE,Mid,35,-0.03205,62.9,0.08069,0.1323,ns
M3vsM4_12m,equal_width,Absolute Mortality,uWUE,Mid,35,-0.03032,60,0.09095,0.1384,ns
M3vsM4_12m,equal_width,Absolute Mortality,ETmax,Low,53,-1e-04,52.8,0.3919,0.4572,ns
M3vsM4_12m,equal_width,Absolute Mortality,GPPsat,Low,53,-0.81248,64.2,0.001032,0.02875,*
M3vsM4_12m,equal_width,Absolute Mortality,NEPmax,Low,53,-0.35786,66,0.005125,0.02989,*
M3vsM4_12m,equal_width,Absolute Mortality,WUE,Low,53,-0.05342,60.4,0.01608,0.04691,*
M3vsM4_12m,equal_width,Absolute Mortality,uWUE,Low,53,-0.05639,64.2,0.003286,0.02875,*
M3vsM4_12m,equal_width,Absolute Mortality,ETmax,High,5,0.00214,20,,,""
M3vsM4_12m,equal_width,Absolute Mortality,GPPsat,High,5,-1.1091,80,,,""
M3vsM4_12m,equal_width,Absolute Mortality,NEPmax,High,5,-1.15192,100,,,""
M3vsM4_12m,equal_width,Absolute Mortality,WUE,High,5,0.08916,20,,,""
M3vsM4_12m,equal_width,Absolute Mortality,uWUE,High,5,0.04929,40,,,""
M3vsM4_12m,equal_width,Relative Mortality,ETmax,Mid,33,9e-05,45.5,0.7102,0.7768,ns
M3vsM4_12m,equal_width,Relative Mortality,GPPsat,Mid,33,-0.10403,57.6,0.06903,0.1272,ns
M3vsM4_12m,equal_width,Relative Mortality,NEPmax,Mid,33,-0.41474,69.7,0.02795,0.06987,ns
M3vsM4_12m,equal_width,Relative Mortality,WUE,Mid,33,-0.04033,63.6,0.08171,0.1323,ns
M3vsM4_12m,equal_width,Relative Mortality,uWUE,Mid,33,-0.03499,63.6,0.06441,0.1252,ns
M3vsM4_12m,equal_width,Relative Mortality,ETmax,Low,53,-1e-04,52.8,0.5106,0.5765,ns
M3vsM4_12m,equal_width,Relative Mortality,GPPsat,Low,53,-0.81248,64.2,0.004168,0.02918,*
M3vsM4_12m,equal_width,Relative Mortality,NEPmax,Low,53,-0.59586,67.9,0.003031,0.02875,*
M3vsM4_12m,equal_width,Relative Mortality,WUE,Low,53,-0.0503,58.5,0.0341,0.0746,ns
M3vsM4_12m,equal_width,Relative Mortality,uWUE,Low,53,-0.05289,60.4,0.01344,0.04277,*
M3vsM4_12m,equal_width,Relative Mortality,ETmax,High,7,0.00572,14.3,0.9246,0.9264,ns
M3vsM4_12m,equal_width,Relative Mortality,GPPsat,High,7,-1.47526,71.4,0.1024,0.1494,ns
M3vsM4_12m,equal_width,Relative Mortality,NEPmax,High,7,-2.3367,100,0.01125,0.03936,*
M3vsM4_12m,equal_width,Relative Mortality,WUE,High,7,0.08916,42.9,0.2771,0.3463,ns
M3vsM4_12m,equal_width,Relative Mortality,uWUE,High,7,-0.08724,57.1,0.1763,0.2285,ns
M3vsM4_12m,equal_width,Relative Disturbance,ETmax,Mid,35,-4e-04,54.3,0.2916,0.3519,ns
M3vsM4_12m,equal_width,Relative Disturbance,GPPsat,Mid,35,-0.29335,60,0.03914,0.08058,ns
M3vsM4_12m,equal_width,Relative Disturbance,NEPmax,Mid,35,-0.39022,68.6,0.03269,0.0746,ns
M3vsM4_12m,equal_width,Relative Disturbance,WUE,Mid,35,-0.02402,60,0.1569,0.2112,ns
M3vsM4_12m,equal_width,Relative Disturbance,uWUE,Mid,35,-0.03307,60,0.08317,0.1323,ns
M3vsM4_12m,equal_width,Relative Disturbance,ETmax,Low,53,0.00067,47.2,0.812,0.8612,ns
M3vsM4_12m,equal_width,Relative Disturbance,GPPsat,Low,53,-0.49694,62.3,0.007276,0.03638,*
M3vsM4_12m,equal_width,Relative Disturbance,NEPmax,Low,53,-0.88187,69.8,0.001792,0.02875,*
M3vsM4_12m,equal_width,Relative Disturbance,WUE,Low,53,-0.0503,58.5,0.02793,0.06987,ns
M3vsM4_12m,equal_width,Relative Disturbance,uWUE,Low,53,-0.05623,62.3,0.01068,0.03936,*
M3vsM4_12m,equal_width,Relative Disturbance,ETmax,High,5,0.00572,0,,,""
M3vsM4_12m,equal_width,Relative Disturbance,GPPsat,High,5,-2.0733,80,,,""
M3vsM4_12m,equal_width,Relative Disturbance,NEPmax,High,5,-2.3367,100,,,""
M3vsM4_12m,equal_width,Relative Disturbance,WUE,High,5,-0.28617,60,,,""
M3vsM4_12m,equal_width,Relative Disturbance,uWUE,High,5,-0.29804,60,,,""
M3vsM4_12m,natural_breaks,Absolute Mortality,ETmax,High,20,0.00176,35,0.8945,0.8945,ns
M3vsM4_12m,natural_breaks,Absolute Mortality,GPPsat,High,20,-0.74618,70,0.0229,0.06395,ns
M3vsM4_12m,natural_breaks,Absolute Mortality,NEPmax,High,20,-0.51786,75,0.01746,0.06395,ns
M3vsM4_12m,natural_breaks,Absolute Mortality,WUE,High,20,0.00011,50,0.2568,0.321,ns
M3vsM4_12m,natural_breaks,Absolute Mortality,uWUE,High,20,-0.03266,60,0.1354,0.1792,ns
M3vsM4_12m,natural_breaks,Absolute Mortality,ETmax,Mid,43,-4e-04,55.8,0.3297,0.401,ns
M3vsM4_12m,natural_breaks,Absolute Mortality,GPPsat,Mid,43,-0.26909,55.8,0.05218,0.1021,ns
M3vsM4_12m,natural_breaks,Absolute Mortality,NEPmax,Mid,43,-0.88187,69.8,0.01809,0.06395,ns
M3vsM4_12m,natural_breaks,Absolute Mortality,WUE,Mid,43,-0.05204,62.8,0.01654,0.06395,ns
M3vsM4_12m,natural_breaks,Absolute Mortality,uWUE,Mid,43,-0.04781,58.1,0.04051,0.0868,ns
M3vsM4_12m,natural_breaks,Absolute Mortality,ETmax,Low,30,0.00113,43.3,0.8432,0.8624,ns
M3vsM4_12m,natural_breaks,Absolute Mortality,GPPsat,Low,30,-0.69411,66.7,0.01006,0.06395,ns
M3vsM4_12m,natural_breaks,Absolute Mortality,NEPmax,Low,30,-0.42559,70,0.005705,0.06395,ns
M3vsM4_12m,natural_breaks,Absolute Mortality,WUE,Low,30,-0.05186,60,0.09752,0.1463,ns
M3vsM4_12m,natural_breaks,Absolute Mortality,uWUE,Low,30,-0.05456,66.7,0.02416,0.06395,ns
M3vsM4_12m,natural_breaks,Relative Mortality,ETmax,High,26,0.00106,42.3,0.7289,0.781,ns
M3vsM4_12m,natural_breaks,Relative Mortality,GPPsat,High,26,-0.43441,61.5,0.02379,0.06395,ns
M3vsM4_12m,natural_breaks,Relative Mortality,NEPmax,High,26,-0.41818,69.2,0.03771,0.08486,ns
M3vsM4_12m,natural_breaks,Relative Mortality,WUE,High,26,-0.03803,61.5,0.1213,0.1706,ns
M3vsM4_12m,natural_breaks,Relative Mortality,uWUE,High,26,-0.0414,65.4,0.067,0.1206,ns
M3vsM4_12m,natural_breaks,Relative Mortality,ETmax,Mid,32,-0.00057,56.2,0.541,0.6406,ns
M3vsM4_12m,natural_breaks,Relative Mortality,GPPsat,Mid,32,-0.78994,59.4,0.06376,0.1195,ns
M3vsM4_12m,natural_breaks,Relative Mortality,NEPmax,Mid,32,-0.68759,78.1,0.006275,0.06395,ns
M3vsM4_12m,natural_breaks,Relative Mortality,WUE,Mid,32,-0.04881,59.4,0.07629,0.1226,ns
M3vsM4_12m,natural_breaks,Relative Mortality,uWUE,Mid,32,-0.01978,56.2,0.07107,0.1226,ns
M3vsM4_12m,natural_breaks,Relative Mortality,ETmax,Low,35,0.00072,42.9,0.7769,0.813,ns
M3vsM4_12m,natural_breaks,Relative Mortality,GPPsat,Low,35,-0.39589,65.7,0.009797,0.06395,ns
M3vsM4_12m,natural_breaks,Relative Mortality,NEPmax,Low,35,-1.04596,65.7,0.005965,0.06395,ns
M3vsM4_12m,natural_breaks,Relative Mortality,WUE,Low,35,-0.05001,57.1,0.09643,0.1463,ns
M3vsM4_12m,natural_breaks,Relative Mortality,uWUE,Low,35,-0.05639,62.9,0.02329,0.06395,ns
M3vsM4_12m,natural_breaks,Relative Disturbance,ETmax,Mid,35,-1e-04,51.4,0.714,0.781,ns
M3vsM4_12m,natural_breaks,Relative Disturbance,GPPsat,Mid,35,-0.57547,62.9,0.02926,0.0693,ns
M3vsM4_12m,natural_breaks,Relative Disturbance,NEPmax,Mid,35,-0.49332,71.4,0.01439,0.06395,ns
M3vsM4_12m,natural_breaks,Relative Disturbance,WUE,Mid,35,-0.06578,62.9,0.02818,0.0693,ns
M3vsM4_12m,natural_breaks,Relative Disturbance,uWUE,Mid,35,-0.05289,62.9,0.01628,0.06395,ns
M3vsM4_12m,natural_breaks,Relative Disturbance,ETmax,Low,35,0.00067,45.7,0.6913,0.7777,ns
M3vsM4_12m,natural_breaks,Relative Disturbance,GPPsat,Low,35,-0.26909,60,0.04659,0.0953,ns
M3vsM4_12m,natural_breaks,Relative Disturbance,NEPmax,Low,35,-0.59586,65.7,0.0224,0.06395,ns
M3vsM4_12m,natural_breaks,Relative Disturbance,WUE,Low,35,-0.05001,57.1,0.1345,0.1792,ns
M3vsM4_12m,natural_breaks,Relative Disturbance,uWUE,Low,35,-0.05623,60,0.0759,0.1226,ns
M3vsM4_12m,natural_breaks,Relative Disturbance,ETmax,High,23,0.00072,43.5,0.6367,0.7347,ns
M3vsM4_12m,natural_breaks,Relative Disturbance,GPPsat,High,23,-0.91689,65.2,0.007803,0.06395,ns
M3vsM4_12m,natural_breaks,Relative Disturbance,NEPmax,High,23,-0.49566,78.3,0.004655,0.06395,ns
M3vsM4_12m,natural_breaks,Relative Disturbance,WUE,High,23,-0.02167,56.5,0.219,0.2816,ns
M3vsM4_12m,natural_breaks,Relative Disturbance,uWUE,High,23,-0.03499,60.9,0.1148,0.1666,ns
M3vsM4_24m,tertiles,Absolute Mortality,ETmax,High,31,9e-04,38.7,0.8137,0.8988,ns
M3vsM4_24m,tertiles,Absolute Mortality,GPPsat,High,31,-0.58607,71,0.008185,0.04604,*
M3vsM4_24m,tertiles,Absolute Mortality,NEPmax,High,31,-0.66826,67.7,0.01757,0.05187,ns
M3vsM4_24m,tertiles,Absolute Mortality,WUE,High,31,-0.11889,64.5,0.04503,0.0881,ns
M3vsM4_24m,tertiles,Absolute Mortality,uWUE,High,31,-0.036,58.1,0.09965,0.1655,ns
M3vsM4_24m,tertiles,Absolute Mortality,ETmax,Mid,31,5e-04,38.7,0.9694,0.9694,ns
M3vsM4_24m,tertiles,Absolute Mortality,GPPsat,Mid,31,-0.45121,64.5,0.05089,0.09541,ns
M3vsM4_24m,tertiles,Absolute Mortality,NEPmax,Mid,31,-0.76838,61.3,0.295,0.3687,ns
M3vsM4_24m,tertiles,Absolute Mortality,WUE,Mid,31,-0.07149,58.1,0.01307,0.04756,*
M3vsM4_24m,tertiles,Absolute Mortality,uWUE,Mid,31,-0.01492,54.8,0.2372,0.305,ns
M3vsM4_24m,tertiles,Absolute Mortality,ETmax,Low,31,-0.00023,51.6,0.4185,0.509,ns
M3vsM4_24m,tertiles,Absolute Mortality,GPPsat,Low,31,-0.52805,64.5,0.004198,0.04604,*
M3vsM4_24m,tertiles,Absolute Mortality,NEPmax,Low,31,-1.023,67.7,0.0003369,0.01516,*
M3vsM4_24m,tertiles,Absolute Mortality,WUE,Low,31,-0.03492,58.1,0.1709,0.2404,ns
M3vsM4_24m,tertiles,Absolute Mortality,uWUE,Low,31,-0.06321,74.2,0.006588,0.04604,*
M3vsM4_24m,tertiles,Relative Mortality,ETmax,High,31,0.00098,32.3,0.9449,0.9664,ns
M3vsM4_24m,tertiles,Relative Mortality,GPPsat,High,31,-0.40161,71,0.01011,0.04756,*
M3vsM4_24m,tertiles,Relative Mortality,NEPmax,High,31,-0.39313,64.5,0.1067,0.1655,ns
M3vsM4_24m,tertiles,Relative Mortality,WUE,High,31,-0.11889,64.5,0.02802,0.07006,ns
M3vsM4_24m,tertiles,Relative Mortality,uWUE,High,31,-0.01492,54.8,0.2253,0.2982,ns
M3vsM4_24m,tertiles,Relative Mortality,ETmax,Mid,31,-0.00013,51.6,0.5273,0.6085,ns
M3vsM4_24m,tertiles,Relative Mortality,GPPsat,Mid,31,-1.27056,67.7,0.007757,0.04604,*
M3vsM4_24m,tertiles,Relative Mortality,NEPmax,Mid,31,-1.1416,71,0.01844,0.05187,ns
M3vsM4_24m,tertiles,Relative Mortality,WUE,Mid,31,-0.10291,58.1,0.03807,0.08159,ns
M3vsM4_24m,tertiles,Relative Mortality,uWUE,Mid,31,-0.05048,58.1,0.0695,0.1203,ns
M3vsM4_24m,tertiles,Relative Mortality,ETmax,Low,31,0.00015,45.2,0.8189,0.8988,ns
M3vsM4_24m,tertiles,Relative Mortality,GPPsat,Low,31,-0.42813,61.3,0.01674,0.05187,ns
M3vsM4_24m,tertiles,Relative Mortality,NEPmax,Low,31,-0.89565,61.3,0.003524,0.04604,*
M3vsM4_24m,tertiles,Relative Mortality,WUE,Low,31,-0.03492,58.1,0.1341,0.2009,ns
M3vsM4_24m,tertiles,Relative Mortality,uWUE,Low,31,-0.06321,74.2,0.01374,0.04756,*
M3vsM4_24m,tertiles,Relative Disturbance,ETmax,High,31,9e-04,38.7,0.8482,0.9088,ns
M3vsM4_24m,tertiles,Relative Disturbance,GPPsat,High,31,-0.76421,80.6,0.0008297,0.01867,*
M3vsM4_24m,tertiles,Relative Disturbance,NEPmax,High,31,-0.66826,67.7,0.03346,0.07527,ns
M3vsM4_24m,tertiles,Relative Disturbance,WUE,High,31,-0.1304,61.3,0.03202,0.07527,ns
M3vsM4_24m,tertiles,Relative Disturbance,uWUE,High,31,-0.01492,54.8,0.197,0.2686,ns
M3vsM4_24m,tertiles,Relative Disturbance,ETmax,Mid,31,0.00025,48.4,0.4649,0.5505,ns
M3vsM4_24m,tertiles,Relative Disturbance,GPPsat,Mid,31,-0.52805,61.3,0.0432,0.0881,ns
M3vsM4_24m,tertiles,Relative Disturbance,NEPmax,Mid,31,-1.00356,71,0.01374,0.04756,*
M3vsM4_24m,tertiles,Relative Disturbance,WUE,Mid,31,-0.04793,61.3,0.06692,0.1203,ns
M3vsM4_24m,tertiles,Relative Disturbance,uWUE,Mid,31,-0.02861,58.1,0.1384,0.2009,ns
M3vsM4_24m,tertiles,Relative Disturbance,ETmax,Low,31,0.00031,41.9,0.9427,0.9664,ns
M3vsM4_24m,tertiles,Relative Disturbance,GPPsat,Low,31,-0.41929,58.1,0.0256,0.06776,ns
M3vsM4_24m,tertiles,Relative Disturbance,NEPmax,Low,31,-0.83515,58.1,0.01242,0.04756,*
M3vsM4_24m,tertiles,Relative Disturbance,WUE,Low,31,-0.03492,58.1,0.1031,0.1655,ns
M3vsM4_24m,tertiles,Relative Disturbance,uWUE,Low,31,-0.06331,74.2,0.006588,0.04604,*
M3vsM4_24m,equal_width,Absolute Mortality,ETmax,Mid,35,9e-04,37.1,0.9193,0.9246,ns
M3vsM4_24m,equal_width,Absolute Mortality,GPPsat,Mid,35,-0.40161,60,0.09643,0.1607,ns
M3vsM4_24m,equal_width,Absolute Mortality,NEPmax,Mid,35,-0.48462,62.9,0.09643,0.1607,ns
M3vsM4_24m,equal_width,Absolute Mortality,WUE,Mid,35,-0.05515,60,0.08571,0.1579,ns
M3vsM4_24m,equal_width,Absolute Mortality,uWUE,Mid,35,-0.03029,54.3,0.1345,0.2046,ns
M3vsM4_24m,equal_width,Absolute Mortality,ETmax,Low,53,-1e-05,50.9,0.5807,0.7008,ns
M3vsM4_24m,equal_width,Absolute Mortality,GPPsat,Low,53,-0.87404,67.9,0.0002515,0.008134,**
M3vsM4_24m,equal_width,Absolute Mortality,NEPmax,Low,53,-1.00356,66,0.0005974,0.008134,**
M3vsM4_24m,equal_width,Absolute Mortality,WUE,Low,53,-0.04956,60.4,0.007276,0.02546,*
M3vsM4_24m,equal_width,Absolute Mortality,uWUE,Low,53,-0.06321,69.8,0.002371,0.01186,*
M3vsM4_24m,equal_width,Absolute Mortality,ETmax,High,5,0.00206,0,,,""
M3vsM4_24m,equal_width,Absolute Mortality,GPPsat,High,5,-1.97647,100,,,""
M3vsM4_24m,equal_width,Absolute Mortality,NEPmax,High,5,-0.66826,80,,,""
M3vsM4_24m,equal_width,Absolute Mortality,WUE,High,5,-0.02577,60,,,""
M3vsM4_24m,equal_width,Absolute Mortality,uWUE,High,5,0.05626,40,,,""
M3vsM4_24m,equal_width,Relative Mortality,ETmax,Mid,33,0.00028,45.5,0.7944,0.8986,ns
M3vsM4_24m,equal_width,Relative Mortality,GPPsat,Mid,33,-0.40161,66.7,0.02911,0.06923,ns
M3vsM4_24m,equal_width,Relative Mortality,NEPmax,Mid,33,-0.25419,60.6,0.1718,0.247,ns
M3vsM4_24m,equal_width,Relative Mortality,WUE,Mid,33,-0.11889,63.6,0.03997,0.08229,ns
M3vsM4_24m,equal_width,Relative Mortality,uWUE,Mid,33,-0.01492,54.5,0.1764,0.247,ns
M3vsM4_24m,equal_width,Relative Mortality,ETmax,Low,53,0.00031,45.3,0.826,0.8992,ns
M3vsM4_24m,equal_width,Relative Mortality,GPPsat,Low,53,-0.76938,64.2,0.001162,0.008134,**
M3vsM4_24m,equal_width,Relative Mortality,NEPmax,Low,53,-1.023,66,0.0007877,0.008134,**
M3vsM4_24m,equal_width,Relative Mortality,WUE,Low,53,-0.03519,58.5,0.02908,0.06923,ns
M3vsM4_24m,equal_width,Relative Mortality,uWUE,Low,53,-0.06321,69.8,0.004869,0.0213,*
M3vsM4_24m,equal_width,Relative Mortality,ETmax,High,7,0.00182,14.3,0.9246,0.9246,ns
M3vsM4_24m,equal_width,Relative Mortality,GPPsat,High,7,-1.6566,85.7,0.03796,0.08229,ns
M3vsM4_24m,equal_width,Relative Mortality,NEPmax,High,7,-1.48308,85.7,0.02596,0.06923,ns
M3vsM4_24m,equal_width,Relative Mortality,WUE,High,7,-0.02577,57.1,0.2234,0.3008,ns
M3vsM4_24m,equal_width,Relative Mortality,uWUE,High,7,0.05626,42.9,0.3999,0.4999,ns
M3vsM4_24m,equal_width,Relative Disturbance,ETmax,Mid,35,0.00028,42.9,0.7959,0.8986,ns
M3vsM4_24m,equal_width,Relative Disturbance,GPPsat,Mid,35,-0.45121,71.4,0.009797,0.03117,*
M3vsM4_24m,equal_width,Relative Disturbance,NEPmax,Mid,35,-0.51356,62.9,0.1175,0.187,ns
M3vsM4_24m,equal_width,Relative Disturbance,WUE,Mid,35,-0.05701,62.9,0.04821,0.09374,ns
M3vsM4_24m,equal_width,Relative Disturbance,uWUE,Mid,35,-0.00689,54.3,0.2432,0.3152,ns
M3vsM4_24m,equal_width,Relative Disturbance,ETmax,Low,53,0.00031,45.3,0.8478,0.8992,ns
M3vsM4_24m,equal_width,Relative Disturbance,GPPsat,Low,53,-0.69357,62.3,0.002307,0.01186,*
M3vsM4_24m,equal_width,Relative Disturbance,NEPmax,Low,53,-1.00742,64.2,0.000944,0.008134,**
M3vsM4_24m,equal_width,Relative Disturbance,WUE,Low,53,-0.03519,58.5,0.02967,0.06923,ns
M3vsM4_24m,equal_width,Relative Disturbance,uWUE,Low,53,-0.06321,67.9,0.005965,0.0232,*
M3vsM4_24m,equal_width,Relative Disturbance,ETmax,High,5,0.00182,20,,,""
M3vsM4_24m,equal_width,Relative Disturbance,GPPsat,High,5,-1.97647,80,,,""
M3vsM4_24m,equal_width,Relative Disturbance,NEPmax,High,5,-1.48308,100,,,""
M3vsM4_24m,equal_width,Relative Disturbance,WUE,High,5,-0.21939,60,,,""
M3vsM4_24m,equal_width,Relative Disturbance,uWUE,High,5,-0.18589,60,,,""
M3vsM4_24m,natural_breaks,Absolute Mortality,ETmax,High,20,0.0013,25,0.9619,0.9619,ns
M3vsM4_24m,natural_breaks,Absolute Mortality,GPPsat,High,20,-0.53112,65,0.03809,0.1008,ns
M3vsM4_24m,natural_breaks,Absolute Mortality,NEPmax,High,20,-0.48985,65,0.1354,0.1965,ns
M3vsM4_24m,natural_breaks,Absolute Mortality,WUE,High,20,-0.08341,60,0.1274,0.1911,ns
M3vsM4_24m,natural_breaks,Absolute Mortality,uWUE,High,20,-0.01861,55,0.1802,0.2385,ns
M3vsM4_24m,natural_breaks,Absolute Mortality,ETmax,Mid,43,0.00025,46.5,0.8222,0.925,ns
M3vsM4_24m,natural_breaks,Absolute Mortality,GPPsat,Mid,43,-0.76938,69.8,0.008268,0.03382,*
M3vsM4_24m,natural_breaks,Absolute Mortality,NEPmax,Mid,43,-0.83515,62.8,0.07623,0.1319,ns
M3vsM4_24m,natural_breaks,Absolute Mortality,WUE,Mid,43,-0.07149,60.5,0.007239,0.03258,*
M3vsM4_24m,natural_breaks,Absolute Mortality,uWUE,Mid,43,-0.03029,55.8,0.1685,0.2298,ns
M3vsM4_24m,natural_breaks,Absolute Mortality,ETmax,Low,30,-6e-05,50,0.5328,0.6309,ns
M3vsM4_24m,natural_breaks,Absolute Mortality,GPPsat,Low,30,-0.47809,63.3,0.00719,0.03258,*
M3vsM4_24m,natural_breaks,Absolute Mortality,NEPmax,Low,30,-1.0823,70,0.0002747,0.01236,*
M3vsM4_24m,natural_breaks,Absolute Mortality,WUE,Low,30,-0.03505,60,0.1618,0.2275,ns
M3vsM4_24m,natural_breaks,Absolute Mortality,uWUE,Low,30,-0.06448,76.7,0.003113,0.02802,*
M3vsM4_24m,natural_breaks,Relative Mortality,ETmax,High,26,0.00094,34.6,0.8735,0.942,ns
M3vsM4_24m,natural_breaks,Relative Mortality,GPPsat,High,26,-0.56961,76.9,0.001894,0.0213,*
M3vsM4_24m,natural_breaks,Relative Mortality,NEPmax,High,26,-0.65341,69.2,0.06066,0.1137,ns
M3vsM4_24m,natural_breaks,Relative Mortality,WUE,High,26,-0.12744,65.4,0.01864,0.05992,ns
M3vsM4_24m,natural_breaks,Relative Mortality,uWUE,High,26,-0.01091,53.8,0.2627,0.3378,ns
M3vsM4_24m,natural_breaks,Relative Mortality,ETmax,Mid,32,6e-05,50,0.5484,0.6327,ns
M3vsM4_24m,natural_breaks,Relative Mortality,GPPsat,Mid,32,-0.61029,62.5,0.04898,0.1102,ns
M3vsM4_24m,natural_breaks,Relative Mortality,NEPmax,Mid,32,-0.89569,65.6,0.05289,0.1133,ns
M3vsM4_24m,natural_breaks,Relative Mortality,WUE,Mid,32,-0.03938,56.2,0.1213,0.1882,ns
M3vsM4_24m,natural_breaks,Relative Mortality,uWUE,Mid,32,-0.01591,56.2,0.1175,0.1882,ns
M3vsM4_24m,natural_breaks,Relative Mortality,ETmax,Low,35,0.00031,42.9,0.9063,0.9485,ns
M3vsM4_24m,natural_breaks,Relative Mortality,GPPsat,Low,35,-0.52805,62.9,0.005694,0.03258,*
M3vsM4_24m,natural_breaks,Relative Mortality,NEPmax,Low,35,-1.00356,62.9,0.001475,0.0213,*
M3vsM4_24m,natural_breaks,Relative Mortality,WUE,Low,35,-0.03519,60,0.05888,0.1137,ns
M3vsM4_24m,natural_breaks,Relative Mortality,uWUE,Low,35,-0.06321,74.3,0.004944,0.03258,*
M3vsM4_24m,natural_breaks,Relative Disturbance,ETmax,Mid,35,0.00025,48.6,0.4511,0.5487,ns
M3vsM4_24m,natural_breaks,Relative Disturbance,GPPsat,Mid,35,-0.52805,65.7,0.0224,0.06721,ns
M3vsM4_24m,natural_breaks,Relative Disturbance,NEPmax,Mid,35,-1.00356,62.9,0.04348,0.103,ns
M3vsM4_24m,natural_breaks,Relative Disturbance,WUE,Mid,35,-0.05515,62.9,0.05888,0.1137,ns
M3vsM4_24m,natural_breaks,Relative Disturbance,uWUE,Mid,35,-0.03029,60,0.06488,0.1168,ns
M3vsM4_24m,natural_breaks,Relative Disturbance,ETmax,Low,35,0.00031,42.9,0.9484,0.9619,ns
M3vsM4_24m,natural_breaks,Relative Disturbance,GPPsat,Low,35,-0.26215,54.3,0.04199,0.103,ns
M3vsM4_24m,natural_breaks,Relative Disturbance,NEPmax,Low,35,-0.81667,60,0.01165,0.04368,*
M3vsM4_24m,natural_breaks,Relative Disturbance,WUE,Low,35,-0.03492,57.1,0.08317,0.1386,ns
M3vsM4_24m,natural_breaks,Relative Disturbance,uWUE,Low,35,-0.06321,71.4,0.01563,0.05409,ns
M3vsM4_24m,natural_breaks,Relative Disturbance,ETmax,High,23,0.00098,34.8,0.8792,0.942,ns
M3vsM4_24m,natural_breaks,Relative Disturbance,GPPsat,High,23,-0.87802,87,0.0008221,0.0185,*
M3vsM4_24m,natural_breaks,Relative Disturbance,NEPmax,High,23,-0.95575,78.3,0.007175,0.03258,*
M3vsM4_24m,natural_breaks,Relative Disturbance,WUE,High,23,-0.1304,60.9,0.0376,0.1008,ns
M3vsM4_24m,natural_breaks,Relative Disturbance,uWUE,High,23,-0.00689,52.2,0.2973,0.3716,ns
M5vsM6_raw_12m,tertiles,Absolute Mortality,ETmax,High,31,-0.00017,51.6,0.4571,0.6856,ns
M5vsM6_raw_12m,tertiles,Absolute Mortality,GPPsat,High,31,-0.10152,51.6,0.1384,0.6583,ns
M5vsM6_raw_12m,tertiles,Absolute Mortality,NEPmax,High,31,-0.07251,51.6,0.3368,0.6721,ns
M5vsM6_raw_12m,tertiles,Absolute Mortality,WUE,High,31,-0.02146,54.8,0.09296,0.6583,ns
M5vsM6_raw_12m,tertiles,Absolute Mortality,uWUE,High,31,0.01259,45.2,0.824,0.8428,ns
M5vsM6_raw_12m,tertiles,Absolute Mortality,ETmax,Mid,31,-0.00023,51.6,0.166,0.6583,ns
M5vsM6_raw_12m,tertiles,Absolute Mortality,GPPsat,Mid,31,-0.02284,51.6,0.3732,0.6721,ns
M5vsM6_raw_12m,tertiles,Absolute Mortality,NEPmax,Mid,31,-0.08985,58.1,0.3226,0.6721,ns
M5vsM6_raw_12m,tertiles,Absolute Mortality,WUE,Mid,31,-0.03244,58.1,0.1341,0.6583,ns
M5vsM6_raw_12m,tertiles,Absolute Mortality,uWUE,Mid,31,0.00702,45.2,0.7975,0.8404,ns
M5vsM6_raw_12m,tertiles,Absolute Mortality,ETmax,Low,31,-0.00062,58.1,0.1916,0.6583,ns
M5vsM6_raw_12m,tertiles,Absolute Mortality,GPPsat,Low,31,0.10959,45.2,0.6342,0.7486,ns
M5vsM6_raw_12m,tertiles,Absolute Mortality,NEPmax,Low,31,-0.09068,54.8,0.4571,0.6856,ns
M5vsM6_raw_12m,tertiles,Absolute Mortality,WUE,Low,31,-0.00539,58.1,0.4805,0.6974,ns
M5vsM6_raw_12m,tertiles,Absolute Mortality,uWUE,Low,31,0.00685,48.4,0.3732,0.6721,ns
M5vsM6_raw_12m,tertiles,Relative Mortality,ETmax,High,31,0.00059,48.4,0.6488,0.7486,ns
M5vsM6_raw_12m,tertiles,Relative Mortality,GPPsat,High,31,0.06744,45.2,0.208,0.6583,ns
M5vsM6_raw_12m,tertiles,Relative Mortality,NEPmax,High,31,0.00924,48.4,0.5273,0.7165,ns
M5vsM6_raw_12m,tertiles,Relative Mortality,WUE,High,31,-0.01528,51.6,0.2495,0.6721,ns
M5vsM6_raw_12m,tertiles,Relative Mortality,uWUE,High,31,-0.00097,51.6,0.7863,0.8404,ns
M5vsM6_raw_12m,tertiles,Relative Mortality,ETmax,Mid,31,-0.00135,61.3,0.006959,0.3132,ns
M5vsM6_raw_12m,tertiles,Relative Mortality,GPPsat,Mid,31,0.00245,48.4,0.5738,0.7165,ns
M5vsM6_raw_12m,tertiles,Relative Mortality,NEPmax,Mid,31,-0.09068,54.8,0.5738,0.7165,ns
M5vsM6_raw_12m,tertiles,Relative Mortality,WUE,Mid,31,-0.02146,58.1,0.1709,0.6583,ns
M5vsM6_raw_12m,tertiles,Relative Mortality,uWUE,Mid,31,0.01839,41.9,0.6982,0.7855,ns
M5vsM6_raw_12m,tertiles,Relative Mortality,ETmax,Low,31,-0.00023,51.6,0.5584,0.7165,ns
M5vsM6_raw_12m,tertiles,Relative Mortality,GPPsat,Low,31,-0.20884,54.8,0.3086,0.6721,ns
M5vsM6_raw_12m,tertiles,Relative Mortality,NEPmax,Low,31,-0.12442,61.3,0.166,0.6583,ns
M5vsM6_raw_12m,tertiles,Relative Mortality,WUE,Low,31,-0.01932,61.3,0.2194,0.6583,ns
M5vsM6_raw_12m,tertiles,Relative Mortality,uWUE,Low,31,0.00685,45.2,0.4339,0.6856,ns
M5vsM6_raw_12m,tertiles,Relative Disturbance,ETmax,High,31,-0.00017,54.8,0.3807,0.6721,ns
M5vsM6_raw_12m,tertiles,Relative Disturbance,GPPsat,High,31,0.20526,41.9,0.3512,0.6721,ns
M5vsM6_raw_12m,tertiles,Relative Disturbance,NEPmax,High,31,0.00924,48.4,0.4032,0.6721,ns
M5vsM6_raw_12m,tertiles,Relative Disturbance,WUE,High,31,0.00067,48.4,0.3807,0.6721,ns
M5vsM6_raw_12m,tertiles,Relative Disturbance,uWUE,High,31,0.01393,41.9,0.9305,0.9305,ns
M5vsM6_raw_12m,tertiles,Relative Disturbance,ETmax,Mid,31,-2e-04,51.6,0.1067,0.6583,ns
M5vsM6_raw_12m,tertiles,Relative Disturbance,GPPsat,Mid,31,-0.06415,58.1,0.1141,0.6583,ns
M5vsM6_raw_12m,tertiles,Relative Disturbance,NEPmax,Mid,31,-0.07251,54.8,0.5892,0.7165,ns
M5vsM6_raw_12m,tertiles,Relative Disturbance,WUE,Mid,31,-0.03674,64.5,0.05297,0.6583,ns
M5vsM6_raw_12m,tertiles,Relative Disturbance,uWUE,Mid,31,-0.00941,61.3,0.1612,0.6583,ns
M5vsM6_raw_12m,tertiles,Relative Disturbance,ETmax,Low,31,-3e-04,54.8,0.3585,0.6721,ns
M5vsM6_raw_12m,tertiles,Relative Disturbance,GPPsat,Low,31,0.10959,48.4,0.5351,0.7165,ns
M5vsM6_raw_12m,tertiles,Relative Disturbance,NEPmax,Low,31,-0.12442,61.3,0.176,0.6583,ns
M5vsM6_raw_12m,tertiles,Relative Disturbance,WUE,Low,31,-0.01586,58.1,0.3957,0.6721,ns
M5vsM6_raw_12m,tertiles,Relative Disturbance,uWUE,Low,31,0.01307,35.5,0.803,0.8404,ns
M5vsM6_raw_12m,equal_width,Absolute Mortality,ETmax,Mid,35,2e-05,48.6,0.4125,0.5553,ns
M5vsM6_raw_12m,equal_width,Absolute Mortality,GPPsat,Mid,35,0.06744,42.9,0.6913,0.7805,ns
M5vsM6_raw_12m,equal_width,Absolute Mortality,NEPmax,Mid,35,0.01539,48.6,0.6498,0.7582,ns
M5vsM6_raw_12m,equal_width,Absolute Mortality,WUE,Mid,35,-0.02146,54.3,0.1649,0.5553,ns
M5vsM6_raw_12m,equal_width,Absolute Mortality,uWUE,Mid,35,0.01839,37.1,0.9595,0.9595,ns
M5vsM6_raw_12m,equal_width,Absolute Mortality,ETmax,Low,53,-0.00091,58.5,0.09657,0.5553,ns
M5vsM6_raw_12m,equal_width,Absolute Mortality,GPPsat,Low,53,-0.04329,50.9,0.2339,0.5553,ns
M5vsM6_raw_12m,equal_width,Absolute Mortality,NEPmax,Low,53,-0.09068,56.6,0.2505,0.5553,ns
M5vsM6_raw_12m,equal_width,Absolute Mortality,WUE,Low,53,-0.02282,62.3,0.1481,0.5553,ns
M5vsM6_raw_12m,equal_width,Absolute Mortality,uWUE,Low,53,0.00261,49.1,0.4472,0.5797,ns
M5vsM6_raw_12m,equal_width,Absolute Mortality,ETmax,High,5,0.00092,40,,,""
M5vsM6_raw_12m,equal_width,Absolute Mortality,GPPsat,High,5,-0.55799,80,,,""
M5vsM6_raw_12m,equal_width,Absolute Mortality,NEPmax,High,5,-0.53364,80,,,""
M5vsM6_raw_12m,equal_width,Absolute Mortality,WUE,High,5,0.00361,20,,,""
M5vsM6_raw_12m,equal_width,Absolute Mortality,uWUE,High,5,-0.02138,80,,,""
M5vsM6_raw_12m,equal_width,Relative Mortality,ETmax,Mid,33,-0.00015,51.5,0.334,0.5553,ns
M5vsM6_raw_12m,equal_width,Relative Mortality,GPPsat,Mid,33,0.06555,45.5,0.2898,0.5553,ns
M5vsM6_raw_12m,equal_width,Relative Mortality,NEPmax,Mid,33,-0.07251,54.5,0.3807,0.5553,ns
M5vsM6_raw_12m,equal_width,Relative Mortality,WUE,Mid,33,-0.03569,57.6,0.2543,0.5553,ns
M5vsM6_raw_12m,equal_width,Relative Mortality,uWUE,Mid,33,0.01385,48.5,0.8977,0.9488,ns
M5vsM6_raw_12m,equal_width,Relative Mortality,ETmax,Low,53,-0.00091,56.6,0.07205,0.5553,ns
M5vsM6_raw_12m,equal_width,Relative Mortality,GPPsat,Low,53,-0.04329,52.8,0.3616,0.5553,ns
M5vsM6_raw_12m,equal_width,Relative Mortality,NEPmax,Low,53,-0.09213,56.6,0.3387,0.5553,ns
M5vsM6_raw_12m,equal_width,Relative Mortality,WUE,Low,53,-0.01932,58.5,0.1856,0.5553,ns
M5vsM6_raw_12m,equal_width,Relative Mortality,uWUE,Low,53,0.00787,43.4,0.5388,0.6503,ns
M5vsM6_raw_12m,equal_width,Relative Mortality,ETmax,High,7,0.00168,42.9,0.7229,0.7907,ns
M5vsM6_raw_12m,equal_width,Relative Mortality,GPPsat,High,7,0.32878,42.9,0.3363,0.5553,ns
M5vsM6_raw_12m,equal_width,Relative Mortality,NEPmax,High,7,0.14921,42.9,0.3999,0.5553,ns
M5vsM6_raw_12m,equal_width,Relative Mortality,WUE,High,7,0.00067,42.9,0.2771,0.5553,ns
M5vsM6_raw_12m,equal_width,Relative Mortality,uWUE,High,7,-0.02138,57.1,0.3999,0.5553,ns
M5vsM6_raw_12m,equal_width,Relative Disturbance,ETmax,Mid,35,-2e-04,57.1,0.09095,0.5553,ns
M5vsM6_raw_12m,equal_width,Relative Disturbance,GPPsat,Mid,35,0.06744,45.7,0.4125,0.5553,ns
M5vsM6_raw_12m,equal_width,Relative Disturbance,NEPmax,Mid,35,-0.08985,57.1,0.2973,0.5553,ns
M5vsM6_raw_12m,equal_width,Relative Disturbance,WUE,Mid,35,-0.03074,54.3,0.2381,0.5553,ns
M5vsM6_raw_12m,equal_width,Relative Disturbance,uWUE,Mid,35,0.01385,45.7,0.9217,0.9488,ns
M5vsM6_raw_12m,equal_width,Relative Disturbance,ETmax,Low,53,-3e-04,52.8,0.1928,0.5553,ns
M5vsM6_raw_12m,equal_width,Relative Disturbance,GPPsat,Low,53,-0.04329,52.8,0.2648,0.5553,ns
M5vsM6_raw_12m,equal_width,Relative Disturbance,NEPmax,Low,53,-0.12442,56.6,0.329,0.5553,ns
M5vsM6_raw_12m,equal_width,Relative Disturbance,WUE,Low,53,-0.01932,58.5,0.1763,0.5553,ns
M5vsM6_raw_12m,equal_width,Relative Disturbance,uWUE,Low,53,0.00702,45.3,0.4788,0.5985,ns
M5vsM6_raw_12m,equal_width,Relative Disturbance,ETmax,High,5,0.00489,40,,,""
M5vsM6_raw_12m,equal_width,Relative Disturbance,GPPsat,High,5,0.32878,40,,,""
M5vsM6_raw_12m,equal_width,Relative Disturbance,NEPmax,High,5,0.1917,20,,,""
M5vsM6_raw_12m,equal_width,Relative Disturbance,WUE,High,5,-0.05934,60,,,""
M5vsM6_raw_12m,equal_width,Relative Disturbance,uWUE,High,5,-0.02138,60,,,""
M5vsM6_raw_12m,natural_breaks,Absolute Mortality,ETmax,High,20,0.0013,40,0.6929,0.7995,ns
M5vsM6_raw_12m,natural_breaks,Absolute Mortality,GPPsat,High,20,-0.39482,55,0.07532,0.4842,ns
M5vsM6_raw_12m,natural_breaks,Absolute Mortality,NEPmax,High,20,0.17045,45,0.5813,0.7694,ns
M5vsM6_raw_12m,natural_breaks,Absolute Mortality,WUE,High,20,-0.00731,50,0.1802,0.6237,ns
M5vsM6_raw_12m,natural_breaks,Absolute Mortality,uWUE,High,20,-0.00252,55,0.4187,0.74,ns
M5vsM6_raw_12m,natural_breaks,Absolute Mortality,ETmax,Mid,43,-3e-04,58.1,0.06795,0.4842,ns
M5vsM6_raw_12m,natural_breaks,Absolute Mortality,GPPsat,Mid,43,-0.02284,51.2,0.3929,0.74,ns
M5vsM6_raw_12m,natural_breaks,Absolute Mortality,NEPmax,Mid,43,-0.08985,60.5,0.1454,0.6036,ns
M5vsM6_raw_12m,natural_breaks,Absolute Mortality,WUE,Mid,43,-0.03074,58.1,0.1125,0.6036,ns
M5vsM6_raw_12m,natural_breaks,Absolute Mortality,uWUE,Mid,43,0.01839,39.5,0.9452,0.9452,ns
M5vsM6_raw_12m,natural_breaks,Absolute Mortality,ETmax,Low,30,-8e-04,56.7,0.1995,0.6413,ns
M5vsM6_raw_12m,natural_breaks,Absolute Mortality,GPPsat,Low,30,0.14491,43.3,0.6671,0.79,ns
M5vsM6_raw_12m,natural_breaks,Absolute Mortality,NEPmax,Low,30,-0.0914,53.3,0.4672,0.74,ns
M5vsM6_raw_12m,natural_breaks,Absolute Mortality,WUE,Low,30,-0.01062,60,0.459,0.74,ns
M5vsM6_raw_12m,natural_breaks,Absolute Mortality,uWUE,Low,30,-0.00273,50,0.3255,0.74,ns
M5vsM6_raw_12m,natural_breaks,Relative Mortality,ETmax,High,26,-0.00016,53.8,0.4696,0.74,ns
M5vsM6_raw_12m,natural_breaks,Relative Mortality,GPPsat,High,26,0.0665,46.2,0.161,0.6036,ns
M5vsM6_raw_12m,natural_breaks,Relative Mortality,NEPmax,High,26,-0.0403,50,0.4195,0.74,ns
M5vsM6_raw_12m,natural_breaks,Relative Mortality,WUE,High,26,0.00382,42.3,0.5,0.74,ns
M5vsM6_raw_12m,natural_breaks,Relative Mortality,uWUE,High,26,0.01303,46.2,0.8511,0.8862,ns
M5vsM6_raw_12m,natural_breaks,Relative Mortality,ETmax,Mid,32,-0.00048,56.2,0.05494,0.4842,ns
M5vsM6_raw_12m,natural_breaks,Relative Mortality,GPPsat,Mid,32,0.01595,46.9,0.6353,0.7896,ns
M5vsM6_raw_12m,natural_breaks,Relative Mortality,NEPmax,Mid,32,-0.04242,53.1,0.6493,0.7896,ns
M5vsM6_raw_12m,natural_breaks,Relative Mortality,WUE,Mid,32,-0.03459,68.8,0.03011,0.4842,ns
M5vsM6_raw_12m,natural_breaks,Relative Mortality,uWUE,Mid,32,0.0044,50,0.614,0.7895,ns
M5vsM6_raw_12m,natural_breaks,Relative Mortality,ETmax,Low,35,-0.00023,51.4,0.4061,0.74,ns
M5vsM6_raw_12m,natural_breaks,Relative Mortality,GPPsat,Low,35,-0.20884,54.3,0.2805,0.74,ns
M5vsM6_raw_12m,natural_breaks,Relative Mortality,NEPmax,Low,35,-0.12442,60,0.1569,0.6036,ns
M5vsM6_raw_12m,natural_breaks,Relative Mortality,WUE,Low,35,-0.01586,57.1,0.3502,0.74,ns
M5vsM6_raw_12m,natural_breaks,Relative Mortality,uWUE,Low,35,0.00702,42.9,0.5098,0.74,ns
M5vsM6_raw_12m,natural_breaks,Relative Disturbance,ETmax,Mid,35,-0.00047,54.3,0.05158,0.4842,ns
M5vsM6_raw_12m,natural_breaks,Relative Disturbance,GPPsat,Mid,35,-0.23379,57.1,0.06488,0.4842,ns
M5vsM6_raw_12m,natural_breaks,Relative Disturbance,NEPmax,Mid,35,0.01539,48.6,0.7913,0.8626,ns
M5vsM6_raw_12m,natural_breaks,Relative Disturbance,WUE,Mid,35,-0.04315,68.6,0.02329,0.4842,ns
M5vsM6_raw_12m,natural_breaks,Relative Disturbance,uWUE,Mid,35,-0.00941,57.1,0.3441,0.74,ns
M5vsM6_raw_12m,natural_breaks,Relative Disturbance,ETmax,Low,35,-0.00023,51.4,0.4446,0.74,ns
M5vsM6_raw_12m,natural_breaks,Relative Disturbance,GPPsat,Low,35,-0.02284,51.4,0.5683,0.7694,ns
M5vsM6_raw_12m,natural_breaks,Relative Disturbance,NEPmax,Low,35,-0.20821,62.9,0.1241,0.6036,ns
M5vsM6_raw_12m,natural_breaks,Relative Disturbance,WUE,Low,35,-0.01932,60,0.2588,0.7279,ns
M5vsM6_raw_12m,natural_breaks,Relative Disturbance,uWUE,Low,35,0.00787,40,0.8051,0.8626,ns
M5vsM6_raw_12m,natural_breaks,Relative Disturbance,ETmax,High,23,-0.00017,56.5,0.4818,0.74,ns
M5vsM6_raw_12m,natural_breaks,Relative Disturbance,GPPsat,High,23,0.29029,34.8,0.5303,0.7457,ns
M5vsM6_raw_12m,natural_breaks,Relative Disturbance,NEPmax,High,23,-0.11385,52.2,0.2374,0.7121,ns
M5vsM6_raw_12m,natural_breaks,Relative Disturbance,WUE,High,23,0.00846,34.8,0.7626,0.8579,ns
M5vsM6_raw_12m,natural_breaks,Relative Disturbance,uWUE,High,23,0.01393,39.1,0.8665,0.8862,ns
M5vsM6_raw_24m,tertiles,Absolute Mortality,ETmax,High,31,-0.00058,64.5,0.03648,0.564,ns
M5vsM6_raw_24m,tertiles,Absolute Mortality,GPPsat,High,31,-0.04197,51.6,0.4262,0.564,ns
M5vsM6_raw_24m,tertiles,Absolute Mortality,NEPmax,High,31,-0.15004,64.5,0.1341,0.564,ns
M5vsM6_raw_24m,tertiles,Absolute Mortality,WUE,High,31,-0.01707,51.6,0.1564,0.564,ns
M5vsM6_raw_24m,tertiles,Absolute Mortality,uWUE,High,31,-0.00246,51.6,0.3296,0.564,ns
M5vsM6_raw_24m,tertiles,Absolute Mortality,ETmax,Mid,31,-0.00074,54.8,0.4805,0.569,ns
M5vsM6_raw_24m,tertiles,Absolute Mortality,GPPsat,Mid,31,0.03702,45.2,0.7505,0.8041,ns
M5vsM6_raw_24m,tertiles,Absolute Mortality,NEPmax,Mid,31,-0.18636,61.3,0.295,0.564,ns
M5vsM6_raw_24m,tertiles,Absolute Mortality,WUE,Mid,31,-0.00563,54.8,0.3018,0.564,ns
M5vsM6_raw_24m,tertiles,Absolute Mortality,uWUE,Mid,31,-0.00625,51.6,0.2621,0.564,ns
M5vsM6_raw_24m,tertiles,Absolute Mortality,ETmax,Low,31,-7e-05,51.6,0.6632,0.7461,ns
M5vsM6_raw_24m,tertiles,Absolute Mortality,GPPsat,Low,31,-0.0375,54.8,0.4649,0.569,ns
M5vsM6_raw_24m,tertiles,Absolute Mortality,NEPmax,Low,31,-0.09878,54.8,0.2372,0.564,ns
M5vsM6_raw_24m,tertiles,Absolute Mortality,WUE,Low,31,-0.01237,58.1,0.295,0.564,ns
M5vsM6_raw_24m,tertiles,Absolute Mortality,uWUE,Low,31,-0.00378,51.6,0.2621,0.564,ns
M5vsM6_raw_24m,tertiles,Relative Mortality,ETmax,High,31,3e-05,48.4,0.4805,0.569,ns
M5vsM6_raw_24m,tertiles,Relative Mortality,GPPsat,High,31,0.01206,48.4,0.4262,0.564,ns
M5vsM6_raw_24m,tertiles,Relative Mortality,NEPmax,High,31,-0.14015,61.3,0.2137,0.564,ns
M5vsM6_raw_24m,tertiles,Relative Mortality,WUE,High,31,0.00065,48.4,0.3156,0.564,ns
M5vsM6_raw_24m,tertiles,Relative Mortality,uWUE,High,31,0.00377,48.4,0.3807,0.564,ns
M5vsM6_raw_24m,tertiles,Relative Mortality,ETmax,Mid,31,-0.00144,74.2,0.02029,0.564,ns
M5vsM6_raw_24m,tertiles,Relative Mortality,GPPsat,Mid,31,0.0732,41.9,0.9278,0.9278,ns
M5vsM6_raw_24m,tertiles,Relative Mortality,NEPmax,Mid,31,-0.01665,51.6,0.3658,0.564,ns
M5vsM6_raw_24m,tertiles,Relative Mortality,WUE,Mid,31,-0.00563,51.6,0.3658,0.564,ns
M5vsM6_raw_24m,tertiles,Relative Mortality,uWUE,Mid,31,0.00542,48.4,0.4032,0.564,ns
M5vsM6_raw_24m,tertiles,Relative Mortality,ETmax,Low,31,8e-05,48.4,0.7688,0.8045,ns
M5vsM6_raw_24m,tertiles,Relative Mortality,GPPsat,Low,31,-0.11079,61.3,0.1709,0.564,ns
M5vsM6_raw_24m,tertiles,Relative Mortality,NEPmax,Low,31,-0.15934,67.7,0.07215,0.564,ns
M5vsM6_raw_24m,tertiles,Relative Mortality,WUE,Low,31,-0.01237,64.5,0.08974,0.564,ns
M5vsM6_raw_24m,tertiles,Relative Mortality,uWUE,Low,31,-0.00625,58.1,0.1067,0.564,ns
M5vsM6_raw_24m,tertiles,Relative Disturbance,ETmax,High,31,-4e-05,51.6,0.4032,0.564,ns
M5vsM6_raw_24m,tertiles,Relative Disturbance,GPPsat,High,31,0.01742,45.2,0.5815,0.671,ns
M5vsM6_raw_24m,tertiles,Relative Disturbance,NEPmax,High,31,-0.18661,64.5,0.1428,0.564,ns
M5vsM6_raw_24m,tertiles,Relative Disturbance,WUE,High,31,0.00065,48.4,0.3807,0.564,ns
M5vsM6_raw_24m,tertiles,Relative Disturbance,uWUE,High,31,0.00377,48.4,0.4493,0.569,ns
M5vsM6_raw_24m,tertiles,Relative Disturbance,ETmax,Mid,31,-0.00098,71,0.06692,0.564,ns
M5vsM6_raw_24m,tertiles,Relative Disturbance,GPPsat,Mid,31,0.0732,41.9,0.824,0.8428,ns
M5vsM6_raw_24m,tertiles,Relative Disturbance,NEPmax,Mid,31,-0.01665,51.6,0.2883,0.564,ns
M5vsM6_raw_24m,tertiles,Relative Disturbance,WUE,Mid,31,-0.02575,54.8,0.07488,0.564,ns
M5vsM6_raw_24m,tertiles,Relative Disturbance,uWUE,Mid,31,-0.01872,54.8,0.1067,0.564,ns
M5vsM6_raw_24m,tertiles,Relative Disturbance,ETmax,Low,31,8e-05,48.4,0.6982,0.7663,ns
M5vsM6_raw_24m,tertiles,Relative Disturbance,GPPsat,Low,31,-0.11919,64.5,0.2312,0.564,ns
M5vsM6_raw_24m,tertiles,Relative Disturbance,NEPmax,Low,31,-0.14801,64.5,0.1709,0.564,ns
M5vsM6_raw_24m,tertiles,Relative Disturbance,WUE,Low,31,-0.0117,61.3,0.3018,0.564,ns
M5vsM6_raw_24m,tertiles,Relative Disturbance,uWUE,Low,31,-0.00378,51.6,0.3585,0.564,ns
M5vsM6_raw_24m,equal_width,Absolute Mortality,ETmax,Mid,35,-0.00078,62.9,0.0759,0.45,ns
M5vsM6_raw_24m,equal_width,Absolute Mortality,GPPsat,Mid,35,0.01742,45.7,0.7305,0.7519,ns
M5vsM6_raw_24m,equal_width,Absolute Mortality,NEPmax,Mid,35,-0.14813,57.1,0.4641,0.5801,ns
M5vsM6_raw_24m,equal_width,Absolute Mortality,WUE,Mid,35,0.00835,45.7,0.4189,0.5682,ns
M5vsM6_raw_24m,equal_width,Absolute Mortality,uWUE,Mid,35,-0.00246,51.4,0.3685,0.5682,ns
M5vsM6_raw_24m,equal_width,Absolute Mortality,ETmax,Low,53,-9e-05,52.8,0.5563,0.649,ns
M5vsM6_raw_24m,equal_width,Absolute Mortality,GPPsat,Low,53,-0.0375,52.8,0.3851,0.5682,ns
M5vsM6_raw_24m,equal_width,Absolute Mortality,NEPmax,Low,53,-0.14801,60.4,0.05074,0.45,ns
M5vsM6_raw_24m,equal_width,Absolute Mortality,WUE,Low,53,-0.01193,58.5,0.1543,0.491,ns
M5vsM6_raw_24m,equal_width,Absolute Mortality,uWUE,Low,53,-0.00378,50.9,0.2591,0.5682,ns
M5vsM6_raw_24m,equal_width,Absolute Mortality,ETmax,High,5,-0.00058,60,,,""
M5vsM6_raw_24m,equal_width,Absolute Mortality,GPPsat,High,5,-0.04197,60,,,""
M5vsM6_raw_24m,equal_width,Absolute Mortality,NEPmax,High,5,-0.11901,80,,,""
M5vsM6_raw_24m,equal_width,Absolute Mortality,WUE,High,5,-0.02654,80,,,""
M5vsM6_raw_24m,equal_width,Absolute Mortality,uWUE,High,5,-0.05851,60,,,""
M5vsM6_raw_24m,equal_width,Relative Mortality,ETmax,Mid,33,-4e-05,51.5,0.3739,0.5682,ns
M5vsM6_raw_24m,equal_width,Relative Mortality,GPPsat,Mid,33,-0.04228,51.5,0.4151,0.5682,ns
M5vsM6_raw_24m,equal_width,Relative Mortality,NEPmax,Mid,33,-0.15004,57.6,0.4221,0.5682,ns
M5vsM6_raw_24m,equal_width,Relative Mortality,WUE,Mid,33,0.00065,48.5,0.3022,0.5682,ns
M5vsM6_raw_24m,equal_width,Relative Mortality,uWUE,Mid,33,0.01223,42.4,0.6529,0.7141,ns
M5vsM6_raw_24m,equal_width,Relative Mortality,ETmax,Low,53,-0.00081,58.5,0.365,0.5682,ns
M5vsM6_raw_24m,equal_width,Relative Mortality,GPPsat,Low,53,-0.01979,50.9,0.5772,0.6517,ns
M5vsM6_raw_24m,equal_width,Relative Mortality,NEPmax,Low,53,-0.14801,60.4,0.07451,0.45,ns
M5vsM6_raw_24m,equal_width,Relative Mortality,WUE,Low,53,-0.00598,56.6,0.2259,0.5682,ns
M5vsM6_raw_24m,equal_width,Relative Mortality,uWUE,Low,53,-0.00788,56.6,0.08639,0.45,ns
M5vsM6_raw_24m,equal_width,Relative Mortality,ETmax,High,7,-0.00078,71.4,0.1024,0.45,ns
M5vsM6_raw_24m,equal_width,Relative Mortality,GPPsat,High,7,0.16501,42.9,0.7766,0.7766,ns
M5vsM6_raw_24m,equal_width,Relative Mortality,NEPmax,High,7,-0.14015,71.4,0.1024,0.45,ns
M5vsM6_raw_24m,equal_width,Relative Mortality,WUE,High,7,-0.02654,71.4,0.07539,0.45,ns
M5vsM6_raw_24m,equal_width,Relative Mortality,uWUE,High,7,-0.04027,57.1,0.2234,0.5682,ns
M5vsM6_raw_24m,equal_width,Relative Disturbance,ETmax,Mid,35,-0.00042,54.3,0.2805,0.5682,ns
M5vsM6_raw_24m,equal_width,Relative Disturbance,GPPsat,Mid,35,0.01206,48.6,0.7084,0.7513,ns
M5vsM6_raw_24m,equal_width,Relative Disturbance,NEPmax,Mid,35,-0.18156,60,0.275,0.5682,ns
M5vsM6_raw_24m,equal_width,Relative Disturbance,WUE,Mid,35,0.00065,48.6,0.3935,0.5682,ns
M5vsM6_raw_24m,equal_width,Relative Disturbance,uWUE,Mid,35,0.00561,45.7,0.5424,0.649,ns
M5vsM6_raw_24m,equal_width,Relative Disturbance,ETmax,Low,53,-0.00043,56.6,0.4055,0.5682,ns
M5vsM6_raw_24m,equal_width,Relative Disturbance,GPPsat,Low,53,-0.0375,50.9,0.4612,0.5801,ns
M5vsM6_raw_24m,equal_width,Relative Disturbance,NEPmax,Low,53,-0.14801,60.4,0.1092,0.45,ns
M5vsM6_raw_24m,equal_width,Relative Disturbance,WUE,Low,53,-0.0117,58.5,0.1178,0.45,ns
M5vsM6_raw_24m,equal_width,Relative Disturbance,uWUE,Low,53,-0.00625,54.7,0.1286,0.45,ns
M5vsM6_raw_24m,equal_width,Relative Disturbance,ETmax,High,5,-0.00078,80,,,""
M5vsM6_raw_24m,equal_width,Relative Disturbance,GPPsat,High,5,-0.04197,60,,,""
M5vsM6_raw_24m,equal_width,Relative Disturbance,NEPmax,High,5,-0.14015,60,,,""
M5vsM6_raw_24m,equal_width,Relative Disturbance,WUE,High,5,-0.02263,60,,,""
M5vsM6_raw_24m,equal_width,Relative Disturbance,uWUE,High,5,-0.04027,60,,,""
M5vsM6_raw_24m,natural_breaks,Absolute Mortality,ETmax,High,20,-0.00188,70,0.0229,0.4892,ns
M5vsM6_raw_24m,natural_breaks,Absolute Mortality,GPPsat,High,20,-0.10079,60,0.1354,0.5077,ns
M5vsM6_raw_24m,natural_breaks,Absolute Mortality,NEPmax,High,20,-0.12958,60,0.4041,0.5683,ns
M5vsM6_raw_24m,natural_breaks,Absolute Mortality,WUE,High,20,-0.01985,55,0.1354,0.5077,ns
M5vsM6_raw_24m,natural_breaks,Absolute Mortality,uWUE,High,20,-0.01283,50,0.2005,0.5608,ns
M5vsM6_raw_24m,natural_breaks,Absolute Mortality,ETmax,Mid,43,-0.00042,55.8,0.4305,0.5779,ns
M5vsM6_raw_24m,natural_breaks,Absolute Mortality,GPPsat,Mid,43,0.02043,44.2,0.8654,0.9056,ns
M5vsM6_raw_24m,natural_breaks,Absolute Mortality,NEPmax,Mid,43,-0.18156,65.1,0.08716,0.5077,ns
M5vsM6_raw_24m,natural_breaks,Absolute Mortality,WUE,Mid,43,-0.00555,51.2,0.2997,0.5608,ns
M5vsM6_raw_24m,natural_breaks,Absolute Mortality,uWUE,Mid,43,-0.00246,51.2,0.3745,0.5608,ns
M5vsM6_raw_24m,natural_breaks,Absolute Mortality,ETmax,Low,30,1e-05,50,0.6964,0.7826,ns
M5vsM6_raw_24m,natural_breaks,Absolute Mortality,GPPsat,Low,30,-0.04186,53.3,0.4836,0.5882,ns
M5vsM6_raw_24m,natural_breaks,Absolute Mortality,NEPmax,Low,30,-0.06807,53.3,0.2486,0.5608,ns
M5vsM6_raw_24m,natural_breaks,Absolute Mortality,WUE,Low,30,-0.01473,60,0.2964,0.5608,ns
M5vsM6_raw_24m,natural_breaks,Absolute Mortality,uWUE,Low,30,-0.00383,53.3,0.2422,0.5608,ns
M5vsM6_raw_24m,natural_breaks,Relative Mortality,ETmax,High,26,-4e-05,50,0.4797,0.5882,ns
M5vsM6_raw_24m,natural_breaks,Relative Mortality,GPPsat,High,26,0.02722,46.2,0.3422,0.5608,ns
M5vsM6_raw_24m,natural_breaks,Relative Mortality,NEPmax,High,26,-0.1825,61.5,0.2082,0.5608,ns
M5vsM6_raw_24m,natural_breaks,Relative Mortality,WUE,High,26,-0.00436,50,0.3422,0.5608,ns
M5vsM6_raw_24m,natural_breaks,Relative Mortality,uWUE,High,26,0.008,46.2,0.4495,0.5779,ns
M5vsM6_raw_24m,natural_breaks,Relative Mortality,ETmax,Mid,32,-0.00087,68.8,0.04185,0.4892,ns
M5vsM6_raw_24m,natural_breaks,Relative Mortality,GPPsat,Mid,32,0.0378,43.8,0.9237,0.9237,ns
M5vsM6_raw_24m,natural_breaks,Relative Mortality,NEPmax,Mid,32,-0.06513,53.1,0.3647,0.5608,ns
M5vsM6_raw_24m,natural_breaks,Relative Mortality,WUE,Mid,32,-0.00267,50,0.2842,0.5608,ns
M5vsM6_raw_24m,natural_breaks,Relative Mortality,uWUE,Mid,32,-0.0133,56.2,0.1001,0.5077,ns
M5vsM6_raw_24m,natural_breaks,Relative Mortality,ETmax,Low,35,-7e-05,51.4,0.6438,0.7428,ns
M5vsM6_raw_24m,natural_breaks,Relative Mortality,GPPsat,Low,35,-0.11079,60,0.2087,0.5608,ns
M5vsM6_raw_24m,natural_breaks,Relative Mortality,NEPmax,Low,35,-0.15934,65.7,0.09643,0.5077,ns
M5vsM6_raw_24m,natural_breaks,Relative Mortality,WUE,Low,35,-0.01193,62.9,0.1175,0.5077,ns
M5vsM6_raw_24m,natural_breaks,Relative Mortality,uWUE,Low,35,-0.00378,51.4,0.3441,0.5608,ns
M5vsM6_raw_24m,natural_breaks,Relative Disturbance,ETmax,Mid,35,-0.00098,74.3,0.007848,0.3531,ns
M5vsM6_raw_24m,natural_breaks,Relative Disturbance,GPPsat,Mid,35,0.0732,40,0.9063,0.9237,ns
M5vsM6_raw_24m,natural_breaks,Relative Disturbance,NEPmax,Mid,35,-0.01665,51.4,0.5098,0.6037,ns
M5vsM6_raw_24m,natural_breaks,Relative Disturbance,WUE,Mid,35,-0.02575,57.1,0.04348,0.4892,ns
M5vsM6_raw_24m,natural_breaks,Relative Disturbance,uWUE,Mid,35,-0.00246,51.4,0.233,0.5608,ns
M5vsM6_raw_24m,natural_breaks,Relative Disturbance,ETmax,Low,35,8e-05,48.6,0.7305,0.7826,ns
M5vsM6_raw_24m,natural_breaks,Relative Disturbance,GPPsat,Low,35,-0.11919,62.9,0.2483,0.5608,ns
M5vsM6_raw_24m,natural_breaks,Relative Disturbance,NEPmax,Low,35,-0.14813,65.7,0.1081,0.5077,ns
M5vsM6_raw_24m,natural_breaks,Relative Disturbance,WUE,Low,35,-0.00563,57.1,0.4446,0.5779,ns
M5vsM6_raw_24m,natural_breaks,Relative Disturbance,uWUE,Low,35,-0.00387,54.3,0.2588,0.5608,ns
M5vsM6_raw_24m,natural_breaks,Relative Disturbance,ETmax,High,23,0.00083,43.5,0.7234,0.7826,ns
M5vsM6_raw_24m,natural_breaks,Relative Disturbance,GPPsat,High,23,0.03702,47.8,0.3863,0.5608,ns
M5vsM6_raw_24m,natural_breaks,Relative Disturbance,NEPmax,High,23,-0.22486,65.2,0.06609,0.5077,ns
M5vsM6_raw_24m,natural_breaks,Relative Disturbance,WUE,High,23,0.00835,47.8,0.3863,0.5608,ns
M5vsM6_raw_24m,natural_breaks,Relative Disturbance,uWUE,High,23,0.00377,47.8,0.3863,0.5608,ns
M5vsM6_anom_12m,tertiles,Absolute Mortality,ETmax,High,31,-0.00135,58.1,0.197,0.2333,ns
M5vsM6_anom_12m,tertiles,Absolute Mortality,GPPsat,High,31,-0.68113,64.5,0.07769,0.1345,ns
M5vsM6_anom_12m,tertiles,Absolute Mortality,NEPmax,High,31,-1.34223,74.2,0.007348,0.05082,ns
M5vsM6_anom_12m,tertiles,Absolute Mortality,WUE,High,31,-0.0133,51.6,0.1299,0.2016,ns
M5vsM6_anom_12m,tertiles,Absolute Mortality,uWUE,High,31,-0.01083,54.8,0.1472,0.207,ns
M5vsM6_anom_12m,tertiles,Absolute Mortality,ETmax,Mid,31,-0.00174,61.3,0.2312,0.2601,ns
M5vsM6_anom_12m,tertiles,Absolute Mortality,GPPsat,Mid,31,-1.18927,74.2,0.002778,0.03125,*
M5vsM6_anom_12m,tertiles,Absolute Mortality,NEPmax,Mid,31,-0.97391,61.3,0.02335,0.0618,ns
M5vsM6_anom_12m,tertiles,Absolute Mortality,WUE,Mid,31,-0.05503,74.2,0.008633,0.05082,ns
M5vsM6_anom_12m,tertiles,Absolute Mortality,uWUE,Mid,31,-0.0295,58.1,0.1709,0.2263,ns
M5vsM6_anom_12m,tertiles,Absolute Mortality,ETmax,Low,31,0.00071,48.4,0.7184,0.7347,ns
M5vsM6_anom_12m,tertiles,Absolute Mortality,GPPsat,Low,31,-0.3067,61.3,0.08974,0.1496,ns
M5vsM6_anom_12m,tertiles,Absolute Mortality,NEPmax,Low,31,-0.49931,64.5,0.01674,0.05795,ns
M5vsM6_anom_12m,tertiles,Absolute Mortality,WUE,Low,31,-0.01786,58.1,0.05512,0.1078,ns
M5vsM6_anom_12m,tertiles,Absolute Mortality,uWUE,Low,31,-0.05822,71,0.01242,0.05082,ns
M5vsM6_anom_12m,tertiles,Relative Mortality,ETmax,High,31,-0.00193,67.7,0.0432,0.1023,ns
M5vsM6_anom_12m,tertiles,Relative Mortality,GPPsat,High,31,-0.88497,71,0.02229,0.0618,ns
M5vsM6_anom_12m,tertiles,Relative Mortality,NEPmax,High,31,-0.97391,67.7,0.01122,0.05082,ns
M5vsM6_anom_12m,tertiles,Relative Mortality,WUE,High,31,-0.0133,54.8,0.1709,0.2263,ns
M5vsM6_anom_12m,tertiles,Relative Mortality,uWUE,High,31,-0.01083,54.8,0.197,0.2333,ns
M5vsM6_anom_12m,tertiles,Relative Mortality,ETmax,Mid,31,0.00089,48.4,0.4339,0.4648,ns
M5vsM6_anom_12m,tertiles,Relative Mortality,GPPsat,Mid,31,-0.89043,71,0.01122,0.05082,ns
M5vsM6_anom_12m,tertiles,Relative Mortality,NEPmax,Mid,31,-1.14114,67.7,0.01242,0.05082,ns
M5vsM6_anom_12m,tertiles,Relative Mortality,WUE,Mid,31,-0.0974,74.2,0.001494,0.02242,*
M5vsM6_anom_12m,tertiles,Relative Mortality,uWUE,Mid,31,-0.04764,58.1,0.07769,0.1345,ns
M5vsM6_anom_12m,tertiles,Relative Mortality,ETmax,Low,31,-0.00123,51.6,0.7184,0.7347,ns
M5vsM6_anom_12m,tertiles,Relative Mortality,GPPsat,Low,31,-0.26887,58.1,0.1428,0.207,ns
M5vsM6_anom_12m,tertiles,Relative Mortality,NEPmax,Low,31,-0.49931,64.5,0.02229,0.0618,ns
M5vsM6_anom_12m,tertiles,Relative Mortality,WUE,Low,31,-0.01336,54.8,0.1384,0.207,ns
M5vsM6_anom_12m,tertiles,Relative Mortality,uWUE,Low,31,-0.05822,71,0.02127,0.0618,ns
M5vsM6_anom_12m,tertiles,Relative Disturbance,ETmax,High,31,-0.00174,64.5,0.04692,0.1047,ns
M5vsM6_anom_12m,tertiles,Relative Disturbance,GPPsat,High,31,-0.76197,64.5,0.07215,0.1345,ns
M5vsM6_anom_12m,tertiles,Relative Disturbance,NEPmax,High,31,-1.34223,64.5,0.01444,0.05416,ns
M5vsM6_anom_12m,tertiles,Relative Disturbance,WUE,High,31,-0.00709,51.6,0.1863,0.2329,ns
M5vsM6_anom_12m,tertiles,Relative Disturbance,uWUE,High,31,-0.00851,51.6,0.2025,0.2336,ns
M5vsM6_anom_12m,tertiles,Relative Disturbance,ETmax,Mid,31,-0.00257,54.8,0.3807,0.4178,ns
M5vsM6_anom_12m,tertiles,Relative Disturbance,GPPsat,Mid,31,-1.18927,77.4,0.001082,0.02242,*
M5vsM6_anom_12m,tertiles,Relative Disturbance,NEPmax,Mid,31,-1.14114,71,0.003524,0.03172,*
M5vsM6_anom_12m,tertiles,Relative Disturbance,WUE,Mid,31,-0.07883,77.4,0.0007758,0.02242,*
M5vsM6_anom_12m,tertiles,Relative Disturbance,uWUE,Mid,31,-0.04764,58.1,0.05297,0.1078,ns
M5vsM6_anom_12m,tertiles,Relative Disturbance,ETmax,Low,31,0.00089,48.4,0.7628,0.7628,ns
M5vsM6_anom_12m,tertiles,Relative Disturbance,GPPsat,Low,31,-0.26887,58.1,0.1863,0.2329,ns
M5vsM6_anom_12m,tertiles,Relative Disturbance,NEPmax,Low,31,-0.42498,64.5,0.04887,0.1047,ns
M5vsM6_anom_12m,tertiles,Relative Disturbance,WUE,Low,31,-0.02222,54.8,0.09965,0.1601,ns
M5vsM6_anom_12m,tertiles,Relative Disturbance,uWUE,Low,31,-0.06184,74.2,0.0256,0.06399,ns
M5vsM6_anom_12m,equal_width,Absolute Mortality,ETmax,Mid,35,0.00098,45.7,0.7305,0.7519,ns
M5vsM6_anom_12m,equal_width,Absolute Mortality,GPPsat,Mid,35,-0.68113,68.6,0.04501,0.07878,ns
M5vsM6_anom_12m,equal_width,Absolute Mortality,NEPmax,Mid,35,-0.56937,68.6,0.02926,0.05689,ns
M5vsM6_anom_12m,equal_width,Absolute Mortality,WUE,Mid,35,-0.07883,60,0.03914,0.0721,ns
M5vsM6_anom_12m,equal_width,Absolute Mortality,uWUE,Mid,35,-0.01083,54.3,0.233,0.3137,ns
M5vsM6_anom_12m,equal_width,Absolute Mortality,ETmax,Low,53,-0.00167,60.4,0.2232,0.3125,ns
M5vsM6_anom_12m,equal_width,Absolute Mortality,GPPsat,Low,53,-1.00552,69.8,0.00151,0.01806,*
M5vsM6_anom_12m,equal_width,Absolute Mortality,NEPmax,Low,53,-1.03359,67.9,0.0004094,0.01433,*
M5vsM6_anom_12m,equal_width,Absolute Mortality,WUE,Low,53,-0.04774,66,0.004278,0.01812,*
M5vsM6_anom_12m,equal_width,Absolute Mortality,uWUE,Low,53,-0.05822,69.8,0.002063,0.01806,*
M5vsM6_anom_12m,equal_width,Absolute Mortality,ETmax,High,5,-0.00193,80,,,""
M5vsM6_anom_12m,equal_width,Absolute Mortality,GPPsat,High,5,1.01702,20,,,""
M5vsM6_anom_12m,equal_width,Absolute Mortality,NEPmax,High,5,0.27765,40,,,""
M5vsM6_anom_12m,equal_width,Absolute Mortality,WUE,High,5,0.08631,20,,,""
M5vsM6_anom_12m,equal_width,Absolute Mortality,uWUE,High,5,0.04661,20,,,""
M5vsM6_anom_12m,equal_width,Relative Mortality,ETmax,Mid,33,-0.00135,54.5,0.296,0.37,ns
M5vsM6_anom_12m,equal_width,Relative Mortality,GPPsat,Mid,33,-1.00552,75.8,0.005587,0.01812,*
M5vsM6_anom_12m,equal_width,Relative Mortality,NEPmax,Mid,33,-0.97391,69.7,0.01009,0.02718,*
M5vsM6_anom_12m,equal_width,Relative Mortality,WUE,Mid,33,-0.02328,57.6,0.15,0.2283,ns
M5vsM6_anom_12m,equal_width,Relative Mortality,uWUE,Mid,33,-0.01966,57.6,0.2718,0.3523,ns
M5vsM6_anom_12m,equal_width,Relative Mortality,ETmax,Low,53,-0.00088,52.8,0.6115,0.6486,ns
M5vsM6_anom_12m,equal_width,Relative Mortality,GPPsat,Low,53,-0.63451,64.2,0.02,0.04999,*
M5vsM6_anom_12m,equal_width,Relative Mortality,NEPmax,Low,53,-0.66953,64.2,0.004869,0.01812,*
M5vsM6_anom_12m,equal_width,Relative Mortality,WUE,Low,53,-0.0778,66,0.001951,0.01806,*
M5vsM6_anom_12m,equal_width,Relative Mortality,uWUE,Low,53,-0.05822,66,0.006926,0.0202,*
M5vsM6_anom_12m,equal_width,Relative Mortality,ETmax,High,7,-0.00462,85.7,0.02596,0.0552,ns
M5vsM6_anom_12m,equal_width,Relative Mortality,GPPsat,High,7,0.30521,42.9,0.4663,0.5147,ns
M5vsM6_anom_12m,equal_width,Relative Mortality,NEPmax,High,7,-1.64302,71.4,0.07539,0.1199,ns
M5vsM6_anom_12m,equal_width,Relative Mortality,WUE,High,7,0.04106,42.9,0.3363,0.4059,ns
M5vsM6_anom_12m,equal_width,Relative Mortality,uWUE,High,7,0.00834,42.9,0.3999,0.4666,ns
M5vsM6_anom_12m,equal_width,Relative Disturbance,ETmax,Mid,35,-0.00174,62.9,0.06913,0.1152,ns
M5vsM6_anom_12m,equal_width,Relative Disturbance,GPPsat,Mid,35,-1.00552,74.3,0.005694,0.01812,*
M5vsM6_anom_12m,equal_width,Relative Disturbance,NEPmax,Mid,35,-0.52533,62.9,0.02155,0.05027,ns
M5vsM6_anom_12m,equal_width,Relative Disturbance,WUE,Mid,35,-0.0133,54.3,0.169,0.2464,ns
M5vsM6_anom_12m,equal_width,Relative Disturbance,uWUE,Mid,35,-0.00851,51.4,0.4706,0.5147,ns
M5vsM6_anom_12m,equal_width,Relative Disturbance,ETmax,Low,53,0.00089,49.1,0.812,0.812,ns
M5vsM6_anom_12m,equal_width,Relative Disturbance,GPPsat,Low,53,-0.51228,62.3,0.02681,0.0552,ns
M5vsM6_anom_12m,equal_width,Relative Disturbance,NEPmax,Low,53,-0.66953,66,0.004506,0.01812,*
M5vsM6_anom_12m,equal_width,Relative Disturbance,WUE,Low,53,-0.04864,66,0.004624,0.01812,*
M5vsM6_anom_12m,equal_width,Relative Disturbance,uWUE,Low,53,-0.05822,67.9,0.004061,0.01812,*
M5vsM6_anom_12m,equal_width,Relative Disturbance,ETmax,High,5,-0.00462,80,,,""
M5vsM6_anom_12m,equal_width,Relative Disturbance,GPPsat,High,5,-1.2768,60,,,""
M5vsM6_anom_12m,equal_width,Relative Disturbance,NEPmax,High,5,-2.65334,100,,,""
M5vsM6_anom_12m,equal_width,Relative Disturbance,WUE,High,5,-0.26123,60,,,""
M5vsM6_anom_12m,equal_width,Relative Disturbance,uWUE,High,5,-0.24559,60,,,""
M5vsM6_anom_12m,natural_breaks,Absolute Mortality,ETmax,High,20,-0.00107,55,0.2568,0.2963,ns
M5vsM6_anom_12m,natural_breaks,Absolute Mortality,GPPsat,High,20,-0.34165,60,0.09888,0.1711,ns
M5vsM6_anom_12m,natural_breaks,Absolute Mortality,NEPmax,High,20,-1.0473,70,0.02726,0.07668,ns
M5vsM6_anom_12m,natural_breaks,Absolute Mortality,WUE,High,20,0.00149,50,0.2111,0.2567,ns
M5vsM6_anom_12m,natural_breaks,Absolute Mortality,uWUE,High,20,-0.00967,55,0.1802,0.2278,ns
M5vsM6_anom_12m,natural_breaks,Absolute Mortality,ETmax,Mid,43,-0.00197,62.8,0.1481,0.215,ns
M5vsM6_anom_12m,natural_breaks,Absolute Mortality,GPPsat,Mid,43,-1.00552,74.4,0.003119,0.02339,*
M5vsM6_anom_12m,natural_breaks,Absolute Mortality,NEPmax,Mid,43,-1.03359,67.4,0.007,0.03743,*
M5vsM6_anom_12m,natural_breaks,Absolute Mortality,WUE,Mid,43,-0.05503,67.4,0.007485,0.03743,*
M5vsM6_anom_12m,natural_breaks,Absolute Mortality,uWUE,Mid,43,-0.0295,58.1,0.1538,0.2163,ns
M5vsM6_anom_12m,natural_breaks,Absolute Mortality,ETmax,Low,30,0.00163,46.7,0.7514,0.7684,ns
M5vsM6_anom_12m,natural_breaks,Absolute Mortality,GPPsat,Low,30,-0.28778,60,0.1247,0.187,ns
M5vsM6_anom_12m,natural_breaks,Absolute Mortality,NEPmax,Low,30,-0.46215,63.3,0.02301,0.06904,ns
M5vsM6_anom_12m,natural_breaks,Absolute Mortality,WUE,Low,30,-0.02364,60,0.04994,0.1124,ns
M5vsM6_anom_12m,natural_breaks,Absolute Mortality,uWUE,Low,30,-0.06003,70,0.01387,0.06244,ns
M5vsM6_anom_12m,natural_breaks,Relative Mortality,ETmax,High,26,-0.0017,65.4,0.07036,0.1439,ns
M5vsM6_anom_12m,natural_breaks,Relative Mortality,GPPsat,High,26,-0.82347,65.4,0.07747,0.1497,ns
M5vsM6_anom_12m,natural_breaks,Relative Mortality,NEPmax,High,26,-1.24326,65.4,0.01983,0.06904,ns
M5vsM6_anom_12m,natural_breaks,Relative Mortality,WUE,High,26,-0.0102,53.8,0.1803,0.2278,ns
M5vsM6_anom_12m,natural_breaks,Relative Mortality,uWUE,High,26,-0.00967,53.8,0.1737,0.2278,ns
M5vsM6_anom_12m,natural_breaks,Relative Mortality,ETmax,Mid,32,-0.00227,56.2,0.1822,0.2278,ns
M5vsM6_anom_12m,natural_breaks,Relative Mortality,GPPsat,Mid,32,-1.03985,75,0.002306,0.02339,*
M5vsM6_anom_12m,natural_breaks,Relative Mortality,NEPmax,Mid,32,-1.17094,68.8,0.006613,0.03743,*
M5vsM6_anom_12m,natural_breaks,Relative Mortality,WUE,Mid,32,-0.08761,71.9,0.002907,0.02339,*
M5vsM6_anom_12m,natural_breaks,Relative Mortality,uWUE,Mid,32,-0.05399,59.4,0.1213,0.187,ns
M5vsM6_anom_12m,natural_breaks,Relative Mortality,ETmax,Low,35,0.00089,48.6,0.7959,0.7959,ns
M5vsM6_anom_12m,natural_breaks,Relative Mortality,GPPsat,Low,35,-0.36633,60,0.1208,0.187,ns
M5vsM6_anom_12m,natural_breaks,Relative Mortality,NEPmax,Low,35,-0.56937,65.7,0.02071,0.06904,ns
M5vsM6_anom_12m,natural_breaks,Relative Mortality,WUE,Low,35,-0.02222,57.1,0.08317,0.1497,ns
M5vsM6_anom_12m,natural_breaks,Relative Mortality,uWUE,Low,35,-0.05822,68.6,0.01991,0.06904,ns
M5vsM6_anom_12m,natural_breaks,Relative Disturbance,ETmax,Mid,35,-0.00197,54.3,0.2432,0.288,ns
M5vsM6_anom_12m,natural_breaks,Relative Disturbance,GPPsat,Mid,35,-1.37766,82.9,0.0003386,0.01524,*
M5vsM6_anom_12m,natural_breaks,Relative Disturbance,NEPmax,Mid,35,-1.34223,74.3,0.0009551,0.02149,*
M5vsM6_anom_12m,natural_breaks,Relative Disturbance,WUE,Mid,35,-0.07996,71.4,0.002749,0.02339,*
M5vsM6_anom_12m,natural_breaks,Relative Disturbance,uWUE,Mid,35,-0.06034,60,0.03777,0.08946,ns
M5vsM6_anom_12m,natural_breaks,Relative Disturbance,ETmax,Low,35,-0.00088,51.4,0.7084,0.7413,ns
M5vsM6_anom_12m,natural_breaks,Relative Disturbance,GPPsat,Low,35,-0.16499,54.3,0.2642,0.2972,ns
M5vsM6_anom_12m,natural_breaks,Relative Disturbance,NEPmax,Low,35,-0.35859,60,0.08069,0.1497,ns
M5vsM6_anom_12m,natural_breaks,Relative Disturbance,WUE,Low,35,-0.0403,60,0.03777,0.08946,ns
M5vsM6_anom_12m,natural_breaks,Relative Disturbance,uWUE,Low,35,-0.06184,71.4,0.03151,0.08341,ns
M5vsM6_anom_12m,natural_breaks,Relative Disturbance,ETmax,High,23,-0.00166,65.2,0.06609,0.1416,ns
M5vsM6_anom_12m,natural_breaks,Relative Disturbance,GPPsat,High,23,-0.88497,60.9,0.1148,0.187,ns
M5vsM6_anom_12m,natural_breaks,Relative Disturbance,NEPmax,High,23,-0.97391,65.2,0.02156,0.06904,ns
M5vsM6_anom_12m,natural_breaks,Relative Disturbance,WUE,High,23,0.00436,47.8,0.3519,0.3862,ns
M5vsM6_anom_12m,natural_breaks,Relative Disturbance,uWUE,High,23,0.00834,47.8,0.3863,0.4139,ns
M5vsM6_anom_24m,tertiles,Absolute Mortality,ETmax,High,31,-0.00188,58.1,0.2495,0.2955,ns
M5vsM6_anom_24m,tertiles,Absolute Mortality,GPPsat,High,31,-0.16633,54.8,0.1299,0.1827,ns
M5vsM6_anom_24m,tertiles,Absolute Mortality,NEPmax,High,31,-0.85156,61.3,0.02335,0.07505,ns
M5vsM6_anom_24m,tertiles,Absolute Mortality,WUE,High,31,-0.06342,58.1,0.09296,0.1494,ns
M5vsM6_anom_24m,tertiles,Absolute Mortality,uWUE,High,31,-0.03145,58.1,0.2621,0.3024,ns
M5vsM6_anom_24m,tertiles,Absolute Mortality,ETmax,Mid,31,-0.00075,58.1,0.2312,0.2812,ns
M5vsM6_anom_24m,tertiles,Absolute Mortality,GPPsat,Mid,31,-0.54504,71,0.01181,0.0719,ns
M5vsM6_anom_24m,tertiles,Absolute Mortality,NEPmax,Mid,31,-0.83789,64.5,0.08058,0.1343,ns
M5vsM6_anom_24m,tertiles,Absolute Mortality,WUE,Mid,31,-0.06263,61.3,0.03807,0.0921,ns
M5vsM6_anom_24m,tertiles,Absolute Mortality,uWUE,Mid,31,-0.03688,61.3,0.05963,0.1118,ns
M5vsM6_anom_24m,tertiles,Absolute Mortality,ETmax,Low,31,0.0011,48.4,0.5968,0.6103,ns
M5vsM6_anom_24m,tertiles,Absolute Mortality,GPPsat,Low,31,-0.91668,64.5,0.01518,0.0719,ns
M5vsM6_anom_24m,tertiles,Absolute Mortality,NEPmax,Low,31,-1.35255,77.4,0.002615,0.0719,ns
M5vsM6_anom_24m,tertiles,Absolute Mortality,WUE,Low,31,-0.08545,64.5,0.04143,0.0921,ns
M5vsM6_anom_24m,tertiles,Absolute Mortality,uWUE,Low,31,-0.0799,67.7,0.01444,0.0719,ns
M5vsM6_anom_24m,tertiles,Relative Mortality,ETmax,High,31,-0.00262,58.1,0.2883,0.3243,ns
M5vsM6_anom_24m,tertiles,Relative Mortality,GPPsat,High,31,-0.24516,61.3,0.07215,0.1249,ns
M5vsM6_anom_24m,tertiles,Relative Mortality,NEPmax,High,31,-0.54934,58.1,0.04503,0.0921,ns
M5vsM6_anom_24m,tertiles,Relative Mortality,WUE,High,31,-0.09655,58.1,0.07215,0.1249,ns
M5vsM6_anom_24m,tertiles,Relative Mortality,uWUE,High,31,-0.02362,58.1,0.1518,0.1951,ns
M5vsM6_anom_24m,tertiles,Relative Mortality,ETmax,Mid,31,-0.00058,54.8,0.3296,0.3532,ns
M5vsM6_anom_24m,tertiles,Relative Mortality,GPPsat,Mid,31,-0.76088,64.5,0.02679,0.08036,ns
M5vsM6_anom_24m,tertiles,Relative Mortality,NEPmax,Mid,31,-0.99413,71,0.02229,0.07505,ns
M5vsM6_anom_24m,tertiles,Relative Mortality,WUE,Mid,31,-0.06342,67.7,0.01594,0.0719,ns
M5vsM6_anom_24m,tertiles,Relative Mortality,uWUE,Mid,31,-0.09654,64.5,0.0432,0.0921,ns
M5vsM6_anom_24m,tertiles,Relative Mortality,ETmax,Low,31,-2e-04,51.6,0.4883,0.511,ns
M5vsM6_anom_24m,tertiles,Relative Mortality,GPPsat,Low,31,-0.91668,64.5,0.01674,0.0719,ns
M5vsM6_anom_24m,tertiles,Relative Mortality,NEPmax,Low,31,-0.94668,74.2,0.008633,0.0719,ns
M5vsM6_anom_24m,tertiles,Relative Mortality,WUE,Low,31,-0.06263,58.1,0.176,0.22,ns
M5vsM6_anom_24m,tertiles,Relative Mortality,uWUE,Low,31,-0.0799,64.5,0.04503,0.0921,ns
M5vsM6_anom_24m,tertiles,Relative Disturbance,ETmax,High,31,-0.0012,54.8,0.3086,0.3388,ns
M5vsM6_anom_24m,tertiles,Relative Disturbance,GPPsat,High,31,-0.34878,61.3,0.05297,0.1036,ns
M5vsM6_anom_24m,tertiles,Relative Disturbance,NEPmax,High,31,-0.85156,61.3,0.02229,0.07505,ns
M5vsM6_anom_24m,tertiles,Relative Disturbance,WUE,High,31,-0.05559,54.8,0.1299,0.1827,ns
M5vsM6_anom_24m,tertiles,Relative Disturbance,uWUE,High,31,-0.05463,61.3,0.1341,0.1829,ns
M5vsM6_anom_24m,tertiles,Relative Disturbance,ETmax,Mid,31,-0.00247,64.5,0.1141,0.1711,ns
M5vsM6_anom_24m,tertiles,Relative Disturbance,GPPsat,Mid,31,-0.54504,64.5,0.01374,0.0719,ns
M5vsM6_anom_24m,tertiles,Relative Disturbance,NEPmax,Mid,31,-0.93639,71,0.01011,0.0719,ns
M5vsM6_anom_24m,tertiles,Relative Disturbance,WUE,Mid,31,-0.07985,64.5,0.01011,0.0719,ns
M5vsM6_anom_24m,tertiles,Relative Disturbance,uWUE,Mid,31,-0.0109,54.8,0.1384,0.1832,ns
M5vsM6_anom_24m,tertiles,Relative Disturbance,ETmax,Low,31,0.00062,45.2,0.7184,0.7184,ns
M5vsM6_anom_24m,tertiles,Relative Disturbance,GPPsat,Low,31,-0.73732,64.5,0.04143,0.0921,ns
M5vsM6_anom_24m,tertiles,Relative Disturbance,NEPmax,Low,31,-0.8013,71,0.03346,0.0921,ns
M5vsM6_anom_24m,tertiles,Relative Disturbance,WUE,Low,31,-0.06263,64.5,0.1103,0.1711,ns
M5vsM6_anom_24m,tertiles,Relative Disturbance,uWUE,Low,31,-0.10796,71,0.01757,0.0719,ns
M5vsM6_anom_24m,equal_width,Absolute Mortality,ETmax,Mid,35,-0.00058,54.3,0.3087,0.3601,ns
M5vsM6_anom_24m,equal_width,Absolute Mortality,GPPsat,Mid,35,-0.22559,57.1,0.1208,0.2013,ns
M5vsM6_anom_24m,equal_width,Absolute Mortality,NEPmax,Mid,35,-0.5768,60,0.1175,0.2013,ns
M5vsM6_anom_24m,equal_width,Absolute Mortality,WUE,Mid,35,-0.06214,60,0.06283,0.1294,ns
M5vsM6_anom_24m,equal_width,Absolute Mortality,uWUE,Mid,35,-0.01966,54.3,0.2805,0.3506,ns
M5vsM6_anom_24m,equal_width,Absolute Mortality,ETmax,Low,53,-8e-04,56.6,0.2648,0.3506,ns
M5vsM6_anom_24m,equal_width,Absolute Mortality,GPPsat,Low,53,-0.91668,69.8,0.0003601,0.006302,**
M5vsM6_anom_24m,equal_width,Absolute Mortality,NEPmax,Low,53,-1.35255,77.4,0.0001572,0.005503,**
M5vsM6_anom_24m,equal_width,Absolute Mortality,WUE,Low,53,-0.08545,66,0.003466,0.02022,*
M5vsM6_anom_24m,equal_width,Absolute Mortality,uWUE,Low,53,-0.0555,67.9,0.001646,0.0192,*
M5vsM6_anom_24m,equal_width,Absolute Mortality,ETmax,High,5,0.00184,40,,,""
M5vsM6_anom_24m,equal_width,Absolute Mortality,GPPsat,High,5,0.44297,40,,,""
M5vsM6_anom_24m,equal_width,Absolute Mortality,NEPmax,High,5,0.35835,20,,,""
M5vsM6_anom_24m,equal_width,Absolute Mortality,WUE,High,5,0.09001,20,,,""
M5vsM6_anom_24m,equal_width,Absolute Mortality,uWUE,High,5,-0.06389,60,,,""
M5vsM6_anom_24m,equal_width,Relative Mortality,ETmax,Mid,33,-0.0012,57.6,0.15,0.2283,ns
M5vsM6_anom_24m,equal_width,Relative Mortality,GPPsat,Mid,33,-0.45417,69.7,0.01398,0.03765,*
M5vsM6_anom_24m,equal_width,Relative Mortality,NEPmax,Mid,33,-0.85156,66.7,0.01995,0.04987,*
M5vsM6_anom_24m,equal_width,Relative Mortality,WUE,Mid,33,-0.07985,63.6,0.06669,0.1297,ns
M5vsM6_anom_24m,equal_width,Relative Mortality,uWUE,Mid,33,-0.01474,54.5,0.3022,0.3601,ns
M5vsM6_anom_24m,equal_width,Relative Mortality,ETmax,Low,53,-0.00058,52.8,0.4682,0.482,ns
M5vsM6_anom_24m,equal_width,Relative Mortality,GPPsat,Low,53,-0.80721,62.3,0.005531,0.02307,*
M5vsM6_anom_24m,equal_width,Relative Mortality,NEPmax,Low,53,-0.88309,69.8,0.005392,0.02307,*
M5vsM6_anom_24m,equal_width,Relative Mortality,WUE,Low,53,-0.06342,62.3,0.009716,0.03092,*
M5vsM6_anom_24m,equal_width,Relative Mortality,uWUE,Low,53,-0.09027,67.9,0.003375,0.02022,*
M5vsM6_anom_24m,equal_width,Relative Mortality,ETmax,High,7,-0.00188,57.1,0.4663,0.482,ns
M5vsM6_anom_24m,equal_width,Relative Mortality,GPPsat,High,7,0.44297,42.9,0.2771,0.3506,ns
M5vsM6_anom_24m,equal_width,Relative Mortality,NEPmax,High,7,-2.15596,57.1,0.1024,0.1887,ns
M5vsM6_anom_24m,equal_width,Relative Mortality,WUE,High,7,0.05776,42.9,0.3999,0.4442,ns
M5vsM6_anom_24m,equal_width,Relative Mortality,uWUE,High,7,-0.06389,57.1,0.2771,0.3506,ns
M5vsM6_anom_24m,equal_width,Relative Disturbance,ETmax,Mid,35,-0.00262,57.1,0.2087,0.3044,ns
M5vsM6_anom_24m,equal_width,Relative Disturbance,GPPsat,Mid,35,-0.34878,62.9,0.02818,0.06576,ns
M5vsM6_anom_24m,equal_width,Relative Disturbance,NEPmax,Mid,35,-0.83789,62.9,0.03516,0.0769,ns
M5vsM6_anom_24m,equal_width,Relative Disturbance,WUE,Mid,35,-0.05559,57.1,0.1275,0.2028,ns
M5vsM6_anom_24m,equal_width,Relative Disturbance,uWUE,Mid,35,-0.01474,54.3,0.4061,0.4442,ns
M5vsM6_anom_24m,equal_width,Relative Disturbance,ETmax,Low,53,-0.00045,52.8,0.5071,0.5071,ns
M5vsM6_anom_24m,equal_width,Relative Disturbance,GPPsat,Low,53,-0.73732,64.2,0.006592,0.02307,*
M5vsM6_anom_24m,equal_width,Relative Disturbance,NEPmax,Low,53,-0.93639,69.8,0.005965,0.02307,*
M5vsM6_anom_24m,equal_width,Relative Disturbance,WUE,Low,53,-0.06342,64.2,0.01119,0.03262,*
M5vsM6_anom_24m,equal_width,Relative Disturbance,uWUE,Low,53,-0.09027,67.9,0.002307,0.02018,*
M5vsM6_anom_24m,equal_width,Relative Disturbance,ETmax,High,5,-0.00188,60,,,""
M5vsM6_anom_24m,equal_width,Relative Disturbance,GPPsat,High,5,-2.65501,60,,,""
M5vsM6_anom_24m,equal_width,Relative Disturbance,NEPmax,High,5,-4.27334,80,,,""
M5vsM6_anom_24m,equal_width,Relative Disturbance,WUE,High,5,-0.10468,60,,,""
M5vsM6_anom_24m,equal_width,Relative Disturbance,uWUE,High,5,-0.2348,60,,,""
M5vsM6_anom_24m,natural_breaks,Absolute Mortality,ETmax,High,20,-0.00253,55,0.3204,0.3604,ns
M5vsM6_anom_24m,natural_breaks,Absolute Mortality,GPPsat,High,20,-0.01552,50,0.2568,0.2963,ns
M5vsM6_anom_24m,natural_breaks,Absolute Mortality,NEPmax,High,20,-0.71418,55,0.07532,0.1297,ns
M5vsM6_anom_24m,natural_breaks,Absolute Mortality,WUE,High,20,-0.05887,55,0.1613,0.2061,ns
M5vsM6_anom_24m,natural_breaks,Absolute Mortality,uWUE,High,20,-0.07044,65,0.2449,0.29,ns
M5vsM6_anom_24m,natural_breaks,Absolute Mortality,ETmax,Mid,43,-0.00075,60.5,0.1481,0.202,ns
M5vsM6_anom_24m,natural_breaks,Absolute Mortality,GPPsat,Mid,43,-0.68543,69.8,0.004316,0.06474,ns
M5vsM6_anom_24m,natural_breaks,Absolute Mortality,NEPmax,Mid,43,-0.83789,67.4,0.02558,0.08656,ns
M5vsM6_anom_24m,natural_breaks,Absolute Mortality,WUE,Mid,43,-0.06342,62.8,0.02631,0.08656,ns
M5vsM6_anom_24m,natural_breaks,Absolute Mortality,uWUE,Mid,43,-0.01966,55.8,0.1057,0.1585,ns
M5vsM6_anom_24m,natural_breaks,Absolute Mortality,ETmax,Low,30,0.0011,46.7,0.6819,0.6974,ns
M5vsM6_anom_24m,natural_breaks,Absolute Mortality,GPPsat,Low,30,-0.827,63.3,0.02301,0.08656,ns
M5vsM6_anom_24m,natural_breaks,Absolute Mortality,NEPmax,Low,30,-1.35964,76.7,0.003314,0.06474,ns
M5vsM6_anom_24m,natural_breaks,Absolute Mortality,WUE,Low,30,-0.08545,63.3,0.04785,0.1085,ns
M5vsM6_anom_24m,natural_breaks,Absolute Mortality,uWUE,Low,30,-0.08508,70,0.01121,0.07193,ns
M5vsM6_anom_24m,natural_breaks,Relative Mortality,ETmax,High,26,-0.00225,57.7,0.3516,0.3859,ns
M5vsM6_anom_24m,natural_breaks,Relative Mortality,GPPsat,High,26,-0.40148,61.5,0.05479,0.1121,ns
M5vsM6_anom_24m,natural_breaks,Relative Mortality,NEPmax,High,26,-0.69968,57.7,0.05479,0.1121,ns
M5vsM6_anom_24m,natural_breaks,Relative Mortality,WUE,High,26,-0.08014,57.7,0.07385,0.1297,ns
M5vsM6_anom_24m,natural_breaks,Relative Mortality,uWUE,High,26,-0.04929,65.4,0.08511,0.1321,ns
M5vsM6_anom_24m,natural_breaks,Relative Mortality,ETmax,Mid,32,-0.00098,59.4,0.1586,0.2061,ns
M5vsM6_anom_24m,natural_breaks,Relative Mortality,GPPsat,Mid,32,-0.52725,62.5,0.02885,0.08656,ns
M5vsM6_anom_24m,natural_breaks,Relative Mortality,NEPmax,Mid,32,-1.07539,71.9,0.01155,0.07193,ns
M5vsM6_anom_24m,natural_breaks,Relative Mortality,WUE,Mid,32,-0.07164,62.5,0.0453,0.1085,ns
M5vsM6_anom_24m,natural_breaks,Relative Mortality,uWUE,Mid,32,-0.01991,53.1,0.1974,0.2401,ns
M5vsM6_anom_24m,natural_breaks,Relative Mortality,ETmax,Low,35,0.00059,48.6,0.6065,0.6347,ns
M5vsM6_anom_24m,natural_breaks,Relative Mortality,GPPsat,Low,35,-0.73732,65.7,0.02155,0.08656,ns
M5vsM6_anom_24m,natural_breaks,Relative Mortality,NEPmax,Low,35,-0.88309,71.4,0.0138,0.07193,ns
M5vsM6_anom_24m,natural_breaks,Relative Mortality,WUE,Low,35,-0.06263,62.9,0.08069,0.1297,ns
M5vsM6_anom_24m,natural_breaks,Relative Mortality,uWUE,Low,35,-0.09027,68.6,0.01439,0.07193,ns
M5vsM6_anom_24m,natural_breaks,Relative Disturbance,ETmax,Mid,35,-0.0012,62.9,0.07827,0.1297,ns
M5vsM6_anom_24m,natural_breaks,Relative Disturbance,GPPsat,Mid,35,-0.54504,65.7,0.01069,0.07193,ns
M5vsM6_anom_24m,natural_breaks,Relative Disturbance,NEPmax,Mid,35,-0.99413,74.3,0.002614,0.06474,ns
M5vsM6_anom_24m,natural_breaks,Relative Disturbance,WUE,Mid,35,-0.07985,62.9,0.02714,0.08656,ns
M5vsM6_anom_24m,natural_breaks,Relative Disturbance,uWUE,Mid,35,-0.01966,54.3,0.1649,0.2061,ns
M5vsM6_anom_24m,natural_breaks,Relative Disturbance,ETmax,Low,35,0.00062,45.7,0.714,0.714,ns
M5vsM6_anom_24m,natural_breaks,Relative Disturbance,GPPsat,Low,35,-0.3305,60,0.04821,0.1085,ns
M5vsM6_anom_24m,natural_breaks,Relative Disturbance,NEPmax,Low,35,-0.75235,65.7,0.08069,0.1297,ns
M5vsM6_anom_24m,natural_breaks,Relative Disturbance,WUE,Low,35,-0.06263,62.9,0.07133,0.1297,ns
M5vsM6_anom_24m,natural_breaks,Relative Disturbance,uWUE,Low,35,-0.10796,71.4,0.01023,0.07193,ns
M5vsM6_anom_24m,natural_breaks,Relative Disturbance,ETmax,High,23,-0.00188,56.5,0.3863,0.4139,ns
M5vsM6_anom_24m,natural_breaks,Relative Disturbance,GPPsat,High,23,-0.45417,65.2,0.04016,0.1063,ns
M5vsM6_anom_24m,natural_breaks,Relative Disturbance,NEPmax,High,23,-0.85001,60.9,0.03517,0.09892,ns
M5vsM6_anom_24m,natural_breaks,Relative Disturbance,WUE,High,23,-0.05559,56.5,0.1148,0.1666,ns
M5vsM6_anom_24m,natural_breaks,Relative Disturbance,uWUE,High,23,-0.04396,60.9,0.147,0.202,ns
M7vsM8_raw_12m,tertiles,Absolute Mortality,ETmax,High,31,0.00149,32.3,0.9194,0.9403,ns
M7vsM8_raw_12m,tertiles,Absolute Mortality,GPPsat,High,31,-0.28597,64.5,0.007757,0.2758,ns
M7vsM8_raw_12m,tertiles,Absolute Mortality,NEPmax,High,31,-0.28619,58.1,0.0432,0.2777,ns
M7vsM8_raw_12m,tertiles,Absolute Mortality,WUE,High,31,-0.03684,67.7,0.01518,0.2758,ns
M7vsM8_raw_12m,tertiles,Absolute Mortality,uWUE,High,31,0.01151,41.9,0.8482,0.931,ns
M7vsM8_raw_12m,tertiles,Absolute Mortality,ETmax,Mid,31,-0.00081,58.1,0.3368,0.5829,ns
M7vsM8_raw_12m,tertiles,Absolute Mortality,GPPsat,Mid,31,-0.03838,54.8,0.5195,0.6876,ns
M7vsM8_raw_12m,tertiles,Absolute Mortality,NEPmax,Mid,31,0.03048,48.4,0.3585,0.5975,ns
M7vsM8_raw_12m,tertiles,Absolute Mortality,WUE,Mid,31,-0.02775,58.1,0.06198,0.3099,ns
M7vsM8_raw_12m,tertiles,Absolute Mortality,uWUE,Mid,31,0.00352,45.2,0.5815,0.6977,ns
M7vsM8_raw_12m,tertiles,Absolute Mortality,ETmax,Low,31,-0.00047,54.8,0.4339,0.6508,ns
M7vsM8_raw_12m,tertiles,Absolute Mortality,GPPsat,Low,31,-0.06975,54.8,0.1031,0.4219,ns
M7vsM8_raw_12m,tertiles,Absolute Mortality,NEPmax,Low,31,-0.01488,51.6,0.4961,0.6876,ns
M7vsM8_raw_12m,tertiles,Absolute Mortality,WUE,Low,31,-0.01355,58.1,0.5661,0.6977,ns
M7vsM8_raw_12m,tertiles,Absolute Mortality,uWUE,Low,31,-0.0039,54.8,0.5117,0.6876,ns
M7vsM8_raw_12m,tertiles,Relative Mortality,ETmax,High,31,0.00233,25.8,0.9953,0.9953,ns
M7vsM8_raw_12m,tertiles,Relative Mortality,GPPsat,High,31,-0.0855,58.1,0.08661,0.3897,ns
M7vsM8_raw_12m,tertiles,Relative Mortality,NEPmax,High,31,-0.02247,51.6,0.2816,0.576,ns
M7vsM8_raw_12m,tertiles,Relative Mortality,WUE,High,31,-0.03092,64.5,0.0432,0.2777,ns
M7vsM8_raw_12m,tertiles,Relative Mortality,uWUE,High,31,0.01151,41.9,0.834,0.931,ns
M7vsM8_raw_12m,tertiles,Relative Mortality,ETmax,Mid,31,-0.0015,58.1,0.02445,0.2758,ns
M7vsM8_raw_12m,tertiles,Relative Mortality,GPPsat,Mid,31,-0.01276,51.6,0.3226,0.5806,ns
M7vsM8_raw_12m,tertiles,Relative Mortality,NEPmax,Mid,31,0.10681,48.4,0.295,0.5771,ns
M7vsM8_raw_12m,tertiles,Relative Mortality,WUE,Mid,31,-0.03479,54.8,0.1472,0.5096,ns
M7vsM8_raw_12m,tertiles,Relative Mortality,uWUE,Mid,31,0.00428,45.2,0.725,0.8365,ns
M7vsM8_raw_12m,tertiles,Relative Mortality,ETmax,Low,31,-0.00081,61.3,0.4339,0.6508,ns
M7vsM8_raw_12m,tertiles,Relative Mortality,GPPsat,Low,31,-0.25513,64.5,0.03064,0.2758,ns
M7vsM8_raw_12m,tertiles,Relative Mortality,NEPmax,Low,31,-0.03023,58.1,0.166,0.5197,ns
M7vsM8_raw_12m,tertiles,Relative Mortality,WUE,Low,31,-0.016,64.5,0.197,0.5197,ns
M7vsM8_raw_12m,tertiles,Relative Mortality,uWUE,Low,31,-0.0039,54.8,0.3881,0.6238,ns
M7vsM8_raw_12m,tertiles,Relative Disturbance,ETmax,High,31,0.00176,35.5,0.9103,0.9403,ns
M7vsM8_raw_12m,tertiles,Relative Disturbance,GPPsat,High,31,-0.10358,54.8,0.176,0.5197,ns
M7vsM8_raw_12m,tertiles,Relative Disturbance,NEPmax,High,31,-0.02247,51.6,0.2194,0.5197,ns
M7vsM8_raw_12m,tertiles,Relative Disturbance,WUE,High,31,-0.03684,64.5,0.03064,0.2758,ns
M7vsM8_raw_12m,tertiles,Relative Disturbance,uWUE,High,31,0.01121,41.9,0.8897,0.9403,ns
M7vsM8_raw_12m,tertiles,Relative Disturbance,ETmax,Mid,31,0.00034,45.2,0.5584,0.6977,ns
M7vsM8_raw_12m,tertiles,Relative Disturbance,GPPsat,Mid,31,-0.12047,61.3,0.05297,0.298,ns
M7vsM8_raw_12m,tertiles,Relative Disturbance,NEPmax,Mid,31,-0.03023,51.6,0.2433,0.5475,ns
M7vsM8_raw_12m,tertiles,Relative Disturbance,WUE,Mid,31,-0.01808,58.1,0.1916,0.5197,ns
M7vsM8_raw_12m,tertiles,Relative Disturbance,uWUE,Mid,31,0.00174,48.4,0.4493,0.6522,ns
M7vsM8_raw_12m,tertiles,Relative Disturbance,ETmax,Low,31,-0.00088,64.5,0.208,0.5197,ns
M7vsM8_raw_12m,tertiles,Relative Disturbance,GPPsat,Low,31,-0.08041,58.1,0.1472,0.5096,ns
M7vsM8_raw_12m,tertiles,Relative Disturbance,NEPmax,Low,31,-0.01735,54.8,0.3086,0.5787,ns
M7vsM8_raw_12m,tertiles,Relative Disturbance,WUE,Low,31,-0.016,61.3,0.2621,0.5616,ns
M7vsM8_raw_12m,tertiles,Relative Disturbance,uWUE,Low,31,-0.00088,51.6,0.5892,0.6977,ns
M7vsM8_raw_12m,equal_width,Absolute Mortality,ETmax,Mid,35,0.00135,28.6,0.9622,0.9776,ns
M7vsM8_raw_12m,equal_width,Absolute Mortality,GPPsat,Mid,35,-0.10358,57.1,0.1345,0.4078,ns
M7vsM8_raw_12m,equal_width,Absolute Mortality,NEPmax,Mid,35,-0.02247,51.4,0.3029,0.4786,ns
M7vsM8_raw_12m,equal_width,Absolute Mortality,WUE,Mid,35,-0.03092,60,0.04659,0.3261,ns
M7vsM8_raw_12m,equal_width,Absolute Mortality,uWUE,Mid,35,0.01273,31.4,0.9776,0.9776,ns
M7vsM8_raw_12m,equal_width,Absolute Mortality,ETmax,Low,53,-0.00111,64.2,0.1461,0.4078,ns
M7vsM8_raw_12m,equal_width,Absolute Mortality,GPPsat,Low,53,-0.08041,58.5,0.04058,0.3261,ns
M7vsM8_raw_12m,equal_width,Absolute Mortality,NEPmax,Low,53,0.03048,49.1,0.3885,0.523,ns
M7vsM8_raw_12m,equal_width,Absolute Mortality,WUE,Low,53,-0.01808,62.3,0.1178,0.4078,ns
M7vsM8_raw_12m,equal_width,Absolute Mortality,uWUE,Low,53,-0.0039,54.7,0.3885,0.523,ns
M7vsM8_raw_12m,equal_width,Absolute Mortality,ETmax,High,5,0.00232,20,,,""
M7vsM8_raw_12m,equal_width,Absolute Mortality,GPPsat,High,5,-0.54394,60,,,""
M7vsM8_raw_12m,equal_width,Absolute Mortality,NEPmax,High,5,-0.4436,100,,,""
M7vsM8_raw_12m,equal_width,Absolute Mortality,WUE,High,5,-0.04298,60,,,""
M7vsM8_raw_12m,equal_width,Absolute Mortality,uWUE,High,5,-0.02132,80,,,""
M7vsM8_raw_12m,equal_width,Relative Mortality,ETmax,Mid,33,0.00149,36.4,0.8844,0.9776,ns
M7vsM8_raw_12m,equal_width,Relative Mortality,GPPsat,Mid,33,-0.05212,54.5,0.1764,0.4078,ns
M7vsM8_raw_12m,equal_width,Relative Mortality,NEPmax,Mid,33,0.03048,48.5,0.3807,0.523,ns
M7vsM8_raw_12m,equal_width,Relative Mortality,WUE,Mid,33,-0.03479,66.7,0.03845,0.3261,ns
M7vsM8_raw_12m,equal_width,Relative Mortality,uWUE,Mid,33,0.01183,33.3,0.9585,0.9776,ns
M7vsM8_raw_12m,equal_width,Relative Mortality,ETmax,Low,53,-0.00088,60.4,0.1267,0.4078,ns
M7vsM8_raw_12m,equal_width,Relative Mortality,GPPsat,Low,53,-0.12047,58.5,0.04459,0.3261,ns
M7vsM8_raw_12m,equal_width,Relative Mortality,NEPmax,Low,53,-0.01735,52.8,0.2534,0.4223,ns
M7vsM8_raw_12m,equal_width,Relative Mortality,WUE,Low,53,-0.016,58.5,0.2206,0.4078,ns
M7vsM8_raw_12m,equal_width,Relative Mortality,uWUE,Low,53,-0.00281,52.8,0.4367,0.5661,ns
M7vsM8_raw_12m,equal_width,Relative Mortality,ETmax,High,7,0.00507,14.3,0.8976,0.9776,ns
M7vsM8_raw_12m,equal_width,Relative Mortality,GPPsat,High,7,-0.51786,71.4,0.2234,0.4078,ns
M7vsM8_raw_12m,equal_width,Relative Mortality,NEPmax,High,7,-0.4436,71.4,0.07539,0.377,ns
M7vsM8_raw_12m,equal_width,Relative Mortality,WUE,High,7,-0.12079,57.1,0.1763,0.4078,ns
M7vsM8_raw_12m,equal_width,Relative Mortality,uWUE,High,7,-0.00987,71.4,0.2234,0.4078,ns
M7vsM8_raw_12m,equal_width,Relative Disturbance,ETmax,Mid,35,0.00135,40,0.8051,0.9716,ns
M7vsM8_raw_12m,equal_width,Relative Disturbance,GPPsat,Mid,35,-0.05212,54.3,0.233,0.4078,ns
M7vsM8_raw_12m,equal_width,Relative Disturbance,NEPmax,Mid,35,-0.02247,51.4,0.3145,0.4786,ns
M7vsM8_raw_12m,equal_width,Relative Disturbance,WUE,Mid,35,-0.03479,65.7,0.05699,0.3324,ns
M7vsM8_raw_12m,equal_width,Relative Disturbance,uWUE,Mid,35,0.01183,34.3,0.9309,0.9776,ns
M7vsM8_raw_12m,equal_width,Relative Disturbance,ETmax,Low,53,-0.00088,58.5,0.1809,0.4078,ns
M7vsM8_raw_12m,equal_width,Relative Disturbance,GPPsat,Low,53,-0.12047,58.5,0.03906,0.3261,ns
M7vsM8_raw_12m,equal_width,Relative Disturbance,NEPmax,Low,53,-0.01735,52.8,0.1977,0.4078,ns
M7vsM8_raw_12m,equal_width,Relative Disturbance,WUE,Low,53,-0.016,58.5,0.1809,0.4078,ns
M7vsM8_raw_12m,equal_width,Relative Disturbance,uWUE,Low,53,-0.00281,52.8,0.4577,0.5721,ns
M7vsM8_raw_12m,equal_width,Relative Disturbance,ETmax,High,5,0.00539,0,,,""
M7vsM8_raw_12m,equal_width,Relative Disturbance,GPPsat,High,5,-0.51786,80,,,""
M7vsM8_raw_12m,equal_width,Relative Disturbance,NEPmax,High,5,-0.33786,60,,,""
M7vsM8_raw_12m,equal_width,Relative Disturbance,WUE,High,5,-0.12578,60,,,""
M7vsM8_raw_12m,equal_width,Relative Disturbance,uWUE,High,5,-0.00987,80,,,""
M7vsM8_raw_12m,natural_breaks,Absolute Mortality,ETmax,High,20,0.00192,25,0.9298,0.9731,ns
M7vsM8_raw_12m,natural_breaks,Absolute Mortality,GPPsat,High,20,-0.52159,65,0.01913,0.3546,ns
M7vsM8_raw_12m,natural_breaks,Absolute Mortality,NEPmax,High,20,-0.07455,50,0.2005,0.4994,ns
M7vsM8_raw_12m,natural_breaks,Absolute Mortality,WUE,High,20,-0.02959,60,0.1523,0.4787,ns
M7vsM8_raw_12m,natural_breaks,Absolute Mortality,uWUE,High,20,-0.00419,55,0.4777,0.6322,ns
M7vsM8_raw_12m,natural_breaks,Absolute Mortality,ETmax,Mid,43,-0.00011,53.5,0.4496,0.613,ns
M7vsM8_raw_12m,natural_breaks,Absolute Mortality,GPPsat,Mid,43,-0.08041,58.1,0.2631,0.5054,ns
M7vsM8_raw_12m,natural_breaks,Absolute Mortality,NEPmax,Mid,43,-0.04602,53.5,0.1596,0.4787,ns
M7vsM8_raw_12m,natural_breaks,Absolute Mortality,WUE,Mid,43,-0.03613,65.1,0.004165,0.1874,ns
M7vsM8_raw_12m,natural_breaks,Absolute Mortality,uWUE,Mid,43,0.01183,37.2,0.8965,0.9731,ns
M7vsM8_raw_12m,natural_breaks,Absolute Mortality,ETmax,Low,30,-0.00087,56.7,0.4185,0.6075,ns
M7vsM8_raw_12m,natural_breaks,Absolute Mortality,GPPsat,Low,30,-0.05989,53.3,0.1334,0.4787,ns
M7vsM8_raw_12m,natural_breaks,Absolute Mortality,NEPmax,Low,30,-0.01611,53.3,0.4185,0.6075,ns
M7vsM8_raw_12m,natural_breaks,Absolute Mortality,WUE,Low,30,-0.01361,56.7,0.5895,0.7293,ns
M7vsM8_raw_12m,natural_breaks,Absolute Mortality,uWUE,Low,30,-0.00475,56.7,0.4428,0.613,ns
M7vsM8_raw_12m,natural_breaks,Relative Mortality,ETmax,High,26,0.0022,26.9,0.9814,0.9814,ns
M7vsM8_raw_12m,natural_breaks,Relative Mortality,GPPsat,High,26,-0.07785,53.8,0.1431,0.4787,ns
M7vsM8_raw_12m,natural_breaks,Relative Mortality,NEPmax,High,26,-0.15433,53.8,0.1548,0.4787,ns
M7vsM8_raw_12m,natural_breaks,Relative Mortality,WUE,High,26,-0.03255,61.5,0.067,0.3769,ns
M7vsM8_raw_12m,natural_breaks,Relative Mortality,uWUE,High,26,0.00736,46.2,0.7615,0.8787,ns
M7vsM8_raw_12m,natural_breaks,Relative Mortality,ETmax,Mid,32,-0.001,53.1,0.1773,0.4987,ns
M7vsM8_raw_12m,natural_breaks,Relative Mortality,GPPsat,Mid,32,-0.04421,56.2,0.2189,0.4994,ns
M7vsM8_raw_12m,natural_breaks,Relative Mortality,NEPmax,Mid,32,0.13275,43.8,0.5996,0.7293,ns
M7vsM8_raw_12m,natural_breaks,Relative Mortality,WUE,Mid,32,-0.03546,62.5,0.04185,0.3546,ns
M7vsM8_raw_12m,natural_breaks,Relative Mortality,uWUE,Mid,32,0.01183,37.5,0.8825,0.9731,ns
M7vsM8_raw_12m,natural_breaks,Relative Mortality,ETmax,Low,35,-0.00081,60,0.3809,0.5911,ns
M7vsM8_raw_12m,natural_breaks,Relative Mortality,GPPsat,Low,35,-0.1774,62.9,0.03516,0.3546,ns
M7vsM8_raw_12m,natural_breaks,Relative Mortality,NEPmax,Low,35,-0.04663,60,0.09095,0.4548,ns
M7vsM8_raw_12m,natural_breaks,Relative Mortality,WUE,Low,35,-0.01521,60,0.3381,0.5635,ns
M7vsM8_raw_12m,natural_breaks,Relative Mortality,uWUE,Low,35,-0.0056,57.1,0.3381,0.5635,ns
M7vsM8_raw_12m,natural_breaks,Relative Disturbance,ETmax,Mid,35,-0.00111,51.4,0.3321,0.5635,ns
M7vsM8_raw_12m,natural_breaks,Relative Disturbance,GPPsat,Mid,35,-0.16675,62.9,0.02613,0.3546,ns
M7vsM8_raw_12m,natural_breaks,Relative Disturbance,NEPmax,Mid,35,0.1152,42.9,0.5618,0.7223,ns
M7vsM8_raw_12m,natural_breaks,Relative Disturbance,WUE,Mid,35,-0.03684,65.7,0.05333,0.3546,ns
M7vsM8_raw_12m,natural_breaks,Relative Disturbance,uWUE,Mid,35,-0.00247,51.4,0.3747,0.5911,ns
M7vsM8_raw_12m,natural_breaks,Relative Disturbance,ETmax,Low,35,-0.00081,60,0.2695,0.5054,ns
M7vsM8_raw_12m,natural_breaks,Relative Disturbance,GPPsat,Low,35,-0.06975,54.3,0.233,0.4994,ns
M7vsM8_raw_12m,natural_breaks,Relative Disturbance,NEPmax,Low,35,-0.04663,57.1,0.2231,0.4994,ns
M7vsM8_raw_12m,natural_breaks,Relative Disturbance,WUE,Low,35,-0.016,60,0.2483,0.5054,ns
M7vsM8_raw_12m,natural_breaks,Relative Disturbance,uWUE,Low,35,0.00174,48.6,0.6855,0.8118,ns
M7vsM8_raw_12m,natural_breaks,Relative Disturbance,ETmax,High,23,0.00232,26.1,0.9713,0.9814,ns
M7vsM8_raw_12m,natural_breaks,Relative Disturbance,GPPsat,High,23,-0.10358,56.5,0.2015,0.4994,ns
M7vsM8_raw_12m,natural_breaks,Relative Disturbance,NEPmax,High,23,-0.33786,60.9,0.05516,0.3546,ns
M7vsM8_raw_12m,natural_breaks,Relative Disturbance,WUE,High,23,-0.02825,56.5,0.109,0.4787,ns
M7vsM8_raw_12m,natural_breaks,Relative Disturbance,uWUE,High,23,0.01151,39.1,0.9168,0.9731,ns
M7vsM8_raw_24m,tertiles,Absolute Mortality,ETmax,High,31,-0.00058,61.3,0.2253,0.6713,ns
M7vsM8_raw_24m,tertiles,Absolute Mortality,GPPsat,High,31,-0.05486,58.1,0.197,0.6687,ns
M7vsM8_raw_24m,tertiles,Absolute Mortality,NEPmax,High,31,0.06696,45.2,0.3957,0.7419,ns
M7vsM8_raw_24m,tertiles,Absolute Mortality,WUE,High,31,-0.02859,67.7,0.01242,0.4803,ns
M7vsM8_raw_24m,tertiles,Absolute Mortality,uWUE,High,31,-0.02484,58.1,0.05734,0.516,ns
M7vsM8_raw_24m,tertiles,Absolute Mortality,ETmax,Mid,31,1e-04,48.4,0.824,0.8821,ns
M7vsM8_raw_24m,tertiles,Absolute Mortality,GPPsat,Mid,31,-0.00672,54.8,0.5351,0.826,ns
M7vsM8_raw_24m,tertiles,Absolute Mortality,NEPmax,Mid,31,0.03203,48.4,0.6561,0.8731,ns
M7vsM8_raw_24m,tertiles,Absolute Mortality,WUE,Mid,31,-0.01192,64.5,0.08355,0.6267,ns
M7vsM8_raw_24m,tertiles,Absolute Mortality,uWUE,Mid,31,0.01452,48.4,0.7379,0.8731,ns
M7vsM8_raw_24m,tertiles,Absolute Mortality,ETmax,Low,31,0.00013,45.2,0.705,0.8731,ns
M7vsM8_raw_24m,tertiles,Absolute Mortality,GPPsat,Low,31,-0.07148,58.1,0.4649,0.7878,ns
M7vsM8_raw_24m,tertiles,Absolute Mortality,NEPmax,Low,31,-0.04643,54.8,0.4339,0.7809,ns
M7vsM8_raw_24m,tertiles,Absolute Mortality,WUE,Low,31,-0.0134,54.8,0.3368,0.7216,ns
M7vsM8_raw_24m,tertiles,Absolute Mortality,uWUE,Low,31,0.0039,45.2,0.6914,0.8731,ns
M7vsM8_raw_24m,tertiles,Relative Mortality,ETmax,High,31,6e-05,48.4,0.8742,0.8821,ns
M7vsM8_raw_24m,tertiles,Relative Mortality,GPPsat,High,31,-0.02011,54.8,0.3368,0.7216,ns
M7vsM8_raw_24m,tertiles,Relative Mortality,NEPmax,High,31,0.06755,45.2,0.6488,0.8731,ns
M7vsM8_raw_24m,tertiles,Relative Mortality,WUE,High,31,-0.03822,67.7,0.03064,0.4803,ns
M7vsM8_raw_24m,tertiles,Relative Mortality,uWUE,High,31,0.00526,48.4,0.4727,0.7878,ns
M7vsM8_raw_24m,tertiles,Relative Mortality,ETmax,Mid,31,-0.00032,67.7,0.1141,0.641,ns
M7vsM8_raw_24m,tertiles,Relative Mortality,GPPsat,Mid,31,-0.01339,51.6,0.6844,0.8731,ns
M7vsM8_raw_24m,tertiles,Relative Mortality,NEPmax,Mid,31,0.09083,41.9,0.7567,0.8731,ns
M7vsM8_raw_24m,tertiles,Relative Mortality,WUE,Mid,31,-0.01048,54.8,0.208,0.6687,ns
M7vsM8_raw_24m,tertiles,Relative Mortality,uWUE,Mid,31,-0.0138,51.6,0.2883,0.6827,ns
M7vsM8_raw_24m,tertiles,Relative Mortality,ETmax,Low,31,0.00024,38.7,0.824,0.8821,ns
M7vsM8_raw_24m,tertiles,Relative Mortality,GPPsat,Low,31,-0.13176,64.5,0.1518,0.641,ns
M7vsM8_raw_24m,tertiles,Relative Mortality,NEPmax,Low,31,-0.11392,61.3,0.1472,0.641,ns
M7vsM8_raw_24m,tertiles,Relative Mortality,WUE,Low,31,-0.01694,64.5,0.1067,0.641,ns
M7vsM8_raw_24m,tertiles,Relative Mortality,uWUE,Low,31,-0.00342,51.6,0.5273,0.826,ns
M7vsM8_raw_24m,tertiles,Relative Disturbance,ETmax,High,31,-2e-05,51.6,0.725,0.8731,ns
M7vsM8_raw_24m,tertiles,Relative Disturbance,GPPsat,High,31,-0.05486,58.1,0.2621,0.6713,ns
M7vsM8_raw_24m,tertiles,Relative Disturbance,NEPmax,High,31,-0.04675,51.6,0.3732,0.7302,ns
M7vsM8_raw_24m,tertiles,Relative Disturbance,WUE,High,31,-0.03822,67.7,0.03202,0.4803,ns
M7vsM8_raw_24m,tertiles,Relative Disturbance,uWUE,High,31,0.00526,48.4,0.5507,0.826,ns
M7vsM8_raw_24m,tertiles,Relative Disturbance,ETmax,Mid,31,-0.00042,64.5,0.2685,0.6713,ns
M7vsM8_raw_24m,tertiles,Relative Disturbance,GPPsat,Mid,31,0.03354,45.2,0.7975,0.8821,ns
M7vsM8_raw_24m,tertiles,Relative Disturbance,NEPmax,Mid,31,0.09083,38.7,0.8616,0.8821,ns
M7vsM8_raw_24m,tertiles,Relative Disturbance,WUE,Mid,31,-0.01729,61.3,0.05089,0.516,ns
M7vsM8_raw_24m,tertiles,Relative Disturbance,uWUE,Mid,31,-0.0138,51.6,0.1709,0.641,ns
M7vsM8_raw_24m,tertiles,Relative Disturbance,ETmax,Low,31,0.00024,38.7,0.8821,0.8821,ns
M7vsM8_raw_24m,tertiles,Relative Disturbance,GPPsat,Low,31,-0.14555,67.7,0.1612,0.641,ns
M7vsM8_raw_24m,tertiles,Relative Disturbance,NEPmax,Low,31,-0.06798,58.1,0.2685,0.6713,ns
M7vsM8_raw_24m,tertiles,Relative Disturbance,WUE,Low,31,-0.00826,58.1,0.3732,0.7302,ns
M7vsM8_raw_24m,tertiles,Relative Disturbance,uWUE,Low,31,-0.00342,51.6,0.6342,0.8731,ns
M7vsM8_raw_24m,equal_width,Absolute Mortality,ETmax,Mid,35,-0.00022,60,0.5424,0.7516,ns
M7vsM8_raw_24m,equal_width,Absolute Mortality,GPPsat,Mid,35,-0.04057,57.1,0.2642,0.7447,ns
M7vsM8_raw_24m,equal_width,Absolute Mortality,NEPmax,Mid,35,0.07866,37.1,0.8391,0.8391,ns
M7vsM8_raw_24m,equal_width,Absolute Mortality,WUE,Mid,35,-0.01192,57.1,0.2041,0.7447,ns
M7vsM8_raw_24m,equal_width,Absolute Mortality,uWUE,Mid,35,0.00526,48.6,0.2483,0.7447,ns
M7vsM8_raw_24m,equal_width,Absolute Mortality,ETmax,Low,53,1e-04,47.2,0.7381,0.7828,ns
M7vsM8_raw_24m,equal_width,Absolute Mortality,GPPsat,Low,53,-0.07093,56.6,0.3953,0.7447,ns
M7vsM8_raw_24m,equal_width,Absolute Mortality,NEPmax,Low,53,-0.06186,56.6,0.2591,0.7447,ns
M7vsM8_raw_24m,equal_width,Absolute Mortality,WUE,Low,53,-0.01694,64.2,0.04215,0.489,ns
M7vsM8_raw_24m,equal_width,Absolute Mortality,uWUE,Low,53,-0.00342,50.9,0.5703,0.7516,ns
M7vsM8_raw_24m,equal_width,Absolute Mortality,ETmax,High,5,6e-05,40,,,""
M7vsM8_raw_24m,equal_width,Absolute Mortality,GPPsat,High,5,-0.02011,60,,,""
M7vsM8_raw_24m,equal_width,Absolute Mortality,NEPmax,High,5,-0.40307,60,,,""
M7vsM8_raw_24m,equal_width,Absolute Mortality,WUE,High,5,-0.12436,80,,,""
M7vsM8_raw_24m,equal_width,Absolute Mortality,uWUE,High,5,-0.02484,60,,,""
M7vsM8_raw_24m,equal_width,Relative Mortality,ETmax,Mid,33,-6e-05,54.5,0.6396,0.7719,ns
M7vsM8_raw_24m,equal_width,Relative Mortality,GPPsat,Mid,33,-0.06942,60.6,0.1459,0.7447,ns
M7vsM8_raw_24m,equal_width,Relative Mortality,NEPmax,Mid,33,0.06755,45.5,0.5143,0.75,ns
M7vsM8_raw_24m,equal_width,Relative Mortality,WUE,Mid,33,-0.02653,69.7,0.05589,0.489,ns
M7vsM8_raw_24m,equal_width,Relative Mortality,uWUE,Mid,33,0.00735,48.5,0.4786,0.7447,ns
M7vsM8_raw_24m,equal_width,Relative Mortality,ETmax,Low,53,0,50.9,0.6013,0.7516,ns
M7vsM8_raw_24m,equal_width,Relative Mortality,GPPsat,Low,53,-0.06061,56.6,0.4894,0.7447,ns
M7vsM8_raw_24m,equal_width,Relative Mortality,NEPmax,Low,53,-0.04643,52.8,0.4718,0.7447,ns
M7vsM8_raw_24m,equal_width,Relative Mortality,WUE,Low,53,-0.01048,56.6,0.1833,0.7447,ns
M7vsM8_raw_24m,equal_width,Relative Mortality,uWUE,Low,53,-0.00342,50.9,0.4682,0.7447,ns
M7vsM8_raw_24m,equal_width,Relative Mortality,ETmax,High,7,6e-05,42.9,0.7229,0.7828,ns
M7vsM8_raw_24m,equal_width,Relative Mortality,GPPsat,High,7,0.16893,42.9,0.7766,0.7994,ns
M7vsM8_raw_24m,equal_width,Relative Mortality,NEPmax,High,7,0.06696,42.9,0.6001,0.7516,ns
M7vsM8_raw_24m,equal_width,Relative Mortality,WUE,High,7,-0.08129,71.4,0.03796,0.489,ns
M7vsM8_raw_24m,equal_width,Relative Mortality,uWUE,High,7,-0.02484,57.1,0.3363,0.7447,ns
M7vsM8_raw_24m,equal_width,Relative Disturbance,ETmax,Mid,35,-0.00058,60,0.3809,0.7447,ns
M7vsM8_raw_24m,equal_width,Relative Disturbance,GPPsat,Mid,35,-0.06942,60,0.3321,0.7447,ns
M7vsM8_raw_24m,equal_width,Relative Disturbance,NEPmax,Mid,35,0.07866,45.7,0.4706,0.7447,ns
M7vsM8_raw_24m,equal_width,Relative Disturbance,WUE,Mid,35,-0.02859,71.4,0.02926,0.489,ns
M7vsM8_raw_24m,equal_width,Relative Disturbance,uWUE,Mid,35,0.01082,42.9,0.6738,0.779,ns
M7vsM8_raw_24m,equal_width,Relative Disturbance,ETmax,Low,53,1e-04,49.1,0.69,0.779,ns
M7vsM8_raw_24m,equal_width,Relative Disturbance,GPPsat,Low,53,-0.04057,54.7,0.4332,0.7447,ns
M7vsM8_raw_24m,equal_width,Relative Disturbance,NEPmax,Low,53,-0.04643,52.8,0.4612,0.7447,ns
M7vsM8_raw_24m,equal_width,Relative Disturbance,WUE,Low,53,-0.01048,56.6,0.1809,0.7447,ns
M7vsM8_raw_24m,equal_width,Relative Disturbance,uWUE,Low,53,-0.00962,54.7,0.365,0.7447,ns
M7vsM8_raw_24m,equal_width,Relative Disturbance,ETmax,High,5,0.00196,20,,,""
M7vsM8_raw_24m,equal_width,Relative Disturbance,GPPsat,High,5,-0.02011,60,,,""
M7vsM8_raw_24m,equal_width,Relative Disturbance,NEPmax,High,5,0.06696,40,,,""
M7vsM8_raw_24m,equal_width,Relative Disturbance,WUE,High,5,-0.04275,60,,,""
M7vsM8_raw_24m,equal_width,Relative Disturbance,uWUE,High,5,-0.03933,60,,,""
M7vsM8_raw_24m,natural_breaks,Absolute Mortality,ETmax,High,20,-0.00059,65,0.1706,0.5402,ns
M7vsM8_raw_24m,natural_breaks,Absolute Mortality,GPPsat,High,20,-0.03803,60,0.1902,0.5402,ns
M7vsM8_raw_24m,natural_breaks,Absolute Mortality,NEPmax,High,20,0.06726,45,0.448,0.7572,ns
M7vsM8_raw_24m,natural_breaks,Absolute Mortality,WUE,High,20,-0.04747,75,0.008021,0.3609,ns
M7vsM8_raw_24m,natural_breaks,Absolute Mortality,uWUE,High,20,-0.02808,60,0.05219,0.5185,ns
M7vsM8_raw_24m,natural_breaks,Absolute Mortality,ETmax,Mid,43,0,51.2,0.7993,0.8773,ns
M7vsM8_raw_24m,natural_breaks,Absolute Mortality,GPPsat,Mid,43,-0.00672,53.5,0.488,0.7572,ns
M7vsM8_raw_24m,natural_breaks,Absolute Mortality,NEPmax,Mid,43,0.05097,46.5,0.6255,0.8501,ns
M7vsM8_raw_24m,natural_breaks,Absolute Mortality,WUE,Mid,43,-0.00916,60.5,0.1294,0.5402,ns
M7vsM8_raw_24m,natural_breaks,Absolute Mortality,uWUE,Mid,43,0.00735,48.8,0.7086,0.8744,ns
M7vsM8_raw_24m,natural_breaks,Absolute Mortality,ETmax,Low,30,0.00018,43.3,0.7578,0.8744,ns
M7vsM8_raw_24m,natural_breaks,Absolute Mortality,GPPsat,Low,30,-0.07295,60,0.4509,0.7572,ns
M7vsM8_raw_24m,natural_breaks,Absolute Mortality,NEPmax,Low,30,-0.05414,56.7,0.4025,0.7572,ns
M7vsM8_raw_24m,natural_breaks,Absolute Mortality,WUE,Low,30,-0.01645,56.7,0.3108,0.6993,ns
M7vsM8_raw_24m,natural_breaks,Absolute Mortality,uWUE,Low,30,0.00323,46.7,0.6133,0.8501,ns
M7vsM8_raw_24m,natural_breaks,Relative Mortality,ETmax,High,26,2e-05,50,0.7373,0.8744,ns
M7vsM8_raw_24m,natural_breaks,Relative Mortality,GPPsat,High,26,-0.00265,50,0.3611,0.7572,ns
M7vsM8_raw_24m,natural_breaks,Relative Mortality,NEPmax,High,26,0.01011,50,0.4595,0.7572,ns
M7vsM8_raw_24m,natural_breaks,Relative Mortality,WUE,High,26,-0.04211,69.2,0.02679,0.4018,ns
M7vsM8_raw_24m,natural_breaks,Relative Mortality,uWUE,High,26,0.00091,50,0.5405,0.8107,ns
M7vsM8_raw_24m,natural_breaks,Relative Mortality,ETmax,Mid,32,-0.00027,62.5,0.4076,0.7572,ns
M7vsM8_raw_24m,natural_breaks,Relative Mortality,GPPsat,Mid,32,-0.01006,53.1,0.6423,0.8501,ns
M7vsM8_raw_24m,natural_breaks,Relative Mortality,NEPmax,Mid,32,0.16786,40.6,0.863,0.9246,ns
M7vsM8_raw_24m,natural_breaks,Relative Mortality,WUE,Mid,32,-0.0112,59.4,0.137,0.5402,ns
M7vsM8_raw_24m,natural_breaks,Relative Mortality,uWUE,Mid,32,-0.00322,50,0.2906,0.6883,ns
M7vsM8_raw_24m,natural_breaks,Relative Mortality,ETmax,Low,35,0.00013,42.9,0.7412,0.8744,ns
M7vsM8_raw_24m,natural_breaks,Relative Mortality,GPPsat,Low,35,-0.13176,65.7,0.1417,0.5402,ns
M7vsM8_raw_24m,natural_breaks,Relative Mortality,NEPmax,Low,35,-0.06798,57.1,0.1774,0.5402,ns
M7vsM8_raw_24m,natural_breaks,Relative Mortality,WUE,Low,35,-0.0134,60,0.1995,0.5402,ns
M7vsM8_raw_24m,natural_breaks,Relative Mortality,uWUE,Low,35,-0.00342,51.4,0.4837,0.7572,ns
M7vsM8_raw_24m,natural_breaks,Relative Disturbance,ETmax,Mid,35,-0.00089,71.4,0.06913,0.5185,ns
M7vsM8_raw_24m,natural_breaks,Relative Disturbance,GPPsat,Mid,35,-0.00672,51.4,0.7305,0.8744,ns
M7vsM8_raw_24m,natural_breaks,Relative Disturbance,NEPmax,Mid,35,0.18286,31.4,0.9309,0.9467,ns
M7vsM8_raw_24m,natural_breaks,Relative Disturbance,WUE,Mid,35,-0.02859,65.7,0.01838,0.4018,ns
M7vsM8_raw_24m,natural_breaks,Relative Disturbance,uWUE,Mid,35,-0.0138,54.3,0.08317,0.5347,ns
M7vsM8_raw_24m,natural_breaks,Relative Disturbance,ETmax,Low,35,0.00036,37.1,0.9467,0.9467,ns
M7vsM8_raw_24m,natural_breaks,Relative Disturbance,GPPsat,Low,35,-0.12719,62.9,0.2041,0.5402,ns
M7vsM8_raw_24m,natural_breaks,Relative Disturbance,NEPmax,Low,35,-0.06798,60,0.2695,0.6738,ns
M7vsM8_raw_24m,natural_breaks,Relative Disturbance,WUE,Low,35,-0.00826,57.1,0.4253,0.7572,ns
M7vsM8_raw_24m,natural_breaks,Relative Disturbance,uWUE,Low,35,0.00257,48.6,0.7959,0.8773,ns
M7vsM8_raw_24m,natural_breaks,Relative Disturbance,ETmax,High,23,0.00063,43.5,0.8966,0.9383,ns
M7vsM8_raw_24m,natural_breaks,Relative Disturbance,GPPsat,High,23,-0.0212,56.5,0.169,0.5402,ns
M7vsM8_raw_24m,natural_breaks,Relative Disturbance,NEPmax,High,23,-0.0969,60.9,0.1335,0.5402,ns
M7vsM8_raw_24m,natural_breaks,Relative Disturbance,WUE,High,23,-0.04147,65.2,0.05863,0.5185,ns
M7vsM8_raw_24m,natural_breaks,Relative Disturbance,uWUE,High,23,0.00526,47.8,0.5902,0.8501,ns
M7vsM8_anom_12m,tertiles,Absolute Mortality,ETmax,High,31,0.00191,29,0.9941,0.9941,ns
M7vsM8_anom_12m,tertiles,Absolute Mortality,GPPsat,High,31,-0.79947,64.5,0.01122,0.05608,ns
M7vsM8_anom_12m,tertiles,Absolute Mortality,NEPmax,High,31,-1.31733,77.4,0.001013,0.02279,*
M7vsM8_anom_12m,tertiles,Absolute Mortality,WUE,High,31,-0.05162,61.3,0.04503,0.09924,ns
M7vsM8_anom_12m,tertiles,Absolute Mortality,uWUE,High,31,-0.05426,58.1,0.05734,0.09924,ns
M7vsM8_anom_12m,tertiles,Absolute Mortality,ETmax,Mid,31,-0.00082,51.6,0.3881,0.4721,ns
M7vsM8_anom_12m,tertiles,Absolute Mortality,GPPsat,Mid,31,-0.25312,61.3,0.1341,0.1775,ns
M7vsM8_anom_12m,tertiles,Absolute Mortality,NEPmax,Mid,31,-0.19409,67.7,0.03494,0.09249,ns
M7vsM8_anom_12m,tertiles,Absolute Mortality,WUE,Mid,31,-0.04281,64.5,0.01935,0.06697,ns
M7vsM8_anom_12m,tertiles,Absolute Mortality,uWUE,Mid,31,-0.04808,58.1,0.2025,0.2531,ns
M7vsM8_anom_12m,tertiles,Absolute Mortality,ETmax,Low,31,0.00078,45.2,0.6632,0.7461,ns
M7vsM8_anom_12m,tertiles,Absolute Mortality,GPPsat,Low,31,-0.2814,58.1,0.02802,0.08407,ns
M7vsM8_anom_12m,tertiles,Absolute Mortality,NEPmax,Low,31,-0.85176,74.2,0.001807,0.025,*
M7vsM8_anom_12m,tertiles,Absolute Mortality,WUE,Low,31,-0.03333,61.3,0.08355,0.1213,ns
M7vsM8_anom_12m,tertiles,Absolute Mortality,uWUE,Low,31,-0.03608,64.5,0.04887,0.09924,ns
M7vsM8_anom_12m,tertiles,Relative Mortality,ETmax,High,31,0.00191,35.5,0.9816,0.9941,ns
M7vsM8_anom_12m,tertiles,Relative Mortality,GPPsat,High,31,-0.44629,67.7,0.01844,0.06697,ns
M7vsM8_anom_12m,tertiles,Relative Mortality,NEPmax,High,31,-0.6788,71,0.002778,0.025,*
M7vsM8_anom_12m,tertiles,Relative Mortality,WUE,High,31,-0.04858,64.5,0.04887,0.09924,ns
M7vsM8_anom_12m,tertiles,Relative Mortality,uWUE,High,31,-0.04808,58.1,0.1428,0.1835,ns
M7vsM8_anom_12m,tertiles,Relative Mortality,ETmax,Mid,31,0.00093,45.2,0.705,0.7738,ns
M7vsM8_anom_12m,tertiles,Relative Mortality,GPPsat,Mid,31,-0.79947,61.3,0.03202,0.09006,ns
M7vsM8_anom_12m,tertiles,Relative Mortality,NEPmax,Mid,31,-0.85416,77.4,0.004447,0.02858,*
M7vsM8_anom_12m,tertiles,Relative Mortality,WUE,Mid,31,-0.08084,58.1,0.02679,0.08407,ns
M7vsM8_anom_12m,tertiles,Relative Mortality,uWUE,Mid,31,-0.05023,58.1,0.07488,0.1123,ns
M7vsM8_anom_12m,tertiles,Relative Mortality,ETmax,Low,31,0.00075,45.2,0.5507,0.6521,ns
M7vsM8_anom_12m,tertiles,Relative Mortality,GPPsat,Low,31,-0.1309,54.8,0.07215,0.112,ns
M7vsM8_anom_12m,tertiles,Relative Mortality,NEPmax,Low,31,-0.76201,71,0.003524,0.02643,*
M7vsM8_anom_12m,tertiles,Relative Mortality,WUE,Low,31,-0.03333,64.5,0.05734,0.09924,ns
M7vsM8_anom_12m,tertiles,Relative Mortality,uWUE,Low,31,-0.02574,64.5,0.05963,0.09938,ns
M7vsM8_anom_12m,tertiles,Relative Disturbance,ETmax,High,31,0.00191,38.7,0.968,0.9941,ns
M7vsM8_anom_12m,tertiles,Relative Disturbance,GPPsat,High,31,-0.44629,67.7,0.01594,0.06697,ns
M7vsM8_anom_12m,tertiles,Relative Disturbance,NEPmax,High,31,-1.14961,74.2,0.002315,0.025,*
M7vsM8_anom_12m,tertiles,Relative Disturbance,WUE,High,31,-0.02842,61.3,0.09626,0.1354,ns
M7vsM8_anom_12m,tertiles,Relative Disturbance,uWUE,High,31,-0.02843,54.8,0.1299,0.1772,ns
M7vsM8_anom_12m,tertiles,Relative Disturbance,ETmax,Mid,31,2e-04,48.4,0.5661,0.6532,ns
M7vsM8_anom_12m,tertiles,Relative Disturbance,GPPsat,Mid,31,-0.73335,58.1,0.05297,0.09924,ns
M7vsM8_anom_12m,tertiles,Relative Disturbance,NEPmax,Mid,31,-0.82184,77.4,0.001013,0.02279,*
M7vsM8_anom_12m,tertiles,Relative Disturbance,WUE,Mid,31,-0.08834,61.3,0.01065,0.05608,ns
M7vsM8_anom_12m,tertiles,Relative Disturbance,uWUE,Mid,31,-0.05023,58.1,0.06692,0.1075,ns
M7vsM8_anom_12m,tertiles,Relative Disturbance,ETmax,Low,31,0.00112,38.7,0.7975,0.8545,ns
M7vsM8_anom_12m,tertiles,Relative Disturbance,GPPsat,Low,31,-0.32577,58.1,0.04143,0.09924,ns
M7vsM8_anom_12m,tertiles,Relative Disturbance,NEPmax,Low,31,-0.55938,67.7,0.01757,0.06697,ns
M7vsM8_anom_12m,tertiles,Relative Disturbance,WUE,Low,31,-0.03333,64.5,0.05734,0.09924,ns
M7vsM8_anom_12m,tertiles,Relative Disturbance,uWUE,Low,31,-0.03608,67.7,0.05734,0.09924,ns
M7vsM8_anom_12m,equal_width,Absolute Mortality,ETmax,Mid,35,0.00207,31.4,0.9953,0.9953,ns
M7vsM8_anom_12m,equal_width,Absolute Mortality,GPPsat,Mid,35,-0.14532,54.3,0.1417,0.2066,ns
M7vsM8_anom_12m,equal_width,Absolute Mortality,NEPmax,Mid,35,-0.73677,71.4,0.005965,0.0232,*
M7vsM8_anom_12m,equal_width,Absolute Mortality,WUE,Mid,35,-0.05162,57.1,0.05699,0.105,ns
M7vsM8_anom_12m,equal_width,Absolute Mortality,uWUE,Mid,35,-0.05023,54.3,0.169,0.2366,ns
M7vsM8_anom_12m,equal_width,Absolute Mortality,ETmax,Low,53,-0.00111,50.9,0.3851,0.4648,ns
M7vsM8_anom_12m,equal_width,Absolute Mortality,GPPsat,Low,53,-0.32594,64.2,0.002243,0.01963,*
M7vsM8_anom_12m,equal_width,Absolute Mortality,NEPmax,Low,53,-0.82184,71.7,0.0002203,0.007709,**
M7vsM8_anom_12m,equal_width,Absolute Mortality,WUE,Low,53,-0.04281,67.9,0.005257,0.023,*
M7vsM8_anom_12m,equal_width,Absolute Mortality,uWUE,Low,53,-0.04091,64.2,0.01172,0.03039,*
M7vsM8_anom_12m,equal_width,Absolute Mortality,ETmax,High,5,0.00191,20,,,""
M7vsM8_anom_12m,equal_width,Absolute Mortality,GPPsat,High,5,-0.84031,80,,,""
M7vsM8_anom_12m,equal_width,Absolute Mortality,NEPmax,High,5,-1.25228,100,,,""
M7vsM8_anom_12m,equal_width,Absolute Mortality,WUE,High,5,0.02892,40,,,""
M7vsM8_anom_12m,equal_width,Absolute Mortality,uWUE,High,5,-0.0194,60,,,""
M7vsM8_anom_12m,equal_width,Relative Mortality,ETmax,Mid,33,0.00166,42.4,0.9236,0.9507,ns
M7vsM8_anom_12m,equal_width,Relative Mortality,GPPsat,Mid,33,-0.43796,63.6,0.03419,0.06648,ns
M7vsM8_anom_12m,equal_width,Relative Mortality,NEPmax,Mid,33,-0.61986,69.7,0.005042,0.023,*
M7vsM8_anom_12m,equal_width,Relative Mortality,WUE,Mid,33,-0.04937,63.6,0.06669,0.1167,ns
M7vsM8_anom_12m,equal_width,Relative Mortality,uWUE,Mid,33,-0.04808,54.5,0.2005,0.2599,ns
M7vsM8_anom_12m,equal_width,Relative Mortality,ETmax,Low,53,0.00078,43.4,0.7438,0.8678,ns
M7vsM8_anom_12m,equal_width,Relative Mortality,GPPsat,Low,53,-0.32577,58.5,0.009949,0.03039,*
M7vsM8_anom_12m,equal_width,Relative Mortality,NEPmax,Low,53,-0.82184,71.7,0.0007411,0.008646,**
M7vsM8_anom_12m,equal_width,Relative Mortality,WUE,Low,53,-0.04281,62.3,0.009716,0.03039,*
M7vsM8_anom_12m,equal_width,Relative Mortality,uWUE,Low,53,-0.03608,62.3,0.02521,0.05189,ns
M7vsM8_anom_12m,equal_width,Relative Mortality,ETmax,High,7,0.00165,28.6,0.8641,0.9281,ns
M7vsM8_anom_12m,equal_width,Relative Mortality,GPPsat,High,7,-0.84031,71.4,0.1024,0.1672,ns
M7vsM8_anom_12m,equal_width,Relative Mortality,NEPmax,High,7,-1.43207,100,0.01125,0.03039,*
M7vsM8_anom_12m,equal_width,Relative Mortality,WUE,High,7,-0.04858,57.1,0.1763,0.2373,ns
M7vsM8_anom_12m,equal_width,Relative Mortality,uWUE,High,7,-0.21439,71.4,0.1359,0.2066,ns
M7vsM8_anom_12m,equal_width,Relative Disturbance,ETmax,Mid,35,0.00164,42.9,0.8508,0.9281,ns
M7vsM8_anom_12m,equal_width,Relative Disturbance,GPPsat,Mid,35,-0.44629,65.7,0.01216,0.03039,*
M7vsM8_anom_12m,equal_width,Relative Disturbance,NEPmax,Mid,35,-0.9512,68.6,0.004082,0.023,*
M7vsM8_anom_12m,equal_width,Relative Disturbance,WUE,Mid,35,-0.04858,62.9,0.1051,0.1672,ns
M7vsM8_anom_12m,equal_width,Relative Disturbance,uWUE,Mid,35,-0.02843,54.3,0.2183,0.2729,ns
M7vsM8_anom_12m,equal_width,Relative Disturbance,ETmax,Low,53,0.00112,41.5,0.8751,0.9281,ns
M7vsM8_anom_12m,equal_width,Relative Disturbance,GPPsat,Low,53,-0.25312,56.6,0.01915,0.0419,*
M7vsM8_anom_12m,equal_width,Relative Disturbance,NEPmax,Low,53,-0.76201,73.6,0.0004799,0.008397,**
M7vsM8_anom_12m,equal_width,Relative Disturbance,WUE,Low,53,-0.04281,62.3,0.005257,0.023,*
M7vsM8_anom_12m,equal_width,Relative Disturbance,uWUE,Low,53,-0.04091,64.2,0.01504,0.0351,*
M7vsM8_anom_12m,equal_width,Relative Disturbance,ETmax,High,5,0.00122,40,,,""
M7vsM8_anom_12m,equal_width,Relative Disturbance,GPPsat,High,5,-0.95617,80,,,""
M7vsM8_anom_12m,equal_width,Relative Disturbance,NEPmax,High,5,-1.43207,100,,,""
M7vsM8_anom_12m,equal_width,Relative Disturbance,WUE,High,5,-0.29934,60,,,""
M7vsM8_anom_12m,equal_width,Relative Disturbance,uWUE,High,5,-0.23573,60,,,""
M7vsM8_anom_12m,natural_breaks,Absolute Mortality,ETmax,High,20,0.00199,20,0.9966,0.9966,ns
M7vsM8_anom_12m,natural_breaks,Absolute Mortality,GPPsat,High,20,-0.77413,65,0.03809,0.07658,ns
M7vsM8_anom_12m,natural_breaks,Absolute Mortality,NEPmax,High,20,-0.94319,70,0.0229,0.07658,ns
M7vsM8_anom_12m,natural_breaks,Absolute Mortality,WUE,High,20,-0.02739,55,0.2111,0.2639,ns
M7vsM8_anom_12m,natural_breaks,Absolute Mortality,uWUE,High,20,-0.04135,60,0.09888,0.1534,ns
M7vsM8_anom_12m,natural_breaks,Absolute Mortality,ETmax,Mid,43,-0.00023,51.2,0.4735,0.5759,ns
M7vsM8_anom_12m,natural_breaks,Absolute Mortality,GPPsat,Mid,43,-0.43796,62.8,0.03021,0.07658,ns
M7vsM8_anom_12m,natural_breaks,Absolute Mortality,NEPmax,Mid,43,-0.82184,74.4,0.001148,0.01722,*
M7vsM8_anom_12m,natural_breaks,Absolute Mortality,WUE,Mid,43,-0.06104,65.1,0.006325,0.04066,*
M7vsM8_anom_12m,natural_breaks,Absolute Mortality,uWUE,Mid,43,-0.04808,55.8,0.1399,0.189,ns
M7vsM8_anom_12m,natural_breaks,Absolute Mortality,ETmax,Low,30,0.00108,43.3,0.7642,0.8388,ns
M7vsM8_anom_12m,natural_breaks,Absolute Mortality,GPPsat,Low,30,-0.20615,56.7,0.04584,0.08251,ns
M7vsM8_anom_12m,natural_breaks,Absolute Mortality,NEPmax,Low,30,-0.70677,73.3,0.002267,0.0255,*
M7vsM8_anom_12m,natural_breaks,Absolute Mortality,WUE,Low,30,-0.03729,63.3,0.04994,0.08643,ns
M7vsM8_anom_12m,natural_breaks,Absolute Mortality,uWUE,Low,30,-0.03849,66.7,0.03358,0.07658,ns
M7vsM8_anom_12m,natural_breaks,Relative Mortality,ETmax,High,26,0.00199,34.6,0.9889,0.9966,ns
M7vsM8_anom_12m,natural_breaks,Relative Mortality,GPPsat,High,26,-0.44213,65.4,0.03009,0.07658,ns
M7vsM8_anom_12m,natural_breaks,Relative Mortality,NEPmax,High,26,-0.815,73.1,0.004448,0.03336,*
M7vsM8_anom_12m,natural_breaks,Relative Mortality,WUE,High,26,-0.0385,65.4,0.06066,0.09777,ns
M7vsM8_anom_12m,natural_breaks,Relative Mortality,uWUE,High,26,-0.03825,57.7,0.1319,0.1855,ns
M7vsM8_anom_12m,natural_breaks,Relative Mortality,ETmax,Mid,32,0.00042,46.9,0.5261,0.623,ns
M7vsM8_anom_12m,natural_breaks,Relative Mortality,GPPsat,Mid,32,-0.76641,62.5,0.0453,0.08251,ns
M7vsM8_anom_12m,natural_breaks,Relative Mortality,NEPmax,Mid,32,-0.838,71.9,0.007339,0.04128,*
M7vsM8_anom_12m,natural_breaks,Relative Mortality,WUE,Mid,32,-0.08962,59.4,0.03558,0.07658,ns
M7vsM8_anom_12m,natural_breaks,Relative Mortality,uWUE,Mid,32,-0.04557,56.2,0.1139,0.1666,ns
M7vsM8_anom_12m,natural_breaks,Relative Mortality,ETmax,Low,35,0.00078,42.9,0.714,0.8032,ns
M7vsM8_anom_12m,natural_breaks,Relative Mortality,GPPsat,Low,35,-0.25312,57.1,0.03914,0.07658,ns
M7vsM8_anom_12m,natural_breaks,Relative Mortality,NEPmax,Low,35,-0.76201,74.3,0.001126,0.01722,*
M7vsM8_anom_12m,natural_breaks,Relative Mortality,WUE,Low,35,-0.03333,62.9,0.0339,0.07658,ns
M7vsM8_anom_12m,natural_breaks,Relative Mortality,uWUE,Low,35,-0.03608,65.7,0.03777,0.07658,ns
M7vsM8_anom_12m,natural_breaks,Relative Disturbance,ETmax,Mid,35,-0.00023,51.4,0.5424,0.6258,ns
M7vsM8_anom_12m,natural_breaks,Relative Disturbance,GPPsat,Mid,35,-0.67892,62.9,0.03516,0.07658,ns
M7vsM8_anom_12m,natural_breaks,Relative Disturbance,NEPmax,Mid,35,-0.85416,71.4,0.003526,0.03173,*
M7vsM8_anom_12m,natural_breaks,Relative Disturbance,WUE,Mid,35,-0.08084,60,0.0224,0.07658,ns
M7vsM8_anom_12m,natural_breaks,Relative Disturbance,uWUE,Mid,35,-0.05426,60,0.03037,0.07658,ns
M7vsM8_anom_12m,natural_breaks,Relative Disturbance,ETmax,Low,35,0.00138,37.1,0.831,0.8904,ns
M7vsM8_anom_12m,natural_breaks,Relative Disturbance,GPPsat,Low,35,-0.25312,57.1,0.06083,0.09777,ns
M7vsM8_anom_12m,natural_breaks,Relative Disturbance,NEPmax,Low,35,-0.55938,68.6,0.01023,0.05117,ns
M7vsM8_anom_12m,natural_breaks,Relative Disturbance,WUE,Low,35,-0.04126,65.7,0.03151,0.07658,ns
M7vsM8_anom_12m,natural_breaks,Relative Disturbance,uWUE,Low,35,-0.02574,62.9,0.1454,0.189,ns
M7vsM8_anom_12m,natural_breaks,Relative Disturbance,ETmax,High,23,0.00312,34.8,0.9598,0.9966,ns
M7vsM8_anom_12m,natural_breaks,Relative Disturbance,GPPsat,High,23,-0.44629,65.2,0.01483,0.06672,ns
M7vsM8_anom_12m,natural_breaks,Relative Disturbance,NEPmax,High,23,-1.14961,82.6,0.0009119,0.01722,*
M7vsM8_anom_12m,natural_breaks,Relative Disturbance,WUE,High,23,-0.02489,60.9,0.1148,0.1666,ns
M7vsM8_anom_12m,natural_breaks,Relative Disturbance,uWUE,High,23,-0.02843,56.5,0.147,0.189,ns
M7vsM8_anom_24m,tertiles,Absolute Mortality,ETmax,High,31,-0.00064,58.1,0.2558,0.3488,ns
M7vsM8_anom_24m,tertiles,Absolute Mortality,GPPsat,High,31,-0.702,64.5,0.008185,0.05262,ns
M7vsM8_anom_24m,tertiles,Absolute Mortality,NEPmax,High,31,-0.89959,77.4,0.002461,0.02769,*
M7vsM8_anom_24m,tertiles,Absolute Mortality,WUE,High,31,-0.07245,61.3,0.06441,0.1585,ns
M7vsM8_anom_24m,tertiles,Absolute Mortality,uWUE,High,31,-0.03086,51.6,0.2025,0.3102,ns
M7vsM8_anom_24m,tertiles,Absolute Mortality,ETmax,Mid,31,0.00071,45.2,0.7315,0.7612,ns
M7vsM8_anom_24m,tertiles,Absolute Mortality,GPPsat,Mid,31,-0.68338,61.3,0.07769,0.1748,ns
M7vsM8_anom_24m,tertiles,Absolute Mortality,NEPmax,Mid,31,-0.07543,51.6,0.4339,0.4881,ns
M7vsM8_anom_24m,tertiles,Absolute Mortality,WUE,Mid,31,-0.01566,51.6,0.1299,0.2436,ns
M7vsM8_anom_24m,tertiles,Absolute Mortality,uWUE,Mid,31,0.00801,48.4,0.1863,0.2994,ns
M7vsM8_anom_24m,tertiles,Absolute Mortality,ETmax,Low,31,-0.00052,58.1,0.5661,0.6214,ns
M7vsM8_anom_24m,tertiles,Absolute Mortality,GPPsat,Low,31,-0.63816,61.3,0.004198,0.03778,*
M7vsM8_anom_24m,tertiles,Absolute Mortality,NEPmax,Low,31,-0.92962,71,8.746e-05,0.003936,**
M7vsM8_anom_24m,tertiles,Absolute Mortality,WUE,Low,31,-0.03312,51.6,0.2137,0.3102,ns
M7vsM8_anom_24m,tertiles,Absolute Mortality,uWUE,Low,31,0.02282,48.4,0.1709,0.2933,ns
M7vsM8_anom_24m,tertiles,Relative Mortality,ETmax,High,31,0.00076,45.2,0.8859,0.8859,ns
M7vsM8_anom_24m,tertiles,Relative Mortality,GPPsat,High,31,-0.58027,61.3,0.01518,0.06522,ns
M7vsM8_anom_24m,tertiles,Relative Mortality,NEPmax,High,31,-0.62378,61.3,0.08974,0.1836,ns
M7vsM8_anom_24m,tertiles,Relative Mortality,WUE,High,31,-0.06749,58.1,0.08355,0.179,ns
M7vsM8_anom_24m,tertiles,Relative Mortality,uWUE,High,31,0.00801,48.4,0.3226,0.3923,ns
M7vsM8_anom_24m,tertiles,Relative Mortality,ETmax,Mid,31,-0.00103,54.8,0.3226,0.3923,ns
M7vsM8_anom_24m,tertiles,Relative Mortality,GPPsat,Mid,31,-0.9813,67.7,0.01594,0.06522,ns
M7vsM8_anom_24m,tertiles,Relative Mortality,NEPmax,Mid,31,-0.8769,67.7,0.02802,0.09701,ns
M7vsM8_anom_24m,tertiles,Relative Mortality,WUE,Mid,31,-0.01788,58.1,0.06441,0.1585,ns
M7vsM8_anom_24m,tertiles,Relative Mortality,uWUE,Mid,31,0.002,48.4,0.1612,0.2901,ns
M7vsM8_anom_24m,tertiles,Relative Mortality,ETmax,Low,31,-9e-04,61.3,0.3658,0.4221,ns
M7vsM8_anom_24m,tertiles,Relative Mortality,GPPsat,Low,31,-0.47433,58.1,0.01307,0.06522,ns
M7vsM8_anom_24m,tertiles,Relative Mortality,NEPmax,Low,31,-0.79222,71,0.0007758,0.01746,*
M7vsM8_anom_24m,tertiles,Relative Mortality,WUE,Low,31,0.01366,48.4,0.2685,0.3554,ns
M7vsM8_anom_24m,tertiles,Relative Mortality,uWUE,Low,31,-0.04964,51.6,0.1141,0.2232,ns
M7vsM8_anom_24m,tertiles,Relative Disturbance,ETmax,High,31,0.00014,48.4,0.7442,0.7612,ns
M7vsM8_anom_24m,tertiles,Relative Disturbance,GPPsat,High,31,-0.82025,71,0.001923,0.02769,*
M7vsM8_anom_24m,tertiles,Relative Disturbance,NEPmax,High,31,-0.89959,64.5,0.03346,0.1075,ns
M7vsM8_anom_24m,tertiles,Relative Disturbance,WUE,High,31,-0.07869,61.3,0.04887,0.1466,ns
M7vsM8_anom_24m,tertiles,Relative Disturbance,uWUE,High,31,0.00801,48.4,0.2312,0.3251,ns
M7vsM8_anom_24m,tertiles,Relative Disturbance,ETmax,Mid,31,-0.00103,58.1,0.2816,0.3621,ns
M7vsM8_anom_24m,tertiles,Relative Disturbance,GPPsat,Mid,31,-0.68737,61.3,0.05963,0.1585,ns
M7vsM8_anom_24m,tertiles,Relative Disturbance,NEPmax,Mid,31,-0.78976,67.7,0.01594,0.06522,ns
M7vsM8_anom_24m,tertiles,Relative Disturbance,WUE,Mid,31,-0.01566,54.8,0.2137,0.3102,ns
M7vsM8_anom_24m,tertiles,Relative Disturbance,uWUE,Mid,31,0.01983,45.2,0.3658,0.4221,ns
M7vsM8_anom_24m,tertiles,Relative Disturbance,ETmax,Low,31,-0.00052,54.8,0.6488,0.6952,ns
M7vsM8_anom_24m,tertiles,Relative Disturbance,GPPsat,Low,31,-0.37606,54.8,0.0256,0.09599,ns
M7vsM8_anom_24m,tertiles,Relative Disturbance,NEPmax,Low,31,-0.61081,67.7,0.005578,0.04184,*
M7vsM8_anom_24m,tertiles,Relative Disturbance,WUE,Low,31,0.01366,48.4,0.176,0.2933,ns
M7vsM8_anom_24m,tertiles,Relative Disturbance,uWUE,Low,31,-0.05456,54.8,0.06692,0.1585,ns
M7vsM8_anom_24m,equal_width,Absolute Mortality,ETmax,Mid,35,-3e-04,51.4,0.5359,0.5684,ns
M7vsM8_anom_24m,equal_width,Absolute Mortality,GPPsat,Mid,35,-0.51422,60,0.0759,0.1476,ns
M7vsM8_anom_24m,equal_width,Absolute Mortality,NEPmax,Mid,35,-0.62378,65.7,0.03777,0.1243,ns
M7vsM8_anom_24m,equal_width,Absolute Mortality,WUE,Mid,35,-0.01566,54.3,0.169,0.2464,ns
M7vsM8_anom_24m,equal_width,Absolute Mortality,uWUE,Mid,35,0.002,48.6,0.2041,0.2857,ns
M7vsM8_anom_24m,equal_width,Absolute Mortality,ETmax,Low,53,-0.00052,54.7,0.5141,0.5684,ns
M7vsM8_anom_24m,equal_width,Absolute Mortality,GPPsat,Low,53,-0.87719,62.3,0.0004504,0.01027,*
M7vsM8_anom_24m,equal_width,Absolute Mortality,NEPmax,Low,53,-0.78976,66,0.001063,0.01027,*
M7vsM8_anom_24m,equal_width,Absolute Mortality,WUE,Low,53,-0.03372,54.7,0.03546,0.1243,ns
M7vsM8_anom_24m,equal_width,Absolute Mortality,uWUE,Low,53,-0.04964,50.9,0.04459,0.1301,ns
M7vsM8_anom_24m,equal_width,Absolute Mortality,ETmax,High,5,-0.00013,60,,,""
M7vsM8_anom_24m,equal_width,Absolute Mortality,GPPsat,High,5,-1.75506,80,,,""
M7vsM8_anom_24m,equal_width,Absolute Mortality,NEPmax,High,5,-2.19927,80,,,""
M7vsM8_anom_24m,equal_width,Absolute Mortality,WUE,High,5,-0.10004,60,,,""
M7vsM8_anom_24m,equal_width,Absolute Mortality,uWUE,High,5,0.08653,40,,,""
M7vsM8_anom_24m,equal_width,Relative Mortality,ETmax,Mid,33,-0.00064,54.5,0.5143,0.5684,ns
M7vsM8_anom_24m,equal_width,Relative Mortality,GPPsat,Mid,33,-0.51422,60.6,0.02795,0.1223,ns
M7vsM8_anom_24m,equal_width,Relative Mortality,NEPmax,Mid,33,-0.62378,63.6,0.09011,0.1577,ns
M7vsM8_anom_24m,equal_width,Relative Mortality,WUE,Mid,33,-0.03372,57.6,0.1227,0.2046,ns
M7vsM8_anom_24m,equal_width,Relative Mortality,uWUE,Mid,33,-0.03086,51.5,0.2777,0.3738,ns
M7vsM8_anom_24m,equal_width,Relative Mortality,ETmax,Low,53,-0.00052,54.7,0.5071,0.5684,ns
M7vsM8_anom_24m,equal_width,Relative Mortality,GPPsat,Low,53,-0.70681,62.3,0.001467,0.01027,*
M7vsM8_anom_24m,equal_width,Relative Mortality,NEPmax,Low,53,-0.78976,67.9,0.0006162,0.01027,*
M7vsM8_anom_24m,equal_width,Relative Mortality,WUE,Low,53,-0.01788,52.8,0.08363,0.1541,ns
M7vsM8_anom_24m,equal_width,Relative Mortality,uWUE,Low,53,0.002,49.1,0.06965,0.1476,ns
M7vsM8_anom_24m,equal_width,Relative Mortality,ETmax,High,7,0.00076,42.9,0.7229,0.7229,ns
M7vsM8_anom_24m,equal_width,Relative Mortality,GPPsat,High,7,-1.75506,71.4,0.05416,0.133,ns
M7vsM8_anom_24m,equal_width,Relative Mortality,NEPmax,High,7,-1.77501,71.4,0.05416,0.133,ns
M7vsM8_anom_24m,equal_width,Relative Mortality,WUE,High,7,-0.10004,57.1,0.1359,0.2163,ns
M7vsM8_anom_24m,equal_width,Relative Mortality,uWUE,High,7,0.02891,42.9,0.3999,0.5184,ns
M7vsM8_anom_24m,equal_width,Relative Disturbance,ETmax,Mid,35,-0.00064,54.3,0.5618,0.5784,ns
M7vsM8_anom_24m,equal_width,Relative Disturbance,GPPsat,Mid,35,-0.58027,62.9,0.01563,0.07813,ns
M7vsM8_anom_24m,equal_width,Relative Disturbance,NEPmax,Mid,35,-0.80873,65.7,0.05699,0.133,ns
M7vsM8_anom_24m,equal_width,Relative Disturbance,WUE,Mid,35,-0.03372,57.1,0.1569,0.2387,ns
M7vsM8_anom_24m,equal_width,Relative Disturbance,uWUE,Mid,35,0.02282,45.7,0.5229,0.5684,ns
M7vsM8_anom_24m,equal_width,Relative Disturbance,ETmax,Low,53,-0.00052,54.7,0.4612,0.5684,ns
M7vsM8_anom_24m,equal_width,Relative Disturbance,GPPsat,Low,53,-0.70681,60.4,0.002575,0.01502,*
M7vsM8_anom_24m,equal_width,Relative Disturbance,NEPmax,Low,53,-0.72005,66,0.001306,0.01027,*
M7vsM8_anom_24m,equal_width,Relative Disturbance,WUE,Low,53,-0.01788,52.8,0.07205,0.1476,ns
M7vsM8_anom_24m,equal_width,Relative Disturbance,uWUE,Low,53,-0.04964,50.9,0.03906,0.1243,ns
M7vsM8_anom_24m,equal_width,Relative Disturbance,ETmax,High,5,0.00076,40,,,""
M7vsM8_anom_24m,equal_width,Relative Disturbance,GPPsat,High,5,-1.81634,80,,,""
M7vsM8_anom_24m,equal_width,Relative Disturbance,NEPmax,High,5,-1.77501,80,,,""
M7vsM8_anom_24m,equal_width,Relative Disturbance,WUE,High,5,-0.2347,60,,,""
M7vsM8_anom_24m,equal_width,Relative Disturbance,uWUE,High,5,-0.08664,60,,,""
M7vsM8_anom_24m,natural_breaks,Absolute Mortality,ETmax,High,20,-0.00073,65,0.2005,0.2936,ns
M7vsM8_anom_24m,natural_breaks,Absolute Mortality,GPPsat,High,20,-0.54725,60,0.0351,0.1214,ns
M7vsM8_anom_24m,natural_breaks,Absolute Mortality,NEPmax,High,20,-0.53751,70,0.0351,0.1214,ns
M7vsM8_anom_24m,natural_breaks,Absolute Mortality,WUE,High,20,-0.04617,55,0.222,0.297,ns
M7vsM8_anom_24m,natural_breaks,Absolute Mortality,uWUE,High,20,-0.00261,50,0.3204,0.3896,ns
M7vsM8_anom_24m,natural_breaks,Absolute Mortality,ETmax,Mid,43,0.00071,46.5,0.6117,0.6655,ns
M7vsM8_anom_24m,natural_breaks,Absolute Mortality,GPPsat,Mid,43,-0.70681,65.1,0.01216,0.06081,ns
M7vsM8_anom_24m,natural_breaks,Absolute Mortality,NEPmax,Mid,43,-0.79222,62.8,0.1079,0.2111,ns
M7vsM8_anom_24m,natural_breaks,Absolute Mortality,WUE,Mid,43,-0.01788,55.8,0.0509,0.1347,ns
M7vsM8_anom_24m,natural_breaks,Absolute Mortality,uWUE,Mid,43,0.002,48.8,0.1481,0.2469,ns
M7vsM8_anom_24m,natural_breaks,Absolute Mortality,ETmax,Low,30,-0.00052,56.7,0.6212,0.6655,ns
M7vsM8_anom_24m,natural_breaks,Absolute Mortality,GPPsat,Low,30,-0.55624,60,0.00679,0.05092,ns
M7vsM8_anom_24m,natural_breaks,Absolute Mortality,NEPmax,Low,30,-0.9771,70,0.0001473,0.006628,**
M7vsM8_anom_24m,natural_breaks,Absolute Mortality,WUE,Low,30,-0.03933,53.3,0.172,0.267,ns
M7vsM8_anom_24m,natural_breaks,Absolute Mortality,uWUE,Low,30,-0.01341,50,0.1568,0.2519,ns
M7vsM8_anom_24m,natural_breaks,Relative Mortality,ETmax,High,26,1e-05,50,0.777,0.7865,ns
M7vsM8_anom_24m,natural_breaks,Relative Mortality,GPPsat,High,26,-0.64622,69.2,0.003549,0.03993,*
M7vsM8_anom_24m,natural_breaks,Relative Mortality,NEPmax,High,26,-0.76168,61.5,0.07036,0.1508,ns
M7vsM8_anom_24m,natural_breaks,Relative Mortality,WUE,High,26,-0.07557,61.5,0.04938,0.1347,ns
M7vsM8_anom_24m,natural_breaks,Relative Mortality,uWUE,High,26,0.01542,46.2,0.3516,0.4164,ns
M7vsM8_anom_24m,natural_breaks,Relative Mortality,ETmax,Mid,32,-0.00086,53.1,0.4369,0.4915,ns
M7vsM8_anom_24m,natural_breaks,Relative Mortality,GPPsat,Mid,32,-0.67008,59.4,0.06376,0.1435,ns
M7vsM8_anom_24m,natural_breaks,Relative Mortality,NEPmax,Mid,32,-0.79924,65.6,0.06376,0.1435,ns
M7vsM8_anom_24m,natural_breaks,Relative Mortality,WUE,Mid,32,-0.01131,53.1,0.2244,0.297,ns
M7vsM8_anom_24m,natural_breaks,Relative Mortality,uWUE,Mid,32,-0.0175,50,0.208,0.2936,ns
M7vsM8_anom_24m,natural_breaks,Relative Mortality,ETmax,Low,35,-0.00052,57.1,0.4317,0.4915,ns
M7vsM8_anom_24m,natural_breaks,Relative Mortality,GPPsat,Low,35,-0.68737,60,0.005694,0.05092,ns
M7vsM8_anom_24m,natural_breaks,Relative Mortality,NEPmax,Low,35,-0.79222,71.4,0.0003002,0.006755,**
M7vsM8_anom_24m,natural_breaks,Relative Mortality,WUE,Low,35,-0.03312,51.4,0.1241,0.2234,ns
M7vsM8_anom_24m,natural_breaks,Relative Mortality,uWUE,Low,35,-0.04964,51.4,0.09095,0.186,ns
M7vsM8_anom_24m,natural_breaks,Relative Disturbance,ETmax,Mid,35,-0.0013,60,0.1143,0.2144,ns
M7vsM8_anom_24m,natural_breaks,Relative Disturbance,GPPsat,Mid,35,-0.68737,60,0.03777,0.1214,ns
M7vsM8_anom_24m,natural_breaks,Relative Disturbance,NEPmax,Mid,35,-0.8769,68.6,0.02421,0.1089,ns
M7vsM8_anom_24m,natural_breaks,Relative Disturbance,WUE,Mid,35,-0.01566,54.3,0.1454,0.2469,ns
M7vsM8_anom_24m,natural_breaks,Relative Disturbance,uWUE,Mid,35,0.02618,45.7,0.3203,0.3896,ns
M7vsM8_anom_24m,natural_breaks,Relative Disturbance,ETmax,Low,35,-4e-05,51.4,0.7865,0.7865,ns
M7vsM8_anom_24m,natural_breaks,Relative Disturbance,GPPsat,Low,35,-0.36132,54.3,0.03516,0.1214,ns
M7vsM8_anom_24m,natural_breaks,Relative Disturbance,NEPmax,Low,35,-0.46105,62.9,0.01165,0.06081,ns
M7vsM8_anom_24m,natural_breaks,Relative Disturbance,WUE,Low,35,0.01366,48.6,0.2087,0.2936,ns
M7vsM8_anom_24m,natural_breaks,Relative Disturbance,uWUE,Low,35,-0.05456,54.3,0.05514,0.1378,ns
M7vsM8_anom_24m,natural_breaks,Relative Disturbance,ETmax,High,23,0.00014,47.8,0.781,0.7865,ns
M7vsM8_anom_24m,natural_breaks,Relative Disturbance,GPPsat,High,23,-1.07156,78.3,0.0009119,0.01368,*
M7vsM8_anom_24m,natural_breaks,Relative Disturbance,NEPmax,High,23,-1.06435,69.6,0.009989,0.06081,ns
M7vsM8_anom_24m,natural_breaks,Relative Disturbance,WUE,High,23,-0.07869,65.2,0.0487,0.1347,ns
M7vsM8_anom_24m,natural_breaks,Relative Disturbance,uWUE,High,23,0.00801,47.8,0.2973,0.3822,ns
