unit,method,metric,response,category,n,median_dRMSE,pct_sites_improved,p_onesided_wilcoxon,q_BH,sig
M1vsM2_12m,tertiles,Absolute Mortality,ETmax,High,31,-0.00161,61.3,0.4493,0.5184,ns
M1vsM2_12m,tertiles,Absolute Mortality,GPPsat,High,31,-0.15403,61.3,0.09965,0.2624,ns
M1vsM2_12m,tertiles,Absolute Mortality,NEPmax,High,31,-0.18285,58.1,0.1564,0.2629,ns
M1vsM2_12m,tertiles,Absolute Mortality,WUE,High,31,-0.05254,61.3,0.1179,0.2624,ns
M1vsM2_12m,tertiles,Absolute Mortality,uWUE,High,31,-0.03132,61.3,0.1612,0.2629,ns
M1vsM2_12m,tertiles,Absolute Mortality,ETmax,Mid,31,0.00082,35.5,0.9134,0.9134,ns
M1vsM2_12m,tertiles,Absolute Mortality,GPPsat,Mid,31,-1.06219,77.4,0.002177,0.09445,ns
M1vsM2_12m,tertiles,Absolute Mortality,NEPmax,Mid,31,-0.9265,67.7,0.0256,0.192,ns
M1vsM2_12m,tertiles,Absolute Mortality,WUE,Mid,31,-0.03204,54.8,0.1811,0.2629,ns
M1vsM2_12m,tertiles,Absolute Mortality,uWUE,Mid,31,0.00497,48.4,0.2558,0.3197,ns
M1vsM2_12m,tertiles,Absolute Mortality,ETmax,Low,31,-0.00201,61.3,0.2558,0.3197,ns
M1vsM2_12m,tertiles,Absolute Mortality,GPPsat,Low,31,-0.30276,61.3,0.1341,0.2624,ns
M1vsM2_12m,tertiles,Absolute Mortality,NEPmax,Low,31,-1.00108,61.3,0.05734,0.258,ns
M1vsM2_12m,tertiles,Absolute Mortality,WUE,Low,31,-0.00868,51.6,0.1472,0.2629,ns
M1vsM2_12m,tertiles,Absolute Mortality,uWUE,Low,31,-0.00568,51.6,0.1709,0.2629,ns
M1vsM2_12m,tertiles,Relative Mortality,ETmax,High,31,-0.00087,61.3,0.4649,0.523,ns
M1vsM2_12m,tertiles,Relative Mortality,GPPsat,High,31,-0.75101,74.2,0.004198,0.09445,ns
M1vsM2_12m,tertiles,Relative Mortality,NEPmax,High,31,-0.31399,58.1,0.05512,0.258,ns
M1vsM2_12m,tertiles,Relative Mortality,WUE,High,31,-0.04767,58.1,0.1179,0.2624,ns
M1vsM2_12m,tertiles,Relative Mortality,uWUE,High,31,-0.01686,51.6,0.295,0.3588,ns
M1vsM2_12m,tertiles,Relative Mortality,ETmax,Mid,31,0.00038,41.9,0.5351,0.5734,ns
M1vsM2_12m,tertiles,Relative Mortality,GPPsat,Mid,31,-0.69384,64.5,0.07215,0.2624,ns
M1vsM2_12m,tertiles,Relative Mortality,NEPmax,Mid,31,-0.55805,67.7,0.05512,0.258,ns
M1vsM2_12m,tertiles,Relative Mortality,WUE,Mid,31,-0.04276,61.3,0.09626,0.2624,ns
M1vsM2_12m,tertiles,Relative Mortality,uWUE,Mid,31,-0.03138,54.8,0.1916,0.2694,ns
M1vsM2_12m,tertiles,Relative Mortality,ETmax,Low,31,-4e-04,54.8,0.5273,0.5734,ns
M1vsM2_12m,tertiles,Relative Mortality,GPPsat,Low,31,-0.29421,61.3,0.1141,0.2624,ns
M1vsM2_12m,tertiles,Relative Mortality,NEPmax,Low,31,-1.00108,61.3,0.05734,0.258,ns
M1vsM2_12m,tertiles,Relative Mortality,WUE,Low,31,0.00071,48.4,0.2372,0.314,ns
M1vsM2_12m,tertiles,Relative Mortality,uWUE,Low,31,-0.00568,54.8,0.1067,0.2624,ns
M1vsM2_12m,tertiles,Relative Disturbance,ETmax,High,31,-0.00018,54.8,0.5661,0.5925,ns
M1vsM2_12m,tertiles,Relative Disturbance,GPPsat,High,31,-0.75101,71,0.01181,0.1771,ns
M1vsM2_12m,tertiles,Relative Disturbance,NEPmax,High,31,-0.31399,58.1,0.06441,0.2624,ns
M1vsM2_12m,tertiles,Relative Disturbance,WUE,High,31,-0.03573,54.8,0.1811,0.2629,ns
M1vsM2_12m,tertiles,Relative Disturbance,uWUE,High,31,-0.01686,51.6,0.3226,0.382,ns
M1vsM2_12m,tertiles,Relative Disturbance,ETmax,Mid,31,-0.00168,58.1,0.1299,0.2624,ns
M1vsM2_12m,tertiles,Relative Disturbance,GPPsat,Mid,31,-0.68398,67.7,0.01594,0.1794,ns
M1vsM2_12m,tertiles,Relative Disturbance,NEPmax,Mid,31,-0.42578,67.7,0.02127,0.1914,ns
M1vsM2_12m,tertiles,Relative Disturbance,WUE,Mid,31,-0.04276,61.3,0.08661,0.2624,ns
M1vsM2_12m,tertiles,Relative Disturbance,uWUE,Mid,31,-0.03138,54.8,0.2253,0.3072,ns
M1vsM2_12m,tertiles,Relative Disturbance,ETmax,Low,31,0.00095,45.2,0.8189,0.8375,ns
M1vsM2_12m,tertiles,Relative Disturbance,GPPsat,Low,31,-0.29421,61.3,0.176,0.2629,ns
M1vsM2_12m,tertiles,Relative Disturbance,NEPmax,Low,31,-0.9265,61.3,0.1341,0.2624,ns
M1vsM2_12m,tertiles,Relative Disturbance,WUE,Low,31,-0.00868,51.6,0.176,0.2629,ns
M1vsM2_12m,tertiles,Relative Disturbance,uWUE,Low,31,-0.00568,54.8,0.08661,0.2624,ns
M1vsM2_12m,equal_width,Absolute Mortality,ETmax,Mid,35,0.00013,48.6,0.7769,0.7769,ns
M1vsM2_12m,equal_width,Absolute Mortality,GPPsat,Mid,35,-0.31381,60,0.1241,0.2413,ns
M1vsM2_12m,equal_width,Absolute Mortality,NEPmax,Mid,35,-0.18285,57.1,0.1995,0.3491,ns
M1vsM2_12m,equal_width,Absolute Mortality,WUE,Mid,35,-0.05254,62.9,0.05333,0.1436,ns
M1vsM2_12m,equal_width,Absolute Mortality,uWUE,Mid,35,-0.03138,60,0.06698,0.1563,ns
M1vsM2_12m,equal_width,Absolute Mortality,ETmax,Low,53,-0.00028,54.7,0.2795,0.4076,ns
M1vsM2_12m,equal_width,Absolute Mortality,GPPsat,Low,53,-0.94944,73.6,0.0007411,0.02594,*
M1vsM2_12m,equal_width,Absolute Mortality,NEPmax,Low,53,-1.13287,69.8,0.00151,0.02643,*
M1vsM2_12m,equal_width,Absolute Mortality,WUE,Low,53,-0.00868,52.8,0.116,0.2389,ns
M1vsM2_12m,equal_width,Absolute Mortality,uWUE,Low,53,-0.0056,50.9,0.144,0.2653,ns
M1vsM2_12m,equal_width,Absolute Mortality,ETmax,High,5,-0.00181,60,,,""
M1vsM2_12m,equal_width,Absolute Mortality,GPPsat,High,5,0.27894,40,,,""
M1vsM2_12m,equal_width,Absolute Mortality,NEPmax,High,5,0.97357,20,,,""
M1vsM2_12m,equal_width,Absolute Mortality,WUE,High,5,0.04797,40,,,""
M1vsM2_12m,equal_width,Absolute Mortality,uWUE,High,5,0.02843,40,,,""
M1vsM2_12m,equal_width,Relative Mortality,ETmax,Mid,33,-0.00018,54.5,0.5143,0.5806,ns
M1vsM2_12m,equal_width,Relative Mortality,GPPsat,Mid,33,-0.71798,78.8,0.004544,0.03976,*
M1vsM2_12m,equal_width,Relative Mortality,NEPmax,Mid,33,-0.34944,69.7,0.01531,0.1072,ns
M1vsM2_12m,equal_width,Relative Mortality,WUE,Mid,33,-0.00416,51.5,0.4291,0.5349,ns
M1vsM2_12m,equal_width,Relative Mortality,uWUE,Mid,33,0.00497,48.5,0.4432,0.5349,ns
M1vsM2_12m,equal_width,Relative Mortality,ETmax,Low,53,-0.00028,50.9,0.4788,0.5586,ns
M1vsM2_12m,equal_width,Relative Mortality,GPPsat,Low,53,-0.34492,60.4,0.04802,0.1401,ns
M1vsM2_12m,equal_width,Relative Mortality,NEPmax,Low,53,-0.55805,60.4,0.04543,0.1401,ns
M1vsM2_12m,equal_width,Relative Mortality,WUE,Low,53,-0.05039,58.5,0.02681,0.1188,ns
M1vsM2_12m,equal_width,Relative Mortality,uWUE,Low,53,-0.03676,56.6,0.04058,0.1401,ns
M1vsM2_12m,equal_width,Relative Mortality,ETmax,High,7,-0.00212,57.1,0.5337,0.5837,ns
M1vsM2_12m,equal_width,Relative Mortality,GPPsat,High,7,-0.04543,57.1,0.2234,0.3724,ns
M1vsM2_12m,equal_width,Relative Mortality,NEPmax,High,7,0.16446,42.9,0.2771,0.4076,ns
M1vsM2_12m,equal_width,Relative Mortality,WUE,High,7,-0.03573,57.1,0.2771,0.4076,ns
M1vsM2_12m,equal_width,Relative Mortality,uWUE,High,7,-0.03132,57.1,0.3363,0.4527,ns
M1vsM2_12m,equal_width,Relative Disturbance,ETmax,Mid,35,-0.00087,60,0.3203,0.4484,ns
M1vsM2_12m,equal_width,Relative Disturbance,GPPsat,Mid,35,-0.75101,77.1,0.002614,0.0305,*
M1vsM2_12m,equal_width,Relative Disturbance,NEPmax,Mid,35,-0.32141,62.9,0.02714,0.1188,ns
M1vsM2_12m,equal_width,Relative Disturbance,WUE,Mid,35,-0.00926,51.4,0.3809,0.4938,ns
M1vsM2_12m,equal_width,Relative Disturbance,uWUE,Mid,35,0.02816,45.7,0.6679,0.6875,ns
M1vsM2_12m,equal_width,Relative Disturbance,ETmax,Low,53,0.00028,47.2,0.6581,0.6875,ns
M1vsM2_12m,equal_width,Relative Disturbance,GPPsat,Low,53,-0.34492,60.4,0.07963,0.1742,ns
M1vsM2_12m,equal_width,Relative Disturbance,NEPmax,Low,53,-0.42578,62.3,0.05754,0.1438,ns
M1vsM2_12m,equal_width,Relative Disturbance,WUE,Low,53,-0.04276,58.5,0.04543,0.1401,ns
M1vsM2_12m,equal_width,Relative Disturbance,uWUE,Low,53,-0.03676,58.5,0.02,0.1166,ns
M1vsM2_12m,equal_width,Relative Disturbance,ETmax,High,5,-0.00212,60,,,""
M1vsM2_12m,equal_width,Relative Disturbance,GPPsat,High,5,-1.38653,60,,,""
M1vsM2_12m,equal_width,Relative Disturbance,NEPmax,High,5,-3.10117,60,,,""
M1vsM2_12m,equal_width,Relative Disturbance,WUE,High,5,-0.28909,60,,,""
M1vsM2_12m,equal_width,Relative Disturbance,uWUE,High,5,-0.21781,60,,,""
M1vsM2_12m,natural_breaks,Absolute Mortality,ETmax,High,20,-0.00175,65,0.3897,0.4497,ns
M1vsM2_12m,natural_breaks,Absolute Mortality,GPPsat,High,20,-0.22471,65,0.09253,0.2678,ns
M1vsM2_12m,natural_breaks,Absolute Mortality,NEPmax,High,20,0.2755,45,0.3475,0.4116,ns
M1vsM2_12m,natural_breaks,Absolute Mortality,WUE,High,20,-0.04408,55,0.1802,0.3098,ns
M1vsM2_12m,natural_breaks,Absolute Mortality,uWUE,High,20,-0.01723,55,0.2333,0.3182,ns
M1vsM2_12m,natural_breaks,Absolute Mortality,ETmax,Mid,43,0.00045,41.9,0.8158,0.8344,ns
M1vsM2_12m,natural_breaks,Absolute Mortality,GPPsat,Mid,43,-0.83377,72.1,0.003236,0.05833,ns
M1vsM2_12m,natural_breaks,Absolute Mortality,NEPmax,Mid,43,-0.77413,72.1,0.005515,0.06204,ns
M1vsM2_12m,natural_breaks,Absolute Mortality,WUE,Mid,43,-0.05254,60.5,0.1125,0.2678,ns
M1vsM2_12m,natural_breaks,Absolute Mortality,uWUE,Mid,43,-0.03138,55.8,0.1509,0.2953,ns
M1vsM2_12m,natural_breaks,Absolute Mortality,ETmax,Low,30,-0.00183,60,0.3329,0.4049,ns
M1vsM2_12m,natural_breaks,Absolute Mortality,GPPsat,Low,30,-0.29848,60,0.1882,0.3098,ns
M1vsM2_12m,natural_breaks,Absolute Mortality,NEPmax,Low,30,-0.68578,60,0.08096,0.2678,ns
M1vsM2_12m,natural_breaks,Absolute Mortality,WUE,Low,30,-0.00399,50,0.1938,0.3098,ns
M1vsM2_12m,natural_breaks,Absolute Mortality,uWUE,Low,30,-0.00041,50,0.2295,0.3182,ns
M1vsM2_12m,natural_breaks,Relative Mortality,ETmax,High,26,-0.00076,57.7,0.5606,0.6069,ns
M1vsM2_12m,natural_breaks,Relative Mortality,GPPsat,High,26,-0.53241,69.2,0.01983,0.1487,ns
M1vsM2_12m,natural_breaks,Relative Mortality,NEPmax,High,26,-0.3177,53.8,0.07385,0.2678,ns
M1vsM2_12m,natural_breaks,Relative Mortality,WUE,High,26,-0.04408,57.7,0.0933,0.2678,ns
M1vsM2_12m,natural_breaks,Relative Mortality,uWUE,High,26,-0.01723,53.8,0.2082,0.3098,ns
M1vsM2_12m,natural_breaks,Relative Mortality,ETmax,Mid,32,-0.00067,53.1,0.2134,0.3098,ns
M1vsM2_12m,natural_breaks,Relative Mortality,GPPsat,Mid,32,-0.70591,68.8,0.01469,0.1322,ns
M1vsM2_12m,natural_breaks,Relative Mortality,NEPmax,Mid,32,-0.35996,68.8,0.0314,0.2019,ns
M1vsM2_12m,natural_breaks,Relative Mortality,WUE,Mid,32,-0.0374,59.4,0.2416,0.3197,ns
M1vsM2_12m,natural_breaks,Relative Mortality,uWUE,Mid,32,-0.02234,53.1,0.4004,0.4504,ns
M1vsM2_12m,natural_breaks,Relative Mortality,ETmax,Low,35,4e-04,48.6,0.6971,0.7295,ns
M1vsM2_12m,natural_breaks,Relative Mortality,GPPsat,Low,35,-0.30276,62.9,0.1175,0.2678,ns
M1vsM2_12m,natural_breaks,Relative Mortality,NEPmax,Low,35,-1.00108,62.9,0.06913,0.2678,ns
M1vsM2_12m,natural_breaks,Relative Mortality,WUE,Low,35,-0.00868,51.4,0.1309,0.2678,ns
M1vsM2_12m,natural_breaks,Relative Mortality,uWUE,Low,35,-0.00568,54.3,0.06913,0.2678,ns
M1vsM2_12m,natural_breaks,Relative Disturbance,ETmax,Mid,35,-0.00161,57.1,0.09366,0.2678,ns
M1vsM2_12m,natural_breaks,Relative Disturbance,GPPsat,Mid,35,-0.83377,74.3,0.002243,0.05833,ns
M1vsM2_12m,natural_breaks,Relative Disturbance,NEPmax,Mid,35,-0.55805,74.3,0.003888,0.05833,ns
M1vsM2_12m,natural_breaks,Relative Disturbance,WUE,Mid,35,-0.04767,60,0.1208,0.2678,ns
M1vsM2_12m,natural_breaks,Relative Disturbance,uWUE,Mid,35,-0.03138,54.3,0.2805,0.3606,ns
M1vsM2_12m,natural_breaks,Relative Disturbance,ETmax,Low,35,0.00092,42.9,0.8583,0.8583,ns
M1vsM2_12m,natural_breaks,Relative Disturbance,GPPsat,Low,35,-0.29421,60,0.1949,0.3098,ns
M1vsM2_12m,natural_breaks,Relative Disturbance,NEPmax,Low,35,-0.37542,57.1,0.1904,0.3098,ns
M1vsM2_12m,natural_breaks,Relative Disturbance,WUE,Low,35,-0.03204,54.3,0.1208,0.2678,ns
M1vsM2_12m,natural_breaks,Relative Disturbance,uWUE,Low,35,-0.00568,54.3,0.09926,0.2678,ns
M1vsM2_12m,natural_breaks,Relative Disturbance,ETmax,High,23,-0.00135,60.9,0.5664,0.6069,ns
M1vsM2_12m,natural_breaks,Relative Disturbance,GPPsat,High,23,-0.31381,65.2,0.05185,0.2678,ns
M1vsM2_12m,natural_breaks,Relative Disturbance,NEPmax,High,23,-0.31399,52.2,0.127,0.2678,ns
M1vsM2_12m,natural_breaks,Relative Disturbance,WUE,High,23,-0.00926,52.2,0.2101,0.3098,ns
M1vsM2_12m,natural_breaks,Relative Disturbance,uWUE,High,23,-0.01686,52.2,0.3187,0.3983,ns
M1vsM2_24m,tertiles,Absolute Mortality,ETmax,High,31,-0.00048,54.8,0.4649,0.5505,ns
M1vsM2_24m,tertiles,Absolute Mortality,GPPsat,High,31,-0.19577,58.1,0.1612,0.2828,ns
M1vsM2_24m,tertiles,Absolute Mortality,NEPmax,High,31,-0.36627,64.5,0.08058,0.2789,ns
M1vsM2_24m,tertiles,Absolute Mortality,WUE,High,31,-0.07001,58.1,0.1341,0.2828,ns
M1vsM2_24m,tertiles,Absolute Mortality,uWUE,High,31,-0.02308,58.1,0.1612,0.2828,ns
M1vsM2_24m,tertiles,Absolute Mortality,ETmax,Mid,31,0.00154,35.5,0.9103,0.9103,ns
M1vsM2_24m,tertiles,Absolute Mortality,GPPsat,Mid,31,-0.72983,77.4,0.002461,0.1107,ns
M1vsM2_24m,tertiles,Absolute Mortality,NEPmax,Mid,31,-0.47123,61.3,0.06692,0.2706,ns
M1vsM2_24m,tertiles,Absolute Mortality,WUE,Mid,31,-0.0463,61.3,0.2558,0.3488,ns
M1vsM2_24m,tertiles,Absolute Mortality,uWUE,Mid,31,-0.04857,61.3,0.1709,0.2828,ns
M1vsM2_24m,tertiles,Absolute Mortality,ETmax,Low,31,-0.00015,54.8,0.4262,0.5183,ns
M1vsM2_24m,tertiles,Absolute Mortality,GPPsat,Low,31,-0.38839,64.5,0.1428,0.2828,ns
M1vsM2_24m,tertiles,Absolute Mortality,NEPmax,Low,31,-1.08181,64.5,0.03494,0.1986,ns
M1vsM2_24m,tertiles,Absolute Mortality,WUE,Low,31,-0.04509,58.1,0.1518,0.2828,ns
M1vsM2_24m,tertiles,Absolute Mortality,uWUE,Low,31,-0.02681,58.1,0.3018,0.388,ns
M1vsM2_24m,tertiles,Relative Mortality,ETmax,High,31,-0.00134,58.1,0.5584,0.6129,ns
M1vsM2_24m,tertiles,Relative Mortality,GPPsat,High,31,-0.44217,71,0.005578,0.1255,ns
M1vsM2_24m,tertiles,Relative Mortality,NEPmax,High,31,-0.35394,64.5,0.03972,0.1986,ns
M1vsM2_24m,tertiles,Relative Mortality,WUE,High,31,-0.07001,58.1,0.1258,0.2828,ns
M1vsM2_24m,tertiles,Relative Mortality,uWUE,High,31,-0.02308,58.1,0.2025,0.3037,ns
M1vsM2_24m,tertiles,Relative Mortality,ETmax,Mid,31,0.00046,35.5,0.8388,0.8778,ns
M1vsM2_24m,tertiles,Relative Mortality,GPPsat,Mid,31,-0.5202,64.5,0.07215,0.2706,ns
M1vsM2_24m,tertiles,Relative Mortality,NEPmax,Mid,31,-0.60102,64.5,0.04503,0.2026,ns
M1vsM2_24m,tertiles,Relative Mortality,WUE,Mid,31,-0.04509,61.3,0.197,0.3037,ns
M1vsM2_24m,tertiles,Relative Mortality,uWUE,Mid,31,-0.00599,54.8,0.295,0.388,ns
M1vsM2_24m,tertiles,Relative Mortality,ETmax,Low,31,-1e-04,51.6,0.6193,0.6636,ns
M1vsM2_24m,tertiles,Relative Mortality,GPPsat,Low,31,-0.38839,64.5,0.1103,0.2828,ns
M1vsM2_24m,tertiles,Relative Mortality,NEPmax,Low,31,-0.80884,61.3,0.03807,0.1986,ns
M1vsM2_24m,tertiles,Relative Mortality,WUE,Low,31,-0.0463,58.1,0.1564,0.2828,ns
M1vsM2_24m,tertiles,Relative Mortality,uWUE,Low,31,-0.05256,64.5,0.09965,0.2828,ns
M1vsM2_24m,tertiles,Relative Disturbance,ETmax,High,31,-8e-05,51.6,0.5195,0.5845,ns
M1vsM2_24m,tertiles,Relative Disturbance,GPPsat,High,31,-0.4322,71,0.01181,0.1328,ns
M1vsM2_24m,tertiles,Relative Disturbance,NEPmax,High,31,-0.60102,67.7,0.02802,0.1986,ns
M1vsM2_24m,tertiles,Relative Disturbance,WUE,High,31,-0.03202,54.8,0.2372,0.3336,ns
M1vsM2_24m,tertiles,Relative Disturbance,uWUE,High,31,-0.02308,54.8,0.3156,0.3945,ns
M1vsM2_24m,tertiles,Relative Disturbance,ETmax,Mid,31,-0.00048,51.6,0.4883,0.5634,ns
M1vsM2_24m,tertiles,Relative Disturbance,GPPsat,Mid,31,-0.48916,64.5,0.02229,0.1986,ns
M1vsM2_24m,tertiles,Relative Disturbance,NEPmax,Mid,31,-0.95731,64.5,0.01181,0.1328,ns
M1vsM2_24m,tertiles,Relative Disturbance,WUE,Mid,31,-0.06605,61.3,0.1518,0.2828,ns
M1vsM2_24m,tertiles,Relative Disturbance,uWUE,Mid,31,-0.00599,54.8,0.2137,0.3102,ns
M1vsM2_24m,tertiles,Relative Disturbance,ETmax,Low,31,0.00107,41.9,0.8742,0.8941,ns
M1vsM2_24m,tertiles,Relative Disturbance,GPPsat,Low,31,-0.38839,64.5,0.1709,0.2828,ns
M1vsM2_24m,tertiles,Relative Disturbance,NEPmax,Low,31,-0.48069,58.1,0.176,0.2828,ns
M1vsM2_24m,tertiles,Relative Disturbance,WUE,Low,31,-0.06161,61.3,0.1472,0.2828,ns
M1vsM2_24m,tertiles,Relative Disturbance,uWUE,Low,31,-0.05256,67.7,0.09965,0.2828,ns
M1vsM2_24m,equal_width,Absolute Mortality,ETmax,Mid,35,0.00029,45.7,0.831,0.8555,ns
M1vsM2_24m,equal_width,Absolute Mortality,GPPsat,Mid,35,-0.24202,57.1,0.1774,0.3267,ns
M1vsM2_24m,equal_width,Absolute Mortality,NEPmax,Mid,35,-0.35394,57.1,0.1995,0.3491,ns
M1vsM2_24m,equal_width,Absolute Mortality,WUE,Mid,35,-0.06773,65.7,0.03914,0.1301,ns
M1vsM2_24m,equal_width,Absolute Mortality,uWUE,Mid,35,-0.07728,65.7,0.02613,0.1301,ns
M1vsM2_24m,equal_width,Absolute Mortality,ETmax,Low,53,0.00014,49.1,0.5071,0.612,ns
M1vsM2_24m,equal_width,Absolute Mortality,GPPsat,Low,53,-0.84498,75.5,0.0008369,0.01652,*
M1vsM2_24m,equal_width,Absolute Mortality,NEPmax,Low,53,-1.26059,69.8,0.000944,0.01652,*
M1vsM2_24m,equal_width,Absolute Mortality,WUE,Low,53,-0.04509,54.7,0.2562,0.3899,ns
M1vsM2_24m,equal_width,Absolute Mortality,uWUE,Low,53,-0.02681,58.5,0.2154,0.3555,ns
M1vsM2_24m,equal_width,Absolute Mortality,ETmax,High,5,-8e-05,60,,,""
M1vsM2_24m,equal_width,Absolute Mortality,GPPsat,High,5,0.26874,40,,,""
M1vsM2_24m,equal_width,Absolute Mortality,NEPmax,High,5,1.12908,40,,,""
M1vsM2_24m,equal_width,Absolute Mortality,WUE,High,5,-0.08464,60,,,""
M1vsM2_24m,equal_width,Absolute Mortality,uWUE,High,5,0.09928,20,,,""
M1vsM2_24m,equal_width,Relative Mortality,ETmax,Mid,33,0.00028,48.5,0.6853,0.7417,ns
M1vsM2_24m,equal_width,Relative Mortality,GPPsat,Mid,33,-0.48916,75.8,0.004313,0.03773,*
M1vsM2_24m,equal_width,Relative Mortality,NEPmax,Mid,33,-0.60102,69.7,0.01828,0.128,ns
M1vsM2_24m,equal_width,Relative Mortality,WUE,Mid,33,-0.02863,51.5,0.5709,0.6661,ns
M1vsM2_24m,equal_width,Relative Mortality,uWUE,Mid,33,-0.00636,51.5,0.3537,0.4952,ns
M1vsM2_24m,equal_width,Relative Mortality,ETmax,Low,53,0.00034,47.2,0.6993,0.7417,ns
M1vsM2_24m,equal_width,Relative Mortality,GPPsat,Low,53,-0.4045,62.3,0.05754,0.1438,ns
M1vsM2_24m,equal_width,Relative Mortality,NEPmax,Low,53,-0.54403,58.5,0.04295,0.1301,ns
M1vsM2_24m,equal_width,Relative Mortality,WUE,Low,53,-0.06773,64.2,0.04295,0.1301,ns
M1vsM2_24m,equal_width,Relative Mortality,uWUE,Low,53,-0.04857,64.2,0.05074,0.1366,ns
M1vsM2_24m,equal_width,Relative Mortality,ETmax,High,7,-8e-05,57.1,0.4663,0.5964,ns
M1vsM2_24m,equal_width,Relative Mortality,GPPsat,High,7,-0.06383,57.1,0.2234,0.3555,ns
M1vsM2_24m,equal_width,Relative Mortality,NEPmax,High,7,-0.848,71.4,0.1359,0.2799,ns
M1vsM2_24m,equal_width,Relative Mortality,WUE,High,7,-0.08464,57.1,0.1763,0.3267,ns
M1vsM2_24m,equal_width,Relative Mortality,uWUE,High,7,-0.02308,57.1,0.3999,0.5384,ns
M1vsM2_24m,equal_width,Relative Disturbance,ETmax,Mid,35,-0.00134,54.3,0.3145,0.4586,ns
M1vsM2_24m,equal_width,Relative Disturbance,GPPsat,Mid,35,-0.48916,74.3,0.003357,0.03773,*
M1vsM2_24m,equal_width,Relative Disturbance,NEPmax,Mid,35,-0.35545,65.7,0.03151,0.1301,ns
M1vsM2_24m,equal_width,Relative Disturbance,WUE,Mid,35,-0.02863,51.4,0.4771,0.5964,ns
M1vsM2_24m,equal_width,Relative Disturbance,uWUE,Mid,35,0.00918,48.6,0.6128,0.6919,ns
M1vsM2_24m,equal_width,Relative Disturbance,ETmax,Low,53,0.00107,43.4,0.8891,0.8891,ns
M1vsM2_24m,equal_width,Relative Disturbance,GPPsat,Low,53,-0.38839,62.3,0.0921,0.2015,ns
M1vsM2_24m,equal_width,Relative Disturbance,NEPmax,Low,53,-0.56015,60.4,0.04459,0.1301,ns
M1vsM2_24m,equal_width,Relative Disturbance,WUE,Low,53,-0.06161,62.3,0.07832,0.1828,ns
M1vsM2_24m,equal_width,Relative Disturbance,uWUE,Low,53,-0.04857,64.2,0.0285,0.1301,ns
M1vsM2_24m,equal_width,Relative Disturbance,ETmax,High,5,-8e-05,60,,,""
M1vsM2_24m,equal_width,Relative Disturbance,GPPsat,High,5,-1.32095,60,,,""
M1vsM2_24m,equal_width,Relative Disturbance,NEPmax,High,5,-3.17893,80,,,""
M1vsM2_24m,equal_width,Relative Disturbance,WUE,High,5,-0.22819,80,,,""
M1vsM2_24m,equal_width,Relative Disturbance,uWUE,High,5,-0.22901,80,,,""
M1vsM2_24m,natural_breaks,Absolute Mortality,ETmax,High,20,-0.00099,60,0.3614,0.4407,ns
M1vsM2_24m,natural_breaks,Absolute Mortality,GPPsat,High,20,-0.2189,60,0.1354,0.2901,ns
M1vsM2_24m,natural_breaks,Absolute Mortality,NEPmax,High,20,-0.27992,55,0.2941,0.4136,ns
M1vsM2_24m,natural_breaks,Absolute Mortality,WUE,High,20,-0.05308,55,0.1274,0.2867,ns
M1vsM2_24m,natural_breaks,Absolute Mortality,uWUE,High,20,-0.00695,50,0.2111,0.3392,ns
M1vsM2_24m,natural_breaks,Absolute Mortality,ETmax,Mid,43,0.00046,39.5,0.8546,0.8741,ns
M1vsM2_24m,natural_breaks,Absolute Mortality,GPPsat,Mid,43,-0.64022,72.1,0.003236,0.05289,ns
M1vsM2_24m,natural_breaks,Absolute Mortality,NEPmax,Mid,43,-0.48069,67.4,0.01106,0.1245,ns
M1vsM2_24m,natural_breaks,Absolute Mortality,WUE,Mid,43,-0.06773,62.8,0.1874,0.323,ns
M1vsM2_24m,natural_breaks,Absolute Mortality,uWUE,Mid,43,-0.05168,65.1,0.0834,0.2681,ns
M1vsM2_24m,natural_breaks,Absolute Mortality,ETmax,Low,30,-0.00012,53.3,0.5164,0.581,ns
M1vsM2_24m,natural_breaks,Absolute Mortality,GPPsat,Low,30,-0.38583,63.3,0.1938,0.323,ns
M1vsM2_24m,natural_breaks,Absolute Mortality,NEPmax,Low,30,-1.04873,63.3,0.04785,0.2121,ns
M1vsM2_24m,natural_breaks,Absolute Mortality,WUE,Low,30,-0.04272,56.7,0.1882,0.323,ns
M1vsM2_24m,natural_breaks,Absolute Mortality,uWUE,Low,30,-0.0176,56.7,0.3556,0.4407,ns
M1vsM2_24m,natural_breaks,Relative Mortality,ETmax,High,26,-0.00135,57.7,0.5304,0.5821,ns
M1vsM2_24m,natural_breaks,Relative Mortality,GPPsat,High,26,-0.39936,69.2,0.01983,0.163,ns
M1vsM2_24m,natural_breaks,Relative Mortality,NEPmax,High,26,-0.60097,65.4,0.04441,0.2121,ns
M1vsM2_24m,natural_breaks,Relative Mortality,WUE,High,26,-0.07105,57.7,0.1163,0.2867,ns
M1vsM2_24m,natural_breaks,Relative Mortality,uWUE,High,26,-0.04369,57.7,0.1803,0.323,ns
M1vsM2_24m,natural_breaks,Relative Mortality,ETmax,Mid,32,0.00031,43.8,0.6069,0.6502,ns
M1vsM2_24m,natural_breaks,Relative Mortality,GPPsat,Mid,32,-0.54045,65.6,0.02221,0.163,ns
M1vsM2_24m,natural_breaks,Relative Mortality,NEPmax,Mid,32,-0.58906,65.6,0.02535,0.163,ns
M1vsM2_24m,natural_breaks,Relative Mortality,WUE,Mid,32,-0.03855,59.4,0.3101,0.4229,ns
M1vsM2_24m,natural_breaks,Relative Mortality,uWUE,Mid,32,-0.00471,53.1,0.4369,0.5041,ns
M1vsM2_24m,natural_breaks,Relative Mortality,ETmax,Low,35,0.001,45.7,0.7913,0.8281,ns
M1vsM2_24m,natural_breaks,Relative Mortality,GPPsat,Low,35,-0.4045,65.7,0.1208,0.2867,ns
M1vsM2_24m,natural_breaks,Relative Mortality,NEPmax,Low,35,-0.56015,60,0.07133,0.2627,ns
M1vsM2_24m,natural_breaks,Relative Mortality,WUE,Low,35,-0.06161,60,0.1143,0.2867,ns
M1vsM2_24m,natural_breaks,Relative Mortality,uWUE,Low,35,-0.05256,65.7,0.0759,0.2627,ns
M1vsM2_24m,natural_breaks,Relative Disturbance,ETmax,Mid,35,0.00014,48.6,0.3624,0.4407,ns
M1vsM2_24m,natural_breaks,Relative Disturbance,GPPsat,Mid,35,-0.64022,71.4,0.003526,0.05289,ns
M1vsM2_24m,natural_breaks,Relative Disturbance,NEPmax,Mid,35,-1.01565,71.4,0.003526,0.05289,ns
M1vsM2_24m,natural_breaks,Relative Disturbance,WUE,Mid,35,-0.06605,60,0.1609,0.323,ns
M1vsM2_24m,natural_breaks,Relative Disturbance,uWUE,Mid,35,-0.00599,54.3,0.3203,0.424,ns
M1vsM2_24m,natural_breaks,Relative Disturbance,ETmax,Low,35,0.0023,40,0.9264,0.9264,ns
M1vsM2_24m,natural_breaks,Relative Disturbance,GPPsat,Low,35,-0.38327,62.9,0.1904,0.323,ns
M1vsM2_24m,natural_breaks,Relative Disturbance,NEPmax,Low,35,-0.47123,54.3,0.2432,0.353,ns
M1vsM2_24m,natural_breaks,Relative Disturbance,WUE,Low,35,-0.06161,62.9,0.1241,0.2867,ns
M1vsM2_24m,natural_breaks,Relative Disturbance,uWUE,Low,35,-0.05256,65.7,0.09643,0.2867,ns
M1vsM2_24m,natural_breaks,Relative Disturbance,ETmax,High,23,-0.0014,60.9,0.3747,0.4438,ns
M1vsM2_24m,natural_breaks,Relative Disturbance,GPPsat,High,23,-0.36651,65.2,0.05185,0.2121,ns
M1vsM2_24m,natural_breaks,Relative Disturbance,NEPmax,High,23,-0.35394,65.2,0.05185,0.2121,ns
M1vsM2_24m,natural_breaks,Relative Disturbance,WUE,High,23,-0.02863,52.2,0.2281,0.3421,ns
M1vsM2_24m,natural_breaks,Relative Disturbance,uWUE,High,23,-0.02308,56.5,0.2281,0.3421,ns
M3vsM4_12m,tertiles,Absolute Mortality,ETmax,High,31,0.00171,32.3,0.9635,0.9927,ns
M3vsM4_12m,tertiles,Absolute Mortality,GPPsat,High,31,-0.66295,71,0.003131,0.04204,*
M3vsM4_12m,tertiles,Absolute Mortality,NEPmax,High,31,-0.56257,80.6,0.0005909,0.01525,*
M3vsM4_12m,tertiles,Absolute Mortality,WUE,High,31,-0.08379,64.5,0.02802,0.1099,ns
M3vsM4_12m,tertiles,Absolute Mortality,uWUE,High,31,-0.07805,64.5,0.06692,0.1949,ns
M3vsM4_12m,tertiles,Absolute Mortality,ETmax,Mid,31,-0.00018,54.8,0.5507,0.6044,ns
M3vsM4_12m,tertiles,Absolute Mortality,GPPsat,Mid,31,-0.22628,58.1,0.1067,0.2286,ns
M3vsM4_12m,tertiles,Absolute Mortality,NEPmax,Mid,31,-0.32605,51.6,0.166,0.2767,ns
M3vsM4_12m,tertiles,Absolute Mortality,WUE,Mid,31,-0.05666,54.8,0.3226,0.382,ns
M3vsM4_12m,tertiles,Absolute Mortality,uWUE,Mid,31,-0.004,51.6,0.2194,0.3086,ns
M3vsM4_12m,tertiles,Absolute Mortality,ETmax,Low,31,-0.00105,58.1,0.1341,0.2595,ns
M3vsM4_12m,tertiles,Absolute Mortality,GPPsat,Low,31,-0.04494,51.6,0.07488,0.1949,ns
M3vsM4_12m,tertiles,Absolute Mortality,NEPmax,Low,31,-0.45224,64.5,0.01757,0.1051,ns
M3vsM4_12m,tertiles,Absolute Mortality,WUE,Low,31,-0.01058,58.1,0.3658,0.4221,ns
M3vsM4_12m,tertiles,Absolute Mortality,uWUE,Low,31,0.01565,45.2,0.295,0.3687,ns
M3vsM4_12m,tertiles,Relative Mortality,ETmax,High,31,0.00132,35.5,0.9824,0.9927,ns
M3vsM4_12m,tertiles,Relative Mortality,GPPsat,High,31,-0.2393,61.3,0.03346,0.1158,ns
M3vsM4_12m,tertiles,Relative Mortality,NEPmax,High,31,-0.39595,67.7,0.02127,0.1051,ns
M3vsM4_12m,tertiles,Relative Mortality,WUE,High,31,-0.05666,58.1,0.1472,0.265,ns
M3vsM4_12m,tertiles,Relative Mortality,uWUE,High,31,-0.05442,64.5,0.08661,0.1949,ns
M3vsM4_12m,tertiles,Relative Mortality,ETmax,Mid,31,-0.00066,58.1,0.3807,0.4282,ns
M3vsM4_12m,tertiles,Relative Mortality,GPPsat,Mid,31,-0.24929,64.5,0.02335,0.1051,ns
M3vsM4_12m,tertiles,Relative Mortality,NEPmax,Mid,31,-0.77637,67.7,0.003737,0.04204,*
M3vsM4_12m,tertiles,Relative Mortality,WUE,Mid,31,-0.07315,61.3,0.1341,0.2595,ns
M3vsM4_12m,tertiles,Relative Mortality,uWUE,Mid,31,0.00263,48.4,0.2372,0.3235,ns
M3vsM4_12m,tertiles,Relative Mortality,ETmax,Low,31,-0.00014,51.6,0.3156,0.382,ns
M3vsM4_12m,tertiles,Relative Mortality,GPPsat,Low,31,-0.1443,54.8,0.05089,0.1636,ns
M3vsM4_12m,tertiles,Relative Mortality,NEPmax,Low,31,-0.16887,61.3,0.07215,0.1949,ns
M3vsM4_12m,tertiles,Relative Mortality,WUE,Low,31,-0.01058,58.1,0.2685,0.3452,ns
M3vsM4_12m,tertiles,Relative Mortality,uWUE,Low,31,0.01349,48.4,0.1612,0.2767,ns
M3vsM4_12m,tertiles,Relative Disturbance,ETmax,High,31,0.0014,32.3,0.9927,0.9927,ns
M3vsM4_12m,tertiles,Relative Disturbance,GPPsat,High,31,-0.45309,64.5,0.02931,0.1099,ns
M3vsM4_12m,tertiles,Relative Disturbance,NEPmax,High,31,-0.40907,67.7,0.01757,0.1051,ns
M3vsM4_12m,tertiles,Relative Disturbance,WUE,High,31,-0.07983,58.1,0.08058,0.1949,ns
M3vsM4_12m,tertiles,Relative Disturbance,uWUE,High,31,-0.07805,64.5,0.1384,0.2595,ns
M3vsM4_12m,tertiles,Relative Disturbance,ETmax,Mid,31,-0.00099,71,0.02229,0.1051,ns
M3vsM4_12m,tertiles,Relative Disturbance,GPPsat,Mid,31,-0.24929,64.5,0.008633,0.0777,ns
M3vsM4_12m,tertiles,Relative Disturbance,NEPmax,Mid,31,-0.78543,71,0.0006776,0.01525,*
M3vsM4_12m,tertiles,Relative Disturbance,WUE,Mid,31,-0.04743,61.3,0.208,0.302,ns
M3vsM4_12m,tertiles,Relative Disturbance,uWUE,Mid,31,0.00263,48.4,0.2025,0.302,ns
M3vsM4_12m,tertiles,Relative Disturbance,ETmax,Low,31,0.00042,41.9,0.6561,0.7029,ns
M3vsM4_12m,tertiles,Relative Disturbance,GPPsat,Low,31,-0.04494,51.6,0.08355,0.1949,ns
M3vsM4_12m,tertiles,Relative Disturbance,NEPmax,Low,31,-0.15899,58.1,0.1863,0.2891,ns
M3vsM4_12m,tertiles,Relative Disturbance,WUE,Low,31,-0.03078,58.1,0.2685,0.3452,ns
M3vsM4_12m,tertiles,Relative Disturbance,uWUE,Low,31,0.01349,48.4,0.1863,0.2891,ns
M3vsM4_12m,equal_width,Absolute Mortality,ETmax,Mid,35,0.00075,40,0.9518,0.9518,ns
M3vsM4_12m,equal_width,Absolute Mortality,GPPsat,Mid,35,-0.24264,60,0.06698,0.1379,ns
M3vsM4_12m,equal_width,Absolute Mortality,NEPmax,Mid,35,-0.39595,71.4,0.005433,0.05214,ns
M3vsM4_12m,equal_width,Absolute Mortality,WUE,Mid,35,-0.08379,62.9,0.03645,0.09114,ns
M3vsM4_12m,equal_width,Absolute Mortality,uWUE,Mid,35,-0.07881,65.7,0.03269,0.09114,ns
M3vsM4_12m,equal_width,Absolute Mortality,ETmax,Low,53,-0.00039,56.6,0.142,0.226,ns
M3vsM4_12m,equal_width,Absolute Mortality,GPPsat,Low,53,-0.09046,56.6,0.009047,0.05214,ns
M3vsM4_12m,equal_width,Absolute Mortality,NEPmax,Low,53,-0.48666,60.4,0.01043,0.05214,ns
M3vsM4_12m,equal_width,Absolute Mortality,WUE,Low,53,-0.01058,54.7,0.4021,0.4813,ns
M3vsM4_12m,equal_width,Absolute Mortality,uWUE,Low,53,0.00263,47.2,0.2505,0.3373,ns
M3vsM4_12m,equal_width,Absolute Mortality,ETmax,High,5,0.00214,20,,,""
M3vsM4_12m,equal_width,Absolute Mortality,GPPsat,High,5,-0.69829,100,,,""
M3vsM4_12m,equal_width,Absolute Mortality,NEPmax,High,5,-0.7831,80,,,""
M3vsM4_12m,equal_width,Absolute Mortality,WUE,High,5,-0.07983,80,,,""
M3vsM4_12m,equal_width,Absolute Mortality,uWUE,High,5,0.01129,40,,,""
M3vsM4_12m,equal_width,Relative Mortality,ETmax,Mid,33,0.00075,39.4,0.948,0.9518,ns
M3vsM4_12m,equal_width,Relative Mortality,GPPsat,Mid,33,-0.20876,60.6,0.03286,0.09114,ns
M3vsM4_12m,equal_width,Relative Mortality,NEPmax,Mid,33,-0.39595,72.7,0.02083,0.081,ns
M3vsM4_12m,equal_width,Relative Mortality,WUE,Mid,33,0.01457,48.5,0.4361,0.4924,ns
M3vsM4_12m,equal_width,Relative Mortality,uWUE,Mid,33,-0.05442,60.6,0.2319,0.3247,ns
M3vsM4_12m,equal_width,Relative Mortality,ETmax,Low,53,-0.00066,54.7,0.2077,0.3029,ns
M3vsM4_12m,equal_width,Relative Mortality,GPPsat,Low,53,-0.22628,56.6,0.01043,0.05214,ns
M3vsM4_12m,equal_width,Relative Mortality,NEPmax,Low,53,-0.45224,60.4,0.007099,0.05214,ns
M3vsM4_12m,equal_width,Relative Mortality,WUE,Low,53,-0.04743,62.3,0.08228,0.1516,ns
M3vsM4_12m,equal_width,Relative Mortality,uWUE,Low,53,0.01349,47.2,0.106,0.1766,ns
M3vsM4_12m,equal_width,Relative Mortality,ETmax,High,7,0.00185,42.9,0.8237,0.901,ns
M3vsM4_12m,equal_width,Relative Mortality,GPPsat,High,7,-0.69829,85.7,0.1024,0.1766,ns
M3vsM4_12m,equal_width,Relative Mortality,NEPmax,High,7,-0.83811,71.4,0.03796,0.09114,ns
M3vsM4_12m,equal_width,Relative Mortality,WUE,High,7,-0.08411,85.7,0.02596,0.09085,ns
M3vsM4_12m,equal_width,Relative Mortality,uWUE,High,7,-0.12374,71.4,0.1763,0.2682,ns
M3vsM4_12m,equal_width,Relative Disturbance,ETmax,Mid,35,0.00075,37.1,0.9467,0.9518,ns
M3vsM4_12m,equal_width,Relative Disturbance,GPPsat,Mid,35,-0.10749,57.1,0.05333,0.1167,ns
M3vsM4_12m,equal_width,Relative Disturbance,NEPmax,Mid,35,-0.39595,71.4,0.01696,0.07419,ns
M3vsM4_12m,equal_width,Relative Disturbance,WUE,Mid,35,-0.03833,51.4,0.3998,0.4813,ns
M3vsM4_12m,equal_width,Relative Disturbance,uWUE,Mid,35,-0.0093,54.3,0.4125,0.4813,ns
M3vsM4_12m,equal_width,Relative Disturbance,ETmax,Low,53,-0.00066,54.7,0.3195,0.4141,ns
M3vsM4_12m,equal_width,Relative Disturbance,GPPsat,Low,53,-0.24264,60.4,0.004391,0.05214,ns
M3vsM4_12m,equal_width,Relative Disturbance,NEPmax,Low,53,-0.45224,60.4,0.007099,0.05214,ns
M3vsM4_12m,equal_width,Relative Disturbance,WUE,Low,53,-0.04743,62.3,0.07327,0.1425,ns
M3vsM4_12m,equal_width,Relative Disturbance,uWUE,Low,53,-0.01567,50.9,0.03906,0.09114,ns
M3vsM4_12m,equal_width,Relative Disturbance,ETmax,High,5,-3e-05,60,,,""
M3vsM4_12m,equal_width,Relative Disturbance,GPPsat,High,5,-1.06429,80,,,""
M3vsM4_12m,equal_width,Relative Disturbance,NEPmax,High,5,-1.31018,80,,,""
M3vsM4_12m,equal_width,Relative Disturbance,WUE,High,5,-0.25212,80,,,""
M3vsM4_12m,equal_width,Relative Disturbance,uWUE,High,5,-0.21583,80,,,""
M3vsM4_12m,natural_breaks,Absolute Mortality,ETmax,High,20,0.00197,30,0.9677,0.984,ns
M3vsM4_12m,natural_breaks,Absolute Mortality,GPPsat,High,20,-0.5728,75,0.01084,0.09532,ns
M3vsM4_12m,natural_breaks,Absolute Mortality,NEPmax,High,20,-0.67283,75,0.01317,0.09532,ns
M3vsM4_12m,natural_breaks,Absolute Mortality,WUE,High,20,-0.06481,60,0.1198,0.2073,ns
M3vsM4_12m,natural_breaks,Absolute Mortality,uWUE,High,20,-0.06624,65,0.1055,0.2073,ns
M3vsM4_12m,natural_breaks,Absolute Mortality,ETmax,Mid,43,-4e-05,51.2,0.56,0.6146,ns
M3vsM4_12m,natural_breaks,Absolute Mortality,GPPsat,Mid,43,-0.24264,60.5,0.02094,0.09734,ns
M3vsM4_12m,natural_breaks,Absolute Mortality,NEPmax,Mid,43,-0.32605,60.5,0.02631,0.09866,ns
M3vsM4_12m,natural_breaks,Absolute Mortality,WUE,Mid,43,-0.05967,60.5,0.1125,0.2073,ns
M3vsM4_12m,natural_breaks,Absolute Mortality,uWUE,Mid,43,-0.05766,55.8,0.1125,0.2073,ns
M3vsM4_12m,natural_breaks,Absolute Mortality,ETmax,Low,30,-0.00087,56.7,0.1882,0.2823,ns
M3vsM4_12m,natural_breaks,Absolute Mortality,GPPsat,Low,30,-0.0113,50,0.1164,0.2073,ns
M3vsM4_12m,natural_breaks,Absolute Mortality,NEPmax,Low,30,-0.47606,66.7,0.01387,0.09532,ns
M3vsM4_12m,natural_breaks,Absolute Mortality,WUE,Low,30,-0.01046,56.7,0.3867,0.4462,ns
M3vsM4_12m,natural_breaks,Absolute Mortality,uWUE,Low,30,0.0253,43.3,0.3867,0.4462,ns
M3vsM4_12m,natural_breaks,Relative Mortality,ETmax,High,26,0.00136,34.6,0.9716,0.984,ns
M3vsM4_12m,natural_breaks,Relative Mortality,GPPsat,High,26,-0.37522,69.2,0.02379,0.09734,ns
M3vsM4_12m,natural_breaks,Relative Mortality,NEPmax,High,26,-0.40251,65.4,0.03009,0.1042,ns
M3vsM4_12m,natural_breaks,Relative Mortality,WUE,High,26,-0.06824,57.7,0.1021,0.2073,ns
M3vsM4_12m,natural_breaks,Relative Mortality,uWUE,High,26,-0.06624,65.4,0.07036,0.1863,ns
M3vsM4_12m,natural_breaks,Relative Mortality,ETmax,Mid,32,-0.00076,62.5,0.208,0.2925,ns
M3vsM4_12m,natural_breaks,Relative Mortality,GPPsat,Mid,32,-0.2257,56.2,0.05289,0.1488,ns
M3vsM4_12m,natural_breaks,Relative Mortality,NEPmax,Mid,32,-0.7809,68.8,0.008135,0.09532,ns
M3vsM4_12m,natural_breaks,Relative Mortality,WUE,Mid,32,-0.05355,59.4,0.3101,0.3772,ns
M3vsM4_12m,natural_breaks,Relative Mortality,uWUE,Mid,32,-0.00068,50,0.2842,0.3553,ns
M3vsM4_12m,natural_breaks,Relative Mortality,ETmax,Low,35,0.00028,45.7,0.5163,0.5809,ns
M3vsM4_12m,natural_breaks,Relative Mortality,GPPsat,Low,35,-0.22628,57.1,0.0224,0.09734,ns
M3vsM4_12m,natural_breaks,Relative Mortality,NEPmax,Low,35,-0.45224,62.9,0.03516,0.113,ns
M3vsM4_12m,natural_breaks,Relative Mortality,WUE,Low,35,-0.03078,60,0.1649,0.2559,ns
M3vsM4_12m,natural_breaks,Relative Mortality,uWUE,Low,35,0.01349,48.6,0.1492,0.2397,ns
M3vsM4_12m,natural_breaks,Relative Disturbance,ETmax,Mid,35,-7e-04,62.9,0.04659,0.1398,ns
M3vsM4_12m,natural_breaks,Relative Disturbance,GPPsat,Mid,35,-0.24929,62.9,0.01766,0.09734,ns
M3vsM4_12m,natural_breaks,Relative Disturbance,NEPmax,Mid,35,-0.77637,74.3,0.0009551,0.04298,*
M3vsM4_12m,natural_breaks,Relative Disturbance,WUE,Mid,35,-0.04743,57.1,0.1995,0.2895,ns
M3vsM4_12m,natural_breaks,Relative Disturbance,uWUE,Mid,35,-0.01567,54.3,0.138,0.23,ns
M3vsM4_12m,natural_breaks,Relative Disturbance,ETmax,Low,35,0.00042,42.9,0.7358,0.7884,ns
M3vsM4_12m,natural_breaks,Relative Disturbance,GPPsat,Low,35,-0.04494,51.4,0.0759,0.1898,ns
M3vsM4_12m,natural_breaks,Relative Disturbance,NEPmax,Low,35,-0.1031,54.3,0.2231,0.2953,ns
M3vsM4_12m,natural_breaks,Relative Disturbance,WUE,Low,35,-0.03078,60,0.2183,0.2953,ns
M3vsM4_12m,natural_breaks,Relative Disturbance,uWUE,Low,35,0.01762,45.7,0.233,0.2996,ns
M3vsM4_12m,natural_breaks,Relative Disturbance,ETmax,High,23,0.00171,34.8,0.984,0.984,ns
M3vsM4_12m,natural_breaks,Relative Disturbance,GPPsat,High,23,-0.48265,69.6,0.01483,0.09532,ns
M3vsM4_12m,natural_breaks,Relative Disturbance,NEPmax,High,23,-0.72251,69.6,0.00848,0.09532,ns
M3vsM4_12m,natural_breaks,Relative Disturbance,WUE,High,23,-0.07983,60.9,0.09807,0.2073,ns
M3vsM4_12m,natural_breaks,Relative Disturbance,uWUE,High,23,-0.05442,65.2,0.08795,0.2073,ns
M3vsM4_24m,tertiles,Absolute Mortality,ETmax,High,31,0.00121,38.7,0.9511,0.9727,ns
M3vsM4_24m,tertiles,Absolute Mortality,GPPsat,High,31,-0.72085,71,0.005899,0.08848,ns
M3vsM4_24m,tertiles,Absolute Mortality,NEPmax,High,31,-0.60611,74.2,0.0005146,0.02316,*
M3vsM4_24m,tertiles,Absolute Mortality,WUE,High,31,-0.06094,64.5,0.05512,0.1772,ns
M3vsM4_24m,tertiles,Absolute Mortality,uWUE,High,31,-0.08825,71,0.04887,0.1692,ns
M3vsM4_24m,tertiles,Absolute Mortality,ETmax,Mid,31,0.00058,38.7,0.8482,0.931,ns
M3vsM4_24m,tertiles,Absolute Mortality,GPPsat,Mid,31,-0.25016,58.1,0.08355,0.1856,ns
M3vsM4_24m,tertiles,Absolute Mortality,NEPmax,Mid,31,-0.35001,58.1,0.197,0.2859,ns
M3vsM4_24m,tertiles,Absolute Mortality,WUE,Mid,31,-0.04438,64.5,0.08355,0.1856,ns
M3vsM4_24m,tertiles,Absolute Mortality,uWUE,Mid,31,-0.03374,58.1,0.09965,0.192,ns
M3vsM4_24m,tertiles,Absolute Mortality,ETmax,Low,31,0.00054,48.4,0.5968,0.7067,ns
M3vsM4_24m,tertiles,Absolute Mortality,GPPsat,Low,31,0.00723,48.4,0.1067,0.192,ns
M3vsM4_24m,tertiles,Absolute Mortality,NEPmax,Low,31,-0.07368,58.1,0.0695,0.1856,ns
M3vsM4_24m,tertiles,Absolute Mortality,WUE,Low,31,-0.01564,51.6,0.5584,0.6792,ns
M3vsM4_24m,tertiles,Absolute Mortality,uWUE,Low,31,-0.04222,58.1,0.2621,0.3469,ns
M3vsM4_24m,tertiles,Relative Mortality,ETmax,High,31,0.00054,38.7,0.9004,0.9647,ns
M3vsM4_24m,tertiles,Relative Mortality,GPPsat,High,31,-0.35755,64.5,0.01518,0.1138,ns
M3vsM4_24m,tertiles,Relative Mortality,NEPmax,High,31,-0.20738,61.3,0.03202,0.1441,ns
M3vsM4_24m,tertiles,Relative Mortality,WUE,High,31,-0.04438,67.7,0.03807,0.1558,ns
M3vsM4_24m,tertiles,Relative Mortality,uWUE,High,31,-0.06376,64.5,0.08661,0.1856,ns
M3vsM4_24m,tertiles,Relative Mortality,ETmax,Mid,31,0.00069,41.9,0.7806,0.9006,ns
M3vsM4_24m,tertiles,Relative Mortality,GPPsat,Mid,31,-0.42182,64.5,0.03064,0.1441,ns
M3vsM4_24m,tertiles,Relative Mortality,NEPmax,Mid,31,-0.54549,67.7,0.01065,0.09586,ns
M3vsM4_24m,tertiles,Relative Mortality,WUE,Mid,31,-0.07322,58.1,0.2312,0.3153,ns
M3vsM4_24m,tertiles,Relative Mortality,uWUE,Mid,31,-0.04645,64.5,0.1179,0.1958,ns
M3vsM4_24m,tertiles,Relative Mortality,ETmax,Low,31,0.00063,45.2,0.8189,0.9213,ns
M3vsM4_24m,tertiles,Relative Mortality,GPPsat,Low,31,0.00723,48.4,0.07769,0.1856,ns
M3vsM4_24m,tertiles,Relative Mortality,NEPmax,Low,31,-0.16421,61.3,0.0432,0.162,ns
M3vsM4_24m,tertiles,Relative Mortality,WUE,Low,31,-0.01969,54.8,0.3585,0.4481,ns
M3vsM4_24m,tertiles,Relative Mortality,uWUE,Low,31,-0.04222,58.1,0.1031,0.192,ns
M3vsM4_24m,tertiles,Relative Disturbance,ETmax,High,31,0.00061,35.5,0.9744,0.9744,ns
M3vsM4_24m,tertiles,Relative Disturbance,GPPsat,High,31,-0.6993,64.5,0.02029,0.1304,ns
M3vsM4_24m,tertiles,Relative Disturbance,NEPmax,High,31,-0.22828,61.3,0.0256,0.144,ns
M3vsM4_24m,tertiles,Relative Disturbance,WUE,High,31,-0.04438,64.5,0.06441,0.1856,ns
M3vsM4_24m,tertiles,Relative Disturbance,uWUE,High,31,-0.06376,64.5,0.08661,0.1856,ns
M3vsM4_24m,tertiles,Relative Disturbance,ETmax,Mid,31,4e-05,48.4,0.2253,0.3153,ns
M3vsM4_24m,tertiles,Relative Disturbance,GPPsat,Mid,31,-0.35996,67.7,0.008633,0.09586,ns
M3vsM4_24m,tertiles,Relative Disturbance,NEPmax,Mid,31,-0.60537,71,0.002047,0.04605,*
M3vsM4_24m,tertiles,Relative Disturbance,WUE,Mid,31,-0.06603,58.1,0.197,0.2859,ns
M3vsM4_24m,tertiles,Relative Disturbance,uWUE,Mid,31,-0.04645,64.5,0.09965,0.192,ns
M3vsM4_24m,tertiles,Relative Disturbance,ETmax,Low,31,0.00146,41.9,0.9491,0.9727,ns
M3vsM4_24m,tertiles,Relative Disturbance,GPPsat,Low,31,0.02565,45.2,0.1218,0.1958,ns
M3vsM4_24m,tertiles,Relative Disturbance,NEPmax,Low,31,-0.10674,58.1,0.1141,0.1958,ns
M3vsM4_24m,tertiles,Relative Disturbance,WUE,Low,31,-0.02134,58.1,0.3156,0.4057,ns
M3vsM4_24m,tertiles,Relative Disturbance,uWUE,Low,31,-0.04222,58.1,0.1384,0.2147,ns
M3vsM4_24m,equal_width,Absolute Mortality,ETmax,Mid,35,0.00073,42.9,0.9264,0.9338,ns
M3vsM4_24m,equal_width,Absolute Mortality,GPPsat,Mid,35,-0.32053,60,0.1112,0.2048,ns
M3vsM4_24m,equal_width,Absolute Mortality,NEPmax,Mid,35,-0.59582,71.4,0.003357,0.06489,ns
M3vsM4_24m,equal_width,Absolute Mortality,WUE,Mid,35,-0.08382,71.4,0.02516,0.06489,ns
M3vsM4_24m,equal_width,Absolute Mortality,uWUE,Mid,35,-0.08825,74.3,0.01696,0.06489,ns
M3vsM4_24m,equal_width,Absolute Mortality,ETmax,Low,53,0.00054,43.4,0.8048,0.9156,ns
M3vsM4_24m,equal_width,Absolute Mortality,GPPsat,Low,53,-0.07584,54.7,0.008021,0.06489,ns
M3vsM4_24m,equal_width,Absolute Mortality,NEPmax,Low,53,-0.16421,58.5,0.02521,0.06489,ns
M3vsM4_24m,equal_width,Absolute Mortality,WUE,Low,53,-0.01564,52.8,0.4788,0.5985,ns
M3vsM4_24m,equal_width,Absolute Mortality,uWUE,Low,53,-0.03122,56.6,0.1401,0.2451,ns
M3vsM4_24m,equal_width,Absolute Mortality,ETmax,High,5,0.00298,20,,,""
M3vsM4_24m,equal_width,Absolute Mortality,GPPsat,High,5,-0.98726,100,,,""
M3vsM4_24m,equal_width,Absolute Mortality,NEPmax,High,5,-0.40225,60,,,""
M3vsM4_24m,equal_width,Absolute Mortality,WUE,High,5,-0.04377,60,,,""
M3vsM4_24m,equal_width,Absolute Mortality,uWUE,High,5,0.01749,40,,,""
M3vsM4_24m,equal_width,Relative Mortality,ETmax,Mid,33,0.00054,42.4,0.8371,0.9156,ns
M3vsM4_24m,equal_width,Relative Mortality,GPPsat,Mid,33,-0.35755,63.6,0.02468,0.06489,ns
M3vsM4_24m,equal_width,Relative Mortality,NEPmax,Mid,33,-0.22828,63.6,0.02468,0.06489,ns
M3vsM4_24m,equal_width,Relative Mortality,WUE,Mid,33,-0.05602,63.6,0.2056,0.2878,ns
M3vsM4_24m,equal_width,Relative Mortality,uWUE,Mid,33,-0.06376,60.6,0.1718,0.2843,ns
M3vsM4_24m,equal_width,Relative Mortality,ETmax,Low,53,0.00063,43.4,0.8327,0.9156,ns
M3vsM4_24m,equal_width,Relative Mortality,GPPsat,Low,53,-0.07584,52.8,0.02087,0.06489,ns
M3vsM4_24m,equal_width,Relative Mortality,NEPmax,Low,53,-0.30326,60.4,0.01255,0.06489,ns
M3vsM4_24m,equal_width,Relative Mortality,WUE,Low,53,-0.02351,56.6,0.1904,0.2843,ns
M3vsM4_24m,equal_width,Relative Mortality,uWUE,Low,53,-0.04222,62.3,0.04295,0.08843,ns
M3vsM4_24m,equal_width,Relative Mortality,ETmax,High,7,0.00296,28.6,0.8641,0.9164,ns
M3vsM4_24m,equal_width,Relative Mortality,GPPsat,High,7,-0.98726,85.7,0.1024,0.1992,ns
M3vsM4_24m,equal_width,Relative Mortality,NEPmax,High,7,-0.60484,85.7,0.02596,0.06489,ns
M3vsM4_24m,equal_width,Relative Mortality,WUE,High,7,-0.04377,71.4,0.03796,0.08305,ns
M3vsM4_24m,equal_width,Relative Mortality,uWUE,High,7,-0.14207,71.4,0.2234,0.3008,ns
M3vsM4_24m,equal_width,Relative Disturbance,ETmax,Mid,35,0.00054,42.9,0.7568,0.9134,ns
M3vsM4_24m,equal_width,Relative Disturbance,GPPsat,Mid,35,-0.32053,62.9,0.02421,0.06489,ns
M3vsM4_24m,equal_width,Relative Disturbance,NEPmax,Mid,35,-0.35001,62.9,0.03037,0.07086,ns
M3vsM4_24m,equal_width,Relative Disturbance,WUE,Mid,35,-0.04438,60,0.1949,0.2843,ns
M3vsM4_24m,equal_width,Relative Disturbance,uWUE,Mid,35,-0.0395,60,0.2916,0.378,ns
M3vsM4_24m,equal_width,Relative Disturbance,ETmax,Low,53,0.00069,41.5,0.9338,0.9338,ns
M3vsM4_24m,equal_width,Relative Disturbance,GPPsat,Low,53,-0.25016,54.7,0.01145,0.06489,ns
M3vsM4_24m,equal_width,Relative Disturbance,NEPmax,Low,53,-0.30326,62.3,0.00764,0.06489,ns
M3vsM4_24m,equal_width,Relative Disturbance,WUE,Low,53,-0.02351,56.6,0.188,0.2843,ns
M3vsM4_24m,equal_width,Relative Disturbance,uWUE,Low,53,-0.04645,62.3,0.02368,0.06489,ns
M3vsM4_24m,equal_width,Relative Disturbance,ETmax,High,5,0.00033,40,,,""
M3vsM4_24m,equal_width,Relative Disturbance,GPPsat,High,5,-1.04305,80,,,""
M3vsM4_24m,equal_width,Relative Disturbance,NEPmax,High,5,-1.86103,80,,,""
M3vsM4_24m,equal_width,Relative Disturbance,WUE,High,5,-0.17767,100,,,""
M3vsM4_24m,equal_width,Relative Disturbance,uWUE,High,5,-0.22165,80,,,""
M3vsM4_24m,natural_breaks,Absolute Mortality,ETmax,High,20,0.00178,30,0.9677,0.9767,ns
M3vsM4_24m,natural_breaks,Absolute Mortality,GPPsat,High,20,-0.86394,70,0.01746,0.08273,ns
M3vsM4_24m,natural_breaks,Absolute Mortality,NEPmax,High,20,-0.63178,75,0.003801,0.08273,ns
M3vsM4_24m,natural_breaks,Absolute Mortality,WUE,High,20,-0.05236,60,0.1055,0.19,ns
M3vsM4_24m,natural_breaks,Absolute Mortality,uWUE,High,20,-0.06715,70,0.07015,0.1503,ns
M3vsM4_24m,natural_breaks,Absolute Mortality,ETmax,Mid,43,0.00015,44.2,0.7045,0.7925,ns
M3vsM4_24m,natural_breaks,Absolute Mortality,GPPsat,Mid,43,-0.39415,62.8,0.01809,0.08273,ns
M3vsM4_24m,natural_breaks,Absolute Mortality,NEPmax,Mid,43,-0.35464,60.5,0.04051,0.1247,ns
M3vsM4_24m,natural_breaks,Absolute Mortality,WUE,Mid,43,-0.07322,67.4,0.03552,0.1247,ns
M3vsM4_24m,natural_breaks,Absolute Mortality,uWUE,Mid,43,-0.06803,62.8,0.04157,0.1247,ns
M3vsM4_24m,natural_breaks,Absolute Mortality,ETmax,Low,30,0.00058,46.7,0.7036,0.7925,ns
M3vsM4_24m,natural_breaks,Absolute Mortality,GPPsat,Low,30,0.01644,46.7,0.1618,0.2473,ns
M3vsM4_24m,natural_breaks,Absolute Mortality,NEPmax,Low,30,-0.09021,60,0.05432,0.1358,ns
M3vsM4_24m,natural_breaks,Absolute Mortality,WUE,Low,30,-0.00484,50,0.6212,0.7356,ns
M3vsM4_24m,natural_breaks,Absolute Mortality,uWUE,Low,30,-0.03672,56.7,0.3036,0.3794,ns
M3vsM4_24m,natural_breaks,Relative Mortality,ETmax,High,26,0.00059,34.6,0.9602,0.9767,ns
M3vsM4_24m,natural_breaks,Relative Mortality,GPPsat,High,26,-0.61754,69.2,0.01644,0.08273,ns
M3vsM4_24m,natural_breaks,Relative Mortality,NEPmax,High,26,-0.21783,61.5,0.04441,0.1247,ns
M3vsM4_24m,natural_breaks,Relative Mortality,WUE,High,26,-0.04408,65.4,0.04684,0.1247,ns
M3vsM4_24m,natural_breaks,Relative Mortality,uWUE,High,26,-0.05602,65.4,0.0933,0.1749,ns
M3vsM4_24m,natural_breaks,Relative Mortality,ETmax,Mid,32,1e-04,46.9,0.4665,0.5673,ns
M3vsM4_24m,natural_breaks,Relative Mortality,GPPsat,Mid,32,-0.29963,59.4,0.04711,0.1247,ns
M3vsM4_24m,natural_breaks,Relative Mortality,NEPmax,Mid,32,-0.45007,65.6,0.01614,0.08273,ns
M3vsM4_24m,natural_breaks,Relative Mortality,WUE,Mid,32,-0.0648,59.4,0.2301,0.3137,ns
M3vsM4_24m,natural_breaks,Relative Mortality,uWUE,Mid,32,-0.05039,65.6,0.1411,0.2336,ns
M3vsM4_24m,natural_breaks,Relative Mortality,ETmax,Low,35,0.00071,42.9,0.8949,0.9767,ns
M3vsM4_24m,natural_breaks,Relative Mortality,GPPsat,Low,35,-0.02346,51.4,0.04199,0.1247,ns
M3vsM4_24m,natural_breaks,Relative Mortality,NEPmax,Low,35,-0.30326,62.9,0.01838,0.08273,ns
M3vsM4_24m,natural_breaks,Relative Mortality,WUE,Low,35,-0.02134,57.1,0.2642,0.3496,ns
M3vsM4_24m,natural_breaks,Relative Mortality,uWUE,Low,35,-0.04222,57.1,0.08571,0.1749,ns
M3vsM4_24m,natural_breaks,Relative Disturbance,ETmax,Mid,35,-0.00083,51.4,0.1649,0.2473,ns
M3vsM4_24m,natural_breaks,Relative Disturbance,GPPsat,Mid,35,-0.35996,65.7,0.01216,0.08273,ns
M3vsM4_24m,natural_breaks,Relative Disturbance,NEPmax,Mid,35,-0.54549,68.6,0.005184,0.08273,ns
M3vsM4_24m,natural_breaks,Relative Disturbance,WUE,Mid,35,-0.05638,60,0.2041,0.287,ns
M3vsM4_24m,natural_breaks,Relative Disturbance,uWUE,Mid,35,-0.05433,62.9,0.09095,0.1749,ns
M3vsM4_24m,natural_breaks,Relative Disturbance,ETmax,Low,35,0.00146,37.1,0.9767,0.9767,ns
M3vsM4_24m,natural_breaks,Relative Disturbance,GPPsat,Low,35,0.07075,42.9,0.1454,0.2336,ns
M3vsM4_24m,natural_breaks,Relative Disturbance,NEPmax,Low,35,-0.10674,57.1,0.1275,0.2207,ns
M3vsM4_24m,natural_breaks,Relative Disturbance,WUE,Low,35,-0.02134,57.1,0.2973,0.3794,ns
M3vsM4_24m,natural_breaks,Relative Disturbance,uWUE,Low,35,-0.03374,57.1,0.1774,0.2575,ns
M3vsM4_24m,natural_breaks,Relative Disturbance,ETmax,High,23,0.00058,34.8,0.9624,0.9767,ns
M3vsM4_24m,natural_breaks,Relative Disturbance,GPPsat,High,23,-0.84069,73.9,0.01173,0.08273,ns
M3vsM4_24m,natural_breaks,Relative Disturbance,NEPmax,High,23,-0.22828,65.2,0.01601,0.08273,ns
M3vsM4_24m,natural_breaks,Relative Disturbance,WUE,High,23,-0.04438,65.2,0.06227,0.1475,ns
M3vsM4_24m,natural_breaks,Relative Disturbance,uWUE,High,23,-0.06376,69.6,0.07009,0.1503,ns
M5vsM6_raw_12m,tertiles,Absolute Mortality,ETmax,High,31,-0.00048,58.1,0.2495,0.9595,ns
M5vsM6_raw_12m,tertiles,Absolute Mortality,GPPsat,High,31,0.09502,32.3,0.9331,0.9791,ns
M5vsM6_raw_12m,tertiles,Absolute Mortality,NEPmax,High,31,0.01701,45.2,0.7117,0.9791,ns
M5vsM6_raw_12m,tertiles,Absolute Mortality,WUE,High,31,-0.00712,61.3,0.3439,0.9595,ns
M5vsM6_raw_12m,tertiles,Absolute Mortality,uWUE,High,31,0.00962,35.5,0.9004,0.9791,ns
M5vsM6_raw_12m,tertiles,Absolute Mortality,ETmax,Mid,31,0,48.4,0.7975,0.9791,ns
M5vsM6_raw_12m,tertiles,Absolute Mortality,GPPsat,Mid,31,0.00182,48.4,0.5117,0.9595,ns
M5vsM6_raw_12m,tertiles,Absolute Mortality,NEPmax,Mid,31,0.05143,48.4,0.6982,0.9791,ns
M5vsM6_raw_12m,tertiles,Absolute Mortality,WUE,Mid,31,-0.00608,51.6,0.2253,0.9595,ns
M5vsM6_raw_12m,tertiles,Absolute Mortality,uWUE,Mid,31,0.00411,45.2,0.7505,0.9791,ns
M5vsM6_raw_12m,tertiles,Absolute Mortality,ETmax,Low,31,-8e-05,51.6,0.1341,0.8896,ns
M5vsM6_raw_12m,tertiles,Absolute Mortality,GPPsat,Low,31,-0.0363,54.8,0.5351,0.9632,ns
M5vsM6_raw_12m,tertiles,Absolute Mortality,NEPmax,Low,31,-0.01408,54.8,0.4185,0.9595,ns
M5vsM6_raw_12m,tertiles,Absolute Mortality,WUE,Low,31,-0.0153,54.8,0.1612,0.9066,ns
M5vsM6_raw_12m,tertiles,Absolute Mortality,uWUE,Low,31,-0.0013,51.6,0.4493,0.9595,ns
M5vsM6_raw_12m,tertiles,Relative Mortality,ETmax,High,31,0.00072,38.7,0.9004,0.9791,ns
M5vsM6_raw_12m,tertiles,Relative Mortality,GPPsat,High,31,0.08153,41.9,0.7184,0.9791,ns
M5vsM6_raw_12m,tertiles,Relative Mortality,NEPmax,High,31,0.01701,48.4,0.725,0.9791,ns
M5vsM6_raw_12m,tertiles,Relative Mortality,WUE,High,31,-0.00747,58.1,0.4493,0.9595,ns
M5vsM6_raw_12m,tertiles,Relative Mortality,uWUE,High,31,0.00774,38.7,0.792,0.9791,ns
M5vsM6_raw_12m,tertiles,Relative Mortality,ETmax,Mid,31,-0.00098,71,0.01518,0.3587,ns
M5vsM6_raw_12m,tertiles,Relative Mortality,GPPsat,Mid,31,0.09502,29,0.9893,0.9893,ns
M5vsM6_raw_12m,tertiles,Relative Mortality,NEPmax,Mid,31,0.13701,41.9,0.9356,0.9791,ns
M5vsM6_raw_12m,tertiles,Relative Mortality,WUE,Mid,31,0.00682,45.2,0.4883,0.9595,ns
M5vsM6_raw_12m,tertiles,Relative Mortality,uWUE,Mid,31,0.0142,35.5,0.907,0.9791,ns
M5vsM6_raw_12m,tertiles,Relative Mortality,ETmax,Low,31,0.00011,48.4,0.4649,0.9595,ns
M5vsM6_raw_12m,tertiles,Relative Mortality,GPPsat,Low,31,-0.12074,64.5,0.1384,0.8896,ns
M5vsM6_raw_12m,tertiles,Relative Mortality,NEPmax,Low,31,-0.07519,58.1,0.09965,0.8896,ns
M5vsM6_raw_12m,tertiles,Relative Mortality,WUE,Low,31,-0.01583,64.5,0.02679,0.4018,ns
M5vsM6_raw_12m,tertiles,Relative Mortality,uWUE,Low,31,-0.00272,58.1,0.3732,0.9595,ns
M5vsM6_raw_12m,tertiles,Relative Disturbance,ETmax,High,31,0.00059,41.9,0.8572,0.9791,ns
M5vsM6_raw_12m,tertiles,Relative Disturbance,GPPsat,High,31,0.09502,38.7,0.8528,0.9791,ns
M5vsM6_raw_12m,tertiles,Relative Disturbance,NEPmax,High,31,-0.00996,51.6,0.6043,0.9791,ns
M5vsM6_raw_12m,tertiles,Relative Disturbance,WUE,High,31,-0.0042,54.8,0.4493,0.9595,ns
M5vsM6_raw_12m,tertiles,Relative Disturbance,uWUE,High,31,0.01987,29,0.9824,0.9893,ns
M5vsM6_raw_12m,tertiles,Relative Disturbance,ETmax,Mid,31,-0.00098,64.5,0.01594,0.3587,ns
M5vsM6_raw_12m,tertiles,Relative Disturbance,GPPsat,Mid,31,0.01608,41.9,0.7806,0.9791,ns
M5vsM6_raw_12m,tertiles,Relative Disturbance,NEPmax,Mid,31,0.11647,41.9,0.8189,0.9791,ns
M5vsM6_raw_12m,tertiles,Relative Disturbance,WUE,Mid,31,-0.01011,61.3,0.04503,0.5066,ns
M5vsM6_raw_12m,tertiles,Relative Disturbance,uWUE,Mid,31,0.00076,48.4,0.275,0.9595,ns
M5vsM6_raw_12m,tertiles,Relative Disturbance,ETmax,Low,31,-8e-05,51.6,0.5039,0.9595,ns
M5vsM6_raw_12m,tertiles,Relative Disturbance,GPPsat,Low,31,-0.0972,54.8,0.4416,0.9595,ns
M5vsM6_raw_12m,tertiles,Relative Disturbance,NEPmax,Low,31,-0.04154,54.8,0.3018,0.9595,ns
M5vsM6_raw_12m,tertiles,Relative Disturbance,WUE,Low,31,-0.00013,51.6,0.3585,0.9595,ns
M5vsM6_raw_12m,tertiles,Relative Disturbance,uWUE,Low,31,-0.00272,54.8,0.6415,0.9791,ns
M5vsM6_raw_12m,equal_width,Absolute Mortality,ETmax,Mid,35,-9e-05,54.3,0.4125,0.9288,ns
M5vsM6_raw_12m,equal_width,Absolute Mortality,GPPsat,Mid,35,0.08153,37.1,0.943,0.9458,ns
M5vsM6_raw_12m,equal_width,Absolute Mortality,NEPmax,Mid,35,0.08037,42.9,0.8888,0.9458,ns
M5vsM6_raw_12m,equal_width,Absolute Mortality,WUE,Mid,35,-0.0042,54.3,0.4837,0.9288,ns
M5vsM6_raw_12m,equal_width,Absolute Mortality,uWUE,Mid,35,0.00877,34.3,0.8825,0.9458,ns
M5vsM6_raw_12m,equal_width,Absolute Mortality,ETmax,Low,53,-2e-05,50.9,0.3069,0.9288,ns
M5vsM6_raw_12m,equal_width,Absolute Mortality,GPPsat,Low,53,-0.01254,52.8,0.3484,0.9288,ns
M5vsM6_raw_12m,equal_width,Absolute Mortality,NEPmax,Low,53,-0.01408,52.8,0.4193,0.9288,ns
M5vsM6_raw_12m,equal_width,Absolute Mortality,WUE,Low,53,-0.0072,56.6,0.07205,0.9288,ns
M5vsM6_raw_12m,equal_width,Absolute Mortality,uWUE,Low,53,0.00205,49.1,0.69,0.9288,ns
M5vsM6_raw_12m,equal_width,Absolute Mortality,ETmax,High,5,-0.00165,60,,,""
M5vsM6_raw_12m,equal_width,Absolute Mortality,GPPsat,High,5,0.21939,20,,,""
M5vsM6_raw_12m,equal_width,Absolute Mortality,NEPmax,High,5,-0.09146,60,,,""
M5vsM6_raw_12m,equal_width,Absolute Mortality,WUE,High,5,-0.00062,60,,,""
M5vsM6_raw_12m,equal_width,Absolute Mortality,uWUE,High,5,-0.00608,60,,,""
M5vsM6_raw_12m,equal_width,Relative Mortality,ETmax,Mid,33,4e-05,48.5,0.4929,0.9288,ns
M5vsM6_raw_12m,equal_width,Relative Mortality,GPPsat,Mid,33,0.01608,42.4,0.6125,0.9288,ns
M5vsM6_raw_12m,equal_width,Relative Mortality,NEPmax,Mid,33,-0.00996,51.5,0.5988,0.9288,ns
M5vsM6_raw_12m,equal_width,Relative Mortality,WUE,Mid,33,-0.00747,57.6,0.2659,0.9288,ns
M5vsM6_raw_12m,equal_width,Relative Mortality,uWUE,Mid,33,0.01431,30.3,0.9356,0.9458,ns
M5vsM6_raw_12m,equal_width,Relative Mortality,ETmax,Low,53,-0.00037,58.5,0.0921,0.9288,ns
M5vsM6_raw_12m,equal_width,Relative Mortality,GPPsat,Low,53,-0.00064,50.9,0.6081,0.9288,ns
M5vsM6_raw_12m,equal_width,Relative Mortality,NEPmax,Low,53,0.05143,47.2,0.6581,0.9288,ns
M5vsM6_raw_12m,equal_width,Relative Mortality,WUE,Low,53,-0.00608,54.7,0.1267,0.9288,ns
M5vsM6_raw_12m,equal_width,Relative Mortality,uWUE,Low,53,-0.00101,52.8,0.4965,0.9288,ns
M5vsM6_raw_12m,equal_width,Relative Mortality,ETmax,High,7,0.00295,28.6,0.9458,0.9458,ns
M5vsM6_raw_12m,equal_width,Relative Mortality,GPPsat,High,7,0.22742,14.3,0.9246,0.9458,ns
M5vsM6_raw_12m,equal_width,Relative Mortality,NEPmax,High,7,-0.07862,57.1,0.3999,0.9288,ns
M5vsM6_raw_12m,equal_width,Relative Mortality,WUE,High,7,-0.00062,57.1,0.5337,0.9288,ns
M5vsM6_raw_12m,equal_width,Relative Mortality,uWUE,High,7,0.00399,42.9,0.6637,0.9288,ns
M5vsM6_raw_12m,equal_width,Relative Disturbance,ETmax,Mid,35,4e-05,48.6,0.4317,0.9288,ns
M5vsM6_raw_12m,equal_width,Relative Disturbance,GPPsat,Mid,35,0.09502,37.1,0.8583,0.9458,ns
M5vsM6_raw_12m,equal_width,Relative Disturbance,NEPmax,Mid,35,0.05224,48.6,0.767,0.9458,ns
M5vsM6_raw_12m,equal_width,Relative Disturbance,WUE,Mid,35,-0.00747,57.1,0.2695,0.9288,ns
M5vsM6_raw_12m,equal_width,Relative Disturbance,uWUE,Mid,35,0.00877,37.1,0.8825,0.9458,ns
M5vsM6_raw_12m,equal_width,Relative Disturbance,ETmax,Low,53,-0.00037,58.5,0.1213,0.9288,ns
M5vsM6_raw_12m,equal_width,Relative Disturbance,GPPsat,Low,53,-0.01254,52.8,0.4542,0.9288,ns
M5vsM6_raw_12m,equal_width,Relative Disturbance,NEPmax,Low,53,-0.01408,50.9,0.3987,0.9288,ns
M5vsM6_raw_12m,equal_width,Relative Disturbance,WUE,Low,53,-0.00608,54.7,0.1522,0.9288,ns
M5vsM6_raw_12m,equal_width,Relative Disturbance,uWUE,Low,53,0.00076,49.1,0.6678,0.9288,ns
M5vsM6_raw_12m,equal_width,Relative Disturbance,ETmax,High,5,0.00295,20,,,""
M5vsM6_raw_12m,equal_width,Relative Disturbance,GPPsat,High,5,0.21459,20,,,""
M5vsM6_raw_12m,equal_width,Relative Disturbance,NEPmax,High,5,0.01701,40,,,""
M5vsM6_raw_12m,equal_width,Relative Disturbance,WUE,High,5,-0.03833,60,,,""
M5vsM6_raw_12m,equal_width,Relative Disturbance,uWUE,High,5,0.00399,40,,,""
M5vsM6_raw_12m,natural_breaks,Absolute Mortality,ETmax,High,20,0.00038,45,0.5959,0.9808,ns
M5vsM6_raw_12m,natural_breaks,Absolute Mortality,GPPsat,High,20,0.02456,45,0.5959,0.9808,ns
M5vsM6_raw_12m,natural_breaks,Absolute Mortality,NEPmax,High,20,0.01505,45,0.6386,0.9808,ns
M5vsM6_raw_12m,natural_breaks,Absolute Mortality,WUE,High,20,-0.00879,65,0.4187,0.9808,ns
M5vsM6_raw_12m,natural_breaks,Absolute Mortality,uWUE,High,20,0.00066,50,0.4628,0.9808,ns
M5vsM6_raw_12m,natural_breaks,Absolute Mortality,ETmax,Mid,43,-9e-05,58.1,0.4543,0.9808,ns
M5vsM6_raw_12m,natural_breaks,Absolute Mortality,GPPsat,Mid,43,0.08153,39.5,0.8404,0.9808,ns
M5vsM6_raw_12m,natural_breaks,Absolute Mortality,NEPmax,Mid,43,0.05143,48.8,0.7045,0.9808,ns
M5vsM6_raw_12m,natural_breaks,Absolute Mortality,WUE,Mid,43,-0.00608,53.5,0.2075,0.9808,ns
M5vsM6_raw_12m,natural_breaks,Absolute Mortality,uWUE,Mid,43,0.00774,34.9,0.9689,0.991,ns
M5vsM6_raw_12m,natural_breaks,Absolute Mortality,ETmax,Low,30,-0.00044,50,0.1247,0.9808,ns
M5vsM6_raw_12m,natural_breaks,Absolute Mortality,GPPsat,Low,30,-0.01847,53.3,0.6054,0.9808,ns
M5vsM6_raw_12m,natural_breaks,Absolute Mortality,NEPmax,Low,30,-0.01202,53.3,0.4347,0.9808,ns
M5vsM6_raw_12m,natural_breaks,Absolute Mortality,WUE,Low,30,-0.00772,53.3,0.2053,0.9808,ns
M5vsM6_raw_12m,natural_breaks,Absolute Mortality,uWUE,Low,30,-0.00248,53.3,0.4428,0.9808,ns
M5vsM6_raw_12m,natural_breaks,Relative Mortality,ETmax,High,26,0.00075,38.5,0.9109,0.9808,ns
M5vsM6_raw_12m,natural_breaks,Relative Mortality,GPPsat,High,26,0.08984,42.3,0.7615,0.9808,ns
M5vsM6_raw_12m,natural_breaks,Relative Mortality,NEPmax,High,26,0.03463,46.2,0.7536,0.9808,ns
M5vsM6_raw_12m,natural_breaks,Relative Mortality,WUE,High,26,-0.00879,61.5,0.4394,0.9808,ns
M5vsM6_raw_12m,natural_breaks,Relative Mortality,uWUE,High,26,0.00844,38.5,0.8886,0.9808,ns
M5vsM6_raw_12m,natural_breaks,Relative Mortality,ETmax,Mid,32,-8e-04,65.6,0.02535,0.3802,ns
M5vsM6_raw_12m,natural_breaks,Relative Mortality,GPPsat,Mid,32,0.07987,28.1,0.991,0.991,ns
M5vsM6_raw_12m,natural_breaks,Relative Mortality,NEPmax,Mid,32,0.03227,46.9,0.8322,0.9808,ns
M5vsM6_raw_12m,natural_breaks,Relative Mortality,WUE,Mid,32,0.00419,46.9,0.3788,0.9808,ns
M5vsM6_raw_12m,natural_breaks,Relative Mortality,uWUE,Mid,32,0.00825,37.5,0.6899,0.9808,ns
M5vsM6_raw_12m,natural_breaks,Relative Mortality,ETmax,Low,35,-8e-05,51.4,0.4253,0.9808,ns
M5vsM6_raw_12m,natural_breaks,Relative Mortality,GPPsat,Low,35,-0.12074,62.9,0.2135,0.9808,ns
M5vsM6_raw_12m,natural_breaks,Relative Mortality,NEPmax,Low,35,-0.04813,54.3,0.2135,0.9808,ns
M5vsM6_raw_12m,natural_breaks,Relative Mortality,WUE,Low,35,-0.0153,60,0.0759,0.8539,ns
M5vsM6_raw_12m,natural_breaks,Relative Mortality,uWUE,Low,35,-0.0013,54.3,0.6002,0.9808,ns
M5vsM6_raw_12m,natural_breaks,Relative Disturbance,ETmax,Mid,35,-0.00098,71.4,0.002614,0.1176,ns
M5vsM6_raw_12m,natural_breaks,Relative Disturbance,GPPsat,Mid,35,0.01608,40,0.7769,0.9808,ns
M5vsM6_raw_12m,natural_breaks,Relative Disturbance,NEPmax,Mid,35,0.11647,37.1,0.9372,0.9808,ns
M5vsM6_raw_12m,natural_breaks,Relative Disturbance,WUE,Mid,35,-0.01583,62.9,0.01499,0.3374,ns
M5vsM6_raw_12m,natural_breaks,Relative Disturbance,uWUE,Mid,35,0.00774,40,0.5811,0.9808,ns
M5vsM6_raw_12m,natural_breaks,Relative Disturbance,ETmax,Low,35,0.00011,45.7,0.6679,0.9808,ns
M5vsM6_raw_12m,natural_breaks,Relative Disturbance,GPPsat,Low,35,-0.08922,54.3,0.4061,0.9808,ns
M5vsM6_raw_12m,natural_breaks,Relative Disturbance,NEPmax,Low,35,-0.04154,57.1,0.2642,0.9808,ns
M5vsM6_raw_12m,natural_breaks,Relative Disturbance,WUE,Low,35,-0.00013,51.4,0.3872,0.9808,ns
M5vsM6_raw_12m,natural_breaks,Relative Disturbance,uWUE,Low,35,-0.00101,54.3,0.6065,0.9808,ns
M5vsM6_raw_12m,natural_breaks,Relative Disturbance,ETmax,High,23,0.00093,34.8,0.9019,0.9808,ns
M5vsM6_raw_12m,natural_breaks,Relative Disturbance,GPPsat,High,23,0.14421,39.1,0.9071,0.9808,ns
M5vsM6_raw_12m,natural_breaks,Relative Disturbance,NEPmax,High,23,-0.07862,56.5,0.4456,0.9808,ns
M5vsM6_raw_12m,natural_breaks,Relative Disturbance,WUE,High,23,-0.00062,52.2,0.6253,0.9808,ns
M5vsM6_raw_12m,natural_breaks,Relative Disturbance,uWUE,High,23,0.01266,34.8,0.9214,0.9808,ns
M5vsM6_raw_24m,tertiles,Absolute Mortality,ETmax,High,31,0.00015,35.5,0.7117,0.9912,ns
M5vsM6_raw_24m,tertiles,Absolute Mortality,GPPsat,High,31,0.08242,32.3,0.9251,0.9912,ns
M5vsM6_raw_24m,tertiles,Absolute Mortality,NEPmax,High,31,-0.03174,51.6,0.275,0.7258,ns
M5vsM6_raw_24m,tertiles,Absolute Mortality,WUE,High,31,-0.01052,54.8,0.2685,0.7258,ns
M5vsM6_raw_24m,tertiles,Absolute Mortality,uWUE,High,31,-0.00085,51.6,0.3807,0.8157,ns
M5vsM6_raw_24m,tertiles,Absolute Mortality,ETmax,Mid,31,0.00017,48.4,0.7747,0.9912,ns
M5vsM6_raw_24m,tertiles,Absolute Mortality,GPPsat,Mid,31,-0.0121,54.8,0.3156,0.7258,ns
M5vsM6_raw_24m,tertiles,Absolute Mortality,NEPmax,Mid,31,-0.1059,67.7,0.02445,0.288,ns
M5vsM6_raw_24m,tertiles,Absolute Mortality,WUE,Mid,31,-0.00505,54.8,0.1863,0.7185,ns
M5vsM6_raw_24m,tertiles,Absolute Mortality,uWUE,Mid,31,0.00915,32.3,0.9707,0.9969,ns
M5vsM6_raw_24m,tertiles,Absolute Mortality,ETmax,Low,31,-0.00062,61.3,0.1428,0.7185,ns
M5vsM6_raw_24m,tertiles,Absolute Mortality,GPPsat,Low,31,-0.16325,58.1,0.2495,0.7258,ns
M5vsM6_raw_24m,tertiles,Absolute Mortality,NEPmax,Low,31,0.07437,41.9,0.8933,0.9912,ns
M5vsM6_raw_24m,tertiles,Absolute Mortality,WUE,Low,31,-0.01702,64.5,0.2685,0.7258,ns
M5vsM6_raw_24m,tertiles,Absolute Mortality,uWUE,Low,31,0.00594,38.7,0.8189,0.9912,ns
M5vsM6_raw_24m,tertiles,Relative Mortality,ETmax,High,31,0.00024,22.6,0.9904,0.9969,ns
M5vsM6_raw_24m,tertiles,Relative Mortality,GPPsat,High,31,0.04703,38.7,0.705,0.9912,ns
M5vsM6_raw_24m,tertiles,Relative Mortality,NEPmax,High,31,-0.1059,58.1,0.1811,0.7185,ns
M5vsM6_raw_24m,tertiles,Relative Mortality,WUE,High,31,-0.00332,51.6,0.6119,0.9912,ns
M5vsM6_raw_24m,tertiles,Relative Mortality,uWUE,High,31,0.00096,48.4,0.6119,0.9912,ns
M5vsM6_raw_24m,tertiles,Relative Mortality,ETmax,Mid,31,-0.00047,64.5,0.0432,0.324,ns
M5vsM6_raw_24m,tertiles,Relative Mortality,GPPsat,Mid,31,0.03934,38.7,0.9134,0.9912,ns
M5vsM6_raw_24m,tertiles,Relative Mortality,NEPmax,Mid,31,0.09243,45.2,0.6774,0.9912,ns
M5vsM6_raw_24m,tertiles,Relative Mortality,WUE,Mid,31,-0.00314,51.6,0.2816,0.7258,ns
M5vsM6_raw_24m,tertiles,Relative Mortality,uWUE,Mid,31,0.0051,38.7,0.8659,0.9912,ns
M5vsM6_raw_24m,tertiles,Relative Mortality,ETmax,Low,31,-3e-04,58.1,0.4571,0.9095,ns
M5vsM6_raw_24m,tertiles,Relative Mortality,GPPsat,Low,31,-0.18811,67.7,0.0256,0.288,ns
M5vsM6_raw_24m,tertiles,Relative Mortality,NEPmax,Low,31,-0.05154,58.1,0.166,0.7185,ns
M5vsM6_raw_24m,tertiles,Relative Mortality,WUE,Low,31,-0.02296,71,0.02029,0.288,ns
M5vsM6_raw_24m,tertiles,Relative Mortality,uWUE,Low,31,0.00596,35.5,0.8969,0.9912,ns
M5vsM6_raw_24m,tertiles,Relative Disturbance,ETmax,High,31,0.00043,19.4,0.9969,0.9969,ns
M5vsM6_raw_24m,tertiles,Relative Disturbance,GPPsat,High,31,0.08242,32.3,0.8659,0.9912,ns
M5vsM6_raw_24m,tertiles,Relative Disturbance,NEPmax,High,31,-0.12333,61.3,0.1067,0.6858,ns
M5vsM6_raw_24m,tertiles,Relative Disturbance,WUE,High,31,-0.00332,51.6,0.5584,0.9912,ns
M5vsM6_raw_24m,tertiles,Relative Disturbance,uWUE,High,31,0.00449,45.2,0.7442,0.9912,ns
M5vsM6_raw_24m,tertiles,Relative Disturbance,ETmax,Mid,31,-0.00078,71,0.001923,0.08654,ns
M5vsM6_raw_24m,tertiles,Relative Disturbance,GPPsat,Mid,31,-0.0121,54.8,0.3226,0.7258,ns
M5vsM6_raw_24m,tertiles,Relative Disturbance,NEPmax,Mid,31,-0.00955,51.6,0.5661,0.9912,ns
M5vsM6_raw_24m,tertiles,Relative Disturbance,WUE,Mid,31,-0.02672,64.5,0.03972,0.324,ns
M5vsM6_raw_24m,tertiles,Relative Disturbance,uWUE,Mid,31,0.00476,38.7,0.725,0.9912,ns
M5vsM6_raw_24m,tertiles,Relative Disturbance,ETmax,Low,31,-0.00016,54.8,0.6415,0.9912,ns
M5vsM6_raw_24m,tertiles,Relative Disturbance,GPPsat,Low,31,-0.1439,58.1,0.1916,0.7185,ns
M5vsM6_raw_24m,tertiles,Relative Disturbance,NEPmax,Low,31,0.06566,48.4,0.4649,0.9095,ns
M5vsM6_raw_24m,tertiles,Relative Disturbance,WUE,Low,31,-0.01471,58.1,0.3226,0.7258,ns
M5vsM6_raw_24m,tertiles,Relative Disturbance,uWUE,Low,31,0.00596,38.7,0.9194,0.9912,ns
M5vsM6_raw_24m,equal_width,Absolute Mortality,ETmax,Mid,35,6e-05,42.9,0.5424,0.9578,ns
M5vsM6_raw_24m,equal_width,Absolute Mortality,GPPsat,Mid,35,0.05078,37.1,0.9411,0.9753,ns
M5vsM6_raw_24m,equal_width,Absolute Mortality,NEPmax,Mid,35,0.09243,48.6,0.5747,0.9578,ns
M5vsM6_raw_24m,equal_width,Absolute Mortality,WUE,Mid,35,0.00089,48.6,0.5294,0.9578,ns
M5vsM6_raw_24m,equal_width,Absolute Mortality,uWUE,Mid,35,0.00449,42.9,0.6797,0.9753,ns
M5vsM6_raw_24m,equal_width,Absolute Mortality,ETmax,Low,53,-0.00029,56.6,0.3038,0.8754,ns
M5vsM6_raw_24m,equal_width,Absolute Mortality,GPPsat,Low,53,-0.11113,58.5,0.06392,0.4159,ns
M5vsM6_raw_24m,equal_width,Absolute Mortality,NEPmax,Low,53,-0.00955,52.8,0.3953,0.9223,ns
M5vsM6_raw_24m,equal_width,Absolute Mortality,WUE,Low,53,-0.01538,64.2,0.05552,0.4159,ns
M5vsM6_raw_24m,equal_width,Absolute Mortality,uWUE,Low,53,0.00596,37.7,0.9474,0.9753,ns
M5vsM6_raw_24m,equal_width,Absolute Mortality,ETmax,High,5,0.00043,0,,,""
M5vsM6_raw_24m,equal_width,Absolute Mortality,GPPsat,High,5,0.08242,20,,,""
M5vsM6_raw_24m,equal_width,Absolute Mortality,NEPmax,High,5,-0.47176,100,,,""
M5vsM6_raw_24m,equal_width,Absolute Mortality,WUE,High,5,-0.01374,60,,,""
M5vsM6_raw_24m,equal_width,Absolute Mortality,uWUE,High,5,-0.00937,60,,,""
M5vsM6_raw_24m,equal_width,Relative Mortality,ETmax,Mid,33,0.00021,33.3,0.866,0.9753,ns
M5vsM6_raw_24m,equal_width,Relative Mortality,GPPsat,Mid,33,0.03022,45.5,0.5568,0.9578,ns
M5vsM6_raw_24m,equal_width,Relative Mortality,NEPmax,Mid,33,-0.1059,54.5,0.1955,0.7093,ns
M5vsM6_raw_24m,equal_width,Relative Mortality,WUE,Mid,33,-0.00332,51.5,0.5709,0.9578,ns
M5vsM6_raw_24m,equal_width,Relative Mortality,uWUE,Mid,33,0.00476,39.4,0.8282,0.9753,ns
M5vsM6_raw_24m,equal_width,Relative Mortality,ETmax,Low,53,-0.00043,64.2,0.07832,0.4159,ns
M5vsM6_raw_24m,equal_width,Relative Mortality,GPPsat,Low,53,-0.0121,54.7,0.2027,0.7093,ns
M5vsM6_raw_24m,equal_width,Relative Mortality,NEPmax,Low,53,0.06566,49.1,0.7205,0.9753,ns
M5vsM6_raw_24m,equal_width,Relative Mortality,WUE,Low,53,-0.01538,60.4,0.06965,0.4159,ns
M5vsM6_raw_24m,equal_width,Relative Mortality,uWUE,Low,53,0.00596,37.7,0.9327,0.9753,ns
M5vsM6_raw_24m,equal_width,Relative Mortality,ETmax,High,7,0.00063,0,0.9929,0.9929,ns
M5vsM6_raw_24m,equal_width,Relative Mortality,GPPsat,High,7,0.22215,14.3,0.9246,0.9753,ns
M5vsM6_raw_24m,equal_width,Relative Mortality,NEPmax,High,7,-0.47176,85.7,0.02596,0.4159,ns
M5vsM6_raw_24m,equal_width,Relative Mortality,WUE,High,7,-0.01374,71.4,0.2234,0.7109,ns
M5vsM6_raw_24m,equal_width,Relative Mortality,uWUE,High,7,-0.00937,71.4,0.3363,0.8754,ns
M5vsM6_raw_24m,equal_width,Relative Disturbance,ETmax,Mid,35,0.00024,31.4,0.9007,0.9753,ns
M5vsM6_raw_24m,equal_width,Relative Disturbance,GPPsat,Mid,35,0.10131,37.1,0.862,0.9753,ns
M5vsM6_raw_24m,equal_width,Relative Disturbance,NEPmax,Mid,35,-0.04247,54.3,0.3502,0.8754,ns
M5vsM6_raw_24m,equal_width,Relative Disturbance,WUE,Mid,35,-0.00332,51.4,0.6498,0.9753,ns
M5vsM6_raw_24m,equal_width,Relative Disturbance,uWUE,Mid,35,0.0051,34.3,0.9168,0.9753,ns
M5vsM6_raw_24m,equal_width,Relative Disturbance,ETmax,Low,53,-0.00043,64.2,0.09065,0.4159,ns
M5vsM6_raw_24m,equal_width,Relative Disturbance,GPPsat,Low,53,-0.05617,58.5,0.09506,0.4159,ns
M5vsM6_raw_24m,equal_width,Relative Disturbance,NEPmax,Low,53,-0.00575,50.9,0.4263,0.9324,ns
M5vsM6_raw_24m,equal_width,Relative Disturbance,WUE,Low,53,-0.01538,60.4,0.05357,0.4159,ns
M5vsM6_raw_24m,equal_width,Relative Disturbance,uWUE,Low,53,0.00594,41.5,0.894,0.9753,ns
M5vsM6_raw_24m,equal_width,Relative Disturbance,ETmax,High,5,0.00021,0,,,""
M5vsM6_raw_24m,equal_width,Relative Disturbance,GPPsat,High,5,0.08242,20,,,""
M5vsM6_raw_24m,equal_width,Relative Disturbance,NEPmax,High,5,-0.47176,80,,,""
M5vsM6_raw_24m,equal_width,Relative Disturbance,WUE,High,5,-0.02264,80,,,""
M5vsM6_raw_24m,equal_width,Relative Disturbance,uWUE,High,5,-0.02114,80,,,""
M5vsM6_raw_24m,natural_breaks,Absolute Mortality,ETmax,High,20,0.00024,20,0.9247,0.9956,ns
M5vsM6_raw_24m,natural_breaks,Absolute Mortality,GPPsat,High,20,0.00827,45,0.552,0.9749,ns
M5vsM6_raw_24m,natural_breaks,Absolute Mortality,NEPmax,High,20,-0.13733,60,0.2333,0.6999,ns
M5vsM6_raw_24m,natural_breaks,Absolute Mortality,WUE,High,20,-0.00692,55,0.552,0.9749,ns
M5vsM6_raw_24m,natural_breaks,Absolute Mortality,uWUE,High,20,-0.00618,60,0.1706,0.6439,ns
M5vsM6_raw_24m,natural_breaks,Absolute Mortality,ETmax,Mid,43,-2e-05,53.5,0.5742,0.9749,ns
M5vsM6_raw_24m,natural_breaks,Absolute Mortality,GPPsat,Mid,43,0.03303,44.2,0.6747,0.989,ns
M5vsM6_raw_24m,natural_breaks,Absolute Mortality,NEPmax,Mid,43,-0.04247,58.1,0.09305,0.6021,ns
M5vsM6_raw_24m,natural_breaks,Absolute Mortality,WUE,Mid,43,-0.00505,53.5,0.1269,0.6439,ns
M5vsM6_raw_24m,natural_breaks,Absolute Mortality,uWUE,Mid,43,0.00825,34.9,0.9797,0.9956,ns
M5vsM6_raw_24m,natural_breaks,Absolute Mortality,ETmax,Low,30,-0.00056,60,0.1668,0.6439,ns
M5vsM6_raw_24m,natural_breaks,Absolute Mortality,GPPsat,Low,30,-0.15357,56.7,0.2964,0.7846,ns
M5vsM6_raw_24m,natural_breaks,Absolute Mortality,NEPmax,Low,30,0.07002,43.3,0.8622,0.9956,ns
M5vsM6_raw_24m,natural_breaks,Absolute Mortality,WUE,Low,30,-0.02104,66.7,0.2552,0.7178,ns
M5vsM6_raw_24m,natural_breaks,Absolute Mortality,uWUE,Low,30,0.00595,36.7,0.8529,0.9956,ns
M5vsM6_raw_24m,natural_breaks,Relative Mortality,ETmax,High,26,0.00035,15.4,0.9956,0.9956,ns
M5vsM6_raw_24m,natural_breaks,Relative Mortality,GPPsat,High,26,0.03862,38.5,0.7289,0.994,ns
M5vsM6_raw_24m,natural_breaks,Relative Mortality,NEPmax,High,26,-0.11462,61.5,0.161,0.6439,ns
M5vsM6_raw_24m,natural_breaks,Relative Mortality,WUE,High,26,-0.00416,53.8,0.5805,0.9749,ns
M5vsM6_raw_24m,natural_breaks,Relative Mortality,uWUE,High,26,0.00116,50,0.6197,0.9749,ns
M5vsM6_raw_24m,natural_breaks,Relative Mortality,ETmax,Mid,32,-0.00058,62.5,0.03414,0.3841,ns
M5vsM6_raw_24m,natural_breaks,Relative Mortality,GPPsat,Mid,32,0.04506,37.5,0.9264,0.9956,ns
M5vsM6_raw_24m,natural_breaks,Relative Mortality,NEPmax,Mid,32,0.0686,46.9,0.6283,0.9749,ns
M5vsM6_raw_24m,natural_breaks,Relative Mortality,WUE,Mid,32,-0.00831,53.1,0.1822,0.6439,ns
M5vsM6_raw_24m,natural_breaks,Relative Mortality,uWUE,Mid,32,0.00306,43.8,0.5996,0.9749,ns
M5vsM6_raw_24m,natural_breaks,Relative Mortality,ETmax,Low,35,-0.00029,60,0.4382,0.9749,ns
M5vsM6_raw_24m,natural_breaks,Relative Mortality,GPPsat,Low,35,-0.18811,65.7,0.06083,0.5475,ns
M5vsM6_raw_24m,natural_breaks,Relative Mortality,NEPmax,Low,35,-0.02997,54.3,0.233,0.6999,ns
M5vsM6_raw_24m,natural_breaks,Relative Mortality,WUE,Low,35,-0.01702,65.7,0.09366,0.6021,ns
M5vsM6_raw_24m,natural_breaks,Relative Mortality,uWUE,Low,35,0.00826,31.4,0.9785,0.9956,ns
M5vsM6_raw_24m,natural_breaks,Relative Disturbance,ETmax,Mid,35,-7e-04,65.7,0.01323,0.3841,ns
M5vsM6_raw_24m,natural_breaks,Relative Disturbance,GPPsat,Mid,35,-9e-04,51.4,0.4706,0.9749,ns
M5vsM6_raw_24m,natural_breaks,Relative Disturbance,NEPmax,Mid,35,0.1454,40,0.8351,0.9956,ns
M5vsM6_raw_24m,natural_breaks,Relative Disturbance,WUE,Mid,35,-0.02505,68.6,0.02613,0.3841,ns
M5vsM6_raw_24m,natural_breaks,Relative Disturbance,uWUE,Mid,35,0.00476,40,0.5489,0.9749,ns
M5vsM6_raw_24m,natural_breaks,Relative Disturbance,ETmax,Low,35,0,51.4,0.7195,0.994,ns
M5vsM6_raw_24m,natural_breaks,Relative Disturbance,GPPsat,Low,35,-0.0121,57.1,0.186,0.6439,ns
M5vsM6_raw_24m,natural_breaks,Relative Disturbance,NEPmax,Low,35,-0.00955,54.3,0.3321,0.815,ns
M5vsM6_raw_24m,natural_breaks,Relative Disturbance,WUE,Low,35,-0.00548,54.3,0.3441,0.815,ns
M5vsM6_raw_24m,natural_breaks,Relative Disturbance,uWUE,Low,35,0.00596,40,0.9309,0.9956,ns
M5vsM6_raw_24m,natural_breaks,Relative Disturbance,ETmax,High,23,0.00027,17.4,0.9892,0.9956,ns
M5vsM6_raw_24m,natural_breaks,Relative Disturbance,GPPsat,High,23,0.08242,30.4,0.8152,0.9956,ns
M5vsM6_raw_24m,natural_breaks,Relative Disturbance,NEPmax,High,23,-0.13779,73.9,0.02866,0.3841,ns
M5vsM6_raw_24m,natural_breaks,Relative Disturbance,WUE,High,23,0.00104,47.8,0.6813,0.989,ns
M5vsM6_raw_24m,natural_breaks,Relative Disturbance,uWUE,High,23,0.00449,43.5,0.7899,0.9956,ns
M5vsM6_anom_12m,tertiles,Absolute Mortality,ETmax,High,31,-4e-04,58.1,0.2194,0.2992,ns
M5vsM6_anom_12m,tertiles,Absolute Mortality,GPPsat,High,31,-0.2895,54.8,0.1299,0.2849,ns
M5vsM6_anom_12m,tertiles,Absolute Mortality,NEPmax,High,31,-0.14126,61.3,0.08355,0.2686,ns
M5vsM6_anom_12m,tertiles,Absolute Mortality,WUE,High,31,-0.06437,61.3,0.1031,0.273,ns
M5vsM6_anom_12m,tertiles,Absolute Mortality,uWUE,High,31,-0.03487,54.8,0.1811,0.291,ns
M5vsM6_anom_12m,tertiles,Absolute Mortality,ETmax,Mid,31,0.00046,45.2,0.8084,0.8084,ns
M5vsM6_anom_12m,tertiles,Absolute Mortality,GPPsat,Mid,31,-0.96202,80.6,0.002315,0.1042,ns
M5vsM6_anom_12m,tertiles,Absolute Mortality,NEPmax,Mid,31,-1.0857,71,0.01594,0.1383,ns
M5vsM6_anom_12m,tertiles,Absolute Mortality,WUE,Mid,31,-0.06324,58.1,0.166,0.2849,ns
M5vsM6_anom_12m,tertiles,Absolute Mortality,uWUE,Mid,31,0.00166,48.4,0.2025,0.2925,ns
M5vsM6_anom_12m,tertiles,Absolute Mortality,ETmax,Low,31,-0.0015,54.8,0.3732,0.4199,ns
M5vsM6_anom_12m,tertiles,Absolute Mortality,GPPsat,Low,31,-0.32104,61.3,0.1564,0.2849,ns
M5vsM6_anom_12m,tertiles,Absolute Mortality,NEPmax,Low,31,-1.11501,58.1,0.07215,0.2686,ns
M5vsM6_anom_12m,tertiles,Absolute Mortality,WUE,Low,31,-0.00138,51.6,0.2433,0.3034,ns
M5vsM6_anom_12m,tertiles,Absolute Mortality,uWUE,Low,31,-0.00669,51.6,0.1428,0.2849,ns
M5vsM6_anom_12m,tertiles,Relative Mortality,ETmax,High,31,-0.00038,58.1,0.2495,0.3034,ns
M5vsM6_anom_12m,tertiles,Relative Mortality,GPPsat,High,31,-0.7612,71,0.005578,0.1255,ns
M5vsM6_anom_12m,tertiles,Relative Mortality,NEPmax,High,31,-0.35565,64.5,0.02445,0.1572,ns
M5vsM6_anom_12m,tertiles,Relative Mortality,WUE,High,31,-0.06437,61.3,0.09965,0.273,ns
M5vsM6_anom_12m,tertiles,Relative Mortality,uWUE,High,31,0.00742,48.4,0.275,0.3257,ns
M5vsM6_anom_12m,tertiles,Relative Mortality,ETmax,Mid,31,-0.00018,51.6,0.4649,0.4981,ns
M5vsM6_anom_12m,tertiles,Relative Mortality,GPPsat,Mid,31,-0.57596,64.5,0.07769,0.2686,ns
M5vsM6_anom_12m,tertiles,Relative Mortality,NEPmax,Mid,31,-0.77314,67.7,0.0432,0.216,ns
M5vsM6_anom_12m,tertiles,Relative Mortality,WUE,Mid,31,-0.03887,54.8,0.1612,0.2849,ns
M5vsM6_anom_12m,tertiles,Relative Mortality,uWUE,Mid,31,-0.03487,54.8,0.208,0.2925,ns
M5vsM6_anom_12m,tertiles,Relative Mortality,ETmax,Low,31,0.00061,48.4,0.5738,0.6005,ns
M5vsM6_anom_12m,tertiles,Relative Mortality,GPPsat,Low,31,-0.31575,61.3,0.1299,0.2849,ns
M5vsM6_anom_12m,tertiles,Relative Mortality,NEPmax,Low,31,-1.08857,58.1,0.07488,0.2686,ns
M5vsM6_anom_12m,tertiles,Relative Mortality,WUE,Low,31,-0.00185,54.8,0.2312,0.3034,ns
M5vsM6_anom_12m,tertiles,Relative Mortality,uWUE,Low,31,-0.00669,51.6,0.09296,0.273,ns
M5vsM6_anom_12m,tertiles,Relative Disturbance,ETmax,High,31,-0.00023,54.8,0.4108,0.4509,ns
M5vsM6_anom_12m,tertiles,Relative Disturbance,GPPsat,High,31,-0.7612,67.7,0.01444,0.1383,ns
M5vsM6_anom_12m,tertiles,Relative Disturbance,NEPmax,High,31,-0.54879,67.7,0.01594,0.1383,ns
M5vsM6_anom_12m,tertiles,Relative Disturbance,WUE,High,31,-0.03009,58.1,0.1709,0.2849,ns
M5vsM6_anom_12m,tertiles,Relative Disturbance,uWUE,High,31,0.00742,48.4,0.3226,0.3722,ns
M5vsM6_anom_12m,tertiles,Relative Disturbance,ETmax,Mid,31,-0.00074,61.3,0.1472,0.2849,ns
M5vsM6_anom_12m,tertiles,Relative Disturbance,GPPsat,Mid,31,-0.57596,67.7,0.01844,0.1383,ns
M5vsM6_anom_12m,tertiles,Relative Disturbance,NEPmax,Mid,31,-0.20777,64.5,0.03346,0.1882,ns
M5vsM6_anom_12m,tertiles,Relative Disturbance,WUE,Mid,31,-0.06471,54.8,0.1141,0.2849,ns
M5vsM6_anom_12m,tertiles,Relative Disturbance,uWUE,Mid,31,-0.03487,54.8,0.2372,0.3034,ns
M5vsM6_anom_12m,tertiles,Relative Disturbance,ETmax,Low,31,0.00133,41.9,0.7379,0.7547,ns
M5vsM6_anom_12m,tertiles,Relative Disturbance,GPPsat,Low,31,-0.31575,61.3,0.2025,0.2925,ns
M5vsM6_anom_12m,tertiles,Relative Disturbance,NEPmax,Low,31,-1.0857,58.1,0.1472,0.2849,ns
M5vsM6_anom_12m,tertiles,Relative Disturbance,WUE,Low,31,-0.01723,58.1,0.197,0.2925,ns
M5vsM6_anom_12m,tertiles,Relative Disturbance,uWUE,Low,31,-0.00669,51.6,0.07488,0.2686,ns
M5vsM6_anom_12m,equal_width,Absolute Mortality,ETmax,Mid,35,0.00046,45.7,0.7358,0.7358,ns
M5vsM6_anom_12m,equal_width,Absolute Mortality,GPPsat,Mid,35,-0.2895,60,0.1417,0.261,ns
M5vsM6_anom_12m,equal_width,Absolute Mortality,NEPmax,Mid,35,-0.13155,57.1,0.1649,0.2825,ns
M5vsM6_anom_12m,equal_width,Absolute Mortality,WUE,Mid,35,-0.06496,65.7,0.05333,0.1633,ns
M5vsM6_anom_12m,equal_width,Absolute Mortality,uWUE,Mid,35,-0.06315,57.1,0.05888,0.1633,ns
M5vsM6_anom_12m,equal_width,Absolute Mortality,ETmax,Low,53,-0.00042,56.6,0.2285,0.3478,ns
M5vsM6_anom_12m,equal_width,Absolute Mortality,GPPsat,Low,53,-0.82691,73.6,0.001002,0.02799,*
M5vsM6_anom_12m,equal_width,Absolute Mortality,NEPmax,Low,53,-1.09941,69.8,0.001599,0.02799,*
M5vsM6_anom_12m,equal_width,Absolute Mortality,WUE,Low,53,-0.00138,50.9,0.1695,0.2825,ns
M5vsM6_anom_12m,equal_width,Absolute Mortality,uWUE,Low,53,-0.00669,50.9,0.1028,0.1998,ns
M5vsM6_anom_12m,equal_width,Absolute Mortality,ETmax,High,5,-0.00139,60,,,""
M5vsM6_anom_12m,equal_width,Absolute Mortality,GPPsat,High,5,0.56607,20,,,""
M5vsM6_anom_12m,equal_width,Absolute Mortality,NEPmax,High,5,0.69891,40,,,""
M5vsM6_anom_12m,equal_width,Absolute Mortality,WUE,High,5,-0.0088,60,,,""
M5vsM6_anom_12m,equal_width,Absolute Mortality,uWUE,High,5,0.04236,20,,,""
M5vsM6_anom_12m,equal_width,Relative Mortality,ETmax,Mid,33,-0.00038,57.6,0.334,0.4175,ns
M5vsM6_anom_12m,equal_width,Relative Mortality,GPPsat,Mid,33,-0.74889,78.8,0.004313,0.03773,*
M5vsM6_anom_12m,equal_width,Relative Mortality,NEPmax,Mid,33,-0.54879,66.7,0.01163,0.07032,ns
M5vsM6_anom_12m,equal_width,Relative Mortality,WUE,Mid,33,-0.03009,54.5,0.4012,0.453,ns
M5vsM6_anom_12m,equal_width,Relative Mortality,uWUE,Mid,33,0.00742,48.5,0.3807,0.453,ns
M5vsM6_anom_12m,equal_width,Relative Mortality,ETmax,Low,53,0.00053,49.1,0.5388,0.5893,ns
M5vsM6_anom_12m,equal_width,Relative Mortality,GPPsat,Low,53,-0.47855,60.4,0.06066,0.1633,ns
M5vsM6_anom_12m,equal_width,Relative Mortality,NEPmax,Low,53,-0.23665,60.4,0.05552,0.1633,ns
M5vsM6_anom_12m,equal_width,Relative Mortality,WUE,Low,53,-0.06324,58.5,0.04215,0.1633,ns
M5vsM6_anom_12m,equal_width,Relative Mortality,uWUE,Low,53,-0.04625,54.7,0.03214,0.1406,ns
M5vsM6_anom_12m,equal_width,Relative Mortality,ETmax,High,7,-0.00256,57.1,0.2771,0.373,ns
M5vsM6_anom_12m,equal_width,Relative Mortality,GPPsat,High,7,0.21122,42.9,0.2771,0.373,ns
M5vsM6_anom_12m,equal_width,Relative Mortality,NEPmax,High,7,-0.97107,71.4,0.1024,0.1998,ns
M5vsM6_anom_12m,equal_width,Relative Mortality,WUE,High,7,-0.0088,57.1,0.2771,0.373,ns
M5vsM6_anom_12m,equal_width,Relative Mortality,uWUE,High,7,0.04236,42.9,0.3999,0.453,ns
M5vsM6_anom_12m,equal_width,Relative Disturbance,ETmax,Mid,35,-0.00044,60,0.2135,0.3396,ns
M5vsM6_anom_12m,equal_width,Relative Disturbance,GPPsat,Mid,35,-0.7612,74.3,0.003194,0.03727,*
M5vsM6_anom_12m,equal_width,Relative Disturbance,NEPmax,Mid,35,-0.54879,65.7,0.01216,0.07032,ns
M5vsM6_anom_12m,equal_width,Relative Disturbance,WUE,Mid,35,-0.03009,57.1,0.2973,0.3853,ns
M5vsM6_anom_12m,equal_width,Relative Disturbance,uWUE,Mid,35,0.03711,42.9,0.6619,0.7006,ns
M5vsM6_anom_12m,equal_width,Relative Disturbance,ETmax,Low,53,0.00061,47.2,0.6805,0.7006,ns
M5vsM6_anom_12m,equal_width,Relative Disturbance,GPPsat,Low,53,-0.32104,60.4,0.09809,0.1998,ns
M5vsM6_anom_12m,equal_width,Relative Disturbance,NEPmax,Low,53,-0.23665,60.4,0.06847,0.1712,ns
M5vsM6_anom_12m,equal_width,Relative Disturbance,WUE,Low,53,-0.03401,56.6,0.08639,0.1998,ns
M5vsM6_anom_12m,equal_width,Relative Disturbance,uWUE,Low,53,-0.04625,56.6,0.01406,0.07032,ns
M5vsM6_anom_12m,equal_width,Relative Disturbance,ETmax,High,5,-0.00323,60,,,""
M5vsM6_anom_12m,equal_width,Relative Disturbance,GPPsat,High,5,-1.40868,60,,,""
M5vsM6_anom_12m,equal_width,Relative Disturbance,NEPmax,High,5,-2.81551,80,,,""
M5vsM6_anom_12m,equal_width,Relative Disturbance,WUE,High,5,-0.31566,60,,,""
M5vsM6_anom_12m,equal_width,Relative Disturbance,uWUE,High,5,-0.21759,60,,,""
M5vsM6_anom_12m,natural_breaks,Absolute Mortality,ETmax,High,20,-0.00189,65,0.1523,0.2855,ns
M5vsM6_anom_12m,natural_breaks,Absolute Mortality,GPPsat,High,20,-0.31991,60,0.09888,0.2617,ns
M5vsM6_anom_12m,natural_breaks,Absolute Mortality,NEPmax,High,20,-0.00124,50,0.2449,0.3149,ns
M5vsM6_anom_12m,natural_breaks,Absolute Mortality,WUE,High,20,-0.02887,60,0.222,0.3149,ns
M5vsM6_anom_12m,natural_breaks,Absolute Mortality,uWUE,High,20,0.02226,45,0.2449,0.3149,ns
M5vsM6_anom_12m,natural_breaks,Absolute Mortality,ETmax,Mid,43,4e-05,46.5,0.7209,0.7373,ns
M5vsM6_anom_12m,natural_breaks,Absolute Mortality,GPPsat,Mid,43,-0.81988,72.1,0.003741,0.05611,ns
M5vsM6_anom_12m,natural_breaks,Absolute Mortality,NEPmax,Mid,43,-0.86903,74.4,0.002691,0.05611,ns
M5vsM6_anom_12m,natural_breaks,Absolute Mortality,WUE,Mid,43,-0.06956,60.5,0.09713,0.2617,ns
M5vsM6_anom_12m,natural_breaks,Absolute Mortality,uWUE,Mid,43,-0.03487,55.8,0.1171,0.275,ns
M5vsM6_anom_12m,natural_breaks,Absolute Mortality,ETmax,Low,30,-0.00097,53.3,0.4672,0.5006,ns
M5vsM6_anom_12m,natural_breaks,Absolute Mortality,GPPsat,Low,30,-0.31839,60,0.2053,0.3149,ns
M5vsM6_anom_12m,natural_breaks,Absolute Mortality,NEPmax,Low,30,-0.67583,56.7,0.09752,0.2617,ns
M5vsM6_anom_12m,natural_breaks,Absolute Mortality,WUE,Low,30,0.00285,50,0.3036,0.3595,ns
M5vsM6_anom_12m,natural_breaks,Absolute Mortality,uWUE,Low,30,-0.00153,50,0.1938,0.3149,ns
M5vsM6_anom_12m,natural_breaks,Relative Mortality,ETmax,High,26,-0.00031,57.7,0.3516,0.4057,ns
M5vsM6_anom_12m,natural_breaks,Relative Mortality,GPPsat,High,26,-0.60529,65.4,0.02679,0.1722,ns
M5vsM6_anom_12m,natural_breaks,Relative Mortality,NEPmax,High,26,-0.70891,65.4,0.02525,0.1722,ns
M5vsM6_anom_12m,natural_breaks,Relative Mortality,WUE,High,26,-0.04723,61.5,0.1114,0.275,ns
M5vsM6_anom_12m,natural_breaks,Relative Mortality,uWUE,High,26,-0.00666,50,0.201,0.3149,ns
M5vsM6_anom_12m,natural_breaks,Relative Mortality,ETmax,Mid,32,-0.00057,59.4,0.1974,0.3149,ns
M5vsM6_anom_12m,natural_breaks,Relative Mortality,GPPsat,Mid,32,-0.71451,68.8,0.01691,0.1521,ns
M5vsM6_anom_12m,natural_breaks,Relative Mortality,NEPmax,Mid,32,-0.27583,65.6,0.03707,0.2008,ns
M5vsM6_anom_12m,natural_breaks,Relative Mortality,WUE,Mid,32,-0.03744,53.1,0.2301,0.3149,ns
M5vsM6_anom_12m,natural_breaks,Relative Mortality,uWUE,Mid,32,-0.01794,53.1,0.4076,0.4474,ns
M5vsM6_anom_12m,natural_breaks,Relative Mortality,ETmax,Low,35,0.00063,42.9,0.714,0.7373,ns
M5vsM6_anom_12m,natural_breaks,Relative Mortality,GPPsat,Low,35,-0.32104,62.9,0.1275,0.275,ns
M5vsM6_anom_12m,natural_breaks,Relative Mortality,NEPmax,Low,35,-1.08857,60,0.09095,0.2617,ns
M5vsM6_anom_12m,natural_breaks,Relative Mortality,WUE,Low,35,-0.01723,57.1,0.1492,0.2855,ns
M5vsM6_anom_12m,natural_breaks,Relative Mortality,uWUE,Low,35,-0.00669,51.4,0.06083,0.2617,ns
M5vsM6_anom_12m,natural_breaks,Relative Disturbance,ETmax,Mid,35,-0.00133,60,0.09643,0.2617,ns
M5vsM6_anom_12m,natural_breaks,Relative Disturbance,GPPsat,Mid,35,-0.74889,74.3,0.002614,0.05611,ns
M5vsM6_anom_12m,natural_breaks,Relative Disturbance,NEPmax,Mid,35,-0.77314,68.6,0.007169,0.08065,ns
M5vsM6_anom_12m,natural_breaks,Relative Disturbance,WUE,Mid,35,-0.03887,54.3,0.1345,0.275,ns
M5vsM6_anom_12m,natural_breaks,Relative Disturbance,uWUE,Mid,35,-0.03487,54.3,0.2536,0.3169,ns
M5vsM6_anom_12m,natural_breaks,Relative Disturbance,ETmax,Low,35,0.00072,42.9,0.8051,0.8051,ns
M5vsM6_anom_12m,natural_breaks,Relative Disturbance,GPPsat,Low,35,-0.31575,60,0.2231,0.3149,ns
M5vsM6_anom_12m,natural_breaks,Relative Disturbance,NEPmax,Low,35,-0.23665,57.1,0.186,0.3149,ns
M5vsM6_anom_12m,natural_breaks,Relative Disturbance,WUE,Low,35,-0.03401,60,0.1309,0.275,ns
M5vsM6_anom_12m,natural_breaks,Relative Disturbance,uWUE,Low,35,-0.00669,51.4,0.08317,0.2617,ns
M5vsM6_anom_12m,natural_breaks,Relative Disturbance,ETmax,High,23,-0.00038,56.5,0.398,0.4474,ns
M5vsM6_anom_12m,natural_breaks,Relative Disturbance,GPPsat,High,23,-0.44938,60.9,0.07427,0.2617,ns
M5vsM6_anom_12m,natural_breaks,Relative Disturbance,NEPmax,High,23,-0.54879,65.2,0.04016,0.2008,ns
M5vsM6_anom_12m,natural_breaks,Relative Disturbance,WUE,High,23,-0.02765,56.5,0.2374,0.3149,ns
M5vsM6_anom_12m,natural_breaks,Relative Disturbance,uWUE,High,23,0.00742,47.8,0.2665,0.3241,ns
M5vsM6_anom_24m,tertiles,Absolute Mortality,ETmax,High,31,-0.00133,61.3,0.1518,0.2816,ns
M5vsM6_anom_24m,tertiles,Absolute Mortality,GPPsat,High,31,-0.05676,51.6,0.2312,0.3251,ns
M5vsM6_anom_24m,tertiles,Absolute Mortality,NEPmax,High,31,-0.55906,64.5,0.08661,0.2436,ns
M5vsM6_anom_24m,tertiles,Absolute Mortality,WUE,High,31,-0.06026,61.3,0.1103,0.2816,ns
M5vsM6_anom_24m,tertiles,Absolute Mortality,uWUE,High,31,-0.04778,58.1,0.1863,0.2994,ns
M5vsM6_anom_24m,tertiles,Absolute Mortality,ETmax,Mid,31,-0.00018,51.6,0.725,0.7415,ns
M5vsM6_anom_24m,tertiles,Absolute Mortality,GPPsat,Mid,31,-0.83879,77.4,0.003323,0.1367,ns
M5vsM6_anom_24m,tertiles,Absolute Mortality,NEPmax,Mid,31,-0.89382,67.7,0.02127,0.1367,ns
M5vsM6_anom_24m,tertiles,Absolute Mortality,WUE,Mid,31,-0.04629,54.8,0.1472,0.2816,ns
M5vsM6_anom_24m,tertiles,Absolute Mortality,uWUE,Mid,31,-0.02993,54.8,0.2621,0.3469,ns
M5vsM6_anom_24m,tertiles,Absolute Mortality,ETmax,Low,31,-4e-04,54.8,0.5117,0.5483,ns
M5vsM6_anom_24m,tertiles,Absolute Mortality,GPPsat,Low,31,-0.30937,61.3,0.1258,0.2816,ns
M5vsM6_anom_24m,tertiles,Absolute Mortality,NEPmax,Low,31,-1.12598,61.3,0.03972,0.1788,ns
M5vsM6_anom_24m,tertiles,Absolute Mortality,WUE,Low,31,-0.01306,54.8,0.2253,0.3251,ns
M5vsM6_anom_24m,tertiles,Absolute Mortality,uWUE,Low,31,-0.01317,54.8,0.295,0.3588,ns
M5vsM6_anom_24m,tertiles,Relative Mortality,ETmax,High,31,-0.00133,61.3,0.3156,0.3737,ns
M5vsM6_anom_24m,tertiles,Relative Mortality,GPPsat,High,31,-0.49687,71,0.008185,0.1367,ns
M5vsM6_anom_24m,tertiles,Relative Mortality,NEPmax,High,31,-0.70267,71,0.01444,0.1367,ns
M5vsM6_anom_24m,tertiles,Relative Mortality,WUE,High,31,-0.06026,61.3,0.05734,0.2346,ns
M5vsM6_anom_24m,tertiles,Relative Mortality,uWUE,High,31,-0.02631,54.8,0.3512,0.4052,ns
M5vsM6_anom_24m,tertiles,Relative Mortality,ETmax,Mid,31,-0.00032,54.8,0.4108,0.4622,ns
M5vsM6_anom_24m,tertiles,Relative Mortality,GPPsat,Mid,31,-0.4569,58.1,0.1258,0.2816,ns
M5vsM6_anom_24m,tertiles,Relative Mortality,NEPmax,Mid,31,-0.47209,67.7,0.08355,0.2436,ns
M5vsM6_anom_24m,tertiles,Relative Mortality,WUE,Mid,31,-0.02425,51.6,0.2558,0.3469,ns
M5vsM6_anom_24m,tertiles,Relative Mortality,uWUE,Mid,31,-0.01317,51.6,0.295,0.3588,ns
M5vsM6_anom_24m,tertiles,Relative Mortality,ETmax,Low,31,-0.00024,51.6,0.6268,0.6559,ns
M5vsM6_anom_24m,tertiles,Relative Mortality,GPPsat,Low,31,-0.30937,61.3,0.08058,0.2436,ns
M5vsM6_anom_24m,tertiles,Relative Mortality,NEPmax,Low,31,-1.21899,54.8,0.03202,0.1788,ns
M5vsM6_anom_24m,tertiles,Relative Mortality,WUE,Low,31,-0.01523,58.1,0.2137,0.3205,ns
M5vsM6_anom_24m,tertiles,Relative Mortality,uWUE,Low,31,-0.04159,61.3,0.07215,0.2436,ns
M5vsM6_anom_24m,tertiles,Relative Disturbance,ETmax,High,31,-0.00126,61.3,0.208,0.3205,ns
M5vsM6_anom_24m,tertiles,Relative Disturbance,GPPsat,High,31,-0.60497,67.7,0.01935,0.1367,ns
M5vsM6_anom_24m,tertiles,Relative Disturbance,NEPmax,High,31,-0.89166,74.2,0.01374,0.1367,ns
M5vsM6_anom_24m,tertiles,Relative Disturbance,WUE,High,31,-0.0331,54.8,0.1258,0.2816,ns
M5vsM6_anom_24m,tertiles,Relative Disturbance,uWUE,High,31,-0.02631,54.8,0.4262,0.4677,ns
M5vsM6_anom_24m,tertiles,Relative Disturbance,ETmax,Mid,31,-0.00099,64.5,0.1564,0.2816,ns
M5vsM6_anom_24m,tertiles,Relative Disturbance,GPPsat,Mid,31,-0.49687,61.3,0.03648,0.1788,ns
M5vsM6_anom_24m,tertiles,Relative Disturbance,NEPmax,Mid,31,-0.48904,67.7,0.01844,0.1367,ns
M5vsM6_anom_24m,tertiles,Relative Disturbance,WUE,Mid,31,-0.04629,54.8,0.166,0.2873,ns
M5vsM6_anom_24m,tertiles,Relative Disturbance,uWUE,Mid,31,0.01835,48.4,0.295,0.3588,ns
M5vsM6_anom_24m,tertiles,Relative Disturbance,ETmax,Low,31,0.00202,41.9,0.8616,0.8616,ns
M5vsM6_anom_24m,tertiles,Relative Disturbance,GPPsat,Low,31,-0.30937,61.3,0.1472,0.2816,ns
M5vsM6_anom_24m,tertiles,Relative Disturbance,NEPmax,Low,31,-0.15013,51.6,0.1564,0.2816,ns
M5vsM6_anom_24m,tertiles,Relative Disturbance,WUE,Low,31,-0.03968,61.3,0.1863,0.2994,ns
M5vsM6_anom_24m,tertiles,Relative Disturbance,uWUE,Low,31,-0.04159,64.5,0.07488,0.2436,ns
M5vsM6_anom_24m,equal_width,Absolute Mortality,ETmax,Mid,35,-0.00032,51.4,0.5229,0.5719,ns
M5vsM6_anom_24m,equal_width,Absolute Mortality,GPPsat,Mid,35,-0.10832,57.1,0.2281,0.373,ns
M5vsM6_anom_24m,equal_width,Absolute Mortality,NEPmax,Mid,35,-0.42189,62.9,0.138,0.2543,ns
M5vsM6_anom_24m,equal_width,Absolute Mortality,WUE,Mid,35,-0.08252,62.9,0.02421,0.1103,ns
M5vsM6_anom_24m,equal_width,Absolute Mortality,uWUE,Mid,35,-0.04778,62.9,0.03914,0.142,ns
M5vsM6_anom_24m,equal_width,Absolute Mortality,ETmax,Low,53,-4e-04,56.6,0.4193,0.4892,ns
M5vsM6_anom_24m,equal_width,Absolute Mortality,GPPsat,Low,53,-0.86327,71.7,0.0008119,0.01421,*
M5vsM6_anom_24m,equal_width,Absolute Mortality,NEPmax,Low,53,-1.29128,67.9,0.000676,0.01421,*
M5vsM6_anom_24m,equal_width,Absolute Mortality,WUE,Low,53,-0.01306,52.8,0.2677,0.373,ns
M5vsM6_anom_24m,equal_width,Absolute Mortality,uWUE,Low,53,-0.02189,54.7,0.218,0.373,ns
M5vsM6_anom_24m,equal_width,Absolute Mortality,ETmax,High,5,-0.0015,80,,,""
M5vsM6_anom_24m,equal_width,Absolute Mortality,GPPsat,High,5,0.48192,20,,,""
M5vsM6_anom_24m,equal_width,Absolute Mortality,NEPmax,High,5,1.36027,40,,,""
M5vsM6_anom_24m,equal_width,Absolute Mortality,WUE,High,5,-0.00434,60,,,""
M5vsM6_anom_24m,equal_width,Absolute Mortality,uWUE,High,5,0.22228,20,,,""
M5vsM6_anom_24m,equal_width,Relative Mortality,ETmax,Mid,33,-7e-04,57.6,0.26,0.373,ns
M5vsM6_anom_24m,equal_width,Relative Mortality,GPPsat,Mid,33,-0.60497,75.8,0.005308,0.04176,*
M5vsM6_anom_24m,equal_width,Relative Mortality,NEPmax,Mid,33,-0.79188,75.8,0.005587,0.04176,*
M5vsM6_anom_24m,equal_width,Relative Mortality,WUE,Mid,33,-0.0331,51.5,0.3022,0.3917,ns
M5vsM6_anom_24m,equal_width,Relative Mortality,uWUE,Mid,33,0.00502,48.5,0.5214,0.5719,ns
M5vsM6_anom_24m,equal_width,Relative Mortality,ETmax,Low,53,-0.00032,52.8,0.6284,0.6665,ns
M5vsM6_anom_24m,equal_width,Relative Mortality,GPPsat,Low,53,-0.41304,58.5,0.05961,0.1626,ns
M5vsM6_anom_24m,equal_width,Relative Mortality,NEPmax,Low,53,-0.43086,56.6,0.05261,0.1626,ns
M5vsM6_anom_24m,equal_width,Relative Mortality,WUE,Low,53,-0.04629,60.4,0.06282,0.1626,ns
M5vsM6_anom_24m,equal_width,Relative Mortality,uWUE,Low,53,-0.03152,60.4,0.04058,0.142,ns
M5vsM6_anom_24m,equal_width,Relative Mortality,ETmax,High,7,-0.0015,71.4,0.3999,0.4827,ns
M5vsM6_anom_24m,equal_width,Relative Mortality,GPPsat,High,7,0.3805,42.9,0.2771,0.373,ns
M5vsM6_anom_24m,equal_width,Relative Mortality,NEPmax,High,7,-0.89166,71.4,0.1359,0.2543,ns
M5vsM6_anom_24m,equal_width,Relative Mortality,WUE,High,7,-0.00434,57.1,0.2771,0.373,ns
M5vsM6_anom_24m,equal_width,Relative Mortality,uWUE,High,7,-0.04778,57.1,0.3363,0.4204,ns
M5vsM6_anom_24m,equal_width,Relative Disturbance,ETmax,Mid,35,-0.00126,62.9,0.138,0.2543,ns
M5vsM6_anom_24m,equal_width,Relative Disturbance,GPPsat,Mid,35,-0.60497,74.3,0.005965,0.04176,*
M5vsM6_anom_24m,equal_width,Relative Disturbance,NEPmax,Mid,35,-0.79188,71.4,0.008582,0.05006,ns
M5vsM6_anom_24m,equal_width,Relative Disturbance,WUE,Mid,35,-0.0331,51.4,0.2695,0.373,ns
M5vsM6_anom_24m,equal_width,Relative Disturbance,uWUE,Mid,35,0.0105,45.7,0.8051,0.8051,ns
M5vsM6_anom_24m,equal_width,Relative Disturbance,ETmax,Low,53,0.00078,49.1,0.7661,0.7886,ns
M5vsM6_anom_24m,equal_width,Relative Disturbance,GPPsat,Low,53,-0.30937,56.6,0.09357,0.2183,ns
M5vsM6_anom_24m,equal_width,Relative Disturbance,NEPmax,Low,53,-0.43086,58.5,0.06504,0.1626,ns
M5vsM6_anom_24m,equal_width,Relative Disturbance,WUE,Low,53,-0.03968,58.5,0.1109,0.2426,ns
M5vsM6_anom_24m,equal_width,Relative Disturbance,uWUE,Low,53,-0.03152,60.4,0.02521,0.1103,ns
M5vsM6_anom_24m,equal_width,Relative Disturbance,ETmax,High,5,-0.0015,80,,,""
M5vsM6_anom_24m,equal_width,Relative Disturbance,GPPsat,High,5,-1.36814,60,,,""
M5vsM6_anom_24m,equal_width,Relative Disturbance,NEPmax,High,5,-2.94551,80,,,""
M5vsM6_anom_24m,equal_width,Relative Disturbance,WUE,High,5,-0.17891,80,,,""
M5vsM6_anom_24m,equal_width,Relative Disturbance,uWUE,High,5,-0.23888,80,,,""
M5vsM6_anom_24m,natural_breaks,Absolute Mortality,ETmax,High,20,-0.00154,60,0.2005,0.3347,ns
M5vsM6_anom_24m,natural_breaks,Absolute Mortality,GPPsat,High,20,-0.0531,50,0.2568,0.3727,ns
M5vsM6_anom_24m,natural_breaks,Absolute Mortality,NEPmax,High,20,-0.14611,55,0.3338,0.4173,ns
M5vsM6_anom_24m,natural_breaks,Absolute Mortality,WUE,High,20,-0.04981,60,0.1523,0.2855,ns
M5vsM6_anom_24m,natural_breaks,Absolute Mortality,uWUE,High,20,-0.02476,55,0.222,0.3347,ns
M5vsM6_anom_24m,natural_breaks,Absolute Mortality,ETmax,Mid,43,-0.00032,55.8,0.5024,0.5383,ns
M5vsM6_anom_24m,natural_breaks,Absolute Mortality,GPPsat,Mid,43,-0.65039,72.1,0.003356,0.05562,ns
M5vsM6_anom_24m,natural_breaks,Absolute Mortality,NEPmax,Mid,43,-0.79188,72.1,0.003741,0.05562,ns
M5vsM6_anom_24m,natural_breaks,Absolute Mortality,WUE,Mid,43,-0.07545,58.1,0.09508,0.2371,ns
M5vsM6_anom_24m,natural_breaks,Absolute Mortality,uWUE,Mid,43,-0.03152,58.1,0.1399,0.2844,ns
M5vsM6_anom_24m,natural_breaks,Absolute Mortality,ETmax,Low,30,-0.00037,53.3,0.5895,0.6169,ns
M5vsM6_anom_24m,natural_breaks,Absolute Mortality,GPPsat,Low,30,-0.28427,60,0.172,0.3097,ns
M5vsM6_anom_24m,natural_breaks,Absolute Mortality,NEPmax,Low,30,-0.91099,60,0.05432,0.2135,ns
M5vsM6_anom_24m,natural_breaks,Absolute Mortality,WUE,Low,30,-0.00734,53.3,0.2754,0.3873,ns
M5vsM6_anom_24m,natural_breaks,Absolute Mortality,uWUE,Low,30,-0.01126,53.3,0.3556,0.4319,ns
M5vsM6_anom_24m,natural_breaks,Relative Mortality,ETmax,High,26,-0.00098,57.7,0.4495,0.5057,ns
M5vsM6_anom_24m,natural_breaks,Relative Mortality,GPPsat,High,26,-0.33397,65.4,0.03373,0.1853,ns
M5vsM6_anom_24m,natural_breaks,Relative Mortality,NEPmax,High,26,-0.89274,73.1,0.02379,0.1853,ns
M5vsM6_anom_24m,natural_breaks,Relative Mortality,WUE,High,26,-0.04981,61.5,0.06066,0.2135,ns
M5vsM6_anom_24m,natural_breaks,Relative Mortality,uWUE,High,26,-0.03585,57.7,0.3057,0.3959,ns
M5vsM6_anom_24m,natural_breaks,Relative Mortality,ETmax,Mid,32,-0.0012,65.6,0.1001,0.2371,ns
M5vsM6_anom_24m,natural_breaks,Relative Mortality,GPPsat,Mid,32,-0.55092,62.5,0.03707,0.1853,ns
M5vsM6_anom_24m,natural_breaks,Relative Mortality,NEPmax,Mid,32,-0.52405,65.6,0.03707,0.1853,ns
M5vsM6_anom_24m,natural_breaks,Relative Mortality,WUE,Mid,32,-0.00824,50,0.3647,0.4319,ns
M5vsM6_anom_24m,natural_breaks,Relative Mortality,uWUE,Mid,32,0.01443,46.9,0.4963,0.5383,ns
M5vsM6_anom_24m,natural_breaks,Relative Mortality,ETmax,Low,35,0.00146,45.7,0.7865,0.8044,ns
M5vsM6_anom_24m,natural_breaks,Relative Mortality,GPPsat,Low,35,-0.41304,62.9,0.08571,0.2269,ns
M5vsM6_anom_24m,natural_breaks,Relative Mortality,NEPmax,Low,35,-1.12598,57.1,0.06283,0.2135,ns
M5vsM6_anom_24m,natural_breaks,Relative Mortality,WUE,Low,35,-0.03968,60,0.1345,0.2844,ns
M5vsM6_anom_24m,natural_breaks,Relative Mortality,uWUE,Low,35,-0.04159,62.9,0.05158,0.2135,ns
M5vsM6_anom_24m,natural_breaks,Relative Disturbance,ETmax,Mid,35,-0.00087,62.9,0.07359,0.2135,ns
M5vsM6_anom_24m,natural_breaks,Relative Disturbance,GPPsat,Mid,35,-0.65039,68.6,0.004944,0.05562,ns
M5vsM6_anom_24m,natural_breaks,Relative Disturbance,NEPmax,Mid,35,-0.69601,74.3,0.003703,0.05562,ns
M5vsM6_anom_24m,natural_breaks,Relative Disturbance,WUE,Mid,35,-0.02425,51.4,0.2135,0.3347,ns
M5vsM6_anom_24m,natural_breaks,Relative Disturbance,uWUE,Mid,35,0.0105,48.6,0.4125,0.476,ns
M5vsM6_anom_24m,natural_breaks,Relative Disturbance,ETmax,Low,35,0.00156,42.9,0.8949,0.8949,ns
M5vsM6_anom_24m,natural_breaks,Relative Disturbance,GPPsat,Low,35,-0.25917,57.1,0.2041,0.3347,ns
M5vsM6_anom_24m,natural_breaks,Relative Disturbance,NEPmax,Low,35,0.03948,48.6,0.2231,0.3347,ns
M5vsM6_anom_24m,natural_breaks,Relative Disturbance,WUE,Low,35,-0.04629,62.9,0.1454,0.2844,ns
M5vsM6_anom_24m,natural_breaks,Relative Disturbance,uWUE,Low,35,-0.04159,62.9,0.0759,0.2135,ns
M5vsM6_anom_24m,natural_breaks,Relative Disturbance,ETmax,High,23,-0.00133,65.2,0.3079,0.3959,ns
M5vsM6_anom_24m,natural_breaks,Relative Disturbance,GPPsat,High,23,-0.28225,65.2,0.07009,0.2135,ns
M5vsM6_anom_24m,natural_breaks,Relative Disturbance,NEPmax,High,23,-0.89166,73.9,0.02489,0.1853,ns
M5vsM6_anom_24m,natural_breaks,Relative Disturbance,WUE,High,23,-0.03936,56.5,0.1208,0.2718,ns
M5vsM6_anom_24m,natural_breaks,Relative Disturbance,uWUE,High,23,-0.04539,56.5,0.2973,0.3959,ns
M7vsM8_raw_12m,tertiles,Absolute Mortality,ETmax,High,31,0,48.4,0.3881,0.9933,ns
M7vsM8_raw_12m,tertiles,Absolute Mortality,GPPsat,High,31,0.04537,45.2,0.4961,0.9933,ns
M7vsM8_raw_12m,tertiles,Absolute Mortality,NEPmax,High,31,0.12007,38.7,0.8388,0.9933,ns
M7vsM8_raw_12m,tertiles,Absolute Mortality,WUE,High,31,-0.01075,64.5,0.1863,0.9933,ns
M7vsM8_raw_12m,tertiles,Absolute Mortality,uWUE,High,31,0.00502,41.9,0.9511,0.9963,ns
M7vsM8_raw_12m,tertiles,Absolute Mortality,ETmax,Mid,31,0.00025,41.9,0.7184,0.9933,ns
M7vsM8_raw_12m,tertiles,Absolute Mortality,GPPsat,Mid,31,-0.0492,58.1,0.2883,0.9933,ns
M7vsM8_raw_12m,tertiles,Absolute Mortality,NEPmax,Mid,31,-0.07251,61.3,0.3296,0.9933,ns
M7vsM8_raw_12m,tertiles,Absolute Mortality,WUE,Mid,31,-0.00575,58.1,0.3439,0.9933,ns
M7vsM8_raw_12m,tertiles,Absolute Mortality,uWUE,Mid,31,-0.0045,51.6,0.4185,0.9933,ns
M7vsM8_raw_12m,tertiles,Absolute Mortality,ETmax,Low,31,-0.00073,54.8,0.3512,0.9933,ns
M7vsM8_raw_12m,tertiles,Absolute Mortality,GPPsat,Low,31,3e-04,48.4,0.6342,0.9933,ns
M7vsM8_raw_12m,tertiles,Absolute Mortality,NEPmax,Low,31,0.08502,48.4,0.8084,0.9933,ns
M7vsM8_raw_12m,tertiles,Absolute Mortality,WUE,Low,31,0.00639,45.2,0.6982,0.9933,ns
M7vsM8_raw_12m,tertiles,Absolute Mortality,uWUE,Low,31,-0.00058,51.6,0.8137,0.9933,ns
M7vsM8_raw_12m,tertiles,Relative Mortality,ETmax,High,31,0.00035,35.5,0.9619,0.9963,ns
M7vsM8_raw_12m,tertiles,Relative Mortality,GPPsat,High,31,0.02709,45.2,0.4108,0.9933,ns
M7vsM8_raw_12m,tertiles,Relative Mortality,NEPmax,High,31,0.0816,41.9,0.6914,0.9933,ns
M7vsM8_raw_12m,tertiles,Relative Mortality,WUE,High,31,-0.00724,64.5,0.197,0.9933,ns
M7vsM8_raw_12m,tertiles,Relative Mortality,uWUE,High,31,0.00701,35.5,0.9863,0.9963,ns
M7vsM8_raw_12m,tertiles,Relative Mortality,ETmax,Mid,31,-0.00123,58.1,0.02029,0.7205,ns
M7vsM8_raw_12m,tertiles,Relative Mortality,GPPsat,Mid,31,0.08514,41.9,0.8742,0.9963,ns
M7vsM8_raw_12m,tertiles,Relative Mortality,NEPmax,Mid,31,0.07929,48.4,0.7688,0.9933,ns
M7vsM8_raw_12m,tertiles,Relative Mortality,WUE,Mid,31,-0.00335,51.6,0.4416,0.9933,ns
M7vsM8_raw_12m,tertiles,Relative Mortality,uWUE,Mid,31,-0.00779,58.1,0.3018,0.9933,ns
M7vsM8_raw_12m,tertiles,Relative Mortality,ETmax,Low,31,-2e-05,51.6,0.5892,0.9933,ns
M7vsM8_raw_12m,tertiles,Relative Mortality,GPPsat,Low,31,-0.07565,64.5,0.1384,0.9933,ns
M7vsM8_raw_12m,tertiles,Relative Mortality,NEPmax,Low,31,-0.02106,58.1,0.5351,0.9933,ns
M7vsM8_raw_12m,tertiles,Relative Mortality,WUE,Low,31,-0.00368,51.6,0.5815,0.9933,ns
M7vsM8_raw_12m,tertiles,Relative Mortality,uWUE,Low,31,-0.00058,51.6,0.7975,0.9933,ns
M7vsM8_raw_12m,tertiles,Relative Disturbance,ETmax,High,31,0.00024,32.3,0.9511,0.9963,ns
M7vsM8_raw_12m,tertiles,Relative Disturbance,GPPsat,High,31,0.04537,45.2,0.4339,0.9933,ns
M7vsM8_raw_12m,tertiles,Relative Disturbance,NEPmax,High,31,0.04248,48.4,0.3658,0.9933,ns
M7vsM8_raw_12m,tertiles,Relative Disturbance,WUE,High,31,-0.00724,64.5,0.1299,0.9933,ns
M7vsM8_raw_12m,tertiles,Relative Disturbance,uWUE,High,31,0.01793,32.3,0.9963,0.9963,ns
M7vsM8_raw_12m,tertiles,Relative Disturbance,ETmax,Mid,31,-0.00126,61.3,0.03202,0.7205,ns
M7vsM8_raw_12m,tertiles,Relative Disturbance,GPPsat,Mid,31,0.01996,41.9,0.7315,0.9933,ns
M7vsM8_raw_12m,tertiles,Relative Disturbance,NEPmax,Mid,31,0.07929,48.4,0.792,0.9933,ns
M7vsM8_raw_12m,tertiles,Relative Disturbance,WUE,Mid,31,-0.01391,61.3,0.1258,0.9933,ns
M7vsM8_raw_12m,tertiles,Relative Disturbance,uWUE,Mid,31,-0.00324,58.1,0.1384,0.9933,ns
M7vsM8_raw_12m,tertiles,Relative Disturbance,ETmax,Low,31,-5e-05,51.6,0.5584,0.9933,ns
M7vsM8_raw_12m,tertiles,Relative Disturbance,GPPsat,Low,31,-0.10249,64.5,0.3585,0.9933,ns
M7vsM8_raw_12m,tertiles,Relative Disturbance,NEPmax,Low,31,-0.00431,51.6,0.824,0.9933,ns
M7vsM8_raw_12m,tertiles,Relative Disturbance,WUE,Low,31,0.00639,41.9,0.9305,0.9963,ns
M7vsM8_raw_12m,tertiles,Relative Disturbance,uWUE,Low,31,-0.00095,54.8,0.6632,0.9933,ns
M7vsM8_raw_12m,equal_width,Absolute Mortality,ETmax,Mid,35,0,48.6,0.2231,0.9829,ns
M7vsM8_raw_12m,equal_width,Absolute Mortality,GPPsat,Mid,35,0.07006,42.9,0.6679,0.9829,ns
M7vsM8_raw_12m,equal_width,Absolute Mortality,NEPmax,Mid,35,0.12007,42.9,0.8792,0.9927,ns
M7vsM8_raw_12m,equal_width,Absolute Mortality,WUE,Mid,35,-0.00548,57.1,0.4061,0.9829,ns
M7vsM8_raw_12m,equal_width,Absolute Mortality,uWUE,Mid,35,0.00338,45.7,0.862,0.9927,ns
M7vsM8_raw_12m,equal_width,Absolute Mortality,ETmax,Low,53,2e-05,49.1,0.5528,0.9829,ns
M7vsM8_raw_12m,equal_width,Absolute Mortality,GPPsat,Low,53,-0.04227,56.6,0.3007,0.9829,ns
M7vsM8_raw_12m,equal_width,Absolute Mortality,NEPmax,Low,53,-0.02106,56.6,0.4507,0.9829,ns
M7vsM8_raw_12m,equal_width,Absolute Mortality,WUE,Low,53,-0.00067,50.9,0.6115,0.9829,ns
M7vsM8_raw_12m,equal_width,Absolute Mortality,uWUE,Low,53,0.00215,49.1,0.8144,0.9829,ns
M7vsM8_raw_12m,equal_width,Absolute Mortality,ETmax,High,5,0.00014,40,,,""
M7vsM8_raw_12m,equal_width,Absolute Mortality,GPPsat,High,5,0.04537,40,,,""
M7vsM8_raw_12m,equal_width,Absolute Mortality,NEPmax,High,5,0.17883,20,,,""
M7vsM8_raw_12m,equal_width,Absolute Mortality,WUE,High,5,-0.01912,100,,,""
M7vsM8_raw_12m,equal_width,Absolute Mortality,uWUE,High,5,-0.00336,60,,,""
M7vsM8_raw_12m,equal_width,Relative Mortality,ETmax,Mid,33,0.00016,36.4,0.6594,0.9829,ns
M7vsM8_raw_12m,equal_width,Relative Mortality,GPPsat,Mid,33,0.01996,48.5,0.2777,0.9829,ns
M7vsM8_raw_12m,equal_width,Relative Mortality,NEPmax,Mid,33,-0.04613,54.5,0.3739,0.9829,ns
M7vsM8_raw_12m,equal_width,Relative Mortality,WUE,Mid,33,-0.00584,63.6,0.1418,0.9829,ns
M7vsM8_raw_12m,equal_width,Relative Mortality,uWUE,Mid,33,0.00701,39.4,0.9801,0.9932,ns
M7vsM8_raw_12m,equal_width,Relative Mortality,ETmax,Low,53,-0.00073,58.5,0.1564,0.9829,ns
M7vsM8_raw_12m,equal_width,Relative Mortality,GPPsat,Low,53,-0.02127,52.8,0.5737,0.9829,ns
M7vsM8_raw_12m,equal_width,Relative Mortality,NEPmax,Low,53,0.07929,49.1,0.9094,0.9932,ns
M7vsM8_raw_12m,equal_width,Relative Mortality,WUE,Low,53,0.00057,49.1,0.7293,0.9829,ns
M7vsM8_raw_12m,equal_width,Relative Mortality,uWUE,Low,53,-0.00095,54.7,0.4367,0.9829,ns
M7vsM8_raw_12m,equal_width,Relative Mortality,ETmax,High,7,0.00076,28.6,0.962,0.9932,ns
M7vsM8_raw_12m,equal_width,Relative Mortality,GPPsat,High,7,0.04537,42.9,0.7766,0.9829,ns
M7vsM8_raw_12m,equal_width,Relative Mortality,NEPmax,High,7,0.17883,28.6,0.6001,0.9829,ns
M7vsM8_raw_12m,equal_width,Relative Mortality,WUE,High,7,-0.01172,71.4,0.2234,0.9829,ns
M7vsM8_raw_12m,equal_width,Relative Mortality,uWUE,High,7,0.00502,42.9,0.7766,0.9829,ns
M7vsM8_raw_12m,equal_width,Relative Disturbance,ETmax,Mid,35,0.00014,40,0.4253,0.9829,ns
M7vsM8_raw_12m,equal_width,Relative Disturbance,GPPsat,Mid,35,0.04537,42.9,0.5489,0.9829,ns
M7vsM8_raw_12m,equal_width,Relative Disturbance,NEPmax,Mid,35,0.05767,48.6,0.7027,0.9829,ns
M7vsM8_raw_12m,equal_width,Relative Disturbance,WUE,Mid,35,-0.00724,65.7,0.06083,0.9829,ns
M7vsM8_raw_12m,equal_width,Relative Disturbance,uWUE,Mid,35,0.00756,37.1,0.9932,0.9932,ns
M7vsM8_raw_12m,equal_width,Relative Disturbance,ETmax,Low,53,-0.00022,54.7,0.2707,0.9829,ns
M7vsM8_raw_12m,equal_width,Relative Disturbance,GPPsat,Low,53,-0.04227,56.6,0.3517,0.9829,ns
M7vsM8_raw_12m,equal_width,Relative Disturbance,NEPmax,Low,53,-0.00431,50.9,0.7923,0.9829,ns
M7vsM8_raw_12m,equal_width,Relative Disturbance,WUE,Low,53,0.00057,49.1,0.7794,0.9829,ns
M7vsM8_raw_12m,equal_width,Relative Disturbance,uWUE,Low,53,-0.00266,56.6,0.355,0.9829,ns
M7vsM8_raw_12m,equal_width,Relative Disturbance,ETmax,High,5,0.00236,40,,,""
M7vsM8_raw_12m,equal_width,Relative Disturbance,GPPsat,High,5,0.09581,40,,,""
M7vsM8_raw_12m,equal_width,Relative Disturbance,NEPmax,High,5,0.04248,40,,,""
M7vsM8_raw_12m,equal_width,Relative Disturbance,WUE,High,5,-0.01075,60,,,""
M7vsM8_raw_12m,equal_width,Relative Disturbance,uWUE,High,5,0.00502,40,,,""
M7vsM8_raw_12m,natural_breaks,Absolute Mortality,ETmax,High,20,0.00025,40,0.8387,0.99,ns
M7vsM8_raw_12m,natural_breaks,Absolute Mortality,GPPsat,High,20,-0.0645,60,0.1274,0.9827,ns
M7vsM8_raw_12m,natural_breaks,Absolute Mortality,NEPmax,High,20,0.19571,30,0.9075,0.99,ns
M7vsM8_raw_12m,natural_breaks,Absolute Mortality,WUE,High,20,-0.01281,65,0.3475,0.99,ns
M7vsM8_raw_12m,natural_breaks,Absolute Mortality,uWUE,High,20,0.00526,40,0.8563,0.99,ns
M7vsM8_raw_12m,natural_breaks,Absolute Mortality,ETmax,Mid,43,0,48.8,0.2552,0.9827,ns
M7vsM8_raw_12m,natural_breaks,Absolute Mortality,GPPsat,Mid,43,0.02362,48.8,0.6301,0.99,ns
M7vsM8_raw_12m,natural_breaks,Absolute Mortality,NEPmax,Mid,43,-0.06702,60.5,0.2872,0.9827,ns
M7vsM8_raw_12m,natural_breaks,Absolute Mortality,WUE,Mid,43,-0.00448,58.1,0.2362,0.9827,ns
M7vsM8_raw_12m,natural_breaks,Absolute Mortality,uWUE,Mid,43,0.00215,48.8,0.7169,0.99,ns
M7vsM8_raw_12m,natural_breaks,Absolute Mortality,ETmax,Low,30,-0.00037,53.3,0.3946,0.99,ns
M7vsM8_raw_12m,natural_breaks,Absolute Mortality,GPPsat,Low,30,0.0013,46.7,0.6745,0.99,ns
M7vsM8_raw_12m,natural_breaks,Absolute Mortality,NEPmax,Low,30,0.10155,46.7,0.8173,0.99,ns
M7vsM8_raw_12m,natural_breaks,Absolute Mortality,WUE,Low,30,0.00348,46.7,0.6964,0.99,ns
M7vsM8_raw_12m,natural_breaks,Absolute Mortality,uWUE,Low,30,-0.00077,53.3,0.7642,0.99,ns
M7vsM8_raw_12m,natural_breaks,Relative Mortality,ETmax,High,26,0.00042,30.8,0.9881,0.99,ns
M7vsM8_raw_12m,natural_breaks,Relative Mortality,GPPsat,High,26,0.01039,50,0.3057,0.9827,ns
M7vsM8_raw_12m,natural_breaks,Relative Mortality,NEPmax,High,26,0.09984,38.5,0.6578,0.99,ns
M7vsM8_raw_12m,natural_breaks,Relative Mortality,WUE,High,26,-0.01124,69.2,0.1431,0.9827,ns
M7vsM8_raw_12m,natural_breaks,Relative Mortality,uWUE,High,26,0.01276,34.6,0.9825,0.99,ns
M7vsM8_raw_12m,natural_breaks,Relative Mortality,ETmax,Mid,32,-0.00114,56.2,0.0314,0.7066,ns
M7vsM8_raw_12m,natural_breaks,Relative Mortality,GPPsat,Mid,32,0.0829,37.5,0.921,0.99,ns
M7vsM8_raw_12m,natural_breaks,Relative Mortality,NEPmax,Mid,32,-0.02632,53.1,0.6353,0.99,ns
M7vsM8_raw_12m,natural_breaks,Relative Mortality,WUE,Mid,32,-0.00391,53.1,0.3035,0.9827,ns
M7vsM8_raw_12m,natural_breaks,Relative Mortality,uWUE,Mid,32,-0.00233,56.2,0.2779,0.9827,ns
M7vsM8_raw_12m,natural_breaks,Relative Mortality,ETmax,Low,35,-5e-05,54.3,0.4511,0.99,ns
M7vsM8_raw_12m,natural_breaks,Relative Mortality,GPPsat,Low,35,-0.07565,62.9,0.2087,0.9827,ns
M7vsM8_raw_12m,natural_breaks,Relative Mortality,NEPmax,Low,35,-0.00601,54.3,0.7027,0.99,ns
M7vsM8_raw_12m,natural_breaks,Relative Mortality,WUE,Low,35,0.00057,48.6,0.7517,0.99,ns
M7vsM8_raw_12m,natural_breaks,Relative Mortality,uWUE,Low,35,-0.00058,51.4,0.8005,0.99,ns
M7vsM8_raw_12m,natural_breaks,Relative Disturbance,ETmax,Mid,35,-0.00104,54.3,0.02926,0.7066,ns
M7vsM8_raw_12m,natural_breaks,Relative Disturbance,GPPsat,Mid,35,0.0023,45.7,0.6191,0.99,ns
M7vsM8_raw_12m,natural_breaks,Relative Disturbance,NEPmax,Mid,35,0.07929,48.6,0.8051,0.99,ns
M7vsM8_raw_12m,natural_breaks,Relative Disturbance,WUE,Mid,35,-0.01305,65.7,0.06283,0.9424,ns
M7vsM8_raw_12m,natural_breaks,Relative Disturbance,uWUE,Mid,35,-0.00095,51.4,0.5424,0.99,ns
M7vsM8_raw_12m,natural_breaks,Relative Disturbance,ETmax,Low,35,-5e-05,51.4,0.5747,0.99,ns
M7vsM8_raw_12m,natural_breaks,Relative Disturbance,GPPsat,Low,35,-0.04227,60,0.4125,0.99,ns
M7vsM8_raw_12m,natural_breaks,Relative Disturbance,NEPmax,Low,35,-0.00431,51.4,0.8351,0.99,ns
M7vsM8_raw_12m,natural_breaks,Relative Disturbance,WUE,Low,35,0.00639,40,0.9534,0.99,ns
M7vsM8_raw_12m,natural_breaks,Relative Disturbance,uWUE,Low,35,-0.00266,57.1,0.4576,0.99,ns
M7vsM8_raw_12m,natural_breaks,Relative Disturbance,ETmax,High,23,0.00048,34.8,0.9751,0.99,ns
M7vsM8_raw_12m,natural_breaks,Relative Disturbance,GPPsat,High,23,0.04537,43.5,0.4576,0.99,ns
M7vsM8_raw_12m,natural_breaks,Relative Disturbance,NEPmax,High,23,0.04248,47.8,0.2374,0.9827,ns
M7vsM8_raw_12m,natural_breaks,Relative Disturbance,WUE,High,23,-0.01172,65.2,0.1615,0.9827,ns
M7vsM8_raw_12m,natural_breaks,Relative Disturbance,uWUE,High,23,0.01462,30.4,0.99,0.99,ns
M7vsM8_raw_24m,tertiles,Absolute Mortality,ETmax,High,31,-0.00067,61.3,0.1258,0.7077,ns
M7vsM8_raw_24m,tertiles,Absolute Mortality,GPPsat,High,31,0.00813,48.4,0.3086,0.9461,ns
M7vsM8_raw_24m,tertiles,Absolute Mortality,NEPmax,High,31,0.05306,45.2,0.6844,0.9461,ns
M7vsM8_raw_24m,tertiles,Absolute Mortality,WUE,High,31,0.00275,48.4,0.3881,0.9461,ns
M7vsM8_raw_24m,tertiles,Absolute Mortality,uWUE,High,31,-0.00151,54.8,0.4416,0.9461,ns
M7vsM8_raw_24m,tertiles,Absolute Mortality,ETmax,Mid,31,0.00093,38.7,0.9223,0.9461,ns
M7vsM8_raw_24m,tertiles,Absolute Mortality,GPPsat,Mid,31,-0.02737,54.8,0.3018,0.9461,ns
M7vsM8_raw_24m,tertiles,Absolute Mortality,NEPmax,Mid,31,-0.02391,54.8,0.6704,0.9461,ns
M7vsM8_raw_24m,tertiles,Absolute Mortality,WUE,Mid,31,0.00321,45.2,0.8084,0.9461,ns
M7vsM8_raw_24m,tertiles,Absolute Mortality,uWUE,Mid,31,0.00628,38.7,0.9223,0.9461,ns
M7vsM8_raw_24m,tertiles,Absolute Mortality,ETmax,Low,31,-2e-05,51.6,0.3018,0.9461,ns
M7vsM8_raw_24m,tertiles,Absolute Mortality,GPPsat,Low,31,-0.07223,58.1,0.2194,0.9461,ns
M7vsM8_raw_24m,tertiles,Absolute Mortality,NEPmax,Low,31,-0.02515,54.8,0.5584,0.9461,ns
M7vsM8_raw_24m,tertiles,Absolute Mortality,WUE,Low,31,-0.01161,54.8,0.5117,0.9461,ns
M7vsM8_raw_24m,tertiles,Absolute Mortality,uWUE,Low,31,-0.00031,51.6,0.5351,0.9461,ns
M7vsM8_raw_24m,tertiles,Relative Mortality,ETmax,High,31,0.00047,48.4,0.5892,0.9461,ns
M7vsM8_raw_24m,tertiles,Relative Mortality,GPPsat,High,31,0.04687,48.4,0.4416,0.9461,ns
M7vsM8_raw_24m,tertiles,Relative Mortality,NEPmax,High,31,0.06038,48.4,0.792,0.9461,ns
M7vsM8_raw_24m,tertiles,Relative Mortality,WUE,High,31,0.00661,41.9,0.6415,0.9461,ns
M7vsM8_raw_24m,tertiles,Relative Mortality,uWUE,High,31,0.00391,45.2,0.7863,0.9461,ns
M7vsM8_raw_24m,tertiles,Relative Mortality,ETmax,Mid,31,-0.00067,61.3,0.1031,0.7077,ns
M7vsM8_raw_24m,tertiles,Relative Mortality,GPPsat,Mid,31,0.01995,41.9,0.8189,0.9461,ns
M7vsM8_raw_24m,tertiles,Relative Mortality,NEPmax,Mid,31,0.08307,41.9,0.9103,0.9461,ns
M7vsM8_raw_24m,tertiles,Relative Mortality,WUE,Mid,31,0.00256,48.4,0.7379,0.9461,ns
M7vsM8_raw_24m,tertiles,Relative Mortality,uWUE,Mid,31,-0.00328,51.6,0.4883,0.9461,ns
M7vsM8_raw_24m,tertiles,Relative Mortality,ETmax,Low,31,2e-04,41.9,0.7628,0.9461,ns
M7vsM8_raw_24m,tertiles,Relative Mortality,GPPsat,Low,31,-0.11559,71,0.01242,0.2795,ns
M7vsM8_raw_24m,tertiles,Relative Mortality,NEPmax,Low,31,-0.04976,64.5,0.09965,0.7077,ns
M7vsM8_raw_24m,tertiles,Relative Mortality,WUE,Low,31,-0.01161,58.1,0.3018,0.9461,ns
M7vsM8_raw_24m,tertiles,Relative Mortality,uWUE,Low,31,5e-04,48.4,0.7184,0.9461,ns
M7vsM8_raw_24m,tertiles,Relative Disturbance,ETmax,High,31,0.00051,45.2,0.8701,0.9461,ns
M7vsM8_raw_24m,tertiles,Relative Disturbance,GPPsat,High,31,-0.00409,51.6,0.3957,0.9461,ns
M7vsM8_raw_24m,tertiles,Relative Disturbance,NEPmax,High,31,-0.02515,54.8,0.5429,0.9461,ns
M7vsM8_raw_24m,tertiles,Relative Disturbance,WUE,High,31,0.01248,35.5,0.7628,0.9461,ns
M7vsM8_raw_24m,tertiles,Relative Disturbance,uWUE,High,31,0.00557,38.7,0.9251,0.9461,ns
M7vsM8_raw_24m,tertiles,Relative Disturbance,ETmax,Mid,31,-9e-04,67.7,0.002315,0.1042,ns
M7vsM8_raw_24m,tertiles,Relative Disturbance,GPPsat,Mid,31,0.00813,45.2,0.5273,0.9461,ns
M7vsM8_raw_24m,tertiles,Relative Disturbance,NEPmax,Mid,31,0.13117,35.5,0.9767,0.9767,ns
M7vsM8_raw_24m,tertiles,Relative Disturbance,WUE,Mid,31,-0.0131,64.5,0.05963,0.7077,ns
M7vsM8_raw_24m,tertiles,Relative Disturbance,uWUE,Mid,31,-0.00545,58.1,0.2372,0.9461,ns
M7vsM8_raw_24m,tertiles,Relative Disturbance,ETmax,Low,31,0.00039,38.7,0.8933,0.9461,ns
M7vsM8_raw_24m,tertiles,Relative Disturbance,GPPsat,Low,31,-0.07485,64.5,0.09296,0.7077,ns
M7vsM8_raw_24m,tertiles,Relative Disturbance,NEPmax,Low,31,-0.06135,64.5,0.1103,0.7077,ns
M7vsM8_raw_24m,tertiles,Relative Disturbance,WUE,Low,31,0.00064,48.4,0.824,0.9461,ns
M7vsM8_raw_24m,tertiles,Relative Disturbance,uWUE,Low,31,5e-04,48.4,0.7117,0.9461,ns
M7vsM8_raw_24m,equal_width,Absolute Mortality,ETmax,Mid,35,-0.00041,54.3,0.3502,0.9578,ns
M7vsM8_raw_24m,equal_width,Absolute Mortality,GPPsat,Mid,35,-0.00409,51.4,0.3935,0.9578,ns
M7vsM8_raw_24m,equal_width,Absolute Mortality,NEPmax,Mid,35,0.08779,37.1,0.933,0.9605,ns
M7vsM8_raw_24m,equal_width,Absolute Mortality,WUE,Mid,35,0.01112,42.9,0.6855,0.9578,ns
M7vsM8_raw_24m,equal_width,Absolute Mortality,uWUE,Mid,35,-0.00151,54.3,0.2973,0.9578,ns
M7vsM8_raw_24m,equal_width,Absolute Mortality,ETmax,Low,53,2e-04,43.4,0.645,0.9578,ns
M7vsM8_raw_24m,equal_width,Absolute Mortality,GPPsat,Low,53,-0.04605,56.6,0.09963,0.9578,ns
M7vsM8_raw_24m,equal_width,Absolute Mortality,NEPmax,Low,53,-0.03495,56.6,0.5772,0.9578,ns
M7vsM8_raw_24m,equal_width,Absolute Mortality,WUE,Low,53,-0.0027,52.8,0.4929,0.9578,ns
M7vsM8_raw_24m,equal_width,Absolute Mortality,uWUE,Low,53,0.0015,45.3,0.8891,0.9605,ns
M7vsM8_raw_24m,equal_width,Absolute Mortality,ETmax,High,5,-0.00098,100,,,""
M7vsM8_raw_24m,equal_width,Absolute Mortality,GPPsat,High,5,0.12805,40,,,""
M7vsM8_raw_24m,equal_width,Absolute Mortality,NEPmax,High,5,-0.18674,100,,,""
M7vsM8_raw_24m,equal_width,Absolute Mortality,WUE,High,5,-0.00383,60,,,""
M7vsM8_raw_24m,equal_width,Absolute Mortality,uWUE,High,5,0.00557,40,,,""
M7vsM8_raw_24m,equal_width,Relative Mortality,ETmax,Mid,33,0.00047,48.5,0.6261,0.9578,ns
M7vsM8_raw_24m,equal_width,Relative Mortality,GPPsat,Mid,33,-0.0285,54.5,0.1459,0.9578,ns
M7vsM8_raw_24m,equal_width,Relative Mortality,NEPmax,Mid,33,0.06038,45.5,0.7514,0.9605,ns
M7vsM8_raw_24m,equal_width,Relative Mortality,WUE,Mid,33,0.01248,36.4,0.9183,0.9605,ns
M7vsM8_raw_24m,equal_width,Relative Mortality,uWUE,Mid,33,0.00391,48.5,0.7735,0.9605,ns
M7vsM8_raw_24m,equal_width,Relative Mortality,ETmax,Low,53,-2e-05,50.9,0.2765,0.9578,ns
M7vsM8_raw_24m,equal_width,Relative Mortality,GPPsat,Low,53,-0.05332,56.6,0.1481,0.9578,ns
M7vsM8_raw_24m,equal_width,Relative Mortality,NEPmax,Low,53,-0.01397,52.8,0.7115,0.9578,ns
M7vsM8_raw_24m,equal_width,Relative Mortality,WUE,Low,53,-0.0027,54.7,0.4437,0.9578,ns
M7vsM8_raw_24m,equal_width,Relative Mortality,uWUE,Low,53,4e-04,49.1,0.7054,0.9578,ns
M7vsM8_raw_24m,equal_width,Relative Mortality,ETmax,High,7,-0.00019,57.1,0.6001,0.9578,ns
M7vsM8_raw_24m,equal_width,Relative Mortality,GPPsat,High,7,0.13172,28.6,0.8976,0.9605,ns
M7vsM8_raw_24m,equal_width,Relative Mortality,NEPmax,High,7,-0.09701,71.4,0.2234,0.9578,ns
M7vsM8_raw_24m,equal_width,Relative Mortality,WUE,High,7,-0.02657,71.4,0.07539,0.9578,ns
M7vsM8_raw_24m,equal_width,Relative Mortality,uWUE,High,7,0.00114,42.9,0.6001,0.9578,ns
M7vsM8_raw_24m,equal_width,Relative Disturbance,ETmax,Mid,35,-1e-05,51.4,0.4967,0.9578,ns
M7vsM8_raw_24m,equal_width,Relative Disturbance,GPPsat,Mid,35,-0.00409,51.4,0.3562,0.9578,ns
M7vsM8_raw_24m,equal_width,Relative Disturbance,NEPmax,Mid,35,0.05306,48.6,0.8051,0.9605,ns
M7vsM8_raw_24m,equal_width,Relative Disturbance,WUE,Mid,35,0.01415,37.1,0.8269,0.9605,ns
M7vsM8_raw_24m,equal_width,Relative Disturbance,uWUE,Mid,35,0.00551,37.1,0.9648,0.9648,ns
M7vsM8_raw_24m,equal_width,Relative Disturbance,ETmax,Low,53,-2e-05,50.9,0.3007,0.9578,ns
M7vsM8_raw_24m,equal_width,Relative Disturbance,GPPsat,Low,53,-0.05332,56.6,0.1076,0.9578,ns
M7vsM8_raw_24m,equal_width,Relative Disturbance,NEPmax,Low,53,-0.01397,52.8,0.6047,0.9578,ns
M7vsM8_raw_24m,equal_width,Relative Disturbance,WUE,Low,53,-0.0027,54.7,0.4823,0.9578,ns
M7vsM8_raw_24m,equal_width,Relative Disturbance,uWUE,Low,53,-0.00044,54.7,0.4965,0.9578,ns
M7vsM8_raw_24m,equal_width,Relative Disturbance,ETmax,High,5,0.00054,40,,,""
M7vsM8_raw_24m,equal_width,Relative Disturbance,GPPsat,High,5,0.12805,40,,,""
M7vsM8_raw_24m,equal_width,Relative Disturbance,NEPmax,High,5,-0.09701,60,,,""
M7vsM8_raw_24m,equal_width,Relative Disturbance,WUE,High,5,-0.02758,80,,,""
M7vsM8_raw_24m,equal_width,Relative Disturbance,uWUE,High,5,-0.00554,60,,,""
M7vsM8_raw_24m,natural_breaks,Absolute Mortality,ETmax,High,20,-1e-04,55,0.3755,0.9374,ns
M7vsM8_raw_24m,natural_breaks,Absolute Mortality,GPPsat,High,20,-0.05318,60,0.1802,0.9374,ns
M7vsM8_raw_24m,natural_breaks,Absolute Mortality,NEPmax,High,20,-0.03901,55,0.4926,0.9374,ns
M7vsM8_raw_24m,natural_breaks,Absolute Mortality,WUE,High,20,-0.00054,50,0.2941,0.9374,ns
M7vsM8_raw_24m,natural_breaks,Absolute Mortality,uWUE,High,20,-0.00216,50,0.3475,0.9374,ns
M7vsM8_raw_24m,natural_breaks,Absolute Mortality,ETmax,Mid,43,0.00025,48.8,0.7563,0.9374,ns
M7vsM8_raw_24m,natural_breaks,Absolute Mortality,GPPsat,Mid,43,0.01259,48.8,0.5169,0.9374,ns
M7vsM8_raw_24m,natural_breaks,Absolute Mortality,NEPmax,Mid,43,0.05306,46.5,0.789,0.9374,ns
M7vsM8_raw_24m,natural_breaks,Absolute Mortality,WUE,Mid,43,0.00321,46.5,0.7855,0.9374,ns
M7vsM8_raw_24m,natural_breaks,Absolute Mortality,uWUE,Mid,43,0.00498,44.2,0.9166,0.9374,ns
M7vsM8_raw_24m,natural_breaks,Absolute Mortality,ETmax,Low,30,4e-05,50,0.3036,0.9374,ns
M7vsM8_raw_24m,natural_breaks,Absolute Mortality,GPPsat,Low,30,-0.08775,56.7,0.2422,0.9374,ns
M7vsM8_raw_24m,natural_breaks,Absolute Mortality,NEPmax,Low,30,-0.03575,56.7,0.5246,0.9374,ns
M7vsM8_raw_24m,natural_breaks,Absolute Mortality,WUE,Low,30,-0.00715,53.3,0.541,0.9374,ns
M7vsM8_raw_24m,natural_breaks,Absolute Mortality,uWUE,Low,30,-0.00037,53.3,0.5246,0.9374,ns
M7vsM8_raw_24m,natural_breaks,Relative Mortality,ETmax,High,26,5e-04,46.2,0.777,0.9374,ns
M7vsM8_raw_24m,natural_breaks,Relative Mortality,GPPsat,High,26,0.00918,50,0.39,0.9374,ns
M7vsM8_raw_24m,natural_breaks,Relative Mortality,NEPmax,High,26,0.02927,50,0.8061,0.9374,ns
M7vsM8_raw_24m,natural_breaks,Relative Mortality,WUE,High,26,0.00954,38.5,0.667,0.9374,ns
M7vsM8_raw_24m,natural_breaks,Relative Mortality,uWUE,High,26,0.00528,38.5,0.8735,0.9374,ns
M7vsM8_raw_24m,natural_breaks,Relative Mortality,ETmax,Mid,32,-0.00067,62.5,0.03275,0.4912,ns
M7vsM8_raw_24m,natural_breaks,Relative Mortality,GPPsat,Mid,32,0.02381,40.6,0.8275,0.9374,ns
M7vsM8_raw_24m,natural_breaks,Relative Mortality,NEPmax,Mid,32,0.09055,40.6,0.9063,0.9374,ns
M7vsM8_raw_24m,natural_breaks,Relative Mortality,WUE,Mid,32,0.00052,50,0.6493,0.9374,ns
M7vsM8_raw_24m,natural_breaks,Relative Mortality,uWUE,Mid,32,-0.00436,59.4,0.2475,0.9374,ns
M7vsM8_raw_24m,natural_breaks,Relative Mortality,ETmax,Low,35,2e-04,42.9,0.7719,0.9374,ns
M7vsM8_raw_24m,natural_breaks,Relative Mortality,GPPsat,Low,35,-0.10328,68.6,0.03269,0.4912,ns
M7vsM8_raw_24m,natural_breaks,Relative Mortality,NEPmax,Low,35,-0.04976,62.9,0.1309,0.8417,ns
M7vsM8_raw_24m,natural_breaks,Relative Mortality,WUE,Low,35,-0.0079,57.1,0.3872,0.9374,ns
M7vsM8_raw_24m,natural_breaks,Relative Mortality,uWUE,Low,35,0.0015,45.7,0.8005,0.9374,ns
M7vsM8_raw_24m,natural_breaks,Relative Disturbance,ETmax,Mid,35,-0.00123,65.7,0.004082,0.1837,ns
M7vsM8_raw_24m,natural_breaks,Relative Disturbance,GPPsat,Mid,35,-0.00409,51.4,0.3321,0.9374,ns
M7vsM8_raw_24m,natural_breaks,Relative Disturbance,NEPmax,Mid,35,0.09803,34.3,0.9801,0.9801,ns
M7vsM8_raw_24m,natural_breaks,Relative Disturbance,WUE,Mid,35,-0.01769,62.9,0.05514,0.6203,ns
M7vsM8_raw_24m,natural_breaks,Relative Disturbance,uWUE,Mid,35,-0.00282,54.3,0.3262,0.9374,ns
M7vsM8_raw_24m,natural_breaks,Relative Disturbance,ETmax,Low,35,0.00039,40,0.909,0.9374,ns
M7vsM8_raw_24m,natural_breaks,Relative Disturbance,GPPsat,Low,35,-0.07223,62.9,0.1022,0.7661,ns
M7vsM8_raw_24m,natural_breaks,Relative Disturbance,NEPmax,Low,35,-0.06135,65.7,0.09926,0.7661,ns
M7vsM8_raw_24m,natural_breaks,Relative Disturbance,WUE,Low,35,0.00635,45.7,0.8825,0.9374,ns
M7vsM8_raw_24m,natural_breaks,Relative Disturbance,uWUE,Low,35,5e-04,48.6,0.7464,0.9374,ns
M7vsM8_raw_24m,natural_breaks,Relative Disturbance,ETmax,High,23,0.00054,43.5,0.8852,0.9374,ns
M7vsM8_raw_24m,natural_breaks,Relative Disturbance,GPPsat,High,23,0.05486,43.5,0.5182,0.9374,ns
M7vsM8_raw_24m,natural_breaks,Relative Disturbance,NEPmax,High,23,-0.07619,56.5,0.5902,0.9374,ns
M7vsM8_raw_24m,natural_breaks,Relative Disturbance,WUE,High,23,0.01415,34.8,0.7434,0.9374,ns
M7vsM8_raw_24m,natural_breaks,Relative Disturbance,uWUE,High,23,0.00557,39.1,0.8966,0.9374,ns
M7vsM8_anom_12m,tertiles,Absolute Mortality,ETmax,High,31,-5e-05,51.6,0.6342,0.696,ns
M7vsM8_anom_12m,tertiles,Absolute Mortality,GPPsat,High,31,-0.63978,67.7,0.005899,0.065,ns
M7vsM8_anom_12m,tertiles,Absolute Mortality,NEPmax,High,31,-0.69007,77.4,0.0004171,0.01877,*
M7vsM8_anom_12m,tertiles,Absolute Mortality,WUE,High,31,-0.07571,61.3,0.08661,0.2165,ns
M7vsM8_anom_12m,tertiles,Absolute Mortality,uWUE,High,31,-0.06634,64.5,0.07488,0.1982,ns
M7vsM8_anom_12m,tertiles,Absolute Mortality,ETmax,Mid,31,-5e-05,51.6,0.6914,0.7235,ns
M7vsM8_anom_12m,tertiles,Absolute Mortality,GPPsat,Mid,31,-0.15344,54.8,0.1341,0.2514,ns
M7vsM8_anom_12m,tertiles,Absolute Mortality,NEPmax,Mid,31,-0.21847,58.1,0.2495,0.3208,ns
M7vsM8_anom_12m,tertiles,Absolute Mortality,WUE,Mid,31,-0.02387,58.1,0.2433,0.3208,ns
M7vsM8_anom_12m,tertiles,Absolute Mortality,uWUE,Mid,31,-0.02837,54.8,0.197,0.2955,ns
M7vsM8_anom_12m,tertiles,Absolute Mortality,ETmax,Low,31,-0.00024,58.1,0.2883,0.3506,ns
M7vsM8_anom_12m,tertiles,Absolute Mortality,GPPsat,Low,31,-0.0218,51.6,0.06441,0.1932,ns
M7vsM8_anom_12m,tertiles,Absolute Mortality,NEPmax,Low,31,-0.2636,71,0.005899,0.065,ns
M7vsM8_anom_12m,tertiles,Absolute Mortality,WUE,Low,31,-0.02625,54.8,0.3957,0.4451,ns
M7vsM8_anom_12m,tertiles,Absolute Mortality,uWUE,Low,31,-0.01686,51.6,0.197,0.2955,ns
M7vsM8_anom_12m,tertiles,Relative Mortality,ETmax,High,31,0.00021,41.9,0.834,0.8529,ns
M7vsM8_anom_12m,tertiles,Relative Mortality,GPPsat,High,31,-0.2082,58.1,0.05734,0.1843,ns
M7vsM8_anom_12m,tertiles,Relative Mortality,NEPmax,High,31,-0.33848,71,0.01065,0.065,ns
M7vsM8_anom_12m,tertiles,Relative Mortality,WUE,High,31,-0.02325,51.6,0.2372,0.3208,ns
M7vsM8_anom_12m,tertiles,Relative Mortality,uWUE,High,31,-0.04783,61.3,0.1472,0.2627,ns
M7vsM8_anom_12m,tertiles,Relative Mortality,ETmax,Mid,31,-0.00024,58.1,0.3512,0.4159,ns
M7vsM8_anom_12m,tertiles,Relative Mortality,GPPsat,Mid,31,-0.29718,64.5,0.01374,0.065,ns
M7vsM8_anom_12m,tertiles,Relative Mortality,NEPmax,Mid,31,-0.31764,64.5,0.01374,0.065,ns
M7vsM8_anom_12m,tertiles,Relative Mortality,WUE,Mid,31,-0.04174,67.7,0.1518,0.2627,ns
M7vsM8_anom_12m,tertiles,Relative Mortality,uWUE,Mid,31,-0.02612,58.1,0.1258,0.2462,ns
M7vsM8_anom_12m,tertiles,Relative Mortality,ETmax,Low,31,-0.00016,61.3,0.3732,0.4306,ns
M7vsM8_anom_12m,tertiles,Relative Mortality,GPPsat,Low,31,-0.0218,51.6,0.0695,0.1955,ns
M7vsM8_anom_12m,tertiles,Relative Mortality,NEPmax,Low,31,-0.2636,71,0.01307,0.065,ns
M7vsM8_anom_12m,tertiles,Relative Mortality,WUE,Low,31,-0.01536,54.8,0.2372,0.3208,ns
M7vsM8_anom_12m,tertiles,Relative Mortality,uWUE,Low,31,-0.04453,51.6,0.1103,0.2364,ns
M7vsM8_anom_12m,tertiles,Relative Disturbance,ETmax,High,31,0.00047,35.5,0.9223,0.9223,ns
M7vsM8_anom_12m,tertiles,Relative Disturbance,GPPsat,High,31,-0.48764,61.3,0.03807,0.1428,ns
M7vsM8_anom_12m,tertiles,Relative Disturbance,NEPmax,High,31,-0.43491,74.2,0.006588,0.065,ns
M7vsM8_anom_12m,tertiles,Relative Disturbance,WUE,High,31,-0.02387,51.6,0.1811,0.2955,ns
M7vsM8_anom_12m,tertiles,Relative Disturbance,uWUE,High,31,-0.05192,64.5,0.1258,0.2462,ns
M7vsM8_anom_12m,tertiles,Relative Disturbance,ETmax,Mid,31,-0.0011,71,0.04143,0.1434,ns
M7vsM8_anom_12m,tertiles,Relative Disturbance,GPPsat,Mid,31,-0.29396,64.5,0.01444,0.065,ns
M7vsM8_anom_12m,tertiles,Relative Disturbance,NEPmax,Mid,31,-0.28679,61.3,0.01307,0.065,ns
M7vsM8_anom_12m,tertiles,Relative Disturbance,WUE,Mid,31,-0.03565,64.5,0.208,0.302,ns
M7vsM8_anom_12m,tertiles,Relative Disturbance,uWUE,Mid,31,-0.01686,51.6,0.1863,0.2955,ns
M7vsM8_anom_12m,tertiles,Relative Disturbance,ETmax,Low,31,-6e-05,54.8,0.6632,0.7106,ns
M7vsM8_anom_12m,tertiles,Relative Disturbance,GPPsat,Low,31,0.01781,48.4,0.1103,0.2364,ns
M7vsM8_anom_12m,tertiles,Relative Disturbance,NEPmax,Low,31,-0.2636,71,0.03202,0.131,ns
M7vsM8_anom_12m,tertiles,Relative Disturbance,WUE,Low,31,-0.03155,58.1,0.275,0.3438,ns
M7vsM8_anom_12m,tertiles,Relative Disturbance,uWUE,Low,31,-0.04453,54.8,0.1103,0.2364,ns
M7vsM8_anom_12m,equal_width,Absolute Mortality,ETmax,Mid,35,0.00021,45.7,0.9411,0.9411,ns
M7vsM8_anom_12m,equal_width,Absolute Mortality,GPPsat,Mid,35,-0.2082,54.3,0.138,0.2416,ns
M7vsM8_anom_12m,equal_width,Absolute Mortality,NEPmax,Mid,35,-0.44301,65.7,0.004494,0.04679,*
M7vsM8_anom_12m,equal_width,Absolute Mortality,WUE,Mid,35,-0.0902,68.6,0.04348,0.1268,ns
M7vsM8_anom_12m,equal_width,Absolute Mortality,uWUE,Mid,35,-0.07927,62.9,0.05158,0.1289,ns
M7vsM8_anom_12m,equal_width,Absolute Mortality,ETmax,Low,53,-0.00024,58.5,0.1809,0.2639,ns
M7vsM8_anom_12m,equal_width,Absolute Mortality,GPPsat,Low,53,-0.15344,56.6,0.008021,0.04679,*
M7vsM8_anom_12m,equal_width,Absolute Mortality,NEPmax,Low,53,-0.25716,67.9,0.006926,0.04679,*
M7vsM8_anom_12m,equal_width,Absolute Mortality,WUE,Low,53,-0.01536,52.8,0.3919,0.4898,ns
M7vsM8_anom_12m,equal_width,Absolute Mortality,uWUE,Low,53,-0.01755,52.8,0.1502,0.2503,ns
M7vsM8_anom_12m,equal_width,Absolute Mortality,ETmax,High,5,-5e-05,60,,,""
M7vsM8_anom_12m,equal_width,Absolute Mortality,GPPsat,High,5,-0.69599,100,,,""
M7vsM8_anom_12m,equal_width,Absolute Mortality,NEPmax,High,5,-0.36308,100,,,""
M7vsM8_anom_12m,equal_width,Absolute Mortality,WUE,High,5,0.00595,40,,,""
M7vsM8_anom_12m,equal_width,Absolute Mortality,uWUE,High,5,-0.02296,60,,,""
M7vsM8_anom_12m,equal_width,Relative Mortality,ETmax,Mid,33,9e-05,45.5,0.8236,0.8478,ns
M7vsM8_anom_12m,equal_width,Relative Mortality,GPPsat,Mid,33,-0.2082,57.6,0.0501,0.1289,ns
M7vsM8_anom_12m,equal_width,Relative Mortality,NEPmax,Mid,33,-0.31764,69.7,0.01995,0.0715,ns
M7vsM8_anom_12m,equal_width,Relative Mortality,WUE,Mid,33,-0.0141,54.5,0.3604,0.4672,ns
M7vsM8_anom_12m,equal_width,Relative Mortality,uWUE,Mid,33,-0.04783,57.6,0.2543,0.356,ns
M7vsM8_anom_12m,equal_width,Relative Mortality,ETmax,Low,53,-0.00024,62.3,0.2855,0.3843,ns
M7vsM8_anom_12m,equal_width,Relative Mortality,GPPsat,Low,53,-0.16817,54.7,0.01718,0.0715,ns
M7vsM8_anom_12m,equal_width,Relative Mortality,NEPmax,Low,53,-0.25716,64.2,0.005965,0.04679,*
M7vsM8_anom_12m,equal_width,Relative Mortality,WUE,Low,53,-0.03565,60.4,0.1044,0.1922,ns
M7vsM8_anom_12m,equal_width,Relative Mortality,uWUE,Low,53,-0.02612,54.7,0.05856,0.1367,ns
M7vsM8_anom_12m,equal_width,Relative Mortality,ETmax,High,7,0.00045,28.6,0.6637,0.7039,ns
M7vsM8_anom_12m,equal_width,Relative Mortality,GPPsat,High,7,-0.69599,85.7,0.1024,0.1922,ns
M7vsM8_anom_12m,equal_width,Relative Mortality,NEPmax,High,7,-1.00037,100,0.01125,0.05624,ns
M7vsM8_anom_12m,equal_width,Relative Mortality,WUE,High,7,-0.04381,57.1,0.1763,0.2639,ns
M7vsM8_anom_12m,equal_width,Relative Mortality,uWUE,High,7,-0.17079,71.4,0.1763,0.2639,ns
M7vsM8_anom_12m,equal_width,Relative Disturbance,ETmax,Mid,35,0,48.6,0.5875,0.6426,ns
M7vsM8_anom_12m,equal_width,Relative Disturbance,GPPsat,Mid,35,-0.15344,54.3,0.06698,0.1465,ns
M7vsM8_anom_12m,equal_width,Relative Disturbance,NEPmax,Mid,35,-0.2965,65.7,0.02926,0.0931,ns
M7vsM8_anom_12m,equal_width,Relative Disturbance,WUE,Mid,35,-0.0141,51.4,0.4511,0.5263,ns
M7vsM8_anom_12m,equal_width,Relative Disturbance,uWUE,Mid,35,-0.02296,54.3,0.4317,0.521,ns
M7vsM8_anom_12m,equal_width,Relative Disturbance,ETmax,Low,53,-0.00016,58.5,0.5071,0.5725,ns
M7vsM8_anom_12m,equal_width,Relative Disturbance,GPPsat,Low,53,-0.29689,58.5,0.007099,0.04679,*
M7vsM8_anom_12m,equal_width,Relative Disturbance,NEPmax,Low,53,-0.30734,67.9,0.00272,0.04679,*
M7vsM8_anom_12m,equal_width,Relative Disturbance,WUE,Low,53,-0.03565,62.3,0.08363,0.1722,ns
M7vsM8_anom_12m,equal_width,Relative Disturbance,uWUE,Low,53,-0.04453,56.6,0.02043,0.0715,ns
M7vsM8_anom_12m,equal_width,Relative Disturbance,ETmax,High,5,0.00045,40,,,""
M7vsM8_anom_12m,equal_width,Relative Disturbance,GPPsat,High,5,-0.70678,80,,,""
M7vsM8_anom_12m,equal_width,Relative Disturbance,NEPmax,High,5,-1.77582,100,,,""
M7vsM8_anom_12m,equal_width,Relative Disturbance,WUE,High,5,-0.15645,60,,,""
M7vsM8_anom_12m,equal_width,Relative Disturbance,uWUE,High,5,-0.23058,80,,,""
M7vsM8_anom_12m,natural_breaks,Absolute Mortality,ETmax,High,20,0.00012,45,0.731,0.7833,ns
M7vsM8_anom_12m,natural_breaks,Absolute Mortality,GPPsat,High,20,-0.64709,70,0.01591,0.09538,ns
M7vsM8_anom_12m,natural_breaks,Absolute Mortality,NEPmax,High,20,-0.52658,75,0.009816,0.09538,ns
M7vsM8_anom_12m,natural_breaks,Absolute Mortality,WUE,High,20,-0.00865,50,0.3071,0.3735,ns
M7vsM8_anom_12m,natural_breaks,Absolute Mortality,uWUE,High,20,-0.04987,65,0.1274,0.2205,ns
M7vsM8_anom_12m,natural_breaks,Absolute Mortality,ETmax,Mid,43,-0.00011,55.8,0.5217,0.5869,ns
M7vsM8_anom_12m,natural_breaks,Absolute Mortality,GPPsat,Mid,43,-0.18187,58.1,0.03367,0.101,ns
M7vsM8_anom_12m,natural_breaks,Absolute Mortality,NEPmax,Mid,43,-0.28679,65.1,0.0235,0.1002,ns
M7vsM8_anom_12m,natural_breaks,Absolute Mortality,WUE,Mid,43,-0.03692,65.1,0.05754,0.1363,ns
M7vsM8_anom_12m,natural_breaks,Absolute Mortality,uWUE,Mid,43,-0.05873,58.1,0.07798,0.1754,ns
M7vsM8_anom_12m,natural_breaks,Absolute Mortality,ETmax,Low,30,-2e-04,56.7,0.3788,0.4486,ns
M7vsM8_anom_12m,natural_breaks,Absolute Mortality,GPPsat,Low,30,-0.002,50,0.1011,0.2044,ns
M7vsM8_anom_12m,natural_breaks,Absolute Mortality,NEPmax,Low,30,-0.30003,70,0.006048,0.09072,ns
M7vsM8_anom_12m,natural_breaks,Absolute Mortality,WUE,Low,30,-0.02081,53.3,0.4105,0.4737,ns
M7vsM8_anom_12m,natural_breaks,Absolute Mortality,uWUE,Low,30,0.0017,50,0.2686,0.3555,ns
M7vsM8_anom_12m,natural_breaks,Relative Mortality,ETmax,High,26,0.00046,34.6,0.9452,0.9667,ns
M7vsM8_anom_12m,natural_breaks,Relative Mortality,GPPsat,High,26,-0.428,65.4,0.03985,0.1064,ns
M7vsM8_anom_12m,natural_breaks,Relative Mortality,NEPmax,High,26,-0.35078,73.1,0.01357,0.09538,ns
M7vsM8_anom_12m,natural_breaks,Relative Mortality,WUE,High,26,-0.00896,50,0.187,0.2715,ns
M7vsM8_anom_12m,natural_breaks,Relative Mortality,uWUE,High,26,-0.04987,65.4,0.1067,0.2044,ns
M7vsM8_anom_12m,natural_breaks,Relative Mortality,ETmax,Mid,32,-0.00105,68.8,0.02221,0.1002,ns
M7vsM8_anom_12m,natural_breaks,Relative Mortality,GPPsat,Mid,32,-0.23106,56.2,0.05289,0.1322,ns
M7vsM8_anom_12m,natural_breaks,Relative Mortality,NEPmax,Mid,32,-0.29707,62.5,0.0402,0.1064,ns
M7vsM8_anom_12m,natural_breaks,Relative Mortality,WUE,Mid,32,-0.03869,65.6,0.297,0.3713,ns
M7vsM8_anom_12m,natural_breaks,Relative Mortality,uWUE,Mid,32,-0.01721,53.1,0.2027,0.2764,ns
M7vsM8_anom_12m,natural_breaks,Relative Mortality,ETmax,Low,35,-6e-05,54.3,0.714,0.7833,ns
M7vsM8_anom_12m,natural_breaks,Relative Mortality,GPPsat,Low,35,-0.18187,54.3,0.03151,0.101,ns
M7vsM8_anom_12m,natural_breaks,Relative Mortality,NEPmax,Low,35,-0.33645,71.4,0.003888,0.08749,ns
M7vsM8_anom_12m,natural_breaks,Relative Mortality,WUE,Low,35,-0.03155,57.1,0.169,0.2622,ns
M7vsM8_anom_12m,natural_breaks,Relative Mortality,uWUE,Low,35,-0.04453,54.3,0.08571,0.1837,ns
M7vsM8_anom_12m,natural_breaks,Relative Disturbance,ETmax,Mid,35,-0.00115,68.6,0.01165,0.09538,ns
M7vsM8_anom_12m,natural_breaks,Relative Disturbance,GPPsat,Mid,35,-0.29396,62.9,0.01696,0.09538,ns
M7vsM8_anom_12m,natural_breaks,Relative Disturbance,NEPmax,Mid,35,-0.27402,60,0.02926,0.101,ns
M7vsM8_anom_12m,natural_breaks,Relative Disturbance,WUE,Mid,35,-0.02625,60,0.286,0.3677,ns
M7vsM8_anom_12m,natural_breaks,Relative Disturbance,uWUE,Mid,35,-0.04092,54.3,0.1143,0.2058,ns
M7vsM8_anom_12m,natural_breaks,Relative Disturbance,ETmax,Low,35,-6e-05,54.3,0.7568,0.792,ns
M7vsM8_anom_12m,natural_breaks,Relative Disturbance,GPPsat,Low,35,0.0223,45.7,0.1345,0.2241,ns
M7vsM8_anom_12m,natural_breaks,Relative Disturbance,NEPmax,Low,35,-0.2636,68.6,0.02613,0.1002,ns
M7vsM8_anom_12m,natural_breaks,Relative Disturbance,WUE,Low,35,-0.03506,60,0.1995,0.2764,ns
M7vsM8_anom_12m,natural_breaks,Relative Disturbance,uWUE,Low,35,-0.02612,54.3,0.153,0.2459,ns
M7vsM8_anom_12m,natural_breaks,Relative Disturbance,ETmax,High,23,0.00106,30.4,0.9713,0.9713,ns
M7vsM8_anom_12m,natural_breaks,Relative Disturbance,GPPsat,High,23,-0.63978,69.6,0.02672,0.1002,ns
M7vsM8_anom_12m,natural_breaks,Relative Disturbance,NEPmax,High,23,-0.62246,82.6,0.002451,0.08749,ns
M7vsM8_anom_12m,natural_breaks,Relative Disturbance,WUE,High,23,-0.02387,52.2,0.1768,0.2652,ns
M7vsM8_anom_12m,natural_breaks,Relative Disturbance,uWUE,High,23,-0.04783,65.2,0.109,0.2044,ns
M7vsM8_anom_24m,tertiles,Absolute Mortality,ETmax,High,31,0.00044,38.7,0.9037,0.9243,ns
M7vsM8_anom_24m,tertiles,Absolute Mortality,GPPsat,High,31,-0.77228,71,0.003737,0.04204,*
M7vsM8_anom_24m,tertiles,Absolute Mortality,NEPmax,High,31,-0.69759,83.9,0.0003136,0.01411,*
M7vsM8_anom_24m,tertiles,Absolute Mortality,WUE,High,31,-0.04053,64.5,0.06441,0.161,ns
M7vsM8_anom_24m,tertiles,Absolute Mortality,uWUE,High,31,-0.09122,64.5,0.06441,0.161,ns
M7vsM8_anom_24m,tertiles,Absolute Mortality,ETmax,Mid,31,0.00017,48.4,0.4883,0.5232,ns
M7vsM8_anom_24m,tertiles,Absolute Mortality,GPPsat,Mid,31,-0.17617,51.6,0.1218,0.2108,ns
M7vsM8_anom_24m,tertiles,Absolute Mortality,NEPmax,Mid,31,-0.38275,54.8,0.1341,0.2141,ns
M7vsM8_anom_24m,tertiles,Absolute Mortality,WUE,Mid,31,-0.04573,58.1,0.1612,0.2267,ns
M7vsM8_anom_24m,tertiles,Absolute Mortality,uWUE,Mid,31,-0.03253,58.1,0.1031,0.1933,ns
M7vsM8_anom_24m,tertiles,Absolute Mortality,ETmax,Low,31,-0.00144,71,0.03648,0.1263,ns
M7vsM8_anom_24m,tertiles,Absolute Mortality,GPPsat,Low,31,0.06938,45.2,0.1916,0.2613,ns
M7vsM8_anom_24m,tertiles,Absolute Mortality,NEPmax,Low,31,-0.21318,71,0.006235,0.05611,ns
M7vsM8_anom_24m,tertiles,Absolute Mortality,WUE,Low,31,-0.00782,51.6,0.4727,0.5188,ns
M7vsM8_anom_24m,tertiles,Absolute Mortality,uWUE,Low,31,-0.03921,51.6,0.2253,0.2816,ns
M7vsM8_anom_24m,tertiles,Relative Mortality,ETmax,High,31,0.00044,41.9,0.7628,0.7983,ns
M7vsM8_anom_24m,tertiles,Relative Mortality,GPPsat,High,31,-0.29714,58.1,0.01674,0.0913,ns
M7vsM8_anom_24m,tertiles,Relative Mortality,NEPmax,High,31,-0.31355,71,0.01242,0.07986,ns
M7vsM8_anom_24m,tertiles,Relative Mortality,WUE,High,31,-0.01963,58.1,0.1428,0.2141,ns
M7vsM8_anom_24m,tertiles,Relative Mortality,uWUE,High,31,-0.03253,64.5,0.09626,0.1933,ns
M7vsM8_anom_24m,tertiles,Relative Mortality,ETmax,Mid,31,-5e-04,58.1,0.1428,0.2141,ns
M7vsM8_anom_24m,tertiles,Relative Mortality,GPPsat,Mid,31,-0.24533,58.1,0.06441,0.161,ns
M7vsM8_anom_24m,tertiles,Relative Mortality,NEPmax,Mid,31,-0.54603,67.7,0.003524,0.04204,*
M7vsM8_anom_24m,tertiles,Relative Mortality,WUE,Mid,31,-0.06221,61.3,0.1384,0.2141,ns
M7vsM8_anom_24m,tertiles,Relative Mortality,uWUE,Mid,31,-0.06229,54.8,0.2253,0.2816,ns
M7vsM8_anom_24m,tertiles,Relative Mortality,ETmax,Low,31,-0.00126,58.1,0.3018,0.3574,ns
M7vsM8_anom_24m,tertiles,Relative Mortality,GPPsat,Low,31,-0.0585,51.6,0.0695,0.1646,ns
M7vsM8_anom_24m,tertiles,Relative Mortality,NEPmax,Low,31,-0.21318,71,0.01935,0.0913,ns
M7vsM8_anom_24m,tertiles,Relative Mortality,WUE,Low,31,-0.01209,54.8,0.3658,0.4221,ns
M7vsM8_anom_24m,tertiles,Relative Mortality,uWUE,Low,31,-0.05308,54.8,0.05963,0.161,ns
M7vsM8_anom_24m,tertiles,Relative Disturbance,ETmax,High,31,0.00065,32.3,0.938,0.938,ns
M7vsM8_anom_24m,tertiles,Relative Disturbance,GPPsat,High,31,-0.37934,61.3,0.02335,0.09551,ns
M7vsM8_anom_24m,tertiles,Relative Disturbance,NEPmax,High,31,-0.31902,71,0.01011,0.07584,ns
M7vsM8_anom_24m,tertiles,Relative Disturbance,WUE,High,31,-0.01963,58.1,0.1103,0.1986,ns
M7vsM8_anom_24m,tertiles,Relative Disturbance,uWUE,High,31,-0.04698,64.5,0.1031,0.1933,ns
M7vsM8_anom_24m,tertiles,Relative Disturbance,ETmax,Mid,31,-0.00176,71,0.02029,0.0913,ns
M7vsM8_anom_24m,tertiles,Relative Disturbance,GPPsat,Mid,31,-0.17617,58.1,0.03648,0.1263,ns
M7vsM8_anom_24m,tertiles,Relative Disturbance,NEPmax,Mid,31,-0.6979,74.2,0.001013,0.02279,*
M7vsM8_anom_24m,tertiles,Relative Disturbance,WUE,Mid,31,-0.05549,58.1,0.2253,0.2816,ns
M7vsM8_anom_24m,tertiles,Relative Disturbance,uWUE,Mid,31,-0.03017,54.8,0.1564,0.2267,ns
M7vsM8_anom_24m,tertiles,Relative Disturbance,ETmax,Low,31,-0.00126,54.8,0.3957,0.4451,ns
M7vsM8_anom_24m,tertiles,Relative Disturbance,GPPsat,Low,31,0.03064,48.4,0.09965,0.1933,ns
M7vsM8_anom_24m,tertiles,Relative Disturbance,NEPmax,Low,31,-0.20852,64.5,0.06441,0.161,ns
M7vsM8_anom_24m,tertiles,Relative Disturbance,WUE,Low,31,-0.01225,58.1,0.2883,0.3506,ns
M7vsM8_anom_24m,tertiles,Relative Disturbance,uWUE,Low,31,-0.05308,54.8,0.08058,0.1813,ns
M7vsM8_anom_24m,equal_width,Absolute Mortality,ETmax,Mid,35,0.00035,40,0.9193,0.9193,ns
M7vsM8_anom_24m,equal_width,Absolute Mortality,GPPsat,Mid,35,-0.24533,57.1,0.0759,0.1476,ns
M7vsM8_anom_24m,equal_width,Absolute Mortality,NEPmax,Mid,35,-0.62817,77.1,0.001325,0.04153,*
M7vsM8_anom_24m,equal_width,Absolute Mortality,WUE,Mid,35,-0.0715,71.4,0.01628,0.07122,ns
M7vsM8_anom_24m,equal_width,Absolute Mortality,uWUE,Mid,35,-0.08415,62.9,0.03516,0.09047,ns
M7vsM8_anom_24m,equal_width,Absolute Mortality,ETmax,Low,53,-0.00134,62.3,0.04136,0.09047,ns
M7vsM8_anom_24m,equal_width,Absolute Mortality,GPPsat,Low,53,-0.0585,50.9,0.02224,0.07783,ns
M7vsM8_anom_24m,equal_width,Absolute Mortality,NEPmax,Low,53,-0.26873,66,0.006117,0.0458,*
M7vsM8_anom_24m,equal_width,Absolute Mortality,WUE,Low,53,-0.00782,50.9,0.4612,0.5207,ns
M7vsM8_anom_24m,equal_width,Absolute Mortality,uWUE,Low,53,-0.03921,54.7,0.1092,0.1821,ns
M7vsM8_anom_24m,equal_width,Absolute Mortality,ETmax,High,5,0.00185,40,,,""
M7vsM8_anom_24m,equal_width,Absolute Mortality,GPPsat,High,5,-0.96298,100,,,""
M7vsM8_anom_24m,equal_width,Absolute Mortality,NEPmax,High,5,-0.27307,60,,,""
M7vsM8_anom_24m,equal_width,Absolute Mortality,WUE,High,5,0.00989,40,,,""
M7vsM8_anom_24m,equal_width,Absolute Mortality,uWUE,High,5,-0.00207,60,,,""
M7vsM8_anom_24m,equal_width,Relative Mortality,ETmax,Mid,33,0.00035,45.5,0.7735,0.7994,ns
M7vsM8_anom_24m,equal_width,Relative Mortality,GPPsat,Mid,33,-0.29714,57.6,0.02468,0.07853,ns
M7vsM8_anom_24m,equal_width,Relative Mortality,NEPmax,Mid,33,-0.55494,75.8,0.007929,0.04625,*
M7vsM8_anom_24m,equal_width,Relative Mortality,WUE,Mid,33,-0.02499,60.6,0.1718,0.2571,ns
M7vsM8_anom_24m,equal_width,Relative Mortality,uWUE,Mid,33,-0.03253,60.6,0.3147,0.3799,ns
M7vsM8_anom_24m,equal_width,Relative Mortality,ETmax,Low,53,-0.00126,60.4,0.09657,0.1779,ns
M7vsM8_anom_24m,equal_width,Relative Mortality,GPPsat,Low,53,-0.0585,50.9,0.03832,0.09047,ns
M7vsM8_anom_24m,equal_width,Relative Mortality,NEPmax,Low,53,-0.26873,66,0.003559,0.04153,*
M7vsM8_anom_24m,equal_width,Relative Mortality,WUE,Low,53,-0.03247,58.5,0.1543,0.2455,ns
M7vsM8_anom_24m,equal_width,Relative Mortality,uWUE,Low,53,-0.05308,54.7,0.02967,0.08654,ns
M7vsM8_anom_24m,equal_width,Relative Mortality,ETmax,High,7,0.00044,28.6,0.7766,0.7994,ns
M7vsM8_anom_24m,equal_width,Relative Mortality,GPPsat,High,7,-0.86063,85.7,0.1024,0.1793,ns
M7vsM8_anom_24m,equal_width,Relative Mortality,NEPmax,High,7,-0.27307,71.4,0.05416,0.1115,ns
M7vsM8_anom_24m,equal_width,Relative Mortality,WUE,High,7,0.00989,42.9,0.2771,0.3463,ns
M7vsM8_anom_24m,equal_width,Relative Mortality,uWUE,High,7,-0.16071,71.4,0.1763,0.2571,ns
M7vsM8_anom_24m,equal_width,Relative Disturbance,ETmax,Mid,35,0.00035,45.7,0.5683,0.6215,ns
M7vsM8_anom_24m,equal_width,Relative Disturbance,GPPsat,Mid,35,-0.20316,54.3,0.04055,0.09047,ns
M7vsM8_anom_24m,equal_width,Relative Disturbance,NEPmax,Mid,35,-0.42843,74.3,0.006543,0.0458,*
M7vsM8_anom_24m,equal_width,Relative Disturbance,WUE,Mid,35,-0.01963,60,0.2041,0.2747,ns
M7vsM8_anom_24m,equal_width,Relative Disturbance,uWUE,Mid,35,-0.03017,57.1,0.3998,0.4664,ns
M7vsM8_anom_24m,equal_width,Relative Disturbance,ETmax,Low,53,-0.00073,58.5,0.2394,0.3103,ns
M7vsM8_anom_24m,equal_width,Relative Disturbance,GPPsat,Low,53,-0.1446,54.7,0.02,0.07776,ns
M7vsM8_anom_24m,equal_width,Relative Disturbance,NEPmax,Low,53,-0.26873,66,0.002951,0.04153,*
M7vsM8_anom_24m,equal_width,Relative Disturbance,WUE,Low,53,-0.03247,56.6,0.1952,0.2733,ns
M7vsM8_anom_24m,equal_width,Relative Disturbance,uWUE,Low,53,-0.07095,56.6,0.01538,0.07122,ns
M7vsM8_anom_24m,equal_width,Relative Disturbance,ETmax,High,5,5e-05,40,,,""
M7vsM8_anom_24m,equal_width,Relative Disturbance,GPPsat,High,5,-0.96298,80,,,""
M7vsM8_anom_24m,equal_width,Relative Disturbance,NEPmax,High,5,-1.52882,80,,,""
M7vsM8_anom_24m,equal_width,Relative Disturbance,WUE,High,5,-0.18541,60,,,""
M7vsM8_anom_24m,equal_width,Relative Disturbance,uWUE,High,5,-0.26695,80,,,""
M7vsM8_anom_24m,natural_breaks,Absolute Mortality,ETmax,High,20,0.00182,30,0.9478,0.9699,ns
M7vsM8_anom_24m,natural_breaks,Absolute Mortality,GPPsat,High,20,-0.81645,70,0.01448,0.06937,ns
M7vsM8_anom_24m,natural_breaks,Absolute Mortality,NEPmax,High,20,-0.50557,80,0.006521,0.06298,ns
M7vsM8_anom_24m,natural_breaks,Absolute Mortality,WUE,High,20,-0.01493,60,0.1706,0.2558,ns
M7vsM8_anom_24m,natural_breaks,Absolute Mortality,uWUE,High,20,-0.06125,65,0.08076,0.1596,ns
M7vsM8_anom_24m,natural_breaks,Absolute Mortality,ETmax,Mid,43,-0.00015,51.2,0.4305,0.4843,ns
M7vsM8_anom_24m,natural_breaks,Absolute Mortality,GPPsat,Mid,43,-0.37934,58.1,0.01976,0.07409,ns
M7vsM8_anom_24m,natural_breaks,Absolute Mortality,NEPmax,Mid,43,-0.54603,65.1,0.01557,0.06937,ns
M7vsM8_anom_24m,natural_breaks,Absolute Mortality,WUE,Mid,43,-0.06221,62.8,0.05754,0.1295,ns
M7vsM8_anom_24m,natural_breaks,Absolute Mortality,uWUE,Mid,43,-0.05622,60.5,0.05616,0.1295,ns
M7vsM8_anom_24m,natural_breaks,Absolute Mortality,ETmax,Low,30,-0.00141,70,0.05209,0.1295,ns
M7vsM8_anom_24m,natural_breaks,Absolute Mortality,GPPsat,Low,30,0.07747,43.3,0.2754,0.3178,ns
M7vsM8_anom_24m,natural_breaks,Absolute Mortality,NEPmax,Low,30,-0.24096,70,0.00719,0.06298,ns
M7vsM8_anom_24m,natural_breaks,Absolute Mortality,WUE,Low,30,-0.00248,50,0.5164,0.5533,ns
M7vsM8_anom_24m,natural_breaks,Absolute Mortality,uWUE,Low,30,-0.01944,50,0.2619,0.3101,ns
M7vsM8_anom_24m,natural_breaks,Relative Mortality,ETmax,High,26,0.00097,30.8,0.9699,0.9699,ns
M7vsM8_anom_24m,natural_breaks,Relative Mortality,GPPsat,High,26,-0.35642,65.4,0.0119,0.06692,ns
M7vsM8_anom_24m,natural_breaks,Relative Mortality,NEPmax,High,26,-0.24319,69.2,0.0284,0.09831,ns
M7vsM8_anom_24m,natural_breaks,Relative Mortality,WUE,High,26,-0.0188,57.7,0.1319,0.212,ns
M7vsM8_anom_24m,natural_breaks,Relative Mortality,uWUE,High,26,-0.03975,65.4,0.08511,0.1596,ns
M7vsM8_anom_24m,natural_breaks,Relative Mortality,ETmax,Mid,32,-8e-04,62.5,0.0509,0.1295,ns
M7vsM8_anom_24m,natural_breaks,Relative Mortality,GPPsat,Mid,32,-0.05535,50,0.129,0.212,ns
M7vsM8_anom_24m,natural_breaks,Relative Mortality,NEPmax,Mid,32,-0.66304,71.9,0.004074,0.06111,ns
M7vsM8_anom_24m,natural_breaks,Relative Mortality,WUE,Mid,32,-0.05885,59.4,0.2534,0.3101,ns
M7vsM8_anom_24m,natural_breaks,Relative Mortality,uWUE,Mid,32,-0.04623,56.2,0.2534,0.3101,ns
M7vsM8_anom_24m,natural_breaks,Relative Mortality,ETmax,Low,35,-0.00127,60,0.2588,0.3101,ns
M7vsM8_anom_24m,natural_breaks,Relative Mortality,GPPsat,Low,35,-0.1446,54.3,0.03777,0.1214,ns
M7vsM8_anom_24m,natural_breaks,Relative Mortality,NEPmax,Low,35,-0.21318,68.6,0.009797,0.06298,ns
M7vsM8_anom_24m,natural_breaks,Relative Mortality,WUE,Low,35,-0.01225,57.1,0.2536,0.3101,ns
M7vsM8_anom_24m,natural_breaks,Relative Mortality,uWUE,Low,35,-0.05308,54.3,0.05333,0.1295,ns
M7vsM8_anom_24m,natural_breaks,Relative Disturbance,ETmax,Mid,35,-0.00176,68.6,0.01696,0.06937,ns
M7vsM8_anom_24m,natural_breaks,Relative Disturbance,GPPsat,Mid,35,-0.17617,57.1,0.04199,0.126,ns
M7vsM8_anom_24m,natural_breaks,Relative Disturbance,NEPmax,Mid,35,-0.55494,74.3,0.002749,0.06111,ns
M7vsM8_anom_24m,natural_breaks,Relative Disturbance,WUE,Mid,35,-0.05166,62.9,0.1774,0.2575,ns
M7vsM8_anom_24m,natural_breaks,Relative Disturbance,uWUE,Mid,35,-0.07985,57.1,0.1492,0.2314,ns
M7vsM8_anom_24m,natural_breaks,Relative Disturbance,ETmax,Low,35,-0.00012,51.4,0.5163,0.5533,ns
M7vsM8_anom_24m,natural_breaks,Relative Disturbance,GPPsat,Low,35,0.06938,45.7,0.1208,0.209,ns
M7vsM8_anom_24m,natural_breaks,Relative Disturbance,NEPmax,Low,35,-0.20852,62.9,0.08317,0.1596,ns
M7vsM8_anom_24m,natural_breaks,Relative Disturbance,WUE,Low,35,-0.01225,57.1,0.2588,0.3101,ns
M7vsM8_anom_24m,natural_breaks,Relative Disturbance,uWUE,Low,35,-0.03921,54.3,0.1081,0.1946,ns
M7vsM8_anom_24m,natural_breaks,Relative Disturbance,ETmax,High,23,0.00062,30.4,0.9671,0.9699,ns
M7vsM8_anom_24m,natural_breaks,Relative Disturbance,GPPsat,High,23,-0.77228,69.6,0.009208,0.06298,ns
M7vsM8_anom_24m,natural_breaks,Relative Disturbance,NEPmax,High,23,-0.31902,73.9,0.003554,0.06111,ns
M7vsM8_anom_24m,natural_breaks,Relative Disturbance,WUE,High,23,-0.01798,52.2,0.2015,0.2833,ns
M7vsM8_anom_24m,natural_breaks,Relative Disturbance,uWUE,High,23,-0.03253,65.2,0.0832,0.1596,ns
