unit,method,metric,response,category,n,median_dRMSE,pct_sites_improved,p_onesided_wilcoxon,q_BH,sig
M1vsM2_12m,tertiles,Absolute Mortality,ETmax,High,22,0.00045,45.5,0.2795,0.5717,ns
M1vsM2_12m,tertiles,Absolute Mortality,GPPsat,High,22,-0.73706,63.6,0.142,0.5236,ns
M1vsM2_12m,tertiles,Absolute Mortality,NEPmax,High,22,-0.74859,63.6,0.09158,0.5236,ns
M1vsM2_12m,tertiles,Absolute Mortality,WUE,High,22,-0.01383,54.5,0.2477,0.5308,ns
M1vsM2_12m,tertiles,Absolute Mortality,uWUE,High,22,0.00441,45.5,0.7313,0.7836,ns
M1vsM2_12m,tertiles,Absolute Mortality,ETmax,Mid,21,0.00057,47.6,0.6743,0.7401,ns
M1vsM2_12m,tertiles,Absolute Mortality,GPPsat,Mid,21,-0.15997,52.4,0.2327,0.5236,ns
M1vsM2_12m,tertiles,Absolute Mortality,NEPmax,Mid,21,-0.39558,52.4,0.4585,0.7157,ns
M1vsM2_12m,tertiles,Absolute Mortality,WUE,Mid,21,-0.00854,57.1,0.1924,0.5236,ns
M1vsM2_12m,tertiles,Absolute Mortality,uWUE,Mid,21,-0.01877,61.9,0.3383,0.5855,ns
M1vsM2_12m,tertiles,Absolute Mortality,ETmax,Low,22,-6e-04,54.5,0.3365,0.5855,ns
M1vsM2_12m,tertiles,Absolute Mortality,GPPsat,Low,22,0.32148,40.9,0.6273,0.7401,ns
M1vsM2_12m,tertiles,Absolute Mortality,NEPmax,Low,22,-0.69807,63.6,0.1027,0.5236,ns
M1vsM2_12m,tertiles,Absolute Mortality,WUE,Low,22,0.00059,50,0.4355,0.7157,ns
M1vsM2_12m,tertiles,Absolute Mortality,uWUE,Low,22,0.00727,40.9,0.7724,0.7899,ns
M1vsM2_12m,tertiles,Relative Mortality,ETmax,High,22,9e-05,50,0.2276,0.5236,ns
M1vsM2_12m,tertiles,Relative Mortality,GPPsat,High,22,-0.73706,63.6,0.1817,0.5236,ns
M1vsM2_12m,tertiles,Relative Mortality,NEPmax,High,22,-0.88824,63.6,0.1571,0.5236,ns
M1vsM2_12m,tertiles,Relative Mortality,WUE,High,22,-0.01383,54.5,0.1993,0.5236,ns
M1vsM2_12m,tertiles,Relative Mortality,uWUE,High,22,-0.02048,54.5,0.4612,0.7157,ns
M1vsM2_12m,tertiles,Relative Mortality,ETmax,Mid,21,0.00136,38.1,0.9278,0.9278,ns
M1vsM2_12m,tertiles,Relative Mortality,GPPsat,Mid,21,0.20574,38.1,0.7673,0.7899,ns
M1vsM2_12m,tertiles,Relative Mortality,NEPmax,Mid,21,0.10844,47.6,0.6743,0.7401,ns
M1vsM2_12m,tertiles,Relative Mortality,WUE,Mid,21,-0.00854,61.9,0.1485,0.5236,ns
M1vsM2_12m,tertiles,Relative Mortality,uWUE,Mid,21,0.00787,47.6,0.6228,0.7401,ns
M1vsM2_12m,tertiles,Relative Mortality,ETmax,Low,22,-0.00137,59.1,0.2085,0.5236,ns
M1vsM2_12m,tertiles,Relative Mortality,GPPsat,Low,22,-0.33963,54.5,0.07201,0.5236,ns
M1vsM2_12m,tertiles,Relative Mortality,NEPmax,Low,22,-0.88185,68.2,0.02383,0.5236,ns
M1vsM2_12m,tertiles,Relative Mortality,WUE,Low,22,0.00335,45.5,0.5259,0.7401,ns
M1vsM2_12m,tertiles,Relative Mortality,uWUE,Low,22,0.00617,45.5,0.6025,0.7401,ns
M1vsM2_12m,tertiles,Relative Disturbance,ETmax,High,22,0.00045,45.5,0.3247,0.5855,ns
M1vsM2_12m,tertiles,Relative Disturbance,GPPsat,High,22,-0.73706,63.6,0.1817,0.5236,ns
M1vsM2_12m,tertiles,Relative Disturbance,NEPmax,High,22,-0.74859,59.1,0.2276,0.5236,ns
M1vsM2_12m,tertiles,Relative Disturbance,WUE,High,22,-0.01383,54.5,0.1817,0.5236,ns
M1vsM2_12m,tertiles,Relative Disturbance,uWUE,High,22,-0.02048,54.5,0.5,0.7401,ns
M1vsM2_12m,tertiles,Relative Disturbance,ETmax,Mid,21,0.00057,47.6,0.6489,0.7401,ns
M1vsM2_12m,tertiles,Relative Disturbance,GPPsat,Mid,21,0.14685,42.9,0.5826,0.7401,ns
M1vsM2_12m,tertiles,Relative Disturbance,NEPmax,Mid,21,-0.46247,57.1,0.174,0.5236,ns
M1vsM2_12m,tertiles,Relative Disturbance,WUE,Mid,21,-0.00854,61.9,0.1257,0.5236,ns
M1vsM2_12m,tertiles,Relative Disturbance,uWUE,Mid,21,0.00787,47.6,0.5961,0.7401,ns
M1vsM2_12m,tertiles,Relative Disturbance,ETmax,Low,22,-0.00052,54.5,0.3365,0.5855,ns
M1vsM2_12m,tertiles,Relative Disturbance,GPPsat,Low,22,-0.05404,50,0.1904,0.5236,ns
M1vsM2_12m,tertiles,Relative Disturbance,NEPmax,Low,22,-0.88185,63.6,0.1348,0.5236,ns
M1vsM2_12m,tertiles,Relative Disturbance,WUE,Low,22,0.00335,45.5,0.5645,0.7401,ns
M1vsM2_12m,tertiles,Relative Disturbance,uWUE,Low,22,0.00617,45.5,0.6273,0.7401,ns
M1vsM2_12m,equal_width,Absolute Mortality,ETmax,Mid,21,0.00029,47.6,0.1652,0.6188,ns
M1vsM2_12m,equal_width,Absolute Mortality,GPPsat,Mid,21,-0.76893,66.7,0.05493,0.6188,ns
M1vsM2_12m,equal_width,Absolute Mortality,NEPmax,Mid,21,-0.7979,71.4,0.02379,0.6188,ns
M1vsM2_12m,equal_width,Absolute Mortality,WUE,Mid,21,-0.02166,57.1,0.1119,0.6188,ns
M1vsM2_12m,equal_width,Absolute Mortality,uWUE,Mid,21,0.00062,47.6,0.5961,0.6565,ns
M1vsM2_12m,equal_width,Absolute Mortality,ETmax,Low,41,0.00032,48.8,0.6072,0.6565,ns
M1vsM2_12m,equal_width,Absolute Mortality,GPPsat,Low,41,0.18465,46.3,0.3878,0.6477,ns
M1vsM2_12m,equal_width,Absolute Mortality,NEPmax,Low,41,-0.46247,56.1,0.1926,0.6188,ns
M1vsM2_12m,equal_width,Absolute Mortality,WUE,Low,41,-0.00048,53.7,0.267,0.6188,ns
M1vsM2_12m,equal_width,Absolute Mortality,uWUE,Low,41,-0.00159,51.2,0.4845,0.6477,ns
M1vsM2_12m,equal_width,Absolute Mortality,ETmax,High,3,-1e-04,66.7,,,""
M1vsM2_12m,equal_width,Absolute Mortality,GPPsat,High,3,0.71993,33.3,,,""
M1vsM2_12m,equal_width,Absolute Mortality,NEPmax,High,3,0.92733,33.3,,,""
M1vsM2_12m,equal_width,Absolute Mortality,WUE,High,3,0.00229,33.3,,,""
M1vsM2_12m,equal_width,Absolute Mortality,uWUE,High,3,0.04348,33.3,,,""
M1vsM2_12m,equal_width,Relative Mortality,ETmax,Mid,26,0.00045,46.2,0.3057,0.6188,ns
M1vsM2_12m,equal_width,Relative Mortality,GPPsat,Mid,26,-0.10993,50,0.2969,0.6188,ns
M1vsM2_12m,equal_width,Relative Mortality,NEPmax,Mid,26,-0.53538,57.7,0.223,0.6188,ns
M1vsM2_12m,equal_width,Relative Mortality,WUE,Mid,26,-0.01315,57.7,0.1737,0.6188,ns
M1vsM2_12m,equal_width,Relative Mortality,uWUE,Mid,26,-0.00667,50,0.5505,0.6477,ns
M1vsM2_12m,equal_width,Relative Mortality,ETmax,Low,32,0.00013,50,0.4888,0.6477,ns
M1vsM2_12m,equal_width,Relative Mortality,GPPsat,Low,32,-0.22635,53.1,0.1213,0.6188,ns
M1vsM2_12m,equal_width,Relative Mortality,NEPmax,Low,32,-0.75969,62.5,0.0453,0.6188,ns
M1vsM2_12m,equal_width,Relative Mortality,WUE,Low,32,-0.00808,53.1,0.3101,0.6188,ns
M1vsM2_12m,equal_width,Relative Mortality,uWUE,Low,32,0.00617,46.9,0.541,0.6477,ns
M1vsM2_12m,equal_width,Relative Mortality,ETmax,High,7,-1e-04,57.1,0.4663,0.6477,ns
M1vsM2_12m,equal_width,Relative Mortality,GPPsat,High,7,-0.0021,57.1,0.6637,0.6807,ns
M1vsM2_12m,equal_width,Relative Mortality,NEPmax,High,7,-0.11254,57.1,0.6001,0.6565,ns
M1vsM2_12m,equal_width,Relative Mortality,WUE,High,7,0.00229,42.9,0.4663,0.6477,ns
M1vsM2_12m,equal_width,Relative Mortality,uWUE,High,7,-0.02925,57.1,0.6637,0.6807,ns
M1vsM2_12m,equal_width,Relative Disturbance,ETmax,Mid,27,0.00029,48.1,0.4004,0.6477,ns
M1vsM2_12m,equal_width,Relative Disturbance,GPPsat,Mid,27,-0.3667,55.6,0.2862,0.6188,ns
M1vsM2_12m,equal_width,Relative Disturbance,NEPmax,Mid,27,-0.46247,55.6,0.2622,0.6188,ns
M1vsM2_12m,equal_width,Relative Disturbance,WUE,Mid,27,-0.00048,55.6,0.1838,0.6188,ns
M1vsM2_12m,equal_width,Relative Disturbance,uWUE,Mid,27,0.00787,48.1,0.7138,0.7138,ns
M1vsM2_12m,equal_width,Relative Disturbance,ETmax,High,9,-1e-04,55.6,0.2386,0.6188,ns
M1vsM2_12m,equal_width,Relative Disturbance,GPPsat,High,9,-0.0021,55.6,0.5472,0.6477,ns
M1vsM2_12m,equal_width,Relative Disturbance,NEPmax,High,9,-0.7979,66.7,0.3178,0.6188,ns
M1vsM2_12m,equal_width,Relative Disturbance,WUE,High,9,-0.0099,55.6,0.3611,0.6477,ns
M1vsM2_12m,equal_width,Relative Disturbance,uWUE,High,9,-0.0222,55.6,0.5,0.6477,ns
M1vsM2_12m,equal_width,Relative Disturbance,ETmax,Low,29,0.00032,48.3,0.5345,0.6477,ns
M1vsM2_12m,equal_width,Relative Disturbance,GPPsat,Low,29,0.0301,48.3,0.1653,0.6188,ns
M1vsM2_12m,equal_width,Relative Disturbance,NEPmax,Low,29,-0.76727,62.1,0.07073,0.6188,ns
M1vsM2_12m,equal_width,Relative Disturbance,WUE,Low,29,-0.01567,51.7,0.3249,0.6188,ns
M1vsM2_12m,equal_width,Relative Disturbance,uWUE,Low,29,0.00567,48.3,0.5086,0.6477,ns
M1vsM2_12m,natural_breaks,Absolute Mortality,ETmax,High,14,-0.00101,57.1,0.1292,0.5212,ns
M1vsM2_12m,natural_breaks,Absolute Mortality,GPPsat,High,14,-0.73706,64.3,0.1732,0.5212,ns
M1vsM2_12m,natural_breaks,Absolute Mortality,NEPmax,High,14,-0.99448,71.4,0.07439,0.5212,ns
M1vsM2_12m,natural_breaks,Absolute Mortality,WUE,High,14,-0.0038,50,0.4009,0.6874,ns
M1vsM2_12m,natural_breaks,Absolute Mortality,uWUE,High,14,-0.02572,57.1,0.55,0.6892,ns
M1vsM2_12m,natural_breaks,Absolute Mortality,ETmax,Mid,32,0.00113,43.8,0.7094,0.7621,ns
M1vsM2_12m,natural_breaks,Absolute Mortality,GPPsat,Mid,32,-0.49551,56.2,0.1001,0.5212,ns
M1vsM2_12m,natural_breaks,Absolute Mortality,NEPmax,Mid,32,-0.53538,56.2,0.2027,0.5212,ns
M1vsM2_12m,natural_breaks,Absolute Mortality,WUE,Mid,32,-0.00451,56.2,0.2534,0.5212,ns
M1vsM2_12m,natural_breaks,Absolute Mortality,uWUE,Mid,32,-0.00134,50,0.6069,0.7186,ns
M1vsM2_12m,natural_breaks,Absolute Mortality,ETmax,Low,19,-6e-05,52.6,0.4124,0.6874,ns
M1vsM2_12m,natural_breaks,Absolute Mortality,GPPsat,Low,19,0.4424,36.8,0.7717,0.7892,ns
M1vsM2_12m,natural_breaks,Absolute Mortality,NEPmax,Low,19,-0.33881,57.9,0.2664,0.5212,ns
M1vsM2_12m,natural_breaks,Absolute Mortality,WUE,Low,19,-0.01656,52.6,0.2664,0.5212,ns
M1vsM2_12m,natural_breaks,Absolute Mortality,uWUE,Low,19,0.00668,42.1,0.6338,0.7314,ns
M1vsM2_12m,natural_breaks,Relative Mortality,ETmax,High,23,-1e-04,52.2,0.2015,0.5212,ns
M1vsM2_12m,natural_breaks,Relative Mortality,GPPsat,High,23,-0.7052,60.9,0.219,0.5212,ns
M1vsM2_12m,natural_breaks,Relative Mortality,NEPmax,High,23,-0.7979,65.2,0.1335,0.5212,ns
M1vsM2_12m,natural_breaks,Relative Mortality,WUE,High,23,-0.0099,56.5,0.2015,0.5212,ns
M1vsM2_12m,natural_breaks,Relative Mortality,uWUE,High,23,-0.01877,52.2,0.4576,0.6892,ns
M1vsM2_12m,natural_breaks,Relative Mortality,ETmax,Mid,18,0.00139,33.3,0.9183,0.9183,ns
M1vsM2_12m,natural_breaks,Relative Mortality,GPPsat,Mid,18,0.08847,44.4,0.5174,0.6892,ns
M1vsM2_12m,natural_breaks,Relative Mortality,NEPmax,Mid,18,-0.14357,50,0.4653,0.6892,ns
M1vsM2_12m,natural_breaks,Relative Mortality,WUE,Mid,18,-0.01211,61.1,0.148,0.5212,ns
M1vsM2_12m,natural_breaks,Relative Mortality,uWUE,Mid,18,-0.01398,55.6,0.5174,0.6892,ns
M1vsM2_12m,natural_breaks,Relative Mortality,ETmax,Low,24,-0.00109,58.3,0.242,0.5212,ns
M1vsM2_12m,natural_breaks,Relative Mortality,GPPsat,Low,24,-0.05404,50,0.2077,0.5212,ns
M1vsM2_12m,natural_breaks,Relative Mortality,NEPmax,Low,24,-0.75948,62.5,0.1123,0.5212,ns
M1vsM2_12m,natural_breaks,Relative Mortality,WUE,Low,24,0.00335,45.8,0.5398,0.6892,ns
M1vsM2_12m,natural_breaks,Relative Mortality,uWUE,Low,24,0.00766,41.7,0.7113,0.7621,ns
M1vsM2_12m,natural_breaks,Relative Disturbance,ETmax,High,22,0.00045,45.5,0.3247,0.5845,ns
M1vsM2_12m,natural_breaks,Relative Disturbance,GPPsat,High,22,-0.73706,63.6,0.1817,0.5212,ns
M1vsM2_12m,natural_breaks,Relative Disturbance,NEPmax,High,22,-0.74859,59.1,0.2276,0.5212,ns
M1vsM2_12m,natural_breaks,Relative Disturbance,WUE,High,22,-0.01383,54.5,0.1817,0.5212,ns
M1vsM2_12m,natural_breaks,Relative Disturbance,uWUE,High,22,-0.02048,54.5,0.5,0.6892,ns
M1vsM2_12m,natural_breaks,Relative Disturbance,ETmax,Mid,20,0.00073,45,0.731,0.7651,ns
M1vsM2_12m,natural_breaks,Relative Disturbance,GPPsat,Mid,20,0.08847,45,0.552,0.6892,ns
M1vsM2_12m,natural_breaks,Relative Disturbance,NEPmax,Mid,20,-0.53538,60,0.1706,0.5212,ns
M1vsM2_12m,natural_breaks,Relative Disturbance,WUE,Mid,20,-0.00451,60,0.1802,0.5212,ns
M1vsM2_12m,natural_breaks,Relative Disturbance,uWUE,Mid,20,-0.00305,50,0.5667,0.6892,ns
M1vsM2_12m,natural_breaks,Relative Disturbance,ETmax,Low,23,-0.00098,56.5,0.2973,0.5574,ns
M1vsM2_12m,natural_breaks,Relative Disturbance,GPPsat,Low,23,0.18465,47.8,0.2101,0.5212,ns
M1vsM2_12m,natural_breaks,Relative Disturbance,NEPmax,Low,23,-0.81384,60.9,0.1401,0.5212,ns
M1vsM2_12m,natural_breaks,Relative Disturbance,WUE,Low,23,0.00161,47.8,0.4818,0.6892,ns
M1vsM2_12m,natural_breaks,Relative Disturbance,uWUE,Low,23,0.00668,43.5,0.6704,0.7542,ns
M1vsM2_24m,tertiles,Absolute Mortality,ETmax,High,22,0.00046,45.5,0.2085,0.5206,ns
M1vsM2_24m,tertiles,Absolute Mortality,GPPsat,High,22,-0.62426,63.6,0.165,0.5206,ns
M1vsM2_24m,tertiles,Absolute Mortality,NEPmax,High,22,-0.7792,68.2,0.1148,0.5206,ns
M1vsM2_24m,tertiles,Absolute Mortality,WUE,High,22,-0.00559,50,0.4101,0.5945,ns
M1vsM2_24m,tertiles,Absolute Mortality,uWUE,High,22,0.00839,45.5,0.6635,0.807,ns
M1vsM2_24m,tertiles,Absolute Mortality,ETmax,Mid,21,0.00058,47.6,0.7342,0.8463,ns
M1vsM2_24m,tertiles,Absolute Mortality,GPPsat,Mid,21,-0.29111,57.1,0.1924,0.5206,ns
M1vsM2_24m,tertiles,Absolute Mortality,NEPmax,Mid,21,-0.45061,66.7,0.2545,0.5206,ns
M1vsM2_24m,tertiles,Absolute Mortality,WUE,Mid,21,-0.01211,61.9,0.2545,0.5206,ns
M1vsM2_24m,tertiles,Absolute Mortality,uWUE,Mid,21,0.0016,47.6,0.2773,0.5267,ns
M1vsM2_24m,tertiles,Absolute Mortality,ETmax,Low,22,-0.00016,54.5,0.3247,0.5267,ns
M1vsM2_24m,tertiles,Absolute Mortality,GPPsat,Low,22,0.20973,40.9,0.4228,0.5945,ns
M1vsM2_24m,tertiles,Absolute Mortality,NEPmax,Low,22,-0.72577,63.6,0.08635,0.5206,ns
M1vsM2_24m,tertiles,Absolute Mortality,WUE,Low,22,-0.00049,50,0.3484,0.5267,ns
M1vsM2_24m,tertiles,Absolute Mortality,uWUE,Low,22,0.01355,27.3,0.8852,0.9008,ns
M1vsM2_24m,tertiles,Relative Mortality,ETmax,High,22,-8e-05,50,0.1904,0.5206,ns
M1vsM2_24m,tertiles,Relative Mortality,GPPsat,High,22,-0.62426,63.6,0.1817,0.5206,ns
M1vsM2_24m,tertiles,Relative Mortality,NEPmax,High,22,-0.7792,68.2,0.1904,0.5206,ns
M1vsM2_24m,tertiles,Relative Mortality,WUE,High,22,-0.01642,59.1,0.2905,0.5267,ns
M1vsM2_24m,tertiles,Relative Mortality,uWUE,High,22,-0.01677,59.1,0.2276,0.5206,ns
M1vsM2_24m,tertiles,Relative Mortality,ETmax,Mid,21,0.00058,38.1,0.9008,0.9008,ns
M1vsM2_24m,tertiles,Relative Mortality,GPPsat,Mid,21,0.0301,42.9,0.7455,0.8463,ns
M1vsM2_24m,tertiles,Relative Mortality,NEPmax,Mid,21,-0.20764,61.9,0.3511,0.5267,ns
M1vsM2_24m,tertiles,Relative Mortality,WUE,Mid,21,-0.00511,57.1,0.2435,0.5206,ns
M1vsM2_24m,tertiles,Relative Mortality,uWUE,Mid,21,0.0114,28.6,0.8743,0.9008,ns
M1vsM2_24m,tertiles,Relative Mortality,ETmax,Low,22,-0.00046,59.1,0.1904,0.5206,ns
M1vsM2_24m,tertiles,Relative Mortality,GPPsat,Low,22,-0.46277,54.5,0.02985,0.5206,ns
M1vsM2_24m,tertiles,Relative Mortality,NEPmax,Low,22,-0.8528,68.2,0.02206,0.5206,ns
M1vsM2_24m,tertiles,Relative Mortality,WUE,Low,22,0.0019,45.5,0.4871,0.6446,ns
M1vsM2_24m,tertiles,Relative Mortality,uWUE,Low,22,0.01355,31.8,0.7523,0.8463,ns
M1vsM2_24m,tertiles,Relative Disturbance,ETmax,High,22,0.00062,45.5,0.3131,0.5267,ns
M1vsM2_24m,tertiles,Relative Disturbance,GPPsat,High,22,-0.62426,63.6,0.1817,0.5206,ns
M1vsM2_24m,tertiles,Relative Disturbance,NEPmax,High,22,-0.65484,63.6,0.3247,0.5267,ns
M1vsM2_24m,tertiles,Relative Disturbance,WUE,High,22,-0.01642,59.1,0.2375,0.5206,ns
M1vsM2_24m,tertiles,Relative Disturbance,uWUE,High,22,-0.01677,59.1,0.2276,0.5206,ns
M1vsM2_24m,tertiles,Relative Disturbance,ETmax,Mid,21,3e-05,47.6,0.5826,0.7282,ns
M1vsM2_24m,tertiles,Relative Disturbance,GPPsat,Mid,21,0.01085,47.6,0.4861,0.6446,ns
M1vsM2_24m,tertiles,Relative Disturbance,NEPmax,Mid,21,-0.45061,71.4,0.05117,0.5206,ns
M1vsM2_24m,tertiles,Relative Disturbance,WUE,Mid,21,-0.00511,57.1,0.2435,0.5206,ns
M1vsM2_24m,tertiles,Relative Disturbance,uWUE,Mid,21,0.0114,28.6,0.8348,0.8944,ns
M1vsM2_24m,tertiles,Relative Disturbance,ETmax,Low,22,-0.00016,54.5,0.3484,0.5267,ns
M1vsM2_24m,tertiles,Relative Disturbance,GPPsat,Low,22,-0.17635,50,0.142,0.5206,ns
M1vsM2_24m,tertiles,Relative Disturbance,NEPmax,Low,22,-0.72577,63.6,0.09158,0.5206,ns
M1vsM2_24m,tertiles,Relative Disturbance,WUE,Low,22,0.0019,45.5,0.5259,0.6761,ns
M1vsM2_24m,tertiles,Relative Disturbance,uWUE,Low,22,0.01416,31.8,0.8007,0.8788,ns
M1vsM2_24m,equal_width,Absolute Mortality,ETmax,Mid,21,-0.00065,52.4,0.133,0.654,ns
M1vsM2_24m,equal_width,Absolute Mortality,GPPsat,Mid,21,-0.67205,66.7,0.0589,0.589,ns
M1vsM2_24m,equal_width,Absolute Mortality,NEPmax,Mid,21,-0.75135,76.2,0.0258,0.4404,ns
M1vsM2_24m,equal_width,Absolute Mortality,WUE,Mid,21,-0.01491,57.1,0.2327,0.654,ns
M1vsM2_24m,equal_width,Absolute Mortality,uWUE,Mid,21,-0.00476,52.4,0.5415,0.6769,ns
M1vsM2_24m,equal_width,Absolute Mortality,ETmax,Low,41,3e-05,48.8,0.6072,0.736,ns
M1vsM2_24m,equal_width,Absolute Mortality,GPPsat,Low,41,0.01085,48.8,0.2543,0.654,ns
M1vsM2_24m,equal_width,Absolute Mortality,NEPmax,Low,41,-0.59323,63.4,0.09099,0.6066,ns
M1vsM2_24m,equal_width,Absolute Mortality,WUE,Low,41,-0.00511,53.7,0.2799,0.654,ns
M1vsM2_24m,equal_width,Absolute Mortality,uWUE,Low,41,0.0114,34.1,0.733,0.7716,ns
M1vsM2_24m,equal_width,Absolute Mortality,ETmax,High,3,0.00112,33.3,,,""
M1vsM2_24m,equal_width,Absolute Mortality,GPPsat,High,3,0.78384,33.3,,,""
M1vsM2_24m,equal_width,Absolute Mortality,NEPmax,High,3,1.41924,33.3,,,""
M1vsM2_24m,equal_width,Absolute Mortality,WUE,High,3,0.02164,33.3,,,""
M1vsM2_24m,equal_width,Absolute Mortality,uWUE,High,3,0.01443,33.3,,,""
M1vsM2_24m,equal_width,Relative Mortality,ETmax,Mid,26,-0.00066,53.8,0.3422,0.654,ns
M1vsM2_24m,equal_width,Relative Mortality,GPPsat,Mid,26,-0.238,50,0.2796,0.654,ns
M1vsM2_24m,equal_width,Relative Mortality,NEPmax,Mid,26,-0.50447,65.4,0.1548,0.654,ns
M1vsM2_24m,equal_width,Relative Mortality,WUE,Mid,26,-0.0093,61.5,0.2627,0.654,ns
M1vsM2_24m,equal_width,Relative Mortality,uWUE,Mid,26,0.0041,42.3,0.5101,0.6582,ns
M1vsM2_24m,equal_width,Relative Mortality,ETmax,Low,32,1e-05,50,0.4369,0.654,ns
M1vsM2_24m,equal_width,Relative Mortality,GPPsat,Low,32,-0.36878,56.2,0.07629,0.6066,ns
M1vsM2_24m,equal_width,Relative Mortality,NEPmax,Low,32,-0.63496,68.8,0.01771,0.4404,ns
M1vsM2_24m,equal_width,Relative Mortality,WUE,Low,32,-0.00202,50,0.3302,0.654,ns
M1vsM2_24m,equal_width,Relative Mortality,uWUE,Low,32,0.01355,34.4,0.7584,0.7754,ns
M1vsM2_24m,equal_width,Relative Mortality,ETmax,High,7,0.00112,28.6,0.6637,0.7463,ns
M1vsM2_24m,equal_width,Relative Mortality,GPPsat,High,7,-0.04682,57.1,0.6637,0.7463,ns
M1vsM2_24m,equal_width,Relative Mortality,NEPmax,High,7,-0.55563,57.1,0.7229,0.7716,ns
M1vsM2_24m,equal_width,Relative Mortality,WUE,High,7,0.02084,42.9,0.4663,0.654,ns
M1vsM2_24m,equal_width,Relative Mortality,uWUE,High,7,-0.00476,57.1,0.4663,0.654,ns
M1vsM2_24m,equal_width,Relative Disturbance,ETmax,Mid,27,-0.00065,55.6,0.4191,0.654,ns
M1vsM2_24m,equal_width,Relative Disturbance,GPPsat,Mid,27,-0.47909,55.6,0.2392,0.654,ns
M1vsM2_24m,equal_width,Relative Disturbance,NEPmax,Mid,27,-0.45061,66.7,0.1903,0.654,ns
M1vsM2_24m,equal_width,Relative Disturbance,WUE,Mid,27,-0.00511,55.6,0.3548,0.654,ns
M1vsM2_24m,equal_width,Relative Disturbance,uWUE,Mid,27,0.00792,37,0.6716,0.7463,ns
M1vsM2_24m,equal_width,Relative Disturbance,ETmax,High,9,0.00077,33.3,0.4528,0.654,ns
M1vsM2_24m,equal_width,Relative Disturbance,GPPsat,High,9,-0.04682,55.6,0.5,0.6582,ns
M1vsM2_24m,equal_width,Relative Disturbance,NEPmax,High,9,-0.75135,66.7,0.3611,0.654,ns
M1vsM2_24m,equal_width,Relative Disturbance,WUE,High,9,-0.01491,55.6,0.4064,0.654,ns
M1vsM2_24m,equal_width,Relative Disturbance,uWUE,High,9,-0.01733,66.7,0.2768,0.654,ns
M1vsM2_24m,equal_width,Relative Disturbance,ETmax,Low,29,3e-05,48.3,0.4741,0.654,ns
M1vsM2_24m,equal_width,Relative Disturbance,GPPsat,Low,29,-0.07984,51.7,0.1351,0.654,ns
M1vsM2_24m,equal_width,Relative Disturbance,NEPmax,Low,29,-0.61498,65.5,0.03303,0.4404,ns
M1vsM2_24m,equal_width,Relative Disturbance,WUE,Low,29,-0.00536,51.7,0.3171,0.654,ns
M1vsM2_24m,equal_width,Relative Disturbance,uWUE,Low,29,0.01336,34.5,0.7754,0.7754,ns
M1vsM2_24m,natural_breaks,Absolute Mortality,ETmax,High,14,-0.00033,50,0.1165,0.4922,ns
M1vsM2_24m,natural_breaks,Absolute Mortality,GPPsat,High,14,-0.72273,64.3,0.2072,0.4922,ns
M1vsM2_24m,natural_breaks,Absolute Mortality,NEPmax,High,14,-0.90962,78.6,0.1046,0.4922,ns
M1vsM2_24m,natural_breaks,Absolute Mortality,WUE,High,14,0.00296,50,0.525,0.675,ns
M1vsM2_24m,natural_breaks,Absolute Mortality,uWUE,High,14,-0.01104,57.1,0.4253,0.63,ns
M1vsM2_24m,natural_breaks,Absolute Mortality,ETmax,Mid,32,0.00051,46.9,0.6965,0.8036,ns
M1vsM2_24m,natural_breaks,Absolute Mortality,GPPsat,Mid,32,-0.53166,59.4,0.09062,0.4922,ns
M1vsM2_24m,natural_breaks,Absolute Mortality,NEPmax,Mid,32,-0.48597,65.6,0.1103,0.4922,ns
M1vsM2_24m,natural_breaks,Absolute Mortality,WUE,Mid,32,-0.0058,56.2,0.3234,0.5219,ns
M1vsM2_24m,natural_breaks,Absolute Mortality,uWUE,Mid,32,0.00665,37.5,0.6698,0.8036,ns
M1vsM2_24m,natural_breaks,Absolute Mortality,ETmax,Low,19,0,52.6,0.4124,0.63,ns
M1vsM2_24m,natural_breaks,Absolute Mortality,GPPsat,Low,19,0.25723,36.8,0.6032,0.754,ns
M1vsM2_24m,natural_breaks,Absolute Mortality,NEPmax,Low,19,-0.59323,57.9,0.2406,0.4922,ns
M1vsM2_24m,natural_breaks,Absolute Mortality,WUE,Low,19,-0.00536,52.6,0.1935,0.4922,ns
M1vsM2_24m,natural_breaks,Absolute Mortality,uWUE,Low,19,0.01336,31.6,0.7717,0.847,ns
M1vsM2_24m,natural_breaks,Relative Mortality,ETmax,High,23,-0.00065,52.2,0.169,0.4922,ns
M1vsM2_24m,natural_breaks,Relative Mortality,GPPsat,High,23,-0.57647,60.9,0.2015,0.4922,ns
M1vsM2_24m,natural_breaks,Relative Mortality,NEPmax,High,23,-0.80705,69.6,0.1615,0.4922,ns
M1vsM2_24m,natural_breaks,Relative Mortality,WUE,High,23,-0.01491,60.9,0.2766,0.5219,ns
M1vsM2_24m,natural_breaks,Relative Mortality,uWUE,High,23,-0.01622,56.5,0.2281,0.4922,ns
M1vsM2_24m,natural_breaks,Relative Mortality,ETmax,Mid,18,0.00074,33.3,0.9247,0.9247,ns
M1vsM2_24m,natural_breaks,Relative Mortality,GPPsat,Mid,18,-0.0345,50,0.448,0.63,ns
M1vsM2_24m,natural_breaks,Relative Mortality,NEPmax,Mid,18,-0.30845,66.7,0.204,0.4922,ns
M1vsM2_24m,natural_breaks,Relative Mortality,WUE,Mid,18,-0.00861,55.6,0.2295,0.4922,ns
M1vsM2_24m,natural_breaks,Relative Mortality,uWUE,Mid,18,0.01013,33.3,0.7705,0.847,ns
M1vsM2_24m,natural_breaks,Relative Mortality,ETmax,Low,24,-0.00046,58.3,0.2331,0.4922,ns
M1vsM2_24m,natural_breaks,Relative Mortality,GPPsat,Low,24,-0.17635,50,0.1236,0.4922,ns
M1vsM2_24m,natural_breaks,Relative Mortality,NEPmax,Low,24,-0.72577,62.5,0.07059,0.4922,ns
M1vsM2_24m,natural_breaks,Relative Mortality,WUE,Low,24,0.0019,45.8,0.5057,0.6693,ns
M1vsM2_24m,natural_breaks,Relative Mortality,uWUE,Low,24,0.01416,29.2,0.8515,0.8708,ns
M1vsM2_24m,natural_breaks,Relative Disturbance,ETmax,High,22,0.00062,45.5,0.3131,0.5219,ns
M1vsM2_24m,natural_breaks,Relative Disturbance,GPPsat,High,22,-0.62426,63.6,0.1817,0.4922,ns
M1vsM2_24m,natural_breaks,Relative Disturbance,NEPmax,High,22,-0.65484,63.6,0.3247,0.5219,ns
M1vsM2_24m,natural_breaks,Relative Disturbance,WUE,High,22,-0.01642,59.1,0.2375,0.4922,ns
M1vsM2_24m,natural_breaks,Relative Disturbance,uWUE,High,22,-0.01677,59.1,0.2276,0.4922,ns
M1vsM2_24m,natural_breaks,Relative Disturbance,ETmax,Mid,20,0.00024,45,0.6796,0.8036,ns
M1vsM2_24m,natural_breaks,Relative Disturbance,GPPsat,Mid,20,-0.0345,50,0.4628,0.6311,ns
M1vsM2_24m,natural_breaks,Relative Disturbance,NEPmax,Mid,20,-0.48597,75,0.05219,0.4922,ns
M1vsM2_24m,natural_breaks,Relative Disturbance,WUE,Mid,20,-0.0037,55,0.3204,0.5219,ns
M1vsM2_24m,natural_breaks,Relative Disturbance,uWUE,Mid,20,0.01013,30,0.7995,0.8567,ns
M1vsM2_24m,natural_breaks,Relative Disturbance,ETmax,Low,23,-0.00031,56.5,0.2868,0.5219,ns
M1vsM2_24m,natural_breaks,Relative Disturbance,GPPsat,Low,23,0.09376,47.8,0.1615,0.4922,ns
M1vsM2_24m,natural_breaks,Relative Disturbance,NEPmax,Low,23,-0.61498,60.9,0.09807,0.4922,ns
M1vsM2_24m,natural_breaks,Relative Disturbance,WUE,Low,23,0.00132,47.8,0.4456,0.63,ns
M1vsM2_24m,natural_breaks,Relative Disturbance,uWUE,Low,23,0.01374,30.4,0.831,0.8696,ns
M3vsM4_12m,tertiles,Absolute Mortality,ETmax,High,22,0.00015,50,0.4101,0.6688,ns
M3vsM4_12m,tertiles,Absolute Mortality,GPPsat,High,22,-0.20602,59.1,0.1817,0.4691,ns
M3vsM4_12m,tertiles,Absolute Mortality,NEPmax,High,22,-0.24539,68.2,0.142,0.4691,ns
M3vsM4_12m,tertiles,Absolute Mortality,WUE,High,22,-0.01689,63.6,0.2085,0.4691,ns
M3vsM4_12m,tertiles,Absolute Mortality,uWUE,High,22,-0.00801,54.5,0.2905,0.6225,ns
M3vsM4_12m,tertiles,Absolute Mortality,ETmax,Mid,21,0.00044,38.1,0.8515,0.8515,ns
M3vsM4_12m,tertiles,Absolute Mortality,GPPsat,Mid,21,-0.08613,61.9,0.3641,0.6688,ns
M3vsM4_12m,tertiles,Absolute Mortality,NEPmax,Mid,21,-0.11024,61.9,0.1924,0.4691,ns
M3vsM4_12m,tertiles,Absolute Mortality,WUE,Mid,21,-0.00266,52.4,0.3905,0.6688,ns
M3vsM4_12m,tertiles,Absolute Mortality,uWUE,Mid,21,-0.00766,52.4,0.2021,0.4691,ns
M3vsM4_12m,tertiles,Absolute Mortality,ETmax,Low,22,0.00111,45.5,0.6869,0.7727,ns
M3vsM4_12m,tertiles,Absolute Mortality,GPPsat,Low,22,-0.06747,50,0.1027,0.4691,ns
M3vsM4_12m,tertiles,Absolute Mortality,NEPmax,Low,22,-0.17089,72.7,0.03453,0.3884,ns
M3vsM4_12m,tertiles,Absolute Mortality,WUE,Low,22,-0.00257,54.5,0.3484,0.6688,ns
M3vsM4_12m,tertiles,Absolute Mortality,uWUE,Low,22,0.00355,45.5,0.6149,0.7095,ns
M3vsM4_12m,tertiles,Relative Mortality,ETmax,High,22,0.00015,50,0.4228,0.6688,ns
M3vsM4_12m,tertiles,Relative Mortality,GPPsat,High,22,-0.21884,68.2,0.1494,0.4691,ns
M3vsM4_12m,tertiles,Relative Mortality,NEPmax,High,22,-0.24539,72.7,0.06766,0.4691,ns
M3vsM4_12m,tertiles,Relative Mortality,WUE,High,22,-0.02029,63.6,0.1571,0.4691,ns
M3vsM4_12m,tertiles,Relative Mortality,uWUE,High,22,-0.01815,63.6,0.09704,0.4691,ns
M3vsM4_12m,tertiles,Relative Mortality,ETmax,Mid,21,0.00054,42.9,0.7565,0.8106,ns
M3vsM4_12m,tertiles,Relative Mortality,GPPsat,Mid,21,0.00215,42.9,0.7109,0.7803,ns
M3vsM4_12m,tertiles,Relative Mortality,NEPmax,Mid,21,-0.03608,52.4,0.569,0.7095,ns
M3vsM4_12m,tertiles,Relative Mortality,WUE,Mid,21,-0.00469,57.1,0.3257,0.6662,ns
M3vsM4_12m,tertiles,Relative Mortality,uWUE,Mid,21,0.00245,42.9,0.5553,0.7095,ns
M3vsM4_12m,tertiles,Relative Mortality,ETmax,Low,22,0.00123,40.9,0.8268,0.8515,ns
M3vsM4_12m,tertiles,Relative Mortality,GPPsat,Low,22,-0.25061,59.1,0.01742,0.3062,ns
M3vsM4_12m,tertiles,Relative Mortality,NEPmax,Low,22,-0.22134,77.3,0.008894,0.3062,ns
M3vsM4_12m,tertiles,Relative Mortality,WUE,Low,22,-6e-05,50,0.5772,0.7095,ns
M3vsM4_12m,tertiles,Relative Mortality,uWUE,Low,22,0.00656,45.5,0.5772,0.7095,ns
M3vsM4_12m,tertiles,Relative Disturbance,ETmax,High,22,0.00038,45.5,0.5772,0.7095,ns
M3vsM4_12m,tertiles,Relative Disturbance,GPPsat,High,22,-0.14873,63.6,0.1817,0.4691,ns
M3vsM4_12m,tertiles,Relative Disturbance,NEPmax,High,22,-0.18935,68.2,0.1279,0.4691,ns
M3vsM4_12m,tertiles,Relative Disturbance,WUE,High,22,-0.02029,59.1,0.1817,0.4691,ns
M3vsM4_12m,tertiles,Relative Disturbance,uWUE,High,22,-0.01815,59.1,0.1494,0.4691,ns
M3vsM4_12m,tertiles,Relative Disturbance,ETmax,Mid,21,-3e-05,52.4,0.5553,0.7095,ns
M3vsM4_12m,tertiles,Relative Disturbance,GPPsat,Mid,21,-0.00932,52.4,0.4861,0.7095,ns
M3vsM4_12m,tertiles,Relative Disturbance,NEPmax,Mid,21,-0.03608,57.1,0.3772,0.6688,ns
M3vsM4_12m,tertiles,Relative Disturbance,WUE,Mid,21,-0.00797,57.1,0.1652,0.4691,ns
M3vsM4_12m,tertiles,Relative Disturbance,uWUE,Mid,21,0.00245,47.6,0.431,0.6688,ns
M3vsM4_12m,tertiles,Relative Disturbance,ETmax,Low,22,0.00123,36.4,0.8429,0.8515,ns
M3vsM4_12m,tertiles,Relative Disturbance,GPPsat,Low,22,-0.25061,54.5,0.05226,0.4691,ns
M3vsM4_12m,tertiles,Relative Disturbance,NEPmax,Low,22,-0.28276,77.3,0.02041,0.3062,ns
M3vsM4_12m,tertiles,Relative Disturbance,WUE,Low,22,-0.00257,54.5,0.6149,0.7095,ns
M3vsM4_12m,tertiles,Relative Disturbance,uWUE,Low,22,0.00355,45.5,0.5899,0.7095,ns
M3vsM4_12m,equal_width,Absolute Mortality,ETmax,Mid,21,-0.00074,57.1,0.1119,0.4069,ns
M3vsM4_12m,equal_width,Absolute Mortality,GPPsat,Mid,21,-0.34202,57.1,0.09329,0.385,ns
M3vsM4_12m,equal_width,Absolute Mortality,NEPmax,Mid,21,-0.31551,76.2,0.05493,0.385,ns
M3vsM4_12m,equal_width,Absolute Mortality,WUE,Mid,21,-0.01549,61.9,0.2773,0.5838,ns
M3vsM4_12m,equal_width,Absolute Mortality,uWUE,Mid,21,-0.00794,52.4,0.4447,0.6246,ns
M3vsM4_12m,equal_width,Absolute Mortality,ETmax,Low,41,0.00097,39,0.9132,0.9201,ns
M3vsM4_12m,equal_width,Absolute Mortality,GPPsat,Low,41,-0.08613,56.1,0.2146,0.5127,ns
M3vsM4_12m,equal_width,Absolute Mortality,NEPmax,Low,41,-0.12979,65.9,0.05548,0.385,ns
M3vsM4_12m,equal_width,Absolute Mortality,WUE,Low,41,-0.00266,53.7,0.3298,0.6054,ns
M3vsM4_12m,equal_width,Absolute Mortality,uWUE,Low,41,0.00205,48.8,0.3632,0.6054,ns
M3vsM4_12m,equal_width,Absolute Mortality,ETmax,High,3,0.00247,33.3,,,""
M3vsM4_12m,equal_width,Absolute Mortality,GPPsat,High,3,-0.04801,66.7,,,""
M3vsM4_12m,equal_width,Absolute Mortality,NEPmax,High,3,0.2142,33.3,,,""
M3vsM4_12m,equal_width,Absolute Mortality,WUE,High,3,-0.02471,66.7,,,""
M3vsM4_12m,equal_width,Absolute Mortality,uWUE,High,3,-0.0776,66.7,,,""
M3vsM4_12m,equal_width,Relative Mortality,ETmax,Mid,26,4e-04,46.2,0.4495,0.6246,ns
M3vsM4_12m,equal_width,Relative Mortality,GPPsat,Mid,26,-0.21884,61.5,0.1265,0.4156,ns
M3vsM4_12m,equal_width,Relative Mortality,NEPmax,Mid,26,-0.3188,73.1,0.01113,0.2793,ns
M3vsM4_12m,equal_width,Relative Mortality,WUE,Mid,26,-0.01318,61.5,0.161,0.4599,ns
M3vsM4_12m,equal_width,Relative Mortality,uWUE,Mid,26,-0.0078,53.8,0.2307,0.5127,ns
M3vsM4_12m,equal_width,Relative Mortality,ETmax,Low,32,9e-04,43.8,0.7866,0.874,ns
M3vsM4_12m,equal_width,Relative Mortality,GPPsat,Low,32,-0.13861,56.2,0.07107,0.385,ns
M3vsM4_12m,equal_width,Relative Mortality,NEPmax,Low,32,-0.15819,68.8,0.07365,0.385,ns
M3vsM4_12m,equal_width,Relative Mortality,WUE,Low,32,-6e-05,50,0.5631,0.6826,ns
M3vsM4_12m,equal_width,Relative Mortality,uWUE,Low,32,0.00656,43.8,0.5186,0.6692,ns
M3vsM4_12m,equal_width,Relative Mortality,ETmax,High,7,0.00031,42.9,0.8641,0.9201,ns
M3vsM4_12m,equal_width,Relative Mortality,GPPsat,High,7,0.30335,42.9,0.8976,0.9201,ns
M3vsM4_12m,equal_width,Relative Mortality,NEPmax,High,7,0.2142,42.9,0.7766,0.874,ns
M3vsM4_12m,equal_width,Relative Mortality,WUE,High,7,-0.02471,71.4,0.3363,0.6054,ns
M3vsM4_12m,equal_width,Relative Mortality,uWUE,High,7,-0.01935,71.4,0.2234,0.5127,ns
M3vsM4_12m,equal_width,Relative Disturbance,ETmax,Mid,27,0.00037,48.1,0.4097,0.6246,ns
M3vsM4_12m,equal_width,Relative Disturbance,GPPsat,Mid,27,-0.08613,59.3,0.1969,0.5127,ns
M3vsM4_12m,equal_width,Relative Disturbance,NEPmax,Mid,27,-0.31551,74.1,0.01396,0.2793,ns
M3vsM4_12m,equal_width,Relative Disturbance,WUE,Mid,27,-0.01549,66.7,0.07994,0.385,ns
M3vsM4_12m,equal_width,Relative Disturbance,uWUE,Mid,27,0.00245,48.1,0.4191,0.6246,ns
M3vsM4_12m,equal_width,Relative Disturbance,ETmax,High,9,-1e-05,55.6,0.4528,0.6246,ns
M3vsM4_12m,equal_width,Relative Disturbance,GPPsat,High,9,-0.04801,55.6,0.5472,0.6826,ns
M3vsM4_12m,equal_width,Relative Disturbance,NEPmax,High,9,-0.17016,55.6,0.3611,0.6054,ns
M3vsM4_12m,equal_width,Relative Disturbance,WUE,High,9,-0.02471,55.6,0.3611,0.6054,ns
M3vsM4_12m,equal_width,Relative Disturbance,uWUE,High,9,-0.04057,77.8,0.09626,0.385,ns
M3vsM4_12m,equal_width,Relative Disturbance,ETmax,Low,29,0.00113,37.9,0.9201,0.9201,ns
M3vsM4_12m,equal_width,Relative Disturbance,GPPsat,Low,29,-0.16427,55.2,0.07994,0.385,ns
M3vsM4_12m,equal_width,Relative Disturbance,NEPmax,Low,29,-0.12979,65.5,0.1351,0.4156,ns
M3vsM4_12m,equal_width,Relative Disturbance,WUE,Low,29,0.00034,48.3,0.6272,0.7378,ns
M3vsM4_12m,equal_width,Relative Disturbance,uWUE,Low,29,0.00504,44.8,0.5172,0.6692,ns
M3vsM4_12m,natural_breaks,Absolute Mortality,ETmax,High,14,0.00015,50,0.5,0.7055,ns
M3vsM4_12m,natural_breaks,Absolute Mortality,GPPsat,High,14,-0.26864,64.3,0.3078,0.6295,ns
M3vsM4_12m,natural_breaks,Absolute Mortality,NEPmax,High,14,-0.29888,71.4,0.1576,0.4535,ns
M3vsM4_12m,natural_breaks,Absolute Mortality,WUE,High,14,-0.01658,64.3,0.286,0.6295,ns
M3vsM4_12m,natural_breaks,Absolute Mortality,uWUE,High,14,-0.02179,71.4,0.1165,0.4428,ns
M3vsM4_12m,natural_breaks,Absolute Mortality,ETmax,Mid,32,0.00049,40.6,0.8026,0.8208,ns
M3vsM4_12m,natural_breaks,Absolute Mortality,GPPsat,Mid,32,-0.13725,62.5,0.1001,0.4428,ns
M3vsM4_12m,natural_breaks,Absolute Mortality,NEPmax,Mid,32,-0.19757,65.6,0.07107,0.4428,ns
M3vsM4_12m,natural_breaks,Absolute Mortality,WUE,Mid,32,-0.00775,53.1,0.3788,0.6337,ns
M3vsM4_12m,natural_breaks,Absolute Mortality,uWUE,Mid,32,0.00599,43.8,0.5112,0.7055,ns
M3vsM4_12m,natural_breaks,Absolute Mortality,ETmax,Low,19,0.00097,47.4,0.6637,0.7365,ns
M3vsM4_12m,natural_breaks,Absolute Mortality,GPPsat,Low,19,0.15856,42.1,0.3363,0.6337,ns
M3vsM4_12m,natural_breaks,Absolute Mortality,NEPmax,Low,19,-0.09879,68.4,0.1257,0.4428,ns
M3vsM4_12m,natural_breaks,Absolute Mortality,WUE,Low,19,-0.00469,57.9,0.2163,0.5123,ns
M3vsM4_12m,natural_breaks,Absolute Mortality,uWUE,Low,19,0.00205,47.4,0.4759,0.7055,ns
M3vsM4_12m,natural_breaks,Relative Mortality,ETmax,High,23,0.00031,47.8,0.4576,0.7055,ns
M3vsM4_12m,natural_breaks,Relative Mortality,GPPsat,High,23,-0.27613,69.6,0.1148,0.4428,ns
M3vsM4_12m,natural_breaks,Relative Mortality,NEPmax,High,23,-0.28224,73.9,0.05185,0.4428,ns
M3vsM4_12m,natural_breaks,Relative Mortality,WUE,High,23,-0.02228,65.2,0.109,0.4428,ns
M3vsM4_12m,natural_breaks,Relative Mortality,uWUE,High,23,-0.01696,65.2,0.0832,0.4428,ns
M3vsM4_12m,natural_breaks,Relative Mortality,ETmax,Mid,18,0.00045,44.4,0.7705,0.8063,ns
M3vsM4_12m,natural_breaks,Relative Mortality,GPPsat,Mid,18,0.00164,44.4,0.6031,0.7365,ns
M3vsM4_12m,natural_breaks,Relative Mortality,NEPmax,Mid,18,-0.0368,55.6,0.3802,0.6337,ns
M3vsM4_12m,natural_breaks,Relative Mortality,WUE,Mid,18,-0.00775,55.6,0.3006,0.6295,ns
M3vsM4_12m,natural_breaks,Relative Mortality,uWUE,Mid,18,0.00318,44.4,0.5174,0.7055,ns
M3vsM4_12m,natural_breaks,Relative Mortality,ETmax,Low,24,9e-04,41.7,0.749,0.8025,ns
M3vsM4_12m,natural_breaks,Relative Mortality,GPPsat,Low,24,-0.20309,54.2,0.07453,0.4428,ns
M3vsM4_12m,natural_breaks,Relative Mortality,NEPmax,Low,24,-0.17089,70.8,0.04732,0.4428,ns
M3vsM4_12m,natural_breaks,Relative Mortality,WUE,Low,24,-6e-05,50,0.6711,0.7365,ns
M3vsM4_12m,natural_breaks,Relative Mortality,uWUE,Low,24,0.00656,41.7,0.6607,0.7365,ns
M3vsM4_12m,natural_breaks,Relative Disturbance,ETmax,High,22,0.00038,45.5,0.5772,0.7365,ns
M3vsM4_12m,natural_breaks,Relative Disturbance,GPPsat,High,22,-0.14873,63.6,0.1817,0.4542,ns
M3vsM4_12m,natural_breaks,Relative Disturbance,NEPmax,High,22,-0.18935,68.2,0.1279,0.4428,ns
M3vsM4_12m,natural_breaks,Relative Disturbance,WUE,High,22,-0.02029,59.1,0.1817,0.4542,ns
M3vsM4_12m,natural_breaks,Relative Disturbance,uWUE,High,22,-0.01815,59.1,0.1494,0.4535,ns
M3vsM4_12m,natural_breaks,Relative Disturbance,ETmax,Mid,20,6e-05,50,0.5667,0.7365,ns
M3vsM4_12m,natural_breaks,Relative Disturbance,GPPsat,Mid,20,-0.01328,55,0.4333,0.6964,ns
M3vsM4_12m,natural_breaks,Relative Disturbance,NEPmax,Mid,20,-0.0368,60,0.3475,0.6337,ns
M3vsM4_12m,natural_breaks,Relative Disturbance,WUE,Mid,20,-0.0104,60,0.1613,0.4535,ns
M3vsM4_12m,natural_breaks,Relative Disturbance,uWUE,Mid,20,-0.0026,50,0.3614,0.6337,ns
M3vsM4_12m,natural_breaks,Relative Disturbance,ETmax,Low,23,0.00097,39.1,0.8459,0.8459,ns
M3vsM4_12m,natural_breaks,Relative Disturbance,GPPsat,Low,23,-0.2419,52.2,0.07427,0.4428,ns
M3vsM4_12m,natural_breaks,Relative Disturbance,NEPmax,Low,23,-0.2307,73.9,0.02156,0.4428,ns
M3vsM4_12m,natural_breaks,Relative Disturbance,WUE,Low,23,-0.00046,52.2,0.6137,0.7365,ns
M3vsM4_12m,natural_breaks,Relative Disturbance,uWUE,Low,23,0.00504,43.5,0.6481,0.7365,ns
M3vsM4_24m,tertiles,Absolute Mortality,ETmax,High,22,-3e-04,54.5,0.1571,0.4904,ns
M3vsM4_24m,tertiles,Absolute Mortality,GPPsat,High,22,-0.18652,72.7,0.1027,0.4623,ns
M3vsM4_24m,tertiles,Absolute Mortality,NEPmax,High,22,-0.05769,59.1,0.2581,0.5279,ns
M3vsM4_24m,tertiles,Absolute Mortality,WUE,High,22,-0.00629,54.5,0.2179,0.4904,ns
M3vsM4_24m,tertiles,Absolute Mortality,uWUE,High,22,-0.00849,54.5,0.2905,0.5431,ns
M3vsM4_24m,tertiles,Absolute Mortality,ETmax,Mid,21,0.00081,33.3,0.8515,0.8515,ns
M3vsM4_24m,tertiles,Absolute Mortality,GPPsat,Mid,21,-0.07563,61.9,0.3011,0.5431,ns
M3vsM4_24m,tertiles,Absolute Mortality,NEPmax,Mid,21,-0.16674,61.9,0.2021,0.4904,ns
M3vsM4_24m,tertiles,Absolute Mortality,WUE,Mid,21,-0.01024,61.9,0.3257,0.5637,ns
M3vsM4_24m,tertiles,Absolute Mortality,uWUE,Mid,21,-0.01693,52.4,0.212,0.4904,ns
M3vsM4_24m,tertiles,Absolute Mortality,ETmax,Low,22,3e-04,45.5,0.4228,0.5926,ns
M3vsM4_24m,tertiles,Absolute Mortality,GPPsat,Low,22,0.00066,50,0.1494,0.4904,ns
M3vsM4_24m,tertiles,Absolute Mortality,NEPmax,Low,22,-0.19869,72.7,0.02041,0.2893,ns
M3vsM4_24m,tertiles,Absolute Mortality,WUE,Low,22,-0.00434,54.5,0.4612,0.5926,ns
M3vsM4_24m,tertiles,Absolute Mortality,uWUE,Low,22,-0.00062,50,0.4355,0.5926,ns
M3vsM4_24m,tertiles,Relative Mortality,ETmax,High,22,-3e-04,54.5,0.3017,0.5431,ns
M3vsM4_24m,tertiles,Relative Mortality,GPPsat,High,22,-0.18652,68.2,0.1494,0.4904,ns
M3vsM4_24m,tertiles,Relative Mortality,NEPmax,High,22,-0.15244,63.6,0.1494,0.4904,ns
M3vsM4_24m,tertiles,Relative Mortality,WUE,High,22,-0.01619,63.6,0.08635,0.4623,ns
M3vsM4_24m,tertiles,Relative Mortality,uWUE,High,22,-0.01916,68.2,0.07658,0.4623,ns
M3vsM4_24m,tertiles,Relative Mortality,ETmax,Mid,21,0.00054,38.1,0.7227,0.7391,ns
M3vsM4_24m,tertiles,Relative Mortality,GPPsat,Mid,21,-0.02813,57.1,0.4447,0.5926,ns
M3vsM4_24m,tertiles,Relative Mortality,NEPmax,Mid,21,-0.01129,57.1,0.431,0.5926,ns
M3vsM4_24m,tertiles,Relative Mortality,WUE,Mid,21,-0.00416,57.1,0.4585,0.5926,ns
M3vsM4_24m,tertiles,Relative Mortality,uWUE,Mid,21,0.00338,42.9,0.5415,0.6248,ns
M3vsM4_24m,tertiles,Relative Mortality,ETmax,Low,22,0.00036,40.9,0.5645,0.635,ns
M3vsM4_24m,tertiles,Relative Mortality,GPPsat,Low,22,-0.1912,59.1,0.01742,0.2893,ns
M3vsM4_24m,tertiles,Relative Mortality,NEPmax,Low,22,-0.25626,72.7,0.005666,0.2549,ns
M3vsM4_24m,tertiles,Relative Mortality,WUE,Low,22,0.0026,50,0.6753,0.7308,ns
M3vsM4_24m,tertiles,Relative Mortality,uWUE,Low,22,0.00548,45.5,0.5129,0.6239,ns
M3vsM4_24m,tertiles,Relative Disturbance,ETmax,High,22,-3e-05,50,0.4741,0.5926,ns
M3vsM4_24m,tertiles,Relative Disturbance,GPPsat,High,22,-0.14861,68.2,0.1817,0.4904,ns
M3vsM4_24m,tertiles,Relative Disturbance,NEPmax,High,22,-0.15244,59.1,0.2581,0.5279,ns
M3vsM4_24m,tertiles,Relative Disturbance,WUE,High,22,-0.01619,63.6,0.06766,0.4623,ns
M3vsM4_24m,tertiles,Relative Disturbance,uWUE,High,22,-0.01916,63.6,0.09158,0.4623,ns
M3vsM4_24m,tertiles,Relative Disturbance,ETmax,Mid,21,4e-05,47.6,0.431,0.5926,ns
M3vsM4_24m,tertiles,Relative Disturbance,GPPsat,Mid,21,-0.06072,61.9,0.212,0.4904,ns
M3vsM4_24m,tertiles,Relative Disturbance,NEPmax,Mid,21,-0.0658,66.7,0.2021,0.4904,ns
M3vsM4_24m,tertiles,Relative Disturbance,WUE,Mid,21,-0.00416,57.1,0.4723,0.5926,ns
M3vsM4_24m,tertiles,Relative Disturbance,uWUE,Mid,21,0.00338,42.9,0.5415,0.6248,ns
M3vsM4_24m,tertiles,Relative Disturbance,ETmax,Low,22,0.00057,36.4,0.6869,0.7308,ns
M3vsM4_24m,tertiles,Relative Disturbance,GPPsat,Low,22,-0.09529,54.5,0.1027,0.4623,ns
M3vsM4_24m,tertiles,Relative Disturbance,NEPmax,Low,22,-0.27438,68.2,0.02571,0.2893,ns
M3vsM4_24m,tertiles,Relative Disturbance,WUE,Low,22,0.0026,50,0.6983,0.7308,ns
M3vsM4_24m,tertiles,Relative Disturbance,uWUE,Low,22,-0.00062,50,0.4483,0.5926,ns
M3vsM4_24m,equal_width,Absolute Mortality,ETmax,Mid,21,-0.00074,66.7,0.03027,0.3393,ns
M3vsM4_24m,equal_width,Absolute Mortality,GPPsat,Mid,21,-0.20275,71.4,0.06751,0.3393,ns
M3vsM4_24m,equal_width,Absolute Mortality,NEPmax,Mid,21,-0.28441,66.7,0.07707,0.3393,ns
M3vsM4_24m,equal_width,Absolute Mortality,WUE,Mid,21,-0.00982,57.1,0.1831,0.4577,ns
M3vsM4_24m,equal_width,Absolute Mortality,uWUE,Mid,21,-0.00834,52.4,0.4861,0.6452,ns
M3vsM4_24m,equal_width,Absolute Mortality,ETmax,Low,41,6e-04,36.6,0.8439,0.8641,ns
M3vsM4_24m,equal_width,Absolute Mortality,GPPsat,Low,41,-0.06603,56.1,0.1688,0.4501,ns
M3vsM4_24m,equal_width,Absolute Mortality,NEPmax,Low,41,-0.14142,65.9,0.03901,0.3393,ns
M3vsM4_24m,equal_width,Absolute Mortality,WUE,Low,41,-0.00565,58.5,0.3681,0.5932,ns
M3vsM4_24m,equal_width,Absolute Mortality,uWUE,Low,41,-0.004,51.2,0.2223,0.4939,ns
M3vsM4_24m,equal_width,Absolute Mortality,ETmax,High,3,0.00019,0,,,""
M3vsM4_24m,equal_width,Absolute Mortality,GPPsat,High,3,-0.12356,66.7,,,""
M3vsM4_24m,equal_width,Absolute Mortality,NEPmax,High,3,0.32691,33.3,,,""
M3vsM4_24m,equal_width,Absolute Mortality,WUE,High,3,0.00434,33.3,,,""
M3vsM4_24m,equal_width,Absolute Mortality,uWUE,High,3,-0.06856,66.7,,,""
M3vsM4_24m,equal_width,Relative Mortality,ETmax,Mid,26,-0.00025,50,0.3998,0.5932,ns
M3vsM4_24m,equal_width,Relative Mortality,GPPsat,Mid,26,-0.1375,69.2,0.0933,0.3393,ns
M3vsM4_24m,equal_width,Relative Mortality,NEPmax,Mid,26,-0.25739,65.4,0.05203,0.3393,ns
M3vsM4_24m,equal_width,Relative Mortality,WUE,Mid,26,-0.01003,61.5,0.1265,0.3893,ns
M3vsM4_24m,equal_width,Relative Mortality,uWUE,Mid,26,-0.00849,53.8,0.2711,0.5277,ns
M3vsM4_24m,equal_width,Relative Mortality,ETmax,Low,32,0.00054,40.6,0.6283,0.718,ns
M3vsM4_24m,equal_width,Relative Mortality,GPPsat,Low,32,-0.11203,59.4,0.05289,0.3393,ns
M3vsM4_24m,equal_width,Relative Mortality,NEPmax,Low,32,-0.15408,68.8,0.03011,0.3393,ns
M3vsM4_24m,equal_width,Relative Mortality,WUE,Low,32,-0.00434,53.1,0.614,0.718,ns
M3vsM4_24m,equal_width,Relative Mortality,uWUE,Low,32,0.00296,46.9,0.4295,0.6136,ns
M3vsM4_24m,equal_width,Relative Mortality,ETmax,High,7,0,42.9,0.6001,0.718,ns
M3vsM4_24m,equal_width,Relative Mortality,GPPsat,High,7,0.1447,42.9,0.8641,0.8641,ns
M3vsM4_24m,equal_width,Relative Mortality,NEPmax,High,7,0.32691,42.9,0.7229,0.7816,ns
M3vsM4_24m,equal_width,Relative Mortality,WUE,High,7,-0.00276,57.1,0.3363,0.5932,ns
M3vsM4_24m,equal_width,Relative Mortality,uWUE,High,7,-0.01909,71.4,0.2771,0.5277,ns
M3vsM4_24m,equal_width,Relative Disturbance,ETmax,Mid,27,-0.00054,51.9,0.3548,0.5932,ns
M3vsM4_24m,equal_width,Relative Disturbance,GPPsat,Mid,27,-0.07563,70.4,0.1036,0.3453,ns
M3vsM4_24m,equal_width,Relative Disturbance,NEPmax,Mid,27,-0.25595,66.7,0.03674,0.3393,ns
M3vsM4_24m,equal_width,Relative Disturbance,WUE,Mid,27,-0.00982,63,0.1372,0.3919,ns
M3vsM4_24m,equal_width,Relative Disturbance,uWUE,Mid,27,-0.00834,51.9,0.4004,0.5932,ns
M3vsM4_24m,equal_width,Relative Disturbance,ETmax,High,9,0,44.4,0.5,0.6452,ns
M3vsM4_24m,equal_width,Relative Disturbance,GPPsat,High,9,-0.12356,55.6,0.5472,0.6839,ns
M3vsM4_24m,equal_width,Relative Disturbance,NEPmax,High,9,-0.04959,55.6,0.5,0.6452,ns
M3vsM4_24m,equal_width,Relative Disturbance,WUE,High,9,-0.01791,55.6,0.2386,0.5023,ns
M3vsM4_24m,equal_width,Relative Disturbance,uWUE,High,9,-0.01909,66.7,0.2035,0.4788,ns
M3vsM4_24m,equal_width,Relative Disturbance,ETmax,Low,29,6e-04,37.9,0.7754,0.8162,ns
M3vsM4_24m,equal_width,Relative Disturbance,GPPsat,Low,29,-0.09951,55.2,0.08656,0.3393,ns
M3vsM4_24m,equal_width,Relative Disturbance,NEPmax,Low,29,-0.10604,65.5,0.0737,0.3393,ns
M3vsM4_24m,equal_width,Relative Disturbance,WUE,Low,29,-0.00303,51.7,0.6751,0.7501,ns
M3vsM4_24m,equal_width,Relative Disturbance,uWUE,Low,29,0.00275,48.3,0.3728,0.5932,ns
M3vsM4_24m,natural_breaks,Absolute Mortality,ETmax,High,14,-3e-04,57.1,0.1732,0.4809,ns
M3vsM4_24m,natural_breaks,Absolute Mortality,GPPsat,High,14,-0.18652,64.3,0.2651,0.5422,ns
M3vsM4_24m,natural_breaks,Absolute Mortality,NEPmax,High,14,-0.167,64.3,0.2256,0.5422,ns
M3vsM4_24m,natural_breaks,Absolute Mortality,WUE,High,14,-0.00629,57.1,0.286,0.5596,ns
M3vsM4_24m,natural_breaks,Absolute Mortality,uWUE,High,14,-0.01418,71.4,0.1429,0.4595,ns
M3vsM4_24m,natural_breaks,Absolute Mortality,ETmax,Mid,32,0.00053,37.5,0.8459,0.8459,ns
M3vsM4_24m,natural_breaks,Absolute Mortality,GPPsat,Mid,32,-0.14181,71.9,0.05922,0.414,ns
M3vsM4_24m,natural_breaks,Absolute Mortality,NEPmax,Mid,32,-0.21101,62.5,0.07365,0.414,ns
M3vsM4_24m,natural_breaks,Absolute Mortality,WUE,Mid,32,-0.0072,56.2,0.3167,0.5701,ns
M3vsM4_24m,natural_breaks,Absolute Mortality,uWUE,Mid,32,0.0026,46.9,0.4004,0.6127,ns
M3vsM4_24m,natural_breaks,Absolute Mortality,ETmax,Low,19,6e-05,47.4,0.3363,0.5821,ns
M3vsM4_24m,natural_breaks,Absolute Mortality,GPPsat,Low,19,0.09122,42.1,0.444,0.6127,ns
M3vsM4_24m,natural_breaks,Absolute Mortality,NEPmax,Low,19,-0.10604,68.4,0.07656,0.414,ns
M3vsM4_24m,natural_breaks,Absolute Mortality,WUE,Low,19,-0.00565,57.9,0.3814,0.6127,ns
M3vsM4_24m,natural_breaks,Absolute Mortality,uWUE,Low,19,0.00275,47.4,0.444,0.6127,ns
M3vsM4_24m,natural_breaks,Relative Mortality,ETmax,High,23,-7e-05,52.2,0.3747,0.6127,ns
M3vsM4_24m,natural_breaks,Relative Mortality,GPPsat,High,23,-0.19937,69.6,0.1148,0.4305,ns
M3vsM4_24m,natural_breaks,Relative Mortality,NEPmax,High,23,-0.25529,65.2,0.109,0.4305,ns
M3vsM4_24m,natural_breaks,Relative Mortality,WUE,High,23,-0.01791,65.2,0.05863,0.414,ns
M3vsM4_24m,natural_breaks,Relative Mortality,uWUE,High,23,-0.01909,69.6,0.06227,0.414,ns
M3vsM4_24m,natural_breaks,Relative Mortality,ETmax,Mid,18,0.00037,38.9,0.729,0.7455,ns
M3vsM4_24m,natural_breaks,Relative Mortality,GPPsat,Mid,18,-0.03486,61.1,0.2568,0.5422,ns
M3vsM4_24m,natural_breaks,Relative Mortality,NEPmax,Mid,18,-0.03854,61.1,0.316,0.5701,ns
M3vsM4_24m,natural_breaks,Relative Mortality,WUE,Mid,18,-0.00304,55.6,0.5174,0.6127,ns
M3vsM4_24m,natural_breaks,Relative Mortality,uWUE,Mid,18,0.00341,38.9,0.5691,0.6348,ns
M3vsM4_24m,natural_breaks,Relative Mortality,ETmax,Low,24,0.00036,41.7,0.4943,0.6127,ns
M3vsM4_24m,natural_breaks,Relative Mortality,GPPsat,Low,24,-0.09529,54.2,0.09199,0.414,ns
M3vsM4_24m,natural_breaks,Relative Mortality,NEPmax,Low,24,-0.19869,66.7,0.02517,0.414,ns
M3vsM4_24m,natural_breaks,Relative Mortality,WUE,Low,24,0.0026,50,0.7113,0.7444,ns
M3vsM4_24m,natural_breaks,Relative Mortality,uWUE,Low,24,0.00548,45.8,0.5512,0.6348,ns
M3vsM4_24m,natural_breaks,Relative Disturbance,ETmax,High,22,-3e-05,50,0.4741,0.6127,ns
M3vsM4_24m,natural_breaks,Relative Disturbance,GPPsat,High,22,-0.14861,68.2,0.1817,0.4809,ns
M3vsM4_24m,natural_breaks,Relative Disturbance,NEPmax,High,22,-0.15244,59.1,0.2581,0.5422,ns
M3vsM4_24m,natural_breaks,Relative Disturbance,WUE,High,22,-0.01619,63.6,0.06766,0.414,ns
M3vsM4_24m,natural_breaks,Relative Disturbance,uWUE,High,22,-0.01916,63.6,0.09158,0.414,ns
M3vsM4_24m,natural_breaks,Relative Disturbance,ETmax,Mid,20,0.00012,45,0.5074,0.6127,ns
M3vsM4_24m,natural_breaks,Relative Disturbance,GPPsat,Mid,20,-0.08011,65,0.1802,0.4809,ns
M3vsM4_24m,natural_breaks,Relative Disturbance,NEPmax,Mid,20,-0.05077,65,0.2449,0.5422,ns
M3vsM4_24m,natural_breaks,Relative Disturbance,WUE,Mid,20,-0.00304,55,0.4926,0.6127,ns
M3vsM4_24m,natural_breaks,Relative Disturbance,uWUE,Mid,20,0.00327,45,0.5074,0.6127,ns
M3vsM4_24m,natural_breaks,Relative Disturbance,ETmax,Low,23,0.00053,39.1,0.5784,0.6348,ns
M3vsM4_24m,natural_breaks,Relative Disturbance,GPPsat,Low,23,-0.06603,52.2,0.127,0.4397,ns
M3vsM4_24m,natural_breaks,Relative Disturbance,NEPmax,Low,23,-0.25657,69.6,0.02004,0.414,ns
M3vsM4_24m,natural_breaks,Relative Disturbance,WUE,Low,23,-0.00303,52.2,0.6813,0.73,ns
M3vsM4_24m,natural_breaks,Relative Disturbance,uWUE,Low,23,0.00275,47.8,0.4697,0.6127,ns
M5vsM6_raw_12m,tertiles,Absolute Mortality,ETmax,High,22,-0.00046,54.5,0.2276,0.8933,ns
M5vsM6_raw_12m,tertiles,Absolute Mortality,GPPsat,High,22,0.14197,36.4,0.9136,0.9451,ns
M5vsM6_raw_12m,tertiles,Absolute Mortality,NEPmax,High,22,-0.109,59.1,0.1817,0.8933,ns
M5vsM6_raw_12m,tertiles,Absolute Mortality,WUE,High,22,0.00256,50,0.4483,0.944,ns
M5vsM6_raw_12m,tertiles,Absolute Mortality,uWUE,High,22,0.00903,45.5,0.3484,0.944,ns
M5vsM6_raw_12m,tertiles,Absolute Mortality,ETmax,Mid,21,0.00079,33.3,0.9451,0.9451,ns
M5vsM6_raw_12m,tertiles,Absolute Mortality,GPPsat,Mid,21,0.08312,47.6,0.6743,0.944,ns
M5vsM6_raw_12m,tertiles,Absolute Mortality,NEPmax,Mid,21,0.10399,42.9,0.9124,0.9451,ns
M5vsM6_raw_12m,tertiles,Absolute Mortality,WUE,Mid,21,0.01543,42.9,0.8348,0.9451,ns
M5vsM6_raw_12m,tertiles,Absolute Mortality,uWUE,Mid,21,0.01296,42.9,0.867,0.9451,ns
M5vsM6_raw_12m,tertiles,Absolute Mortality,ETmax,Low,22,-0.00034,59.1,0.4228,0.944,ns
M5vsM6_raw_12m,tertiles,Absolute Mortality,GPPsat,Low,22,-0.08076,68.2,0.1027,0.8933,ns
M5vsM6_raw_12m,tertiles,Absolute Mortality,NEPmax,Low,22,-0.03102,63.6,0.07201,0.8933,ns
M5vsM6_raw_12m,tertiles,Absolute Mortality,WUE,Low,22,-0.00924,63.6,0.1494,0.8933,ns
M5vsM6_raw_12m,tertiles,Absolute Mortality,uWUE,Low,22,0.01069,36.4,0.8913,0.9451,ns
M5vsM6_raw_12m,tertiles,Relative Mortality,ETmax,High,22,4e-04,40.9,0.7313,0.944,ns
M5vsM6_raw_12m,tertiles,Relative Mortality,GPPsat,High,22,0.12827,36.4,0.9234,0.9451,ns
M5vsM6_raw_12m,tertiles,Relative Mortality,NEPmax,High,22,0.03106,50,0.6635,0.944,ns
M5vsM6_raw_12m,tertiles,Relative Mortality,WUE,High,22,0.00379,50,0.5388,0.944,ns
M5vsM6_raw_12m,tertiles,Relative Mortality,uWUE,High,22,0.0122,36.4,0.5899,0.944,ns
M5vsM6_raw_12m,tertiles,Relative Mortality,ETmax,Mid,21,-5e-04,57.1,0.2327,0.8933,ns
M5vsM6_raw_12m,tertiles,Relative Mortality,GPPsat,Mid,21,0.00058,47.6,0.6359,0.944,ns
M5vsM6_raw_12m,tertiles,Relative Mortality,NEPmax,Mid,21,-0.04398,57.1,0.2435,0.8933,ns
M5vsM6_raw_12m,tertiles,Relative Mortality,WUE,Mid,21,0.00849,42.9,0.7109,0.944,ns
M5vsM6_raw_12m,tertiles,Relative Mortality,uWUE,Mid,21,-0.00813,52.4,0.5826,0.944,ns
M5vsM6_raw_12m,tertiles,Relative Mortality,ETmax,Low,22,0,50,0.5645,0.944,ns
M5vsM6_raw_12m,tertiles,Relative Mortality,GPPsat,Low,22,-0.08076,68.2,0.1279,0.8933,ns
M5vsM6_raw_12m,tertiles,Relative Mortality,NEPmax,Low,22,-0.02472,59.1,0.1904,0.8933,ns
M5vsM6_raw_12m,tertiles,Relative Mortality,WUE,Low,22,-0.00924,63.6,0.2375,0.8933,ns
M5vsM6_raw_12m,tertiles,Relative Mortality,uWUE,Low,22,0.01025,36.4,0.9404,0.9451,ns
M5vsM6_raw_12m,tertiles,Relative Disturbance,ETmax,High,22,4e-04,40.9,0.6635,0.944,ns
M5vsM6_raw_12m,tertiles,Relative Disturbance,GPPsat,High,22,0.12827,36.4,0.9234,0.9451,ns
M5vsM6_raw_12m,tertiles,Relative Disturbance,NEPmax,High,22,0.03106,50,0.6025,0.944,ns
M5vsM6_raw_12m,tertiles,Relative Disturbance,WUE,High,22,0.00256,50,0.5259,0.944,ns
M5vsM6_raw_12m,tertiles,Relative Disturbance,uWUE,High,22,0.0122,36.4,0.6395,0.944,ns
M5vsM6_raw_12m,tertiles,Relative Disturbance,ETmax,Mid,21,-5e-04,57.1,0.2435,0.8933,ns
M5vsM6_raw_12m,tertiles,Relative Disturbance,GPPsat,Mid,21,-0.03049,52.4,0.4174,0.944,ns
M5vsM6_raw_12m,tertiles,Relative Disturbance,NEPmax,Mid,21,-0.01256,52.4,0.4861,0.944,ns
M5vsM6_raw_12m,tertiles,Relative Disturbance,WUE,Mid,21,0.00182,47.6,0.4174,0.944,ns
M5vsM6_raw_12m,tertiles,Relative Disturbance,uWUE,Mid,21,0.01422,47.6,0.7342,0.944,ns
M5vsM6_raw_12m,tertiles,Relative Disturbance,ETmax,Low,22,0.00011,50,0.5899,0.944,ns
M5vsM6_raw_12m,tertiles,Relative Disturbance,GPPsat,Low,22,-0.05103,63.6,0.2581,0.8933,ns
M5vsM6_raw_12m,tertiles,Relative Disturbance,NEPmax,Low,22,-0.03102,63.6,0.06766,0.8933,ns
M5vsM6_raw_12m,tertiles,Relative Disturbance,WUE,Low,22,-0.00379,59.1,0.5517,0.944,ns
M5vsM6_raw_12m,tertiles,Relative Disturbance,uWUE,Low,22,0.00656,40.9,0.8007,0.9451,ns
M5vsM6_raw_12m,equal_width,Absolute Mortality,ETmax,Mid,21,0.00016,47.6,0.4723,0.8536,ns
M5vsM6_raw_12m,equal_width,Absolute Mortality,GPPsat,Mid,21,0.08312,38.1,0.8348,0.9492,ns
M5vsM6_raw_12m,equal_width,Absolute Mortality,NEPmax,Mid,21,-0.09161,61.9,0.1406,0.8536,ns
M5vsM6_raw_12m,equal_width,Absolute Mortality,WUE,Mid,21,0.00793,42.9,0.4723,0.8536,ns
M5vsM6_raw_12m,equal_width,Absolute Mortality,uWUE,Mid,21,0.00796,47.6,0.2658,0.8536,ns
M5vsM6_raw_12m,equal_width,Absolute Mortality,ETmax,Low,41,0.00017,48.8,0.7069,0.9328,ns
M5vsM6_raw_12m,equal_width,Absolute Mortality,GPPsat,Low,41,-0.04493,61,0.2585,0.8536,ns
M5vsM6_raw_12m,equal_width,Absolute Mortality,NEPmax,Low,41,-0.01256,53.7,0.3978,0.8536,ns
M5vsM6_raw_12m,equal_width,Absolute Mortality,WUE,Low,41,-0.00378,56.1,0.4845,0.8536,ns
M5vsM6_raw_12m,equal_width,Absolute Mortality,uWUE,Low,41,0.00755,41.5,0.8756,0.9492,ns
M5vsM6_raw_12m,equal_width,Absolute Mortality,ETmax,High,3,-0.00233,66.7,,,""
M5vsM6_raw_12m,equal_width,Absolute Mortality,GPPsat,High,3,0.30035,0,,,""
M5vsM6_raw_12m,equal_width,Absolute Mortality,NEPmax,High,3,0.17956,33.3,,,""
M5vsM6_raw_12m,equal_width,Absolute Mortality,WUE,High,3,-0.00036,66.7,,,""
M5vsM6_raw_12m,equal_width,Absolute Mortality,uWUE,High,3,0.04274,0,,,""
M5vsM6_raw_12m,equal_width,Relative Mortality,ETmax,Mid,26,7e-05,50,0.4797,0.8536,ns
M5vsM6_raw_12m,equal_width,Relative Mortality,GPPsat,Mid,26,0.10477,34.6,0.9261,0.952,ns
M5vsM6_raw_12m,equal_width,Relative Mortality,NEPmax,Mid,26,-0.0534,53.8,0.333,0.8536,ns
M5vsM6_raw_12m,equal_width,Relative Mortality,WUE,Mid,26,0.01004,42.3,0.6578,0.9073,ns
M5vsM6_raw_12m,equal_width,Relative Mortality,uWUE,Mid,26,-0.00385,50,0.3238,0.8536,ns
M5vsM6_raw_12m,equal_width,Relative Mortality,ETmax,Low,32,1e-05,50,0.614,0.8842,ns
M5vsM6_raw_12m,equal_width,Relative Mortality,GPPsat,Low,32,-0.08076,68.8,0.1001,0.8536,ns
M5vsM6_raw_12m,equal_width,Relative Mortality,NEPmax,Low,32,-0.01856,56.2,0.3035,0.8536,ns
M5vsM6_raw_12m,equal_width,Relative Mortality,WUE,Low,32,-0.00289,56.2,0.5186,0.8536,ns
M5vsM6_raw_12m,equal_width,Relative Mortality,uWUE,Low,32,0.0134,37.5,0.9451,0.952,ns
M5vsM6_raw_12m,equal_width,Relative Mortality,ETmax,High,7,0.00016,42.9,0.4663,0.8536,ns
M5vsM6_raw_12m,equal_width,Relative Mortality,GPPsat,High,7,0.23564,28.6,0.8641,0.9492,ns
M5vsM6_raw_12m,equal_width,Relative Mortality,NEPmax,High,7,-0.1706,57.1,0.4663,0.8536,ns
M5vsM6_raw_12m,equal_width,Relative Mortality,WUE,High,7,-0.02735,71.4,0.1763,0.8536,ns
M5vsM6_raw_12m,equal_width,Relative Mortality,uWUE,High,7,0.01488,28.6,0.7229,0.9328,ns
M5vsM6_raw_12m,equal_width,Relative Disturbance,ETmax,Mid,27,0.00017,48.1,0.5239,0.8536,ns
M5vsM6_raw_12m,equal_width,Relative Disturbance,GPPsat,Mid,27,0.08312,40.7,0.878,0.9492,ns
M5vsM6_raw_12m,equal_width,Relative Disturbance,NEPmax,Mid,27,-0.01673,51.9,0.4761,0.8536,ns
M5vsM6_raw_12m,equal_width,Relative Disturbance,WUE,Mid,27,0.00549,44.4,0.5335,0.8536,ns
M5vsM6_raw_12m,equal_width,Relative Disturbance,uWUE,Mid,27,-0.01197,55.6,0.2392,0.8536,ns
M5vsM6_raw_12m,equal_width,Relative Disturbance,ETmax,High,9,0.00016,44.4,0.4528,0.8536,ns
M5vsM6_raw_12m,equal_width,Relative Disturbance,GPPsat,High,9,0.21367,33.3,0.7965,0.9492,ns
M5vsM6_raw_12m,equal_width,Relative Disturbance,NEPmax,High,9,-0.18936,66.7,0.2035,0.8536,ns
M5vsM6_raw_12m,equal_width,Relative Disturbance,WUE,High,9,-0.02735,66.7,0.4528,0.8536,ns
M5vsM6_raw_12m,equal_width,Relative Disturbance,uWUE,High,9,0.01488,22.2,0.8568,0.9492,ns
M5vsM6_raw_12m,equal_width,Relative Disturbance,ETmax,Low,29,-0.00014,51.7,0.619,0.8842,ns
M5vsM6_raw_12m,equal_width,Relative Disturbance,GPPsat,Low,29,-0.08678,65.5,0.1653,0.8536,ns
M5vsM6_raw_12m,equal_width,Relative Disturbance,NEPmax,Low,29,-0.01256,55.2,0.3566,0.8536,ns
M5vsM6_raw_12m,equal_width,Relative Disturbance,WUE,Low,29,-0.002,55.2,0.5772,0.8842,ns
M5vsM6_raw_12m,equal_width,Relative Disturbance,uWUE,Low,29,0.01383,34.5,0.952,0.952,ns
M5vsM6_raw_12m,natural_breaks,Absolute Mortality,ETmax,High,14,0.00036,42.9,0.5991,0.8427,ns
M5vsM6_raw_12m,natural_breaks,Absolute Mortality,GPPsat,High,14,0.07254,50,0.6468,0.8427,ns
M5vsM6_raw_12m,natural_breaks,Absolute Mortality,NEPmax,High,14,-0.07233,57.1,0.4009,0.8427,ns
M5vsM6_raw_12m,natural_breaks,Absolute Mortality,WUE,High,14,-0.02363,64.3,0.2256,0.8427,ns
M5vsM6_raw_12m,natural_breaks,Absolute Mortality,uWUE,High,14,-0.00589,50,0.2072,0.8427,ns
M5vsM6_raw_12m,natural_breaks,Absolute Mortality,ETmax,Mid,32,0.00029,46.9,0.5924,0.8427,ns
M5vsM6_raw_12m,natural_breaks,Absolute Mortality,GPPsat,Mid,32,0.10477,37.5,0.9362,0.9448,ns
M5vsM6_raw_12m,natural_breaks,Absolute Mortality,NEPmax,Mid,32,0.0157,50,0.4665,0.8427,ns
M5vsM6_raw_12m,natural_breaks,Absolute Mortality,WUE,Mid,32,0.01105,40.6,0.9094,0.9448,ns
M5vsM6_raw_12m,natural_breaks,Absolute Mortality,uWUE,Mid,32,0.01359,40.6,0.9264,0.9448,ns
M5vsM6_raw_12m,natural_breaks,Absolute Mortality,ETmax,Low,19,-0.00052,57.9,0.3662,0.8427,ns
M5vsM6_raw_12m,natural_breaks,Absolute Mortality,GPPsat,Low,19,-0.08678,73.7,0.04361,0.8427,ns
M5vsM6_raw_12m,natural_breaks,Absolute Mortality,NEPmax,Low,19,-0.02489,63.2,0.1524,0.8427,ns
M5vsM6_raw_12m,natural_breaks,Absolute Mortality,WUE,Low,19,-0.00557,63.2,0.1431,0.8427,ns
M5vsM6_raw_12m,natural_breaks,Absolute Mortality,uWUE,Low,19,0.00755,36.8,0.8476,0.9448,ns
M5vsM6_raw_12m,natural_breaks,Relative Mortality,ETmax,High,23,0.00029,43.5,0.6704,0.8427,ns
M5vsM6_raw_12m,natural_breaks,Relative Mortality,GPPsat,High,23,0.14567,34.8,0.9448,0.9448,ns
M5vsM6_raw_12m,natural_breaks,Relative Mortality,NEPmax,High,23,-0.01673,52.2,0.5303,0.8427,ns
M5vsM6_raw_12m,natural_breaks,Relative Mortality,WUE,High,23,-0.00036,52.2,0.4697,0.8427,ns
M5vsM6_raw_12m,natural_breaks,Relative Mortality,uWUE,High,23,0.0143,34.8,0.6253,0.8427,ns
M5vsM6_raw_12m,natural_breaks,Relative Mortality,ETmax,Mid,18,7e-05,50,0.4309,0.8427,ns
M5vsM6_raw_12m,natural_breaks,Relative Mortality,GPPsat,Mid,18,-0.01495,50,0.6198,0.8427,ns
M5vsM6_raw_12m,natural_breaks,Relative Mortality,NEPmax,Mid,18,0.02341,50,0.5691,0.8427,ns
M5vsM6_raw_12m,natural_breaks,Relative Mortality,WUE,Mid,18,0.00787,44.4,0.684,0.8427,ns
M5vsM6_raw_12m,natural_breaks,Relative Mortality,uWUE,Mid,18,-0.01005,55.6,0.5691,0.8427,ns
M5vsM6_raw_12m,natural_breaks,Relative Mortality,ETmax,Low,24,-0.00034,54.2,0.4488,0.8427,ns
M5vsM6_raw_12m,natural_breaks,Relative Mortality,GPPsat,Low,24,-0.08076,66.7,0.1295,0.8427,ns
M5vsM6_raw_12m,natural_breaks,Relative Mortality,NEPmax,Low,24,-0.03102,62.5,0.08737,0.8427,ns
M5vsM6_raw_12m,natural_breaks,Relative Mortality,WUE,Low,24,-0.00379,58.3,0.3712,0.8427,ns
M5vsM6_raw_12m,natural_breaks,Relative Mortality,uWUE,Low,24,0.01025,37.5,0.9171,0.9448,ns
M5vsM6_raw_12m,natural_breaks,Relative Disturbance,ETmax,High,22,4e-04,40.9,0.6635,0.8427,ns
M5vsM6_raw_12m,natural_breaks,Relative Disturbance,GPPsat,High,22,0.12827,36.4,0.9234,0.9448,ns
M5vsM6_raw_12m,natural_breaks,Relative Disturbance,NEPmax,High,22,0.03106,50,0.6025,0.8427,ns
M5vsM6_raw_12m,natural_breaks,Relative Disturbance,WUE,High,22,0.00256,50,0.5259,0.8427,ns
M5vsM6_raw_12m,natural_breaks,Relative Disturbance,uWUE,High,22,0.0122,36.4,0.6395,0.8427,ns
M5vsM6_raw_12m,natural_breaks,Relative Disturbance,ETmax,Mid,20,-0.00032,55,0.3204,0.8427,ns
M5vsM6_raw_12m,natural_breaks,Relative Disturbance,GPPsat,Mid,20,-0.03771,55,0.3614,0.8427,ns
M5vsM6_raw_12m,natural_breaks,Relative Disturbance,NEPmax,Mid,20,-0.02827,55,0.3614,0.8427,ns
M5vsM6_raw_12m,natural_breaks,Relative Disturbance,WUE,Mid,20,0.00596,45,0.5074,0.8427,ns
M5vsM6_raw_12m,natural_breaks,Relative Disturbance,uWUE,Mid,20,0.00305,50,0.6929,0.8427,ns
M5vsM6_raw_12m,natural_breaks,Relative Disturbance,ETmax,Low,23,-0.00016,52.2,0.5182,0.8427,ns
M5vsM6_raw_12m,natural_breaks,Relative Disturbance,GPPsat,Low,23,-0.01528,60.9,0.3079,0.8427,ns
M5vsM6_raw_12m,natural_breaks,Relative Disturbance,NEPmax,Low,23,-0.02489,60.9,0.1208,0.8427,ns
M5vsM6_raw_12m,natural_breaks,Relative Disturbance,WUE,Low,23,-0.00557,60.9,0.4818,0.8427,ns
M5vsM6_raw_12m,natural_breaks,Relative Disturbance,uWUE,Low,23,0.00755,39.1,0.8459,0.9448,ns
M5vsM6_raw_24m,tertiles,Absolute Mortality,ETmax,High,22,-0.00072,59.1,0.3017,0.7571,ns
M5vsM6_raw_24m,tertiles,Absolute Mortality,GPPsat,High,22,0.10003,40.9,0.8007,0.9483,ns
M5vsM6_raw_24m,tertiles,Absolute Mortality,NEPmax,High,22,-0.03738,54.5,0.2179,0.7258,ns
M5vsM6_raw_24m,tertiles,Absolute Mortality,WUE,High,22,-0.00651,63.6,0.1494,0.7258,ns
M5vsM6_raw_24m,tertiles,Absolute Mortality,uWUE,High,22,0.00474,45.5,0.5517,0.9048,ns
M5vsM6_raw_24m,tertiles,Absolute Mortality,ETmax,Mid,21,0.00042,28.6,0.9619,0.9619,ns
M5vsM6_raw_24m,tertiles,Absolute Mortality,GPPsat,Mid,21,0.03023,47.6,0.7109,0.9409,ns
M5vsM6_raw_24m,tertiles,Absolute Mortality,NEPmax,Mid,21,-0.02134,52.4,0.174,0.7258,ns
M5vsM6_raw_24m,tertiles,Absolute Mortality,WUE,Mid,21,0.00576,38.1,0.9067,0.9489,ns
M5vsM6_raw_24m,tertiles,Absolute Mortality,uWUE,Mid,21,0.01187,38.1,0.8946,0.9489,ns
M5vsM6_raw_24m,tertiles,Absolute Mortality,ETmax,Low,22,-0.00026,54.5,0.4871,0.9048,ns
M5vsM6_raw_24m,tertiles,Absolute Mortality,GPPsat,Low,22,-0.07476,68.2,0.08135,0.7258,ns
M5vsM6_raw_24m,tertiles,Absolute Mortality,NEPmax,Low,22,-0.12305,86.4,0.003523,0.07927,ns
M5vsM6_raw_24m,tertiles,Absolute Mortality,WUE,Low,22,-0.00684,72.7,0.142,0.7258,ns
M5vsM6_raw_24m,tertiles,Absolute Mortality,uWUE,Low,22,0.00916,40.9,0.7724,0.9483,ns
M5vsM6_raw_24m,tertiles,Relative Mortality,ETmax,High,22,0.00035,45.5,0.6635,0.9048,ns
M5vsM6_raw_24m,tertiles,Relative Mortality,GPPsat,High,22,0.08681,40.9,0.8096,0.9483,ns
M5vsM6_raw_24m,tertiles,Relative Mortality,NEPmax,High,22,-0.03738,54.5,0.2581,0.7258,ns
M5vsM6_raw_24m,tertiles,Relative Mortality,WUE,High,22,-0.00479,59.1,0.3365,0.7571,ns
M5vsM6_raw_24m,tertiles,Relative Mortality,uWUE,High,22,0.00474,40.9,0.5772,0.9048,ns
M5vsM6_raw_24m,tertiles,Relative Mortality,ETmax,Mid,21,-0.00053,52.4,0.5553,0.9048,ns
M5vsM6_raw_24m,tertiles,Relative Mortality,GPPsat,Mid,21,0.03023,47.6,0.6095,0.9048,ns
M5vsM6_raw_24m,tertiles,Relative Mortality,NEPmax,Mid,21,-0.12807,57.1,0.0589,0.6626,ns
M5vsM6_raw_24m,tertiles,Relative Mortality,WUE,Mid,21,-0.00017,52.4,0.569,0.9048,ns
M5vsM6_raw_24m,tertiles,Relative Mortality,uWUE,Mid,21,0.01187,38.1,0.8946,0.9489,ns
M5vsM6_raw_24m,tertiles,Relative Mortality,ETmax,Low,22,0.00021,45.5,0.6516,0.9048,ns
M5vsM6_raw_24m,tertiles,Relative Mortality,GPPsat,Low,22,-0.07476,68.2,0.1027,0.7258,ns
M5vsM6_raw_24m,tertiles,Relative Mortality,NEPmax,Low,22,-0.11808,81.8,0.009706,0.1456,ns
M5vsM6_raw_24m,tertiles,Relative Mortality,WUE,Low,22,-0.00585,63.6,0.2375,0.7258,ns
M5vsM6_raw_24m,tertiles,Relative Mortality,uWUE,Low,22,0.00402,45.5,0.6149,0.9048,ns
M5vsM6_raw_24m,tertiles,Relative Disturbance,ETmax,High,22,0.00035,45.5,0.7523,0.9483,ns
M5vsM6_raw_24m,tertiles,Relative Disturbance,GPPsat,High,22,0.10823,40.9,0.8429,0.9483,ns
M5vsM6_raw_24m,tertiles,Relative Disturbance,NEPmax,High,22,-0.05044,59.1,0.1817,0.7258,ns
M5vsM6_raw_24m,tertiles,Relative Disturbance,WUE,High,22,-0.00153,54.5,0.3851,0.8252,ns
M5vsM6_raw_24m,tertiles,Relative Disturbance,uWUE,High,22,0.00725,36.4,0.6273,0.9048,ns
M5vsM6_raw_24m,tertiles,Relative Disturbance,ETmax,Mid,21,-0.00066,57.1,0.2435,0.7258,ns
M5vsM6_raw_24m,tertiles,Relative Disturbance,GPPsat,Mid,21,-0.0439,57.1,0.3133,0.7571,ns
M5vsM6_raw_24m,tertiles,Relative Disturbance,NEPmax,Mid,21,0.0025,47.6,0.2545,0.7258,ns
M5vsM6_raw_24m,tertiles,Relative Disturbance,WUE,Mid,21,-0.00676,61.9,0.1831,0.7258,ns
M5vsM6_raw_24m,tertiles,Relative Disturbance,uWUE,Mid,21,0.01336,38.1,0.9325,0.9537,ns
M5vsM6_raw_24m,tertiles,Relative Disturbance,ETmax,Low,22,0.00031,40.9,0.8268,0.9483,ns
M5vsM6_raw_24m,tertiles,Relative Disturbance,GPPsat,Low,22,-0.06223,59.1,0.3247,0.7571,ns
M5vsM6_raw_24m,tertiles,Relative Disturbance,NEPmax,Low,22,-0.12305,86.4,0.001409,0.06342,ns
M5vsM6_raw_24m,tertiles,Relative Disturbance,WUE,Low,22,-0.00345,59.1,0.5645,0.9048,ns
M5vsM6_raw_24m,tertiles,Relative Disturbance,uWUE,Low,22,0.00021,50,0.5388,0.9048,ns
M5vsM6_raw_24m,equal_width,Absolute Mortality,ETmax,Mid,21,-0.00044,52.4,0.5553,0.8543,ns
M5vsM6_raw_24m,equal_width,Absolute Mortality,GPPsat,Mid,21,0.07172,47.6,0.6228,0.859,ns
M5vsM6_raw_24m,equal_width,Absolute Mortality,NEPmax,Mid,21,-0.04011,57.1,0.1652,0.7323,ns
M5vsM6_raw_24m,equal_width,Absolute Mortality,WUE,Mid,21,-0.00573,57.1,0.1831,0.7323,ns
M5vsM6_raw_24m,equal_width,Absolute Mortality,uWUE,Mid,21,0.00315,47.6,0.431,0.8543,ns
M5vsM6_raw_24m,equal_width,Absolute Mortality,ETmax,Low,41,0.00023,43.9,0.8312,0.9064,ns
M5vsM6_raw_24m,equal_width,Absolute Mortality,GPPsat,Low,41,-0.0717,58.5,0.267,0.7628,ns
M5vsM6_raw_24m,equal_width,Absolute Mortality,NEPmax,Low,41,-0.12013,68.3,0.006661,0.1931,ns
M5vsM6_raw_24m,equal_width,Absolute Mortality,WUE,Low,41,-0.00372,58.5,0.531,0.8543,ns
M5vsM6_raw_24m,equal_width,Absolute Mortality,uWUE,Low,41,0.01131,41.5,0.8979,0.9064,ns
M5vsM6_raw_24m,equal_width,Absolute Mortality,ETmax,High,3,-0.00092,66.7,,,""
M5vsM6_raw_24m,equal_width,Absolute Mortality,GPPsat,High,3,0.19505,0,,,""
M5vsM6_raw_24m,equal_width,Absolute Mortality,NEPmax,High,3,-0.03465,66.7,,,""
M5vsM6_raw_24m,equal_width,Absolute Mortality,WUE,High,3,-0.00229,66.7,,,""
M5vsM6_raw_24m,equal_width,Absolute Mortality,uWUE,High,3,0.03659,0,,,""
M5vsM6_raw_24m,equal_width,Relative Mortality,ETmax,Mid,26,-0.00048,57.7,0.3147,0.8392,ns
M5vsM6_raw_24m,equal_width,Relative Mortality,GPPsat,Mid,26,0.09178,38.5,0.8933,0.9064,ns
M5vsM6_raw_24m,equal_width,Relative Mortality,NEPmax,Mid,26,-0.05044,57.7,0.0933,0.6417,ns
M5vsM6_raw_24m,equal_width,Relative Mortality,WUE,Mid,26,0.00067,50,0.5505,0.8543,ns
M5vsM6_raw_24m,equal_width,Relative Mortality,uWUE,Mid,26,0.00474,42.3,0.6578,0.877,ns
M5vsM6_raw_24m,equal_width,Relative Mortality,ETmax,Low,32,3e-04,40.6,0.8459,0.9064,ns
M5vsM6_raw_24m,equal_width,Relative Mortality,GPPsat,Low,32,-0.08268,65.6,0.09371,0.6417,ns
M5vsM6_raw_24m,equal_width,Relative Mortality,NEPmax,Low,32,-0.11808,71.9,0.01212,0.1931,ns
M5vsM6_raw_24m,equal_width,Relative Mortality,WUE,Low,32,-0.0047,62.5,0.4369,0.8543,ns
M5vsM6_raw_24m,equal_width,Relative Mortality,uWUE,Low,32,0.00916,43.8,0.8546,0.9064,ns
M5vsM6_raw_24m,equal_width,Relative Mortality,ETmax,High,7,0.00064,42.9,0.5337,0.8543,ns
M5vsM6_raw_24m,equal_width,Relative Mortality,GPPsat,High,7,0.17785,42.9,0.6001,0.8573,ns
M5vsM6_raw_24m,equal_width,Relative Mortality,NEPmax,High,7,-0.03465,57.1,0.3999,0.8543,ns
M5vsM6_raw_24m,equal_width,Relative Mortality,WUE,High,7,-0.03235,71.4,0.1763,0.7323,ns
M5vsM6_raw_24m,equal_width,Relative Mortality,uWUE,High,7,0.01497,28.6,0.7229,0.9064,ns
M5vsM6_raw_24m,equal_width,Relative Disturbance,ETmax,Mid,27,-0.00044,59.3,0.2622,0.7628,ns
M5vsM6_raw_24m,equal_width,Relative Disturbance,GPPsat,Mid,27,0.08565,44.4,0.8162,0.9064,ns
M5vsM6_raw_24m,equal_width,Relative Disturbance,NEPmax,Mid,27,-0.02134,51.9,0.2246,0.7628,ns
M5vsM6_raw_24m,equal_width,Relative Disturbance,WUE,Mid,27,-0.00573,55.6,0.2544,0.7628,ns
M5vsM6_raw_24m,equal_width,Relative Disturbance,uWUE,Mid,27,0.00633,44.4,0.5239,0.8543,ns
M5vsM6_raw_24m,equal_width,Relative Disturbance,ETmax,High,9,0.00064,44.4,0.5472,0.8543,ns
M5vsM6_raw_24m,equal_width,Relative Disturbance,GPPsat,High,9,0.1285,44.4,0.5936,0.8573,ns
M5vsM6_raw_24m,equal_width,Relative Disturbance,NEPmax,High,9,-0.25219,77.8,0.09626,0.6417,ns
M5vsM6_raw_24m,equal_width,Relative Disturbance,WUE,High,9,-0.03235,66.7,0.4064,0.8543,ns
M5vsM6_raw_24m,equal_width,Relative Disturbance,uWUE,High,9,0.01046,33.3,0.8284,0.9064,ns
M5vsM6_raw_24m,equal_width,Relative Disturbance,ETmax,Low,29,0.00036,37.9,0.9028,0.9064,ns
M5vsM6_raw_24m,equal_width,Relative Disturbance,GPPsat,Low,29,-0.0717,62.1,0.1707,0.7323,ns
M5vsM6_raw_24m,equal_width,Relative Disturbance,NEPmax,Low,29,-0.11603,72.4,0.01448,0.1931,ns
M5vsM6_raw_24m,equal_width,Relative Disturbance,WUE,Low,29,-0.00317,58.6,0.5516,0.8543,ns
M5vsM6_raw_24m,equal_width,Relative Disturbance,uWUE,Low,29,0.01131,41.4,0.9064,0.9064,ns
M5vsM6_raw_24m,natural_breaks,Absolute Mortality,ETmax,High,14,7e-04,42.9,0.6468,0.9095,ns
M5vsM6_raw_24m,natural_breaks,Absolute Mortality,GPPsat,High,14,-0.06045,57.1,0.3078,0.7511,ns
M5vsM6_raw_24m,natural_breaks,Absolute Mortality,NEPmax,High,14,-0.0017,50,0.4009,0.7843,ns
M5vsM6_raw_24m,natural_breaks,Absolute Mortality,WUE,High,14,-0.0251,71.4,0.1292,0.7238,ns
M5vsM6_raw_24m,natural_breaks,Absolute Mortality,uWUE,High,14,-0.00298,57.1,0.1897,0.7238,ns
M5vsM6_raw_24m,natural_breaks,Absolute Mortality,ETmax,Mid,32,3e-04,43.8,0.7345,0.9275,ns
M5vsM6_raw_24m,natural_breaks,Absolute Mortality,GPPsat,Mid,32,0.09369,37.5,0.9451,0.9665,ns
M5vsM6_raw_24m,natural_breaks,Absolute Mortality,NEPmax,Mid,32,-0.06193,59.4,0.04185,0.3766,ns
M5vsM6_raw_24m,natural_breaks,Absolute Mortality,WUE,Mid,32,0.00304,43.8,0.8897,0.9497,ns
M5vsM6_raw_24m,natural_breaks,Absolute Mortality,uWUE,Mid,32,0.01157,37.5,0.9735,0.9735,ns
M5vsM6_raw_24m,natural_breaks,Absolute Mortality,ETmax,Low,19,-0.00044,57.9,0.3814,0.7843,ns
M5vsM6_raw_24m,natural_breaks,Absolute Mortality,GPPsat,Low,19,-0.07781,73.7,0.03355,0.3766,ns
M5vsM6_raw_24m,natural_breaks,Absolute Mortality,NEPmax,Low,19,-0.12013,84.2,0.01415,0.2122,ns
M5vsM6_raw_24m,natural_breaks,Absolute Mortality,WUE,Low,19,-0.00569,73.7,0.1098,0.7238,ns
M5vsM6_raw_24m,natural_breaks,Absolute Mortality,uWUE,Low,19,0.01131,36.8,0.8174,0.9362,ns
M5vsM6_raw_24m,natural_breaks,Relative Mortality,ETmax,High,23,0.00023,47.8,0.5902,0.9095,ns
M5vsM6_raw_24m,natural_breaks,Relative Mortality,GPPsat,High,23,0.08797,39.1,0.853,0.9362,ns
M5vsM6_raw_24m,natural_breaks,Relative Mortality,NEPmax,High,23,-0.04011,56.5,0.193,0.7238,ns
M5vsM6_raw_24m,natural_breaks,Relative Mortality,WUE,High,23,-0.00729,60.9,0.2973,0.7511,ns
M5vsM6_raw_24m,natural_breaks,Relative Mortality,uWUE,High,23,0.00633,39.1,0.6367,0.9095,ns
M5vsM6_raw_24m,natural_breaks,Relative Mortality,ETmax,Mid,18,-0.00016,50,0.552,0.9095,ns
M5vsM6_raw_24m,natural_breaks,Relative Mortality,GPPsat,Mid,18,0.01075,50,0.5,0.9,ns
M5vsM6_raw_24m,natural_breaks,Relative Mortality,NEPmax,Mid,18,-0.00942,50,0.2295,0.7499,ns
M5vsM6_raw_24m,natural_breaks,Relative Mortality,WUE,Mid,18,0.00096,50,0.5691,0.9095,ns
M5vsM6_raw_24m,natural_breaks,Relative Mortality,uWUE,Mid,18,0.01157,38.9,0.831,0.9362,ns
M5vsM6_raw_24m,natural_breaks,Relative Mortality,ETmax,Low,24,0.00021,45.8,0.7113,0.9275,ns
M5vsM6_raw_24m,natural_breaks,Relative Mortality,GPPsat,Low,24,-0.07476,66.7,0.1179,0.7238,ns
M5vsM6_raw_24m,natural_breaks,Relative Mortality,NEPmax,Low,24,-0.12305,83.3,0.003776,0.1047,ns
M5vsM6_raw_24m,natural_breaks,Relative Mortality,WUE,Low,24,-0.0047,62.5,0.3289,0.7511,ns
M5vsM6_raw_24m,natural_breaks,Relative Mortality,uWUE,Low,24,0.00402,45.8,0.6711,0.9151,ns
M5vsM6_raw_24m,natural_breaks,Relative Disturbance,ETmax,High,22,0.00035,45.5,0.7523,0.9275,ns
M5vsM6_raw_24m,natural_breaks,Relative Disturbance,GPPsat,High,22,0.10823,40.9,0.8429,0.9362,ns
M5vsM6_raw_24m,natural_breaks,Relative Disturbance,NEPmax,High,22,-0.05044,59.1,0.1817,0.7238,ns
M5vsM6_raw_24m,natural_breaks,Relative Disturbance,WUE,High,22,-0.00153,54.5,0.3851,0.7843,ns
M5vsM6_raw_24m,natural_breaks,Relative Disturbance,uWUE,High,22,0.00725,36.4,0.6273,0.9095,ns
M5vsM6_raw_24m,natural_breaks,Relative Disturbance,ETmax,Mid,20,-0.00055,55,0.3338,0.7511,ns
M5vsM6_raw_24m,natural_breaks,Relative Disturbance,GPPsat,Mid,20,-0.04813,55,0.3338,0.7511,ns
M5vsM6_raw_24m,natural_breaks,Relative Disturbance,NEPmax,Mid,20,-0.00942,50,0.1802,0.7238,ns
M5vsM6_raw_24m,natural_breaks,Relative Disturbance,WUE,Mid,20,-0.00624,60,0.2333,0.7499,ns
M5vsM6_raw_24m,natural_breaks,Relative Disturbance,uWUE,Mid,20,0.01261,40,0.9075,0.9497,ns
M5vsM6_raw_24m,natural_breaks,Relative Disturbance,ETmax,Low,23,0.00025,43.5,0.7626,0.9275,ns
M5vsM6_raw_24m,natural_breaks,Relative Disturbance,GPPsat,Low,23,-0.05276,60.9,0.2973,0.7511,ns
M5vsM6_raw_24m,natural_breaks,Relative Disturbance,NEPmax,Low,23,-0.12013,82.6,0.004655,0.1047,ns
M5vsM6_raw_24m,natural_breaks,Relative Disturbance,WUE,Low,23,-0.00372,60.9,0.4939,0.9,ns
M5vsM6_raw_24m,natural_breaks,Relative Disturbance,uWUE,Low,23,0.00103,47.8,0.602,0.9095,ns
M5vsM6_anom_12m,tertiles,Absolute Mortality,ETmax,High,22,0.00139,45.5,0.3851,0.6931,ns
M5vsM6_anom_12m,tertiles,Absolute Mortality,GPPsat,High,22,-0.64341,63.6,0.1494,0.5979,ns
M5vsM6_anom_12m,tertiles,Absolute Mortality,NEPmax,High,22,-0.84153,68.2,0.08135,0.5979,ns
M5vsM6_anom_12m,tertiles,Absolute Mortality,WUE,High,22,-0.00189,54.5,0.6025,0.7746,ns
M5vsM6_anom_12m,tertiles,Absolute Mortality,uWUE,High,22,0.00052,50,0.8007,0.8259,ns
M5vsM6_anom_12m,tertiles,Absolute Mortality,ETmax,Mid,21,0.00059,42.9,0.5961,0.7746,ns
M5vsM6_anom_12m,tertiles,Absolute Mortality,GPPsat,Mid,21,-0.16974,57.1,0.2545,0.6466,ns
M5vsM6_anom_12m,tertiles,Absolute Mortality,NEPmax,Mid,21,-0.28318,52.4,0.4585,0.7746,ns
M5vsM6_anom_12m,tertiles,Absolute Mortality,WUE,Mid,21,-0.00141,52.4,0.1831,0.5979,ns
M5vsM6_anom_12m,tertiles,Absolute Mortality,uWUE,Mid,21,-0.0168,57.1,0.3772,0.6931,ns
M5vsM6_anom_12m,tertiles,Absolute Mortality,ETmax,Low,22,-0.00106,59.1,0.3017,0.6466,ns
M5vsM6_anom_12m,tertiles,Absolute Mortality,GPPsat,Low,22,0.28148,40.9,0.5517,0.7746,ns
M5vsM6_anom_12m,tertiles,Absolute Mortality,NEPmax,Low,22,-0.45972,59.1,0.165,0.5979,ns
M5vsM6_anom_12m,tertiles,Absolute Mortality,WUE,Low,22,-0.00299,54.5,0.2795,0.6466,ns
M5vsM6_anom_12m,tertiles,Absolute Mortality,uWUE,Low,22,0.01589,36.4,0.7915,0.8259,ns
M5vsM6_anom_12m,tertiles,Relative Mortality,ETmax,High,22,4e-04,50,0.2795,0.6466,ns
M5vsM6_anom_12m,tertiles,Relative Mortality,GPPsat,High,22,-0.64341,63.6,0.1732,0.5979,ns
M5vsM6_anom_12m,tertiles,Relative Mortality,NEPmax,High,22,-0.92152,68.2,0.165,0.5979,ns
M5vsM6_anom_12m,tertiles,Relative Mortality,WUE,High,22,-0.00229,54.5,0.5388,0.7746,ns
M5vsM6_anom_12m,tertiles,Relative Mortality,uWUE,High,22,-0.01014,59.1,0.5129,0.7746,ns
M5vsM6_anom_12m,tertiles,Relative Mortality,ETmax,Mid,21,0.00075,38.1,0.8594,0.8594,ns
M5vsM6_anom_12m,tertiles,Relative Mortality,GPPsat,Mid,21,0.26398,42.9,0.8076,0.8259,ns
M5vsM6_anom_12m,tertiles,Relative Mortality,NEPmax,Mid,21,0.05686,47.6,0.6617,0.7792,ns
M5vsM6_anom_12m,tertiles,Relative Mortality,WUE,Mid,21,-0.00062,52.4,0.2435,0.6466,ns
M5vsM6_anom_12m,tertiles,Relative Mortality,uWUE,Mid,21,0.00065,47.6,0.7342,0.8257,ns
M5vsM6_anom_12m,tertiles,Relative Mortality,ETmax,Low,22,-0.00128,59.1,0.1993,0.5979,ns
M5vsM6_anom_12m,tertiles,Relative Mortality,GPPsat,Low,22,-0.39321,54.5,0.05958,0.5979,ns
M5vsM6_anom_12m,tertiles,Relative Mortality,NEPmax,Low,22,-0.88741,63.6,0.03708,0.5979,ns
M5vsM6_anom_12m,tertiles,Relative Mortality,WUE,Low,22,-0.00645,54.5,0.3247,0.6584,ns
M5vsM6_anom_12m,tertiles,Relative Mortality,uWUE,Low,22,0.01589,36.4,0.6753,0.7792,ns
M5vsM6_anom_12m,tertiles,Relative Disturbance,ETmax,High,22,0.00139,45.5,0.3365,0.6584,ns
M5vsM6_anom_12m,tertiles,Relative Disturbance,GPPsat,High,22,-0.79865,63.6,0.165,0.5979,ns
M5vsM6_anom_12m,tertiles,Relative Disturbance,NEPmax,High,22,-0.83648,63.6,0.1993,0.5979,ns
M5vsM6_anom_12m,tertiles,Relative Disturbance,WUE,High,22,-0.00229,54.5,0.4871,0.7746,ns
M5vsM6_anom_12m,tertiles,Relative Disturbance,uWUE,High,22,-0.01014,59.1,0.5899,0.7746,ns
M5vsM6_anom_12m,tertiles,Relative Disturbance,ETmax,Mid,21,0.00026,47.6,0.6617,0.7792,ns
M5vsM6_anom_12m,tertiles,Relative Disturbance,GPPsat,Mid,21,0.13987,47.6,0.6228,0.7785,ns
M5vsM6_anom_12m,tertiles,Relative Disturbance,NEPmax,Mid,21,-0.35397,57.1,0.1652,0.5979,ns
M5vsM6_anom_12m,tertiles,Relative Disturbance,WUE,Mid,21,-0.00062,52.4,0.1831,0.5979,ns
M5vsM6_anom_12m,tertiles,Relative Disturbance,uWUE,Mid,21,0.00065,47.6,0.5826,0.7746,ns
M5vsM6_anom_12m,tertiles,Relative Disturbance,ETmax,Low,22,-0.00079,54.5,0.2905,0.6466,ns
M5vsM6_anom_12m,tertiles,Relative Disturbance,GPPsat,Low,22,-0.08277,50,0.1993,0.5979,ns
M5vsM6_anom_12m,tertiles,Relative Disturbance,NEPmax,Low,22,-0.76777,59.1,0.1817,0.5979,ns
M5vsM6_anom_12m,tertiles,Relative Disturbance,WUE,Low,22,-0.00299,54.5,0.4871,0.7746,ns
M5vsM6_anom_12m,tertiles,Relative Disturbance,uWUE,Low,22,0.01926,36.4,0.7523,0.8257,ns
M5vsM6_anom_12m,equal_width,Absolute Mortality,ETmax,Mid,21,-0.00036,52.4,0.2891,0.669,ns
M5vsM6_anom_12m,equal_width,Absolute Mortality,GPPsat,Mid,21,-0.78507,66.7,0.0589,0.669,ns
M5vsM6_anom_12m,equal_width,Absolute Mortality,NEPmax,Mid,21,-0.91647,76.2,0.01558,0.6233,ns
M5vsM6_anom_12m,equal_width,Absolute Mortality,WUE,Mid,21,-0.0094,66.7,0.2891,0.669,ns
M5vsM6_anom_12m,equal_width,Absolute Mortality,uWUE,Mid,21,-0.00749,52.4,0.6617,0.7181,ns
M5vsM6_anom_12m,equal_width,Absolute Mortality,ETmax,Low,41,0.00026,48.8,0.4948,0.7181,ns
M5vsM6_anom_12m,equal_width,Absolute Mortality,GPPsat,Low,41,0.1391,48.8,0.3681,0.7011,ns
M5vsM6_anom_12m,equal_width,Absolute Mortality,NEPmax,Low,41,-0.35397,53.7,0.238,0.669,ns
M5vsM6_anom_12m,equal_width,Absolute Mortality,WUE,Low,41,-0.00235,51.2,0.1962,0.669,ns
M5vsM6_anom_12m,equal_width,Absolute Mortality,uWUE,Low,41,0.00418,46.3,0.6319,0.7181,ns
M5vsM6_anom_12m,equal_width,Absolute Mortality,ETmax,High,3,0.00155,33.3,,,""
M5vsM6_anom_12m,equal_width,Absolute Mortality,GPPsat,High,3,0.69166,33.3,,,""
M5vsM6_anom_12m,equal_width,Absolute Mortality,NEPmax,High,3,1.13823,33.3,,,""
M5vsM6_anom_12m,equal_width,Absolute Mortality,WUE,High,3,0.01904,0,,,""
M5vsM6_anom_12m,equal_width,Absolute Mortality,uWUE,High,3,0.05409,33.3,,,""
M5vsM6_anom_12m,equal_width,Relative Mortality,ETmax,Mid,26,0.00043,50,0.4696,0.7181,ns
M5vsM6_anom_12m,equal_width,Relative Mortality,GPPsat,Mid,26,-0.13735,50,0.3057,0.669,ns
M5vsM6_anom_12m,equal_width,Relative Mortality,NEPmax,Mid,26,-0.58449,61.5,0.1737,0.669,ns
M5vsM6_anom_12m,equal_width,Relative Mortality,WUE,Mid,26,-0.00229,57.7,0.2796,0.669,ns
M5vsM6_anom_12m,equal_width,Relative Mortality,uWUE,Mid,26,-0.00957,57.7,0.4899,0.7181,ns
M5vsM6_anom_12m,equal_width,Relative Mortality,ETmax,Low,32,-0.00011,50,0.3577,0.7011,ns
M5vsM6_anom_12m,equal_width,Relative Mortality,GPPsat,Low,32,-0.23719,56.2,0.1175,0.669,ns
M5vsM6_anom_12m,equal_width,Relative Mortality,NEPmax,Low,32,-0.54825,59.4,0.06613,0.669,ns
M5vsM6_anom_12m,equal_width,Relative Mortality,WUE,Low,32,-0.00708,56.2,0.1923,0.669,ns
M5vsM6_anom_12m,equal_width,Relative Mortality,uWUE,Low,32,0.01589,40.6,0.6698,0.7181,ns
M5vsM6_anom_12m,equal_width,Relative Mortality,ETmax,High,7,0.00155,42.9,0.6001,0.7181,ns
M5vsM6_anom_12m,equal_width,Relative Mortality,GPPsat,High,7,-0.0104,57.1,0.6001,0.7181,ns
M5vsM6_anom_12m,equal_width,Relative Mortality,NEPmax,High,7,-0.53305,57.1,0.6637,0.7181,ns
M5vsM6_anom_12m,equal_width,Relative Mortality,WUE,High,7,0.01904,28.6,0.8641,0.8641,ns
M5vsM6_anom_12m,equal_width,Relative Mortality,uWUE,High,7,0.00852,42.9,0.7766,0.7965,ns
M5vsM6_anom_12m,equal_width,Relative Disturbance,ETmax,Mid,27,0.00059,48.1,0.5239,0.7181,ns
M5vsM6_anom_12m,equal_width,Relative Disturbance,GPPsat,Mid,27,-0.41456,55.6,0.2862,0.669,ns
M5vsM6_anom_12m,equal_width,Relative Disturbance,NEPmax,Mid,27,-0.58011,59.3,0.2175,0.669,ns
M5vsM6_anom_12m,equal_width,Relative Disturbance,WUE,Mid,27,-0.00062,51.9,0.2862,0.669,ns
M5vsM6_anom_12m,equal_width,Relative Disturbance,uWUE,Mid,27,-0.00749,51.9,0.6541,0.7181,ns
M5vsM6_anom_12m,equal_width,Relative Disturbance,ETmax,High,9,0.00155,44.4,0.4064,0.7067,ns
M5vsM6_anom_12m,equal_width,Relative Disturbance,GPPsat,High,9,-0.0104,55.6,0.5,0.7181,ns
M5vsM6_anom_12m,equal_width,Relative Disturbance,NEPmax,High,9,-0.92658,66.7,0.3178,0.669,ns
M5vsM6_anom_12m,equal_width,Relative Disturbance,WUE,High,9,0.01358,44.4,0.6822,0.7181,ns
M5vsM6_anom_12m,equal_width,Relative Disturbance,uWUE,High,9,-0.01122,55.6,0.5472,0.7181,ns
M5vsM6_anom_12m,equal_width,Relative Disturbance,ETmax,Low,29,-0.00048,51.7,0.3893,0.7067,ns
M5vsM6_anom_12m,equal_width,Relative Disturbance,GPPsat,Low,29,-0.02183,51.7,0.1762,0.669,ns
M5vsM6_anom_12m,equal_width,Relative Disturbance,NEPmax,Low,29,-0.53102,58.6,0.1049,0.669,ns
M5vsM6_anom_12m,equal_width,Relative Disturbance,WUE,Low,29,-0.01055,58.6,0.2377,0.669,ns
M5vsM6_anom_12m,equal_width,Relative Disturbance,uWUE,Low,29,0.01456,41.4,0.6594,0.7181,ns
M5vsM6_anom_12m,natural_breaks,Absolute Mortality,ETmax,High,14,-0.001,57.1,0.1732,0.5797,ns
M5vsM6_anom_12m,natural_breaks,Absolute Mortality,GPPsat,High,14,-0.64341,64.3,0.1732,0.5797,ns
M5vsM6_anom_12m,natural_breaks,Absolute Mortality,NEPmax,High,14,-1.07902,78.6,0.0937,0.5797,ns
M5vsM6_anom_12m,natural_breaks,Absolute Mortality,WUE,High,14,0.01631,42.9,0.7551,0.8078,ns
M5vsM6_anom_12m,natural_breaks,Absolute Mortality,uWUE,High,14,-0.00135,50,0.6698,0.8052,ns
M5vsM6_anom_12m,natural_breaks,Absolute Mortality,ETmax,Mid,32,0.00112,40.6,0.703,0.8052,ns
M5vsM6_anom_12m,natural_breaks,Absolute Mortality,GPPsat,Mid,32,-0.45265,59.4,0.1139,0.5797,ns
M5vsM6_anom_12m,natural_breaks,Absolute Mortality,NEPmax,Mid,32,-0.55556,56.2,0.1773,0.5797,ns
M5vsM6_anom_12m,natural_breaks,Absolute Mortality,WUE,Mid,32,-0.00188,56.2,0.2594,0.5837,ns
M5vsM6_anom_12m,natural_breaks,Absolute Mortality,uWUE,Mid,32,-0.00827,53.1,0.5996,0.7538,ns
M5vsM6_anom_12m,natural_breaks,Absolute Mortality,ETmax,Low,19,-0.00111,57.9,0.3511,0.6868,ns
M5vsM6_anom_12m,natural_breaks,Absolute Mortality,GPPsat,Low,19,0.35579,36.8,0.7336,0.8052,ns
M5vsM6_anom_12m,natural_breaks,Absolute Mortality,NEPmax,Low,19,-0.07111,52.6,0.3968,0.6868,ns
M5vsM6_anom_12m,natural_breaks,Absolute Mortality,WUE,Low,19,-0.01055,57.9,0.1342,0.5797,ns
M5vsM6_anom_12m,natural_breaks,Absolute Mortality,uWUE,Low,19,0.01721,36.8,0.6925,0.8052,ns
M5vsM6_anom_12m,natural_breaks,Relative Mortality,ETmax,High,23,-0.00042,52.2,0.2868,0.6146,ns
M5vsM6_anom_12m,natural_breaks,Relative Mortality,GPPsat,High,23,-0.50176,60.9,0.193,0.5797,ns
M5vsM6_anom_12m,natural_breaks,Relative Mortality,NEPmax,High,23,-0.91647,69.6,0.1401,0.5797,ns
M5vsM6_anom_12m,natural_breaks,Relative Mortality,WUE,High,23,-0.00141,52.2,0.5544,0.7538,ns
M5vsM6_anom_12m,natural_breaks,Relative Mortality,uWUE,High,23,-0.01122,60.9,0.4697,0.7538,ns
M5vsM6_anom_12m,natural_breaks,Relative Mortality,ETmax,Mid,18,0.00112,33.3,0.9043,0.9043,ns
M5vsM6_anom_12m,natural_breaks,Relative Mortality,GPPsat,Mid,18,0.05902,50,0.552,0.7538,ns
M5vsM6_anom_12m,natural_breaks,Relative Mortality,NEPmax,Mid,18,-0.11316,50,0.4653,0.7538,ns
M5vsM6_anom_12m,natural_breaks,Relative Mortality,WUE,Mid,18,-0.01065,55.6,0.1919,0.5797,ns
M5vsM6_anom_12m,natural_breaks,Relative Mortality,uWUE,Mid,18,-0.00472,50,0.6031,0.7538,ns
M5vsM6_anom_12m,natural_breaks,Relative Mortality,ETmax,Low,24,-0.00128,58.3,0.2077,0.5797,ns
M5vsM6_anom_12m,natural_breaks,Relative Mortality,GPPsat,Low,24,-0.08277,50,0.1918,0.5797,ns
M5vsM6_anom_12m,natural_breaks,Relative Mortality,NEPmax,Low,24,-0.68512,58.3,0.1485,0.5797,ns
M5vsM6_anom_12m,natural_breaks,Relative Mortality,WUE,Low,24,-0.00299,54.2,0.393,0.6868,ns
M5vsM6_anom_12m,natural_breaks,Relative Mortality,uWUE,Low,24,0.01926,33.3,0.8003,0.8185,ns
M5vsM6_anom_12m,natural_breaks,Relative Disturbance,ETmax,High,22,0.00139,45.5,0.3365,0.6868,ns
M5vsM6_anom_12m,natural_breaks,Relative Disturbance,GPPsat,High,22,-0.79865,63.6,0.165,0.5797,ns
M5vsM6_anom_12m,natural_breaks,Relative Disturbance,NEPmax,High,22,-0.83648,63.6,0.1993,0.5797,ns
M5vsM6_anom_12m,natural_breaks,Relative Disturbance,WUE,High,22,-0.00229,54.5,0.4871,0.7538,ns
M5vsM6_anom_12m,natural_breaks,Relative Disturbance,uWUE,High,22,-0.01014,59.1,0.5899,0.7538,ns
M5vsM6_anom_12m,natural_breaks,Relative Disturbance,ETmax,Mid,20,0.00042,45,0.731,0.8052,ns
M5vsM6_anom_12m,natural_breaks,Relative Disturbance,GPPsat,Mid,20,0.05902,50,0.5959,0.7538,ns
M5vsM6_anom_12m,natural_breaks,Relative Disturbance,NEPmax,Mid,20,-0.4425,60,0.1613,0.5797,ns
M5vsM6_anom_12m,natural_breaks,Relative Disturbance,WUE,Mid,20,2e-04,50,0.2568,0.5837,ns
M5vsM6_anom_12m,natural_breaks,Relative Disturbance,uWUE,Mid,20,-0.00472,50,0.552,0.7538,ns
M5vsM6_anom_12m,natural_breaks,Relative Disturbance,ETmax,Low,23,-0.00111,56.5,0.2566,0.5837,ns
M5vsM6_anom_12m,natural_breaks,Relative Disturbance,GPPsat,Low,23,0.1391,47.8,0.219,0.5797,ns
M5vsM6_anom_12m,natural_breaks,Relative Disturbance,NEPmax,Low,23,-0.56547,56.5,0.193,0.5797,ns
M5vsM6_anom_12m,natural_breaks,Relative Disturbance,WUE,Low,23,-0.00362,56.5,0.3863,0.6868,ns
M5vsM6_anom_12m,natural_breaks,Relative Disturbance,uWUE,Low,23,0.01721,34.8,0.7719,0.8078,ns
M5vsM6_anom_24m,tertiles,Absolute Mortality,ETmax,High,22,-0.00049,50,0.1279,0.5049,ns
M5vsM6_anom_24m,tertiles,Absolute Mortality,GPPsat,High,22,-0.61335,59.1,0.1571,0.5049,ns
M5vsM6_anom_24m,tertiles,Absolute Mortality,NEPmax,High,22,-0.83388,68.2,0.1087,0.5049,ns
M5vsM6_anom_24m,tertiles,Absolute Mortality,WUE,High,22,-0.00487,50,0.5899,0.7174,ns
M5vsM6_anom_24m,tertiles,Absolute Mortality,uWUE,High,22,-0.00464,54.5,0.4101,0.5592,ns
M5vsM6_anom_24m,tertiles,Absolute Mortality,ETmax,Mid,21,2e-04,47.6,0.6489,0.7684,ns
M5vsM6_anom_24m,tertiles,Absolute Mortality,GPPsat,Mid,21,-0.18101,52.4,0.212,0.5049,ns
M5vsM6_anom_24m,tertiles,Absolute Mortality,NEPmax,Mid,21,-0.4378,57.1,0.2891,0.5054,ns
M5vsM6_anom_24m,tertiles,Absolute Mortality,WUE,Mid,21,-0.00627,66.7,0.1567,0.5049,ns
M5vsM6_anom_24m,tertiles,Absolute Mortality,uWUE,Mid,21,-0.00096,52.4,0.2435,0.5049,ns
M5vsM6_anom_24m,tertiles,Absolute Mortality,ETmax,Low,22,-0.00035,63.6,0.2477,0.5049,ns
M5vsM6_anom_24m,tertiles,Absolute Mortality,GPPsat,Low,22,0.18473,40.9,0.4355,0.5764,ns
M5vsM6_anom_24m,tertiles,Absolute Mortality,NEPmax,Low,22,-0.62519,68.2,0.06766,0.5049,ns
M5vsM6_anom_24m,tertiles,Absolute Mortality,WUE,Low,22,-0.00671,63.6,0.2581,0.5049,ns
M5vsM6_anom_24m,tertiles,Absolute Mortality,uWUE,Low,22,0.00912,40.9,0.858,0.858,ns
M5vsM6_anom_24m,tertiles,Relative Mortality,ETmax,High,22,-0.00195,54.5,0.1904,0.5049,ns
M5vsM6_anom_24m,tertiles,Relative Mortality,GPPsat,High,22,-0.61335,59.1,0.1732,0.5049,ns
M5vsM6_anom_24m,tertiles,Relative Mortality,NEPmax,High,22,-0.83388,68.2,0.2276,0.5049,ns
M5vsM6_anom_24m,tertiles,Relative Mortality,WUE,High,22,-0.01864,63.6,0.2581,0.5049,ns
M5vsM6_anom_24m,tertiles,Relative Mortality,uWUE,High,22,-0.02814,68.2,0.1279,0.5049,ns
M5vsM6_anom_24m,tertiles,Relative Mortality,ETmax,Mid,21,0.00063,42.9,0.7109,0.7873,ns
M5vsM6_anom_24m,tertiles,Relative Mortality,GPPsat,Mid,21,0.09237,38.1,0.7455,0.7873,ns
M5vsM6_anom_24m,tertiles,Relative Mortality,NEPmax,Mid,21,-0.41489,52.4,0.4039,0.5592,ns
M5vsM6_anom_24m,tertiles,Relative Mortality,WUE,Mid,21,-0.00164,52.4,0.3641,0.5285,ns
M5vsM6_anom_24m,tertiles,Relative Mortality,uWUE,Mid,21,0.01101,33.3,0.788,0.8059,ns
M5vsM6_anom_24m,tertiles,Relative Mortality,ETmax,Low,22,-0.00035,63.6,0.2179,0.5049,ns
M5vsM6_anom_24m,tertiles,Relative Mortality,GPPsat,Low,22,-0.4401,54.5,0.03212,0.5049,ns
M5vsM6_anom_24m,tertiles,Relative Mortality,NEPmax,Low,22,-0.86719,72.7,0.01481,0.5049,ns
M5vsM6_anom_24m,tertiles,Relative Mortality,WUE,Low,22,-0.00671,63.6,0.3247,0.5054,ns
M5vsM6_anom_24m,tertiles,Relative Mortality,uWUE,Low,22,0.00867,45.5,0.7419,0.7873,ns
M5vsM6_anom_24m,tertiles,Relative Disturbance,ETmax,High,22,-0.00049,50,0.2795,0.5054,ns
M5vsM6_anom_24m,tertiles,Relative Disturbance,GPPsat,High,22,-0.61335,59.1,0.165,0.5049,ns
M5vsM6_anom_24m,tertiles,Relative Disturbance,NEPmax,High,22,-0.68824,63.6,0.3131,0.5054,ns
M5vsM6_anom_24m,tertiles,Relative Disturbance,WUE,High,22,-0.01864,63.6,0.165,0.5049,ns
M5vsM6_anom_24m,tertiles,Relative Disturbance,uWUE,High,22,-0.02814,63.6,0.1494,0.5049,ns
M5vsM6_anom_24m,tertiles,Relative Disturbance,ETmax,Mid,21,-0.00027,52.4,0.3257,0.5054,ns
M5vsM6_anom_24m,tertiles,Relative Disturbance,GPPsat,Mid,21,0.06643,42.9,0.5553,0.6941,ns
M5vsM6_anom_24m,tertiles,Relative Disturbance,NEPmax,Mid,21,-0.4378,61.9,0.06309,0.5049,ns
M5vsM6_anom_24m,tertiles,Relative Disturbance,WUE,Mid,21,-0.00164,52.4,0.5139,0.6607,ns
M5vsM6_anom_24m,tertiles,Relative Disturbance,uWUE,Mid,21,0.00648,38.1,0.7109,0.7873,ns
M5vsM6_anom_24m,tertiles,Relative Disturbance,ETmax,Low,22,-0.00033,59.1,0.3605,0.5285,ns
M5vsM6_anom_24m,tertiles,Relative Disturbance,GPPsat,Low,22,-0.17799,50,0.1494,0.5049,ns
M5vsM6_anom_24m,tertiles,Relative Disturbance,NEPmax,Low,22,-0.79916,68.2,0.08635,0.5049,ns
M5vsM6_anom_24m,tertiles,Relative Disturbance,WUE,Low,22,-0.00671,63.6,0.3131,0.5054,ns
M5vsM6_anom_24m,tertiles,Relative Disturbance,uWUE,Low,22,0.00867,45.5,0.7523,0.7873,ns
M5vsM6_anom_24m,equal_width,Absolute Mortality,ETmax,Mid,21,-0.00155,57.1,0.05493,0.4394,ns
M5vsM6_anom_24m,equal_width,Absolute Mortality,GPPsat,Mid,21,-0.625,61.9,0.05493,0.4394,ns
M5vsM6_anom_24m,equal_width,Absolute Mortality,NEPmax,Mid,21,-0.77672,76.2,0.01699,0.4394,ns
M5vsM6_anom_24m,equal_width,Absolute Mortality,WUE,Mid,21,-0.01996,57.1,0.4585,0.5829,ns
M5vsM6_anom_24m,equal_width,Absolute Mortality,uWUE,Mid,21,-0.00649,57.1,0.3257,0.5765,ns
M5vsM6_anom_24m,equal_width,Absolute Mortality,ETmax,Low,41,-0.00032,53.7,0.5,0.6061,ns
M5vsM6_anom_24m,equal_width,Absolute Mortality,GPPsat,Low,41,0.06672,46.3,0.2712,0.571,ns
M5vsM6_anom_24m,equal_width,Absolute Mortality,NEPmax,Low,41,-0.47392,61,0.1044,0.571,ns
M5vsM6_anom_24m,equal_width,Absolute Mortality,WUE,Low,41,-0.00627,63.4,0.1592,0.571,ns
M5vsM6_anom_24m,equal_width,Absolute Mortality,uWUE,Low,41,0.00178,46.3,0.6122,0.6997,ns
M5vsM6_anom_24m,equal_width,Absolute Mortality,ETmax,High,3,0.00057,33.3,,,""
M5vsM6_anom_24m,equal_width,Absolute Mortality,GPPsat,High,3,0.926,33.3,,,""
M5vsM6_anom_24m,equal_width,Absolute Mortality,NEPmax,High,3,1.70071,33.3,,,""
M5vsM6_anom_24m,equal_width,Absolute Mortality,WUE,High,3,0.01236,33.3,,,""
M5vsM6_anom_24m,equal_width,Absolute Mortality,uWUE,High,3,0.00688,33.3,,,""
M5vsM6_anom_24m,equal_width,Relative Mortality,ETmax,Mid,26,-0.00022,50,0.2711,0.571,ns
M5vsM6_anom_24m,equal_width,Relative Mortality,GPPsat,Mid,26,-0.24983,50,0.2385,0.571,ns
M5vsM6_anom_24m,equal_width,Relative Mortality,NEPmax,Mid,26,-0.54006,65.4,0.1489,0.571,ns
M5vsM6_anom_24m,equal_width,Relative Mortality,WUE,Mid,26,-0.00519,61.5,0.2464,0.571,ns
M5vsM6_anom_24m,equal_width,Relative Mortality,uWUE,Mid,26,-0.00187,53.8,0.3238,0.5765,ns
M5vsM6_anom_24m,equal_width,Relative Mortality,ETmax,Low,32,-0.00032,56.2,0.3438,0.5765,ns
M5vsM6_anom_24m,equal_width,Relative Mortality,GPPsat,Low,32,-0.30186,53.1,0.0818,0.5453,ns
M5vsM6_anom_24m,equal_width,Relative Mortality,NEPmax,Low,32,-0.70368,65.6,0.02221,0.4394,ns
M5vsM6_anom_24m,equal_width,Relative Mortality,WUE,Low,32,-0.01261,62.5,0.2189,0.571,ns
M5vsM6_anom_24m,equal_width,Relative Mortality,uWUE,Low,32,0.0064,43.8,0.6965,0.7415,ns
M5vsM6_anom_24m,equal_width,Relative Mortality,ETmax,High,7,-0.00235,57.1,0.3999,0.5805,ns
M5vsM6_anom_24m,equal_width,Relative Mortality,GPPsat,High,7,0.03222,42.9,0.7229,0.7415,ns
M5vsM6_anom_24m,equal_width,Relative Mortality,NEPmax,High,7,-0.58342,57.1,0.7766,0.7766,ns
M5vsM6_anom_24m,equal_width,Relative Mortality,WUE,High,7,0.01236,42.9,0.6637,0.7374,ns
M5vsM6_anom_24m,equal_width,Relative Mortality,uWUE,High,7,-0.03081,57.1,0.4663,0.5829,ns
M5vsM6_anom_24m,equal_width,Relative Disturbance,ETmax,Mid,27,-0.00027,51.9,0.3459,0.5765,ns
M5vsM6_anom_24m,equal_width,Relative Disturbance,GPPsat,Mid,27,-0.45751,55.6,0.2036,0.571,ns
M5vsM6_anom_24m,equal_width,Relative Disturbance,NEPmax,Mid,27,-0.48035,63,0.1969,0.571,ns
M5vsM6_anom_24m,equal_width,Relative Disturbance,WUE,Mid,27,-0.00291,55.6,0.4285,0.5829,ns
M5vsM6_anom_24m,equal_width,Relative Disturbance,uWUE,Mid,27,0.00268,48.1,0.457,0.5829,ns
M5vsM6_anom_24m,equal_width,Relative Disturbance,ETmax,High,9,-0.00235,55.6,0.2386,0.571,ns
M5vsM6_anom_24m,equal_width,Relative Disturbance,GPPsat,High,9,0.03222,44.4,0.5472,0.6437,ns
M5vsM6_anom_24m,equal_width,Relative Disturbance,NEPmax,High,9,-0.8976,66.7,0.4064,0.5805,ns
M5vsM6_anom_24m,equal_width,Relative Disturbance,WUE,High,9,-0.02261,55.6,0.3611,0.5778,ns
M5vsM6_anom_24m,equal_width,Relative Disturbance,uWUE,High,9,-0.03081,66.7,0.3178,0.5765,ns
M5vsM6_anom_24m,equal_width,Relative Disturbance,ETmax,Low,29,-0.00033,55.2,0.3976,0.5805,ns
M5vsM6_anom_24m,equal_width,Relative Disturbance,GPPsat,Low,29,0.06643,48.3,0.1447,0.571,ns
M5vsM6_anom_24m,equal_width,Relative Disturbance,NEPmax,Low,29,-0.77002,65.5,0.03635,0.4394,ns
M5vsM6_anom_24m,equal_width,Relative Disturbance,WUE,Low,29,-0.01754,65.5,0.2182,0.571,ns
M5vsM6_anom_24m,equal_width,Relative Disturbance,uWUE,Low,29,0.00178,44.8,0.7056,0.7415,ns
M5vsM6_anom_24m,natural_breaks,Absolute Mortality,ETmax,High,14,-0.00281,64.3,0.05828,0.478,ns
M5vsM6_anom_24m,natural_breaks,Absolute Mortality,GPPsat,High,14,-0.63465,57.1,0.2256,0.478,ns
M5vsM6_anom_24m,natural_breaks,Absolute Mortality,NEPmax,High,14,-0.97257,78.6,0.1292,0.478,ns
M5vsM6_anom_24m,natural_breaks,Absolute Mortality,WUE,High,14,-0.0038,50,0.714,0.7717,ns
M5vsM6_anom_24m,natural_breaks,Absolute Mortality,uWUE,High,14,-0.01865,64.3,0.2651,0.478,ns
M5vsM6_anom_24m,natural_breaks,Absolute Mortality,ETmax,Mid,32,0.00073,43.8,0.6283,0.734,ns
M5vsM6_anom_24m,natural_breaks,Absolute Mortality,GPPsat,Mid,32,-0.53683,56.2,0.0818,0.478,ns
M5vsM6_anom_24m,natural_breaks,Absolute Mortality,NEPmax,Mid,32,-0.45908,59.4,0.1175,0.478,ns
M5vsM6_anom_24m,natural_breaks,Absolute Mortality,WUE,Mid,32,-0.00519,59.4,0.2301,0.478,ns
M5vsM6_anom_24m,natural_breaks,Absolute Mortality,uWUE,Mid,32,0.00458,43.8,0.5261,0.6764,ns
M5vsM6_anom_24m,natural_breaks,Absolute Mortality,ETmax,Low,19,-0.00033,63.2,0.3075,0.478,ns
M5vsM6_anom_24m,natural_breaks,Absolute Mortality,GPPsat,Low,19,0.23668,36.8,0.6186,0.734,ns
M5vsM6_anom_24m,natural_breaks,Absolute Mortality,NEPmax,Low,19,-0.47392,63.2,0.1826,0.478,ns
M5vsM6_anom_24m,natural_breaks,Absolute Mortality,WUE,Low,19,-0.00769,68.4,0.1431,0.478,ns
M5vsM6_anom_24m,natural_breaks,Absolute Mortality,uWUE,Low,19,0.00178,47.4,0.7202,0.7717,ns
M5vsM6_anom_24m,natural_breaks,Relative Mortality,ETmax,High,23,-0.00235,56.5,0.1615,0.478,ns
M5vsM6_anom_24m,natural_breaks,Relative Mortality,GPPsat,High,23,-0.6017,56.5,0.1848,0.478,ns
M5vsM6_anom_24m,natural_breaks,Relative Mortality,NEPmax,High,23,-0.77672,69.6,0.193,0.478,ns
M5vsM6_anom_24m,natural_breaks,Relative Mortality,WUE,High,23,-0.01732,60.9,0.2665,0.478,ns
M5vsM6_anom_24m,natural_breaks,Relative Mortality,uWUE,High,23,-0.02547,65.2,0.127,0.478,ns
M5vsM6_anom_24m,natural_breaks,Relative Mortality,ETmax,Mid,18,0.00091,38.9,0.796,0.8253,ns
M5vsM6_anom_24m,natural_breaks,Relative Mortality,GPPsat,Mid,18,0.03554,44.4,0.4826,0.6581,ns
M5vsM6_anom_24m,natural_breaks,Relative Mortality,NEPmax,Mid,18,-0.42268,55.6,0.2165,0.478,ns
M5vsM6_anom_24m,natural_breaks,Relative Mortality,WUE,Mid,18,-0.00396,55.6,0.3802,0.5481,ns
M5vsM6_anom_24m,natural_breaks,Relative Mortality,uWUE,Mid,18,0.00874,38.9,0.6525,0.734,ns
M5vsM6_anom_24m,natural_breaks,Relative Mortality,ETmax,Low,24,-0.00035,62.5,0.242,0.478,ns
M5vsM6_anom_24m,natural_breaks,Relative Mortality,GPPsat,Low,24,-0.17799,50,0.1357,0.478,ns
M5vsM6_anom_24m,natural_breaks,Relative Mortality,NEPmax,Low,24,-0.79916,66.7,0.06681,0.478,ns
M5vsM6_anom_24m,natural_breaks,Relative Mortality,WUE,Low,24,-0.00671,62.5,0.3085,0.478,ns
M5vsM6_anom_24m,natural_breaks,Relative Mortality,uWUE,Low,24,0.01714,41.7,0.8515,0.8515,ns
M5vsM6_anom_24m,natural_breaks,Relative Disturbance,ETmax,High,22,-0.00049,50,0.2795,0.478,ns
M5vsM6_anom_24m,natural_breaks,Relative Disturbance,GPPsat,High,22,-0.61335,59.1,0.165,0.478,ns
M5vsM6_anom_24m,natural_breaks,Relative Disturbance,NEPmax,High,22,-0.68824,63.6,0.3131,0.478,ns
M5vsM6_anom_24m,natural_breaks,Relative Disturbance,WUE,High,22,-0.01864,63.6,0.165,0.478,ns
M5vsM6_anom_24m,natural_breaks,Relative Disturbance,uWUE,High,22,-0.02814,63.6,0.1494,0.478,ns
M5vsM6_anom_24m,natural_breaks,Relative Disturbance,ETmax,Mid,20,-3e-05,50,0.3897,0.5481,ns
M5vsM6_anom_24m,natural_breaks,Relative Disturbance,GPPsat,Mid,20,0.03554,45,0.5223,0.6764,ns
M5vsM6_anom_24m,natural_breaks,Relative Disturbance,NEPmax,Mid,20,-0.45908,65,0.06065,0.478,ns
M5vsM6_anom_24m,natural_breaks,Relative Disturbance,WUE,Mid,20,0.00666,50,0.5959,0.734,ns
M5vsM6_anom_24m,natural_breaks,Relative Disturbance,uWUE,Mid,20,0.00458,40,0.6525,0.734,ns
M5vsM6_anom_24m,natural_breaks,Relative Disturbance,ETmax,Low,23,-0.00033,60.9,0.3187,0.478,ns
M5vsM6_anom_24m,natural_breaks,Relative Disturbance,GPPsat,Low,23,0.06672,47.8,0.169,0.478,ns
M5vsM6_anom_24m,natural_breaks,Relative Disturbance,NEPmax,Low,23,-0.77002,65.2,0.08795,0.478,ns
M5vsM6_anom_24m,natural_breaks,Relative Disturbance,WUE,Low,23,-0.00769,65.2,0.2469,0.478,ns
M5vsM6_anom_24m,natural_breaks,Relative Disturbance,uWUE,Low,23,0.01556,43.5,0.807,0.8253,ns
M7vsM8_raw_12m,tertiles,Absolute Mortality,ETmax,High,22,-0.00041,54.5,0.165,0.8433,ns
M7vsM8_raw_12m,tertiles,Absolute Mortality,GPPsat,High,22,0.11707,40.9,0.7205,0.8433,ns
M7vsM8_raw_12m,tertiles,Absolute Mortality,NEPmax,High,22,-0.03876,59.1,0.2276,0.8433,ns
M7vsM8_raw_12m,tertiles,Absolute Mortality,WUE,High,22,-0.00025,50,0.3605,0.8433,ns
M7vsM8_raw_12m,tertiles,Absolute Mortality,uWUE,High,22,0.00498,40.9,0.6983,0.8433,ns
M7vsM8_raw_12m,tertiles,Absolute Mortality,ETmax,Mid,21,0.00032,42.9,0.8433,0.8433,ns
M7vsM8_raw_12m,tertiles,Absolute Mortality,GPPsat,Mid,21,-0.04682,52.4,0.5415,0.8433,ns
M7vsM8_raw_12m,tertiles,Absolute Mortality,NEPmax,Mid,21,-0.01964,52.4,0.6867,0.8433,ns
M7vsM8_raw_12m,tertiles,Absolute Mortality,WUE,Mid,21,0.00104,47.6,0.8348,0.8433,ns
M7vsM8_raw_12m,tertiles,Absolute Mortality,uWUE,Mid,21,0.00856,38.1,0.7455,0.8433,ns
M7vsM8_raw_12m,tertiles,Absolute Mortality,ETmax,Low,22,-0.00054,59.1,0.3851,0.8433,ns
M7vsM8_raw_12m,tertiles,Absolute Mortality,GPPsat,Low,22,-0.03842,63.6,0.1571,0.8433,ns
M7vsM8_raw_12m,tertiles,Absolute Mortality,NEPmax,Low,22,-0.008,54.5,0.4355,0.8433,ns
M7vsM8_raw_12m,tertiles,Absolute Mortality,WUE,Low,22,-0.00082,54.5,0.6025,0.8433,ns
M7vsM8_raw_12m,tertiles,Absolute Mortality,uWUE,Low,22,-0.00198,54.5,0.7625,0.8433,ns
M7vsM8_raw_12m,tertiles,Relative Mortality,ETmax,High,22,0.00028,45.5,0.5645,0.8433,ns
M7vsM8_raw_12m,tertiles,Relative Mortality,GPPsat,High,22,0.09911,45.5,0.5899,0.8433,ns
M7vsM8_raw_12m,tertiles,Relative Mortality,NEPmax,High,22,-0.02974,54.5,0.5,0.8433,ns
M7vsM8_raw_12m,tertiles,Relative Mortality,WUE,High,22,-0.00025,50,0.4101,0.8433,ns
M7vsM8_raw_12m,tertiles,Relative Mortality,uWUE,High,22,0.00822,36.4,0.7915,0.8433,ns
M7vsM8_raw_12m,tertiles,Relative Mortality,ETmax,Mid,21,-0.00028,52.4,0.431,0.8433,ns
M7vsM8_raw_12m,tertiles,Relative Mortality,GPPsat,Mid,21,0.01427,47.6,0.7109,0.8433,ns
M7vsM8_raw_12m,tertiles,Relative Mortality,NEPmax,Mid,21,-0.01964,57.1,0.3511,0.8433,ns
M7vsM8_raw_12m,tertiles,Relative Mortality,WUE,Mid,21,0.00104,47.6,0.7778,0.8433,ns
M7vsM8_raw_12m,tertiles,Relative Mortality,uWUE,Mid,21,0.00578,42.9,0.6743,0.8433,ns
M7vsM8_raw_12m,tertiles,Relative Mortality,ETmax,Low,22,-0.00049,59.1,0.3727,0.8433,ns
M7vsM8_raw_12m,tertiles,Relative Mortality,GPPsat,Low,22,-0.05494,63.6,0.2477,0.8433,ns
M7vsM8_raw_12m,tertiles,Relative Mortality,NEPmax,Low,22,-0.01043,54.5,0.3727,0.8433,ns
M7vsM8_raw_12m,tertiles,Relative Mortality,WUE,Low,22,-0.00082,54.5,0.5388,0.8433,ns
M7vsM8_raw_12m,tertiles,Relative Mortality,uWUE,Low,22,-0.00198,54.5,0.6516,0.8433,ns
M7vsM8_raw_12m,tertiles,Relative Disturbance,ETmax,High,22,0.00028,45.5,0.5129,0.8433,ns
M7vsM8_raw_12m,tertiles,Relative Disturbance,GPPsat,High,22,0.09911,45.5,0.5899,0.8433,ns
M7vsM8_raw_12m,tertiles,Relative Disturbance,NEPmax,High,22,-0.02265,54.5,0.5129,0.8433,ns
M7vsM8_raw_12m,tertiles,Relative Disturbance,WUE,High,22,0.00258,45.5,0.5388,0.8433,ns
M7vsM8_raw_12m,tertiles,Relative Disturbance,uWUE,High,22,0.00822,40.9,0.6983,0.8433,ns
M7vsM8_raw_12m,tertiles,Relative Disturbance,ETmax,Mid,21,-0.00032,61.9,0.1485,0.8433,ns
M7vsM8_raw_12m,tertiles,Relative Disturbance,GPPsat,Mid,21,-0.01154,52.4,0.6095,0.8433,ns
M7vsM8_raw_12m,tertiles,Relative Disturbance,NEPmax,Mid,21,-0.01964,57.1,0.4447,0.8433,ns
M7vsM8_raw_12m,tertiles,Relative Disturbance,WUE,Mid,21,-0.00309,57.1,0.3133,0.8433,ns
M7vsM8_raw_12m,tertiles,Relative Disturbance,uWUE,Mid,21,0.0105,33.3,0.8348,0.8433,ns
M7vsM8_raw_12m,tertiles,Relative Disturbance,ETmax,Low,22,-5e-05,50,0.7095,0.8433,ns
M7vsM8_raw_12m,tertiles,Relative Disturbance,GPPsat,Low,22,-0.05494,59.1,0.3727,0.8433,ns
M7vsM8_raw_12m,tertiles,Relative Disturbance,NEPmax,Low,22,-0.01043,54.5,0.3131,0.8433,ns
M7vsM8_raw_12m,tertiles,Relative Disturbance,WUE,Low,22,0.00249,50,0.8429,0.8433,ns
M7vsM8_raw_12m,tertiles,Relative Disturbance,uWUE,Low,22,-0.00271,59.1,0.4871,0.8433,ns
M7vsM8_raw_12m,equal_width,Absolute Mortality,ETmax,Mid,21,0.00017,47.6,0.2545,0.8828,ns
M7vsM8_raw_12m,equal_width,Absolute Mortality,GPPsat,Mid,21,0.11151,42.9,0.569,0.8828,ns
M7vsM8_raw_12m,equal_width,Absolute Mortality,NEPmax,Mid,21,-0.04687,61.9,0.1831,0.8828,ns
M7vsM8_raw_12m,equal_width,Absolute Mortality,WUE,Mid,21,0.0032,42.9,0.4861,0.8828,ns
M7vsM8_raw_12m,equal_width,Absolute Mortality,uWUE,Mid,21,0.00578,38.1,0.6867,0.8828,ns
M7vsM8_raw_12m,equal_width,Absolute Mortality,ETmax,Low,41,-0.00028,53.7,0.6842,0.8828,ns
M7vsM8_raw_12m,equal_width,Absolute Mortality,GPPsat,Low,41,-0.04058,58.5,0.2627,0.8828,ns
M7vsM8_raw_12m,equal_width,Absolute Mortality,NEPmax,Low,41,-0.01539,53.7,0.5258,0.8828,ns
M7vsM8_raw_12m,equal_width,Absolute Mortality,WUE,Low,41,-0.00065,53.7,0.6979,0.8828,ns
M7vsM8_raw_12m,equal_width,Absolute Mortality,uWUE,Low,41,0.00102,48.8,0.766,0.8828,ns
M7vsM8_raw_12m,equal_width,Absolute Mortality,ETmax,High,3,-3e-05,66.7,,,""
M7vsM8_raw_12m,equal_width,Absolute Mortality,GPPsat,High,3,0.2163,33.3,,,""
M7vsM8_raw_12m,equal_width,Absolute Mortality,NEPmax,High,3,0.03993,33.3,,,""
M7vsM8_raw_12m,equal_width,Absolute Mortality,WUE,High,3,-0.00673,66.7,,,""
M7vsM8_raw_12m,equal_width,Absolute Mortality,uWUE,High,3,0.0429,33.3,,,""
M7vsM8_raw_12m,equal_width,Relative Mortality,ETmax,Mid,26,-2e-05,50,0.2796,0.8828,ns
M7vsM8_raw_12m,equal_width,Relative Mortality,GPPsat,Mid,26,0.09235,42.3,0.8681,0.8828,ns
M7vsM8_raw_12m,equal_width,Relative Mortality,NEPmax,Mid,26,-0.02265,53.8,0.5505,0.8828,ns
M7vsM8_raw_12m,equal_width,Relative Mortality,WUE,Mid,26,0.00258,46.2,0.7204,0.8828,ns
M7vsM8_raw_12m,equal_width,Relative Mortality,uWUE,Mid,26,0.00546,38.5,0.61,0.8828,ns
M7vsM8_raw_12m,equal_width,Relative Mortality,ETmax,Low,32,-0.00036,56.2,0.5924,0.8828,ns
M7vsM8_raw_12m,equal_width,Relative Mortality,GPPsat,Low,32,-0.0571,62.5,0.1974,0.8828,ns
M7vsM8_raw_12m,equal_width,Relative Mortality,NEPmax,Low,32,-0.008,53.1,0.4814,0.8828,ns
M7vsM8_raw_12m,equal_width,Relative Mortality,WUE,Low,32,0.00022,50,0.8077,0.8828,ns
M7vsM8_raw_12m,equal_width,Relative Mortality,uWUE,Low,32,-0.00013,50,0.8503,0.8828,ns
M7vsM8_raw_12m,equal_width,Relative Mortality,ETmax,High,7,0.00017,42.9,0.6001,0.8828,ns
M7vsM8_raw_12m,equal_width,Relative Mortality,GPPsat,High,7,0.11151,42.9,0.5337,0.8828,ns
M7vsM8_raw_12m,equal_width,Relative Mortality,NEPmax,High,7,-0.06597,71.4,0.1024,0.8828,ns
M7vsM8_raw_12m,equal_width,Relative Mortality,WUE,High,7,-0.01745,71.4,0.07539,0.8828,ns
M7vsM8_raw_12m,equal_width,Relative Mortality,uWUE,High,7,0.01168,42.9,0.7229,0.8828,ns
M7vsM8_raw_12m,equal_width,Relative Disturbance,ETmax,Mid,27,-0.00028,55.6,0.2468,0.8828,ns
M7vsM8_raw_12m,equal_width,Relative Disturbance,GPPsat,Mid,27,0.01427,48.1,0.7754,0.8828,ns
M7vsM8_raw_12m,equal_width,Relative Disturbance,NEPmax,Mid,27,-0.03066,55.6,0.3459,0.8828,ns
M7vsM8_raw_12m,equal_width,Relative Disturbance,WUE,Mid,27,0.00104,48.1,0.4761,0.8828,ns
M7vsM8_raw_12m,equal_width,Relative Disturbance,uWUE,Mid,27,0.00515,44.4,0.4004,0.8828,ns
M7vsM8_raw_12m,equal_width,Relative Disturbance,ETmax,High,9,0.00017,44.4,0.5472,0.8828,ns
M7vsM8_raw_12m,equal_width,Relative Disturbance,GPPsat,High,9,0.11151,44.4,0.4528,0.8828,ns
M7vsM8_raw_12m,equal_width,Relative Disturbance,NEPmax,High,9,-0.06597,66.7,0.1716,0.8828,ns
M7vsM8_raw_12m,equal_width,Relative Disturbance,WUE,High,9,-0.00673,66.7,0.3611,0.8828,ns
M7vsM8_raw_12m,equal_width,Relative Disturbance,uWUE,High,9,0.01168,33.3,0.8284,0.8828,ns
M7vsM8_raw_12m,equal_width,Relative Disturbance,ETmax,Low,29,-0.00043,51.7,0.6751,0.8828,ns
M7vsM8_raw_12m,equal_width,Relative Disturbance,GPPsat,Low,29,-0.04058,58.6,0.287,0.8828,ns
M7vsM8_raw_12m,equal_width,Relative Disturbance,NEPmax,Low,29,-0.00061,51.7,0.619,0.8828,ns
M7vsM8_raw_12m,equal_width,Relative Disturbance,WUE,Low,29,0.00387,48.3,0.8696,0.8828,ns
M7vsM8_raw_12m,equal_width,Relative Disturbance,uWUE,Low,29,0.00102,48.3,0.8828,0.8828,ns
M7vsM8_raw_12m,natural_breaks,Absolute Mortality,ETmax,High,14,0.00028,42.9,0.6232,0.8713,ns
M7vsM8_raw_12m,natural_breaks,Absolute Mortality,GPPsat,High,14,0.01135,50,0.3302,0.8713,ns
M7vsM8_raw_12m,natural_breaks,Absolute Mortality,NEPmax,High,14,-0.05235,57.1,0.3532,0.8713,ns
M7vsM8_raw_12m,natural_breaks,Absolute Mortality,WUE,High,14,-0.016,71.4,0.05828,0.8713,ns
M7vsM8_raw_12m,natural_breaks,Absolute Mortality,uWUE,High,14,0.00062,50,0.4253,0.8713,ns
M7vsM8_raw_12m,natural_breaks,Absolute Mortality,ETmax,Mid,32,-3e-04,53.1,0.4442,0.8713,ns
M7vsM8_raw_12m,natural_breaks,Absolute Mortality,GPPsat,Mid,32,0.08484,43.8,0.8897,0.9099,ns
M7vsM8_raw_12m,natural_breaks,Absolute Mortality,NEPmax,Mid,32,-0.02515,56.2,0.2906,0.8713,ns
M7vsM8_raw_12m,natural_breaks,Absolute Mortality,WUE,Mid,32,0.00424,40.6,0.9385,0.9385,ns
M7vsM8_raw_12m,natural_breaks,Absolute Mortality,uWUE,Mid,32,0.00822,34.4,0.8861,0.9099,ns
M7vsM8_raw_12m,natural_breaks,Absolute Mortality,ETmax,Low,19,-0.00064,57.9,0.3218,0.8713,ns
M7vsM8_raw_12m,natural_breaks,Absolute Mortality,GPPsat,Low,19,-0.04058,68.4,0.1342,0.8713,ns
M7vsM8_raw_12m,natural_breaks,Absolute Mortality,NEPmax,Low,19,-0.00061,52.6,0.6338,0.8713,ns
M7vsM8_raw_12m,natural_breaks,Absolute Mortality,WUE,Low,19,-6e-04,52.6,0.6489,0.8713,ns
M7vsM8_raw_12m,natural_breaks,Absolute Mortality,uWUE,Low,19,-0.00266,57.9,0.7065,0.8713,ns
M7vsM8_raw_12m,natural_breaks,Relative Mortality,ETmax,High,23,0.00017,47.8,0.4818,0.8713,ns
M7vsM8_raw_12m,natural_breaks,Relative Mortality,GPPsat,High,23,0.08672,43.5,0.602,0.8713,ns
M7vsM8_raw_12m,natural_breaks,Relative Mortality,NEPmax,High,23,-0.04484,56.5,0.3633,0.8713,ns
M7vsM8_raw_12m,natural_breaks,Relative Mortality,WUE,High,23,-0.00246,52.2,0.3407,0.8713,ns
M7vsM8_raw_12m,natural_breaks,Relative Mortality,uWUE,High,23,0.00789,34.8,0.8152,0.8947,ns
M7vsM8_raw_12m,natural_breaks,Relative Mortality,ETmax,Mid,18,-8e-05,50,0.448,0.8713,ns
M7vsM8_raw_12m,natural_breaks,Relative Mortality,GPPsat,Mid,18,0.03571,50,0.796,0.8947,ns
M7vsM8_raw_12m,natural_breaks,Relative Mortality,NEPmax,Mid,18,-0.00073,50,0.684,0.8713,ns
M7vsM8_raw_12m,natural_breaks,Relative Mortality,WUE,Mid,18,0.00019,50,0.7432,0.8713,ns
M7vsM8_raw_12m,natural_breaks,Relative Mortality,uWUE,Mid,18,0.00814,44.4,0.6525,0.8713,ns
M7vsM8_raw_12m,natural_breaks,Relative Mortality,ETmax,Low,24,-0.00049,58.3,0.4263,0.8713,ns
M7vsM8_raw_12m,natural_breaks,Relative Mortality,GPPsat,Low,24,-0.05494,62.5,0.1997,0.8713,ns
M7vsM8_raw_12m,natural_breaks,Relative Mortality,NEPmax,Low,24,-0.02662,58.3,0.1997,0.8713,ns
M7vsM8_raw_12m,natural_breaks,Relative Mortality,WUE,Low,24,0.00164,50,0.7398,0.8713,ns
M7vsM8_raw_12m,natural_breaks,Relative Mortality,uWUE,Low,24,-0.00198,54.2,0.6915,0.8713,ns
M7vsM8_raw_12m,natural_breaks,Relative Disturbance,ETmax,High,22,0.00028,45.5,0.5129,0.8713,ns
M7vsM8_raw_12m,natural_breaks,Relative Disturbance,GPPsat,High,22,0.09911,45.5,0.5899,0.8713,ns
M7vsM8_raw_12m,natural_breaks,Relative Disturbance,NEPmax,High,22,-0.02265,54.5,0.5129,0.8713,ns
M7vsM8_raw_12m,natural_breaks,Relative Disturbance,WUE,High,22,0.00258,45.5,0.5388,0.8713,ns
M7vsM8_raw_12m,natural_breaks,Relative Disturbance,uWUE,High,22,0.00822,40.9,0.6983,0.8713,ns
M7vsM8_raw_12m,natural_breaks,Relative Disturbance,ETmax,Mid,20,-3e-04,60,0.2005,0.8713,ns
M7vsM8_raw_12m,natural_breaks,Relative Disturbance,GPPsat,Mid,20,-0.01593,55,0.552,0.8713,ns
M7vsM8_raw_12m,natural_breaks,Relative Disturbance,NEPmax,Mid,20,-0.03325,60,0.3338,0.8713,ns
M7vsM8_raw_12m,natural_breaks,Relative Disturbance,WUE,Mid,20,-0.00653,60,0.2941,0.8713,ns
M7vsM8_raw_12m,natural_breaks,Relative Disturbance,uWUE,Mid,20,0.00814,35,0.7551,0.8713,ns
M7vsM8_raw_12m,natural_breaks,Relative Disturbance,ETmax,Low,23,-0.00043,52.2,0.6481,0.8713,ns
M7vsM8_raw_12m,natural_breaks,Relative Disturbance,GPPsat,Low,23,-0.03626,56.5,0.4098,0.8713,ns
M7vsM8_raw_12m,natural_breaks,Relative Disturbance,NEPmax,Low,23,-0.00061,52.2,0.4216,0.8713,ns
M7vsM8_raw_12m,natural_breaks,Relative Disturbance,WUE,Low,23,0.00387,47.8,0.8459,0.9063,ns
M7vsM8_raw_12m,natural_breaks,Relative Disturbance,uWUE,Low,23,-0.00266,56.5,0.6253,0.8713,ns
M7vsM8_raw_24m,tertiles,Absolute Mortality,ETmax,High,22,-0.00039,59.1,0.1027,0.8379,ns
M7vsM8_raw_24m,tertiles,Absolute Mortality,GPPsat,High,22,0.11081,40.9,0.7724,0.8379,ns
M7vsM8_raw_24m,tertiles,Absolute Mortality,NEPmax,High,22,-0.0157,59.1,0.3017,0.8379,ns
M7vsM8_raw_24m,tertiles,Absolute Mortality,WUE,High,22,-0.0118,63.6,0.2581,0.8379,ns
M7vsM8_raw_24m,tertiles,Absolute Mortality,uWUE,High,22,-0.00131,54.5,0.6273,0.8379,ns
M7vsM8_raw_24m,tertiles,Absolute Mortality,ETmax,Mid,21,-7e-05,52.4,0.5826,0.8379,ns
M7vsM8_raw_24m,tertiles,Absolute Mortality,GPPsat,Mid,21,0.04484,47.6,0.6617,0.8379,ns
M7vsM8_raw_24m,tertiles,Absolute Mortality,NEPmax,Mid,21,0.01066,42.9,0.5826,0.8379,ns
M7vsM8_raw_24m,tertiles,Absolute Mortality,WUE,Mid,21,0.0143,38.1,0.9697,0.9697,ns
M7vsM8_raw_24m,tertiles,Absolute Mortality,uWUE,Mid,21,0.00312,38.1,0.7778,0.8379,ns
M7vsM8_raw_24m,tertiles,Absolute Mortality,ETmax,Low,22,1e-04,45.5,0.6516,0.8379,ns
M7vsM8_raw_24m,tertiles,Absolute Mortality,GPPsat,Low,22,-0.06426,54.5,0.1212,0.8379,ns
M7vsM8_raw_24m,tertiles,Absolute Mortality,NEPmax,Low,22,-0.00976,50,0.3131,0.8379,ns
M7vsM8_raw_24m,tertiles,Absolute Mortality,WUE,Low,22,-0.00219,54.5,0.3851,0.8379,ns
M7vsM8_raw_24m,tertiles,Absolute Mortality,uWUE,Low,22,0.00307,40.9,0.8268,0.8537,ns
M7vsM8_raw_24m,tertiles,Relative Mortality,ETmax,High,22,0.00014,45.5,0.4871,0.8379,ns
M7vsM8_raw_24m,tertiles,Relative Mortality,GPPsat,High,22,0.11081,40.9,0.7205,0.8379,ns
M7vsM8_raw_24m,tertiles,Relative Mortality,NEPmax,High,22,-0.01442,59.1,0.3605,0.8379,ns
M7vsM8_raw_24m,tertiles,Relative Mortality,WUE,High,22,-0.0034,59.1,0.4741,0.8379,ns
M7vsM8_raw_24m,tertiles,Relative Mortality,uWUE,High,22,0.00031,50,0.6273,0.8379,ns
M7vsM8_raw_24m,tertiles,Relative Mortality,ETmax,Mid,21,-0.00038,61.9,0.1187,0.8379,ns
M7vsM8_raw_24m,tertiles,Relative Mortality,GPPsat,Mid,21,-0.03309,52.4,0.569,0.8379,ns
M7vsM8_raw_24m,tertiles,Relative Mortality,NEPmax,Mid,21,0.01066,47.6,0.3383,0.8379,ns
M7vsM8_raw_24m,tertiles,Relative Mortality,WUE,Mid,21,0.00557,42.9,0.7565,0.8379,ns
M7vsM8_raw_24m,tertiles,Relative Mortality,uWUE,Mid,21,0.01101,42.9,0.7565,0.8379,ns
M7vsM8_raw_24m,tertiles,Relative Mortality,ETmax,Low,22,-1e-05,50,0.6149,0.8379,ns
M7vsM8_raw_24m,tertiles,Relative Mortality,GPPsat,Low,22,-0.02902,50,0.2375,0.8379,ns
M7vsM8_raw_24m,tertiles,Relative Mortality,NEPmax,Low,22,0.00607,45.5,0.4871,0.8379,ns
M7vsM8_raw_24m,tertiles,Relative Mortality,WUE,Low,22,-0.00219,54.5,0.5,0.8379,ns
M7vsM8_raw_24m,tertiles,Relative Mortality,uWUE,Low,22,0.00242,40.9,0.7821,0.8379,ns
M7vsM8_raw_24m,tertiles,Relative Disturbance,ETmax,High,22,0.00014,45.5,0.4871,0.8379,ns
M7vsM8_raw_24m,tertiles,Relative Disturbance,GPPsat,High,22,0.11081,40.9,0.7095,0.8379,ns
M7vsM8_raw_24m,tertiles,Relative Disturbance,NEPmax,High,22,-0.01442,59.1,0.2905,0.8379,ns
M7vsM8_raw_24m,tertiles,Relative Disturbance,WUE,High,22,-0.0034,59.1,0.4741,0.8379,ns
M7vsM8_raw_24m,tertiles,Relative Disturbance,uWUE,High,22,0.00574,45.5,0.7724,0.8379,ns
M7vsM8_raw_24m,tertiles,Relative Disturbance,ETmax,Mid,21,-0.00038,66.7,0.07217,0.8379,ns
M7vsM8_raw_24m,tertiles,Relative Disturbance,GPPsat,Mid,21,-0.069,57.1,0.4174,0.8379,ns
M7vsM8_raw_24m,tertiles,Relative Disturbance,NEPmax,Mid,21,0.02305,42.9,0.569,0.8379,ns
M7vsM8_raw_24m,tertiles,Relative Disturbance,WUE,Mid,21,-0.00292,52.4,0.5139,0.8379,ns
M7vsM8_raw_24m,tertiles,Relative Disturbance,uWUE,Mid,21,0.01101,38.1,0.8348,0.8537,ns
M7vsM8_raw_24m,tertiles,Relative Disturbance,ETmax,Low,22,0.00013,45.5,0.6983,0.8379,ns
M7vsM8_raw_24m,tertiles,Relative Disturbance,GPPsat,Low,22,0.00236,45.5,0.4228,0.8379,ns
M7vsM8_raw_24m,tertiles,Relative Disturbance,NEPmax,Low,22,-0.00976,50,0.3247,0.8379,ns
M7vsM8_raw_24m,tertiles,Relative Disturbance,WUE,Low,22,0.00315,45.5,0.7625,0.8379,ns
M7vsM8_raw_24m,tertiles,Relative Disturbance,uWUE,Low,22,-0.00014,50,0.4483,0.8379,ns
M7vsM8_raw_24m,equal_width,Absolute Mortality,ETmax,Mid,21,-0.00038,57.1,0.1187,0.866,ns
M7vsM8_raw_24m,equal_width,Absolute Mortality,GPPsat,Mid,21,0.11845,42.9,0.6228,0.866,ns
M7vsM8_raw_24m,equal_width,Absolute Mortality,NEPmax,Mid,21,-0.01553,57.1,0.1831,0.866,ns
M7vsM8_raw_24m,equal_width,Absolute Mortality,WUE,Mid,21,-0.00661,57.1,0.2773,0.866,ns
M7vsM8_raw_24m,equal_width,Absolute Mortality,uWUE,Mid,21,-0.00012,52.4,0.5553,0.866,ns
M7vsM8_raw_24m,equal_width,Absolute Mortality,ETmax,Low,41,-7e-05,51.2,0.627,0.866,ns
M7vsM8_raw_24m,equal_width,Absolute Mortality,GPPsat,Low,41,-0.05952,51.2,0.2712,0.866,ns
M7vsM8_raw_24m,equal_width,Absolute Mortality,NEPmax,Low,41,0.00504,46.3,0.4845,0.866,ns
M7vsM8_raw_24m,equal_width,Absolute Mortality,WUE,Low,41,0.00162,48.8,0.8002,0.866,ns
M7vsM8_raw_24m,equal_width,Absolute Mortality,uWUE,Low,41,0.00283,41.5,0.8144,0.866,ns
M7vsM8_raw_24m,equal_width,Absolute Mortality,ETmax,High,3,0.00087,33.3,,,""
M7vsM8_raw_24m,equal_width,Absolute Mortality,GPPsat,High,3,0.10318,33.3,,,""
M7vsM8_raw_24m,equal_width,Absolute Mortality,NEPmax,High,3,-0.01588,66.7,,,""
M7vsM8_raw_24m,equal_width,Absolute Mortality,WUE,High,3,-0.00167,66.7,,,""
M7vsM8_raw_24m,equal_width,Absolute Mortality,uWUE,High,3,0.03484,33.3,,,""
M7vsM8_raw_24m,equal_width,Relative Mortality,ETmax,Mid,26,-0.00032,61.5,0.09761,0.866,ns
M7vsM8_raw_24m,equal_width,Relative Mortality,GPPsat,Mid,26,0.1109,42.3,0.8681,0.8681,ns
M7vsM8_raw_24m,equal_width,Relative Mortality,NEPmax,Mid,26,-0.01442,57.7,0.1803,0.866,ns
M7vsM8_raw_24m,equal_width,Relative Mortality,WUE,Mid,26,0.00187,50,0.7455,0.866,ns
M7vsM8_raw_24m,equal_width,Relative Mortality,uWUE,Mid,26,0.00574,46.2,0.7031,0.866,ns
M7vsM8_raw_24m,equal_width,Relative Mortality,ETmax,Low,32,-1e-05,50,0.5851,0.866,ns
M7vsM8_raw_24m,equal_width,Relative Mortality,GPPsat,Low,32,-0.07696,53.1,0.1678,0.866,ns
M7vsM8_raw_24m,equal_width,Relative Mortality,NEPmax,Low,32,0.00888,43.8,0.5631,0.866,ns
M7vsM8_raw_24m,equal_width,Relative Mortality,WUE,Low,32,0.00061,50,0.7345,0.866,ns
M7vsM8_raw_24m,equal_width,Relative Mortality,uWUE,Low,32,0.00269,40.6,0.8227,0.866,ns
M7vsM8_raw_24m,equal_width,Relative Mortality,ETmax,High,7,0.00053,28.6,0.6637,0.866,ns
M7vsM8_raw_24m,equal_width,Relative Mortality,GPPsat,High,7,0.10318,42.9,0.5337,0.866,ns
M7vsM8_raw_24m,equal_width,Relative Mortality,NEPmax,High,7,-0.01588,57.1,0.6001,0.866,ns
M7vsM8_raw_24m,equal_width,Relative Mortality,WUE,High,7,-0.01699,71.4,0.2234,0.866,ns
M7vsM8_raw_24m,equal_width,Relative Mortality,uWUE,High,7,-0.01156,57.1,0.7766,0.866,ns
M7vsM8_raw_24m,equal_width,Relative Disturbance,ETmax,Mid,27,-0.00038,63,0.04077,0.866,ns
M7vsM8_raw_24m,equal_width,Relative Disturbance,GPPsat,Mid,27,0.09789,48.1,0.852,0.8681,ns
M7vsM8_raw_24m,equal_width,Relative Disturbance,NEPmax,Mid,27,-0.0133,55.6,0.2319,0.866,ns
M7vsM8_raw_24m,equal_width,Relative Disturbance,WUE,Mid,27,-0.00063,51.9,0.6088,0.866,ns
M7vsM8_raw_24m,equal_width,Relative Disturbance,uWUE,Mid,27,0.00312,44.4,0.6362,0.866,ns
M7vsM8_raw_24m,equal_width,Relative Disturbance,ETmax,High,9,0.00058,33.3,0.5936,0.866,ns
M7vsM8_raw_24m,equal_width,Relative Disturbance,GPPsat,High,9,0.06573,44.4,0.4528,0.866,ns
M7vsM8_raw_24m,equal_width,Relative Disturbance,NEPmax,High,9,-0.0296,66.7,0.2386,0.866,ns
M7vsM8_raw_24m,equal_width,Relative Disturbance,WUE,High,9,-0.01699,66.7,0.5,0.866,ns
M7vsM8_raw_24m,equal_width,Relative Disturbance,uWUE,High,9,-0.00249,55.6,0.7614,0.866,ns
M7vsM8_raw_24m,equal_width,Relative Disturbance,ETmax,Low,29,1e-04,48.3,0.6905,0.866,ns
M7vsM8_raw_24m,equal_width,Relative Disturbance,GPPsat,Low,29,0.00148,48.3,0.287,0.866,ns
M7vsM8_raw_24m,equal_width,Relative Disturbance,NEPmax,Low,29,0.02305,41.4,0.7056,0.866,ns
M7vsM8_raw_24m,equal_width,Relative Disturbance,WUE,Low,29,0.00162,48.3,0.7623,0.866,ns
M7vsM8_raw_24m,equal_width,Relative Disturbance,uWUE,Low,29,0.00256,41.4,0.8123,0.866,ns
M7vsM8_raw_24m,natural_breaks,Absolute Mortality,ETmax,High,14,0.00038,42.9,0.475,0.8411,ns
M7vsM8_raw_24m,natural_breaks,Absolute Mortality,GPPsat,High,14,0.0173,50,0.4253,0.8411,ns
M7vsM8_raw_24m,natural_breaks,Absolute Mortality,NEPmax,High,14,-0.01178,57.1,0.6698,0.8411,ns
M7vsM8_raw_24m,natural_breaks,Absolute Mortality,WUE,High,14,-0.01825,71.4,0.1292,0.8411,ns
M7vsM8_raw_24m,natural_breaks,Absolute Mortality,uWUE,High,14,-0.01169,71.4,0.2072,0.8411,ns
M7vsM8_raw_24m,natural_breaks,Absolute Mortality,ETmax,Mid,32,-0.00028,59.4,0.1725,0.8411,ns
M7vsM8_raw_24m,natural_breaks,Absolute Mortality,GPPsat,Mid,32,0.08181,40.6,0.9063,0.9484,ns
M7vsM8_raw_24m,natural_breaks,Absolute Mortality,NEPmax,Mid,32,7e-05,50,0.1454,0.8411,ns
M7vsM8_raw_24m,natural_breaks,Absolute Mortality,WUE,Mid,32,0.00723,43.8,0.9659,0.9735,ns
M7vsM8_raw_24m,natural_breaks,Absolute Mortality,uWUE,Mid,32,0.01057,31.2,0.9735,0.9735,ns
M7vsM8_raw_24m,natural_breaks,Absolute Mortality,ETmax,Low,19,1e-04,47.4,0.5719,0.8411,ns
M7vsM8_raw_24m,natural_breaks,Absolute Mortality,GPPsat,Low,19,-0.09439,57.9,0.08251,0.8411,ns
M7vsM8_raw_24m,natural_breaks,Absolute Mortality,NEPmax,Low,19,0.00504,47.4,0.492,0.8411,ns
M7vsM8_raw_24m,natural_breaks,Absolute Mortality,WUE,Low,19,-0.00039,52.6,0.4599,0.8411,ns
M7vsM8_raw_24m,natural_breaks,Absolute Mortality,uWUE,Low,19,0.00109,47.4,0.7065,0.8411,ns
M7vsM8_raw_24m,natural_breaks,Relative Mortality,ETmax,High,23,6e-05,47.8,0.3863,0.8411,ns
M7vsM8_raw_24m,natural_breaks,Relative Mortality,GPPsat,High,23,0.10318,43.5,0.7132,0.8411,ns
M7vsM8_raw_24m,natural_breaks,Relative Mortality,NEPmax,High,23,-0.01553,60.9,0.2469,0.8411,ns
M7vsM8_raw_24m,natural_breaks,Relative Mortality,WUE,High,23,-0.00513,60.9,0.4336,0.8411,ns
M7vsM8_raw_24m,natural_breaks,Relative Mortality,uWUE,High,23,0.00312,47.8,0.6593,0.8411,ns
M7vsM8_raw_24m,natural_breaks,Relative Mortality,ETmax,Mid,18,-0.00039,66.7,0.1198,0.8411,ns
M7vsM8_raw_24m,natural_breaks,Relative Mortality,GPPsat,Mid,18,0.00587,50,0.6362,0.8411,ns
M7vsM8_raw_24m,natural_breaks,Relative Mortality,NEPmax,Mid,18,0.03533,38.9,0.6525,0.8411,ns
M7vsM8_raw_24m,natural_breaks,Relative Mortality,WUE,Mid,18,0.00497,44.4,0.729,0.8411,ns
M7vsM8_raw_24m,natural_breaks,Relative Mortality,uWUE,Mid,18,0.0128,38.9,0.8081,0.8658,ns
M7vsM8_raw_24m,natural_breaks,Relative Mortality,ETmax,Low,24,1e-04,45.8,0.6501,0.8411,ns
M7vsM8_raw_24m,natural_breaks,Relative Mortality,GPPsat,Low,24,-0.02902,50,0.2245,0.8411,ns
M7vsM8_raw_24m,natural_breaks,Relative Mortality,NEPmax,Low,24,-0.00976,50,0.3085,0.8411,ns
M7vsM8_raw_24m,natural_breaks,Relative Mortality,WUE,Low,24,0.00061,50,0.6501,0.8411,ns
M7vsM8_raw_24m,natural_breaks,Relative Mortality,uWUE,Low,24,0.00168,45.8,0.6501,0.8411,ns
M7vsM8_raw_24m,natural_breaks,Relative Disturbance,ETmax,High,22,0.00014,45.5,0.4871,0.8411,ns
M7vsM8_raw_24m,natural_breaks,Relative Disturbance,GPPsat,High,22,0.11081,40.9,0.7095,0.8411,ns
M7vsM8_raw_24m,natural_breaks,Relative Disturbance,NEPmax,High,22,-0.01442,59.1,0.2905,0.8411,ns
M7vsM8_raw_24m,natural_breaks,Relative Disturbance,WUE,High,22,-0.0034,59.1,0.4741,0.8411,ns
M7vsM8_raw_24m,natural_breaks,Relative Disturbance,uWUE,High,22,0.00574,45.5,0.7724,0.8658,ns
M7vsM8_raw_24m,natural_breaks,Relative Disturbance,ETmax,Mid,20,-0.00035,65,0.09888,0.8411,ns
M7vsM8_raw_24m,natural_breaks,Relative Disturbance,GPPsat,Mid,20,-0.08169,60,0.4041,0.8411,ns
M7vsM8_raw_24m,natural_breaks,Relative Disturbance,NEPmax,Mid,20,0.01685,45,0.4628,0.8411,ns
M7vsM8_raw_24m,natural_breaks,Relative Disturbance,WUE,Mid,20,0.00072,50,0.552,0.8411,ns
M7vsM8_raw_24m,natural_breaks,Relative Disturbance,uWUE,Mid,20,0.01182,40,0.7995,0.8658,ns
M7vsM8_raw_24m,natural_breaks,Relative Disturbance,ETmax,Low,23,1e-04,47.8,0.6137,0.8411,ns
M7vsM8_raw_24m,natural_breaks,Relative Disturbance,GPPsat,Low,23,0.00324,43.5,0.4576,0.8411,ns
M7vsM8_raw_24m,natural_breaks,Relative Disturbance,NEPmax,Low,23,0.00504,47.8,0.4098,0.8411,ns
M7vsM8_raw_24m,natural_breaks,Relative Disturbance,WUE,Low,23,0.00162,47.8,0.7234,0.8411,ns
M7vsM8_raw_24m,natural_breaks,Relative Disturbance,uWUE,Low,23,0.00109,47.8,0.5303,0.8411,ns
M7vsM8_anom_12m,tertiles,Absolute Mortality,ETmax,High,22,0.00063,36.4,0.6149,0.7282,ns
M7vsM8_anom_12m,tertiles,Absolute Mortality,GPPsat,High,22,-0.22289,68.2,0.142,0.4203,ns
M7vsM8_anom_12m,tertiles,Absolute Mortality,NEPmax,High,22,-0.25543,68.2,0.1027,0.3761,ns
M7vsM8_anom_12m,tertiles,Absolute Mortality,WUE,High,22,-0.02477,59.1,0.1087,0.3761,ns
M7vsM8_anom_12m,tertiles,Absolute Mortality,uWUE,High,22,0.00136,45.5,0.5517,0.6896,ns
M7vsM8_anom_12m,tertiles,Absolute Mortality,ETmax,Mid,21,0.00089,38.1,0.8433,0.8433,ns
M7vsM8_anom_12m,tertiles,Absolute Mortality,GPPsat,Mid,21,-0.07821,61.9,0.3383,0.6169,ns
M7vsM8_anom_12m,tertiles,Absolute Mortality,NEPmax,Mid,21,-0.25458,71.4,0.1485,0.4203,ns
M7vsM8_anom_12m,tertiles,Absolute Mortality,WUE,Mid,21,0.00117,42.9,0.431,0.6465,ns
M7vsM8_anom_12m,tertiles,Absolute Mortality,uWUE,Mid,21,-0.01284,61.9,0.09329,0.3761,ns
M7vsM8_anom_12m,tertiles,Absolute Mortality,ETmax,Low,22,-0.00031,54.5,0.4483,0.6508,ns
M7vsM8_anom_12m,tertiles,Absolute Mortality,GPPsat,Low,22,-0.06624,54.5,0.1087,0.3761,ns
M7vsM8_anom_12m,tertiles,Absolute Mortality,NEPmax,Low,22,-0.15182,68.2,0.06352,0.3573,ns
M7vsM8_anom_12m,tertiles,Absolute Mortality,WUE,Low,22,-0.00256,54.5,0.3975,0.6169,ns
M7vsM8_anom_12m,tertiles,Absolute Mortality,uWUE,Low,22,-0.00453,54.5,0.5,0.6607,ns
M7vsM8_anom_12m,tertiles,Relative Mortality,ETmax,High,22,0.00068,40.9,0.5129,0.6607,ns
M7vsM8_anom_12m,tertiles,Relative Mortality,GPPsat,High,22,-0.22289,68.2,0.1494,0.4203,ns
M7vsM8_anom_12m,tertiles,Relative Mortality,NEPmax,High,22,-0.24537,77.3,0.02571,0.2893,ns
M7vsM8_anom_12m,tertiles,Relative Mortality,WUE,High,22,-0.01891,59.1,0.05583,0.3573,ns
M7vsM8_anom_12m,tertiles,Relative Mortality,uWUE,High,22,-0.01265,54.5,0.3247,0.6169,ns
M7vsM8_anom_12m,tertiles,Relative Mortality,ETmax,Mid,21,0.00028,42.9,0.7342,0.7979,ns
M7vsM8_anom_12m,tertiles,Relative Mortality,GPPsat,Mid,21,-0.0088,52.4,0.569,0.692,ns
M7vsM8_anom_12m,tertiles,Relative Mortality,NEPmax,Mid,21,-0.04809,52.4,0.5139,0.6607,ns
M7vsM8_anom_12m,tertiles,Relative Mortality,WUE,Mid,21,-0.00129,52.4,0.3257,0.6169,ns
M7vsM8_anom_12m,tertiles,Relative Mortality,uWUE,Mid,21,-0.00189,52.4,0.3257,0.6169,ns
M7vsM8_anom_12m,tertiles,Relative Mortality,ETmax,Low,22,7e-04,45.5,0.7523,0.7979,ns
M7vsM8_anom_12m,tertiles,Relative Mortality,GPPsat,Low,22,-0.22698,63.6,0.01254,0.1881,ns
M7vsM8_anom_12m,tertiles,Relative Mortality,NEPmax,Low,22,-0.20026,77.3,0.006212,0.1881,ns
M7vsM8_anom_12m,tertiles,Relative Mortality,WUE,Low,22,0.00158,45.5,0.6516,0.7518,ns
M7vsM8_anom_12m,tertiles,Relative Mortality,uWUE,Low,22,-0.00453,54.5,0.3975,0.6169,ns
M7vsM8_anom_12m,tertiles,Relative Disturbance,ETmax,High,22,0.00073,36.4,0.7625,0.7979,ns
M7vsM8_anom_12m,tertiles,Relative Disturbance,GPPsat,High,22,-0.1471,68.2,0.1732,0.4585,ns
M7vsM8_anom_12m,tertiles,Relative Disturbance,NEPmax,High,22,-0.21249,72.7,0.07201,0.3601,ns
M7vsM8_anom_12m,tertiles,Relative Disturbance,WUE,High,22,-0.01891,59.1,0.06352,0.3573,ns
M7vsM8_anom_12m,tertiles,Relative Disturbance,uWUE,High,22,-0.01265,54.5,0.2905,0.6169,ns
M7vsM8_anom_12m,tertiles,Relative Disturbance,ETmax,Mid,21,-0.00125,52.4,0.3772,0.6169,ns
M7vsM8_anom_12m,tertiles,Relative Disturbance,GPPsat,Mid,21,-0.09919,57.1,0.3511,0.6169,ns
M7vsM8_anom_12m,tertiles,Relative Disturbance,NEPmax,Mid,21,-0.0551,57.1,0.3772,0.6169,ns
M7vsM8_anom_12m,tertiles,Relative Disturbance,WUE,Mid,21,-0.0048,52.4,0.2222,0.5556,ns
M7vsM8_anom_12m,tertiles,Relative Disturbance,uWUE,Mid,21,-0.00189,52.4,0.3011,0.6169,ns
M7vsM8_anom_12m,tertiles,Relative Disturbance,ETmax,Low,22,0.00073,40.9,0.8096,0.828,ns
M7vsM8_anom_12m,tertiles,Relative Disturbance,GPPsat,Low,22,-0.16681,59.1,0.05958,0.3573,ns
M7vsM8_anom_12m,tertiles,Relative Disturbance,NEPmax,Low,22,-0.26431,77.3,0.01254,0.1881,ns
M7vsM8_anom_12m,tertiles,Relative Disturbance,WUE,Low,22,0.00158,45.5,0.7419,0.7979,ns
M7vsM8_anom_12m,tertiles,Relative Disturbance,uWUE,Low,22,-0.00453,54.5,0.4871,0.6607,ns
M7vsM8_anom_12m,equal_width,Absolute Mortality,ETmax,Mid,21,2e-04,47.6,0.1924,0.3996,ns
M7vsM8_anom_12m,equal_width,Absolute Mortality,GPPsat,Mid,21,-0.28027,66.7,0.07707,0.3083,ns
M7vsM8_anom_12m,equal_width,Absolute Mortality,NEPmax,Mid,21,-0.32721,66.7,0.07707,0.3083,ns
M7vsM8_anom_12m,equal_width,Absolute Mortality,WUE,Mid,21,-0.01453,57.1,0.174,0.3867,ns
M7vsM8_anom_12m,equal_width,Absolute Mortality,uWUE,Mid,21,0.00241,42.9,0.6743,0.7706,ns
M7vsM8_anom_12m,equal_width,Absolute Mortality,ETmax,Low,41,0.00072,43.9,0.8312,0.8749,ns
M7vsM8_anom_12m,equal_width,Absolute Mortality,GPPsat,Low,41,-0.07821,58.5,0.153,0.3825,ns
M7vsM8_anom_12m,equal_width,Absolute Mortality,NEPmax,Low,41,-0.15762,68.3,0.04603,0.3069,ns
M7vsM8_anom_12m,equal_width,Absolute Mortality,WUE,Low,41,0.00026,48.8,0.3681,0.6135,ns
M7vsM8_anom_12m,equal_width,Absolute Mortality,uWUE,Low,41,-0.00798,58.5,0.1998,0.3996,ns
M7vsM8_anom_12m,equal_width,Absolute Mortality,ETmax,High,3,0.00256,0,,,""
M7vsM8_anom_12m,equal_width,Absolute Mortality,GPPsat,High,3,-0.05501,66.7,,,""
M7vsM8_anom_12m,equal_width,Absolute Mortality,NEPmax,High,3,-0.07294,100,,,""
M7vsM8_anom_12m,equal_width,Absolute Mortality,WUE,High,3,-0.0312,66.7,,,""
M7vsM8_anom_12m,equal_width,Absolute Mortality,uWUE,High,3,-0.03851,66.7,,,""
M7vsM8_anom_12m,equal_width,Relative Mortality,ETmax,Mid,26,0.00065,38.5,0.5904,0.7421,ns
M7vsM8_anom_12m,equal_width,Relative Mortality,GPPsat,Mid,26,-0.16848,65.4,0.1319,0.3768,ns
M7vsM8_anom_12m,equal_width,Relative Mortality,NEPmax,Mid,26,-0.26463,73.1,0.03009,0.3069,ns
M7vsM8_anom_12m,equal_width,Relative Mortality,WUE,Mid,26,-0.01261,53.8,0.0933,0.3393,ns
M7vsM8_anom_12m,equal_width,Relative Mortality,uWUE,Mid,26,-0.01022,53.8,0.2627,0.4777,ns
M7vsM8_anom_12m,equal_width,Relative Mortality,ETmax,Low,32,0.00055,46.9,0.7345,0.794,ns
M7vsM8_anom_12m,equal_width,Relative Mortality,GPPsat,Low,32,-0.14965,62.5,0.0402,0.3069,ns
M7vsM8_anom_12m,equal_width,Relative Mortality,NEPmax,Low,32,-0.20026,68.8,0.0453,0.3069,ns
M7vsM8_anom_12m,equal_width,Relative Mortality,WUE,Low,32,0.00071,46.9,0.6212,0.7474,ns
M7vsM8_anom_12m,equal_width,Relative Mortality,uWUE,Low,32,-0.00155,53.1,0.4665,0.6566,ns
M7vsM8_anom_12m,equal_width,Relative Mortality,ETmax,High,7,0.00066,42.9,0.7229,0.794,ns
M7vsM8_anom_12m,equal_width,Relative Mortality,GPPsat,High,7,0.18484,42.9,0.8641,0.8785,ns
M7vsM8_anom_12m,equal_width,Relative Mortality,NEPmax,High,7,-0.06599,57.1,0.5337,0.7116,ns
M7vsM8_anom_12m,equal_width,Relative Mortality,WUE,High,7,-0.02328,71.4,0.1024,0.3415,ns
M7vsM8_anom_12m,equal_width,Relative Mortality,uWUE,High,7,-0.01914,57.1,0.2771,0.4818,ns
M7vsM8_anom_12m,equal_width,Relative Disturbance,ETmax,Mid,27,0.00028,44.4,0.4761,0.6566,ns
M7vsM8_anom_12m,equal_width,Relative Disturbance,GPPsat,Mid,27,-0.09919,66.7,0.1713,0.3867,ns
M7vsM8_anom_12m,equal_width,Relative Disturbance,NEPmax,Mid,27,-0.23617,66.7,0.04516,0.3069,ns
M7vsM8_anom_12m,equal_width,Relative Disturbance,WUE,Mid,27,-0.0178,55.6,0.04516,0.3069,ns
M7vsM8_anom_12m,equal_width,Relative Disturbance,uWUE,Mid,27,0.00087,48.1,0.4474,0.6566,ns
M7vsM8_anom_12m,equal_width,Relative Disturbance,ETmax,High,9,6e-04,44.4,0.4528,0.6566,ns
M7vsM8_anom_12m,equal_width,Relative Disturbance,GPPsat,High,9,-0.05501,55.6,0.5936,0.7421,ns
M7vsM8_anom_12m,equal_width,Relative Disturbance,NEPmax,High,9,-0.18881,77.8,0.1432,0.3818,ns
M7vsM8_anom_12m,equal_width,Relative Disturbance,WUE,High,9,-0.01453,55.6,0.2386,0.4545,ns
M7vsM8_anom_12m,equal_width,Relative Disturbance,uWUE,High,9,-0.02196,66.7,0.1181,0.3633,ns
M7vsM8_anom_12m,equal_width,Relative Disturbance,ETmax,Low,29,0.00089,41.4,0.8785,0.8785,ns
M7vsM8_anom_12m,equal_width,Relative Disturbance,GPPsat,Low,29,-0.1676,58.6,0.05975,0.3083,ns
M7vsM8_anom_12m,equal_width,Relative Disturbance,NEPmax,Low,29,-0.15827,69,0.0737,0.3083,ns
M7vsM8_anom_12m,equal_width,Relative Disturbance,WUE,Low,29,0.00026,48.3,0.6353,0.7474,ns
M7vsM8_anom_12m,equal_width,Relative Disturbance,uWUE,Low,29,-0.00189,55.2,0.4484,0.6566,ns
M7vsM8_anom_12m,natural_breaks,Absolute Mortality,ETmax,High,14,0.00063,42.9,0.4009,0.5575,ns
M7vsM8_anom_12m,natural_breaks,Absolute Mortality,GPPsat,High,14,-0.22289,64.3,0.3302,0.5575,ns
M7vsM8_anom_12m,natural_breaks,Absolute Mortality,NEPmax,High,14,-0.30095,78.6,0.06595,0.3404,ns
M7vsM8_anom_12m,natural_breaks,Absolute Mortality,WUE,High,14,-0.01891,57.1,0.2256,0.5575,ns
M7vsM8_anom_12m,natural_breaks,Absolute Mortality,uWUE,High,14,-0.00849,50,0.4253,0.5575,ns
M7vsM8_anom_12m,natural_breaks,Absolute Mortality,ETmax,Mid,32,0.00075,37.5,0.8749,0.8749,ns
M7vsM8_anom_12m,natural_breaks,Absolute Mortality,GPPsat,Mid,32,-0.13739,68.8,0.0818,0.3404,ns
M7vsM8_anom_12m,natural_breaks,Absolute Mortality,NEPmax,Mid,32,-0.24537,65.6,0.06856,0.3404,ns
M7vsM8_anom_12m,natural_breaks,Absolute Mortality,WUE,Mid,32,0.00073,46.9,0.3035,0.5575,ns
M7vsM8_anom_12m,natural_breaks,Absolute Mortality,uWUE,Mid,32,-0.00494,53.1,0.2717,0.5575,ns
M7vsM8_anom_12m,natural_breaks,Absolute Mortality,ETmax,Low,19,-3e-04,52.6,0.4599,0.5749,ns
M7vsM8_anom_12m,natural_breaks,Absolute Mortality,GPPsat,Low,19,0.04969,47.4,0.3511,0.5575,ns
M7vsM8_anom_12m,natural_breaks,Absolute Mortality,NEPmax,Low,19,-0.14602,68.4,0.1098,0.3974,ns
M7vsM8_anom_12m,natural_breaks,Absolute Mortality,WUE,Low,19,-0.00383,57.9,0.3218,0.5575,ns
M7vsM8_anom_12m,natural_breaks,Absolute Mortality,uWUE,Low,19,-0.00786,57.9,0.4124,0.5575,ns
M7vsM8_anom_12m,natural_breaks,Relative Mortality,ETmax,High,23,0.00066,43.5,0.4336,0.5575,ns
M7vsM8_anom_12m,natural_breaks,Relative Mortality,GPPsat,High,23,-0.22978,69.6,0.1148,0.3974,ns
M7vsM8_anom_12m,natural_breaks,Relative Mortality,NEPmax,High,23,-0.23617,73.9,0.03288,0.3404,ns
M7vsM8_anom_12m,natural_breaks,Relative Mortality,WUE,High,23,-0.02328,60.9,0.0376,0.3404,ns
M7vsM8_anom_12m,natural_breaks,Relative Mortality,uWUE,High,23,-0.01284,56.5,0.2665,0.5575,ns
M7vsM8_anom_12m,natural_breaks,Relative Mortality,ETmax,Mid,18,0.00043,38.9,0.796,0.8141,ns
M7vsM8_anom_12m,natural_breaks,Relative Mortality,GPPsat,Mid,18,-0.01332,55.6,0.4138,0.5575,ns
M7vsM8_anom_12m,natural_breaks,Relative Mortality,NEPmax,Mid,18,-0.22317,61.1,0.3475,0.5575,ns
M7vsM8_anom_12m,natural_breaks,Relative Mortality,WUE,Mid,18,-0.00225,50,0.316,0.5575,ns
M7vsM8_anom_12m,natural_breaks,Relative Mortality,uWUE,Mid,18,-0.00494,55.6,0.243,0.5575,ns
M7vsM8_anom_12m,natural_breaks,Relative Mortality,ETmax,Low,24,7e-04,45.8,0.721,0.7913,ns
M7vsM8_anom_12m,natural_breaks,Relative Mortality,GPPsat,Low,24,-0.16681,58.3,0.05972,0.3404,ns
M7vsM8_anom_12m,natural_breaks,Relative Mortality,NEPmax,Low,24,-0.15794,70.8,0.02689,0.3404,ns
M7vsM8_anom_12m,natural_breaks,Relative Mortality,WUE,Low,24,0.00158,45.8,0.721,0.7913,ns
M7vsM8_anom_12m,natural_breaks,Relative Mortality,uWUE,Low,24,0.00079,50,0.5624,0.666,ns
M7vsM8_anom_12m,natural_breaks,Relative Disturbance,ETmax,High,22,0.00073,36.4,0.7625,0.8078,ns
M7vsM8_anom_12m,natural_breaks,Relative Disturbance,GPPsat,High,22,-0.1471,68.2,0.1732,0.5568,ns
M7vsM8_anom_12m,natural_breaks,Relative Disturbance,NEPmax,High,22,-0.21249,72.7,0.07201,0.3404,ns
M7vsM8_anom_12m,natural_breaks,Relative Disturbance,WUE,High,22,-0.01891,59.1,0.06352,0.3404,ns
M7vsM8_anom_12m,natural_breaks,Relative Disturbance,uWUE,High,22,-0.01265,54.5,0.2905,0.5575,ns
M7vsM8_anom_12m,natural_breaks,Relative Disturbance,ETmax,Mid,20,-0.00057,50,0.4187,0.5575,ns
M7vsM8_anom_12m,natural_breaks,Relative Disturbance,GPPsat,Mid,20,-0.10319,60,0.2941,0.5575,ns
M7vsM8_anom_12m,natural_breaks,Relative Disturbance,NEPmax,Mid,20,-0.08064,55,0.4041,0.5575,ns
M7vsM8_anom_12m,natural_breaks,Relative Disturbance,WUE,Mid,20,-0.00225,50,0.2568,0.5575,ns
M7vsM8_anom_12m,natural_breaks,Relative Disturbance,uWUE,Mid,20,-0.00494,55,0.222,0.5575,ns
M7vsM8_anom_12m,natural_breaks,Relative Disturbance,ETmax,Low,23,0.00058,43.5,0.7719,0.8078,ns
M7vsM8_anom_12m,natural_breaks,Relative Disturbance,GPPsat,Low,23,-0.13169,56.5,0.0832,0.3404,ns
M7vsM8_anom_12m,natural_breaks,Relative Disturbance,NEPmax,Low,23,-0.24225,78.3,0.009989,0.3404,ns
M7vsM8_anom_12m,natural_breaks,Relative Disturbance,WUE,Low,23,0.00026,47.8,0.6921,0.7913,ns
M7vsM8_anom_12m,natural_breaks,Relative Disturbance,uWUE,Low,23,-0.0012,52.2,0.5544,0.666,ns
M7vsM8_anom_24m,tertiles,Absolute Mortality,ETmax,High,22,0.00047,40.9,0.4355,0.7259,ns
M7vsM8_anom_24m,tertiles,Absolute Mortality,GPPsat,High,22,-0.16284,72.7,0.142,0.6127,ns
M7vsM8_anom_24m,tertiles,Absolute Mortality,NEPmax,High,22,-0.11768,54.5,0.2581,0.6127,ns
M7vsM8_anom_24m,tertiles,Absolute Mortality,WUE,High,22,-0.00449,50,0.3131,0.6127,ns
M7vsM8_anom_24m,tertiles,Absolute Mortality,uWUE,High,22,-0.00164,54.5,0.5517,0.7531,ns
M7vsM8_anom_24m,tertiles,Absolute Mortality,ETmax,Mid,21,0.00157,38.1,0.8946,0.8973,ns
M7vsM8_anom_24m,tertiles,Absolute Mortality,GPPsat,Mid,21,-0.0271,52.4,0.4039,0.699,ns
M7vsM8_anom_24m,tertiles,Absolute Mortality,NEPmax,Mid,21,-0.0269,52.4,0.3641,0.6553,ns
M7vsM8_anom_24m,tertiles,Absolute Mortality,WUE,Mid,21,-0.01544,52.4,0.2658,0.6127,ns
M7vsM8_anom_24m,tertiles,Absolute Mortality,uWUE,Mid,21,-0.00726,61.9,0.2435,0.6127,ns
M7vsM8_anom_24m,tertiles,Absolute Mortality,ETmax,Low,22,-0.00037,50,0.3605,0.6553,ns
M7vsM8_anom_24m,tertiles,Absolute Mortality,GPPsat,Low,22,-0.08177,50,0.07201,0.5401,ns
M7vsM8_anom_24m,tertiles,Absolute Mortality,NEPmax,Low,22,-0.17288,72.7,0.06352,0.5401,ns
M7vsM8_anom_24m,tertiles,Absolute Mortality,WUE,Low,22,-0.00643,59.1,0.5388,0.7531,ns
M7vsM8_anom_24m,tertiles,Absolute Mortality,uWUE,Low,22,0.01674,40.9,0.8973,0.8973,ns
M7vsM8_anom_24m,tertiles,Relative Mortality,ETmax,High,22,-1e-05,50,0.2687,0.6127,ns
M7vsM8_anom_24m,tertiles,Relative Mortality,GPPsat,High,22,-0.16284,63.6,0.1817,0.6127,ns
M7vsM8_anom_24m,tertiles,Relative Mortality,NEPmax,High,22,-0.11768,59.1,0.1494,0.6127,ns
M7vsM8_anom_24m,tertiles,Relative Mortality,WUE,High,22,-0.01061,54.5,0.1732,0.6127,ns
M7vsM8_anom_24m,tertiles,Relative Mortality,uWUE,High,22,-0.01168,63.6,0.3017,0.6127,ns
M7vsM8_anom_24m,tertiles,Relative Mortality,ETmax,Mid,21,0.00114,38.1,0.7778,0.8584,ns
M7vsM8_anom_24m,tertiles,Relative Mortality,GPPsat,Mid,21,-0.0271,52.4,0.5,0.75,ns
M7vsM8_anom_24m,tertiles,Relative Mortality,NEPmax,Mid,21,0.16196,42.9,0.6867,0.8277,ns
M7vsM8_anom_24m,tertiles,Relative Mortality,WUE,Mid,21,-0.01544,52.4,0.2658,0.6127,ns
M7vsM8_anom_24m,tertiles,Relative Mortality,uWUE,Mid,21,0.00523,47.6,0.6989,0.8277,ns
M7vsM8_anom_24m,tertiles,Relative Mortality,ETmax,Low,22,0.00021,40.9,0.7523,0.8584,ns
M7vsM8_anom_24m,tertiles,Relative Mortality,GPPsat,Low,22,-0.24958,59.1,0.008143,0.3615,ns
M7vsM8_anom_24m,tertiles,Relative Mortality,NEPmax,Low,22,-0.19677,77.3,0.01607,0.3615,ns
M7vsM8_anom_24m,tertiles,Relative Mortality,WUE,Low,22,-0.00526,54.5,0.6753,0.8277,ns
M7vsM8_anom_24m,tertiles,Relative Mortality,uWUE,Low,22,0.00811,45.5,0.7821,0.8584,ns
M7vsM8_anom_24m,tertiles,Relative Disturbance,ETmax,High,22,0.00037,45.5,0.4612,0.7329,ns
M7vsM8_anom_24m,tertiles,Relative Disturbance,GPPsat,High,22,-0.13557,63.6,0.2085,0.6127,ns
M7vsM8_anom_24m,tertiles,Relative Disturbance,NEPmax,High,22,-0.11768,59.1,0.1993,0.6127,ns
M7vsM8_anom_24m,tertiles,Relative Disturbance,WUE,High,22,-0.01061,54.5,0.1732,0.6127,ns
M7vsM8_anom_24m,tertiles,Relative Disturbance,uWUE,High,22,-0.01168,63.6,0.2795,0.6127,ns
M7vsM8_anom_24m,tertiles,Relative Disturbance,ETmax,Mid,21,0.00065,47.6,0.569,0.7531,ns
M7vsM8_anom_24m,tertiles,Relative Disturbance,GPPsat,Mid,21,-0.03271,57.1,0.3011,0.6127,ns
M7vsM8_anom_24m,tertiles,Relative Disturbance,NEPmax,Mid,21,0.01632,47.6,0.4723,0.7329,ns
M7vsM8_anom_24m,tertiles,Relative Disturbance,WUE,Mid,21,-0.01544,52.4,0.2021,0.6127,ns
M7vsM8_anom_24m,tertiles,Relative Disturbance,uWUE,Mid,21,0.00019,47.6,0.5553,0.7531,ns
M7vsM8_anom_24m,tertiles,Relative Disturbance,ETmax,Low,22,4e-04,36.4,0.8429,0.8973,ns
M7vsM8_anom_24m,tertiles,Relative Disturbance,GPPsat,Low,22,-0.23831,54.5,0.04889,0.5401,ns
M7vsM8_anom_24m,tertiles,Relative Disturbance,NEPmax,Low,22,-0.20615,72.7,0.06766,0.5401,ns
M7vsM8_anom_24m,tertiles,Relative Disturbance,WUE,Low,22,-0.00526,54.5,0.6983,0.8277,ns
M7vsM8_anom_24m,tertiles,Relative Disturbance,uWUE,Low,22,0.01674,45.5,0.8652,0.8973,ns
M7vsM8_anom_24m,equal_width,Absolute Mortality,ETmax,Mid,21,-0.00032,52.4,0.1406,0.4402,ns
M7vsM8_anom_24m,equal_width,Absolute Mortality,GPPsat,Mid,21,-0.22449,71.4,0.07707,0.4402,ns
M7vsM8_anom_24m,equal_width,Absolute Mortality,NEPmax,Mid,21,-0.14025,61.9,0.1652,0.4406,ns
M7vsM8_anom_24m,equal_width,Absolute Mortality,WUE,Mid,21,0.0013,47.6,0.3383,0.6766,ns
M7vsM8_anom_24m,equal_width,Absolute Mortality,uWUE,Mid,21,-0.00094,52.4,0.7979,0.8626,ns
M7vsM8_anom_24m,equal_width,Absolute Mortality,ETmax,Low,41,0.00055,41.5,0.8756,0.8976,ns
M7vsM8_anom_24m,equal_width,Absolute Mortality,GPPsat,Low,41,-0.0271,51.2,0.1499,0.4402,ns
M7vsM8_anom_24m,equal_width,Absolute Mortality,NEPmax,Low,41,-0.15254,61,0.1244,0.4402,ns
M7vsM8_anom_24m,equal_width,Absolute Mortality,WUE,Low,41,-0.00689,56.1,0.2843,0.6317,ns
M7vsM8_anom_24m,equal_width,Absolute Mortality,uWUE,Low,41,-0.00204,51.2,0.531,0.7866,ns
M7vsM8_anom_24m,equal_width,Absolute Mortality,ETmax,High,3,0.00087,0,,,""
M7vsM8_anom_24m,equal_width,Absolute Mortality,GPPsat,High,3,-0.15313,66.7,,,""
M7vsM8_anom_24m,equal_width,Absolute Mortality,NEPmax,High,3,0.15234,33.3,,,""
M7vsM8_anom_24m,equal_width,Absolute Mortality,WUE,High,3,-0.01472,66.7,,,""
M7vsM8_anom_24m,equal_width,Absolute Mortality,uWUE,High,3,-0.07755,66.7,,,""
M7vsM8_anom_24m,equal_width,Relative Mortality,ETmax,Mid,26,0.00041,46.2,0.4899,0.7536,ns
M7vsM8_anom_24m,equal_width,Relative Mortality,GPPsat,Mid,26,-0.10919,65.4,0.1213,0.4402,ns
M7vsM8_anom_24m,equal_width,Relative Mortality,NEPmax,Mid,26,-0.1863,61.5,0.07385,0.4402,ns
M7vsM8_anom_24m,equal_width,Relative Mortality,WUE,Mid,26,-0.00449,50,0.1489,0.4402,ns
M7vsM8_anom_24m,equal_width,Relative Mortality,uWUE,Mid,26,-0.0045,57.7,0.4899,0.7536,ns
M7vsM8_anom_24m,equal_width,Relative Mortality,ETmax,Low,32,4e-04,40.6,0.7811,0.8626,ns
M7vsM8_anom_24m,equal_width,Relative Mortality,GPPsat,Low,32,-0.19525,56.2,0.0314,0.4402,ns
M7vsM8_anom_24m,equal_width,Relative Mortality,NEPmax,Low,32,-0.14126,62.5,0.1541,0.4402,ns
M7vsM8_anom_24m,equal_width,Relative Mortality,WUE,Low,32,-0.00643,56.2,0.5996,0.8271,ns
M7vsM8_anom_24m,equal_width,Relative Mortality,uWUE,Low,32,0.01567,43.8,0.7756,0.8626,ns
M7vsM8_anom_24m,equal_width,Relative Mortality,ETmax,High,7,0.00043,42.9,0.6637,0.861,ns
M7vsM8_anom_24m,equal_width,Relative Mortality,GPPsat,High,7,0.27269,42.9,0.8976,0.8976,ns
M7vsM8_anom_24m,equal_width,Relative Mortality,NEPmax,High,7,0.15234,42.9,0.7229,0.8626,ns
M7vsM8_anom_24m,equal_width,Relative Mortality,WUE,High,7,-0.01472,57.1,0.3999,0.7067,ns
M7vsM8_anom_24m,equal_width,Relative Mortality,uWUE,High,7,-0.01613,71.4,0.2771,0.6317,ns
M7vsM8_anom_24m,equal_width,Relative Disturbance,ETmax,Mid,27,3e-04,48.1,0.4665,0.7536,ns
M7vsM8_anom_24m,equal_width,Relative Disturbance,GPPsat,Mid,27,-0.10038,63,0.148,0.4402,ns
M7vsM8_anom_24m,equal_width,Relative Disturbance,NEPmax,Mid,27,-0.14025,63,0.09521,0.4402,ns
M7vsM8_anom_24m,equal_width,Relative Disturbance,WUE,Mid,27,-0.01029,51.9,0.1036,0.4402,ns
M7vsM8_anom_24m,equal_width,Relative Disturbance,uWUE,Mid,27,-0.00094,51.9,0.7378,0.8626,ns
M7vsM8_anom_24m,equal_width,Relative Disturbance,ETmax,High,9,0.00043,44.4,0.4064,0.7067,ns
M7vsM8_anom_24m,equal_width,Relative Disturbance,GPPsat,High,9,-0.15313,55.6,0.5936,0.8271,ns
M7vsM8_anom_24m,equal_width,Relative Disturbance,NEPmax,High,9,-0.21272,55.6,0.3178,0.669,ns
M7vsM8_anom_24m,equal_width,Relative Disturbance,WUE,High,9,-0.01472,55.6,0.4064,0.7067,ns
M7vsM8_anom_24m,equal_width,Relative Disturbance,uWUE,High,9,-0.01613,77.8,0.1432,0.4402,ns
M7vsM8_anom_24m,equal_width,Relative Disturbance,ETmax,Low,29,0.00055,37.9,0.8828,0.8976,ns
M7vsM8_anom_24m,equal_width,Relative Disturbance,GPPsat,Low,29,-0.183,55.2,0.05479,0.4402,ns
M7vsM8_anom_24m,equal_width,Relative Disturbance,NEPmax,Low,29,-0.12997,58.6,0.2653,0.6317,ns
M7vsM8_anom_24m,equal_width,Relative Disturbance,WUE,Low,29,-0.00597,55.2,0.6673,0.861,ns
M7vsM8_anom_24m,equal_width,Relative Disturbance,uWUE,Low,29,0.0153,44.8,0.7347,0.8626,ns
M7vsM8_anom_24m,natural_breaks,Absolute Mortality,ETmax,High,14,0.00037,42.9,0.4009,0.6874,ns
M7vsM8_anom_24m,natural_breaks,Absolute Mortality,GPPsat,High,14,-0.16284,64.3,0.3768,0.6865,ns
M7vsM8_anom_24m,natural_breaks,Absolute Mortality,NEPmax,High,14,-0.11768,57.1,0.2651,0.5989,ns
M7vsM8_anom_24m,natural_breaks,Absolute Mortality,WUE,High,14,0.00244,50,0.475,0.7125,ns
M7vsM8_anom_24m,natural_breaks,Absolute Mortality,uWUE,High,14,-0.00164,57.1,0.5747,0.7327,ns
M7vsM8_anom_24m,natural_breaks,Absolute Mortality,ETmax,Mid,32,0.001,40.6,0.8999,0.8999,ns
M7vsM8_anom_24m,natural_breaks,Absolute Mortality,GPPsat,Mid,32,-0.15394,65.6,0.07629,0.5989,ns
M7vsM8_anom_24m,natural_breaks,Absolute Mortality,NEPmax,Mid,32,-0.1562,56.2,0.1725,0.5989,ns
M7vsM8_anom_24m,natural_breaks,Absolute Mortality,WUE,Mid,32,-0.00482,50,0.2594,0.5989,ns
M7vsM8_anom_24m,natural_breaks,Absolute Mortality,uWUE,Mid,32,-0.00463,56.2,0.459,0.7125,ns
M7vsM8_anom_24m,natural_breaks,Absolute Mortality,ETmax,Low,19,8e-05,47.4,0.3814,0.6865,ns
M7vsM8_anom_24m,natural_breaks,Absolute Mortality,GPPsat,Low,19,0.11913,42.1,0.2533,0.5989,ns
M7vsM8_anom_24m,natural_breaks,Absolute Mortality,NEPmax,Low,19,-0.12997,68.4,0.1722,0.5989,ns
M7vsM8_anom_24m,natural_breaks,Absolute Mortality,WUE,Low,19,-0.00689,63.2,0.4124,0.6874,ns
M7vsM8_anom_24m,natural_breaks,Absolute Mortality,uWUE,Low,19,0.01603,42.1,0.8278,0.8999,ns
M7vsM8_anom_24m,natural_breaks,Relative Mortality,ETmax,High,23,-0.00032,52.2,0.2281,0.5989,ns
M7vsM8_anom_24m,natural_breaks,Relative Mortality,GPPsat,High,23,-0.17254,65.2,0.1401,0.5989,ns
M7vsM8_anom_24m,natural_breaks,Relative Mortality,NEPmax,High,23,-0.14025,60.9,0.109,0.5989,ns
M7vsM8_anom_24m,natural_breaks,Relative Mortality,WUE,High,23,-0.01094,56.5,0.127,0.5989,ns
M7vsM8_anom_24m,natural_breaks,Relative Mortality,uWUE,High,23,-0.01613,65.2,0.2665,0.5989,ns
M7vsM8_anom_24m,natural_breaks,Relative Mortality,ETmax,Mid,18,0.00138,33.3,0.852,0.8999,ns
M7vsM8_anom_24m,natural_breaks,Relative Mortality,GPPsat,Mid,18,-0.02991,55.6,0.3475,0.68,ns
M7vsM8_anom_24m,natural_breaks,Relative Mortality,NEPmax,Mid,18,0.08914,44.4,0.5691,0.7327,ns
M7vsM8_anom_24m,natural_breaks,Relative Mortality,WUE,Mid,18,-0.00543,50,0.3006,0.6149,ns
M7vsM8_anom_24m,natural_breaks,Relative Mortality,uWUE,Mid,18,0.00214,50,0.5862,0.7327,ns
M7vsM8_anom_24m,natural_breaks,Relative Mortality,ETmax,Low,24,0.00021,41.7,0.7113,0.8207,ns
M7vsM8_anom_24m,natural_breaks,Relative Mortality,GPPsat,Low,24,-0.19525,54.2,0.05021,0.5989,ns
M7vsM8_anom_24m,natural_breaks,Relative Mortality,NEPmax,Low,24,-0.17288,70.8,0.08292,0.5989,ns
M7vsM8_anom_24m,natural_breaks,Relative Mortality,WUE,Low,24,-0.00526,54.2,0.7113,0.8207,ns
M7vsM8_anom_24m,natural_breaks,Relative Mortality,uWUE,Low,24,0.01674,41.7,0.8877,0.8999,ns
M7vsM8_anom_24m,natural_breaks,Relative Disturbance,ETmax,High,22,0.00037,45.5,0.4612,0.7125,ns
M7vsM8_anom_24m,natural_breaks,Relative Disturbance,GPPsat,High,22,-0.13557,63.6,0.2085,0.5989,ns
M7vsM8_anom_24m,natural_breaks,Relative Disturbance,NEPmax,High,22,-0.11768,59.1,0.1993,0.5989,ns
M7vsM8_anom_24m,natural_breaks,Relative Disturbance,WUE,High,22,-0.01061,54.5,0.1732,0.5989,ns
M7vsM8_anom_24m,natural_breaks,Relative Disturbance,uWUE,High,22,-0.01168,63.6,0.2795,0.5989,ns
M7vsM8_anom_24m,natural_breaks,Relative Disturbance,ETmax,Mid,20,0.00076,45,0.5813,0.7327,ns
M7vsM8_anom_24m,natural_breaks,Relative Disturbance,GPPsat,Mid,20,-0.03448,60,0.269,0.5989,ns
M7vsM8_anom_24m,natural_breaks,Relative Disturbance,NEPmax,Mid,20,0.06369,45,0.5223,0.7327,ns
M7vsM8_anom_24m,natural_breaks,Relative Disturbance,WUE,Mid,20,-0.00543,50,0.2449,0.5989,ns
M7vsM8_anom_24m,natural_breaks,Relative Disturbance,uWUE,Mid,20,0.00214,50,0.552,0.7327,ns
M7vsM8_anom_24m,natural_breaks,Relative Disturbance,ETmax,Low,23,0.00026,39.1,0.8152,0.8999,ns
M7vsM8_anom_24m,natural_breaks,Relative Disturbance,GPPsat,Low,23,-0.183,52.2,0.05863,0.5989,ns
M7vsM8_anom_24m,natural_breaks,Relative Disturbance,NEPmax,Low,23,-0.20033,73.9,0.05863,0.5989,ns
M7vsM8_anom_24m,natural_breaks,Relative Disturbance,WUE,Low,23,-0.00597,56.5,0.6253,0.7605,ns
M7vsM8_anom_24m,natural_breaks,Relative Disturbance,uWUE,Low,23,0.01603,43.5,0.8599,0.8999,ns
