unit,method,metric,response,category,n,median_dRMSE,pct_sites_improved,p_onesided_wilcoxon,q_BH,sig
M1vsM2_12m,tertiles,Absolute Mortality,ETmax,High,31,-0.00106,61.3,0.3086,0.3754,ns
M1vsM2_12m,tertiles,Absolute Mortality,GPPsat,High,31,0.14531,48.4,0.1811,0.262,ns
M1vsM2_12m,tertiles,Absolute Mortality,NEPmax,High,31,-0.78409,64.5,0.01757,0.07758,ns
M1vsM2_12m,tertiles,Absolute Mortality,WUE,High,31,-0.02946,54.8,0.1299,0.2088,ns
M1vsM2_12m,tertiles,Absolute Mortality,uWUE,High,31,-0.00635,54.8,0.1863,0.262,ns
M1vsM2_12m,tertiles,Absolute Mortality,ETmax,Mid,31,-0.00017,54.8,0.4649,0.5188,ns
M1vsM2_12m,tertiles,Absolute Mortality,GPPsat,Mid,31,-1.22343,77.4,0.002177,0.06637,ns
M1vsM2_12m,tertiles,Absolute Mortality,NEPmax,Mid,31,-1.06665,67.7,0.03648,0.08836,ns
M1vsM2_12m,tertiles,Absolute Mortality,WUE,Mid,31,-0.04782,58.1,0.1031,0.1778,ns
M1vsM2_12m,tertiles,Absolute Mortality,uWUE,Mid,31,-0.01926,54.8,0.295,0.3687,ns
M1vsM2_12m,tertiles,Absolute Mortality,ETmax,Low,31,-0.00118,61.3,0.3368,0.3988,ns
M1vsM2_12m,tertiles,Absolute Mortality,GPPsat,Low,31,-0.45406,61.3,0.02679,0.07758,ns
M1vsM2_12m,tertiles,Absolute Mortality,NEPmax,Low,31,-1.01733,64.5,0.01122,0.07758,ns
M1vsM2_12m,tertiles,Absolute Mortality,WUE,Low,31,-0.09282,58.1,0.02127,0.07758,ns
M1vsM2_12m,tertiles,Absolute Mortality,uWUE,Low,31,-0.06239,54.8,0.04143,0.08836,ns
M1vsM2_12m,tertiles,Relative Mortality,ETmax,High,31,-0.00135,58.1,0.5351,0.5682,ns
M1vsM2_12m,tertiles,Relative Mortality,GPPsat,High,31,-0.81306,67.7,0.01757,0.07758,ns
M1vsM2_12m,tertiles,Relative Mortality,NEPmax,High,31,-0.97893,67.7,0.01518,0.07758,ns
M1vsM2_12m,tertiles,Relative Mortality,WUE,High,31,-0.02946,54.8,0.2433,0.3128,ns
M1vsM2_12m,tertiles,Relative Mortality,uWUE,High,31,-0.00635,54.8,0.2253,0.306,ns
M1vsM2_12m,tertiles,Relative Mortality,ETmax,Mid,31,-0.00106,61.3,0.07488,0.1457,ns
M1vsM2_12m,tertiles,Relative Mortality,GPPsat,Mid,31,-0.08587,51.6,0.08974,0.1615,ns
M1vsM2_12m,tertiles,Relative Mortality,NEPmax,Mid,31,-1.06665,64.5,0.02931,0.07758,ns
M1vsM2_12m,tertiles,Relative Mortality,WUE,Mid,31,-0.1367,61.3,0.01518,0.07758,ns
M1vsM2_12m,tertiles,Relative Mortality,uWUE,Mid,31,-0.03007,54.8,0.2312,0.306,ns
M1vsM2_12m,tertiles,Relative Mortality,ETmax,Low,31,-0.00055,58.1,0.5429,0.5682,ns
M1vsM2_12m,tertiles,Relative Mortality,GPPsat,Low,31,-0.63161,67.7,0.02029,0.07758,ns
M1vsM2_12m,tertiles,Relative Mortality,NEPmax,Low,31,-0.96803,64.5,0.01065,0.07758,ns
M1vsM2_12m,tertiles,Relative Mortality,WUE,Low,31,-0.02146,54.8,0.176,0.262,ns
M1vsM2_12m,tertiles,Relative Mortality,uWUE,Low,31,-0.05954,54.8,0.07769,0.1457,ns
M1vsM2_12m,tertiles,Relative Disturbance,ETmax,High,31,-0.00026,54.8,0.6488,0.6561,ns
M1vsM2_12m,tertiles,Relative Disturbance,GPPsat,High,31,-0.81306,61.3,0.0432,0.08836,ns
M1vsM2_12m,tertiles,Relative Disturbance,NEPmax,High,31,-0.97893,64.5,0.02679,0.07758,ns
M1vsM2_12m,tertiles,Relative Disturbance,WUE,High,31,0.02059,45.2,0.4727,0.5188,ns
M1vsM2_12m,tertiles,Relative Disturbance,uWUE,High,31,0.0033,48.4,0.4032,0.4653,ns
M1vsM2_12m,tertiles,Relative Disturbance,ETmax,Mid,31,-0.00309,71,0.02335,0.07758,ns
M1vsM2_12m,tertiles,Relative Disturbance,GPPsat,Mid,31,-0.1742,58.1,0.01844,0.07758,ns
M1vsM2_12m,tertiles,Relative Disturbance,NEPmax,Mid,31,-0.85036,67.7,0.005899,0.07758,ns
M1vsM2_12m,tertiles,Relative Disturbance,WUE,Mid,31,-0.12264,67.7,0.00295,0.06637,ns
M1vsM2_12m,tertiles,Relative Disturbance,uWUE,Mid,31,-0.03007,58.1,0.1472,0.2285,ns
M1vsM2_12m,tertiles,Relative Disturbance,ETmax,Low,31,-0.00017,51.6,0.6561,0.6561,ns
M1vsM2_12m,tertiles,Relative Disturbance,GPPsat,Low,31,-0.71272,67.7,0.03972,0.08836,ns
M1vsM2_12m,tertiles,Relative Disturbance,NEPmax,Low,31,-1.01733,64.5,0.02931,0.07758,ns
M1vsM2_12m,tertiles,Relative Disturbance,WUE,Low,31,-0.02433,58.1,0.1067,0.1778,ns
M1vsM2_12m,tertiles,Relative Disturbance,uWUE,Low,31,-0.06239,58.1,0.0432,0.08836,ns
M1vsM2_12m,equal_width,Absolute Mortality,ETmax,Mid,35,-0.00026,54.3,0.5875,0.6001,ns
M1vsM2_12m,equal_width,Absolute Mortality,GPPsat,Mid,35,-0.16698,54.3,0.1309,0.2412,ns
M1vsM2_12m,equal_width,Absolute Mortality,NEPmax,Mid,35,-0.78409,62.9,0.03914,0.08058,ns
M1vsM2_12m,equal_width,Absolute Mortality,WUE,Mid,35,-0.04782,54.3,0.1649,0.2863,ns
M1vsM2_12m,equal_width,Absolute Mortality,uWUE,Mid,35,-0.00021,51.4,0.2916,0.3925,ns
M1vsM2_12m,equal_width,Absolute Mortality,ETmax,Low,53,-0.00135,62.3,0.1718,0.2863,ns
M1vsM2_12m,equal_width,Absolute Mortality,GPPsat,Low,53,-0.95878,71.7,0.000206,0.007211,**
M1vsM2_12m,equal_width,Absolute Mortality,NEPmax,Low,53,-1.2799,69.8,0.0006162,0.01078,*
M1vsM2_12m,equal_width,Absolute Mortality,WUE,Low,53,-0.06534,60.4,0.005965,0.03271,*
M1vsM2_12m,equal_width,Absolute Mortality,uWUE,Low,53,-0.03792,56.6,0.01681,0.04525,*
M1vsM2_12m,equal_width,Absolute Mortality,ETmax,High,5,-0.00233,60,,,""
M1vsM2_12m,equal_width,Absolute Mortality,GPPsat,High,5,0.43725,20,,,""
M1vsM2_12m,equal_width,Absolute Mortality,NEPmax,High,5,0.67885,40,,,""
M1vsM2_12m,equal_width,Absolute Mortality,WUE,High,5,0.09897,40,,,""
M1vsM2_12m,equal_width,Absolute Mortality,uWUE,High,5,-0.00635,60,,,""
M1vsM2_12m,equal_width,Relative Mortality,ETmax,Mid,33,-0.00106,60.6,0.4361,0.5088,ns
M1vsM2_12m,equal_width,Relative Mortality,GPPsat,Mid,33,-0.81306,69.7,0.007929,0.03469,*
M1vsM2_12m,equal_width,Relative Mortality,NEPmax,Mid,33,-0.78409,72.7,0.01995,0.04987,*
M1vsM2_12m,equal_width,Relative Mortality,WUE,Mid,33,0.01682,48.5,0.3739,0.4512,ns
M1vsM2_12m,equal_width,Relative Mortality,uWUE,Mid,33,0.0033,48.5,0.4929,0.5391,ns
M1vsM2_12m,equal_width,Relative Mortality,ETmax,Low,53,-0.00101,58.5,0.2422,0.3812,ns
M1vsM2_12m,equal_width,Relative Mortality,GPPsat,Low,53,-0.45406,60.4,0.009047,0.03482,*
M1vsM2_12m,equal_width,Relative Mortality,NEPmax,Low,53,-1.01733,62.3,0.003466,0.02492,*
M1vsM2_12m,equal_width,Relative Mortality,WUE,Low,53,-0.07874,62.3,0.003559,0.02492,*
M1vsM2_12m,equal_width,Relative Mortality,uWUE,Low,53,-0.05954,58.5,0.01608,0.04525,*
M1vsM2_12m,equal_width,Relative Mortality,ETmax,High,7,-0.00208,57.1,0.6001,0.6001,ns
M1vsM2_12m,equal_width,Relative Mortality,GPPsat,High,7,0.39304,42.9,0.4663,0.5265,ns
M1vsM2_12m,equal_width,Relative Mortality,NEPmax,High,7,-1.28271,57.1,0.1024,0.1992,ns
M1vsM2_12m,equal_width,Relative Mortality,WUE,High,7,-0.02245,57.1,0.3363,0.4301,ns
M1vsM2_12m,equal_width,Relative Mortality,uWUE,High,7,-0.01672,57.1,0.2771,0.3879,ns
M1vsM2_12m,equal_width,Relative Disturbance,ETmax,Mid,35,-9e-04,57.1,0.3441,0.4301,ns
M1vsM2_12m,equal_width,Relative Disturbance,GPPsat,Mid,35,-0.81306,68.6,0.006543,0.03271,*
M1vsM2_12m,equal_width,Relative Disturbance,NEPmax,Mid,35,-0.77429,65.7,0.02926,0.064,ns
M1vsM2_12m,equal_width,Relative Disturbance,WUE,Mid,35,-0.02245,51.4,0.275,0.3879,ns
M1vsM2_12m,equal_width,Relative Disturbance,uWUE,Mid,35,0.02075,45.7,0.5359,0.5684,ns
M1vsM2_12m,equal_width,Relative Disturbance,ETmax,Low,53,-0.00106,60.4,0.2505,0.3812,ns
M1vsM2_12m,equal_width,Relative Disturbance,GPPsat,Low,53,-0.30411,58.5,0.01538,0.04525,*
M1vsM2_12m,equal_width,Relative Disturbance,NEPmax,Low,53,-0.96803,64.2,0.003286,0.02492,*
M1vsM2_12m,equal_width,Relative Disturbance,WUE,Low,53,-0.0554,60.4,0.009949,0.03482,*
M1vsM2_12m,equal_width,Relative Disturbance,uWUE,Low,53,-0.03479,58.5,0.02177,0.0508,ns
M1vsM2_12m,equal_width,Relative Disturbance,ETmax,High,5,-0.00208,60,,,""
M1vsM2_12m,equal_width,Relative Disturbance,GPPsat,High,5,-2.03008,60,,,""
M1vsM2_12m,equal_width,Relative Disturbance,NEPmax,High,5,-3.37562,80,,,""
M1vsM2_12m,equal_width,Relative Disturbance,WUE,High,5,-0.13851,60,,,""
M1vsM2_12m,equal_width,Relative Disturbance,uWUE,High,5,-0.22706,80,,,""
M1vsM2_12m,natural_breaks,Absolute Mortality,ETmax,High,20,-0.00157,55,0.448,0.5023,ns
M1vsM2_12m,natural_breaks,Absolute Mortality,GPPsat,High,20,0.10057,50,0.2814,0.3725,ns
M1vsM2_12m,natural_breaks,Absolute Mortality,NEPmax,High,20,-0.39697,60,0.06065,0.1137,ns
M1vsM2_12m,natural_breaks,Absolute Mortality,WUE,High,20,0.05454,45,0.448,0.5023,ns
M1vsM2_12m,natural_breaks,Absolute Mortality,uWUE,High,20,0.00155,50,0.3338,0.4173,ns
M1vsM2_12m,natural_breaks,Absolute Mortality,ETmax,Mid,43,-0.00092,60.5,0.271,0.3725,ns
M1vsM2_12m,natural_breaks,Absolute Mortality,GPPsat,Mid,43,-0.95878,69.8,0.001577,0.06839,ns
M1vsM2_12m,natural_breaks,Absolute Mortality,NEPmax,Mid,43,-1.06665,69.8,0.01072,0.07679,ns
M1vsM2_12m,natural_breaks,Absolute Mortality,WUE,Mid,43,-0.0554,60.5,0.04376,0.09707,ns
M1vsM2_12m,natural_breaks,Absolute Mortality,uWUE,Mid,43,-0.01926,55.8,0.2145,0.3328,ns
M1vsM2_12m,natural_breaks,Absolute Mortality,ETmax,Low,30,-0.00109,60,0.3867,0.4703,ns
M1vsM2_12m,natural_breaks,Absolute Mortality,GPPsat,Low,30,-0.37908,60,0.03846,0.09707,ns
M1vsM2_12m,natural_breaks,Absolute Mortality,NEPmax,Low,30,-0.90045,63.3,0.01621,0.07679,ns
M1vsM2_12m,natural_breaks,Absolute Mortality,WUE,Low,30,-0.0975,60,0.01706,0.07679,ns
M1vsM2_12m,natural_breaks,Absolute Mortality,uWUE,Low,30,-0.06287,56.7,0.03677,0.09707,ns
M1vsM2_12m,natural_breaks,Relative Mortality,ETmax,High,26,-0.00071,53.8,0.667,0.667,ns
M1vsM2_12m,natural_breaks,Relative Mortality,GPPsat,High,26,-0.70367,61.5,0.06377,0.1148,ns
M1vsM2_12m,natural_breaks,Relative Mortality,NEPmax,High,26,-0.87661,65.4,0.03009,0.09707,ns
M1vsM2_12m,natural_breaks,Relative Mortality,WUE,High,26,-0.00282,50,0.4096,0.485,ns
M1vsM2_12m,natural_breaks,Relative Mortality,uWUE,High,26,0.00155,50,0.333,0.4173,ns
M1vsM2_12m,natural_breaks,Relative Mortality,ETmax,Mid,32,-0.00275,68.8,0.0453,0.09707,ns
M1vsM2_12m,natural_breaks,Relative Mortality,GPPsat,Mid,32,-0.69039,56.2,0.02124,0.08688,ns
M1vsM2_12m,natural_breaks,Relative Mortality,NEPmax,Mid,32,-0.98946,65.6,0.01401,0.07679,ns
M1vsM2_12m,natural_breaks,Relative Mortality,WUE,Mid,32,-0.12557,62.5,0.01614,0.07679,ns
M1vsM2_12m,natural_breaks,Relative Mortality,uWUE,Mid,32,-0.01898,56.2,0.2655,0.3725,ns
M1vsM2_12m,natural_breaks,Relative Mortality,ETmax,Low,35,-0.00032,54.3,0.5811,0.6226,ns
M1vsM2_12m,natural_breaks,Relative Mortality,GPPsat,Low,35,-0.63161,68.6,0.02329,0.08734,ns
M1vsM2_12m,natural_breaks,Relative Mortality,NEPmax,Low,35,-1.01733,65.7,0.01023,0.07679,ns
M1vsM2_12m,natural_breaks,Relative Mortality,WUE,Low,35,-0.02433,57.1,0.1022,0.1642,ns
M1vsM2_12m,natural_breaks,Relative Mortality,uWUE,Low,35,-0.06239,57.1,0.04199,0.09707,ns
M1vsM2_12m,natural_breaks,Relative Disturbance,ETmax,Mid,35,-0.00138,68.6,0.04501,0.09707,ns
M1vsM2_12m,natural_breaks,Relative Disturbance,GPPsat,Mid,35,-0.76391,62.9,0.006248,0.07679,ns
M1vsM2_12m,natural_breaks,Relative Disturbance,NEPmax,Mid,35,-1.12855,71.4,0.003039,0.06839,ns
M1vsM2_12m,natural_breaks,Relative Disturbance,WUE,Mid,35,-0.10815,60,0.01216,0.07679,ns
M1vsM2_12m,natural_breaks,Relative Disturbance,uWUE,Mid,35,-0.00789,54.3,0.2536,0.3725,ns
M1vsM2_12m,natural_breaks,Relative Disturbance,ETmax,Low,35,-0.00032,54.3,0.6253,0.6395,ns
M1vsM2_12m,natural_breaks,Relative Disturbance,GPPsat,Low,35,-0.63161,62.9,0.04987,0.09757,ns
M1vsM2_12m,natural_breaks,Relative Disturbance,NEPmax,Low,35,-0.96803,60,0.04501,0.09707,ns
M1vsM2_12m,natural_breaks,Relative Disturbance,WUE,Low,35,-0.02908,60,0.07359,0.1274,ns
M1vsM2_12m,natural_breaks,Relative Disturbance,uWUE,Low,35,-0.06239,57.1,0.04987,0.09757,ns
M1vsM2_12m,natural_breaks,Relative Disturbance,ETmax,High,23,-7e-05,52.2,0.602,0.63,ns
M1vsM2_12m,natural_breaks,Relative Disturbance,GPPsat,High,23,-0.59428,60.9,0.0832,0.1387,ns
M1vsM2_12m,natural_breaks,Relative Disturbance,NEPmax,High,23,-0.77429,65.2,0.0376,0.09707,ns
M1vsM2_12m,natural_breaks,Relative Disturbance,WUE,High,23,0.01682,47.8,0.4576,0.5023,ns
M1vsM2_12m,natural_breaks,Relative Disturbance,uWUE,High,23,-0.00021,52.2,0.2766,0.3725,ns
M1vsM2_24m,tertiles,Absolute Mortality,ETmax,High,31,0.00071,48.4,0.2253,0.2534,ns
M1vsM2_24m,tertiles,Absolute Mortality,GPPsat,High,31,-0.40926,64.5,0.09626,0.1354,ns
M1vsM2_24m,tertiles,Absolute Mortality,NEPmax,High,31,-1.04815,67.7,0.004984,0.05607,ns
M1vsM2_24m,tertiles,Absolute Mortality,WUE,High,31,0.00127,48.4,0.2137,0.2531,ns
M1vsM2_24m,tertiles,Absolute Mortality,uWUE,High,31,-0.04124,61.3,0.03346,0.08856,ns
M1vsM2_24m,tertiles,Absolute Mortality,ETmax,Mid,31,0.00026,48.4,0.2194,0.2532,ns
M1vsM2_24m,tertiles,Absolute Mortality,GPPsat,Mid,31,-0.29315,67.7,0.02229,0.07679,ns
M1vsM2_24m,tertiles,Absolute Mortality,NEPmax,Mid,31,-1.31284,67.7,0.05297,0.1073,ns
M1vsM2_24m,tertiles,Absolute Mortality,WUE,Mid,31,-0.10988,67.7,0.04692,0.1073,ns
M1vsM2_24m,tertiles,Absolute Mortality,uWUE,Mid,31,-0.02664,58.1,0.1428,0.1835,ns
M1vsM2_24m,tertiles,Absolute Mortality,ETmax,Low,31,2e-05,48.4,0.4727,0.4914,ns
M1vsM2_24m,tertiles,Absolute Mortality,GPPsat,Low,31,-0.50739,67.7,0.01011,0.05688,ns
M1vsM2_24m,tertiles,Absolute Mortality,NEPmax,Low,31,-1.02543,77.4,0.002315,0.04697,*
M1vsM2_24m,tertiles,Absolute Mortality,WUE,Low,31,-0.0229,54.8,0.05734,0.1073,ns
M1vsM2_24m,tertiles,Absolute Mortality,uWUE,Low,31,-0.06472,61.3,0.03064,0.08617,ns
M1vsM2_24m,tertiles,Relative Mortality,ETmax,High,31,0.00027,48.4,0.2621,0.2877,ns
M1vsM2_24m,tertiles,Relative Mortality,GPPsat,High,31,-0.24694,61.3,0.08974,0.1303,ns
M1vsM2_24m,tertiles,Relative Mortality,NEPmax,High,31,-0.91579,71,0.006235,0.05611,ns
M1vsM2_24m,tertiles,Relative Mortality,WUE,High,31,-0.0378,58.1,0.08355,0.1303,ns
M1vsM2_24m,tertiles,Relative Mortality,uWUE,High,31,-0.04124,58.1,0.08661,0.1303,ns
M1vsM2_24m,tertiles,Relative Mortality,ETmax,Mid,31,0.00026,48.4,0.1916,0.233,ns
M1vsM2_24m,tertiles,Relative Mortality,GPPsat,Mid,31,-0.53333,71,0.01374,0.0683,ns
M1vsM2_24m,tertiles,Relative Mortality,NEPmax,Mid,31,-1.18625,64.5,0.02335,0.07679,ns
M1vsM2_24m,tertiles,Relative Mortality,WUE,Mid,31,-0.05282,61.3,0.05963,0.1073,ns
M1vsM2_24m,tertiles,Relative Mortality,uWUE,Mid,31,-0.0193,61.3,0.05089,0.1073,ns
M1vsM2_24m,tertiles,Relative Mortality,ETmax,Low,31,2e-05,48.4,0.4805,0.4914,ns
M1vsM2_24m,tertiles,Relative Mortality,GPPsat,Low,31,-0.50739,67.7,0.01757,0.0719,ns
M1vsM2_24m,tertiles,Relative Mortality,NEPmax,Low,31,-1.38822,77.4,0.003131,0.04697,*
M1vsM2_24m,tertiles,Relative Mortality,WUE,Low,31,-0.0229,51.6,0.1564,0.1955,ns
M1vsM2_24m,tertiles,Relative Mortality,uWUE,Low,31,-0.06472,61.3,0.05089,0.1073,ns
M1vsM2_24m,tertiles,Relative Disturbance,ETmax,High,31,0.0011,41.9,0.3439,0.3685,ns
M1vsM2_24m,tertiles,Relative Disturbance,GPPsat,High,31,-0.24694,61.3,0.07488,0.1296,ns
M1vsM2_24m,tertiles,Relative Disturbance,NEPmax,High,31,-0.89283,67.7,0.008633,0.05688,ns
M1vsM2_24m,tertiles,Relative Disturbance,WUE,High,31,-0.0378,58.1,0.1428,0.1835,ns
M1vsM2_24m,tertiles,Relative Disturbance,uWUE,High,31,-0.02952,61.3,0.1299,0.1772,ns
M1vsM2_24m,tertiles,Relative Disturbance,ETmax,Mid,31,-0.00251,58.1,0.08974,0.1303,ns
M1vsM2_24m,tertiles,Relative Disturbance,GPPsat,Mid,31,-0.50739,71,0.009103,0.05688,ns
M1vsM2_24m,tertiles,Relative Disturbance,NEPmax,Mid,31,-1.18625,71,0.00295,0.04697,*
M1vsM2_24m,tertiles,Relative Disturbance,WUE,Mid,31,-0.01787,58.1,0.05734,0.1073,ns
M1vsM2_24m,tertiles,Relative Disturbance,uWUE,Mid,31,-0.01911,54.8,0.05963,0.1073,ns
M1vsM2_24m,tertiles,Relative Disturbance,ETmax,Low,31,0.00027,45.2,0.5968,0.5968,ns
M1vsM2_24m,tertiles,Relative Disturbance,GPPsat,Low,31,-0.57732,67.7,0.0256,0.07679,ns
M1vsM2_24m,tertiles,Relative Disturbance,NEPmax,Low,31,-1.38822,74.2,0.01518,0.0683,ns
M1vsM2_24m,tertiles,Relative Disturbance,WUE,Low,31,-0.03901,54.8,0.08661,0.1303,ns
M1vsM2_24m,tertiles,Relative Disturbance,uWUE,Low,31,-0.08037,64.5,0.0256,0.07679,ns
M1vsM2_24m,equal_width,Absolute Mortality,ETmax,Mid,35,0.00027,45.7,0.275,0.3232,ns
M1vsM2_24m,equal_width,Absolute Mortality,GPPsat,Mid,35,-0.35428,65.7,0.05888,0.1145,ns
M1vsM2_24m,equal_width,Absolute Mortality,NEPmax,Mid,35,-0.7665,62.9,0.02155,0.05073,ns
M1vsM2_24m,equal_width,Absolute Mortality,WUE,Mid,35,0.00127,48.6,0.2432,0.3097,ns
M1vsM2_24m,equal_width,Absolute Mortality,uWUE,Mid,35,-0.02535,54.3,0.09926,0.1737,ns
M1vsM2_24m,equal_width,Absolute Mortality,ETmax,Low,53,-0.00111,50.9,0.2477,0.3097,ns
M1vsM2_24m,equal_width,Absolute Mortality,GPPsat,Low,53,-0.6882,69.8,0.0005791,0.01013,*
M1vsM2_24m,equal_width,Absolute Mortality,NEPmax,Low,53,-1.46068,77.4,0.000206,0.007211,**
M1vsM2_24m,equal_width,Absolute Mortality,WUE,Low,53,-0.05472,64.2,0.003286,0.01599,*
M1vsM2_24m,equal_width,Absolute Mortality,uWUE,Low,53,-0.05438,64.2,0.004624,0.01619,*
M1vsM2_24m,equal_width,Absolute Mortality,ETmax,High,5,0.0011,40,,,""
M1vsM2_24m,equal_width,Absolute Mortality,GPPsat,High,5,0.80947,40,,,""
M1vsM2_24m,equal_width,Absolute Mortality,NEPmax,High,5,-0.22971,60,,,""
M1vsM2_24m,equal_width,Absolute Mortality,WUE,High,5,0.06223,40,,,""
M1vsM2_24m,equal_width,Absolute Mortality,uWUE,High,5,-0.02952,60,,,""
M1vsM2_24m,equal_width,Relative Mortality,ETmax,Mid,33,0.00027,45.5,0.2898,0.3272,ns
M1vsM2_24m,equal_width,Relative Mortality,GPPsat,Mid,33,-0.39138,69.7,0.02174,0.05073,ns
M1vsM2_24m,equal_width,Relative Mortality,NEPmax,Mid,33,-0.91579,72.7,0.004544,0.01619,*
M1vsM2_24m,equal_width,Relative Mortality,WUE,Mid,33,-0.0378,60.6,0.1629,0.2571,ns
M1vsM2_24m,equal_width,Relative Mortality,uWUE,Mid,33,-0.02535,54.5,0.2211,0.3004,ns
M1vsM2_24m,equal_width,Relative Mortality,ETmax,Low,53,2e-05,49.1,0.3583,0.38,ns
M1vsM2_24m,equal_width,Relative Mortality,GPPsat,Low,53,-0.57732,67.9,0.002243,0.0157,*
M1vsM2_24m,equal_width,Relative Mortality,NEPmax,Low,53,-1.31284,69.8,0.001792,0.01568,*
M1vsM2_24m,equal_width,Relative Mortality,WUE,Low,53,-0.03901,56.6,0.01314,0.03538,*
M1vsM2_24m,equal_width,Relative Mortality,uWUE,Low,53,-0.07816,64.2,0.003466,0.01599,*
M1vsM2_24m,equal_width,Relative Mortality,ETmax,High,7,-0.00216,57.1,0.1763,0.2571,ns
M1vsM2_24m,equal_width,Relative Mortality,GPPsat,High,7,0.80947,42.9,0.3363,0.3678,ns
M1vsM2_24m,equal_width,Relative Mortality,NEPmax,High,7,-1.42235,71.4,0.07539,0.1389,ns
M1vsM2_24m,equal_width,Relative Mortality,WUE,High,7,0.06223,42.9,0.3999,0.4055,ns
M1vsM2_24m,equal_width,Relative Mortality,uWUE,High,7,-0.02952,57.1,0.2771,0.3232,ns
M1vsM2_24m,equal_width,Relative Disturbance,ETmax,Mid,35,0.00026,48.6,0.169,0.2571,ns
M1vsM2_24m,equal_width,Relative Disturbance,GPPsat,Mid,35,-0.39138,65.7,0.0339,0.0698,ns
M1vsM2_24m,equal_width,Relative Disturbance,NEPmax,Mid,35,-0.75422,65.7,0.01268,0.03538,*
M1vsM2_24m,equal_width,Relative Disturbance,WUE,Mid,35,-0.03078,57.1,0.1345,0.2241,ns
M1vsM2_24m,equal_width,Relative Disturbance,uWUE,Mid,35,-0.02664,57.1,0.2231,0.3004,ns
M1vsM2_24m,equal_width,Relative Disturbance,ETmax,Low,53,2e-05,49.1,0.4055,0.4055,ns
M1vsM2_24m,equal_width,Relative Disturbance,GPPsat,Low,53,-0.50739,67.9,0.003655,0.01599,*
M1vsM2_24m,equal_width,Relative Disturbance,NEPmax,Low,53,-1.31284,71.7,0.001792,0.01568,*
M1vsM2_24m,equal_width,Relative Disturbance,WUE,Low,53,-0.03901,56.6,0.03027,0.06622,ns
M1vsM2_24m,equal_width,Relative Disturbance,uWUE,Low,53,-0.06472,62.3,0.005965,0.01898,*
M1vsM2_24m,equal_width,Relative Disturbance,ETmax,High,5,0.0011,40,,,""
M1vsM2_24m,equal_width,Relative Disturbance,GPPsat,High,5,-2.32192,60,,,""
M1vsM2_24m,equal_width,Relative Disturbance,NEPmax,High,5,-3.78973,100,,,""
M1vsM2_24m,equal_width,Relative Disturbance,WUE,High,5,-0.10762,60,,,""
M1vsM2_24m,equal_width,Relative Disturbance,uWUE,High,5,-0.22522,60,,,""
M1vsM2_24m,natural_breaks,Absolute Mortality,ETmax,High,20,-0.00045,50,0.1613,0.1961,ns
M1vsM2_24m,natural_breaks,Absolute Mortality,GPPsat,High,20,-0.48869,60,0.1902,0.2252,ns
M1vsM2_24m,natural_breaks,Absolute Mortality,NEPmax,High,20,-0.98197,65,0.0229,0.06551,ns
M1vsM2_24m,natural_breaks,Absolute Mortality,WUE,High,20,0.02865,45,0.3897,0.4176,ns
M1vsM2_24m,natural_breaks,Absolute Mortality,uWUE,High,20,-0.03538,60,0.09253,0.1388,ns
M1vsM2_24m,natural_breaks,Absolute Mortality,ETmax,Mid,43,0.00026,48.8,0.2041,0.2355,ns
M1vsM2_24m,natural_breaks,Absolute Mortality,GPPsat,Mid,43,-0.40926,69.8,0.009121,0.06441,ns
M1vsM2_24m,natural_breaks,Absolute Mortality,NEPmax,Mid,43,-1.18625,69.8,0.01005,0.06441,ns
M1vsM2_24m,natural_breaks,Absolute Mortality,WUE,Mid,43,-0.0974,62.8,0.03459,0.08192,ns
M1vsM2_24m,natural_breaks,Absolute Mortality,uWUE,Mid,43,-0.02664,58.1,0.07975,0.133,ns
M1vsM2_24m,natural_breaks,Absolute Mortality,ETmax,Low,30,0.00026,46.7,0.5491,0.5746,ns
M1vsM2_24m,natural_breaks,Absolute Mortality,GPPsat,Low,30,-0.4357,66.7,0.0154,0.06441,ns
M1vsM2_24m,natural_breaks,Absolute Mortality,NEPmax,Low,30,-1.16045,76.7,0.002924,0.05035,ns
M1vsM2_24m,natural_breaks,Absolute Mortality,WUE,Low,30,-0.03096,56.7,0.04785,0.1077,ns
M1vsM2_24m,natural_breaks,Absolute Mortality,uWUE,Low,30,-0.07144,63.3,0.02535,0.06711,ns
M1vsM2_24m,natural_breaks,Relative Mortality,ETmax,High,26,0.00069,46.2,0.3238,0.3642,ns
M1vsM2_24m,natural_breaks,Relative Mortality,GPPsat,High,26,-0.21828,61.5,0.1067,0.1533,ns
M1vsM2_24m,natural_breaks,Relative Mortality,NEPmax,High,26,-0.90431,69.2,0.01447,0.06441,ns
M1vsM2_24m,natural_breaks,Relative Mortality,WUE,High,26,-0.03429,57.7,0.1163,0.1586,ns
M1vsM2_24m,natural_breaks,Relative Mortality,uWUE,High,26,-0.03538,57.7,0.1374,0.1766,ns
M1vsM2_24m,natural_breaks,Relative Mortality,ETmax,Mid,32,-0.00126,53.1,0.07107,0.133,ns
M1vsM2_24m,natural_breaks,Relative Mortality,GPPsat,Mid,32,-0.47638,68.8,0.01335,0.06441,ns
M1vsM2_24m,natural_breaks,Relative Mortality,NEPmax,Mid,32,-0.97637,65.6,0.01155,0.06441,ns
M1vsM2_24m,natural_breaks,Relative Mortality,WUE,Mid,32,-0.03534,59.4,0.129,0.1707,ns
M1vsM2_24m,natural_breaks,Relative Mortality,uWUE,Mid,32,-0.0192,59.4,0.0818,0.133,ns
M1vsM2_24m,natural_breaks,Relative Mortality,ETmax,Low,35,0.00027,45.7,0.6128,0.6128,ns
M1vsM2_24m,natural_breaks,Relative Mortality,GPPsat,Low,35,-0.50739,68.6,0.01628,0.06441,ns
M1vsM2_24m,natural_breaks,Relative Mortality,NEPmax,Low,35,-1.38822,77.1,0.003357,0.05035,ns
M1vsM2_24m,natural_breaks,Relative Mortality,WUE,Low,35,-0.03901,54.3,0.05514,0.1181,ns
M1vsM2_24m,natural_breaks,Relative Mortality,uWUE,Low,35,-0.08037,62.9,0.02329,0.06551,ns
M1vsM2_24m,natural_breaks,Relative Disturbance,ETmax,Mid,35,-0.00201,54.3,0.08317,0.133,ns
M1vsM2_24m,natural_breaks,Relative Disturbance,GPPsat,Mid,35,-0.50739,68.6,0.01439,0.06441,ns
M1vsM2_24m,natural_breaks,Relative Disturbance,NEPmax,Mid,35,-1.31284,74.3,0.0004293,0.01932,*
M1vsM2_24m,natural_breaks,Relative Disturbance,WUE,Mid,35,-0.0378,57.1,0.08571,0.133,ns
M1vsM2_24m,natural_breaks,Relative Disturbance,uWUE,Mid,35,-0.01361,51.4,0.1454,0.1817,ns
M1vsM2_24m,natural_breaks,Relative Disturbance,ETmax,Low,35,0.00027,45.7,0.5811,0.5943,ns
M1vsM2_24m,natural_breaks,Relative Disturbance,GPPsat,Low,35,-0.36401,65.7,0.02329,0.06551,ns
M1vsM2_24m,natural_breaks,Relative Disturbance,NEPmax,Low,35,-1.02543,68.6,0.03151,0.07878,ns
M1vsM2_24m,natural_breaks,Relative Disturbance,WUE,Low,35,-0.03901,57.1,0.07133,0.133,ns
M1vsM2_24m,natural_breaks,Relative Disturbance,uWUE,Low,35,-0.08037,65.7,0.01766,0.06441,ns
M1vsM2_24m,natural_breaks,Relative Disturbance,ETmax,High,23,0.0011,43.5,0.3863,0.4176,ns
M1vsM2_24m,natural_breaks,Relative Disturbance,GPPsat,High,23,-0.24694,65.2,0.07427,0.133,ns
M1vsM2_24m,natural_breaks,Relative Disturbance,NEPmax,High,23,-0.89283,69.6,0.01861,0.06441,ns
M1vsM2_24m,natural_breaks,Relative Disturbance,WUE,High,23,-0.03078,56.5,0.109,0.1533,ns
M1vsM2_24m,natural_breaks,Relative Disturbance,uWUE,High,23,-0.04124,65.2,0.06609,0.133,ns
M3vsM4_12m,tertiles,Absolute Mortality,ETmax,High,31,0.00207,32.3,0.8859,0.9061,ns
M3vsM4_12m,tertiles,Absolute Mortality,GPPsat,High,31,-0.61879,74.2,0.004708,0.02354,*
M3vsM4_12m,tertiles,Absolute Mortality,NEPmax,High,31,-0.66506,80.6,0.004198,0.02354,*
M3vsM4_12m,tertiles,Absolute Mortality,WUE,High,31,-0.0162,51.6,0.05963,0.1412,ns
M3vsM4_12m,tertiles,Absolute Mortality,uWUE,High,31,-0.05627,54.8,0.06692,0.1434,ns
M3vsM4_12m,tertiles,Absolute Mortality,ETmax,Mid,31,0.00043,48.4,0.5584,0.6129,ns
M3vsM4_12m,tertiles,Absolute Mortality,GPPsat,Mid,31,-0.32936,64.5,0.06692,0.1434,ns
M3vsM4_12m,tertiles,Absolute Mortality,NEPmax,Mid,31,-0.73383,67.7,0.01518,0.04553,*
M3vsM4_12m,tertiles,Absolute Mortality,WUE,Mid,31,-0.0207,61.3,0.2685,0.3554,ns
M3vsM4_12m,tertiles,Absolute Mortality,uWUE,Mid,31,-0.00833,51.6,0.4493,0.5184,ns
M3vsM4_12m,tertiles,Absolute Mortality,ETmax,Low,31,-4e-04,58.1,0.3512,0.4271,ns
M3vsM4_12m,tertiles,Absolute Mortality,GPPsat,Low,31,-0.47613,64.5,0.003962,0.02354,*
M3vsM4_12m,tertiles,Absolute Mortality,NEPmax,Low,31,-0.54038,80.6,0.0006329,0.01424,*
M3vsM4_12m,tertiles,Absolute Mortality,WUE,Low,31,-0.03674,58.1,0.07215,0.1476,ns
M3vsM4_12m,tertiles,Absolute Mortality,uWUE,Low,31,-0.05623,61.3,0.1428,0.2215,ns
M3vsM4_12m,tertiles,Relative Mortality,ETmax,High,31,0.00206,32.3,0.9603,0.9603,ns
M3vsM4_12m,tertiles,Relative Mortality,GPPsat,High,31,-0.46721,74.2,0.005578,0.0251,*
M3vsM4_12m,tertiles,Relative Mortality,NEPmax,High,31,-0.63401,77.4,0.004708,0.02354,*
M3vsM4_12m,tertiles,Relative Mortality,WUE,High,31,-0.01002,51.6,0.197,0.277,ns
M3vsM4_12m,tertiles,Relative Mortality,uWUE,High,31,-0.02732,58.1,0.1141,0.1974,ns
M3vsM4_12m,tertiles,Relative Mortality,ETmax,Mid,31,0.00012,48.4,0.197,0.277,ns
M3vsM4_12m,tertiles,Relative Mortality,GPPsat,Mid,31,-0.73096,71,0.006588,0.02695,*
M3vsM4_12m,tertiles,Relative Mortality,NEPmax,Mid,31,-0.73383,77.4,0.002047,0.02354,*
M3vsM4_12m,tertiles,Relative Mortality,WUE,Mid,31,-0.04132,61.3,0.08058,0.1567,ns
M3vsM4_12m,tertiles,Relative Mortality,uWUE,Mid,31,-0.04161,51.6,0.2816,0.3621,ns
M3vsM4_12m,tertiles,Relative Mortality,ETmax,Low,31,-4e-04,58.1,0.5195,0.5845,ns
M3vsM4_12m,tertiles,Relative Mortality,GPPsat,Low,31,-0.46031,58.1,0.0432,0.1144,ns
M3vsM4_12m,tertiles,Relative Mortality,NEPmax,Low,31,-0.48367,74.2,0.003962,0.02354,*
M3vsM4_12m,tertiles,Relative Mortality,WUE,Low,31,-0.03674,58.1,0.1428,0.2215,ns
M3vsM4_12m,tertiles,Relative Mortality,uWUE,Low,31,-0.0478,58.1,0.1428,0.2215,ns
M3vsM4_12m,tertiles,Relative Disturbance,ETmax,High,31,0.00178,35.5,0.8528,0.8924,ns
M3vsM4_12m,tertiles,Relative Disturbance,GPPsat,High,31,-0.61879,74.2,0.003737,0.02354,*
M3vsM4_12m,tertiles,Relative Disturbance,NEPmax,High,31,-0.66506,74.2,0.009596,0.03322,*
M3vsM4_12m,tertiles,Relative Disturbance,WUE,High,31,0.00151,48.4,0.3368,0.4209,ns
M3vsM4_12m,tertiles,Relative Disturbance,uWUE,High,31,-0.00833,51.6,0.1518,0.2277,ns
M3vsM4_12m,tertiles,Relative Disturbance,ETmax,Mid,31,-4e-04,51.6,0.2253,0.3072,ns
M3vsM4_12m,tertiles,Relative Disturbance,GPPsat,Mid,31,-0.52637,67.7,0.01181,0.03795,*
M3vsM4_12m,tertiles,Relative Disturbance,NEPmax,Mid,31,-0.67819,80.6,0.0002713,0.01221,*
M3vsM4_12m,tertiles,Relative Disturbance,WUE,Mid,31,-0.06818,61.3,0.05297,0.1324,ns
M3vsM4_12m,tertiles,Relative Disturbance,uWUE,Mid,31,-0.04161,54.8,0.4032,0.4775,ns
M3vsM4_12m,tertiles,Relative Disturbance,ETmax,Low,31,-8e-05,51.6,0.705,0.7554,ns
M3vsM4_12m,tertiles,Relative Disturbance,GPPsat,Low,31,-0.46031,61.3,0.02931,0.08243,ns
M3vsM4_12m,tertiles,Relative Disturbance,NEPmax,Low,31,-0.48367,74.2,0.009103,0.03322,*
M3vsM4_12m,tertiles,Relative Disturbance,WUE,Low,31,-0.05918,61.3,0.1103,0.1974,ns
M3vsM4_12m,tertiles,Relative Disturbance,uWUE,Low,31,-0.06126,61.3,0.08355,0.1567,ns
M3vsM4_12m,equal_width,Absolute Mortality,ETmax,Mid,35,0.00206,34.3,0.8759,0.8759,ns
M3vsM4_12m,equal_width,Absolute Mortality,GPPsat,Mid,35,-0.17157,62.9,0.06913,0.1396,ns
M3vsM4_12m,equal_width,Absolute Mortality,NEPmax,Mid,35,-0.63401,68.6,0.01766,0.04754,*
M3vsM4_12m,equal_width,Absolute Mortality,WUE,Mid,35,-0.0335,54.3,0.1492,0.2486,ns
M3vsM4_12m,equal_width,Absolute Mortality,uWUE,Mid,35,0.00388,48.6,0.233,0.3399,ns
M3vsM4_12m,equal_width,Absolute Mortality,ETmax,Low,53,-4e-04,54.7,0.3517,0.4397,ns
M3vsM4_12m,equal_width,Absolute Mortality,GPPsat,Low,53,-0.47613,67.9,0.0002515,0.003051,**
M3vsM4_12m,equal_width,Absolute Mortality,NEPmax,Low,53,-0.67819,79.2,6.323e-05,0.002213,**
M3vsM4_12m,equal_width,Absolute Mortality,WUE,Low,53,-0.03674,62.3,0.01608,0.04691,*
M3vsM4_12m,equal_width,Absolute Mortality,uWUE,Low,53,-0.04161,60.4,0.07451,0.1396,ns
M3vsM4_12m,equal_width,Absolute Mortality,ETmax,High,5,0.0022,40,,,""
M3vsM4_12m,equal_width,Absolute Mortality,GPPsat,High,5,-1.19501,100,,,""
M3vsM4_12m,equal_width,Absolute Mortality,NEPmax,High,5,-1.28063,100,,,""
M3vsM4_12m,equal_width,Absolute Mortality,WUE,High,5,0.02526,20,,,""
M3vsM4_12m,equal_width,Absolute Mortality,uWUE,High,5,-0.05627,60,,,""
M3vsM4_12m,equal_width,Relative Mortality,ETmax,Mid,33,0.00118,39.4,0.7163,0.7597,ns
M3vsM4_12m,equal_width,Relative Mortality,GPPsat,Mid,33,-0.51645,72.7,0.004091,0.01798,*
M3vsM4_12m,equal_width,Relative Mortality,NEPmax,Mid,33,-0.52335,72.7,0.009173,0.03211,*
M3vsM4_12m,equal_width,Relative Mortality,WUE,Mid,33,-0.0162,57.6,0.2159,0.3399,ns
M3vsM4_12m,equal_width,Relative Mortality,uWUE,Mid,33,-0.00833,51.5,0.334,0.433,ns
M3vsM4_12m,equal_width,Relative Mortality,ETmax,Low,53,-0.00024,52.8,0.4367,0.493,ns
M3vsM4_12m,equal_width,Relative Mortality,GPPsat,Low,53,-0.47186,62.3,0.004624,0.01798,*
M3vsM4_12m,equal_width,Relative Mortality,NEPmax,Low,53,-0.6577,75.5,0.0002964,0.003051,**
M3vsM4_12m,equal_width,Relative Mortality,WUE,Low,53,-0.05918,58.5,0.03214,0.07499,ns
M3vsM4_12m,equal_width,Relative Mortality,uWUE,Low,53,-0.0478,58.5,0.07577,0.1396,ns
M3vsM4_12m,equal_width,Relative Mortality,ETmax,High,7,0.00494,28.6,0.8237,0.848,ns
M3vsM4_12m,equal_width,Relative Mortality,GPPsat,High,7,-1.03597,85.7,0.1024,0.1793,ns
M3vsM4_12m,equal_width,Relative Mortality,NEPmax,High,7,-1.13465,100,0.01125,0.03579,*
M3vsM4_12m,equal_width,Relative Mortality,WUE,High,7,0.02495,42.9,0.3999,0.4827,ns
M3vsM4_12m,equal_width,Relative Mortality,uWUE,High,7,-0.10009,57.1,0.2234,0.3399,ns
M3vsM4_12m,equal_width,Relative Disturbance,ETmax,Mid,35,0.00043,42.9,0.4317,0.493,ns
M3vsM4_12m,equal_width,Relative Disturbance,GPPsat,Mid,35,-0.51645,74.3,0.002243,0.0157,*
M3vsM4_12m,equal_width,Relative Disturbance,NEPmax,Mid,35,-0.5635,74.3,0.004082,0.01798,*
M3vsM4_12m,equal_width,Relative Disturbance,WUE,Mid,35,-0.00638,51.4,0.3203,0.433,ns
M3vsM4_12m,equal_width,Relative Disturbance,uWUE,Mid,35,-0.00833,51.4,0.3321,0.433,ns
M3vsM4_12m,equal_width,Relative Disturbance,ETmax,Low,53,-8e-05,50.9,0.6646,0.7269,ns
M3vsM4_12m,equal_width,Relative Disturbance,GPPsat,Low,53,-0.47186,62.3,0.004391,0.01798,*
M3vsM4_12m,equal_width,Relative Disturbance,NEPmax,Low,53,-0.6577,75.5,0.0003487,0.003051,**
M3vsM4_12m,equal_width,Relative Disturbance,WUE,Low,53,-0.05918,60.4,0.02418,0.06045,ns
M3vsM4_12m,equal_width,Relative Disturbance,uWUE,Low,53,-0.0478,58.5,0.06066,0.1327,ns
M3vsM4_12m,equal_width,Relative Disturbance,ETmax,High,5,0.00494,20,,,""
M3vsM4_12m,equal_width,Relative Disturbance,GPPsat,High,5,-1.03597,80,,,""
M3vsM4_12m,equal_width,Relative Disturbance,NEPmax,High,5,-1.13465,100,,,""
M3vsM4_12m,equal_width,Relative Disturbance,WUE,High,5,-0.16467,60,,,""
M3vsM4_12m,equal_width,Relative Disturbance,uWUE,High,5,-0.14346,60,,,""
M3vsM4_12m,natural_breaks,Absolute Mortality,ETmax,High,20,0.00206,25,0.9703,0.9836,ns
M3vsM4_12m,natural_breaks,Absolute Mortality,GPPsat,High,20,-0.52073,70,0.04833,0.1208,ns
M3vsM4_12m,natural_breaks,Absolute Mortality,NEPmax,High,20,-0.89913,80,0.0323,0.09085,ns
M3vsM4_12m,natural_breaks,Absolute Mortality,WUE,High,20,0.04562,35,0.448,0.5169,ns
M3vsM4_12m,natural_breaks,Absolute Mortality,uWUE,High,20,-0.02154,50,0.1902,0.2674,ns
M3vsM4_12m,natural_breaks,Absolute Mortality,ETmax,Mid,43,0.00043,48.8,0.4783,0.5381,ns
M3vsM4_12m,natural_breaks,Absolute Mortality,GPPsat,Mid,43,-0.52637,69.8,0.007,0.0315,*
M3vsM4_12m,natural_breaks,Absolute Mortality,NEPmax,Mid,43,-0.6577,69.8,0.003119,0.02343,*
M3vsM4_12m,natural_breaks,Absolute Mortality,WUE,Mid,43,-0.04132,65.1,0.05348,0.1267,ns
M3vsM4_12m,natural_breaks,Absolute Mortality,uWUE,Mid,43,-0.01753,53.5,0.2552,0.3481,ns
M3vsM4_12m,natural_breaks,Absolute Mortality,ETmax,Low,30,-4e-04,56.7,0.3788,0.4486,ns
M3vsM4_12m,natural_breaks,Absolute Mortality,GPPsat,Low,30,-0.46822,63.3,0.005705,0.03124,*
M3vsM4_12m,natural_breaks,Absolute Mortality,NEPmax,Low,30,-0.5751,83.3,0.0006206,0.02149,*
M3vsM4_12m,natural_breaks,Absolute Mortality,WUE,Low,30,-0.04796,60,0.06146,0.1383,ns
M3vsM4_12m,natural_breaks,Absolute Mortality,uWUE,Low,30,-0.05875,63.3,0.1011,0.1768,ns
M3vsM4_12m,natural_breaks,Relative Mortality,ETmax,High,26,0.00209,26.9,0.9836,0.9836,ns
M3vsM4_12m,natural_breaks,Relative Mortality,GPPsat,High,26,-0.4461,73.1,0.01271,0.04399,*
M3vsM4_12m,natural_breaks,Relative Mortality,NEPmax,High,26,-0.8129,76.9,0.01447,0.04652,*
M3vsM4_12m,natural_breaks,Relative Mortality,WUE,High,26,0.01323,46.2,0.3611,0.4392,ns
M3vsM4_12m,natural_breaks,Relative Mortality,uWUE,High,26,-0.01783,53.8,0.1548,0.2302,ns
M3vsM4_12m,natural_breaks,Relative Mortality,ETmax,Mid,32,-0.00079,50,0.1586,0.2302,ns
M3vsM4_12m,natural_breaks,Relative Mortality,GPPsat,Mid,32,-0.73015,71.9,0.00856,0.0321,*
M3vsM4_12m,natural_breaks,Relative Mortality,NEPmax,Mid,32,-0.6469,75,0.003645,0.02343,*
M3vsM4_12m,natural_breaks,Relative Mortality,WUE,Mid,32,-0.06827,62.5,0.1001,0.1768,ns
M3vsM4_12m,natural_breaks,Relative Mortality,uWUE,Mid,32,-0.02957,53.1,0.3577,0.4392,ns
M3vsM4_12m,natural_breaks,Relative Mortality,ETmax,Low,35,-4e-04,57.1,0.4967,0.5452,ns
M3vsM4_12m,natural_breaks,Relative Mortality,GPPsat,Low,35,-0.46031,60,0.01563,0.04688,*
M3vsM4_12m,natural_breaks,Relative Mortality,NEPmax,Low,35,-0.60982,77.1,0.0009551,0.02149,*
M3vsM4_12m,natural_breaks,Relative Mortality,WUE,Low,35,-0.04132,60,0.07827,0.1531,ns
M3vsM4_12m,natural_breaks,Relative Mortality,uWUE,Low,35,-0.05028,60,0.06698,0.1435,ns
M3vsM4_12m,natural_breaks,Relative Disturbance,ETmax,Mid,35,-5e-04,57.1,0.1569,0.2302,ns
M3vsM4_12m,natural_breaks,Relative Disturbance,GPPsat,Mid,35,-0.53608,68.6,0.008208,0.0321,*
M3vsM4_12m,natural_breaks,Relative Disturbance,NEPmax,Mid,35,-0.6361,77.1,0.002361,0.02343,*
M3vsM4_12m,natural_breaks,Relative Disturbance,WUE,Mid,35,-0.04132,62.9,0.07827,0.1531,ns
M3vsM4_12m,natural_breaks,Relative Disturbance,uWUE,Mid,35,-0.02732,54.3,0.3502,0.4392,ns
M3vsM4_12m,natural_breaks,Relative Disturbance,ETmax,Low,35,-8e-05,51.4,0.6559,0.7027,ns
M3vsM4_12m,natural_breaks,Relative Disturbance,GPPsat,Low,35,-0.45041,60,0.03645,0.09647,ns
M3vsM4_12m,natural_breaks,Relative Disturbance,NEPmax,Low,35,-0.48367,71.4,0.006248,0.03124,*
M3vsM4_12m,natural_breaks,Relative Disturbance,WUE,Low,35,-0.05918,60,0.1022,0.1768,ns
M3vsM4_12m,natural_breaks,Relative Disturbance,uWUE,Low,35,-0.06126,60,0.1275,0.2049,ns
M3vsM4_12m,natural_breaks,Relative Disturbance,ETmax,High,23,0.00211,21.7,0.9513,0.9836,ns
M3vsM4_12m,natural_breaks,Relative Disturbance,GPPsat,High,23,-0.61879,78.3,0.003554,0.02343,*
M3vsM4_12m,natural_breaks,Relative Disturbance,NEPmax,High,23,-1.02371,82.6,0.002451,0.02343,*
M3vsM4_12m,natural_breaks,Relative Disturbance,WUE,High,23,0.02495,43.5,0.3296,0.4362,ns
M3vsM4_12m,natural_breaks,Relative Disturbance,uWUE,High,23,-0.00833,52.2,0.1208,0.2013,ns
M3vsM4_24m,tertiles,Absolute Mortality,ETmax,High,31,0.00038,48.4,0.7315,0.844,ns
M3vsM4_24m,tertiles,Absolute Mortality,GPPsat,High,31,-0.47485,74.2,0.02335,0.08464,ns
M3vsM4_24m,tertiles,Absolute Mortality,NEPmax,High,31,-1.01591,77.4,0.001923,0.02885,*
M3vsM4_24m,tertiles,Absolute Mortality,WUE,High,31,-0.10626,61.3,0.06441,0.126,ns
M3vsM4_24m,tertiles,Absolute Mortality,uWUE,High,31,-0.07973,64.5,0.02802,0.09008,ns
M3vsM4_24m,tertiles,Absolute Mortality,ETmax,Mid,31,0.00078,35.5,0.834,0.8778,ns
M3vsM4_24m,tertiles,Absolute Mortality,GPPsat,Mid,31,-0.50309,61.3,0.06198,0.126,ns
M3vsM4_24m,tertiles,Absolute Mortality,NEPmax,Mid,31,-0.49448,61.3,0.07769,0.1443,ns
M3vsM4_24m,tertiles,Absolute Mortality,WUE,Mid,31,-0.10114,58.1,0.08058,0.1443,ns
M3vsM4_24m,tertiles,Absolute Mortality,uWUE,Mid,31,-0.02832,58.1,0.3368,0.4096,ns
M3vsM4_24m,tertiles,Absolute Mortality,ETmax,Low,31,1e-04,48.4,0.8084,0.8778,ns
M3vsM4_24m,tertiles,Absolute Mortality,GPPsat,Low,31,-0.23944,58.1,0.01594,0.07972,ns
M3vsM4_24m,tertiles,Absolute Mortality,NEPmax,Low,31,-0.80844,74.2,0.000948,0.02598,*
M3vsM4_24m,tertiles,Absolute Mortality,WUE,Low,31,-0.01717,54.8,0.1564,0.22,ns
M3vsM4_24m,tertiles,Absolute Mortality,uWUE,Low,31,-0.03494,58.1,0.1067,0.1712,ns
M3vsM4_24m,tertiles,Relative Mortality,ETmax,High,31,0.00065,41.9,0.8388,0.8778,ns
M3vsM4_24m,tertiles,Relative Mortality,GPPsat,High,31,-0.28876,67.7,0.0432,0.1144,ns
M3vsM4_24m,tertiles,Relative Mortality,NEPmax,High,31,-0.98833,71,0.005274,0.05933,ns
M3vsM4_24m,tertiles,Relative Mortality,WUE,High,31,-0.10537,64.5,0.05089,0.126,ns
M3vsM4_24m,tertiles,Relative Mortality,uWUE,High,31,-0.07527,61.3,0.05963,0.126,ns
M3vsM4_24m,tertiles,Relative Mortality,ETmax,Mid,31,0.00026,48.4,0.5039,0.5967,ns
M3vsM4_24m,tertiles,Relative Mortality,GPPsat,Mid,31,-0.69587,67.7,0.01935,0.08464,ns
M3vsM4_24m,tertiles,Relative Mortality,NEPmax,Mid,31,-0.96177,77.4,0.007348,0.06613,ns
M3vsM4_24m,tertiles,Relative Mortality,WUE,Mid,31,-0.10826,54.8,0.08661,0.1443,ns
M3vsM4_24m,tertiles,Relative Mortality,uWUE,Mid,31,-0.07236,61.3,0.08355,0.1443,ns
M3vsM4_24m,tertiles,Relative Mortality,ETmax,Low,31,0.00052,41.9,0.9194,0.9403,ns
M3vsM4_24m,tertiles,Relative Mortality,GPPsat,Low,31,-0.23944,58.1,0.03202,0.09607,ns
M3vsM4_24m,tertiles,Relative Mortality,NEPmax,Low,31,-0.79391,64.5,0.01011,0.07584,ns
M3vsM4_24m,tertiles,Relative Mortality,WUE,Low,31,-0.01717,54.8,0.176,0.2328,ns
M3vsM4_24m,tertiles,Relative Mortality,uWUE,Low,31,-0.03033,58.1,0.1811,0.2328,ns
M3vsM4_24m,tertiles,Relative Disturbance,ETmax,High,31,0.00062,41.9,0.7863,0.8778,ns
M3vsM4_24m,tertiles,Relative Disturbance,GPPsat,High,31,-0.3225,71,0.01594,0.07972,ns
M3vsM4_24m,tertiles,Relative Disturbance,NEPmax,High,31,-0.98833,71,0.01242,0.07972,ns
M3vsM4_24m,tertiles,Relative Disturbance,WUE,High,31,-0.10626,61.3,0.03972,0.1117,ns
M3vsM4_24m,tertiles,Relative Disturbance,uWUE,High,31,-0.01767,61.3,0.06198,0.126,ns
M3vsM4_24m,tertiles,Relative Disturbance,ETmax,Mid,31,-5e-04,58.1,0.2883,0.3603,ns
M3vsM4_24m,tertiles,Relative Disturbance,GPPsat,Mid,31,-0.50309,67.7,0.06441,0.126,ns
M3vsM4_24m,tertiles,Relative Disturbance,NEPmax,Mid,31,-0.89625,77.4,0.001155,0.02598,*
M3vsM4_24m,tertiles,Relative Disturbance,WUE,Mid,31,-0.03049,54.8,0.166,0.2264,ns
M3vsM4_24m,tertiles,Relative Disturbance,uWUE,Mid,31,-0.07236,58.1,0.1103,0.1712,ns
M3vsM4_24m,tertiles,Relative Disturbance,ETmax,Low,31,0.00188,32.3,0.9848,0.9848,ns
M3vsM4_24m,tertiles,Relative Disturbance,GPPsat,Low,31,-0.23944,54.8,0.02445,0.08464,ns
M3vsM4_24m,tertiles,Relative Disturbance,NEPmax,Low,31,-0.79391,64.5,0.02229,0.08464,ns
M3vsM4_24m,tertiles,Relative Disturbance,WUE,Low,31,-0.01804,58.1,0.1218,0.1826,ns
M3vsM4_24m,tertiles,Relative Disturbance,uWUE,Low,31,-0.03295,61.3,0.1258,0.1826,ns
M3vsM4_24m,equal_width,Absolute Mortality,ETmax,Mid,35,0.00038,48.6,0.6376,0.7199,ns
M3vsM4_24m,equal_width,Absolute Mortality,GPPsat,Mid,35,-0.26327,65.7,0.2041,0.2645,ns
M3vsM4_24m,equal_width,Absolute Mortality,NEPmax,Mid,35,-0.66623,65.7,0.04055,0.1002,ns
M3vsM4_24m,equal_width,Absolute Mortality,WUE,Mid,35,-0.03049,54.3,0.2536,0.3169,ns
M3vsM4_24m,equal_width,Absolute Mortality,uWUE,Mid,35,-0.01767,57.1,0.138,0.21,ns
M3vsM4_24m,equal_width,Absolute Mortality,ETmax,Low,53,0.00052,43.4,0.8519,0.9035,ns
M3vsM4_24m,equal_width,Absolute Mortality,GPPsat,Low,53,-0.57577,60.4,0.001306,0.01613,*
M3vsM4_24m,equal_width,Absolute Mortality,NEPmax,Low,53,-0.98833,71.7,0.0002354,0.008239,**
M3vsM4_24m,equal_width,Absolute Mortality,WUE,Low,53,-0.03561,58.5,0.01375,0.05347,ns
M3vsM4_24m,equal_width,Absolute Mortality,uWUE,Low,53,-0.03494,62.3,0.02908,0.09253,ns
M3vsM4_24m,equal_width,Absolute Mortality,ETmax,High,5,0.00322,20,,,""
M3vsM4_24m,equal_width,Absolute Mortality,GPPsat,High,5,-1.51244,100,,,""
M3vsM4_24m,equal_width,Absolute Mortality,NEPmax,High,5,-1.70946,100,,,""
M3vsM4_24m,equal_width,Absolute Mortality,WUE,High,5,-0.11425,80,,,""
M3vsM4_24m,equal_width,Absolute Mortality,uWUE,High,5,-0.07527,60,,,""
M3vsM4_24m,equal_width,Relative Mortality,ETmax,Mid,33,0.00026,48.5,0.4929,0.5948,ns
M3vsM4_24m,equal_width,Relative Mortality,GPPsat,Mid,33,-0.26327,66.7,0.09011,0.1577,ns
M3vsM4_24m,equal_width,Relative Mortality,NEPmax,Mid,33,-0.78088,69.7,0.01601,0.05604,ns
M3vsM4_24m,equal_width,Relative Mortality,WUE,Mid,33,-0.05427,60.6,0.1585,0.2312,ns
M3vsM4_24m,equal_width,Relative Mortality,uWUE,Mid,33,-0.01767,60.6,0.2005,0.2645,ns
M3vsM4_24m,equal_width,Relative Mortality,ETmax,Low,53,0.00078,41.5,0.9383,0.9529,ns
M3vsM4_24m,equal_width,Relative Mortality,GPPsat,Low,53,-0.50309,60.4,0.003114,0.0218,*
M3vsM4_24m,equal_width,Relative Mortality,NEPmax,Low,53,-0.80844,67.9,0.001599,0.01613,*
M3vsM4_24m,equal_width,Relative Mortality,WUE,Low,53,-0.01804,54.7,0.06282,0.1221,ns
M3vsM4_24m,equal_width,Relative Mortality,uWUE,Low,53,-0.03494,60.4,0.04295,0.1002,ns
M3vsM4_24m,equal_width,Relative Mortality,ETmax,High,7,0.00066,42.9,0.7766,0.8494,ns
M3vsM4_24m,equal_width,Relative Mortality,GPPsat,High,7,-1.28905,85.7,0.07539,0.1389,ns
M3vsM4_24m,equal_width,Relative Mortality,NEPmax,High,7,-1.35444,100,0.01125,0.04921,*
M3vsM4_24m,equal_width,Relative Mortality,WUE,High,7,-0.11425,71.4,0.05416,0.1123,ns
M3vsM4_24m,equal_width,Relative Mortality,uWUE,High,7,-0.10481,57.1,0.1024,0.1707,ns
M3vsM4_24m,equal_width,Relative Disturbance,ETmax,Mid,35,0.00062,42.9,0.5554,0.6479,ns
M3vsM4_24m,equal_width,Relative Disturbance,GPPsat,Mid,35,-0.28876,68.6,0.03516,0.1002,ns
M3vsM4_24m,equal_width,Relative Disturbance,NEPmax,Mid,35,-0.89625,71.4,0.007848,0.03924,*
M3vsM4_24m,equal_width,Relative Disturbance,WUE,Mid,35,-0.10114,62.9,0.1143,0.1819,ns
M3vsM4_24m,equal_width,Relative Disturbance,uWUE,Mid,35,-0.01767,60,0.169,0.2366,ns
M3vsM4_24m,equal_width,Relative Disturbance,ETmax,Low,53,0.00052,43.4,0.9529,0.9529,ns
M3vsM4_24m,equal_width,Relative Disturbance,GPPsat,Low,53,-0.50309,60.4,0.005672,0.03309,*
M3vsM4_24m,equal_width,Relative Disturbance,NEPmax,Low,53,-0.79391,67.9,0.001844,0.01613,*
M3vsM4_24m,equal_width,Relative Disturbance,WUE,Low,53,-0.01804,54.7,0.05454,0.1123,ns
M3vsM4_24m,equal_width,Relative Disturbance,uWUE,Low,53,-0.03494,60.4,0.04058,0.1002,ns
M3vsM4_24m,equal_width,Relative Disturbance,ETmax,High,5,-0.00068,60,,,""
M3vsM4_24m,equal_width,Relative Disturbance,GPPsat,High,5,-1.28905,80,,,""
M3vsM4_24m,equal_width,Relative Disturbance,NEPmax,High,5,-1.35444,100,,,""
M3vsM4_24m,equal_width,Relative Disturbance,WUE,High,5,-0.11425,60,,,""
M3vsM4_24m,equal_width,Relative Disturbance,uWUE,High,5,-0.21365,60,,,""
M3vsM4_24m,natural_breaks,Absolute Mortality,ETmax,High,20,0.00052,45,0.8563,0.9286,ns
M3vsM4_24m,natural_breaks,Absolute Mortality,GPPsat,High,20,-0.29288,65,0.1125,0.1805,ns
M3vsM4_24m,natural_breaks,Absolute Mortality,NEPmax,High,20,-0.95608,80,0.01195,0.06724,ns
M3vsM4_24m,natural_breaks,Absolute Mortality,WUE,High,20,-0.08027,60,0.1706,0.2132,ns
M3vsM4_24m,natural_breaks,Absolute Mortality,uWUE,High,20,-0.04647,60,0.0865,0.1637,ns
M3vsM4_24m,natural_breaks,Absolute Mortality,ETmax,Mid,43,0.00062,41.9,0.6346,0.7323,ns
M3vsM4_24m,natural_breaks,Absolute Mortality,GPPsat,Mid,43,-0.61645,69.8,0.01106,0.06724,ns
M3vsM4_24m,natural_breaks,Absolute Mortality,NEPmax,Mid,43,-0.66623,62.8,0.02706,0.07634,ns
M3vsM4_24m,natural_breaks,Absolute Mortality,WUE,Mid,43,-0.10114,58.1,0.0294,0.07782,ns
M3vsM4_24m,natural_breaks,Absolute Mortality,uWUE,Mid,43,-0.03141,60.5,0.1538,0.1981,ns
M3vsM4_24m,natural_breaks,Absolute Mortality,ETmax,Low,30,0.00031,46.7,0.8666,0.9286,ns
M3vsM4_24m,natural_breaks,Absolute Mortality,GPPsat,Low,30,-0.18048,56.7,0.02416,0.07634,ns
M3vsM4_24m,natural_breaks,Absolute Mortality,NEPmax,Low,30,-0.90362,76.7,0.0004002,0.01801,*
M3vsM4_24m,natural_breaks,Absolute Mortality,WUE,Low,30,-0.0176,56.7,0.1334,0.1936,ns
M3vsM4_24m,natural_breaks,Absolute Mortality,uWUE,Low,30,-0.03859,60,0.08409,0.1637,ns
M3vsM4_24m,natural_breaks,Relative Mortality,ETmax,High,26,0.00114,38.5,0.9296,0.9729,ns
M3vsM4_24m,natural_breaks,Relative Mortality,GPPsat,High,26,-0.30563,69.2,0.02379,0.07634,ns
M3vsM4_24m,natural_breaks,Relative Mortality,NEPmax,High,26,-1.00522,73.1,0.01113,0.06724,ns
M3vsM4_24m,natural_breaks,Relative Mortality,WUE,High,26,-0.10582,61.5,0.067,0.1587,ns
M3vsM4_24m,natural_breaks,Relative Mortality,uWUE,High,26,-0.01745,57.7,0.1163,0.1805,ns
M3vsM4_24m,natural_breaks,Relative Mortality,ETmax,Mid,32,-0.00058,56.2,0.1541,0.1981,ns
M3vsM4_24m,natural_breaks,Relative Mortality,GPPsat,Mid,32,-0.55977,68.8,0.07629,0.1637,ns
M3vsM4_24m,natural_breaks,Relative Mortality,NEPmax,Mid,32,-0.78124,71.9,0.01401,0.07003,ns
M3vsM4_24m,natural_breaks,Relative Mortality,WUE,Mid,32,-0.06582,56.2,0.129,0.1935,ns
M3vsM4_24m,natural_breaks,Relative Mortality,uWUE,Mid,32,-0.08303,62.5,0.08466,0.1637,ns
M3vsM4_24m,natural_breaks,Relative Mortality,ETmax,Low,35,0.00093,37.1,0.9696,0.9862,ns
M3vsM4_24m,natural_breaks,Relative Mortality,GPPsat,Low,35,-0.23944,57.1,0.01766,0.07634,ns
M3vsM4_24m,natural_breaks,Relative Mortality,NEPmax,Low,35,-0.79391,68.6,0.003526,0.0479,*
M3vsM4_24m,natural_breaks,Relative Mortality,WUE,Low,35,-0.01804,57.1,0.0883,0.1637,ns
M3vsM4_24m,natural_breaks,Relative Mortality,uWUE,Low,35,-0.03295,60,0.1022,0.1768,ns
M3vsM4_24m,natural_breaks,Relative Disturbance,ETmax,Mid,35,-4e-05,51.4,0.3145,0.3724,ns
M3vsM4_24m,natural_breaks,Relative Disturbance,GPPsat,Mid,35,-0.47331,65.7,0.09095,0.1637,ns
M3vsM4_24m,natural_breaks,Relative Disturbance,NEPmax,Mid,35,-0.66623,71.4,0.006543,0.05888,ns
M3vsM4_24m,natural_breaks,Relative Disturbance,WUE,Mid,35,-0.03049,54.3,0.1949,0.2371,ns
M3vsM4_24m,natural_breaks,Relative Disturbance,uWUE,Mid,35,-0.07236,57.1,0.1492,0.1981,ns
M3vsM4_24m,natural_breaks,Relative Disturbance,ETmax,Low,35,0.00133,34.3,0.9862,0.9862,ns
M3vsM4_24m,natural_breaks,Relative Disturbance,GPPsat,Low,35,-0.23944,54.3,0.02714,0.07634,ns
M3vsM4_24m,natural_breaks,Relative Disturbance,NEPmax,Low,35,-0.79391,62.9,0.0224,0.07634,ns
M3vsM4_24m,natural_breaks,Relative Disturbance,WUE,Low,35,-0.01804,57.1,0.1112,0.1805,ns
M3vsM4_24m,natural_breaks,Relative Disturbance,uWUE,Low,35,-0.03295,60,0.1417,0.1981,ns
M3vsM4_24m,natural_breaks,Relative Disturbance,ETmax,High,23,0.00065,47.8,0.7531,0.8473,ns
M3vsM4_24m,natural_breaks,Relative Disturbance,GPPsat,High,23,-0.64053,78.3,0.004258,0.0479,*
M3vsM4_24m,natural_breaks,Relative Disturbance,NEPmax,High,23,-1.19487,82.6,0.002957,0.0479,*
M3vsM4_24m,natural_breaks,Relative Disturbance,WUE,High,23,-0.10626,65.2,0.02672,0.07634,ns
M3vsM4_24m,natural_breaks,Relative Disturbance,uWUE,High,23,-0.01767,65.2,0.0376,0.09399,ns
M5vsM6_raw_12m,tertiles,Absolute Mortality,ETmax,High,31,2e-04,41.9,0.6193,0.9636,ns
M5vsM6_raw_12m,tertiles,Absolute Mortality,GPPsat,High,31,0.0247,41.9,0.5429,0.9636,ns
M5vsM6_raw_12m,tertiles,Absolute Mortality,NEPmax,High,31,-0.10663,61.3,0.1299,0.7117,ns
M5vsM6_raw_12m,tertiles,Absolute Mortality,WUE,High,31,-0.02164,54.8,0.4727,0.9636,ns
M5vsM6_raw_12m,tertiles,Absolute Mortality,uWUE,High,31,0.00073,48.4,0.4416,0.9636,ns
M5vsM6_raw_12m,tertiles,Absolute Mortality,ETmax,Mid,31,0.00032,45.2,0.803,0.9636,ns
M5vsM6_raw_12m,tertiles,Absolute Mortality,GPPsat,Mid,31,0.08267,35.5,0.8137,0.9636,ns
M5vsM6_raw_12m,tertiles,Absolute Mortality,NEPmax,Mid,31,-0.01291,51.6,0.2372,0.7117,ns
M5vsM6_raw_12m,tertiles,Absolute Mortality,WUE,Mid,31,0.02393,48.4,0.5273,0.9636,ns
M5vsM6_raw_12m,tertiles,Absolute Mortality,uWUE,Mid,31,0.01206,35.5,0.9531,0.9744,ns
M5vsM6_raw_12m,tertiles,Absolute Mortality,ETmax,Low,31,-0.00116,61.3,0.1299,0.7117,ns
M5vsM6_raw_12m,tertiles,Absolute Mortality,GPPsat,Low,31,-0.06076,54.8,0.2025,0.7117,ns
M5vsM6_raw_12m,tertiles,Absolute Mortality,NEPmax,Low,31,-0.11963,67.7,0.03972,0.5959,ns
M5vsM6_raw_12m,tertiles,Absolute Mortality,WUE,Low,31,0.01941,48.4,0.705,0.9636,ns
M5vsM6_raw_12m,tertiles,Absolute Mortality,uWUE,Low,31,0.00415,45.2,0.5507,0.9636,ns
M5vsM6_raw_12m,tertiles,Relative Mortality,ETmax,High,31,0.00109,32.3,0.9665,0.9744,ns
M5vsM6_raw_12m,tertiles,Relative Mortality,GPPsat,High,31,0.05355,32.3,0.7315,0.9636,ns
M5vsM6_raw_12m,tertiles,Relative Mortality,NEPmax,High,31,-0.0785,58.1,0.1916,0.7117,ns
M5vsM6_raw_12m,tertiles,Relative Mortality,WUE,High,31,0.02393,45.2,0.8137,0.9636,ns
M5vsM6_raw_12m,tertiles,Relative Mortality,uWUE,High,31,0.0019,45.2,0.7975,0.9636,ns
M5vsM6_raw_12m,tertiles,Relative Mortality,ETmax,Mid,31,-0.00036,51.6,0.1612,0.7117,ns
M5vsM6_raw_12m,tertiles,Relative Mortality,GPPsat,Mid,31,-0.00092,51.6,0.7184,0.9636,ns
M5vsM6_raw_12m,tertiles,Relative Mortality,NEPmax,Mid,31,0.09435,45.2,0.5117,0.9636,ns
M5vsM6_raw_12m,tertiles,Relative Mortality,WUE,Mid,31,-0.01732,54.8,0.3512,0.8317,ns
M5vsM6_raw_12m,tertiles,Relative Mortality,uWUE,Mid,31,0.00415,38.7,0.7505,0.9636,ns
M5vsM6_raw_12m,tertiles,Relative Mortality,ETmax,Low,31,-0.00034,64.5,0.1916,0.7117,ns
M5vsM6_raw_12m,tertiles,Relative Mortality,GPPsat,Low,31,0.0172,48.4,0.1863,0.7117,ns
M5vsM6_raw_12m,tertiles,Relative Mortality,NEPmax,Low,31,-0.30982,77.4,0.001697,0.07045,ns
M5vsM6_raw_12m,tertiles,Relative Mortality,WUE,Low,31,-0.01772,51.6,0.5738,0.9636,ns
M5vsM6_raw_12m,tertiles,Relative Mortality,uWUE,Low,31,0.00951,45.2,0.725,0.9636,ns
M5vsM6_raw_12m,tertiles,Relative Disturbance,ETmax,High,31,0.00051,35.5,0.9194,0.9744,ns
M5vsM6_raw_12m,tertiles,Relative Disturbance,GPPsat,High,31,0.14388,32.3,0.8821,0.9744,ns
M5vsM6_raw_12m,tertiles,Relative Disturbance,NEPmax,High,31,-0.10663,58.1,0.1612,0.7117,ns
M5vsM6_raw_12m,tertiles,Relative Disturbance,WUE,High,31,0.03133,41.9,0.8436,0.9733,ns
M5vsM6_raw_12m,tertiles,Relative Disturbance,uWUE,High,31,0.02158,32.3,0.9744,0.9744,ns
M5vsM6_raw_12m,tertiles,Relative Disturbance,ETmax,Mid,31,-0.00028,51.6,0.2137,0.7117,ns
M5vsM6_raw_12m,tertiles,Relative Disturbance,GPPsat,Mid,31,-0.00092,51.6,0.295,0.7808,ns
M5vsM6_raw_12m,tertiles,Relative Disturbance,NEPmax,Mid,31,0.09435,48.4,0.6268,0.9636,ns
M5vsM6_raw_12m,tertiles,Relative Disturbance,WUE,Mid,31,-0.03394,61.3,0.2253,0.7117,ns
M5vsM6_raw_12m,tertiles,Relative Disturbance,uWUE,Mid,31,-0.01091,58.1,0.05512,0.6201,ns
M5vsM6_raw_12m,tertiles,Relative Disturbance,ETmax,Low,31,-0.00034,61.3,0.3156,0.7889,ns
M5vsM6_raw_12m,tertiles,Relative Disturbance,GPPsat,Low,31,0.0172,48.4,0.2558,0.7193,ns
M5vsM6_raw_12m,tertiles,Relative Disturbance,NEPmax,Low,31,-0.30982,74.2,0.003131,0.07045,ns
M5vsM6_raw_12m,tertiles,Relative Disturbance,WUE,Low,31,0.01941,48.4,0.6982,0.9636,ns
M5vsM6_raw_12m,tertiles,Relative Disturbance,uWUE,Low,31,0.01206,38.7,0.9223,0.9744,ns
M5vsM6_raw_12m,equal_width,Absolute Mortality,ETmax,Mid,35,2e-04,40,0.7027,0.963,ns
M5vsM6_raw_12m,equal_width,Absolute Mortality,GPPsat,Mid,35,0.08267,37.1,0.9007,0.963,ns
M5vsM6_raw_12m,equal_width,Absolute Mortality,NEPmax,Mid,35,-0.02451,51.4,0.4446,0.9416,ns
M5vsM6_raw_12m,equal_width,Absolute Mortality,WUE,Mid,35,-0.00102,51.4,0.6738,0.963,ns
M5vsM6_raw_12m,equal_width,Absolute Mortality,uWUE,Mid,35,0.01117,37.1,0.8919,0.963,ns
M5vsM6_raw_12m,equal_width,Absolute Mortality,ETmax,Low,53,-0.00028,56.6,0.2855,0.9084,ns
M5vsM6_raw_12m,equal_width,Absolute Mortality,GPPsat,Low,53,0.0172,49.1,0.1904,0.9084,ns
M5vsM6_raw_12m,equal_width,Absolute Mortality,NEPmax,Low,53,-0.14123,64.2,0.01438,0.3002,ns
M5vsM6_raw_12m,equal_width,Absolute Mortality,WUE,Low,53,-0.01732,50.9,0.4929,0.9416,ns
M5vsM6_raw_12m,equal_width,Absolute Mortality,uWUE,Low,53,0.00415,43.4,0.7578,0.963,ns
M5vsM6_raw_12m,equal_width,Absolute Mortality,ETmax,High,5,0.00187,40,,,""
M5vsM6_raw_12m,equal_width,Absolute Mortality,GPPsat,High,5,0.03002,40,,,""
M5vsM6_raw_12m,equal_width,Absolute Mortality,NEPmax,High,5,-0.58697,80,,,""
M5vsM6_raw_12m,equal_width,Absolute Mortality,WUE,High,5,0.03275,40,,,""
M5vsM6_raw_12m,equal_width,Absolute Mortality,uWUE,High,5,-0.03181,80,,,""
M5vsM6_raw_12m,equal_width,Relative Mortality,ETmax,Mid,33,0.00071,33.3,0.9499,0.963,ns
M5vsM6_raw_12m,equal_width,Relative Mortality,GPPsat,Mid,33,0.03262,42.4,0.5918,0.9416,ns
M5vsM6_raw_12m,equal_width,Relative Mortality,NEPmax,Mid,33,-0.04229,54.5,0.3943,0.9416,ns
M5vsM6_raw_12m,equal_width,Relative Mortality,WUE,Mid,33,0.02393,45.5,0.8236,0.963,ns
M5vsM6_raw_12m,equal_width,Relative Mortality,uWUE,Mid,33,0.01567,33.3,0.963,0.963,ns
M5vsM6_raw_12m,equal_width,Relative Mortality,ETmax,Low,53,-0.00116,62.3,0.08363,0.7318,ns
M5vsM6_raw_12m,equal_width,Relative Mortality,GPPsat,Low,53,0.0172,49.1,0.3195,0.9318,ns
M5vsM6_raw_12m,equal_width,Relative Mortality,NEPmax,Low,53,-0.11963,62.3,0.02177,0.3002,ns
M5vsM6_raw_12m,equal_width,Relative Mortality,WUE,Low,53,-0.01732,52.8,0.5035,0.9416,ns
M5vsM6_raw_12m,equal_width,Relative Mortality,uWUE,Low,53,0.00415,45.3,0.5703,0.9416,ns
M5vsM6_raw_12m,equal_width,Relative Mortality,ETmax,High,7,2e-04,28.6,0.7766,0.963,ns
M5vsM6_raw_12m,equal_width,Relative Mortality,GPPsat,High,7,0.05355,14.3,0.9246,0.963,ns
M5vsM6_raw_12m,equal_width,Relative Mortality,NEPmax,High,7,-0.58697,71.4,0.1763,0.9084,ns
M5vsM6_raw_12m,equal_width,Relative Mortality,WUE,High,7,-0.05432,57.1,0.3999,0.9416,ns
M5vsM6_raw_12m,equal_width,Relative Mortality,uWUE,High,7,-0.01692,71.4,0.2771,0.9084,ns
M5vsM6_raw_12m,equal_width,Relative Disturbance,ETmax,Mid,35,0.00032,42.9,0.5811,0.9416,ns
M5vsM6_raw_12m,equal_width,Relative Disturbance,GPPsat,Mid,35,0.08267,37.1,0.8051,0.963,ns
M5vsM6_raw_12m,equal_width,Relative Disturbance,NEPmax,Mid,35,-0.0785,57.1,0.1904,0.9084,ns
M5vsM6_raw_12m,equal_width,Relative Disturbance,WUE,Mid,35,0.02393,45.7,0.8508,0.963,ns
M5vsM6_raw_12m,equal_width,Relative Disturbance,uWUE,Mid,35,0.01567,34.3,0.9595,0.963,ns
M5vsM6_raw_12m,equal_width,Relative Disturbance,ETmax,Low,53,-0.00034,56.6,0.2825,0.9084,ns
M5vsM6_raw_12m,equal_width,Relative Disturbance,GPPsat,Low,53,-0.00092,50.9,0.2077,0.9084,ns
M5vsM6_raw_12m,equal_width,Relative Disturbance,NEPmax,Low,53,-0.11963,62.3,0.02573,0.3002,ns
M5vsM6_raw_12m,equal_width,Relative Disturbance,WUE,Low,53,-0.01732,52.8,0.4647,0.9416,ns
M5vsM6_raw_12m,equal_width,Relative Disturbance,uWUE,Low,53,0.00279,45.3,0.591,0.9416,ns
M5vsM6_raw_12m,equal_width,Relative Disturbance,ETmax,High,5,2e-04,20,,,""
M5vsM6_raw_12m,equal_width,Relative Disturbance,GPPsat,High,5,0.05355,20,,,""
M5vsM6_raw_12m,equal_width,Relative Disturbance,NEPmax,High,5,-0.10663,60,,,""
M5vsM6_raw_12m,equal_width,Relative Disturbance,WUE,High,5,-0.05432,60,,,""
M5vsM6_raw_12m,equal_width,Relative Disturbance,uWUE,High,5,-0.01692,80,,,""
M5vsM6_raw_12m,natural_breaks,Absolute Mortality,ETmax,High,20,0.00051,40,0.7186,0.9556,ns
M5vsM6_raw_12m,natural_breaks,Absolute Mortality,GPPsat,High,20,0.02736,40,0.3338,0.8132,ns
M5vsM6_raw_12m,natural_breaks,Absolute Mortality,NEPmax,High,20,-0.07446,55,0.3614,0.8132,ns
M5vsM6_raw_12m,natural_breaks,Absolute Mortality,WUE,High,20,0.01916,45,0.6525,0.9556,ns
M5vsM6_raw_12m,natural_breaks,Absolute Mortality,uWUE,High,20,-0.00913,55,0.1902,0.8132,ns
M5vsM6_raw_12m,natural_breaks,Absolute Mortality,ETmax,Mid,43,0.00027,44.2,0.733,0.9556,ns
M5vsM6_raw_12m,natural_breaks,Absolute Mortality,GPPsat,Mid,43,0.05609,39.5,0.8546,0.9556,ns
M5vsM6_raw_12m,natural_breaks,Absolute Mortality,NEPmax,Mid,43,-0.0785,58.1,0.09106,0.7458,ns
M5vsM6_raw_12m,natural_breaks,Absolute Mortality,WUE,Mid,43,-0.01796,55.8,0.3608,0.8132,ns
M5vsM6_raw_12m,natural_breaks,Absolute Mortality,uWUE,Mid,43,0.01206,34.9,0.9751,0.9949,ns
M5vsM6_raw_12m,natural_breaks,Absolute Mortality,ETmax,Low,30,-0.00146,63.3,0.1205,0.7458,ns
M5vsM6_raw_12m,natural_breaks,Absolute Mortality,GPPsat,Low,30,-0.03828,53.3,0.2754,0.8132,ns
M5vsM6_raw_12m,natural_breaks,Absolute Mortality,NEPmax,Low,30,-0.13043,66.7,0.04202,0.6303,ns
M5vsM6_raw_12m,natural_breaks,Absolute Mortality,WUE,Low,30,0.01955,46.7,0.7246,0.9556,ns
M5vsM6_raw_12m,natural_breaks,Absolute Mortality,uWUE,Low,30,0.00347,46.7,0.5082,0.9148,ns
M5vsM6_raw_12m,natural_breaks,Relative Mortality,ETmax,High,26,0.00126,30.8,0.9747,0.9949,ns
M5vsM6_raw_12m,natural_breaks,Relative Mortality,GPPsat,High,26,0.04308,30.8,0.7918,0.9556,ns
M5vsM6_raw_12m,natural_breaks,Relative Mortality,NEPmax,High,26,-0.0276,53.8,0.2796,0.8132,ns
M5vsM6_raw_12m,natural_breaks,Relative Mortality,WUE,High,26,0.03204,38.5,0.8452,0.9556,ns
M5vsM6_raw_12m,natural_breaks,Relative Mortality,uWUE,High,26,0.01342,38.5,0.8837,0.9556,ns
M5vsM6_raw_12m,natural_breaks,Relative Mortality,ETmax,Mid,32,-0.00015,50,0.129,0.7458,ns
M5vsM6_raw_12m,natural_breaks,Relative Mortality,GPPsat,Mid,32,0.02661,46.9,0.7466,0.9556,ns
M5vsM6_raw_12m,natural_breaks,Relative Mortality,NEPmax,Mid,32,0.03492,50,0.459,0.8981,ns
M5vsM6_raw_12m,natural_breaks,Relative Mortality,WUE,Mid,32,-0.0198,59.4,0.3302,0.8132,ns
M5vsM6_raw_12m,natural_breaks,Relative Mortality,uWUE,Mid,32,0.00015,50,0.4814,0.9025,ns
M5vsM6_raw_12m,natural_breaks,Relative Mortality,ETmax,Low,35,-0.00034,62.9,0.2588,0.8132,ns
M5vsM6_raw_12m,natural_breaks,Relative Mortality,GPPsat,Low,35,-0.00693,51.4,0.1492,0.7458,ns
M5vsM6_raw_12m,natural_breaks,Relative Mortality,NEPmax,Low,35,-0.25199,74.3,0.002361,0.05312,ns
M5vsM6_raw_12m,natural_breaks,Relative Mortality,WUE,Low,35,-0.01772,51.4,0.5811,0.9556,ns
M5vsM6_raw_12m,natural_breaks,Relative Mortality,uWUE,Low,35,0.00951,40,0.8051,0.9556,ns
M5vsM6_raw_12m,natural_breaks,Relative Disturbance,ETmax,Mid,35,-0.00108,57.1,0.08069,0.7458,ns
M5vsM6_raw_12m,natural_breaks,Relative Disturbance,GPPsat,Mid,35,-0.00092,51.4,0.286,0.8132,ns
M5vsM6_raw_12m,natural_breaks,Relative Disturbance,NEPmax,Mid,35,0.21887,48.6,0.7412,0.9556,ns
M5vsM6_raw_12m,natural_breaks,Relative Disturbance,WUE,Mid,35,-0.03322,60,0.2588,0.8132,ns
M5vsM6_raw_12m,natural_breaks,Relative Disturbance,uWUE,Mid,35,0.00172,45.7,0.3872,0.8297,ns
M5vsM6_raw_12m,natural_breaks,Relative Disturbance,ETmax,Low,35,-0.00034,60,0.2973,0.8132,ns
M5vsM6_raw_12m,natural_breaks,Relative Disturbance,GPPsat,Low,35,0.02855,45.7,0.4125,0.8438,ns
M5vsM6_raw_12m,natural_breaks,Relative Disturbance,NEPmax,Low,35,-0.30982,71.4,0.001921,0.05312,ns
M5vsM6_raw_12m,natural_breaks,Relative Disturbance,WUE,Low,35,0.01941,48.6,0.6913,0.9556,ns
M5vsM6_raw_12m,natural_breaks,Relative Disturbance,uWUE,Low,35,0.01097,42.9,0.8919,0.9556,ns
M5vsM6_raw_12m,natural_breaks,Relative Disturbance,ETmax,High,23,0.00134,21.7,0.9949,0.9949,ns
M5vsM6_raw_12m,natural_breaks,Relative Disturbance,GPPsat,High,23,0.14388,30.4,0.831,0.9556,ns
M5vsM6_raw_12m,natural_breaks,Relative Disturbance,NEPmax,High,23,-0.10663,60.9,0.1335,0.7458,ns
M5vsM6_raw_12m,natural_breaks,Relative Disturbance,WUE,High,23,0.03275,39.1,0.8665,0.9556,ns
M5vsM6_raw_12m,natural_breaks,Relative Disturbance,uWUE,High,23,0.01117,39.1,0.853,0.9556,ns
M5vsM6_raw_24m,tertiles,Absolute Mortality,ETmax,High,31,-0.00028,58.1,0.1811,0.5821,ns
M5vsM6_raw_24m,tertiles,Absolute Mortality,GPPsat,High,31,0.04318,48.4,0.6268,0.8648,ns
M5vsM6_raw_24m,tertiles,Absolute Mortality,NEPmax,High,31,-0.09629,61.3,0.0432,0.3686,ns
M5vsM6_raw_24m,tertiles,Absolute Mortality,WUE,High,31,-0.00646,54.8,0.2253,0.6336,ns
M5vsM6_raw_24m,tertiles,Absolute Mortality,uWUE,High,31,-0.01042,58.1,0.07215,0.4059,ns
M5vsM6_raw_24m,tertiles,Absolute Mortality,ETmax,Mid,31,-1e-04,51.6,0.6342,0.8648,ns
M5vsM6_raw_24m,tertiles,Absolute Mortality,GPPsat,Mid,31,-0.00653,51.6,0.7975,0.8821,ns
M5vsM6_raw_24m,tertiles,Absolute Mortality,NEPmax,Mid,31,0.15918,35.5,0.7379,0.8821,ns
M5vsM6_raw_24m,tertiles,Absolute Mortality,WUE,Mid,31,-0.01992,54.8,0.2253,0.6336,ns
M5vsM6_raw_24m,tertiles,Absolute Mortality,uWUE,Mid,31,0.00324,38.7,0.824,0.8821,ns
M5vsM6_raw_24m,tertiles,Absolute Mortality,ETmax,Low,31,0.00023,48.4,0.5968,0.8648,ns
M5vsM6_raw_24m,tertiles,Absolute Mortality,GPPsat,Low,31,-0.07637,54.8,0.4185,0.828,ns
M5vsM6_raw_24m,tertiles,Absolute Mortality,NEPmax,Low,31,-0.20411,61.3,0.05089,0.3686,ns
M5vsM6_raw_24m,tertiles,Absolute Mortality,WUE,Low,31,-0.01088,58.1,0.3881,0.828,ns
M5vsM6_raw_24m,tertiles,Absolute Mortality,uWUE,Low,31,0.00364,48.4,0.4416,0.828,ns
M5vsM6_raw_24m,tertiles,Relative Mortality,ETmax,High,31,0.00034,45.2,0.8821,0.8821,ns
M5vsM6_raw_24m,tertiles,Relative Mortality,GPPsat,High,31,0.07005,45.2,0.803,0.8821,ns
M5vsM6_raw_24m,tertiles,Relative Mortality,NEPmax,High,31,0.00678,48.4,0.2883,0.7206,ns
M5vsM6_raw_24m,tertiles,Relative Mortality,WUE,High,31,-0.01554,54.8,0.2685,0.7108,ns
M5vsM6_raw_24m,tertiles,Relative Mortality,uWUE,High,31,3e-04,48.4,0.4339,0.828,ns
M5vsM6_raw_24m,tertiles,Relative Mortality,ETmax,Mid,31,-0.00088,67.7,0.009103,0.2048,ns
M5vsM6_raw_24m,tertiles,Relative Mortality,GPPsat,Mid,31,0.05411,45.2,0.8821,0.8821,ns
M5vsM6_raw_24m,tertiles,Relative Mortality,NEPmax,Mid,31,0.13519,41.9,0.5815,0.8648,ns
M5vsM6_raw_24m,tertiles,Relative Mortality,WUE,Mid,31,-0.00632,51.6,0.4727,0.8508,ns
M5vsM6_raw_24m,tertiles,Relative Mortality,uWUE,Mid,31,0.00324,45.2,0.5351,0.8648,ns
M5vsM6_raw_24m,tertiles,Relative Mortality,ETmax,Low,31,0.00036,45.2,0.7863,0.8821,ns
M5vsM6_raw_24m,tertiles,Relative Mortality,GPPsat,Low,31,-0.111,64.5,0.1179,0.4718,ns
M5vsM6_raw_24m,tertiles,Relative Mortality,NEPmax,Low,31,-0.27246,67.7,0.006588,0.2048,ns
M5vsM6_raw_24m,tertiles,Relative Mortality,WUE,Low,31,-0.01088,61.3,0.1258,0.4718,ns
M5vsM6_raw_24m,tertiles,Relative Mortality,uWUE,Low,31,-0.00714,51.6,0.3226,0.764,ns
M5vsM6_raw_24m,tertiles,Relative Disturbance,ETmax,High,31,0.00034,45.2,0.8616,0.8821,ns
M5vsM6_raw_24m,tertiles,Relative Disturbance,GPPsat,High,31,0.07005,45.2,0.8189,0.8821,ns
M5vsM6_raw_24m,tertiles,Relative Disturbance,NEPmax,High,31,-0.05091,51.6,0.1612,0.5579,ns
M5vsM6_raw_24m,tertiles,Relative Disturbance,WUE,High,31,-0.00632,51.6,0.5117,0.8648,ns
M5vsM6_raw_24m,tertiles,Relative Disturbance,uWUE,High,31,0.00506,45.2,0.705,0.8821,ns
M5vsM6_raw_24m,tertiles,Relative Disturbance,ETmax,Mid,31,-0.00088,64.5,0.05734,0.3686,ns
M5vsM6_raw_24m,tertiles,Relative Disturbance,GPPsat,Mid,31,0.14551,41.9,0.8572,0.8821,ns
M5vsM6_raw_24m,tertiles,Relative Disturbance,NEPmax,Mid,31,0.01856,45.2,0.5507,0.8648,ns
M5vsM6_raw_24m,tertiles,Relative Disturbance,WUE,Mid,31,-0.02443,58.1,0.05734,0.3686,ns
M5vsM6_raw_24m,tertiles,Relative Disturbance,uWUE,Mid,31,-0.01224,54.8,0.09296,0.4484,ns
M5vsM6_raw_24m,tertiles,Relative Disturbance,ETmax,Low,31,0.00023,48.4,0.6342,0.8648,ns
M5vsM6_raw_24m,tertiles,Relative Disturbance,GPPsat,Low,31,-0.11318,67.7,0.09965,0.4484,ns
M5vsM6_raw_24m,tertiles,Relative Disturbance,NEPmax,Low,31,-0.17735,61.3,0.02229,0.3343,ns
M5vsM6_raw_24m,tertiles,Relative Disturbance,WUE,Low,31,-0.00741,58.1,0.4108,0.828,ns
M5vsM6_raw_24m,tertiles,Relative Disturbance,uWUE,Low,31,0.00207,45.2,0.6914,0.8821,ns
M5vsM6_raw_24m,equal_width,Absolute Mortality,ETmax,Mid,35,-0.00028,57.1,0.2281,0.6418,ns
M5vsM6_raw_24m,equal_width,Absolute Mortality,GPPsat,Mid,35,0.07005,45.7,0.8825,0.8825,ns
M5vsM6_raw_24m,equal_width,Absolute Mortality,NEPmax,Mid,35,0.00799,48.6,0.3747,0.6418,ns
M5vsM6_raw_24m,equal_width,Absolute Mortality,WUE,Mid,35,-0.00632,51.4,0.6253,0.7547,ns
M5vsM6_raw_24m,equal_width,Absolute Mortality,uWUE,Mid,35,-0.00073,51.4,0.3562,0.6418,ns
M5vsM6_raw_24m,equal_width,Absolute Mortality,ETmax,Low,53,-1e-04,50.9,0.6548,0.764,ns
M5vsM6_raw_24m,equal_width,Absolute Mortality,GPPsat,Low,53,-0.10277,56.6,0.3322,0.6418,ns
M5vsM6_raw_24m,equal_width,Absolute Mortality,NEPmax,Low,53,-0.12907,54.7,0.06617,0.6304,ns
M5vsM6_raw_24m,equal_width,Absolute Mortality,WUE,Low,53,-0.01992,60.4,0.07205,0.6304,ns
M5vsM6_raw_24m,equal_width,Absolute Mortality,uWUE,Low,53,0.00207,45.3,0.5177,0.7347,ns
M5vsM6_raw_24m,equal_width,Absolute Mortality,ETmax,High,5,0.00051,40,,,""
M5vsM6_raw_24m,equal_width,Absolute Mortality,GPPsat,High,5,0.04921,40,,,""
M5vsM6_raw_24m,equal_width,Absolute Mortality,NEPmax,High,5,-0.42984,60,,,""
M5vsM6_raw_24m,equal_width,Absolute Mortality,WUE,High,5,0.01512,40,,,""
M5vsM6_raw_24m,equal_width,Absolute Mortality,uWUE,High,5,-0.0057,60,,,""
M5vsM6_raw_24m,equal_width,Relative Mortality,ETmax,Mid,33,7e-05,48.5,0.8045,0.8586,ns
M5vsM6_raw_24m,equal_width,Relative Mortality,GPPsat,Mid,33,-0.00653,54.5,0.5356,0.7347,ns
M5vsM6_raw_24m,equal_width,Relative Mortality,NEPmax,Mid,33,0.00678,48.5,0.3022,0.6418,ns
M5vsM6_raw_24m,equal_width,Relative Mortality,WUE,Mid,33,-0.01992,60.6,0.2543,0.6418,ns
M5vsM6_raw_24m,equal_width,Relative Mortality,uWUE,Mid,33,0.00438,45.5,0.5498,0.7347,ns
M5vsM6_raw_24m,equal_width,Relative Mortality,ETmax,Low,53,-5e-04,54.7,0.2449,0.6418,ns
M5vsM6_raw_24m,equal_width,Relative Mortality,GPPsat,Low,53,-0.07637,52.8,0.5668,0.7347,ns
M5vsM6_raw_24m,equal_width,Relative Mortality,NEPmax,Low,53,-0.12907,54.7,0.06731,0.6304,ns
M5vsM6_raw_24m,equal_width,Relative Mortality,WUE,Low,53,-0.00657,54.7,0.2648,0.6418,ns
M5vsM6_raw_24m,equal_width,Relative Mortality,uWUE,Low,53,0.00083,49.1,0.3851,0.6418,ns
M5vsM6_raw_24m,equal_width,Relative Mortality,ETmax,High,7,-0.00038,57.1,0.3363,0.6418,ns
M5vsM6_raw_24m,equal_width,Relative Mortality,GPPsat,High,7,0.07005,28.6,0.8641,0.8825,ns
M5vsM6_raw_24m,equal_width,Relative Mortality,NEPmax,High,7,-0.07988,57.1,0.2234,0.6418,ns
M5vsM6_raw_24m,equal_width,Relative Mortality,WUE,High,7,0.01512,42.9,0.3363,0.6418,ns
M5vsM6_raw_24m,equal_width,Relative Mortality,uWUE,High,7,-0.0057,57.1,0.2234,0.6418,ns
M5vsM6_raw_24m,equal_width,Relative Disturbance,ETmax,Mid,35,7e-05,48.6,0.7865,0.8586,ns
M5vsM6_raw_24m,equal_width,Relative Disturbance,GPPsat,Mid,35,-0.00502,51.4,0.8096,0.8586,ns
M5vsM6_raw_24m,equal_width,Relative Disturbance,NEPmax,Mid,35,0.00678,48.6,0.3145,0.6418,ns
M5vsM6_raw_24m,equal_width,Relative Disturbance,WUE,Mid,35,-0.01554,57.1,0.3321,0.6418,ns
M5vsM6_raw_24m,equal_width,Relative Disturbance,uWUE,Mid,35,0.00472,45.7,0.6065,0.7547,ns
M5vsM6_raw_24m,equal_width,Relative Disturbance,ETmax,Low,53,-5e-04,54.7,0.2422,0.6418,ns
M5vsM6_raw_24m,equal_width,Relative Disturbance,GPPsat,Low,53,-0.07637,52.8,0.4402,0.6698,ns
M5vsM6_raw_24m,equal_width,Relative Disturbance,NEPmax,Low,53,-0.12907,54.7,0.05167,0.6304,ns
M5vsM6_raw_24m,equal_width,Relative Disturbance,WUE,Low,53,-0.00741,56.6,0.1695,0.6418,ns
M5vsM6_raw_24m,equal_width,Relative Disturbance,uWUE,Low,53,0.00207,47.2,0.409,0.6506,ns
M5vsM6_raw_24m,equal_width,Relative Disturbance,ETmax,High,5,-0.00038,60,,,""
M5vsM6_raw_24m,equal_width,Relative Disturbance,GPPsat,High,5,0.04921,40,,,""
M5vsM6_raw_24m,equal_width,Relative Disturbance,NEPmax,High,5,-0.07988,60,,,""
M5vsM6_raw_24m,equal_width,Relative Disturbance,WUE,High,5,0.01512,40,,,""
M5vsM6_raw_24m,equal_width,Relative Disturbance,uWUE,High,5,-0.06215,80,,,""
M5vsM6_raw_24m,natural_breaks,Absolute Mortality,ETmax,High,20,-0.00027,55,0.2814,0.7244,ns
M5vsM6_raw_24m,natural_breaks,Absolute Mortality,GPPsat,High,20,0.05963,45,0.552,0.7814,ns
M5vsM6_raw_24m,natural_breaks,Absolute Mortality,NEPmax,High,20,-0.06539,55,0.2568,0.7244,ns
M5vsM6_raw_24m,natural_breaks,Absolute Mortality,WUE,High,20,-0.00727,50,0.222,0.7244,ns
M5vsM6_raw_24m,natural_breaks,Absolute Mortality,uWUE,High,20,-0.01074,65,0.05219,0.4697,ns
M5vsM6_raw_24m,natural_breaks,Absolute Mortality,ETmax,Mid,43,-1e-04,53.5,0.488,0.7607,ns
M5vsM6_raw_24m,natural_breaks,Absolute Mortality,GPPsat,Mid,43,-0.00653,53.5,0.8093,0.8883,ns
M5vsM6_raw_24m,natural_breaks,Absolute Mortality,NEPmax,Mid,43,0.01856,44.2,0.3518,0.7244,ns
M5vsM6_raw_24m,natural_breaks,Absolute Mortality,WUE,Mid,43,-0.00657,58.1,0.2437,0.7244,ns
M5vsM6_raw_24m,natural_breaks,Absolute Mortality,uWUE,Mid,43,0.00506,39.5,0.7169,0.8272,ns
M5vsM6_raw_24m,natural_breaks,Absolute Mortality,ETmax,Low,30,-1e-04,50,0.5895,0.7814,ns
M5vsM6_raw_24m,natural_breaks,Absolute Mortality,GPPsat,Low,30,-0.05478,53.3,0.4347,0.7244,ns
M5vsM6_raw_24m,natural_breaks,Absolute Mortality,NEPmax,Low,30,-0.23829,63.3,0.04584,0.4697,ns
M5vsM6_raw_24m,natural_breaks,Absolute Mortality,WUE,Low,30,-0.01402,56.7,0.4025,0.7244,ns
M5vsM6_raw_24m,natural_breaks,Absolute Mortality,uWUE,Low,30,-0.00111,50,0.4185,0.7244,ns
M5vsM6_raw_24m,natural_breaks,Relative Mortality,ETmax,High,26,0.00042,42.3,0.8979,0.9168,ns
M5vsM6_raw_24m,natural_breaks,Relative Mortality,GPPsat,High,26,0.10464,38.5,0.8452,0.9055,ns
M5vsM6_raw_24m,natural_breaks,Relative Mortality,NEPmax,High,26,0.02287,46.2,0.3422,0.7244,ns
M5vsM6_raw_24m,natural_breaks,Relative Mortality,WUE,High,26,-0.01536,53.8,0.3516,0.7244,ns
M5vsM6_raw_24m,natural_breaks,Relative Mortality,uWUE,High,26,0.0068,46.2,0.5904,0.7814,ns
M5vsM6_raw_24m,natural_breaks,Relative Mortality,ETmax,Mid,32,-0.00083,68.8,0.02124,0.3773,ns
M5vsM6_raw_24m,natural_breaks,Relative Mortality,GPPsat,Mid,32,0.01908,50,0.8026,0.8883,ns
M5vsM6_raw_24m,natural_breaks,Relative Mortality,NEPmax,Mid,32,-0.04415,50,0.3717,0.7244,ns
M5vsM6_raw_24m,natural_breaks,Relative Mortality,WUE,Mid,32,-0.00639,53.1,0.3035,0.7244,ns
M5vsM6_raw_24m,natural_breaks,Relative Mortality,uWUE,Mid,32,-0.00582,53.1,0.2189,0.7244,ns
M5vsM6_raw_24m,natural_breaks,Relative Mortality,ETmax,Low,35,0.00036,45.7,0.7084,0.8272,ns
M5vsM6_raw_24m,natural_breaks,Relative Mortality,GPPsat,Low,35,-0.111,62.9,0.1774,0.7244,ns
M5vsM6_raw_24m,natural_breaks,Relative Mortality,NEPmax,Low,35,-0.17735,60,0.02516,0.3773,ns
M5vsM6_raw_24m,natural_breaks,Relative Mortality,WUE,Low,35,-0.01088,60,0.1995,0.7244,ns
M5vsM6_raw_24m,natural_breaks,Relative Mortality,uWUE,Low,35,0.00207,45.7,0.5554,0.7814,ns
M5vsM6_raw_24m,natural_breaks,Relative Disturbance,ETmax,Mid,35,-7e-04,60,0.1081,0.6081,ns
M5vsM6_raw_24m,natural_breaks,Relative Disturbance,GPPsat,Mid,35,0.14551,40,0.9168,0.9168,ns
M5vsM6_raw_24m,natural_breaks,Relative Disturbance,NEPmax,Mid,35,0.13519,45.7,0.6315,0.8119,ns
M5vsM6_raw_24m,natural_breaks,Relative Disturbance,WUE,Mid,35,-0.01992,57.1,0.0759,0.5693,ns
M5vsM6_raw_24m,natural_breaks,Relative Disturbance,uWUE,Mid,35,3e-04,48.6,0.2642,0.7244,ns
M5vsM6_raw_24m,natural_breaks,Relative Disturbance,ETmax,Low,35,-3e-04,51.4,0.5618,0.7814,ns
M5vsM6_raw_24m,natural_breaks,Relative Disturbance,GPPsat,Low,35,-0.11318,65.7,0.09643,0.6081,ns
M5vsM6_raw_24m,natural_breaks,Relative Disturbance,NEPmax,Low,35,-0.17735,60,0.01766,0.3773,ns
M5vsM6_raw_24m,natural_breaks,Relative Disturbance,WUE,Low,35,-0.00657,54.3,0.4902,0.7607,ns
M5vsM6_raw_24m,natural_breaks,Relative Disturbance,uWUE,Low,35,0.00207,45.7,0.6797,0.8272,ns
M5vsM6_raw_24m,natural_breaks,Relative Disturbance,ETmax,High,23,0.00051,43.5,0.873,0.9136,ns
M5vsM6_raw_24m,natural_breaks,Relative Disturbance,GPPsat,High,23,0.04921,47.8,0.6813,0.8272,ns
M5vsM6_raw_24m,natural_breaks,Relative Disturbance,NEPmax,High,23,-0.07988,52.2,0.147,0.7244,ns
M5vsM6_raw_24m,natural_breaks,Relative Disturbance,WUE,High,23,-0.01554,56.5,0.398,0.7244,ns
M5vsM6_raw_24m,natural_breaks,Relative Disturbance,uWUE,High,23,-0.00073,52.2,0.4098,0.7244,ns
M5vsM6_anom_12m,tertiles,Absolute Mortality,ETmax,High,31,-0.00072,54.8,0.3658,0.4306,ns
M5vsM6_anom_12m,tertiles,Absolute Mortality,GPPsat,High,31,-0.23306,58.1,0.1258,0.2009,ns
M5vsM6_anom_12m,tertiles,Absolute Mortality,NEPmax,High,31,-0.79858,61.3,0.01757,0.06567,ns
M5vsM6_anom_12m,tertiles,Absolute Mortality,WUE,High,31,-0.09291,51.6,0.1179,0.1965,ns
M5vsM6_anom_12m,tertiles,Absolute Mortality,uWUE,High,31,-0.00074,51.6,0.2433,0.3302,ns
M5vsM6_anom_12m,tertiles,Absolute Mortality,ETmax,Mid,31,-0.00081,54.8,0.4571,0.5017,ns
M5vsM6_anom_12m,tertiles,Absolute Mortality,GPPsat,Mid,31,-1.00955,74.2,0.003524,0.04485,*
M5vsM6_anom_12m,tertiles,Absolute Mortality,NEPmax,Mid,31,-1.08748,74.2,0.02029,0.06567,ns
M5vsM6_anom_12m,tertiles,Absolute Mortality,WUE,Mid,31,-0.02501,61.3,0.1341,0.2009,ns
M5vsM6_anom_12m,tertiles,Absolute Mortality,uWUE,Mid,31,0.00598,48.4,0.3585,0.4306,ns
M5vsM6_anom_12m,tertiles,Absolute Mortality,ETmax,Low,31,-0.00129,58.1,0.275,0.3438,ns
M5vsM6_anom_12m,tertiles,Absolute Mortality,GPPsat,Low,31,-0.32826,61.3,0.04692,0.1041,ns
M5vsM6_anom_12m,tertiles,Absolute Mortality,NEPmax,Low,31,-1.0775,71,0.004984,0.04485,*
M5vsM6_anom_12m,tertiles,Absolute Mortality,WUE,Low,31,-0.0925,61.3,0.01444,0.06567,ns
M5vsM6_anom_12m,tertiles,Absolute Mortality,uWUE,Low,31,-0.04975,58.1,0.04692,0.1041,ns
M5vsM6_anom_12m,tertiles,Relative Mortality,ETmax,High,31,0.00059,45.2,0.7863,0.8042,ns
M5vsM6_anom_12m,tertiles,Relative Mortality,GPPsat,High,31,-0.46316,67.7,0.02229,0.06567,ns
M5vsM6_anom_12m,tertiles,Relative Mortality,NEPmax,High,31,-0.93421,64.5,0.01518,0.06567,ns
M5vsM6_anom_12m,tertiles,Relative Mortality,WUE,High,31,-0.00573,51.6,0.2495,0.3302,ns
M5vsM6_anom_12m,tertiles,Relative Mortality,uWUE,High,31,-0.00074,51.6,0.275,0.3438,ns
M5vsM6_anom_12m,tertiles,Relative Mortality,ETmax,Mid,31,-0.00111,61.3,0.08058,0.1451,ns
M5vsM6_anom_12m,tertiles,Relative Mortality,GPPsat,Mid,31,-0.22888,61.3,0.05089,0.1041,ns
M5vsM6_anom_12m,tertiles,Relative Mortality,NEPmax,Mid,31,-1.11155,71,0.01518,0.06567,ns
M5vsM6_anom_12m,tertiles,Relative Mortality,WUE,Mid,31,-0.12435,64.5,0.01674,0.06567,ns
M5vsM6_anom_12m,tertiles,Relative Mortality,uWUE,Mid,31,-0.00596,51.6,0.2372,0.3302,ns
M5vsM6_anom_12m,tertiles,Relative Mortality,ETmax,Low,31,-0.00159,61.3,0.3732,0.4306,ns
M5vsM6_anom_12m,tertiles,Relative Mortality,GPPsat,Low,31,-0.53369,64.5,0.02335,0.06567,ns
M5vsM6_anom_12m,tertiles,Relative Mortality,NEPmax,Low,31,-1.0775,71,0.004198,0.04485,*
M5vsM6_anom_12m,tertiles,Relative Mortality,WUE,Low,31,-0.0409,58.1,0.1299,0.2009,ns
M5vsM6_anom_12m,tertiles,Relative Mortality,uWUE,Low,31,-0.02463,54.8,0.08661,0.1499,ns
M5vsM6_anom_12m,tertiles,Relative Disturbance,ETmax,High,31,0.00118,41.9,0.8388,0.8388,ns
M5vsM6_anom_12m,tertiles,Relative Disturbance,GPPsat,High,31,-0.46316,64.5,0.04887,0.1041,ns
M5vsM6_anom_12m,tertiles,Relative Disturbance,NEPmax,High,31,-0.93421,61.3,0.02229,0.06567,ns
M5vsM6_anom_12m,tertiles,Relative Disturbance,WUE,High,31,0.04372,41.9,0.4883,0.511,ns
M5vsM6_anom_12m,tertiles,Relative Disturbance,uWUE,High,31,0.01783,45.2,0.4727,0.5064,ns
M5vsM6_anom_12m,tertiles,Relative Disturbance,ETmax,Mid,31,-0.0023,71,0.02931,0.07758,ns
M5vsM6_anom_12m,tertiles,Relative Disturbance,GPPsat,Mid,31,-0.22888,64.5,0.01518,0.06567,ns
M5vsM6_anom_12m,tertiles,Relative Disturbance,NEPmax,Mid,31,-1.07993,74.2,0.002047,0.04485,*
M5vsM6_anom_12m,tertiles,Relative Disturbance,WUE,Mid,31,-0.12435,67.7,0.004198,0.04485,*
M5vsM6_anom_12m,tertiles,Relative Disturbance,uWUE,Mid,31,-0.01798,54.8,0.1384,0.2009,ns
M5vsM6_anom_12m,tertiles,Relative Disturbance,ETmax,Low,31,-0.0013,54.8,0.4493,0.5017,ns
M5vsM6_anom_12m,tertiles,Relative Disturbance,GPPsat,Low,31,-0.78308,64.5,0.03807,0.09518,ns
M5vsM6_anom_12m,tertiles,Relative Disturbance,NEPmax,Low,31,-1.08748,71,0.01518,0.06567,ns
M5vsM6_anom_12m,tertiles,Relative Disturbance,WUE,Low,31,-0.0431,64.5,0.05963,0.1118,ns
M5vsM6_anom_12m,tertiles,Relative Disturbance,uWUE,Low,31,-0.04975,58.1,0.05734,0.1118,ns
M5vsM6_anom_12m,equal_width,Absolute Mortality,ETmax,Mid,35,0.00047,48.6,0.6315,0.669,ns
M5vsM6_anom_12m,equal_width,Absolute Mortality,GPPsat,Mid,35,-0.22888,60,0.08069,0.1569,ns
M5vsM6_anom_12m,equal_width,Absolute Mortality,NEPmax,Mid,35,-0.79858,65.7,0.0339,0.0698,ns
M5vsM6_anom_12m,equal_width,Absolute Mortality,WUE,Mid,35,-0.01365,57.1,0.1569,0.2496,ns
M5vsM6_anom_12m,equal_width,Absolute Mortality,uWUE,Mid,35,0.01735,48.6,0.3872,0.4827,ns
M5vsM6_anom_12m,equal_width,Absolute Mortality,ETmax,Low,53,-0.0013,60.4,0.1044,0.1826,ns
M5vsM6_anom_12m,equal_width,Absolute Mortality,GPPsat,Low,53,-0.94295,71.7,0.0004094,0.007165,**
M5vsM6_anom_12m,equal_width,Absolute Mortality,NEPmax,Low,53,-1.18737,73.6,0.0002203,0.007165,**
M5vsM6_anom_12m,equal_width,Absolute Mortality,WUE,Low,53,-0.06823,62.3,0.006272,0.03136,*
M5vsM6_anom_12m,equal_width,Absolute Mortality,uWUE,Low,53,-0.02463,56.6,0.02224,0.05559,ns
M5vsM6_anom_12m,equal_width,Absolute Mortality,ETmax,High,5,-6e-05,60,,,""
M5vsM6_anom_12m,equal_width,Absolute Mortality,GPPsat,High,5,0.52845,20,,,""
M5vsM6_anom_12m,equal_width,Absolute Mortality,NEPmax,High,5,0.2219,40,,,""
M5vsM6_anom_12m,equal_width,Absolute Mortality,WUE,High,5,0.04186,20,,,""
M5vsM6_anom_12m,equal_width,Absolute Mortality,uWUE,High,5,0.01783,40,,,""
M5vsM6_anom_12m,equal_width,Relative Mortality,ETmax,Mid,33,0.00059,48.5,0.5356,0.6047,ns
M5vsM6_anom_12m,equal_width,Relative Mortality,GPPsat,Mid,33,-0.46316,72.7,0.008741,0.03399,*
M5vsM6_anom_12m,equal_width,Relative Mortality,NEPmax,Mid,33,-0.93421,69.7,0.01674,0.04883,*
M5vsM6_anom_12m,equal_width,Relative Mortality,WUE,Mid,33,-0.00573,51.5,0.3943,0.4827,ns
M5vsM6_anom_12m,equal_width,Relative Mortality,uWUE,Mid,33,0.02474,45.5,0.6193,0.669,ns
M5vsM6_anom_12m,equal_width,Relative Mortality,ETmax,Low,53,-0.0013,62.3,0.1342,0.2237,ns
M5vsM6_anom_12m,equal_width,Relative Mortality,GPPsat,Low,53,-0.36198,62.3,0.007829,0.03399,*
M5vsM6_anom_12m,equal_width,Relative Mortality,NEPmax,Low,53,-1.08391,69.8,0.001128,0.009873,**
M5vsM6_anom_12m,equal_width,Relative Mortality,WUE,Low,53,-0.0925,64.2,0.002371,0.0166,*
M5vsM6_anom_12m,equal_width,Relative Mortality,uWUE,Low,53,-0.02936,56.6,0.02,0.05383,ns
M5vsM6_anom_12m,equal_width,Relative Mortality,ETmax,High,7,0.00047,42.9,0.7766,0.7766,ns
M5vsM6_anom_12m,equal_width,Relative Mortality,GPPsat,High,7,0.11002,42.9,0.3999,0.4827,ns
M5vsM6_anom_12m,equal_width,Relative Mortality,NEPmax,High,7,-1.54588,57.1,0.1024,0.1826,ns
M5vsM6_anom_12m,equal_width,Relative Mortality,WUE,High,7,0.03039,42.9,0.3999,0.4827,ns
M5vsM6_anom_12m,equal_width,Relative Mortality,uWUE,High,7,-0.03251,57.1,0.2234,0.3258,ns
M5vsM6_anom_12m,equal_width,Relative Disturbance,ETmax,Mid,35,0.00059,48.6,0.4641,0.5415,ns
M5vsM6_anom_12m,equal_width,Relative Disturbance,GPPsat,Mid,35,-0.46316,68.6,0.01069,0.03401,*
M5vsM6_anom_12m,equal_width,Relative Disturbance,NEPmax,Mid,35,-0.79858,62.9,0.03037,0.06643,ns
M5vsM6_anom_12m,equal_width,Relative Disturbance,WUE,Mid,35,0.03039,48.6,0.3624,0.4827,ns
M5vsM6_anom_12m,equal_width,Relative Disturbance,uWUE,Mid,35,0.02474,42.9,0.6498,0.669,ns
M5vsM6_anom_12m,equal_width,Relative Disturbance,ETmax,Low,53,-0.0013,62.3,0.188,0.2861,ns
M5vsM6_anom_12m,equal_width,Relative Disturbance,GPPsat,Low,53,-0.32826,62.3,0.01019,0.03401,*
M5vsM6_anom_12m,equal_width,Relative Disturbance,NEPmax,Low,53,-1.08391,71.7,0.0009726,0.009873,**
M5vsM6_anom_12m,equal_width,Relative Disturbance,WUE,Low,53,-0.08562,64.2,0.005125,0.02989,*
M5vsM6_anom_12m,equal_width,Relative Disturbance,uWUE,Low,53,-0.02463,56.6,0.02967,0.06643,ns
M5vsM6_anom_12m,equal_width,Relative Disturbance,ETmax,High,5,0.00047,40,,,""
M5vsM6_anom_12m,equal_width,Relative Disturbance,GPPsat,High,5,-1.74502,60,,,""
M5vsM6_anom_12m,equal_width,Relative Disturbance,NEPmax,High,5,-3.21336,80,,,""
M5vsM6_anom_12m,equal_width,Relative Disturbance,WUE,High,5,-0.12803,60,,,""
M5vsM6_anom_12m,equal_width,Relative Disturbance,uWUE,High,5,-0.19662,80,,,""
M5vsM6_anom_12m,natural_breaks,Absolute Mortality,ETmax,High,20,0.00021,50,0.4777,0.4999,ns
M5vsM6_anom_12m,natural_breaks,Absolute Mortality,GPPsat,High,20,-0.2404,60,0.2005,0.3111,ns
M5vsM6_anom_12m,natural_breaks,Absolute Mortality,NEPmax,High,20,-0.70185,55,0.06065,0.1131,ns
M5vsM6_anom_12m,natural_breaks,Absolute Mortality,WUE,High,20,0.04791,40,0.4333,0.4903,ns
M5vsM6_anom_12m,natural_breaks,Absolute Mortality,uWUE,High,20,0.01759,45,0.4041,0.4786,ns
M5vsM6_anom_12m,natural_breaks,Absolute Mortality,ETmax,Mid,43,-0.00117,58.1,0.3699,0.4756,ns
M5vsM6_anom_12m,natural_breaks,Absolute Mortality,GPPsat,Mid,43,-1.00955,69.8,0.002592,0.04622,*
M5vsM6_anom_12m,natural_breaks,Absolute Mortality,NEPmax,Mid,43,-1.08748,74.4,0.005327,0.04622,*
M5vsM6_anom_12m,natural_breaks,Absolute Mortality,WUE,Mid,43,-0.0431,62.8,0.04051,0.0953,ns
M5vsM6_anom_12m,natural_breaks,Absolute Mortality,uWUE,Mid,43,-0.00596,51.2,0.275,0.4071,ns
M5vsM6_anom_12m,natural_breaks,Absolute Mortality,ETmax,Low,30,-0.00127,56.7,0.3036,0.4139,ns
M5vsM6_anom_12m,natural_breaks,Absolute Mortality,GPPsat,Low,30,-0.30149,60,0.06661,0.1153,ns
M5vsM6_anom_12m,natural_breaks,Absolute Mortality,NEPmax,Low,30,-1.02674,70,0.00719,0.04622,*
M5vsM6_anom_12m,natural_breaks,Absolute Mortality,WUE,Low,30,-0.09948,63.3,0.01183,0.06656,ns
M5vsM6_anom_12m,natural_breaks,Absolute Mortality,uWUE,Low,30,-0.05303,60,0.03677,0.0953,ns
M5vsM6_anom_12m,natural_breaks,Relative Mortality,ETmax,High,26,0.00139,38.5,0.9024,0.9024,ns
M5vsM6_anom_12m,natural_breaks,Relative Mortality,GPPsat,High,26,-0.45727,65.4,0.07036,0.1173,ns
M5vsM6_anom_12m,natural_breaks,Relative Mortality,NEPmax,High,26,-0.79333,61.5,0.03567,0.0953,ns
M5vsM6_anom_12m,natural_breaks,Relative Mortality,WUE,High,26,0.03613,46.2,0.3998,0.4786,ns
M5vsM6_anom_12m,natural_breaks,Relative Mortality,uWUE,High,26,0.01759,46.2,0.3998,0.4786,ns
M5vsM6_anom_12m,natural_breaks,Relative Mortality,ETmax,Mid,32,-0.00142,68.8,0.02322,0.08036,ns
M5vsM6_anom_12m,natural_breaks,Relative Mortality,GPPsat,Mid,32,-0.32695,62.5,0.0194,0.07938,ns
M5vsM6_anom_12m,natural_breaks,Relative Mortality,NEPmax,Mid,32,-1.13045,71.9,0.006968,0.04622,*
M5vsM6_anom_12m,natural_breaks,Relative Mortality,WUE,Mid,32,-0.11369,62.5,0.02221,0.08036,ns
M5vsM6_anom_12m,natural_breaks,Relative Mortality,uWUE,Mid,32,-0.01197,53.1,0.3035,0.4139,ns
M5vsM6_anom_12m,natural_breaks,Relative Mortality,ETmax,Low,35,-0.0013,57.1,0.4511,0.4903,ns
M5vsM6_anom_12m,natural_breaks,Relative Mortality,GPPsat,Low,35,-0.53369,65.7,0.02516,0.08086,ns
M5vsM6_anom_12m,natural_breaks,Relative Mortality,NEPmax,Low,35,-1.08748,71.4,0.004715,0.04622,*
M5vsM6_anom_12m,natural_breaks,Relative Mortality,WUE,Low,35,-0.0409,62.9,0.06083,0.1131,ns
M5vsM6_anom_12m,natural_breaks,Relative Mortality,uWUE,Low,35,-0.04975,57.1,0.04501,0.0953,ns
M5vsM6_anom_12m,natural_breaks,Relative Disturbance,ETmax,Mid,35,-0.0015,65.7,0.03151,0.09453,ns
M5vsM6_anom_12m,natural_breaks,Relative Disturbance,GPPsat,Mid,35,-0.42084,68.6,0.005965,0.04622,*
M5vsM6_anom_12m,natural_breaks,Relative Disturbance,NEPmax,Mid,35,-1.17699,74.3,0.00173,0.04622,*
M5vsM6_anom_12m,natural_breaks,Relative Disturbance,WUE,Mid,35,-0.10303,62.9,0.01766,0.07938,ns
M5vsM6_anom_12m,natural_breaks,Relative Disturbance,uWUE,Mid,35,-0.00596,51.4,0.2805,0.4071,ns
M5vsM6_anom_12m,natural_breaks,Relative Disturbance,ETmax,Low,35,-0.00129,57.1,0.4576,0.4903,ns
M5vsM6_anom_12m,natural_breaks,Relative Disturbance,GPPsat,Low,35,-0.53369,60,0.04659,0.0953,ns
M5vsM6_anom_12m,natural_breaks,Relative Disturbance,NEPmax,Low,35,-0.97597,68.6,0.01913,0.07938,ns
M5vsM6_anom_12m,natural_breaks,Relative Disturbance,WUE,Low,35,-0.0431,62.9,0.04501,0.0953,ns
M5vsM6_anom_12m,natural_breaks,Relative Disturbance,uWUE,Low,35,-0.04975,57.1,0.06283,0.1131,ns
M5vsM6_anom_12m,natural_breaks,Relative Disturbance,ETmax,High,23,0.0016,39.1,0.873,0.8928,ns
M5vsM6_anom_12m,natural_breaks,Relative Disturbance,GPPsat,High,23,-0.45139,65.2,0.0832,0.1337,ns
M5vsM6_anom_12m,natural_breaks,Relative Disturbance,NEPmax,High,23,-0.65245,60.9,0.04016,0.0953,ns
M5vsM6_anom_12m,natural_breaks,Relative Disturbance,WUE,High,23,0.04186,43.5,0.4576,0.4903,ns
M5vsM6_anom_12m,natural_breaks,Relative Disturbance,uWUE,High,23,0.01735,47.8,0.3407,0.4509,ns
M5vsM6_anom_24m,tertiles,Absolute Mortality,ETmax,High,31,0.00013,48.4,0.2194,0.2599,ns
M5vsM6_anom_24m,tertiles,Absolute Mortality,GPPsat,High,31,-0.45843,64.5,0.1141,0.1769,ns
M5vsM6_anom_24m,tertiles,Absolute Mortality,NEPmax,High,31,-1.02075,64.5,0.006588,0.07829,ns
M5vsM6_anom_24m,tertiles,Absolute Mortality,WUE,High,31,-0.0173,54.8,0.2372,0.2737,ns
M5vsM6_anom_24m,tertiles,Absolute Mortality,uWUE,High,31,-0.02043,61.3,0.05512,0.1229,ns
M5vsM6_anom_24m,tertiles,Absolute Mortality,ETmax,Mid,31,4e-04,48.4,0.4032,0.4426,ns
M5vsM6_anom_24m,tertiles,Absolute Mortality,GPPsat,Mid,31,-0.3663,67.7,0.03202,0.09006,ns
M5vsM6_anom_24m,tertiles,Absolute Mortality,NEPmax,Mid,31,-0.89977,64.5,0.0695,0.1299,ns
M5vsM6_anom_24m,tertiles,Absolute Mortality,WUE,Mid,31,-0.07672,71,0.05734,0.1229,ns
M5vsM6_anom_24m,tertiles,Absolute Mortality,uWUE,Mid,31,-0.01362,61.3,0.1428,0.1889,ns
M5vsM6_anom_24m,tertiles,Absolute Mortality,ETmax,Low,31,0.00029,48.4,0.4339,0.4437,ns
M5vsM6_anom_24m,tertiles,Absolute Mortality,GPPsat,Low,31,-0.63066,71,0.01122,0.07909,ns
M5vsM6_anom_24m,tertiles,Absolute Mortality,NEPmax,Low,31,-1.05438,67.7,0.00295,0.07829,ns
M5vsM6_anom_24m,tertiles,Absolute Mortality,WUE,Low,31,-0.04832,58.1,0.06441,0.126,ns
M5vsM6_anom_24m,tertiles,Absolute Mortality,uWUE,Low,31,-0.08209,61.3,0.02931,0.09006,ns
M5vsM6_anom_24m,tertiles,Relative Mortality,ETmax,High,31,0.00013,48.4,0.1811,0.2264,ns
M5vsM6_anom_24m,tertiles,Relative Mortality,GPPsat,High,31,-0.21155,61.3,0.1341,0.1829,ns
M5vsM6_anom_24m,tertiles,Relative Mortality,NEPmax,High,31,-1.02075,64.5,0.01011,0.07909,ns
M5vsM6_anom_24m,tertiles,Relative Mortality,WUE,High,31,-0.02394,61.3,0.1258,0.1769,ns
M5vsM6_anom_24m,tertiles,Relative Mortality,uWUE,High,31,-0.01362,61.3,0.1258,0.1769,ns
M5vsM6_anom_24m,tertiles,Relative Mortality,ETmax,Mid,31,0.00105,45.2,0.4262,0.4437,ns
M5vsM6_anom_24m,tertiles,Relative Mortality,GPPsat,Mid,31,-0.54083,71,0.02229,0.0886,ns
M5vsM6_anom_24m,tertiles,Relative Mortality,NEPmax,Mid,31,-0.89977,64.5,0.03064,0.09006,ns
M5vsM6_anom_24m,tertiles,Relative Mortality,WUE,Mid,31,-0.06269,67.7,0.04887,0.1157,ns
M5vsM6_anom_24m,tertiles,Relative Mortality,uWUE,Mid,31,-0.0574,61.3,0.0256,0.0886,ns
M5vsM6_anom_24m,tertiles,Relative Mortality,ETmax,Low,31,-5e-04,51.6,0.4185,0.4437,ns
M5vsM6_anom_24m,tertiles,Relative Mortality,GPPsat,Low,31,-0.63066,71,0.01757,0.07909,ns
M5vsM6_anom_24m,tertiles,Relative Mortality,NEPmax,Low,31,-1.1544,67.7,0.003962,0.07829,ns
M5vsM6_anom_24m,tertiles,Relative Mortality,WUE,Low,31,-0.04455,54.8,0.1612,0.2072,ns
M5vsM6_anom_24m,tertiles,Relative Mortality,uWUE,Low,31,-0.04991,61.3,0.07215,0.1299,ns
M5vsM6_anom_24m,tertiles,Relative Disturbance,ETmax,High,31,0.00094,41.9,0.2816,0.3168,ns
M5vsM6_anom_24m,tertiles,Relative Disturbance,GPPsat,High,31,-0.21155,61.3,0.09626,0.1601,ns
M5vsM6_anom_24m,tertiles,Relative Disturbance,NEPmax,High,31,-0.52824,61.3,0.01594,0.07909,ns
M5vsM6_anom_24m,tertiles,Relative Disturbance,WUE,High,31,-0.02394,58.1,0.1863,0.2266,ns
M5vsM6_anom_24m,tertiles,Relative Disturbance,uWUE,High,31,-0.01629,64.5,0.09965,0.1601,ns
M5vsM6_anom_24m,tertiles,Relative Disturbance,ETmax,Mid,31,-0.00084,58.1,0.1258,0.1769,ns
M5vsM6_anom_24m,tertiles,Relative Disturbance,GPPsat,Mid,31,-0.54083,71,0.01594,0.07909,ns
M5vsM6_anom_24m,tertiles,Relative Disturbance,NEPmax,Mid,31,-0.99808,67.7,0.006959,0.07829,ns
M5vsM6_anom_24m,tertiles,Relative Disturbance,WUE,Mid,31,-0.06043,67.7,0.04143,0.1036,ns
M5vsM6_anom_24m,tertiles,Relative Disturbance,uWUE,Mid,31,-0.01486,54.8,0.06441,0.126,ns
M5vsM6_anom_24m,tertiles,Relative Disturbance,ETmax,Low,31,0.00092,45.2,0.6704,0.6704,ns
M5vsM6_anom_24m,tertiles,Relative Disturbance,GPPsat,Low,31,-0.63066,71,0.02445,0.0886,ns
M5vsM6_anom_24m,tertiles,Relative Disturbance,NEPmax,Low,31,-1.1544,67.7,0.01594,0.07909,ns
M5vsM6_anom_24m,tertiles,Relative Disturbance,WUE,Low,31,-0.04832,58.1,0.08974,0.1553,ns
M5vsM6_anom_24m,tertiles,Relative Disturbance,uWUE,Low,31,-0.08209,64.5,0.03494,0.09249,ns
M5vsM6_anom_24m,equal_width,Absolute Mortality,ETmax,Mid,35,0.00082,45.7,0.3809,0.4167,ns
M5vsM6_anom_24m,equal_width,Absolute Mortality,GPPsat,Mid,35,-0.26878,65.7,0.08317,0.1532,ns
M5vsM6_anom_24m,equal_width,Absolute Mortality,NEPmax,Mid,35,-0.52457,62.9,0.02516,0.06289,ns
M5vsM6_anom_24m,equal_width,Absolute Mortality,WUE,Mid,35,-0.0173,54.3,0.3029,0.3534,ns
M5vsM6_anom_24m,equal_width,Absolute Mortality,uWUE,Mid,35,-0.02043,60,0.06913,0.1344,ns
M5vsM6_anom_24m,equal_width,Absolute Mortality,ETmax,Low,53,-0.00013,50.9,0.2562,0.3321,ns
M5vsM6_anom_24m,equal_width,Absolute Mortality,GPPsat,Low,53,-0.64815,71.7,0.0008119,0.01421,*
M5vsM6_anom_24m,equal_width,Absolute Mortality,NEPmax,Low,53,-1.16663,69.8,0.0002776,0.009717,**
M5vsM6_anom_24m,equal_width,Absolute Mortality,WUE,Low,53,-0.06747,67.9,0.002951,0.01817,*
M5vsM6_anom_24m,equal_width,Absolute Mortality,uWUE,Low,53,-0.0574,64.2,0.005531,0.02151,*
M5vsM6_anom_24m,equal_width,Absolute Mortality,ETmax,High,5,0.00099,40,,,""
M5vsM6_anom_24m,equal_width,Absolute Mortality,GPPsat,High,5,0.82354,40,,,""
M5vsM6_anom_24m,equal_width,Absolute Mortality,NEPmax,High,5,0.29912,40,,,""
M5vsM6_anom_24m,equal_width,Absolute Mortality,WUE,High,5,0.03679,40,,,""
M5vsM6_anom_24m,equal_width,Absolute Mortality,uWUE,High,5,0.05349,40,,,""
M5vsM6_anom_24m,equal_width,Relative Mortality,ETmax,Mid,33,0.00082,45.5,0.2777,0.3352,ns
M5vsM6_anom_24m,equal_width,Relative Mortality,GPPsat,Mid,33,-0.35797,69.7,0.03419,0.07479,ns
M5vsM6_anom_24m,equal_width,Relative Mortality,NEPmax,Mid,33,-1.02075,69.7,0.004787,0.02151,*
M5vsM6_anom_24m,equal_width,Relative Mortality,WUE,Mid,33,-0.05197,63.6,0.2056,0.2878,ns
M5vsM6_anom_24m,equal_width,Relative Mortality,uWUE,Mid,33,-0.01362,63.6,0.1191,0.2085,ns
M5vsM6_anom_24m,equal_width,Relative Mortality,ETmax,Low,53,0.00029,49.1,0.4263,0.4388,ns
M5vsM6_anom_24m,equal_width,Relative Mortality,GPPsat,Low,53,-0.63066,69.8,0.003114,0.01817,*
M5vsM6_anom_24m,equal_width,Relative Mortality,NEPmax,Low,53,-0.89977,64.2,0.002951,0.01817,*
M5vsM6_anom_24m,equal_width,Relative Mortality,WUE,Low,53,-0.06043,62.3,0.01043,0.03042,*
M5vsM6_anom_24m,equal_width,Relative Mortality,uWUE,Low,53,-0.08143,62.3,0.006272,0.02195,*
M5vsM6_anom_24m,equal_width,Relative Mortality,ETmax,High,7,-0.00335,57.1,0.1359,0.2163,ns
M5vsM6_anom_24m,equal_width,Relative Mortality,GPPsat,High,7,0.82354,42.9,0.2771,0.3352,ns
M5vsM6_anom_24m,equal_width,Relative Mortality,NEPmax,High,7,-1.72008,57.1,0.1359,0.2163,ns
M5vsM6_anom_24m,equal_width,Relative Mortality,WUE,High,7,0.03679,42.9,0.3999,0.4242,ns
M5vsM6_anom_24m,equal_width,Relative Mortality,uWUE,High,7,0.05349,42.9,0.3363,0.3797,ns
M5vsM6_anom_24m,equal_width,Relative Disturbance,ETmax,Mid,35,0.00013,48.6,0.1492,0.227,ns
M5vsM6_anom_24m,equal_width,Relative Disturbance,GPPsat,Mid,35,-0.21332,65.7,0.05888,0.1212,ns
M5vsM6_anom_24m,equal_width,Relative Disturbance,NEPmax,Mid,35,-0.51046,62.9,0.01439,0.03873,*
M5vsM6_anom_24m,equal_width,Relative Disturbance,WUE,Mid,35,-0.02394,60,0.1569,0.2288,ns
M5vsM6_anom_24m,equal_width,Relative Disturbance,uWUE,Mid,35,-0.01362,60,0.2231,0.3004,ns
M5vsM6_anom_24m,equal_width,Relative Disturbance,ETmax,Low,53,0.00029,49.1,0.4612,0.4612,ns
M5vsM6_anom_24m,equal_width,Relative Disturbance,GPPsat,Low,53,-0.54083,69.8,0.004995,0.02151,*
M5vsM6_anom_24m,equal_width,Relative Disturbance,NEPmax,Low,53,-0.99808,66,0.002795,0.01817,*
M5vsM6_anom_24m,equal_width,Relative Disturbance,WUE,Low,53,-0.06043,62.3,0.0285,0.06649,ns
M5vsM6_anom_24m,equal_width,Relative Disturbance,uWUE,Low,53,-0.06245,62.3,0.006926,0.02204,*
M5vsM6_anom_24m,equal_width,Relative Disturbance,ETmax,High,5,0.00099,40,,,""
M5vsM6_anom_24m,equal_width,Relative Disturbance,GPPsat,High,5,-2.49574,60,,,""
M5vsM6_anom_24m,equal_width,Relative Disturbance,NEPmax,High,5,-3.67415,80,,,""
M5vsM6_anom_24m,equal_width,Relative Disturbance,WUE,High,5,-0.12762,60,,,""
M5vsM6_anom_24m,equal_width,Relative Disturbance,uWUE,High,5,-0.20158,60,,,""
M5vsM6_anom_24m,natural_breaks,Absolute Mortality,ETmax,High,20,-0.00161,50,0.1274,0.185,ns
M5vsM6_anom_24m,natural_breaks,Absolute Mortality,GPPsat,High,20,-0.33499,60,0.2005,0.2374,ns
M5vsM6_anom_24m,natural_breaks,Absolute Mortality,NEPmax,High,20,-0.7607,60,0.02969,0.08632,ns
M5vsM6_anom_24m,natural_breaks,Absolute Mortality,WUE,High,20,0.03906,45,0.4187,0.4486,ns
M5vsM6_anom_24m,natural_breaks,Absolute Mortality,uWUE,High,20,-0.01421,60,0.1706,0.2112,ns
M5vsM6_anom_24m,natural_breaks,Absolute Mortality,ETmax,Mid,43,4e-04,48.8,0.4022,0.4415,ns
M5vsM6_anom_24m,natural_breaks,Absolute Mortality,GPPsat,Mid,43,-0.4386,69.8,0.0142,0.08632,ns
M5vsM6_anom_24m,natural_breaks,Absolute Mortality,NEPmax,Mid,43,-0.89977,67.4,0.01465,0.08632,ns
M5vsM6_anom_24m,natural_breaks,Absolute Mortality,WUE,Mid,43,-0.06747,69.8,0.03278,0.08632,ns
M5vsM6_anom_24m,natural_breaks,Absolute Mortality,uWUE,Mid,43,-0.01486,60.5,0.07283,0.1325,ns
M5vsM6_anom_24m,natural_breaks,Absolute Mortality,ETmax,Low,30,0.00061,46.7,0.5164,0.5404,ns
M5vsM6_anom_24m,natural_breaks,Absolute Mortality,GPPsat,Low,30,-0.51367,70,0.01706,0.08632,ns
M5vsM6_anom_24m,natural_breaks,Absolute Mortality,NEPmax,Low,30,-1.11051,66.7,0.003749,0.06123,ns
M5vsM6_anom_24m,natural_breaks,Absolute Mortality,WUE,Low,30,-0.05438,60,0.06146,0.1274,ns
M5vsM6_anom_24m,natural_breaks,Absolute Mortality,uWUE,Low,30,-0.08302,63.3,0.02192,0.08632,ns
M5vsM6_anom_24m,natural_breaks,Relative Mortality,ETmax,High,26,0.00047,46.2,0.2464,0.2844,ns
M5vsM6_anom_24m,natural_breaks,Relative Mortality,GPPsat,High,26,-0.17528,61.5,0.1374,0.1932,ns
M5vsM6_anom_24m,natural_breaks,Relative Mortality,NEPmax,High,26,-0.74576,61.5,0.02525,0.08632,ns
M5vsM6_anom_24m,natural_breaks,Relative Mortality,WUE,High,26,-0.02062,57.7,0.1737,0.2112,ns
M5vsM6_anom_24m,natural_breaks,Relative Mortality,uWUE,High,26,-0.01287,61.5,0.1672,0.2112,ns
M5vsM6_anom_24m,natural_breaks,Relative Mortality,ETmax,Mid,32,-0.00048,53.1,0.1497,0.2041,ns
M5vsM6_anom_24m,natural_breaks,Relative Mortality,GPPsat,Mid,32,-0.55598,68.8,0.02124,0.08632,ns
M5vsM6_anom_24m,natural_breaks,Relative Mortality,NEPmax,Mid,32,-0.76316,65.6,0.01469,0.08632,ns
M5vsM6_anom_24m,natural_breaks,Relative Mortality,WUE,Mid,32,-0.06156,68.8,0.0876,0.146,ns
M5vsM6_anom_24m,natural_breaks,Relative Mortality,uWUE,Mid,32,-0.04728,59.4,0.04354,0.09798,ns
M5vsM6_anom_24m,natural_breaks,Relative Mortality,ETmax,Low,35,0.00092,45.7,0.6191,0.6331,ns
M5vsM6_anom_24m,natural_breaks,Relative Mortality,GPPsat,Low,35,-0.63066,71.4,0.01628,0.08632,ns
M5vsM6_anom_24m,natural_breaks,Relative Mortality,NEPmax,Low,35,-1.1544,68.6,0.004082,0.06123,ns
M5vsM6_anom_24m,natural_breaks,Relative Mortality,WUE,Low,35,-0.04832,57.1,0.06698,0.131,ns
M5vsM6_anom_24m,natural_breaks,Relative Mortality,uWUE,Low,35,-0.08143,62.9,0.0339,0.08632,ns
M5vsM6_anom_24m,natural_breaks,Relative Disturbance,ETmax,Mid,35,-0.00084,54.3,0.09095,0.1462,ns
M5vsM6_anom_24m,natural_breaks,Relative Disturbance,GPPsat,Mid,35,-0.57114,68.6,0.02155,0.08632,ns
M5vsM6_anom_24m,natural_breaks,Relative Disturbance,NEPmax,Mid,35,-1.1723,71.4,0.0008081,0.03636,*
M5vsM6_anom_24m,natural_breaks,Relative Disturbance,WUE,Mid,35,-0.06043,65.7,0.07827,0.1355,ns
M5vsM6_anom_24m,natural_breaks,Relative Disturbance,uWUE,Mid,35,-0.01486,54.3,0.1051,0.1577,ns
M5vsM6_anom_24m,natural_breaks,Relative Disturbance,ETmax,Low,35,4e-04,45.7,0.6855,0.6855,ns
M5vsM6_anom_24m,natural_breaks,Relative Disturbance,GPPsat,Low,35,-0.39668,68.6,0.02329,0.08632,ns
M5vsM6_anom_24m,natural_breaks,Relative Disturbance,NEPmax,Low,35,-0.8474,62.9,0.03516,0.08632,ns
M5vsM6_anom_24m,natural_breaks,Relative Disturbance,WUE,Low,35,-0.04832,60,0.07359,0.1325,ns
M5vsM6_anom_24m,natural_breaks,Relative Disturbance,uWUE,Low,35,-0.08209,62.9,0.03645,0.08632,ns
M5vsM6_anom_24m,natural_breaks,Relative Disturbance,ETmax,High,23,0.00082,43.5,0.3187,0.3585,ns
M5vsM6_anom_24m,natural_breaks,Relative Disturbance,GPPsat,High,23,-0.21155,65.2,0.09807,0.1522,ns
M5vsM6_anom_24m,natural_breaks,Relative Disturbance,NEPmax,High,23,-0.47077,60.9,0.03517,0.08632,ns
M5vsM6_anom_24m,natural_breaks,Relative Disturbance,WUE,High,23,-0.0173,56.5,0.1615,0.2112,ns
M5vsM6_anom_24m,natural_breaks,Relative Disturbance,uWUE,High,23,-0.01629,69.6,0.06227,0.1274,ns
M7vsM8_raw_12m,tertiles,Absolute Mortality,ETmax,High,31,0.00069,38.7,0.8482,0.9232,ns
M7vsM8_raw_12m,tertiles,Absolute Mortality,GPPsat,High,31,-0.16315,54.8,0.07488,0.4814,ns
M7vsM8_raw_12m,tertiles,Absolute Mortality,NEPmax,High,31,-0.21712,67.7,0.0695,0.4814,ns
M7vsM8_raw_12m,tertiles,Absolute Mortality,WUE,High,31,-0.00589,54.8,0.1428,0.584,ns
M7vsM8_raw_12m,tertiles,Absolute Mortality,uWUE,High,31,-9e-05,51.6,0.208,0.636,ns
M7vsM8_raw_12m,tertiles,Absolute Mortality,ETmax,Mid,31,0.00041,45.2,0.705,0.8135,ns
M7vsM8_raw_12m,tertiles,Absolute Mortality,GPPsat,Mid,31,-0.11147,54.8,0.5738,0.8135,ns
M7vsM8_raw_12m,tertiles,Absolute Mortality,NEPmax,Mid,31,-0.05572,58.1,0.3957,0.7561,ns
M7vsM8_raw_12m,tertiles,Absolute Mortality,WUE,Mid,31,-0.00301,54.8,0.4032,0.7561,ns
M7vsM8_raw_12m,tertiles,Absolute Mortality,uWUE,Mid,31,0.00185,48.4,0.8616,0.9232,ns
M7vsM8_raw_12m,tertiles,Absolute Mortality,ETmax,Low,31,-0.00037,58.1,0.3439,0.737,ns
M7vsM8_raw_12m,tertiles,Absolute Mortality,GPPsat,Low,31,-0.09258,58.1,0.1299,0.584,ns
M7vsM8_raw_12m,tertiles,Absolute Mortality,NEPmax,Low,31,-0.08936,58.1,0.0432,0.458,ns
M7vsM8_raw_12m,tertiles,Absolute Mortality,WUE,Low,31,0.01117,45.2,0.7747,0.8716,ns
M7vsM8_raw_12m,tertiles,Absolute Mortality,uWUE,Low,31,-0.00321,51.6,0.4883,0.8135,ns
M7vsM8_raw_12m,tertiles,Relative Mortality,ETmax,High,31,0.00095,32.3,0.9816,0.9816,ns
M7vsM8_raw_12m,tertiles,Relative Mortality,GPPsat,High,31,-0.11147,54.8,0.208,0.636,ns
M7vsM8_raw_12m,tertiles,Relative Mortality,NEPmax,High,31,-0.08987,61.3,0.2495,0.636,ns
M7vsM8_raw_12m,tertiles,Relative Mortality,WUE,High,31,0.00276,48.4,0.6415,0.8135,ns
M7vsM8_raw_12m,tertiles,Relative Mortality,uWUE,High,31,0.00178,45.2,0.6704,0.8135,ns
M7vsM8_raw_12m,tertiles,Relative Mortality,ETmax,Mid,31,-0.00116,58.1,0.1258,0.584,ns
M7vsM8_raw_12m,tertiles,Relative Mortality,GPPsat,Mid,31,0.00123,48.4,0.5507,0.8135,ns
M7vsM8_raw_12m,tertiles,Relative Mortality,NEPmax,Mid,31,-0.00255,51.6,0.5738,0.8135,ns
M7vsM8_raw_12m,tertiles,Relative Mortality,WUE,Mid,31,-0.01815,54.8,0.2685,0.636,ns
M7vsM8_raw_12m,tertiles,Relative Mortality,uWUE,Mid,31,-0.00341,54.8,0.4883,0.8135,ns
M7vsM8_raw_12m,tertiles,Relative Mortality,ETmax,Low,31,-0.00016,51.6,0.6561,0.8135,ns
M7vsM8_raw_12m,tertiles,Relative Mortality,GPPsat,Low,31,-0.20802,64.5,0.04503,0.458,ns
M7vsM8_raw_12m,tertiles,Relative Mortality,NEPmax,Low,31,-0.26575,71,0.001082,0.04867,*
M7vsM8_raw_12m,tertiles,Relative Mortality,WUE,Low,31,-0.00165,51.6,0.4571,0.8135,ns
M7vsM8_raw_12m,tertiles,Relative Mortality,uWUE,Low,31,-0.00321,51.6,0.5584,0.8135,ns
M7vsM8_raw_12m,tertiles,Relative Disturbance,ETmax,High,31,0.00095,35.5,0.9568,0.9785,ns
M7vsM8_raw_12m,tertiles,Relative Disturbance,GPPsat,High,31,-0.11147,54.8,0.2312,0.636,ns
M7vsM8_raw_12m,tertiles,Relative Disturbance,NEPmax,High,31,-0.15316,58.1,0.2558,0.636,ns
M7vsM8_raw_12m,tertiles,Relative Disturbance,WUE,High,31,0.00276,48.4,0.5815,0.8135,ns
M7vsM8_raw_12m,tertiles,Relative Disturbance,uWUE,High,31,0.02004,35.5,0.9134,0.9559,ns
M7vsM8_raw_12m,tertiles,Relative Disturbance,ETmax,Mid,31,-0.00054,58.1,0.1916,0.636,ns
M7vsM8_raw_12m,tertiles,Relative Disturbance,GPPsat,Mid,31,-0.04325,51.6,0.3018,0.679,ns
M7vsM8_raw_12m,tertiles,Relative Disturbance,NEPmax,Mid,31,-0.07711,61.3,0.3881,0.7561,ns
M7vsM8_raw_12m,tertiles,Relative Disturbance,WUE,Mid,31,-0.00741,58.1,0.2558,0.636,ns
M7vsM8_raw_12m,tertiles,Relative Disturbance,uWUE,Mid,31,-0.01201,61.3,0.05089,0.458,ns
M7vsM8_raw_12m,tertiles,Relative Disturbance,ETmax,Low,31,0.00025,48.4,0.6632,0.8135,ns
M7vsM8_raw_12m,tertiles,Relative Disturbance,GPPsat,Low,31,-0.20266,61.3,0.1103,0.584,ns
M7vsM8_raw_12m,tertiles,Relative Disturbance,NEPmax,Low,31,-0.13524,64.5,0.002461,0.05537,ns
M7vsM8_raw_12m,tertiles,Relative Disturbance,WUE,Low,31,0.00222,48.4,0.5968,0.8135,ns
M7vsM8_raw_12m,tertiles,Relative Disturbance,uWUE,Low,31,-0.00341,54.8,0.705,0.8135,ns
M7vsM8_raw_12m,equal_width,Absolute Mortality,ETmax,Mid,35,0.00069,37.1,0.933,0.933,ns
M7vsM8_raw_12m,equal_width,Absolute Mortality,GPPsat,Mid,35,0.11387,42.9,0.6376,0.8584,ns
M7vsM8_raw_12m,equal_width,Absolute Mortality,NEPmax,Mid,35,-0.07711,60,0.4317,0.6912,ns
M7vsM8_raw_12m,equal_width,Absolute Mortality,WUE,Mid,35,-0.00301,51.4,0.4967,0.7244,ns
M7vsM8_raw_12m,equal_width,Absolute Mortality,uWUE,Mid,35,0.00028,48.6,0.6913,0.8784,ns
M7vsM8_raw_12m,equal_width,Absolute Mortality,ETmax,Low,53,-0.00019,52.8,0.4297,0.6912,ns
M7vsM8_raw_12m,equal_width,Absolute Mortality,GPPsat,Low,53,-0.16934,60.4,0.07205,0.3981,ns
M7vsM8_raw_12m,equal_width,Absolute Mortality,NEPmax,Low,53,-0.09406,60.4,0.01756,0.288,ns
M7vsM8_raw_12m,equal_width,Absolute Mortality,WUE,Low,53,-0.00165,50.9,0.4542,0.6912,ns
M7vsM8_raw_12m,equal_width,Absolute Mortality,uWUE,Low,53,-0.00265,50.9,0.6217,0.8584,ns
M7vsM8_raw_12m,equal_width,Absolute Mortality,ETmax,High,5,-0.00062,60,,,""
M7vsM8_raw_12m,equal_width,Absolute Mortality,GPPsat,High,5,-0.41338,100,,,""
M7vsM8_raw_12m,equal_width,Absolute Mortality,NEPmax,High,5,-0.41997,80,,,""
M7vsM8_raw_12m,equal_width,Absolute Mortality,WUE,High,5,-0.08381,60,,,""
M7vsM8_raw_12m,equal_width,Absolute Mortality,uWUE,High,5,-0.00929,60,,,""
M7vsM8_raw_12m,equal_width,Relative Mortality,ETmax,Mid,33,0.00065,42.4,0.7626,0.8897,ns
M7vsM8_raw_12m,equal_width,Relative Mortality,GPPsat,Mid,33,0.01081,48.5,0.4151,0.6912,ns
M7vsM8_raw_12m,equal_width,Relative Mortality,NEPmax,Mid,33,-0.15316,60.6,0.3671,0.6912,ns
M7vsM8_raw_12m,equal_width,Relative Mortality,WUE,Mid,33,0.0046,45.5,0.8142,0.901,ns
M7vsM8_raw_12m,equal_width,Relative Mortality,uWUE,Mid,33,0.00633,42.4,0.9099,0.933,ns
M7vsM8_raw_12m,equal_width,Relative Mortality,ETmax,Low,53,-0.00027,52.8,0.4472,0.6912,ns
M7vsM8_raw_12m,equal_width,Relative Mortality,GPPsat,Low,53,-0.15772,58.5,0.07963,0.3981,ns
M7vsM8_raw_12m,equal_width,Relative Mortality,NEPmax,Low,53,-0.08936,60.4,0.02469,0.288,ns
M7vsM8_raw_12m,equal_width,Relative Mortality,WUE,Low,53,-0.00741,52.8,0.3851,0.6912,ns
M7vsM8_raw_12m,equal_width,Relative Mortality,uWUE,Low,53,-0.00515,54.7,0.3387,0.6912,ns
M7vsM8_raw_12m,equal_width,Relative Mortality,ETmax,High,7,0.00225,28.6,0.8237,0.901,ns
M7vsM8_raw_12m,equal_width,Relative Mortality,GPPsat,High,7,-0.18179,71.4,0.1763,0.6855,ns
M7vsM8_raw_12m,equal_width,Relative Mortality,NEPmax,High,7,-0.41997,71.4,0.07539,0.3981,ns
M7vsM8_raw_12m,equal_width,Relative Mortality,WUE,High,7,-0.11914,71.4,0.1359,0.5948,ns
M7vsM8_raw_12m,equal_width,Relative Mortality,uWUE,High,7,-9e-05,57.1,0.2234,0.6912,ns
M7vsM8_raw_12m,equal_width,Relative Disturbance,ETmax,Mid,35,0.00044,48.6,0.3441,0.6912,ns
M7vsM8_raw_12m,equal_width,Relative Disturbance,GPPsat,Mid,35,-0.03102,51.4,0.3262,0.6912,ns
M7vsM8_raw_12m,equal_width,Relative Disturbance,NEPmax,Mid,35,-0.15316,60,0.2588,0.6912,ns
M7vsM8_raw_12m,equal_width,Relative Disturbance,WUE,Mid,35,0.00276,48.6,0.7027,0.8784,ns
M7vsM8_raw_12m,equal_width,Relative Disturbance,uWUE,Mid,35,0.00633,42.9,0.8759,0.929,ns
M7vsM8_raw_12m,equal_width,Relative Disturbance,ETmax,Low,53,0.00025,49.1,0.7323,0.8838,ns
M7vsM8_raw_12m,equal_width,Relative Disturbance,GPPsat,Low,53,-0.15772,58.5,0.07205,0.3981,ns
M7vsM8_raw_12m,equal_width,Relative Disturbance,NEPmax,Low,53,-0.09406,62.3,0.01644,0.288,ns
M7vsM8_raw_12m,equal_width,Relative Disturbance,WUE,Low,53,-0.00741,52.8,0.365,0.6912,ns
M7vsM8_raw_12m,equal_width,Relative Disturbance,uWUE,Low,53,-0.00515,54.7,0.329,0.6912,ns
M7vsM8_raw_12m,equal_width,Relative Disturbance,ETmax,High,5,0.00296,20,,,""
M7vsM8_raw_12m,equal_width,Relative Disturbance,GPPsat,High,5,-0.16315,60,,,""
M7vsM8_raw_12m,equal_width,Relative Disturbance,NEPmax,High,5,-0.0155,60,,,""
M7vsM8_raw_12m,equal_width,Relative Disturbance,WUE,High,5,-0.08381,60,,,""
M7vsM8_raw_12m,equal_width,Relative Disturbance,uWUE,High,5,-9e-05,60,,,""
M7vsM8_raw_12m,natural_breaks,Absolute Mortality,ETmax,High,20,0.00092,35,0.8646,0.9264,ns
M7vsM8_raw_12m,natural_breaks,Absolute Mortality,GPPsat,High,20,-0.17247,55,0.1055,0.5063,ns
M7vsM8_raw_12m,natural_breaks,Absolute Mortality,NEPmax,High,20,-0.14449,60,0.3475,0.6936,ns
M7vsM8_raw_12m,natural_breaks,Absolute Mortality,WUE,High,20,0.01164,45,0.4333,0.7663,ns
M7vsM8_raw_12m,natural_breaks,Absolute Mortality,uWUE,High,20,-0.00797,60,0.1125,0.5063,ns
M7vsM8_raw_12m,natural_breaks,Absolute Mortality,ETmax,Mid,43,0.00041,46.5,0.7045,0.8389,ns
M7vsM8_raw_12m,natural_breaks,Absolute Mortality,GPPsat,Mid,43,-0.11147,55.8,0.3699,0.6936,ns
M7vsM8_raw_12m,natural_breaks,Absolute Mortality,NEPmax,Mid,43,-0.09896,62.8,0.1035,0.5063,ns
M7vsM8_raw_12m,natural_breaks,Absolute Mortality,WUE,Mid,43,-0.00838,60.5,0.1269,0.5192,ns
M7vsM8_raw_12m,natural_breaks,Absolute Mortality,uWUE,Mid,43,0.00252,44.2,0.8943,0.9359,ns
M7vsM8_raw_12m,natural_breaks,Absolute Mortality,ETmax,Low,30,-0.00048,56.7,0.3556,0.6936,ns
M7vsM8_raw_12m,natural_breaks,Absolute Mortality,GPPsat,Low,30,-0.07009,56.7,0.1519,0.5695,ns
M7vsM8_raw_12m,natural_breaks,Absolute Mortality,NEPmax,Low,30,-0.09171,60,0.03358,0.3164,ns
M7vsM8_raw_12m,natural_breaks,Absolute Mortality,WUE,Low,30,0.01495,43.3,0.7828,0.877,ns
M7vsM8_raw_12m,natural_breaks,Absolute Mortality,uWUE,Low,30,-0.00418,53.3,0.4428,0.7663,ns
M7vsM8_raw_12m,natural_breaks,Relative Mortality,ETmax,High,26,0.00132,23.1,0.9986,0.9986,ns
M7vsM8_raw_12m,natural_breaks,Relative Mortality,GPPsat,High,26,-0.07124,53.8,0.2969,0.6936,ns
M7vsM8_raw_12m,natural_breaks,Relative Mortality,NEPmax,High,26,-0.08349,57.7,0.3147,0.6936,ns
M7vsM8_raw_12m,natural_breaks,Relative Mortality,WUE,High,26,0.00368,46.2,0.6484,0.8336,ns
M7vsM8_raw_12m,natural_breaks,Relative Mortality,uWUE,High,26,0.00453,38.5,0.799,0.877,ns
M7vsM8_raw_12m,natural_breaks,Relative Mortality,ETmax,Mid,32,-0.00137,65.6,0.02535,0.3164,ns
M7vsM8_raw_12m,natural_breaks,Relative Mortality,GPPsat,Mid,32,0.03706,46.9,0.5335,0.8336,ns
M7vsM8_raw_12m,natural_breaks,Relative Mortality,NEPmax,Mid,32,-0.05907,56.2,0.5558,0.8336,ns
M7vsM8_raw_12m,natural_breaks,Relative Mortality,WUE,Mid,32,-0.00665,56.2,0.2475,0.655,ns
M7vsM8_raw_12m,natural_breaks,Relative Mortality,uWUE,Mid,32,-0.00333,56.2,0.3577,0.6936,ns
M7vsM8_raw_12m,natural_breaks,Relative Mortality,ETmax,Low,35,0.00025,48.6,0.7084,0.8389,ns
M7vsM8_raw_12m,natural_breaks,Relative Mortality,GPPsat,Low,35,-0.21103,65.7,0.03516,0.3164,ns
M7vsM8_raw_12m,natural_breaks,Relative Mortality,NEPmax,Low,35,-0.13524,68.6,0.0008081,0.03636,*
M7vsM8_raw_12m,natural_breaks,Relative Mortality,WUE,Low,35,-0.00165,51.4,0.5098,0.8336,ns
M7vsM8_raw_12m,natural_breaks,Relative Mortality,uWUE,Low,35,-0.00515,54.3,0.5875,0.8336,ns
M7vsM8_raw_12m,natural_breaks,Relative Disturbance,ETmax,Mid,35,-0.00059,60,0.09095,0.5063,ns
M7vsM8_raw_12m,natural_breaks,Relative Disturbance,GPPsat,Mid,35,-0.0476,51.4,0.2183,0.6548,ns
M7vsM8_raw_12m,natural_breaks,Relative Disturbance,NEPmax,Mid,35,-0.07711,57.1,0.6002,0.8336,ns
M7vsM8_raw_12m,natural_breaks,Relative Disturbance,WUE,Mid,35,-0.00589,57.1,0.2381,0.655,ns
M7vsM8_raw_12m,natural_breaks,Relative Disturbance,uWUE,Mid,35,-0.00265,51.4,0.3321,0.6936,ns
M7vsM8_raw_12m,natural_breaks,Relative Disturbance,ETmax,Low,35,0.00041,45.7,0.7412,0.8552,ns
M7vsM8_raw_12m,natural_breaks,Relative Disturbance,GPPsat,Low,35,-0.15772,57.1,0.1731,0.5994,ns
M7vsM8_raw_12m,natural_breaks,Relative Disturbance,NEPmax,Low,35,-0.13524,65.7,0.001641,0.03692,*
M7vsM8_raw_12m,natural_breaks,Relative Disturbance,WUE,Low,35,-0.00165,51.4,0.5554,0.8336,ns
M7vsM8_raw_12m,natural_breaks,Relative Disturbance,uWUE,Low,35,-0.00341,54.3,0.6971,0.8389,ns
M7vsM8_raw_12m,natural_breaks,Relative Disturbance,ETmax,High,23,0.00115,30.4,0.9883,0.9986,ns
M7vsM8_raw_12m,natural_breaks,Relative Disturbance,GPPsat,High,23,-0.16315,60.9,0.193,0.6204,ns
M7vsM8_raw_12m,natural_breaks,Relative Disturbance,NEPmax,High,23,-0.23171,60.9,0.08795,0.5063,ns
M7vsM8_raw_12m,natural_breaks,Relative Disturbance,WUE,High,23,0.0046,43.5,0.6367,0.8336,ns
M7vsM8_raw_12m,natural_breaks,Relative Disturbance,uWUE,High,23,0.00274,43.5,0.6367,0.8336,ns
M7vsM8_raw_24m,tertiles,Absolute Mortality,ETmax,High,31,-0.00053,61.3,0.1384,0.4925,ns
M7vsM8_raw_24m,tertiles,Absolute Mortality,GPPsat,High,31,-0.10419,58.1,0.1384,0.4925,ns
M7vsM8_raw_24m,tertiles,Absolute Mortality,NEPmax,High,31,-0.0637,58.1,0.176,0.4925,ns
M7vsM8_raw_24m,tertiles,Absolute Mortality,WUE,High,31,-0.01091,51.6,0.176,0.4925,ns
M7vsM8_raw_24m,tertiles,Absolute Mortality,uWUE,High,31,-0.0055,58.1,0.07769,0.4925,ns
M7vsM8_raw_24m,tertiles,Absolute Mortality,ETmax,Mid,31,0.00072,32.3,0.9531,0.9531,ns
M7vsM8_raw_24m,tertiles,Absolute Mortality,GPPsat,Mid,31,-0.00402,51.6,0.6982,0.8888,ns
M7vsM8_raw_24m,tertiles,Absolute Mortality,NEPmax,Mid,31,0.02724,45.2,0.7442,0.8888,ns
M7vsM8_raw_24m,tertiles,Absolute Mortality,WUE,Mid,31,-0.01611,54.8,0.2137,0.5061,ns
M7vsM8_raw_24m,tertiles,Absolute Mortality,uWUE,Mid,31,0.01085,38.7,0.8084,0.9328,ns
M7vsM8_raw_24m,tertiles,Absolute Mortality,ETmax,Low,31,0.00014,48.4,0.7184,0.8888,ns
M7vsM8_raw_24m,tertiles,Absolute Mortality,GPPsat,Low,31,-0.00701,51.6,0.3439,0.6871,ns
M7vsM8_raw_24m,tertiles,Absolute Mortality,NEPmax,Low,31,-0.16271,64.5,0.02931,0.3447,ns
M7vsM8_raw_24m,tertiles,Absolute Mortality,WUE,Low,31,-0.01439,61.3,0.4032,0.7231,ns
M7vsM8_raw_24m,tertiles,Absolute Mortality,uWUE,Low,31,0.01073,45.2,0.3296,0.6871,ns
M7vsM8_raw_24m,tertiles,Relative Mortality,ETmax,High,31,0.00078,38.7,0.9278,0.9531,ns
M7vsM8_raw_24m,tertiles,Relative Mortality,GPPsat,High,31,0.0074,48.4,0.5429,0.8178,ns
M7vsM8_raw_24m,tertiles,Relative Mortality,NEPmax,High,31,-0.04077,51.6,0.4108,0.7231,ns
M7vsM8_raw_24m,tertiles,Relative Mortality,WUE,High,31,-0.01091,51.6,0.1916,0.4925,ns
M7vsM8_raw_24m,tertiles,Relative Mortality,uWUE,High,31,-0.00342,51.6,0.4262,0.7231,ns
M7vsM8_raw_24m,tertiles,Relative Mortality,ETmax,Mid,31,-0.00085,61.3,0.03064,0.3447,ns
M7vsM8_raw_24m,tertiles,Relative Mortality,GPPsat,Mid,31,-0.00402,51.6,0.5661,0.8178,ns
M7vsM8_raw_24m,tertiles,Relative Mortality,NEPmax,Mid,31,0.07374,41.9,0.9103,0.9531,ns
M7vsM8_raw_24m,tertiles,Relative Mortality,WUE,Mid,31,-0.01251,51.6,0.4339,0.7231,ns
M7vsM8_raw_24m,tertiles,Relative Mortality,uWUE,Mid,31,0.01329,41.9,0.4727,0.7596,ns
M7vsM8_raw_24m,tertiles,Relative Mortality,ETmax,Low,31,0.00054,41.9,0.9491,0.9531,ns
M7vsM8_raw_24m,tertiles,Relative Mortality,GPPsat,Low,31,-0.06631,61.3,0.1612,0.4925,ns
M7vsM8_raw_24m,tertiles,Relative Mortality,NEPmax,Low,31,-0.23152,74.2,0.0007252,0.03263,*
M7vsM8_raw_24m,tertiles,Relative Mortality,WUE,Low,31,-0.01593,64.5,0.197,0.4925,ns
M7vsM8_raw_24m,tertiles,Relative Mortality,uWUE,Low,31,0.00108,48.4,0.197,0.4925,ns
M7vsM8_raw_24m,tertiles,Relative Disturbance,ETmax,High,31,0.00065,41.9,0.7505,0.8888,ns
M7vsM8_raw_24m,tertiles,Relative Disturbance,GPPsat,High,31,0.0074,48.4,0.6488,0.8587,ns
M7vsM8_raw_24m,tertiles,Relative Disturbance,NEPmax,High,31,-0.04824,58.1,0.2558,0.5755,ns
M7vsM8_raw_24m,tertiles,Relative Disturbance,WUE,High,31,-0.01091,51.6,0.1709,0.4925,ns
M7vsM8_raw_24m,tertiles,Relative Disturbance,uWUE,High,31,0.01085,48.4,0.6342,0.8587,ns
M7vsM8_raw_24m,tertiles,Relative Disturbance,ETmax,Mid,31,-0.00045,61.3,0.09965,0.4925,ns
M7vsM8_raw_24m,tertiles,Relative Disturbance,GPPsat,Mid,31,0.00889,48.4,0.5507,0.8178,ns
M7vsM8_raw_24m,tertiles,Relative Disturbance,NEPmax,Mid,31,0.0297,38.7,0.8482,0.9531,ns
M7vsM8_raw_24m,tertiles,Relative Disturbance,WUE,Mid,31,-0.01675,58.1,0.176,0.4925,ns
M7vsM8_raw_24m,tertiles,Relative Disturbance,uWUE,Mid,31,0.00623,45.2,0.1811,0.4925,ns
M7vsM8_raw_24m,tertiles,Relative Disturbance,ETmax,Low,31,0.00076,38.7,0.9491,0.9531,ns
M7vsM8_raw_24m,tertiles,Relative Disturbance,GPPsat,Low,31,-0.10246,64.5,0.1218,0.4925,ns
M7vsM8_raw_24m,tertiles,Relative Disturbance,NEPmax,Low,31,-0.17683,71,0.003131,0.07045,ns
M7vsM8_raw_24m,tertiles,Relative Disturbance,WUE,Low,31,-0.01439,58.1,0.5815,0.8178,ns
M7vsM8_raw_24m,tertiles,Relative Disturbance,uWUE,Low,31,0.00108,48.4,0.3512,0.6871,ns
M7vsM8_raw_24m,equal_width,Absolute Mortality,ETmax,Mid,35,-0.00032,57.1,0.3145,0.6558,ns
M7vsM8_raw_24m,equal_width,Absolute Mortality,GPPsat,Mid,35,-0.03985,54.3,0.4125,0.6563,ns
M7vsM8_raw_24m,equal_width,Absolute Mortality,NEPmax,Mid,35,0.01187,45.7,0.6971,0.8101,ns
M7vsM8_raw_24m,equal_width,Absolute Mortality,WUE,Mid,35,0.00672,48.6,0.5747,0.7345,ns
M7vsM8_raw_24m,equal_width,Absolute Mortality,uWUE,Mid,35,0.00623,45.7,0.3935,0.6558,ns
M7vsM8_raw_24m,equal_width,Absolute Mortality,ETmax,Low,53,0.00054,41.5,0.9019,0.9019,ns
M7vsM8_raw_24m,equal_width,Absolute Mortality,GPPsat,Low,53,-0.04635,52.8,0.3716,0.6558,ns
M7vsM8_raw_24m,equal_width,Absolute Mortality,NEPmax,Low,53,-0.08249,60.4,0.03027,0.579,ns
M7vsM8_raw_24m,equal_width,Absolute Mortality,WUE,Low,53,-0.01611,60.4,0.1267,0.6558,ns
M7vsM8_raw_24m,equal_width,Absolute Mortality,uWUE,Low,53,0.01073,45.3,0.3783,0.6558,ns
M7vsM8_raw_24m,equal_width,Absolute Mortality,ETmax,High,5,0.00028,40,,,""
M7vsM8_raw_24m,equal_width,Absolute Mortality,GPPsat,High,5,-0.02993,60,,,""
M7vsM8_raw_24m,equal_width,Absolute Mortality,NEPmax,High,5,-0.11525,80,,,""
M7vsM8_raw_24m,equal_width,Absolute Mortality,WUE,High,5,-0.09433,60,,,""
M7vsM8_raw_24m,equal_width,Absolute Mortality,uWUE,High,5,-0.02327,80,,,""
M7vsM8_raw_24m,equal_width,Relative Mortality,ETmax,Mid,33,0.00041,45.5,0.5568,0.7345,ns
M7vsM8_raw_24m,equal_width,Relative Mortality,GPPsat,Mid,33,-0.12943,54.5,0.3537,0.6558,ns
M7vsM8_raw_24m,equal_width,Relative Mortality,NEPmax,Mid,33,-0.04077,51.5,0.4857,0.7339,ns
M7vsM8_raw_24m,equal_width,Relative Mortality,WUE,Mid,33,0.00478,48.5,0.3807,0.6558,ns
M7vsM8_raw_24m,equal_width,Relative Mortality,uWUE,Mid,33,0.01085,42.4,0.7995,0.8744,ns
M7vsM8_raw_24m,equal_width,Relative Mortality,ETmax,Low,53,-1e-05,50.9,0.5876,0.7345,ns
M7vsM8_raw_24m,equal_width,Relative Mortality,GPPsat,Low,53,-0.03985,54.7,0.3354,0.6558,ns
M7vsM8_raw_24m,equal_width,Relative Mortality,NEPmax,Low,53,-0.08249,58.5,0.06282,0.579,ns
M7vsM8_raw_24m,equal_width,Relative Mortality,WUE,Low,53,-0.01439,58.5,0.2915,0.6558,ns
M7vsM8_raw_24m,equal_width,Relative Mortality,uWUE,Low,53,0.00222,47.2,0.1952,0.6558,ns
M7vsM8_raw_24m,equal_width,Relative Mortality,ETmax,High,7,0.00142,28.6,0.8976,0.9019,ns
M7vsM8_raw_24m,equal_width,Relative Mortality,GPPsat,High,7,0.0074,42.9,0.6637,0.801,ns
M7vsM8_raw_24m,equal_width,Relative Mortality,NEPmax,High,7,-0.04337,57.1,0.3363,0.6558,ns
M7vsM8_raw_24m,equal_width,Relative Mortality,WUE,High,7,-0.06534,71.4,0.05416,0.579,ns
M7vsM8_raw_24m,equal_width,Relative Mortality,uWUE,High,7,-0.02327,71.4,0.1359,0.6558,ns
M7vsM8_raw_24m,equal_width,Relative Disturbance,ETmax,Mid,35,4e-04,45.7,0.5033,0.7339,ns
M7vsM8_raw_24m,equal_width,Relative Disturbance,GPPsat,Mid,35,-0.10419,51.4,0.5618,0.7345,ns
M7vsM8_raw_24m,equal_width,Relative Disturbance,NEPmax,Mid,35,-0.04077,51.4,0.3624,0.6558,ns
M7vsM8_raw_24m,equal_width,Relative Disturbance,WUE,Mid,35,-0.01697,51.4,0.2135,0.6558,ns
M7vsM8_raw_24m,equal_width,Relative Disturbance,uWUE,Mid,35,0.01396,40,0.862,0.9019,ns
M7vsM8_raw_24m,equal_width,Relative Disturbance,ETmax,Low,53,0.00014,49.1,0.7175,0.8101,ns
M7vsM8_raw_24m,equal_width,Relative Disturbance,GPPsat,Low,53,-0.03985,54.7,0.2765,0.6558,ns
M7vsM8_raw_24m,equal_width,Relative Disturbance,NEPmax,Low,53,-0.08917,60.4,0.06617,0.579,ns
M7vsM8_raw_24m,equal_width,Relative Disturbance,WUE,Low,53,-0.01439,58.5,0.3354,0.6558,ns
M7vsM8_raw_24m,equal_width,Relative Disturbance,uWUE,Low,53,0.00108,49.1,0.144,0.6558,ns
M7vsM8_raw_24m,equal_width,Relative Disturbance,ETmax,High,5,0.00142,40,,,""
M7vsM8_raw_24m,equal_width,Relative Disturbance,GPPsat,High,5,-0.02993,60,,,""
M7vsM8_raw_24m,equal_width,Relative Disturbance,NEPmax,High,5,0.04432,40,,,""
M7vsM8_raw_24m,equal_width,Relative Disturbance,WUE,High,5,-0.01091,60,,,""
M7vsM8_raw_24m,equal_width,Relative Disturbance,uWUE,High,5,-0.08223,80,,,""
M7vsM8_raw_24m,natural_breaks,Absolute Mortality,ETmax,High,20,-0.00059,65,0.3204,0.6838,ns
M7vsM8_raw_24m,natural_breaks,Absolute Mortality,GPPsat,High,20,-0.09243,55,0.2568,0.6838,ns
M7vsM8_raw_24m,natural_breaks,Absolute Mortality,NEPmax,High,20,-0.04207,55,0.4187,0.7059,ns
M7vsM8_raw_24m,natural_breaks,Absolute Mortality,WUE,High,20,-0.00496,50,0.269,0.6838,ns
M7vsM8_raw_24m,natural_breaks,Absolute Mortality,uWUE,High,20,-0.01638,70,0.04128,0.4645,ns
M7vsM8_raw_24m,natural_breaks,Absolute Mortality,ETmax,Mid,43,0.00042,39.5,0.789,0.909,ns
M7vsM8_raw_24m,natural_breaks,Absolute Mortality,GPPsat,Mid,43,-0.03985,55.8,0.5072,0.7174,ns
M7vsM8_raw_24m,natural_breaks,Absolute Mortality,NEPmax,Mid,43,-0.05845,51.2,0.4305,0.7059,ns
M7vsM8_raw_24m,natural_breaks,Absolute Mortality,WUE,Mid,43,-0.01611,55.8,0.1454,0.5946,ns
M7vsM8_raw_24m,natural_breaks,Absolute Mortality,uWUE,Mid,43,0.01106,37.2,0.782,0.909,ns
M7vsM8_raw_24m,natural_breaks,Absolute Mortality,ETmax,Low,30,0.00021,46.7,0.7246,0.8812,ns
M7vsM8_raw_24m,natural_breaks,Absolute Mortality,GPPsat,Low,30,-0.02233,50,0.348,0.6838,ns
M7vsM8_raw_24m,natural_breaks,Absolute Mortality,NEPmax,Low,30,-0.16977,63.3,0.03062,0.4593,ns
M7vsM8_raw_24m,natural_breaks,Absolute Mortality,WUE,Low,30,-0.01386,60,0.4347,0.7059,ns
M7vsM8_raw_24m,natural_breaks,Absolute Mortality,uWUE,Low,30,0.00591,46.7,0.3036,0.6838,ns
M7vsM8_raw_24m,natural_breaks,Relative Mortality,ETmax,High,26,0.00068,42.3,0.8886,0.909,ns
M7vsM8_raw_24m,natural_breaks,Relative Mortality,GPPsat,High,26,0.08238,42.3,0.6943,0.8678,ns
M7vsM8_raw_24m,natural_breaks,Relative Mortality,NEPmax,High,26,-0.04207,53.8,0.5101,0.7174,ns
M7vsM8_raw_24m,natural_breaks,Relative Mortality,WUE,High,26,-0.01562,53.8,0.1737,0.6513,ns
M7vsM8_raw_24m,natural_breaks,Relative Mortality,uWUE,High,26,-0.00368,53.8,0.4595,0.7059,ns
M7vsM8_raw_24m,natural_breaks,Relative Mortality,ETmax,Mid,32,-0.00033,53.1,0.09371,0.5746,ns
M7vsM8_raw_24m,natural_breaks,Relative Mortality,GPPsat,Mid,32,-0.05516,56.2,0.5261,0.7174,ns
M7vsM8_raw_24m,natural_breaks,Relative Mortality,NEPmax,Mid,32,0.02622,43.8,0.8178,0.909,ns
M7vsM8_raw_24m,natural_breaks,Relative Mortality,WUE,Mid,32,-0.00289,50,0.3647,0.6838,ns
M7vsM8_raw_24m,natural_breaks,Relative Mortality,uWUE,Mid,32,0.01059,43.8,0.3101,0.6838,ns
M7vsM8_raw_24m,natural_breaks,Relative Mortality,ETmax,Low,35,0.00027,45.7,0.8888,0.909,ns
M7vsM8_raw_24m,natural_breaks,Relative Mortality,GPPsat,Low,35,-0.06631,60,0.1309,0.5892,ns
M7vsM8_raw_24m,natural_breaks,Relative Mortality,NEPmax,Low,35,-0.18467,68.6,0.001921,0.08643,ns
M7vsM8_raw_24m,natural_breaks,Relative Mortality,WUE,Low,35,-0.01593,62.9,0.2695,0.6838,ns
M7vsM8_raw_24m,natural_breaks,Relative Mortality,uWUE,Low,35,0.00222,45.7,0.3145,0.6838,ns
M7vsM8_raw_24m,natural_breaks,Relative Disturbance,ETmax,Mid,35,-0.00065,60,0.06488,0.4866,ns
M7vsM8_raw_24m,natural_breaks,Relative Disturbance,GPPsat,Mid,35,0.12176,45.7,0.6913,0.8678,ns
M7vsM8_raw_24m,natural_breaks,Relative Disturbance,NEPmax,Mid,35,0.1205,34.3,0.8825,0.909,ns
M7vsM8_raw_24m,natural_breaks,Relative Disturbance,WUE,Mid,35,-0.02033,60,0.05514,0.4866,ns
M7vsM8_raw_24m,natural_breaks,Relative Disturbance,uWUE,Mid,35,0.00788,42.9,0.3502,0.6838,ns
M7vsM8_raw_24m,natural_breaks,Relative Disturbance,ETmax,Low,35,0.00054,40,0.9565,0.9565,ns
M7vsM8_raw_24m,natural_breaks,Relative Disturbance,GPPsat,Low,35,-0.06631,65.7,0.1022,0.5746,ns
M7vsM8_raw_24m,natural_breaks,Relative Disturbance,NEPmax,Low,35,-0.16271,71.4,0.004494,0.1011,ns
M7vsM8_raw_24m,natural_breaks,Relative Disturbance,WUE,Low,35,-0.01251,57.1,0.6376,0.8439,ns
M7vsM8_raw_24m,natural_breaks,Relative Disturbance,uWUE,Low,35,0.00222,45.7,0.4706,0.7059,ns
M7vsM8_raw_24m,natural_breaks,Relative Disturbance,ETmax,High,23,0.00065,39.1,0.8792,0.909,ns
M7vsM8_raw_24m,natural_breaks,Relative Disturbance,GPPsat,High,23,0.0074,47.8,0.4456,0.7059,ns
M7vsM8_raw_24m,natural_breaks,Relative Disturbance,NEPmax,High,23,-0.05845,65.2,0.127,0.5892,ns
M7vsM8_raw_24m,natural_breaks,Relative Disturbance,WUE,High,23,0.00099,47.8,0.2973,0.6838,ns
M7vsM8_raw_24m,natural_breaks,Relative Disturbance,uWUE,High,23,-0.0055,56.5,0.2973,0.6838,ns
M7vsM8_anom_12m,tertiles,Absolute Mortality,ETmax,High,31,0.00122,38.7,0.955,0.9767,ns
M7vsM8_anom_12m,tertiles,Absolute Mortality,GPPsat,High,31,-0.74906,71,0.003737,0.0251,*
M7vsM8_anom_12m,tertiles,Absolute Mortality,NEPmax,High,31,-0.7524,80.6,0.002778,0.0251,*
M7vsM8_anom_12m,tertiles,Absolute Mortality,WUE,High,31,-0.1476,51.6,0.04143,0.1097,ns
M7vsM8_anom_12m,tertiles,Absolute Mortality,uWUE,High,31,-0.02058,58.1,0.0695,0.1422,ns
M7vsM8_anom_12m,tertiles,Absolute Mortality,ETmax,Mid,31,-5e-05,51.6,0.5584,0.6443,ns
M7vsM8_anom_12m,tertiles,Absolute Mortality,GPPsat,Mid,31,-0.42686,54.8,0.1218,0.2108,ns
M7vsM8_anom_12m,tertiles,Absolute Mortality,NEPmax,Mid,31,-0.69859,71,0.01444,0.04643,*
M7vsM8_anom_12m,tertiles,Absolute Mortality,WUE,Mid,31,-0.02879,58.1,0.2372,0.3235,ns
M7vsM8_anom_12m,tertiles,Absolute Mortality,uWUE,Mid,31,-0.02639,58.1,0.3658,0.4449,ns
M7vsM8_anom_12m,tertiles,Absolute Mortality,ETmax,Low,31,0.00047,48.4,0.6914,0.7778,ns
M7vsM8_anom_12m,tertiles,Absolute Mortality,GPPsat,Low,31,-0.46471,71,0.006235,0.02551,*
M7vsM8_anom_12m,tertiles,Absolute Mortality,NEPmax,Low,31,-0.48082,71,0.001923,0.0251,*
M7vsM8_anom_12m,tertiles,Absolute Mortality,WUE,Low,31,-0.04615,58.1,0.07488,0.1465,ns
M7vsM8_anom_12m,tertiles,Absolute Mortality,uWUE,Low,31,-0.03826,61.3,0.2025,0.2847,ns
M7vsM8_anom_12m,tertiles,Relative Mortality,ETmax,High,31,0.00136,32.3,0.9863,0.9863,ns
M7vsM8_anom_12m,tertiles,Relative Mortality,GPPsat,High,31,-0.42912,64.5,0.004984,0.0251,*
M7vsM8_anom_12m,tertiles,Relative Mortality,NEPmax,High,31,-0.6377,83.9,0.001807,0.0251,*
M7vsM8_anom_12m,tertiles,Relative Mortality,WUE,High,31,-0.01199,51.6,0.1384,0.2224,ns
M7vsM8_anom_12m,tertiles,Relative Mortality,uWUE,High,31,-0.02639,61.3,0.08058,0.1511,ns
M7vsM8_anom_12m,tertiles,Relative Mortality,ETmax,Mid,31,-0.00033,58.1,0.2816,0.3727,ns
M7vsM8_anom_12m,tertiles,Relative Mortality,GPPsat,Mid,31,-0.64351,67.7,0.01122,0.04206,*
M7vsM8_anom_12m,tertiles,Relative Mortality,NEPmax,Mid,31,-0.73597,67.7,0.005274,0.0251,*
M7vsM8_anom_12m,tertiles,Relative Mortality,WUE,Mid,31,-0.076,58.1,0.05297,0.1192,ns
M7vsM8_anom_12m,tertiles,Relative Mortality,uWUE,Mid,31,-0.02764,54.8,0.3368,0.4209,ns
M7vsM8_anom_12m,tertiles,Relative Mortality,ETmax,Low,31,0.00047,48.4,0.834,0.9153,ns
M7vsM8_anom_12m,tertiles,Relative Mortality,GPPsat,Low,31,-0.31259,64.5,0.04692,0.1111,ns
M7vsM8_anom_12m,tertiles,Relative Mortality,NEPmax,Low,31,-0.59945,71,0.005578,0.0251,*
M7vsM8_anom_12m,tertiles,Relative Mortality,WUE,Low,31,-0.04615,58.1,0.1067,0.192,ns
M7vsM8_anom_12m,tertiles,Relative Mortality,uWUE,Low,31,-0.02311,61.3,0.1811,0.2716,ns
M7vsM8_anom_12m,tertiles,Relative Disturbance,ETmax,High,31,0.00122,38.7,0.9251,0.9681,ns
M7vsM8_anom_12m,tertiles,Relative Disturbance,GPPsat,High,31,-0.88077,67.7,0.004447,0.0251,*
M7vsM8_anom_12m,tertiles,Relative Disturbance,NEPmax,High,31,-0.66156,80.6,0.005274,0.0251,*
M7vsM8_anom_12m,tertiles,Relative Disturbance,WUE,High,31,0.01771,48.4,0.197,0.2847,ns
M7vsM8_anom_12m,tertiles,Relative Disturbance,uWUE,High,31,-0.01735,58.1,0.1299,0.2165,ns
M7vsM8_anom_12m,tertiles,Relative Disturbance,ETmax,Mid,31,-0.00033,54.8,0.4262,0.5047,ns
M7vsM8_anom_12m,tertiles,Relative Disturbance,GPPsat,Mid,31,-0.33725,61.3,0.01935,0.05804,ns
M7vsM8_anom_12m,tertiles,Relative Disturbance,NEPmax,Mid,31,-0.69859,71,0.0007758,0.0251,*
M7vsM8_anom_12m,tertiles,Relative Disturbance,WUE,Mid,31,-0.0406,58.1,0.04692,0.1111,ns
M7vsM8_anom_12m,tertiles,Relative Disturbance,uWUE,Mid,31,-0.02764,54.8,0.3226,0.4147,ns
M7vsM8_anom_12m,tertiles,Relative Disturbance,ETmax,Low,31,0.00149,45.2,0.907,0.9681,ns
M7vsM8_anom_12m,tertiles,Relative Disturbance,GPPsat,Low,31,-0.46471,67.7,0.03202,0.09006,ns
M7vsM8_anom_12m,tertiles,Relative Disturbance,NEPmax,Low,31,-0.59945,71,0.01307,0.04523,*
M7vsM8_anom_12m,tertiles,Relative Disturbance,WUE,Low,31,-0.04691,61.3,0.06692,0.1422,ns
M7vsM8_anom_12m,tertiles,Relative Disturbance,uWUE,Low,31,-0.04695,64.5,0.1518,0.2355,ns
M7vsM8_anom_12m,equal_width,Absolute Mortality,ETmax,Mid,35,0.00122,40,0.9661,0.9661,ns
M7vsM8_anom_12m,equal_width,Absolute Mortality,GPPsat,Mid,35,-0.19157,54.3,0.1175,0.2165,ns
M7vsM8_anom_12m,equal_width,Absolute Mortality,NEPmax,Mid,35,-0.66981,74.3,0.0138,0.03787,*
M7vsM8_anom_12m,equal_width,Absolute Mortality,WUE,Mid,35,-0.01199,51.4,0.1454,0.2423,ns
M7vsM8_anom_12m,equal_width,Absolute Mortality,uWUE,Mid,35,-0.01358,51.4,0.2183,0.2913,ns
M7vsM8_anom_12m,equal_width,Absolute Mortality,ETmax,Low,53,-9e-05,50.9,0.5247,0.6333,ns
M7vsM8_anom_12m,equal_width,Absolute Mortality,GPPsat,Low,53,-0.52532,69.8,0.0003487,0.006102,**
M7vsM8_anom_12m,equal_width,Absolute Mortality,NEPmax,Low,53,-0.66156,71.7,0.0001741,0.006094,**
M7vsM8_anom_12m,equal_width,Absolute Mortality,WUE,Low,53,-0.06245,60.4,0.01406,0.03787,*
M7vsM8_anom_12m,equal_width,Absolute Mortality,uWUE,Low,53,-0.03108,64.2,0.06504,0.1423,ns
M7vsM8_anom_12m,equal_width,Absolute Mortality,ETmax,High,5,0.00637,40,,,""
M7vsM8_anom_12m,equal_width,Absolute Mortality,GPPsat,High,5,-1.60858,100,,,""
M7vsM8_anom_12m,equal_width,Absolute Mortality,NEPmax,High,5,-1.45822,100,,,""
M7vsM8_anom_12m,equal_width,Absolute Mortality,WUE,High,5,0.0435,40,,,""
M7vsM8_anom_12m,equal_width,Absolute Mortality,uWUE,High,5,-0.02949,60,,,""
M7vsM8_anom_12m,equal_width,Relative Mortality,ETmax,Mid,33,0.00082,45.5,0.7995,0.8744,ns
M7vsM8_anom_12m,equal_width,Relative Mortality,GPPsat,Mid,33,-0.53104,63.6,0.003487,0.01698,*
M7vsM8_anom_12m,equal_width,Relative Mortality,NEPmax,Mid,33,-0.6377,78.8,0.00388,0.01698,*
M7vsM8_anom_12m,equal_width,Relative Mortality,WUE,Mid,33,-0.01199,51.5,0.2319,0.2913,ns
M7vsM8_anom_12m,equal_width,Relative Mortality,uWUE,Mid,33,-0.01735,57.6,0.2056,0.2913,ns
M7vsM8_anom_12m,equal_width,Relative Mortality,ETmax,Low,53,0.00012,49.1,0.7923,0.8744,ns
M7vsM8_anom_12m,equal_width,Relative Mortality,GPPsat,Low,53,-0.33725,64.2,0.009716,0.03401,*
M7vsM8_anom_12m,equal_width,Relative Mortality,NEPmax,Low,53,-0.66981,67.9,0.000944,0.01101,*
M7vsM8_anom_12m,equal_width,Relative Mortality,WUE,Low,53,-0.04691,58.5,0.02469,0.05761,ns
M7vsM8_anom_12m,equal_width,Relative Mortality,uWUE,Low,53,-0.02764,60.4,0.1362,0.2383,ns
M7vsM8_anom_12m,equal_width,Relative Mortality,ETmax,High,7,0.00416,28.6,0.8976,0.924,ns
M7vsM8_anom_12m,equal_width,Relative Mortality,GPPsat,High,7,-1.07811,85.7,0.1024,0.2109,ns
M7vsM8_anom_12m,equal_width,Relative Mortality,NEPmax,High,7,-1.06818,100,0.01125,0.03579,*
M7vsM8_anom_12m,equal_width,Relative Mortality,WUE,High,7,-0.17671,57.1,0.1763,0.2682,ns
M7vsM8_anom_12m,equal_width,Relative Mortality,uWUE,High,7,-0.11218,57.1,0.1763,0.2682,ns
M7vsM8_anom_12m,equal_width,Relative Disturbance,ETmax,Mid,35,0.00049,45.7,0.6128,0.7149,ns
M7vsM8_anom_12m,equal_width,Relative Disturbance,GPPsat,Mid,35,-0.74906,65.7,0.002485,0.01449,*
M7vsM8_anom_12m,equal_width,Relative Disturbance,NEPmax,Mid,35,-0.66156,82.9,0.001641,0.01149,*
M7vsM8_anom_12m,equal_width,Relative Disturbance,WUE,Mid,35,-0.01199,51.4,0.233,0.2913,ns
M7vsM8_anom_12m,equal_width,Relative Disturbance,uWUE,Mid,35,-0.01735,57.1,0.233,0.2913,ns
M7vsM8_anom_12m,equal_width,Relative Disturbance,ETmax,Low,53,0.00047,49.1,0.8972,0.924,ns
M7vsM8_anom_12m,equal_width,Relative Disturbance,GPPsat,Low,53,-0.33725,64.2,0.007099,0.02761,*
M7vsM8_anom_12m,equal_width,Relative Disturbance,NEPmax,Low,53,-0.59945,66,0.001385,0.01149,*
M7vsM8_anom_12m,equal_width,Relative Disturbance,WUE,Low,53,-0.04691,58.5,0.01834,0.04586,*
M7vsM8_anom_12m,equal_width,Relative Disturbance,uWUE,Low,53,-0.02764,60.4,0.1109,0.2157,ns
M7vsM8_anom_12m,equal_width,Relative Disturbance,ETmax,High,5,0.00416,20,,,""
M7vsM8_anom_12m,equal_width,Relative Disturbance,GPPsat,High,5,-1.07811,80,,,""
M7vsM8_anom_12m,equal_width,Relative Disturbance,NEPmax,High,5,-1.06818,100,,,""
M7vsM8_anom_12m,equal_width,Relative Disturbance,WUE,High,5,-0.17671,60,,,""
M7vsM8_anom_12m,equal_width,Relative Disturbance,uWUE,High,5,-0.14921,60,,,""
M7vsM8_anom_12m,natural_breaks,Absolute Mortality,ETmax,High,20,0.00163,35,0.9677,0.9881,ns
M7vsM8_anom_12m,natural_breaks,Absolute Mortality,GPPsat,High,20,-0.54533,65,0.0323,0.08551,ns
M7vsM8_anom_12m,natural_breaks,Absolute Mortality,NEPmax,High,20,-0.7111,75,0.0229,0.0644,ns
M7vsM8_anom_12m,natural_breaks,Absolute Mortality,WUE,High,20,0.04152,40,0.2814,0.3423,ns
M7vsM8_anom_12m,natural_breaks,Absolute Mortality,uWUE,High,20,-0.01547,55,0.1802,0.2703,ns
M7vsM8_anom_12m,natural_breaks,Absolute Mortality,ETmax,Mid,43,-5e-05,51.2,0.5742,0.6626,ns
M7vsM8_anom_12m,natural_breaks,Absolute Mortality,GPPsat,Mid,43,-0.63066,62.8,0.01179,0.0442,*
M7vsM8_anom_12m,natural_breaks,Absolute Mortality,NEPmax,Mid,43,-0.73597,74.4,0.001914,0.02154,*
M7vsM8_anom_12m,natural_breaks,Absolute Mortality,WUE,Mid,43,-0.06245,60.5,0.0509,0.1206,ns
M7vsM8_anom_12m,natural_breaks,Absolute Mortality,uWUE,Mid,43,-0.02639,58.1,0.1907,0.2768,ns
M7vsM8_anom_12m,natural_breaks,Absolute Mortality,ETmax,Low,30,0.00118,46.7,0.7381,0.8304,ns
M7vsM8_anom_12m,natural_breaks,Absolute Mortality,GPPsat,Low,30,-0.40098,70,0.009006,0.04053,*
M7vsM8_anom_12m,natural_breaks,Absolute Mortality,NEPmax,Low,30,-0.5057,73.3,0.001529,0.02154,*
M7vsM8_anom_12m,natural_breaks,Absolute Mortality,WUE,Low,30,-0.04653,60,0.0721,0.1475,ns
M7vsM8_anom_12m,natural_breaks,Absolute Mortality,uWUE,Low,30,-0.04261,63.3,0.1519,0.2531,ns
M7vsM8_anom_12m,natural_breaks,Relative Mortality,ETmax,High,26,0.00204,30.8,0.9881,0.9881,ns
M7vsM8_anom_12m,natural_breaks,Relative Mortality,GPPsat,High,26,-0.58909,65.4,0.01041,0.04259,*
M7vsM8_anom_12m,natural_breaks,Relative Mortality,NEPmax,High,26,-0.64963,80.8,0.00738,0.04053,*
M7vsM8_anom_12m,natural_breaks,Relative Mortality,WUE,High,26,0.02848,46.2,0.2155,0.2939,ns
M7vsM8_anom_12m,natural_breaks,Relative Mortality,uWUE,High,26,-0.01554,57.7,0.1672,0.2688,ns
M7vsM8_anom_12m,natural_breaks,Relative Mortality,ETmax,Mid,32,-0.00034,59.4,0.2027,0.285,ns
M7vsM8_anom_12m,natural_breaks,Relative Mortality,GPPsat,Mid,32,-0.58728,65.6,0.0154,0.04949,*
M7vsM8_anom_12m,natural_breaks,Relative Mortality,NEPmax,Mid,32,-0.70289,68.8,0.005349,0.03439,*
M7vsM8_anom_12m,natural_breaks,Relative Mortality,WUE,Mid,32,-0.09874,59.4,0.07901,0.1546,ns
M7vsM8_anom_12m,natural_breaks,Relative Mortality,uWUE,Mid,32,-0.02936,56.2,0.3234,0.383,ns
M7vsM8_anom_12m,natural_breaks,Relative Mortality,ETmax,Low,35,0.00149,45.7,0.8792,0.965,ns
M7vsM8_anom_12m,natural_breaks,Relative Mortality,GPPsat,Low,35,-0.46471,65.7,0.01838,0.05515,ns
M7vsM8_anom_12m,natural_breaks,Relative Mortality,NEPmax,Low,35,-0.69859,74.3,0.001475,0.02154,*
M7vsM8_anom_12m,natural_breaks,Relative Mortality,WUE,Low,35,-0.04615,60,0.06083,0.1304,ns
M7vsM8_anom_12m,natural_breaks,Relative Mortality,uWUE,Low,35,-0.04695,62.9,0.1208,0.2174,ns
M7vsM8_anom_12m,natural_breaks,Relative Disturbance,ETmax,Mid,35,-9e-05,54.3,0.2805,0.3423,ns
M7vsM8_anom_12m,natural_breaks,Relative Disturbance,GPPsat,Mid,35,-0.53104,62.9,0.01499,0.04949,*
M7vsM8_anom_12m,natural_breaks,Relative Disturbance,NEPmax,Mid,35,-0.66981,71.4,0.004082,0.03061,*
M7vsM8_anom_12m,natural_breaks,Relative Disturbance,WUE,Mid,35,-0.0406,57.1,0.09095,0.1705,ns
M7vsM8_anom_12m,natural_breaks,Relative Disturbance,uWUE,Mid,35,-0.02764,57.1,0.2281,0.2996,ns
M7vsM8_anom_12m,natural_breaks,Relative Disturbance,ETmax,Low,35,0.00047,48.6,0.9036,0.9681,ns
M7vsM8_anom_12m,natural_breaks,Relative Disturbance,GPPsat,Low,35,-0.31259,62.9,0.04987,0.1206,ns
M7vsM8_anom_12m,natural_breaks,Relative Disturbance,NEPmax,Low,35,-0.59945,68.6,0.008582,0.04053,*
M7vsM8_anom_12m,natural_breaks,Relative Disturbance,WUE,Low,35,-0.04691,60,0.05514,0.1241,ns
M7vsM8_anom_12m,natural_breaks,Relative Disturbance,uWUE,Low,35,-0.04695,62.9,0.233,0.2996,ns
M7vsM8_anom_12m,natural_breaks,Relative Disturbance,ETmax,High,23,0.0037,30.4,0.9733,0.9881,ns
M7vsM8_anom_12m,natural_breaks,Relative Disturbance,GPPsat,High,23,-0.90006,73.9,0.003892,0.03061,*
M7vsM8_anom_12m,natural_breaks,Relative Disturbance,NEPmax,High,23,-0.7524,87,0.001668,0.02154,*
M7vsM8_anom_12m,natural_breaks,Relative Disturbance,WUE,High,23,0.01771,47.8,0.1768,0.2703,ns
M7vsM8_anom_12m,natural_breaks,Relative Disturbance,uWUE,High,23,-0.01735,56.5,0.127,0.2199,ns
M7vsM8_anom_24m,tertiles,Absolute Mortality,ETmax,High,31,0.00041,45.2,0.6268,0.7232,ns
M7vsM8_anom_24m,tertiles,Absolute Mortality,GPPsat,High,31,-0.48314,74.2,0.02679,0.08407,ns
M7vsM8_anom_24m,tertiles,Absolute Mortality,NEPmax,High,31,-0.88626,74.2,0.004984,0.07476,ns
M7vsM8_anom_24m,tertiles,Absolute Mortality,WUE,High,31,-0.12426,61.3,0.04143,0.1036,ns
M7vsM8_anom_24m,tertiles,Absolute Mortality,uWUE,High,31,-0.06203,61.3,0.03648,0.09656,ns
M7vsM8_anom_24m,tertiles,Absolute Mortality,ETmax,Mid,31,0.00051,41.9,0.8742,0.9349,ns
M7vsM8_anom_24m,tertiles,Absolute Mortality,GPPsat,Mid,31,-0.57731,64.5,0.0695,0.136,ns
M7vsM8_anom_24m,tertiles,Absolute Mortality,NEPmax,Mid,31,-0.63474,61.3,0.1031,0.1547,ns
M7vsM8_anom_24m,tertiles,Absolute Mortality,WUE,Mid,31,-0.06427,54.8,0.1428,0.1889,ns
M7vsM8_anom_24m,tertiles,Absolute Mortality,uWUE,Mid,31,-0.05164,58.1,0.2025,0.2462,ns
M7vsM8_anom_24m,tertiles,Absolute Mortality,ETmax,Low,31,8e-04,41.9,0.7806,0.8567,ns
M7vsM8_anom_24m,tertiles,Absolute Mortality,GPPsat,Low,31,-0.30273,61.3,0.01935,0.08407,ns
M7vsM8_anom_24m,tertiles,Absolute Mortality,NEPmax,Low,31,-0.92572,77.4,0.001402,0.06308,ns
M7vsM8_anom_24m,tertiles,Absolute Mortality,WUE,Low,31,-0.02716,61.3,0.1067,0.1549,ns
M7vsM8_anom_24m,tertiles,Absolute Mortality,uWUE,Low,31,-0.04939,64.5,0.06441,0.1318,ns
M7vsM8_anom_24m,tertiles,Relative Mortality,ETmax,High,31,0.00078,35.5,0.9331,0.9543,ns
M7vsM8_anom_24m,tertiles,Relative Mortality,GPPsat,High,31,-0.1654,71,0.04692,0.109,ns
M7vsM8_anom_24m,tertiles,Relative Mortality,NEPmax,High,31,-0.82842,71,0.02029,0.08407,ns
M7vsM8_anom_24m,tertiles,Relative Mortality,WUE,High,31,-0.08624,61.3,0.0256,0.08407,ns
M7vsM8_anom_24m,tertiles,Relative Mortality,uWUE,High,31,-0.06203,54.8,0.07769,0.1457,ns
M7vsM8_anom_24m,tertiles,Relative Mortality,ETmax,Mid,31,-0.00048,51.6,0.3226,0.382,ns
M7vsM8_anom_24m,tertiles,Relative Mortality,GPPsat,Mid,31,-0.63663,67.7,0.03346,0.09409,ns
M7vsM8_anom_24m,tertiles,Relative Mortality,NEPmax,Mid,31,-0.63474,74.2,0.007348,0.08267,ns
M7vsM8_anom_24m,tertiles,Relative Mortality,WUE,Mid,31,-0.12131,54.8,0.09965,0.1546,ns
M7vsM8_anom_24m,tertiles,Relative Mortality,uWUE,Mid,31,-0.05488,61.3,0.09626,0.1546,ns
M7vsM8_anom_24m,tertiles,Relative Mortality,ETmax,Low,31,0.00098,41.9,0.8933,0.9349,ns
M7vsM8_anom_24m,tertiles,Relative Mortality,GPPsat,Low,31,-0.30273,61.3,0.02802,0.08407,ns
M7vsM8_anom_24m,tertiles,Relative Mortality,NEPmax,Low,31,-0.92572,67.7,0.01444,0.08407,ns
M7vsM8_anom_24m,tertiles,Relative Mortality,WUE,Low,31,-0.02716,61.3,0.1341,0.1829,ns
M7vsM8_anom_24m,tertiles,Relative Mortality,uWUE,Low,31,-0.04939,67.7,0.04887,0.109,ns
M7vsM8_anom_24m,tertiles,Relative Disturbance,ETmax,High,31,0.00049,41.9,0.7688,0.8567,ns
M7vsM8_anom_24m,tertiles,Relative Disturbance,GPPsat,High,31,-0.36816,74.2,0.01757,0.08407,ns
M7vsM8_anom_24m,tertiles,Relative Disturbance,NEPmax,High,31,-0.88626,71,0.02229,0.08407,ns
M7vsM8_anom_24m,tertiles,Relative Disturbance,WUE,High,31,-0.12643,58.1,0.02802,0.08407,ns
M7vsM8_anom_24m,tertiles,Relative Disturbance,uWUE,High,31,-0.01856,54.8,0.09965,0.1546,ns
M7vsM8_anom_24m,tertiles,Relative Disturbance,ETmax,Mid,31,-0.00048,51.6,0.1518,0.1951,ns
M7vsM8_anom_24m,tertiles,Relative Disturbance,GPPsat,Mid,31,-0.57731,67.7,0.08355,0.1504,ns
M7vsM8_anom_24m,tertiles,Relative Disturbance,NEPmax,Mid,31,-0.63474,74.2,0.003323,0.07476,ns
M7vsM8_anom_24m,tertiles,Relative Disturbance,WUE,Mid,31,-0.076,54.8,0.197,0.2462,ns
M7vsM8_anom_24m,tertiles,Relative Disturbance,uWUE,Mid,31,-0.05488,61.3,0.1141,0.1604,ns
M7vsM8_anom_24m,tertiles,Relative Disturbance,ETmax,Low,31,0.00115,35.5,0.9848,0.9848,ns
M7vsM8_anom_24m,tertiles,Relative Disturbance,GPPsat,Low,31,-0.30273,58.1,0.02229,0.08407,ns
M7vsM8_anom_24m,tertiles,Relative Disturbance,NEPmax,Low,31,-0.72428,67.7,0.02445,0.08407,ns
M7vsM8_anom_24m,tertiles,Relative Disturbance,WUE,Low,31,-0.03227,64.5,0.09626,0.1546,ns
M7vsM8_anom_24m,tertiles,Relative Disturbance,uWUE,Low,31,-0.05164,67.7,0.05089,0.109,ns
M7vsM8_anom_24m,equal_width,Absolute Mortality,ETmax,Mid,35,0.00049,42.9,0.5939,0.6705,ns
M7vsM8_anom_24m,equal_width,Absolute Mortality,GPPsat,Mid,35,-0.1654,65.7,0.1949,0.2527,ns
M7vsM8_anom_24m,equal_width,Absolute Mortality,NEPmax,Mid,35,-0.56746,62.9,0.05888,0.1145,ns
M7vsM8_anom_24m,equal_width,Absolute Mortality,WUE,Mid,35,-0.06301,51.4,0.186,0.2527,ns
M7vsM8_anom_24m,equal_width,Absolute Mortality,uWUE,Mid,35,-0.06558,60,0.08069,0.1345,ns
M7vsM8_anom_24m,equal_width,Absolute Mortality,ETmax,Low,53,8e-04,43.4,0.8144,0.8907,ns
M7vsM8_anom_24m,equal_width,Absolute Mortality,GPPsat,Low,53,-0.63663,64.2,0.001792,0.02627,*
M7vsM8_anom_24m,equal_width,Absolute Mortality,NEPmax,Low,53,-0.93606,73.6,0.0006555,0.02294,*
M7vsM8_anom_24m,equal_width,Absolute Mortality,WUE,Low,53,-0.04795,62.3,0.01227,0.04923,*
M7vsM8_anom_24m,equal_width,Absolute Mortality,uWUE,Low,53,-0.05164,64.2,0.01406,0.04923,*
M7vsM8_anom_24m,equal_width,Absolute Mortality,ETmax,High,5,0.0025,40,,,""
M7vsM8_anom_24m,equal_width,Absolute Mortality,GPPsat,High,5,-1.45317,100,,,""
M7vsM8_anom_24m,equal_width,Absolute Mortality,NEPmax,High,5,-1.67981,100,,,""
M7vsM8_anom_24m,equal_width,Absolute Mortality,WUE,High,5,-0.13017,80,,,""
M7vsM8_anom_24m,equal_width,Absolute Mortality,uWUE,High,5,0.0157,40,,,""
M7vsM8_anom_24m,equal_width,Relative Mortality,ETmax,Mid,33,0.00048,42.4,0.3739,0.4512,ns
M7vsM8_anom_24m,equal_width,Relative Mortality,GPPsat,Mid,33,-0.1654,69.7,0.1023,0.1606,ns
M7vsM8_anom_24m,equal_width,Relative Mortality,NEPmax,Mid,33,-0.81479,66.7,0.03419,0.08858,ns
M7vsM8_anom_24m,equal_width,Relative Mortality,WUE,Mid,33,-0.06427,54.5,0.1055,0.1606,ns
M7vsM8_anom_24m,equal_width,Relative Mortality,uWUE,Mid,33,-0.06203,60.6,0.1264,0.1843,ns
M7vsM8_anom_24m,equal_width,Relative Mortality,ETmax,Low,53,0.00098,43.4,0.9122,0.9122,ns
M7vsM8_anom_24m,equal_width,Relative Mortality,GPPsat,Low,53,-0.57731,62.3,0.003753,0.02627,*
M7vsM8_anom_24m,equal_width,Relative Mortality,NEPmax,Low,53,-0.72428,69.8,0.002307,0.02627,*
M7vsM8_anom_24m,equal_width,Relative Mortality,WUE,Low,53,-0.03792,60.4,0.04982,0.1026,ns
M7vsM8_anom_24m,equal_width,Relative Mortality,uWUE,Low,53,-0.05164,64.2,0.02132,0.06217,ns
M7vsM8_anom_24m,equal_width,Relative Mortality,ETmax,High,7,0.00091,42.9,0.8641,0.9122,ns
M7vsM8_anom_24m,equal_width,Relative Mortality,GPPsat,High,7,-1.13933,85.7,0.07539,0.1328,ns
M7vsM8_anom_24m,equal_width,Relative Mortality,NEPmax,High,7,-1.53374,100,0.01125,0.04923,*
M7vsM8_anom_24m,equal_width,Relative Mortality,WUE,High,7,-0.13017,71.4,0.03796,0.08858,ns
M7vsM8_anom_24m,equal_width,Relative Mortality,uWUE,High,7,0.0157,42.9,0.3363,0.4204,ns
M7vsM8_anom_24m,equal_width,Relative Disturbance,ETmax,Mid,35,0.00049,42.9,0.4837,0.5643,ns
M7vsM8_anom_24m,equal_width,Relative Disturbance,GPPsat,Mid,35,-0.24001,71.4,0.03777,0.08858,ns
M7vsM8_anom_24m,equal_width,Relative Disturbance,NEPmax,Mid,35,-0.81479,71.4,0.01991,0.06217,ns
M7vsM8_anom_24m,equal_width,Relative Disturbance,WUE,Mid,35,-0.08215,57.1,0.0759,0.1328,ns
M7vsM8_anom_24m,equal_width,Relative Disturbance,uWUE,Mid,35,-0.01856,54.3,0.1904,0.2527,ns
M7vsM8_anom_24m,equal_width,Relative Disturbance,ETmax,Low,53,8e-04,43.4,0.9004,0.9122,ns
M7vsM8_anom_24m,equal_width,Relative Disturbance,GPPsat,Low,53,-0.57731,62.3,0.007276,0.04244,*
M7vsM8_anom_24m,equal_width,Relative Disturbance,NEPmax,Low,53,-0.72428,67.9,0.003031,0.02627,*
M7vsM8_anom_24m,equal_width,Relative Disturbance,WUE,Low,53,-0.03792,60.4,0.04802,0.1026,ns
M7vsM8_anom_24m,equal_width,Relative Disturbance,uWUE,Low,53,-0.05164,66,0.01406,0.04923,*
M7vsM8_anom_24m,equal_width,Relative Disturbance,ETmax,High,5,0.00091,40,,,""
M7vsM8_anom_24m,equal_width,Relative Disturbance,GPPsat,High,5,-1.13933,80,,,""
M7vsM8_anom_24m,equal_width,Relative Disturbance,NEPmax,High,5,-1.53374,100,,,""
M7vsM8_anom_24m,equal_width,Relative Disturbance,WUE,High,5,-0.13017,60,,,""
M7vsM8_anom_24m,equal_width,Relative Disturbance,uWUE,High,5,-0.12023,60,,,""
M7vsM8_anom_24m,natural_breaks,Absolute Mortality,ETmax,High,20,0.00067,35,0.8726,0.9484,ns
M7vsM8_anom_24m,natural_breaks,Absolute Mortality,GPPsat,High,20,-0.30409,65,0.1198,0.1859,ns
M7vsM8_anom_24m,natural_breaks,Absolute Mortality,NEPmax,High,20,-0.85734,75,0.02726,0.07998,ns
M7vsM8_anom_24m,natural_breaks,Absolute Mortality,WUE,High,20,-0.10429,55,0.1706,0.2074,ns
M7vsM8_anom_24m,natural_breaks,Absolute Mortality,uWUE,High,20,-0.01949,55,0.1354,0.1904,ns
M7vsM8_anom_24m,natural_breaks,Absolute Mortality,ETmax,Mid,43,0.00048,48.8,0.6392,0.7375,ns
M7vsM8_anom_24m,natural_breaks,Absolute Mortality,GPPsat,Mid,43,-0.60456,72.1,0.01377,0.07998,ns
M7vsM8_anom_24m,natural_breaks,Absolute Mortality,NEPmax,Mid,43,-0.63474,62.8,0.04051,0.09594,ns
M7vsM8_anom_24m,natural_breaks,Absolute Mortality,WUE,Mid,43,-0.076,58.1,0.03021,0.07998,ns
M7vsM8_anom_24m,natural_breaks,Absolute Mortality,uWUE,Mid,43,-0.06558,60.5,0.08526,0.1476,ns
M7vsM8_anom_24m,natural_breaks,Absolute Mortality,ETmax,Low,30,0.00089,40,0.8062,0.9069,ns
M7vsM8_anom_24m,natural_breaks,Absolute Mortality,GPPsat,Low,30,-0.29497,60,0.02923,0.07998,ns
M7vsM8_anom_24m,natural_breaks,Absolute Mortality,NEPmax,Low,30,-0.93089,80,0.0005774,0.02598,*
M7vsM8_anom_24m,natural_breaks,Absolute Mortality,WUE,Low,30,-0.02972,63.3,0.08409,0.1476,ns
M7vsM8_anom_24m,natural_breaks,Absolute Mortality,uWUE,Low,30,-0.05213,66.7,0.04584,0.1031,ns
M7vsM8_anom_24m,natural_breaks,Relative Mortality,ETmax,High,26,0.00099,30.8,0.9732,0.9793,ns
M7vsM8_anom_24m,natural_breaks,Relative Mortality,GPPsat,High,26,-0.30409,73.1,0.03009,0.07998,ns
M7vsM8_anom_24m,natural_breaks,Relative Mortality,NEPmax,High,26,-0.99017,73.1,0.02679,0.07998,ns
M7vsM8_anom_24m,natural_breaks,Relative Mortality,WUE,High,26,-0.10429,57.7,0.03567,0.08918,ns
M7vsM8_anom_24m,natural_breaks,Relative Mortality,uWUE,High,26,-0.00907,50,0.1672,0.2074,ns
M7vsM8_anom_24m,natural_breaks,Relative Mortality,ETmax,Mid,32,-0.00088,56.2,0.09062,0.151,ns
M7vsM8_anom_24m,natural_breaks,Relative Mortality,GPPsat,Mid,32,-0.59093,68.8,0.1034,0.1662,ns
M7vsM8_anom_24m,natural_breaks,Relative Mortality,NEPmax,Mid,32,-0.53906,68.8,0.02647,0.07998,ns
M7vsM8_anom_24m,natural_breaks,Relative Mortality,WUE,Mid,32,-0.08112,56.2,0.1541,0.1981,ns
M7vsM8_anom_24m,natural_breaks,Relative Mortality,uWUE,Mid,32,-0.06752,62.5,0.1411,0.1924,ns
M7vsM8_anom_24m,natural_breaks,Relative Mortality,ETmax,Low,35,0.001,40,0.9501,0.9793,ns
M7vsM8_anom_24m,natural_breaks,Relative Mortality,GPPsat,Low,35,-0.30273,60,0.01499,0.07998,ns
M7vsM8_anom_24m,natural_breaks,Relative Mortality,NEPmax,Low,35,-0.92572,71.4,0.003888,0.04374,*
M7vsM8_anom_24m,natural_breaks,Relative Mortality,WUE,Low,35,-0.03227,62.9,0.06913,0.1353,ns
M7vsM8_anom_24m,natural_breaks,Relative Mortality,uWUE,Low,35,-0.05164,68.6,0.02421,0.07998,ns
M7vsM8_anom_24m,natural_breaks,Relative Disturbance,ETmax,Mid,35,0.00016,48.6,0.1454,0.1924,ns
M7vsM8_anom_24m,natural_breaks,Relative Disturbance,GPPsat,Mid,35,-0.41911,65.7,0.1241,0.1862,ns
M7vsM8_anom_24m,natural_breaks,Relative Disturbance,NEPmax,Mid,35,-0.56327,68.6,0.02421,0.07998,ns
M7vsM8_anom_24m,natural_breaks,Relative Disturbance,WUE,Mid,35,-0.076,54.3,0.2183,0.2585,ns
M7vsM8_anom_24m,natural_breaks,Relative Disturbance,uWUE,Mid,35,-0.05488,60,0.1345,0.1904,ns
M7vsM8_anom_24m,natural_breaks,Relative Disturbance,ETmax,Low,35,0.00104,40,0.9793,0.9793,ns
M7vsM8_anom_24m,natural_breaks,Relative Disturbance,GPPsat,Low,35,-0.30273,57.1,0.02613,0.07998,ns
M7vsM8_anom_24m,natural_breaks,Relative Disturbance,NEPmax,Low,35,-0.72428,65.7,0.02613,0.07998,ns
M7vsM8_anom_24m,natural_breaks,Relative Disturbance,WUE,Low,35,-0.03227,62.9,0.08317,0.1476,ns
M7vsM8_anom_24m,natural_breaks,Relative Disturbance,uWUE,Low,35,-0.05164,65.7,0.06283,0.1346,ns
M7vsM8_anom_24m,natural_breaks,Relative Disturbance,ETmax,High,23,0.00108,39.1,0.8852,0.9484,ns
M7vsM8_anom_24m,natural_breaks,Relative Disturbance,GPPsat,High,23,-0.72113,82.6,0.003554,0.04374,*
M7vsM8_anom_24m,natural_breaks,Relative Disturbance,NEPmax,High,23,-1.19323,82.6,0.002451,0.04374,*
M7vsM8_anom_24m,natural_breaks,Relative Disturbance,WUE,High,23,-0.12643,60.9,0.01372,0.07998,ns
M7vsM8_anom_24m,natural_breaks,Relative Disturbance,uWUE,High,23,-0.01856,56.5,0.06609,0.1352,ns
