unit,method,metric,response,category,n,median_dRMSE,pct_sites_improved,p_onesided_wilcoxon,q_BH,sig
M1vsM2_12m,tertiles,Absolute Mortality,ETmax,High,31,0.00103,45.2,0.8436,0.9038,ns
M1vsM2_12m,tertiles,Absolute Mortality,GPPsat,High,31,-0.07478,51.6,0.1384,0.1832,ns
M1vsM2_12m,tertiles,Absolute Mortality,NEPmax,High,31,-0.56865,61.3,0.02229,0.1066,ns
M1vsM2_12m,tertiles,Absolute Mortality,WUE,High,31,-0.09225,61.3,0.09965,0.1546,ns
M1vsM2_12m,tertiles,Absolute Mortality,uWUE,High,31,-0.04877,64.5,0.05089,0.109,ns
M1vsM2_12m,tertiles,Absolute Mortality,ETmax,Mid,31,0.00063,45.2,0.8821,0.9231,ns
M1vsM2_12m,tertiles,Absolute Mortality,GPPsat,Mid,31,-0.69085,67.7,0.03494,0.1066,ns
M1vsM2_12m,tertiles,Absolute Mortality,NEPmax,Mid,31,-0.8212,71,0.02679,0.1066,ns
M1vsM2_12m,tertiles,Absolute Mortality,WUE,Mid,31,-0.00196,54.8,0.09965,0.1546,ns
M1vsM2_12m,tertiles,Absolute Mortality,uWUE,Mid,31,-0.07037,61.3,0.05734,0.1173,ns
M1vsM2_12m,tertiles,Absolute Mortality,ETmax,Low,31,-0.00022,51.6,0.4493,0.5184,ns
M1vsM2_12m,tertiles,Absolute Mortality,GPPsat,Low,31,-0.29261,58.1,0.08661,0.1546,ns
M1vsM2_12m,tertiles,Absolute Mortality,NEPmax,Low,31,-0.59442,64.5,0.03648,0.1066,ns
M1vsM2_12m,tertiles,Absolute Mortality,WUE,Low,31,-0.06373,71,0.01374,0.1066,ns
M1vsM2_12m,tertiles,Absolute Mortality,uWUE,Low,31,-0.0402,64.5,0.01674,0.1066,ns
M1vsM2_12m,tertiles,Relative Mortality,ETmax,High,31,0.00189,41.9,0.9531,0.9747,ns
M1vsM2_12m,tertiles,Relative Mortality,GPPsat,High,31,-0.2377,61.3,0.0432,0.1066,ns
M1vsM2_12m,tertiles,Relative Mortality,NEPmax,High,31,-0.56865,64.5,0.008633,0.1066,ns
M1vsM2_12m,tertiles,Relative Mortality,WUE,High,31,-0.02142,58.1,0.1141,0.1656,ns
M1vsM2_12m,tertiles,Relative Mortality,uWUE,High,31,-0.10381,74.2,0.02679,0.1066,ns
M1vsM2_12m,tertiles,Relative Mortality,ETmax,Mid,31,-4e-05,51.6,0.3585,0.4245,ns
M1vsM2_12m,tertiles,Relative Mortality,GPPsat,Mid,31,-0.79106,58.1,0.1472,0.1893,ns
M1vsM2_12m,tertiles,Relative Mortality,NEPmax,Mid,31,-0.72839,67.7,0.05089,0.109,ns
M1vsM2_12m,tertiles,Relative Mortality,WUE,Mid,31,-0.13691,67.7,0.006235,0.1066,ns
M1vsM2_12m,tertiles,Relative Mortality,uWUE,Mid,31,-0.03286,58.1,0.03972,0.1066,ns
M1vsM2_12m,tertiles,Relative Mortality,ETmax,Low,31,0.00014,48.4,0.6561,0.7381,ns
M1vsM2_12m,tertiles,Relative Mortality,GPPsat,Low,31,-0.29261,58.1,0.08355,0.1546,ns
M1vsM2_12m,tertiles,Relative Mortality,NEPmax,Low,31,-0.59442,64.5,0.0432,0.1066,ns
M1vsM2_12m,tertiles,Relative Mortality,WUE,Low,31,-0.05168,61.3,0.166,0.2019,ns
M1vsM2_12m,tertiles,Relative Mortality,uWUE,Low,31,-0.0402,58.1,0.07488,0.1465,ns
M1vsM2_12m,tertiles,Relative Disturbance,ETmax,High,31,0.00277,35.5,0.9833,0.9833,ns
M1vsM2_12m,tertiles,Relative Disturbance,GPPsat,High,31,-0.07478,54.8,0.1384,0.1832,ns
M1vsM2_12m,tertiles,Relative Disturbance,NEPmax,High,31,-0.56865,61.3,0.02029,0.1066,ns
M1vsM2_12m,tertiles,Relative Disturbance,WUE,High,31,-0.00994,54.8,0.1612,0.2015,ns
M1vsM2_12m,tertiles,Relative Disturbance,uWUE,High,31,-0.04877,67.7,0.04503,0.1066,ns
M1vsM2_12m,tertiles,Relative Disturbance,ETmax,Mid,31,-0.00209,61.3,0.1218,0.1713,ns
M1vsM2_12m,tertiles,Relative Disturbance,GPPsat,Mid,31,-0.58298,61.3,0.03346,0.1066,ns
M1vsM2_12m,tertiles,Relative Disturbance,NEPmax,Mid,31,-0.6354,71,0.01307,0.1066,ns
M1vsM2_12m,tertiles,Relative Disturbance,WUE,Mid,31,-0.13188,67.7,0.006959,0.1066,ns
M1vsM2_12m,tertiles,Relative Disturbance,uWUE,Mid,31,-0.04421,61.3,0.02802,0.1066,ns
M1vsM2_12m,tertiles,Relative Disturbance,ETmax,Low,31,0.00032,45.2,0.8137,0.8931,ns
M1vsM2_12m,tertiles,Relative Disturbance,GPPsat,Low,31,-0.43191,61.3,0.1031,0.1547,ns
M1vsM2_12m,tertiles,Relative Disturbance,NEPmax,Low,31,-0.62105,64.5,0.09296,0.1546,ns
M1vsM2_12m,tertiles,Relative Disturbance,WUE,Low,31,-0.0539,64.5,0.09965,0.1546,ns
M1vsM2_12m,tertiles,Relative Disturbance,uWUE,Low,31,-0.06066,61.3,0.04143,0.1066,ns
M1vsM2_12m,equal_width,Absolute Mortality,ETmax,Mid,35,0.00189,37.1,0.9518,0.974,ns
M1vsM2_12m,equal_width,Absolute Mortality,GPPsat,Mid,35,-0.15026,54.3,0.1345,0.2046,ns
M1vsM2_12m,equal_width,Absolute Mortality,NEPmax,Mid,35,-0.56865,62.9,0.04987,0.1064,ns
M1vsM2_12m,equal_width,Absolute Mortality,WUE,Mid,35,-0.09225,62.9,0.03151,0.07878,ns
M1vsM2_12m,equal_width,Absolute Mortality,uWUE,Mid,35,-0.07037,65.7,0.02926,0.07878,ns
M1vsM2_12m,equal_width,Absolute Mortality,ETmax,Low,53,-0.00061,56.6,0.3069,0.3836,ns
M1vsM2_12m,equal_width,Absolute Mortality,GPPsat,Low,53,-0.64534,66,0.005965,0.02991,*
M1vsM2_12m,equal_width,Absolute Mortality,NEPmax,Low,53,-0.96521,71.7,0.001269,0.02991,*
M1vsM2_12m,equal_width,Absolute Mortality,WUE,Low,53,-0.0539,64.2,0.009488,0.0369,*
M1vsM2_12m,equal_width,Absolute Mortality,uWUE,Low,53,-0.04421,62.3,0.006117,0.02991,*
M1vsM2_12m,equal_width,Absolute Mortality,ETmax,High,5,0.00736,20,,,""
M1vsM2_12m,equal_width,Absolute Mortality,GPPsat,High,5,0.83052,20,,,""
M1vsM2_12m,equal_width,Absolute Mortality,NEPmax,High,5,0.37147,20,,,""
M1vsM2_12m,equal_width,Absolute Mortality,WUE,High,5,0.18127,40,,,""
M1vsM2_12m,equal_width,Absolute Mortality,uWUE,High,5,-0.02094,60,,,""
M1vsM2_12m,equal_width,Relative Mortality,ETmax,Mid,33,0.00102,42.4,0.8327,0.8832,ns
M1vsM2_12m,equal_width,Relative Mortality,GPPsat,Mid,33,-0.2377,60.6,0.08444,0.1407,ns
M1vsM2_12m,equal_width,Relative Mortality,NEPmax,Mid,33,-0.72839,66.7,0.006836,0.02991,*
M1vsM2_12m,equal_width,Relative Mortality,WUE,Mid,33,-0.00994,54.5,0.2429,0.3401,ns
M1vsM2_12m,equal_width,Relative Mortality,uWUE,Mid,33,-0.03951,63.6,0.06219,0.1172,ns
M1vsM2_12m,equal_width,Relative Mortality,ETmax,Low,53,-0.00011,52.8,0.4929,0.5751,ns
M1vsM2_12m,equal_width,Relative Mortality,GPPsat,Low,53,-0.43191,60.4,0.02521,0.07352,ns
M1vsM2_12m,equal_width,Relative Mortality,NEPmax,Low,53,-0.59442,66,0.01756,0.05587,ns
M1vsM2_12m,equal_width,Relative Mortality,WUE,Low,53,-0.10515,67.9,0.002872,0.02991,*
M1vsM2_12m,equal_width,Relative Mortality,uWUE,Low,53,-0.07037,64.2,0.003753,0.02991,*
M1vsM2_12m,equal_width,Relative Mortality,ETmax,High,7,0.00736,28.6,0.974,0.974,ns
M1vsM2_12m,equal_width,Relative Mortality,GPPsat,High,7,0.55776,42.9,0.2771,0.3591,ns
M1vsM2_12m,equal_width,Relative Mortality,NEPmax,High,7,-0.04478,57.1,0.2234,0.3258,ns
M1vsM2_12m,equal_width,Relative Mortality,WUE,High,7,-0.11308,57.1,0.2771,0.3591,ns
M1vsM2_12m,equal_width,Relative Mortality,uWUE,High,7,-0.12073,57.1,0.3999,0.4827,ns
M1vsM2_12m,equal_width,Relative Disturbance,ETmax,Mid,35,0.00103,42.9,0.814,0.8832,ns
M1vsM2_12m,equal_width,Relative Disturbance,GPPsat,Mid,35,-0.2377,60,0.06698,0.1172,ns
M1vsM2_12m,equal_width,Relative Disturbance,NEPmax,Mid,35,-0.72839,65.7,0.004082,0.02991,*
M1vsM2_12m,equal_width,Relative Disturbance,WUE,Mid,35,-0.02142,57.1,0.1051,0.1672,ns
M1vsM2_12m,equal_width,Relative Disturbance,uWUE,Mid,35,-0.04421,65.7,0.06698,0.1172,ns
M1vsM2_12m,equal_width,Relative Disturbance,ETmax,Low,53,-4e-05,50.9,0.5737,0.6478,ns
M1vsM2_12m,equal_width,Relative Disturbance,GPPsat,Low,53,-0.29261,58.5,0.05167,0.1064,ns
M1vsM2_12m,equal_width,Relative Disturbance,NEPmax,Low,53,-0.59442,64.2,0.0341,0.07957,ns
M1vsM2_12m,equal_width,Relative Disturbance,WUE,Low,53,-0.06373,66,0.01093,0.03825,*
M1vsM2_12m,equal_width,Relative Disturbance,uWUE,Low,53,-0.06066,62.3,0.004278,0.02991,*
M1vsM2_12m,equal_width,Relative Disturbance,ETmax,High,5,0.00347,40,,,""
M1vsM2_12m,equal_width,Relative Disturbance,GPPsat,High,5,-1.76242,60,,,""
M1vsM2_12m,equal_width,Relative Disturbance,NEPmax,High,5,-3.64587,80,,,""
M1vsM2_12m,equal_width,Relative Disturbance,WUE,High,5,-0.11308,60,,,""
M1vsM2_12m,equal_width,Relative Disturbance,uWUE,High,5,-0.12073,60,,,""
M1vsM2_12m,natural_breaks,Absolute Mortality,ETmax,High,20,0.0029,35,0.9553,0.9983,ns
M1vsM2_12m,natural_breaks,Absolute Mortality,GPPsat,High,20,0.0293,50,0.2449,0.2978,ns
M1vsM2_12m,natural_breaks,Absolute Mortality,NEPmax,High,20,-0.21254,55,0.1274,0.1841,ns
M1vsM2_12m,natural_breaks,Absolute Mortality,WUE,High,20,-0.05037,60,0.2005,0.2506,ns
M1vsM2_12m,natural_breaks,Absolute Mortality,uWUE,High,20,-0.02302,60,0.1613,0.2134,ns
M1vsM2_12m,natural_breaks,Absolute Mortality,ETmax,Mid,43,-4e-05,51.2,0.6919,0.7783,ns
M1vsM2_12m,natural_breaks,Absolute Mortality,GPPsat,Mid,43,-0.79106,65.1,0.02284,0.09528,ns
M1vsM2_12m,natural_breaks,Absolute Mortality,NEPmax,Mid,43,-0.96293,72.1,0.003356,0.08332,ns
M1vsM2_12m,natural_breaks,Absolute Mortality,WUE,Mid,43,-0.06373,58.1,0.04376,0.1181,ns
M1vsM2_12m,natural_breaks,Absolute Mortality,uWUE,Mid,43,-0.0791,62.8,0.02156,0.09528,ns
M1vsM2_12m,natural_breaks,Absolute Mortality,ETmax,Low,30,-4e-05,50,0.4836,0.558,ns
M1vsM2_12m,natural_breaks,Absolute Mortality,GPPsat,Low,30,-0.22545,56.7,0.1247,0.1841,ns
M1vsM2_12m,natural_breaks,Absolute Mortality,NEPmax,Low,30,-0.58246,63.3,0.05209,0.1181,ns
M1vsM2_12m,natural_breaks,Absolute Mortality,WUE,Low,30,-0.07841,70,0.0154,0.09528,ns
M1vsM2_12m,natural_breaks,Absolute Mortality,uWUE,Low,30,-0.05043,66.7,0.01248,0.09528,ns
M1vsM2_12m,natural_breaks,Relative Mortality,ETmax,High,26,0.0029,34.6,0.9873,0.9983,ns
M1vsM2_12m,natural_breaks,Relative Mortality,GPPsat,High,26,-0.07302,53.8,0.1803,0.2318,ns
M1vsM2_12m,natural_breaks,Relative Mortality,NEPmax,High,26,-0.46051,61.5,0.03009,0.1128,ns
M1vsM2_12m,natural_breaks,Relative Mortality,WUE,High,26,-0.01568,57.7,0.1265,0.1841,ns
M1vsM2_12m,natural_breaks,Relative Mortality,uWUE,High,26,-0.07629,73.1,0.03567,0.1147,ns
M1vsM2_12m,natural_breaks,Relative Mortality,ETmax,Mid,32,-0.00184,59.4,0.129,0.1841,ns
M1vsM2_12m,natural_breaks,Relative Mortality,GPPsat,Mid,32,-0.68702,62.5,0.06613,0.1187,ns
M1vsM2_12m,natural_breaks,Relative Mortality,NEPmax,Mid,32,-0.6819,68.8,0.02221,0.09528,ns
M1vsM2_12m,natural_breaks,Relative Mortality,WUE,Mid,32,-0.11817,62.5,0.02221,0.09528,ns
M1vsM2_12m,natural_breaks,Relative Mortality,uWUE,Mid,32,-0.03853,56.2,0.06856,0.1187,ns
M1vsM2_12m,natural_breaks,Relative Mortality,ETmax,Low,35,0.00032,45.7,0.8226,0.9029,ns
M1vsM2_12m,natural_breaks,Relative Mortality,GPPsat,Low,35,-0.43191,60,0.06698,0.1187,ns
M1vsM2_12m,natural_breaks,Relative Mortality,NEPmax,Low,35,-0.62105,65.7,0.04199,0.1181,ns
M1vsM2_12m,natural_breaks,Relative Mortality,WUE,Low,35,-0.0539,65.7,0.06283,0.1187,ns
M1vsM2_12m,natural_breaks,Relative Mortality,uWUE,Low,35,-0.06066,62.9,0.02329,0.09528,ns
M1vsM2_12m,natural_breaks,Relative Disturbance,ETmax,Mid,35,-0.00328,62.9,0.05333,0.1181,ns
M1vsM2_12m,natural_breaks,Relative Disturbance,GPPsat,Mid,35,-0.90784,65.7,0.01499,0.09528,ns
M1vsM2_12m,natural_breaks,Relative Disturbance,NEPmax,Mid,35,-0.96293,74.3,0.003703,0.08332,ns
M1vsM2_12m,natural_breaks,Relative Disturbance,WUE,Mid,35,-0.08895,65.7,0.01628,0.09528,ns
M1vsM2_12m,natural_breaks,Relative Disturbance,uWUE,Mid,35,-0.03286,60,0.03269,0.1132,ns
M1vsM2_12m,natural_breaks,Relative Disturbance,ETmax,Low,35,0.00032,45.7,0.862,0.9235,ns
M1vsM2_12m,natural_breaks,Relative Disturbance,GPPsat,Low,35,-0.29261,60,0.1275,0.1841,ns
M1vsM2_12m,natural_breaks,Relative Disturbance,NEPmax,Low,35,-0.59442,60,0.1309,0.1841,ns
M1vsM2_12m,natural_breaks,Relative Disturbance,WUE,Low,35,-0.0539,62.9,0.06283,0.1187,ns
M1vsM2_12m,natural_breaks,Relative Disturbance,uWUE,Low,35,-0.06066,60,0.05514,0.1181,ns
M1vsM2_12m,natural_breaks,Relative Disturbance,ETmax,High,23,0.00347,26.1,0.9983,0.9983,ns
M1vsM2_12m,natural_breaks,Relative Disturbance,GPPsat,High,23,0.13291,47.8,0.3187,0.3774,ns
M1vsM2_12m,natural_breaks,Relative Disturbance,NEPmax,High,23,-0.35238,60.9,0.05185,0.1181,ns
M1vsM2_12m,natural_breaks,Relative Disturbance,WUE,High,23,-0.00994,56.5,0.1401,0.1911,ns
M1vsM2_12m,natural_breaks,Relative Disturbance,uWUE,High,23,-0.10381,73.9,0.0457,0.1181,ns
M1vsM2_24m,tertiles,Absolute Mortality,ETmax,High,31,0.00038,38.7,0.8859,0.9271,ns
M1vsM2_24m,tertiles,Absolute Mortality,GPPsat,High,31,-0.35622,64.5,0.03648,0.1173,ns
M1vsM2_24m,tertiles,Absolute Mortality,NEPmax,High,31,-0.65304,61.3,0.02029,0.1173,ns
M1vsM2_24m,tertiles,Absolute Mortality,WUE,High,31,-0.07205,64.5,0.09965,0.2242,ns
M1vsM2_24m,tertiles,Absolute Mortality,uWUE,High,31,-0.02068,61.3,0.3018,0.4244,ns
M1vsM2_24m,tertiles,Absolute Mortality,ETmax,Mid,31,0.00023,45.2,0.6774,0.7435,ns
M1vsM2_24m,tertiles,Absolute Mortality,GPPsat,Mid,31,-0.64567,67.7,0.03202,0.1173,ns
M1vsM2_24m,tertiles,Absolute Mortality,NEPmax,Mid,31,-0.67594,64.5,0.04143,0.1215,ns
M1vsM2_24m,tertiles,Absolute Mortality,WUE,Mid,31,0.0131,45.2,0.3585,0.4745,ns
M1vsM2_24m,tertiles,Absolute Mortality,uWUE,Mid,31,-0.00585,54.8,0.1811,0.3134,ns
M1vsM2_24m,tertiles,Absolute Mortality,ETmax,Low,31,0.00135,48.4,0.4416,0.5095,ns
M1vsM2_24m,tertiles,Absolute Mortality,GPPsat,Low,31,-0.62562,64.5,0.03064,0.1173,ns
M1vsM2_24m,tertiles,Absolute Mortality,NEPmax,Low,31,-1.06865,61.3,0.0432,0.1215,ns
M1vsM2_24m,tertiles,Absolute Mortality,WUE,Low,31,-0.02108,61.3,0.1141,0.2411,ns
M1vsM2_24m,tertiles,Absolute Mortality,uWUE,Low,31,-0.00232,51.6,0.3018,0.4244,ns
M1vsM2_24m,tertiles,Relative Mortality,ETmax,High,31,0.00041,38.7,0.9491,0.9568,ns
M1vsM2_24m,tertiles,Relative Mortality,GPPsat,High,31,-0.64567,71,0.004984,0.1173,ns
M1vsM2_24m,tertiles,Relative Mortality,NEPmax,High,31,-0.65304,58.1,0.01374,0.1173,ns
M1vsM2_24m,tertiles,Relative Mortality,WUE,High,31,-0.03968,54.8,0.3807,0.4852,ns
M1vsM2_24m,tertiles,Relative Mortality,uWUE,High,31,-0.05084,67.7,0.2137,0.3434,ns
M1vsM2_24m,tertiles,Relative Mortality,ETmax,Mid,31,7e-05,48.4,0.2495,0.3742,ns
M1vsM2_24m,tertiles,Relative Mortality,GPPsat,Mid,31,-0.63346,61.3,0.1518,0.2732,ns
M1vsM2_24m,tertiles,Relative Mortality,NEPmax,Mid,31,-0.52563,67.7,0.0695,0.1804,ns
M1vsM2_24m,tertiles,Relative Mortality,WUE,Mid,31,-0.06948,61.3,0.02127,0.1173,ns
M1vsM2_24m,tertiles,Relative Mortality,uWUE,Mid,31,0.00835,48.4,0.1428,0.2677,ns
M1vsM2_24m,tertiles,Relative Mortality,ETmax,Low,31,0.00156,45.2,0.5892,0.6628,ns
M1vsM2_24m,tertiles,Relative Mortality,GPPsat,Low,31,-0.50278,64.5,0.03648,0.1173,ns
M1vsM2_24m,tertiles,Relative Mortality,NEPmax,Low,31,-1.0747,61.3,0.03202,0.1173,ns
M1vsM2_24m,tertiles,Relative Mortality,WUE,Low,31,-0.01395,54.8,0.2312,0.3588,ns
M1vsM2_24m,tertiles,Relative Mortality,uWUE,Low,31,-0.00232,51.6,0.3881,0.4852,ns
M1vsM2_24m,tertiles,Relative Disturbance,ETmax,High,31,0.00041,35.5,0.9568,0.9568,ns
M1vsM2_24m,tertiles,Relative Disturbance,GPPsat,High,31,-0.74179,67.7,0.01844,0.1173,ns
M1vsM2_24m,tertiles,Relative Disturbance,NEPmax,High,31,-0.65304,58.1,0.009596,0.1173,ns
M1vsM2_24m,tertiles,Relative Disturbance,WUE,High,31,-0.04522,54.8,0.4262,0.5095,ns
M1vsM2_24m,tertiles,Relative Disturbance,uWUE,High,31,-0.05084,61.3,0.4416,0.5095,ns
M1vsM2_24m,tertiles,Relative Disturbance,ETmax,Mid,31,-0.00229,54.8,0.1341,0.2624,ns
M1vsM2_24m,tertiles,Relative Disturbance,GPPsat,Mid,31,-0.3484,67.7,0.0256,0.1173,ns
M1vsM2_24m,tertiles,Relative Disturbance,NEPmax,Mid,31,-0.67594,67.7,0.03064,0.1173,ns
M1vsM2_24m,tertiles,Relative Disturbance,WUE,Mid,31,-0.06948,61.3,0.01594,0.1173,ns
M1vsM2_24m,tertiles,Relative Disturbance,uWUE,Mid,31,-0.01361,54.8,0.09626,0.2242,ns
M1vsM2_24m,tertiles,Relative Disturbance,ETmax,Low,31,0.00161,41.9,0.8291,0.8883,ns
M1vsM2_24m,tertiles,Relative Disturbance,GPPsat,Low,31,-0.50278,61.3,0.07215,0.1804,ns
M1vsM2_24m,tertiles,Relative Disturbance,NEPmax,Low,31,-1.0747,61.3,0.1179,0.2411,ns
M1vsM2_24m,tertiles,Relative Disturbance,WUE,Low,31,-0.01395,54.8,0.2137,0.3434,ns
M1vsM2_24m,tertiles,Relative Disturbance,uWUE,Low,31,-0.00232,51.6,0.3296,0.4495,ns
M1vsM2_24m,equal_width,Absolute Mortality,ETmax,Mid,35,0.00041,37.1,0.9063,0.9246,ns
M1vsM2_24m,equal_width,Absolute Mortality,GPPsat,Mid,35,-0.30396,60,0.09095,0.1878,ns
M1vsM2_24m,equal_width,Absolute Mortality,NEPmax,Mid,35,-0.39079,60,0.06488,0.1517,ns
M1vsM2_24m,equal_width,Absolute Mortality,WUE,Mid,35,-0.06948,60,0.05333,0.1436,ns
M1vsM2_24m,equal_width,Absolute Mortality,uWUE,Mid,35,-0.02068,62.9,0.1492,0.2486,ns
M1vsM2_24m,equal_width,Absolute Mortality,ETmax,Low,53,0.00017,49.1,0.329,0.4904,ns
M1vsM2_24m,equal_width,Absolute Mortality,GPPsat,Low,53,-0.80852,71.7,0.001095,0.03611,*
M1vsM2_24m,equal_width,Absolute Mortality,NEPmax,Low,53,-1.23674,67.9,0.002063,0.03611,*
M1vsM2_24m,equal_width,Absolute Mortality,WUE,Low,53,-0.02108,56.6,0.09506,0.1878,ns
M1vsM2_24m,equal_width,Absolute Mortality,uWUE,Low,53,-0.01361,54.7,0.1213,0.2123,ns
M1vsM2_24m,equal_width,Absolute Mortality,ETmax,High,5,0.00332,40,,,""
M1vsM2_24m,equal_width,Absolute Mortality,GPPsat,High,5,0.37849,40,,,""
M1vsM2_24m,equal_width,Absolute Mortality,NEPmax,High,5,0.54977,20,,,""
M1vsM2_24m,equal_width,Absolute Mortality,WUE,High,5,0.1457,40,,,""
M1vsM2_24m,equal_width,Absolute Mortality,uWUE,High,5,0.18414,20,,,""
M1vsM2_24m,equal_width,Relative Mortality,ETmax,Mid,33,0.00018,42.4,0.7102,0.7768,ns
M1vsM2_24m,equal_width,Relative Mortality,GPPsat,Mid,33,-0.36252,72.7,0.01463,0.07497,ns
M1vsM2_24m,equal_width,Relative Mortality,NEPmax,Mid,33,-0.65304,63.6,0.009173,0.07497,ns
M1vsM2_24m,equal_width,Relative Mortality,WUE,Mid,33,-0.03968,51.5,0.5639,0.6661,ns
M1vsM2_24m,equal_width,Relative Mortality,uWUE,Mid,33,-0.01932,57.6,0.5709,0.6661,ns
M1vsM2_24m,equal_width,Relative Mortality,ETmax,Low,53,0.00135,47.2,0.4472,0.602,ns
M1vsM2_24m,equal_width,Relative Mortality,GPPsat,Low,53,-0.57694,62.3,0.01915,0.0838,ns
M1vsM2_24m,equal_width,Relative Mortality,NEPmax,Low,53,-1.06865,62.3,0.03214,0.1125,ns
M1vsM2_24m,equal_width,Relative Mortality,WUE,Low,53,-0.03776,60.4,0.01145,0.07497,ns
M1vsM2_24m,equal_width,Relative Mortality,uWUE,Low,53,-0.00443,54.7,0.06504,0.1517,ns
M1vsM2_24m,equal_width,Relative Mortality,ETmax,High,7,0.00332,28.6,0.9246,0.9246,ns
M1vsM2_24m,equal_width,Relative Mortality,GPPsat,High,7,-0.74179,57.1,0.1024,0.1887,ns
M1vsM2_24m,equal_width,Relative Mortality,NEPmax,High,7,-1.1538,57.1,0.1763,0.2804,ns
M1vsM2_24m,equal_width,Relative Mortality,WUE,High,7,-0.00763,57.1,0.3363,0.4904,ns
M1vsM2_24m,equal_width,Relative Mortality,uWUE,High,7,-0.09212,57.1,0.4663,0.6045,ns
M1vsM2_24m,equal_width,Relative Disturbance,ETmax,Mid,35,0.00023,40,0.7464,0.7917,ns
M1vsM2_24m,equal_width,Relative Disturbance,GPPsat,Mid,35,-0.64567,71.4,0.01268,0.07497,ns
M1vsM2_24m,equal_width,Relative Disturbance,NEPmax,Mid,35,-0.61561,60,0.01499,0.07497,ns
M1vsM2_24m,equal_width,Relative Disturbance,WUE,Mid,35,-0.04522,57.1,0.3872,0.5421,ns
M1vsM2_24m,equal_width,Relative Disturbance,uWUE,Mid,35,-0.01932,57.1,0.6315,0.713,ns
M1vsM2_24m,equal_width,Relative Disturbance,ETmax,Low,53,0.00135,47.2,0.5528,0.6661,ns
M1vsM2_24m,equal_width,Relative Disturbance,GPPsat,Low,53,-0.50278,62.3,0.02319,0.09019,ns
M1vsM2_24m,equal_width,Relative Disturbance,NEPmax,Low,53,-1.06865,62.3,0.04628,0.135,ns
M1vsM2_24m,equal_width,Relative Disturbance,WUE,Low,53,-0.02108,56.6,0.04459,0.135,ns
M1vsM2_24m,equal_width,Relative Disturbance,uWUE,Low,53,-0.00232,52.8,0.09657,0.1878,ns
M1vsM2_24m,equal_width,Relative Disturbance,ETmax,High,5,0.00206,40,,,""
M1vsM2_24m,equal_width,Relative Disturbance,GPPsat,High,5,-2.15577,60,,,""
M1vsM2_24m,equal_width,Relative Disturbance,NEPmax,High,5,-3.47755,80,,,""
M1vsM2_24m,equal_width,Relative Disturbance,WUE,High,5,-0.20246,60,,,""
M1vsM2_24m,equal_width,Relative Disturbance,uWUE,High,5,-0.11584,80,,,""
M1vsM2_24m,natural_breaks,Absolute Mortality,ETmax,High,20,0.00122,40,0.9247,0.9457,ns
M1vsM2_24m,natural_breaks,Absolute Mortality,GPPsat,High,20,-0.33324,65,0.07532,0.1994,ns
M1vsM2_24m,natural_breaks,Absolute Mortality,NEPmax,High,20,-0.33965,55,0.1613,0.2997,ns
M1vsM2_24m,natural_breaks,Absolute Mortality,WUE,High,20,-0.05735,60,0.1706,0.2997,ns
M1vsM2_24m,natural_breaks,Absolute Mortality,uWUE,High,20,-0.01285,55,0.3897,0.4615,ns
M1vsM2_24m,natural_breaks,Absolute Mortality,ETmax,Mid,43,0.00023,44.2,0.6392,0.7191,ns
M1vsM2_24m,natural_breaks,Absolute Mortality,GPPsat,Mid,43,-0.64567,67.4,0.01216,0.1095,ns
M1vsM2_24m,natural_breaks,Absolute Mortality,NEPmax,Mid,43,-1.13953,67.4,0.005145,0.1095,ns
M1vsM2_24m,natural_breaks,Absolute Mortality,WUE,Mid,43,-0.03968,51.2,0.1907,0.3178,ns
M1vsM2_24m,natural_breaks,Absolute Mortality,uWUE,Mid,43,-0.02068,58.1,0.1454,0.2997,ns
M1vsM2_24m,natural_breaks,Absolute Mortality,ETmax,Low,30,0.00145,46.7,0.4918,0.5675,ns
M1vsM2_24m,natural_breaks,Absolute Mortality,GPPsat,Low,30,-0.60128,63.3,0.04584,0.1719,ns
M1vsM2_24m,natural_breaks,Absolute Mortality,NEPmax,Low,30,-0.92919,60,0.04994,0.1729,ns
M1vsM2_24m,natural_breaks,Absolute Mortality,WUE,Low,30,-0.02916,63.3,0.1011,0.2489,ns
M1vsM2_24m,natural_breaks,Absolute Mortality,uWUE,Low,30,-0.00797,53.3,0.2486,0.3588,ns
M1vsM2_24m,natural_breaks,Relative Mortality,ETmax,High,26,0.00144,38.5,0.9776,0.9776,ns
M1vsM2_24m,natural_breaks,Relative Mortality,GPPsat,High,26,-0.69373,69.2,0.00973,0.1095,ns
M1vsM2_24m,natural_breaks,Relative Mortality,NEPmax,High,26,-0.63433,57.7,0.01864,0.1398,ns
M1vsM2_24m,natural_breaks,Relative Mortality,WUE,High,26,-0.02642,53.8,0.3803,0.4615,ns
M1vsM2_24m,natural_breaks,Relative Mortality,uWUE,High,26,-0.05504,65.4,0.2711,0.3588,ns
M1vsM2_24m,natural_breaks,Relative Mortality,ETmax,Mid,32,-0.00093,50,0.1678,0.2997,ns
M1vsM2_24m,natural_breaks,Relative Mortality,GPPsat,Mid,32,-0.47401,65.6,0.06856,0.1928,ns
M1vsM2_24m,natural_breaks,Relative Mortality,NEPmax,Mid,32,-0.89871,65.6,0.03707,0.1718,ns
M1vsM2_24m,natural_breaks,Relative Mortality,WUE,Mid,32,-0.06159,62.5,0.0402,0.1718,ns
M1vsM2_24m,natural_breaks,Relative Mortality,uWUE,Mid,32,0.00367,50,0.297,0.3819,ns
M1vsM2_24m,natural_breaks,Relative Mortality,ETmax,Low,35,0.00161,42.9,0.7305,0.8017,ns
M1vsM2_24m,natural_breaks,Relative Mortality,GPPsat,Low,35,-0.50278,62.9,0.04199,0.1718,ns
M1vsM2_24m,natural_breaks,Relative Mortality,NEPmax,Low,35,-1.06865,62.9,0.05699,0.1832,ns
M1vsM2_24m,natural_breaks,Relative Mortality,WUE,Low,35,-0.01395,54.3,0.1731,0.2997,ns
M1vsM2_24m,natural_breaks,Relative Mortality,uWUE,Low,35,-0.00443,54.3,0.2041,0.328,ns
M1vsM2_24m,natural_breaks,Relative Disturbance,ETmax,Mid,35,0.00018,45.7,0.233,0.3496,ns
M1vsM2_24m,natural_breaks,Relative Disturbance,GPPsat,Mid,35,-0.81761,74.3,0.01023,0.1095,ns
M1vsM2_24m,natural_breaks,Relative Disturbance,NEPmax,Mid,35,-1.12149,71.4,0.004494,0.1095,ns
M1vsM2_24m,natural_breaks,Relative Disturbance,WUE,Mid,35,-0.0537,60,0.06488,0.1928,ns
M1vsM2_24m,natural_breaks,Relative Disturbance,uWUE,Mid,35,-0.01361,54.3,0.233,0.3496,ns
M1vsM2_24m,natural_breaks,Relative Disturbance,ETmax,Low,35,0.00161,42.9,0.8183,0.8768,ns
M1vsM2_24m,natural_breaks,Relative Disturbance,GPPsat,Low,35,-0.40444,57.1,0.1051,0.2489,ns
M1vsM2_24m,natural_breaks,Relative Disturbance,NEPmax,Low,35,-1.06865,57.1,0.1649,0.2997,ns
M1vsM2_24m,natural_breaks,Relative Disturbance,WUE,Low,35,-0.01395,54.3,0.153,0.2997,ns
M1vsM2_24m,natural_breaks,Relative Disturbance,uWUE,Low,35,-0.00232,51.4,0.2642,0.3588,ns
M1vsM2_24m,natural_breaks,Relative Disturbance,ETmax,High,23,0.00083,43.5,0.9168,0.9457,ns
M1vsM2_24m,natural_breaks,Relative Disturbance,GPPsat,High,23,-0.64567,65.2,0.02489,0.16,ns
M1vsM2_24m,natural_breaks,Relative Disturbance,NEPmax,High,23,-0.61561,56.5,0.03288,0.1718,ns
M1vsM2_24m,natural_breaks,Relative Disturbance,WUE,High,23,-0.04522,56.5,0.3633,0.4541,ns
M1vsM2_24m,natural_breaks,Relative Disturbance,uWUE,High,23,-0.05084,65.2,0.2566,0.3588,ns
M3vsM4_12m,tertiles,Absolute Mortality,ETmax,High,31,0.00178,38.7,0.9103,0.9309,ns
M3vsM4_12m,tertiles,Absolute Mortality,GPPsat,High,31,-0.33176,58.1,0.09965,0.2638,ns
M3vsM4_12m,tertiles,Absolute Mortality,NEPmax,High,31,-0.51597,71,0.002778,0.04167,*
M3vsM4_12m,tertiles,Absolute Mortality,WUE,High,31,-0.01957,54.8,0.1218,0.2831,ns
M3vsM4_12m,tertiles,Absolute Mortality,uWUE,High,31,-0.0537,61.3,0.05963,0.2236,ns
M3vsM4_12m,tertiles,Absolute Mortality,ETmax,Mid,31,0.0017,41.9,0.6704,0.7358,ns
M3vsM4_12m,tertiles,Absolute Mortality,GPPsat,Mid,31,-0.10092,61.3,0.1916,0.3449,ns
M3vsM4_12m,tertiles,Absolute Mortality,NEPmax,Mid,31,-0.25039,58.1,0.07769,0.2497,ns
M3vsM4_12m,tertiles,Absolute Mortality,WUE,Mid,31,-0.00453,51.6,0.4883,0.5634,ns
M3vsM4_12m,tertiles,Absolute Mortality,uWUE,Mid,31,-0.05335,58.1,0.1218,0.2831,ns
M3vsM4_12m,tertiles,Absolute Mortality,ETmax,Low,31,-8e-04,58.1,0.4262,0.5327,ns
M3vsM4_12m,tertiles,Absolute Mortality,GPPsat,Low,31,-0.43944,67.7,0.03494,0.1429,ns
M3vsM4_12m,tertiles,Absolute Mortality,NEPmax,Low,31,-0.8139,67.7,0.001402,0.03363,*
M3vsM4_12m,tertiles,Absolute Mortality,WUE,Low,31,-0.01949,61.3,0.2194,0.3621,ns
M3vsM4_12m,tertiles,Absolute Mortality,uWUE,Low,31,0.00721,45.2,0.4571,0.5559,ns
M3vsM4_12m,tertiles,Relative Mortality,ETmax,High,31,0.00193,29,0.938,0.938,ns
M3vsM4_12m,tertiles,Relative Mortality,GPPsat,High,31,-0.06489,58.1,0.1916,0.3449,ns
M3vsM4_12m,tertiles,Relative Mortality,NEPmax,High,31,-0.48157,67.7,0.01307,0.06534,ns
M3vsM4_12m,tertiles,Relative Mortality,WUE,High,31,-0.00837,54.8,0.2558,0.3969,ns
M3vsM4_12m,tertiles,Relative Mortality,uWUE,High,31,-0.04488,61.3,0.1258,0.2831,ns
M3vsM4_12m,tertiles,Relative Mortality,ETmax,Mid,31,-0.00029,58.1,0.4883,0.5634,ns
M3vsM4_12m,tertiles,Relative Mortality,GPPsat,Mid,31,-0.75558,67.7,0.008633,0.0555,ns
M3vsM4_12m,tertiles,Relative Mortality,NEPmax,Mid,31,-0.54539,67.7,0.008185,0.0555,ns
M3vsM4_12m,tertiles,Relative Mortality,WUE,Mid,31,-0.01086,54.8,0.1709,0.3449,ns
M3vsM4_12m,tertiles,Relative Mortality,uWUE,Mid,31,-0.03895,54.8,0.07769,0.2497,ns
M3vsM4_12m,tertiles,Relative Mortality,ETmax,Low,31,-0.00019,51.6,0.5117,0.5757,ns
M3vsM4_12m,tertiles,Relative Mortality,GPPsat,Low,31,-0.10092,61.3,0.2253,0.3621,ns
M3vsM4_12m,tertiles,Relative Mortality,NEPmax,Low,31,-0.53884,61.3,0.004708,0.05297,ns
M3vsM4_12m,tertiles,Relative Mortality,WUE,Low,31,-0.01949,58.1,0.3807,0.5038,ns
M3vsM4_12m,tertiles,Relative Mortality,uWUE,Low,31,0.0047,48.4,0.3439,0.469,ns
M3vsM4_12m,tertiles,Relative Disturbance,ETmax,High,31,0.00149,35.5,0.8742,0.9148,ns
M3vsM4_12m,tertiles,Relative Disturbance,GPPsat,High,31,-0.05877,54.8,0.208,0.3601,ns
M3vsM4_12m,tertiles,Relative Disturbance,NEPmax,High,31,-0.48157,64.5,0.01935,0.08706,ns
M3vsM4_12m,tertiles,Relative Disturbance,WUE,High,31,0.00399,48.4,0.3296,0.4635,ns
M3vsM4_12m,tertiles,Relative Disturbance,uWUE,High,31,-0.03367,61.3,0.09626,0.2638,ns
M3vsM4_12m,tertiles,Relative Disturbance,ETmax,Mid,31,-0.00042,58.1,0.3156,0.4581,ns
M3vsM4_12m,tertiles,Relative Disturbance,GPPsat,Mid,31,-0.38865,71,0.008185,0.0555,ns
M3vsM4_12m,tertiles,Relative Disturbance,NEPmax,Mid,31,-0.70233,71,0.001494,0.03363,*
M3vsM4_12m,tertiles,Relative Disturbance,WUE,Mid,31,-0.01816,61.3,0.1863,0.3449,ns
M3vsM4_12m,tertiles,Relative Disturbance,uWUE,Mid,31,-0.05335,54.8,0.08661,0.2598,ns
M3vsM4_12m,tertiles,Relative Disturbance,ETmax,Low,31,0.0011,45.2,0.8482,0.9088,ns
M3vsM4_12m,tertiles,Relative Disturbance,GPPsat,Low,31,-0.34058,61.3,0.1612,0.3449,ns
M3vsM4_12m,tertiles,Relative Disturbance,NEPmax,Low,31,-0.53884,61.3,0.01122,0.06309,ns
M3vsM4_12m,tertiles,Relative Disturbance,WUE,Low,31,-0.02155,58.1,0.3086,0.4581,ns
M3vsM4_12m,tertiles,Relative Disturbance,uWUE,Low,31,0.0047,48.4,0.4262,0.5327,ns
M3vsM4_12m,equal_width,Absolute Mortality,ETmax,Mid,35,0.00091,42.9,0.6971,0.7546,ns
M3vsM4_12m,equal_width,Absolute Mortality,GPPsat,Mid,35,0.01548,48.6,0.3998,0.4843,ns
M3vsM4_12m,equal_width,Absolute Mortality,NEPmax,Mid,35,-0.48157,65.7,0.009376,0.04688,*
M3vsM4_12m,equal_width,Absolute Mortality,WUE,Mid,35,-0.00837,54.3,0.169,0.34,ns
M3vsM4_12m,equal_width,Absolute Mortality,uWUE,Mid,35,-0.06371,62.9,0.02613,0.1016,ns
M3vsM4_12m,equal_width,Absolute Mortality,ETmax,Low,53,-0.00019,50.9,0.5141,0.5805,ns
M3vsM4_12m,equal_width,Absolute Mortality,GPPsat,Low,53,-0.38865,69.8,0.007276,0.04688,*
M3vsM4_12m,equal_width,Absolute Mortality,NEPmax,Low,53,-0.54363,64.2,0.0003268,0.01045,*
M3vsM4_12m,equal_width,Absolute Mortality,WUE,Low,53,-0.01949,58.5,0.2052,0.34,ns
M3vsM4_12m,equal_width,Absolute Mortality,uWUE,Low,53,0.00721,47.2,0.329,0.4606,ns
M3vsM4_12m,equal_width,Absolute Mortality,ETmax,High,5,0.01075,20,,,""
M3vsM4_12m,equal_width,Absolute Mortality,GPPsat,High,5,-0.97506,80,,,""
M3vsM4_12m,equal_width,Absolute Mortality,NEPmax,High,5,-0.40986,80,,,""
M3vsM4_12m,equal_width,Absolute Mortality,WUE,High,5,0.02087,40,,,""
M3vsM4_12m,equal_width,Absolute Mortality,uWUE,High,5,-0.02684,80,,,""
M3vsM4_12m,equal_width,Relative Mortality,ETmax,Mid,33,0.00021,45.5,0.4012,0.4843,ns
M3vsM4_12m,equal_width,Relative Mortality,GPPsat,Mid,33,-0.00146,51.5,0.2659,0.3877,ns
M3vsM4_12m,equal_width,Relative Mortality,NEPmax,Mid,33,-0.32896,63.6,0.03286,0.115,ns
M3vsM4_12m,equal_width,Relative Mortality,WUE,Mid,33,-0.00453,51.5,0.3943,0.4843,ns
M3vsM4_12m,equal_width,Relative Mortality,uWUE,Mid,33,-0.01525,54.5,0.1811,0.34,ns
M3vsM4_12m,equal_width,Relative Mortality,ETmax,Low,53,-0.00019,50.9,0.7115,0.7546,ns
M3vsM4_12m,equal_width,Relative Mortality,GPPsat,Low,53,-0.38865,67.9,0.01344,0.05881,ns
M3vsM4_12m,equal_width,Relative Mortality,NEPmax,Low,53,-0.54363,64.2,0.0005974,0.01045,*
M3vsM4_12m,equal_width,Relative Mortality,WUE,Low,53,-0.01949,58.5,0.1695,0.34,ns
M3vsM4_12m,equal_width,Relative Mortality,uWUE,Low,53,-0.03895,52.8,0.142,0.34,ns
M3vsM4_12m,equal_width,Relative Mortality,ETmax,High,7,0.00656,14.3,0.9888,0.9888,ns
M3vsM4_12m,equal_width,Relative Mortality,GPPsat,High,7,-0.92419,71.4,0.2234,0.34,ns
M3vsM4_12m,equal_width,Relative Mortality,NEPmax,High,7,-1.98332,85.7,0.03796,0.1208,ns
M3vsM4_12m,equal_width,Relative Mortality,WUE,High,7,-0.04567,57.1,0.2234,0.34,ns
M3vsM4_12m,equal_width,Relative Mortality,uWUE,High,7,-0.15296,71.4,0.1763,0.34,ns
M3vsM4_12m,equal_width,Relative Disturbance,ETmax,Mid,35,0.00055,42.9,0.4967,0.5795,ns
M3vsM4_12m,equal_width,Relative Disturbance,GPPsat,Mid,35,-0.06489,54.3,0.2135,0.34,ns
M3vsM4_12m,equal_width,Relative Disturbance,NEPmax,Mid,35,-0.48157,68.6,0.009376,0.04688,*
M3vsM4_12m,equal_width,Relative Disturbance,WUE,Mid,35,-0.00453,51.4,0.3502,0.4714,ns
M3vsM4_12m,equal_width,Relative Disturbance,uWUE,Mid,35,-0.03367,60,0.1143,0.3334,ns
M3vsM4_12m,equal_width,Relative Disturbance,ETmax,Low,53,-0.00019,50.9,0.8048,0.8284,ns
M3vsM4_12m,equal_width,Relative Disturbance,GPPsat,Low,53,-0.4077,67.9,0.009047,0.04688,*
M3vsM4_12m,equal_width,Relative Disturbance,NEPmax,Low,53,-0.41611,62.3,0.001385,0.01616,*
M3vsM4_12m,equal_width,Relative Disturbance,WUE,Low,53,-0.01816,58.5,0.1977,0.34,ns
M3vsM4_12m,equal_width,Relative Disturbance,uWUE,Low,53,-0.00343,50.9,0.1461,0.34,ns
M3vsM4_12m,equal_width,Relative Disturbance,ETmax,High,5,0.00606,20,,,""
M3vsM4_12m,equal_width,Relative Disturbance,GPPsat,High,5,-0.05877,60,,,""
M3vsM4_12m,equal_width,Relative Disturbance,NEPmax,High,5,-2.64248,80,,,""
M3vsM4_12m,equal_width,Relative Disturbance,WUE,High,5,-0.23829,60,,,""
M3vsM4_12m,equal_width,Relative Disturbance,uWUE,High,5,-0.15296,60,,,""
M3vsM4_12m,natural_breaks,Absolute Mortality,ETmax,High,20,0.00274,30,0.975,0.975,ns
M3vsM4_12m,natural_breaks,Absolute Mortality,GPPsat,High,20,-0.06183,55,0.2449,0.3703,ns
M3vsM4_12m,natural_breaks,Absolute Mortality,NEPmax,High,20,-0.49877,75,0.01913,0.1244,ns
M3vsM4_12m,natural_breaks,Absolute Mortality,WUE,High,20,0.01096,45,0.4628,0.543,ns
M3vsM4_12m,natural_breaks,Absolute Mortality,uWUE,High,20,-0.04929,65,0.07532,0.2111,ns
M3vsM4_12m,natural_breaks,Absolute Mortality,ETmax,Mid,43,0.00091,44.2,0.579,0.6513,ns
M3vsM4_12m,natural_breaks,Absolute Mortality,GPPsat,Mid,43,-0.21551,62.8,0.06332,0.1946,ns
M3vsM4_12m,natural_breaks,Absolute Mortality,NEPmax,Mid,43,-0.33133,58.1,0.02487,0.1244,ns
M3vsM4_12m,natural_breaks,Absolute Mortality,WUE,Mid,43,-0.01647,58.1,0.1716,0.297,ns
M3vsM4_12m,natural_breaks,Absolute Mortality,uWUE,Mid,43,-0.05335,55.8,0.07975,0.2111,ns
M3vsM4_12m,natural_breaks,Absolute Mortality,ETmax,Low,30,-0.00082,60,0.4025,0.512,ns
M3vsM4_12m,natural_breaks,Absolute Mortality,GPPsat,Low,30,-0.41405,66.7,0.04584,0.1695,ns
M3vsM4_12m,natural_breaks,Absolute Mortality,NEPmax,Low,30,-0.81913,70,0.0007161,0.01611,*
M3vsM4_12m,natural_breaks,Absolute Mortality,WUE,Low,30,-0.01882,60,0.2295,0.3689,ns
M3vsM4_12m,natural_breaks,Absolute Mortality,uWUE,Low,30,0.00918,46.7,0.4347,0.5286,ns
M3vsM4_12m,natural_breaks,Relative Mortality,ETmax,High,26,0.00209,26.9,0.9623,0.975,ns
M3vsM4_12m,natural_breaks,Relative Mortality,GPPsat,High,26,-0.06183,57.7,0.2082,0.347,ns
M3vsM4_12m,natural_breaks,Relative Mortality,NEPmax,High,26,-0.47769,69.2,0.0284,0.1278,ns
M3vsM4_12m,natural_breaks,Relative Mortality,WUE,High,26,-0.00027,50,0.4096,0.512,ns
M3vsM4_12m,natural_breaks,Relative Mortality,uWUE,High,26,-0.03586,61.5,0.1431,0.2682,ns
M3vsM4_12m,natural_breaks,Relative Mortality,ETmax,Mid,32,-0.00074,62.5,0.1678,0.297,ns
M3vsM4_12m,natural_breaks,Relative Mortality,GPPsat,Mid,32,-0.32493,62.5,0.04898,0.1695,ns
M3vsM4_12m,natural_breaks,Relative Mortality,NEPmax,Mid,32,-0.37254,62.5,0.02124,0.1244,ns
M3vsM4_12m,natural_breaks,Relative Mortality,WUE,Mid,32,-0.03106,59.4,0.1329,0.2611,ns
M3vsM4_12m,natural_breaks,Relative Mortality,uWUE,Mid,32,-0.04615,56.2,0.09371,0.2343,ns
M3vsM4_12m,natural_breaks,Relative Mortality,ETmax,Low,35,0.0011,45.7,0.7959,0.8736,ns
M3vsM4_12m,natural_breaks,Relative Mortality,GPPsat,Low,35,-0.38865,65.7,0.06488,0.1946,ns
M3vsM4_12m,natural_breaks,Relative Mortality,NEPmax,Low,35,-0.70233,65.7,0.0006821,0.01611,*
M3vsM4_12m,natural_breaks,Relative Mortality,WUE,Low,35,-0.01949,57.1,0.3441,0.4554,ns
M3vsM4_12m,natural_breaks,Relative Mortality,uWUE,Low,35,0.0047,48.6,0.2642,0.379,ns
M3vsM4_12m,natural_breaks,Relative Disturbance,ETmax,Mid,35,-0.00105,60,0.1143,0.2572,ns
M3vsM4_12m,natural_breaks,Relative Disturbance,GPPsat,Mid,35,-0.33176,62.9,0.0224,0.1244,ns
M3vsM4_12m,natural_breaks,Relative Disturbance,NEPmax,Mid,35,-0.47382,62.9,0.01696,0.1244,ns
M3vsM4_12m,natural_breaks,Relative Disturbance,WUE,Mid,35,-0.01816,57.1,0.2695,0.379,ns
M3vsM4_12m,natural_breaks,Relative Disturbance,uWUE,Mid,35,-0.05335,57.1,0.04501,0.1695,ns
M3vsM4_12m,natural_breaks,Relative Disturbance,ETmax,Low,35,0.00124,42.9,0.9143,0.975,ns
M3vsM4_12m,natural_breaks,Relative Disturbance,GPPsat,Low,35,-0.21551,62.9,0.1309,0.2611,ns
M3vsM4_12m,natural_breaks,Relative Disturbance,NEPmax,Low,35,-0.41362,60,0.009797,0.1102,ns
M3vsM4_12m,natural_breaks,Relative Disturbance,WUE,Low,35,-0.01949,57.1,0.2916,0.3976,ns
M3vsM4_12m,natural_breaks,Relative Disturbance,uWUE,Low,35,0.0047,48.6,0.4706,0.543,ns
M3vsM4_12m,natural_breaks,Relative Disturbance,ETmax,High,23,0.00296,30.4,0.9339,0.975,ns
M3vsM4_12m,natural_breaks,Relative Disturbance,GPPsat,High,23,-0.16756,60.9,0.1335,0.2611,ns
M3vsM4_12m,natural_breaks,Relative Disturbance,NEPmax,High,23,-0.62513,78.3,0.002957,0.04435,*
M3vsM4_12m,natural_breaks,Relative Disturbance,WUE,High,23,-0.00453,52.2,0.2469,0.3703,ns
M3vsM4_12m,natural_breaks,Relative Disturbance,uWUE,High,23,-0.02684,60.9,0.1034,0.245,ns
M3vsM4_24m,tertiles,Absolute Mortality,ETmax,High,31,0.00032,45.2,0.6561,0.7201,ns
M3vsM4_24m,tertiles,Absolute Mortality,GPPsat,High,31,-0.29202,58.1,0.05512,0.1358,ns
M3vsM4_24m,tertiles,Absolute Mortality,NEPmax,High,31,-0.71204,67.7,0.01122,0.08411,ns
M3vsM4_24m,tertiles,Absolute Mortality,WUE,High,31,-0.08013,61.3,0.05734,0.1358,ns
M3vsM4_24m,tertiles,Absolute Mortality,uWUE,High,31,-0.07512,64.5,0.02679,0.1096,ns
M3vsM4_24m,tertiles,Absolute Mortality,ETmax,Mid,31,0.00091,48.4,0.7442,0.7974,ns
M3vsM4_24m,tertiles,Absolute Mortality,GPPsat,Mid,31,-0.0274,54.8,0.3881,0.499,ns
M3vsM4_24m,tertiles,Absolute Mortality,NEPmax,Mid,31,-0.36721,61.3,0.06441,0.138,ns
M3vsM4_24m,tertiles,Absolute Mortality,WUE,Mid,31,0.01526,45.2,0.4262,0.5277,ns
M3vsM4_24m,tertiles,Absolute Mortality,uWUE,Mid,31,-0.02829,64.5,0.2025,0.3142,ns
M3vsM4_24m,tertiles,Absolute Mortality,ETmax,Low,31,0.00128,41.9,0.7628,0.7983,ns
M3vsM4_24m,tertiles,Absolute Mortality,GPPsat,Low,31,-0.2598,64.5,0.03494,0.1209,ns
M3vsM4_24m,tertiles,Absolute Mortality,NEPmax,Low,31,-0.67146,67.7,0.0005909,0.02659,*
M3vsM4_24m,tertiles,Absolute Mortality,WUE,Low,31,-0.03018,61.3,0.1811,0.3079,ns
M3vsM4_24m,tertiles,Absolute Mortality,uWUE,Low,31,-0.02785,61.3,0.03807,0.1224,ns
M3vsM4_24m,tertiles,Relative Mortality,ETmax,High,31,-0.00024,51.6,0.5195,0.5995,ns
M3vsM4_24m,tertiles,Relative Mortality,GPPsat,High,31,-0.28025,58.1,0.166,0.2988,ns
M3vsM4_24m,tertiles,Relative Mortality,NEPmax,High,31,-0.34879,64.5,0.02229,0.1096,ns
M3vsM4_24m,tertiles,Relative Mortality,WUE,High,31,-0.00474,51.6,0.3658,0.4842,ns
M3vsM4_24m,tertiles,Relative Mortality,uWUE,High,31,-0.05747,74.2,0.01594,0.1025,ns
M3vsM4_24m,tertiles,Relative Mortality,ETmax,Mid,31,0.00218,41.9,0.6415,0.7201,ns
M3vsM4_24m,tertiles,Relative Mortality,GPPsat,Mid,31,-0.48954,58.1,0.03494,0.1209,ns
M3vsM4_24m,tertiles,Relative Mortality,NEPmax,Mid,31,-0.83217,67.7,0.006588,0.08267,ns
M3vsM4_24m,tertiles,Relative Mortality,WUE,Mid,31,-0.0483,54.8,0.05734,0.1358,ns
M3vsM4_24m,tertiles,Relative Mortality,uWUE,Mid,31,0.00745,48.4,0.2312,0.3251,ns
M3vsM4_24m,tertiles,Relative Mortality,ETmax,Low,31,0.00091,41.9,0.8969,0.9173,ns
M3vsM4_24m,tertiles,Relative Mortality,GPPsat,Low,31,-0.20224,61.3,0.2312,0.3251,ns
M3vsM4_24m,tertiles,Relative Mortality,NEPmax,Low,31,-0.36721,64.5,0.007348,0.08267,ns
M3vsM4_24m,tertiles,Relative Mortality,WUE,Low,31,-0.03018,61.3,0.1472,0.276,ns
M3vsM4_24m,tertiles,Relative Mortality,uWUE,Low,31,-0.03038,67.7,0.0432,0.1296,ns
M3vsM4_24m,tertiles,Relative Disturbance,ETmax,High,31,-0.00024,51.6,0.4649,0.5505,ns
M3vsM4_24m,tertiles,Relative Disturbance,GPPsat,High,31,-0.29202,54.8,0.1916,0.3079,ns
M3vsM4_24m,tertiles,Relative Disturbance,NEPmax,High,31,-0.59676,64.5,0.0256,0.1096,ns
M3vsM4_24m,tertiles,Relative Disturbance,WUE,High,31,0.02277,48.4,0.2685,0.3662,ns
M3vsM4_24m,tertiles,Relative Disturbance,uWUE,High,31,-0.07512,67.7,0.04692,0.132,ns
M3vsM4_24m,tertiles,Relative Disturbance,ETmax,Mid,31,-0.00048,51.6,0.4339,0.5277,ns
M3vsM4_24m,tertiles,Relative Disturbance,GPPsat,Mid,31,-0.40736,64.5,0.02229,0.1096,ns
M3vsM4_24m,tertiles,Relative Disturbance,NEPmax,Mid,31,-0.67146,67.7,0.001697,0.03817,*
M3vsM4_24m,tertiles,Relative Disturbance,WUE,Mid,31,-0.04207,61.3,0.06198,0.138,ns
M3vsM4_24m,tertiles,Relative Disturbance,uWUE,Mid,31,-0.01795,58.1,0.09626,0.1883,ns
M3vsM4_24m,tertiles,Relative Disturbance,ETmax,Low,31,0.00215,32.3,0.9777,0.9777,ns
M3vsM4_24m,tertiles,Relative Disturbance,GPPsat,Low,31,-0.20224,58.1,0.2137,0.3205,ns
M3vsM4_24m,tertiles,Relative Disturbance,NEPmax,Low,31,-0.54398,64.5,0.01011,0.08411,ns
M3vsM4_24m,tertiles,Relative Disturbance,WUE,Low,31,-0.03018,58.1,0.1916,0.3079,ns
M3vsM4_24m,tertiles,Relative Disturbance,uWUE,Low,31,-0.03038,64.5,0.08355,0.1709,ns
M3vsM4_24m,equal_width,Absolute Mortality,ETmax,Mid,35,0.00032,45.7,0.7568,0.8027,ns
M3vsM4_24m,equal_width,Absolute Mortality,GPPsat,Mid,35,0.04035,48.6,0.5294,0.6389,ns
M3vsM4_24m,equal_width,Absolute Mortality,NEPmax,Mid,35,-0.4773,62.9,0.02516,0.07878,ns
M3vsM4_24m,equal_width,Absolute Mortality,WUE,Mid,35,-0.04207,54.3,0.1143,0.2068,ns
M3vsM4_24m,equal_width,Absolute Mortality,uWUE,Mid,35,-0.05747,62.9,0.02926,0.07878,ns
M3vsM4_24m,equal_width,Absolute Mortality,ETmax,Low,53,0.00091,45.3,0.7409,0.8027,ns
M3vsM4_24m,equal_width,Absolute Mortality,GPPsat,Low,53,-0.28209,64.2,0.01538,0.07878,ns
M3vsM4_24m,equal_width,Absolute Mortality,NEPmax,Low,53,-0.59676,66,0.0001741,0.006094,**
M3vsM4_24m,equal_width,Absolute Mortality,WUE,Low,53,-0.03018,58.5,0.09657,0.1988,ns
M3vsM4_24m,equal_width,Absolute Mortality,uWUE,Low,53,-0.02829,64.2,0.02908,0.07878,ns
M3vsM4_24m,equal_width,Absolute Mortality,ETmax,High,5,0.00275,40,,,""
M3vsM4_24m,equal_width,Absolute Mortality,GPPsat,High,5,-1.56465,80,,,""
M3vsM4_24m,equal_width,Absolute Mortality,NEPmax,High,5,-0.34879,80,,,""
M3vsM4_24m,equal_width,Absolute Mortality,WUE,High,5,0.08489,40,,,""
M3vsM4_24m,equal_width,Absolute Mortality,uWUE,High,5,-0.01572,60,,,""
M3vsM4_24m,equal_width,Relative Mortality,ETmax,Mid,33,-0.00173,57.6,0.2543,0.3423,ns
M3vsM4_24m,equal_width,Relative Mortality,GPPsat,Mid,33,-0.28025,54.5,0.2837,0.3678,ns
M3vsM4_24m,equal_width,Relative Mortality,NEPmax,Mid,33,-0.26676,60.6,0.05391,0.1179,ns
M3vsM4_24m,equal_width,Relative Mortality,WUE,Mid,33,0.01655,48.5,0.4012,0.5015,ns
M3vsM4_24m,equal_width,Relative Mortality,uWUE,Mid,33,-0.02959,60.6,0.15,0.2283,ns
M3vsM4_24m,equal_width,Relative Mortality,ETmax,Low,53,0.00197,37.7,0.9361,0.9636,ns
M3vsM4_24m,equal_width,Relative Mortality,GPPsat,Low,53,-0.24406,60.4,0.03687,0.09114,ns
M3vsM4_24m,equal_width,Relative Mortality,NEPmax,Low,53,-0.57046,66,0.0003719,0.006508,**
M3vsM4_24m,equal_width,Relative Mortality,WUE,Low,53,-0.03816,60.4,0.03906,0.09114,ns
M3vsM4_24m,equal_width,Relative Mortality,uWUE,Low,53,-0.02829,62.3,0.01608,0.07878,ns
M3vsM4_24m,equal_width,Relative Mortality,ETmax,High,7,0.00275,42.9,0.6637,0.7493,ns
M3vsM4_24m,equal_width,Relative Mortality,GPPsat,High,7,-0.95306,71.4,0.1359,0.2163,ns
M3vsM4_24m,equal_width,Relative Mortality,NEPmax,High,7,-2.00368,85.7,0.02596,0.07878,ns
M3vsM4_24m,equal_width,Relative Mortality,WUE,High,7,-0.02074,57.1,0.2234,0.3258,ns
M3vsM4_24m,equal_width,Relative Mortality,uWUE,High,7,-0.10832,85.7,0.1024,0.1992,ns
M3vsM4_24m,equal_width,Relative Disturbance,ETmax,Mid,35,-0.00173,57.1,0.1241,0.2068,ns
M3vsM4_24m,equal_width,Relative Disturbance,GPPsat,Mid,35,-0.28025,57.1,0.2432,0.3405,ns
M3vsM4_24m,equal_width,Relative Disturbance,NEPmax,Mid,35,-0.4773,65.7,0.02155,0.07878,ns
M3vsM4_24m,equal_width,Relative Disturbance,WUE,Mid,35,0.02277,45.7,0.5554,0.6479,ns
M3vsM4_24m,equal_width,Relative Disturbance,uWUE,Mid,35,-0.04093,62.9,0.1208,0.2068,ns
M3vsM4_24m,equal_width,Relative Disturbance,ETmax,Low,53,0.00215,37.7,0.9782,0.9782,ns
M3vsM4_24m,equal_width,Relative Disturbance,GPPsat,Low,53,-0.2598,60.4,0.02271,0.07878,ns
M3vsM4_24m,equal_width,Relative Disturbance,NEPmax,Low,53,-0.54398,64.2,0.0006971,0.008133,**
M3vsM4_24m,equal_width,Relative Disturbance,WUE,Low,53,-0.04113,62.3,0.01756,0.07878,ns
M3vsM4_24m,equal_width,Relative Disturbance,uWUE,Low,53,-0.02829,62.3,0.01718,0.07878,ns
M3vsM4_24m,equal_width,Relative Disturbance,ETmax,High,5,0.00302,40,,,""
M3vsM4_24m,equal_width,Relative Disturbance,GPPsat,High,5,-0.20349,60,,,""
M3vsM4_24m,equal_width,Relative Disturbance,NEPmax,High,5,-2.38146,80,,,""
M3vsM4_24m,equal_width,Relative Disturbance,WUE,High,5,-0.27725,60,,,""
M3vsM4_24m,equal_width,Relative Disturbance,uWUE,High,5,-0.14787,80,,,""
M3vsM4_24m,natural_breaks,Absolute Mortality,ETmax,High,20,0.00145,45,0.6662,0.7494,ns
M3vsM4_24m,natural_breaks,Absolute Mortality,GPPsat,High,20,-0.24187,55,0.2568,0.3301,ns
M3vsM4_24m,natural_breaks,Absolute Mortality,NEPmax,High,20,-0.75749,65,0.05219,0.1566,ns
M3vsM4_24m,natural_breaks,Absolute Mortality,WUE,High,20,0.00101,50,0.3071,0.3735,ns
M3vsM4_24m,natural_breaks,Absolute Mortality,uWUE,High,20,-0.07893,65,0.04833,0.1553,ns
M3vsM4_24m,natural_breaks,Absolute Mortality,ETmax,Mid,43,0.00032,48.8,0.7209,0.7913,ns
M3vsM4_24m,natural_breaks,Absolute Mortality,GPPsat,Mid,43,-0.29202,58.1,0.1057,0.2027,ns
M3vsM4_24m,natural_breaks,Absolute Mortality,NEPmax,Mid,43,-0.4773,62.8,0.01809,0.1163,ns
M3vsM4_24m,natural_breaks,Absolute Mortality,WUE,Mid,43,-0.04207,55.8,0.09106,0.2007,ns
M3vsM4_24m,natural_breaks,Absolute Mortality,uWUE,Mid,43,-0.02959,65.1,0.09106,0.2007,ns
M3vsM4_24m,natural_breaks,Absolute Mortality,ETmax,Low,30,0.00155,40,0.828,0.8665,ns
M3vsM4_24m,natural_breaks,Absolute Mortality,GPPsat,Low,30,-0.23102,63.3,0.0439,0.1553,ns
M3vsM4_24m,natural_breaks,Absolute Mortality,NEPmax,Low,30,-0.88181,70,0.0004002,0.01801,*
M3vsM4_24m,natural_breaks,Absolute Mortality,WUE,Low,30,-0.02568,60,0.2358,0.3215,ns
M3vsM4_24m,natural_breaks,Absolute Mortality,uWUE,Low,30,-0.0229,60,0.04584,0.1553,ns
M3vsM4_24m,natural_breaks,Relative Mortality,ETmax,High,26,0.00254,42.3,0.8061,0.8637,ns
M3vsM4_24m,natural_breaks,Relative Mortality,GPPsat,High,26,-0.28614,57.7,0.1672,0.2509,ns
M3vsM4_24m,natural_breaks,Relative Mortality,NEPmax,High,26,-0.47277,65.4,0.03373,0.138,ns
M3vsM4_24m,natural_breaks,Relative Mortality,WUE,High,26,0.00101,50,0.3057,0.3735,ns
M3vsM4_24m,natural_breaks,Relative Mortality,uWUE,High,26,-0.07893,73.1,0.02109,0.1186,ns
M3vsM4_24m,natural_breaks,Relative Mortality,ETmax,Mid,32,-0.00114,56.2,0.1329,0.2336,ns
M3vsM4_24m,natural_breaks,Relative Mortality,GPPsat,Mid,32,-0.28682,56.2,0.1001,0.2027,ns
M3vsM4_24m,natural_breaks,Relative Mortality,NEPmax,Mid,32,-0.69175,65.6,0.01335,0.1029,ns
M3vsM4_24m,natural_breaks,Relative Mortality,WUE,Mid,32,-0.04148,56.2,0.0876,0.2007,ns
M3vsM4_24m,natural_breaks,Relative Mortality,uWUE,Mid,32,-0.01355,53.1,0.2534,0.3301,ns
M3vsM4_24m,natural_breaks,Relative Mortality,ETmax,Low,35,0.00197,37.1,0.9748,0.9767,ns
M3vsM4_24m,natural_breaks,Relative Mortality,GPPsat,Low,35,-0.24406,62.9,0.09366,0.2007,ns
M3vsM4_24m,natural_breaks,Relative Mortality,NEPmax,Low,35,-0.54398,65.7,0.002361,0.05312,ns
M3vsM4_24m,natural_breaks,Relative Mortality,WUE,Low,35,-0.03018,60,0.1454,0.2336,ns
M3vsM4_24m,natural_breaks,Relative Mortality,uWUE,Low,35,-0.03038,65.7,0.03269,0.138,ns
M3vsM4_24m,natural_breaks,Relative Disturbance,ETmax,Mid,35,-0.00091,54.3,0.3262,0.3863,ns
M3vsM4_24m,natural_breaks,Relative Disturbance,GPPsat,Mid,35,-0.40736,62.9,0.05888,0.1656,ns
M3vsM4_24m,natural_breaks,Relative Disturbance,NEPmax,Mid,35,-0.4773,57.1,0.02421,0.121,ns
M3vsM4_24m,natural_breaks,Relative Disturbance,WUE,Mid,35,-0.03465,57.1,0.2231,0.3215,ns
M3vsM4_24m,natural_breaks,Relative Disturbance,uWUE,Mid,35,-0.01795,57.1,0.138,0.2336,ns
M3vsM4_24m,natural_breaks,Relative Disturbance,ETmax,Low,35,0.00215,34.3,0.9767,0.9767,ns
M3vsM4_24m,natural_breaks,Relative Disturbance,GPPsat,Low,35,-0.14934,54.3,0.233,0.3215,ns
M3vsM4_24m,natural_breaks,Relative Disturbance,NEPmax,Low,35,-0.54398,65.7,0.004944,0.05562,ns
M3vsM4_24m,natural_breaks,Relative Disturbance,WUE,Low,35,-0.03018,57.1,0.1417,0.2336,ns
M3vsM4_24m,natural_breaks,Relative Disturbance,uWUE,Low,35,-0.03038,62.9,0.1081,0.2027,ns
M3vsM4_24m,natural_breaks,Relative Disturbance,ETmax,High,23,0.00032,47.8,0.5303,0.6119,ns
M3vsM4_24m,natural_breaks,Relative Disturbance,GPPsat,High,23,-0.34821,60.9,0.07864,0.2007,ns
M3vsM4_24m,natural_breaks,Relative Disturbance,NEPmax,High,23,-1.1662,78.3,0.004258,0.05562,ns
M3vsM4_24m,natural_breaks,Relative Disturbance,WUE,High,23,-0.02074,52.2,0.1615,0.2505,ns
M3vsM4_24m,natural_breaks,Relative Disturbance,uWUE,High,23,-0.08274,73.9,0.01372,0.1029,ns
M5vsM6_raw_12m,tertiles,Absolute Mortality,ETmax,High,31,0.00013,45.2,0.5968,0.7121,ns
M5vsM6_raw_12m,tertiles,Absolute Mortality,GPPsat,High,31,-0.02237,51.6,0.3881,0.5293,ns
M5vsM6_raw_12m,tertiles,Absolute Mortality,NEPmax,High,31,-0.23099,58.1,0.1612,0.3817,ns
M5vsM6_raw_12m,tertiles,Absolute Mortality,WUE,High,31,-0.03156,74.2,0.01444,0.2639,ns
M5vsM6_raw_12m,tertiles,Absolute Mortality,uWUE,High,31,-0.0195,58.1,0.09626,0.2707,ns
M5vsM6_raw_12m,tertiles,Absolute Mortality,ETmax,Mid,31,0.00093,38.7,0.6488,0.7121,ns
M5vsM6_raw_12m,tertiles,Absolute Mortality,GPPsat,Mid,31,-0.05237,54.8,0.2312,0.4167,ns
M5vsM6_raw_12m,tertiles,Absolute Mortality,NEPmax,Mid,31,-0.10572,54.8,0.4961,0.6378,ns
M5vsM6_raw_12m,tertiles,Absolute Mortality,WUE,Mid,31,-0.04876,67.7,0.0256,0.2639,ns
M5vsM6_raw_12m,tertiles,Absolute Mortality,uWUE,Mid,31,0.00774,48.4,0.6774,0.7258,ns
M5vsM6_raw_12m,tertiles,Absolute Mortality,ETmax,Low,31,-0.00056,61.3,0.1341,0.355,ns
M5vsM6_raw_12m,tertiles,Absolute Mortality,GPPsat,Low,31,-0.28815,61.3,0.09626,0.2707,ns
M5vsM6_raw_12m,tertiles,Absolute Mortality,NEPmax,Low,31,-0.09535,61.3,0.09626,0.2707,ns
M5vsM6_raw_12m,tertiles,Absolute Mortality,WUE,Low,31,-0.02469,58.1,0.2194,0.4167,ns
M5vsM6_raw_12m,tertiles,Absolute Mortality,uWUE,Low,31,-0.00156,51.6,0.4649,0.6153,ns
M5vsM6_raw_12m,tertiles,Relative Mortality,ETmax,High,31,0.00094,35.5,0.9404,0.9617,ns
M5vsM6_raw_12m,tertiles,Relative Mortality,GPPsat,High,31,-0.08412,54.8,0.2312,0.4167,ns
M5vsM6_raw_12m,tertiles,Relative Mortality,NEPmax,High,31,-0.21519,64.5,0.2194,0.4167,ns
M5vsM6_raw_12m,tertiles,Relative Mortality,WUE,High,31,-0.03408,67.7,0.09296,0.2707,ns
M5vsM6_raw_12m,tertiles,Relative Mortality,uWUE,High,31,-0.01661,58.1,0.2621,0.4167,ns
M5vsM6_raw_12m,tertiles,Relative Mortality,ETmax,Mid,31,-6e-04,54.8,0.08355,0.2707,ns
M5vsM6_raw_12m,tertiles,Relative Mortality,GPPsat,Mid,31,-0.03723,51.6,0.6043,0.7121,ns
M5vsM6_raw_12m,tertiles,Relative Mortality,NEPmax,Mid,31,0.00145,48.4,0.5195,0.6494,ns
M5vsM6_raw_12m,tertiles,Relative Mortality,WUE,Mid,31,-0.04363,61.3,0.02931,0.2639,ns
M5vsM6_raw_12m,tertiles,Relative Mortality,uWUE,Mid,31,-0.0041,54.8,0.2495,0.4167,ns
M5vsM6_raw_12m,tertiles,Relative Mortality,ETmax,Low,31,-0.00013,54.8,0.2816,0.4224,ns
M5vsM6_raw_12m,tertiles,Relative Mortality,GPPsat,Low,31,-0.1095,61.3,0.0695,0.2707,ns
M5vsM6_raw_12m,tertiles,Relative Mortality,NEPmax,Low,31,-0.15977,61.3,0.04692,0.2639,ns
M5vsM6_raw_12m,tertiles,Relative Mortality,WUE,Low,31,-0.02946,71,0.03807,0.2639,ns
M5vsM6_raw_12m,tertiles,Relative Mortality,uWUE,Low,31,0.00385,45.2,0.6415,0.7121,ns
M5vsM6_raw_12m,tertiles,Relative Disturbance,ETmax,High,31,0.00094,32.3,0.9767,0.9767,ns
M5vsM6_raw_12m,tertiles,Relative Disturbance,GPPsat,High,31,-0.12337,58.1,0.3368,0.4736,ns
M5vsM6_raw_12m,tertiles,Relative Disturbance,NEPmax,High,31,-0.32372,71,0.07488,0.2707,ns
M5vsM6_raw_12m,tertiles,Relative Disturbance,WUE,High,31,-0.03408,67.7,0.04503,0.2639,ns
M5vsM6_raw_12m,tertiles,Relative Disturbance,uWUE,High,31,-0.01182,54.8,0.2685,0.4167,ns
M5vsM6_raw_12m,tertiles,Relative Disturbance,ETmax,Mid,31,-0.00167,61.3,0.03064,0.2639,ns
M5vsM6_raw_12m,tertiles,Relative Disturbance,GPPsat,Mid,31,-0.03723,51.6,0.2433,0.4167,ns
M5vsM6_raw_12m,tertiles,Relative Disturbance,NEPmax,Mid,31,0.05797,45.2,0.6268,0.7121,ns
M5vsM6_raw_12m,tertiles,Relative Disturbance,WUE,Mid,31,-0.04815,67.7,0.005274,0.2373,ns
M5vsM6_raw_12m,tertiles,Relative Disturbance,uWUE,Mid,31,-0.02192,61.3,0.09296,0.2707,ns
M5vsM6_raw_12m,tertiles,Relative Disturbance,ETmax,Low,31,-2e-05,51.6,0.3018,0.4381,ns
M5vsM6_raw_12m,tertiles,Relative Disturbance,GPPsat,Low,31,-0.05237,58.1,0.1916,0.4167,ns
M5vsM6_raw_12m,tertiles,Relative Disturbance,NEPmax,Low,31,-0.15977,58.1,0.1564,0.3817,ns
M5vsM6_raw_12m,tertiles,Relative Disturbance,WUE,Low,31,-0.01624,64.5,0.2685,0.4167,ns
M5vsM6_raw_12m,tertiles,Relative Disturbance,uWUE,Low,31,0.00774,41.9,0.8291,0.8676,ns
M5vsM6_raw_12m,equal_width,Absolute Mortality,ETmax,Mid,35,2e-05,48.6,0.3262,0.4904,ns
M5vsM6_raw_12m,equal_width,Absolute Mortality,GPPsat,Mid,35,0.19517,45.7,0.7195,0.7407,ns
M5vsM6_raw_12m,equal_width,Absolute Mortality,NEPmax,Mid,35,0.00145,48.6,0.5359,0.6252,ns
M5vsM6_raw_12m,equal_width,Absolute Mortality,WUE,Mid,35,-0.02864,62.9,0.06083,0.2661,ns
M5vsM6_raw_12m,equal_width,Absolute Mortality,uWUE,Mid,35,-0.00864,54.3,0.09926,0.3077,ns
M5vsM6_raw_12m,equal_width,Absolute Mortality,ETmax,Low,53,-0.00013,52.8,0.1952,0.391,ns
M5vsM6_raw_12m,equal_width,Absolute Mortality,GPPsat,Low,53,-0.28591,60.4,0.02271,0.1501,ns
M5vsM6_raw_12m,equal_width,Absolute Mortality,NEPmax,Low,53,-0.18497,66,0.01344,0.1501,ns
M5vsM6_raw_12m,equal_width,Absolute Mortality,WUE,Low,53,-0.04363,67.9,0.01756,0.1501,ns
M5vsM6_raw_12m,equal_width,Absolute Mortality,uWUE,Low,53,-0.00156,50.9,0.5772,0.6341,ns
M5vsM6_raw_12m,equal_width,Absolute Mortality,ETmax,High,5,0.00516,0,,,""
M5vsM6_raw_12m,equal_width,Absolute Mortality,GPPsat,High,5,-0.15405,80,,,""
M5vsM6_raw_12m,equal_width,Absolute Mortality,NEPmax,High,5,0.19926,40,,,""
M5vsM6_raw_12m,equal_width,Absolute Mortality,WUE,High,5,-0.0712,80,,,""
M5vsM6_raw_12m,equal_width,Absolute Mortality,uWUE,High,5,-0.01661,60,,,""
M5vsM6_raw_12m,equal_width,Relative Mortality,ETmax,Mid,33,2e-05,48.5,0.4291,0.5477,ns
M5vsM6_raw_12m,equal_width,Relative Mortality,GPPsat,Mid,33,0.05295,45.5,0.5918,0.6341,ns
M5vsM6_raw_12m,equal_width,Relative Mortality,NEPmax,Mid,33,-0.21519,60.6,0.2056,0.391,ns
M5vsM6_raw_12m,equal_width,Relative Mortality,WUE,Mid,33,-0.03156,66.7,0.02573,0.1501,ns
M5vsM6_raw_12m,equal_width,Relative Mortality,uWUE,Mid,33,-0.01265,57.6,0.1156,0.3077,ns
M5vsM6_raw_12m,equal_width,Relative Mortality,ETmax,Low,53,-0.00027,54.7,0.1092,0.3077,ns
M5vsM6_raw_12m,equal_width,Relative Mortality,GPPsat,Low,53,-0.1095,60.4,0.07084,0.2755,ns
M5vsM6_raw_12m,equal_width,Relative Mortality,NEPmax,Low,53,-0.0787,54.7,0.1952,0.391,ns
M5vsM6_raw_12m,equal_width,Relative Mortality,WUE,Low,53,-0.03278,66,0.03027,0.1514,ns
M5vsM6_raw_12m,equal_width,Relative Mortality,uWUE,Low,53,0.00227,49.1,0.5979,0.6341,ns
M5vsM6_raw_12m,equal_width,Relative Mortality,ETmax,High,7,0.0034,0,0.9929,0.9929,ns
M5vsM6_raw_12m,equal_width,Relative Mortality,GPPsat,High,7,-0.12337,71.4,0.2234,0.391,ns
M5vsM6_raw_12m,equal_width,Relative Mortality,NEPmax,High,7,-0.39187,71.4,0.3363,0.4904,ns
M5vsM6_raw_12m,equal_width,Relative Mortality,WUE,High,7,-0.05768,71.4,0.1763,0.391,ns
M5vsM6_raw_12m,equal_width,Relative Mortality,uWUE,High,7,-0.03173,57.1,0.4663,0.5628,ns
M5vsM6_raw_12m,equal_width,Relative Disturbance,ETmax,Mid,35,-0.00022,51.4,0.2183,0.391,ns
M5vsM6_raw_12m,equal_width,Relative Disturbance,GPPsat,Mid,35,-0.02237,51.4,0.4382,0.5477,ns
M5vsM6_raw_12m,equal_width,Relative Disturbance,NEPmax,Mid,35,-0.21519,60,0.3809,0.5333,ns
M5vsM6_raw_12m,equal_width,Relative Disturbance,WUE,Mid,35,-0.03408,68.6,0.01766,0.1501,ns
M5vsM6_raw_12m,equal_width,Relative Disturbance,uWUE,Mid,35,-0.01182,54.3,0.2642,0.4403,ns
M5vsM6_raw_12m,equal_width,Relative Disturbance,ETmax,Low,53,-2e-05,50.9,0.3132,0.4904,ns
M5vsM6_raw_12m,equal_width,Relative Disturbance,GPPsat,Low,53,-0.05237,56.6,0.1109,0.3077,ns
M5vsM6_raw_12m,equal_width,Relative Disturbance,NEPmax,Low,53,-0.0787,54.7,0.1231,0.3077,ns
M5vsM6_raw_12m,equal_width,Relative Disturbance,WUE,Low,53,-0.02946,66,0.02418,0.1501,ns
M5vsM6_raw_12m,equal_width,Relative Disturbance,uWUE,Low,53,-0.00156,50.9,0.4297,0.5477,ns
M5vsM6_raw_12m,equal_width,Relative Disturbance,ETmax,High,5,0.0034,0,,,""
M5vsM6_raw_12m,equal_width,Relative Disturbance,GPPsat,High,5,-0.12337,80,,,""
M5vsM6_raw_12m,equal_width,Relative Disturbance,NEPmax,High,5,-0.40016,80,,,""
M5vsM6_raw_12m,equal_width,Relative Disturbance,WUE,High,5,-0.05768,60,,,""
M5vsM6_raw_12m,equal_width,Relative Disturbance,uWUE,High,5,-0.06503,60,,,""
M5vsM6_raw_12m,natural_breaks,Absolute Mortality,ETmax,High,20,0.00061,35,0.7995,0.8367,ns
M5vsM6_raw_12m,natural_breaks,Absolute Mortality,GPPsat,High,20,-0.13871,65,0.1055,0.3803,ns
M5vsM6_raw_12m,natural_breaks,Absolute Mortality,NEPmax,High,20,-0.0876,55,0.4926,0.6157,ns
M5vsM6_raw_12m,natural_breaks,Absolute Mortality,WUE,High,20,-0.03474,70,0.1437,0.3803,ns
M5vsM6_raw_12m,natural_breaks,Absolute Mortality,uWUE,High,20,-0.01262,55,0.2814,0.4523,ns
M5vsM6_raw_12m,natural_breaks,Absolute Mortality,ETmax,Mid,43,0.00031,46.5,0.5217,0.6178,ns
M5vsM6_raw_12m,natural_breaks,Absolute Mortality,GPPsat,Mid,43,0.01302,48.8,0.5504,0.6351,ns
M5vsM6_raw_12m,natural_breaks,Absolute Mortality,NEPmax,Mid,43,-0.19357,58.1,0.1747,0.3914,ns
M5vsM6_raw_12m,natural_breaks,Absolute Mortality,WUE,Mid,43,-0.04384,72.1,0.001914,0.04307,*
M5vsM6_raw_12m,natural_breaks,Absolute Mortality,uWUE,Mid,43,-0.00842,53.5,0.3385,0.5104,ns
M5vsM6_raw_12m,natural_breaks,Absolute Mortality,ETmax,Low,30,-0.00088,60,0.1378,0.3803,ns
M5vsM6_raw_12m,natural_breaks,Absolute Mortality,GPPsat,Low,30,-0.19883,60,0.1334,0.3803,ns
M5vsM6_raw_12m,natural_breaks,Absolute Mortality,NEPmax,Low,30,-0.06567,60,0.1164,0.3803,ns
M5vsM6_raw_12m,natural_breaks,Absolute Mortality,WUE,Low,30,-0.02047,56.7,0.2619,0.4403,ns
M5vsM6_raw_12m,natural_breaks,Absolute Mortality,uWUE,Low,30,0.00035,50,0.4918,0.6157,ns
M5vsM6_raw_12m,natural_breaks,Relative Mortality,ETmax,High,26,0.0015,26.9,0.9936,0.9936,ns
M5vsM6_raw_12m,natural_breaks,Relative Mortality,GPPsat,High,26,-0.13871,61.5,0.1672,0.3914,ns
M5vsM6_raw_12m,natural_breaks,Relative Mortality,NEPmax,High,26,-0.22888,65.4,0.2082,0.3914,ns
M5vsM6_raw_12m,natural_breaks,Relative Mortality,WUE,High,26,-0.03911,73.1,0.1067,0.3803,ns
M5vsM6_raw_12m,natural_breaks,Relative Mortality,uWUE,High,26,-0.01023,53.8,0.3516,0.5104,ns
M5vsM6_raw_12m,natural_breaks,Relative Mortality,ETmax,Mid,32,-0.00083,59.4,0.03707,0.3336,ns
M5vsM6_raw_12m,natural_breaks,Relative Mortality,GPPsat,Mid,32,0.04036,46.9,0.6283,0.7068,ns
M5vsM6_raw_12m,natural_breaks,Relative Mortality,NEPmax,Mid,32,-0.03862,50,0.4004,0.5538,ns
M5vsM6_raw_12m,natural_breaks,Relative Mortality,WUE,Mid,32,-0.02917,59.4,0.02426,0.273,ns
M5vsM6_raw_12m,natural_breaks,Relative Mortality,uWUE,Mid,32,-0.01749,62.5,0.09062,0.3803,ns
M5vsM6_raw_12m,natural_breaks,Relative Mortality,ETmax,Low,35,-0.00013,54.3,0.2231,0.4017,ns
M5vsM6_raw_12m,natural_breaks,Relative Mortality,GPPsat,Low,35,-0.05247,60,0.1022,0.3803,ns
M5vsM6_raw_12m,natural_breaks,Relative Mortality,NEPmax,Low,35,-0.15977,60,0.1081,0.3803,ns
M5vsM6_raw_12m,natural_breaks,Relative Mortality,WUE,Low,35,-0.02946,68.6,0.05888,0.3785,ns
M5vsM6_raw_12m,natural_breaks,Relative Mortality,uWUE,Low,35,0.00774,42.9,0.714,0.7836,ns
M5vsM6_raw_12m,natural_breaks,Relative Disturbance,ETmax,Mid,35,-0.00167,62.9,0.01023,0.1535,ns
M5vsM6_raw_12m,natural_breaks,Relative Disturbance,GPPsat,Mid,35,-0.16084,54.3,0.2087,0.3914,ns
M5vsM6_raw_12m,natural_breaks,Relative Disturbance,NEPmax,Mid,35,-0.036,51.4,0.4061,0.5538,ns
M5vsM6_raw_12m,natural_breaks,Relative Disturbance,WUE,Mid,35,-0.04363,68.6,0.0006821,0.03069,*
M5vsM6_raw_12m,natural_breaks,Relative Disturbance,uWUE,Mid,35,-0.02515,60,0.04659,0.3494,ns
M5vsM6_raw_12m,natural_breaks,Relative Disturbance,ETmax,Low,35,0.00031,48.6,0.4837,0.6157,ns
M5vsM6_raw_12m,natural_breaks,Relative Disturbance,GPPsat,Low,35,-0.03723,57.1,0.2087,0.3914,ns
M5vsM6_raw_12m,natural_breaks,Relative Disturbance,NEPmax,Low,35,-0.10572,57.1,0.186,0.3914,ns
M5vsM6_raw_12m,natural_breaks,Relative Disturbance,WUE,Low,35,-0.01624,62.9,0.2642,0.4403,ns
M5vsM6_raw_12m,natural_breaks,Relative Disturbance,uWUE,Low,35,0.00385,45.7,0.7769,0.8323,ns
M5vsM6_raw_12m,natural_breaks,Relative Disturbance,ETmax,High,23,0.00108,26.1,0.9934,0.9936,ns
M5vsM6_raw_12m,natural_breaks,Relative Disturbance,GPPsat,High,23,-0.08412,56.5,0.3407,0.5104,ns
M5vsM6_raw_12m,natural_breaks,Relative Disturbance,NEPmax,High,23,-0.33876,69.6,0.1401,0.3803,ns
M5vsM6_raw_12m,natural_breaks,Relative Disturbance,WUE,High,23,-0.03408,69.6,0.193,0.3914,ns
M5vsM6_raw_12m,natural_breaks,Relative Disturbance,uWUE,High,23,-0.00864,52.2,0.5182,0.6178,ns
M5vsM6_raw_24m,tertiles,Absolute Mortality,ETmax,High,31,-0.00073,51.6,0.4032,0.6856,ns
M5vsM6_raw_24m,tertiles,Absolute Mortality,GPPsat,High,31,0.12255,45.2,0.4883,0.6866,ns
M5vsM6_raw_24m,tertiles,Absolute Mortality,NEPmax,High,31,-0.38132,61.3,0.08661,0.5415,ns
M5vsM6_raw_24m,tertiles,Absolute Mortality,WUE,High,31,-0.02541,58.1,0.05089,0.5415,ns
M5vsM6_raw_24m,tertiles,Absolute Mortality,uWUE,High,31,-0.01062,51.6,0.3439,0.6449,ns
M5vsM6_raw_24m,tertiles,Absolute Mortality,ETmax,Mid,31,0.00081,45.2,0.8291,0.8479,ns
M5vsM6_raw_24m,tertiles,Absolute Mortality,GPPsat,Mid,31,-0.04456,54.8,0.1863,0.548,ns
M5vsM6_raw_24m,tertiles,Absolute Mortality,NEPmax,Mid,31,-0.19764,58.1,0.09626,0.5415,ns
M5vsM6_raw_24m,tertiles,Absolute Mortality,WUE,Mid,31,-0.01603,51.6,0.5351,0.688,ns
M5vsM6_raw_24m,tertiles,Absolute Mortality,uWUE,Mid,31,-1e-05,51.6,0.4493,0.6856,ns
M5vsM6_raw_24m,tertiles,Absolute Mortality,ETmax,Low,31,0.00077,35.5,0.7567,0.8301,ns
M5vsM6_raw_24m,tertiles,Absolute Mortality,GPPsat,Low,31,-0.13108,58.1,0.2558,0.548,ns
M5vsM6_raw_24m,tertiles,Absolute Mortality,NEPmax,Low,31,-0.1572,61.3,0.1518,0.548,ns
M5vsM6_raw_24m,tertiles,Absolute Mortality,WUE,Low,31,0.00589,41.9,0.4493,0.6856,ns
M5vsM6_raw_24m,tertiles,Absolute Mortality,uWUE,Low,31,-0.00516,51.6,0.2558,0.548,ns
M5vsM6_raw_24m,tertiles,Relative Mortality,ETmax,High,31,0.00081,35.5,0.8933,0.8933,ns
M5vsM6_raw_24m,tertiles,Relative Mortality,GPPsat,High,31,0.14886,41.9,0.4571,0.6856,ns
M5vsM6_raw_24m,tertiles,Relative Mortality,NEPmax,High,31,-0.33455,58.1,0.2025,0.548,ns
M5vsM6_raw_24m,tertiles,Relative Mortality,WUE,High,31,-0.02132,54.8,0.2558,0.548,ns
M5vsM6_raw_24m,tertiles,Relative Mortality,uWUE,High,31,-0.01062,54.8,0.3226,0.6449,ns
M5vsM6_raw_24m,tertiles,Relative Mortality,ETmax,Mid,31,-0.00037,54.8,0.5039,0.6871,ns
M5vsM6_raw_24m,tertiles,Relative Mortality,GPPsat,Mid,31,-0.12579,54.8,0.3957,0.6856,ns
M5vsM6_raw_24m,tertiles,Relative Mortality,NEPmax,Mid,31,-0.20576,54.8,0.1299,0.548,ns
M5vsM6_raw_24m,tertiles,Relative Mortality,WUE,Mid,31,-0.01603,54.8,0.166,0.548,ns
M5vsM6_raw_24m,tertiles,Relative Mortality,uWUE,Mid,31,0.00368,45.2,0.5968,0.7258,ns
M5vsM6_raw_24m,tertiles,Relative Mortality,ETmax,Low,31,0.00056,41.9,0.6488,0.7486,ns
M5vsM6_raw_24m,tertiles,Relative Mortality,GPPsat,Low,31,-0.13108,61.3,0.08974,0.5415,ns
M5vsM6_raw_24m,tertiles,Relative Mortality,NEPmax,Low,31,-0.19764,67.7,0.03346,0.5415,ns
M5vsM6_raw_24m,tertiles,Relative Mortality,WUE,Low,31,0.00761,41.9,0.4571,0.6856,ns
M5vsM6_raw_24m,tertiles,Relative Mortality,uWUE,Low,31,-0.01374,54.8,0.1863,0.548,ns
M5vsM6_raw_24m,tertiles,Relative Disturbance,ETmax,High,31,0.00054,41.9,0.7379,0.8301,ns
M5vsM6_raw_24m,tertiles,Relative Disturbance,GPPsat,High,31,0.20302,38.7,0.4883,0.6866,ns
M5vsM6_raw_24m,tertiles,Relative Disturbance,NEPmax,High,31,-0.39416,64.5,0.0432,0.5415,ns
M5vsM6_raw_24m,tertiles,Relative Disturbance,WUE,High,31,-0.02132,54.8,0.5195,0.6876,ns
M5vsM6_raw_24m,tertiles,Relative Disturbance,uWUE,High,31,0.01623,48.4,0.7747,0.8301,ns
M5vsM6_raw_24m,tertiles,Relative Disturbance,ETmax,Mid,31,0.00077,45.2,0.7975,0.8346,ns
M5vsM6_raw_24m,tertiles,Relative Disturbance,GPPsat,Mid,31,-0.18615,61.3,0.1916,0.548,ns
M5vsM6_raw_24m,tertiles,Relative Disturbance,NEPmax,Mid,31,-0.00995,51.6,0.3368,0.6449,ns
M5vsM6_raw_24m,tertiles,Relative Disturbance,WUE,Mid,31,-0.02447,58.1,0.02029,0.5415,ns
M5vsM6_raw_24m,tertiles,Relative Disturbance,uWUE,Mid,31,-0.00734,51.6,0.1179,0.548,ns
M5vsM6_raw_24m,tertiles,Relative Disturbance,ETmax,Low,31,0.00045,45.2,0.5968,0.7258,ns
M5vsM6_raw_24m,tertiles,Relative Disturbance,GPPsat,Low,31,-0.11977,58.1,0.2194,0.548,ns
M5vsM6_raw_24m,tertiles,Relative Disturbance,NEPmax,Low,31,-0.19764,64.5,0.07215,0.5415,ns
M5vsM6_raw_24m,tertiles,Relative Disturbance,WUE,Low,31,0.013,38.7,0.6342,0.7486,ns
M5vsM6_raw_24m,tertiles,Relative Disturbance,uWUE,Low,31,-0.00516,54.8,0.2137,0.548,ns
M5vsM6_raw_24m,equal_width,Absolute Mortality,ETmax,Mid,35,-0.00037,51.4,0.6065,0.8165,ns
M5vsM6_raw_24m,equal_width,Absolute Mortality,GPPsat,Mid,35,0.14886,42.9,0.8051,0.8806,ns
M5vsM6_raw_24m,equal_width,Absolute Mortality,NEPmax,Mid,35,-0.20576,54.3,0.1949,0.4264,ns
M5vsM6_raw_24m,equal_width,Absolute Mortality,WUE,Mid,35,-0.00274,54.3,0.1569,0.3801,ns
M5vsM6_raw_24m,equal_width,Absolute Mortality,uWUE,Mid,35,-0.01062,51.4,0.3203,0.5377,ns
M5vsM6_raw_24m,equal_width,Absolute Mortality,ETmax,Low,53,0.00064,41.5,0.7264,0.842,ns
M5vsM6_raw_24m,equal_width,Absolute Mortality,GPPsat,Low,53,-0.16946,60.4,0.03151,0.3801,ns
M5vsM6_raw_24m,equal_width,Absolute Mortality,NEPmax,Low,53,-0.19764,64.2,0.01834,0.3801,ns
M5vsM6_raw_24m,equal_width,Absolute Mortality,WUE,Low,53,0.00353,47.2,0.3226,0.5377,ns
M5vsM6_raw_24m,equal_width,Absolute Mortality,uWUE,Low,53,-0.00516,52.8,0.2707,0.5377,ns
M5vsM6_raw_24m,equal_width,Absolute Mortality,ETmax,High,5,0.00266,20,,,""
M5vsM6_raw_24m,equal_width,Absolute Mortality,GPPsat,High,5,0.22358,40,,,""
M5vsM6_raw_24m,equal_width,Absolute Mortality,NEPmax,High,5,-0.4114,60,,,""
M5vsM6_raw_24m,equal_width,Absolute Mortality,WUE,High,5,-0.04415,60,,,""
M5vsM6_raw_24m,equal_width,Absolute Mortality,uWUE,High,5,0.04311,40,,,""
M5vsM6_raw_24m,equal_width,Relative Mortality,ETmax,Mid,33,0.00062,42.4,0.6396,0.8291,ns
M5vsM6_raw_24m,equal_width,Relative Mortality,GPPsat,Mid,33,0.03344,45.5,0.4644,0.6863,ns
M5vsM6_raw_24m,equal_width,Relative Mortality,NEPmax,Mid,33,-0.33525,57.6,0.1459,0.3801,ns
M5vsM6_raw_24m,equal_width,Relative Mortality,WUE,Mid,33,0.00338,48.5,0.5779,0.8091,ns
M5vsM6_raw_24m,equal_width,Relative Mortality,uWUE,Mid,33,0.00368,48.5,0.7457,0.842,ns
M5vsM6_raw_24m,equal_width,Relative Mortality,ETmax,Low,53,0.00045,47.2,0.6931,0.842,ns
M5vsM6_raw_24m,equal_width,Relative Mortality,GPPsat,Low,53,-0.13108,58.5,0.1267,0.3801,ns
M5vsM6_raw_24m,equal_width,Relative Mortality,NEPmax,Low,53,-0.1572,58.5,0.07832,0.3801,ns
M5vsM6_raw_24m,equal_width,Relative Mortality,WUE,Low,53,0.00223,47.2,0.1629,0.3801,ns
M5vsM6_raw_24m,equal_width,Relative Mortality,uWUE,Low,53,-0.00516,52.8,0.1586,0.3801,ns
M5vsM6_raw_24m,equal_width,Relative Mortality,ETmax,High,7,0.00266,28.6,0.8641,0.8895,ns
M5vsM6_raw_24m,equal_width,Relative Mortality,GPPsat,High,7,0.24769,42.9,0.4663,0.6863,ns
M5vsM6_raw_24m,equal_width,Relative Mortality,NEPmax,High,7,-0.4114,85.7,0.1024,0.3801,ns
M5vsM6_raw_24m,equal_width,Relative Mortality,WUE,High,7,-0.08685,85.7,0.1359,0.3801,ns
M5vsM6_raw_24m,equal_width,Relative Mortality,uWUE,High,7,-0.05849,57.1,0.2771,0.5377,ns
M5vsM6_raw_24m,equal_width,Relative Disturbance,ETmax,Mid,35,0.00037,48.6,0.3145,0.5377,ns
M5vsM6_raw_24m,equal_width,Relative Disturbance,GPPsat,Mid,35,0.15216,40,0.7084,0.842,ns
M5vsM6_raw_24m,equal_width,Relative Disturbance,NEPmax,Mid,35,-0.39416,60,0.0883,0.3801,ns
M5vsM6_raw_24m,equal_width,Relative Disturbance,WUE,Mid,35,0.00338,48.6,0.4706,0.6863,ns
M5vsM6_raw_24m,equal_width,Relative Disturbance,uWUE,Mid,35,0.0177,42.9,0.8919,0.8919,ns
M5vsM6_raw_24m,equal_width,Relative Disturbance,ETmax,Low,53,0.00064,43.4,0.8519,0.8895,ns
M5vsM6_raw_24m,equal_width,Relative Disturbance,GPPsat,Low,53,-0.16946,60.4,0.07577,0.3801,ns
M5vsM6_raw_24m,equal_width,Relative Disturbance,NEPmax,Low,53,-0.1572,58.5,0.08921,0.3801,ns
M5vsM6_raw_24m,equal_width,Relative Disturbance,WUE,Low,53,4e-04,49.1,0.1481,0.3801,ns
M5vsM6_raw_24m,equal_width,Relative Disturbance,uWUE,Low,53,-0.00734,54.7,0.106,0.3801,ns
M5vsM6_raw_24m,equal_width,Relative Disturbance,ETmax,High,5,0.00266,20,,,""
M5vsM6_raw_24m,equal_width,Relative Disturbance,GPPsat,High,5,-0.46459,60,,,""
M5vsM6_raw_24m,equal_width,Relative Disturbance,NEPmax,High,5,-0.38132,80,,,""
M5vsM6_raw_24m,equal_width,Relative Disturbance,WUE,High,5,-0.08685,80,,,""
M5vsM6_raw_24m,equal_width,Relative Disturbance,uWUE,High,5,-0.1171,80,,,""
M5vsM6_raw_24m,natural_breaks,Absolute Mortality,ETmax,High,20,0.00057,45,0.5813,0.6884,ns
M5vsM6_raw_24m,natural_breaks,Absolute Mortality,GPPsat,High,20,0.08509,45,0.3338,0.609,ns
M5vsM6_raw_24m,natural_breaks,Absolute Mortality,NEPmax,High,20,-0.39636,60,0.2814,0.609,ns
M5vsM6_raw_24m,natural_breaks,Absolute Mortality,WUE,High,20,-0.01754,55,0.1706,0.561,ns
M5vsM6_raw_24m,natural_breaks,Absolute Mortality,uWUE,High,20,0.00281,50,0.5074,0.6834,ns
M5vsM6_raw_24m,natural_breaks,Absolute Mortality,ETmax,Mid,43,0.00037,48.8,0.7409,0.7866,ns
M5vsM6_raw_24m,natural_breaks,Absolute Mortality,GPPsat,Mid,43,-0.04456,53.5,0.3039,0.609,ns
M5vsM6_raw_24m,natural_breaks,Absolute Mortality,NEPmax,Mid,43,-0.20576,58.1,0.05754,0.561,ns
M5vsM6_raw_24m,natural_breaks,Absolute Mortality,WUE,Mid,43,-0.02132,55.8,0.1778,0.561,ns
M5vsM6_raw_24m,natural_breaks,Absolute Mortality,uWUE,Mid,43,-1e-05,51.2,0.3654,0.609,ns
M5vsM6_raw_24m,natural_breaks,Absolute Mortality,ETmax,Low,30,7e-04,36.7,0.7246,0.7866,ns
M5vsM6_raw_24m,natural_breaks,Absolute Mortality,GPPsat,Low,30,-0.1257,56.7,0.2893,0.609,ns
M5vsM6_raw_24m,natural_breaks,Absolute Mortality,NEPmax,Low,30,-0.17139,63.3,0.09402,0.561,ns
M5vsM6_raw_24m,natural_breaks,Absolute Mortality,WUE,Low,30,0.00675,40,0.5491,0.6884,ns
M5vsM6_raw_24m,natural_breaks,Absolute Mortality,uWUE,Low,30,-0.0101,53.3,0.2172,0.575,ns
M5vsM6_raw_24m,natural_breaks,Relative Mortality,ETmax,High,26,0.00071,38.5,0.8681,0.8681,ns
M5vsM6_raw_24m,natural_breaks,Relative Mortality,GPPsat,High,26,0.17594,38.5,0.4797,0.6834,ns
M5vsM6_raw_24m,natural_breaks,Relative Mortality,NEPmax,High,26,-0.24591,57.7,0.187,0.561,ns
M5vsM6_raw_24m,natural_breaks,Relative Mortality,WUE,High,26,-0.01203,53.8,0.3516,0.609,ns
M5vsM6_raw_24m,natural_breaks,Relative Mortality,uWUE,High,26,-0.00995,53.8,0.4899,0.6834,ns
M5vsM6_raw_24m,natural_breaks,Relative Mortality,ETmax,Mid,32,6e-05,50,0.5705,0.6884,ns
M5vsM6_raw_24m,natural_breaks,Relative Mortality,GPPsat,Mid,32,-0.14763,56.2,0.3507,0.609,ns
M5vsM6_raw_24m,natural_breaks,Relative Mortality,NEPmax,Mid,32,-0.20545,53.1,0.1329,0.561,ns
M5vsM6_raw_24m,natural_breaks,Relative Mortality,WUE,Mid,32,-0.02494,56.2,0.08466,0.561,ns
M5vsM6_raw_24m,natural_breaks,Relative Mortality,uWUE,Mid,32,0.00242,46.9,0.3577,0.609,ns
M5vsM6_raw_24m,natural_breaks,Relative Mortality,ETmax,Low,35,0.00056,42.9,0.6253,0.7215,ns
M5vsM6_raw_24m,natural_breaks,Relative Mortality,GPPsat,Low,35,-0.13108,60,0.1454,0.561,ns
M5vsM6_raw_24m,natural_breaks,Relative Mortality,NEPmax,Low,35,-0.20576,68.6,0.03151,0.561,ns
M5vsM6_raw_24m,natural_breaks,Relative Mortality,WUE,Low,35,0.00589,42.9,0.4125,0.6629,ns
M5vsM6_raw_24m,natural_breaks,Relative Mortality,uWUE,Low,35,-0.00516,54.3,0.275,0.609,ns
M5vsM6_raw_24m,natural_breaks,Relative Disturbance,ETmax,Mid,35,0.00037,48.6,0.4511,0.6834,ns
M5vsM6_raw_24m,natural_breaks,Relative Disturbance,GPPsat,Mid,35,-0.2326,62.9,0.09926,0.561,ns
M5vsM6_raw_24m,natural_breaks,Relative Disturbance,NEPmax,Mid,35,-0.25213,60,0.138,0.561,ns
M5vsM6_raw_24m,natural_breaks,Relative Disturbance,WUE,Mid,35,-0.02447,57.1,0.04501,0.561,ns
M5vsM6_raw_24m,natural_breaks,Relative Disturbance,uWUE,Mid,35,-0.00928,51.4,0.3624,0.609,ns
M5vsM6_raw_24m,natural_breaks,Relative Disturbance,ETmax,Low,35,0.00056,42.9,0.7517,0.7866,ns
M5vsM6_raw_24m,natural_breaks,Relative Disturbance,GPPsat,Low,35,-0.11977,57.1,0.1995,0.561,ns
M5vsM6_raw_24m,natural_breaks,Relative Disturbance,NEPmax,Low,35,-0.1572,57.1,0.1081,0.561,ns
M5vsM6_raw_24m,natural_breaks,Relative Disturbance,WUE,Low,35,0.00589,42.9,0.5163,0.6834,ns
M5vsM6_raw_24m,natural_breaks,Relative Disturbance,uWUE,Low,35,-0.00516,54.3,0.1949,0.561,ns
M5vsM6_raw_24m,natural_breaks,Relative Disturbance,ETmax,High,23,0.00062,39.1,0.8665,0.8681,ns
M5vsM6_raw_24m,natural_breaks,Relative Disturbance,GPPsat,High,23,0.22358,30.4,0.6813,0.7665,ns
M5vsM6_raw_24m,natural_breaks,Relative Disturbance,NEPmax,High,23,-0.4114,65.2,0.1034,0.561,ns
M5vsM6_raw_24m,natural_breaks,Relative Disturbance,WUE,High,23,-0.00274,52.2,0.4576,0.6834,ns
M5vsM6_raw_24m,natural_breaks,Relative Disturbance,uWUE,High,23,0.01623,47.8,0.5544,0.6884,ns
M5vsM6_anom_12m,tertiles,Absolute Mortality,ETmax,High,31,0.00331,38.7,0.7379,0.7722,ns
M5vsM6_anom_12m,tertiles,Absolute Mortality,GPPsat,High,31,0.23807,48.4,0.1863,0.254,ns
M5vsM6_anom_12m,tertiles,Absolute Mortality,NEPmax,High,31,-0.50725,54.8,0.05297,0.1589,ns
M5vsM6_anom_12m,tertiles,Absolute Mortality,WUE,High,31,-0.03368,54.8,0.1341,0.1947,ns
M5vsM6_anom_12m,tertiles,Absolute Mortality,uWUE,High,31,-0.05508,58.1,0.09626,0.1733,ns
M5vsM6_anom_12m,tertiles,Absolute Mortality,ETmax,Mid,31,-0.00156,58.1,0.3018,0.367,ns
M5vsM6_anom_12m,tertiles,Absolute Mortality,GPPsat,Mid,31,-0.58562,64.5,0.0256,0.128,ns
M5vsM6_anom_12m,tertiles,Absolute Mortality,NEPmax,Mid,31,-0.69402,71,0.02029,0.1196,ns
M5vsM6_anom_12m,tertiles,Absolute Mortality,WUE,Mid,31,-0.02996,61.3,0.09626,0.1733,ns
M5vsM6_anom_12m,tertiles,Absolute Mortality,uWUE,Mid,31,-0.02742,51.6,0.3512,0.4052,ns
M5vsM6_anom_12m,tertiles,Absolute Mortality,ETmax,Low,31,-0.00267,58.1,0.3368,0.3988,ns
M5vsM6_anom_12m,tertiles,Absolute Mortality,GPPsat,Low,31,-0.10748,54.8,0.1141,0.1833,ns
M5vsM6_anom_12m,tertiles,Absolute Mortality,NEPmax,Low,31,-0.91022,64.5,0.02127,0.1196,ns
M5vsM6_anom_12m,tertiles,Absolute Mortality,WUE,Low,31,-0.05869,61.3,0.03972,0.149,ns
M5vsM6_anom_12m,tertiles,Absolute Mortality,uWUE,Low,31,-0.03926,64.5,0.01242,0.1176,ns
M5vsM6_anom_12m,tertiles,Relative Mortality,ETmax,High,31,0.00175,41.9,0.8659,0.8856,ns
M5vsM6_anom_12m,tertiles,Relative Mortality,GPPsat,High,31,-0.3647,58.1,0.03064,0.1369,ns
M5vsM6_anom_12m,tertiles,Relative Mortality,NEPmax,High,31,-0.69402,58.1,0.01307,0.1176,ns
M5vsM6_anom_12m,tertiles,Relative Mortality,WUE,High,31,-0.03117,58.1,0.1341,0.1947,ns
M5vsM6_anom_12m,tertiles,Relative Mortality,uWUE,High,31,-0.05638,58.1,0.08974,0.1733,ns
M5vsM6_anom_12m,tertiles,Relative Mortality,ETmax,Mid,31,-0.00218,58.1,0.08974,0.1733,ns
M5vsM6_anom_12m,tertiles,Relative Mortality,GPPsat,Mid,31,-0.45455,51.6,0.2312,0.289,ns
M5vsM6_anom_12m,tertiles,Relative Mortality,NEPmax,Mid,31,-0.54029,64.5,0.06692,0.1646,ns
M5vsM6_anom_12m,tertiles,Relative Mortality,WUE,Mid,31,-0.1506,64.5,0.009103,0.1176,ns
M5vsM6_anom_12m,tertiles,Relative Mortality,uWUE,Mid,31,-0.02944,54.8,0.1067,0.1778,ns
M5vsM6_anom_12m,tertiles,Relative Mortality,ETmax,Low,31,-0.00225,54.8,0.5351,0.5873,ns
M5vsM6_anom_12m,tertiles,Relative Mortality,GPPsat,Low,31,-0.10748,58.1,0.09626,0.1733,ns
M5vsM6_anom_12m,tertiles,Relative Mortality,NEPmax,Low,31,-0.91022,67.7,0.01844,0.1196,ns
M5vsM6_anom_12m,tertiles,Relative Mortality,WUE,Low,31,-0.02996,54.8,0.2312,0.289,ns
M5vsM6_anom_12m,tertiles,Relative Mortality,uWUE,Low,31,-0.03769,61.3,0.07769,0.1733,ns
M5vsM6_anom_12m,tertiles,Relative Disturbance,ETmax,High,31,0.00331,38.7,0.907,0.907,ns
M5vsM6_anom_12m,tertiles,Relative Disturbance,GPPsat,High,31,-0.11952,54.8,0.0695,0.1646,ns
M5vsM6_anom_12m,tertiles,Relative Disturbance,NEPmax,High,31,-0.69402,54.8,0.03346,0.1369,ns
M5vsM6_anom_12m,tertiles,Relative Disturbance,WUE,High,31,0.01044,48.4,0.4108,0.4622,ns
M5vsM6_anom_12m,tertiles,Relative Disturbance,uWUE,High,31,-0.04473,54.8,0.208,0.2753,ns
M5vsM6_anom_12m,tertiles,Relative Disturbance,ETmax,Mid,31,-0.00321,67.7,0.0432,0.1495,ns
M5vsM6_anom_12m,tertiles,Relative Disturbance,GPPsat,Mid,31,-0.3647,51.6,0.1031,0.1778,ns
M5vsM6_anom_12m,tertiles,Relative Disturbance,NEPmax,Mid,31,-0.54029,67.7,0.009596,0.1176,ns
M5vsM6_anom_12m,tertiles,Relative Disturbance,WUE,Mid,31,-0.12828,74.2,0.001807,0.0813,ns
M5vsM6_anom_12m,tertiles,Relative Disturbance,uWUE,Mid,31,-0.04422,54.8,0.05734,0.1613,ns
M5vsM6_anom_12m,tertiles,Relative Disturbance,ETmax,Low,31,0.00119,48.4,0.6415,0.6873,ns
M5vsM6_anom_12m,tertiles,Relative Disturbance,GPPsat,Low,31,-0.35296,61.3,0.1341,0.1947,ns
M5vsM6_anom_12m,tertiles,Relative Disturbance,NEPmax,Low,31,-1.01168,67.7,0.04887,0.1571,ns
M5vsM6_anom_12m,tertiles,Relative Disturbance,WUE,Low,31,-0.02996,54.8,0.1811,0.254,ns
M5vsM6_anom_12m,tertiles,Relative Disturbance,uWUE,Low,31,-0.03769,64.5,0.06692,0.1646,ns
M5vsM6_anom_12m,equal_width,Absolute Mortality,ETmax,Mid,35,0.00269,42.9,0.6315,0.6501,ns
M5vsM6_anom_12m,equal_width,Absolute Mortality,GPPsat,Mid,35,0.22651,48.6,0.2536,0.3232,ns
M5vsM6_anom_12m,equal_width,Absolute Mortality,NEPmax,Mid,35,-0.50725,57.1,0.06083,0.1331,ns
M5vsM6_anom_12m,equal_width,Absolute Mortality,WUE,Mid,35,-0.06508,62.9,0.01696,0.06217,ns
M5vsM6_anom_12m,equal_width,Absolute Mortality,uWUE,Mid,35,-0.04473,57.1,0.09366,0.1821,ns
M5vsM6_anom_12m,equal_width,Absolute Mortality,ETmax,Low,53,-0.00225,62.3,0.1044,0.1922,ns
M5vsM6_anom_12m,equal_width,Absolute Mortality,GPPsat,Low,53,-0.50283,62.3,0.007099,0.06134,ns
M5vsM6_anom_12m,equal_width,Absolute Mortality,NEPmax,Low,53,-1.01168,71.7,0.0007877,0.02757,*
M5vsM6_anom_12m,equal_width,Absolute Mortality,WUE,Low,53,-0.03117,60.4,0.02681,0.07218,ns
M5vsM6_anom_12m,equal_width,Absolute Mortality,uWUE,Low,53,-0.03769,60.4,0.02132,0.06217,ns
M5vsM6_anom_12m,equal_width,Absolute Mortality,ETmax,High,5,0.00792,0,,,""
M5vsM6_anom_12m,equal_width,Absolute Mortality,GPPsat,High,5,0.48936,40,,,""
M5vsM6_anom_12m,equal_width,Absolute Mortality,NEPmax,High,5,0.59833,20,,,""
M5vsM6_anom_12m,equal_width,Absolute Mortality,WUE,High,5,0.1633,20,,,""
M5vsM6_anom_12m,equal_width,Absolute Mortality,uWUE,High,5,0.09123,40,,,""
M5vsM6_anom_12m,equal_width,Relative Mortality,ETmax,Mid,33,0.00013,48.5,0.4786,0.513,ns
M5vsM6_anom_12m,equal_width,Relative Mortality,GPPsat,Mid,33,-0.3647,54.5,0.08724,0.1796,ns
M5vsM6_anom_12m,equal_width,Relative Mortality,NEPmax,Mid,33,-0.69402,60.6,0.0191,0.06217,ns
M5vsM6_anom_12m,equal_width,Relative Mortality,WUE,Mid,33,-0.01987,54.5,0.2543,0.3232,ns
M5vsM6_anom_12m,equal_width,Relative Mortality,uWUE,Mid,33,-0.0433,51.5,0.2543,0.3232,ns
M5vsM6_anom_12m,equal_width,Relative Mortality,ETmax,Low,53,-0.00267,58.5,0.1952,0.3106,ns
M5vsM6_anom_12m,equal_width,Relative Mortality,GPPsat,Low,53,-0.35296,56.6,0.05357,0.125,ns
M5vsM6_anom_12m,equal_width,Relative Mortality,NEPmax,Low,53,-0.91022,67.9,0.008021,0.06134,ns
M5vsM6_anom_12m,equal_width,Relative Mortality,WUE,Low,53,-0.06151,64.2,0.005531,0.06134,ns
M5vsM6_anom_12m,equal_width,Relative Mortality,uWUE,Low,53,-0.03925,62.3,0.01119,0.06134,ns
M5vsM6_anom_12m,equal_width,Relative Mortality,ETmax,High,7,0.00632,14.3,0.9888,0.9888,ns
M5vsM6_anom_12m,equal_width,Relative Mortality,GPPsat,High,7,-0.00039,57.1,0.2234,0.3232,ns
M5vsM6_anom_12m,equal_width,Relative Mortality,NEPmax,High,7,0.16749,42.9,0.2771,0.3232,ns
M5vsM6_anom_12m,equal_width,Relative Mortality,WUE,High,7,0.01044,42.9,0.3999,0.4515,ns
M5vsM6_anom_12m,equal_width,Relative Mortality,uWUE,High,7,-0.10461,57.1,0.2771,0.3232,ns
M5vsM6_anom_12m,equal_width,Relative Disturbance,ETmax,Mid,35,0.00134,45.7,0.4837,0.513,ns
M5vsM6_anom_12m,equal_width,Relative Disturbance,GPPsat,Mid,35,-0.58562,60,0.03516,0.08789,ns
M5vsM6_anom_12m,equal_width,Relative Disturbance,NEPmax,Mid,35,-0.69402,62.9,0.01116,0.06134,ns
M5vsM6_anom_12m,equal_width,Relative Disturbance,WUE,Mid,35,-0.01987,54.3,0.1774,0.2956,ns
M5vsM6_anom_12m,equal_width,Relative Disturbance,uWUE,Mid,35,-0.0433,51.4,0.2695,0.3232,ns
M5vsM6_anom_12m,equal_width,Relative Disturbance,ETmax,Low,53,-0.00225,58.5,0.2619,0.3232,ns
M5vsM6_anom_12m,equal_width,Relative Disturbance,GPPsat,Low,53,-0.07313,52.8,0.1249,0.2186,ns
M5vsM6_anom_12m,equal_width,Relative Disturbance,NEPmax,Low,53,-0.66138,64.2,0.01957,0.06217,ns
M5vsM6_anom_12m,equal_width,Relative Disturbance,WUE,Low,53,-0.05869,62.3,0.01538,0.06217,ns
M5vsM6_anom_12m,equal_width,Relative Disturbance,uWUE,Low,53,-0.03925,62.3,0.01227,0.06134,ns
M5vsM6_anom_12m,equal_width,Relative Disturbance,ETmax,High,5,0.00557,20,,,""
M5vsM6_anom_12m,equal_width,Relative Disturbance,GPPsat,High,5,-1.70078,60,,,""
M5vsM6_anom_12m,equal_width,Relative Disturbance,NEPmax,High,5,-4.21648,60,,,""
M5vsM6_anom_12m,equal_width,Relative Disturbance,WUE,High,5,-0.15813,60,,,""
M5vsM6_anom_12m,equal_width,Relative Disturbance,uWUE,High,5,-0.17408,60,,,""
M5vsM6_anom_12m,natural_breaks,Absolute Mortality,ETmax,High,20,0.00423,35,0.7889,0.8256,ns
M5vsM6_anom_12m,natural_breaks,Absolute Mortality,GPPsat,High,20,0.11884,50,0.2449,0.3149,ns
M5vsM6_anom_12m,natural_breaks,Absolute Mortality,NEPmax,High,20,-0.16988,50,0.1706,0.2326,ns
M5vsM6_anom_12m,natural_breaks,Absolute Mortality,WUE,High,20,-0.00097,50,0.3614,0.417,ns
M5vsM6_anom_12m,natural_breaks,Absolute Mortality,uWUE,High,20,-0.00593,50,0.2111,0.2794,ns
M5vsM6_anom_12m,natural_breaks,Absolute Mortality,ETmax,Mid,43,-0.00156,55.8,0.2872,0.3493,ns
M5vsM6_anom_12m,natural_breaks,Absolute Mortality,GPPsat,Mid,43,-0.58562,60.5,0.02219,0.1258,ns
M5vsM6_anom_12m,natural_breaks,Absolute Mortality,NEPmax,Mid,43,-1.00841,69.8,0.003608,0.09372,ns
M5vsM6_anom_12m,natural_breaks,Absolute Mortality,WUE,Mid,43,-0.03117,60.5,0.03105,0.1312,ns
M5vsM6_anom_12m,natural_breaks,Absolute Mortality,uWUE,Mid,43,-0.03925,55.8,0.1538,0.227,ns
M5vsM6_anom_12m,natural_breaks,Absolute Mortality,ETmax,Low,30,-0.00246,56.7,0.3946,0.4439,ns
M5vsM6_anom_12m,natural_breaks,Absolute Mortality,GPPsat,Low,30,-0.07361,53.3,0.1568,0.227,ns
M5vsM6_anom_12m,natural_breaks,Absolute Mortality,NEPmax,Low,30,-0.7099,63.3,0.03207,0.1312,ns
M5vsM6_anom_12m,natural_breaks,Absolute Mortality,WUE,Low,30,-0.0601,63.3,0.03515,0.1318,ns
M5vsM6_anom_12m,natural_breaks,Absolute Mortality,uWUE,Low,30,-0.06407,66.7,0.01121,0.1091,ns
M5vsM6_anom_12m,natural_breaks,Relative Mortality,ETmax,High,26,0.00336,38.5,0.9296,0.9508,ns
M5vsM6_anom_12m,natural_breaks,Relative Mortality,GPPsat,High,26,-0.05996,53.8,0.07036,0.1689,ns
M5vsM6_anom_12m,natural_breaks,Relative Mortality,NEPmax,High,26,-0.51504,53.8,0.05479,0.146,ns
M5vsM6_anom_12m,natural_breaks,Relative Mortality,WUE,High,26,-0.01612,53.8,0.2711,0.3388,ns
M5vsM6_anom_12m,natural_breaks,Relative Mortality,uWUE,High,26,-0.05056,57.7,0.1114,0.2089,ns
M5vsM6_anom_12m,natural_breaks,Relative Mortality,ETmax,Mid,32,-0.00269,59.4,0.07629,0.1717,ns
M5vsM6_anom_12m,natural_breaks,Relative Mortality,GPPsat,Mid,32,-0.40963,53.1,0.1411,0.2268,ns
M5vsM6_anom_12m,natural_breaks,Relative Mortality,NEPmax,Mid,32,-0.56955,65.6,0.02322,0.1258,ns
M5vsM6_anom_12m,natural_breaks,Relative Mortality,WUE,Mid,32,-0.10996,65.6,0.01212,0.1091,ns
M5vsM6_anom_12m,natural_breaks,Relative Mortality,uWUE,Mid,32,-0.03666,53.1,0.1411,0.2268,ns
M5vsM6_anom_12m,natural_breaks,Relative Mortality,ETmax,Low,35,-0.00225,54.3,0.5554,0.6095,ns
M5vsM6_anom_12m,natural_breaks,Relative Mortality,GPPsat,Low,35,-0.35296,60,0.09366,0.1916,ns
M5vsM6_anom_12m,natural_breaks,Relative Mortality,NEPmax,Low,35,-1.01168,68.6,0.02155,0.1258,ns
M5vsM6_anom_12m,natural_breaks,Relative Mortality,WUE,Low,35,-0.05121,57.1,0.1081,0.2089,ns
M5vsM6_anom_12m,natural_breaks,Relative Mortality,uWUE,Low,35,-0.03769,62.9,0.04348,0.146,ns
M5vsM6_anom_12m,natural_breaks,Relative Disturbance,ETmax,Mid,35,-0.00338,68.6,0.02516,0.1258,ns
M5vsM6_anom_12m,natural_breaks,Relative Disturbance,GPPsat,Mid,35,-0.58562,57.1,0.04821,0.146,ns
M5vsM6_anom_12m,natural_breaks,Relative Disturbance,NEPmax,Mid,35,-0.69402,68.6,0.006248,0.09372,ns
M5vsM6_anom_12m,natural_breaks,Relative Disturbance,WUE,Mid,35,-0.06508,71.4,0.005694,0.09372,ns
M5vsM6_anom_12m,natural_breaks,Relative Disturbance,uWUE,Mid,35,-0.04422,54.3,0.07133,0.1689,ns
M5vsM6_anom_12m,natural_breaks,Relative Disturbance,ETmax,Low,35,0.00119,48.6,0.6128,0.6566,ns
M5vsM6_anom_12m,natural_breaks,Relative Disturbance,GPPsat,Low,35,-0.35296,60,0.1309,0.2268,ns
M5vsM6_anom_12m,natural_breaks,Relative Disturbance,NEPmax,Low,35,-0.91022,65.7,0.05514,0.146,ns
M5vsM6_anom_12m,natural_breaks,Relative Disturbance,WUE,Low,35,-0.02996,54.3,0.1345,0.2268,ns
M5vsM6_anom_12m,natural_breaks,Relative Disturbance,uWUE,Low,35,-0.03769,62.9,0.08069,0.1729,ns
M5vsM6_anom_12m,natural_breaks,Relative Disturbance,ETmax,High,23,0.00355,30.4,0.9768,0.9768,ns
M5vsM6_anom_12m,natural_breaks,Relative Disturbance,GPPsat,High,23,0.08429,47.8,0.1541,0.227,ns
M5vsM6_anom_12m,natural_breaks,Relative Disturbance,NEPmax,High,23,-0.33605,52.2,0.05516,0.146,ns
M5vsM6_anom_12m,natural_breaks,Relative Disturbance,WUE,High,23,0.01044,47.8,0.3296,0.3903,ns
M5vsM6_anom_12m,natural_breaks,Relative Disturbance,uWUE,High,23,-0.04473,56.5,0.1615,0.227,ns
M5vsM6_anom_24m,tertiles,Absolute Mortality,ETmax,High,31,0.00144,38.7,0.907,0.9277,ns
M5vsM6_anom_24m,tertiles,Absolute Mortality,GPPsat,High,31,-0.13511,58.1,0.08058,0.1511,ns
M5vsM6_anom_24m,tertiles,Absolute Mortality,NEPmax,High,31,-0.95124,64.5,0.01011,0.07986,ns
M5vsM6_anom_24m,tertiles,Absolute Mortality,WUE,High,31,-0.04107,58.1,0.2433,0.2959,ns
M5vsM6_anom_24m,tertiles,Absolute Mortality,uWUE,High,31,-0.05212,58.1,0.1031,0.1657,ns
M5vsM6_anom_24m,tertiles,Absolute Mortality,ETmax,Mid,31,0.00224,45.2,0.5738,0.6148,ns
M5vsM6_anom_24m,tertiles,Absolute Mortality,GPPsat,Mid,31,-0.8442,71,0.01242,0.07986,ns
M5vsM6_anom_24m,tertiles,Absolute Mortality,NEPmax,Mid,31,-0.5806,64.5,0.06198,0.1309,ns
M5vsM6_anom_24m,tertiles,Absolute Mortality,WUE,Mid,31,-0.02791,58.1,0.2194,0.2897,ns
M5vsM6_anom_24m,tertiles,Absolute Mortality,uWUE,Mid,31,-0.02894,61.3,0.1218,0.1827,ns
M5vsM6_anom_24m,tertiles,Absolute Mortality,ETmax,Low,31,-0.0023,58.1,0.1103,0.1712,ns
M5vsM6_anom_24m,tertiles,Absolute Mortality,GPPsat,Low,31,-0.39035,67.7,0.05089,0.124,ns
M5vsM6_anom_24m,tertiles,Absolute Mortality,NEPmax,Low,31,-1.15408,64.5,0.01242,0.07986,ns
M5vsM6_anom_24m,tertiles,Absolute Mortality,WUE,Low,31,-0.04027,61.3,0.05512,0.124,ns
M5vsM6_anom_24m,tertiles,Absolute Mortality,uWUE,Low,31,-0.04096,64.5,0.08974,0.1553,ns
M5vsM6_anom_24m,tertiles,Relative Mortality,ETmax,High,31,0.00144,41.9,0.8821,0.9231,ns
M5vsM6_anom_24m,tertiles,Relative Mortality,GPPsat,High,31,-0.59814,67.7,0.008185,0.07986,ns
M5vsM6_anom_24m,tertiles,Relative Mortality,NEPmax,High,31,-0.92135,61.3,0.009103,0.07986,ns
M5vsM6_anom_24m,tertiles,Relative Mortality,WUE,High,31,-0.0234,58.1,0.3156,0.3641,ns
M5vsM6_anom_24m,tertiles,Relative Mortality,uWUE,High,31,-0.05212,61.3,0.08661,0.1553,ns
M5vsM6_anom_24m,tertiles,Relative Mortality,ETmax,Mid,31,0.0013,45.2,0.3881,0.4367,ns
M5vsM6_anom_24m,tertiles,Relative Mortality,GPPsat,Mid,31,-0.51489,61.3,0.1428,0.2072,ns
M5vsM6_anom_24m,tertiles,Relative Mortality,NEPmax,Mid,31,-0.6831,67.7,0.06692,0.1309,ns
M5vsM6_anom_24m,tertiles,Relative Mortality,WUE,Mid,31,-0.0398,54.8,0.06441,0.1309,ns
M5vsM6_anom_24m,tertiles,Relative Mortality,uWUE,Mid,31,-0.07016,61.3,0.04887,0.124,ns
M5vsM6_anom_24m,tertiles,Relative Mortality,ETmax,Low,31,-5e-04,54.8,0.2372,0.2959,ns
M5vsM6_anom_24m,tertiles,Relative Mortality,GPPsat,Low,31,-0.30674,67.7,0.03648,0.124,ns
M5vsM6_anom_24m,tertiles,Relative Mortality,NEPmax,Low,31,-1.15408,64.5,0.01011,0.07986,ns
M5vsM6_anom_24m,tertiles,Relative Mortality,WUE,Low,31,-0.04027,64.5,0.04887,0.124,ns
M5vsM6_anom_24m,tertiles,Relative Mortality,uWUE,Low,31,-0.01809,61.3,0.1564,0.22,ns
M5vsM6_anom_24m,tertiles,Relative Disturbance,ETmax,High,31,0.00212,35.5,0.9356,0.9356,ns
M5vsM6_anom_24m,tertiles,Relative Disturbance,GPPsat,High,31,-0.59814,64.5,0.02335,0.1051,ns
M5vsM6_anom_24m,tertiles,Relative Disturbance,NEPmax,High,31,-0.92135,61.3,0.01444,0.08125,ns
M5vsM6_anom_24m,tertiles,Relative Disturbance,WUE,High,31,0.00537,48.4,0.5039,0.5531,ns
M5vsM6_anom_24m,tertiles,Relative Disturbance,uWUE,High,31,-0.05212,58.1,0.166,0.2264,ns
M5vsM6_anom_24m,tertiles,Relative Disturbance,ETmax,Mid,31,-0.0023,54.8,0.2253,0.2897,ns
M5vsM6_anom_24m,tertiles,Relative Disturbance,GPPsat,Mid,31,-0.39035,64.5,0.04692,0.124,ns
M5vsM6_anom_24m,tertiles,Relative Disturbance,NEPmax,Mid,31,-0.95124,67.7,0.009596,0.07986,ns
M5vsM6_anom_24m,tertiles,Relative Disturbance,WUE,Mid,31,-0.06506,61.3,0.02335,0.1051,ns
M5vsM6_anom_24m,tertiles,Relative Disturbance,uWUE,Mid,31,-0.0336,58.1,0.1031,0.1657,ns
M5vsM6_anom_24m,tertiles,Relative Disturbance,ETmax,Low,31,-0.00013,51.6,0.3086,0.3641,ns
M5vsM6_anom_24m,tertiles,Relative Disturbance,GPPsat,Low,31,-0.39174,67.7,0.05297,0.124,ns
M5vsM6_anom_24m,tertiles,Relative Disturbance,NEPmax,Low,31,-0.96283,64.5,0.04887,0.124,ns
M5vsM6_anom_24m,tertiles,Relative Disturbance,WUE,Low,31,-0.04027,67.7,0.03202,0.124,ns
M5vsM6_anom_24m,tertiles,Relative Disturbance,uWUE,Low,31,-0.04096,67.7,0.05297,0.124,ns
M5vsM6_anom_24m,equal_width,Absolute Mortality,ETmax,Mid,35,0.00224,37.1,0.9449,0.9449,ns
M5vsM6_anom_24m,equal_width,Absolute Mortality,GPPsat,Mid,35,-0.13511,54.3,0.1609,0.2448,ns
M5vsM6_anom_24m,equal_width,Absolute Mortality,NEPmax,Mid,35,-0.5806,62.9,0.03777,0.08263,ns
M5vsM6_anom_24m,equal_width,Absolute Mortality,WUE,Mid,35,-0.0488,62.9,0.05888,0.1085,ns
M5vsM6_anom_24m,equal_width,Absolute Mortality,uWUE,Mid,35,-0.06441,65.7,0.02155,0.05801,ns
M5vsM6_anom_24m,equal_width,Absolute Mortality,ETmax,Low,53,-0.00071,56.6,0.06392,0.1119,ns
M5vsM6_anom_24m,equal_width,Absolute Mortality,GPPsat,Low,53,-0.74603,75.5,0.0005273,0.009228,**
M5vsM6_anom_24m,equal_width,Absolute Mortality,NEPmax,Low,53,-1.17463,69.8,0.000384,0.009228,**
M5vsM6_anom_24m,equal_width,Absolute Mortality,WUE,Low,53,-0.02791,60.4,0.05261,0.1023,ns
M5vsM6_anom_24m,equal_width,Absolute Mortality,uWUE,Low,53,-0.0336,62.3,0.05074,0.1023,ns
M5vsM6_anom_24m,equal_width,Absolute Mortality,ETmax,High,5,0.00522,20,,,""
M5vsM6_anom_24m,equal_width,Absolute Mortality,GPPsat,High,5,0.7179,40,,,""
M5vsM6_anom_24m,equal_width,Absolute Mortality,NEPmax,High,5,0.52963,20,,,""
M5vsM6_anom_24m,equal_width,Absolute Mortality,WUE,High,5,0.15105,20,,,""
M5vsM6_anom_24m,equal_width,Absolute Mortality,uWUE,High,5,0.03349,20,,,""
M5vsM6_anom_24m,equal_width,Relative Mortality,ETmax,Mid,33,0.00144,39.4,0.8621,0.8895,ns
M5vsM6_anom_24m,equal_width,Relative Mortality,GPPsat,Mid,33,-0.59814,69.7,0.01336,0.05265,ns
M5vsM6_anom_24m,equal_width,Relative Mortality,NEPmax,Mid,33,-0.92135,66.7,0.005587,0.04963,*
M5vsM6_anom_24m,equal_width,Relative Mortality,WUE,Mid,33,-0.01878,54.5,0.5071,0.5726,ns
M5vsM6_anom_24m,equal_width,Relative Mortality,uWUE,Mid,33,-0.01796,54.5,0.2429,0.3343,ns
M5vsM6_anom_24m,equal_width,Relative Mortality,ETmax,Low,53,-0.00071,54.7,0.1502,0.2389,ns
M5vsM6_anom_24m,equal_width,Relative Mortality,GPPsat,Low,53,-0.39035,64.2,0.02573,0.06433,ns
M5vsM6_anom_24m,equal_width,Relative Mortality,NEPmax,Low,53,-0.96283,64.2,0.008218,0.05233,ns
M5vsM6_anom_24m,equal_width,Relative Mortality,WUE,Low,53,-0.05158,64.2,0.005672,0.04963,*
M5vsM6_anom_24m,equal_width,Relative Mortality,uWUE,Low,53,-0.04811,66,0.01504,0.05265,ns
M5vsM6_anom_24m,equal_width,Relative Mortality,ETmax,High,7,0.00447,28.6,0.8641,0.8895,ns
M5vsM6_anom_24m,equal_width,Relative Mortality,GPPsat,High,7,-0.13508,57.1,0.1763,0.2571,ns
M5vsM6_anom_24m,equal_width,Relative Mortality,NEPmax,High,7,-1.14887,57.1,0.1359,0.2266,ns
M5vsM6_anom_24m,equal_width,Relative Mortality,WUE,High,7,0.01639,42.9,0.4663,0.5628,ns
M5vsM6_anom_24m,equal_width,Relative Mortality,uWUE,High,7,-0.05593,57.1,0.3363,0.4204,ns
M5vsM6_anom_24m,equal_width,Relative Disturbance,ETmax,Mid,35,0.00137,45.7,0.5811,0.6356,ns
M5vsM6_anom_24m,equal_width,Relative Disturbance,GPPsat,Mid,35,-0.59814,68.6,0.01439,0.05265,ns
M5vsM6_anom_24m,equal_width,Relative Disturbance,NEPmax,Mid,35,-0.92135,62.9,0.008972,0.05233,ns
M5vsM6_anom_24m,equal_width,Relative Disturbance,WUE,Mid,35,-0.01878,54.3,0.4837,0.5643,ns
M5vsM6_anom_24m,equal_width,Relative Disturbance,uWUE,Mid,35,-0.01796,54.3,0.2483,0.3343,ns
M5vsM6_anom_24m,equal_width,Relative Disturbance,ETmax,Low,53,-0.00013,50.9,0.2855,0.3701,ns
M5vsM6_anom_24m,equal_width,Relative Disturbance,GPPsat,Low,53,-0.39035,64.2,0.02793,0.06516,ns
M5vsM6_anom_24m,equal_width,Relative Disturbance,NEPmax,Low,53,-0.83299,64.2,0.01145,0.05265,ns
M5vsM6_anom_24m,equal_width,Relative Disturbance,WUE,Low,53,-0.04027,62.3,0.01681,0.05348,ns
M5vsM6_anom_24m,equal_width,Relative Disturbance,uWUE,Low,53,-0.04096,64.2,0.02,0.05801,ns
M5vsM6_anom_24m,equal_width,Relative Disturbance,ETmax,High,5,0.00447,20,,,""
M5vsM6_anom_24m,equal_width,Relative Disturbance,GPPsat,High,5,-1.98311,60,,,""
M5vsM6_anom_24m,equal_width,Relative Disturbance,NEPmax,High,5,-3.74111,80,,,""
M5vsM6_anom_24m,equal_width,Relative Disturbance,WUE,High,5,-0.2038,60,,,""
M5vsM6_anom_24m,equal_width,Relative Disturbance,uWUE,High,5,-0.1156,80,,,""
M5vsM6_anom_24m,natural_breaks,Absolute Mortality,ETmax,High,20,0.00174,35,0.9347,0.9347,ns
M5vsM6_anom_24m,natural_breaks,Absolute Mortality,GPPsat,High,20,-0.13509,60,0.1055,0.1678,ns
M5vsM6_anom_24m,natural_breaks,Absolute Mortality,NEPmax,High,20,-0.65286,60,0.07015,0.1467,ns
M5vsM6_anom_24m,natural_breaks,Absolute Mortality,WUE,High,20,0.00153,50,0.4333,0.4756,ns
M5vsM6_anom_24m,natural_breaks,Absolute Mortality,uWUE,High,20,0.01154,50,0.2333,0.3088,ns
M5vsM6_anom_24m,natural_breaks,Absolute Mortality,ETmax,Mid,43,0.00144,46.5,0.56,0.6,ns
M5vsM6_anom_24m,natural_breaks,Absolute Mortality,GPPsat,Mid,43,-0.8442,67.4,0.01038,0.1217,ns
M5vsM6_anom_24m,natural_breaks,Absolute Mortality,NEPmax,Mid,43,-0.83299,67.4,0.008829,0.1217,ns
M5vsM6_anom_24m,natural_breaks,Absolute Mortality,WUE,Mid,43,-0.0533,62.8,0.07283,0.1467,ns
M5vsM6_anom_24m,natural_breaks,Absolute Mortality,uWUE,Mid,43,-0.03554,65.1,0.05218,0.146,ns
M5vsM6_anom_24m,natural_breaks,Absolute Mortality,ETmax,Low,30,-0.0014,56.7,0.1471,0.2068,ns
M5vsM6_anom_24m,natural_breaks,Absolute Mortality,GPPsat,Low,30,-0.34855,66.7,0.07496,0.1467,ns
M5vsM6_anom_24m,natural_breaks,Absolute Mortality,NEPmax,Low,30,-1.16435,63.3,0.01462,0.1217,ns
M5vsM6_anom_24m,natural_breaks,Absolute Mortality,WUE,Low,30,-0.03311,60,0.0721,0.1467,ns
M5vsM6_anom_24m,natural_breaks,Absolute Mortality,uWUE,Low,30,-0.04454,63.3,0.09402,0.1627,ns
M5vsM6_anom_24m,natural_breaks,Relative Mortality,ETmax,High,26,0.00178,38.5,0.9296,0.9347,ns
M5vsM6_anom_24m,natural_breaks,Relative Mortality,GPPsat,High,26,-0.56241,65.4,0.02679,0.1217,ns
M5vsM6_anom_24m,natural_breaks,Relative Mortality,NEPmax,High,26,-0.65286,61.5,0.01983,0.1217,ns
M5vsM6_anom_24m,natural_breaks,Relative Mortality,WUE,High,26,-0.01054,53.8,0.3803,0.4278,ns
M5vsM6_anom_24m,natural_breaks,Relative Mortality,uWUE,High,26,-0.05403,61.5,0.09761,0.1627,ns
M5vsM6_anom_24m,natural_breaks,Relative Mortality,ETmax,Mid,32,0.00016,50,0.2779,0.3573,ns
M5vsM6_anom_24m,natural_breaks,Relative Mortality,GPPsat,Mid,32,-0.45262,62.5,0.06856,0.1467,ns
M5vsM6_anom_24m,natural_breaks,Relative Mortality,NEPmax,Mid,32,-1.06687,65.6,0.02322,0.1217,ns
M5vsM6_anom_24m,natural_breaks,Relative Mortality,WUE,Mid,32,-0.06019,56.2,0.09687,0.1627,ns
M5vsM6_anom_24m,natural_breaks,Relative Mortality,uWUE,Mid,32,-0.03127,56.2,0.1678,0.2288,ns
M5vsM6_anom_24m,natural_breaks,Relative Mortality,ETmax,Low,35,-0.00013,51.4,0.3321,0.4143,ns
M5vsM6_anom_24m,natural_breaks,Relative Mortality,GPPsat,Low,35,-0.39174,68.6,0.0339,0.1217,ns
M5vsM6_anom_24m,natural_breaks,Relative Mortality,NEPmax,Low,35,-0.96283,65.7,0.01991,0.1217,ns
M5vsM6_anom_24m,natural_breaks,Relative Mortality,WUE,Low,35,-0.04027,65.7,0.03037,0.1217,ns
M5vsM6_anom_24m,natural_breaks,Relative Mortality,uWUE,Low,35,-0.04096,65.7,0.05158,0.146,ns
M5vsM6_anom_24m,natural_breaks,Relative Disturbance,ETmax,Mid,35,0.00124,45.7,0.3747,0.4278,ns
M5vsM6_anom_24m,natural_breaks,Relative Disturbance,GPPsat,Mid,35,-0.74603,71.4,0.01696,0.1217,ns
M5vsM6_anom_24m,natural_breaks,Relative Disturbance,NEPmax,Mid,35,-1.15121,71.4,0.002243,0.1009,ns
M5vsM6_anom_24m,natural_breaks,Relative Disturbance,WUE,Mid,35,-0.01878,57.1,0.1081,0.1678,ns
M5vsM6_anom_24m,natural_breaks,Relative Disturbance,uWUE,Mid,35,-0.0336,57.1,0.1454,0.2068,ns
M5vsM6_anom_24m,natural_breaks,Relative Disturbance,ETmax,Low,35,-0.00013,51.4,0.3502,0.4147,ns
M5vsM6_anom_24m,natural_breaks,Relative Disturbance,GPPsat,Low,35,-0.30674,62.9,0.07359,0.1467,ns
M5vsM6_anom_24m,natural_breaks,Relative Disturbance,NEPmax,Low,35,-0.83299,60,0.08317,0.156,ns
M5vsM6_anom_24m,natural_breaks,Relative Disturbance,WUE,Low,35,-0.04027,65.7,0.03516,0.1217,ns
M5vsM6_anom_24m,natural_breaks,Relative Disturbance,uWUE,Low,35,-0.04096,65.7,0.05333,0.146,ns
M5vsM6_anom_24m,natural_breaks,Relative Disturbance,ETmax,High,23,0.00137,43.5,0.8152,0.8531,ns
M5vsM6_anom_24m,natural_breaks,Relative Disturbance,GPPsat,High,23,-0.52667,60.9,0.05516,0.146,ns
M5vsM6_anom_24m,natural_breaks,Relative Disturbance,NEPmax,High,23,-0.38437,60.9,0.03071,0.1217,ns
M5vsM6_anom_24m,natural_breaks,Relative Disturbance,WUE,High,23,-0.0234,52.2,0.3407,0.4143,ns
M5vsM6_anom_24m,natural_breaks,Relative Disturbance,uWUE,High,23,-0.05212,60.9,0.1335,0.2002,ns
M7vsM8_raw_12m,tertiles,Absolute Mortality,ETmax,High,31,-0.00075,54.8,0.2495,0.5909,ns
M7vsM8_raw_12m,tertiles,Absolute Mortality,GPPsat,High,31,-0.0902,54.8,0.1179,0.4081,ns
M7vsM8_raw_12m,tertiles,Absolute Mortality,NEPmax,High,31,-0.00361,51.6,0.3368,0.6359,ns
M7vsM8_raw_12m,tertiles,Absolute Mortality,WUE,High,31,-0.0265,64.5,0.02229,0.2507,ns
M7vsM8_raw_12m,tertiles,Absolute Mortality,uWUE,High,31,-0.02555,64.5,0.05512,0.31,ns
M7vsM8_raw_12m,tertiles,Absolute Mortality,ETmax,Mid,31,0.00172,41.9,0.9356,0.9356,ns
M7vsM8_raw_12m,tertiles,Absolute Mortality,GPPsat,Mid,31,0.13776,45.2,0.7117,0.7812,ns
M7vsM8_raw_12m,tertiles,Absolute Mortality,NEPmax,Mid,31,-0.19539,64.5,0.295,0.6313,ns
M7vsM8_raw_12m,tertiles,Absolute Mortality,WUE,Mid,31,-0.02022,58.1,0.1299,0.4176,ns
M7vsM8_raw_12m,tertiles,Absolute Mortality,uWUE,Mid,31,-0.01127,64.5,0.04143,0.31,ns
M7vsM8_raw_12m,tertiles,Absolute Mortality,ETmax,Low,31,-0.00016,51.6,0.2883,0.6313,ns
M7vsM8_raw_12m,tertiles,Absolute Mortality,GPPsat,Low,31,-0.04254,54.8,0.08355,0.4081,ns
M7vsM8_raw_12m,tertiles,Absolute Mortality,NEPmax,Low,31,0.05432,45.2,0.7747,0.8107,ns
M7vsM8_raw_12m,tertiles,Absolute Mortality,WUE,Low,31,0.00497,48.4,0.5039,0.6479,ns
M7vsM8_raw_12m,tertiles,Absolute Mortality,uWUE,Low,31,0.00338,48.4,0.803,0.8213,ns
M7vsM8_raw_12m,tertiles,Relative Mortality,ETmax,High,31,-0.00046,51.6,0.6043,0.7156,ns
M7vsM8_raw_12m,tertiles,Relative Mortality,GPPsat,High,31,0.11788,45.2,0.3807,0.6359,ns
M7vsM8_raw_12m,tertiles,Relative Mortality,NEPmax,High,31,-0.04229,54.8,0.6342,0.7317,ns
M7vsM8_raw_12m,tertiles,Relative Mortality,WUE,High,31,-0.02239,61.3,0.1031,0.4081,ns
M7vsM8_raw_12m,tertiles,Relative Mortality,uWUE,High,31,0.00151,48.4,0.3957,0.6359,ns
M7vsM8_raw_12m,tertiles,Relative Mortality,ETmax,Mid,31,-0.00027,51.6,0.2372,0.5909,ns
M7vsM8_raw_12m,tertiles,Relative Mortality,GPPsat,Mid,31,0.02776,48.4,0.5351,0.6689,ns
M7vsM8_raw_12m,tertiles,Relative Mortality,NEPmax,Mid,31,-0.02624,51.6,0.4416,0.6428,ns
M7vsM8_raw_12m,tertiles,Relative Mortality,WUE,Mid,31,-0.00989,51.6,0.1031,0.4081,ns
M7vsM8_raw_12m,tertiles,Relative Mortality,uWUE,Mid,31,-0.02555,74.2,0.02229,0.2507,ns
M7vsM8_raw_12m,tertiles,Relative Mortality,ETmax,Low,31,0.00033,45.2,0.6561,0.7381,ns
M7vsM8_raw_12m,tertiles,Relative Mortality,GPPsat,Low,31,-0.06723,61.3,0.02127,0.2507,ns
M7vsM8_raw_12m,tertiles,Relative Mortality,NEPmax,Low,31,-0.15073,54.8,0.1916,0.5657,ns
M7vsM8_raw_12m,tertiles,Relative Mortality,WUE,Low,31,-0.02022,58.1,0.2025,0.5657,ns
M7vsM8_raw_12m,tertiles,Relative Mortality,uWUE,Low,31,-0.00364,54.8,0.4262,0.6428,ns
M7vsM8_raw_12m,tertiles,Relative Disturbance,ETmax,High,31,-0.00068,54.8,0.5039,0.6479,ns
M7vsM8_raw_12m,tertiles,Relative Disturbance,GPPsat,High,31,0.11788,41.9,0.4493,0.6428,ns
M7vsM8_raw_12m,tertiles,Relative Disturbance,NEPmax,High,31,-0.04229,54.8,0.4571,0.6428,ns
M7vsM8_raw_12m,tertiles,Relative Disturbance,WUE,High,31,-0.0265,61.3,0.1179,0.4081,ns
M7vsM8_raw_12m,tertiles,Relative Disturbance,uWUE,High,31,0.00315,45.2,0.6043,0.7156,ns
M7vsM8_raw_12m,tertiles,Relative Disturbance,ETmax,Mid,31,2e-04,48.4,0.2137,0.5657,ns
M7vsM8_raw_12m,tertiles,Relative Disturbance,GPPsat,Mid,31,-0.06268,54.8,0.3086,0.6313,ns
M7vsM8_raw_12m,tertiles,Relative Disturbance,NEPmax,Mid,31,-0.03607,54.8,0.3957,0.6359,ns
M7vsM8_raw_12m,tertiles,Relative Disturbance,WUE,Mid,31,-0.01639,54.8,0.04887,0.31,ns
M7vsM8_raw_12m,tertiles,Relative Disturbance,uWUE,Mid,31,-0.02677,77.4,0.002461,0.1107,ns
M7vsM8_raw_12m,tertiles,Relative Disturbance,ETmax,Low,31,0.00033,45.2,0.7747,0.8107,ns
M7vsM8_raw_12m,tertiles,Relative Disturbance,GPPsat,Low,31,-0.06723,58.1,0.05089,0.31,ns
M7vsM8_raw_12m,tertiles,Relative Disturbance,NEPmax,Low,31,-0.01036,51.6,0.3881,0.6359,ns
M7vsM8_raw_12m,tertiles,Relative Disturbance,WUE,Low,31,-0.0149,54.8,0.3512,0.6359,ns
M7vsM8_raw_12m,tertiles,Relative Disturbance,uWUE,Low,31,-0.00364,54.8,0.4883,0.6479,ns
M7vsM8_raw_12m,equal_width,Absolute Mortality,ETmax,Mid,35,0.00051,45.7,0.4576,0.5339,ns
M7vsM8_raw_12m,equal_width,Absolute Mortality,GPPsat,Mid,35,-0.06268,51.4,0.3998,0.5228,ns
M7vsM8_raw_12m,equal_width,Absolute Mortality,NEPmax,Mid,35,-0.04303,54.3,0.2973,0.5202,ns
M7vsM8_raw_12m,equal_width,Absolute Mortality,WUE,Mid,35,-0.0252,60,0.0339,0.38,ns
M7vsM8_raw_12m,equal_width,Absolute Mortality,uWUE,Mid,35,-0.01031,60,0.1949,0.4121,ns
M7vsM8_raw_12m,equal_width,Absolute Mortality,ETmax,Low,53,-0.00027,52.8,0.4753,0.5366,ns
M7vsM8_raw_12m,equal_width,Absolute Mortality,GPPsat,Low,53,-0.03072,50.9,0.1564,0.38,ns
M7vsM8_raw_12m,equal_width,Absolute Mortality,NEPmax,Low,53,-0.03607,54.7,0.4297,0.5228,ns
M7vsM8_raw_12m,equal_width,Absolute Mortality,WUE,Low,53,-0.0149,54.7,0.2002,0.4121,ns
M7vsM8_raw_12m,equal_width,Absolute Mortality,uWUE,Low,53,-0.00948,58.5,0.1401,0.38,ns
M7vsM8_raw_12m,equal_width,Absolute Mortality,ETmax,High,5,0.00173,40,,,""
M7vsM8_raw_12m,equal_width,Absolute Mortality,GPPsat,High,5,-0.47807,60,,,""
M7vsM8_raw_12m,equal_width,Absolute Mortality,NEPmax,High,5,0.15988,40,,,""
M7vsM8_raw_12m,equal_width,Absolute Mortality,WUE,High,5,-0.08831,60,,,""
M7vsM8_raw_12m,equal_width,Absolute Mortality,uWUE,High,5,-0.03153,60,,,""
M7vsM8_raw_12m,equal_width,Relative Mortality,ETmax,Mid,33,-8e-04,60.6,0.1629,0.38,ns
M7vsM8_raw_12m,equal_width,Relative Mortality,GPPsat,Mid,33,0.07895,48.5,0.3875,0.5228,ns
M7vsM8_raw_12m,equal_width,Relative Mortality,NEPmax,Mid,33,-0.05909,60.6,0.3943,0.5228,ns
M7vsM8_raw_12m,equal_width,Relative Mortality,WUE,Mid,33,-0.01113,57.6,0.15,0.38,ns
M7vsM8_raw_12m,equal_width,Relative Mortality,uWUE,Mid,33,-0.00948,54.5,0.2898,0.5202,ns
M7vsM8_raw_12m,equal_width,Relative Mortality,ETmax,Low,53,2e-04,47.2,0.5668,0.6199,ns
M7vsM8_raw_12m,equal_width,Relative Mortality,GPPsat,Low,53,-0.05836,54.7,0.1076,0.38,ns
M7vsM8_raw_12m,equal_width,Relative Mortality,NEPmax,Low,53,-0.01036,50.9,0.4332,0.5228,ns
M7vsM8_raw_12m,equal_width,Relative Mortality,WUE,Low,53,-0.02022,54.7,0.1195,0.38,ns
M7vsM8_raw_12m,equal_width,Relative Mortality,uWUE,Low,53,-0.00835,60.4,0.142,0.38,ns
M7vsM8_raw_12m,equal_width,Relative Mortality,ETmax,High,7,0.00248,14.3,0.9827,0.9827,ns
M7vsM8_raw_12m,equal_width,Relative Mortality,GPPsat,High,7,0.22767,42.9,0.3999,0.5228,ns
M7vsM8_raw_12m,equal_width,Relative Mortality,NEPmax,High,7,0.10726,42.9,0.3999,0.5228,ns
M7vsM8_raw_12m,equal_width,Relative Mortality,WUE,High,7,-0.09185,71.4,0.1359,0.38,ns
M7vsM8_raw_12m,equal_width,Relative Mortality,uWUE,High,7,-0.03153,71.4,0.1359,0.38,ns
M7vsM8_raw_12m,equal_width,Relative Disturbance,ETmax,Mid,35,-0.00121,65.7,0.04821,0.38,ns
M7vsM8_raw_12m,equal_width,Relative Disturbance,GPPsat,Mid,35,0.07895,45.7,0.4317,0.5228,ns
M7vsM8_raw_12m,equal_width,Relative Disturbance,NEPmax,Mid,35,-0.00361,51.4,0.7195,0.7631,ns
M7vsM8_raw_12m,equal_width,Relative Disturbance,WUE,Mid,35,-0.01639,60,0.1175,0.38,ns
M7vsM8_raw_12m,equal_width,Relative Disturbance,uWUE,Mid,35,-0.00782,54.3,0.3441,0.5228,ns
M7vsM8_raw_12m,equal_width,Relative Disturbance,ETmax,Low,53,0.00051,43.4,0.7898,0.813,ns
M7vsM8_raw_12m,equal_width,Relative Disturbance,GPPsat,Low,53,-0.06723,56.6,0.06731,0.38,ns
M7vsM8_raw_12m,equal_width,Relative Disturbance,NEPmax,Low,53,-0.03607,54.7,0.2736,0.5202,ns
M7vsM8_raw_12m,equal_width,Relative Disturbance,WUE,Low,53,-0.02022,54.7,0.1028,0.38,ns
M7vsM8_raw_12m,equal_width,Relative Disturbance,uWUE,Low,53,-0.01436,62.3,0.07084,0.38,ns
M7vsM8_raw_12m,equal_width,Relative Disturbance,ETmax,High,5,0.00266,0,,,""
M7vsM8_raw_12m,equal_width,Relative Disturbance,GPPsat,High,5,0.22767,40,,,""
M7vsM8_raw_12m,equal_width,Relative Disturbance,NEPmax,High,5,-0.20642,60,,,""
M7vsM8_raw_12m,equal_width,Relative Disturbance,WUE,High,5,-0.1007,60,,,""
M7vsM8_raw_12m,equal_width,Relative Disturbance,uWUE,High,5,-0.02453,60,,,""
M7vsM8_raw_12m,natural_breaks,Absolute Mortality,ETmax,High,20,0.00052,45,0.6386,0.8214,ns
M7vsM8_raw_12m,natural_breaks,Absolute Mortality,GPPsat,High,20,-0.33383,60,0.07015,0.3312,ns
M7vsM8_raw_12m,natural_breaks,Absolute Mortality,NEPmax,High,20,-0.00118,50,0.4777,0.722,ns
M7vsM8_raw_12m,natural_breaks,Absolute Mortality,WUE,High,20,-0.02444,55,0.1274,0.4239,ns
M7vsM8_raw_12m,natural_breaks,Absolute Mortality,uWUE,High,20,-0.01571,55,0.3755,0.6759,ns
M7vsM8_raw_12m,natural_breaks,Absolute Mortality,ETmax,Mid,43,0.00033,48.8,0.6571,0.8214,ns
M7vsM8_raw_12m,natural_breaks,Absolute Mortality,GPPsat,Mid,43,0.07895,46.5,0.7086,0.8392,ns
M7vsM8_raw_12m,natural_breaks,Absolute Mortality,NEPmax,Mid,43,-0.13047,62.8,0.1426,0.4279,ns
M7vsM8_raw_12m,natural_breaks,Absolute Mortality,WUE,Mid,43,-0.02173,65.1,0.03021,0.1942,ns
M7vsM8_raw_12m,natural_breaks,Absolute Mortality,uWUE,Mid,43,-0.01783,67.4,0.004632,0.06948,ns
M7vsM8_raw_12m,natural_breaks,Absolute Mortality,ETmax,Low,30,-4e-04,53.3,0.2754,0.6417,ns
M7vsM8_raw_12m,natural_breaks,Absolute Mortality,GPPsat,Low,30,-0.03663,53.3,0.09402,0.3846,ns
M7vsM8_raw_12m,natural_breaks,Absolute Mortality,NEPmax,Low,30,0.09646,43.3,0.8062,0.8638,ns
M7vsM8_raw_12m,natural_breaks,Absolute Mortality,WUE,Low,30,0.00641,46.7,0.5246,0.7377,ns
M7vsM8_raw_12m,natural_breaks,Absolute Mortality,uWUE,Low,30,9e-04,50,0.7828,0.8591,ns
M7vsM8_raw_12m,natural_breaks,Relative Mortality,ETmax,High,26,0.00052,46.2,0.8626,0.8792,ns
M7vsM8_raw_12m,natural_breaks,Relative Mortality,GPPsat,High,26,0.11261,46.2,0.3422,0.6417,ns
M7vsM8_raw_12m,natural_breaks,Relative Mortality,NEPmax,High,26,-0.02295,53.8,0.6484,0.8214,ns
M7vsM8_raw_12m,natural_breaks,Relative Mortality,WUE,High,26,-0.02585,61.5,0.1319,0.4239,ns
M7vsM8_raw_12m,natural_breaks,Relative Mortality,uWUE,High,26,0.00497,42.3,0.6943,0.8392,ns
M7vsM8_raw_12m,natural_breaks,Relative Mortality,ETmax,Mid,32,-0.00137,59.4,0.0453,0.2548,ns
M7vsM8_raw_12m,natural_breaks,Relative Mortality,GPPsat,Mid,32,0.04231,46.9,0.6283,0.8214,ns
M7vsM8_raw_12m,natural_breaks,Relative Mortality,NEPmax,Mid,32,-0.00477,50,0.4814,0.722,ns
M7vsM8_raw_12m,natural_breaks,Relative Mortality,WUE,Mid,32,-0.00782,53.1,0.1213,0.4239,ns
M7vsM8_raw_12m,natural_breaks,Relative Mortality,uWUE,Mid,32,-0.03371,78.1,0.002591,0.06839,ns
M7vsM8_raw_12m,natural_breaks,Relative Mortality,ETmax,Low,35,9e-04,42.9,0.7517,0.8456,ns
M7vsM8_raw_12m,natural_breaks,Relative Mortality,GPPsat,Low,35,-0.06723,60,0.02714,0.1942,ns
M7vsM8_raw_12m,natural_breaks,Relative Mortality,NEPmax,Low,35,-0.13047,57.1,0.1817,0.4924,ns
M7vsM8_raw_12m,natural_breaks,Relative Mortality,WUE,Low,35,-0.02022,57.1,0.186,0.4924,ns
M7vsM8_raw_12m,natural_breaks,Relative Mortality,uWUE,Low,35,-0.00364,54.3,0.4189,0.6981,ns
M7vsM8_raw_12m,natural_breaks,Relative Disturbance,ETmax,Mid,35,-0.00149,60,0.02818,0.1942,ns
M7vsM8_raw_12m,natural_breaks,Relative Disturbance,GPPsat,Mid,35,-0.06268,54.3,0.3145,0.6417,ns
M7vsM8_raw_12m,natural_breaks,Relative Disturbance,NEPmax,Mid,35,-0.02624,51.4,0.5033,0.7305,ns
M7vsM8_raw_12m,natural_breaks,Relative Disturbance,WUE,Mid,35,-0.0265,60,0.02818,0.1942,ns
M7vsM8_raw_12m,natural_breaks,Relative Disturbance,uWUE,Mid,35,-0.02677,74.3,0.003039,0.06839,ns
M7vsM8_raw_12m,natural_breaks,Relative Disturbance,ETmax,Low,35,0.00051,42.9,0.847,0.8792,ns
M7vsM8_raw_12m,natural_breaks,Relative Disturbance,GPPsat,Low,35,-0.06723,57.1,0.07359,0.3312,ns
M7vsM8_raw_12m,natural_breaks,Relative Disturbance,NEPmax,Low,35,-0.07818,54.3,0.3321,0.6417,ns
M7vsM8_raw_12m,natural_breaks,Relative Disturbance,WUE,Low,35,-0.0149,54.3,0.2916,0.6417,ns
M7vsM8_raw_12m,natural_breaks,Relative Disturbance,uWUE,Low,35,-0.00835,57.1,0.3262,0.6417,ns
M7vsM8_raw_12m,natural_breaks,Relative Disturbance,ETmax,High,23,0.00064,43.5,0.8792,0.8792,ns
M7vsM8_raw_12m,natural_breaks,Relative Disturbance,GPPsat,High,23,0.13496,39.1,0.4697,0.722,ns
M7vsM8_raw_12m,natural_breaks,Relative Disturbance,NEPmax,High,23,-0.04229,56.5,0.4098,0.6981,ns
M7vsM8_raw_12m,natural_breaks,Relative Disturbance,WUE,High,23,-0.01113,56.5,0.2469,0.6172,ns
M7vsM8_raw_12m,natural_breaks,Relative Disturbance,uWUE,High,23,0.02102,39.1,0.7434,0.8456,ns
M7vsM8_raw_24m,tertiles,Absolute Mortality,ETmax,High,31,-0.00087,58.1,0.08058,0.7258,ns
M7vsM8_raw_24m,tertiles,Absolute Mortality,GPPsat,High,31,0.19095,45.2,0.4883,0.7428,ns
M7vsM8_raw_24m,tertiles,Absolute Mortality,NEPmax,High,31,-0.10007,54.8,0.2495,0.7258,ns
M7vsM8_raw_24m,tertiles,Absolute Mortality,WUE,High,31,-0.00311,51.6,0.2816,0.7258,ns
M7vsM8_raw_24m,tertiles,Absolute Mortality,uWUE,High,31,-0.00239,51.6,0.2253,0.7258,ns
M7vsM8_raw_24m,tertiles,Absolute Mortality,ETmax,Mid,31,4e-05,48.4,0.5039,0.7428,ns
M7vsM8_raw_24m,tertiles,Absolute Mortality,GPPsat,Mid,31,0.00257,48.4,0.4961,0.7428,ns
M7vsM8_raw_24m,tertiles,Absolute Mortality,NEPmax,Mid,31,-0.19405,54.8,0.1863,0.7258,ns
M7vsM8_raw_24m,tertiles,Absolute Mortality,WUE,Mid,31,0.00045,48.4,0.4032,0.7258,ns
M7vsM8_raw_24m,tertiles,Absolute Mortality,uWUE,Mid,31,0.02132,41.9,0.9004,0.9004,ns
M7vsM8_raw_24m,tertiles,Absolute Mortality,ETmax,Low,31,-0.0011,58.1,0.2558,0.7258,ns
M7vsM8_raw_24m,tertiles,Absolute Mortality,GPPsat,Low,31,-0.03019,51.6,0.6268,0.7979,ns
M7vsM8_raw_24m,tertiles,Absolute Mortality,NEPmax,Low,31,0.0625,45.2,0.6415,0.7979,ns
M7vsM8_raw_24m,tertiles,Absolute Mortality,WUE,Low,31,-0.00271,58.1,0.3957,0.7258,ns
M7vsM8_raw_24m,tertiles,Absolute Mortality,uWUE,Low,31,-0.00066,51.6,0.6774,0.8022,ns
M7vsM8_raw_24m,tertiles,Relative Mortality,ETmax,High,31,-0.00054,54.8,0.3156,0.7258,ns
M7vsM8_raw_24m,tertiles,Relative Mortality,GPPsat,High,31,-0.01884,51.6,0.6342,0.7979,ns
M7vsM8_raw_24m,tertiles,Relative Mortality,NEPmax,High,31,0.05772,45.2,0.6561,0.7979,ns
M7vsM8_raw_24m,tertiles,Relative Mortality,WUE,High,31,0.01095,41.9,0.7442,0.8107,ns
M7vsM8_raw_24m,tertiles,Relative Mortality,uWUE,High,31,0.01126,41.9,0.7747,0.8107,ns
M7vsM8_raw_24m,tertiles,Relative Mortality,ETmax,Mid,31,-0.00041,58.1,0.08974,0.7258,ns
M7vsM8_raw_24m,tertiles,Relative Mortality,GPPsat,Mid,31,0.09812,41.9,0.7379,0.8107,ns
M7vsM8_raw_24m,tertiles,Relative Mortality,NEPmax,Mid,31,-0.11708,58.1,0.1811,0.7258,ns
M7vsM8_raw_24m,tertiles,Relative Mortality,WUE,Mid,31,-0.00311,54.8,0.1179,0.7258,ns
M7vsM8_raw_24m,tertiles,Relative Mortality,uWUE,Mid,31,-0.00334,58.1,0.3296,0.7258,ns
M7vsM8_raw_24m,tertiles,Relative Mortality,ETmax,Low,31,-9e-05,51.6,0.4032,0.7258,ns
M7vsM8_raw_24m,tertiles,Relative Mortality,GPPsat,Low,31,-0.04201,51.6,0.2621,0.7258,ns
M7vsM8_raw_24m,tertiles,Relative Mortality,NEPmax,Low,31,-0.00474,51.6,0.2372,0.7258,ns
M7vsM8_raw_24m,tertiles,Relative Mortality,WUE,Low,31,-0.00601,61.3,0.3018,0.7258,ns
M7vsM8_raw_24m,tertiles,Relative Mortality,uWUE,Low,31,0.00715,45.2,0.7117,0.8107,ns
M7vsM8_raw_24m,tertiles,Relative Disturbance,ETmax,High,31,-0.00089,64.5,0.08974,0.7258,ns
M7vsM8_raw_24m,tertiles,Relative Disturbance,GPPsat,High,31,0.21849,45.2,0.7628,0.8107,ns
M7vsM8_raw_24m,tertiles,Relative Disturbance,NEPmax,High,31,0.00338,48.4,0.3585,0.7258,ns
M7vsM8_raw_24m,tertiles,Relative Disturbance,WUE,High,31,0.00614,48.4,0.4571,0.7428,ns
M7vsM8_raw_24m,tertiles,Relative Disturbance,uWUE,High,31,0.01422,38.7,0.8933,0.9004,ns
M7vsM8_raw_24m,tertiles,Relative Disturbance,ETmax,Mid,31,-0.00041,54.8,0.1518,0.7258,ns
M7vsM8_raw_24m,tertiles,Relative Disturbance,GPPsat,Mid,31,0.05002,48.4,0.4571,0.7428,ns
M7vsM8_raw_24m,tertiles,Relative Disturbance,NEPmax,Mid,31,-0.10007,54.8,0.3512,0.7258,ns
M7vsM8_raw_24m,tertiles,Relative Disturbance,WUE,Mid,31,-0.00311,54.8,0.176,0.7258,ns
M7vsM8_raw_24m,tertiles,Relative Disturbance,uWUE,Mid,31,-0.00429,61.3,0.208,0.7258,ns
M7vsM8_raw_24m,tertiles,Relative Disturbance,ETmax,Low,31,0.00053,45.2,0.5351,0.7525,ns
M7vsM8_raw_24m,tertiles,Relative Disturbance,GPPsat,Low,31,-0.03991,51.6,0.3368,0.7258,ns
M7vsM8_raw_24m,tertiles,Relative Disturbance,NEPmax,Low,31,-0.00474,51.6,0.2685,0.7258,ns
M7vsM8_raw_24m,tertiles,Relative Disturbance,WUE,Low,31,-0.0011,54.8,0.5117,0.7428,ns
M7vsM8_raw_24m,tertiles,Relative Disturbance,uWUE,Low,31,0.00715,45.2,0.6561,0.7979,ns
M7vsM8_raw_24m,equal_width,Absolute Mortality,ETmax,Mid,35,-0.00015,51.4,0.4253,0.6858,ns
M7vsM8_raw_24m,equal_width,Absolute Mortality,GPPsat,Mid,35,0.19095,42.9,0.814,0.8903,ns
M7vsM8_raw_24m,equal_width,Absolute Mortality,NEPmax,Mid,35,-0.1099,54.3,0.1904,0.6858,ns
M7vsM8_raw_24m,equal_width,Absolute Mortality,WUE,Mid,35,0.00614,45.7,0.4382,0.6858,ns
M7vsM8_raw_24m,equal_width,Absolute Mortality,uWUE,Mid,35,-0.00239,51.4,0.3998,0.6858,ns
M7vsM8_raw_24m,equal_width,Absolute Mortality,ETmax,Low,53,-0.00088,54.7,0.1323,0.6858,ns
M7vsM8_raw_24m,equal_width,Absolute Mortality,GPPsat,Low,53,-0.03019,50.9,0.4332,0.6858,ns
M7vsM8_raw_24m,equal_width,Absolute Mortality,NEPmax,Low,53,0.00338,49.1,0.3616,0.6858,ns
M7vsM8_raw_24m,equal_width,Absolute Mortality,WUE,Low,53,-0.00271,54.7,0.3583,0.6858,ns
M7vsM8_raw_24m,equal_width,Absolute Mortality,uWUE,Low,53,0.00119,49.1,0.7741,0.874,ns
M7vsM8_raw_24m,equal_width,Absolute Mortality,ETmax,High,5,-0.00207,80,,,""
M7vsM8_raw_24m,equal_width,Absolute Mortality,GPPsat,High,5,-0.28211,60,,,""
M7vsM8_raw_24m,equal_width,Absolute Mortality,NEPmax,High,5,-0.00402,60,,,""
M7vsM8_raw_24m,equal_width,Absolute Mortality,WUE,High,5,-0.02625,80,,,""
M7vsM8_raw_24m,equal_width,Absolute Mortality,uWUE,High,5,0.01422,20,,,""
M7vsM8_raw_24m,equal_width,Relative Mortality,ETmax,Mid,33,-0.00123,66.7,0.02269,0.4402,ns
M7vsM8_raw_24m,equal_width,Relative Mortality,GPPsat,Mid,33,0.19095,48.5,0.6329,0.8204,ns
M7vsM8_raw_24m,equal_width,Relative Mortality,NEPmax,Mid,33,0.00338,48.5,0.3739,0.6858,ns
M7vsM8_raw_24m,equal_width,Relative Mortality,WUE,Mid,33,0.01001,42.4,0.6789,0.8434,ns
M7vsM8_raw_24m,equal_width,Relative Mortality,uWUE,Mid,33,0.01325,39.4,0.8773,0.9031,ns
M7vsM8_raw_24m,equal_width,Relative Mortality,ETmax,Low,53,4e-05,49.1,0.4263,0.6858,ns
M7vsM8_raw_24m,equal_width,Relative Mortality,GPPsat,Low,53,0.00257,49.1,0.3885,0.6858,ns
M7vsM8_raw_24m,equal_width,Relative Mortality,NEPmax,Low,53,-0.08595,52.8,0.2339,0.6858,ns
M7vsM8_raw_24m,equal_width,Relative Mortality,WUE,Low,53,-0.00272,56.6,0.2394,0.6858,ns
M7vsM8_raw_24m,equal_width,Relative Mortality,uWUE,Low,53,-0.00128,52.8,0.4263,0.6858,ns
M7vsM8_raw_24m,equal_width,Relative Mortality,ETmax,High,7,0.00018,42.9,0.7229,0.8434,ns
M7vsM8_raw_24m,equal_width,Relative Mortality,GPPsat,High,7,0.27419,42.9,0.7229,0.8434,ns
M7vsM8_raw_24m,equal_width,Relative Mortality,NEPmax,High,7,-0.2335,57.1,0.3999,0.6858,ns
M7vsM8_raw_24m,equal_width,Relative Mortality,WUE,High,7,-0.02625,71.4,0.2234,0.6858,ns
M7vsM8_raw_24m,equal_width,Relative Mortality,uWUE,High,7,-0.02201,57.1,0.3999,0.6858,ns
M7vsM8_raw_24m,equal_width,Relative Disturbance,ETmax,Mid,35,-0.00123,68.6,0.02516,0.4402,ns
M7vsM8_raw_24m,equal_width,Relative Disturbance,GPPsat,Mid,35,0.21849,45.7,0.847,0.8983,ns
M7vsM8_raw_24m,equal_width,Relative Disturbance,NEPmax,Mid,35,0.05772,45.7,0.5163,0.7395,ns
M7vsM8_raw_24m,equal_width,Relative Disturbance,WUE,Mid,35,0.00735,45.7,0.6191,0.8204,ns
M7vsM8_raw_24m,equal_width,Relative Disturbance,uWUE,Mid,35,0.01126,40,0.909,0.909,ns
M7vsM8_raw_24m,equal_width,Relative Disturbance,ETmax,Low,53,0.00031,47.2,0.4507,0.6858,ns
M7vsM8_raw_24m,equal_width,Relative Disturbance,GPPsat,Low,53,-0.03991,50.9,0.1586,0.6858,ns
M7vsM8_raw_24m,equal_width,Relative Disturbance,NEPmax,Low,53,-0.09232,54.7,0.1695,0.6858,ns
M7vsM8_raw_24m,equal_width,Relative Disturbance,WUE,Low,53,-0.00311,56.6,0.2154,0.6858,ns
M7vsM8_raw_24m,equal_width,Relative Disturbance,uWUE,Low,53,-0.00066,50.9,0.5282,0.7395,ns
M7vsM8_raw_24m,equal_width,Relative Disturbance,ETmax,High,5,0.00018,40,,,""
M7vsM8_raw_24m,equal_width,Relative Disturbance,GPPsat,High,5,0.28151,40,,,""
M7vsM8_raw_24m,equal_width,Relative Disturbance,NEPmax,High,5,-0.2335,60,,,""
M7vsM8_raw_24m,equal_width,Relative Disturbance,WUE,High,5,-0.02126,60,,,""
M7vsM8_raw_24m,equal_width,Relative Disturbance,uWUE,High,5,-0.03205,80,,,""
M7vsM8_raw_24m,natural_breaks,Absolute Mortality,ETmax,High,20,-0.00012,50,0.3475,0.7853,ns
M7vsM8_raw_24m,natural_breaks,Absolute Mortality,GPPsat,High,20,0.08605,50,0.269,0.7853,ns
M7vsM8_raw_24m,natural_breaks,Absolute Mortality,NEPmax,High,20,0.05798,50,0.4777,0.7853,ns
M7vsM8_raw_24m,natural_breaks,Absolute Mortality,WUE,High,20,0.00808,45,0.6929,0.7853,ns
M7vsM8_raw_24m,natural_breaks,Absolute Mortality,uWUE,High,20,0.0025,45,0.3897,0.7853,ns
M7vsM8_raw_24m,natural_breaks,Absolute Mortality,ETmax,Mid,43,-0.00041,55.8,0.1481,0.7853,ns
M7vsM8_raw_24m,natural_breaks,Absolute Mortality,GPPsat,Mid,43,0.04191,46.5,0.5837,0.7853,ns
M7vsM8_raw_24m,natural_breaks,Absolute Mortality,NEPmax,Mid,43,-0.1099,55.8,0.08156,0.7853,ns
M7vsM8_raw_24m,natural_breaks,Absolute Mortality,WUE,Mid,43,-0.00311,51.2,0.194,0.7853,ns
M7vsM8_raw_24m,natural_breaks,Absolute Mortality,uWUE,Mid,43,0.00119,48.8,0.733,0.7853,ns
M7vsM8_raw_24m,natural_breaks,Absolute Mortality,ETmax,Low,30,-0.00099,56.7,0.3108,0.7853,ns
M7vsM8_raw_24m,natural_breaks,Absolute Mortality,GPPsat,Low,30,0.00991,50,0.7036,0.7853,ns
M7vsM8_raw_24m,natural_breaks,Absolute Mortality,NEPmax,Low,30,0.04953,46.7,0.6133,0.7853,ns
M7vsM8_raw_24m,natural_breaks,Absolute Mortality,WUE,Low,30,-0.00272,60,0.348,0.7853,ns
M7vsM8_raw_24m,natural_breaks,Absolute Mortality,uWUE,Low,30,0.00105,50,0.7246,0.7853,ns
M7vsM8_raw_24m,natural_breaks,Relative Mortality,ETmax,High,26,-0.00049,53.8,0.4899,0.7853,ns
M7vsM8_raw_24m,natural_breaks,Relative Mortality,GPPsat,High,26,0.08605,50,0.5606,0.7853,ns
M7vsM8_raw_24m,natural_breaks,Relative Mortality,NEPmax,High,26,-0.00032,50,0.4899,0.7853,ns
M7vsM8_raw_24m,natural_breaks,Relative Mortality,WUE,High,26,0.00808,46.2,0.6389,0.7853,ns
M7vsM8_raw_24m,natural_breaks,Relative Mortality,uWUE,High,26,0.01873,34.6,0.9067,0.9067,ns
M7vsM8_raw_24m,natural_breaks,Relative Mortality,ETmax,Mid,32,-7e-04,62.5,0.02124,0.4778,ns
M7vsM8_raw_24m,natural_breaks,Relative Mortality,GPPsat,Mid,32,0.09447,43.8,0.7158,0.7853,ns
M7vsM8_raw_24m,natural_breaks,Relative Mortality,NEPmax,Mid,32,0.06297,46.9,0.5037,0.7853,ns
M7vsM8_raw_24m,natural_breaks,Relative Mortality,WUE,Mid,32,-0.00019,50,0.2189,0.7853,ns
M7vsM8_raw_24m,natural_breaks,Relative Mortality,uWUE,Mid,32,-0.00689,62.5,0.137,0.7853,ns
M7vsM8_raw_24m,natural_breaks,Relative Mortality,ETmax,Low,35,0.00031,48.6,0.4837,0.7853,ns
M7vsM8_raw_24m,natural_breaks,Relative Mortality,GPPsat,Low,35,-0.03991,51.4,0.3262,0.7853,ns
M7vsM8_raw_24m,natural_breaks,Relative Mortality,NEPmax,Low,35,-0.09232,57.1,0.09926,0.7853,ns
M7vsM8_raw_24m,natural_breaks,Relative Mortality,WUE,Low,35,-0.00601,60,0.3624,0.7853,ns
M7vsM8_raw_24m,natural_breaks,Relative Mortality,uWUE,Low,35,0.00715,45.7,0.7305,0.7853,ns
M7vsM8_raw_24m,natural_breaks,Relative Disturbance,ETmax,Mid,35,-0.00117,62.9,0.01216,0.4778,ns
M7vsM8_raw_24m,natural_breaks,Relative Disturbance,GPPsat,Mid,35,0.09812,45.7,0.6797,0.7853,ns
M7vsM8_raw_24m,natural_breaks,Relative Disturbance,NEPmax,Mid,35,0.05772,48.6,0.5163,0.7853,ns
M7vsM8_raw_24m,natural_breaks,Relative Disturbance,WUE,Mid,35,-0.00271,51.4,0.286,0.7853,ns
M7vsM8_raw_24m,natural_breaks,Relative Disturbance,uWUE,Mid,35,-0.00334,57.1,0.286,0.7853,ns
M7vsM8_raw_24m,natural_breaks,Relative Disturbance,ETmax,Low,35,0.00104,42.9,0.6797,0.7853,ns
M7vsM8_raw_24m,natural_breaks,Relative Disturbance,GPPsat,Low,35,0.00257,48.6,0.4061,0.7853,ns
M7vsM8_raw_24m,natural_breaks,Relative Disturbance,NEPmax,Low,35,-0.00474,51.4,0.2432,0.7853,ns
M7vsM8_raw_24m,natural_breaks,Relative Disturbance,WUE,Low,35,-0.0011,54.3,0.5294,0.7853,ns
M7vsM8_raw_24m,natural_breaks,Relative Disturbance,uWUE,Low,35,0.00715,45.7,0.7817,0.8181,ns
M7vsM8_raw_24m,natural_breaks,Relative Disturbance,ETmax,High,23,-0.00087,60.9,0.3079,0.7853,ns
M7vsM8_raw_24m,natural_breaks,Relative Disturbance,GPPsat,High,23,-0.01884,52.2,0.5061,0.7853,ns
M7vsM8_raw_24m,natural_breaks,Relative Disturbance,NEPmax,High,23,-0.2335,56.5,0.219,0.7853,ns
M7vsM8_raw_24m,natural_breaks,Relative Disturbance,WUE,High,23,-0.00956,52.2,0.3296,0.7853,ns
M7vsM8_raw_24m,natural_breaks,Relative Disturbance,uWUE,High,23,0.01422,39.1,0.8232,0.8419,ns
M7vsM8_anom_12m,tertiles,Absolute Mortality,ETmax,High,31,0.0021,38.7,0.9869,0.9869,ns
M7vsM8_anom_12m,tertiles,Absolute Mortality,GPPsat,High,31,-0.36608,67.7,0.02679,0.1005,ns
M7vsM8_anom_12m,tertiles,Absolute Mortality,NEPmax,High,31,-0.47722,77.4,0.001593,0.01792,*
M7vsM8_anom_12m,tertiles,Absolute Mortality,WUE,High,31,-0.00623,51.6,0.1179,0.1895,ns
M7vsM8_anom_12m,tertiles,Absolute Mortality,uWUE,High,31,-0.03513,58.1,0.09296,0.1673,ns
M7vsM8_anom_12m,tertiles,Absolute Mortality,ETmax,Mid,31,-0.00046,51.6,0.5968,0.655,ns
M7vsM8_anom_12m,tertiles,Absolute Mortality,GPPsat,Mid,31,-0.6171,61.3,0.1612,0.234,ns
M7vsM8_anom_12m,tertiles,Absolute Mortality,NEPmax,Mid,31,-0.48653,67.7,0.03202,0.1108,ns
M7vsM8_anom_12m,tertiles,Absolute Mortality,WUE,Mid,31,-0.08082,64.5,0.2253,0.2812,ns
M7vsM8_anom_12m,tertiles,Absolute Mortality,uWUE,Mid,31,-0.02007,61.3,0.1341,0.2012,ns
M7vsM8_anom_12m,tertiles,Absolute Mortality,ETmax,Low,31,0.00011,48.4,0.2621,0.3104,ns
M7vsM8_anom_12m,tertiles,Absolute Mortality,GPPsat,Low,31,-0.56608,64.5,0.01844,0.0913,ns
M7vsM8_anom_12m,tertiles,Absolute Mortality,NEPmax,Low,31,-0.64223,71,0.001013,0.01622,*
M7vsM8_anom_12m,tertiles,Absolute Mortality,WUE,Low,31,-0.05272,54.8,0.09965,0.1725,ns
M7vsM8_anom_12m,tertiles,Absolute Mortality,uWUE,Low,31,0.0121,48.4,0.08974,0.1673,ns
M7vsM8_anom_12m,tertiles,Relative Mortality,ETmax,High,31,0.00181,32.3,0.9863,0.9869,ns
M7vsM8_anom_12m,tertiles,Relative Mortality,GPPsat,High,31,-0.34392,67.7,0.08974,0.1673,ns
M7vsM8_anom_12m,tertiles,Relative Mortality,NEPmax,High,31,-0.39111,71,0.02029,0.0913,ns
M7vsM8_anom_12m,tertiles,Relative Mortality,WUE,High,31,-0.01202,54.8,0.1863,0.262,ns
M7vsM8_anom_12m,tertiles,Relative Mortality,uWUE,High,31,-0.02007,58.1,0.08661,0.1673,ns
M7vsM8_anom_12m,tertiles,Relative Mortality,ETmax,Mid,31,-0.00127,58.1,0.3957,0.4566,ns
M7vsM8_anom_12m,tertiles,Relative Mortality,GPPsat,Mid,31,-0.6171,64.5,0.01844,0.0913,ns
M7vsM8_anom_12m,tertiles,Relative Mortality,NEPmax,Mid,31,-0.80249,74.2,0.004447,0.03335,*
M7vsM8_anom_12m,tertiles,Relative Mortality,WUE,Mid,31,-0.08082,58.1,0.1103,0.1839,ns
M7vsM8_anom_12m,tertiles,Relative Mortality,uWUE,Mid,31,-0.00539,54.8,0.2253,0.2812,ns
M7vsM8_anom_12m,tertiles,Relative Mortality,ETmax,Low,31,0.00011,48.4,0.4339,0.4881,ns
M7vsM8_anom_12m,tertiles,Relative Mortality,GPPsat,Low,31,-0.64163,61.3,0.05734,0.1613,ns
M7vsM8_anom_12m,tertiles,Relative Mortality,NEPmax,Low,31,-0.6028,71,0.001082,0.01622,*
M7vsM8_anom_12m,tertiles,Relative Mortality,WUE,Low,31,-0.06573,58.1,0.08355,0.1673,ns
M7vsM8_anom_12m,tertiles,Relative Mortality,uWUE,Low,31,-0.07093,54.8,0.04503,0.1351,ns
M7vsM8_anom_12m,tertiles,Relative Disturbance,ETmax,High,31,0.00181,41.9,0.9491,0.9869,ns
M7vsM8_anom_12m,tertiles,Relative Disturbance,GPPsat,High,31,-0.36608,67.7,0.08058,0.1673,ns
M7vsM8_anom_12m,tertiles,Relative Disturbance,NEPmax,High,31,-0.3582,74.2,0.01757,0.0913,ns
M7vsM8_anom_12m,tertiles,Relative Disturbance,WUE,High,31,-0.01202,51.6,0.208,0.2753,ns
M7vsM8_anom_12m,tertiles,Relative Disturbance,uWUE,High,31,-0.01577,58.1,0.08058,0.1673,ns
M7vsM8_anom_12m,tertiles,Relative Disturbance,ETmax,Mid,31,-0.00073,54.8,0.197,0.2686,ns
M7vsM8_anom_12m,tertiles,Relative Disturbance,GPPsat,Mid,31,-0.43283,64.5,0.0256,0.1005,ns
M7vsM8_anom_12m,tertiles,Relative Disturbance,NEPmax,Mid,31,-0.64223,71,0.001013,0.01622,*
M7vsM8_anom_12m,tertiles,Relative Disturbance,WUE,Mid,31,-0.08796,61.3,0.08058,0.1673,ns
M7vsM8_anom_12m,tertiles,Relative Disturbance,uWUE,Mid,31,-0.02463,54.8,0.2312,0.2812,ns
M7vsM8_anom_12m,tertiles,Relative Disturbance,ETmax,Low,31,0.00055,41.9,0.7975,0.8545,ns
M7vsM8_anom_12m,tertiles,Relative Disturbance,GPPsat,Low,31,-0.64163,61.3,0.0432,0.1351,ns
M7vsM8_anom_12m,tertiles,Relative Disturbance,NEPmax,Low,31,-0.6028,71,0.003131,0.02818,*
M7vsM8_anom_12m,tertiles,Relative Disturbance,WUE,Low,31,-0.06573,58.1,0.1299,0.2012,ns
M7vsM8_anom_12m,tertiles,Relative Disturbance,uWUE,Low,31,-0.07093,54.8,0.06441,0.1673,ns
M7vsM8_anom_12m,equal_width,Absolute Mortality,ETmax,Mid,35,0.00067,40,0.9264,0.9537,ns
M7vsM8_anom_12m,equal_width,Absolute Mortality,GPPsat,Mid,35,-0.14348,60,0.1208,0.2114,ns
M7vsM8_anom_12m,equal_width,Absolute Mortality,NEPmax,Mid,35,-0.47722,71.4,0.003039,0.02659,*
M7vsM8_anom_12m,equal_width,Absolute Mortality,WUE,Mid,35,-0.00623,51.4,0.1649,0.2509,ns
M7vsM8_anom_12m,equal_width,Absolute Mortality,uWUE,Mid,35,-0.02463,57.1,0.1081,0.1992,ns
M7vsM8_anom_12m,equal_width,Absolute Mortality,ETmax,Low,53,-0.00046,50.9,0.3885,0.4689,ns
M7vsM8_anom_12m,equal_width,Absolute Mortality,GPPsat,Low,53,-0.64163,66,0.004168,0.02918,*
M7vsM8_anom_12m,equal_width,Absolute Mortality,NEPmax,Low,53,-0.64223,73.6,7.563e-05,0.001324,**
M7vsM8_anom_12m,equal_width,Absolute Mortality,WUE,Low,53,-0.06573,62.3,0.0285,0.07829,ns
M7vsM8_anom_12m,equal_width,Absolute Mortality,uWUE,Low,53,-0.00539,54.7,0.02908,0.07829,ns
M7vsM8_anom_12m,equal_width,Absolute Mortality,ETmax,High,5,0.00829,40,,,""
M7vsM8_anom_12m,equal_width,Absolute Mortality,GPPsat,High,5,-1.24815,80,,,""
M7vsM8_anom_12m,equal_width,Absolute Mortality,NEPmax,High,5,-0.05766,60,,,""
M7vsM8_anom_12m,equal_width,Absolute Mortality,WUE,High,5,0.01104,40,,,""
M7vsM8_anom_12m,equal_width,Absolute Mortality,uWUE,High,5,-0.05075,60,,,""
M7vsM8_anom_12m,equal_width,Relative Mortality,ETmax,Mid,33,0.00013,48.5,0.7341,0.7786,ns
M7vsM8_anom_12m,equal_width,Relative Mortality,GPPsat,Mid,33,-0.34392,66.7,0.04652,0.09578,ns
M7vsM8_anom_12m,equal_width,Relative Mortality,NEPmax,Mid,33,-0.3582,72.7,0.0111,0.04452,*
M7vsM8_anom_12m,equal_width,Relative Mortality,WUE,Mid,33,-0.01202,54.5,0.3147,0.4078,ns
M7vsM8_anom_12m,equal_width,Relative Mortality,uWUE,Mid,33,-0.00539,51.5,0.26,0.35,ns
M7vsM8_anom_12m,equal_width,Relative Mortality,ETmax,Low,53,0.00031,47.2,0.4965,0.5792,ns
M7vsM8_anom_12m,equal_width,Relative Mortality,GPPsat,Low,53,-0.56608,62.3,0.01145,0.04452,*
M7vsM8_anom_12m,equal_width,Relative Mortality,NEPmax,Low,53,-0.64223,71.7,7.298e-05,0.001324,**
M7vsM8_anom_12m,equal_width,Relative Mortality,WUE,Low,53,-0.07346,58.5,0.03344,0.08274,ns
M7vsM8_anom_12m,equal_width,Relative Mortality,uWUE,Low,53,-0.03513,56.6,0.02908,0.07829,ns
M7vsM8_anom_12m,equal_width,Relative Mortality,ETmax,High,7,0.0065,28.6,0.962,0.962,ns
M7vsM8_anom_12m,equal_width,Relative Mortality,GPPsat,High,7,-1.20389,71.4,0.2234,0.3128,ns
M7vsM8_anom_12m,equal_width,Relative Mortality,NEPmax,High,7,-0.81358,71.4,0.1024,0.1992,ns
M7vsM8_anom_12m,equal_width,Relative Mortality,WUE,High,7,-0.08196,57.1,0.1763,0.2571,ns
M7vsM8_anom_12m,equal_width,Relative Mortality,uWUE,High,7,-0.11238,71.4,0.1359,0.2163,ns
M7vsM8_anom_12m,equal_width,Relative Disturbance,ETmax,Mid,35,0.00013,48.6,0.6253,0.706,ns
M7vsM8_anom_12m,equal_width,Relative Disturbance,GPPsat,Mid,35,-0.36608,68.6,0.04055,0.0887,ns
M7vsM8_anom_12m,equal_width,Relative Disturbance,NEPmax,Mid,35,-0.3582,74.3,0.009797,0.04452,*
M7vsM8_anom_12m,equal_width,Relative Disturbance,WUE,Mid,35,-0.01202,54.3,0.3262,0.4078,ns
M7vsM8_anom_12m,equal_width,Relative Disturbance,uWUE,Mid,35,-0.0078,54.3,0.1275,0.2125,ns
M7vsM8_anom_12m,equal_width,Relative Disturbance,ETmax,Low,53,0.00031,47.2,0.6678,0.7304,ns
M7vsM8_anom_12m,equal_width,Relative Disturbance,GPPsat,Low,53,-0.56608,62.3,0.008021,0.04452,*
M7vsM8_anom_12m,equal_width,Relative Disturbance,NEPmax,Low,53,-0.6028,69.8,0.000128,0.001493,**
M7vsM8_anom_12m,equal_width,Relative Disturbance,WUE,Low,53,-0.07385,58.5,0.02908,0.07829,ns
M7vsM8_anom_12m,equal_width,Relative Disturbance,uWUE,Low,53,-0.03513,56.6,0.03546,0.08274,ns
M7vsM8_anom_12m,equal_width,Relative Disturbance,ETmax,High,5,0.0065,20,,,""
M7vsM8_anom_12m,equal_width,Relative Disturbance,GPPsat,High,5,-0.39126,60,,,""
M7vsM8_anom_12m,equal_width,Relative Disturbance,NEPmax,High,5,-2.73144,80,,,""
M7vsM8_anom_12m,equal_width,Relative Disturbance,WUE,High,5,-0.3079,60,,,""
M7vsM8_anom_12m,equal_width,Relative Disturbance,uWUE,High,5,-0.05075,60,,,""
M7vsM8_anom_12m,natural_breaks,Absolute Mortality,ETmax,High,20,0.00492,40,0.975,0.9921,ns
M7vsM8_anom_12m,natural_breaks,Absolute Mortality,GPPsat,High,20,-0.11836,60,0.2111,0.2736,ns
M7vsM8_anom_12m,natural_breaks,Absolute Mortality,NEPmax,High,20,-0.37201,70,0.0323,0.113,ns
M7vsM8_anom_12m,natural_breaks,Absolute Mortality,WUE,High,20,0.01497,40,0.4041,0.4663,ns
M7vsM8_anom_12m,natural_breaks,Absolute Mortality,uWUE,High,20,-0.05551,60,0.09253,0.1711,ns
M7vsM8_anom_12m,natural_breaks,Absolute Mortality,ETmax,Mid,43,0.00031,48.8,0.733,0.8045,ns
M7vsM8_anom_12m,natural_breaks,Absolute Mortality,GPPsat,Mid,43,-0.6171,67.4,0.02284,0.113,ns
M7vsM8_anom_12m,natural_breaks,Absolute Mortality,NEPmax,Mid,43,-0.4909,72.1,0.002792,0.03142,*
M7vsM8_anom_12m,natural_breaks,Absolute Mortality,WUE,Mid,43,-0.08082,65.1,0.07283,0.167,ns
M7vsM8_anom_12m,natural_breaks,Absolute Mortality,uWUE,Mid,43,-0.02007,60.5,0.09508,0.1711,ns
M7vsM8_anom_12m,natural_breaks,Absolute Mortality,ETmax,Low,30,0.00021,46.7,0.3255,0.3854,ns
M7vsM8_anom_12m,natural_breaks,Absolute Mortality,GPPsat,Low,30,-0.56426,63.3,0.02659,0.113,ns
M7vsM8_anom_12m,natural_breaks,Absolute Mortality,NEPmax,Low,30,-0.68603,73.3,0.0007687,0.0173,*
M7vsM8_anom_12m,natural_breaks,Absolute Mortality,WUE,Low,30,-0.05844,56.7,0.09402,0.1711,ns
M7vsM8_anom_12m,natural_breaks,Absolute Mortality,uWUE,Low,30,0.0132,46.7,0.07792,0.167,ns
M7vsM8_anom_12m,natural_breaks,Relative Mortality,ETmax,High,26,0.00383,30.8,0.9921,0.9921,ns
M7vsM8_anom_12m,natural_breaks,Relative Mortality,GPPsat,High,26,-0.31127,69.2,0.1114,0.1905,ns
M7vsM8_anom_12m,natural_breaks,Relative Mortality,NEPmax,High,26,-0.39487,73.1,0.03187,0.113,ns
M7vsM8_anom_12m,natural_breaks,Relative Mortality,WUE,High,26,-0.00584,50,0.2464,0.2997,ns
M7vsM8_anom_12m,natural_breaks,Relative Mortality,uWUE,High,26,-0.01792,57.7,0.1265,0.2034,ns
M7vsM8_anom_12m,natural_breaks,Relative Mortality,ETmax,Mid,32,-0.001,59.4,0.1678,0.2359,ns
M7vsM8_anom_12m,natural_breaks,Relative Mortality,GPPsat,Mid,32,-0.39945,59.4,0.07629,0.167,ns
M7vsM8_anom_12m,natural_breaks,Relative Mortality,NEPmax,Mid,32,-0.48406,68.8,0.01401,0.07878,ns
M7vsM8_anom_12m,natural_breaks,Relative Mortality,WUE,Mid,32,-0.06893,59.4,0.1454,0.2256,ns
M7vsM8_anom_12m,natural_breaks,Relative Mortality,uWUE,Mid,32,-0.01501,56.2,0.2189,0.2736,ns
M7vsM8_anom_12m,natural_breaks,Relative Mortality,ETmax,Low,35,0.00031,45.7,0.6253,0.7034,ns
M7vsM8_anom_12m,natural_breaks,Relative Mortality,GPPsat,Low,35,-0.79864,65.7,0.01216,0.07815,ns
M7vsM8_anom_12m,natural_breaks,Relative Mortality,NEPmax,Low,35,-0.64223,74.3,0.0001726,0.007765,**
M7vsM8_anom_12m,natural_breaks,Relative Mortality,WUE,Low,35,-0.07346,60,0.05333,0.16,ns
M7vsM8_anom_12m,natural_breaks,Relative Mortality,uWUE,Low,35,-0.07093,54.3,0.03269,0.113,ns
M7vsM8_anom_12m,natural_breaks,Relative Disturbance,ETmax,Mid,35,-0.00073,57.1,0.2183,0.2736,ns
M7vsM8_anom_12m,natural_breaks,Relative Disturbance,GPPsat,Mid,35,-0.43283,62.9,0.03516,0.113,ns
M7vsM8_anom_12m,natural_breaks,Relative Disturbance,NEPmax,Mid,35,-0.47722,71.4,0.004082,0.03674,*
M7vsM8_anom_12m,natural_breaks,Relative Disturbance,WUE,Mid,35,-0.07681,62.9,0.08571,0.1711,ns
M7vsM8_anom_12m,natural_breaks,Relative Disturbance,uWUE,Mid,35,-0.02463,57.1,0.06283,0.1652,ns
M7vsM8_anom_12m,natural_breaks,Relative Disturbance,ETmax,Low,35,0.00064,40,0.8546,0.9157,ns
M7vsM8_anom_12m,natural_breaks,Relative Disturbance,GPPsat,Low,35,-0.56608,60,0.05888,0.1652,ns
M7vsM8_anom_12m,natural_breaks,Relative Disturbance,NEPmax,Low,35,-0.6028,68.6,0.002243,0.03142,*
M7vsM8_anom_12m,natural_breaks,Relative Disturbance,WUE,Low,35,-0.06573,57.1,0.1569,0.2277,ns
M7vsM8_anom_12m,natural_breaks,Relative Disturbance,uWUE,Low,35,-0.03971,54.3,0.1143,0.1905,ns
M7vsM8_anom_12m,natural_breaks,Relative Disturbance,ETmax,High,23,0.0028,39.1,0.9543,0.9921,ns
M7vsM8_anom_12m,natural_breaks,Relative Disturbance,GPPsat,High,23,-0.39126,73.9,0.06609,0.1652,ns
M7vsM8_anom_12m,natural_breaks,Relative Disturbance,NEPmax,High,23,-0.62609,78.3,0.01083,0.07815,ns
M7vsM8_anom_12m,natural_breaks,Relative Disturbance,WUE,High,23,0.00034,47.8,0.2015,0.2736,ns
M7vsM8_anom_12m,natural_breaks,Relative Disturbance,uWUE,High,23,-0.01577,56.5,0.1541,0.2277,ns
M7vsM8_anom_24m,tertiles,Absolute Mortality,ETmax,High,31,0.00111,45.2,0.9134,0.9134,ns
M7vsM8_anom_24m,tertiles,Absolute Mortality,GPPsat,High,31,-0.34908,64.5,0.0695,0.2606,ns
M7vsM8_anom_24m,tertiles,Absolute Mortality,NEPmax,High,31,-0.66161,77.4,0.0003886,0.008743,**
M7vsM8_anom_24m,tertiles,Absolute Mortality,WUE,High,31,-0.03005,61.3,0.1103,0.3121,ns
M7vsM8_anom_24m,tertiles,Absolute Mortality,uWUE,High,31,-0.01505,58.1,0.2558,0.4148,ns
M7vsM8_anom_24m,tertiles,Absolute Mortality,ETmax,Mid,31,0.00068,45.2,0.5815,0.6542,ns
M7vsM8_anom_24m,tertiles,Absolute Mortality,GPPsat,Mid,31,-0.07777,54.8,0.4262,0.5183,ns
M7vsM8_anom_24m,tertiles,Absolute Mortality,NEPmax,Mid,31,-0.46564,61.3,0.1103,0.3121,ns
M7vsM8_anom_24m,tertiles,Absolute Mortality,WUE,Mid,31,0.00856,48.4,0.4108,0.5136,ns
M7vsM8_anom_24m,tertiles,Absolute Mortality,uWUE,Mid,31,-0.01459,58.1,0.295,0.4148,ns
M7vsM8_anom_24m,tertiles,Absolute Mortality,ETmax,Low,31,-0.00071,58.1,0.1863,0.3992,ns
M7vsM8_anom_24m,tertiles,Absolute Mortality,GPPsat,Low,31,-0.42194,61.3,0.04692,0.2111,ns
M7vsM8_anom_24m,tertiles,Absolute Mortality,NEPmax,Low,31,-0.7993,74.2,0.0008297,0.01245,*
M7vsM8_anom_24m,tertiles,Absolute Mortality,WUE,Low,31,-0.02872,61.3,0.1428,0.3569,ns
M7vsM8_anom_24m,tertiles,Absolute Mortality,uWUE,Low,31,0.00481,45.2,0.3296,0.4363,ns
M7vsM8_anom_24m,tertiles,Relative Mortality,ETmax,High,31,0.00102,45.2,0.8084,0.8268,ns
M7vsM8_anom_24m,tertiles,Relative Mortality,GPPsat,High,31,-0.34908,61.3,0.295,0.4148,ns
M7vsM8_anom_24m,tertiles,Relative Mortality,NEPmax,High,31,-0.60052,74.2,0.003962,0.04457,*
M7vsM8_anom_24m,tertiles,Relative Mortality,WUE,High,31,-0.00226,51.6,0.4571,0.5274,ns
M7vsM8_anom_24m,tertiles,Relative Mortality,uWUE,High,31,-0.01505,58.1,0.3296,0.4363,ns
M7vsM8_anom_24m,tertiles,Relative Mortality,ETmax,Mid,31,0.00077,45.2,0.6342,0.6795,ns
M7vsM8_anom_24m,tertiles,Relative Mortality,GPPsat,Mid,31,-0.62413,64.5,0.03807,0.1904,ns
M7vsM8_anom_24m,tertiles,Relative Mortality,NEPmax,Mid,31,-0.7993,71,0.005274,0.04676,*
M7vsM8_anom_24m,tertiles,Relative Mortality,WUE,Mid,31,-0.02465,54.8,0.1141,0.3121,ns
M7vsM8_anom_24m,tertiles,Relative Mortality,uWUE,Mid,31,-0.01085,51.6,0.1863,0.3992,ns
M7vsM8_anom_24m,tertiles,Relative Mortality,ETmax,Low,31,-0.00071,58.1,0.2816,0.4148,ns
M7vsM8_anom_24m,tertiles,Relative Mortality,GPPsat,Low,31,-0.05764,54.8,0.2685,0.4148,ns
M7vsM8_anom_24m,tertiles,Relative Mortality,NEPmax,Low,31,-0.45276,67.7,0.006235,0.04676,*
M7vsM8_anom_24m,tertiles,Relative Mortality,WUE,Low,31,-0.03006,64.5,0.1031,0.3121,ns
M7vsM8_anom_24m,tertiles,Relative Mortality,uWUE,Low,31,-0.0085,51.6,0.2685,0.4148,ns
M7vsM8_anom_24m,tertiles,Relative Disturbance,ETmax,High,31,3e-04,48.4,0.725,0.7587,ns
M7vsM8_anom_24m,tertiles,Relative Disturbance,GPPsat,High,31,-0.34908,61.3,0.2816,0.4148,ns
M7vsM8_anom_24m,tertiles,Relative Disturbance,NEPmax,High,31,-0.60052,71,0.01181,0.07589,ns
M7vsM8_anom_24m,tertiles,Relative Disturbance,WUE,High,31,-0.01263,54.8,0.3512,0.4515,ns
M7vsM8_anom_24m,tertiles,Relative Disturbance,uWUE,High,31,-0.0133,58.1,0.2816,0.4148,ns
M7vsM8_anom_24m,tertiles,Relative Disturbance,ETmax,Mid,31,0.00035,48.4,0.4571,0.5274,ns
M7vsM8_anom_24m,tertiles,Relative Disturbance,GPPsat,Mid,31,-0.22048,64.5,0.05512,0.2255,ns
M7vsM8_anom_24m,tertiles,Relative Disturbance,NEPmax,Mid,31,-0.7993,74.2,0.0001616,0.007272,**
M7vsM8_anom_24m,tertiles,Relative Disturbance,WUE,Mid,31,-0.00941,51.6,0.1709,0.3992,ns
M7vsM8_anom_24m,tertiles,Relative Disturbance,uWUE,Mid,31,-0.01505,51.6,0.2194,0.4148,ns
M7vsM8_anom_24m,tertiles,Relative Disturbance,ETmax,Low,31,-5e-05,51.6,0.6043,0.6633,ns
M7vsM8_anom_24m,tertiles,Relative Disturbance,GPPsat,Low,31,-0.05764,54.8,0.2194,0.4148,ns
M7vsM8_anom_24m,tertiles,Relative Disturbance,NEPmax,Low,31,-0.39865,67.7,0.01844,0.1037,ns
M7vsM8_anom_24m,tertiles,Relative Disturbance,WUE,Low,31,-0.03006,64.5,0.1179,0.3121,ns
M7vsM8_anom_24m,tertiles,Relative Disturbance,uWUE,Low,31,-0.0085,51.6,0.2685,0.4148,ns
M7vsM8_anom_24m,equal_width,Absolute Mortality,ETmax,Mid,35,0.00142,37.1,0.933,0.933,ns
M7vsM8_anom_24m,equal_width,Absolute Mortality,GPPsat,Mid,35,-0.02167,54.3,0.4253,0.5725,ns
M7vsM8_anom_24m,equal_width,Absolute Mortality,NEPmax,Mid,35,-0.68091,71.4,0.0005117,0.00597,**
M7vsM8_anom_24m,equal_width,Absolute Mortality,WUE,Mid,35,-0.03005,60,0.09095,0.2449,ns
M7vsM8_anom_24m,equal_width,Absolute Mortality,uWUE,Mid,35,-0.02192,60,0.1774,0.3104,ns
M7vsM8_anom_24m,equal_width,Absolute Mortality,ETmax,Low,53,-0.00126,58.5,0.1178,0.2748,ns
M7vsM8_anom_24m,equal_width,Absolute Mortality,GPPsat,Low,53,-0.42194,62.3,0.03981,0.1367,ns
M7vsM8_anom_24m,equal_width,Absolute Mortality,NEPmax,Low,53,-0.73687,69.8,0.001232,0.01078,*
M7vsM8_anom_24m,equal_width,Absolute Mortality,WUE,Low,53,-0.02022,56.6,0.1323,0.2803,ns
M7vsM8_anom_24m,equal_width,Absolute Mortality,uWUE,Low,53,-0.0133,52.8,0.1461,0.284,ns
M7vsM8_anom_24m,equal_width,Absolute Mortality,ETmax,High,5,0.00971,40,,,""
M7vsM8_anom_24m,equal_width,Absolute Mortality,GPPsat,High,5,-1.34085,80,,,""
M7vsM8_anom_24m,equal_width,Absolute Mortality,NEPmax,High,5,-0.10105,80,,,""
M7vsM8_anom_24m,equal_width,Absolute Mortality,WUE,High,5,0.04608,40,,,""
M7vsM8_anom_24m,equal_width,Absolute Mortality,uWUE,High,5,0.10994,20,,,""
M7vsM8_anom_24m,equal_width,Relative Mortality,ETmax,Mid,33,3e-04,48.5,0.4929,0.5837,ns
M7vsM8_anom_24m,equal_width,Relative Mortality,GPPsat,Mid,33,-0.20707,57.6,0.4082,0.5714,ns
M7vsM8_anom_24m,equal_width,Relative Mortality,NEPmax,Mid,33,-0.47722,66.7,0.02174,0.1268,ns
M7vsM8_anom_24m,equal_width,Relative Mortality,WUE,Mid,33,-0.00941,54.5,0.4644,0.5805,ns
M7vsM8_anom_24m,equal_width,Relative Mortality,uWUE,Mid,33,-0.01505,60.6,0.3406,0.5182,ns
M7vsM8_anom_24m,equal_width,Relative Mortality,ETmax,Low,53,-5e-05,50.9,0.5177,0.5837,ns
M7vsM8_anom_24m,equal_width,Relative Mortality,GPPsat,Low,53,-0.22048,60.4,0.03478,0.1367,ns
M7vsM8_anom_24m,equal_width,Relative Mortality,NEPmax,Low,53,-0.79702,71.7,0.0001371,0.004799,**
M7vsM8_anom_24m,equal_width,Relative Mortality,WUE,Low,53,-0.03006,60.4,0.03151,0.1367,ns
M7vsM8_anom_24m,equal_width,Relative Mortality,uWUE,Low,53,-0.0085,50.9,0.1178,0.2748,ns
M7vsM8_anom_24m,equal_width,Relative Mortality,ETmax,High,7,0.00241,42.9,0.8641,0.8895,ns
M7vsM8_anom_24m,equal_width,Relative Mortality,GPPsat,High,7,-1.34085,71.4,0.1763,0.3104,ns
M7vsM8_anom_24m,equal_width,Relative Mortality,NEPmax,High,7,-1.96638,85.7,0.03796,0.1367,ns
M7vsM8_anom_24m,equal_width,Relative Mortality,WUE,High,7,0.04608,42.9,0.3999,0.5714,ns
M7vsM8_anom_24m,equal_width,Relative Mortality,uWUE,High,7,0.00605,42.9,0.5337,0.5837,ns
M7vsM8_anom_24m,equal_width,Relative Disturbance,ETmax,Mid,35,-0.00104,51.4,0.3321,0.5182,ns
M7vsM8_anom_24m,equal_width,Relative Disturbance,GPPsat,Mid,35,-0.34908,62.9,0.2381,0.3968,ns
M7vsM8_anom_24m,equal_width,Relative Disturbance,NEPmax,Mid,35,-0.56373,71.4,0.007169,0.05018,ns
M7vsM8_anom_24m,equal_width,Relative Disturbance,WUE,Mid,35,-0.00226,51.4,0.5033,0.5837,ns
M7vsM8_anom_24m,equal_width,Relative Disturbance,uWUE,Mid,35,-0.0133,57.1,0.4576,0.5805,ns
M7vsM8_anom_24m,equal_width,Relative Disturbance,ETmax,Low,53,0.00011,49.1,0.7381,0.7828,ns
M7vsM8_anom_24m,equal_width,Relative Disturbance,GPPsat,Low,53,-0.18269,58.5,0.04295,0.1367,ns
M7vsM8_anom_24m,equal_width,Relative Disturbance,NEPmax,Low,53,-0.70844,69.8,0.0002964,0.005187,**
M7vsM8_anom_24m,equal_width,Relative Disturbance,WUE,Low,53,-0.02963,60.4,0.05261,0.1534,ns
M7vsM8_anom_24m,equal_width,Relative Disturbance,uWUE,Low,53,-0.0085,50.9,0.1362,0.2803,ns
M7vsM8_anom_24m,equal_width,Relative Disturbance,ETmax,High,5,0.00241,40,,,""
M7vsM8_anom_24m,equal_width,Relative Disturbance,GPPsat,High,5,-0.3966,60,,,""
M7vsM8_anom_24m,equal_width,Relative Disturbance,NEPmax,High,5,-2.30297,80,,,""
M7vsM8_anom_24m,equal_width,Relative Disturbance,WUE,High,5,-0.13393,60,,,""
M7vsM8_anom_24m,equal_width,Relative Disturbance,uWUE,High,5,-0.17976,60,,,""
M7vsM8_anom_24m,natural_breaks,Absolute Mortality,ETmax,High,20,-0.00076,55,0.7667,0.7841,ns
M7vsM8_anom_24m,natural_breaks,Absolute Mortality,GPPsat,High,20,-0.42426,60,0.1523,0.3525,ns
M7vsM8_anom_24m,natural_breaks,Absolute Mortality,NEPmax,High,20,-0.63106,70,0.01084,0.06183,ns
M7vsM8_anom_24m,natural_breaks,Absolute Mortality,WUE,High,20,-0.01696,60,0.2941,0.4018,ns
M7vsM8_anom_24m,natural_breaks,Absolute Mortality,uWUE,High,20,-0.00341,50,0.4041,0.4915,ns
M7vsM8_anom_24m,natural_breaks,Absolute Mortality,ETmax,Mid,43,0.00102,41.9,0.7369,0.7756,ns
M7vsM8_anom_24m,natural_breaks,Absolute Mortality,GPPsat,Mid,43,-0.20707,60.5,0.1907,0.373,ns
M7vsM8_anom_24m,natural_breaks,Absolute Mortality,NEPmax,Mid,43,-0.47722,67.4,0.0142,0.07102,ns
M7vsM8_anom_24m,natural_breaks,Absolute Mortality,WUE,Mid,43,-0.02465,53.5,0.1567,0.3525,ns
M7vsM8_anom_24m,natural_breaks,Absolute Mortality,uWUE,Mid,43,-0.02192,62.8,0.1481,0.3525,ns
M7vsM8_anom_24m,natural_breaks,Absolute Mortality,ETmax,Low,30,-0.00053,56.7,0.2295,0.4018,ns
M7vsM8_anom_24m,natural_breaks,Absolute Mortality,GPPsat,Low,30,-0.32121,60,0.06931,0.3119,ns
M7vsM8_anom_24m,natural_breaks,Absolute Mortality,NEPmax,Low,30,-0.81953,76.7,0.0003197,0.01439,*
M7vsM8_anom_24m,natural_breaks,Absolute Mortality,WUE,Low,30,-0.02493,60,0.1471,0.3525,ns
M7vsM8_anom_24m,natural_breaks,Absolute Mortality,uWUE,Low,30,0.01228,43.3,0.3329,0.428,ns
M7vsM8_anom_24m,natural_breaks,Relative Mortality,ETmax,High,26,0.00092,46.2,0.8452,0.8452,ns
M7vsM8_anom_24m,natural_breaks,Relative Mortality,GPPsat,High,26,-0.37284,61.5,0.2627,0.4018,ns
M7vsM8_anom_24m,natural_breaks,Relative Mortality,NEPmax,High,26,-0.63106,73.1,0.00738,0.06156,ns
M7vsM8_anom_24m,natural_breaks,Relative Mortality,WUE,High,26,-0.00745,53.8,0.4595,0.5302,ns
M7vsM8_anom_24m,natural_breaks,Relative Mortality,uWUE,High,26,-0.01308,53.8,0.4495,0.5302,ns
M7vsM8_anom_24m,natural_breaks,Relative Mortality,ETmax,Mid,32,-0.00014,50,0.3035,0.4018,ns
M7vsM8_anom_24m,natural_breaks,Relative Mortality,GPPsat,Mid,32,-0.19488,59.4,0.1725,0.3697,ns
M7vsM8_anom_24m,natural_breaks,Relative Mortality,NEPmax,Mid,32,-0.73897,68.8,0.01099,0.06183,ns
M7vsM8_anom_24m,natural_breaks,Relative Mortality,WUE,Mid,32,-0.02103,53.1,0.1251,0.3525,ns
M7vsM8_anom_24m,natural_breaks,Relative Mortality,uWUE,Mid,32,-0.01849,56.2,0.1872,0.373,ns
M7vsM8_anom_24m,natural_breaks,Relative Mortality,ETmax,Low,35,-5e-05,51.4,0.6065,0.6823,ns
M7vsM8_anom_24m,natural_breaks,Relative Mortality,GPPsat,Low,35,-0.42194,60,0.07827,0.3202,ns
M7vsM8_anom_24m,natural_breaks,Relative Mortality,NEPmax,Low,35,-0.70844,71.4,0.00173,0.02594,*
M7vsM8_anom_24m,natural_breaks,Relative Mortality,WUE,Low,35,-0.02963,62.9,0.1175,0.3525,ns
M7vsM8_anom_24m,natural_breaks,Relative Mortality,uWUE,Low,35,-0.0085,51.4,0.2183,0.4018,ns
M7vsM8_anom_24m,natural_breaks,Relative Disturbance,ETmax,Mid,35,3e-04,48.6,0.3747,0.4684,ns
M7vsM8_anom_24m,natural_breaks,Relative Disturbance,GPPsat,Mid,35,-0.22048,65.7,0.09366,0.3242,ns
M7vsM8_anom_24m,natural_breaks,Relative Disturbance,NEPmax,Mid,35,-0.61095,65.7,0.007502,0.06156,ns
M7vsM8_anom_24m,natural_breaks,Relative Disturbance,WUE,Mid,35,-0.00941,51.4,0.2805,0.4018,ns
M7vsM8_anom_24m,natural_breaks,Relative Disturbance,uWUE,Mid,35,-0.02192,54.3,0.233,0.4018,ns
M7vsM8_anom_24m,natural_breaks,Relative Disturbance,ETmax,Low,35,0.00011,48.6,0.7412,0.7756,ns
M7vsM8_anom_24m,natural_breaks,Relative Disturbance,GPPsat,Low,35,-2e-04,51.4,0.275,0.4018,ns
M7vsM8_anom_24m,natural_breaks,Relative Disturbance,NEPmax,Low,35,-0.45276,68.6,0.008208,0.06156,ns
M7vsM8_anom_24m,natural_breaks,Relative Disturbance,WUE,Low,35,-0.03006,62.9,0.09095,0.3242,ns
M7vsM8_anom_24m,natural_breaks,Relative Disturbance,uWUE,Low,35,-0.0085,51.4,0.2805,0.4018,ns
M7vsM8_anom_24m,natural_breaks,Relative Disturbance,ETmax,High,23,-0.00048,52.2,0.7335,0.7756,ns
M7vsM8_anom_24m,natural_breaks,Relative Disturbance,GPPsat,High,23,-0.51853,65.2,0.127,0.3525,ns
M7vsM8_anom_24m,natural_breaks,Relative Disturbance,NEPmax,High,23,-0.76189,82.6,0.001511,0.02594,*
M7vsM8_anom_24m,natural_breaks,Relative Disturbance,WUE,High,23,-0.01263,56.5,0.2973,0.4018,ns
M7vsM8_anom_24m,natural_breaks,Relative Disturbance,uWUE,High,23,-0.01287,56.5,0.2469,0.4018,ns
