unit,method,metric,response,category,n,median_dRMSE,pct_sites_improved,p_onesided_wilcoxon,q_BH,sig
M1vsM2_12m,tertiles,Absolute Mortality,ETmax,High,22,0.00048,45.5,0.4871,0.8352,ns
M1vsM2_12m,tertiles,Absolute Mortality,GPPsat,High,22,-0.61993,59.1,0.2085,0.8352,ns
M1vsM2_12m,tertiles,Absolute Mortality,NEPmax,High,22,-0.73045,72.7,0.05583,0.8352,ns
M1vsM2_12m,tertiles,Absolute Mortality,WUE,High,22,-0.00453,54.5,0.5388,0.8352,ns
M1vsM2_12m,tertiles,Absolute Mortality,uWUE,High,22,-0.00151,50,0.7821,0.8584,ns
M1vsM2_12m,tertiles,Absolute Mortality,ETmax,Mid,21,0.00043,47.6,0.8076,0.8652,ns
M1vsM2_12m,tertiles,Absolute Mortality,GPPsat,Mid,21,-0.3806,66.7,0.3383,0.8352,ns
M1vsM2_12m,tertiles,Absolute Mortality,NEPmax,Mid,21,0.02415,47.6,0.5553,0.8352,ns
M1vsM2_12m,tertiles,Absolute Mortality,WUE,Mid,21,-0.00695,57.1,0.4174,0.8352,ns
M1vsM2_12m,tertiles,Absolute Mortality,uWUE,Mid,21,-0.00829,57.1,0.3905,0.8352,ns
M1vsM2_12m,tertiles,Absolute Mortality,ETmax,Low,22,0.00083,40.9,0.6149,0.8352,ns
M1vsM2_12m,tertiles,Absolute Mortality,GPPsat,Low,22,0.29861,36.4,0.7724,0.8584,ns
M1vsM2_12m,tertiles,Absolute Mortality,NEPmax,Low,22,-0.82899,63.6,0.1148,0.8352,ns
M1vsM2_12m,tertiles,Absolute Mortality,WUE,Low,22,-0.01579,59.1,0.3727,0.8352,ns
M1vsM2_12m,tertiles,Absolute Mortality,uWUE,Low,22,-0.00812,59.1,0.4612,0.8352,ns
M1vsM2_12m,tertiles,Relative Mortality,ETmax,High,22,-0.00089,54.5,0.3365,0.8352,ns
M1vsM2_12m,tertiles,Relative Mortality,GPPsat,High,22,-0.64632,63.6,0.1993,0.8352,ns
M1vsM2_12m,tertiles,Relative Mortality,NEPmax,High,22,-0.96208,68.2,0.1571,0.8352,ns
M1vsM2_12m,tertiles,Relative Mortality,WUE,High,22,-0.00453,54.5,0.6753,0.8352,ns
M1vsM2_12m,tertiles,Relative Mortality,uWUE,High,22,-0.0113,54.5,0.6273,0.8352,ns
M1vsM2_12m,tertiles,Relative Mortality,ETmax,Mid,21,0.00118,28.6,0.9881,0.9881,ns
M1vsM2_12m,tertiles,Relative Mortality,GPPsat,Mid,21,0.48417,47.6,0.867,0.9073,ns
M1vsM2_12m,tertiles,Relative Mortality,NEPmax,Mid,21,0.02415,47.6,0.569,0.8352,ns
M1vsM2_12m,tertiles,Relative Mortality,WUE,Mid,21,-0.02339,66.7,0.1406,0.8352,ns
M1vsM2_12m,tertiles,Relative Mortality,uWUE,Mid,21,0.01023,47.6,0.6617,0.8352,ns
M1vsM2_12m,tertiles,Relative Mortality,ETmax,Low,22,-1e-05,50,0.4228,0.8352,ns
M1vsM2_12m,tertiles,Relative Mortality,GPPsat,Low,22,-0.05878,50,0.3017,0.8352,ns
M1vsM2_12m,tertiles,Relative Mortality,NEPmax,Low,22,-0.82899,68.2,0.03453,0.8352,ns
M1vsM2_12m,tertiles,Relative Mortality,WUE,Low,22,0.00202,50,0.5772,0.8352,ns
M1vsM2_12m,tertiles,Relative Mortality,uWUE,Low,22,-0.01123,63.6,0.3605,0.8352,ns
M1vsM2_12m,tertiles,Relative Disturbance,ETmax,High,22,-0.00089,54.5,0.2905,0.8352,ns
M1vsM2_12m,tertiles,Relative Disturbance,GPPsat,High,22,-0.61993,63.6,0.2085,0.8352,ns
M1vsM2_12m,tertiles,Relative Disturbance,NEPmax,High,22,-0.73045,68.2,0.1904,0.8352,ns
M1vsM2_12m,tertiles,Relative Disturbance,WUE,High,22,-0.00453,54.5,0.6395,0.8352,ns
M1vsM2_12m,tertiles,Relative Disturbance,uWUE,High,22,-0.00151,50,0.7205,0.8532,ns
M1vsM2_12m,tertiles,Relative Disturbance,ETmax,Mid,21,0.00118,28.6,0.9815,0.9881,ns
M1vsM2_12m,tertiles,Relative Disturbance,GPPsat,Mid,21,-0.14227,57.1,0.6867,0.8352,ns
M1vsM2_12m,tertiles,Relative Disturbance,NEPmax,Mid,21,-0.36348,52.4,0.2658,0.8352,ns
M1vsM2_12m,tertiles,Relative Disturbance,WUE,Mid,21,-0.02339,66.7,0.05493,0.8352,ns
M1vsM2_12m,tertiles,Relative Disturbance,uWUE,Mid,21,-0.00562,52.4,0.4861,0.8352,ns
M1vsM2_12m,tertiles,Relative Disturbance,ETmax,Low,22,0.00027,50,0.5388,0.8352,ns
M1vsM2_12m,tertiles,Relative Disturbance,GPPsat,Low,22,0.10089,40.9,0.5259,0.8352,ns
M1vsM2_12m,tertiles,Relative Disturbance,NEPmax,Low,22,-0.82899,63.6,0.1087,0.8352,ns
M1vsM2_12m,tertiles,Relative Disturbance,WUE,Low,22,0.00202,50,0.7625,0.8584,ns
M1vsM2_12m,tertiles,Relative Disturbance,uWUE,Low,22,-0.01123,63.6,0.4355,0.8352,ns
M1vsM2_12m,equal_width,Absolute Mortality,ETmax,Mid,21,-0.00028,52.4,0.2891,0.7225,ns
M1vsM2_12m,equal_width,Absolute Mortality,GPPsat,Mid,21,-0.80708,61.9,0.06751,0.6809,ns
M1vsM2_12m,equal_width,Absolute Mortality,NEPmax,Mid,21,-1.08739,81,0.007486,0.2995,ns
M1vsM2_12m,equal_width,Absolute Mortality,WUE,Mid,21,-0.00532,57.1,0.3905,0.7225,ns
M1vsM2_12m,equal_width,Absolute Mortality,uWUE,Mid,21,-0.00562,52.4,0.6743,0.8395,ns
M1vsM2_12m,equal_width,Absolute Mortality,ETmax,Low,41,7e-04,41.5,0.8589,0.8641,ns
M1vsM2_12m,equal_width,Absolute Mortality,GPPsat,Low,41,-0.08633,51.2,0.6072,0.8376,ns
M1vsM2_12m,equal_width,Absolute Mortality,NEPmax,Low,41,-0.36348,53.7,0.2543,0.7225,ns
M1vsM2_12m,equal_width,Absolute Mortality,WUE,Low,41,-0.01329,58.5,0.3112,0.7225,ns
M1vsM2_12m,equal_width,Absolute Mortality,uWUE,Low,41,-0.01009,58.5,0.3392,0.7225,ns
M1vsM2_12m,equal_width,Absolute Mortality,ETmax,High,3,0.00278,33.3,,,""
M1vsM2_12m,equal_width,Absolute Mortality,GPPsat,High,3,0.97605,33.3,,,""
M1vsM2_12m,equal_width,Absolute Mortality,NEPmax,High,3,1.49795,33.3,,,""
M1vsM2_12m,equal_width,Absolute Mortality,WUE,High,3,0.04375,33.3,,,""
M1vsM2_12m,equal_width,Absolute Mortality,uWUE,High,3,0.08117,33.3,,,""
M1vsM2_12m,equal_width,Relative Mortality,ETmax,Mid,26,8e-05,50,0.4696,0.7225,ns
M1vsM2_12m,equal_width,Relative Mortality,GPPsat,Mid,26,-0.23988,57.7,0.2545,0.7225,ns
M1vsM2_12m,equal_width,Relative Mortality,NEPmax,Mid,26,-0.52101,65.4,0.08511,0.6809,ns
M1vsM2_12m,equal_width,Relative Mortality,WUE,Mid,26,-0.00947,53.8,0.4294,0.7225,ns
M1vsM2_12m,equal_width,Relative Mortality,uWUE,Mid,26,-0.00865,53.8,0.5706,0.8376,ns
M1vsM2_12m,equal_width,Relative Mortality,ETmax,Low,32,0.00079,43.8,0.7345,0.8395,ns
M1vsM2_12m,equal_width,Relative Mortality,GPPsat,Low,32,-0.15538,53.1,0.337,0.7225,ns
M1vsM2_12m,equal_width,Relative Mortality,NEPmax,Low,32,-0.62899,59.4,0.07107,0.6809,ns
M1vsM2_12m,equal_width,Relative Mortality,WUE,Low,32,-0.01012,59.4,0.3577,0.7225,ns
M1vsM2_12m,equal_width,Relative Mortality,uWUE,Low,32,-0.00919,59.4,0.4516,0.7225,ns
M1vsM2_12m,equal_width,Relative Mortality,ETmax,High,7,0.00278,28.6,0.8641,0.8641,ns
M1vsM2_12m,equal_width,Relative Mortality,GPPsat,High,7,0.58284,42.9,0.7766,0.8395,ns
M1vsM2_12m,equal_width,Relative Mortality,NEPmax,High,7,-0.52978,57.1,0.7766,0.8395,ns
M1vsM2_12m,equal_width,Relative Mortality,WUE,High,7,-0.00532,57.1,0.6637,0.8395,ns
M1vsM2_12m,equal_width,Relative Mortality,uWUE,High,7,0.00791,42.9,0.7229,0.8395,ns
M1vsM2_12m,equal_width,Relative Disturbance,ETmax,Mid,27,0.00061,40.7,0.7456,0.8395,ns
M1vsM2_12m,equal_width,Relative Disturbance,GPPsat,Mid,27,-0.27145,63,0.3112,0.7225,ns
M1vsM2_12m,equal_width,Relative Disturbance,NEPmax,Mid,27,-0.36348,59.3,0.1775,0.7225,ns
M1vsM2_12m,equal_width,Relative Disturbance,WUE,Mid,27,-0.00212,51.9,0.457,0.7225,ns
M1vsM2_12m,equal_width,Relative Disturbance,uWUE,Mid,27,0.01023,48.1,0.8464,0.8641,ns
M1vsM2_12m,equal_width,Relative Disturbance,ETmax,High,9,-0.00138,55.6,0.3611,0.7225,ns
M1vsM2_12m,equal_width,Relative Disturbance,GPPsat,High,9,0.28793,44.4,0.5936,0.8376,ns
M1vsM2_12m,equal_width,Relative Disturbance,NEPmax,High,9,-0.83676,66.7,0.4528,0.7225,ns
M1vsM2_12m,equal_width,Relative Disturbance,WUE,High,9,-0.01059,66.7,0.4528,0.7225,ns
M1vsM2_12m,equal_width,Relative Disturbance,uWUE,High,9,-0.01093,55.6,0.4528,0.7225,ns
M1vsM2_12m,equal_width,Relative Disturbance,ETmax,Low,29,0.00096,44.8,0.7487,0.8395,ns
M1vsM2_12m,equal_width,Relative Disturbance,GPPsat,Low,29,0.02471,48.3,0.3976,0.7225,ns
M1vsM2_12m,equal_width,Relative Disturbance,NEPmax,Low,29,-0.81631,62.1,0.0737,0.6809,ns
M1vsM2_12m,equal_width,Relative Disturbance,WUE,Low,29,-0.01329,58.6,0.4144,0.7225,ns
M1vsM2_12m,equal_width,Relative Disturbance,uWUE,Low,29,-0.01238,62.1,0.2944,0.7225,ns
M1vsM2_12m,natural_breaks,Absolute Mortality,ETmax,High,14,-0.00047,50,0.3532,0.8106,ns
M1vsM2_12m,natural_breaks,Absolute Mortality,GPPsat,High,14,-0.66531,57.1,0.2449,0.8106,ns
M1vsM2_12m,natural_breaks,Absolute Mortality,NEPmax,High,14,-1.00084,71.4,0.1292,0.8106,ns
M1vsM2_12m,natural_breaks,Absolute Mortality,WUE,High,14,-0.00453,57.1,0.6698,0.8106,ns
M1vsM2_12m,natural_breaks,Absolute Mortality,uWUE,High,14,-0.00151,50,0.7551,0.8287,ns
M1vsM2_12m,natural_breaks,Absolute Mortality,ETmax,Mid,32,0.00056,43.8,0.8227,0.8814,ns
M1vsM2_12m,natural_breaks,Absolute Mortality,GPPsat,Mid,32,-0.38767,65.6,0.1872,0.8106,ns
M1vsM2_12m,natural_breaks,Absolute Mortality,NEPmax,Mid,32,-0.39647,59.4,0.1411,0.8106,ns
M1vsM2_12m,natural_breaks,Absolute Mortality,WUE,Mid,32,-0.00453,53.1,0.4665,0.8106,ns
M1vsM2_12m,natural_breaks,Absolute Mortality,uWUE,Mid,32,-0.00588,56.2,0.4739,0.8106,ns
M1vsM2_12m,natural_breaks,Absolute Mortality,ETmax,Low,19,0.00096,42.1,0.6338,0.8106,ns
M1vsM2_12m,natural_breaks,Absolute Mortality,GPPsat,Low,19,0.46976,31.6,0.9234,0.9664,ns
M1vsM2_12m,natural_breaks,Absolute Mortality,NEPmax,Low,19,-0.73284,57.9,0.2935,0.8106,ns
M1vsM2_12m,natural_breaks,Absolute Mortality,WUE,Low,19,-0.01829,63.2,0.2664,0.8106,ns
M1vsM2_12m,natural_breaks,Absolute Mortality,uWUE,Low,19,-0.01741,57.9,0.3814,0.8106,ns
M1vsM2_12m,natural_breaks,Relative Mortality,ETmax,High,23,-0.00041,52.2,0.3519,0.8106,ns
M1vsM2_12m,natural_breaks,Relative Mortality,GPPsat,High,23,-0.48556,60.9,0.219,0.8106,ns
M1vsM2_12m,natural_breaks,Relative Mortality,NEPmax,High,23,-1.05474,69.6,0.1335,0.8106,ns
M1vsM2_12m,natural_breaks,Relative Mortality,WUE,High,23,-0.00532,56.5,0.6367,0.8106,ns
M1vsM2_12m,natural_breaks,Relative Mortality,uWUE,High,23,-0.01093,52.2,0.6813,0.8106,ns
M1vsM2_12m,natural_breaks,Relative Mortality,ETmax,Mid,18,0.00136,27.8,0.9853,0.9853,ns
M1vsM2_12m,natural_breaks,Relative Mortality,GPPsat,Mid,18,-0.13113,55.6,0.6684,0.8106,ns
M1vsM2_12m,natural_breaks,Relative Mortality,NEPmax,Mid,18,-0.03747,50,0.5,0.8106,ns
M1vsM2_12m,natural_breaks,Relative Mortality,WUE,Mid,18,-0.02655,66.7,0.1113,0.8106,ns
M1vsM2_12m,natural_breaks,Relative Mortality,uWUE,Mid,18,-0.00696,55.6,0.3316,0.8106,ns
M1vsM2_12m,natural_breaks,Relative Mortality,ETmax,Low,24,-1e-05,50,0.4488,0.8106,ns
M1vsM2_12m,natural_breaks,Relative Mortality,GPPsat,Low,24,0.04951,45.8,0.5171,0.8106,ns
M1vsM2_12m,natural_breaks,Relative Mortality,NEPmax,Low,24,-0.77457,62.5,0.09199,0.8106,ns
M1vsM2_12m,natural_breaks,Relative Mortality,WUE,Low,24,0.00202,50,0.6179,0.8106,ns
M1vsM2_12m,natural_breaks,Relative Mortality,uWUE,Low,24,-0.00812,58.3,0.6395,0.8106,ns
M1vsM2_12m,natural_breaks,Relative Disturbance,ETmax,High,22,-0.00089,54.5,0.2905,0.8106,ns
M1vsM2_12m,natural_breaks,Relative Disturbance,GPPsat,High,22,-0.61993,63.6,0.2085,0.8106,ns
M1vsM2_12m,natural_breaks,Relative Disturbance,NEPmax,High,22,-0.73045,68.2,0.1904,0.8106,ns
M1vsM2_12m,natural_breaks,Relative Disturbance,WUE,High,22,-0.00453,54.5,0.6395,0.8106,ns
M1vsM2_12m,natural_breaks,Relative Disturbance,uWUE,High,22,-0.00151,50,0.7205,0.8106,ns
M1vsM2_12m,natural_breaks,Relative Disturbance,ETmax,Mid,20,0.00136,30,0.9771,0.9853,ns
M1vsM2_12m,natural_breaks,Relative Disturbance,GPPsat,Mid,20,-0.13113,55,0.7186,0.8106,ns
M1vsM2_12m,natural_breaks,Relative Disturbance,NEPmax,Mid,20,-0.39662,55,0.2568,0.8106,ns
M1vsM2_12m,natural_breaks,Relative Disturbance,WUE,Mid,20,-0.02249,65,0.08076,0.8106,ns
M1vsM2_12m,natural_breaks,Relative Disturbance,uWUE,Mid,20,-0.00696,55,0.4041,0.8106,ns
M1vsM2_12m,natural_breaks,Relative Disturbance,ETmax,Low,23,0.00041,47.8,0.5424,0.8106,ns
M1vsM2_12m,natural_breaks,Relative Disturbance,GPPsat,Low,23,0.07432,43.5,0.5061,0.8106,ns
M1vsM2_12m,natural_breaks,Relative Disturbance,NEPmax,Low,23,-0.81631,60.9,0.1148,0.8106,ns
M1vsM2_12m,natural_breaks,Relative Disturbance,WUE,Low,23,-0.00531,52.2,0.7027,0.8106,ns
M1vsM2_12m,natural_breaks,Relative Disturbance,uWUE,Low,23,-0.01009,60.9,0.5061,0.8106,ns
M1vsM2_24m,tertiles,Absolute Mortality,ETmax,High,22,0.00102,40.9,0.4483,0.8253,ns
M1vsM2_24m,tertiles,Absolute Mortality,GPPsat,High,22,-0.66561,63.6,0.1904,0.7316,ns
M1vsM2_24m,tertiles,Absolute Mortality,NEPmax,High,22,-0.74393,63.6,0.1027,0.7316,ns
M1vsM2_24m,tertiles,Absolute Mortality,WUE,High,22,-0.00304,50,0.5388,0.8586,ns
M1vsM2_24m,tertiles,Absolute Mortality,uWUE,High,22,-0.01841,59.1,0.3975,0.8253,ns
M1vsM2_24m,tertiles,Absolute Mortality,ETmax,Mid,21,0.00042,47.6,0.9008,0.9651,ns
M1vsM2_24m,tertiles,Absolute Mortality,GPPsat,Mid,21,-0.14593,61.9,0.2658,0.7973,ns
M1vsM2_24m,tertiles,Absolute Mortality,NEPmax,Mid,21,-0.29841,66.7,0.431,0.8253,ns
M1vsM2_24m,tertiles,Absolute Mortality,WUE,Mid,21,-0.01466,71.4,0.03273,0.7316,ns
M1vsM2_24m,tertiles,Absolute Mortality,uWUE,Mid,21,0.00161,47.6,0.4174,0.8253,ns
M1vsM2_24m,tertiles,Absolute Mortality,ETmax,Low,22,0.00092,40.9,0.6869,0.8586,ns
M1vsM2_24m,tertiles,Absolute Mortality,GPPsat,Low,22,0.08468,40.9,0.6635,0.8586,ns
M1vsM2_24m,tertiles,Absolute Mortality,NEPmax,Low,22,-0.55475,68.2,0.1027,0.7316,ns
M1vsM2_24m,tertiles,Absolute Mortality,WUE,Low,22,0.01972,31.8,0.9629,0.983,ns
M1vsM2_24m,tertiles,Absolute Mortality,uWUE,Low,22,0.01813,40.9,0.8506,0.9417,ns
M1vsM2_24m,tertiles,Relative Mortality,ETmax,High,22,0.00066,45.5,0.3727,0.8253,ns
M1vsM2_24m,tertiles,Relative Mortality,GPPsat,High,22,-0.74739,68.2,0.1571,0.7316,ns
M1vsM2_24m,tertiles,Relative Mortality,NEPmax,High,22,-0.80137,63.6,0.165,0.7316,ns
M1vsM2_24m,tertiles,Relative Mortality,WUE,High,22,-0.01081,63.6,0.1993,0.7316,ns
M1vsM2_24m,tertiles,Relative Mortality,uWUE,High,22,-0.01841,63.6,0.3365,0.8253,ns
M1vsM2_24m,tertiles,Relative Mortality,ETmax,Mid,21,0.00204,33.3,0.983,0.983,ns
M1vsM2_24m,tertiles,Relative Mortality,GPPsat,Mid,21,0.09743,42.9,0.8348,0.9417,ns
M1vsM2_24m,tertiles,Relative Mortality,NEPmax,Mid,21,-0.22365,61.9,0.4585,0.8253,ns
M1vsM2_24m,tertiles,Relative Mortality,WUE,Mid,21,0.00165,47.6,0.5553,0.8586,ns
M1vsM2_24m,tertiles,Relative Mortality,uWUE,Mid,21,0.01321,38.1,0.7565,0.9201,ns
M1vsM2_24m,tertiles,Relative Mortality,ETmax,Low,22,0.00024,50,0.5,0.8586,ns
M1vsM2_24m,tertiles,Relative Mortality,GPPsat,Low,22,-0.14318,54.5,0.1904,0.7316,ns
M1vsM2_24m,tertiles,Relative Mortality,NEPmax,Low,22,-0.55475,72.7,0.03979,0.7316,ns
M1vsM2_24m,tertiles,Relative Mortality,WUE,Low,22,0.0044,40.9,0.858,0.9417,ns
M1vsM2_24m,tertiles,Relative Mortality,uWUE,Low,22,0.0176,45.5,0.6753,0.8586,ns
M1vsM2_24m,tertiles,Relative Disturbance,ETmax,High,22,0.00102,40.9,0.5259,0.8586,ns
M1vsM2_24m,tertiles,Relative Disturbance,GPPsat,High,22,-0.66561,68.2,0.165,0.7316,ns
M1vsM2_24m,tertiles,Relative Disturbance,NEPmax,High,22,-0.7339,59.1,0.2276,0.7316,ns
M1vsM2_24m,tertiles,Relative Disturbance,WUE,High,22,-0.01081,63.6,0.2276,0.7316,ns
M1vsM2_24m,tertiles,Relative Disturbance,uWUE,High,22,-0.0155,59.1,0.4101,0.8253,ns
M1vsM2_24m,tertiles,Relative Disturbance,ETmax,Mid,21,0.00184,42.9,0.8515,0.9417,ns
M1vsM2_24m,tertiles,Relative Disturbance,GPPsat,Mid,21,0.01911,47.6,0.5961,0.8586,ns
M1vsM2_24m,tertiles,Relative Disturbance,NEPmax,Mid,21,-0.22365,71.4,0.2021,0.7316,ns
M1vsM2_24m,tertiles,Relative Disturbance,WUE,Mid,21,-0.00098,52.4,0.3257,0.8253,ns
M1vsM2_24m,tertiles,Relative Disturbance,uWUE,Mid,21,0.01321,42.9,0.6489,0.8586,ns
M1vsM2_24m,tertiles,Relative Disturbance,ETmax,Low,22,0.00064,45.5,0.6635,0.8586,ns
M1vsM2_24m,tertiles,Relative Disturbance,GPPsat,Low,22,0.00957,50,0.4228,0.8253,ns
M1vsM2_24m,tertiles,Relative Disturbance,NEPmax,Low,22,-0.73497,68.2,0.09704,0.7316,ns
M1vsM2_24m,tertiles,Relative Disturbance,WUE,Low,22,0.0116,36.4,0.9404,0.983,ns
M1vsM2_24m,tertiles,Relative Disturbance,uWUE,Low,22,0.01435,45.5,0.6149,0.8586,ns
M1vsM2_24m,equal_width,Absolute Mortality,ETmax,Mid,21,0.00041,47.6,0.3011,0.7084,ns
M1vsM2_24m,equal_width,Absolute Mortality,GPPsat,Mid,21,-0.75683,66.7,0.04427,0.6218,ns
M1vsM2_24m,equal_width,Absolute Mortality,NEPmax,Mid,21,-0.79134,71.4,0.01851,0.6218,ns
M1vsM2_24m,equal_width,Absolute Mortality,WUE,Mid,21,-0.01034,57.1,0.2021,0.6218,ns
M1vsM2_24m,equal_width,Absolute Mortality,uWUE,Mid,21,-0.01861,61.9,0.3011,0.7084,ns
M1vsM2_24m,equal_width,Absolute Mortality,ETmax,Low,41,0.00114,41.5,0.9025,0.9025,ns
M1vsM2_24m,equal_width,Absolute Mortality,GPPsat,Low,41,-0.01885,51.2,0.4484,0.8542,ns
M1vsM2_24m,equal_width,Absolute Mortality,NEPmax,Low,41,-0.50002,65.9,0.1754,0.6218,ns
M1vsM2_24m,equal_width,Absolute Mortality,WUE,Low,41,0.00165,48.8,0.6655,0.8671,ns
M1vsM2_24m,equal_width,Absolute Mortality,uWUE,Low,41,0.01117,43.9,0.7699,0.8671,ns
M1vsM2_24m,equal_width,Absolute Mortality,ETmax,High,3,0.00114,33.3,,,""
M1vsM2_24m,equal_width,Absolute Mortality,GPPsat,High,3,1.17421,33.3,,,""
M1vsM2_24m,equal_width,Absolute Mortality,NEPmax,High,3,1.54076,33.3,,,""
M1vsM2_24m,equal_width,Absolute Mortality,WUE,High,3,0.06711,33.3,,,""
M1vsM2_24m,equal_width,Absolute Mortality,uWUE,High,3,0.02126,33.3,,,""
M1vsM2_24m,equal_width,Relative Mortality,ETmax,Mid,26,0.00132,38.5,0.5203,0.8671,ns
M1vsM2_24m,equal_width,Relative Mortality,GPPsat,Mid,26,-0.29237,57.7,0.161,0.6218,ns
M1vsM2_24m,equal_width,Relative Mortality,NEPmax,Mid,26,-0.68735,61.5,0.0933,0.6218,ns
M1vsM2_24m,equal_width,Relative Mortality,WUE,Mid,26,-0.01388,61.5,0.1374,0.6218,ns
M1vsM2_24m,equal_width,Relative Mortality,uWUE,Mid,26,0.00502,46.2,0.7373,0.8671,ns
M1vsM2_24m,equal_width,Relative Mortality,ETmax,Low,32,0.00064,46.9,0.7584,0.8671,ns
M1vsM2_24m,equal_width,Relative Mortality,GPPsat,Low,32,-0.12359,56.2,0.2475,0.6599,ns
M1vsM2_24m,equal_width,Relative Mortality,NEPmax,Low,32,-0.50792,71.9,0.06146,0.6218,ns
M1vsM2_24m,equal_width,Relative Mortality,WUE,Low,32,0.0044,43.8,0.8227,0.8671,ns
M1vsM2_24m,equal_width,Relative Mortality,uWUE,Low,32,0.01435,46.9,0.6212,0.8671,ns
M1vsM2_24m,equal_width,Relative Mortality,ETmax,High,7,9e-04,42.9,0.7229,0.8671,ns
M1vsM2_24m,equal_width,Relative Mortality,GPPsat,High,7,0.47193,42.9,0.8237,0.8671,ns
M1vsM2_24m,equal_width,Relative Mortality,NEPmax,High,7,-0.61801,57.1,0.7766,0.8671,ns
M1vsM2_24m,equal_width,Relative Mortality,WUE,High,7,0.00177,42.9,0.6637,0.8671,ns
M1vsM2_24m,equal_width,Relative Mortality,uWUE,High,7,-0.03486,71.4,0.2234,0.6384,ns
M1vsM2_24m,equal_width,Relative Disturbance,ETmax,Mid,27,0.00119,40.7,0.6629,0.8671,ns
M1vsM2_24m,equal_width,Relative Disturbance,GPPsat,Mid,27,-0.33901,59.3,0.1969,0.6218,ns
M1vsM2_24m,equal_width,Relative Disturbance,NEPmax,Mid,27,-0.53596,63,0.132,0.6218,ns
M1vsM2_24m,equal_width,Relative Disturbance,WUE,Mid,27,-0.0131,55.6,0.1713,0.6218,ns
M1vsM2_24m,equal_width,Relative Disturbance,uWUE,Mid,27,0.01321,40.7,0.9007,0.9025,ns
M1vsM2_24m,equal_width,Relative Disturbance,ETmax,High,9,9e-04,44.4,0.4064,0.8127,ns
M1vsM2_24m,equal_width,Relative Disturbance,GPPsat,High,9,-0.24573,55.6,0.5472,0.8671,ns
M1vsM2_24m,equal_width,Relative Disturbance,NEPmax,High,9,-0.67645,66.7,0.3611,0.7603,ns
M1vsM2_24m,equal_width,Relative Disturbance,WUE,High,9,-0.00786,55.6,0.6389,0.8671,ns
M1vsM2_24m,equal_width,Relative Disturbance,uWUE,High,9,-0.03274,77.8,0.1181,0.6218,ns
M1vsM2_24m,equal_width,Relative Disturbance,ETmax,Low,29,7e-04,44.8,0.8065,0.8671,ns
M1vsM2_24m,equal_width,Relative Disturbance,GPPsat,Low,29,-0.05705,51.7,0.3327,0.7393,ns
M1vsM2_24m,equal_width,Relative Disturbance,NEPmax,Low,29,-0.50002,69,0.09725,0.6218,ns
M1vsM2_24m,equal_width,Relative Disturbance,WUE,Low,29,0.00411,44.8,0.7944,0.8671,ns
M1vsM2_24m,equal_width,Relative Disturbance,uWUE,Low,29,0.01117,48.3,0.5,0.8671,ns
M1vsM2_24m,natural_breaks,Absolute Mortality,ETmax,High,14,0.00027,50,0.3078,0.7694,ns
M1vsM2_24m,natural_breaks,Absolute Mortality,GPPsat,High,14,-0.68888,64.3,0.2449,0.7694,ns
M1vsM2_24m,natural_breaks,Absolute Mortality,NEPmax,High,14,-0.93192,71.4,0.1292,0.7694,ns
M1vsM2_24m,natural_breaks,Absolute Mortality,WUE,High,14,0.00592,42.9,0.6922,0.9003,ns
M1vsM2_24m,natural_breaks,Absolute Mortality,uWUE,High,14,-0.02265,64.3,0.3532,0.8366,ns
M1vsM2_24m,natural_breaks,Absolute Mortality,ETmax,Mid,32,0.00151,40.6,0.8932,0.9628,ns
M1vsM2_24m,natural_breaks,Absolute Mortality,GPPsat,Mid,32,-0.39683,62.5,0.1175,0.7694,ns
M1vsM2_24m,natural_breaks,Absolute Mortality,NEPmax,Mid,32,-0.31586,65.6,0.1541,0.7694,ns
M1vsM2_24m,natural_breaks,Absolute Mortality,WUE,Mid,32,-0.01219,62.5,0.1034,0.7694,ns
M1vsM2_24m,natural_breaks,Absolute Mortality,uWUE,Mid,32,0.00077,50,0.5484,0.8481,ns
M1vsM2_24m,natural_breaks,Absolute Mortality,ETmax,Low,19,7e-04,42.1,0.7202,0.9003,ns
M1vsM2_24m,natural_breaks,Absolute Mortality,GPPsat,Low,19,0.09319,36.8,0.8658,0.9628,ns
M1vsM2_24m,natural_breaks,Absolute Mortality,NEPmax,Low,19,-0.50002,63.2,0.2798,0.7694,ns
M1vsM2_24m,natural_breaks,Absolute Mortality,WUE,Low,19,0.01513,36.8,0.9045,0.9628,ns
M1vsM2_24m,natural_breaks,Absolute Mortality,uWUE,Low,19,0.01858,36.8,0.8476,0.9628,ns
M1vsM2_24m,natural_breaks,Relative Mortality,ETmax,High,23,9e-04,43.5,0.4216,0.8455,ns
M1vsM2_24m,natural_breaks,Relative Mortality,GPPsat,High,23,-0.73795,65.2,0.1615,0.7694,ns
M1vsM2_24m,natural_breaks,Relative Mortality,NEPmax,High,23,-0.8114,65.2,0.1401,0.7694,ns
M1vsM2_24m,natural_breaks,Relative Mortality,WUE,High,23,-0.01034,60.9,0.2665,0.7694,ns
M1vsM2_24m,natural_breaks,Relative Mortality,uWUE,High,23,-0.01822,60.9,0.4697,0.8455,ns
M1vsM2_24m,natural_breaks,Relative Mortality,ETmax,Mid,18,0.00249,33.3,0.9723,0.9723,ns
M1vsM2_24m,natural_breaks,Relative Mortality,GPPsat,Mid,18,0.00013,50,0.6031,0.8481,ns
M1vsM2_24m,natural_breaks,Relative Mortality,NEPmax,Mid,18,-0.20743,61.1,0.4653,0.8455,ns
M1vsM2_24m,natural_breaks,Relative Mortality,WUE,Mid,18,-0.00965,55.6,0.271,0.7694,ns
M1vsM2_24m,natural_breaks,Relative Mortality,uWUE,Mid,18,0.00741,44.4,0.5,0.8481,ns
M1vsM2_24m,natural_breaks,Relative Mortality,ETmax,Low,24,0.00024,50,0.5285,0.8481,ns
M1vsM2_24m,natural_breaks,Relative Mortality,GPPsat,Low,24,-0.01466,50,0.4152,0.8455,ns
M1vsM2_24m,natural_breaks,Relative Mortality,NEPmax,Low,24,-0.55475,70.8,0.08292,0.7694,ns
M1vsM2_24m,natural_breaks,Relative Mortality,WUE,Low,24,0.00637,37.5,0.9403,0.9628,ns
M1vsM2_24m,natural_breaks,Relative Mortality,uWUE,Low,24,0.0176,41.7,0.8003,0.9628,ns
M1vsM2_24m,natural_breaks,Relative Disturbance,ETmax,High,22,0.00102,40.9,0.5259,0.8481,ns
M1vsM2_24m,natural_breaks,Relative Disturbance,GPPsat,High,22,-0.66561,68.2,0.165,0.7694,ns
M1vsM2_24m,natural_breaks,Relative Disturbance,NEPmax,High,22,-0.7339,59.1,0.2276,0.7694,ns
M1vsM2_24m,natural_breaks,Relative Disturbance,WUE,High,22,-0.01081,63.6,0.2276,0.7694,ns
M1vsM2_24m,natural_breaks,Relative Disturbance,uWUE,High,22,-0.0155,59.1,0.4101,0.8455,ns
M1vsM2_24m,natural_breaks,Relative Disturbance,ETmax,Mid,20,0.00194,40,0.8646,0.9628,ns
M1vsM2_24m,natural_breaks,Relative Disturbance,GPPsat,Mid,20,0.00013,50,0.5813,0.8481,ns
M1vsM2_24m,natural_breaks,Relative Disturbance,NEPmax,Mid,20,-0.26103,70,0.2333,0.7694,ns
M1vsM2_24m,natural_breaks,Relative Disturbance,WUE,Mid,20,-0.00359,55,0.3071,0.7694,ns
M1vsM2_24m,natural_breaks,Relative Disturbance,uWUE,Mid,20,0.00741,45,0.5959,0.8481,ns
M1vsM2_24m,natural_breaks,Relative Disturbance,ETmax,Low,23,0.00058,47.8,0.6253,0.8526,ns
M1vsM2_24m,natural_breaks,Relative Disturbance,GPPsat,Low,23,0.02772,47.8,0.4336,0.8455,ns
M1vsM2_24m,natural_breaks,Relative Disturbance,NEPmax,Low,23,-0.7201,69.6,0.0832,0.7694,ns
M1vsM2_24m,natural_breaks,Relative Disturbance,WUE,Low,23,0.00806,34.8,0.9414,0.9628,ns
M1vsM2_24m,natural_breaks,Relative Disturbance,uWUE,Low,23,0.01753,43.5,0.7132,0.9003,ns
M3vsM4_12m,tertiles,Absolute Mortality,ETmax,High,22,0.00125,27.3,0.858,0.9136,ns
M3vsM4_12m,tertiles,Absolute Mortality,GPPsat,High,22,-0.26274,63.6,0.1279,0.5039,ns
M3vsM4_12m,tertiles,Absolute Mortality,NEPmax,High,22,-0.33069,54.5,0.1571,0.5039,ns
M3vsM4_12m,tertiles,Absolute Mortality,WUE,High,22,-0.02135,68.2,0.1904,0.5039,ns
M3vsM4_12m,tertiles,Absolute Mortality,uWUE,High,22,0.00659,40.9,0.6516,0.8885,ns
M3vsM4_12m,tertiles,Absolute Mortality,ETmax,Mid,21,0.00191,38.1,0.8743,0.9136,ns
M3vsM4_12m,tertiles,Absolute Mortality,GPPsat,Mid,21,-0.09505,57.1,0.2021,0.5052,ns
M3vsM4_12m,tertiles,Absolute Mortality,NEPmax,Mid,21,-0.07427,57.1,0.3133,0.632,ns
M3vsM4_12m,tertiles,Absolute Mortality,WUE,Mid,21,0.01322,28.6,0.8515,0.9136,ns
M3vsM4_12m,tertiles,Absolute Mortality,uWUE,Mid,21,-0.01583,66.7,0.08762,0.5039,ns
M3vsM4_12m,tertiles,Absolute Mortality,ETmax,Low,22,-0.00046,54.5,0.3484,0.632,ns
M3vsM4_12m,tertiles,Absolute Mortality,GPPsat,Low,22,-0.06932,54.5,0.165,0.5039,ns
M3vsM4_12m,tertiles,Absolute Mortality,NEPmax,Low,22,-0.36098,72.7,0.04569,0.5039,ns
M3vsM4_12m,tertiles,Absolute Mortality,WUE,Low,22,-0.00321,54.5,0.7419,0.9023,ns
M3vsM4_12m,tertiles,Absolute Mortality,uWUE,Low,22,-0.00023,50,0.6395,0.8885,ns
M3vsM4_12m,tertiles,Relative Mortality,ETmax,High,22,0.00125,31.8,0.7915,0.9133,ns
M3vsM4_12m,tertiles,Relative Mortality,GPPsat,High,22,-0.32064,59.1,0.1571,0.5039,ns
M3vsM4_12m,tertiles,Relative Mortality,NEPmax,High,22,-0.33069,59.1,0.142,0.5039,ns
M3vsM4_12m,tertiles,Relative Mortality,WUE,High,22,-0.02135,68.2,0.1732,0.5039,ns
M3vsM4_12m,tertiles,Relative Mortality,uWUE,High,22,-0.00256,50,0.3975,0.688,ns
M3vsM4_12m,tertiles,Relative Mortality,ETmax,Mid,21,0.00089,42.9,0.7109,0.8887,ns
M3vsM4_12m,tertiles,Relative Mortality,GPPsat,Mid,21,-0.09505,52.4,0.3511,0.632,ns
M3vsM4_12m,tertiles,Relative Mortality,NEPmax,Mid,21,-0.07427,52.4,0.5,0.8036,ns
M3vsM4_12m,tertiles,Relative Mortality,WUE,Mid,21,0.00682,42.9,0.6867,0.8887,ns
M3vsM4_12m,tertiles,Relative Mortality,uWUE,Mid,21,-0.001,52.4,0.3383,0.632,ns
M3vsM4_12m,tertiles,Relative Mortality,ETmax,Low,22,0.00076,45.5,0.5645,0.8658,ns
M3vsM4_12m,tertiles,Relative Mortality,GPPsat,Low,22,-0.13508,63.6,0.05226,0.5039,ns
M3vsM4_12m,tertiles,Relative Mortality,NEPmax,Low,22,-0.3454,72.7,0.02383,0.5039,ns
M3vsM4_12m,tertiles,Relative Mortality,WUE,Low,22,0.01597,40.9,0.9136,0.9136,ns
M3vsM4_12m,tertiles,Relative Mortality,uWUE,Low,22,-0.00359,54.5,0.5772,0.8658,ns
M3vsM4_12m,tertiles,Relative Disturbance,ETmax,High,22,0.00141,27.3,0.9136,0.9136,ns
M3vsM4_12m,tertiles,Relative Disturbance,GPPsat,High,22,-0.28085,59.1,0.165,0.5039,ns
M3vsM4_12m,tertiles,Relative Disturbance,NEPmax,High,22,-0.18549,54.5,0.1904,0.5039,ns
M3vsM4_12m,tertiles,Relative Disturbance,WUE,High,22,-0.02135,68.2,0.165,0.5039,ns
M3vsM4_12m,tertiles,Relative Disturbance,uWUE,High,22,-0.00256,50,0.4612,0.7687,ns
M3vsM4_12m,tertiles,Relative Disturbance,ETmax,Mid,21,-0.00031,52.4,0.3011,0.632,ns
M3vsM4_12m,tertiles,Relative Disturbance,GPPsat,Mid,21,-0.09505,57.1,0.2222,0.5263,ns
M3vsM4_12m,tertiles,Relative Disturbance,NEPmax,Mid,21,-0.2605,57.1,0.2773,0.6239,ns
M3vsM4_12m,tertiles,Relative Disturbance,WUE,Mid,21,0.01218,42.9,0.6228,0.8885,ns
M3vsM4_12m,tertiles,Relative Disturbance,uWUE,Mid,21,-0.00193,57.1,0.09922,0.5039,ns
M3vsM4_12m,tertiles,Relative Disturbance,ETmax,Low,22,0.00089,40.9,0.6983,0.8887,ns
M3vsM4_12m,tertiles,Relative Disturbance,GPPsat,Low,22,-0.1342,59.1,0.1027,0.5039,ns
M3vsM4_12m,tertiles,Relative Disturbance,NEPmax,Low,22,-0.3454,72.7,0.05958,0.5039,ns
M3vsM4_12m,tertiles,Relative Disturbance,WUE,Low,22,0.01016,40.9,0.9136,0.9136,ns
M3vsM4_12m,tertiles,Relative Disturbance,uWUE,Low,22,0.00166,50,0.7915,0.9133,ns
M3vsM4_12m,equal_width,Absolute Mortality,ETmax,Mid,21,0.001,33.3,0.6228,0.8296,ns
M3vsM4_12m,equal_width,Absolute Mortality,GPPsat,Mid,21,-0.30253,66.7,0.0589,0.3425,ns
M3vsM4_12m,equal_width,Absolute Mortality,NEPmax,Mid,21,-0.30063,61.9,0.07707,0.3425,ns
M3vsM4_12m,equal_width,Absolute Mortality,WUE,Mid,21,-0.0249,61.9,0.3772,0.6829,ns
M3vsM4_12m,equal_width,Absolute Mortality,uWUE,Mid,21,0.00517,42.9,0.5415,0.7816,ns
M3vsM4_12m,equal_width,Absolute Mortality,ETmax,Low,41,0.00085,46.3,0.6513,0.8296,ns
M3vsM4_12m,equal_width,Absolute Mortality,GPPsat,Low,41,-0.07679,56.1,0.1044,0.3479,ns
M3vsM4_12m,equal_width,Absolute Mortality,NEPmax,Low,41,-0.30064,63.4,0.07156,0.3425,ns
M3vsM4_12m,equal_width,Absolute Mortality,WUE,Low,41,0.01218,41.5,0.8702,0.9623,ns
M3vsM4_12m,equal_width,Absolute Mortality,uWUE,Low,41,-0.00518,58.5,0.2502,0.5887,ns
M3vsM4_12m,equal_width,Absolute Mortality,ETmax,High,3,0.00403,0,,,""
M3vsM4_12m,equal_width,Absolute Mortality,GPPsat,High,3,0.11092,33.3,,,""
M3vsM4_12m,equal_width,Absolute Mortality,NEPmax,High,3,1.03346,33.3,,,""
M3vsM4_12m,equal_width,Absolute Mortality,WUE,High,3,-0.02071,100,,,""
M3vsM4_12m,equal_width,Absolute Mortality,uWUE,High,3,0.03754,33.3,,,""
M3vsM4_12m,equal_width,Relative Mortality,ETmax,Mid,26,0.00095,42.3,0.3706,0.6829,ns
M3vsM4_12m,equal_width,Relative Mortality,GPPsat,Mid,26,-0.26274,65.4,0.03985,0.3425,ns
M3vsM4_12m,equal_width,Relative Mortality,NEPmax,Mid,26,-0.28056,61.5,0.05479,0.3425,ns
M3vsM4_12m,equal_width,Relative Mortality,WUE,Mid,26,-0.02945,57.7,0.3803,0.6829,ns
M3vsM4_12m,equal_width,Relative Mortality,uWUE,Mid,26,-0.00825,53.8,0.2385,0.5887,ns
M3vsM4_12m,equal_width,Relative Mortality,ETmax,Low,32,0.00072,46.9,0.663,0.8296,ns
M3vsM4_12m,equal_width,Relative Mortality,GPPsat,Low,32,-0.13508,59.4,0.0509,0.3425,ns
M3vsM4_12m,equal_width,Relative Mortality,NEPmax,Low,32,-0.40437,68.8,0.04185,0.3425,ns
M3vsM4_12m,equal_width,Relative Mortality,WUE,Low,32,0.0127,40.6,0.9264,0.9623,ns
M3vsM4_12m,equal_width,Relative Mortality,uWUE,Low,32,-0.00197,56.2,0.4004,0.6829,ns
M3vsM4_12m,equal_width,Relative Mortality,ETmax,High,7,0.00187,0,0.9929,0.9929,ns
M3vsM4_12m,equal_width,Relative Mortality,GPPsat,High,7,0.22848,28.6,0.8976,0.9623,ns
M3vsM4_12m,equal_width,Relative Mortality,NEPmax,High,7,0.96517,28.6,0.6637,0.8296,ns
M3vsM4_12m,equal_width,Relative Mortality,WUE,High,7,-0.00246,71.4,0.1359,0.3818,ns
M3vsM4_12m,equal_width,Relative Mortality,uWUE,High,7,0.01078,28.6,0.7766,0.9272,ns
M3vsM4_12m,equal_width,Relative Disturbance,ETmax,Mid,27,0.00089,44.4,0.3638,0.6829,ns
M3vsM4_12m,equal_width,Relative Disturbance,GPPsat,Mid,27,-0.22295,63,0.04749,0.3425,ns
M3vsM4_12m,equal_width,Relative Disturbance,NEPmax,Mid,27,-0.2605,59.3,0.09521,0.3479,ns
M3vsM4_12m,equal_width,Relative Disturbance,WUE,Mid,27,-0.00449,51.9,0.4474,0.6884,ns
M3vsM4_12m,equal_width,Relative Disturbance,uWUE,Mid,27,-0.00193,51.9,0.4097,0.6829,ns
M3vsM4_12m,equal_width,Relative Disturbance,ETmax,High,9,0.00137,22.2,0.9382,0.9623,ns
M3vsM4_12m,equal_width,Relative Disturbance,GPPsat,High,9,0.11092,44.4,0.5472,0.7816,ns
M3vsM4_12m,equal_width,Relative Disturbance,NEPmax,High,9,-1.03565,55.6,0.1432,0.3818,ns
M3vsM4_12m,equal_width,Relative Disturbance,WUE,High,9,-0.02071,77.8,0.1181,0.3633,ns
M3vsM4_12m,equal_width,Relative Disturbance,uWUE,High,9,0.00322,44.4,0.4064,0.6829,ns
M3vsM4_12m,equal_width,Relative Disturbance,ETmax,Low,29,0.00093,41.4,0.7882,0.9272,ns
M3vsM4_12m,equal_width,Relative Disturbance,GPPsat,Low,29,-0.07679,58.6,0.07073,0.3425,ns
M3vsM4_12m,equal_width,Relative Disturbance,NEPmax,Low,29,-0.33955,65.5,0.09725,0.3479,ns
M3vsM4_12m,equal_width,Relative Disturbance,WUE,Low,29,0.01322,41.4,0.9028,0.9623,ns
M3vsM4_12m,equal_width,Relative Disturbance,uWUE,Low,29,-0.002,55.2,0.4398,0.6884,ns
M3vsM4_12m,natural_breaks,Absolute Mortality,ETmax,High,14,0.00141,21.4,0.8571,0.9068,ns
M3vsM4_12m,natural_breaks,Absolute Mortality,GPPsat,High,14,-0.36602,57.1,0.2651,0.5303,ns
M3vsM4_12m,natural_breaks,Absolute Mortality,NEPmax,High,14,-0.63839,64.3,0.1292,0.4753,ns
M3vsM4_12m,natural_breaks,Absolute Mortality,WUE,High,14,-0.0126,71.4,0.1429,0.4753,ns
M3vsM4_12m,natural_breaks,Absolute Mortality,uWUE,High,14,0.00659,35.7,0.6922,0.8615,ns
M3vsM4_12m,natural_breaks,Absolute Mortality,ETmax,Mid,32,0.00106,40.6,0.7466,0.8615,ns
M3vsM4_12m,natural_breaks,Absolute Mortality,GPPsat,Mid,32,-0.2116,65.6,0.03011,0.4753,ns
M3vsM4_12m,natural_breaks,Absolute Mortality,NEPmax,Mid,32,-0.07231,56.2,0.2134,0.4925,ns
M3vsM4_12m,natural_breaks,Absolute Mortality,WUE,Mid,32,0.0095,40.6,0.7466,0.8615,ns
M3vsM4_12m,natural_breaks,Absolute Mortality,uWUE,Mid,32,-0.01556,59.4,0.2189,0.4925,ns
M3vsM4_12m,natural_breaks,Absolute Mortality,ETmax,Low,19,-0.00019,52.6,0.4281,0.7226,ns
M3vsM4_12m,natural_breaks,Absolute Mortality,GPPsat,Low,19,0.04661,47.4,0.4281,0.7226,ns
M3vsM4_12m,natural_breaks,Absolute Mortality,NEPmax,Low,19,-0.33955,68.4,0.08881,0.4753,ns
M3vsM4_12m,natural_breaks,Absolute Mortality,WUE,Low,19,-0.00375,52.6,0.7467,0.8615,ns
M3vsM4_12m,natural_breaks,Absolute Mortality,uWUE,Low,19,-0.001,52.6,0.5241,0.8132,ns
M3vsM4_12m,natural_breaks,Relative Mortality,ETmax,High,23,0.00112,34.8,0.6921,0.8615,ns
M3vsM4_12m,natural_breaks,Relative Mortality,GPPsat,High,23,-0.33876,60.9,0.1208,0.4753,ns
M3vsM4_12m,natural_breaks,Relative Mortality,NEPmax,High,23,-0.36075,60.9,0.127,0.4753,ns
M3vsM4_12m,natural_breaks,Relative Mortality,WUE,High,23,-0.02199,69.6,0.1335,0.4753,ns
M3vsM4_12m,natural_breaks,Relative Mortality,uWUE,High,23,0.00322,47.8,0.4336,0.7226,ns
M3vsM4_12m,natural_breaks,Relative Mortality,ETmax,Mid,18,0.00095,38.9,0.8081,0.887,ns
M3vsM4_12m,natural_breaks,Relative Mortality,GPPsat,Mid,18,-0.09944,55.6,0.2165,0.4925,ns
M3vsM4_12m,natural_breaks,Relative Mortality,NEPmax,Mid,18,-0.16738,55.6,0.271,0.5303,ns
M3vsM4_12m,natural_breaks,Relative Mortality,WUE,Mid,18,0.0127,38.9,0.7432,0.8615,ns
M3vsM4_12m,natural_breaks,Relative Mortality,uWUE,Mid,18,-0.00504,61.1,0.169,0.4753,ns
M3vsM4_12m,natural_breaks,Relative Mortality,ETmax,Low,24,0.00076,45.8,0.5848,0.8615,ns
M3vsM4_12m,natural_breaks,Relative Mortality,GPPsat,Low,24,-0.07591,58.3,0.1621,0.4753,ns
M3vsM4_12m,natural_breaks,Relative Mortality,NEPmax,Low,24,-0.26912,66.7,0.1123,0.4753,ns
M3vsM4_12m,natural_breaks,Relative Mortality,WUE,Low,24,0.01016,41.7,0.908,0.9136,ns
M3vsM4_12m,natural_breaks,Relative Mortality,uWUE,Low,24,-0.00073,50,0.7113,0.8615,ns
M3vsM4_12m,natural_breaks,Relative Disturbance,ETmax,High,22,0.00141,27.3,0.9136,0.9136,ns
M3vsM4_12m,natural_breaks,Relative Disturbance,GPPsat,High,22,-0.28085,59.1,0.165,0.4753,ns
M3vsM4_12m,natural_breaks,Relative Disturbance,NEPmax,High,22,-0.18549,54.5,0.1904,0.4925,ns
M3vsM4_12m,natural_breaks,Relative Disturbance,WUE,High,22,-0.02135,68.2,0.165,0.4753,ns
M3vsM4_12m,natural_breaks,Relative Disturbance,uWUE,High,22,-0.00256,50,0.4612,0.7412,ns
M3vsM4_12m,natural_breaks,Relative Disturbance,ETmax,Mid,20,0.00029,50,0.4041,0.7226,ns
M3vsM4_12m,natural_breaks,Relative Disturbance,GPPsat,Mid,20,-0.09944,60,0.1437,0.4753,ns
M3vsM4_12m,natural_breaks,Relative Disturbance,NEPmax,Mid,20,-0.28057,60,0.2333,0.5,ns
M3vsM4_12m,natural_breaks,Relative Disturbance,WUE,Mid,20,0.0127,40,0.6929,0.8615,ns
M3vsM4_12m,natural_breaks,Relative Disturbance,uWUE,Mid,20,-0.00504,60,0.09253,0.4753,ns
M3vsM4_12m,natural_breaks,Relative Disturbance,ETmax,Low,23,0.00085,43.5,0.6253,0.8615,ns
M3vsM4_12m,natural_breaks,Relative Disturbance,GPPsat,Low,23,-0.07502,56.5,0.1401,0.4753,ns
M3vsM4_12m,natural_breaks,Relative Disturbance,NEPmax,Low,23,-0.33955,69.6,0.07864,0.4753,ns
M3vsM4_12m,natural_breaks,Relative Disturbance,WUE,Low,23,0.0044,43.5,0.8665,0.9068,ns
M3vsM4_12m,natural_breaks,Relative Disturbance,uWUE,Low,23,0.00053,47.8,0.781,0.8786,ns
M3vsM4_24m,tertiles,Absolute Mortality,ETmax,High,22,0.00034,45.5,0.5899,0.7746,ns
M3vsM4_24m,tertiles,Absolute Mortality,GPPsat,High,22,-0.34476,63.6,0.1279,0.639,ns
M3vsM4_24m,tertiles,Absolute Mortality,NEPmax,High,22,-0.40717,68.2,0.04889,0.639,ns
M3vsM4_24m,tertiles,Absolute Mortality,WUE,High,22,-0.01383,63.6,0.3131,0.6405,ns
M3vsM4_24m,tertiles,Absolute Mortality,uWUE,High,22,-0.00324,59.1,0.4612,0.7031,ns
M3vsM4_24m,tertiles,Absolute Mortality,ETmax,Mid,21,0.00098,42.9,0.7342,0.7917,ns
M3vsM4_24m,tertiles,Absolute Mortality,GPPsat,Mid,21,-0.1028,66.7,0.212,0.6405,ns
M3vsM4_24m,tertiles,Absolute Mortality,NEPmax,Mid,21,-0.00383,52.4,0.2891,0.6405,ns
M3vsM4_24m,tertiles,Absolute Mortality,WUE,Mid,21,0.00975,33.3,0.7565,0.7917,ns
M3vsM4_24m,tertiles,Absolute Mortality,uWUE,Mid,21,0.00529,47.6,0.5,0.7031,ns
M3vsM4_24m,tertiles,Absolute Mortality,ETmax,Low,22,-0.00056,54.5,0.2687,0.6405,ns
M3vsM4_24m,tertiles,Absolute Mortality,GPPsat,Low,22,-0.08899,59.1,0.3017,0.6405,ns
M3vsM4_24m,tertiles,Absolute Mortality,NEPmax,Low,22,-0.24654,59.1,0.06766,0.639,ns
M3vsM4_24m,tertiles,Absolute Mortality,WUE,Low,22,0.00031,45.5,0.4483,0.7031,ns
M3vsM4_24m,tertiles,Absolute Mortality,uWUE,Low,22,0.00396,40.9,0.7419,0.7917,ns
M3vsM4_24m,tertiles,Relative Mortality,ETmax,High,22,-0.00038,54.5,0.2581,0.6405,ns
M3vsM4_24m,tertiles,Relative Mortality,GPPsat,High,22,-0.23539,68.2,0.142,0.639,ns
M3vsM4_24m,tertiles,Relative Mortality,NEPmax,High,22,-0.42038,68.2,0.09158,0.639,ns
M3vsM4_24m,tertiles,Relative Mortality,WUE,High,22,-0.01383,63.6,0.3017,0.6405,ns
M3vsM4_24m,tertiles,Relative Mortality,uWUE,High,22,-0.00478,63.6,0.2905,0.6405,ns
M3vsM4_24m,tertiles,Relative Mortality,ETmax,Mid,21,0.00132,38.1,0.9369,0.9369,ns
M3vsM4_24m,tertiles,Relative Mortality,GPPsat,Mid,21,-0.06188,57.1,0.4174,0.6957,ns
M3vsM4_24m,tertiles,Relative Mortality,NEPmax,Mid,21,-0.00383,52.4,0.4039,0.6957,ns
M3vsM4_24m,tertiles,Relative Mortality,WUE,Mid,21,0.00975,38.1,0.569,0.7746,ns
M3vsM4_24m,tertiles,Relative Mortality,uWUE,Mid,21,0.0063,42.9,0.7227,0.7917,ns
M3vsM4_24m,tertiles,Relative Mortality,ETmax,Low,22,-0.00012,50,0.3727,0.6931,ns
M3vsM4_24m,tertiles,Relative Mortality,GPPsat,Low,22,-0.11243,63.6,0.142,0.639,ns
M3vsM4_24m,tertiles,Relative Mortality,NEPmax,Low,22,-0.35906,59.1,0.03708,0.639,ns
M3vsM4_24m,tertiles,Relative Mortality,WUE,Low,22,0.00361,40.9,0.6395,0.7778,ns
M3vsM4_24m,tertiles,Relative Mortality,uWUE,Low,22,0.00396,40.9,0.6635,0.7857,ns
M3vsM4_24m,tertiles,Relative Disturbance,ETmax,High,22,-0.00038,54.5,0.3017,0.6405,ns
M3vsM4_24m,tertiles,Relative Disturbance,GPPsat,High,22,-0.2541,68.2,0.142,0.639,ns
M3vsM4_24m,tertiles,Relative Disturbance,NEPmax,High,22,-0.36869,68.2,0.09704,0.639,ns
M3vsM4_24m,tertiles,Relative Disturbance,WUE,High,22,-0.01383,63.6,0.3365,0.6584,ns
M3vsM4_24m,tertiles,Relative Disturbance,uWUE,High,22,-0.00478,63.6,0.3851,0.6931,ns
M3vsM4_24m,tertiles,Relative Disturbance,ETmax,Mid,21,0.00109,42.9,0.7227,0.7917,ns
M3vsM4_24m,tertiles,Relative Disturbance,GPPsat,Mid,21,-0.06188,61.9,0.2327,0.6405,ns
M3vsM4_24m,tertiles,Relative Disturbance,NEPmax,Mid,21,-0.04626,57.1,0.212,0.6405,ns
M3vsM4_24m,tertiles,Relative Disturbance,WUE,Mid,21,0.00686,38.1,0.5,0.7031,ns
M3vsM4_24m,tertiles,Relative Disturbance,uWUE,Mid,21,0.00529,42.9,0.4861,0.7031,ns
M3vsM4_24m,tertiles,Relative Disturbance,ETmax,Low,22,0.00037,45.5,0.6025,0.7746,ns
M3vsM4_24m,tertiles,Relative Disturbance,GPPsat,Low,22,-0.11243,59.1,0.2905,0.6405,ns
M3vsM4_24m,tertiles,Relative Disturbance,NEPmax,Low,22,-0.35906,54.5,0.08635,0.639,ns
M3vsM4_24m,tertiles,Relative Disturbance,WUE,Low,22,0.00361,40.9,0.6395,0.7778,ns
M3vsM4_24m,tertiles,Relative Disturbance,uWUE,Low,22,0.00832,40.9,0.835,0.8539,ns
M3vsM4_24m,equal_width,Absolute Mortality,ETmax,Mid,21,-0.00023,52.4,0.3383,0.6766,ns
M3vsM4_24m,equal_width,Absolute Mortality,GPPsat,Mid,21,-0.3553,71.4,0.04762,0.3918,ns
M3vsM4_24m,equal_width,Absolute Mortality,NEPmax,Mid,21,-0.44638,76.2,0.01558,0.3918,ns
M3vsM4_24m,equal_width,Absolute Mortality,WUE,Mid,21,-0.01876,61.9,0.2891,0.6424,ns
M3vsM4_24m,equal_width,Absolute Mortality,uWUE,Mid,21,-0.00208,57.1,0.5277,0.7708,ns
M3vsM4_24m,equal_width,Absolute Mortality,ETmax,Low,41,0.00018,46.3,0.627,0.7708,ns
M3vsM4_24m,equal_width,Absolute Mortality,GPPsat,Low,41,-0.07241,61,0.242,0.5695,ns
M3vsM4_24m,equal_width,Absolute Mortality,NEPmax,Low,41,-0.04626,53.7,0.1382,0.4705,ns
M3vsM4_24m,equal_width,Absolute Mortality,WUE,Low,41,0.0068,39,0.5922,0.7708,ns
M3vsM4_24m,equal_width,Absolute Mortality,uWUE,Low,41,0.00422,43.9,0.6702,0.7708,ns
M3vsM4_24m,equal_width,Absolute Mortality,ETmax,High,3,0.00041,33.3,,,""
M3vsM4_24m,equal_width,Absolute Mortality,GPPsat,High,3,0.0992,33.3,,,""
M3vsM4_24m,equal_width,Absolute Mortality,NEPmax,High,3,0.0674,33.3,,,""
M3vsM4_24m,equal_width,Absolute Mortality,WUE,High,3,-0.00947,66.7,,,""
M3vsM4_24m,equal_width,Absolute Mortality,uWUE,High,3,-0.00439,66.7,,,""
M3vsM4_24m,equal_width,Relative Mortality,ETmax,Mid,26,2e-04,46.2,0.6197,0.7708,ns
M3vsM4_24m,equal_width,Relative Mortality,GPPsat,Mid,26,-0.23539,73.1,0.04208,0.3918,ns
M3vsM4_24m,equal_width,Relative Mortality,NEPmax,Mid,26,-0.35548,69.2,0.04684,0.3918,ns
M3vsM4_24m,equal_width,Relative Mortality,WUE,Mid,26,-0.02035,53.8,0.223,0.5615,ns
M3vsM4_24m,equal_width,Relative Mortality,uWUE,Mid,26,-0.00165,53.8,0.6853,0.7708,ns
M3vsM4_24m,equal_width,Relative Mortality,ETmax,Low,32,3e-05,50,0.5037,0.7708,ns
M3vsM4_24m,equal_width,Relative Mortality,GPPsat,Low,32,-0.11243,62.5,0.1411,0.4705,ns
M3vsM4_24m,equal_width,Relative Mortality,NEPmax,Low,32,-0.14593,56.2,0.06856,0.3918,ns
M3vsM4_24m,equal_width,Relative Mortality,WUE,Low,32,0.00761,37.5,0.7699,0.7897,ns
M3vsM4_24m,equal_width,Relative Mortality,uWUE,Low,32,0.00475,40.6,0.663,0.7708,ns
M3vsM4_24m,equal_width,Relative Mortality,ETmax,High,7,0.00027,42.9,0.4663,0.7708,ns
M3vsM4_24m,equal_width,Relative Mortality,GPPsat,High,7,0.23333,28.6,0.8976,0.8976,ns
M3vsM4_24m,equal_width,Relative Mortality,NEPmax,High,7,0.0674,42.9,0.5337,0.7708,ns
M3vsM4_24m,equal_width,Relative Mortality,WUE,High,7,-0.00631,71.4,0.3363,0.6766,ns
M3vsM4_24m,equal_width,Relative Mortality,uWUE,High,7,-0.00517,71.4,0.1359,0.4705,ns
M3vsM4_24m,equal_width,Relative Disturbance,ETmax,Mid,27,-7e-05,51.9,0.382,0.7276,ns
M3vsM4_24m,equal_width,Relative Disturbance,GPPsat,Mid,27,-0.14473,70.4,0.05244,0.3918,ns
M3vsM4_24m,equal_width,Relative Disturbance,NEPmax,Mid,27,-0.24747,63,0.1125,0.4705,ns
M3vsM4_24m,equal_width,Relative Disturbance,WUE,Mid,27,-0.00083,51.9,0.1713,0.4904,ns
M3vsM4_24m,equal_width,Relative Disturbance,uWUE,Mid,27,0.00529,48.1,0.7681,0.7897,ns
M3vsM4_24m,equal_width,Relative Disturbance,ETmax,High,9,0.00027,44.4,0.5,0.7708,ns
M3vsM4_24m,equal_width,Relative Disturbance,GPPsat,High,9,0.0992,44.4,0.5936,0.7708,ns
M3vsM4_24m,equal_width,Relative Disturbance,NEPmax,High,9,-0.73138,66.7,0.1716,0.4904,ns
M3vsM4_24m,equal_width,Relative Disturbance,WUE,High,9,-0.00631,55.6,0.6822,0.7708,ns
M3vsM4_24m,equal_width,Relative Disturbance,uWUE,High,9,-0.00759,77.8,0.06177,0.3918,ns
M3vsM4_24m,equal_width,Relative Disturbance,ETmax,Low,29,0.00061,44.8,0.7056,0.7708,ns
M3vsM4_24m,equal_width,Relative Disturbance,GPPsat,Low,29,-0.10556,62.1,0.2246,0.5615,ns
M3vsM4_24m,equal_width,Relative Disturbance,NEPmax,Low,29,-0.04626,55.2,0.113,0.4705,ns
M3vsM4_24m,equal_width,Relative Disturbance,WUE,Low,29,0.0068,41.4,0.6434,0.7708,ns
M3vsM4_24m,equal_width,Relative Disturbance,uWUE,Low,29,0.00422,41.4,0.713,0.7708,ns
M3vsM4_24m,natural_breaks,Absolute Mortality,ETmax,High,14,0.00034,42.9,0.525,0.7534,ns
M3vsM4_24m,natural_breaks,Absolute Mortality,GPPsat,High,14,-0.23539,57.1,0.3302,0.6337,ns
M3vsM4_24m,natural_breaks,Absolute Mortality,NEPmax,High,14,-0.60114,71.4,0.0937,0.6076,ns
M3vsM4_24m,natural_breaks,Absolute Mortality,WUE,High,14,-0.00789,64.3,0.3532,0.6337,ns
M3vsM4_24m,natural_breaks,Absolute Mortality,uWUE,High,14,-0.00478,64.3,0.2651,0.6311,ns
M3vsM4_24m,natural_breaks,Absolute Mortality,ETmax,Mid,32,6e-04,43.8,0.792,0.8576,ns
M3vsM4_24m,natural_breaks,Absolute Mortality,GPPsat,Mid,32,-0.29534,71.9,0.04354,0.6076,ns
M3vsM4_24m,natural_breaks,Absolute Mortality,NEPmax,Mid,32,-0.21993,59.4,0.1175,0.6076,ns
M3vsM4_24m,natural_breaks,Absolute Mortality,WUE,Mid,32,0.00761,40.6,0.5996,0.7534,ns
M3vsM4_24m,natural_breaks,Absolute Mortality,uWUE,Mid,32,0.00173,50,0.5778,0.7534,ns
M3vsM4_24m,natural_breaks,Absolute Mortality,ETmax,Low,19,-0.00075,57.9,0.2047,0.6076,ns
M3vsM4_24m,natural_breaks,Absolute Mortality,GPPsat,Low,19,-0.04202,52.6,0.6338,0.7534,ns
M3vsM4_24m,natural_breaks,Absolute Mortality,NEPmax,Low,19,-0.04626,52.6,0.2047,0.6076,ns
M3vsM4_24m,natural_breaks,Absolute Mortality,WUE,Low,19,0.00021,47.4,0.3662,0.6337,ns
M3vsM4_24m,natural_breaks,Absolute Mortality,uWUE,Low,19,0.00422,36.8,0.8379,0.8576,ns
M3vsM4_24m,natural_breaks,Relative Mortality,ETmax,High,23,-0.00027,52.2,0.2665,0.6311,ns
M3vsM4_24m,natural_breaks,Relative Mortality,GPPsat,High,23,-0.32606,69.6,0.109,0.6076,ns
M3vsM4_24m,natural_breaks,Relative Mortality,NEPmax,High,23,-0.39439,69.6,0.07864,0.6076,ns
M3vsM4_24m,natural_breaks,Relative Mortality,WUE,High,23,-0.0182,65.2,0.2281,0.6076,ns
M3vsM4_24m,natural_breaks,Relative Mortality,uWUE,High,23,-0.00517,65.2,0.219,0.6076,ns
M3vsM4_24m,natural_breaks,Relative Mortality,ETmax,Mid,18,0.00139,38.9,0.9115,0.9115,ns
M3vsM4_24m,natural_breaks,Relative Mortality,GPPsat,Mid,18,-0.06715,61.1,0.2295,0.6076,ns
M3vsM4_24m,natural_breaks,Relative Mortality,NEPmax,Mid,18,-0.0375,55.6,0.1919,0.6076,ns
M3vsM4_24m,natural_breaks,Relative Mortality,WUE,Mid,18,0.01052,33.3,0.7705,0.8576,ns
M3vsM4_24m,natural_breaks,Relative Mortality,uWUE,Mid,18,0.00579,44.4,0.6362,0.7534,ns
M3vsM4_24m,natural_breaks,Relative Mortality,ETmax,Low,24,-0.00012,50,0.4152,0.6672,ns
M3vsM4_24m,natural_breaks,Relative Mortality,GPPsat,Low,24,-0.07379,58.3,0.3605,0.6337,ns
M3vsM4_24m,natural_breaks,Relative Mortality,NEPmax,Low,24,-0.14593,54.2,0.142,0.6076,ns
M3vsM4_24m,natural_breaks,Relative Mortality,WUE,Low,24,0.00361,41.7,0.5512,0.7534,ns
M3vsM4_24m,natural_breaks,Relative Mortality,uWUE,Low,24,0.00807,37.5,0.8308,0.8576,ns
M3vsM4_24m,natural_breaks,Relative Disturbance,ETmax,High,22,-0.00038,54.5,0.3017,0.6337,ns
M3vsM4_24m,natural_breaks,Relative Disturbance,GPPsat,High,22,-0.2541,68.2,0.142,0.6076,ns
M3vsM4_24m,natural_breaks,Relative Disturbance,NEPmax,High,22,-0.36869,68.2,0.09704,0.6076,ns
M3vsM4_24m,natural_breaks,Relative Disturbance,WUE,High,22,-0.01383,63.6,0.3365,0.6337,ns
M3vsM4_24m,natural_breaks,Relative Disturbance,uWUE,High,22,-0.00478,63.6,0.3851,0.6418,ns
M3vsM4_24m,natural_breaks,Relative Disturbance,ETmax,Mid,20,0.00109,40,0.8098,0.8576,ns
M3vsM4_24m,natural_breaks,Relative Disturbance,GPPsat,Mid,20,-0.06715,65,0.2005,0.6076,ns
M3vsM4_24m,natural_breaks,Relative Disturbance,NEPmax,Mid,20,-0.12565,55,0.2111,0.6076,ns
M3vsM4_24m,natural_breaks,Relative Disturbance,WUE,Mid,20,0.0083,35,0.6103,0.7534,ns
M3vsM4_24m,natural_breaks,Relative Disturbance,uWUE,Mid,20,0.00542,45,0.4333,0.6724,ns
M3vsM4_24m,natural_breaks,Relative Disturbance,ETmax,Low,23,0.00013,47.8,0.5424,0.7534,ns
M3vsM4_24m,natural_breaks,Relative Disturbance,GPPsat,Low,23,-0.10556,56.5,0.3519,0.6337,ns
M3vsM4_24m,natural_breaks,Relative Disturbance,NEPmax,Low,23,-0.24561,56.5,0.09291,0.6076,ns
M3vsM4_24m,natural_breaks,Relative Disturbance,WUE,Low,23,0.00041,43.5,0.5544,0.7534,ns
M3vsM4_24m,natural_breaks,Relative Disturbance,uWUE,Low,23,0.00422,39.1,0.8385,0.8576,ns
M5vsM6_raw_12m,tertiles,Absolute Mortality,ETmax,High,22,0.00014,45.5,0.3365,0.9715,ns
M5vsM6_raw_12m,tertiles,Absolute Mortality,GPPsat,High,22,0.12499,31.8,0.8721,0.9715,ns
M5vsM6_raw_12m,tertiles,Absolute Mortality,NEPmax,High,22,-0.08236,59.1,0.3365,0.9715,ns
M5vsM6_raw_12m,tertiles,Absolute Mortality,WUE,High,22,-0.00302,54.5,0.3605,0.9715,ns
M5vsM6_raw_12m,tertiles,Absolute Mortality,uWUE,High,22,0.0139,31.8,0.9442,0.9852,ns
M5vsM6_raw_12m,tertiles,Absolute Mortality,ETmax,Mid,21,-1e-05,52.4,0.431,0.9715,ns
M5vsM6_raw_12m,tertiles,Absolute Mortality,GPPsat,Mid,21,0.0861,38.1,0.8946,0.9715,ns
M5vsM6_raw_12m,tertiles,Absolute Mortality,NEPmax,Mid,21,0.15134,33.3,0.8076,0.9715,ns
M5vsM6_raw_12m,tertiles,Absolute Mortality,WUE,Mid,21,0.01088,47.6,0.8169,0.9715,ns
M5vsM6_raw_12m,tertiles,Absolute Mortality,uWUE,Mid,21,0.01642,28.6,0.9067,0.9715,ns
M5vsM6_raw_12m,tertiles,Absolute Mortality,ETmax,Low,22,-0.00041,63.6,0.3605,0.9715,ns
M5vsM6_raw_12m,tertiles,Absolute Mortality,GPPsat,Low,22,0.00875,50,0.2687,0.9715,ns
M5vsM6_raw_12m,tertiles,Absolute Mortality,NEPmax,Low,22,-0.0354,54.5,0.2375,0.9715,ns
M5vsM6_raw_12m,tertiles,Absolute Mortality,WUE,Low,22,-0.00614,63.6,0.1279,0.9715,ns
M5vsM6_raw_12m,tertiles,Absolute Mortality,uWUE,Low,22,-0.00037,50,0.6395,0.9715,ns
M5vsM6_raw_12m,tertiles,Relative Mortality,ETmax,High,22,0.00014,45.5,0.4483,0.9715,ns
M5vsM6_raw_12m,tertiles,Relative Mortality,GPPsat,High,22,0.12041,31.8,0.8913,0.9715,ns
M5vsM6_raw_12m,tertiles,Relative Mortality,NEPmax,High,22,0.02168,45.5,0.7205,0.9715,ns
M5vsM6_raw_12m,tertiles,Relative Mortality,WUE,High,22,0.0038,50,0.5517,0.9715,ns
M5vsM6_raw_12m,tertiles,Relative Mortality,uWUE,High,22,0.01554,27.3,0.9702,0.9852,ns
M5vsM6_raw_12m,tertiles,Relative Mortality,ETmax,Mid,21,-0.00013,57.1,0.1485,0.9715,ns
M5vsM6_raw_12m,tertiles,Relative Mortality,GPPsat,Mid,21,0.0861,38.1,0.788,0.9715,ns
M5vsM6_raw_12m,tertiles,Relative Mortality,NEPmax,Mid,21,0.0515,47.6,0.5,0.9715,ns
M5vsM6_raw_12m,tertiles,Relative Mortality,WUE,Mid,21,-0.00375,52.4,0.7342,0.9715,ns
M5vsM6_raw_12m,tertiles,Relative Mortality,uWUE,Mid,21,0.01437,33.3,0.8515,0.9715,ns
M5vsM6_raw_12m,tertiles,Relative Mortality,ETmax,Low,22,-0.00036,59.1,0.4741,0.9715,ns
M5vsM6_raw_12m,tertiles,Relative Mortality,GPPsat,Low,22,0.0153,50,0.3851,0.9715,ns
M5vsM6_raw_12m,tertiles,Relative Mortality,NEPmax,Low,22,-0.0354,54.5,0.2687,0.9715,ns
M5vsM6_raw_12m,tertiles,Relative Mortality,WUE,Low,22,-0.00984,63.6,0.08135,0.9715,ns
M5vsM6_raw_12m,tertiles,Relative Mortality,uWUE,Low,22,0.00161,50,0.6025,0.9715,ns
M5vsM6_raw_12m,tertiles,Relative Disturbance,ETmax,High,22,0.00014,45.5,0.4612,0.9715,ns
M5vsM6_raw_12m,tertiles,Relative Disturbance,GPPsat,High,22,0.12041,31.8,0.8913,0.9715,ns
M5vsM6_raw_12m,tertiles,Relative Disturbance,NEPmax,High,22,0.02168,45.5,0.7419,0.9715,ns
M5vsM6_raw_12m,tertiles,Relative Disturbance,WUE,High,22,0.0038,50,0.6273,0.9715,ns
M5vsM6_raw_12m,tertiles,Relative Disturbance,uWUE,High,22,0.01554,27.3,0.9852,0.9852,ns
M5vsM6_raw_12m,tertiles,Relative Disturbance,ETmax,Mid,21,-0.00044,61.9,0.06751,0.9715,ns
M5vsM6_raw_12m,tertiles,Relative Disturbance,GPPsat,Mid,21,0.05886,38.1,0.7565,0.9715,ns
M5vsM6_raw_12m,tertiles,Relative Disturbance,NEPmax,Mid,21,0.06603,42.9,0.7565,0.9715,ns
M5vsM6_raw_12m,tertiles,Relative Disturbance,WUE,Mid,21,-0.00942,61.9,0.3011,0.9715,ns
M5vsM6_raw_12m,tertiles,Relative Disturbance,uWUE,Mid,21,0.01642,33.3,0.8594,0.9715,ns
M5vsM6_raw_12m,tertiles,Relative Disturbance,ETmax,Low,22,-7e-05,54.5,0.6025,0.9715,ns
M5vsM6_raw_12m,tertiles,Relative Disturbance,GPPsat,Low,22,0.01056,50,0.4741,0.9715,ns
M5vsM6_raw_12m,tertiles,Relative Disturbance,NEPmax,Low,22,-0.12692,59.1,0.1087,0.9715,ns
M5vsM6_raw_12m,tertiles,Relative Disturbance,WUE,Low,22,-0.00405,54.5,0.3727,0.9715,ns
M5vsM6_raw_12m,tertiles,Relative Disturbance,uWUE,Low,22,-0.00245,50,0.4355,0.9715,ns
M5vsM6_raw_12m,equal_width,Absolute Mortality,ETmax,Mid,21,1e-04,47.6,0.3383,0.9701,ns
M5vsM6_raw_12m,equal_width,Absolute Mortality,GPPsat,Mid,21,0.0861,33.3,0.8076,0.9701,ns
M5vsM6_raw_12m,equal_width,Absolute Mortality,NEPmax,Mid,21,-0.10133,61.9,0.1652,0.9701,ns
M5vsM6_raw_12m,equal_width,Absolute Mortality,WUE,Mid,21,-0.00287,52.4,0.3905,0.9701,ns
M5vsM6_raw_12m,equal_width,Absolute Mortality,uWUE,Mid,21,0.01437,33.3,0.9278,0.9701,ns
M5vsM6_raw_12m,equal_width,Absolute Mortality,ETmax,Low,41,-0.00034,58.5,0.3112,0.9701,ns
M5vsM6_raw_12m,equal_width,Absolute Mortality,GPPsat,Low,41,0.04224,46.3,0.6022,0.9701,ns
M5vsM6_raw_12m,equal_width,Absolute Mortality,NEPmax,Low,41,0.10336,43.9,0.6934,0.9701,ns
M5vsM6_raw_12m,equal_width,Absolute Mortality,WUE,Low,41,-0.00459,58.5,0.3112,0.9701,ns
M5vsM6_raw_12m,equal_width,Absolute Mortality,uWUE,Low,41,0.01019,41.5,0.7854,0.9701,ns
M5vsM6_raw_12m,equal_width,Absolute Mortality,ETmax,High,3,0.00023,33.3,,,""
M5vsM6_raw_12m,equal_width,Absolute Mortality,GPPsat,High,3,0.39718,0,,,""
M5vsM6_raw_12m,equal_width,Absolute Mortality,NEPmax,High,3,0.45378,33.3,,,""
M5vsM6_raw_12m,equal_width,Absolute Mortality,WUE,High,3,0.02252,33.3,,,""
M5vsM6_raw_12m,equal_width,Absolute Mortality,uWUE,High,3,0.01373,0,,,""
M5vsM6_raw_12m,equal_width,Relative Mortality,ETmax,Mid,26,-0.00071,61.5,0.05767,0.9701,ns
M5vsM6_raw_12m,equal_width,Relative Mortality,GPPsat,Mid,26,0.17761,34.6,0.9261,0.9701,ns
M5vsM6_raw_12m,equal_width,Relative Mortality,NEPmax,Mid,26,-0.0634,57.7,0.2969,0.9701,ns
M5vsM6_raw_12m,equal_width,Relative Mortality,WUE,Mid,26,0.01234,46.2,0.5304,0.9701,ns
M5vsM6_raw_12m,equal_width,Relative Mortality,uWUE,Mid,26,0.01569,30.8,0.8569,0.9701,ns
M5vsM6_raw_12m,equal_width,Relative Mortality,ETmax,Low,32,-7e-05,53.1,0.614,0.9701,ns
M5vsM6_raw_12m,equal_width,Relative Mortality,GPPsat,Low,32,0.0153,50,0.3788,0.9701,ns
M5vsM6_raw_12m,equal_width,Relative Mortality,NEPmax,Low,32,0.1018,43.8,0.6423,0.9701,ns
M5vsM6_raw_12m,equal_width,Relative Mortality,WUE,Low,32,-0.00614,62.5,0.2534,0.9701,ns
M5vsM6_raw_12m,equal_width,Relative Mortality,uWUE,Low,32,0.00379,43.8,0.7756,0.9701,ns
M5vsM6_raw_12m,equal_width,Relative Mortality,ETmax,High,7,0.00023,28.6,0.7229,0.9701,ns
M5vsM6_raw_12m,equal_width,Relative Mortality,GPPsat,High,7,0.10252,14.3,0.8976,0.9701,ns
M5vsM6_raw_12m,equal_width,Relative Mortality,NEPmax,High,7,0.04265,42.9,0.7229,0.9701,ns
M5vsM6_raw_12m,equal_width,Relative Mortality,WUE,High,7,-0.00287,57.1,0.5337,0.9701,ns
M5vsM6_raw_12m,equal_width,Relative Mortality,uWUE,High,7,0.01373,28.6,0.9458,0.9701,ns
M5vsM6_raw_12m,equal_width,Relative Disturbance,ETmax,Mid,27,-0.00055,59.3,0.03304,0.9701,ns
M5vsM6_raw_12m,equal_width,Relative Disturbance,GPPsat,Mid,27,0.10252,33.3,0.9236,0.9701,ns
M5vsM6_raw_12m,equal_width,Relative Disturbance,NEPmax,Mid,27,0.00071,48.1,0.6088,0.9701,ns
M5vsM6_raw_12m,equal_width,Relative Disturbance,WUE,Mid,27,-0.00317,55.6,0.382,0.9701,ns
M5vsM6_raw_12m,equal_width,Relative Disturbance,uWUE,Mid,27,0.01019,37,0.7895,0.9701,ns
M5vsM6_raw_12m,equal_width,Relative Disturbance,ETmax,High,9,4e-04,33.3,0.7965,0.9701,ns
M5vsM6_raw_12m,equal_width,Relative Disturbance,GPPsat,High,9,0.14746,22.2,0.7965,0.9701,ns
M5vsM6_raw_12m,equal_width,Relative Disturbance,NEPmax,High,9,-0.11343,66.7,0.4064,0.9701,ns
M5vsM6_raw_12m,equal_width,Relative Disturbance,WUE,High,9,0.01046,44.4,0.7232,0.9701,ns
M5vsM6_raw_12m,equal_width,Relative Disturbance,uWUE,High,9,0.02691,11.1,0.9878,0.9878,ns
M5vsM6_raw_12m,equal_width,Relative Disturbance,ETmax,Low,29,-0.00012,55.2,0.5856,0.9701,ns
M5vsM6_raw_12m,equal_width,Relative Disturbance,GPPsat,Low,29,-0.01165,51.7,0.381,0.9701,ns
M5vsM6_raw_12m,equal_width,Relative Disturbance,NEPmax,Low,29,0.10024,44.8,0.5172,0.9701,ns
M5vsM6_raw_12m,equal_width,Relative Disturbance,WUE,Low,29,-0.00768,58.6,0.3249,0.9701,ns
M5vsM6_raw_12m,equal_width,Relative Disturbance,uWUE,Low,29,0.00489,44.8,0.7276,0.9701,ns
M5vsM6_raw_12m,natural_breaks,Absolute Mortality,ETmax,High,14,0.00032,28.6,0.8268,0.9895,ns
M5vsM6_raw_12m,natural_breaks,Absolute Mortality,GPPsat,High,14,0.04971,42.9,0.45,0.9463,ns
M5vsM6_raw_12m,natural_breaks,Absolute Mortality,NEPmax,High,14,-0.03134,50,0.5991,0.9463,ns
M5vsM6_raw_12m,natural_breaks,Absolute Mortality,WUE,High,14,-0.01117,64.3,0.1897,0.9463,ns
M5vsM6_raw_12m,natural_breaks,Absolute Mortality,uWUE,High,14,0.00674,42.9,0.6922,0.9463,ns
M5vsM6_raw_12m,natural_breaks,Absolute Mortality,ETmax,Mid,32,-0.00049,59.4,0.1001,0.9463,ns
M5vsM6_raw_12m,natural_breaks,Absolute Mortality,GPPsat,Mid,32,0.17761,31.2,0.9895,0.9895,ns
M5vsM6_raw_12m,natural_breaks,Absolute Mortality,NEPmax,Mid,32,0.0847,46.9,0.614,0.9463,ns
M5vsM6_raw_12m,natural_breaks,Absolute Mortality,WUE,Mid,32,0.01234,46.9,0.8932,0.9895,ns
M5vsM6_raw_12m,natural_breaks,Absolute Mortality,uWUE,Mid,32,0.01672,25,0.9879,0.9895,ns
M5vsM6_raw_12m,natural_breaks,Absolute Mortality,ETmax,Low,19,-0.00037,63.2,0.3363,0.9463,ns
M5vsM6_raw_12m,natural_breaks,Absolute Mortality,GPPsat,Low,19,-0.02474,52.6,0.1935,0.9463,ns
M5vsM6_raw_12m,natural_breaks,Absolute Mortality,NEPmax,Low,19,-0.02404,52.6,0.2935,0.9463,ns
M5vsM6_raw_12m,natural_breaks,Absolute Mortality,WUE,Low,19,-0.00459,63.2,0.1025,0.9463,ns
M5vsM6_raw_12m,natural_breaks,Absolute Mortality,uWUE,Low,19,-0.00167,52.6,0.5876,0.9463,ns
M5vsM6_raw_12m,natural_breaks,Relative Mortality,ETmax,High,23,1e-04,47.8,0.3747,0.9463,ns
M5vsM6_raw_12m,natural_breaks,Relative Mortality,GPPsat,High,23,0.13829,30.4,0.9168,0.9895,ns
M5vsM6_raw_12m,natural_breaks,Relative Mortality,NEPmax,High,23,0.00071,47.8,0.6921,0.9463,ns
M5vsM6_raw_12m,natural_breaks,Relative Mortality,WUE,High,23,-0.00287,52.2,0.4456,0.9463,ns
M5vsM6_raw_12m,natural_breaks,Relative Mortality,uWUE,High,23,0.01701,26.1,0.9784,0.9895,ns
M5vsM6_raw_12m,natural_breaks,Relative Mortality,ETmax,Mid,18,-1e-05,50,0.2856,0.9463,ns
M5vsM6_raw_12m,natural_breaks,Relative Mortality,GPPsat,Mid,18,0.08259,38.9,0.757,0.9463,ns
M5vsM6_raw_12m,natural_breaks,Relative Mortality,NEPmax,Mid,18,0.09179,38.9,0.7144,0.9463,ns
M5vsM6_raw_12m,natural_breaks,Relative Mortality,WUE,Mid,18,0.00357,50,0.757,0.9463,ns
M5vsM6_raw_12m,natural_breaks,Relative Mortality,uWUE,Mid,18,0.00885,38.9,0.7432,0.9463,ns
M5vsM6_raw_12m,natural_breaks,Relative Mortality,ETmax,Low,24,-0.00036,62.5,0.3821,0.9463,ns
M5vsM6_raw_12m,natural_breaks,Relative Mortality,GPPsat,Low,24,0.0153,50,0.3821,0.9463,ns
M5vsM6_raw_12m,natural_breaks,Relative Mortality,NEPmax,Low,24,-0.07521,58.3,0.1552,0.9463,ns
M5vsM6_raw_12m,natural_breaks,Relative Mortality,WUE,Low,24,-0.00614,62.5,0.1357,0.9463,ns
M5vsM6_raw_12m,natural_breaks,Relative Mortality,uWUE,Low,24,0.00291,45.8,0.6501,0.9463,ns
M5vsM6_raw_12m,natural_breaks,Relative Disturbance,ETmax,High,22,0.00014,45.5,0.4612,0.9463,ns
M5vsM6_raw_12m,natural_breaks,Relative Disturbance,GPPsat,High,22,0.12041,31.8,0.8913,0.9895,ns
M5vsM6_raw_12m,natural_breaks,Relative Disturbance,NEPmax,High,22,0.02168,45.5,0.7419,0.9463,ns
M5vsM6_raw_12m,natural_breaks,Relative Disturbance,WUE,High,22,0.0038,50,0.6273,0.9463,ns
M5vsM6_raw_12m,natural_breaks,Relative Disturbance,uWUE,High,22,0.01554,27.3,0.9852,0.9895,ns
M5vsM6_raw_12m,natural_breaks,Relative Disturbance,ETmax,Mid,20,-0.00043,60,0.09888,0.9463,ns
M5vsM6_raw_12m,natural_breaks,Relative Disturbance,GPPsat,Mid,20,0.06066,40,0.731,0.9463,ns
M5vsM6_raw_12m,natural_breaks,Relative Disturbance,NEPmax,Mid,20,0.05877,45,0.7059,0.9463,ns
M5vsM6_raw_12m,natural_breaks,Relative Disturbance,WUE,Mid,20,-0.00658,60,0.3897,0.9463,ns
M5vsM6_raw_12m,natural_breaks,Relative Disturbance,uWUE,Mid,20,0.01706,30,0.8477,0.9895,ns
M5vsM6_raw_12m,natural_breaks,Relative Disturbance,ETmax,Low,23,-0.00012,56.5,0.5061,0.9463,ns
M5vsM6_raw_12m,natural_breaks,Relative Disturbance,GPPsat,Low,23,0.04586,47.8,0.4939,0.9463,ns
M5vsM6_raw_12m,natural_breaks,Relative Disturbance,NEPmax,Low,23,-0.10365,56.5,0.1401,0.9463,ns
M5vsM6_raw_12m,natural_breaks,Relative Disturbance,WUE,Low,23,-0.00459,56.5,0.2973,0.9463,ns
M5vsM6_raw_12m,natural_breaks,Relative Disturbance,uWUE,Low,23,-0.00167,52.2,0.4216,0.9463,ns
M5vsM6_raw_24m,tertiles,Absolute Mortality,ETmax,High,22,-0.00018,50,0.4871,0.9903,ns
M5vsM6_raw_24m,tertiles,Absolute Mortality,GPPsat,High,22,0.0561,36.4,0.8788,0.9903,ns
M5vsM6_raw_24m,tertiles,Absolute Mortality,NEPmax,High,22,0.14765,40.9,0.6753,0.9903,ns
M5vsM6_raw_24m,tertiles,Absolute Mortality,WUE,High,22,0.01108,36.4,0.8096,0.9903,ns
M5vsM6_raw_24m,tertiles,Absolute Mortality,uWUE,High,22,0.01725,40.9,0.9723,0.9903,ns
M5vsM6_raw_24m,tertiles,Absolute Mortality,ETmax,Mid,21,0.00054,42.9,0.9451,0.9903,ns
M5vsM6_raw_24m,tertiles,Absolute Mortality,GPPsat,Mid,21,0.04436,42.9,0.9178,0.9903,ns
M5vsM6_raw_24m,tertiles,Absolute Mortality,NEPmax,Mid,21,0.07342,42.9,0.8433,0.9903,ns
M5vsM6_raw_24m,tertiles,Absolute Mortality,WUE,Mid,21,0.0017,47.6,0.5415,0.9903,ns
M5vsM6_raw_24m,tertiles,Absolute Mortality,uWUE,Mid,21,0.01458,33.3,0.9488,0.9903,ns
M5vsM6_raw_24m,tertiles,Absolute Mortality,ETmax,Low,22,0.00014,45.5,0.5899,0.9903,ns
M5vsM6_raw_24m,tertiles,Absolute Mortality,GPPsat,Low,22,-0.0906,68.2,0.04265,0.9903,ns
M5vsM6_raw_24m,tertiles,Absolute Mortality,NEPmax,Low,22,-0.04293,54.5,0.1494,0.9903,ns
M5vsM6_raw_24m,tertiles,Absolute Mortality,WUE,Low,22,-0.00601,63.6,0.142,0.9903,ns
M5vsM6_raw_24m,tertiles,Absolute Mortality,uWUE,Low,22,0.00474,36.4,0.8096,0.9903,ns
M5vsM6_raw_24m,tertiles,Relative Mortality,ETmax,High,22,0.00018,45.5,0.6635,0.9903,ns
M5vsM6_raw_24m,tertiles,Relative Mortality,GPPsat,High,22,0.04205,36.4,0.8973,0.9903,ns
M5vsM6_raw_24m,tertiles,Relative Mortality,NEPmax,High,22,0.19891,31.8,0.8096,0.9903,ns
M5vsM6_raw_24m,tertiles,Relative Mortality,WUE,High,22,0.01108,40.9,0.7313,0.9903,ns
M5vsM6_raw_24m,tertiles,Relative Mortality,uWUE,High,22,0.017,40.9,0.9629,0.9903,ns
M5vsM6_raw_24m,tertiles,Relative Mortality,ETmax,Mid,21,-0.00023,57.1,0.6989,0.9903,ns
M5vsM6_raw_24m,tertiles,Relative Mortality,GPPsat,Mid,21,0.05397,42.9,0.7455,0.9903,ns
M5vsM6_raw_24m,tertiles,Relative Mortality,NEPmax,Mid,21,-0.03692,57.1,0.431,0.9903,ns
M5vsM6_raw_24m,tertiles,Relative Mortality,WUE,Mid,21,0.00163,42.9,0.5139,0.9903,ns
M5vsM6_raw_24m,tertiles,Relative Mortality,uWUE,Mid,21,0.0021,47.6,0.7455,0.9903,ns
M5vsM6_raw_24m,tertiles,Relative Mortality,ETmax,Low,22,0.00036,36.4,0.7915,0.9903,ns
M5vsM6_raw_24m,tertiles,Relative Mortality,GPPsat,Low,22,-0.072,68.2,0.1148,0.9903,ns
M5vsM6_raw_24m,tertiles,Relative Mortality,NEPmax,Low,22,0.00579,50,0.3247,0.9903,ns
M5vsM6_raw_24m,tertiles,Relative Mortality,WUE,Low,22,-0.00601,63.6,0.2276,0.9903,ns
M5vsM6_raw_24m,tertiles,Relative Mortality,uWUE,Low,22,0.00777,22.7,0.9903,0.9903,ns
M5vsM6_raw_24m,tertiles,Relative Disturbance,ETmax,High,22,0.00018,45.5,0.6753,0.9903,ns
M5vsM6_raw_24m,tertiles,Relative Disturbance,GPPsat,High,22,0.04205,36.4,0.903,0.9903,ns
M5vsM6_raw_24m,tertiles,Relative Disturbance,NEPmax,High,22,0.19891,31.8,0.8788,0.9903,ns
M5vsM6_raw_24m,tertiles,Relative Disturbance,WUE,High,22,0.01108,36.4,0.8506,0.9903,ns
M5vsM6_raw_24m,tertiles,Relative Disturbance,uWUE,High,22,0.01562,45.5,0.9365,0.9903,ns
M5vsM6_raw_24m,tertiles,Relative Disturbance,ETmax,Mid,21,-0.00046,61.9,0.431,0.9903,ns
M5vsM6_raw_24m,tertiles,Relative Disturbance,GPPsat,Mid,21,-0.01584,52.4,0.569,0.9903,ns
M5vsM6_raw_24m,tertiles,Relative Disturbance,NEPmax,Mid,21,-2e-04,52.4,0.5415,0.9903,ns
M5vsM6_raw_24m,tertiles,Relative Disturbance,WUE,Mid,21,-0.00174,52.4,0.1406,0.9903,ns
M5vsM6_raw_24m,tertiles,Relative Disturbance,uWUE,Mid,21,0.01507,33.3,0.9411,0.9903,ns
M5vsM6_raw_24m,tertiles,Relative Disturbance,ETmax,Low,22,0.00044,31.8,0.9442,0.9903,ns
M5vsM6_raw_24m,tertiles,Relative Disturbance,GPPsat,Low,22,-0.07754,59.1,0.3247,0.9903,ns
M5vsM6_raw_24m,tertiles,Relative Disturbance,NEPmax,Low,22,-0.04293,54.5,0.2085,0.9903,ns
M5vsM6_raw_24m,tertiles,Relative Disturbance,WUE,Low,22,-0.00423,59.1,0.4741,0.9903,ns
M5vsM6_raw_24m,tertiles,Relative Disturbance,uWUE,Low,22,0.00549,31.8,0.9136,0.9903,ns
M5vsM6_raw_24m,equal_width,Absolute Mortality,ETmax,Mid,21,-0.00042,57.1,0.5961,0.97,ns
M5vsM6_raw_24m,equal_width,Absolute Mortality,GPPsat,Mid,21,0.03919,42.9,0.7342,0.97,ns
M5vsM6_raw_24m,equal_width,Absolute Mortality,NEPmax,Mid,21,0.13086,42.9,0.5961,0.97,ns
M5vsM6_raw_24m,equal_width,Absolute Mortality,WUE,Mid,21,0.00275,38.1,0.7109,0.97,ns
M5vsM6_raw_24m,equal_width,Absolute Mortality,uWUE,Mid,21,0.01456,47.6,0.9008,0.97,ns
M5vsM6_raw_24m,equal_width,Absolute Mortality,ETmax,Low,41,0.00042,41.5,0.9069,0.97,ns
M5vsM6_raw_24m,equal_width,Absolute Mortality,GPPsat,Low,41,-0.02966,56.1,0.3251,0.97,ns
M5vsM6_raw_24m,equal_width,Absolute Mortality,NEPmax,Low,41,0.01778,48.8,0.5922,0.97,ns
M5vsM6_raw_24m,equal_width,Absolute Mortality,WUE,Low,41,-0.00297,58.5,0.1788,0.97,ns
M5vsM6_raw_24m,equal_width,Absolute Mortality,uWUE,Low,41,0.00658,34.1,0.9501,0.97,ns
M5vsM6_raw_24m,equal_width,Absolute Mortality,ETmax,High,3,9e-05,33.3,,,""
M5vsM6_raw_24m,equal_width,Absolute Mortality,GPPsat,High,3,0.2079,0,,,""
M5vsM6_raw_24m,equal_width,Absolute Mortality,NEPmax,High,3,0.2713,33.3,,,""
M5vsM6_raw_24m,equal_width,Absolute Mortality,WUE,High,3,0.01647,0,,,""
M5vsM6_raw_24m,equal_width,Absolute Mortality,uWUE,High,3,0.05337,0,,,""
M5vsM6_raw_24m,equal_width,Relative Mortality,ETmax,Mid,26,-0.00044,61.5,0.3422,0.97,ns
M5vsM6_raw_24m,equal_width,Relative Mortality,GPPsat,Mid,26,0.06063,34.6,0.9699,0.97,ns
M5vsM6_raw_24m,equal_width,Relative Mortality,NEPmax,Mid,26,0.04102,50,0.4394,0.97,ns
M5vsM6_raw_24m,equal_width,Relative Mortality,WUE,Mid,26,0.00129,46.2,0.2882,0.97,ns
M5vsM6_raw_24m,equal_width,Relative Mortality,uWUE,Mid,26,0.00833,46.2,0.9362,0.97,ns
M5vsM6_raw_24m,equal_width,Relative Mortality,ETmax,Low,32,0.00044,37.5,0.9565,0.97,ns
M5vsM6_raw_24m,equal_width,Relative Mortality,GPPsat,Low,32,-0.07092,62.5,0.1454,0.97,ns
M5vsM6_raw_24m,equal_width,Relative Mortality,NEPmax,Low,32,0.00579,50,0.4222,0.97,ns
M5vsM6_raw_24m,equal_width,Relative Mortality,WUE,Low,32,-0.00235,56.2,0.4076,0.97,ns
M5vsM6_raw_24m,equal_width,Relative Mortality,uWUE,Low,32,0.00744,31.2,0.9582,0.97,ns
M5vsM6_raw_24m,equal_width,Relative Mortality,ETmax,High,7,0.00027,28.6,0.6637,0.97,ns
M5vsM6_raw_24m,equal_width,Relative Mortality,GPPsat,High,7,0.04491,42.9,0.6637,0.97,ns
M5vsM6_raw_24m,equal_width,Relative Mortality,NEPmax,High,7,0.30021,14.3,0.9246,0.97,ns
M5vsM6_raw_24m,equal_width,Relative Mortality,WUE,High,7,0.01494,28.6,0.962,0.97,ns
M5vsM6_raw_24m,equal_width,Relative Mortality,uWUE,High,7,0.02844,28.6,0.8976,0.97,ns
M5vsM6_raw_24m,equal_width,Relative Disturbance,ETmax,Mid,27,-0.00046,63,0.1903,0.97,ns
M5vsM6_raw_24m,equal_width,Relative Disturbance,GPPsat,Mid,27,0.04436,37,0.9548,0.97,ns
M5vsM6_raw_24m,equal_width,Relative Disturbance,NEPmax,Mid,27,0.08224,48.1,0.7219,0.97,ns
M5vsM6_raw_24m,equal_width,Relative Disturbance,WUE,Mid,27,0.00088,48.1,0.2319,0.97,ns
M5vsM6_raw_24m,equal_width,Relative Disturbance,uWUE,Mid,27,0.01456,44.4,0.9302,0.97,ns
M5vsM6_raw_24m,equal_width,Relative Disturbance,ETmax,High,9,0.00027,33.3,0.7614,0.97,ns
M5vsM6_raw_24m,equal_width,Relative Disturbance,GPPsat,High,9,0.12659,44.4,0.6389,0.97,ns
M5vsM6_raw_24m,equal_width,Relative Disturbance,NEPmax,High,9,0.0384,44.4,0.5472,0.97,ns
M5vsM6_raw_24m,equal_width,Relative Disturbance,WUE,High,9,0.01647,33.3,0.9037,0.97,ns
M5vsM6_raw_24m,equal_width,Relative Disturbance,uWUE,High,9,0.02844,33.3,0.9224,0.97,ns
M5vsM6_raw_24m,equal_width,Relative Disturbance,ETmax,Low,29,0.00046,34.5,0.97,0.97,ns
M5vsM6_raw_24m,equal_width,Relative Disturbance,GPPsat,Low,29,-0.05895,62.1,0.1877,0.97,ns
M5vsM6_raw_24m,equal_width,Relative Disturbance,NEPmax,Low,29,0.03688,44.8,0.5259,0.97,ns
M5vsM6_raw_24m,equal_width,Relative Disturbance,WUE,Low,29,-0.00174,55.2,0.457,0.97,ns
M5vsM6_raw_24m,equal_width,Relative Disturbance,uWUE,Low,29,0.00658,31,0.9582,0.97,ns
M5vsM6_raw_24m,natural_breaks,Absolute Mortality,ETmax,High,14,0.00062,28.6,0.8571,0.9957,ns
M5vsM6_raw_24m,natural_breaks,Absolute Mortality,GPPsat,High,14,0.01994,50,0.5747,0.9957,ns
M5vsM6_raw_24m,natural_breaks,Absolute Mortality,NEPmax,High,14,0.21787,28.6,0.8571,0.9957,ns
M5vsM6_raw_24m,natural_breaks,Absolute Mortality,WUE,High,14,0.00777,42.9,0.45,0.9957,ns
M5vsM6_raw_24m,natural_breaks,Absolute Mortality,uWUE,High,14,0.0127,50,0.7928,0.9957,ns
M5vsM6_raw_24m,natural_breaks,Absolute Mortality,ETmax,Mid,32,-0.00021,53.1,0.7094,0.9957,ns
M5vsM6_raw_24m,natural_breaks,Absolute Mortality,GPPsat,Mid,32,0.06674,34.4,0.9823,0.9957,ns
M5vsM6_raw_24m,natural_breaks,Absolute Mortality,NEPmax,Mid,32,0.02733,46.9,0.6698,0.9957,ns
M5vsM6_raw_24m,natural_breaks,Absolute Mortality,WUE,Mid,32,0.00186,43.8,0.8275,0.9957,ns
M5vsM6_raw_24m,natural_breaks,Absolute Mortality,uWUE,Mid,32,0.01457,31.2,0.9957,0.9957,ns
M5vsM6_raw_24m,natural_breaks,Absolute Mortality,ETmax,Low,19,0.00026,47.4,0.556,0.9957,ns
M5vsM6_raw_24m,natural_breaks,Absolute Mortality,GPPsat,Low,19,-0.09613,73.7,0.02797,0.9957,ns
M5vsM6_raw_24m,natural_breaks,Absolute Mortality,NEPmax,Low,19,-0.07966,57.9,0.1621,0.9957,ns
M5vsM6_raw_24m,natural_breaks,Absolute Mortality,WUE,Low,19,-0.00549,63.2,0.1025,0.9957,ns
M5vsM6_raw_24m,natural_breaks,Absolute Mortality,uWUE,Low,19,0.00537,36.8,0.7336,0.9957,ns
M5vsM6_raw_24m,natural_breaks,Relative Mortality,ETmax,High,23,9e-05,47.8,0.5544,0.9957,ns
M5vsM6_raw_24m,natural_breaks,Relative Mortality,GPPsat,High,23,0.04491,34.8,0.9168,0.9957,ns
M5vsM6_raw_24m,natural_breaks,Relative Mortality,NEPmax,High,23,0.16444,30.4,0.8385,0.9957,ns
M5vsM6_raw_24m,natural_breaks,Relative Mortality,WUE,High,23,0.00938,43.5,0.6367,0.9957,ns
M5vsM6_raw_24m,natural_breaks,Relative Mortality,uWUE,High,23,0.01669,43.5,0.9571,0.9957,ns
M5vsM6_raw_24m,natural_breaks,Relative Mortality,ETmax,Mid,18,-0.00021,55.6,0.7432,0.9957,ns
M5vsM6_raw_24m,natural_breaks,Relative Mortality,GPPsat,Mid,18,0.06194,44.4,0.7705,0.9957,ns
M5vsM6_raw_24m,natural_breaks,Relative Mortality,NEPmax,Mid,18,-0.01856,55.6,0.6198,0.9957,ns
M5vsM6_raw_24m,natural_breaks,Relative Mortality,WUE,Mid,18,0.00129,44.4,0.4826,0.9957,ns
M5vsM6_raw_24m,natural_breaks,Relative Mortality,uWUE,Mid,18,0.01144,38.9,0.8712,0.9957,ns
M5vsM6_raw_24m,natural_breaks,Relative Mortality,ETmax,Low,24,0.00036,37.5,0.8448,0.9957,ns
M5vsM6_raw_24m,natural_breaks,Relative Mortality,GPPsat,Low,24,-0.072,66.7,0.1295,0.9957,ns
M5vsM6_raw_24m,natural_breaks,Relative Mortality,NEPmax,Low,24,-0.04293,54.2,0.1621,0.9957,ns
M5vsM6_raw_24m,natural_breaks,Relative Mortality,WUE,Low,24,-0.00423,58.3,0.3085,0.9957,ns
M5vsM6_raw_24m,natural_breaks,Relative Mortality,uWUE,Low,24,0.00609,29.2,0.9554,0.9957,ns
M5vsM6_raw_24m,natural_breaks,Relative Disturbance,ETmax,High,22,0.00018,45.5,0.6753,0.9957,ns
M5vsM6_raw_24m,natural_breaks,Relative Disturbance,GPPsat,High,22,0.04205,36.4,0.903,0.9957,ns
M5vsM6_raw_24m,natural_breaks,Relative Disturbance,NEPmax,High,22,0.19891,31.8,0.8788,0.9957,ns
M5vsM6_raw_24m,natural_breaks,Relative Disturbance,WUE,High,22,0.01108,36.4,0.8506,0.9957,ns
M5vsM6_raw_24m,natural_breaks,Relative Disturbance,uWUE,High,22,0.01562,45.5,0.9365,0.9957,ns
M5vsM6_raw_24m,natural_breaks,Relative Disturbance,ETmax,Mid,20,-0.00034,60,0.5813,0.9957,ns
M5vsM6_raw_24m,natural_breaks,Relative Disturbance,GPPsat,Mid,20,0.01164,50,0.5813,0.9957,ns
M5vsM6_raw_24m,natural_breaks,Relative Disturbance,NEPmax,Mid,20,-0.01856,55,0.4777,0.9957,ns
M5vsM6_raw_24m,natural_breaks,Relative Disturbance,WUE,Mid,20,-2e-05,50,0.222,0.9957,ns
M5vsM6_raw_24m,natural_breaks,Relative Disturbance,uWUE,Mid,20,0.01595,35,0.9247,0.9957,ns
M5vsM6_raw_24m,natural_breaks,Relative Disturbance,ETmax,Low,23,0.00042,34.8,0.8852,0.9957,ns
M5vsM6_raw_24m,natural_breaks,Relative Disturbance,GPPsat,Low,23,-0.05895,60.9,0.2973,0.9957,ns
M5vsM6_raw_24m,natural_breaks,Relative Disturbance,NEPmax,Low,23,-0.0062,52.2,0.2469,0.9957,ns
M5vsM6_raw_24m,natural_breaks,Relative Disturbance,WUE,Low,23,-0.00549,60.9,0.3863,0.9957,ns
M5vsM6_raw_24m,natural_breaks,Relative Disturbance,uWUE,Low,23,0.00561,30.4,0.9377,0.9957,ns
M5vsM6_anom_12m,tertiles,Absolute Mortality,ETmax,High,22,0.00045,36.4,0.5645,0.8117,ns
M5vsM6_anom_12m,tertiles,Absolute Mortality,GPPsat,High,22,-0.40166,59.1,0.2795,0.688,ns
M5vsM6_anom_12m,tertiles,Absolute Mortality,NEPmax,High,22,-0.7824,59.1,0.1148,0.688,ns
M5vsM6_anom_12m,tertiles,Absolute Mortality,WUE,High,22,-0.01443,59.1,0.3247,0.7073,ns
M5vsM6_anom_12m,tertiles,Absolute Mortality,uWUE,High,22,0.00778,45.5,0.7915,0.848,ns
M5vsM6_anom_12m,tertiles,Absolute Mortality,ETmax,Mid,21,0.00045,38.1,0.7778,0.848,ns
M5vsM6_anom_12m,tertiles,Absolute Mortality,GPPsat,Mid,21,-0.3714,66.7,0.2773,0.688,ns
M5vsM6_anom_12m,tertiles,Absolute Mortality,NEPmax,Mid,21,-0.31874,57.1,0.3641,0.7073,ns
M5vsM6_anom_12m,tertiles,Absolute Mortality,WUE,Mid,21,-0.00199,57.1,0.2435,0.688,ns
M5vsM6_anom_12m,tertiles,Absolute Mortality,uWUE,Mid,21,-0.01484,61.9,0.3772,0.7073,ns
M5vsM6_anom_12m,tertiles,Absolute Mortality,ETmax,Low,22,0.00206,36.4,0.7205,0.8463,ns
M5vsM6_anom_12m,tertiles,Absolute Mortality,GPPsat,Low,22,0.22832,45.5,0.7523,0.8463,ns
M5vsM6_anom_12m,tertiles,Absolute Mortality,NEPmax,Low,22,-0.81618,63.6,0.1212,0.688,ns
M5vsM6_anom_12m,tertiles,Absolute Mortality,WUE,Low,22,0.00149,50,0.4871,0.7694,ns
M5vsM6_anom_12m,tertiles,Absolute Mortality,uWUE,Low,22,-0.01057,54.5,0.3605,0.7073,ns
M5vsM6_anom_12m,tertiles,Relative Mortality,ETmax,High,22,0.00045,40.9,0.5129,0.7694,ns
M5vsM6_anom_12m,tertiles,Relative Mortality,GPPsat,High,22,-0.562,63.6,0.2085,0.688,ns
M5vsM6_anom_12m,tertiles,Relative Mortality,NEPmax,High,22,-0.96958,59.1,0.2477,0.688,ns
M5vsM6_anom_12m,tertiles,Relative Mortality,WUE,High,22,-0.00699,59.1,0.2179,0.688,ns
M5vsM6_anom_12m,tertiles,Relative Mortality,uWUE,High,22,2e-04,50,0.6635,0.8463,ns
M5vsM6_anom_12m,tertiles,Relative Mortality,ETmax,Mid,21,0.00103,23.8,0.9762,0.9762,ns
M5vsM6_anom_12m,tertiles,Relative Mortality,GPPsat,Mid,21,0.25011,47.6,0.8433,0.8825,ns
M5vsM6_anom_12m,tertiles,Relative Mortality,NEPmax,Mid,21,-0.29077,52.4,0.3383,0.7073,ns
M5vsM6_anom_12m,tertiles,Relative Mortality,WUE,Mid,21,-0.00883,57.1,0.2222,0.688,ns
M5vsM6_anom_12m,tertiles,Relative Mortality,uWUE,Mid,21,-0.00826,52.4,0.7455,0.8463,ns
M5vsM6_anom_12m,tertiles,Relative Mortality,ETmax,Low,22,0.00131,45.5,0.4483,0.7694,ns
M5vsM6_anom_12m,tertiles,Relative Mortality,GPPsat,Low,22,-0.14311,59.1,0.2581,0.688,ns
M5vsM6_anom_12m,tertiles,Relative Mortality,NEPmax,Low,22,-0.89581,68.2,0.03979,0.688,ns
M5vsM6_anom_12m,tertiles,Relative Mortality,WUE,Low,22,0.00149,50,0.5772,0.8117,ns
M5vsM6_anom_12m,tertiles,Relative Mortality,uWUE,Low,22,-0.01424,59.1,0.1494,0.688,ns
M5vsM6_anom_12m,tertiles,Relative Disturbance,ETmax,High,22,0.00057,36.4,0.6149,0.8385,ns
M5vsM6_anom_12m,tertiles,Relative Disturbance,GPPsat,High,22,-0.40166,63.6,0.2179,0.688,ns
M5vsM6_anom_12m,tertiles,Relative Disturbance,NEPmax,High,22,-0.62816,54.5,0.2905,0.688,ns
M5vsM6_anom_12m,tertiles,Relative Disturbance,WUE,High,22,-0.00146,54.5,0.2795,0.688,ns
M5vsM6_anom_12m,tertiles,Relative Disturbance,uWUE,High,22,0.01217,45.5,0.7523,0.8463,ns
M5vsM6_anom_12m,tertiles,Relative Disturbance,ETmax,Mid,21,0.00045,33.3,0.8946,0.9149,ns
M5vsM6_anom_12m,tertiles,Relative Disturbance,GPPsat,Mid,21,-0.07287,57.1,0.6359,0.8417,ns
M5vsM6_anom_12m,tertiles,Relative Disturbance,NEPmax,Mid,21,-0.46328,57.1,0.1485,0.688,ns
M5vsM6_anom_12m,tertiles,Relative Disturbance,WUE,Mid,21,-0.01687,61.9,0.09329,0.688,ns
M5vsM6_anom_12m,tertiles,Relative Disturbance,uWUE,Mid,21,-0.01035,57.1,0.5,0.7694,ns
M5vsM6_anom_12m,tertiles,Relative Disturbance,ETmax,Low,22,0.00143,40.9,0.5129,0.7694,ns
M5vsM6_anom_12m,tertiles,Relative Disturbance,GPPsat,Low,22,0.0123,50,0.5,0.7694,ns
M5vsM6_anom_12m,tertiles,Relative Disturbance,NEPmax,Low,22,-0.8386,68.2,0.1148,0.688,ns
M5vsM6_anom_12m,tertiles,Relative Disturbance,WUE,Low,22,0.00149,50,0.6869,0.8463,ns
M5vsM6_anom_12m,tertiles,Relative Disturbance,uWUE,Low,22,-0.01424,59.1,0.2905,0.688,ns
M5vsM6_anom_12m,equal_width,Absolute Mortality,ETmax,Mid,21,0.00043,38.1,0.569,0.8429,ns
M5vsM6_anom_12m,equal_width,Absolute Mortality,GPPsat,Mid,21,-0.78007,61.9,0.09329,0.6507,ns
M5vsM6_anom_12m,equal_width,Absolute Mortality,NEPmax,Mid,21,-1.11052,66.7,0.01558,0.6233,ns
M5vsM6_anom_12m,equal_width,Absolute Mortality,WUE,Mid,21,-0.0195,66.7,0.08762,0.6507,ns
M5vsM6_anom_12m,equal_width,Absolute Mortality,uWUE,Mid,21,-0.01035,52.4,0.5553,0.8429,ns
M5vsM6_anom_12m,equal_width,Absolute Mortality,ETmax,Low,41,0.00142,36.6,0.8501,0.8862,ns
M5vsM6_anom_12m,equal_width,Absolute Mortality,GPPsat,Low,41,-0.07287,56.1,0.5516,0.8429,ns
M5vsM6_anom_12m,equal_width,Absolute Mortality,NEPmax,Low,41,-0.42157,58.5,0.1788,0.7628,ns
M5vsM6_anom_12m,equal_width,Absolute Mortality,WUE,Low,41,-0.00037,53.7,0.3584,0.7964,ns
M5vsM6_anom_12m,equal_width,Absolute Mortality,uWUE,Low,41,-0.01388,58.5,0.267,0.7628,ns
M5vsM6_anom_12m,equal_width,Absolute Mortality,ETmax,High,3,0.00202,33.3,,,""
M5vsM6_anom_12m,equal_width,Absolute Mortality,GPPsat,High,3,1.22808,33.3,,,""
M5vsM6_anom_12m,equal_width,Absolute Mortality,NEPmax,High,3,1.63965,33.3,,,""
M5vsM6_anom_12m,equal_width,Absolute Mortality,WUE,High,3,0.03211,0,,,""
M5vsM6_anom_12m,equal_width,Absolute Mortality,uWUE,High,3,0.07275,0,,,""
M5vsM6_anom_12m,equal_width,Relative Mortality,ETmax,Mid,26,0.00033,42.3,0.667,0.8528,ns
M5vsM6_anom_12m,equal_width,Relative Mortality,GPPsat,Mid,26,-0.2719,57.7,0.2307,0.7628,ns
M5vsM6_anom_12m,equal_width,Relative Mortality,NEPmax,Mid,26,-0.75526,57.7,0.09761,0.6507,ns
M5vsM6_anom_12m,equal_width,Relative Mortality,WUE,Mid,26,-0.00699,61.5,0.1213,0.6858,ns
M5vsM6_anom_12m,equal_width,Relative Mortality,uWUE,Mid,26,-0.01065,57.7,0.5101,0.8429,ns
M5vsM6_anom_12m,equal_width,Relative Mortality,ETmax,Low,32,0.00106,37.5,0.6698,0.8528,ns
M5vsM6_anom_12m,equal_width,Relative Mortality,GPPsat,Low,32,-0.14311,59.4,0.3101,0.7964,ns
M5vsM6_anom_12m,equal_width,Relative Mortality,NEPmax,Low,32,-0.62329,65.6,0.05494,0.6507,ns
M5vsM6_anom_12m,equal_width,Relative Mortality,WUE,Low,32,-0.00331,53.1,0.4222,0.8429,ns
M5vsM6_anom_12m,equal_width,Relative Mortality,uWUE,Low,32,-0.01298,56.2,0.3577,0.7964,ns
M5vsM6_anom_12m,equal_width,Relative Mortality,ETmax,High,7,0.00202,14.3,0.8976,0.8976,ns
M5vsM6_anom_12m,equal_width,Relative Mortality,GPPsat,High,7,0.49913,42.9,0.8641,0.8862,ns
M5vsM6_anom_12m,equal_width,Relative Mortality,NEPmax,High,7,0.26602,42.9,0.8237,0.8862,ns
M5vsM6_anom_12m,equal_width,Relative Mortality,WUE,High,7,0.02257,42.9,0.6637,0.8528,ns
M5vsM6_anom_12m,equal_width,Relative Mortality,uWUE,High,7,0.02737,28.6,0.8641,0.8862,ns
M5vsM6_anom_12m,equal_width,Relative Disturbance,ETmax,Mid,27,0.00091,37,0.8464,0.8862,ns
M5vsM6_anom_12m,equal_width,Relative Disturbance,GPPsat,Mid,27,-0.34393,63,0.2544,0.7628,ns
M5vsM6_anom_12m,equal_width,Relative Disturbance,NEPmax,Mid,27,-0.46328,55.6,0.1372,0.6858,ns
M5vsM6_anom_12m,equal_width,Relative Disturbance,WUE,Mid,27,-0.00031,51.9,0.2319,0.7628,ns
M5vsM6_anom_12m,equal_width,Relative Disturbance,uWUE,Mid,27,-0.00826,51.9,0.7608,0.8862,ns
M5vsM6_anom_12m,equal_width,Relative Disturbance,ETmax,High,9,0.00046,33.3,0.4528,0.8429,ns
M5vsM6_anom_12m,equal_width,Relative Disturbance,GPPsat,High,9,0.18713,44.4,0.6822,0.8528,ns
M5vsM6_anom_12m,equal_width,Relative Disturbance,NEPmax,High,9,-0.82864,55.6,0.5472,0.8429,ns
M5vsM6_anom_12m,equal_width,Relative Disturbance,WUE,High,9,-0.00094,55.6,0.5472,0.8429,ns
M5vsM6_anom_12m,equal_width,Relative Disturbance,uWUE,High,9,0.01074,44.4,0.6389,0.8528,ns
M5vsM6_anom_12m,equal_width,Relative Disturbance,ETmax,Low,29,0.00142,37.9,0.713,0.8643,ns
M5vsM6_anom_12m,equal_width,Relative Disturbance,GPPsat,Low,29,-0.03146,55.2,0.381,0.8022,ns
M5vsM6_anom_12m,equal_width,Relative Disturbance,NEPmax,Low,29,-0.65457,65.5,0.09002,0.6507,ns
M5vsM6_anom_12m,equal_width,Relative Disturbance,WUE,Low,29,-0.00883,58.6,0.3406,0.7964,ns
M5vsM6_anom_12m,equal_width,Relative Disturbance,uWUE,Low,29,-0.01388,58.6,0.2653,0.7628,ns
M5vsM6_anom_12m,natural_breaks,Absolute Mortality,ETmax,High,14,0.00045,42.9,0.4009,0.72,ns
M5vsM6_anom_12m,natural_breaks,Absolute Mortality,GPPsat,High,14,-0.48727,57.1,0.286,0.7075,ns
M5vsM6_anom_12m,natural_breaks,Absolute Mortality,NEPmax,High,14,-1.01969,64.3,0.2072,0.7075,ns
M5vsM6_anom_12m,natural_breaks,Absolute Mortality,WUE,High,14,-0.0089,57.1,0.4009,0.72,ns
M5vsM6_anom_12m,natural_breaks,Absolute Mortality,uWUE,High,14,0.01906,42.9,0.8571,0.9183,ns
M5vsM6_anom_12m,natural_breaks,Absolute Mortality,ETmax,Mid,32,0.00068,34.4,0.8227,0.9029,ns
M5vsM6_anom_12m,natural_breaks,Absolute Mortality,GPPsat,Mid,32,-0.40364,65.6,0.1586,0.7075,ns
M5vsM6_anom_12m,natural_breaks,Absolute Mortality,NEPmax,Mid,32,-0.44242,59.4,0.09062,0.7075,ns
M5vsM6_anom_12m,natural_breaks,Absolute Mortality,WUE,Mid,32,-0.00115,53.1,0.3302,0.7075,ns
M5vsM6_anom_12m,natural_breaks,Absolute Mortality,uWUE,Mid,32,-0.01152,56.2,0.4442,0.72,ns
M5vsM6_anom_12m,natural_breaks,Absolute Mortality,ETmax,Low,19,0.00144,36.8,0.7594,0.8543,ns
M5vsM6_anom_12m,natural_breaks,Absolute Mortality,GPPsat,Low,19,0.41163,42.1,0.9045,0.9457,ns
M5vsM6_anom_12m,natural_breaks,Absolute Mortality,NEPmax,Low,19,-0.65457,57.9,0.3218,0.7075,ns
M5vsM6_anom_12m,natural_breaks,Absolute Mortality,WUE,Low,19,-0.00624,57.9,0.2533,0.7075,ns
M5vsM6_anom_12m,natural_breaks,Absolute Mortality,uWUE,Low,19,-0.01388,57.9,0.2664,0.7075,ns
M5vsM6_anom_12m,natural_breaks,Relative Mortality,ETmax,High,23,0.00046,39.1,0.5902,0.7724,ns
M5vsM6_anom_12m,natural_breaks,Relative Mortality,GPPsat,High,23,-0.34393,60.9,0.2281,0.7075,ns
M5vsM6_anom_12m,natural_breaks,Relative Mortality,NEPmax,High,23,-1.11052,60.9,0.2101,0.7075,ns
M5vsM6_anom_12m,natural_breaks,Relative Mortality,WUE,High,23,-0.00199,56.5,0.2665,0.7075,ns
M5vsM6_anom_12m,natural_breaks,Relative Mortality,uWUE,High,23,0.01074,47.8,0.7434,0.8543,ns
M5vsM6_anom_12m,natural_breaks,Relative Mortality,ETmax,Mid,18,0.00097,22.2,0.9774,0.9774,ns
M5vsM6_anom_12m,natural_breaks,Relative Mortality,GPPsat,Mid,18,-0.11567,55.6,0.6031,0.7724,ns
M5vsM6_anom_12m,natural_breaks,Relative Mortality,NEPmax,Mid,18,-0.15556,50,0.316,0.7075,ns
M5vsM6_anom_12m,natural_breaks,Relative Mortality,WUE,Mid,18,-0.01474,61.1,0.148,0.7075,ns
M5vsM6_anom_12m,natural_breaks,Relative Mortality,uWUE,Mid,18,-0.01152,61.1,0.3802,0.72,ns
M5vsM6_anom_12m,natural_breaks,Relative Mortality,ETmax,Low,24,0.00131,45.8,0.4376,0.72,ns
M5vsM6_anom_12m,natural_breaks,Relative Mortality,GPPsat,Low,24,-0.04664,54.2,0.4829,0.7244,ns
M5vsM6_anom_12m,natural_breaks,Relative Mortality,NEPmax,Low,24,-0.81618,66.7,0.08737,0.7075,ns
M5vsM6_anom_12m,natural_breaks,Relative Mortality,WUE,Low,24,0.00149,50,0.6179,0.7724,ns
M5vsM6_anom_12m,natural_breaks,Relative Mortality,uWUE,Low,24,-0.01057,54.2,0.4041,0.72,ns
M5vsM6_anom_12m,natural_breaks,Relative Disturbance,ETmax,High,22,0.00057,36.4,0.6149,0.7724,ns
M5vsM6_anom_12m,natural_breaks,Relative Disturbance,GPPsat,High,22,-0.40166,63.6,0.2179,0.7075,ns
M5vsM6_anom_12m,natural_breaks,Relative Disturbance,NEPmax,High,22,-0.62816,54.5,0.2905,0.7075,ns
M5vsM6_anom_12m,natural_breaks,Relative Disturbance,WUE,High,22,-0.00146,54.5,0.2795,0.7075,ns
M5vsM6_anom_12m,natural_breaks,Relative Disturbance,uWUE,High,22,0.01217,45.5,0.7523,0.8543,ns
M5vsM6_anom_12m,natural_breaks,Relative Disturbance,ETmax,Mid,20,0.00068,30,0.9247,0.9457,ns
M5vsM6_anom_12m,natural_breaks,Relative Disturbance,GPPsat,Mid,20,-0.11567,55,0.6662,0.8102,ns
M5vsM6_anom_12m,natural_breaks,Relative Disturbance,NEPmax,Mid,20,-0.52765,60,0.1437,0.7075,ns
M5vsM6_anom_12m,natural_breaks,Relative Disturbance,WUE,Mid,20,-0.01285,60,0.1354,0.7075,ns
M5vsM6_anom_12m,natural_breaks,Relative Disturbance,uWUE,Mid,20,-0.01065,60,0.448,0.72,ns
M5vsM6_anom_12m,natural_breaks,Relative Disturbance,ETmax,Low,23,0.00142,43.5,0.5182,0.7522,ns
M5vsM6_anom_12m,natural_breaks,Relative Disturbance,GPPsat,Low,23,-0.02041,52.2,0.4818,0.7244,ns
M5vsM6_anom_12m,natural_breaks,Relative Disturbance,NEPmax,Low,23,-0.75897,65.2,0.109,0.7075,ns
M5vsM6_anom_12m,natural_breaks,Relative Disturbance,WUE,Low,23,-0.00037,52.2,0.5902,0.7724,ns
M5vsM6_anom_12m,natural_breaks,Relative Disturbance,uWUE,Low,23,-0.01388,56.5,0.3187,0.7075,ns
M5vsM6_anom_24m,tertiles,Absolute Mortality,ETmax,High,22,-0.00069,59.1,0.07658,0.7432,ns
M5vsM6_anom_24m,tertiles,Absolute Mortality,GPPsat,High,22,-0.68199,63.6,0.1817,0.7432,ns
M5vsM6_anom_24m,tertiles,Absolute Mortality,NEPmax,High,22,-0.53212,59.1,0.165,0.7432,ns
M5vsM6_anom_24m,tertiles,Absolute Mortality,WUE,High,22,0.00558,50,0.5517,0.8275,ns
M5vsM6_anom_24m,tertiles,Absolute Mortality,uWUE,High,22,0.01049,40.9,0.6149,0.8672,ns
M5vsM6_anom_24m,tertiles,Absolute Mortality,ETmax,Mid,21,-0.00075,52.4,0.6743,0.8831,ns
M5vsM6_anom_24m,tertiles,Absolute Mortality,GPPsat,Mid,21,-0.22647,71.4,0.2021,0.7578,ns
M5vsM6_anom_24m,tertiles,Absolute Mortality,NEPmax,Mid,21,-0.31679,61.9,0.4447,0.8275,ns
M5vsM6_anom_24m,tertiles,Absolute Mortality,WUE,Mid,21,-0.00649,57.1,0.3257,0.8275,ns
M5vsM6_anom_24m,tertiles,Absolute Mortality,uWUE,Mid,21,-0.01078,66.7,0.431,0.8275,ns
M5vsM6_anom_24m,tertiles,Absolute Mortality,ETmax,Low,22,0.00174,40.9,0.7095,0.8869,ns
M5vsM6_anom_24m,tertiles,Absolute Mortality,GPPsat,Low,22,0.24935,36.4,0.7625,0.9136,ns
M5vsM6_anom_24m,tertiles,Absolute Mortality,NEPmax,Low,22,-0.80212,68.2,0.09704,0.7432,ns
M5vsM6_anom_24m,tertiles,Absolute Mortality,WUE,Low,22,0.00908,31.8,0.9136,0.9136,ns
M5vsM6_anom_24m,tertiles,Absolute Mortality,uWUE,Low,22,-0.00145,54.5,0.6869,0.8831,ns
M5vsM6_anom_24m,tertiles,Relative Mortality,ETmax,High,22,-0.0013,59.1,0.09704,0.7432,ns
M5vsM6_anom_24m,tertiles,Relative Mortality,GPPsat,High,22,-0.71852,68.2,0.1571,0.7432,ns
M5vsM6_anom_24m,tertiles,Relative Mortality,NEPmax,High,22,-0.53212,59.1,0.2795,0.8275,ns
M5vsM6_anom_24m,tertiles,Relative Mortality,WUE,High,22,-0.0041,50,0.3851,0.8275,ns
M5vsM6_anom_24m,tertiles,Relative Mortality,uWUE,High,22,-0.00721,54.5,0.5388,0.8275,ns
M5vsM6_anom_24m,tertiles,Relative Mortality,ETmax,Mid,21,0.00094,47.6,0.8881,0.9136,ns
M5vsM6_anom_24m,tertiles,Relative Mortality,GPPsat,Mid,21,-0.01723,52.4,0.7778,0.9136,ns
M5vsM6_anom_24m,tertiles,Relative Mortality,NEPmax,Mid,21,-0.24793,57.1,0.4723,0.8275,ns
M5vsM6_anom_24m,tertiles,Relative Mortality,WUE,Mid,21,-0.00232,52.4,0.6359,0.8672,ns
M5vsM6_anom_24m,tertiles,Relative Mortality,uWUE,Mid,21,0.01004,42.9,0.867,0.9136,ns
M5vsM6_anom_24m,tertiles,Relative Mortality,ETmax,Low,22,0.00103,45.5,0.5388,0.8275,ns
M5vsM6_anom_24m,tertiles,Relative Mortality,GPPsat,Low,22,-0.02607,50,0.2581,0.8275,ns
M5vsM6_anom_24m,tertiles,Relative Mortality,NEPmax,Low,22,-0.84177,72.7,0.02985,0.7432,ns
M5vsM6_anom_24m,tertiles,Relative Mortality,WUE,Low,22,0.00925,36.4,0.8721,0.9136,ns
M5vsM6_anom_24m,tertiles,Relative Mortality,uWUE,Low,22,-0.00889,63.6,0.3975,0.8275,ns
M5vsM6_anom_24m,tertiles,Relative Disturbance,ETmax,High,22,-0.00069,59.1,0.1148,0.7432,ns
M5vsM6_anom_24m,tertiles,Relative Disturbance,GPPsat,High,22,-0.68199,68.2,0.165,0.7432,ns
M5vsM6_anom_24m,tertiles,Relative Disturbance,NEPmax,High,22,-0.35317,54.5,0.3727,0.8275,ns
M5vsM6_anom_24m,tertiles,Relative Disturbance,WUE,High,22,0.00797,45.5,0.4355,0.8275,ns
M5vsM6_anom_24m,tertiles,Relative Disturbance,uWUE,High,22,-0.00721,54.5,0.5388,0.8275,ns
M5vsM6_anom_24m,tertiles,Relative Disturbance,ETmax,Mid,21,0.00094,47.6,0.8743,0.9136,ns
M5vsM6_anom_24m,tertiles,Relative Disturbance,GPPsat,Mid,21,-0.07453,61.9,0.4723,0.8275,ns
M5vsM6_anom_24m,tertiles,Relative Disturbance,NEPmax,Mid,21,-0.41655,66.7,0.174,0.7432,ns
M5vsM6_anom_24m,tertiles,Relative Disturbance,WUE,Mid,21,-0.00649,61.9,0.431,0.8275,ns
M5vsM6_anom_24m,tertiles,Relative Disturbance,uWUE,Mid,21,0.01004,42.9,0.8515,0.9136,ns
M5vsM6_anom_24m,tertiles,Relative Disturbance,ETmax,Low,22,0.00077,45.5,0.6273,0.8672,ns
M5vsM6_anom_24m,tertiles,Relative Disturbance,GPPsat,Low,22,0.1155,40.9,0.5129,0.8275,ns
M5vsM6_anom_24m,tertiles,Relative Disturbance,NEPmax,Low,22,-0.868,68.2,0.09158,0.7432,ns
M5vsM6_anom_24m,tertiles,Relative Disturbance,WUE,Low,22,0.00938,31.8,0.903,0.9136,ns
M5vsM6_anom_24m,tertiles,Relative Disturbance,uWUE,Low,22,-0.00889,63.6,0.3727,0.8275,ns
M5vsM6_anom_24m,equal_width,Absolute Mortality,ETmax,Mid,21,-0.00113,61.9,0.04112,0.4427,ns
M5vsM6_anom_24m,equal_width,Absolute Mortality,GPPsat,Mid,21,-0.72787,66.7,0.04112,0.4427,ns
M5vsM6_anom_24m,equal_width,Absolute Mortality,NEPmax,Mid,21,-0.45646,66.7,0.04427,0.4427,ns
M5vsM6_anom_24m,equal_width,Absolute Mortality,WUE,Mid,21,-0.00327,52.4,0.3641,0.8091,ns
M5vsM6_anom_24m,equal_width,Absolute Mortality,uWUE,Mid,21,0.00969,42.9,0.5961,0.8377,ns
M5vsM6_anom_24m,equal_width,Absolute Mortality,ETmax,Low,41,0.00094,43.9,0.8531,0.8749,ns
M5vsM6_anom_24m,equal_width,Absolute Mortality,GPPsat,Low,41,-0.03048,53.7,0.5103,0.8315,ns
M5vsM6_anom_24m,equal_width,Absolute Mortality,NEPmax,Low,41,-0.56421,63.4,0.1592,0.7614,ns
M5vsM6_anom_24m,equal_width,Absolute Mortality,WUE,Low,41,0.00737,46.3,0.7244,0.8749,ns
M5vsM6_anom_24m,equal_width,Absolute Mortality,uWUE,Low,41,-0.007,61,0.531,0.8315,ns
M5vsM6_anom_24m,equal_width,Absolute Mortality,ETmax,High,3,-0.00022,66.7,,,""
M5vsM6_anom_24m,equal_width,Absolute Mortality,GPPsat,High,3,1.25809,33.3,,,""
M5vsM6_anom_24m,equal_width,Absolute Mortality,NEPmax,High,3,1.81207,33.3,,,""
M5vsM6_anom_24m,equal_width,Absolute Mortality,WUE,High,3,0.0258,0,,,""
M5vsM6_anom_24m,equal_width,Absolute Mortality,uWUE,High,3,0.02522,33.3,,,""
M5vsM6_anom_24m,equal_width,Relative Mortality,ETmax,Mid,26,-0.00078,57.7,0.2796,0.7929,ns
M5vsM6_anom_24m,equal_width,Relative Mortality,GPPsat,Mid,26,-0.35512,65.4,0.1265,0.7614,ns
M5vsM6_anom_24m,equal_width,Relative Mortality,NEPmax,Mid,26,-0.48057,61.5,0.1374,0.7614,ns
M5vsM6_anom_24m,equal_width,Relative Mortality,WUE,Mid,26,-0.00041,50,0.5405,0.8315,ns
M5vsM6_anom_24m,equal_width,Relative Mortality,uWUE,Mid,26,0.00644,46.2,0.7615,0.8749,ns
M5vsM6_anom_24m,equal_width,Relative Mortality,ETmax,Low,32,0.00105,43.8,0.792,0.8749,ns
M5vsM6_anom_24m,equal_width,Relative Mortality,GPPsat,Low,32,-0.05437,53.1,0.337,0.7929,ns
M5vsM6_anom_24m,equal_width,Relative Mortality,NEPmax,Low,32,-0.57542,68.8,0.04354,0.4427,ns
M5vsM6_anom_24m,equal_width,Relative Mortality,WUE,Low,32,0.00802,43.8,0.7699,0.8749,ns
M5vsM6_anom_24m,equal_width,Relative Mortality,uWUE,Low,32,-0.00889,59.4,0.6283,0.8377,ns
M5vsM6_anom_24m,equal_width,Relative Mortality,ETmax,High,7,-0.00022,57.1,0.3363,0.7929,ns
M5vsM6_anom_24m,equal_width,Relative Mortality,GPPsat,High,7,0.14415,42.9,0.8237,0.8749,ns
M5vsM6_anom_24m,equal_width,Relative Mortality,NEPmax,High,7,0.45139,42.9,0.8237,0.8749,ns
M5vsM6_anom_24m,equal_width,Relative Mortality,WUE,High,7,0.02291,42.9,0.6001,0.8377,ns
M5vsM6_anom_24m,equal_width,Relative Mortality,uWUE,High,7,-0.05142,57.1,0.3363,0.7929,ns
M5vsM6_anom_24m,equal_width,Relative Disturbance,ETmax,Mid,27,-8e-04,59.3,0.2701,0.7929,ns
M5vsM6_anom_24m,equal_width,Relative Disturbance,GPPsat,Mid,27,-0.26777,66.7,0.1713,0.7614,ns
M5vsM6_anom_24m,equal_width,Relative Disturbance,NEPmax,Mid,27,-0.24989,59.3,0.2246,0.7929,ns
M5vsM6_anom_24m,equal_width,Relative Disturbance,WUE,Mid,27,0.0015,48.1,0.618,0.8377,ns
M5vsM6_anom_24m,equal_width,Relative Disturbance,uWUE,Mid,27,0.00969,44.4,0.8828,0.8828,ns
M5vsM6_anom_24m,equal_width,Relative Disturbance,ETmax,High,9,-0.00022,55.6,0.2386,0.7929,ns
M5vsM6_anom_24m,equal_width,Relative Disturbance,GPPsat,High,9,-0.3682,55.6,0.5,0.8315,ns
M5vsM6_anom_24m,equal_width,Relative Disturbance,NEPmax,High,9,-0.45646,55.6,0.5,0.8315,ns
M5vsM6_anom_24m,equal_width,Relative Disturbance,WUE,High,9,-0.0097,55.6,0.5,0.8315,ns
M5vsM6_anom_24m,equal_width,Relative Disturbance,uWUE,High,9,-0.04833,55.6,0.2386,0.7929,ns
M5vsM6_anom_24m,equal_width,Relative Disturbance,ETmax,Low,29,0.00169,41.4,0.8453,0.8749,ns
M5vsM6_anom_24m,equal_width,Relative Disturbance,GPPsat,Low,29,0.02612,48.3,0.4144,0.8315,ns
M5vsM6_anom_24m,equal_width,Relative Disturbance,NEPmax,Low,29,-0.58664,69,0.06506,0.5205,ns
M5vsM6_anom_24m,equal_width,Relative Disturbance,WUE,Low,29,0.00867,41.4,0.7487,0.8749,ns
M5vsM6_anom_24m,equal_width,Relative Disturbance,uWUE,Low,29,-0.01078,62.1,0.4828,0.8315,ns
M5vsM6_anom_24m,natural_breaks,Absolute Mortality,ETmax,High,14,-0.00269,71.4,0.03434,0.8143,ns
M5vsM6_anom_24m,natural_breaks,Absolute Mortality,GPPsat,High,14,-0.74688,64.3,0.2256,0.8143,ns
M5vsM6_anom_24m,natural_breaks,Absolute Mortality,NEPmax,High,14,-0.79806,64.3,0.2072,0.8143,ns
M5vsM6_anom_24m,natural_breaks,Absolute Mortality,WUE,High,14,0.00237,50,0.5991,0.8426,ns
M5vsM6_anom_24m,natural_breaks,Absolute Mortality,uWUE,High,14,0.01049,42.9,0.5991,0.8426,ns
M5vsM6_anom_24m,natural_breaks,Absolute Mortality,ETmax,Mid,32,-0.00015,50,0.6698,0.8619,ns
M5vsM6_anom_24m,natural_breaks,Absolute Mortality,GPPsat,Mid,32,-0.37701,68.8,0.09062,0.8143,ns
M5vsM6_anom_24m,natural_breaks,Absolute Mortality,NEPmax,Mid,32,-0.34886,62.5,0.1678,0.8143,ns
M5vsM6_anom_24m,natural_breaks,Absolute Mortality,WUE,Mid,32,-0.00041,50,0.541,0.8426,ns
M5vsM6_anom_24m,natural_breaks,Absolute Mortality,uWUE,Mid,32,-0.01,59.4,0.459,0.8426,ns
M5vsM6_anom_24m,natural_breaks,Absolute Mortality,ETmax,Low,19,0.00179,36.8,0.8065,0.9074,ns
M5vsM6_anom_24m,natural_breaks,Absolute Mortality,GPPsat,Low,19,0.30433,31.6,0.9175,0.9175,ns
M5vsM6_anom_24m,natural_breaks,Absolute Mortality,NEPmax,Low,19,-0.59802,63.2,0.2533,0.8143,ns
M5vsM6_anom_24m,natural_breaks,Absolute Mortality,WUE,Low,19,0.00894,36.8,0.7594,0.9074,ns
M5vsM6_anom_24m,natural_breaks,Absolute Mortality,uWUE,Low,19,-0.00089,52.6,0.8065,0.9074,ns
M5vsM6_anom_24m,natural_breaks,Relative Mortality,ETmax,High,23,-0.0023,60.9,0.07427,0.8143,ns
M5vsM6_anom_24m,natural_breaks,Relative Mortality,GPPsat,High,23,-0.70918,65.2,0.1615,0.8143,ns
M5vsM6_anom_24m,natural_breaks,Relative Mortality,NEPmax,High,23,-0.60778,60.9,0.2374,0.8143,ns
M5vsM6_anom_24m,natural_breaks,Relative Mortality,WUE,High,23,0.0015,47.8,0.4939,0.8426,ns
M5vsM6_anom_24m,natural_breaks,Relative Mortality,uWUE,High,23,-0.0052,52.2,0.5544,0.8426,ns
M5vsM6_anom_24m,natural_breaks,Relative Mortality,ETmax,Mid,18,0.00105,44.4,0.8967,0.9175,ns
M5vsM6_anom_24m,natural_breaks,Relative Mortality,GPPsat,Mid,18,-0.0525,61.1,0.4826,0.8426,ns
M5vsM6_anom_24m,natural_breaks,Relative Mortality,NEPmax,Mid,18,-0.16683,55.6,0.4653,0.8426,ns
M5vsM6_anom_24m,natural_breaks,Relative Mortality,WUE,Mid,18,-0.00488,61.1,0.3316,0.8426,ns
M5vsM6_anom_24m,natural_breaks,Relative Mortality,uWUE,Mid,18,-0.00042,50,0.7432,0.9074,ns
M5vsM6_anom_24m,natural_breaks,Relative Mortality,ETmax,Low,24,0.00103,45.8,0.6179,0.8426,ns
M5vsM6_anom_24m,natural_breaks,Relative Mortality,GPPsat,Low,24,0.03138,45.8,0.4943,0.8426,ns
M5vsM6_anom_24m,natural_breaks,Relative Mortality,NEPmax,Low,24,-0.64419,70.8,0.06681,0.8143,ns
M5vsM6_anom_24m,natural_breaks,Relative Mortality,WUE,Low,24,0.00938,33.3,0.9171,0.9175,ns
M5vsM6_anom_24m,natural_breaks,Relative Mortality,uWUE,Low,24,-0.00451,58.3,0.6179,0.8426,ns
M5vsM6_anom_24m,natural_breaks,Relative Disturbance,ETmax,High,22,-0.00069,59.1,0.1148,0.8143,ns
M5vsM6_anom_24m,natural_breaks,Relative Disturbance,GPPsat,High,22,-0.68199,68.2,0.165,0.8143,ns
M5vsM6_anom_24m,natural_breaks,Relative Disturbance,NEPmax,High,22,-0.35317,54.5,0.3727,0.8426,ns
M5vsM6_anom_24m,natural_breaks,Relative Disturbance,WUE,High,22,0.00797,45.5,0.4355,0.8426,ns
M5vsM6_anom_24m,natural_breaks,Relative Disturbance,uWUE,High,22,-0.00721,54.5,0.5388,0.8426,ns
M5vsM6_anom_24m,natural_breaks,Relative Disturbance,ETmax,Mid,20,1e-04,50,0.8477,0.9175,ns
M5vsM6_anom_24m,natural_breaks,Relative Disturbance,GPPsat,Mid,20,-0.0525,60,0.5074,0.8426,ns
M5vsM6_anom_24m,natural_breaks,Relative Disturbance,NEPmax,Mid,20,-0.39874,65,0.2111,0.8143,ns
M5vsM6_anom_24m,natural_breaks,Relative Disturbance,WUE,Mid,20,-0.00488,60,0.5074,0.8426,ns
M5vsM6_anom_24m,natural_breaks,Relative Disturbance,uWUE,Mid,20,0.00661,45,0.778,0.9074,ns
M5vsM6_anom_24m,natural_breaks,Relative Disturbance,ETmax,Low,23,0.00115,43.5,0.6704,0.8619,ns
M5vsM6_anom_24m,natural_breaks,Relative Disturbance,GPPsat,Low,23,0.03664,43.5,0.5061,0.8426,ns
M5vsM6_anom_24m,natural_breaks,Relative Disturbance,NEPmax,Low,23,-0.69035,69.6,0.07864,0.8143,ns
M5vsM6_anom_24m,natural_breaks,Relative Disturbance,WUE,Low,23,0.00894,34.8,0.8665,0.9175,ns
M5vsM6_anom_24m,natural_breaks,Relative Disturbance,uWUE,Low,23,-0.007,60.9,0.5182,0.8426,ns
M7vsM8_raw_12m,tertiles,Absolute Mortality,ETmax,High,22,-0.00054,59.1,0.1904,0.7617,ns
M7vsM8_raw_12m,tertiles,Absolute Mortality,GPPsat,High,22,0.0859,40.9,0.4483,0.7617,ns
M7vsM8_raw_12m,tertiles,Absolute Mortality,NEPmax,High,22,-0.00736,54.5,0.142,0.7617,ns
M7vsM8_raw_12m,tertiles,Absolute Mortality,WUE,High,22,0.0015,45.5,0.5388,0.7617,ns
M7vsM8_raw_12m,tertiles,Absolute Mortality,uWUE,High,22,0.00347,45.5,0.6635,0.7617,ns
M7vsM8_raw_12m,tertiles,Absolute Mortality,ETmax,Mid,21,0.00056,47.6,0.5553,0.7617,ns
M7vsM8_raw_12m,tertiles,Absolute Mortality,GPPsat,Mid,21,0.03474,47.6,0.4447,0.7617,ns
M7vsM8_raw_12m,tertiles,Absolute Mortality,NEPmax,Mid,21,0.0804,47.6,0.7109,0.7617,ns
M7vsM8_raw_12m,tertiles,Absolute Mortality,WUE,Mid,21,-0.00462,52.4,0.5553,0.7617,ns
M7vsM8_raw_12m,tertiles,Absolute Mortality,uWUE,Mid,21,-0.00359,57.1,0.3383,0.7617,ns
M7vsM8_raw_12m,tertiles,Absolute Mortality,ETmax,Low,22,-0.00042,54.5,0.4871,0.7617,ns
M7vsM8_raw_12m,tertiles,Absolute Mortality,GPPsat,Low,22,-0.03236,54.5,0.1732,0.7617,ns
M7vsM8_raw_12m,tertiles,Absolute Mortality,NEPmax,Low,22,-0.02365,54.5,0.2905,0.7617,ns
M7vsM8_raw_12m,tertiles,Absolute Mortality,WUE,Low,22,-0.00368,54.5,0.3365,0.7617,ns
M7vsM8_raw_12m,tertiles,Absolute Mortality,uWUE,Low,22,1e-04,50,0.7821,0.816,ns
M7vsM8_raw_12m,tertiles,Relative Mortality,ETmax,High,22,-0.00063,63.6,0.142,0.7617,ns
M7vsM8_raw_12m,tertiles,Relative Mortality,GPPsat,High,22,-0.05802,50,0.2905,0.7617,ns
M7vsM8_raw_12m,tertiles,Relative Mortality,NEPmax,High,22,-0.00736,54.5,0.1212,0.7617,ns
M7vsM8_raw_12m,tertiles,Relative Mortality,WUE,High,22,0.0015,45.5,0.4741,0.7617,ns
M7vsM8_raw_12m,tertiles,Relative Mortality,uWUE,High,22,-0.00089,54.5,0.5772,0.7617,ns
M7vsM8_raw_12m,tertiles,Relative Mortality,ETmax,Mid,21,0.00056,42.9,0.7979,0.816,ns
M7vsM8_raw_12m,tertiles,Relative Mortality,GPPsat,Mid,21,0.07272,33.3,0.6743,0.7617,ns
M7vsM8_raw_12m,tertiles,Relative Mortality,NEPmax,Mid,21,0.14311,38.1,0.8433,0.8433,ns
M7vsM8_raw_12m,tertiles,Relative Mortality,WUE,Mid,21,0.00586,47.6,0.6359,0.7617,ns
M7vsM8_raw_12m,tertiles,Relative Mortality,uWUE,Mid,21,0.00063,42.9,0.6359,0.7617,ns
M7vsM8_raw_12m,tertiles,Relative Mortality,ETmax,Low,22,-0.00042,54.5,0.4101,0.7617,ns
M7vsM8_raw_12m,tertiles,Relative Mortality,GPPsat,Low,22,-0.05878,59.1,0.1817,0.7617,ns
M7vsM8_raw_12m,tertiles,Relative Mortality,NEPmax,Low,22,-0.0471,63.6,0.1212,0.7617,ns
M7vsM8_raw_12m,tertiles,Relative Mortality,WUE,Low,22,-0.00757,59.1,0.3247,0.7617,ns
M7vsM8_raw_12m,tertiles,Relative Mortality,uWUE,Low,22,-0.0015,54.5,0.6516,0.7617,ns
M7vsM8_raw_12m,tertiles,Relative Disturbance,ETmax,High,22,-0.00063,63.6,0.1348,0.7617,ns
M7vsM8_raw_12m,tertiles,Relative Disturbance,GPPsat,High,22,-0.05802,50,0.3365,0.7617,ns
M7vsM8_raw_12m,tertiles,Relative Disturbance,NEPmax,High,22,0.01556,50,0.2375,0.7617,ns
M7vsM8_raw_12m,tertiles,Relative Disturbance,WUE,High,22,-0.00163,50,0.4355,0.7617,ns
M7vsM8_raw_12m,tertiles,Relative Disturbance,uWUE,High,22,0.00306,50,0.6516,0.7617,ns
M7vsM8_raw_12m,tertiles,Relative Disturbance,ETmax,Mid,21,-2e-04,52.4,0.431,0.7617,ns
M7vsM8_raw_12m,tertiles,Relative Disturbance,GPPsat,Mid,21,0.03474,38.1,0.5277,0.7617,ns
M7vsM8_raw_12m,tertiles,Relative Disturbance,NEPmax,Mid,21,0.0804,47.6,0.6989,0.7617,ns
M7vsM8_raw_12m,tertiles,Relative Disturbance,WUE,Mid,21,-0.00462,52.4,0.3011,0.7617,ns
M7vsM8_raw_12m,tertiles,Relative Disturbance,uWUE,Mid,21,0.00063,42.9,0.6228,0.7617,ns
M7vsM8_raw_12m,tertiles,Relative Disturbance,ETmax,Low,22,0.00039,45.5,0.6635,0.7617,ns
M7vsM8_raw_12m,tertiles,Relative Disturbance,GPPsat,Low,22,-0.04654,54.5,0.3017,0.7617,ns
M7vsM8_raw_12m,tertiles,Relative Disturbance,NEPmax,Low,22,-0.0858,59.1,0.1348,0.7617,ns
M7vsM8_raw_12m,tertiles,Relative Disturbance,WUE,Low,22,0.00156,50,0.6869,0.7617,ns
M7vsM8_raw_12m,tertiles,Relative Disturbance,uWUE,Low,22,-0.00183,59.1,0.4871,0.7617,ns
M7vsM8_raw_12m,equal_width,Absolute Mortality,ETmax,Mid,21,-0.00062,61.9,0.1652,0.7818,ns
M7vsM8_raw_12m,equal_width,Absolute Mortality,GPPsat,Mid,21,0.09611,47.6,0.2773,0.7818,ns
M7vsM8_raw_12m,equal_width,Absolute Mortality,NEPmax,Mid,21,-0.01099,57.1,0.09329,0.7818,ns
M7vsM8_raw_12m,equal_width,Absolute Mortality,WUE,Mid,21,-0.00516,52.4,0.2658,0.7818,ns
M7vsM8_raw_12m,equal_width,Absolute Mortality,uWUE,Mid,21,0.00632,42.9,0.6867,0.7818,ns
M7vsM8_raw_12m,equal_width,Absolute Mortality,ETmax,Low,41,-0.00017,51.2,0.5464,0.7818,ns
M7vsM8_raw_12m,equal_width,Absolute Mortality,GPPsat,Low,41,-0.02012,51.2,0.1998,0.7818,ns
M7vsM8_raw_12m,equal_width,Absolute Mortality,NEPmax,Low,41,-0.0105,51.2,0.5207,0.7818,ns
M7vsM8_raw_12m,equal_width,Absolute Mortality,WUE,Low,41,-0.00461,53.7,0.3928,0.7818,ns
M7vsM8_raw_12m,equal_width,Absolute Mortality,uWUE,Low,41,-0.00234,56.1,0.4028,0.7818,ns
M7vsM8_raw_12m,equal_width,Absolute Mortality,ETmax,High,3,0.00071,33.3,,,""
M7vsM8_raw_12m,equal_width,Absolute Mortality,GPPsat,High,3,0.07569,0,,,""
M7vsM8_raw_12m,equal_width,Absolute Mortality,NEPmax,High,3,0.1557,33.3,,,""
M7vsM8_raw_12m,equal_width,Absolute Mortality,WUE,High,3,0.05278,0,,,""
M7vsM8_raw_12m,equal_width,Absolute Mortality,uWUE,High,3,0.03932,33.3,,,""
M7vsM8_raw_12m,equal_width,Relative Mortality,ETmax,Mid,26,-0.00069,69.2,0.02379,0.5613,ns
M7vsM8_raw_12m,equal_width,Relative Mortality,GPPsat,Mid,26,0.08441,42.3,0.5203,0.7818,ns
M7vsM8_raw_12m,equal_width,Relative Mortality,NEPmax,Mid,26,0.05762,46.2,0.2627,0.7818,ns
M7vsM8_raw_12m,equal_width,Relative Mortality,WUE,Mid,26,-0.00706,57.7,0.223,0.7818,ns
M7vsM8_raw_12m,equal_width,Relative Mortality,uWUE,Mid,26,0.00022,50,0.5805,0.7818,ns
M7vsM8_raw_12m,equal_width,Relative Mortality,ETmax,Low,32,0.00039,46.9,0.7466,0.7859,ns
M7vsM8_raw_12m,equal_width,Relative Mortality,GPPsat,Low,32,-0.03236,53.1,0.1974,0.7818,ns
M7vsM8_raw_12m,equal_width,Relative Mortality,NEPmax,Low,32,-0.03322,56.2,0.4222,0.7818,ns
M7vsM8_raw_12m,equal_width,Relative Mortality,WUE,Low,32,0.00156,50,0.6493,0.7818,ns
M7vsM8_raw_12m,equal_width,Relative Mortality,uWUE,Low,32,-0.00023,50,0.6423,0.7818,ns
M7vsM8_raw_12m,equal_width,Relative Mortality,ETmax,High,7,0.00071,28.6,0.7766,0.7965,ns
M7vsM8_raw_12m,equal_width,Relative Mortality,GPPsat,High,7,0.01908,42.9,0.4663,0.7818,ns
M7vsM8_raw_12m,equal_width,Relative Mortality,NEPmax,High,7,-0.01099,57.1,0.3363,0.7818,ns
M7vsM8_raw_12m,equal_width,Relative Mortality,WUE,High,7,0.00518,28.6,0.6637,0.7818,ns
M7vsM8_raw_12m,equal_width,Relative Mortality,uWUE,High,7,-0.00159,57.1,0.5337,0.7818,ns
M7vsM8_raw_12m,equal_width,Relative Disturbance,ETmax,Mid,27,-0.00056,66.7,0.02807,0.5613,ns
M7vsM8_raw_12m,equal_width,Relative Disturbance,GPPsat,Mid,27,0.02651,48.1,0.4285,0.7818,ns
M7vsM8_raw_12m,equal_width,Relative Disturbance,NEPmax,Mid,27,0.05167,44.4,0.457,0.7818,ns
M7vsM8_raw_12m,equal_width,Relative Disturbance,WUE,Mid,27,-0.00896,59.3,0.1125,0.7818,ns
M7vsM8_raw_12m,equal_width,Relative Disturbance,uWUE,Mid,27,-0.00471,51.9,0.3027,0.7818,ns
M7vsM8_raw_12m,equal_width,Relative Disturbance,ETmax,High,9,0.00103,33.3,0.7232,0.7818,ns
M7vsM8_raw_12m,equal_width,Relative Disturbance,GPPsat,High,9,0.01908,44.4,0.3178,0.7818,ns
M7vsM8_raw_12m,equal_width,Relative Disturbance,NEPmax,High,9,-0.16729,66.7,0.1181,0.7818,ns
M7vsM8_raw_12m,equal_width,Relative Disturbance,WUE,High,9,0.01494,33.3,0.7232,0.7818,ns
M7vsM8_raw_12m,equal_width,Relative Disturbance,uWUE,High,9,0.01549,44.4,0.8284,0.8284,ns
M7vsM8_raw_12m,equal_width,Relative Disturbance,ETmax,Low,29,0.00015,48.3,0.6594,0.7818,ns
M7vsM8_raw_12m,equal_width,Relative Disturbance,GPPsat,Low,29,0.02205,48.3,0.3486,0.7818,ns
M7vsM8_raw_12m,equal_width,Relative Disturbance,NEPmax,Low,29,-0.02965,55.2,0.4144,0.7818,ns
M7vsM8_raw_12m,equal_width,Relative Disturbance,WUE,Low,29,0.00586,48.3,0.6905,0.7818,ns
M7vsM8_raw_12m,equal_width,Relative Disturbance,uWUE,Low,29,-0.00067,51.7,0.6353,0.7818,ns
M7vsM8_raw_12m,natural_breaks,Absolute Mortality,ETmax,High,14,0.00053,42.9,0.6698,0.7572,ns
M7vsM8_raw_12m,natural_breaks,Absolute Mortality,GPPsat,High,14,-0.07579,50,0.2449,0.7572,ns
M7vsM8_raw_12m,natural_breaks,Absolute Mortality,NEPmax,High,14,-0.00736,57.1,0.3302,0.7572,ns
M7vsM8_raw_12m,natural_breaks,Absolute Mortality,WUE,High,14,-0.00374,50,0.3078,0.7572,ns
M7vsM8_raw_12m,natural_breaks,Absolute Mortality,uWUE,High,14,-0.00631,64.3,0.2449,0.7572,ns
M7vsM8_raw_12m,natural_breaks,Absolute Mortality,ETmax,Mid,32,-0.00027,56.2,0.2027,0.7572,ns
M7vsM8_raw_12m,natural_breaks,Absolute Mortality,GPPsat,Mid,32,0.06006,40.6,0.6899,0.7572,ns
M7vsM8_raw_12m,natural_breaks,Absolute Mortality,NEPmax,Mid,32,-0.03505,53.1,0.2301,0.7572,ns
M7vsM8_raw_12m,natural_breaks,Absolute Mortality,WUE,Mid,32,-0.00155,50,0.6766,0.7572,ns
M7vsM8_raw_12m,natural_breaks,Absolute Mortality,uWUE,Mid,32,0.00399,43.8,0.792,0.8141,ns
M7vsM8_raw_12m,natural_breaks,Absolute Mortality,ETmax,Low,19,-0.00049,57.9,0.3662,0.7572,ns
M7vsM8_raw_12m,natural_breaks,Absolute Mortality,GPPsat,Low,19,-0.04459,57.9,0.1621,0.7572,ns
M7vsM8_raw_12m,natural_breaks,Absolute Mortality,NEPmax,Low,19,0.03629,47.4,0.5876,0.7572,ns
M7vsM8_raw_12m,natural_breaks,Absolute Mortality,WUE,Low,19,-0.00275,52.6,0.3814,0.7572,ns
M7vsM8_raw_12m,natural_breaks,Absolute Mortality,uWUE,Low,19,-0.00067,52.6,0.6489,0.7572,ns
M7vsM8_raw_12m,natural_breaks,Relative Mortality,ETmax,High,23,-0.00056,65.2,0.127,0.7572,ns
M7vsM8_raw_12m,natural_breaks,Relative Mortality,GPPsat,High,23,0.01908,47.8,0.3079,0.7572,ns
M7vsM8_raw_12m,natural_breaks,Relative Mortality,NEPmax,High,23,-0.01099,56.5,0.07427,0.7572,ns
M7vsM8_raw_12m,natural_breaks,Relative Mortality,WUE,High,23,0.00148,47.8,0.3633,0.7572,ns
M7vsM8_raw_12m,natural_breaks,Relative Mortality,uWUE,High,23,-0.00019,52.2,0.6593,0.7572,ns
M7vsM8_raw_12m,natural_breaks,Relative Mortality,ETmax,Mid,18,0.00061,38.9,0.796,0.8141,ns
M7vsM8_raw_12m,natural_breaks,Relative Mortality,GPPsat,Mid,18,0.08441,33.3,0.729,0.781,ns
M7vsM8_raw_12m,natural_breaks,Relative Mortality,NEPmax,Mid,18,0.18761,33.3,0.9363,0.9363,ns
M7vsM8_raw_12m,natural_breaks,Relative Mortality,WUE,Mid,18,0.00062,50,0.6198,0.7572,ns
M7vsM8_raw_12m,natural_breaks,Relative Mortality,uWUE,Mid,18,0.00042,44.4,0.4826,0.7572,ns
M7vsM8_raw_12m,natural_breaks,Relative Mortality,ETmax,Low,24,-0.00042,54.2,0.4041,0.7572,ns
M7vsM8_raw_12m,natural_breaks,Relative Mortality,GPPsat,Low,24,-0.05878,58.3,0.1552,0.7572,ns
M7vsM8_raw_12m,natural_breaks,Relative Mortality,NEPmax,Low,24,-0.0471,62.5,0.1179,0.7572,ns
M7vsM8_raw_12m,natural_breaks,Relative Mortality,WUE,Low,24,-0.00368,54.2,0.4829,0.7572,ns
M7vsM8_raw_12m,natural_breaks,Relative Mortality,uWUE,Low,24,-0.001,54.2,0.6607,0.7572,ns
M7vsM8_raw_12m,natural_breaks,Relative Disturbance,ETmax,High,22,-0.00063,63.6,0.1348,0.7572,ns
M7vsM8_raw_12m,natural_breaks,Relative Disturbance,GPPsat,High,22,-0.05802,50,0.3365,0.7572,ns
M7vsM8_raw_12m,natural_breaks,Relative Disturbance,NEPmax,High,22,0.01556,50,0.2375,0.7572,ns
M7vsM8_raw_12m,natural_breaks,Relative Disturbance,WUE,High,22,-0.00163,50,0.4355,0.7572,ns
M7vsM8_raw_12m,natural_breaks,Relative Disturbance,uWUE,High,22,0.00306,50,0.6516,0.7572,ns
M7vsM8_raw_12m,natural_breaks,Relative Disturbance,ETmax,Mid,20,-9e-05,50,0.552,0.7572,ns
M7vsM8_raw_12m,natural_breaks,Relative Disturbance,GPPsat,Mid,20,0.03062,40,0.4777,0.7572,ns
M7vsM8_raw_12m,natural_breaks,Relative Disturbance,NEPmax,Mid,20,0.02538,50,0.6245,0.7572,ns
M7vsM8_raw_12m,natural_breaks,Relative Disturbance,WUE,Mid,20,-0.00157,50,0.3897,0.7572,ns
M7vsM8_raw_12m,natural_breaks,Relative Disturbance,uWUE,Mid,20,0.00042,45,0.6103,0.7572,ns
M7vsM8_raw_12m,natural_breaks,Relative Disturbance,ETmax,Low,23,0.00015,47.8,0.5664,0.7572,ns
M7vsM8_raw_12m,natural_breaks,Relative Disturbance,GPPsat,Low,23,-0.02012,52.2,0.3519,0.7572,ns
M7vsM8_raw_12m,natural_breaks,Relative Disturbance,NEPmax,Low,23,-0.0368,56.5,0.2374,0.7572,ns
M7vsM8_raw_12m,natural_breaks,Relative Disturbance,WUE,Low,23,-0.00275,52.2,0.6137,0.7572,ns
M7vsM8_raw_12m,natural_breaks,Relative Disturbance,uWUE,Low,23,-0.00133,56.5,0.4818,0.7572,ns
M7vsM8_raw_24m,tertiles,Absolute Mortality,ETmax,High,22,-0.00089,59.1,0.2687,0.8946,ns
M7vsM8_raw_24m,tertiles,Absolute Mortality,GPPsat,High,22,0.07817,40.9,0.7313,0.8946,ns
M7vsM8_raw_24m,tertiles,Absolute Mortality,NEPmax,High,22,0.0113,50,0.4871,0.8946,ns
M7vsM8_raw_24m,tertiles,Absolute Mortality,WUE,High,22,-0.00057,50,0.4228,0.8946,ns
M7vsM8_raw_24m,tertiles,Absolute Mortality,uWUE,High,22,0.00496,36.4,0.903,0.903,ns
M7vsM8_raw_24m,tertiles,Absolute Mortality,ETmax,Mid,21,0.00034,33.3,0.8946,0.903,ns
M7vsM8_raw_24m,tertiles,Absolute Mortality,GPPsat,Mid,21,0.01784,42.9,0.7109,0.8946,ns
M7vsM8_raw_24m,tertiles,Absolute Mortality,NEPmax,Mid,21,-0.07796,61.9,0.1924,0.8946,ns
M7vsM8_raw_24m,tertiles,Absolute Mortality,WUE,Mid,21,0.00509,38.1,0.7342,0.8946,ns
M7vsM8_raw_24m,tertiles,Absolute Mortality,uWUE,Mid,21,-0.00187,57.1,0.4723,0.8946,ns
M7vsM8_raw_24m,tertiles,Absolute Mortality,ETmax,Low,22,-0.00062,63.6,0.3017,0.8946,ns
M7vsM8_raw_24m,tertiles,Absolute Mortality,GPPsat,Low,22,-0.0803,59.1,0.1212,0.8946,ns
M7vsM8_raw_24m,tertiles,Absolute Mortality,NEPmax,Low,22,0.05557,45.5,0.8268,0.8946,ns
M7vsM8_raw_24m,tertiles,Absolute Mortality,WUE,Low,22,0.00789,40.9,0.7313,0.8946,ns
M7vsM8_raw_24m,tertiles,Absolute Mortality,uWUE,Low,22,-0.00257,59.1,0.3365,0.8946,ns
M7vsM8_raw_24m,tertiles,Relative Mortality,ETmax,High,22,-0.00051,54.5,0.3484,0.8946,ns
M7vsM8_raw_24m,tertiles,Relative Mortality,GPPsat,High,22,0.04819,45.5,0.5517,0.8946,ns
M7vsM8_raw_24m,tertiles,Relative Mortality,NEPmax,High,22,0.01163,50,0.5517,0.8946,ns
M7vsM8_raw_24m,tertiles,Relative Mortality,WUE,High,22,0.00046,50,0.2905,0.8946,ns
M7vsM8_raw_24m,tertiles,Relative Mortality,uWUE,High,22,0.00194,45.5,0.7821,0.8946,ns
M7vsM8_raw_24m,tertiles,Relative Mortality,ETmax,Mid,21,0.00011,47.6,0.5961,0.8946,ns
M7vsM8_raw_24m,tertiles,Relative Mortality,GPPsat,Mid,21,0.02923,38.1,0.826,0.8946,ns
M7vsM8_raw_24m,tertiles,Relative Mortality,NEPmax,Mid,21,-0.06566,57.1,0.2658,0.8946,ns
M7vsM8_raw_24m,tertiles,Relative Mortality,WUE,Mid,21,0.00463,38.1,0.8743,0.903,ns
M7vsM8_raw_24m,tertiles,Relative Mortality,uWUE,Mid,21,0.00477,42.9,0.7109,0.8946,ns
M7vsM8_raw_24m,tertiles,Relative Mortality,ETmax,Low,22,-0.00011,54.5,0.4483,0.8946,ns
M7vsM8_raw_24m,tertiles,Relative Mortality,GPPsat,Low,22,-0.08653,59.1,0.165,0.8946,ns
M7vsM8_raw_24m,tertiles,Relative Mortality,NEPmax,Low,22,0.00857,50,0.6869,0.8946,ns
M7vsM8_raw_24m,tertiles,Relative Mortality,WUE,Low,22,0.0073,40.9,0.6635,0.8946,ns
M7vsM8_raw_24m,tertiles,Relative Mortality,uWUE,Low,22,-0.00282,63.6,0.2179,0.8946,ns
M7vsM8_raw_24m,tertiles,Relative Disturbance,ETmax,High,22,-0.00051,54.5,0.3484,0.8946,ns
M7vsM8_raw_24m,tertiles,Relative Disturbance,GPPsat,High,22,0.06365,45.5,0.5899,0.8946,ns
M7vsM8_raw_24m,tertiles,Relative Disturbance,NEPmax,High,22,-0.00809,54.5,0.4228,0.8946,ns
M7vsM8_raw_24m,tertiles,Relative Disturbance,WUE,High,22,0.00046,50,0.3975,0.8946,ns
M7vsM8_raw_24m,tertiles,Relative Disturbance,uWUE,High,22,0.00194,45.5,0.7523,0.8946,ns
M7vsM8_raw_24m,tertiles,Relative Disturbance,ETmax,Mid,21,-0.00018,57.1,0.2327,0.8946,ns
M7vsM8_raw_24m,tertiles,Relative Disturbance,GPPsat,Mid,21,0.01784,42.9,0.6095,0.8946,ns
M7vsM8_raw_24m,tertiles,Relative Disturbance,NEPmax,Mid,21,-0.05329,52.4,0.3905,0.8946,ns
M7vsM8_raw_24m,tertiles,Relative Disturbance,WUE,Mid,21,0.00312,38.1,0.6228,0.8946,ns
M7vsM8_raw_24m,tertiles,Relative Disturbance,uWUE,Mid,21,0.00477,42.9,0.7342,0.8946,ns
M7vsM8_raw_24m,tertiles,Relative Disturbance,ETmax,Low,22,0.00019,45.5,0.7724,0.8946,ns
M7vsM8_raw_24m,tertiles,Relative Disturbance,GPPsat,Low,22,-0.08809,54.5,0.3605,0.8946,ns
M7vsM8_raw_24m,tertiles,Relative Disturbance,NEPmax,Low,22,0.00857,50,0.6753,0.8946,ns
M7vsM8_raw_24m,tertiles,Relative Disturbance,WUE,Low,22,0.00955,40.9,0.835,0.8946,ns
M7vsM8_raw_24m,tertiles,Relative Disturbance,uWUE,Low,22,-0.00344,63.6,0.2687,0.8946,ns
M7vsM8_raw_24m,equal_width,Absolute Mortality,ETmax,Mid,21,-0.00094,57.1,0.2545,0.9272,ns
M7vsM8_raw_24m,equal_width,Absolute Mortality,GPPsat,Mid,21,0.06295,42.9,0.5961,0.9272,ns
M7vsM8_raw_24m,equal_width,Absolute Mortality,NEPmax,Mid,21,-0.00768,52.4,0.3133,0.9272,ns
M7vsM8_raw_24m,equal_width,Absolute Mortality,WUE,Mid,21,-0.00198,52.4,0.2435,0.9272,ns
M7vsM8_raw_24m,equal_width,Absolute Mortality,uWUE,Mid,21,0.00477,42.9,0.8076,0.9637,ns
M7vsM8_raw_24m,equal_width,Absolute Mortality,ETmax,Low,41,0.00011,48.8,0.6842,0.9272,ns
M7vsM8_raw_24m,equal_width,Absolute Mortality,GPPsat,Low,41,-0.0149,51.2,0.2931,0.9272,ns
M7vsM8_raw_24m,equal_width,Absolute Mortality,NEPmax,Low,41,-0.02684,53.7,0.5618,0.9272,ns
M7vsM8_raw_24m,equal_width,Absolute Mortality,WUE,Low,41,0.00708,39,0.8344,0.9637,ns
M7vsM8_raw_24m,equal_width,Absolute Mortality,uWUE,Low,41,-0.00268,58.5,0.3112,0.9272,ns
M7vsM8_raw_24m,equal_width,Absolute Mortality,ETmax,High,3,-0.00084,66.7,,,""
M7vsM8_raw_24m,equal_width,Absolute Mortality,GPPsat,High,3,0.14343,33.3,,,""
M7vsM8_raw_24m,equal_width,Absolute Mortality,NEPmax,High,3,0.18759,33.3,,,""
M7vsM8_raw_24m,equal_width,Absolute Mortality,WUE,High,3,0.03284,33.3,,,""
M7vsM8_raw_24m,equal_width,Absolute Mortality,uWUE,High,3,0.04589,0,,,""
M7vsM8_raw_24m,equal_width,Relative Mortality,ETmax,Mid,26,-0.00068,57.7,0.07747,0.9272,ns
M7vsM8_raw_24m,equal_width,Relative Mortality,GPPsat,Mid,26,0.05941,34.6,0.8626,0.9637,ns
M7vsM8_raw_24m,equal_width,Relative Mortality,NEPmax,Mid,26,0.03062,46.2,0.6002,0.9272,ns
M7vsM8_raw_24m,equal_width,Relative Mortality,WUE,Mid,26,-0.00236,53.8,0.1265,0.9272,ns
M7vsM8_raw_24m,equal_width,Relative Mortality,uWUE,Mid,26,1e-04,50,0.5706,0.9272,ns
M7vsM8_raw_24m,equal_width,Relative Mortality,ETmax,Low,32,4e-05,50,0.7221,0.9272,ns
M7vsM8_raw_24m,equal_width,Relative Mortality,GPPsat,Low,32,-0.03589,56.2,0.2244,0.9272,ns
M7vsM8_raw_24m,equal_width,Relative Mortality,NEPmax,Low,32,-0.04997,56.2,0.4888,0.9272,ns
M7vsM8_raw_24m,equal_width,Relative Mortality,WUE,Low,32,0.00811,31.2,0.9614,0.9637,ns
M7vsM8_raw_24m,equal_width,Relative Mortality,uWUE,Low,32,-0.00257,56.2,0.5484,0.9272,ns
M7vsM8_raw_24m,equal_width,Relative Mortality,ETmax,High,7,0.00145,42.9,0.7229,0.9272,ns
M7vsM8_raw_24m,equal_width,Relative Mortality,GPPsat,High,7,-0.00697,57.1,0.3999,0.9272,ns
M7vsM8_raw_24m,equal_width,Relative Mortality,NEPmax,High,7,-0.01674,57.1,0.3999,0.9272,ns
M7vsM8_raw_24m,equal_width,Relative Mortality,WUE,High,7,-0.01398,57.1,0.4663,0.9272,ns
M7vsM8_raw_24m,equal_width,Relative Mortality,uWUE,High,7,0.00516,28.6,0.8976,0.9637,ns
M7vsM8_raw_24m,equal_width,Relative Disturbance,ETmax,Mid,27,-0.00021,59.3,0.08357,0.9272,ns
M7vsM8_raw_24m,equal_width,Relative Disturbance,GPPsat,Mid,27,0.04371,40.7,0.8828,0.9637,ns
M7vsM8_raw_24m,equal_width,Relative Disturbance,NEPmax,Mid,27,0.03029,48.1,0.7219,0.9272,ns
M7vsM8_raw_24m,equal_width,Relative Disturbance,WUE,Mid,27,-0.00275,55.6,0.09934,0.9272,ns
M7vsM8_raw_24m,equal_width,Relative Disturbance,uWUE,Mid,27,-0.00079,55.6,0.3638,0.9272,ns
M7vsM8_raw_24m,equal_width,Relative Disturbance,ETmax,High,9,0.00158,44.4,0.6389,0.9272,ns
M7vsM8_raw_24m,equal_width,Relative Disturbance,GPPsat,High,9,-0.00697,55.6,0.2035,0.9272,ns
M7vsM8_raw_24m,equal_width,Relative Disturbance,NEPmax,High,9,-0.1573,66.7,0.1181,0.9272,ns
M7vsM8_raw_24m,equal_width,Relative Disturbance,WUE,High,9,0.00329,44.4,0.6389,0.9272,ns
M7vsM8_raw_24m,equal_width,Relative Disturbance,uWUE,High,9,0.01911,11.1,0.9622,0.9637,ns
M7vsM8_raw_24m,equal_width,Relative Disturbance,ETmax,Low,29,0.00012,48.3,0.7417,0.9272,ns
M7vsM8_raw_24m,equal_width,Relative Disturbance,GPPsat,Low,29,-0.0149,51.7,0.3327,0.9272,ns
M7vsM8_raw_24m,equal_width,Relative Disturbance,NEPmax,Low,29,-0.02684,51.7,0.6673,0.9272,ns
M7vsM8_raw_24m,equal_width,Relative Disturbance,WUE,Low,29,0.00752,31,0.9637,0.9637,ns
M7vsM8_raw_24m,equal_width,Relative Disturbance,uWUE,Low,29,-0.00268,58.6,0.457,0.9272,ns
M7vsM8_raw_24m,natural_breaks,Absolute Mortality,ETmax,High,14,0.00063,50,0.714,0.8948,ns
M7vsM8_raw_24m,natural_breaks,Absolute Mortality,GPPsat,High,14,0.0432,50,0.5,0.8948,ns
M7vsM8_raw_24m,natural_breaks,Absolute Mortality,NEPmax,High,14,0.10715,42.9,0.7349,0.8948,ns
M7vsM8_raw_24m,natural_breaks,Absolute Mortality,WUE,High,14,-0.00798,57.1,0.1732,0.8948,ns
M7vsM8_raw_24m,natural_breaks,Absolute Mortality,uWUE,High,14,0.00194,42.9,0.6922,0.8948,ns
M7vsM8_raw_24m,natural_breaks,Absolute Mortality,ETmax,Mid,32,0.00021,43.8,0.5996,0.8948,ns
M7vsM8_raw_24m,natural_breaks,Absolute Mortality,GPPsat,Mid,32,0.03647,37.5,0.8966,0.8966,ns
M7vsM8_raw_24m,natural_breaks,Absolute Mortality,NEPmax,Mid,32,-0.05947,59.4,0.1213,0.8948,ns
M7vsM8_raw_24m,natural_breaks,Absolute Mortality,WUE,Mid,32,0.00486,37.5,0.8749,0.8948,ns
M7vsM8_raw_24m,natural_breaks,Absolute Mortality,uWUE,Mid,32,0.00033,50,0.703,0.8948,ns
M7vsM8_raw_24m,natural_breaks,Absolute Mortality,ETmax,Low,19,-0.00089,68.4,0.1935,0.8948,ns
M7vsM8_raw_24m,natural_breaks,Absolute Mortality,GPPsat,Low,19,-0.11905,63.2,0.1025,0.8948,ns
M7vsM8_raw_24m,natural_breaks,Absolute Mortality,NEPmax,Low,19,0.04398,47.4,0.8174,0.8948,ns
M7vsM8_raw_24m,natural_breaks,Absolute Mortality,WUE,Low,19,0.00708,42.1,0.6637,0.8948,ns
M7vsM8_raw_24m,natural_breaks,Absolute Mortality,uWUE,Low,19,-0.00246,57.9,0.5241,0.8948,ns
M7vsM8_raw_24m,natural_breaks,Relative Mortality,ETmax,High,23,-0.00044,56.5,0.3407,0.8948,ns
M7vsM8_raw_24m,natural_breaks,Relative Mortality,GPPsat,High,23,0.01733,43.5,0.5784,0.8948,ns
M7vsM8_raw_24m,natural_breaks,Relative Mortality,NEPmax,High,23,0.03095,47.8,0.6137,0.8948,ns
M7vsM8_raw_24m,natural_breaks,Relative Mortality,WUE,High,23,-0.00198,52.2,0.219,0.8948,ns
M7vsM8_raw_24m,natural_breaks,Relative Mortality,uWUE,High,23,0.00082,43.5,0.7985,0.8948,ns
M7vsM8_raw_24m,natural_breaks,Relative Mortality,ETmax,Mid,18,0.00021,44.4,0.6031,0.8948,ns
M7vsM8_raw_24m,natural_breaks,Relative Mortality,GPPsat,Mid,18,0.03647,38.9,0.8417,0.8948,ns
M7vsM8_raw_24m,natural_breaks,Relative Mortality,NEPmax,Mid,18,-0.06152,55.6,0.316,0.8948,ns
M7vsM8_raw_24m,natural_breaks,Relative Mortality,WUE,Mid,18,0.00343,38.9,0.8619,0.8948,ns
M7vsM8_raw_24m,natural_breaks,Relative Mortality,uWUE,Mid,18,0.00917,38.9,0.7432,0.8948,ns
M7vsM8_raw_24m,natural_breaks,Relative Mortality,ETmax,Low,24,-0.00011,54.2,0.4829,0.8948,ns
M7vsM8_raw_24m,natural_breaks,Relative Mortality,GPPsat,Low,24,-0.08653,58.3,0.1841,0.8948,ns
M7vsM8_raw_24m,natural_breaks,Relative Mortality,NEPmax,Low,24,-0.03675,54.2,0.5624,0.8948,ns
M7vsM8_raw_24m,natural_breaks,Relative Mortality,WUE,Low,24,0.0073,37.5,0.7755,0.8948,ns
M7vsM8_raw_24m,natural_breaks,Relative Mortality,uWUE,Low,24,-0.00344,66.7,0.1766,0.8948,ns
M7vsM8_raw_24m,natural_breaks,Relative Disturbance,ETmax,High,22,-0.00051,54.5,0.3484,0.8948,ns
M7vsM8_raw_24m,natural_breaks,Relative Disturbance,GPPsat,High,22,0.06365,45.5,0.5899,0.8948,ns
M7vsM8_raw_24m,natural_breaks,Relative Disturbance,NEPmax,High,22,-0.00809,54.5,0.4228,0.8948,ns
M7vsM8_raw_24m,natural_breaks,Relative Disturbance,WUE,High,22,0.00046,50,0.3975,0.8948,ns
M7vsM8_raw_24m,natural_breaks,Relative Disturbance,uWUE,High,22,0.00194,45.5,0.7523,0.8948,ns
M7vsM8_raw_24m,natural_breaks,Relative Disturbance,ETmax,Mid,20,-0.00011,55,0.3475,0.8948,ns
M7vsM8_raw_24m,natural_breaks,Relative Disturbance,GPPsat,Mid,20,0.01759,45,0.552,0.8948,ns
M7vsM8_raw_24m,natural_breaks,Relative Disturbance,NEPmax,Mid,20,-0.05533,55,0.269,0.8948,ns
M7vsM8_raw_24m,natural_breaks,Relative Disturbance,WUE,Mid,20,0.00343,40,0.5959,0.8948,ns
M7vsM8_raw_24m,natural_breaks,Relative Disturbance,uWUE,Mid,20,0.00557,40,0.7432,0.8948,ns
M7vsM8_raw_24m,natural_breaks,Relative Disturbance,ETmax,Low,23,0.00012,47.8,0.6367,0.8948,ns
M7vsM8_raw_24m,natural_breaks,Relative Disturbance,GPPsat,Low,23,-0.04155,52.2,0.3747,0.8948,ns
M7vsM8_raw_24m,natural_breaks,Relative Disturbance,NEPmax,Low,23,0.04398,47.8,0.7719,0.8948,ns
M7vsM8_raw_24m,natural_breaks,Relative Disturbance,WUE,Low,23,0.00708,39.1,0.8385,0.8948,ns
M7vsM8_raw_24m,natural_breaks,Relative Disturbance,uWUE,Low,23,-0.00295,65.2,0.2469,0.8948,ns
M7vsM8_anom_12m,tertiles,Absolute Mortality,ETmax,High,22,-0.00044,54.5,0.1817,0.5612,ns
M7vsM8_anom_12m,tertiles,Absolute Mortality,GPPsat,High,22,-0.21561,72.7,0.1571,0.5612,ns
M7vsM8_anom_12m,tertiles,Absolute Mortality,NEPmax,High,22,-0.19619,59.1,0.1571,0.5612,ns
M7vsM8_anom_12m,tertiles,Absolute Mortality,WUE,High,22,-0.01495,59.1,0.3975,0.7156,ns
M7vsM8_anom_12m,tertiles,Absolute Mortality,uWUE,High,22,-0.0063,54.5,0.6395,0.8106,ns
M7vsM8_anom_12m,tertiles,Absolute Mortality,ETmax,Mid,21,0.00151,38.1,0.9229,0.9439,ns
M7vsM8_anom_12m,tertiles,Absolute Mortality,GPPsat,Mid,21,-0.14588,61.9,0.1831,0.5612,ns
M7vsM8_anom_12m,tertiles,Absolute Mortality,NEPmax,Mid,21,0.00435,42.9,0.4585,0.7368,ns
M7vsM8_anom_12m,tertiles,Absolute Mortality,WUE,Mid,21,0.0144,38.1,0.6743,0.8106,ns
M7vsM8_anom_12m,tertiles,Absolute Mortality,uWUE,Mid,21,-0.01084,61.9,0.1652,0.5612,ns
M7vsM8_anom_12m,tertiles,Absolute Mortality,ETmax,Low,22,0.00014,50,0.5259,0.8008,ns
M7vsM8_anom_12m,tertiles,Absolute Mortality,GPPsat,Low,22,-0.10404,59.1,0.1279,0.5612,ns
M7vsM8_anom_12m,tertiles,Absolute Mortality,NEPmax,Low,22,-0.23258,59.1,0.08635,0.5612,ns
M7vsM8_anom_12m,tertiles,Absolute Mortality,WUE,Low,22,0.0056,45.5,0.6983,0.8106,ns
M7vsM8_anom_12m,tertiles,Absolute Mortality,uWUE,Low,22,-0.00767,50,0.4483,0.7368,ns
M7vsM8_anom_12m,tertiles,Relative Mortality,ETmax,High,22,-0.00068,54.5,0.1148,0.5612,ns
M7vsM8_anom_12m,tertiles,Relative Mortality,GPPsat,High,22,-0.265,72.7,0.1904,0.5612,ns
M7vsM8_anom_12m,tertiles,Relative Mortality,NEPmax,High,22,-0.08646,50,0.2276,0.569,ns
M7vsM8_anom_12m,tertiles,Relative Mortality,WUE,High,22,-0.01633,63.6,0.3247,0.6826,ns
M7vsM8_anom_12m,tertiles,Relative Mortality,uWUE,High,22,-0.00918,59.1,0.5899,0.8044,ns
M7vsM8_anom_12m,tertiles,Relative Mortality,ETmax,Mid,21,0.00121,38.1,0.9557,0.9557,ns
M7vsM8_anom_12m,tertiles,Relative Mortality,GPPsat,Mid,21,-0.10308,57.1,0.3641,0.6826,ns
M7vsM8_anom_12m,tertiles,Relative Mortality,NEPmax,Mid,21,-0.10892,52.4,0.5415,0.8008,ns
M7vsM8_anom_12m,tertiles,Relative Mortality,WUE,Mid,21,0.0144,33.3,0.6867,0.8106,ns
M7vsM8_anom_12m,tertiles,Relative Mortality,uWUE,Mid,21,-0.00275,52.4,0.3383,0.6826,ns
M7vsM8_anom_12m,tertiles,Relative Mortality,ETmax,Low,22,0.00014,50,0.5517,0.8008,ns
M7vsM8_anom_12m,tertiles,Relative Mortality,GPPsat,Low,22,-0.15662,63.6,0.04889,0.5612,ns
M7vsM8_anom_12m,tertiles,Relative Mortality,NEPmax,Low,22,-0.23258,59.1,0.05583,0.5612,ns
M7vsM8_anom_12m,tertiles,Relative Mortality,WUE,Low,22,0.01142,45.5,0.8007,0.8564,ns
M7vsM8_anom_12m,tertiles,Relative Mortality,uWUE,Low,22,-0.00879,54.5,0.3605,0.6826,ns
M7vsM8_anom_12m,tertiles,Relative Disturbance,ETmax,High,22,-0.00027,50,0.2085,0.5612,ns
M7vsM8_anom_12m,tertiles,Relative Disturbance,GPPsat,High,22,-0.24596,72.7,0.1993,0.5612,ns
M7vsM8_anom_12m,tertiles,Relative Disturbance,NEPmax,High,22,-0.05423,50,0.2581,0.6112,ns
M7vsM8_anom_12m,tertiles,Relative Disturbance,WUE,High,22,-0.01633,63.6,0.3131,0.6826,ns
M7vsM8_anom_12m,tertiles,Relative Disturbance,uWUE,High,22,-0.0063,54.5,0.7205,0.8106,ns
M7vsM8_anom_12m,tertiles,Relative Disturbance,ETmax,Mid,21,0.00036,47.6,0.7109,0.8106,ns
M7vsM8_anom_12m,tertiles,Relative Disturbance,GPPsat,Mid,21,-0.12269,57.1,0.212,0.5612,ns
M7vsM8_anom_12m,tertiles,Relative Disturbance,NEPmax,Mid,21,-0.219,52.4,0.4174,0.7224,ns
M7vsM8_anom_12m,tertiles,Relative Disturbance,WUE,Mid,21,0.01456,38.1,0.6095,0.8067,ns
M7vsM8_anom_12m,tertiles,Relative Disturbance,uWUE,Mid,21,-0.01084,61.9,0.0589,0.5612,ns
M7vsM8_anom_12m,tertiles,Relative Disturbance,ETmax,Low,22,0.00193,45.5,0.8183,0.8564,ns
M7vsM8_anom_12m,tertiles,Relative Disturbance,GPPsat,Low,22,-0.15662,63.6,0.1087,0.5612,ns
M7vsM8_anom_12m,tertiles,Relative Disturbance,NEPmax,Low,22,-0.33638,59.1,0.08135,0.5612,ns
M7vsM8_anom_12m,tertiles,Relative Disturbance,WUE,Low,22,0.00967,40.9,0.7821,0.8564,ns
M7vsM8_anom_12m,tertiles,Relative Disturbance,uWUE,Low,22,-0.00671,50,0.5772,0.8044,ns
M7vsM8_anom_12m,equal_width,Absolute Mortality,ETmax,Mid,21,-0.00032,52.4,0.1567,0.5272,ns
M7vsM8_anom_12m,equal_width,Absolute Mortality,GPPsat,Mid,21,-0.27077,76.2,0.06751,0.4501,ns
M7vsM8_anom_12m,equal_width,Absolute Mortality,NEPmax,Mid,21,-0.28328,66.7,0.0589,0.4501,ns
M7vsM8_anom_12m,equal_width,Absolute Mortality,WUE,Mid,21,-0.01588,57.1,0.4585,0.7053,ns
M7vsM8_anom_12m,equal_width,Absolute Mortality,uWUE,Mid,21,-0.00852,57.1,0.5826,0.7915,ns
M7vsM8_anom_12m,equal_width,Absolute Mortality,ETmax,Low,41,0.00071,43.9,0.8808,0.9246,ns
M7vsM8_anom_12m,equal_width,Absolute Mortality,GPPsat,Low,41,-0.12269,58.5,0.1116,0.5272,ns
M7vsM8_anom_12m,equal_width,Absolute Mortality,NEPmax,Low,41,0.00238,48.8,0.2109,0.5272,ns
M7vsM8_anom_12m,equal_width,Absolute Mortality,WUE,Low,41,0.01132,41.5,0.733,0.8885,ns
M7vsM8_anom_12m,equal_width,Absolute Mortality,uWUE,Low,41,-0.01084,56.1,0.1998,0.5272,ns
M7vsM8_anom_12m,equal_width,Absolute Mortality,ETmax,High,3,-0.00056,66.7,,,""
M7vsM8_anom_12m,equal_width,Absolute Mortality,GPPsat,High,3,-0.19853,66.7,,,""
M7vsM8_anom_12m,equal_width,Absolute Mortality,NEPmax,High,3,0.43505,33.3,,,""
M7vsM8_anom_12m,equal_width,Absolute Mortality,WUE,High,3,-0.01402,66.7,,,""
M7vsM8_anom_12m,equal_width,Absolute Mortality,uWUE,High,3,0.033,33.3,,,""
M7vsM8_anom_12m,equal_width,Relative Mortality,ETmax,Mid,26,0.00015,46.2,0.2796,0.6212,ns
M7vsM8_anom_12m,equal_width,Relative Mortality,GPPsat,Mid,26,-0.265,73.1,0.02379,0.4501,ns
M7vsM8_anom_12m,equal_width,Relative Mortality,NEPmax,Mid,26,-0.25114,61.5,0.03567,0.4501,ns
M7vsM8_anom_12m,equal_width,Relative Mortality,WUE,Mid,26,-0.01633,57.7,0.3422,0.6504,ns
M7vsM8_anom_12m,equal_width,Relative Mortality,uWUE,Mid,26,-0.00968,57.7,0.2385,0.5612,ns
M7vsM8_anom_12m,equal_width,Relative Mortality,ETmax,Low,32,0.0011,46.9,0.8503,0.9246,ns
M7vsM8_anom_12m,equal_width,Relative Mortality,GPPsat,Low,32,-0.13429,62.5,0.06376,0.4501,ns
M7vsM8_anom_12m,equal_width,Relative Mortality,NEPmax,Low,32,-0.15569,53.1,0.1822,0.5272,ns
M7vsM8_anom_12m,equal_width,Relative Mortality,WUE,Low,32,0.01296,34.4,0.9063,0.9246,ns
M7vsM8_anom_12m,equal_width,Relative Mortality,uWUE,Low,32,-0.00969,56.2,0.3577,0.6504,ns
M7vsM8_anom_12m,equal_width,Relative Mortality,ETmax,High,7,-0.00056,57.1,0.5337,0.7624,ns
M7vsM8_anom_12m,equal_width,Relative Mortality,GPPsat,High,7,0.48389,42.9,0.9246,0.9246,ns
M7vsM8_anom_12m,equal_width,Relative Mortality,NEPmax,High,7,0.75171,28.6,0.6637,0.8296,ns
M7vsM8_anom_12m,equal_width,Relative Mortality,WUE,High,7,-0.0172,71.4,0.3363,0.6504,ns
M7vsM8_anom_12m,equal_width,Relative Mortality,uWUE,High,7,0.033,42.9,0.8976,0.9246,ns
M7vsM8_anom_12m,equal_width,Relative Disturbance,ETmax,Mid,27,0.00027,44.4,0.4856,0.7194,ns
M7vsM8_anom_12m,equal_width,Relative Disturbance,GPPsat,Mid,27,-0.18247,74.1,0.03674,0.4501,ns
M7vsM8_anom_12m,equal_width,Relative Disturbance,NEPmax,Mid,27,-0.17338,55.6,0.1775,0.5272,ns
M7vsM8_anom_12m,equal_width,Relative Disturbance,WUE,Mid,27,-0.01053,51.9,0.4474,0.7053,ns
M7vsM8_anom_12m,equal_width,Relative Disturbance,uWUE,Mid,27,-0.00408,51.9,0.4004,0.6773,ns
M7vsM8_anom_12m,equal_width,Relative Disturbance,ETmax,High,9,-0.00081,66.7,0.1432,0.5272,ns
M7vsM8_anom_12m,equal_width,Relative Disturbance,GPPsat,High,9,-0.19853,55.6,0.5936,0.7915,ns
M7vsM8_anom_12m,equal_width,Relative Disturbance,NEPmax,High,9,-0.92315,55.6,0.2035,0.5272,ns
M7vsM8_anom_12m,equal_width,Relative Disturbance,WUE,High,9,-0.01678,66.7,0.4064,0.6773,ns
M7vsM8_anom_12m,equal_width,Relative Disturbance,uWUE,High,9,-0.00984,55.6,0.6389,0.8243,ns
M7vsM8_anom_12m,equal_width,Relative Disturbance,ETmax,Low,29,0.00183,44.8,0.8741,0.9246,ns
M7vsM8_anom_12m,equal_width,Relative Disturbance,GPPsat,Low,29,-0.11702,58.6,0.113,0.5272,ns
M7vsM8_anom_12m,equal_width,Relative Disturbance,NEPmax,Low,29,-0.11167,51.7,0.1877,0.5272,ns
M7vsM8_anom_12m,equal_width,Relative Disturbance,WUE,Low,29,0.01132,37.9,0.7944,0.9246,ns
M7vsM8_anom_12m,equal_width,Relative Disturbance,uWUE,Low,29,-0.01663,58.6,0.3566,0.6504,ns
M7vsM8_anom_12m,natural_breaks,Absolute Mortality,ETmax,High,14,-0.00068,57.1,0.1732,0.5519,ns
M7vsM8_anom_12m,natural_breaks,Absolute Mortality,GPPsat,High,14,-0.26156,64.3,0.4253,0.7361,ns
M7vsM8_anom_12m,natural_breaks,Absolute Mortality,NEPmax,High,14,-0.45719,57.1,0.1732,0.5519,ns
M7vsM8_anom_12m,natural_breaks,Absolute Mortality,WUE,High,14,-0.01495,57.1,0.525,0.8052,ns
M7vsM8_anom_12m,natural_breaks,Absolute Mortality,uWUE,High,14,-0.00696,57.1,0.6698,0.8052,ns
M7vsM8_anom_12m,natural_breaks,Absolute Mortality,ETmax,Mid,32,0.00094,40.6,0.9094,0.9301,ns
M7vsM8_anom_12m,natural_breaks,Absolute Mortality,GPPsat,Mid,32,-0.16445,71.9,0.03414,0.5519,ns
M7vsM8_anom_12m,natural_breaks,Absolute Mortality,NEPmax,Mid,32,-0.05327,50,0.2842,0.6395,ns
M7vsM8_anom_12m,natural_breaks,Absolute Mortality,WUE,Mid,32,0.00978,46.9,0.5484,0.8052,ns
M7vsM8_anom_12m,natural_breaks,Absolute Mortality,uWUE,Mid,32,-0.00563,56.2,0.3035,0.6405,ns
M7vsM8_anom_12m,natural_breaks,Absolute Mortality,ETmax,Low,19,-9e-05,52.6,0.4759,0.7649,ns
M7vsM8_anom_12m,natural_breaks,Absolute Mortality,GPPsat,Low,19,-0.00017,52.6,0.3511,0.6506,ns
M7vsM8_anom_12m,natural_breaks,Absolute Mortality,NEPmax,Low,19,-0.1997,57.9,0.1621,0.5519,ns
M7vsM8_anom_12m,natural_breaks,Absolute Mortality,WUE,Low,19,0.00632,42.1,0.7336,0.8052,ns
M7vsM8_anom_12m,natural_breaks,Absolute Mortality,uWUE,Low,19,-0.01663,52.6,0.3363,0.6506,ns
M7vsM8_anom_12m,natural_breaks,Relative Mortality,ETmax,High,23,-0.00056,52.2,0.1335,0.5519,ns
M7vsM8_anom_12m,natural_breaks,Relative Mortality,GPPsat,High,23,-0.27077,73.9,0.147,0.5519,ns
M7vsM8_anom_12m,natural_breaks,Relative Mortality,NEPmax,High,23,-0.17338,52.2,0.1848,0.5519,ns
M7vsM8_anom_12m,natural_breaks,Relative Mortality,WUE,High,23,-0.01678,65.2,0.2566,0.6112,ns
M7vsM8_anom_12m,natural_breaks,Relative Mortality,uWUE,High,23,-0.00852,56.5,0.5664,0.8052,ns
M7vsM8_anom_12m,natural_breaks,Relative Mortality,ETmax,Mid,18,0.00124,38.9,0.9629,0.9629,ns
M7vsM8_anom_12m,natural_breaks,Relative Mortality,GPPsat,Mid,18,-0.11288,61.1,0.204,0.5519,ns
M7vsM8_anom_12m,natural_breaks,Relative Mortality,NEPmax,Mid,18,-0.16396,55.6,0.448,0.7467,ns
M7vsM8_anom_12m,natural_breaks,Relative Mortality,WUE,Mid,18,0.01513,33.3,0.7144,0.8052,ns
M7vsM8_anom_12m,natural_breaks,Relative Mortality,uWUE,Mid,18,-0.01905,61.1,0.1033,0.5519,ns
M7vsM8_anom_12m,natural_breaks,Relative Mortality,ETmax,Low,24,0.00014,50,0.607,0.8052,ns
M7vsM8_anom_12m,natural_breaks,Relative Mortality,GPPsat,Low,24,-0.06444,58.3,0.1766,0.5519,ns
M7vsM8_anom_12m,natural_breaks,Relative Mortality,NEPmax,Low,24,-0.15569,54.2,0.1552,0.5519,ns
M7vsM8_anom_12m,natural_breaks,Relative Mortality,WUE,Low,24,0.00967,41.7,0.8003,0.8575,ns
M7vsM8_anom_12m,natural_breaks,Relative Mortality,uWUE,Low,24,0.00113,50,0.5848,0.8052,ns
M7vsM8_anom_12m,natural_breaks,Relative Disturbance,ETmax,High,22,-0.00027,50,0.2085,0.5519,ns
M7vsM8_anom_12m,natural_breaks,Relative Disturbance,GPPsat,High,22,-0.24596,72.7,0.1993,0.5519,ns
M7vsM8_anom_12m,natural_breaks,Relative Disturbance,NEPmax,High,22,-0.05423,50,0.2581,0.6112,ns
M7vsM8_anom_12m,natural_breaks,Relative Disturbance,WUE,High,22,-0.01633,63.6,0.3131,0.6405,ns
M7vsM8_anom_12m,natural_breaks,Relative Disturbance,uWUE,High,22,-0.0063,54.5,0.7205,0.8052,ns
M7vsM8_anom_12m,natural_breaks,Relative Disturbance,ETmax,Mid,20,0.00019,50,0.7059,0.8052,ns
M7vsM8_anom_12m,natural_breaks,Relative Disturbance,GPPsat,Mid,20,-0.13429,60,0.1613,0.5519,ns
M7vsM8_anom_12m,natural_breaks,Relative Disturbance,NEPmax,Mid,20,-0.2205,55,0.3614,0.6506,ns
M7vsM8_anom_12m,natural_breaks,Relative Disturbance,WUE,Mid,20,0.01513,35,0.6929,0.8052,ns
M7vsM8_anom_12m,natural_breaks,Relative Disturbance,uWUE,Mid,20,-0.01905,65,0.0323,0.5519,ns
M7vsM8_anom_12m,natural_breaks,Relative Disturbance,ETmax,Low,23,0.00183,43.5,0.8232,0.8615,ns
M7vsM8_anom_12m,natural_breaks,Relative Disturbance,GPPsat,Low,23,-0.11702,60.9,0.1401,0.5519,ns
M7vsM8_anom_12m,natural_breaks,Relative Disturbance,NEPmax,Low,23,-0.1997,56.5,0.09807,0.5519,ns
M7vsM8_anom_12m,natural_breaks,Relative Disturbance,WUE,Low,23,0.00803,43.5,0.7132,0.8052,ns
M7vsM8_anom_12m,natural_breaks,Relative Disturbance,uWUE,Low,23,0.00321,47.8,0.6481,0.8052,ns
M7vsM8_anom_24m,tertiles,Absolute Mortality,ETmax,High,22,-1e-04,50,0.2795,0.6104,ns
M7vsM8_anom_24m,tertiles,Absolute Mortality,GPPsat,High,22,-0.20518,63.6,0.1279,0.5986,ns
M7vsM8_anom_24m,tertiles,Absolute Mortality,NEPmax,High,22,-0.19279,63.6,0.08135,0.5986,ns
M7vsM8_anom_24m,tertiles,Absolute Mortality,WUE,High,22,0.00825,40.9,0.6983,0.7482,ns
M7vsM8_anom_24m,tertiles,Absolute Mortality,uWUE,High,22,0.0186,40.9,0.6753,0.7482,ns
M7vsM8_anom_24m,tertiles,Absolute Mortality,ETmax,Mid,21,0.00027,38.1,0.7342,0.7509,ns
M7vsM8_anom_24m,tertiles,Absolute Mortality,GPPsat,Mid,21,-0.21161,66.7,0.1652,0.6063,ns
M7vsM8_anom_24m,tertiles,Absolute Mortality,NEPmax,Mid,21,0.0833,47.6,0.3511,0.6104,ns
M7vsM8_anom_24m,tertiles,Absolute Mortality,WUE,Mid,21,0.00403,47.6,0.4039,0.6104,ns
M7vsM8_anom_24m,tertiles,Absolute Mortality,uWUE,Mid,21,-0.00818,57.1,0.133,0.5986,ns
M7vsM8_anom_24m,tertiles,Absolute Mortality,ETmax,Low,22,-8e-04,54.5,0.2581,0.6104,ns
M7vsM8_anom_24m,tertiles,Absolute Mortality,GPPsat,Low,22,-0.02359,50,0.2795,0.6104,ns
M7vsM8_anom_24m,tertiles,Absolute Mortality,NEPmax,Low,22,-0.34326,77.3,0.008894,0.2001,ns
M7vsM8_anom_24m,tertiles,Absolute Mortality,WUE,Low,22,-0.00534,50,0.3131,0.6104,ns
M7vsM8_anom_24m,tertiles,Absolute Mortality,uWUE,Low,22,0.00668,45.5,0.7313,0.7509,ns
M7vsM8_anom_24m,tertiles,Relative Mortality,ETmax,High,22,-0.00063,59.1,0.08635,0.5986,ns
M7vsM8_anom_24m,tertiles,Relative Mortality,GPPsat,High,22,-0.2789,68.2,0.1027,0.5986,ns
M7vsM8_anom_24m,tertiles,Relative Mortality,NEPmax,High,22,-0.2594,59.1,0.1494,0.6063,ns
M7vsM8_anom_24m,tertiles,Relative Mortality,WUE,High,22,0.00279,45.5,0.3727,0.6104,ns
M7vsM8_anom_24m,tertiles,Relative Mortality,uWUE,High,22,-0.00791,54.5,0.4612,0.6104,ns
M7vsM8_anom_24m,tertiles,Relative Mortality,ETmax,Mid,21,0.00069,38.1,0.8743,0.8743,ns
M7vsM8_anom_24m,tertiles,Relative Mortality,GPPsat,Mid,21,-0.13127,57.1,0.3772,0.6104,ns
M7vsM8_anom_24m,tertiles,Relative Mortality,NEPmax,Mid,21,-0.11209,52.4,0.3383,0.6104,ns
M7vsM8_anom_24m,tertiles,Relative Mortality,WUE,Mid,21,0.00403,47.6,0.5277,0.6785,ns
M7vsM8_anom_24m,tertiles,Relative Mortality,uWUE,Mid,21,0.00813,38.1,0.3905,0.6104,ns
M7vsM8_anom_24m,tertiles,Relative Mortality,ETmax,Low,22,0.00026,45.5,0.4101,0.6104,ns
M7vsM8_anom_24m,tertiles,Relative Mortality,GPPsat,Low,22,-0.16371,54.5,0.1212,0.5986,ns
M7vsM8_anom_24m,tertiles,Relative Mortality,NEPmax,Low,22,-0.34326,77.3,0.005162,0.2001,ns
M7vsM8_anom_24m,tertiles,Relative Mortality,WUE,Low,22,0.00337,45.5,0.4355,0.6104,ns
M7vsM8_anom_24m,tertiles,Relative Mortality,uWUE,Low,22,0.00287,50,0.6635,0.7482,ns
M7vsM8_anom_24m,tertiles,Relative Disturbance,ETmax,High,22,-0.00028,54.5,0.1817,0.6063,ns
M7vsM8_anom_24m,tertiles,Relative Disturbance,GPPsat,High,22,-0.2789,68.2,0.09704,0.5986,ns
M7vsM8_anom_24m,tertiles,Relative Disturbance,NEPmax,High,22,-0.19279,59.1,0.1993,0.6063,ns
M7vsM8_anom_24m,tertiles,Relative Disturbance,WUE,High,22,0.00604,40.9,0.4612,0.6104,ns
M7vsM8_anom_24m,tertiles,Relative Disturbance,uWUE,High,22,-0.00791,54.5,0.4483,0.6104,ns
M7vsM8_anom_24m,tertiles,Relative Disturbance,ETmax,Mid,21,0.00024,42.9,0.6095,0.7413,ns
M7vsM8_anom_24m,tertiles,Relative Disturbance,GPPsat,Mid,21,-0.13127,57.1,0.2327,0.6104,ns
M7vsM8_anom_24m,tertiles,Relative Disturbance,NEPmax,Mid,21,-0.11209,52.4,0.2021,0.6063,ns
M7vsM8_anom_24m,tertiles,Relative Disturbance,WUE,Mid,21,-0.00499,52.4,0.2435,0.6104,ns
M7vsM8_anom_24m,tertiles,Relative Disturbance,uWUE,Mid,21,0.00813,38.1,0.3772,0.6104,ns
M7vsM8_anom_24m,tertiles,Relative Disturbance,ETmax,Low,22,0.00035,45.5,0.5772,0.7215,ns
M7vsM8_anom_24m,tertiles,Relative Disturbance,GPPsat,Low,22,-0.16371,54.5,0.2905,0.6104,ns
M7vsM8_anom_24m,tertiles,Relative Disturbance,NEPmax,Low,22,-0.34326,77.3,0.01886,0.283,ns
M7vsM8_anom_24m,tertiles,Relative Disturbance,WUE,Low,22,0.00756,45.5,0.6273,0.7428,ns
M7vsM8_anom_24m,tertiles,Relative Disturbance,uWUE,Low,22,0.00287,50,0.6869,0.7482,ns
M7vsM8_anom_24m,equal_width,Absolute Mortality,ETmax,Mid,21,-0.00036,52.4,0.09329,0.3731,ns
M7vsM8_anom_24m,equal_width,Absolute Mortality,GPPsat,Mid,21,-0.23675,66.7,0.0589,0.2694,ns
M7vsM8_anom_24m,equal_width,Absolute Mortality,NEPmax,Mid,21,-0.35998,71.4,0.01427,0.2694,ns
M7vsM8_anom_24m,equal_width,Absolute Mortality,WUE,Mid,21,0.00555,42.9,0.5553,0.6908,ns
M7vsM8_anom_24m,equal_width,Absolute Mortality,uWUE,Mid,21,0.00523,47.6,0.5139,0.6908,ns
M7vsM8_anom_24m,equal_width,Absolute Mortality,ETmax,Low,41,0.00027,46.3,0.5872,0.6908,ns
M7vsM8_anom_24m,equal_width,Absolute Mortality,GPPsat,Low,41,-0.14456,56.1,0.1856,0.5712,ns
M7vsM8_anom_24m,equal_width,Absolute Mortality,NEPmax,Low,41,-0.20136,61,0.05997,0.2694,ns
M7vsM8_anom_24m,equal_width,Absolute Mortality,WUE,Low,41,0.00236,48.8,0.3158,0.6356,ns
M7vsM8_anom_24m,equal_width,Absolute Mortality,uWUE,Low,41,4e-05,48.8,0.4536,0.6908,ns
M7vsM8_anom_24m,equal_width,Absolute Mortality,ETmax,High,3,0.00087,33.3,,,""
M7vsM8_anom_24m,equal_width,Absolute Mortality,GPPsat,High,3,-0.1736,66.7,,,""
M7vsM8_anom_24m,equal_width,Absolute Mortality,NEPmax,High,3,0.10252,33.3,,,""
M7vsM8_anom_24m,equal_width,Absolute Mortality,WUE,High,3,0.06271,33.3,,,""
M7vsM8_anom_24m,equal_width,Absolute Mortality,uWUE,High,3,0.03091,33.3,,,""
M7vsM8_anom_24m,equal_width,Relative Mortality,ETmax,Mid,26,0.00035,42.3,0.4495,0.6908,ns
M7vsM8_anom_24m,equal_width,Relative Mortality,GPPsat,Mid,26,-0.20312,69.2,0.04208,0.2694,ns
M7vsM8_anom_24m,equal_width,Relative Mortality,NEPmax,Mid,26,-0.34674,69.2,0.01644,0.2694,ns
M7vsM8_anom_24m,equal_width,Relative Mortality,WUE,Mid,26,-0.00648,53.8,0.2627,0.6179,ns
M7vsM8_anom_24m,equal_width,Relative Mortality,uWUE,Mid,26,0.00615,46.2,0.5606,0.6908,ns
M7vsM8_anom_24m,equal_width,Relative Mortality,ETmax,Low,32,-4e-05,50,0.386,0.6908,ns
M7vsM8_anom_24m,equal_width,Relative Mortality,GPPsat,Low,32,-0.18866,56.2,0.1213,0.441,ns
M7vsM8_anom_24m,equal_width,Relative Mortality,NEPmax,Low,32,-0.25273,65.6,0.03414,0.2694,ns
M7vsM8_anom_24m,equal_width,Relative Mortality,WUE,Low,32,0.00611,43.8,0.5261,0.6908,ns
M7vsM8_anom_24m,equal_width,Relative Mortality,uWUE,Low,32,0.00331,46.9,0.5778,0.6908,ns
M7vsM8_anom_24m,equal_width,Relative Mortality,ETmax,High,7,-0.00021,57.1,0.3999,0.6908,ns
M7vsM8_anom_24m,equal_width,Relative Mortality,GPPsat,High,7,0.09948,42.9,0.8237,0.8449,ns
M7vsM8_anom_24m,equal_width,Relative Mortality,NEPmax,High,7,0.52915,28.6,0.8641,0.8641,ns
M7vsM8_anom_24m,equal_width,Relative Mortality,WUE,High,7,0.01096,28.6,0.6637,0.7175,ns
M7vsM8_anom_24m,equal_width,Relative Mortality,uWUE,High,7,-0.00765,57.1,0.2234,0.5958,ns
M7vsM8_anom_24m,equal_width,Relative Disturbance,ETmax,Mid,27,0.00014,48.1,0.2468,0.6169,ns
M7vsM8_anom_24m,equal_width,Relative Disturbance,GPPsat,Mid,27,-0.21161,70.4,0.02965,0.2694,ns
M7vsM8_anom_24m,equal_width,Relative Disturbance,NEPmax,Mid,27,-0.19577,63,0.06062,0.2694,ns
M7vsM8_anom_24m,equal_width,Relative Disturbance,WUE,Mid,27,-0.00499,51.9,0.2781,0.6179,ns
M7vsM8_anom_24m,equal_width,Relative Disturbance,uWUE,Mid,27,0.00706,40.7,0.6362,0.7149,ns
M7vsM8_anom_24m,equal_width,Relative Disturbance,ETmax,High,9,-0.00021,55.6,0.3611,0.6879,ns
M7vsM8_anom_24m,equal_width,Relative Disturbance,GPPsat,High,9,-0.1736,55.6,0.5,0.6908,ns
M7vsM8_anom_24m,equal_width,Relative Disturbance,NEPmax,High,9,-0.07559,55.6,0.3178,0.6356,ns
M7vsM8_anom_24m,equal_width,Relative Disturbance,WUE,High,9,0.01096,33.3,0.6822,0.7181,ns
M7vsM8_anom_24m,equal_width,Relative Disturbance,uWUE,High,9,-0.017,66.7,0.1716,0.5712,ns
M7vsM8_anom_24m,equal_width,Relative Disturbance,ETmax,Low,29,0.00027,44.8,0.6434,0.7149,ns
M7vsM8_anom_24m,equal_width,Relative Disturbance,GPPsat,Low,29,-0.14456,51.7,0.2182,0.5958,ns
M7vsM8_anom_24m,equal_width,Relative Disturbance,NEPmax,Low,29,-0.26172,65.5,0.05479,0.2694,ns
M7vsM8_anom_24m,equal_width,Relative Disturbance,WUE,Low,29,0.00438,44.8,0.5345,0.6908,ns
M7vsM8_anom_24m,equal_width,Relative Disturbance,uWUE,Low,29,0.00659,48.3,0.5687,0.6908,ns
M7vsM8_anom_24m,natural_breaks,Absolute Mortality,ETmax,High,14,-0.00131,71.4,0.05132,0.4619,ns
M7vsM8_anom_24m,natural_breaks,Absolute Mortality,GPPsat,High,14,-0.16985,57.1,0.3302,0.5678,ns
M7vsM8_anom_24m,natural_breaks,Absolute Mortality,NEPmax,High,14,-0.36724,64.3,0.1292,0.5287,ns
M7vsM8_anom_24m,natural_breaks,Absolute Mortality,WUE,High,14,0.00279,42.9,0.525,0.6563,ns
M7vsM8_anom_24m,natural_breaks,Absolute Mortality,uWUE,High,14,0.0079,50,0.525,0.6563,ns
M7vsM8_anom_24m,natural_breaks,Absolute Mortality,ETmax,Mid,32,0.00053,34.4,0.8861,0.8887,ns
M7vsM8_anom_24m,natural_breaks,Absolute Mortality,GPPsat,Mid,32,-0.25057,71.9,0.03011,0.4598,ns
M7vsM8_anom_24m,natural_breaks,Absolute Mortality,NEPmax,Mid,32,-0.18439,56.2,0.1001,0.4655,ns
M7vsM8_anom_24m,natural_breaks,Absolute Mortality,WUE,Mid,32,0.0042,46.9,0.5558,0.6759,ns
M7vsM8_anom_24m,natural_breaks,Absolute Mortality,uWUE,Mid,32,-0.00041,50,0.2906,0.5678,ns
M7vsM8_anom_24m,natural_breaks,Absolute Mortality,ETmax,Low,19,-7e-04,52.6,0.2533,0.5678,ns
M7vsM8_anom_24m,natural_breaks,Absolute Mortality,GPPsat,Low,19,0.13984,42.1,0.6186,0.7138,ns
M7vsM8_anom_24m,natural_breaks,Absolute Mortality,NEPmax,Low,19,-0.26172,73.7,0.03065,0.4598,ns
M7vsM8_anom_24m,natural_breaks,Absolute Mortality,WUE,Low,19,0.00236,47.4,0.2664,0.5678,ns
M7vsM8_anom_24m,natural_breaks,Absolute Mortality,uWUE,Low,19,0.00678,42.1,0.7953,0.8458,ns
M7vsM8_anom_24m,natural_breaks,Relative Mortality,ETmax,High,23,-9e-04,60.9,0.06609,0.4655,ns
M7vsM8_anom_24m,natural_breaks,Relative Mortality,GPPsat,High,23,-0.29341,69.6,0.07864,0.4655,ns
M7vsM8_anom_24m,natural_breaks,Relative Mortality,NEPmax,High,23,-0.3335,60.9,0.1034,0.4655,ns
M7vsM8_anom_24m,natural_breaks,Relative Mortality,WUE,High,23,3e-05,47.8,0.3079,0.5678,ns
M7vsM8_anom_24m,natural_breaks,Relative Mortality,uWUE,High,23,-0.00818,56.5,0.3407,0.5678,ns
M7vsM8_anom_24m,natural_breaks,Relative Mortality,ETmax,Mid,18,0.00095,33.3,0.8887,0.8887,ns
M7vsM8_anom_24m,natural_breaks,Relative Mortality,GPPsat,Mid,18,-0.15038,61.1,0.1919,0.5605,ns
M7vsM8_anom_24m,natural_breaks,Relative Mortality,NEPmax,Mid,18,-0.14255,55.6,0.2165,0.5678,ns
M7vsM8_anom_24m,natural_breaks,Relative Mortality,WUE,Mid,18,0.00593,44.4,0.6031,0.7138,ns
M7vsM8_anom_24m,natural_breaks,Relative Mortality,uWUE,Mid,18,0.0076,38.9,0.3638,0.5846,ns
M7vsM8_anom_24m,natural_breaks,Relative Mortality,ETmax,Low,24,0.00026,45.8,0.4376,0.6486,ns
M7vsM8_anom_24m,natural_breaks,Relative Mortality,GPPsat,Low,24,-0.00236,50,0.3393,0.5678,ns
M7vsM8_anom_24m,natural_breaks,Relative Mortality,NEPmax,Low,24,-0.28907,70.8,0.04194,0.4619,ns
M7vsM8_anom_24m,natural_breaks,Relative Mortality,WUE,Low,24,0.00337,45.8,0.4602,0.6486,ns
M7vsM8_anom_24m,natural_breaks,Relative Mortality,uWUE,Low,24,0.00668,45.8,0.8082,0.8458,ns
M7vsM8_anom_24m,natural_breaks,Relative Disturbance,ETmax,High,22,-0.00028,54.5,0.1817,0.5605,ns
M7vsM8_anom_24m,natural_breaks,Relative Disturbance,GPPsat,High,22,-0.2789,68.2,0.09704,0.4655,ns
M7vsM8_anom_24m,natural_breaks,Relative Disturbance,NEPmax,High,22,-0.19279,59.1,0.1993,0.5605,ns
M7vsM8_anom_24m,natural_breaks,Relative Disturbance,WUE,High,22,0.00604,40.9,0.4612,0.6486,ns
M7vsM8_anom_24m,natural_breaks,Relative Disturbance,uWUE,High,22,-0.00791,54.5,0.4483,0.6486,ns
M7vsM8_anom_24m,natural_breaks,Relative Disturbance,ETmax,Mid,20,0.00031,40,0.6525,0.734,ns
M7vsM8_anom_24m,natural_breaks,Relative Disturbance,GPPsat,Mid,20,-0.14868,60,0.1902,0.5605,ns
M7vsM8_anom_24m,natural_breaks,Relative Disturbance,NEPmax,Mid,20,-0.14255,55,0.1613,0.5605,ns
M7vsM8_anom_24m,natural_breaks,Relative Disturbance,WUE,Mid,20,-0.00048,50,0.3338,0.5678,ns
M7vsM8_anom_24m,natural_breaks,Relative Disturbance,uWUE,Mid,20,0.0076,40,0.3071,0.5678,ns
M7vsM8_anom_24m,natural_breaks,Relative Disturbance,ETmax,Low,23,0.00027,47.8,0.5182,0.6563,ns
M7vsM8_anom_24m,natural_breaks,Relative Disturbance,GPPsat,Low,23,-0.14456,52.2,0.3079,0.5678,ns
M7vsM8_anom_24m,natural_breaks,Relative Disturbance,NEPmax,Low,23,-0.31642,73.9,0.02156,0.4598,ns
M7vsM8_anom_24m,natural_breaks,Relative Disturbance,WUE,Low,23,0.00236,47.8,0.5182,0.6563,ns
M7vsM8_anom_24m,natural_breaks,Relative Disturbance,uWUE,Low,23,0.00659,47.8,0.7531,0.8266,ns
