unit,method,metric,response,category,n,median_dRMSE,pct_sites_improved,p_onesided_wilcoxon,q_BH,sig
M1vsM2_12m,tertiles,Absolute Mortality,ETmax,High,31,-0.00161,61.3,0.4493,0.5184,ns
M1vsM2_12m,tertiles,Absolute Mortality,GPPsat,High,31,-0.15403,61.3,0.09965,0.2624,ns
M1vsM2_12m,tertiles,Absolute Mortality,NEPmax,High,31,-0.18285,58.1,0.1564,0.2629,ns
M1vsM2_12m,tertiles,Absolute Mortality,WUE,High,31,-0.05254,61.3,0.1179,0.2624,ns
M1vsM2_12m,tertiles,Absolute Mortality,uWUE,High,31,-0.03132,61.3,0.1612,0.2629,ns
M1vsM2_12m,tertiles,Absolute Mortality,ETmax,Mid,31,0.00082,35.5,0.9134,0.9134,ns
M1vsM2_12m,tertiles,Absolute Mortality,GPPsat,Mid,31,-1.06219,77.4,0.002177,0.09445,ns
M1vsM2_12m,tertiles,Absolute Mortality,NEPmax,Mid,31,-0.9265,67.7,0.0256,0.192,ns
M1vsM2_12m,tertiles,Absolute Mortality,WUE,Mid,31,-0.03204,54.8,0.1811,0.2629,ns
M1vsM2_12m,tertiles,Absolute Mortality,uWUE,Mid,31,0.00497,48.4,0.2558,0.3197,ns
M1vsM2_12m,tertiles,Absolute Mortality,ETmax,Low,31,-0.00201,61.3,0.2558,0.3197,ns
M1vsM2_12m,tertiles,Absolute Mortality,GPPsat,Low,31,-0.30276,61.3,0.1341,0.2624,ns
M1vsM2_12m,tertiles,Absolute Mortality,NEPmax,Low,31,-1.00108,61.3,0.05734,0.258,ns
M1vsM2_12m,tertiles,Absolute Mortality,WUE,Low,31,-0.00868,51.6,0.1472,0.2629,ns
M1vsM2_12m,tertiles,Absolute Mortality,uWUE,Low,31,-0.00568,51.6,0.1709,0.2629,ns
M1vsM2_12m,tertiles,Relative Mortality,ETmax,High,31,-0.00087,61.3,0.4649,0.523,ns
M1vsM2_12m,tertiles,Relative Mortality,GPPsat,High,31,-0.75101,74.2,0.004198,0.09445,ns
M1vsM2_12m,tertiles,Relative Mortality,NEPmax,High,31,-0.31399,58.1,0.05512,0.258,ns
M1vsM2_12m,tertiles,Relative Mortality,WUE,High,31,-0.04767,58.1,0.1179,0.2624,ns
M1vsM2_12m,tertiles,Relative Mortality,uWUE,High,31,-0.01686,51.6,0.295,0.3588,ns
M1vsM2_12m,tertiles,Relative Mortality,ETmax,Mid,31,0.00038,41.9,0.5351,0.5734,ns
M1vsM2_12m,tertiles,Relative Mortality,GPPsat,Mid,31,-0.69384,64.5,0.07215,0.2624,ns
M1vsM2_12m,tertiles,Relative Mortality,NEPmax,Mid,31,-0.55805,67.7,0.05512,0.258,ns
M1vsM2_12m,tertiles,Relative Mortality,WUE,Mid,31,-0.04276,61.3,0.09626,0.2624,ns
M1vsM2_12m,tertiles,Relative Mortality,uWUE,Mid,31,-0.03138,54.8,0.1916,0.2694,ns
M1vsM2_12m,tertiles,Relative Mortality,ETmax,Low,31,-4e-04,54.8,0.5273,0.5734,ns
M1vsM2_12m,tertiles,Relative Mortality,GPPsat,Low,31,-0.29421,61.3,0.1141,0.2624,ns
M1vsM2_12m,tertiles,Relative Mortality,NEPmax,Low,31,-1.00108,61.3,0.05734,0.258,ns
M1vsM2_12m,tertiles,Relative Mortality,WUE,Low,31,0.00071,48.4,0.2372,0.314,ns
M1vsM2_12m,tertiles,Relative Mortality,uWUE,Low,31,-0.00568,54.8,0.1067,0.2624,ns
M1vsM2_12m,tertiles,Relative Disturbance,ETmax,High,31,-0.00018,54.8,0.5661,0.5925,ns
M1vsM2_12m,tertiles,Relative Disturbance,GPPsat,High,31,-0.75101,71,0.01181,0.1771,ns
M1vsM2_12m,tertiles,Relative Disturbance,NEPmax,High,31,-0.31399,58.1,0.06441,0.2624,ns
M1vsM2_12m,tertiles,Relative Disturbance,WUE,High,31,-0.03573,54.8,0.1811,0.2629,ns
M1vsM2_12m,tertiles,Relative Disturbance,uWUE,High,31,-0.01686,51.6,0.3226,0.382,ns
M1vsM2_12m,tertiles,Relative Disturbance,ETmax,Mid,31,-0.00168,58.1,0.1299,0.2624,ns
M1vsM2_12m,tertiles,Relative Disturbance,GPPsat,Mid,31,-0.68398,67.7,0.01594,0.1794,ns
M1vsM2_12m,tertiles,Relative Disturbance,NEPmax,Mid,31,-0.42578,67.7,0.02127,0.1914,ns
M1vsM2_12m,tertiles,Relative Disturbance,WUE,Mid,31,-0.04276,61.3,0.08661,0.2624,ns
M1vsM2_12m,tertiles,Relative Disturbance,uWUE,Mid,31,-0.03138,54.8,0.2253,0.3072,ns
M1vsM2_12m,tertiles,Relative Disturbance,ETmax,Low,31,0.00095,45.2,0.8189,0.8375,ns
M1vsM2_12m,tertiles,Relative Disturbance,GPPsat,Low,31,-0.29421,61.3,0.176,0.2629,ns
M1vsM2_12m,tertiles,Relative Disturbance,NEPmax,Low,31,-0.9265,61.3,0.1341,0.2624,ns
M1vsM2_12m,tertiles,Relative Disturbance,WUE,Low,31,-0.00868,51.6,0.176,0.2629,ns
M1vsM2_12m,tertiles,Relative Disturbance,uWUE,Low,31,-0.00568,54.8,0.08661,0.2624,ns
M1vsM2_12m,equal_width,Absolute Mortality,ETmax,Mid,35,0.00013,48.6,0.7769,0.7769,ns
M1vsM2_12m,equal_width,Absolute Mortality,GPPsat,Mid,35,-0.31381,60,0.1241,0.2413,ns
M1vsM2_12m,equal_width,Absolute Mortality,NEPmax,Mid,35,-0.18285,57.1,0.1995,0.3491,ns
M1vsM2_12m,equal_width,Absolute Mortality,WUE,Mid,35,-0.05254,62.9,0.05333,0.1436,ns
M1vsM2_12m,equal_width,Absolute Mortality,uWUE,Mid,35,-0.03138,60,0.06698,0.1563,ns
M1vsM2_12m,equal_width,Absolute Mortality,ETmax,Low,53,-0.00028,54.7,0.2795,0.4076,ns
M1vsM2_12m,equal_width,Absolute Mortality,GPPsat,Low,53,-0.94944,73.6,0.0007411,0.02594,*
M1vsM2_12m,equal_width,Absolute Mortality,NEPmax,Low,53,-1.13287,69.8,0.00151,0.02643,*
M1vsM2_12m,equal_width,Absolute Mortality,WUE,Low,53,-0.00868,52.8,0.116,0.2389,ns
M1vsM2_12m,equal_width,Absolute Mortality,uWUE,Low,53,-0.0056,50.9,0.144,0.2653,ns
M1vsM2_12m,equal_width,Absolute Mortality,ETmax,High,5,-0.00181,60,,,""
M1vsM2_12m,equal_width,Absolute Mortality,GPPsat,High,5,0.27894,40,,,""
M1vsM2_12m,equal_width,Absolute Mortality,NEPmax,High,5,0.97357,20,,,""
M1vsM2_12m,equal_width,Absolute Mortality,WUE,High,5,0.04797,40,,,""
M1vsM2_12m,equal_width,Absolute Mortality,uWUE,High,5,0.02843,40,,,""
M1vsM2_12m,equal_width,Relative Mortality,ETmax,Mid,33,-0.00018,54.5,0.5143,0.5806,ns
M1vsM2_12m,equal_width,Relative Mortality,GPPsat,Mid,33,-0.71798,78.8,0.004544,0.03976,*
M1vsM2_12m,equal_width,Relative Mortality,NEPmax,Mid,33,-0.34944,69.7,0.01531,0.1072,ns
M1vsM2_12m,equal_width,Relative Mortality,WUE,Mid,33,-0.00416,51.5,0.4291,0.5349,ns
M1vsM2_12m,equal_width,Relative Mortality,uWUE,Mid,33,0.00497,48.5,0.4432,0.5349,ns
M1vsM2_12m,equal_width,Relative Mortality,ETmax,Low,53,-0.00028,50.9,0.4788,0.5586,ns
M1vsM2_12m,equal_width,Relative Mortality,GPPsat,Low,53,-0.34492,60.4,0.04802,0.1401,ns
M1vsM2_12m,equal_width,Relative Mortality,NEPmax,Low,53,-0.55805,60.4,0.04543,0.1401,ns
M1vsM2_12m,equal_width,Relative Mortality,WUE,Low,53,-0.05039,58.5,0.02681,0.1188,ns
M1vsM2_12m,equal_width,Relative Mortality,uWUE,Low,53,-0.03676,56.6,0.04058,0.1401,ns
M1vsM2_12m,equal_width,Relative Mortality,ETmax,High,7,-0.00212,57.1,0.5337,0.5837,ns
M1vsM2_12m,equal_width,Relative Mortality,GPPsat,High,7,-0.04543,57.1,0.2234,0.3724,ns
M1vsM2_12m,equal_width,Relative Mortality,NEPmax,High,7,0.16446,42.9,0.2771,0.4076,ns
M1vsM2_12m,equal_width,Relative Mortality,WUE,High,7,-0.03573,57.1,0.2771,0.4076,ns
M1vsM2_12m,equal_width,Relative Mortality,uWUE,High,7,-0.03132,57.1,0.3363,0.4527,ns
M1vsM2_12m,equal_width,Relative Disturbance,ETmax,Mid,35,-0.00087,60,0.3203,0.4484,ns
M1vsM2_12m,equal_width,Relative Disturbance,GPPsat,Mid,35,-0.75101,77.1,0.002614,0.0305,*
M1vsM2_12m,equal_width,Relative Disturbance,NEPmax,Mid,35,-0.32141,62.9,0.02714,0.1188,ns
M1vsM2_12m,equal_width,Relative Disturbance,WUE,Mid,35,-0.00926,51.4,0.3809,0.4938,ns
M1vsM2_12m,equal_width,Relative Disturbance,uWUE,Mid,35,0.02816,45.7,0.6679,0.6875,ns
M1vsM2_12m,equal_width,Relative Disturbance,ETmax,Low,53,0.00028,47.2,0.6581,0.6875,ns
M1vsM2_12m,equal_width,Relative Disturbance,GPPsat,Low,53,-0.34492,60.4,0.07963,0.1742,ns
M1vsM2_12m,equal_width,Relative Disturbance,NEPmax,Low,53,-0.42578,62.3,0.05754,0.1438,ns
M1vsM2_12m,equal_width,Relative Disturbance,WUE,Low,53,-0.04276,58.5,0.04543,0.1401,ns
M1vsM2_12m,equal_width,Relative Disturbance,uWUE,Low,53,-0.03676,58.5,0.02,0.1166,ns
M1vsM2_12m,equal_width,Relative Disturbance,ETmax,High,5,-0.00212,60,,,""
M1vsM2_12m,equal_width,Relative Disturbance,GPPsat,High,5,-1.38653,60,,,""
M1vsM2_12m,equal_width,Relative Disturbance,NEPmax,High,5,-3.10117,60,,,""
M1vsM2_12m,equal_width,Relative Disturbance,WUE,High,5,-0.28909,60,,,""
M1vsM2_12m,equal_width,Relative Disturbance,uWUE,High,5,-0.21781,60,,,""
M1vsM2_12m,natural_breaks,Absolute Mortality,ETmax,High,20,-0.00175,65,0.3897,0.4497,ns
M1vsM2_12m,natural_breaks,Absolute Mortality,GPPsat,High,20,-0.22471,65,0.09253,0.2678,ns
M1vsM2_12m,natural_breaks,Absolute Mortality,NEPmax,High,20,0.2755,45,0.3475,0.4116,ns
M1vsM2_12m,natural_breaks,Absolute Mortality,WUE,High,20,-0.04408,55,0.1802,0.3098,ns
M1vsM2_12m,natural_breaks,Absolute Mortality,uWUE,High,20,-0.01723,55,0.2333,0.3182,ns
M1vsM2_12m,natural_breaks,Absolute Mortality,ETmax,Mid,43,0.00045,41.9,0.8158,0.8344,ns
M1vsM2_12m,natural_breaks,Absolute Mortality,GPPsat,Mid,43,-0.83377,72.1,0.003236,0.05833,ns
M1vsM2_12m,natural_breaks,Absolute Mortality,NEPmax,Mid,43,-0.77413,72.1,0.005515,0.06204,ns
M1vsM2_12m,natural_breaks,Absolute Mortality,WUE,Mid,43,-0.05254,60.5,0.1125,0.2678,ns
M1vsM2_12m,natural_breaks,Absolute Mortality,uWUE,Mid,43,-0.03138,55.8,0.1509,0.2953,ns
M1vsM2_12m,natural_breaks,Absolute Mortality,ETmax,Low,30,-0.00183,60,0.3329,0.4049,ns
M1vsM2_12m,natural_breaks,Absolute Mortality,GPPsat,Low,30,-0.29848,60,0.1882,0.3098,ns
M1vsM2_12m,natural_breaks,Absolute Mortality,NEPmax,Low,30,-0.68578,60,0.08096,0.2678,ns
M1vsM2_12m,natural_breaks,Absolute Mortality,WUE,Low,30,-0.00399,50,0.1938,0.3098,ns
M1vsM2_12m,natural_breaks,Absolute Mortality,uWUE,Low,30,-0.00041,50,0.2295,0.3182,ns
M1vsM2_12m,natural_breaks,Relative Mortality,ETmax,High,26,-0.00076,57.7,0.5606,0.6069,ns
M1vsM2_12m,natural_breaks,Relative Mortality,GPPsat,High,26,-0.53241,69.2,0.01983,0.1487,ns
M1vsM2_12m,natural_breaks,Relative Mortality,NEPmax,High,26,-0.3177,53.8,0.07385,0.2678,ns
M1vsM2_12m,natural_breaks,Relative Mortality,WUE,High,26,-0.04408,57.7,0.0933,0.2678,ns
M1vsM2_12m,natural_breaks,Relative Mortality,uWUE,High,26,-0.01723,53.8,0.2082,0.3098,ns
M1vsM2_12m,natural_breaks,Relative Mortality,ETmax,Mid,32,-0.00067,53.1,0.2134,0.3098,ns
M1vsM2_12m,natural_breaks,Relative Mortality,GPPsat,Mid,32,-0.70591,68.8,0.01469,0.1322,ns
M1vsM2_12m,natural_breaks,Relative Mortality,NEPmax,Mid,32,-0.35996,68.8,0.0314,0.2019,ns
M1vsM2_12m,natural_breaks,Relative Mortality,WUE,Mid,32,-0.0374,59.4,0.2416,0.3197,ns
M1vsM2_12m,natural_breaks,Relative Mortality,uWUE,Mid,32,-0.02234,53.1,0.4004,0.4504,ns
M1vsM2_12m,natural_breaks,Relative Mortality,ETmax,Low,35,4e-04,48.6,0.6971,0.7295,ns
M1vsM2_12m,natural_breaks,Relative Mortality,GPPsat,Low,35,-0.30276,62.9,0.1175,0.2678,ns
M1vsM2_12m,natural_breaks,Relative Mortality,NEPmax,Low,35,-1.00108,62.9,0.06913,0.2678,ns
M1vsM2_12m,natural_breaks,Relative Mortality,WUE,Low,35,-0.00868,51.4,0.1309,0.2678,ns
M1vsM2_12m,natural_breaks,Relative Mortality,uWUE,Low,35,-0.00568,54.3,0.06913,0.2678,ns
M1vsM2_12m,natural_breaks,Relative Disturbance,ETmax,Mid,35,-0.00161,57.1,0.09366,0.2678,ns
M1vsM2_12m,natural_breaks,Relative Disturbance,GPPsat,Mid,35,-0.83377,74.3,0.002243,0.05833,ns
M1vsM2_12m,natural_breaks,Relative Disturbance,NEPmax,Mid,35,-0.55805,74.3,0.003888,0.05833,ns
M1vsM2_12m,natural_breaks,Relative Disturbance,WUE,Mid,35,-0.04767,60,0.1208,0.2678,ns
M1vsM2_12m,natural_breaks,Relative Disturbance,uWUE,Mid,35,-0.03138,54.3,0.2805,0.3606,ns
M1vsM2_12m,natural_breaks,Relative Disturbance,ETmax,Low,35,0.00092,42.9,0.8583,0.8583,ns
M1vsM2_12m,natural_breaks,Relative Disturbance,GPPsat,Low,35,-0.29421,60,0.1949,0.3098,ns
M1vsM2_12m,natural_breaks,Relative Disturbance,NEPmax,Low,35,-0.37542,57.1,0.1904,0.3098,ns
M1vsM2_12m,natural_breaks,Relative Disturbance,WUE,Low,35,-0.03204,54.3,0.1208,0.2678,ns
M1vsM2_12m,natural_breaks,Relative Disturbance,uWUE,Low,35,-0.00568,54.3,0.09926,0.2678,ns
M1vsM2_12m,natural_breaks,Relative Disturbance,ETmax,High,23,-0.00135,60.9,0.5664,0.6069,ns
M1vsM2_12m,natural_breaks,Relative Disturbance,GPPsat,High,23,-0.31381,65.2,0.05185,0.2678,ns
M1vsM2_12m,natural_breaks,Relative Disturbance,NEPmax,High,23,-0.31399,52.2,0.127,0.2678,ns
M1vsM2_12m,natural_breaks,Relative Disturbance,WUE,High,23,-0.00926,52.2,0.2101,0.3098,ns
M1vsM2_12m,natural_breaks,Relative Disturbance,uWUE,High,23,-0.01686,52.2,0.3187,0.3983,ns
M1vsM2_24m,tertiles,Absolute Mortality,ETmax,High,31,-5e-05,51.6,0.5815,0.623,ns
M1vsM2_24m,tertiles,Absolute Mortality,GPPsat,High,31,-0.12741,58.1,0.1612,0.2576,ns
M1vsM2_24m,tertiles,Absolute Mortality,NEPmax,High,31,-0.51962,64.5,0.07215,0.2165,ns
M1vsM2_24m,tertiles,Absolute Mortality,WUE,High,31,-0.04224,61.3,0.05512,0.1908,ns
M1vsM2_24m,tertiles,Absolute Mortality,uWUE,High,31,-0.04295,51.6,0.197,0.2955,ns
M1vsM2_24m,tertiles,Absolute Mortality,ETmax,Mid,31,-0.00043,54.8,0.6774,0.6774,ns
M1vsM2_24m,tertiles,Absolute Mortality,GPPsat,Mid,31,-0.71786,74.2,0.00295,0.1327,ns
M1vsM2_24m,tertiles,Absolute Mortality,NEPmax,Mid,31,-0.7331,61.3,0.04503,0.1908,ns
M1vsM2_24m,tertiles,Absolute Mortality,WUE,Mid,31,-0.05869,61.3,0.09965,0.2242,ns
M1vsM2_24m,tertiles,Absolute Mortality,uWUE,Mid,31,-0.03037,58.1,0.2495,0.3509,ns
M1vsM2_24m,tertiles,Absolute Mortality,ETmax,Low,31,-0.00171,61.3,0.3658,0.442,ns
M1vsM2_24m,tertiles,Absolute Mortality,GPPsat,Low,31,-0.4461,61.3,0.1384,0.2548,ns
M1vsM2_24m,tertiles,Absolute Mortality,NEPmax,Low,31,-1.25398,58.1,0.04887,0.1908,ns
M1vsM2_24m,tertiles,Absolute Mortality,WUE,Low,31,-0.0165,58.1,0.1299,0.2548,ns
M1vsM2_24m,tertiles,Absolute Mortality,uWUE,Low,31,-0.00444,54.8,0.3439,0.442,ns
M1vsM2_24m,tertiles,Relative Mortality,ETmax,High,31,-0.00032,54.8,0.6268,0.641,ns
M1vsM2_24m,tertiles,Relative Mortality,GPPsat,High,31,-0.5964,71,0.008633,0.1908,ns
M1vsM2_24m,tertiles,Relative Mortality,NEPmax,High,31,-0.7331,64.5,0.02335,0.1908,ns
M1vsM2_24m,tertiles,Relative Mortality,WUE,High,31,-0.04224,64.5,0.05089,0.1908,ns
M1vsM2_24m,tertiles,Relative Mortality,uWUE,High,31,-0.04295,54.8,0.2433,0.3509,ns
M1vsM2_24m,tertiles,Relative Mortality,ETmax,Mid,31,-5e-05,54.8,0.5507,0.6044,ns
M1vsM2_24m,tertiles,Relative Mortality,GPPsat,Mid,31,-0.40387,61.3,0.08058,0.2165,ns
M1vsM2_24m,tertiles,Relative Mortality,NEPmax,Mid,31,-0.62552,61.3,0.08355,0.2165,ns
M1vsM2_24m,tertiles,Relative Mortality,WUE,Mid,31,-0.05837,58.1,0.08661,0.2165,ns
M1vsM2_24m,tertiles,Relative Mortality,uWUE,Mid,31,-0.00444,51.6,0.4727,0.5454,ns
M1vsM2_24m,tertiles,Relative Mortality,ETmax,Low,31,-0.00107,58.1,0.3585,0.442,ns
M1vsM2_24m,tertiles,Relative Mortality,GPPsat,Low,31,-0.4461,61.3,0.08661,0.2165,ns
M1vsM2_24m,tertiles,Relative Mortality,NEPmax,Low,31,-1.25398,58.1,0.03972,0.1908,ns
M1vsM2_24m,tertiles,Relative Mortality,WUE,Low,31,-0.02251,58.1,0.1472,0.2548,ns
M1vsM2_24m,tertiles,Relative Mortality,uWUE,Low,31,-0.02924,58.1,0.1428,0.2548,ns
M1vsM2_24m,tertiles,Relative Disturbance,ETmax,High,31,-0.00032,54.8,0.5507,0.6044,ns
M1vsM2_24m,tertiles,Relative Disturbance,GPPsat,High,31,-0.6256,67.7,0.01844,0.1908,ns
M1vsM2_24m,tertiles,Relative Disturbance,NEPmax,High,31,-0.7602,67.7,0.01757,0.1908,ns
M1vsM2_24m,tertiles,Relative Disturbance,WUE,High,31,-0.03277,61.3,0.09296,0.2202,ns
M1vsM2_24m,tertiles,Relative Disturbance,uWUE,High,31,-0.03037,51.6,0.3296,0.4363,ns
M1vsM2_24m,tertiles,Relative Disturbance,ETmax,Mid,31,-0.00045,58.1,0.3086,0.4209,ns
M1vsM2_24m,tertiles,Relative Disturbance,GPPsat,Mid,31,-0.40387,64.5,0.03202,0.1908,ns
M1vsM2_24m,tertiles,Relative Disturbance,NEPmax,Mid,31,-0.62552,61.3,0.02802,0.1908,ns
M1vsM2_24m,tertiles,Relative Disturbance,WUE,Mid,31,-0.05837,58.1,0.0432,0.1908,ns
M1vsM2_24m,tertiles,Relative Disturbance,uWUE,Mid,31,-0.00444,51.6,0.3732,0.442,ns
M1vsM2_24m,tertiles,Relative Disturbance,ETmax,Low,31,-0.00043,54.8,0.6119,0.6403,ns
M1vsM2_24m,tertiles,Relative Disturbance,GPPsat,Low,31,-0.4461,61.3,0.1384,0.2548,ns
M1vsM2_24m,tertiles,Relative Disturbance,NEPmax,Low,31,-0.94115,54.8,0.166,0.2576,ns
M1vsM2_24m,tertiles,Relative Disturbance,WUE,Low,31,-0.04681,61.3,0.1564,0.2576,ns
M1vsM2_24m,tertiles,Relative Disturbance,uWUE,Low,31,-0.04749,61.3,0.1258,0.2548,ns
M1vsM2_24m,equal_width,Absolute Mortality,ETmax,Mid,35,2e-04,42.9,0.8508,0.8508,ns
M1vsM2_24m,equal_width,Absolute Mortality,GPPsat,Mid,35,-0.27011,60,0.1241,0.25,ns
M1vsM2_24m,equal_width,Absolute Mortality,NEPmax,Mid,35,-0.43133,57.1,0.1609,0.2605,ns
M1vsM2_24m,equal_width,Absolute Mortality,WUE,Mid,35,-0.07928,65.7,0.007169,0.05018,ns
M1vsM2_24m,equal_width,Absolute Mortality,uWUE,Mid,35,-0.05614,60,0.04659,0.1631,ns
M1vsM2_24m,equal_width,Absolute Mortality,ETmax,Low,53,-0.00105,64.2,0.1786,0.2605,ns
M1vsM2_24m,equal_width,Absolute Mortality,GPPsat,Low,53,-0.80531,71.7,0.001425,0.02494,*
M1vsM2_24m,equal_width,Absolute Mortality,NEPmax,Low,53,-1.25398,66,0.001095,0.02494,*
M1vsM2_24m,equal_width,Absolute Mortality,WUE,Low,53,-0.02251,56.6,0.1286,0.25,ns
M1vsM2_24m,equal_width,Absolute Mortality,uWUE,Low,53,-0.00761,54.7,0.2591,0.3627,ns
M1vsM2_24m,equal_width,Absolute Mortality,ETmax,High,5,-8e-04,60,,,""
M1vsM2_24m,equal_width,Absolute Mortality,GPPsat,High,5,0.80217,20,,,""
M1vsM2_24m,equal_width,Absolute Mortality,NEPmax,High,5,1.17865,40,,,""
M1vsM2_24m,equal_width,Absolute Mortality,WUE,High,5,-0.00646,60,,,""
M1vsM2_24m,equal_width,Absolute Mortality,uWUE,High,5,0.18513,20,,,""
M1vsM2_24m,equal_width,Relative Mortality,ETmax,Mid,33,0,51.5,0.6125,0.6499,ns
M1vsM2_24m,equal_width,Relative Mortality,GPPsat,Mid,33,-0.57531,78.8,0.005308,0.04644,*
M1vsM2_24m,equal_width,Relative Mortality,NEPmax,Mid,33,-0.71476,69.7,0.009624,0.05614,ns
M1vsM2_24m,equal_width,Relative Mortality,WUE,Mid,33,-0.03277,54.5,0.1629,0.2605,ns
M1vsM2_24m,equal_width,Relative Mortality,uWUE,Mid,33,0.00127,48.5,0.4291,0.5179,ns
M1vsM2_24m,equal_width,Relative Mortality,ETmax,Low,53,-0.00045,56.6,0.4647,0.5422,ns
M1vsM2_24m,equal_width,Relative Mortality,GPPsat,Low,53,-0.40619,58.5,0.05261,0.1674,ns
M1vsM2_24m,equal_width,Relative Mortality,NEPmax,Low,53,-0.62552,54.7,0.05754,0.1678,ns
M1vsM2_24m,equal_width,Relative Mortality,WUE,Low,53,-0.06021,62.3,0.0285,0.1247,ns
M1vsM2_24m,equal_width,Relative Mortality,uWUE,Low,53,-0.02159,58.5,0.08921,0.1952,ns
M1vsM2_24m,equal_width,Relative Mortality,ETmax,High,7,-0.0021,71.4,0.3999,0.4999,ns
M1vsM2_24m,equal_width,Relative Mortality,GPPsat,High,7,0.3258,42.9,0.2771,0.373,ns
M1vsM2_24m,equal_width,Relative Mortality,NEPmax,High,7,-0.92302,71.4,0.1359,0.2504,ns
M1vsM2_24m,equal_width,Relative Mortality,WUE,High,7,-0.01209,71.4,0.1763,0.2605,ns
M1vsM2_24m,equal_width,Relative Mortality,uWUE,High,7,-0.04295,57.1,0.3363,0.4359,ns
M1vsM2_24m,equal_width,Relative Disturbance,ETmax,Mid,35,-8e-05,51.4,0.6128,0.6499,ns
M1vsM2_24m,equal_width,Relative Disturbance,GPPsat,Mid,35,-0.5964,74.3,0.004944,0.04644,*
M1vsM2_24m,equal_width,Relative Disturbance,NEPmax,Mid,35,-0.66191,65.7,0.01439,0.07193,ns
M1vsM2_24m,equal_width,Relative Disturbance,WUE,Mid,35,-0.03277,57.1,0.169,0.2605,ns
M1vsM2_24m,equal_width,Relative Disturbance,uWUE,Mid,35,0.00909,45.7,0.6797,0.6997,ns
M1vsM2_24m,equal_width,Relative Disturbance,ETmax,Low,53,-0.00043,56.6,0.5247,0.5924,ns
M1vsM2_24m,equal_width,Relative Disturbance,GPPsat,Low,53,-0.40387,58.5,0.08639,0.1952,ns
M1vsM2_24m,equal_width,Relative Disturbance,NEPmax,Low,53,-0.62552,56.6,0.06392,0.1721,ns
M1vsM2_24m,equal_width,Relative Disturbance,WUE,Low,53,-0.05837,60.4,0.04215,0.1631,ns
M1vsM2_24m,equal_width,Relative Disturbance,uWUE,Low,53,-0.02159,58.5,0.06965,0.1741,ns
M1vsM2_24m,equal_width,Relative Disturbance,ETmax,High,5,-0.0021,80,,,""
M1vsM2_24m,equal_width,Relative Disturbance,GPPsat,High,5,-1.41422,60,,,""
M1vsM2_24m,equal_width,Relative Disturbance,NEPmax,High,5,-3.05124,80,,,""
M1vsM2_24m,equal_width,Relative Disturbance,WUE,High,5,-0.20592,80,,,""
M1vsM2_24m,equal_width,Relative Disturbance,uWUE,High,5,-0.21634,80,,,""
M1vsM2_24m,natural_breaks,Absolute Mortality,ETmax,High,20,-0.00012,50,0.6103,0.6241,ns
M1vsM2_24m,natural_breaks,Absolute Mortality,GPPsat,High,20,-0.19876,60,0.1437,0.2666,ns
M1vsM2_24m,natural_breaks,Absolute Mortality,NEPmax,High,20,-0.04381,55,0.269,0.3668,ns
M1vsM2_24m,natural_breaks,Absolute Mortality,WUE,High,20,-0.02539,60,0.1125,0.245,ns
M1vsM2_24m,natural_breaks,Absolute Mortality,uWUE,High,20,-0.02084,50,0.2333,0.3456,ns
M1vsM2_24m,natural_breaks,Absolute Mortality,ETmax,Mid,43,-8e-05,55.8,0.56,0.6241,ns
M1vsM2_24m,natural_breaks,Absolute Mortality,GPPsat,Mid,43,-0.5964,69.8,0.002592,0.07416,ns
M1vsM2_24m,natural_breaks,Absolute Mortality,NEPmax,Mid,43,-0.7331,67.4,0.007485,0.08421,ns
M1vsM2_24m,natural_breaks,Absolute Mortality,WUE,Mid,43,-0.07928,62.8,0.04489,0.1998,ns
M1vsM2_24m,natural_breaks,Absolute Mortality,uWUE,Mid,43,-0.04712,58.1,0.1481,0.2666,ns
M1vsM2_24m,natural_breaks,Absolute Mortality,ETmax,Low,30,-0.00141,60,0.459,0.5436,ns
M1vsM2_24m,natural_breaks,Absolute Mortality,GPPsat,Low,30,-0.42615,60,0.1938,0.3115,ns
M1vsM2_24m,natural_breaks,Absolute Mortality,NEPmax,Low,30,-1.00228,56.7,0.06661,0.1998,ns
M1vsM2_24m,natural_breaks,Absolute Mortality,WUE,Low,30,-0.01516,56.7,0.1668,0.2816,ns
M1vsM2_24m,natural_breaks,Absolute Mortality,uWUE,Low,30,-0.00329,53.3,0.3946,0.4932,ns
M1vsM2_24m,natural_breaks,Relative Mortality,ETmax,High,26,-0.00043,53.8,0.667,0.667,ns
M1vsM2_24m,natural_breaks,Relative Mortality,GPPsat,High,26,-0.60045,65.4,0.02679,0.1826,ns
M1vsM2_24m,natural_breaks,Relative Mortality,NEPmax,High,26,-0.82806,65.4,0.0284,0.1826,ns
M1vsM2_24m,natural_breaks,Relative Mortality,WUE,High,26,-0.04869,65.4,0.03985,0.1998,ns
M1vsM2_24m,natural_breaks,Relative Mortality,uWUE,High,26,-0.03666,53.8,0.2155,0.3345,ns
M1vsM2_24m,natural_breaks,Relative Mortality,ETmax,Mid,32,-0.00027,59.4,0.3101,0.4104,ns
M1vsM2_24m,natural_breaks,Relative Mortality,GPPsat,Mid,32,-0.43968,65.6,0.02764,0.1826,ns
M1vsM2_24m,natural_breaks,Relative Mortality,NEPmax,Mid,32,-0.60144,62.5,0.05494,0.1998,ns
M1vsM2_24m,natural_breaks,Relative Mortality,WUE,Mid,32,-0.02882,56.2,0.137,0.2666,ns
M1vsM2_24m,natural_breaks,Relative Mortality,uWUE,Mid,32,0.0086,50,0.5851,0.6241,ns
M1vsM2_24m,natural_breaks,Relative Mortality,ETmax,Low,35,-0.00043,54.3,0.5098,0.5882,ns
M1vsM2_24m,natural_breaks,Relative Mortality,GPPsat,Low,35,-0.4461,62.9,0.09926,0.245,ns
M1vsM2_24m,natural_breaks,Relative Mortality,NEPmax,Low,35,-0.98147,57.1,0.06488,0.1998,ns
M1vsM2_24m,natural_breaks,Relative Mortality,WUE,Low,35,-0.04681,60,0.1051,0.245,ns
M1vsM2_24m,natural_breaks,Relative Mortality,uWUE,Low,35,-0.04749,60,0.1022,0.245,ns
M1vsM2_24m,natural_breaks,Relative Disturbance,ETmax,Mid,35,0,51.4,0.3624,0.4659,ns
M1vsM2_24m,natural_breaks,Relative Disturbance,GPPsat,Mid,35,-0.5522,74.3,0.004284,0.07416,ns
M1vsM2_24m,natural_breaks,Relative Disturbance,NEPmax,Mid,35,-0.71476,68.6,0.004944,0.07416,ns
M1vsM2_24m,natural_breaks,Relative Disturbance,WUE,Mid,35,-0.03868,57.1,0.05333,0.1998,ns
M1vsM2_24m,natural_breaks,Relative Disturbance,uWUE,Mid,35,-0.00444,51.4,0.4061,0.4939,ns
M1vsM2_24m,natural_breaks,Relative Disturbance,ETmax,Low,35,-0.00045,57.1,0.5875,0.6241,ns
M1vsM2_24m,natural_breaks,Relative Disturbance,GPPsat,Low,35,-0.40619,57.1,0.169,0.2816,ns
M1vsM2_24m,natural_breaks,Relative Disturbance,NEPmax,Low,35,-0.25041,51.4,0.2381,0.3456,ns
M1vsM2_24m,natural_breaks,Relative Disturbance,WUE,Low,35,-0.05837,62.9,0.1241,0.2538,ns
M1vsM2_24m,natural_breaks,Relative Disturbance,uWUE,Low,35,-0.04749,60,0.1143,0.245,ns
M1vsM2_24m,natural_breaks,Relative Disturbance,ETmax,High,23,-0.00068,60.9,0.602,0.6241,ns
M1vsM2_24m,natural_breaks,Relative Disturbance,GPPsat,High,23,-0.57531,60.9,0.06609,0.1998,ns
M1vsM2_24m,natural_breaks,Relative Disturbance,NEPmax,High,23,-0.7331,65.2,0.04286,0.1998,ns
M1vsM2_24m,natural_breaks,Relative Disturbance,WUE,High,23,-0.03277,60.9,0.09807,0.245,ns
M1vsM2_24m,natural_breaks,Relative Disturbance,uWUE,High,23,-0.03037,52.2,0.2566,0.3608,ns
M3vsM4_12m,tertiles,Absolute Mortality,ETmax,High,31,0.00171,32.3,0.9635,0.9927,ns
M3vsM4_12m,tertiles,Absolute Mortality,GPPsat,High,31,-0.66295,71,0.003131,0.04204,*
M3vsM4_12m,tertiles,Absolute Mortality,NEPmax,High,31,-0.56257,80.6,0.0005909,0.01525,*
M3vsM4_12m,tertiles,Absolute Mortality,WUE,High,31,-0.08379,64.5,0.02802,0.1099,ns
M3vsM4_12m,tertiles,Absolute Mortality,uWUE,High,31,-0.07805,64.5,0.06692,0.1949,ns
M3vsM4_12m,tertiles,Absolute Mortality,ETmax,Mid,31,-0.00018,54.8,0.5507,0.6044,ns
M3vsM4_12m,tertiles,Absolute Mortality,GPPsat,Mid,31,-0.22628,58.1,0.1067,0.2286,ns
M3vsM4_12m,tertiles,Absolute Mortality,NEPmax,Mid,31,-0.32605,51.6,0.166,0.2767,ns
M3vsM4_12m,tertiles,Absolute Mortality,WUE,Mid,31,-0.05666,54.8,0.3226,0.382,ns
M3vsM4_12m,tertiles,Absolute Mortality,uWUE,Mid,31,-0.004,51.6,0.2194,0.3086,ns
M3vsM4_12m,tertiles,Absolute Mortality,ETmax,Low,31,-0.00105,58.1,0.1341,0.2595,ns
M3vsM4_12m,tertiles,Absolute Mortality,GPPsat,Low,31,-0.04494,51.6,0.07488,0.1949,ns
M3vsM4_12m,tertiles,Absolute Mortality,NEPmax,Low,31,-0.45224,64.5,0.01757,0.1051,ns
M3vsM4_12m,tertiles,Absolute Mortality,WUE,Low,31,-0.01058,58.1,0.3658,0.4221,ns
M3vsM4_12m,tertiles,Absolute Mortality,uWUE,Low,31,0.01565,45.2,0.295,0.3687,ns
M3vsM4_12m,tertiles,Relative Mortality,ETmax,High,31,0.00132,35.5,0.9824,0.9927,ns
M3vsM4_12m,tertiles,Relative Mortality,GPPsat,High,31,-0.2393,61.3,0.03346,0.1158,ns
M3vsM4_12m,tertiles,Relative Mortality,NEPmax,High,31,-0.39595,67.7,0.02127,0.1051,ns
M3vsM4_12m,tertiles,Relative Mortality,WUE,High,31,-0.05666,58.1,0.1472,0.265,ns
M3vsM4_12m,tertiles,Relative Mortality,uWUE,High,31,-0.05442,64.5,0.08661,0.1949,ns
M3vsM4_12m,tertiles,Relative Mortality,ETmax,Mid,31,-0.00066,58.1,0.3807,0.4282,ns
M3vsM4_12m,tertiles,Relative Mortality,GPPsat,Mid,31,-0.24929,64.5,0.02335,0.1051,ns
M3vsM4_12m,tertiles,Relative Mortality,NEPmax,Mid,31,-0.77637,67.7,0.003737,0.04204,*
M3vsM4_12m,tertiles,Relative Mortality,WUE,Mid,31,-0.07315,61.3,0.1341,0.2595,ns
M3vsM4_12m,tertiles,Relative Mortality,uWUE,Mid,31,0.00263,48.4,0.2372,0.3235,ns
M3vsM4_12m,tertiles,Relative Mortality,ETmax,Low,31,-0.00014,51.6,0.3156,0.382,ns
M3vsM4_12m,tertiles,Relative Mortality,GPPsat,Low,31,-0.1443,54.8,0.05089,0.1636,ns
M3vsM4_12m,tertiles,Relative Mortality,NEPmax,Low,31,-0.16887,61.3,0.07215,0.1949,ns
M3vsM4_12m,tertiles,Relative Mortality,WUE,Low,31,-0.01058,58.1,0.2685,0.3452,ns
M3vsM4_12m,tertiles,Relative Mortality,uWUE,Low,31,0.01349,48.4,0.1612,0.2767,ns
M3vsM4_12m,tertiles,Relative Disturbance,ETmax,High,31,0.0014,32.3,0.9927,0.9927,ns
M3vsM4_12m,tertiles,Relative Disturbance,GPPsat,High,31,-0.45309,64.5,0.02931,0.1099,ns
M3vsM4_12m,tertiles,Relative Disturbance,NEPmax,High,31,-0.40907,67.7,0.01757,0.1051,ns
M3vsM4_12m,tertiles,Relative Disturbance,WUE,High,31,-0.07983,58.1,0.08058,0.1949,ns
M3vsM4_12m,tertiles,Relative Disturbance,uWUE,High,31,-0.07805,64.5,0.1384,0.2595,ns
M3vsM4_12m,tertiles,Relative Disturbance,ETmax,Mid,31,-0.00099,71,0.02229,0.1051,ns
M3vsM4_12m,tertiles,Relative Disturbance,GPPsat,Mid,31,-0.24929,64.5,0.008633,0.0777,ns
M3vsM4_12m,tertiles,Relative Disturbance,NEPmax,Mid,31,-0.78543,71,0.0006776,0.01525,*
M3vsM4_12m,tertiles,Relative Disturbance,WUE,Mid,31,-0.04743,61.3,0.208,0.302,ns
M3vsM4_12m,tertiles,Relative Disturbance,uWUE,Mid,31,0.00263,48.4,0.2025,0.302,ns
M3vsM4_12m,tertiles,Relative Disturbance,ETmax,Low,31,0.00042,41.9,0.6561,0.7029,ns
M3vsM4_12m,tertiles,Relative Disturbance,GPPsat,Low,31,-0.04494,51.6,0.08355,0.1949,ns
M3vsM4_12m,tertiles,Relative Disturbance,NEPmax,Low,31,-0.15899,58.1,0.1863,0.2891,ns
M3vsM4_12m,tertiles,Relative Disturbance,WUE,Low,31,-0.03078,58.1,0.2685,0.3452,ns
M3vsM4_12m,tertiles,Relative Disturbance,uWUE,Low,31,0.01349,48.4,0.1863,0.2891,ns
M3vsM4_12m,equal_width,Absolute Mortality,ETmax,Mid,35,0.00075,40,0.9518,0.9518,ns
M3vsM4_12m,equal_width,Absolute Mortality,GPPsat,Mid,35,-0.24264,60,0.06698,0.1379,ns
M3vsM4_12m,equal_width,Absolute Mortality,NEPmax,Mid,35,-0.39595,71.4,0.005433,0.05214,ns
M3vsM4_12m,equal_width,Absolute Mortality,WUE,Mid,35,-0.08379,62.9,0.03645,0.09114,ns
M3vsM4_12m,equal_width,Absolute Mortality,uWUE,Mid,35,-0.07881,65.7,0.03269,0.09114,ns
M3vsM4_12m,equal_width,Absolute Mortality,ETmax,Low,53,-0.00039,56.6,0.142,0.226,ns
M3vsM4_12m,equal_width,Absolute Mortality,GPPsat,Low,53,-0.09046,56.6,0.009047,0.05214,ns
M3vsM4_12m,equal_width,Absolute Mortality,NEPmax,Low,53,-0.48666,60.4,0.01043,0.05214,ns
M3vsM4_12m,equal_width,Absolute Mortality,WUE,Low,53,-0.01058,54.7,0.4021,0.4813,ns
M3vsM4_12m,equal_width,Absolute Mortality,uWUE,Low,53,0.00263,47.2,0.2505,0.3373,ns
M3vsM4_12m,equal_width,Absolute Mortality,ETmax,High,5,0.00214,20,,,""
M3vsM4_12m,equal_width,Absolute Mortality,GPPsat,High,5,-0.69829,100,,,""
M3vsM4_12m,equal_width,Absolute Mortality,NEPmax,High,5,-0.7831,80,,,""
M3vsM4_12m,equal_width,Absolute Mortality,WUE,High,5,-0.07983,80,,,""
M3vsM4_12m,equal_width,Absolute Mortality,uWUE,High,5,0.01129,40,,,""
M3vsM4_12m,equal_width,Relative Mortality,ETmax,Mid,33,0.00075,39.4,0.948,0.9518,ns
M3vsM4_12m,equal_width,Relative Mortality,GPPsat,Mid,33,-0.20876,60.6,0.03286,0.09114,ns
M3vsM4_12m,equal_width,Relative Mortality,NEPmax,Mid,33,-0.39595,72.7,0.02083,0.081,ns
M3vsM4_12m,equal_width,Relative Mortality,WUE,Mid,33,0.01457,48.5,0.4361,0.4924,ns
M3vsM4_12m,equal_width,Relative Mortality,uWUE,Mid,33,-0.05442,60.6,0.2319,0.3247,ns
M3vsM4_12m,equal_width,Relative Mortality,ETmax,Low,53,-0.00066,54.7,0.2077,0.3029,ns
M3vsM4_12m,equal_width,Relative Mortality,GPPsat,Low,53,-0.22628,56.6,0.01043,0.05214,ns
M3vsM4_12m,equal_width,Relative Mortality,NEPmax,Low,53,-0.45224,60.4,0.007099,0.05214,ns
M3vsM4_12m,equal_width,Relative Mortality,WUE,Low,53,-0.04743,62.3,0.08228,0.1516,ns
M3vsM4_12m,equal_width,Relative Mortality,uWUE,Low,53,0.01349,47.2,0.106,0.1766,ns
M3vsM4_12m,equal_width,Relative Mortality,ETmax,High,7,0.00185,42.9,0.8237,0.901,ns
M3vsM4_12m,equal_width,Relative Mortality,GPPsat,High,7,-0.69829,85.7,0.1024,0.1766,ns
M3vsM4_12m,equal_width,Relative Mortality,NEPmax,High,7,-0.83811,71.4,0.03796,0.09114,ns
M3vsM4_12m,equal_width,Relative Mortality,WUE,High,7,-0.08411,85.7,0.02596,0.09085,ns
M3vsM4_12m,equal_width,Relative Mortality,uWUE,High,7,-0.12374,71.4,0.1763,0.2682,ns
M3vsM4_12m,equal_width,Relative Disturbance,ETmax,Mid,35,0.00075,37.1,0.9467,0.9518,ns
M3vsM4_12m,equal_width,Relative Disturbance,GPPsat,Mid,35,-0.10749,57.1,0.05333,0.1167,ns
M3vsM4_12m,equal_width,Relative Disturbance,NEPmax,Mid,35,-0.39595,71.4,0.01696,0.07419,ns
M3vsM4_12m,equal_width,Relative Disturbance,WUE,Mid,35,-0.03833,51.4,0.3998,0.4813,ns
M3vsM4_12m,equal_width,Relative Disturbance,uWUE,Mid,35,-0.0093,54.3,0.4125,0.4813,ns
M3vsM4_12m,equal_width,Relative Disturbance,ETmax,Low,53,-0.00066,54.7,0.3195,0.4141,ns
M3vsM4_12m,equal_width,Relative Disturbance,GPPsat,Low,53,-0.24264,60.4,0.004391,0.05214,ns
M3vsM4_12m,equal_width,Relative Disturbance,NEPmax,Low,53,-0.45224,60.4,0.007099,0.05214,ns
M3vsM4_12m,equal_width,Relative Disturbance,WUE,Low,53,-0.04743,62.3,0.07327,0.1425,ns
M3vsM4_12m,equal_width,Relative Disturbance,uWUE,Low,53,-0.01567,50.9,0.03906,0.09114,ns
M3vsM4_12m,equal_width,Relative Disturbance,ETmax,High,5,-3e-05,60,,,""
M3vsM4_12m,equal_width,Relative Disturbance,GPPsat,High,5,-1.06429,80,,,""
M3vsM4_12m,equal_width,Relative Disturbance,NEPmax,High,5,-1.31018,80,,,""
M3vsM4_12m,equal_width,Relative Disturbance,WUE,High,5,-0.25212,80,,,""
M3vsM4_12m,equal_width,Relative Disturbance,uWUE,High,5,-0.21583,80,,,""
M3vsM4_12m,natural_breaks,Absolute Mortality,ETmax,High,20,0.00197,30,0.9677,0.984,ns
M3vsM4_12m,natural_breaks,Absolute Mortality,GPPsat,High,20,-0.5728,75,0.01084,0.09532,ns
M3vsM4_12m,natural_breaks,Absolute Mortality,NEPmax,High,20,-0.67283,75,0.01317,0.09532,ns
M3vsM4_12m,natural_breaks,Absolute Mortality,WUE,High,20,-0.06481,60,0.1198,0.2073,ns
M3vsM4_12m,natural_breaks,Absolute Mortality,uWUE,High,20,-0.06624,65,0.1055,0.2073,ns
M3vsM4_12m,natural_breaks,Absolute Mortality,ETmax,Mid,43,-4e-05,51.2,0.56,0.6146,ns
M3vsM4_12m,natural_breaks,Absolute Mortality,GPPsat,Mid,43,-0.24264,60.5,0.02094,0.09734,ns
M3vsM4_12m,natural_breaks,Absolute Mortality,NEPmax,Mid,43,-0.32605,60.5,0.02631,0.09866,ns
M3vsM4_12m,natural_breaks,Absolute Mortality,WUE,Mid,43,-0.05967,60.5,0.1125,0.2073,ns
M3vsM4_12m,natural_breaks,Absolute Mortality,uWUE,Mid,43,-0.05766,55.8,0.1125,0.2073,ns
M3vsM4_12m,natural_breaks,Absolute Mortality,ETmax,Low,30,-0.00087,56.7,0.1882,0.2823,ns
M3vsM4_12m,natural_breaks,Absolute Mortality,GPPsat,Low,30,-0.0113,50,0.1164,0.2073,ns
M3vsM4_12m,natural_breaks,Absolute Mortality,NEPmax,Low,30,-0.47606,66.7,0.01387,0.09532,ns
M3vsM4_12m,natural_breaks,Absolute Mortality,WUE,Low,30,-0.01046,56.7,0.3867,0.4462,ns
M3vsM4_12m,natural_breaks,Absolute Mortality,uWUE,Low,30,0.0253,43.3,0.3867,0.4462,ns
M3vsM4_12m,natural_breaks,Relative Mortality,ETmax,High,26,0.00136,34.6,0.9716,0.984,ns
M3vsM4_12m,natural_breaks,Relative Mortality,GPPsat,High,26,-0.37522,69.2,0.02379,0.09734,ns
M3vsM4_12m,natural_breaks,Relative Mortality,NEPmax,High,26,-0.40251,65.4,0.03009,0.1042,ns
M3vsM4_12m,natural_breaks,Relative Mortality,WUE,High,26,-0.06824,57.7,0.1021,0.2073,ns
M3vsM4_12m,natural_breaks,Relative Mortality,uWUE,High,26,-0.06624,65.4,0.07036,0.1863,ns
M3vsM4_12m,natural_breaks,Relative Mortality,ETmax,Mid,32,-0.00076,62.5,0.208,0.2925,ns
M3vsM4_12m,natural_breaks,Relative Mortality,GPPsat,Mid,32,-0.2257,56.2,0.05289,0.1488,ns
M3vsM4_12m,natural_breaks,Relative Mortality,NEPmax,Mid,32,-0.7809,68.8,0.008135,0.09532,ns
M3vsM4_12m,natural_breaks,Relative Mortality,WUE,Mid,32,-0.05355,59.4,0.3101,0.3772,ns
M3vsM4_12m,natural_breaks,Relative Mortality,uWUE,Mid,32,-0.00068,50,0.2842,0.3553,ns
M3vsM4_12m,natural_breaks,Relative Mortality,ETmax,Low,35,0.00028,45.7,0.5163,0.5809,ns
M3vsM4_12m,natural_breaks,Relative Mortality,GPPsat,Low,35,-0.22628,57.1,0.0224,0.09734,ns
M3vsM4_12m,natural_breaks,Relative Mortality,NEPmax,Low,35,-0.45224,62.9,0.03516,0.113,ns
M3vsM4_12m,natural_breaks,Relative Mortality,WUE,Low,35,-0.03078,60,0.1649,0.2559,ns
M3vsM4_12m,natural_breaks,Relative Mortality,uWUE,Low,35,0.01349,48.6,0.1492,0.2397,ns
M3vsM4_12m,natural_breaks,Relative Disturbance,ETmax,Mid,35,-7e-04,62.9,0.04659,0.1398,ns
M3vsM4_12m,natural_breaks,Relative Disturbance,GPPsat,Mid,35,-0.24929,62.9,0.01766,0.09734,ns
M3vsM4_12m,natural_breaks,Relative Disturbance,NEPmax,Mid,35,-0.77637,74.3,0.0009551,0.04298,*
M3vsM4_12m,natural_breaks,Relative Disturbance,WUE,Mid,35,-0.04743,57.1,0.1995,0.2895,ns
M3vsM4_12m,natural_breaks,Relative Disturbance,uWUE,Mid,35,-0.01567,54.3,0.138,0.23,ns
M3vsM4_12m,natural_breaks,Relative Disturbance,ETmax,Low,35,0.00042,42.9,0.7358,0.7884,ns
M3vsM4_12m,natural_breaks,Relative Disturbance,GPPsat,Low,35,-0.04494,51.4,0.0759,0.1898,ns
M3vsM4_12m,natural_breaks,Relative Disturbance,NEPmax,Low,35,-0.1031,54.3,0.2231,0.2953,ns
M3vsM4_12m,natural_breaks,Relative Disturbance,WUE,Low,35,-0.03078,60,0.2183,0.2953,ns
M3vsM4_12m,natural_breaks,Relative Disturbance,uWUE,Low,35,0.01762,45.7,0.233,0.2996,ns
M3vsM4_12m,natural_breaks,Relative Disturbance,ETmax,High,23,0.00171,34.8,0.984,0.984,ns
M3vsM4_12m,natural_breaks,Relative Disturbance,GPPsat,High,23,-0.48265,69.6,0.01483,0.09532,ns
M3vsM4_12m,natural_breaks,Relative Disturbance,NEPmax,High,23,-0.72251,69.6,0.00848,0.09532,ns
M3vsM4_12m,natural_breaks,Relative Disturbance,WUE,High,23,-0.07983,60.9,0.09807,0.2073,ns
M3vsM4_12m,natural_breaks,Relative Disturbance,uWUE,High,23,-0.05442,65.2,0.08795,0.2073,ns
M3vsM4_24m,tertiles,Absolute Mortality,ETmax,High,31,0.00058,38.7,0.8137,0.8718,ns
M3vsM4_24m,tertiles,Absolute Mortality,GPPsat,High,31,-0.54672,77.4,0.005274,0.03792,*
M3vsM4_24m,tertiles,Absolute Mortality,NEPmax,High,31,-0.69076,83.9,0.0001389,0.006251,**
M3vsM4_24m,tertiles,Absolute Mortality,WUE,High,31,-0.08802,61.3,0.04143,0.1332,ns
M3vsM4_24m,tertiles,Absolute Mortality,uWUE,High,31,-0.06632,61.3,0.09626,0.2063,ns
M3vsM4_24m,tertiles,Absolute Mortality,ETmax,Mid,31,0.00031,45.2,0.8528,0.8924,ns
M3vsM4_24m,tertiles,Absolute Mortality,GPPsat,Mid,31,-0.35346,61.3,0.05963,0.1491,ns
M3vsM4_24m,tertiles,Absolute Mortality,NEPmax,Mid,31,-0.15778,58.1,0.1341,0.2395,ns
M3vsM4_24m,tertiles,Absolute Mortality,WUE,Mid,31,-0.05338,61.3,0.1384,0.2395,ns
M3vsM4_24m,tertiles,Absolute Mortality,uWUE,Mid,31,-0.02704,54.8,0.2372,0.314,ns
M3vsM4_24m,tertiles,Absolute Mortality,ETmax,Low,31,-0.00089,58.1,0.197,0.2686,ns
M3vsM4_24m,tertiles,Absolute Mortality,GPPsat,Low,31,-0.03589,51.6,0.06692,0.1564,ns
M3vsM4_24m,tertiles,Absolute Mortality,NEPmax,Low,31,-0.18474,77.4,0.002047,0.0307,*
M3vsM4_24m,tertiles,Absolute Mortality,WUE,Low,31,-0.00905,67.7,0.2495,0.3197,ns
M3vsM4_24m,tertiles,Absolute Mortality,uWUE,Low,31,-0.01031,61.3,0.3658,0.4221,ns
M3vsM4_24m,tertiles,Relative Mortality,ETmax,High,31,0.00058,32.3,0.9356,0.9356,ns
M3vsM4_24m,tertiles,Relative Mortality,GPPsat,High,31,-0.35346,74.2,0.01444,0.0683,ns
M3vsM4_24m,tertiles,Relative Mortality,NEPmax,High,31,-0.33608,71,0.005899,0.03792,*
M3vsM4_24m,tertiles,Relative Mortality,WUE,High,31,-0.08396,58.1,0.05963,0.1491,ns
M3vsM4_24m,tertiles,Relative Mortality,uWUE,High,31,-0.05466,61.3,0.1472,0.2454,ns
M3vsM4_24m,tertiles,Relative Mortality,ETmax,Mid,31,-0.00012,51.6,0.4339,0.4881,ns
M3vsM4_24m,tertiles,Relative Mortality,GPPsat,Mid,31,-0.51667,64.5,0.03346,0.1255,ns
M3vsM4_24m,tertiles,Relative Mortality,NEPmax,Mid,31,-0.59935,77.4,0.002778,0.03125,*
M3vsM4_24m,tertiles,Relative Mortality,WUE,Mid,31,-0.04524,64.5,0.1218,0.2383,ns
M3vsM4_24m,tertiles,Relative Mortality,uWUE,Mid,31,-0.02704,58.1,0.275,0.3345,ns
M3vsM4_24m,tertiles,Relative Mortality,ETmax,Low,31,-0.00074,58.1,0.3368,0.3988,ns
M3vsM4_24m,tertiles,Relative Mortality,GPPsat,Low,31,-0.12342,51.6,0.04887,0.1466,ns
M3vsM4_24m,tertiles,Relative Mortality,NEPmax,Low,31,-0.23262,71,0.01518,0.0683,ns
M3vsM4_24m,tertiles,Relative Mortality,WUE,Low,31,-0.00905,67.7,0.1709,0.2686,ns
M3vsM4_24m,tertiles,Relative Mortality,uWUE,Low,31,-0.00619,58.1,0.197,0.2686,ns
M3vsM4_24m,tertiles,Relative Disturbance,ETmax,High,31,0.00056,32.3,0.9356,0.9356,ns
M3vsM4_24m,tertiles,Relative Disturbance,GPPsat,High,31,-0.52115,71,0.01242,0.0683,ns
M3vsM4_24m,tertiles,Relative Disturbance,NEPmax,High,31,-0.57856,71,0.004198,0.03778,*
M3vsM4_24m,tertiles,Relative Disturbance,WUE,High,31,-0.02406,58.1,0.0695,0.1564,ns
M3vsM4_24m,tertiles,Relative Disturbance,uWUE,High,31,-0.05466,61.3,0.1811,0.2686,ns
M3vsM4_24m,tertiles,Relative Disturbance,ETmax,Mid,31,-0.00033,54.8,0.1141,0.2333,ns
M3vsM4_24m,tertiles,Relative Disturbance,GPPsat,Mid,31,-0.34865,71,0.01935,0.07915,ns
M3vsM4_24m,tertiles,Relative Disturbance,NEPmax,Mid,31,-0.59935,77.4,0.001232,0.02773,*
M3vsM4_24m,tertiles,Relative Disturbance,WUE,Mid,31,-0.05338,64.5,0.1299,0.2395,ns
M3vsM4_24m,tertiles,Relative Disturbance,uWUE,Mid,31,-0.02955,58.1,0.1811,0.2686,ns
M3vsM4_24m,tertiles,Relative Disturbance,ETmax,Low,31,-0.00037,54.8,0.7379,0.8099,ns
M3vsM4_24m,tertiles,Relative Disturbance,GPPsat,Low,31,0.00541,48.4,0.05963,0.1491,ns
M3vsM4_24m,tertiles,Relative Disturbance,NEPmax,Low,31,-0.18474,71,0.03648,0.1263,ns
M3vsM4_24m,tertiles,Relative Disturbance,WUE,Low,31,-0.00905,67.7,0.1863,0.2686,ns
M3vsM4_24m,tertiles,Relative Disturbance,uWUE,Low,31,-0.00619,58.1,0.2558,0.3197,ns
M3vsM4_24m,equal_width,Absolute Mortality,ETmax,Mid,35,0.00076,31.4,0.9868,0.9868,ns
M3vsM4_24m,equal_width,Absolute Mortality,GPPsat,Mid,35,-0.34561,65.7,0.06698,0.1389,ns
M3vsM4_24m,equal_width,Absolute Mortality,NEPmax,Mid,35,-0.59935,74.3,0.001556,0.01857,*
M3vsM4_24m,equal_width,Absolute Mortality,WUE,Mid,35,-0.0617,62.9,0.03645,0.09111,ns
M3vsM4_24m,equal_width,Absolute Mortality,uWUE,Mid,35,-0.05482,65.7,0.03269,0.08801,ns
M3vsM4_24m,equal_width,Absolute Mortality,ETmax,Low,53,-0.00066,56.6,0.1928,0.3035,ns
M3vsM4_24m,equal_width,Absolute Mortality,GPPsat,Low,53,-0.24851,58.5,0.003853,0.02499,*
M3vsM4_24m,equal_width,Absolute Mortality,NEPmax,Low,53,-0.23144,69.8,0.002122,0.01857,*
M3vsM4_24m,equal_width,Absolute Mortality,WUE,Low,53,-0.02406,62.3,0.2394,0.3352,ns
M3vsM4_24m,equal_width,Absolute Mortality,uWUE,Low,53,-0.01031,56.6,0.2977,0.3858,ns
M3vsM4_24m,equal_width,Absolute Mortality,ETmax,High,5,-0.00113,60,,,""
M3vsM4_24m,equal_width,Absolute Mortality,GPPsat,High,5,-0.53593,100,,,""
M3vsM4_24m,equal_width,Absolute Mortality,NEPmax,High,5,-0.346,100,,,""
M3vsM4_24m,equal_width,Absolute Mortality,WUE,High,5,-0.08802,80,,,""
M3vsM4_24m,equal_width,Absolute Mortality,uWUE,High,5,0.0323,40,,,""
M3vsM4_24m,equal_width,Relative Mortality,ETmax,Mid,33,0.00058,27.3,0.9743,0.9868,ns
M3vsM4_24m,equal_width,Relative Mortality,GPPsat,Mid,33,-0.35346,72.7,0.0111,0.03936,*
M3vsM4_24m,equal_width,Relative Mortality,NEPmax,Mid,33,-0.57856,69.7,0.005878,0.02939,*
M3vsM4_24m,equal_width,Relative Mortality,WUE,Mid,33,-0.02406,54.5,0.2265,0.3303,ns
M3vsM4_24m,equal_width,Relative Mortality,uWUE,Mid,33,-0.03736,57.6,0.3943,0.4601,ns
M3vsM4_24m,equal_width,Relative Mortality,ETmax,Low,53,-0.00048,58.5,0.375,0.4526,ns
M3vsM4_24m,equal_width,Relative Mortality,GPPsat,Low,53,-0.24851,54.7,0.01438,0.04557,*
M3vsM4_24m,equal_width,Relative Mortality,NEPmax,Low,53,-0.23262,71.7,0.002063,0.01857,*
M3vsM4_24m,equal_width,Relative Mortality,WUE,Low,53,-0.0307,67.9,0.07451,0.1389,ns
M3vsM4_24m,equal_width,Relative Mortality,uWUE,Low,53,-0.02279,58.5,0.1076,0.1793,ns
M3vsM4_24m,equal_width,Relative Mortality,ETmax,High,7,-0.00059,57.1,0.3363,0.4204,ns
M3vsM4_24m,equal_width,Relative Mortality,GPPsat,High,7,-0.53593,85.7,0.1024,0.1793,ns
M3vsM4_24m,equal_width,Relative Mortality,NEPmax,High,7,-0.78226,100,0.01125,0.03936,*
M3vsM4_24m,equal_width,Relative Mortality,WUE,High,7,-0.1048,71.4,0.07539,0.1389,ns
M3vsM4_24m,equal_width,Relative Mortality,uWUE,High,7,-0.13354,71.4,0.2771,0.373,ns
M3vsM4_24m,equal_width,Relative Disturbance,ETmax,Mid,35,0.00058,31.4,0.9411,0.9868,ns
M3vsM4_24m,equal_width,Relative Disturbance,GPPsat,Mid,35,-0.34561,71.4,0.01563,0.04557,*
M3vsM4_24m,equal_width,Relative Disturbance,NEPmax,Mid,35,-0.346,71.4,0.004284,0.02499,*
M3vsM4_24m,equal_width,Relative Disturbance,WUE,Mid,35,-0.02406,54.3,0.1995,0.3035,ns
M3vsM4_24m,equal_width,Relative Disturbance,uWUE,Mid,35,-0.02279,54.3,0.5359,0.5861,ns
M3vsM4_24m,equal_width,Relative Disturbance,ETmax,Low,53,-0.00037,56.6,0.4297,0.4852,ns
M3vsM4_24m,equal_width,Relative Disturbance,GPPsat,Low,53,-0.27241,56.6,0.007276,0.03183,*
M3vsM4_24m,equal_width,Relative Disturbance,NEPmax,Low,53,-0.23262,71.7,0.001554,0.01857,*
M3vsM4_24m,equal_width,Relative Disturbance,WUE,Low,53,-0.0307,67.9,0.07205,0.1389,ns
M3vsM4_24m,equal_width,Relative Disturbance,uWUE,Low,53,-0.02955,60.4,0.06617,0.1389,ns
M3vsM4_24m,equal_width,Relative Disturbance,ETmax,High,5,-0.00059,60,,,""
M3vsM4_24m,equal_width,Relative Disturbance,GPPsat,High,5,-1.10467,80,,,""
M3vsM4_24m,equal_width,Relative Disturbance,NEPmax,High,5,-1.51134,100,,,""
M3vsM4_24m,equal_width,Relative Disturbance,WUE,High,5,-0.19234,80,,,""
M3vsM4_24m,equal_width,Relative Disturbance,uWUE,High,5,-0.18594,80,,,""
M3vsM4_24m,natural_breaks,Absolute Mortality,ETmax,High,20,0.00065,40,0.7432,0.8157,ns
M3vsM4_24m,natural_breaks,Absolute Mortality,GPPsat,High,20,-0.52854,75,0.02094,0.06925,ns
M3vsM4_24m,natural_breaks,Absolute Mortality,NEPmax,High,20,-0.51838,85,0.002707,0.03089,*
M3vsM4_24m,natural_breaks,Absolute Mortality,WUE,High,20,-0.04314,55,0.1437,0.2309,ns
M3vsM4_24m,natural_breaks,Absolute Mortality,uWUE,High,20,-0.07455,60,0.1523,0.2363,ns
M3vsM4_24m,natural_breaks,Absolute Mortality,ETmax,Mid,43,0.00027,44.2,0.8126,0.8504,ns
M3vsM4_24m,natural_breaks,Absolute Mortality,GPPsat,Mid,43,-0.51667,67.4,0.007999,0.045,*
M3vsM4_24m,natural_breaks,Absolute Mortality,NEPmax,Mid,43,-0.57856,65.1,0.0142,0.05811,ns
M3vsM4_24m,natural_breaks,Absolute Mortality,WUE,Mid,43,-0.0579,65.1,0.04051,0.1139,ns
M3vsM4_24m,natural_breaks,Absolute Mortality,uWUE,Mid,43,-0.03736,58.1,0.1102,0.2144,ns
M3vsM4_24m,natural_breaks,Absolute Mortality,ETmax,Low,30,-0.00063,56.7,0.2619,0.3367,ns
M3vsM4_24m,natural_breaks,Absolute Mortality,GPPsat,Low,30,-0.01524,50,0.1048,0.2144,ns
M3vsM4_24m,natural_breaks,Absolute Mortality,NEPmax,Low,30,-0.18272,76.7,0.002745,0.03089,*
M3vsM4_24m,natural_breaks,Absolute Mortality,WUE,Low,30,-0.00826,66.7,0.2893,0.3617,ns
M3vsM4_24m,natural_breaks,Absolute Mortality,uWUE,Low,30,-0.00825,60,0.4185,0.4956,ns
M3vsM4_24m,natural_breaks,Relative Mortality,ETmax,High,26,0.00065,34.6,0.8837,0.9038,ns
M3vsM4_24m,natural_breaks,Relative Mortality,GPPsat,High,26,-0.4373,73.1,0.01644,0.06167,ns
M3vsM4_24m,natural_breaks,Relative Mortality,NEPmax,High,26,-0.34104,73.1,0.006877,0.04421,*
M3vsM4_24m,natural_breaks,Relative Mortality,WUE,High,26,-0.05401,57.7,0.05767,0.1442,ns
M3vsM4_24m,natural_breaks,Relative Mortality,uWUE,High,26,-0.06448,61.5,0.1374,0.229,ns
M3vsM4_24m,natural_breaks,Relative Mortality,ETmax,Mid,32,0.00017,46.9,0.4295,0.4956,ns
M3vsM4_24m,natural_breaks,Relative Mortality,GPPsat,Mid,32,-0.38524,65.6,0.0402,0.1139,ns
M3vsM4_24m,natural_breaks,Relative Mortality,NEPmax,Mid,32,-0.58896,71.9,0.005643,0.04232,*
M3vsM4_24m,natural_breaks,Relative Mortality,WUE,Mid,32,-0.04423,62.5,0.2358,0.3215,ns
M3vsM4_24m,natural_breaks,Relative Mortality,uWUE,Mid,32,-0.0283,59.4,0.3101,0.3772,ns
M3vsM4_24m,natural_breaks,Relative Mortality,ETmax,Low,35,-0.00048,57.1,0.4902,0.5515,ns
M3vsM4_24m,natural_breaks,Relative Mortality,GPPsat,Low,35,-0.24851,54.3,0.02155,0.06925,ns
M3vsM4_24m,natural_breaks,Relative Mortality,NEPmax,Low,35,-0.23262,74.3,0.004715,0.04232,*
M3vsM4_24m,natural_breaks,Relative Mortality,WUE,Low,35,-0.02581,68.6,0.1112,0.2144,ns
M3vsM4_24m,natural_breaks,Relative Mortality,uWUE,Low,35,-0.00619,57.1,0.186,0.27,ns
M3vsM4_24m,natural_breaks,Relative Disturbance,ETmax,Mid,35,-0.00012,51.4,0.1241,0.2234,ns
M3vsM4_24m,natural_breaks,Relative Disturbance,GPPsat,Mid,35,-0.34865,71.4,0.01268,0.05708,ns
M3vsM4_24m,natural_breaks,Relative Disturbance,NEPmax,Mid,35,-0.57856,74.3,0.002485,0.03089,*
M3vsM4_24m,natural_breaks,Relative Disturbance,WUE,Mid,35,-0.04524,62.9,0.1143,0.2144,ns
M3vsM4_24m,natural_breaks,Relative Disturbance,uWUE,Mid,35,-0.02955,60,0.2281,0.3207,ns
M3vsM4_24m,natural_breaks,Relative Disturbance,ETmax,Low,35,-0.00017,54.3,0.767,0.8217,ns
M3vsM4_24m,natural_breaks,Relative Disturbance,GPPsat,Low,35,0.03705,45.7,0.08069,0.1911,ns
M3vsM4_24m,natural_breaks,Relative Disturbance,NEPmax,Low,35,-0.18474,68.6,0.04348,0.1151,ns
M3vsM4_24m,natural_breaks,Relative Disturbance,WUE,Low,35,-0.02029,68.6,0.1649,0.2473,ns
M3vsM4_24m,natural_breaks,Relative Disturbance,uWUE,Low,35,-0.00619,57.1,0.2483,0.3287,ns
M3vsM4_24m,natural_breaks,Relative Disturbance,ETmax,High,23,0.00058,30.4,0.9214,0.9214,ns
M3vsM4_24m,natural_breaks,Relative Disturbance,GPPsat,High,23,-0.53593,78.3,0.01083,0.05414,ns
M3vsM4_24m,natural_breaks,Relative Disturbance,NEPmax,High,23,-0.60064,78.3,0.001368,0.03089,*
M3vsM4_24m,natural_breaks,Relative Disturbance,WUE,High,23,-0.02406,56.5,0.1034,0.2144,ns
M3vsM4_24m,natural_breaks,Relative Disturbance,uWUE,High,23,-0.05466,60.9,0.1335,0.229,ns
M5vsM6_raw_12m,tertiles,Absolute Mortality,ETmax,High,31,-0.00048,58.1,0.2495,0.9595,ns
M5vsM6_raw_12m,tertiles,Absolute Mortality,GPPsat,High,31,0.09502,32.3,0.9331,0.9791,ns
M5vsM6_raw_12m,tertiles,Absolute Mortality,NEPmax,High,31,0.01701,45.2,0.7117,0.9791,ns
M5vsM6_raw_12m,tertiles,Absolute Mortality,WUE,High,31,-0.00712,61.3,0.3439,0.9595,ns
M5vsM6_raw_12m,tertiles,Absolute Mortality,uWUE,High,31,0.00962,35.5,0.9004,0.9791,ns
M5vsM6_raw_12m,tertiles,Absolute Mortality,ETmax,Mid,31,0,48.4,0.7975,0.9791,ns
M5vsM6_raw_12m,tertiles,Absolute Mortality,GPPsat,Mid,31,0.00182,48.4,0.5117,0.9595,ns
M5vsM6_raw_12m,tertiles,Absolute Mortality,NEPmax,Mid,31,0.05143,48.4,0.6982,0.9791,ns
M5vsM6_raw_12m,tertiles,Absolute Mortality,WUE,Mid,31,-0.00608,51.6,0.2253,0.9595,ns
M5vsM6_raw_12m,tertiles,Absolute Mortality,uWUE,Mid,31,0.00411,45.2,0.7505,0.9791,ns
M5vsM6_raw_12m,tertiles,Absolute Mortality,ETmax,Low,31,-8e-05,51.6,0.1341,0.8896,ns
M5vsM6_raw_12m,tertiles,Absolute Mortality,GPPsat,Low,31,-0.0363,54.8,0.5351,0.9632,ns
M5vsM6_raw_12m,tertiles,Absolute Mortality,NEPmax,Low,31,-0.01408,54.8,0.4185,0.9595,ns
M5vsM6_raw_12m,tertiles,Absolute Mortality,WUE,Low,31,-0.0153,54.8,0.1612,0.9066,ns
M5vsM6_raw_12m,tertiles,Absolute Mortality,uWUE,Low,31,-0.0013,51.6,0.4493,0.9595,ns
M5vsM6_raw_12m,tertiles,Relative Mortality,ETmax,High,31,0.00072,38.7,0.9004,0.9791,ns
M5vsM6_raw_12m,tertiles,Relative Mortality,GPPsat,High,31,0.08153,41.9,0.7184,0.9791,ns
M5vsM6_raw_12m,tertiles,Relative Mortality,NEPmax,High,31,0.01701,48.4,0.725,0.9791,ns
M5vsM6_raw_12m,tertiles,Relative Mortality,WUE,High,31,-0.00747,58.1,0.4493,0.9595,ns
M5vsM6_raw_12m,tertiles,Relative Mortality,uWUE,High,31,0.00774,38.7,0.792,0.9791,ns
M5vsM6_raw_12m,tertiles,Relative Mortality,ETmax,Mid,31,-0.00098,71,0.01518,0.3587,ns
M5vsM6_raw_12m,tertiles,Relative Mortality,GPPsat,Mid,31,0.09502,29,0.9893,0.9893,ns
M5vsM6_raw_12m,tertiles,Relative Mortality,NEPmax,Mid,31,0.13701,41.9,0.9356,0.9791,ns
M5vsM6_raw_12m,tertiles,Relative Mortality,WUE,Mid,31,0.00682,45.2,0.4883,0.9595,ns
M5vsM6_raw_12m,tertiles,Relative Mortality,uWUE,Mid,31,0.0142,35.5,0.907,0.9791,ns
M5vsM6_raw_12m,tertiles,Relative Mortality,ETmax,Low,31,0.00011,48.4,0.4649,0.9595,ns
M5vsM6_raw_12m,tertiles,Relative Mortality,GPPsat,Low,31,-0.12074,64.5,0.1384,0.8896,ns
M5vsM6_raw_12m,tertiles,Relative Mortality,NEPmax,Low,31,-0.07519,58.1,0.09965,0.8896,ns
M5vsM6_raw_12m,tertiles,Relative Mortality,WUE,Low,31,-0.01583,64.5,0.02679,0.4018,ns
M5vsM6_raw_12m,tertiles,Relative Mortality,uWUE,Low,31,-0.00272,58.1,0.3732,0.9595,ns
M5vsM6_raw_12m,tertiles,Relative Disturbance,ETmax,High,31,0.00059,41.9,0.8572,0.9791,ns
M5vsM6_raw_12m,tertiles,Relative Disturbance,GPPsat,High,31,0.09502,38.7,0.8528,0.9791,ns
M5vsM6_raw_12m,tertiles,Relative Disturbance,NEPmax,High,31,-0.00996,51.6,0.6043,0.9791,ns
M5vsM6_raw_12m,tertiles,Relative Disturbance,WUE,High,31,-0.0042,54.8,0.4493,0.9595,ns
M5vsM6_raw_12m,tertiles,Relative Disturbance,uWUE,High,31,0.01987,29,0.9824,0.9893,ns
M5vsM6_raw_12m,tertiles,Relative Disturbance,ETmax,Mid,31,-0.00098,64.5,0.01594,0.3587,ns
M5vsM6_raw_12m,tertiles,Relative Disturbance,GPPsat,Mid,31,0.01608,41.9,0.7806,0.9791,ns
M5vsM6_raw_12m,tertiles,Relative Disturbance,NEPmax,Mid,31,0.11647,41.9,0.8189,0.9791,ns
M5vsM6_raw_12m,tertiles,Relative Disturbance,WUE,Mid,31,-0.01011,61.3,0.04503,0.5066,ns
M5vsM6_raw_12m,tertiles,Relative Disturbance,uWUE,Mid,31,0.00076,48.4,0.275,0.9595,ns
M5vsM6_raw_12m,tertiles,Relative Disturbance,ETmax,Low,31,-8e-05,51.6,0.5039,0.9595,ns
M5vsM6_raw_12m,tertiles,Relative Disturbance,GPPsat,Low,31,-0.0972,54.8,0.4416,0.9595,ns
M5vsM6_raw_12m,tertiles,Relative Disturbance,NEPmax,Low,31,-0.04154,54.8,0.3018,0.9595,ns
M5vsM6_raw_12m,tertiles,Relative Disturbance,WUE,Low,31,-0.00013,51.6,0.3585,0.9595,ns
M5vsM6_raw_12m,tertiles,Relative Disturbance,uWUE,Low,31,-0.00272,54.8,0.6415,0.9791,ns
M5vsM6_raw_12m,equal_width,Absolute Mortality,ETmax,Mid,35,-9e-05,54.3,0.4125,0.9288,ns
M5vsM6_raw_12m,equal_width,Absolute Mortality,GPPsat,Mid,35,0.08153,37.1,0.943,0.9458,ns
M5vsM6_raw_12m,equal_width,Absolute Mortality,NEPmax,Mid,35,0.08037,42.9,0.8888,0.9458,ns
M5vsM6_raw_12m,equal_width,Absolute Mortality,WUE,Mid,35,-0.0042,54.3,0.4837,0.9288,ns
M5vsM6_raw_12m,equal_width,Absolute Mortality,uWUE,Mid,35,0.00877,34.3,0.8825,0.9458,ns
M5vsM6_raw_12m,equal_width,Absolute Mortality,ETmax,Low,53,-2e-05,50.9,0.3069,0.9288,ns
M5vsM6_raw_12m,equal_width,Absolute Mortality,GPPsat,Low,53,-0.01254,52.8,0.3484,0.9288,ns
M5vsM6_raw_12m,equal_width,Absolute Mortality,NEPmax,Low,53,-0.01408,52.8,0.4193,0.9288,ns
M5vsM6_raw_12m,equal_width,Absolute Mortality,WUE,Low,53,-0.0072,56.6,0.07205,0.9288,ns
M5vsM6_raw_12m,equal_width,Absolute Mortality,uWUE,Low,53,0.00205,49.1,0.69,0.9288,ns
M5vsM6_raw_12m,equal_width,Absolute Mortality,ETmax,High,5,-0.00165,60,,,""
M5vsM6_raw_12m,equal_width,Absolute Mortality,GPPsat,High,5,0.21939,20,,,""
M5vsM6_raw_12m,equal_width,Absolute Mortality,NEPmax,High,5,-0.09146,60,,,""
M5vsM6_raw_12m,equal_width,Absolute Mortality,WUE,High,5,-0.00062,60,,,""
M5vsM6_raw_12m,equal_width,Absolute Mortality,uWUE,High,5,-0.00608,60,,,""
M5vsM6_raw_12m,equal_width,Relative Mortality,ETmax,Mid,33,4e-05,48.5,0.4929,0.9288,ns
M5vsM6_raw_12m,equal_width,Relative Mortality,GPPsat,Mid,33,0.01608,42.4,0.6125,0.9288,ns
M5vsM6_raw_12m,equal_width,Relative Mortality,NEPmax,Mid,33,-0.00996,51.5,0.5988,0.9288,ns
M5vsM6_raw_12m,equal_width,Relative Mortality,WUE,Mid,33,-0.00747,57.6,0.2659,0.9288,ns
M5vsM6_raw_12m,equal_width,Relative Mortality,uWUE,Mid,33,0.01431,30.3,0.9356,0.9458,ns
M5vsM6_raw_12m,equal_width,Relative Mortality,ETmax,Low,53,-0.00037,58.5,0.0921,0.9288,ns
M5vsM6_raw_12m,equal_width,Relative Mortality,GPPsat,Low,53,-0.00064,50.9,0.6081,0.9288,ns
M5vsM6_raw_12m,equal_width,Relative Mortality,NEPmax,Low,53,0.05143,47.2,0.6581,0.9288,ns
M5vsM6_raw_12m,equal_width,Relative Mortality,WUE,Low,53,-0.00608,54.7,0.1267,0.9288,ns
M5vsM6_raw_12m,equal_width,Relative Mortality,uWUE,Low,53,-0.00101,52.8,0.4965,0.9288,ns
M5vsM6_raw_12m,equal_width,Relative Mortality,ETmax,High,7,0.00295,28.6,0.9458,0.9458,ns
M5vsM6_raw_12m,equal_width,Relative Mortality,GPPsat,High,7,0.22742,14.3,0.9246,0.9458,ns
M5vsM6_raw_12m,equal_width,Relative Mortality,NEPmax,High,7,-0.07862,57.1,0.3999,0.9288,ns
M5vsM6_raw_12m,equal_width,Relative Mortality,WUE,High,7,-0.00062,57.1,0.5337,0.9288,ns
M5vsM6_raw_12m,equal_width,Relative Mortality,uWUE,High,7,0.00399,42.9,0.6637,0.9288,ns
M5vsM6_raw_12m,equal_width,Relative Disturbance,ETmax,Mid,35,4e-05,48.6,0.4317,0.9288,ns
M5vsM6_raw_12m,equal_width,Relative Disturbance,GPPsat,Mid,35,0.09502,37.1,0.8583,0.9458,ns
M5vsM6_raw_12m,equal_width,Relative Disturbance,NEPmax,Mid,35,0.05224,48.6,0.767,0.9458,ns
M5vsM6_raw_12m,equal_width,Relative Disturbance,WUE,Mid,35,-0.00747,57.1,0.2695,0.9288,ns
M5vsM6_raw_12m,equal_width,Relative Disturbance,uWUE,Mid,35,0.00877,37.1,0.8825,0.9458,ns
M5vsM6_raw_12m,equal_width,Relative Disturbance,ETmax,Low,53,-0.00037,58.5,0.1213,0.9288,ns
M5vsM6_raw_12m,equal_width,Relative Disturbance,GPPsat,Low,53,-0.01254,52.8,0.4542,0.9288,ns
M5vsM6_raw_12m,equal_width,Relative Disturbance,NEPmax,Low,53,-0.01408,50.9,0.3987,0.9288,ns
M5vsM6_raw_12m,equal_width,Relative Disturbance,WUE,Low,53,-0.00608,54.7,0.1522,0.9288,ns
M5vsM6_raw_12m,equal_width,Relative Disturbance,uWUE,Low,53,0.00076,49.1,0.6678,0.9288,ns
M5vsM6_raw_12m,equal_width,Relative Disturbance,ETmax,High,5,0.00295,20,,,""
M5vsM6_raw_12m,equal_width,Relative Disturbance,GPPsat,High,5,0.21459,20,,,""
M5vsM6_raw_12m,equal_width,Relative Disturbance,NEPmax,High,5,0.01701,40,,,""
M5vsM6_raw_12m,equal_width,Relative Disturbance,WUE,High,5,-0.03833,60,,,""
M5vsM6_raw_12m,equal_width,Relative Disturbance,uWUE,High,5,0.00399,40,,,""
M5vsM6_raw_12m,natural_breaks,Absolute Mortality,ETmax,High,20,0.00038,45,0.5959,0.9808,ns
M5vsM6_raw_12m,natural_breaks,Absolute Mortality,GPPsat,High,20,0.02456,45,0.5959,0.9808,ns
M5vsM6_raw_12m,natural_breaks,Absolute Mortality,NEPmax,High,20,0.01505,45,0.6386,0.9808,ns
M5vsM6_raw_12m,natural_breaks,Absolute Mortality,WUE,High,20,-0.00879,65,0.4187,0.9808,ns
M5vsM6_raw_12m,natural_breaks,Absolute Mortality,uWUE,High,20,0.00066,50,0.4628,0.9808,ns
M5vsM6_raw_12m,natural_breaks,Absolute Mortality,ETmax,Mid,43,-9e-05,58.1,0.4543,0.9808,ns
M5vsM6_raw_12m,natural_breaks,Absolute Mortality,GPPsat,Mid,43,0.08153,39.5,0.8404,0.9808,ns
M5vsM6_raw_12m,natural_breaks,Absolute Mortality,NEPmax,Mid,43,0.05143,48.8,0.7045,0.9808,ns
M5vsM6_raw_12m,natural_breaks,Absolute Mortality,WUE,Mid,43,-0.00608,53.5,0.2075,0.9808,ns
M5vsM6_raw_12m,natural_breaks,Absolute Mortality,uWUE,Mid,43,0.00774,34.9,0.9689,0.991,ns
M5vsM6_raw_12m,natural_breaks,Absolute Mortality,ETmax,Low,30,-0.00044,50,0.1247,0.9808,ns
M5vsM6_raw_12m,natural_breaks,Absolute Mortality,GPPsat,Low,30,-0.01847,53.3,0.6054,0.9808,ns
M5vsM6_raw_12m,natural_breaks,Absolute Mortality,NEPmax,Low,30,-0.01202,53.3,0.4347,0.9808,ns
M5vsM6_raw_12m,natural_breaks,Absolute Mortality,WUE,Low,30,-0.00772,53.3,0.2053,0.9808,ns
M5vsM6_raw_12m,natural_breaks,Absolute Mortality,uWUE,Low,30,-0.00248,53.3,0.4428,0.9808,ns
M5vsM6_raw_12m,natural_breaks,Relative Mortality,ETmax,High,26,0.00075,38.5,0.9109,0.9808,ns
M5vsM6_raw_12m,natural_breaks,Relative Mortality,GPPsat,High,26,0.08984,42.3,0.7615,0.9808,ns
M5vsM6_raw_12m,natural_breaks,Relative Mortality,NEPmax,High,26,0.03463,46.2,0.7536,0.9808,ns
M5vsM6_raw_12m,natural_breaks,Relative Mortality,WUE,High,26,-0.00879,61.5,0.4394,0.9808,ns
M5vsM6_raw_12m,natural_breaks,Relative Mortality,uWUE,High,26,0.00844,38.5,0.8886,0.9808,ns
M5vsM6_raw_12m,natural_breaks,Relative Mortality,ETmax,Mid,32,-8e-04,65.6,0.02535,0.3802,ns
M5vsM6_raw_12m,natural_breaks,Relative Mortality,GPPsat,Mid,32,0.07987,28.1,0.991,0.991,ns
M5vsM6_raw_12m,natural_breaks,Relative Mortality,NEPmax,Mid,32,0.03227,46.9,0.8322,0.9808,ns
M5vsM6_raw_12m,natural_breaks,Relative Mortality,WUE,Mid,32,0.00419,46.9,0.3788,0.9808,ns
M5vsM6_raw_12m,natural_breaks,Relative Mortality,uWUE,Mid,32,0.00825,37.5,0.6899,0.9808,ns
M5vsM6_raw_12m,natural_breaks,Relative Mortality,ETmax,Low,35,-8e-05,51.4,0.4253,0.9808,ns
M5vsM6_raw_12m,natural_breaks,Relative Mortality,GPPsat,Low,35,-0.12074,62.9,0.2135,0.9808,ns
M5vsM6_raw_12m,natural_breaks,Relative Mortality,NEPmax,Low,35,-0.04813,54.3,0.2135,0.9808,ns
M5vsM6_raw_12m,natural_breaks,Relative Mortality,WUE,Low,35,-0.0153,60,0.0759,0.8539,ns
M5vsM6_raw_12m,natural_breaks,Relative Mortality,uWUE,Low,35,-0.0013,54.3,0.6002,0.9808,ns
M5vsM6_raw_12m,natural_breaks,Relative Disturbance,ETmax,Mid,35,-0.00098,71.4,0.002614,0.1176,ns
M5vsM6_raw_12m,natural_breaks,Relative Disturbance,GPPsat,Mid,35,0.01608,40,0.7769,0.9808,ns
M5vsM6_raw_12m,natural_breaks,Relative Disturbance,NEPmax,Mid,35,0.11647,37.1,0.9372,0.9808,ns
M5vsM6_raw_12m,natural_breaks,Relative Disturbance,WUE,Mid,35,-0.01583,62.9,0.01499,0.3374,ns
M5vsM6_raw_12m,natural_breaks,Relative Disturbance,uWUE,Mid,35,0.00774,40,0.5811,0.9808,ns
M5vsM6_raw_12m,natural_breaks,Relative Disturbance,ETmax,Low,35,0.00011,45.7,0.6679,0.9808,ns
M5vsM6_raw_12m,natural_breaks,Relative Disturbance,GPPsat,Low,35,-0.08922,54.3,0.4061,0.9808,ns
M5vsM6_raw_12m,natural_breaks,Relative Disturbance,NEPmax,Low,35,-0.04154,57.1,0.2642,0.9808,ns
M5vsM6_raw_12m,natural_breaks,Relative Disturbance,WUE,Low,35,-0.00013,51.4,0.3872,0.9808,ns
M5vsM6_raw_12m,natural_breaks,Relative Disturbance,uWUE,Low,35,-0.00101,54.3,0.6065,0.9808,ns
M5vsM6_raw_12m,natural_breaks,Relative Disturbance,ETmax,High,23,0.00093,34.8,0.9019,0.9808,ns
M5vsM6_raw_12m,natural_breaks,Relative Disturbance,GPPsat,High,23,0.14421,39.1,0.9071,0.9808,ns
M5vsM6_raw_12m,natural_breaks,Relative Disturbance,NEPmax,High,23,-0.07862,56.5,0.4456,0.9808,ns
M5vsM6_raw_12m,natural_breaks,Relative Disturbance,WUE,High,23,-0.00062,52.2,0.6253,0.9808,ns
M5vsM6_raw_12m,natural_breaks,Relative Disturbance,uWUE,High,23,0.01266,34.8,0.9214,0.9808,ns
M5vsM6_raw_24m,tertiles,Absolute Mortality,ETmax,High,31,0.00017,41.9,0.5661,0.9614,ns
M5vsM6_raw_24m,tertiles,Absolute Mortality,GPPsat,High,31,0.09581,35.5,0.9037,0.9893,ns
M5vsM6_raw_24m,tertiles,Absolute Mortality,NEPmax,High,31,0.05246,41.9,0.6415,0.9614,ns
M5vsM6_raw_24m,tertiles,Absolute Mortality,WUE,High,31,-0.00863,58.1,0.295,0.9553,ns
M5vsM6_raw_24m,tertiles,Absolute Mortality,uWUE,High,31,0.00192,48.4,0.6982,0.9614,ns
M5vsM6_raw_24m,tertiles,Absolute Mortality,ETmax,Mid,31,0.00026,32.3,0.9356,0.9893,ns
M5vsM6_raw_24m,tertiles,Absolute Mortality,GPPsat,Mid,31,-0.03243,58.1,0.3658,0.9553,ns
M5vsM6_raw_24m,tertiles,Absolute Mortality,NEPmax,Mid,31,-0.00572,51.6,0.3807,0.9553,ns
M5vsM6_raw_24m,tertiles,Absolute Mortality,WUE,Mid,31,-0.01264,54.8,0.2558,0.9553,ns
M5vsM6_raw_24m,tertiles,Absolute Mortality,uWUE,Mid,31,0.00434,35.5,0.8616,0.9893,ns
M5vsM6_raw_24m,tertiles,Absolute Mortality,ETmax,Low,31,-3e-05,54.8,0.2372,0.9553,ns
M5vsM6_raw_24m,tertiles,Absolute Mortality,GPPsat,Low,31,-0.12956,61.3,0.208,0.9553,ns
M5vsM6_raw_24m,tertiles,Absolute Mortality,NEPmax,Low,31,0.05271,45.2,0.7806,0.9893,ns
M5vsM6_raw_24m,tertiles,Absolute Mortality,WUE,Low,31,-0.01426,67.7,0.3368,0.9553,ns
M5vsM6_raw_24m,tertiles,Absolute Mortality,uWUE,Low,31,-0.00316,54.8,0.4339,0.9553,ns
M5vsM6_raw_24m,tertiles,Relative Mortality,ETmax,High,31,0.00032,22.6,0.9848,0.9893,ns
M5vsM6_raw_24m,tertiles,Relative Mortality,GPPsat,High,31,0.02442,45.2,0.6914,0.9614,ns
M5vsM6_raw_24m,tertiles,Relative Mortality,NEPmax,High,31,0.00538,48.4,0.6193,0.9614,ns
M5vsM6_raw_24m,tertiles,Relative Mortality,WUE,High,31,-0.00991,61.3,0.3439,0.9553,ns
M5vsM6_raw_24m,tertiles,Relative Mortality,uWUE,High,31,0.00578,41.9,0.8291,0.9893,ns
M5vsM6_raw_24m,tertiles,Relative Mortality,ETmax,Mid,31,-0.00016,54.8,0.1518,0.9553,ns
M5vsM6_raw_24m,tertiles,Relative Mortality,GPPsat,Mid,31,0.09231,45.2,0.9603,0.9893,ns
M5vsM6_raw_24m,tertiles,Relative Mortality,NEPmax,Mid,31,0.12305,35.5,0.9134,0.9893,ns
M5vsM6_raw_24m,tertiles,Relative Mortality,WUE,Mid,31,-0.00554,51.6,0.4883,0.9553,ns
M5vsM6_raw_24m,tertiles,Relative Mortality,uWUE,Mid,31,0.00056,48.4,0.6914,0.9614,ns
M5vsM6_raw_24m,tertiles,Relative Mortality,ETmax,Low,31,-2e-05,51.6,0.4805,0.9553,ns
M5vsM6_raw_24m,tertiles,Relative Mortality,GPPsat,Low,31,-0.18799,64.5,0.01935,0.4785,ns
M5vsM6_raw_24m,tertiles,Relative Mortality,NEPmax,Low,31,-0.01682,54.8,0.176,0.9553,ns
M5vsM6_raw_24m,tertiles,Relative Mortality,WUE,Low,31,-0.01426,67.7,0.1103,0.9553,ns
M5vsM6_raw_24m,tertiles,Relative Mortality,uWUE,Low,31,0.00037,48.4,0.3658,0.9553,ns
M5vsM6_raw_24m,tertiles,Relative Disturbance,ETmax,High,31,0.00032,25.8,0.9893,0.9893,ns
M5vsM6_raw_24m,tertiles,Relative Disturbance,GPPsat,High,31,0.05921,38.7,0.8701,0.9893,ns
M5vsM6_raw_24m,tertiles,Relative Disturbance,NEPmax,High,31,0.00538,48.4,0.5584,0.9614,ns
M5vsM6_raw_24m,tertiles,Relative Disturbance,WUE,High,31,-0.0066,58.1,0.4416,0.9553,ns
M5vsM6_raw_24m,tertiles,Relative Disturbance,uWUE,High,31,0.00763,35.5,0.9251,0.9893,ns
M5vsM6_raw_24m,tertiles,Relative Disturbance,ETmax,Mid,31,-0.00045,54.8,0.03494,0.5241,ns
M5vsM6_raw_24m,tertiles,Relative Disturbance,GPPsat,Mid,31,-0.01326,58.1,0.4649,0.9553,ns
M5vsM6_raw_24m,tertiles,Relative Disturbance,NEPmax,Mid,31,0.06842,41.9,0.8189,0.9893,ns
M5vsM6_raw_24m,tertiles,Relative Disturbance,WUE,Mid,31,-0.02549,67.7,0.02127,0.4785,ns
M5vsM6_raw_24m,tertiles,Relative Disturbance,uWUE,Mid,31,-0.00382,61.3,0.1811,0.9553,ns
M5vsM6_raw_24m,tertiles,Relative Disturbance,ETmax,Low,31,1e-05,48.4,0.6704,0.9614,ns
M5vsM6_raw_24m,tertiles,Relative Disturbance,GPPsat,Low,31,-0.14065,58.1,0.166,0.9553,ns
M5vsM6_raw_24m,tertiles,Relative Disturbance,NEPmax,Low,31,0.01777,48.4,0.4416,0.9553,ns
M5vsM6_raw_24m,tertiles,Relative Disturbance,WUE,Low,31,-0.00243,54.8,0.6415,0.9614,ns
M5vsM6_raw_24m,tertiles,Relative Disturbance,uWUE,Low,31,0.00181,41.9,0.705,0.9614,ns
M5vsM6_raw_24m,equal_width,Absolute Mortality,ETmax,Mid,35,0.00032,31.4,0.9501,0.9891,ns
M5vsM6_raw_24m,equal_width,Absolute Mortality,GPPsat,Mid,35,0.09581,37.1,0.9609,0.9891,ns
M5vsM6_raw_24m,equal_width,Absolute Mortality,NEPmax,Mid,35,0.10406,40,0.8857,0.9891,ns
M5vsM6_raw_24m,equal_width,Absolute Mortality,WUE,Mid,35,-0.00348,51.4,0.4576,0.9735,ns
M5vsM6_raw_24m,equal_width,Absolute Mortality,uWUE,Mid,35,0.00056,48.6,0.6191,0.9891,ns
M5vsM6_raw_24m,equal_width,Absolute Mortality,ETmax,Low,53,1e-05,47.2,0.5282,0.9735,ns
M5vsM6_raw_24m,equal_width,Absolute Mortality,GPPsat,Low,53,-0.08531,62.3,0.09065,0.9735,ns
M5vsM6_raw_24m,equal_width,Absolute Mortality,NEPmax,Low,53,0.01777,49.1,0.5035,0.9735,ns
M5vsM6_raw_24m,equal_width,Absolute Mortality,WUE,Low,53,-0.01563,66,0.116,0.9735,ns
M5vsM6_raw_24m,equal_width,Absolute Mortality,uWUE,Low,53,0.00181,45.3,0.6805,0.9891,ns
M5vsM6_raw_24m,equal_width,Absolute Mortality,ETmax,High,5,-0.00114,80,,,""
M5vsM6_raw_24m,equal_width,Absolute Mortality,GPPsat,High,5,0.02682,40,,,""
M5vsM6_raw_24m,equal_width,Absolute Mortality,NEPmax,High,5,-0.00236,60,,,""
M5vsM6_raw_24m,equal_width,Absolute Mortality,WUE,High,5,-0.02381,60,,,""
M5vsM6_raw_24m,equal_width,Absolute Mortality,uWUE,High,5,0.0249,40,,,""
M5vsM6_raw_24m,equal_width,Relative Mortality,ETmax,Mid,33,0.00036,21.2,0.9983,0.9983,ns
M5vsM6_raw_24m,equal_width,Relative Mortality,GPPsat,Mid,33,0.02131,48.5,0.7102,0.9891,ns
M5vsM6_raw_24m,equal_width,Relative Mortality,NEPmax,Mid,33,0.00538,48.5,0.5285,0.9735,ns
M5vsM6_raw_24m,equal_width,Relative Mortality,WUE,Mid,33,-0.0066,57.6,0.3084,0.9735,ns
M5vsM6_raw_24m,equal_width,Relative Mortality,uWUE,Mid,33,0.00578,39.4,0.8094,0.9891,ns
M5vsM6_raw_24m,equal_width,Relative Mortality,ETmax,Low,53,-0.00016,54.7,0.144,0.9735,ns
M5vsM6_raw_24m,equal_width,Relative Mortality,GPPsat,Low,53,-0.03243,56.6,0.2154,0.9735,ns
M5vsM6_raw_24m,equal_width,Relative Mortality,NEPmax,Low,53,0.07141,41.5,0.8048,0.9891,ns
M5vsM6_raw_24m,equal_width,Relative Mortality,WUE,Low,53,-0.01092,62.3,0.2102,0.9735,ns
M5vsM6_raw_24m,equal_width,Relative Mortality,uWUE,Low,53,-0.00076,50.9,0.4437,0.9735,ns
M5vsM6_raw_24m,equal_width,Relative Mortality,ETmax,High,7,-0.00088,57.1,0.3999,0.9735,ns
M5vsM6_raw_24m,equal_width,Relative Mortality,GPPsat,High,7,0.1931,28.6,0.8641,0.9891,ns
M5vsM6_raw_24m,equal_width,Relative Mortality,NEPmax,High,7,-0.0319,71.4,0.1763,0.9735,ns
M5vsM6_raw_24m,equal_width,Relative Mortality,WUE,High,7,-0.02381,57.1,0.3999,0.9735,ns
M5vsM6_raw_24m,equal_width,Relative Mortality,uWUE,High,7,0.01962,42.9,0.7766,0.9891,ns
M5vsM6_raw_24m,equal_width,Relative Disturbance,ETmax,Mid,35,0.00027,31.4,0.9241,0.9891,ns
M5vsM6_raw_24m,equal_width,Relative Disturbance,GPPsat,Mid,35,0.05921,42.9,0.8978,0.9891,ns
M5vsM6_raw_24m,equal_width,Relative Disturbance,NEPmax,Mid,35,0.00538,48.6,0.7084,0.9891,ns
M5vsM6_raw_24m,equal_width,Relative Disturbance,WUE,Mid,35,-0.00863,60,0.3381,0.9735,ns
M5vsM6_raw_24m,equal_width,Relative Disturbance,uWUE,Mid,35,0.00578,40,0.9143,0.9891,ns
M5vsM6_raw_24m,equal_width,Relative Disturbance,ETmax,Low,53,-2e-05,50.9,0.2677,0.9735,ns
M5vsM6_raw_24m,equal_width,Relative Disturbance,GPPsat,Low,53,-0.05385,58.5,0.1481,0.9735,ns
M5vsM6_raw_24m,equal_width,Relative Disturbance,NEPmax,Low,53,0.06842,43.4,0.5807,0.9891,ns
M5vsM6_raw_24m,equal_width,Relative Disturbance,WUE,Low,53,-0.01064,60.4,0.2449,0.9735,ns
M5vsM6_raw_24m,equal_width,Relative Disturbance,uWUE,Low,53,0.00037,49.1,0.4402,0.9735,ns
M5vsM6_raw_24m,equal_width,Relative Disturbance,ETmax,High,5,0.00032,40,,,""
M5vsM6_raw_24m,equal_width,Relative Disturbance,GPPsat,High,5,0.02682,40,,,""
M5vsM6_raw_24m,equal_width,Relative Disturbance,NEPmax,High,5,-0.0319,60,,,""
M5vsM6_raw_24m,equal_width,Relative Disturbance,WUE,High,5,-0.04373,60,,,""
M5vsM6_raw_24m,equal_width,Relative Disturbance,uWUE,High,5,-0.00507,60,,,""
M5vsM6_raw_24m,natural_breaks,Absolute Mortality,ETmax,High,20,0.00026,40,0.552,0.9291,ns
M5vsM6_raw_24m,natural_breaks,Absolute Mortality,GPPsat,High,20,0.00755,50,0.4777,0.9291,ns
M5vsM6_raw_24m,natural_breaks,Absolute Mortality,NEPmax,High,20,0.02465,45,0.5372,0.9291,ns
M5vsM6_raw_24m,natural_breaks,Absolute Mortality,WUE,High,20,-0.00669,55,0.5223,0.9291,ns
M5vsM6_raw_24m,natural_breaks,Absolute Mortality,uWUE,High,20,-0.00533,60,0.3755,0.9291,ns
M5vsM6_raw_24m,natural_breaks,Absolute Mortality,ETmax,Mid,43,0.00018,37.2,0.8546,0.9762,ns
M5vsM6_raw_24m,natural_breaks,Absolute Mortality,GPPsat,Mid,43,0.05248,46.5,0.7959,0.9762,ns
M5vsM6_raw_24m,natural_breaks,Absolute Mortality,NEPmax,Mid,43,0.05246,46.5,0.5552,0.9291,ns
M5vsM6_raw_24m,natural_breaks,Absolute Mortality,WUE,Mid,43,-0.01064,58.1,0.1079,0.9291,ns
M5vsM6_raw_24m,natural_breaks,Absolute Mortality,uWUE,Mid,43,0.00578,32.6,0.9584,0.9762,ns
M5vsM6_raw_24m,natural_breaks,Absolute Mortality,ETmax,Low,30,-2e-05,53.3,0.3108,0.9291,ns
M5vsM6_raw_24m,natural_breaks,Absolute Mortality,GPPsat,Low,30,-0.0917,60,0.2233,0.9291,ns
M5vsM6_raw_24m,natural_breaks,Absolute Mortality,NEPmax,Low,30,0.03524,46.7,0.7578,0.9762,ns
M5vsM6_raw_24m,natural_breaks,Absolute Mortality,WUE,Low,30,-0.01478,66.7,0.3788,0.9291,ns
M5vsM6_raw_24m,natural_breaks,Absolute Mortality,uWUE,Low,30,-0.00409,56.7,0.4347,0.9291,ns
M5vsM6_raw_24m,natural_breaks,Relative Mortality,ETmax,High,26,0.00051,23.1,0.9762,0.9762,ns
M5vsM6_raw_24m,natural_breaks,Relative Mortality,GPPsat,High,26,0.02286,46.2,0.6578,0.9291,ns
M5vsM6_raw_24m,natural_breaks,Relative Mortality,NEPmax,High,26,0.0154,46.2,0.6294,0.9291,ns
M5vsM6_raw_24m,natural_breaks,Relative Mortality,WUE,High,26,-0.00927,61.5,0.4195,0.9291,ns
M5vsM6_raw_24m,natural_breaks,Relative Mortality,uWUE,High,26,0.00563,42.3,0.8681,0.9762,ns
M5vsM6_raw_24m,natural_breaks,Relative Mortality,ETmax,Mid,32,-0.00012,53.1,0.0876,0.9291,ns
M5vsM6_raw_24m,natural_breaks,Relative Mortality,GPPsat,Mid,32,0.09406,43.8,0.9757,0.9762,ns
M5vsM6_raw_24m,natural_breaks,Relative Mortality,NEPmax,Mid,32,0.108,40.6,0.9031,0.9762,ns
M5vsM6_raw_24m,natural_breaks,Relative Mortality,WUE,Mid,32,-0.01078,56.2,0.2134,0.9291,ns
M5vsM6_raw_24m,natural_breaks,Relative Mortality,uWUE,Mid,32,-1e-04,50,0.5037,0.9291,ns
M5vsM6_raw_24m,natural_breaks,Relative Mortality,ETmax,Low,35,1e-05,48.6,0.6376,0.9291,ns
M5vsM6_raw_24m,natural_breaks,Relative Mortality,GPPsat,Low,35,-0.18486,62.9,0.04821,0.9291,ns
M5vsM6_raw_24m,natural_breaks,Relative Mortality,NEPmax,Low,35,-0.01195,51.4,0.286,0.9291,ns
M5vsM6_raw_24m,natural_breaks,Relative Mortality,WUE,Low,35,-0.01048,62.9,0.2588,0.9291,ns
M5vsM6_raw_24m,natural_breaks,Relative Mortality,uWUE,Low,35,0.00084,45.7,0.6065,0.9291,ns
M5vsM6_raw_24m,natural_breaks,Relative Disturbance,ETmax,Mid,35,0,48.6,0.1241,0.9291,ns
M5vsM6_raw_24m,natural_breaks,Relative Disturbance,GPPsat,Mid,35,0.02102,48.6,0.7913,0.9762,ns
M5vsM6_raw_24m,natural_breaks,Relative Disturbance,NEPmax,Mid,35,0.13282,37.1,0.9661,0.9762,ns
M5vsM6_raw_24m,natural_breaks,Relative Disturbance,WUE,Mid,35,-0.02549,68.6,0.006248,0.2812,ns
M5vsM6_raw_24m,natural_breaks,Relative Disturbance,uWUE,Mid,35,-0.00382,60,0.1949,0.9291,ns
M5vsM6_raw_24m,natural_breaks,Relative Disturbance,ETmax,Low,35,1e-05,48.6,0.6738,0.9291,ns
M5vsM6_raw_24m,natural_breaks,Relative Disturbance,GPPsat,Low,35,-0.12956,60,0.153,0.9291,ns
M5vsM6_raw_24m,natural_breaks,Relative Disturbance,NEPmax,Low,35,0.01777,48.6,0.3809,0.9291,ns
M5vsM6_raw_24m,natural_breaks,Relative Disturbance,WUE,Low,35,-0.00243,54.3,0.6738,0.9291,ns
M5vsM6_raw_24m,natural_breaks,Relative Disturbance,uWUE,Low,35,0.00084,42.9,0.6376,0.9291,ns
M5vsM6_raw_24m,natural_breaks,Relative Disturbance,ETmax,High,23,0.00032,26.1,0.9571,0.9762,ns
M5vsM6_raw_24m,natural_breaks,Relative Disturbance,GPPsat,High,23,0.02682,43.5,0.6813,0.9291,ns
M5vsM6_raw_24m,natural_breaks,Relative Disturbance,NEPmax,High,23,-0.0319,56.5,0.2015,0.9291,ns
M5vsM6_raw_24m,natural_breaks,Relative Disturbance,WUE,High,23,-0.0066,56.5,0.6481,0.9291,ns
M5vsM6_raw_24m,natural_breaks,Relative Disturbance,uWUE,High,23,0.01962,30.4,0.9448,0.9762,ns
M5vsM6_anom_12m,tertiles,Absolute Mortality,ETmax,High,31,-4e-04,58.1,0.2194,0.2992,ns
M5vsM6_anom_12m,tertiles,Absolute Mortality,GPPsat,High,31,-0.2895,54.8,0.1299,0.2849,ns
M5vsM6_anom_12m,tertiles,Absolute Mortality,NEPmax,High,31,-0.14126,61.3,0.08355,0.2686,ns
M5vsM6_anom_12m,tertiles,Absolute Mortality,WUE,High,31,-0.06437,61.3,0.1031,0.273,ns
M5vsM6_anom_12m,tertiles,Absolute Mortality,uWUE,High,31,-0.03487,54.8,0.1811,0.291,ns
M5vsM6_anom_12m,tertiles,Absolute Mortality,ETmax,Mid,31,0.00046,45.2,0.8084,0.8084,ns
M5vsM6_anom_12m,tertiles,Absolute Mortality,GPPsat,Mid,31,-0.96202,80.6,0.002315,0.1042,ns
M5vsM6_anom_12m,tertiles,Absolute Mortality,NEPmax,Mid,31,-1.0857,71,0.01594,0.1383,ns
M5vsM6_anom_12m,tertiles,Absolute Mortality,WUE,Mid,31,-0.06324,58.1,0.166,0.2849,ns
M5vsM6_anom_12m,tertiles,Absolute Mortality,uWUE,Mid,31,0.00166,48.4,0.2025,0.2925,ns
M5vsM6_anom_12m,tertiles,Absolute Mortality,ETmax,Low,31,-0.0015,54.8,0.3732,0.4199,ns
M5vsM6_anom_12m,tertiles,Absolute Mortality,GPPsat,Low,31,-0.32104,61.3,0.1564,0.2849,ns
M5vsM6_anom_12m,tertiles,Absolute Mortality,NEPmax,Low,31,-1.11501,58.1,0.07215,0.2686,ns
M5vsM6_anom_12m,tertiles,Absolute Mortality,WUE,Low,31,-0.00138,51.6,0.2433,0.3034,ns
M5vsM6_anom_12m,tertiles,Absolute Mortality,uWUE,Low,31,-0.00669,51.6,0.1428,0.2849,ns
M5vsM6_anom_12m,tertiles,Relative Mortality,ETmax,High,31,-0.00038,58.1,0.2495,0.3034,ns
M5vsM6_anom_12m,tertiles,Relative Mortality,GPPsat,High,31,-0.7612,71,0.005578,0.1255,ns
M5vsM6_anom_12m,tertiles,Relative Mortality,NEPmax,High,31,-0.35565,64.5,0.02445,0.1572,ns
M5vsM6_anom_12m,tertiles,Relative Mortality,WUE,High,31,-0.06437,61.3,0.09965,0.273,ns
M5vsM6_anom_12m,tertiles,Relative Mortality,uWUE,High,31,0.00742,48.4,0.275,0.3257,ns
M5vsM6_anom_12m,tertiles,Relative Mortality,ETmax,Mid,31,-0.00018,51.6,0.4649,0.4981,ns
M5vsM6_anom_12m,tertiles,Relative Mortality,GPPsat,Mid,31,-0.57596,64.5,0.07769,0.2686,ns
M5vsM6_anom_12m,tertiles,Relative Mortality,NEPmax,Mid,31,-0.77314,67.7,0.0432,0.216,ns
M5vsM6_anom_12m,tertiles,Relative Mortality,WUE,Mid,31,-0.03887,54.8,0.1612,0.2849,ns
M5vsM6_anom_12m,tertiles,Relative Mortality,uWUE,Mid,31,-0.03487,54.8,0.208,0.2925,ns
M5vsM6_anom_12m,tertiles,Relative Mortality,ETmax,Low,31,0.00061,48.4,0.5738,0.6005,ns
M5vsM6_anom_12m,tertiles,Relative Mortality,GPPsat,Low,31,-0.31575,61.3,0.1299,0.2849,ns
M5vsM6_anom_12m,tertiles,Relative Mortality,NEPmax,Low,31,-1.08857,58.1,0.07488,0.2686,ns
M5vsM6_anom_12m,tertiles,Relative Mortality,WUE,Low,31,-0.00185,54.8,0.2312,0.3034,ns
M5vsM6_anom_12m,tertiles,Relative Mortality,uWUE,Low,31,-0.00669,51.6,0.09296,0.273,ns
M5vsM6_anom_12m,tertiles,Relative Disturbance,ETmax,High,31,-0.00023,54.8,0.4108,0.4509,ns
M5vsM6_anom_12m,tertiles,Relative Disturbance,GPPsat,High,31,-0.7612,67.7,0.01444,0.1383,ns
M5vsM6_anom_12m,tertiles,Relative Disturbance,NEPmax,High,31,-0.54879,67.7,0.01594,0.1383,ns
M5vsM6_anom_12m,tertiles,Relative Disturbance,WUE,High,31,-0.03009,58.1,0.1709,0.2849,ns
M5vsM6_anom_12m,tertiles,Relative Disturbance,uWUE,High,31,0.00742,48.4,0.3226,0.3722,ns
M5vsM6_anom_12m,tertiles,Relative Disturbance,ETmax,Mid,31,-0.00074,61.3,0.1472,0.2849,ns
M5vsM6_anom_12m,tertiles,Relative Disturbance,GPPsat,Mid,31,-0.57596,67.7,0.01844,0.1383,ns
M5vsM6_anom_12m,tertiles,Relative Disturbance,NEPmax,Mid,31,-0.20777,64.5,0.03346,0.1882,ns
M5vsM6_anom_12m,tertiles,Relative Disturbance,WUE,Mid,31,-0.06471,54.8,0.1141,0.2849,ns
M5vsM6_anom_12m,tertiles,Relative Disturbance,uWUE,Mid,31,-0.03487,54.8,0.2372,0.3034,ns
M5vsM6_anom_12m,tertiles,Relative Disturbance,ETmax,Low,31,0.00133,41.9,0.7379,0.7547,ns
M5vsM6_anom_12m,tertiles,Relative Disturbance,GPPsat,Low,31,-0.31575,61.3,0.2025,0.2925,ns
M5vsM6_anom_12m,tertiles,Relative Disturbance,NEPmax,Low,31,-1.0857,58.1,0.1472,0.2849,ns
M5vsM6_anom_12m,tertiles,Relative Disturbance,WUE,Low,31,-0.01723,58.1,0.197,0.2925,ns
M5vsM6_anom_12m,tertiles,Relative Disturbance,uWUE,Low,31,-0.00669,51.6,0.07488,0.2686,ns
M5vsM6_anom_12m,equal_width,Absolute Mortality,ETmax,Mid,35,0.00046,45.7,0.7358,0.7358,ns
M5vsM6_anom_12m,equal_width,Absolute Mortality,GPPsat,Mid,35,-0.2895,60,0.1417,0.261,ns
M5vsM6_anom_12m,equal_width,Absolute Mortality,NEPmax,Mid,35,-0.13155,57.1,0.1649,0.2825,ns
M5vsM6_anom_12m,equal_width,Absolute Mortality,WUE,Mid,35,-0.06496,65.7,0.05333,0.1633,ns
M5vsM6_anom_12m,equal_width,Absolute Mortality,uWUE,Mid,35,-0.06315,57.1,0.05888,0.1633,ns
M5vsM6_anom_12m,equal_width,Absolute Mortality,ETmax,Low,53,-0.00042,56.6,0.2285,0.3478,ns
M5vsM6_anom_12m,equal_width,Absolute Mortality,GPPsat,Low,53,-0.82691,73.6,0.001002,0.02799,*
M5vsM6_anom_12m,equal_width,Absolute Mortality,NEPmax,Low,53,-1.09941,69.8,0.001599,0.02799,*
M5vsM6_anom_12m,equal_width,Absolute Mortality,WUE,Low,53,-0.00138,50.9,0.1695,0.2825,ns
M5vsM6_anom_12m,equal_width,Absolute Mortality,uWUE,Low,53,-0.00669,50.9,0.1028,0.1998,ns
M5vsM6_anom_12m,equal_width,Absolute Mortality,ETmax,High,5,-0.00139,60,,,""
M5vsM6_anom_12m,equal_width,Absolute Mortality,GPPsat,High,5,0.56607,20,,,""
M5vsM6_anom_12m,equal_width,Absolute Mortality,NEPmax,High,5,0.69891,40,,,""
M5vsM6_anom_12m,equal_width,Absolute Mortality,WUE,High,5,-0.0088,60,,,""
M5vsM6_anom_12m,equal_width,Absolute Mortality,uWUE,High,5,0.04236,20,,,""
M5vsM6_anom_12m,equal_width,Relative Mortality,ETmax,Mid,33,-0.00038,57.6,0.334,0.4175,ns
M5vsM6_anom_12m,equal_width,Relative Mortality,GPPsat,Mid,33,-0.74889,78.8,0.004313,0.03773,*
M5vsM6_anom_12m,equal_width,Relative Mortality,NEPmax,Mid,33,-0.54879,66.7,0.01163,0.07032,ns
M5vsM6_anom_12m,equal_width,Relative Mortality,WUE,Mid,33,-0.03009,54.5,0.4012,0.453,ns
M5vsM6_anom_12m,equal_width,Relative Mortality,uWUE,Mid,33,0.00742,48.5,0.3807,0.453,ns
M5vsM6_anom_12m,equal_width,Relative Mortality,ETmax,Low,53,0.00053,49.1,0.5388,0.5893,ns
M5vsM6_anom_12m,equal_width,Relative Mortality,GPPsat,Low,53,-0.47855,60.4,0.06066,0.1633,ns
M5vsM6_anom_12m,equal_width,Relative Mortality,NEPmax,Low,53,-0.23665,60.4,0.05552,0.1633,ns
M5vsM6_anom_12m,equal_width,Relative Mortality,WUE,Low,53,-0.06324,58.5,0.04215,0.1633,ns
M5vsM6_anom_12m,equal_width,Relative Mortality,uWUE,Low,53,-0.04625,54.7,0.03214,0.1406,ns
M5vsM6_anom_12m,equal_width,Relative Mortality,ETmax,High,7,-0.00256,57.1,0.2771,0.373,ns
M5vsM6_anom_12m,equal_width,Relative Mortality,GPPsat,High,7,0.21122,42.9,0.2771,0.373,ns
M5vsM6_anom_12m,equal_width,Relative Mortality,NEPmax,High,7,-0.97107,71.4,0.1024,0.1998,ns
M5vsM6_anom_12m,equal_width,Relative Mortality,WUE,High,7,-0.0088,57.1,0.2771,0.373,ns
M5vsM6_anom_12m,equal_width,Relative Mortality,uWUE,High,7,0.04236,42.9,0.3999,0.453,ns
M5vsM6_anom_12m,equal_width,Relative Disturbance,ETmax,Mid,35,-0.00044,60,0.2135,0.3396,ns
M5vsM6_anom_12m,equal_width,Relative Disturbance,GPPsat,Mid,35,-0.7612,74.3,0.003194,0.03727,*
M5vsM6_anom_12m,equal_width,Relative Disturbance,NEPmax,Mid,35,-0.54879,65.7,0.01216,0.07032,ns
M5vsM6_anom_12m,equal_width,Relative Disturbance,WUE,Mid,35,-0.03009,57.1,0.2973,0.3853,ns
M5vsM6_anom_12m,equal_width,Relative Disturbance,uWUE,Mid,35,0.03711,42.9,0.6619,0.7006,ns
M5vsM6_anom_12m,equal_width,Relative Disturbance,ETmax,Low,53,0.00061,47.2,0.6805,0.7006,ns
M5vsM6_anom_12m,equal_width,Relative Disturbance,GPPsat,Low,53,-0.32104,60.4,0.09809,0.1998,ns
M5vsM6_anom_12m,equal_width,Relative Disturbance,NEPmax,Low,53,-0.23665,60.4,0.06847,0.1712,ns
M5vsM6_anom_12m,equal_width,Relative Disturbance,WUE,Low,53,-0.03401,56.6,0.08639,0.1998,ns
M5vsM6_anom_12m,equal_width,Relative Disturbance,uWUE,Low,53,-0.04625,56.6,0.01406,0.07032,ns
M5vsM6_anom_12m,equal_width,Relative Disturbance,ETmax,High,5,-0.00323,60,,,""
M5vsM6_anom_12m,equal_width,Relative Disturbance,GPPsat,High,5,-1.40868,60,,,""
M5vsM6_anom_12m,equal_width,Relative Disturbance,NEPmax,High,5,-2.81551,80,,,""
M5vsM6_anom_12m,equal_width,Relative Disturbance,WUE,High,5,-0.31566,60,,,""
M5vsM6_anom_12m,equal_width,Relative Disturbance,uWUE,High,5,-0.21759,60,,,""
M5vsM6_anom_12m,natural_breaks,Absolute Mortality,ETmax,High,20,-0.00189,65,0.1523,0.2855,ns
M5vsM6_anom_12m,natural_breaks,Absolute Mortality,GPPsat,High,20,-0.31991,60,0.09888,0.2617,ns
M5vsM6_anom_12m,natural_breaks,Absolute Mortality,NEPmax,High,20,-0.00124,50,0.2449,0.3149,ns
M5vsM6_anom_12m,natural_breaks,Absolute Mortality,WUE,High,20,-0.02887,60,0.222,0.3149,ns
M5vsM6_anom_12m,natural_breaks,Absolute Mortality,uWUE,High,20,0.02226,45,0.2449,0.3149,ns
M5vsM6_anom_12m,natural_breaks,Absolute Mortality,ETmax,Mid,43,4e-05,46.5,0.7209,0.7373,ns
M5vsM6_anom_12m,natural_breaks,Absolute Mortality,GPPsat,Mid,43,-0.81988,72.1,0.003741,0.05611,ns
M5vsM6_anom_12m,natural_breaks,Absolute Mortality,NEPmax,Mid,43,-0.86903,74.4,0.002691,0.05611,ns
M5vsM6_anom_12m,natural_breaks,Absolute Mortality,WUE,Mid,43,-0.06956,60.5,0.09713,0.2617,ns
M5vsM6_anom_12m,natural_breaks,Absolute Mortality,uWUE,Mid,43,-0.03487,55.8,0.1171,0.275,ns
M5vsM6_anom_12m,natural_breaks,Absolute Mortality,ETmax,Low,30,-0.00097,53.3,0.4672,0.5006,ns
M5vsM6_anom_12m,natural_breaks,Absolute Mortality,GPPsat,Low,30,-0.31839,60,0.2053,0.3149,ns
M5vsM6_anom_12m,natural_breaks,Absolute Mortality,NEPmax,Low,30,-0.67583,56.7,0.09752,0.2617,ns
M5vsM6_anom_12m,natural_breaks,Absolute Mortality,WUE,Low,30,0.00285,50,0.3036,0.3595,ns
M5vsM6_anom_12m,natural_breaks,Absolute Mortality,uWUE,Low,30,-0.00153,50,0.1938,0.3149,ns
M5vsM6_anom_12m,natural_breaks,Relative Mortality,ETmax,High,26,-0.00031,57.7,0.3516,0.4057,ns
M5vsM6_anom_12m,natural_breaks,Relative Mortality,GPPsat,High,26,-0.60529,65.4,0.02679,0.1722,ns
M5vsM6_anom_12m,natural_breaks,Relative Mortality,NEPmax,High,26,-0.70891,65.4,0.02525,0.1722,ns
M5vsM6_anom_12m,natural_breaks,Relative Mortality,WUE,High,26,-0.04723,61.5,0.1114,0.275,ns
M5vsM6_anom_12m,natural_breaks,Relative Mortality,uWUE,High,26,-0.00666,50,0.201,0.3149,ns
M5vsM6_anom_12m,natural_breaks,Relative Mortality,ETmax,Mid,32,-0.00057,59.4,0.1974,0.3149,ns
M5vsM6_anom_12m,natural_breaks,Relative Mortality,GPPsat,Mid,32,-0.71451,68.8,0.01691,0.1521,ns
M5vsM6_anom_12m,natural_breaks,Relative Mortality,NEPmax,Mid,32,-0.27583,65.6,0.03707,0.2008,ns
M5vsM6_anom_12m,natural_breaks,Relative Mortality,WUE,Mid,32,-0.03744,53.1,0.2301,0.3149,ns
M5vsM6_anom_12m,natural_breaks,Relative Mortality,uWUE,Mid,32,-0.01794,53.1,0.4076,0.4474,ns
M5vsM6_anom_12m,natural_breaks,Relative Mortality,ETmax,Low,35,0.00063,42.9,0.714,0.7373,ns
M5vsM6_anom_12m,natural_breaks,Relative Mortality,GPPsat,Low,35,-0.32104,62.9,0.1275,0.275,ns
M5vsM6_anom_12m,natural_breaks,Relative Mortality,NEPmax,Low,35,-1.08857,60,0.09095,0.2617,ns
M5vsM6_anom_12m,natural_breaks,Relative Mortality,WUE,Low,35,-0.01723,57.1,0.1492,0.2855,ns
M5vsM6_anom_12m,natural_breaks,Relative Mortality,uWUE,Low,35,-0.00669,51.4,0.06083,0.2617,ns
M5vsM6_anom_12m,natural_breaks,Relative Disturbance,ETmax,Mid,35,-0.00133,60,0.09643,0.2617,ns
M5vsM6_anom_12m,natural_breaks,Relative Disturbance,GPPsat,Mid,35,-0.74889,74.3,0.002614,0.05611,ns
M5vsM6_anom_12m,natural_breaks,Relative Disturbance,NEPmax,Mid,35,-0.77314,68.6,0.007169,0.08065,ns
M5vsM6_anom_12m,natural_breaks,Relative Disturbance,WUE,Mid,35,-0.03887,54.3,0.1345,0.275,ns
M5vsM6_anom_12m,natural_breaks,Relative Disturbance,uWUE,Mid,35,-0.03487,54.3,0.2536,0.3169,ns
M5vsM6_anom_12m,natural_breaks,Relative Disturbance,ETmax,Low,35,0.00072,42.9,0.8051,0.8051,ns
M5vsM6_anom_12m,natural_breaks,Relative Disturbance,GPPsat,Low,35,-0.31575,60,0.2231,0.3149,ns
M5vsM6_anom_12m,natural_breaks,Relative Disturbance,NEPmax,Low,35,-0.23665,57.1,0.186,0.3149,ns
M5vsM6_anom_12m,natural_breaks,Relative Disturbance,WUE,Low,35,-0.03401,60,0.1309,0.275,ns
M5vsM6_anom_12m,natural_breaks,Relative Disturbance,uWUE,Low,35,-0.00669,51.4,0.08317,0.2617,ns
M5vsM6_anom_12m,natural_breaks,Relative Disturbance,ETmax,High,23,-0.00038,56.5,0.398,0.4474,ns
M5vsM6_anom_12m,natural_breaks,Relative Disturbance,GPPsat,High,23,-0.44938,60.9,0.07427,0.2617,ns
M5vsM6_anom_12m,natural_breaks,Relative Disturbance,NEPmax,High,23,-0.54879,65.2,0.04016,0.2008,ns
M5vsM6_anom_12m,natural_breaks,Relative Disturbance,WUE,High,23,-0.02765,56.5,0.2374,0.3149,ns
M5vsM6_anom_12m,natural_breaks,Relative Disturbance,uWUE,High,23,0.00742,47.8,0.2665,0.3241,ns
M5vsM6_anom_24m,tertiles,Absolute Mortality,ETmax,High,31,0.00028,45.2,0.7442,0.7442,ns
M5vsM6_anom_24m,tertiles,Absolute Mortality,GPPsat,High,31,-0.00854,51.6,0.1612,0.279,ns
M5vsM6_anom_24m,tertiles,Absolute Mortality,NEPmax,High,31,-0.50657,61.3,0.07488,0.2247,ns
M5vsM6_anom_24m,tertiles,Absolute Mortality,WUE,High,31,-0.05729,61.3,0.05734,0.215,ns
M5vsM6_anom_24m,tertiles,Absolute Mortality,uWUE,High,31,-0.05182,51.6,0.176,0.2828,ns
M5vsM6_anom_24m,tertiles,Absolute Mortality,ETmax,Mid,31,-0.00012,51.6,0.6268,0.6716,ns
M5vsM6_anom_24m,tertiles,Absolute Mortality,GPPsat,Mid,31,-0.90227,77.4,0.003737,0.1187,ns
M5vsM6_anom_24m,tertiles,Absolute Mortality,NEPmax,Mid,31,-0.67195,61.3,0.03648,0.1999,ns
M5vsM6_anom_24m,tertiles,Absolute Mortality,WUE,Mid,31,-0.06183,58.1,0.1179,0.279,ns
M5vsM6_anom_24m,tertiles,Absolute Mortality,uWUE,Mid,31,-0.03395,58.1,0.2495,0.3509,ns
M5vsM6_anom_24m,tertiles,Absolute Mortality,ETmax,Low,31,-0.00178,61.3,0.3439,0.4515,ns
M5vsM6_anom_24m,tertiles,Absolute Mortality,GPPsat,Low,31,-0.32057,61.3,0.197,0.3057,ns
M5vsM6_anom_24m,tertiles,Absolute Mortality,NEPmax,Low,31,-1.24522,58.1,0.04503,0.1999,ns
M5vsM6_anom_24m,tertiles,Absolute Mortality,WUE,Low,31,-0.02703,54.8,0.1384,0.279,ns
M5vsM6_anom_24m,tertiles,Absolute Mortality,uWUE,Low,31,-0.00459,51.6,0.4339,0.5138,ns
M5vsM6_anom_24m,tertiles,Relative Mortality,ETmax,High,31,-3e-05,51.6,0.7184,0.7347,ns
M5vsM6_anom_24m,tertiles,Relative Mortality,GPPsat,High,31,-0.6868,67.7,0.005274,0.1187,ns
M5vsM6_anom_24m,tertiles,Relative Mortality,NEPmax,High,31,-0.67195,61.3,0.0256,0.192,ns
M5vsM6_anom_24m,tertiles,Relative Mortality,WUE,High,31,-0.05416,61.3,0.0695,0.2247,ns
M5vsM6_anom_24m,tertiles,Relative Mortality,uWUE,High,31,-0.04525,54.8,0.2194,0.3186,ns
M5vsM6_anom_24m,tertiles,Relative Mortality,ETmax,Mid,31,5e-05,48.4,0.5351,0.602,ns
M5vsM6_anom_24m,tertiles,Relative Mortality,GPPsat,Mid,31,-0.42007,61.3,0.1179,0.279,ns
M5vsM6_anom_24m,tertiles,Relative Mortality,NEPmax,Mid,31,-0.56029,61.3,0.07488,0.2247,ns
M5vsM6_anom_24m,tertiles,Relative Mortality,WUE,Mid,31,-0.06183,58.1,0.08355,0.235,ns
M5vsM6_anom_24m,tertiles,Relative Mortality,uWUE,Mid,31,-0.00459,51.6,0.4805,0.5544,ns
M5vsM6_anom_24m,tertiles,Relative Mortality,ETmax,Low,31,-0.00132,58.1,0.4032,0.4904,ns
M5vsM6_anom_24m,tertiles,Relative Mortality,GPPsat,Low,31,-0.36906,61.3,0.1518,0.279,ns
M5vsM6_anom_24m,tertiles,Relative Mortality,NEPmax,Low,31,-1.24522,58.1,0.0432,0.1999,ns
M5vsM6_anom_24m,tertiles,Relative Mortality,WUE,Low,31,-0.04218,54.8,0.1564,0.279,ns
M5vsM6_anom_24m,tertiles,Relative Mortality,uWUE,Low,31,-0.02063,54.8,0.1612,0.279,ns
M5vsM6_anom_24m,tertiles,Relative Disturbance,ETmax,High,31,-0.00012,54.8,0.5738,0.6298,ns
M5vsM6_anom_24m,tertiles,Relative Disturbance,GPPsat,High,31,-0.6868,64.5,0.01181,0.1771,ns
M5vsM6_anom_24m,tertiles,Relative Disturbance,NEPmax,High,31,-0.73515,64.5,0.01757,0.192,ns
M5vsM6_anom_24m,tertiles,Relative Disturbance,WUE,High,31,-0.02748,58.1,0.1103,0.279,ns
M5vsM6_anom_24m,tertiles,Relative Disturbance,uWUE,High,31,-0.04452,51.6,0.295,0.4022,ns
M5vsM6_anom_24m,tertiles,Relative Disturbance,ETmax,Mid,31,-4e-05,51.6,0.3512,0.4515,ns
M5vsM6_anom_24m,tertiles,Relative Disturbance,GPPsat,Mid,31,-0.53248,64.5,0.04887,0.1999,ns
M5vsM6_anom_24m,tertiles,Relative Disturbance,NEPmax,Mid,31,-0.61482,61.3,0.0256,0.192,ns
M5vsM6_anom_24m,tertiles,Relative Disturbance,WUE,Mid,31,-0.06183,58.1,0.04887,0.1999,ns
M5vsM6_anom_24m,tertiles,Relative Disturbance,uWUE,Mid,31,-0.00459,51.6,0.3807,0.4758,ns
M5vsM6_anom_24m,tertiles,Relative Disturbance,ETmax,Low,31,-0.00038,51.6,0.6632,0.6941,ns
M5vsM6_anom_24m,tertiles,Relative Disturbance,GPPsat,Low,31,-0.36906,61.3,0.208,0.3121,ns
M5vsM6_anom_24m,tertiles,Relative Disturbance,NEPmax,Low,31,-0.56029,54.8,0.1709,0.2828,ns
M5vsM6_anom_24m,tertiles,Relative Disturbance,WUE,Low,31,-0.05149,58.1,0.1564,0.279,ns
M5vsM6_anom_24m,tertiles,Relative Disturbance,uWUE,Low,31,-0.03395,58.1,0.1299,0.279,ns
M5vsM6_anom_24m,equal_width,Absolute Mortality,ETmax,Mid,35,0.00069,40,0.9117,0.9117,ns
M5vsM6_anom_24m,equal_width,Absolute Mortality,GPPsat,Mid,35,-0.08966,57.1,0.153,0.2818,ns
M5vsM6_anom_24m,equal_width,Absolute Mortality,NEPmax,Mid,35,-0.46389,57.1,0.1309,0.2546,ns
M5vsM6_anom_24m,equal_width,Absolute Mortality,WUE,Mid,35,-0.06183,65.7,0.009797,0.05715,ns
M5vsM6_anom_24m,equal_width,Absolute Mortality,uWUE,Mid,35,-0.04606,60,0.04501,0.1712,ns
M5vsM6_anom_24m,equal_width,Absolute Mortality,ETmax,Low,53,-0.00141,60.4,0.2128,0.3385,ns
M5vsM6_anom_24m,equal_width,Absolute Mortality,GPPsat,Low,53,-0.79885,71.7,0.001844,0.03227,*
M5vsM6_anom_24m,equal_width,Absolute Mortality,NEPmax,Low,53,-1.24522,66,0.001128,0.03227,*
M5vsM6_anom_24m,equal_width,Absolute Mortality,WUE,Low,53,-0.02703,52.8,0.1673,0.2927,ns
M5vsM6_anom_24m,equal_width,Absolute Mortality,uWUE,Low,53,-0.00868,52.8,0.2915,0.3925,ns
M5vsM6_anom_24m,equal_width,Absolute Mortality,ETmax,High,5,-0.00057,60,,,""
M5vsM6_anom_24m,equal_width,Absolute Mortality,GPPsat,High,5,0.5983,20,,,""
M5vsM6_anom_24m,equal_width,Absolute Mortality,NEPmax,High,5,1.14063,20,,,""
M5vsM6_anom_24m,equal_width,Absolute Mortality,WUE,High,5,-0.00746,60,,,""
M5vsM6_anom_24m,equal_width,Absolute Mortality,uWUE,High,5,0.17807,20,,,""
M5vsM6_anom_24m,equal_width,Relative Mortality,ETmax,Mid,33,0.00028,48.5,0.7626,0.785,ns
M5vsM6_anom_24m,equal_width,Relative Mortality,GPPsat,Mid,33,-0.6868,75.8,0.003679,0.04125,*
M5vsM6_anom_24m,equal_width,Relative Mortality,NEPmax,Mid,33,-0.67195,69.7,0.009173,0.05715,ns
M5vsM6_anom_24m,equal_width,Relative Mortality,WUE,Mid,33,-0.00592,51.5,0.2659,0.3877,ns
M5vsM6_anom_24m,equal_width,Relative Mortality,uWUE,Mid,33,0.00178,48.5,0.3875,0.4827,ns
M5vsM6_anom_24m,equal_width,Relative Mortality,ETmax,Low,53,-0.00038,52.8,0.4612,0.5381,ns
M5vsM6_anom_24m,equal_width,Relative Mortality,GPPsat,Low,53,-0.32057,58.5,0.09506,0.239,ns
M5vsM6_anom_24m,equal_width,Relative Mortality,NEPmax,Low,53,-0.2714,54.7,0.05652,0.1739,ns
M5vsM6_anom_24m,equal_width,Relative Mortality,WUE,Low,53,-0.06183,60.4,0.03027,0.1324,ns
M5vsM6_anom_24m,equal_width,Relative Mortality,uWUE,Low,53,-0.00877,56.6,0.1249,0.2546,ns
M5vsM6_anom_24m,equal_width,Relative Mortality,ETmax,High,7,-0.00146,71.4,0.3999,0.4827,ns
M5vsM6_anom_24m,equal_width,Relative Mortality,GPPsat,High,7,0.33278,42.9,0.2771,0.3879,ns
M5vsM6_anom_24m,equal_width,Relative Mortality,NEPmax,High,7,-0.79376,57.1,0.1763,0.2938,ns
M5vsM6_anom_24m,equal_width,Relative Mortality,WUE,High,7,-0.02748,71.4,0.1024,0.239,ns
M5vsM6_anom_24m,equal_width,Relative Mortality,uWUE,High,7,-0.05182,57.1,0.3363,0.4359,ns
M5vsM6_anom_24m,equal_width,Relative Disturbance,ETmax,Mid,35,-3e-05,51.4,0.6559,0.6956,ns
M5vsM6_anom_24m,equal_width,Relative Disturbance,GPPsat,Mid,35,-0.68759,71.4,0.004715,0.04125,*
M5vsM6_anom_24m,equal_width,Relative Disturbance,NEPmax,Mid,35,-0.67195,62.9,0.01563,0.07813,ns
M5vsM6_anom_24m,equal_width,Relative Disturbance,WUE,Mid,35,-0.00592,51.4,0.2432,0.3701,ns
M5vsM6_anom_24m,equal_width,Relative Disturbance,uWUE,Mid,35,0.00881,45.7,0.6559,0.6956,ns
M5vsM6_anom_24m,equal_width,Relative Disturbance,ETmax,Low,53,-4e-05,50.9,0.5807,0.6556,ns
M5vsM6_anom_24m,equal_width,Relative Disturbance,GPPsat,Low,53,-0.26163,58.5,0.1304,0.2546,ns
M5vsM6_anom_24m,equal_width,Relative Disturbance,NEPmax,Low,53,-0.56029,56.6,0.05961,0.1739,ns
M5vsM6_anom_24m,equal_width,Relative Disturbance,WUE,Low,53,-0.05797,58.5,0.04891,0.1712,ns
M5vsM6_anom_24m,equal_width,Relative Disturbance,uWUE,Low,53,-0.00877,56.6,0.1012,0.239,ns
M5vsM6_anom_24m,equal_width,Relative Disturbance,ETmax,High,5,-0.00146,80,,,""
M5vsM6_anom_24m,equal_width,Relative Disturbance,GPPsat,High,5,-1.64962,60,,,""
M5vsM6_anom_24m,equal_width,Relative Disturbance,NEPmax,High,5,-2.88095,80,,,""
M5vsM6_anom_24m,equal_width,Relative Disturbance,WUE,High,5,-0.2307,100,,,""
M5vsM6_anom_24m,equal_width,Relative Disturbance,uWUE,High,5,-0.21876,80,,,""
M5vsM6_anom_24m,natural_breaks,Absolute Mortality,ETmax,High,20,0.00039,45,0.6662,0.6856,ns
M5vsM6_anom_24m,natural_breaks,Absolute Mortality,GPPsat,High,20,-0.12784,55,0.1437,0.2694,ns
M5vsM6_anom_24m,natural_breaks,Absolute Mortality,NEPmax,High,20,0.01212,50,0.2941,0.4011,ns
M5vsM6_anom_24m,natural_breaks,Absolute Mortality,WUE,High,20,-0.02893,60,0.1274,0.2694,ns
M5vsM6_anom_24m,natural_breaks,Absolute Mortality,uWUE,High,20,-0.0215,50,0.2111,0.3392,ns
M5vsM6_anom_24m,natural_breaks,Absolute Mortality,ETmax,Mid,43,-3e-05,51.2,0.6117,0.6714,ns
M5vsM6_anom_24m,natural_breaks,Absolute Mortality,GPPsat,Mid,43,-0.72266,69.8,0.004165,0.07116,ns
M5vsM6_anom_24m,natural_breaks,Absolute Mortality,NEPmax,Mid,43,-0.67195,67.4,0.006325,0.07116,ns
M5vsM6_anom_24m,natural_breaks,Absolute Mortality,WUE,Mid,43,-0.0651,60.5,0.05348,0.21,ns
M5vsM6_anom_24m,natural_breaks,Absolute Mortality,uWUE,Mid,43,-0.04452,58.1,0.1426,0.2694,ns
M5vsM6_anom_24m,natural_breaks,Absolute Mortality,ETmax,Low,30,-0.00168,60,0.4347,0.5286,ns
M5vsM6_anom_24m,natural_breaks,Absolute Mortality,GPPsat,Low,30,-0.2911,60,0.2552,0.3589,ns
M5vsM6_anom_24m,natural_breaks,Absolute Mortality,NEPmax,Low,30,-1.09991,56.7,0.059,0.21,ns
M5vsM6_anom_24m,natural_breaks,Absolute Mortality,WUE,Low,30,-0.01763,53.3,0.1773,0.3069,ns
M5vsM6_anom_24m,natural_breaks,Absolute Mortality,uWUE,Low,30,0.00241,50,0.4918,0.5824,ns
M5vsM6_anom_24m,natural_breaks,Relative Mortality,ETmax,High,26,0,50,0.7373,0.7373,ns
M5vsM6_anom_24m,natural_breaks,Relative Mortality,GPPsat,High,26,-0.65015,61.5,0.01864,0.1678,ns
M5vsM6_anom_24m,natural_breaks,Relative Mortality,NEPmax,High,26,-0.73286,61.5,0.0284,0.21,ns
M5vsM6_anom_24m,natural_breaks,Relative Mortality,WUE,High,26,-0.04227,61.5,0.06066,0.21,ns
M5vsM6_anom_24m,natural_breaks,Relative Mortality,uWUE,High,26,-0.04488,53.8,0.1939,0.3232,ns
M5vsM6_anom_24m,natural_breaks,Relative Mortality,ETmax,Mid,32,-7e-05,53.1,0.3647,0.4689,ns
M5vsM6_anom_24m,natural_breaks,Relative Mortality,GPPsat,Mid,32,-0.59728,65.6,0.03707,0.21,ns
M5vsM6_anom_24m,natural_breaks,Relative Mortality,NEPmax,Mid,32,-0.5607,62.5,0.0453,0.21,ns
M5vsM6_anom_24m,natural_breaks,Relative Mortality,WUE,Mid,32,-0.04216,56.2,0.1411,0.2694,ns
M5vsM6_anom_24m,natural_breaks,Relative Mortality,uWUE,Mid,32,0.00595,50,0.5778,0.6501,ns
M5vsM6_anom_24m,natural_breaks,Relative Mortality,ETmax,Low,35,-0.00038,54.3,0.5424,0.6258,ns
M5vsM6_anom_24m,natural_breaks,Relative Mortality,GPPsat,Low,35,-0.36906,62.9,0.1609,0.2895,ns
M5vsM6_anom_24m,natural_breaks,Relative Mortality,NEPmax,Low,35,-1.08409,57.1,0.07359,0.2208,ns
M5vsM6_anom_24m,natural_breaks,Relative Mortality,WUE,Low,35,-0.05149,57.1,0.1051,0.2694,ns
M5vsM6_anom_24m,natural_breaks,Relative Mortality,uWUE,Low,35,-0.03395,57.1,0.1112,0.2694,ns
M5vsM6_anom_24m,natural_breaks,Relative Disturbance,ETmax,Mid,35,-3e-05,51.4,0.3624,0.4689,ns
M5vsM6_anom_24m,natural_breaks,Relative Disturbance,GPPsat,Mid,35,-0.68759,74.3,0.005965,0.07116,ns
M5vsM6_anom_24m,natural_breaks,Relative Disturbance,NEPmax,Mid,35,-0.70616,68.6,0.004494,0.07116,ns
M5vsM6_anom_24m,natural_breaks,Relative Disturbance,WUE,Mid,35,-0.03037,57.1,0.06913,0.2208,ns
M5vsM6_anom_24m,natural_breaks,Relative Disturbance,uWUE,Mid,35,-0.00459,51.4,0.3998,0.4997,ns
M5vsM6_anom_24m,natural_breaks,Relative Disturbance,ETmax,Low,35,-0.00038,51.4,0.6619,0.6856,ns
M5vsM6_anom_24m,natural_breaks,Relative Disturbance,GPPsat,Low,35,-0.32057,57.1,0.2381,0.3456,ns
M5vsM6_anom_24m,natural_breaks,Relative Disturbance,NEPmax,Low,35,-0.2714,51.4,0.2281,0.3456,ns
M5vsM6_anom_24m,natural_breaks,Relative Disturbance,WUE,Low,35,-0.05797,60,0.1175,0.2694,ns
M5vsM6_anom_24m,natural_breaks,Relative Disturbance,uWUE,Low,35,-0.03395,57.1,0.1345,0.2694,ns
M5vsM6_anom_24m,natural_breaks,Relative Disturbance,ETmax,High,23,-0.00057,56.5,0.6704,0.6856,ns
M5vsM6_anom_24m,natural_breaks,Relative Disturbance,GPPsat,High,23,-0.6135,56.5,0.05185,0.21,ns
M5vsM6_anom_24m,natural_breaks,Relative Disturbance,NEPmax,High,23,-0.67195,60.9,0.04286,0.21,ns
M5vsM6_anom_24m,natural_breaks,Relative Disturbance,WUE,High,23,-0.02748,56.5,0.1148,0.2694,ns
M5vsM6_anom_24m,natural_breaks,Relative Disturbance,uWUE,High,23,-0.04452,52.2,0.2374,0.3456,ns
M7vsM8_raw_12m,tertiles,Absolute Mortality,ETmax,High,31,0,48.4,0.3881,0.9933,ns
M7vsM8_raw_12m,tertiles,Absolute Mortality,GPPsat,High,31,0.04537,45.2,0.4961,0.9933,ns
M7vsM8_raw_12m,tertiles,Absolute Mortality,NEPmax,High,31,0.12007,38.7,0.8388,0.9933,ns
M7vsM8_raw_12m,tertiles,Absolute Mortality,WUE,High,31,-0.01075,64.5,0.1863,0.9933,ns
M7vsM8_raw_12m,tertiles,Absolute Mortality,uWUE,High,31,0.00502,41.9,0.9511,0.9963,ns
M7vsM8_raw_12m,tertiles,Absolute Mortality,ETmax,Mid,31,0.00025,41.9,0.7184,0.9933,ns
M7vsM8_raw_12m,tertiles,Absolute Mortality,GPPsat,Mid,31,-0.0492,58.1,0.2883,0.9933,ns
M7vsM8_raw_12m,tertiles,Absolute Mortality,NEPmax,Mid,31,-0.07251,61.3,0.3296,0.9933,ns
M7vsM8_raw_12m,tertiles,Absolute Mortality,WUE,Mid,31,-0.00575,58.1,0.3439,0.9933,ns
M7vsM8_raw_12m,tertiles,Absolute Mortality,uWUE,Mid,31,-0.0045,51.6,0.4185,0.9933,ns
M7vsM8_raw_12m,tertiles,Absolute Mortality,ETmax,Low,31,-0.00073,54.8,0.3512,0.9933,ns
M7vsM8_raw_12m,tertiles,Absolute Mortality,GPPsat,Low,31,3e-04,48.4,0.6342,0.9933,ns
M7vsM8_raw_12m,tertiles,Absolute Mortality,NEPmax,Low,31,0.08502,48.4,0.8084,0.9933,ns
M7vsM8_raw_12m,tertiles,Absolute Mortality,WUE,Low,31,0.00639,45.2,0.6982,0.9933,ns
M7vsM8_raw_12m,tertiles,Absolute Mortality,uWUE,Low,31,-0.00058,51.6,0.8137,0.9933,ns
M7vsM8_raw_12m,tertiles,Relative Mortality,ETmax,High,31,0.00035,35.5,0.9619,0.9963,ns
M7vsM8_raw_12m,tertiles,Relative Mortality,GPPsat,High,31,0.02709,45.2,0.4108,0.9933,ns
M7vsM8_raw_12m,tertiles,Relative Mortality,NEPmax,High,31,0.0816,41.9,0.6914,0.9933,ns
M7vsM8_raw_12m,tertiles,Relative Mortality,WUE,High,31,-0.00724,64.5,0.197,0.9933,ns
M7vsM8_raw_12m,tertiles,Relative Mortality,uWUE,High,31,0.00701,35.5,0.9863,0.9963,ns
M7vsM8_raw_12m,tertiles,Relative Mortality,ETmax,Mid,31,-0.00123,58.1,0.02029,0.7205,ns
M7vsM8_raw_12m,tertiles,Relative Mortality,GPPsat,Mid,31,0.08514,41.9,0.8742,0.9963,ns
M7vsM8_raw_12m,tertiles,Relative Mortality,NEPmax,Mid,31,0.07929,48.4,0.7688,0.9933,ns
M7vsM8_raw_12m,tertiles,Relative Mortality,WUE,Mid,31,-0.00335,51.6,0.4416,0.9933,ns
M7vsM8_raw_12m,tertiles,Relative Mortality,uWUE,Mid,31,-0.00779,58.1,0.3018,0.9933,ns
M7vsM8_raw_12m,tertiles,Relative Mortality,ETmax,Low,31,-2e-05,51.6,0.5892,0.9933,ns
M7vsM8_raw_12m,tertiles,Relative Mortality,GPPsat,Low,31,-0.07565,64.5,0.1384,0.9933,ns
M7vsM8_raw_12m,tertiles,Relative Mortality,NEPmax,Low,31,-0.02106,58.1,0.5351,0.9933,ns
M7vsM8_raw_12m,tertiles,Relative Mortality,WUE,Low,31,-0.00368,51.6,0.5815,0.9933,ns
M7vsM8_raw_12m,tertiles,Relative Mortality,uWUE,Low,31,-0.00058,51.6,0.7975,0.9933,ns
M7vsM8_raw_12m,tertiles,Relative Disturbance,ETmax,High,31,0.00024,32.3,0.9511,0.9963,ns
M7vsM8_raw_12m,tertiles,Relative Disturbance,GPPsat,High,31,0.04537,45.2,0.4339,0.9933,ns
M7vsM8_raw_12m,tertiles,Relative Disturbance,NEPmax,High,31,0.04248,48.4,0.3658,0.9933,ns
M7vsM8_raw_12m,tertiles,Relative Disturbance,WUE,High,31,-0.00724,64.5,0.1299,0.9933,ns
M7vsM8_raw_12m,tertiles,Relative Disturbance,uWUE,High,31,0.01793,32.3,0.9963,0.9963,ns
M7vsM8_raw_12m,tertiles,Relative Disturbance,ETmax,Mid,31,-0.00126,61.3,0.03202,0.7205,ns
M7vsM8_raw_12m,tertiles,Relative Disturbance,GPPsat,Mid,31,0.01996,41.9,0.7315,0.9933,ns
M7vsM8_raw_12m,tertiles,Relative Disturbance,NEPmax,Mid,31,0.07929,48.4,0.792,0.9933,ns
M7vsM8_raw_12m,tertiles,Relative Disturbance,WUE,Mid,31,-0.01391,61.3,0.1258,0.9933,ns
M7vsM8_raw_12m,tertiles,Relative Disturbance,uWUE,Mid,31,-0.00324,58.1,0.1384,0.9933,ns
M7vsM8_raw_12m,tertiles,Relative Disturbance,ETmax,Low,31,-5e-05,51.6,0.5584,0.9933,ns
M7vsM8_raw_12m,tertiles,Relative Disturbance,GPPsat,Low,31,-0.10249,64.5,0.3585,0.9933,ns
M7vsM8_raw_12m,tertiles,Relative Disturbance,NEPmax,Low,31,-0.00431,51.6,0.824,0.9933,ns
M7vsM8_raw_12m,tertiles,Relative Disturbance,WUE,Low,31,0.00639,41.9,0.9305,0.9963,ns
M7vsM8_raw_12m,tertiles,Relative Disturbance,uWUE,Low,31,-0.00095,54.8,0.6632,0.9933,ns
M7vsM8_raw_12m,equal_width,Absolute Mortality,ETmax,Mid,35,0,48.6,0.2231,0.9829,ns
M7vsM8_raw_12m,equal_width,Absolute Mortality,GPPsat,Mid,35,0.07006,42.9,0.6679,0.9829,ns
M7vsM8_raw_12m,equal_width,Absolute Mortality,NEPmax,Mid,35,0.12007,42.9,0.8792,0.9927,ns
M7vsM8_raw_12m,equal_width,Absolute Mortality,WUE,Mid,35,-0.00548,57.1,0.4061,0.9829,ns
M7vsM8_raw_12m,equal_width,Absolute Mortality,uWUE,Mid,35,0.00338,45.7,0.862,0.9927,ns
M7vsM8_raw_12m,equal_width,Absolute Mortality,ETmax,Low,53,2e-05,49.1,0.5528,0.9829,ns
M7vsM8_raw_12m,equal_width,Absolute Mortality,GPPsat,Low,53,-0.04227,56.6,0.3007,0.9829,ns
M7vsM8_raw_12m,equal_width,Absolute Mortality,NEPmax,Low,53,-0.02106,56.6,0.4507,0.9829,ns
M7vsM8_raw_12m,equal_width,Absolute Mortality,WUE,Low,53,-0.00067,50.9,0.6115,0.9829,ns
M7vsM8_raw_12m,equal_width,Absolute Mortality,uWUE,Low,53,0.00215,49.1,0.8144,0.9829,ns
M7vsM8_raw_12m,equal_width,Absolute Mortality,ETmax,High,5,0.00014,40,,,""
M7vsM8_raw_12m,equal_width,Absolute Mortality,GPPsat,High,5,0.04537,40,,,""
M7vsM8_raw_12m,equal_width,Absolute Mortality,NEPmax,High,5,0.17883,20,,,""
M7vsM8_raw_12m,equal_width,Absolute Mortality,WUE,High,5,-0.01912,100,,,""
M7vsM8_raw_12m,equal_width,Absolute Mortality,uWUE,High,5,-0.00336,60,,,""
M7vsM8_raw_12m,equal_width,Relative Mortality,ETmax,Mid,33,0.00016,36.4,0.6594,0.9829,ns
M7vsM8_raw_12m,equal_width,Relative Mortality,GPPsat,Mid,33,0.01996,48.5,0.2777,0.9829,ns
M7vsM8_raw_12m,equal_width,Relative Mortality,NEPmax,Mid,33,-0.04613,54.5,0.3739,0.9829,ns
M7vsM8_raw_12m,equal_width,Relative Mortality,WUE,Mid,33,-0.00584,63.6,0.1418,0.9829,ns
M7vsM8_raw_12m,equal_width,Relative Mortality,uWUE,Mid,33,0.00701,39.4,0.9801,0.9932,ns
M7vsM8_raw_12m,equal_width,Relative Mortality,ETmax,Low,53,-0.00073,58.5,0.1564,0.9829,ns
M7vsM8_raw_12m,equal_width,Relative Mortality,GPPsat,Low,53,-0.02127,52.8,0.5737,0.9829,ns
M7vsM8_raw_12m,equal_width,Relative Mortality,NEPmax,Low,53,0.07929,49.1,0.9094,0.9932,ns
M7vsM8_raw_12m,equal_width,Relative Mortality,WUE,Low,53,0.00057,49.1,0.7293,0.9829,ns
M7vsM8_raw_12m,equal_width,Relative Mortality,uWUE,Low,53,-0.00095,54.7,0.4367,0.9829,ns
M7vsM8_raw_12m,equal_width,Relative Mortality,ETmax,High,7,0.00076,28.6,0.962,0.9932,ns
M7vsM8_raw_12m,equal_width,Relative Mortality,GPPsat,High,7,0.04537,42.9,0.7766,0.9829,ns
M7vsM8_raw_12m,equal_width,Relative Mortality,NEPmax,High,7,0.17883,28.6,0.6001,0.9829,ns
M7vsM8_raw_12m,equal_width,Relative Mortality,WUE,High,7,-0.01172,71.4,0.2234,0.9829,ns
M7vsM8_raw_12m,equal_width,Relative Mortality,uWUE,High,7,0.00502,42.9,0.7766,0.9829,ns
M7vsM8_raw_12m,equal_width,Relative Disturbance,ETmax,Mid,35,0.00014,40,0.4253,0.9829,ns
M7vsM8_raw_12m,equal_width,Relative Disturbance,GPPsat,Mid,35,0.04537,42.9,0.5489,0.9829,ns
M7vsM8_raw_12m,equal_width,Relative Disturbance,NEPmax,Mid,35,0.05767,48.6,0.7027,0.9829,ns
M7vsM8_raw_12m,equal_width,Relative Disturbance,WUE,Mid,35,-0.00724,65.7,0.06083,0.9829,ns
M7vsM8_raw_12m,equal_width,Relative Disturbance,uWUE,Mid,35,0.00756,37.1,0.9932,0.9932,ns
M7vsM8_raw_12m,equal_width,Relative Disturbance,ETmax,Low,53,-0.00022,54.7,0.2707,0.9829,ns
M7vsM8_raw_12m,equal_width,Relative Disturbance,GPPsat,Low,53,-0.04227,56.6,0.3517,0.9829,ns
M7vsM8_raw_12m,equal_width,Relative Disturbance,NEPmax,Low,53,-0.00431,50.9,0.7923,0.9829,ns
M7vsM8_raw_12m,equal_width,Relative Disturbance,WUE,Low,53,0.00057,49.1,0.7794,0.9829,ns
M7vsM8_raw_12m,equal_width,Relative Disturbance,uWUE,Low,53,-0.00266,56.6,0.355,0.9829,ns
M7vsM8_raw_12m,equal_width,Relative Disturbance,ETmax,High,5,0.00236,40,,,""
M7vsM8_raw_12m,equal_width,Relative Disturbance,GPPsat,High,5,0.09581,40,,,""
M7vsM8_raw_12m,equal_width,Relative Disturbance,NEPmax,High,5,0.04248,40,,,""
M7vsM8_raw_12m,equal_width,Relative Disturbance,WUE,High,5,-0.01075,60,,,""
M7vsM8_raw_12m,equal_width,Relative Disturbance,uWUE,High,5,0.00502,40,,,""
M7vsM8_raw_12m,natural_breaks,Absolute Mortality,ETmax,High,20,0.00025,40,0.8387,0.99,ns
M7vsM8_raw_12m,natural_breaks,Absolute Mortality,GPPsat,High,20,-0.0645,60,0.1274,0.9827,ns
M7vsM8_raw_12m,natural_breaks,Absolute Mortality,NEPmax,High,20,0.19571,30,0.9075,0.99,ns
M7vsM8_raw_12m,natural_breaks,Absolute Mortality,WUE,High,20,-0.01281,65,0.3475,0.99,ns
M7vsM8_raw_12m,natural_breaks,Absolute Mortality,uWUE,High,20,0.00526,40,0.8563,0.99,ns
M7vsM8_raw_12m,natural_breaks,Absolute Mortality,ETmax,Mid,43,0,48.8,0.2552,0.9827,ns
M7vsM8_raw_12m,natural_breaks,Absolute Mortality,GPPsat,Mid,43,0.02362,48.8,0.6301,0.99,ns
M7vsM8_raw_12m,natural_breaks,Absolute Mortality,NEPmax,Mid,43,-0.06702,60.5,0.2872,0.9827,ns
M7vsM8_raw_12m,natural_breaks,Absolute Mortality,WUE,Mid,43,-0.00448,58.1,0.2362,0.9827,ns
M7vsM8_raw_12m,natural_breaks,Absolute Mortality,uWUE,Mid,43,0.00215,48.8,0.7169,0.99,ns
M7vsM8_raw_12m,natural_breaks,Absolute Mortality,ETmax,Low,30,-0.00037,53.3,0.3946,0.99,ns
M7vsM8_raw_12m,natural_breaks,Absolute Mortality,GPPsat,Low,30,0.0013,46.7,0.6745,0.99,ns
M7vsM8_raw_12m,natural_breaks,Absolute Mortality,NEPmax,Low,30,0.10155,46.7,0.8173,0.99,ns
M7vsM8_raw_12m,natural_breaks,Absolute Mortality,WUE,Low,30,0.00348,46.7,0.6964,0.99,ns
M7vsM8_raw_12m,natural_breaks,Absolute Mortality,uWUE,Low,30,-0.00077,53.3,0.7642,0.99,ns
M7vsM8_raw_12m,natural_breaks,Relative Mortality,ETmax,High,26,0.00042,30.8,0.9881,0.99,ns
M7vsM8_raw_12m,natural_breaks,Relative Mortality,GPPsat,High,26,0.01039,50,0.3057,0.9827,ns
M7vsM8_raw_12m,natural_breaks,Relative Mortality,NEPmax,High,26,0.09984,38.5,0.6578,0.99,ns
M7vsM8_raw_12m,natural_breaks,Relative Mortality,WUE,High,26,-0.01124,69.2,0.1431,0.9827,ns
M7vsM8_raw_12m,natural_breaks,Relative Mortality,uWUE,High,26,0.01276,34.6,0.9825,0.99,ns
M7vsM8_raw_12m,natural_breaks,Relative Mortality,ETmax,Mid,32,-0.00114,56.2,0.0314,0.7066,ns
M7vsM8_raw_12m,natural_breaks,Relative Mortality,GPPsat,Mid,32,0.0829,37.5,0.921,0.99,ns
M7vsM8_raw_12m,natural_breaks,Relative Mortality,NEPmax,Mid,32,-0.02632,53.1,0.6353,0.99,ns
M7vsM8_raw_12m,natural_breaks,Relative Mortality,WUE,Mid,32,-0.00391,53.1,0.3035,0.9827,ns
M7vsM8_raw_12m,natural_breaks,Relative Mortality,uWUE,Mid,32,-0.00233,56.2,0.2779,0.9827,ns
M7vsM8_raw_12m,natural_breaks,Relative Mortality,ETmax,Low,35,-5e-05,54.3,0.4511,0.99,ns
M7vsM8_raw_12m,natural_breaks,Relative Mortality,GPPsat,Low,35,-0.07565,62.9,0.2087,0.9827,ns
M7vsM8_raw_12m,natural_breaks,Relative Mortality,NEPmax,Low,35,-0.00601,54.3,0.7027,0.99,ns
M7vsM8_raw_12m,natural_breaks,Relative Mortality,WUE,Low,35,0.00057,48.6,0.7517,0.99,ns
M7vsM8_raw_12m,natural_breaks,Relative Mortality,uWUE,Low,35,-0.00058,51.4,0.8005,0.99,ns
M7vsM8_raw_12m,natural_breaks,Relative Disturbance,ETmax,Mid,35,-0.00104,54.3,0.02926,0.7066,ns
M7vsM8_raw_12m,natural_breaks,Relative Disturbance,GPPsat,Mid,35,0.0023,45.7,0.6191,0.99,ns
M7vsM8_raw_12m,natural_breaks,Relative Disturbance,NEPmax,Mid,35,0.07929,48.6,0.8051,0.99,ns
M7vsM8_raw_12m,natural_breaks,Relative Disturbance,WUE,Mid,35,-0.01305,65.7,0.06283,0.9424,ns
M7vsM8_raw_12m,natural_breaks,Relative Disturbance,uWUE,Mid,35,-0.00095,51.4,0.5424,0.99,ns
M7vsM8_raw_12m,natural_breaks,Relative Disturbance,ETmax,Low,35,-5e-05,51.4,0.5747,0.99,ns
M7vsM8_raw_12m,natural_breaks,Relative Disturbance,GPPsat,Low,35,-0.04227,60,0.4125,0.99,ns
M7vsM8_raw_12m,natural_breaks,Relative Disturbance,NEPmax,Low,35,-0.00431,51.4,0.8351,0.99,ns
M7vsM8_raw_12m,natural_breaks,Relative Disturbance,WUE,Low,35,0.00639,40,0.9534,0.99,ns
M7vsM8_raw_12m,natural_breaks,Relative Disturbance,uWUE,Low,35,-0.00266,57.1,0.4576,0.99,ns
M7vsM8_raw_12m,natural_breaks,Relative Disturbance,ETmax,High,23,0.00048,34.8,0.9751,0.99,ns
M7vsM8_raw_12m,natural_breaks,Relative Disturbance,GPPsat,High,23,0.04537,43.5,0.4576,0.99,ns
M7vsM8_raw_12m,natural_breaks,Relative Disturbance,NEPmax,High,23,0.04248,47.8,0.2374,0.9827,ns
M7vsM8_raw_12m,natural_breaks,Relative Disturbance,WUE,High,23,-0.01172,65.2,0.1615,0.9827,ns
M7vsM8_raw_12m,natural_breaks,Relative Disturbance,uWUE,High,23,0.01462,30.4,0.99,0.99,ns
M7vsM8_raw_24m,tertiles,Absolute Mortality,ETmax,High,31,-0.00031,67.7,0.1031,0.9281,ns
M7vsM8_raw_24m,tertiles,Absolute Mortality,GPPsat,High,31,0.04573,38.7,0.6415,0.9639,ns
M7vsM8_raw_24m,tertiles,Absolute Mortality,NEPmax,High,31,0.0371,45.2,0.6342,0.9639,ns
M7vsM8_raw_24m,tertiles,Absolute Mortality,WUE,High,31,-0.00437,61.3,0.2025,0.9295,ns
M7vsM8_raw_24m,tertiles,Absolute Mortality,uWUE,High,31,0.00586,38.7,0.9004,0.9647,ns
M7vsM8_raw_24m,tertiles,Absolute Mortality,ETmax,Mid,31,0.00011,45.2,0.8782,0.9639,ns
M7vsM8_raw_24m,tertiles,Absolute Mortality,GPPsat,Mid,31,0.01238,48.4,0.5738,0.9639,ns
M7vsM8_raw_24m,tertiles,Absolute Mortality,NEPmax,Mid,31,-0.04876,64.5,0.3156,0.9639,ns
M7vsM8_raw_24m,tertiles,Absolute Mortality,WUE,Mid,31,-0.00736,61.3,0.2685,0.9295,ns
M7vsM8_raw_24m,tertiles,Absolute Mortality,uWUE,Mid,31,0.00191,45.2,0.8572,0.9639,ns
M7vsM8_raw_24m,tertiles,Absolute Mortality,ETmax,Low,31,5e-05,48.4,0.3296,0.9639,ns
M7vsM8_raw_24m,tertiles,Absolute Mortality,GPPsat,Low,31,-0.06507,61.3,0.2558,0.9295,ns
M7vsM8_raw_24m,tertiles,Absolute Mortality,NEPmax,Low,31,-0.00703,51.6,0.792,0.9639,ns
M7vsM8_raw_24m,tertiles,Absolute Mortality,WUE,Low,31,0.00113,48.4,0.7628,0.9639,ns
M7vsM8_raw_24m,tertiles,Absolute Mortality,uWUE,Low,31,-0.00352,54.8,0.3957,0.9639,ns
M7vsM8_raw_24m,tertiles,Relative Mortality,ETmax,High,31,0.00011,45.2,0.7505,0.9639,ns
M7vsM8_raw_24m,tertiles,Relative Mortality,GPPsat,High,31,0.01768,38.7,0.6774,0.9639,ns
M7vsM8_raw_24m,tertiles,Relative Mortality,NEPmax,High,31,-0.01766,54.8,0.6268,0.9639,ns
M7vsM8_raw_24m,tertiles,Relative Mortality,WUE,High,31,-0.00736,64.5,0.2433,0.9295,ns
M7vsM8_raw_24m,tertiles,Relative Mortality,uWUE,High,31,0.00843,32.3,0.9816,0.9882,ns
M7vsM8_raw_24m,tertiles,Relative Mortality,ETmax,Mid,31,-0.00031,67.7,0.04887,0.9281,ns
M7vsM8_raw_24m,tertiles,Relative Mortality,GPPsat,Mid,31,0.04692,41.9,0.8782,0.9639,ns
M7vsM8_raw_24m,tertiles,Relative Mortality,NEPmax,Mid,31,0.04612,48.4,0.824,0.9639,ns
M7vsM8_raw_24m,tertiles,Relative Mortality,WUE,Mid,31,-0.00209,54.8,0.5507,0.9639,ns
M7vsM8_raw_24m,tertiles,Relative Mortality,uWUE,Mid,31,-0.00091,54.8,0.3732,0.9639,ns
M7vsM8_raw_24m,tertiles,Relative Mortality,ETmax,Low,31,0.00021,48.4,0.6704,0.9639,ns
M7vsM8_raw_24m,tertiles,Relative Mortality,GPPsat,Low,31,-0.1053,67.7,0.06692,0.9281,ns
M7vsM8_raw_24m,tertiles,Relative Mortality,NEPmax,Low,31,-0.05653,58.1,0.2312,0.9295,ns
M7vsM8_raw_24m,tertiles,Relative Mortality,WUE,Low,31,-0.00198,51.6,0.4262,0.9639,ns
M7vsM8_raw_24m,tertiles,Relative Mortality,uWUE,Low,31,-0.00077,51.6,0.5968,0.9639,ns
M7vsM8_raw_24m,tertiles,Relative Disturbance,ETmax,High,31,0.00015,38.7,0.9251,0.9681,ns
M7vsM8_raw_24m,tertiles,Relative Disturbance,GPPsat,High,31,0.02462,32.3,0.7505,0.9639,ns
M7vsM8_raw_24m,tertiles,Relative Disturbance,NEPmax,High,31,-0.02097,61.3,0.2558,0.9295,ns
M7vsM8_raw_24m,tertiles,Relative Disturbance,WUE,High,31,-0.00429,61.3,0.3881,0.9639,ns
M7vsM8_raw_24m,tertiles,Relative Disturbance,uWUE,High,31,0.01025,29,0.9882,0.9882,ns
M7vsM8_raw_24m,tertiles,Relative Disturbance,ETmax,Mid,31,-0.00059,77.4,0.002778,0.125,ns
M7vsM8_raw_24m,tertiles,Relative Disturbance,GPPsat,Mid,31,-0.02508,54.8,0.6488,0.9639,ns
M7vsM8_raw_24m,tertiles,Relative Disturbance,NEPmax,Mid,31,0.04612,48.4,0.8436,0.9639,ns
M7vsM8_raw_24m,tertiles,Relative Disturbance,WUE,Mid,31,-0.01148,61.3,0.09296,0.9281,ns
M7vsM8_raw_24m,tertiles,Relative Disturbance,uWUE,Mid,31,-0.00267,58.1,0.1916,0.9295,ns
M7vsM8_raw_24m,tertiles,Relative Disturbance,ETmax,Low,31,0.00021,45.2,0.7806,0.9639,ns
M7vsM8_raw_24m,tertiles,Relative Disturbance,GPPsat,Low,31,-0.07832,61.3,0.2558,0.9295,ns
M7vsM8_raw_24m,tertiles,Relative Disturbance,NEPmax,Low,31,-0.01851,51.6,0.5892,0.9639,ns
M7vsM8_raw_24m,tertiles,Relative Disturbance,WUE,Low,31,0.00113,48.4,0.7688,0.9639,ns
M7vsM8_raw_24m,tertiles,Relative Disturbance,uWUE,Low,31,-0.00077,51.6,0.6632,0.9639,ns
M7vsM8_raw_24m,equal_width,Absolute Mortality,ETmax,Mid,35,-0.00026,57.1,0.5747,0.9371,ns
M7vsM8_raw_24m,equal_width,Absolute Mortality,GPPsat,Mid,35,0.05678,40,0.8051,0.9467,ns
M7vsM8_raw_24m,equal_width,Absolute Mortality,NEPmax,Mid,35,0.0097,48.6,0.8391,0.9467,ns
M7vsM8_raw_24m,equal_width,Absolute Mortality,WUE,Mid,35,-0.00195,51.4,0.5875,0.9371,ns
M7vsM8_raw_24m,equal_width,Absolute Mortality,uWUE,Mid,35,0.00468,37.1,0.9411,0.9809,ns
M7vsM8_raw_24m,equal_width,Absolute Mortality,ETmax,Low,53,6e-05,47.2,0.5703,0.9371,ns
M7vsM8_raw_24m,equal_width,Absolute Mortality,GPPsat,Low,53,-0.05042,56.6,0.1502,0.9371,ns
M7vsM8_raw_24m,equal_width,Absolute Mortality,NEPmax,Low,53,-0.0213,56.6,0.5493,0.9371,ns
M7vsM8_raw_24m,equal_width,Absolute Mortality,WUE,Low,53,-0.00452,58.5,0.355,0.9371,ns
M7vsM8_raw_24m,equal_width,Absolute Mortality,uWUE,Low,53,-0.00077,50.9,0.6317,0.9371,ns
M7vsM8_raw_24m,equal_width,Absolute Mortality,ETmax,High,5,-0.00104,100,,,""
M7vsM8_raw_24m,equal_width,Absolute Mortality,GPPsat,High,5,0.04573,40,,,""
M7vsM8_raw_24m,equal_width,Absolute Mortality,NEPmax,High,5,-0.03481,60,,,""
M7vsM8_raw_24m,equal_width,Absolute Mortality,WUE,High,5,-0.01671,80,,,""
M7vsM8_raw_24m,equal_width,Absolute Mortality,uWUE,High,5,-0.0019,60,,,""
M7vsM8_raw_24m,equal_width,Relative Mortality,ETmax,Mid,33,5e-05,48.5,0.6916,0.9371,ns
M7vsM8_raw_24m,equal_width,Relative Mortality,GPPsat,Mid,33,0.04573,33.3,0.7893,0.9467,ns
M7vsM8_raw_24m,equal_width,Relative Mortality,NEPmax,Mid,33,-0.02097,60.6,0.334,0.9371,ns
M7vsM8_raw_24m,equal_width,Relative Mortality,WUE,Mid,33,-0.00209,57.6,0.4082,0.9371,ns
M7vsM8_raw_24m,equal_width,Relative Mortality,uWUE,Mid,33,0.00843,30.3,0.9684,0.9809,ns
M7vsM8_raw_24m,equal_width,Relative Mortality,ETmax,Low,53,-0.00027,56.6,0.2206,0.9371,ns
M7vsM8_raw_24m,equal_width,Relative Mortality,GPPsat,Low,53,-0.06507,60.4,0.2591,0.9371,ns
M7vsM8_raw_24m,equal_width,Relative Mortality,NEPmax,Low,53,0.03293,49.1,0.858,0.9467,ns
M7vsM8_raw_24m,equal_width,Relative Mortality,WUE,Low,53,-0.00337,52.8,0.5,0.9371,ns
M7vsM8_raw_24m,equal_width,Relative Mortality,uWUE,Low,53,-0.00352,56.6,0.365,0.9371,ns
M7vsM8_raw_24m,equal_width,Relative Mortality,ETmax,High,7,-2e-05,57.1,0.4663,0.9371,ns
M7vsM8_raw_24m,equal_width,Relative Mortality,GPPsat,High,7,0.02462,42.9,0.7229,0.9371,ns
M7vsM8_raw_24m,equal_width,Relative Mortality,NEPmax,High,7,-0.06412,57.1,0.2234,0.9371,ns
M7vsM8_raw_24m,equal_width,Relative Mortality,WUE,High,7,-0.01671,85.7,0.05416,0.9371,ns
M7vsM8_raw_24m,equal_width,Relative Mortality,uWUE,High,7,0.002,42.9,0.7229,0.9371,ns
M7vsM8_raw_24m,equal_width,Relative Disturbance,ETmax,Mid,35,-5e-05,51.4,0.3935,0.9371,ns
M7vsM8_raw_24m,equal_width,Relative Disturbance,GPPsat,Mid,35,0.04573,34.3,0.8655,0.9467,ns
M7vsM8_raw_24m,equal_width,Relative Disturbance,NEPmax,Mid,35,-0.01766,57.1,0.6315,0.9371,ns
M7vsM8_raw_24m,equal_width,Relative Disturbance,WUE,Mid,35,-0.00471,62.9,0.3321,0.9371,ns
M7vsM8_raw_24m,equal_width,Relative Disturbance,uWUE,Mid,35,0.00843,34.3,0.9809,0.9809,ns
M7vsM8_raw_24m,equal_width,Relative Disturbance,ETmax,Low,53,-0.00027,56.6,0.3038,0.9371,ns
M7vsM8_raw_24m,equal_width,Relative Disturbance,GPPsat,Low,53,-0.06507,58.5,0.31,0.9371,ns
M7vsM8_raw_24m,equal_width,Relative Disturbance,NEPmax,Low,53,-0.00703,50.9,0.645,0.9371,ns
M7vsM8_raw_24m,equal_width,Relative Disturbance,WUE,Low,53,-0.00198,50.9,0.5563,0.9371,ns
M7vsM8_raw_24m,equal_width,Relative Disturbance,uWUE,Low,53,-0.00091,54.7,0.3885,0.9371,ns
M7vsM8_raw_24m,equal_width,Relative Disturbance,ETmax,High,5,5e-04,40,,,""
M7vsM8_raw_24m,equal_width,Relative Disturbance,GPPsat,High,5,-0.09207,60,,,""
M7vsM8_raw_24m,equal_width,Relative Disturbance,NEPmax,High,5,-0.06412,60,,,""
M7vsM8_raw_24m,equal_width,Relative Disturbance,WUE,High,5,-0.0514,80,,,""
M7vsM8_raw_24m,equal_width,Relative Disturbance,uWUE,High,5,0.002,40,,,""
M7vsM8_raw_24m,natural_breaks,Absolute Mortality,ETmax,High,20,-0.00015,55,0.3338,0.8983,ns
M7vsM8_raw_24m,natural_breaks,Absolute Mortality,GPPsat,High,20,-0.00435,50,0.3338,0.8983,ns
M7vsM8_raw_24m,natural_breaks,Absolute Mortality,NEPmax,High,20,0.0234,45,0.6929,0.9827,ns
M7vsM8_raw_24m,natural_breaks,Absolute Mortality,WUE,High,20,-0.00454,60,0.4041,0.8983,ns
M7vsM8_raw_24m,natural_breaks,Absolute Mortality,uWUE,High,20,9e-04,50,0.6245,0.9827,ns
M7vsM8_raw_24m,natural_breaks,Absolute Mortality,ETmax,Mid,43,-0.00018,58.1,0.4591,0.8983,ns
M7vsM8_raw_24m,natural_breaks,Absolute Mortality,GPPsat,Mid,43,0.03169,41.9,0.789,0.9827,ns
M7vsM8_raw_24m,natural_breaks,Absolute Mortality,NEPmax,Mid,43,-0.03475,58.1,0.3976,0.8983,ns
M7vsM8_raw_24m,natural_breaks,Absolute Mortality,WUE,Mid,43,-0.00681,62.8,0.1244,0.8983,ns
M7vsM8_raw_24m,natural_breaks,Absolute Mortality,uWUE,Mid,43,0.00586,39.5,0.9706,0.9827,ns
M7vsM8_raw_24m,natural_breaks,Absolute Mortality,ETmax,Low,30,0.00013,46.7,0.4185,0.8983,ns
M7vsM8_raw_24m,natural_breaks,Absolute Mortality,GPPsat,Low,30,-0.05841,60,0.2964,0.8983,ns
M7vsM8_raw_24m,natural_breaks,Absolute Mortality,NEPmax,Low,30,-0.0081,53.3,0.7767,0.9827,ns
M7vsM8_raw_24m,natural_breaks,Absolute Mortality,WUE,Low,30,0.00133,46.7,0.7828,0.9827,ns
M7vsM8_raw_24m,natural_breaks,Absolute Mortality,uWUE,Low,30,-0.00354,53.3,0.4266,0.8983,ns
M7vsM8_raw_24m,natural_breaks,Relative Mortality,ETmax,High,26,0.00022,34.6,0.8979,0.9827,ns
M7vsM8_raw_24m,natural_breaks,Relative Mortality,GPPsat,High,26,0.01704,38.5,0.5706,0.9827,ns
M7vsM8_raw_24m,natural_breaks,Relative Mortality,NEPmax,High,26,-0.01931,57.7,0.4394,0.8983,ns
M7vsM8_raw_24m,natural_breaks,Relative Mortality,WUE,High,26,-0.01044,61.5,0.333,0.8983,ns
M7vsM8_raw_24m,natural_breaks,Relative Mortality,uWUE,High,26,0.00951,30.8,0.9789,0.9827,ns
M7vsM8_raw_24m,natural_breaks,Relative Mortality,ETmax,Mid,32,-0.00041,75,0.009956,0.224,ns
M7vsM8_raw_24m,natural_breaks,Relative Mortality,GPPsat,Mid,32,0.07676,40.6,0.921,0.9827,ns
M7vsM8_raw_24m,natural_breaks,Relative Mortality,NEPmax,Mid,32,0.04802,46.9,0.8369,0.9827,ns
M7vsM8_raw_24m,natural_breaks,Relative Mortality,WUE,Mid,32,-0.00331,59.4,0.3035,0.8983,ns
M7vsM8_raw_24m,natural_breaks,Relative Mortality,uWUE,Mid,32,-0.00368,56.2,0.3035,0.8983,ns
M7vsM8_raw_24m,natural_breaks,Relative Mortality,ETmax,Low,35,0.00021,48.6,0.6913,0.9827,ns
M7vsM8_raw_24m,natural_breaks,Relative Mortality,GPPsat,Low,35,-0.1053,65.7,0.1275,0.8983,ns
M7vsM8_raw_24m,natural_breaks,Relative Mortality,NEPmax,Low,35,-0.0213,57.1,0.3381,0.8983,ns
M7vsM8_raw_24m,natural_breaks,Relative Mortality,WUE,Low,35,-0.00198,51.4,0.5489,0.9827,ns
M7vsM8_raw_24m,natural_breaks,Relative Mortality,uWUE,Low,35,0.00191,48.6,0.7195,0.9827,ns
M7vsM8_raw_24m,natural_breaks,Relative Disturbance,ETmax,Mid,35,-5e-04,74.3,0.003357,0.151,ns
M7vsM8_raw_24m,natural_breaks,Relative Disturbance,GPPsat,Mid,35,0.01238,45.7,0.7412,0.9827,ns
M7vsM8_raw_24m,natural_breaks,Relative Disturbance,NEPmax,Mid,35,0.06132,45.7,0.943,0.9827,ns
M7vsM8_raw_24m,natural_breaks,Relative Disturbance,WUE,Mid,35,-0.00471,62.9,0.1175,0.8983,ns
M7vsM8_raw_24m,natural_breaks,Relative Disturbance,uWUE,Mid,35,-2e-04,51.4,0.3262,0.8983,ns
M7vsM8_raw_24m,natural_breaks,Relative Disturbance,ETmax,Low,35,0.00021,45.7,0.8096,0.9827,ns
M7vsM8_raw_24m,natural_breaks,Relative Disturbance,GPPsat,Low,35,-0.07532,60,0.2381,0.8983,ns
M7vsM8_raw_24m,natural_breaks,Relative Disturbance,NEPmax,Low,35,-0.0213,54.3,0.4511,0.8983,ns
M7vsM8_raw_24m,natural_breaks,Relative Disturbance,WUE,Low,35,0.00113,48.6,0.7769,0.9827,ns
M7vsM8_raw_24m,natural_breaks,Relative Disturbance,uWUE,Low,35,-0.00077,54.3,0.6002,0.9827,ns
M7vsM8_raw_24m,natural_breaks,Relative Disturbance,ETmax,High,23,0.00029,34.8,0.9071,0.9827,ns
M7vsM8_raw_24m,natural_breaks,Relative Disturbance,GPPsat,High,23,0.02462,39.1,0.5544,0.9827,ns
M7vsM8_raw_24m,natural_breaks,Relative Disturbance,NEPmax,High,23,-0.03481,65.2,0.1208,0.8983,ns
M7vsM8_raw_24m,natural_breaks,Relative Disturbance,WUE,High,23,-0.00736,60.9,0.398,0.8983,ns
M7vsM8_raw_24m,natural_breaks,Relative Disturbance,uWUE,High,23,0.01538,26.1,0.9827,0.9827,ns
M7vsM8_anom_12m,tertiles,Absolute Mortality,ETmax,High,31,-5e-05,51.6,0.6342,0.696,ns
M7vsM8_anom_12m,tertiles,Absolute Mortality,GPPsat,High,31,-0.63978,67.7,0.005899,0.065,ns
M7vsM8_anom_12m,tertiles,Absolute Mortality,NEPmax,High,31,-0.69007,77.4,0.0004171,0.01877,*
M7vsM8_anom_12m,tertiles,Absolute Mortality,WUE,High,31,-0.07571,61.3,0.08661,0.2165,ns
M7vsM8_anom_12m,tertiles,Absolute Mortality,uWUE,High,31,-0.06634,64.5,0.07488,0.1982,ns
M7vsM8_anom_12m,tertiles,Absolute Mortality,ETmax,Mid,31,-5e-05,51.6,0.6914,0.7235,ns
M7vsM8_anom_12m,tertiles,Absolute Mortality,GPPsat,Mid,31,-0.15344,54.8,0.1341,0.2514,ns
M7vsM8_anom_12m,tertiles,Absolute Mortality,NEPmax,Mid,31,-0.21847,58.1,0.2495,0.3208,ns
M7vsM8_anom_12m,tertiles,Absolute Mortality,WUE,Mid,31,-0.02387,58.1,0.2433,0.3208,ns
M7vsM8_anom_12m,tertiles,Absolute Mortality,uWUE,Mid,31,-0.02837,54.8,0.197,0.2955,ns
M7vsM8_anom_12m,tertiles,Absolute Mortality,ETmax,Low,31,-0.00024,58.1,0.2883,0.3506,ns
M7vsM8_anom_12m,tertiles,Absolute Mortality,GPPsat,Low,31,-0.0218,51.6,0.06441,0.1932,ns
M7vsM8_anom_12m,tertiles,Absolute Mortality,NEPmax,Low,31,-0.2636,71,0.005899,0.065,ns
M7vsM8_anom_12m,tertiles,Absolute Mortality,WUE,Low,31,-0.02625,54.8,0.3957,0.4451,ns
M7vsM8_anom_12m,tertiles,Absolute Mortality,uWUE,Low,31,-0.01686,51.6,0.197,0.2955,ns
M7vsM8_anom_12m,tertiles,Relative Mortality,ETmax,High,31,0.00021,41.9,0.834,0.8529,ns
M7vsM8_anom_12m,tertiles,Relative Mortality,GPPsat,High,31,-0.2082,58.1,0.05734,0.1843,ns
M7vsM8_anom_12m,tertiles,Relative Mortality,NEPmax,High,31,-0.33848,71,0.01065,0.065,ns
M7vsM8_anom_12m,tertiles,Relative Mortality,WUE,High,31,-0.02325,51.6,0.2372,0.3208,ns
M7vsM8_anom_12m,tertiles,Relative Mortality,uWUE,High,31,-0.04783,61.3,0.1472,0.2627,ns
M7vsM8_anom_12m,tertiles,Relative Mortality,ETmax,Mid,31,-0.00024,58.1,0.3512,0.4159,ns
M7vsM8_anom_12m,tertiles,Relative Mortality,GPPsat,Mid,31,-0.29718,64.5,0.01374,0.065,ns
M7vsM8_anom_12m,tertiles,Relative Mortality,NEPmax,Mid,31,-0.31764,64.5,0.01374,0.065,ns
M7vsM8_anom_12m,tertiles,Relative Mortality,WUE,Mid,31,-0.04174,67.7,0.1518,0.2627,ns
M7vsM8_anom_12m,tertiles,Relative Mortality,uWUE,Mid,31,-0.02612,58.1,0.1258,0.2462,ns
M7vsM8_anom_12m,tertiles,Relative Mortality,ETmax,Low,31,-0.00016,61.3,0.3732,0.4306,ns
M7vsM8_anom_12m,tertiles,Relative Mortality,GPPsat,Low,31,-0.0218,51.6,0.0695,0.1955,ns
M7vsM8_anom_12m,tertiles,Relative Mortality,NEPmax,Low,31,-0.2636,71,0.01307,0.065,ns
M7vsM8_anom_12m,tertiles,Relative Mortality,WUE,Low,31,-0.01536,54.8,0.2372,0.3208,ns
M7vsM8_anom_12m,tertiles,Relative Mortality,uWUE,Low,31,-0.04453,51.6,0.1103,0.2364,ns
M7vsM8_anom_12m,tertiles,Relative Disturbance,ETmax,High,31,0.00047,35.5,0.9223,0.9223,ns
M7vsM8_anom_12m,tertiles,Relative Disturbance,GPPsat,High,31,-0.48764,61.3,0.03807,0.1428,ns
M7vsM8_anom_12m,tertiles,Relative Disturbance,NEPmax,High,31,-0.43491,74.2,0.006588,0.065,ns
M7vsM8_anom_12m,tertiles,Relative Disturbance,WUE,High,31,-0.02387,51.6,0.1811,0.2955,ns
M7vsM8_anom_12m,tertiles,Relative Disturbance,uWUE,High,31,-0.05192,64.5,0.1258,0.2462,ns
M7vsM8_anom_12m,tertiles,Relative Disturbance,ETmax,Mid,31,-0.0011,71,0.04143,0.1434,ns
M7vsM8_anom_12m,tertiles,Relative Disturbance,GPPsat,Mid,31,-0.29396,64.5,0.01444,0.065,ns
M7vsM8_anom_12m,tertiles,Relative Disturbance,NEPmax,Mid,31,-0.28679,61.3,0.01307,0.065,ns
M7vsM8_anom_12m,tertiles,Relative Disturbance,WUE,Mid,31,-0.03565,64.5,0.208,0.302,ns
M7vsM8_anom_12m,tertiles,Relative Disturbance,uWUE,Mid,31,-0.01686,51.6,0.1863,0.2955,ns
M7vsM8_anom_12m,tertiles,Relative Disturbance,ETmax,Low,31,-6e-05,54.8,0.6632,0.7106,ns
M7vsM8_anom_12m,tertiles,Relative Disturbance,GPPsat,Low,31,0.01781,48.4,0.1103,0.2364,ns
M7vsM8_anom_12m,tertiles,Relative Disturbance,NEPmax,Low,31,-0.2636,71,0.03202,0.131,ns
M7vsM8_anom_12m,tertiles,Relative Disturbance,WUE,Low,31,-0.03155,58.1,0.275,0.3438,ns
M7vsM8_anom_12m,tertiles,Relative Disturbance,uWUE,Low,31,-0.04453,54.8,0.1103,0.2364,ns
M7vsM8_anom_12m,equal_width,Absolute Mortality,ETmax,Mid,35,0.00021,45.7,0.9411,0.9411,ns
M7vsM8_anom_12m,equal_width,Absolute Mortality,GPPsat,Mid,35,-0.2082,54.3,0.138,0.2416,ns
M7vsM8_anom_12m,equal_width,Absolute Mortality,NEPmax,Mid,35,-0.44301,65.7,0.004494,0.04679,*
M7vsM8_anom_12m,equal_width,Absolute Mortality,WUE,Mid,35,-0.0902,68.6,0.04348,0.1268,ns
M7vsM8_anom_12m,equal_width,Absolute Mortality,uWUE,Mid,35,-0.07927,62.9,0.05158,0.1289,ns
M7vsM8_anom_12m,equal_width,Absolute Mortality,ETmax,Low,53,-0.00024,58.5,0.1809,0.2639,ns
M7vsM8_anom_12m,equal_width,Absolute Mortality,GPPsat,Low,53,-0.15344,56.6,0.008021,0.04679,*
M7vsM8_anom_12m,equal_width,Absolute Mortality,NEPmax,Low,53,-0.25716,67.9,0.006926,0.04679,*
M7vsM8_anom_12m,equal_width,Absolute Mortality,WUE,Low,53,-0.01536,52.8,0.3919,0.4898,ns
M7vsM8_anom_12m,equal_width,Absolute Mortality,uWUE,Low,53,-0.01755,52.8,0.1502,0.2503,ns
M7vsM8_anom_12m,equal_width,Absolute Mortality,ETmax,High,5,-5e-05,60,,,""
M7vsM8_anom_12m,equal_width,Absolute Mortality,GPPsat,High,5,-0.69599,100,,,""
M7vsM8_anom_12m,equal_width,Absolute Mortality,NEPmax,High,5,-0.36308,100,,,""
M7vsM8_anom_12m,equal_width,Absolute Mortality,WUE,High,5,0.00595,40,,,""
M7vsM8_anom_12m,equal_width,Absolute Mortality,uWUE,High,5,-0.02296,60,,,""
M7vsM8_anom_12m,equal_width,Relative Mortality,ETmax,Mid,33,9e-05,45.5,0.8236,0.8478,ns
M7vsM8_anom_12m,equal_width,Relative Mortality,GPPsat,Mid,33,-0.2082,57.6,0.0501,0.1289,ns
M7vsM8_anom_12m,equal_width,Relative Mortality,NEPmax,Mid,33,-0.31764,69.7,0.01995,0.0715,ns
M7vsM8_anom_12m,equal_width,Relative Mortality,WUE,Mid,33,-0.0141,54.5,0.3604,0.4672,ns
M7vsM8_anom_12m,equal_width,Relative Mortality,uWUE,Mid,33,-0.04783,57.6,0.2543,0.356,ns
M7vsM8_anom_12m,equal_width,Relative Mortality,ETmax,Low,53,-0.00024,62.3,0.2855,0.3843,ns
M7vsM8_anom_12m,equal_width,Relative Mortality,GPPsat,Low,53,-0.16817,54.7,0.01718,0.0715,ns
M7vsM8_anom_12m,equal_width,Relative Mortality,NEPmax,Low,53,-0.25716,64.2,0.005965,0.04679,*
M7vsM8_anom_12m,equal_width,Relative Mortality,WUE,Low,53,-0.03565,60.4,0.1044,0.1922,ns
M7vsM8_anom_12m,equal_width,Relative Mortality,uWUE,Low,53,-0.02612,54.7,0.05856,0.1367,ns
M7vsM8_anom_12m,equal_width,Relative Mortality,ETmax,High,7,0.00045,28.6,0.6637,0.7039,ns
M7vsM8_anom_12m,equal_width,Relative Mortality,GPPsat,High,7,-0.69599,85.7,0.1024,0.1922,ns
M7vsM8_anom_12m,equal_width,Relative Mortality,NEPmax,High,7,-1.00037,100,0.01125,0.05624,ns
M7vsM8_anom_12m,equal_width,Relative Mortality,WUE,High,7,-0.04381,57.1,0.1763,0.2639,ns
M7vsM8_anom_12m,equal_width,Relative Mortality,uWUE,High,7,-0.17079,71.4,0.1763,0.2639,ns
M7vsM8_anom_12m,equal_width,Relative Disturbance,ETmax,Mid,35,0,48.6,0.5875,0.6426,ns
M7vsM8_anom_12m,equal_width,Relative Disturbance,GPPsat,Mid,35,-0.15344,54.3,0.06698,0.1465,ns
M7vsM8_anom_12m,equal_width,Relative Disturbance,NEPmax,Mid,35,-0.2965,65.7,0.02926,0.0931,ns
M7vsM8_anom_12m,equal_width,Relative Disturbance,WUE,Mid,35,-0.0141,51.4,0.4511,0.5263,ns
M7vsM8_anom_12m,equal_width,Relative Disturbance,uWUE,Mid,35,-0.02296,54.3,0.4317,0.521,ns
M7vsM8_anom_12m,equal_width,Relative Disturbance,ETmax,Low,53,-0.00016,58.5,0.5071,0.5725,ns
M7vsM8_anom_12m,equal_width,Relative Disturbance,GPPsat,Low,53,-0.29689,58.5,0.007099,0.04679,*
M7vsM8_anom_12m,equal_width,Relative Disturbance,NEPmax,Low,53,-0.30734,67.9,0.00272,0.04679,*
M7vsM8_anom_12m,equal_width,Relative Disturbance,WUE,Low,53,-0.03565,62.3,0.08363,0.1722,ns
M7vsM8_anom_12m,equal_width,Relative Disturbance,uWUE,Low,53,-0.04453,56.6,0.02043,0.0715,ns
M7vsM8_anom_12m,equal_width,Relative Disturbance,ETmax,High,5,0.00045,40,,,""
M7vsM8_anom_12m,equal_width,Relative Disturbance,GPPsat,High,5,-0.70678,80,,,""
M7vsM8_anom_12m,equal_width,Relative Disturbance,NEPmax,High,5,-1.77582,100,,,""
M7vsM8_anom_12m,equal_width,Relative Disturbance,WUE,High,5,-0.15645,60,,,""
M7vsM8_anom_12m,equal_width,Relative Disturbance,uWUE,High,5,-0.23058,80,,,""
M7vsM8_anom_12m,natural_breaks,Absolute Mortality,ETmax,High,20,0.00012,45,0.731,0.7833,ns
M7vsM8_anom_12m,natural_breaks,Absolute Mortality,GPPsat,High,20,-0.64709,70,0.01591,0.09538,ns
M7vsM8_anom_12m,natural_breaks,Absolute Mortality,NEPmax,High,20,-0.52658,75,0.009816,0.09538,ns
M7vsM8_anom_12m,natural_breaks,Absolute Mortality,WUE,High,20,-0.00865,50,0.3071,0.3735,ns
M7vsM8_anom_12m,natural_breaks,Absolute Mortality,uWUE,High,20,-0.04987,65,0.1274,0.2205,ns
M7vsM8_anom_12m,natural_breaks,Absolute Mortality,ETmax,Mid,43,-0.00011,55.8,0.5217,0.5869,ns
M7vsM8_anom_12m,natural_breaks,Absolute Mortality,GPPsat,Mid,43,-0.18187,58.1,0.03367,0.101,ns
M7vsM8_anom_12m,natural_breaks,Absolute Mortality,NEPmax,Mid,43,-0.28679,65.1,0.0235,0.1002,ns
M7vsM8_anom_12m,natural_breaks,Absolute Mortality,WUE,Mid,43,-0.03692,65.1,0.05754,0.1363,ns
M7vsM8_anom_12m,natural_breaks,Absolute Mortality,uWUE,Mid,43,-0.05873,58.1,0.07798,0.1754,ns
M7vsM8_anom_12m,natural_breaks,Absolute Mortality,ETmax,Low,30,-2e-04,56.7,0.3788,0.4486,ns
M7vsM8_anom_12m,natural_breaks,Absolute Mortality,GPPsat,Low,30,-0.002,50,0.1011,0.2044,ns
M7vsM8_anom_12m,natural_breaks,Absolute Mortality,NEPmax,Low,30,-0.30003,70,0.006048,0.09072,ns
M7vsM8_anom_12m,natural_breaks,Absolute Mortality,WUE,Low,30,-0.02081,53.3,0.4105,0.4737,ns
M7vsM8_anom_12m,natural_breaks,Absolute Mortality,uWUE,Low,30,0.0017,50,0.2686,0.3555,ns
M7vsM8_anom_12m,natural_breaks,Relative Mortality,ETmax,High,26,0.00046,34.6,0.9452,0.9667,ns
M7vsM8_anom_12m,natural_breaks,Relative Mortality,GPPsat,High,26,-0.428,65.4,0.03985,0.1064,ns
M7vsM8_anom_12m,natural_breaks,Relative Mortality,NEPmax,High,26,-0.35078,73.1,0.01357,0.09538,ns
M7vsM8_anom_12m,natural_breaks,Relative Mortality,WUE,High,26,-0.00896,50,0.187,0.2715,ns
M7vsM8_anom_12m,natural_breaks,Relative Mortality,uWUE,High,26,-0.04987,65.4,0.1067,0.2044,ns
M7vsM8_anom_12m,natural_breaks,Relative Mortality,ETmax,Mid,32,-0.00105,68.8,0.02221,0.1002,ns
M7vsM8_anom_12m,natural_breaks,Relative Mortality,GPPsat,Mid,32,-0.23106,56.2,0.05289,0.1322,ns
M7vsM8_anom_12m,natural_breaks,Relative Mortality,NEPmax,Mid,32,-0.29707,62.5,0.0402,0.1064,ns
M7vsM8_anom_12m,natural_breaks,Relative Mortality,WUE,Mid,32,-0.03869,65.6,0.297,0.3713,ns
M7vsM8_anom_12m,natural_breaks,Relative Mortality,uWUE,Mid,32,-0.01721,53.1,0.2027,0.2764,ns
M7vsM8_anom_12m,natural_breaks,Relative Mortality,ETmax,Low,35,-6e-05,54.3,0.714,0.7833,ns
M7vsM8_anom_12m,natural_breaks,Relative Mortality,GPPsat,Low,35,-0.18187,54.3,0.03151,0.101,ns
M7vsM8_anom_12m,natural_breaks,Relative Mortality,NEPmax,Low,35,-0.33645,71.4,0.003888,0.08749,ns
M7vsM8_anom_12m,natural_breaks,Relative Mortality,WUE,Low,35,-0.03155,57.1,0.169,0.2622,ns
M7vsM8_anom_12m,natural_breaks,Relative Mortality,uWUE,Low,35,-0.04453,54.3,0.08571,0.1837,ns
M7vsM8_anom_12m,natural_breaks,Relative Disturbance,ETmax,Mid,35,-0.00115,68.6,0.01165,0.09538,ns
M7vsM8_anom_12m,natural_breaks,Relative Disturbance,GPPsat,Mid,35,-0.29396,62.9,0.01696,0.09538,ns
M7vsM8_anom_12m,natural_breaks,Relative Disturbance,NEPmax,Mid,35,-0.27402,60,0.02926,0.101,ns
M7vsM8_anom_12m,natural_breaks,Relative Disturbance,WUE,Mid,35,-0.02625,60,0.286,0.3677,ns
M7vsM8_anom_12m,natural_breaks,Relative Disturbance,uWUE,Mid,35,-0.04092,54.3,0.1143,0.2058,ns
M7vsM8_anom_12m,natural_breaks,Relative Disturbance,ETmax,Low,35,-6e-05,54.3,0.7568,0.792,ns
M7vsM8_anom_12m,natural_breaks,Relative Disturbance,GPPsat,Low,35,0.0223,45.7,0.1345,0.2241,ns
M7vsM8_anom_12m,natural_breaks,Relative Disturbance,NEPmax,Low,35,-0.2636,68.6,0.02613,0.1002,ns
M7vsM8_anom_12m,natural_breaks,Relative Disturbance,WUE,Low,35,-0.03506,60,0.1995,0.2764,ns
M7vsM8_anom_12m,natural_breaks,Relative Disturbance,uWUE,Low,35,-0.02612,54.3,0.153,0.2459,ns
M7vsM8_anom_12m,natural_breaks,Relative Disturbance,ETmax,High,23,0.00106,30.4,0.9713,0.9713,ns
M7vsM8_anom_12m,natural_breaks,Relative Disturbance,GPPsat,High,23,-0.63978,69.6,0.02672,0.1002,ns
M7vsM8_anom_12m,natural_breaks,Relative Disturbance,NEPmax,High,23,-0.62246,82.6,0.002451,0.08749,ns
M7vsM8_anom_12m,natural_breaks,Relative Disturbance,WUE,High,23,-0.02387,52.2,0.1768,0.2652,ns
M7vsM8_anom_12m,natural_breaks,Relative Disturbance,uWUE,High,23,-0.04783,65.2,0.109,0.2044,ns
M7vsM8_anom_24m,tertiles,Absolute Mortality,ETmax,High,31,8e-05,48.4,0.8782,0.9409,ns
M7vsM8_anom_24m,tertiles,Absolute Mortality,GPPsat,High,31,-0.53937,71,0.004198,0.03778,*
M7vsM8_anom_24m,tertiles,Absolute Mortality,NEPmax,High,31,-0.68089,80.6,0.0006776,0.02598,*
M7vsM8_anom_24m,tertiles,Absolute Mortality,WUE,High,31,-0.06984,61.3,0.04503,0.1447,ns
M7vsM8_anom_24m,tertiles,Absolute Mortality,uWUE,High,31,-0.06493,61.3,0.08058,0.179,ns
M7vsM8_anom_24m,tertiles,Absolute Mortality,ETmax,Mid,31,0.00016,32.3,0.9707,0.9707,ns
M7vsM8_anom_24m,tertiles,Absolute Mortality,GPPsat,Mid,31,-0.10304,64.5,0.07769,0.179,ns
M7vsM8_anom_24m,tertiles,Absolute Mortality,NEPmax,Mid,31,-0.09409,58.1,0.1472,0.2731,ns
M7vsM8_anom_24m,tertiles,Absolute Mortality,WUE,Mid,31,-0.03986,61.3,0.1709,0.2731,ns
M7vsM8_anom_24m,tertiles,Absolute Mortality,uWUE,Mid,31,-0.02316,54.8,0.2621,0.337,ns
M7vsM8_anom_24m,tertiles,Absolute Mortality,ETmax,Low,31,-0.00067,54.8,0.1863,0.2794,ns
M7vsM8_anom_24m,tertiles,Absolute Mortality,GPPsat,Low,31,-0.13375,61.3,0.03648,0.1263,ns
M7vsM8_anom_24m,tertiles,Absolute Mortality,NEPmax,Low,31,-0.26862,74.2,0.002778,0.03778,*
M7vsM8_anom_24m,tertiles,Absolute Mortality,WUE,Low,31,-0.02493,61.3,0.2137,0.2914,ns
M7vsM8_anom_24m,tertiles,Absolute Mortality,uWUE,Low,31,-0.0175,61.3,0.3732,0.442,ns
M7vsM8_anom_24m,tertiles,Relative Mortality,ETmax,High,31,0.00023,41.9,0.9635,0.9707,ns
M7vsM8_anom_24m,tertiles,Relative Mortality,GPPsat,High,31,-0.33977,67.7,0.008185,0.05852,ns
M7vsM8_anom_24m,tertiles,Relative Mortality,NEPmax,High,31,-0.34358,67.7,0.01935,0.08706,ns
M7vsM8_anom_24m,tertiles,Relative Mortality,WUE,High,31,-0.06229,54.8,0.08355,0.179,ns
M7vsM8_anom_24m,tertiles,Relative Mortality,uWUE,High,31,-0.05353,61.3,0.1384,0.2731,ns
M7vsM8_anom_24m,tertiles,Relative Mortality,ETmax,Mid,31,0.00014,38.7,0.824,0.9044,ns
M7vsM8_anom_24m,tertiles,Relative Mortality,GPPsat,Mid,31,-0.21367,74.2,0.02335,0.08755,ns
M7vsM8_anom_24m,tertiles,Relative Mortality,NEPmax,Mid,31,-0.60785,77.4,0.003737,0.03778,*
M7vsM8_anom_24m,tertiles,Relative Mortality,WUE,Mid,31,-0.04308,67.7,0.1564,0.2731,ns
M7vsM8_anom_24m,tertiles,Relative Mortality,uWUE,Mid,31,-0.03365,58.1,0.2883,0.3603,ns
M7vsM8_anom_24m,tertiles,Relative Mortality,ETmax,Low,31,-0.00063,54.8,0.3585,0.436,ns
M7vsM8_anom_24m,tertiles,Relative Mortality,GPPsat,Low,31,-0.17505,54.8,0.04887,0.1466,ns
M7vsM8_anom_24m,tertiles,Relative Mortality,NEPmax,Low,31,-0.21096,67.7,0.02229,0.08755,ns
M7vsM8_anom_24m,tertiles,Relative Mortality,WUE,Low,31,-0.02493,61.3,0.1612,0.2731,ns
M7vsM8_anom_24m,tertiles,Relative Mortality,uWUE,Low,31,-0.0175,58.1,0.208,0.2914,ns
M7vsM8_anom_24m,tertiles,Relative Disturbance,ETmax,High,31,0.00014,45.2,0.9427,0.9707,ns
M7vsM8_anom_24m,tertiles,Relative Disturbance,GPPsat,High,31,-0.50811,67.7,0.009103,0.05852,ns
M7vsM8_anom_24m,tertiles,Relative Disturbance,NEPmax,High,31,-0.56278,67.7,0.01374,0.0687,ns
M7vsM8_anom_24m,tertiles,Relative Disturbance,WUE,High,31,-0.04308,58.1,0.07488,0.179,ns
M7vsM8_anom_24m,tertiles,Relative Disturbance,uWUE,High,31,-0.05353,61.3,0.1472,0.2731,ns
M7vsM8_anom_24m,tertiles,Relative Disturbance,ETmax,Mid,31,1e-04,41.9,0.4571,0.5274,ns
M7vsM8_anom_24m,tertiles,Relative Disturbance,GPPsat,Mid,31,-0.17273,77.4,0.01242,0.0687,ns
M7vsM8_anom_24m,tertiles,Relative Disturbance,NEPmax,Mid,31,-0.71241,77.4,0.001155,0.02598,*
M7vsM8_anom_24m,tertiles,Relative Disturbance,WUE,Mid,31,-0.04894,64.5,0.176,0.2731,ns
M7vsM8_anom_24m,tertiles,Relative Disturbance,uWUE,Mid,31,-0.03757,58.1,0.208,0.2914,ns
M7vsM8_anom_24m,tertiles,Relative Disturbance,ETmax,Low,31,0.00014,48.4,0.7863,0.8846,ns
M7vsM8_anom_24m,tertiles,Relative Disturbance,GPPsat,Low,31,-0.17505,51.6,0.06198,0.1705,ns
M7vsM8_anom_24m,tertiles,Relative Disturbance,NEPmax,Low,31,-0.21096,67.7,0.06441,0.1705,ns
M7vsM8_anom_24m,tertiles,Relative Disturbance,WUE,Low,31,-0.02493,61.3,0.176,0.2731,ns
M7vsM8_anom_24m,tertiles,Relative Disturbance,uWUE,Low,31,-0.0175,58.1,0.2495,0.3302,ns
M7vsM8_anom_24m,equal_width,Absolute Mortality,ETmax,Mid,35,0.00064,34.3,0.9938,0.9938,ns
M7vsM8_anom_24m,equal_width,Absolute Mortality,GPPsat,Mid,35,-0.28794,62.9,0.05699,0.133,ns
M7vsM8_anom_24m,equal_width,Absolute Mortality,NEPmax,Mid,35,-0.68089,74.3,0.004944,0.03461,*
M7vsM8_anom_24m,equal_width,Absolute Mortality,WUE,Mid,35,-0.06984,62.9,0.03516,0.08789,ns
M7vsM8_anom_24m,equal_width,Absolute Mortality,uWUE,Mid,35,-0.05353,65.7,0.02421,0.06518,ns
M7vsM8_anom_24m,equal_width,Absolute Mortality,ETmax,Low,53,-3e-04,50.9,0.3007,0.4048,ns
M7vsM8_anom_24m,equal_width,Absolute Mortality,GPPsat,Low,53,-0.17273,64.2,0.004506,0.03461,*
M7vsM8_anom_24m,equal_width,Absolute Mortality,NEPmax,Low,53,-0.30791,67.9,0.003655,0.03461,*
M7vsM8_anom_24m,equal_width,Absolute Mortality,WUE,Low,53,-0.02493,58.5,0.2232,0.3171,ns
M7vsM8_anom_24m,equal_width,Absolute Mortality,uWUE,Low,53,-0.01704,56.6,0.329,0.4265,ns
M7vsM8_anom_24m,equal_width,Absolute Mortality,ETmax,High,5,-0.00022,60,,,""
M7vsM8_anom_24m,equal_width,Absolute Mortality,GPPsat,High,5,-0.68554,100,,,""
M7vsM8_anom_24m,equal_width,Absolute Mortality,NEPmax,High,5,-0.17302,80,,,""
M7vsM8_anom_24m,equal_width,Absolute Mortality,WUE,High,5,-0.06229,80,,,""
M7vsM8_anom_24m,equal_width,Absolute Mortality,uWUE,High,5,0.04199,40,,,""
M7vsM8_anom_24m,equal_width,Relative Mortality,ETmax,Mid,33,0.00046,36.4,0.9743,0.9938,ns
M7vsM8_anom_24m,equal_width,Relative Mortality,GPPsat,Mid,33,-0.28794,66.7,0.01336,0.05047,ns
M7vsM8_anom_24m,equal_width,Relative Mortality,NEPmax,Mid,33,-0.60785,69.7,0.01674,0.05047,ns
M7vsM8_anom_24m,equal_width,Relative Mortality,WUE,Mid,33,-0.04308,54.5,0.2265,0.3171,ns
M7vsM8_anom_24m,equal_width,Relative Mortality,uWUE,Mid,33,-0.03757,57.6,0.3671,0.4589,ns
M7vsM8_anom_24m,equal_width,Relative Mortality,ETmax,Low,53,5e-05,47.2,0.5668,0.6399,ns
M7vsM8_anom_24m,equal_width,Relative Mortality,GPPsat,Low,53,-0.14043,62.3,0.01644,0.05047,ns
M7vsM8_anom_24m,equal_width,Relative Mortality,NEPmax,Low,53,-0.26862,69.8,0.003853,0.03461,*
M7vsM8_anom_24m,equal_width,Relative Mortality,WUE,Low,53,-0.03464,64.2,0.07327,0.1443,ns
M7vsM8_anom_24m,equal_width,Relative Mortality,uWUE,Low,53,-0.02219,58.5,0.1126,0.1877,ns
M7vsM8_anom_24m,equal_width,Relative Mortality,ETmax,High,7,-0.00022,71.4,0.4663,0.5628,ns
M7vsM8_anom_24m,equal_width,Relative Mortality,GPPsat,High,7,-0.68554,85.7,0.1024,0.1793,ns
M7vsM8_anom_24m,equal_width,Relative Mortality,NEPmax,High,7,-0.56278,85.7,0.01731,0.05047,ns
M7vsM8_anom_24m,equal_width,Relative Mortality,WUE,High,7,-0.07545,71.4,0.07539,0.1443,ns
M7vsM8_anom_24m,equal_width,Relative Mortality,uWUE,High,7,-0.13807,71.4,0.2234,0.3171,ns
M7vsM8_anom_24m,equal_width,Relative Disturbance,ETmax,Mid,35,0.00025,40,0.9351,0.9918,ns
M7vsM8_anom_24m,equal_width,Relative Disturbance,GPPsat,Mid,35,-0.33718,65.7,0.0138,0.05047,ns
M7vsM8_anom_24m,equal_width,Relative Disturbance,NEPmax,Mid,35,-0.56278,71.4,0.0138,0.05047,ns
M7vsM8_anom_24m,equal_width,Relative Disturbance,WUE,Mid,35,-0.04308,57.1,0.1817,0.289,ns
M7vsM8_anom_24m,equal_width,Relative Disturbance,uWUE,Mid,35,-0.03365,54.3,0.4837,0.5643,ns
M7vsM8_anom_24m,equal_width,Relative Disturbance,ETmax,Low,53,1e-04,45.3,0.6993,0.7648,ns
M7vsM8_anom_24m,equal_width,Relative Disturbance,GPPsat,Low,53,-0.17505,64.2,0.008833,0.05047,ns
M7vsM8_anom_24m,equal_width,Relative Disturbance,NEPmax,Low,53,-0.26862,69.8,0.003031,0.03461,*
M7vsM8_anom_24m,equal_width,Relative Disturbance,WUE,Low,53,-0.03464,64.2,0.07832,0.1443,ns
M7vsM8_anom_24m,equal_width,Relative Disturbance,uWUE,Low,53,-0.02316,60.4,0.07327,0.1443,ns
M7vsM8_anom_24m,equal_width,Relative Disturbance,ETmax,High,5,-0.00076,80,,,""
M7vsM8_anom_24m,equal_width,Relative Disturbance,GPPsat,High,5,-0.95097,80,,,""
M7vsM8_anom_24m,equal_width,Relative Disturbance,NEPmax,High,5,-1.67826,80,,,""
M7vsM8_anom_24m,equal_width,Relative Disturbance,WUE,High,5,-0.20491,60,,,""
M7vsM8_anom_24m,equal_width,Relative Disturbance,uWUE,High,5,-0.19899,80,,,""
M7vsM8_anom_24m,natural_breaks,Absolute Mortality,ETmax,High,20,-2e-05,55,0.7995,0.8775,ns
M7vsM8_anom_24m,natural_breaks,Absolute Mortality,GPPsat,High,20,-0.58542,70,0.01591,0.0716,ns
M7vsM8_anom_24m,natural_breaks,Absolute Mortality,NEPmax,High,20,-0.56469,80,0.006521,0.05158,ns
M7vsM8_anom_24m,natural_breaks,Absolute Mortality,WUE,High,20,-0.0383,55,0.1523,0.2363,ns
M7vsM8_anom_24m,natural_breaks,Absolute Mortality,uWUE,High,20,-0.07728,60,0.1198,0.233,ns
M7vsM8_anom_24m,natural_breaks,Absolute Mortality,ETmax,Mid,43,0.00016,34.9,0.9681,0.9693,ns
M7vsM8_anom_24m,natural_breaks,Absolute Mortality,GPPsat,Mid,43,-0.28794,67.4,0.01377,0.06887,ns
M7vsM8_anom_24m,natural_breaks,Absolute Mortality,NEPmax,Mid,43,-0.60785,65.1,0.02558,0.08855,ns
M7vsM8_anom_24m,natural_breaks,Absolute Mortality,WUE,Mid,43,-0.04751,65.1,0.04965,0.1396,ns
M7vsM8_anom_24m,natural_breaks,Absolute Mortality,uWUE,Mid,43,-0.03757,58.1,0.1294,0.233,ns
M7vsM8_anom_24m,natural_breaks,Absolute Mortality,ETmax,Low,30,-0.00065,53.3,0.2486,0.3291,ns
M7vsM8_anom_24m,natural_breaks,Absolute Mortality,GPPsat,Low,30,-0.12638,60,0.059,0.1562,ns
M7vsM8_anom_24m,natural_breaks,Absolute Mortality,NEPmax,Low,30,-0.28827,73.3,0.003314,0.05158,ns
M7vsM8_anom_24m,natural_breaks,Absolute Mortality,WUE,Low,30,-0.0231,60,0.2486,0.3291,ns
M7vsM8_anom_24m,natural_breaks,Absolute Mortality,uWUE,Low,30,-0.01647,60,0.4266,0.5051,ns
M7vsM8_anom_24m,natural_breaks,Relative Mortality,ETmax,High,26,3e-04,46.2,0.9296,0.9693,ns
M7vsM8_anom_24m,natural_breaks,Relative Mortality,GPPsat,High,26,-0.43783,73.1,0.006877,0.05158,ns
M7vsM8_anom_24m,natural_breaks,Relative Mortality,NEPmax,High,26,-0.45318,69.2,0.01983,0.07467,ns
M7vsM8_anom_24m,natural_breaks,Relative Mortality,WUE,High,26,-0.0383,53.8,0.07747,0.1743,ns
M7vsM8_anom_24m,natural_breaks,Relative Mortality,uWUE,High,26,-0.06474,61.5,0.1163,0.233,ns
M7vsM8_anom_24m,natural_breaks,Relative Mortality,ETmax,Mid,32,9e-05,40.6,0.6899,0.7761,ns
M7vsM8_anom_24m,natural_breaks,Relative Mortality,GPPsat,Mid,32,-0.13709,68.8,0.04354,0.1306,ns
M7vsM8_anom_24m,natural_breaks,Relative Mortality,NEPmax,Mid,32,-0.66013,71.9,0.00947,0.05327,ns
M7vsM8_anom_24m,natural_breaks,Relative Mortality,WUE,Mid,32,-0.04147,65.6,0.2134,0.3002,ns
M7vsM8_anom_24m,natural_breaks,Relative Mortality,uWUE,Mid,32,-0.03561,59.4,0.3234,0.3967,ns
M7vsM8_anom_24m,natural_breaks,Relative Mortality,ETmax,Low,35,0.00014,48.6,0.6191,0.7143,ns
M7vsM8_anom_24m,natural_breaks,Relative Mortality,GPPsat,Low,35,-0.17505,57.1,0.02818,0.09059,ns
M7vsM8_anom_24m,natural_breaks,Relative Mortality,NEPmax,Low,35,-0.26862,71.4,0.008208,0.05276,ns
M7vsM8_anom_24m,natural_breaks,Relative Mortality,WUE,Low,35,-0.03017,62.9,0.1081,0.2317,ns
M7vsM8_anom_24m,natural_breaks,Relative Mortality,uWUE,Low,35,-0.0175,57.1,0.1949,0.2924,ns
M7vsM8_anom_24m,natural_breaks,Relative Disturbance,ETmax,Mid,35,1e-05,48.6,0.3262,0.3967,ns
M7vsM8_anom_24m,natural_breaks,Relative Disturbance,GPPsat,Mid,35,-0.17273,71.4,0.01991,0.07467,ns
M7vsM8_anom_24m,natural_breaks,Relative Disturbance,NEPmax,Mid,35,-0.60785,74.3,0.005433,0.05158,ns
M7vsM8_anom_24m,natural_breaks,Relative Disturbance,WUE,Mid,35,-0.04894,65.7,0.1454,0.2363,ns
M7vsM8_anom_24m,natural_breaks,Relative Disturbance,uWUE,Mid,35,-0.03757,60,0.2135,0.3002,ns
M7vsM8_anom_24m,natural_breaks,Relative Disturbance,ETmax,Low,35,1e-04,45.7,0.8226,0.8814,ns
M7vsM8_anom_24m,natural_breaks,Relative Disturbance,GPPsat,Low,35,-0.06207,51.4,0.0759,0.1743,ns
M7vsM8_anom_24m,natural_breaks,Relative Disturbance,NEPmax,Low,35,-0.21096,65.7,0.07133,0.1743,ns
M7vsM8_anom_24m,natural_breaks,Relative Disturbance,WUE,Low,35,-0.03017,62.9,0.1492,0.2363,ns
M7vsM8_anom_24m,natural_breaks,Relative Disturbance,uWUE,Low,35,-0.0175,57.1,0.2588,0.3328,ns
M7vsM8_anom_24m,natural_breaks,Relative Disturbance,ETmax,High,23,0.00046,39.1,0.9693,0.9693,ns
M7vsM8_anom_24m,natural_breaks,Relative Disturbance,GPPsat,High,23,-0.66273,78.3,0.004258,0.05158,ns
M7vsM8_anom_24m,natural_breaks,Relative Disturbance,NEPmax,High,23,-0.56278,73.9,0.003243,0.05158,ns
M7vsM8_anom_24m,natural_breaks,Relative Disturbance,WUE,High,23,-0.0143,52.2,0.127,0.233,ns
M7vsM8_anom_24m,natural_breaks,Relative Disturbance,uWUE,High,23,-0.05353,60.9,0.1401,0.2363,ns
