unit,method,metric,response,category,n,median_dRMSE,pct_sites_improved,p_onesided_wilcoxon,q_BH,sig
M1vsM2_12m,tertiles,Absolute Mortality,ETmax,High,22,-0.00177,54.5,0.2687,0.5744,ns
M1vsM2_12m,tertiles,Absolute Mortality,GPPsat,High,22,-0.41148,59.1,0.2375,0.5744,ns
M1vsM2_12m,tertiles,Absolute Mortality,NEPmax,High,22,-0.7106,68.2,0.02571,0.5744,ns
M1vsM2_12m,tertiles,Absolute Mortality,WUE,High,22,0.00315,50,0.5388,0.5914,ns
M1vsM2_12m,tertiles,Absolute Mortality,uWUE,High,22,-0.01757,54.5,0.5388,0.5914,ns
M1vsM2_12m,tertiles,Absolute Mortality,ETmax,Mid,21,-0.00137,61.9,0.4174,0.5744,ns
M1vsM2_12m,tertiles,Absolute Mortality,GPPsat,Mid,21,-0.15803,57.1,0.4723,0.5744,ns
M1vsM2_12m,tertiles,Absolute Mortality,NEPmax,Mid,21,-0.53045,57.1,0.5139,0.5914,ns
M1vsM2_12m,tertiles,Absolute Mortality,WUE,Mid,21,-0.01432,57.1,0.212,0.5744,ns
M1vsM2_12m,tertiles,Absolute Mortality,uWUE,Mid,21,-0.00463,52.4,0.3383,0.5744,ns
M1vsM2_12m,tertiles,Absolute Mortality,ETmax,Low,22,0.00156,45.5,0.6516,0.6819,ns
M1vsM2_12m,tertiles,Absolute Mortality,GPPsat,Low,22,0.07065,45.5,0.4612,0.5744,ns
M1vsM2_12m,tertiles,Absolute Mortality,NEPmax,Low,22,-0.73867,59.1,0.08635,0.5744,ns
M1vsM2_12m,tertiles,Absolute Mortality,WUE,Low,22,-0.03837,63.6,0.07658,0.5744,ns
M1vsM2_12m,tertiles,Absolute Mortality,uWUE,Low,22,-0.01369,59.1,0.2375,0.5744,ns
M1vsM2_12m,tertiles,Relative Mortality,ETmax,High,22,-0.0032,63.6,0.1348,0.5744,ns
M1vsM2_12m,tertiles,Relative Mortality,GPPsat,High,22,-0.33538,54.5,0.3131,0.5744,ns
M1vsM2_12m,tertiles,Relative Mortality,NEPmax,High,22,-0.55377,63.6,0.1212,0.5744,ns
M1vsM2_12m,tertiles,Relative Mortality,WUE,High,22,0.00315,50,0.4483,0.5744,ns
M1vsM2_12m,tertiles,Relative Mortality,uWUE,High,22,-0.01757,54.5,0.3484,0.5744,ns
M1vsM2_12m,tertiles,Relative Mortality,ETmax,Mid,21,0.00173,42.9,0.7979,0.816,ns
M1vsM2_12m,tertiles,Relative Mortality,GPPsat,Mid,21,0.28817,47.6,0.8169,0.8169,ns
M1vsM2_12m,tertiles,Relative Mortality,NEPmax,Mid,21,-0.53045,57.1,0.5,0.5914,ns
M1vsM2_12m,tertiles,Relative Mortality,WUE,Mid,21,-0.04209,61.9,0.133,0.5744,ns
M1vsM2_12m,tertiles,Relative Mortality,uWUE,Mid,21,-0.0133,57.1,0.3257,0.5744,ns
M1vsM2_12m,tertiles,Relative Mortality,ETmax,Low,22,-0.00014,54.5,0.4355,0.5744,ns
M1vsM2_12m,tertiles,Relative Mortality,GPPsat,Low,22,-0.53187,59.1,0.05583,0.5744,ns
M1vsM2_12m,tertiles,Relative Mortality,NEPmax,Low,22,-0.83931,63.6,0.02041,0.5744,ns
M1vsM2_12m,tertiles,Relative Mortality,WUE,Low,22,-0.02042,59.1,0.2375,0.5744,ns
M1vsM2_12m,tertiles,Relative Mortality,uWUE,Low,22,-0.00895,54.5,0.3484,0.5744,ns
M1vsM2_12m,tertiles,Relative Disturbance,ETmax,High,22,-0.00188,59.1,0.2179,0.5744,ns
M1vsM2_12m,tertiles,Relative Disturbance,GPPsat,High,22,-0.50623,54.5,0.3017,0.5744,ns
M1vsM2_12m,tertiles,Relative Disturbance,NEPmax,High,22,-0.7106,68.2,0.09158,0.5744,ns
M1vsM2_12m,tertiles,Relative Disturbance,WUE,High,22,0.00315,50,0.3851,0.5744,ns
M1vsM2_12m,tertiles,Relative Disturbance,uWUE,High,22,-0.01757,54.5,0.3017,0.5744,ns
M1vsM2_12m,tertiles,Relative Disturbance,ETmax,Mid,21,-0.00015,57.1,0.6095,0.6531,ns
M1vsM2_12m,tertiles,Relative Disturbance,GPPsat,Mid,21,-0.15236,57.1,0.4447,0.5744,ns
M1vsM2_12m,tertiles,Relative Disturbance,NEPmax,Mid,21,-0.67949,61.9,0.1406,0.5744,ns
M1vsM2_12m,tertiles,Relative Disturbance,WUE,Mid,21,-0.04209,61.9,0.08222,0.5744,ns
M1vsM2_12m,tertiles,Relative Disturbance,uWUE,Mid,21,-0.00463,52.4,0.4039,0.5744,ns
M1vsM2_12m,tertiles,Relative Disturbance,ETmax,Low,22,0.00156,45.5,0.4355,0.5744,ns
M1vsM2_12m,tertiles,Relative Disturbance,GPPsat,Low,22,0.02481,50,0.2687,0.5744,ns
M1vsM2_12m,tertiles,Relative Disturbance,NEPmax,Low,22,-0.60756,54.5,0.2276,0.5744,ns
M1vsM2_12m,tertiles,Relative Disturbance,WUE,Low,22,-0.02042,59.1,0.4101,0.5744,ns
M1vsM2_12m,tertiles,Relative Disturbance,uWUE,Low,22,-0.01369,59.1,0.2795,0.5744,ns
M1vsM2_12m,equal_width,Absolute Mortality,ETmax,Mid,21,-0.00401,61.9,0.07707,0.4772,ns
M1vsM2_12m,equal_width,Absolute Mortality,GPPsat,Mid,21,-0.49406,66.7,0.06751,0.4772,ns
M1vsM2_12m,equal_width,Absolute Mortality,NEPmax,Mid,21,-0.97248,76.2,0.003353,0.1341,ns
M1vsM2_12m,equal_width,Absolute Mortality,WUE,Mid,21,-0.01021,52.4,0.4585,0.6206,ns
M1vsM2_12m,equal_width,Absolute Mortality,uWUE,Mid,21,-0.00738,52.4,0.5139,0.6206,ns
M1vsM2_12m,equal_width,Absolute Mortality,ETmax,Low,41,-0.00014,53.7,0.5413,0.6206,ns
M1vsM2_12m,equal_width,Absolute Mortality,GPPsat,Low,41,0.06033,48.8,0.4484,0.6206,ns
M1vsM2_12m,equal_width,Absolute Mortality,NEPmax,Low,41,-0.53548,56.1,0.2627,0.5004,ns
M1vsM2_12m,equal_width,Absolute Mortality,WUE,Low,41,-0.02064,61,0.06312,0.4772,ns
M1vsM2_12m,equal_width,Absolute Mortality,uWUE,Low,41,-0.01062,56.1,0.2035,0.4772,ns
M1vsM2_12m,equal_width,Absolute Mortality,ETmax,High,3,0.00736,0,,,""
M1vsM2_12m,equal_width,Absolute Mortality,GPPsat,High,3,1.17279,33.3,,,""
M1vsM2_12m,equal_width,Absolute Mortality,NEPmax,High,3,0.98589,33.3,,,""
M1vsM2_12m,equal_width,Absolute Mortality,WUE,High,3,0.07092,33.3,,,""
M1vsM2_12m,equal_width,Absolute Mortality,uWUE,High,3,-0.04723,66.7,,,""
M1vsM2_12m,equal_width,Relative Mortality,ETmax,Mid,26,-0.00205,57.7,0.201,0.4772,ns
M1vsM2_12m,equal_width,Relative Mortality,GPPsat,Mid,26,-0.15519,57.7,0.3803,0.585,ns
M1vsM2_12m,equal_width,Relative Mortality,NEPmax,Mid,26,-0.70541,65.4,0.08914,0.4772,ns
M1vsM2_12m,equal_width,Relative Mortality,WUE,Mid,26,0.00639,50,0.5304,0.6206,ns
M1vsM2_12m,equal_width,Relative Mortality,uWUE,Mid,26,0.00258,50,0.5,0.6206,ns
M1vsM2_12m,equal_width,Relative Mortality,ETmax,Low,32,0.00061,50,0.6698,0.7051,ns
M1vsM2_12m,equal_width,Relative Mortality,GPPsat,Low,32,-0.20216,53.1,0.1454,0.4772,ns
M1vsM2_12m,equal_width,Relative Mortality,NEPmax,Low,32,-0.67957,59.4,0.1103,0.4772,ns
M1vsM2_12m,equal_width,Relative Mortality,WUE,Low,32,-0.03749,62.5,0.09062,0.4772,ns
M1vsM2_12m,equal_width,Relative Mortality,uWUE,Low,32,-0.00895,56.2,0.3101,0.5297,ns
M1vsM2_12m,equal_width,Relative Mortality,ETmax,High,7,-0.0024,57.1,0.6001,0.6668,ns
M1vsM2_12m,equal_width,Relative Mortality,GPPsat,High,7,0.00638,42.9,0.7229,0.7229,ns
M1vsM2_12m,equal_width,Relative Mortality,NEPmax,High,7,-0.40997,57.1,0.3999,0.5925,ns
M1vsM2_12m,equal_width,Relative Mortality,WUE,High,7,-0.04254,57.1,0.2234,0.4772,ns
M1vsM2_12m,equal_width,Relative Mortality,uWUE,High,7,-0.04723,71.4,0.1359,0.4772,ns
M1vsM2_12m,equal_width,Relative Disturbance,ETmax,Mid,27,-0.00137,55.6,0.2862,0.5203,ns
M1vsM2_12m,equal_width,Relative Disturbance,GPPsat,Mid,27,-0.15236,55.6,0.543,0.6206,ns
M1vsM2_12m,equal_width,Relative Disturbance,NEPmax,Mid,27,-0.71325,66.7,0.0912,0.4772,ns
M1vsM2_12m,equal_width,Relative Disturbance,WUE,Mid,27,0.00797,48.1,0.5144,0.6206,ns
M1vsM2_12m,equal_width,Relative Disturbance,uWUE,Mid,27,0.01255,48.1,0.6888,0.7065,ns
M1vsM2_12m,equal_width,Relative Disturbance,ETmax,High,9,-0.0024,66.7,0.3178,0.5297,ns
M1vsM2_12m,equal_width,Relative Disturbance,GPPsat,High,9,-0.65317,55.6,0.3611,0.5778,ns
M1vsM2_12m,equal_width,Relative Disturbance,NEPmax,High,9,-0.69756,66.7,0.1432,0.4772,ns
M1vsM2_12m,equal_width,Relative Disturbance,WUE,High,9,-0.04254,55.6,0.2386,0.4772,ns
M1vsM2_12m,equal_width,Relative Disturbance,uWUE,High,9,-0.04723,66.7,0.2386,0.4772,ns
M1vsM2_12m,equal_width,Relative Disturbance,ETmax,Low,29,0.00136,48.3,0.6514,0.7043,ns
M1vsM2_12m,equal_width,Relative Disturbance,GPPsat,Low,29,-0.01071,51.7,0.1877,0.4772,ns
M1vsM2_12m,equal_width,Relative Disturbance,NEPmax,Low,29,-0.67949,55.2,0.1935,0.4772,ns
M1vsM2_12m,equal_width,Relative Disturbance,WUE,Low,29,-0.04209,65.5,0.101,0.4772,ns
M1vsM2_12m,equal_width,Relative Disturbance,uWUE,Low,29,-0.01675,58.6,0.1762,0.4772,ns
M1vsM2_12m,natural_breaks,Absolute Mortality,ETmax,High,14,-0.00429,71.4,0.1429,0.5306,ns
M1vsM2_12m,natural_breaks,Absolute Mortality,GPPsat,High,14,-0.07299,50,0.4009,0.5306,ns
M1vsM2_12m,natural_breaks,Absolute Mortality,NEPmax,High,14,-0.7106,64.3,0.05132,0.5306,ns
M1vsM2_12m,natural_breaks,Absolute Mortality,WUE,High,14,-0.02637,57.1,0.3532,0.5306,ns
M1vsM2_12m,natural_breaks,Absolute Mortality,uWUE,High,14,-0.03948,64.3,0.2449,0.5306,ns
M1vsM2_12m,natural_breaks,Absolute Mortality,ETmax,Mid,32,-0.00072,53.1,0.4888,0.5583,ns
M1vsM2_12m,natural_breaks,Absolute Mortality,GPPsat,Mid,32,-0.41148,62.5,0.1586,0.5306,ns
M1vsM2_12m,natural_breaks,Absolute Mortality,NEPmax,Mid,32,-0.69645,65.6,0.1454,0.5306,ns
M1vsM2_12m,natural_breaks,Absolute Mortality,WUE,Mid,32,0.00639,50,0.4963,0.5583,ns
M1vsM2_12m,natural_breaks,Absolute Mortality,uWUE,Mid,32,0.00248,50,0.4004,0.5306,ns
M1vsM2_12m,natural_breaks,Absolute Mortality,ETmax,Low,19,0.00176,42.1,0.7717,0.7892,ns
M1vsM2_12m,natural_breaks,Absolute Mortality,GPPsat,Low,19,0.08097,42.1,0.6782,0.7098,ns
M1vsM2_12m,natural_breaks,Absolute Mortality,NEPmax,Low,19,-0.53548,52.6,0.2533,0.5306,ns
M1vsM2_12m,natural_breaks,Absolute Mortality,WUE,Low,19,-0.05194,68.4,0.03065,0.5306,ns
M1vsM2_12m,natural_breaks,Absolute Mortality,uWUE,Low,19,-0.01062,57.9,0.3814,0.5306,ns
M1vsM2_12m,natural_breaks,Relative Mortality,ETmax,High,23,-0.00401,65.2,0.1148,0.5306,ns
M1vsM2_12m,natural_breaks,Relative Mortality,GPPsat,High,23,-0.15236,52.2,0.3296,0.5306,ns
M1vsM2_12m,natural_breaks,Relative Mortality,NEPmax,High,23,-0.69756,65.2,0.09291,0.5306,ns
M1vsM2_12m,natural_breaks,Relative Mortality,WUE,High,23,0.0165,47.8,0.4697,0.5562,ns
M1vsM2_12m,natural_breaks,Relative Mortality,uWUE,High,23,-0.02775,56.5,0.2868,0.5306,ns
M1vsM2_12m,natural_breaks,Relative Mortality,ETmax,Mid,18,0.00226,38.9,0.9115,0.9115,ns
M1vsM2_12m,natural_breaks,Relative Mortality,GPPsat,Mid,18,-0.13011,55.6,0.6198,0.6802,ns
M1vsM2_12m,natural_breaks,Relative Mortality,NEPmax,Mid,18,-0.60497,61.1,0.271,0.5306,ns
M1vsM2_12m,natural_breaks,Relative Mortality,WUE,Mid,18,-0.05096,66.7,0.09569,0.5306,ns
M1vsM2_12m,natural_breaks,Relative Mortality,uWUE,Mid,18,-0.00896,55.6,0.316,0.5306,ns
M1vsM2_12m,natural_breaks,Relative Mortality,ETmax,Low,24,-0.00014,54.2,0.3712,0.5306,ns
M1vsM2_12m,natural_breaks,Relative Mortality,GPPsat,Low,24,-0.20216,54.2,0.1692,0.5306,ns
M1vsM2_12m,natural_breaks,Relative Mortality,NEPmax,Low,24,-0.73875,58.3,0.1179,0.5306,ns
M1vsM2_12m,natural_breaks,Relative Mortality,WUE,Low,24,-0.02042,58.3,0.2695,0.5306,ns
M1vsM2_12m,natural_breaks,Relative Mortality,uWUE,Low,24,-0.00895,54.2,0.4488,0.5562,ns
M1vsM2_12m,natural_breaks,Relative Disturbance,ETmax,High,22,-0.00188,59.1,0.2179,0.5306,ns
M1vsM2_12m,natural_breaks,Relative Disturbance,GPPsat,High,22,-0.50623,54.5,0.3017,0.5306,ns
M1vsM2_12m,natural_breaks,Relative Disturbance,NEPmax,High,22,-0.7106,68.2,0.09158,0.5306,ns
M1vsM2_12m,natural_breaks,Relative Disturbance,WUE,High,22,0.00315,50,0.3851,0.5306,ns
M1vsM2_12m,natural_breaks,Relative Disturbance,uWUE,High,22,-0.01757,54.5,0.3017,0.5306,ns
M1vsM2_12m,natural_breaks,Relative Disturbance,ETmax,Mid,20,-0.00044,55,0.6386,0.6842,ns
M1vsM2_12m,natural_breaks,Relative Disturbance,GPPsat,Mid,20,-0.15519,60,0.4628,0.5562,ns
M1vsM2_12m,natural_breaks,Relative Disturbance,NEPmax,Mid,20,-0.69637,65,0.1354,0.5306,ns
M1vsM2_12m,natural_breaks,Relative Disturbance,WUE,Mid,20,-0.0282,60,0.1198,0.5306,ns
M1vsM2_12m,natural_breaks,Relative Disturbance,uWUE,Mid,20,-0.00896,55,0.3614,0.5306,ns
M1vsM2_12m,natural_breaks,Relative Disturbance,ETmax,Low,23,0.00136,47.8,0.4456,0.5562,ns
M1vsM2_12m,natural_breaks,Relative Disturbance,GPPsat,Low,23,0.06033,47.8,0.2973,0.5306,ns
M1vsM2_12m,natural_breaks,Relative Disturbance,NEPmax,Low,23,-0.53548,52.2,0.2374,0.5306,ns
M1vsM2_12m,natural_breaks,Relative Disturbance,WUE,Low,23,-0.02064,60.9,0.3296,0.5306,ns
M1vsM2_12m,natural_breaks,Relative Disturbance,uWUE,Low,23,-0.01062,56.5,0.3519,0.5306,ns
M1vsM2_24m,tertiles,Absolute Mortality,ETmax,High,22,1e-05,50,0.6025,0.7573,ns
M1vsM2_24m,tertiles,Absolute Mortality,GPPsat,High,22,-0.48349,59.1,0.2477,0.6192,ns
M1vsM2_24m,tertiles,Absolute Mortality,NEPmax,High,22,-0.61712,63.6,0.05583,0.5362,ns
M1vsM2_24m,tertiles,Absolute Mortality,WUE,High,22,-0.03925,63.6,0.05958,0.5362,ns
M1vsM2_24m,tertiles,Absolute Mortality,uWUE,High,22,-0.01937,54.5,0.3851,0.7259,ns
M1vsM2_24m,tertiles,Absolute Mortality,ETmax,Mid,21,-0.00056,52.4,0.6228,0.7573,ns
M1vsM2_24m,tertiles,Absolute Mortality,GPPsat,Mid,21,-0.3125,52.4,0.174,0.6192,ns
M1vsM2_24m,tertiles,Absolute Mortality,NEPmax,Mid,21,-0.27123,57.1,0.2891,0.6504,ns
M1vsM2_24m,tertiles,Absolute Mortality,WUE,Mid,21,-0.02439,57.1,0.2891,0.6504,ns
M1vsM2_24m,tertiles,Absolute Mortality,uWUE,Mid,21,0.00806,42.9,0.5553,0.7573,ns
M1vsM2_24m,tertiles,Absolute Mortality,ETmax,Low,22,0.00237,36.4,0.8007,0.8379,ns
M1vsM2_24m,tertiles,Absolute Mortality,GPPsat,Low,22,0.02501,50,0.4612,0.7412,ns
M1vsM2_24m,tertiles,Absolute Mortality,NEPmax,Low,22,-0.86574,63.6,0.08135,0.5551,ns
M1vsM2_24m,tertiles,Absolute Mortality,WUE,Low,22,0.02215,45.5,0.6395,0.7573,ns
M1vsM2_24m,tertiles,Absolute Mortality,uWUE,Low,22,0.01175,40.9,0.6395,0.7573,ns
M1vsM2_24m,tertiles,Relative Mortality,ETmax,High,22,-0.00027,50,0.4228,0.7259,ns
M1vsM2_24m,tertiles,Relative Mortality,GPPsat,High,22,-0.48349,59.1,0.2375,0.6192,ns
M1vsM2_24m,tertiles,Relative Mortality,NEPmax,High,22,-0.43362,63.6,0.1087,0.5595,ns
M1vsM2_24m,tertiles,Relative Mortality,WUE,High,22,-0.03976,63.6,0.08635,0.5551,ns
M1vsM2_24m,tertiles,Relative Mortality,uWUE,High,22,-0.03114,54.5,0.3975,0.7259,ns
M1vsM2_24m,tertiles,Relative Mortality,ETmax,Mid,21,0.00332,42.9,0.9278,0.9278,ns
M1vsM2_24m,tertiles,Relative Mortality,GPPsat,Mid,21,0.18354,38.1,0.7227,0.8339,ns
M1vsM2_24m,tertiles,Relative Mortality,NEPmax,Mid,21,-0.27106,52.4,0.569,0.7573,ns
M1vsM2_24m,tertiles,Relative Mortality,WUE,Mid,21,-0.02439,57.1,0.2021,0.6192,ns
M1vsM2_24m,tertiles,Relative Mortality,uWUE,Mid,21,0.02761,38.1,0.7778,0.8379,ns
M1vsM2_24m,tertiles,Relative Mortality,ETmax,Low,22,0.00043,45.5,0.5645,0.7573,ns
M1vsM2_24m,tertiles,Relative Mortality,GPPsat,Low,22,-0.49758,63.6,0.05226,0.5362,ns
M1vsM2_24m,tertiles,Relative Mortality,NEPmax,Low,22,-0.96855,68.2,0.01481,0.5362,ns
M1vsM2_24m,tertiles,Relative Mortality,WUE,Low,22,0.02215,45.5,0.6395,0.7573,ns
M1vsM2_24m,tertiles,Relative Mortality,uWUE,Low,22,0.01099,45.5,0.4355,0.7259,ns
M1vsM2_24m,tertiles,Relative Disturbance,ETmax,High,22,-0.00027,50,0.5259,0.7573,ns
M1vsM2_24m,tertiles,Relative Disturbance,GPPsat,High,22,-0.48349,59.1,0.2375,0.6192,ns
M1vsM2_24m,tertiles,Relative Disturbance,NEPmax,High,22,-0.2634,59.1,0.165,0.6192,ns
M1vsM2_24m,tertiles,Relative Disturbance,WUE,High,22,-0.04645,68.2,0.03212,0.5362,ns
M1vsM2_24m,tertiles,Relative Disturbance,uWUE,High,22,-0.03114,54.5,0.3365,0.7211,ns
M1vsM2_24m,tertiles,Relative Disturbance,ETmax,Mid,21,0.00246,42.9,0.8515,0.8708,ns
M1vsM2_24m,tertiles,Relative Disturbance,GPPsat,Mid,21,0.0251,47.6,0.431,0.7259,ns
M1vsM2_24m,tertiles,Relative Disturbance,NEPmax,Mid,21,-0.51699,66.7,0.1119,0.5595,ns
M1vsM2_24m,tertiles,Relative Disturbance,WUE,Mid,21,-0.00288,52.4,0.212,0.6192,ns
M1vsM2_24m,tertiles,Relative Disturbance,uWUE,Mid,21,0.02761,38.1,0.7979,0.8379,ns
M1vsM2_24m,tertiles,Relative Disturbance,ETmax,Low,22,0.00043,45.5,0.5772,0.7573,ns
M1vsM2_24m,tertiles,Relative Disturbance,GPPsat,Low,22,-0.25043,54.5,0.2276,0.6192,ns
M1vsM2_24m,tertiles,Relative Disturbance,NEPmax,Low,22,-0.81767,59.1,0.1571,0.6192,ns
M1vsM2_24m,tertiles,Relative Disturbance,WUE,Low,22,0.02215,45.5,0.7523,0.8379,ns
M1vsM2_24m,tertiles,Relative Disturbance,uWUE,Low,22,0.01099,45.5,0.3975,0.7259,ns
M1vsM2_24m,equal_width,Absolute Mortality,ETmax,Mid,21,-0.0012,52.4,0.6617,0.8319,ns
M1vsM2_24m,equal_width,Absolute Mortality,GPPsat,Mid,21,-0.60907,66.7,0.08762,0.4705,ns
M1vsM2_24m,equal_width,Absolute Mortality,NEPmax,Mid,21,-0.59601,66.7,0.05493,0.4705,ns
M1vsM2_24m,equal_width,Absolute Mortality,WUE,Mid,21,-0.04594,61.9,0.04427,0.4705,ns
M1vsM2_24m,equal_width,Absolute Mortality,uWUE,Mid,21,-0.03073,61.9,0.2327,0.4846,ns
M1vsM2_24m,equal_width,Absolute Mortality,ETmax,Low,41,0.00073,41.5,0.8531,0.8531,ns
M1vsM2_24m,equal_width,Absolute Mortality,GPPsat,Low,41,0.0251,48.8,0.3158,0.5492,ns
M1vsM2_24m,equal_width,Absolute Mortality,NEPmax,Low,41,-0.51699,58.5,0.1067,0.4705,ns
M1vsM2_24m,equal_width,Absolute Mortality,WUE,Low,41,-0.00288,51.2,0.4433,0.6967,ns
M1vsM2_24m,equal_width,Absolute Mortality,uWUE,Low,41,0.01213,39,0.7288,0.8319,ns
M1vsM2_24m,equal_width,Absolute Mortality,ETmax,High,3,-0.00691,66.7,,,""
M1vsM2_24m,equal_width,Absolute Mortality,GPPsat,High,3,0.87601,33.3,,,""
M1vsM2_24m,equal_width,Absolute Mortality,NEPmax,High,3,-0.25557,66.7,,,""
M1vsM2_24m,equal_width,Absolute Mortality,WUE,High,3,-0.01399,66.7,,,""
M1vsM2_24m,equal_width,Absolute Mortality,uWUE,High,3,0.00253,33.3,,,""
M1vsM2_24m,equal_width,Relative Mortality,ETmax,Mid,26,-0.00027,50,0.6853,0.8319,ns
M1vsM2_24m,equal_width,Relative Mortality,GPPsat,Mid,26,-0.48349,53.8,0.1548,0.4764,ns
M1vsM2_24m,equal_width,Relative Mortality,NEPmax,Mid,26,-0.45333,57.7,0.1737,0.4846,ns
M1vsM2_24m,equal_width,Relative Mortality,WUE,Mid,26,-0.01953,53.8,0.2464,0.4846,ns
M1vsM2_24m,equal_width,Relative Mortality,uWUE,Mid,26,0.01415,46.2,0.5706,0.7607,ns
M1vsM2_24m,equal_width,Relative Mortality,ETmax,Low,32,0.00061,43.8,0.7345,0.8319,ns
M1vsM2_24m,equal_width,Relative Mortality,GPPsat,Low,32,-0.28045,56.2,0.1411,0.4705,ns
M1vsM2_24m,equal_width,Relative Mortality,NEPmax,Low,32,-0.79047,62.5,0.04185,0.4705,ns
M1vsM2_24m,equal_width,Relative Mortality,WUE,Low,32,0.00953,50,0.4888,0.7242,ns
M1vsM2_24m,equal_width,Relative Mortality,uWUE,Low,32,0.01175,40.6,0.7094,0.8319,ns
M1vsM2_24m,equal_width,Relative Mortality,ETmax,High,7,0.00123,42.9,0.5337,0.7607,ns
M1vsM2_24m,equal_width,Relative Mortality,GPPsat,High,7,0.6768,42.9,0.7766,0.8395,ns
M1vsM2_24m,equal_width,Relative Mortality,NEPmax,High,7,-0.25557,71.4,0.2771,0.5037,ns
M1vsM2_24m,equal_width,Relative Mortality,WUE,High,7,-0.08786,85.7,0.05416,0.4705,ns
M1vsM2_24m,equal_width,Relative Mortality,uWUE,High,7,-0.04714,71.4,0.1359,0.4705,ns
M1vsM2_24m,equal_width,Relative Disturbance,ETmax,Mid,27,0.00066,48.1,0.8031,0.8454,ns
M1vsM2_24m,equal_width,Relative Disturbance,GPPsat,Mid,27,-0.2484,51.9,0.2544,0.4846,ns
M1vsM2_24m,equal_width,Relative Disturbance,NEPmax,Mid,27,-0.39641,59.3,0.2036,0.4846,ns
M1vsM2_24m,equal_width,Relative Disturbance,WUE,Mid,27,-0.01468,55.6,0.2246,0.4846,ns
M1vsM2_24m,equal_width,Relative Disturbance,uWUE,Mid,27,0.03075,40.7,0.8347,0.8531,ns
M1vsM2_24m,equal_width,Relative Disturbance,ETmax,High,9,-0.00198,55.6,0.2386,0.4846,ns
M1vsM2_24m,equal_width,Relative Disturbance,GPPsat,High,9,-0.36339,55.6,0.4528,0.6967,ns
M1vsM2_24m,equal_width,Relative Disturbance,NEPmax,High,9,-0.59601,77.8,0.09626,0.4705,ns
M1vsM2_24m,equal_width,Relative Disturbance,WUE,High,9,-0.05793,66.7,0.09626,0.4705,ns
M1vsM2_24m,equal_width,Relative Disturbance,uWUE,High,9,-0.07143,66.7,0.1181,0.4705,ns
M1vsM2_24m,equal_width,Relative Disturbance,ETmax,Low,29,0.00073,41.4,0.7487,0.8319,ns
M1vsM2_24m,equal_width,Relative Disturbance,GPPsat,Low,29,-0.3125,55.2,0.1877,0.4846,ns
M1vsM2_24m,equal_width,Relative Disturbance,NEPmax,Low,29,-0.83603,58.6,0.07073,0.4705,ns
M1vsM2_24m,equal_width,Relative Disturbance,WUE,Low,29,-0.0041,51.7,0.4144,0.6907,ns
M1vsM2_24m,equal_width,Relative Disturbance,uWUE,Low,29,0.01061,44.8,0.5516,0.7607,ns
M1vsM2_24m,natural_breaks,Absolute Mortality,ETmax,High,14,-0.00159,57.1,0.2651,0.6278,ns
M1vsM2_24m,natural_breaks,Absolute Mortality,GPPsat,High,14,-0.34797,57.1,0.3302,0.6727,ns
M1vsM2_24m,natural_breaks,Absolute Mortality,NEPmax,High,14,-0.7281,78.6,0.02228,0.5567,ns
M1vsM2_24m,natural_breaks,Absolute Mortality,WUE,High,14,-0.0729,71.4,0.05132,0.5567,ns
M1vsM2_24m,natural_breaks,Absolute Mortality,uWUE,High,14,-0.04308,64.3,0.1732,0.5567,ns
M1vsM2_24m,natural_breaks,Absolute Mortality,ETmax,Mid,32,-9e-05,50,0.8178,0.8558,ns
M1vsM2_24m,natural_breaks,Absolute Mortality,GPPsat,Mid,32,-0.53121,56.2,0.05705,0.5567,ns
M1vsM2_24m,natural_breaks,Absolute Mortality,NEPmax,Mid,32,-0.33382,56.2,0.1725,0.5567,ns
M1vsM2_24m,natural_breaks,Absolute Mortality,WUE,Mid,32,-0.00878,53.1,0.3438,0.6727,ns
M1vsM2_24m,natural_breaks,Absolute Mortality,uWUE,Mid,32,0.02403,40.6,0.7283,0.8024,ns
M1vsM2_24m,natural_breaks,Absolute Mortality,ETmax,Low,19,0.00246,31.6,0.8174,0.8558,ns
M1vsM2_24m,natural_breaks,Absolute Mortality,GPPsat,Low,19,0.11258,47.4,0.6782,0.7862,ns
M1vsM2_24m,natural_breaks,Absolute Mortality,NEPmax,Low,19,-0.74492,57.9,0.2163,0.6172,ns
M1vsM2_24m,natural_breaks,Absolute Mortality,WUE,Low,19,0.02193,47.4,0.5241,0.7758,ns
M1vsM2_24m,natural_breaks,Absolute Mortality,uWUE,Low,19,0.01137,42.1,0.6186,0.7816,ns
M1vsM2_24m,natural_breaks,Relative Mortality,ETmax,High,23,0.00066,47.8,0.4697,0.7758,ns
M1vsM2_24m,natural_breaks,Relative Mortality,GPPsat,High,23,-0.36339,56.5,0.2374,0.6172,ns
M1vsM2_24m,natural_breaks,Relative Mortality,NEPmax,High,23,-0.59601,65.2,0.0832,0.5567,ns
M1vsM2_24m,natural_breaks,Relative Mortality,WUE,High,23,-0.03257,60.9,0.1034,0.5567,ns
M1vsM2_24m,natural_breaks,Relative Mortality,uWUE,High,23,-0.03073,52.2,0.4939,0.7758,ns
M1vsM2_24m,natural_breaks,Relative Mortality,ETmax,Mid,18,0.00219,44.4,0.9043,0.9043,ns
M1vsM2_24m,natural_breaks,Relative Mortality,GPPsat,Mid,18,0.10432,44.4,0.5347,0.7758,ns
M1vsM2_24m,natural_breaks,Relative Mortality,NEPmax,Mid,18,-0.33374,55.6,0.3638,0.6821,ns
M1vsM2_24m,natural_breaks,Relative Mortality,WUE,Mid,18,-0.02636,61.1,0.1288,0.5567,ns
M1vsM2_24m,natural_breaks,Relative Mortality,uWUE,Mid,18,0.00438,44.4,0.5862,0.7758,ns
M1vsM2_24m,natural_breaks,Relative Mortality,ETmax,Low,24,0.00043,45.8,0.5624,0.7758,ns
M1vsM2_24m,natural_breaks,Relative Mortality,GPPsat,Low,24,-0.36739,58.3,0.1485,0.5567,ns
M1vsM2_24m,natural_breaks,Relative Mortality,NEPmax,Low,24,-0.9024,62.5,0.08292,0.5567,ns
M1vsM2_24m,natural_breaks,Relative Mortality,WUE,Low,24,0.02215,45.8,0.6813,0.7862,ns
M1vsM2_24m,natural_breaks,Relative Mortality,uWUE,Low,24,0.01175,41.7,0.5848,0.7758,ns
M1vsM2_24m,natural_breaks,Relative Disturbance,ETmax,High,22,-0.00027,50,0.5259,0.7758,ns
M1vsM2_24m,natural_breaks,Relative Disturbance,GPPsat,High,22,-0.48349,59.1,0.2375,0.6172,ns
M1vsM2_24m,natural_breaks,Relative Disturbance,NEPmax,High,22,-0.2634,59.1,0.165,0.5567,ns
M1vsM2_24m,natural_breaks,Relative Disturbance,WUE,High,22,-0.04645,68.2,0.03212,0.5567,ns
M1vsM2_24m,natural_breaks,Relative Disturbance,uWUE,High,22,-0.03114,54.5,0.3365,0.6727,ns
M1vsM2_24m,natural_breaks,Relative Disturbance,ETmax,Mid,20,0.00219,45,0.8387,0.8578,ns
M1vsM2_24m,natural_breaks,Relative Disturbance,GPPsat,Mid,20,-0.11165,50,0.4041,0.7274,ns
M1vsM2_24m,natural_breaks,Relative Disturbance,NEPmax,Mid,20,-0.57761,70,0.1198,0.5567,ns
M1vsM2_24m,natural_breaks,Relative Disturbance,WUE,Mid,20,0.01377,50,0.3071,0.6727,ns
M1vsM2_24m,natural_breaks,Relative Disturbance,uWUE,Mid,20,0.01783,40,0.731,0.8024,ns
M1vsM2_24m,natural_breaks,Relative Disturbance,ETmax,Low,23,0.00049,43.5,0.6253,0.7816,ns
M1vsM2_24m,natural_breaks,Relative Disturbance,GPPsat,Low,23,-0.01448,52.2,0.2469,0.6172,ns
M1vsM2_24m,natural_breaks,Relative Disturbance,NEPmax,Low,23,-0.74492,56.5,0.1615,0.5567,ns
M1vsM2_24m,natural_breaks,Relative Disturbance,WUE,Low,23,0.02193,47.8,0.6704,0.7862,ns
M1vsM2_24m,natural_breaks,Relative Disturbance,uWUE,Low,23,0.01137,43.5,0.5061,0.7758,ns
M3vsM4_12m,tertiles,Absolute Mortality,ETmax,High,22,-0.00073,54.5,0.5645,0.7056,ns
M3vsM4_12m,tertiles,Absolute Mortality,GPPsat,High,22,0.15388,45.5,0.4871,0.6927,ns
M3vsM4_12m,tertiles,Absolute Mortality,NEPmax,High,22,-0.3268,63.6,0.06352,0.2768,ns
M3vsM4_12m,tertiles,Absolute Mortality,WUE,High,22,-0.06048,68.2,0.02571,0.1653,ns
M3vsM4_12m,tertiles,Absolute Mortality,uWUE,High,22,0.02222,40.9,0.6149,0.7428,ns
M3vsM4_12m,tertiles,Absolute Mortality,ETmax,Mid,21,0.0015,38.1,0.867,0.9073,ns
M3vsM4_12m,tertiles,Absolute Mortality,GPPsat,Mid,21,-0.50792,61.9,0.2435,0.6445,ns
M3vsM4_12m,tertiles,Absolute Mortality,NEPmax,Mid,21,-0.3033,57.1,0.3905,0.6795,ns
M3vsM4_12m,tertiles,Absolute Mortality,WUE,Mid,21,-0.00765,52.4,0.3257,0.6795,ns
M3vsM4_12m,tertiles,Absolute Mortality,uWUE,Mid,21,-0.02742,61.9,0.1257,0.4219,ns
M3vsM4_12m,tertiles,Absolute Mortality,ETmax,Low,22,-1e-04,50,0.5259,0.6927,ns
M3vsM4_12m,tertiles,Absolute Mortality,GPPsat,Low,22,-0.48333,54.5,0.01742,0.1568,ns
M3vsM4_12m,tertiles,Absolute Mortality,NEPmax,Low,22,-0.21757,63.6,0.06766,0.2768,ns
M3vsM4_12m,tertiles,Absolute Mortality,WUE,Low,22,0.01898,36.4,0.7523,0.8379,ns
M3vsM4_12m,tertiles,Absolute Mortality,uWUE,Low,22,-0.01489,54.5,0.2581,0.6452,ns
M3vsM4_12m,tertiles,Relative Mortality,ETmax,High,22,-0.00082,54.5,0.3484,0.6795,ns
M3vsM4_12m,tertiles,Relative Mortality,GPPsat,High,22,0.00241,50,0.4228,0.6795,ns
M3vsM4_12m,tertiles,Relative Mortality,NEPmax,High,22,-0.3268,68.2,0.06766,0.2768,ns
M3vsM4_12m,tertiles,Relative Mortality,WUE,High,22,-0.06048,63.6,0.02985,0.1679,ns
M3vsM4_12m,tertiles,Relative Mortality,uWUE,High,22,0.02838,45.5,0.4483,0.6927,ns
M3vsM4_12m,tertiles,Relative Mortality,ETmax,Mid,21,0.0018,38.1,0.9369,0.9369,ns
M3vsM4_12m,tertiles,Relative Mortality,GPPsat,Mid,21,-0.20469,52.4,0.3383,0.6795,ns
M3vsM4_12m,tertiles,Relative Mortality,NEPmax,Mid,21,0.23466,42.9,0.6489,0.7487,ns
M3vsM4_12m,tertiles,Relative Mortality,WUE,Mid,21,-0.0125,57.1,0.2891,0.6795,ns
M3vsM4_12m,tertiles,Relative Mortality,uWUE,Mid,21,-0.02723,61.9,0.1406,0.4219,ns
M3vsM4_12m,tertiles,Relative Mortality,ETmax,Low,22,-1e-04,50,0.5129,0.6927,ns
M3vsM4_12m,tertiles,Relative Mortality,GPPsat,Low,22,-0.53908,59.1,0.005162,0.1161,ns
M3vsM4_12m,tertiles,Relative Mortality,NEPmax,Low,22,-0.31031,72.7,0.01058,0.1568,ns
M3vsM4_12m,tertiles,Relative Mortality,WUE,Low,22,0.02617,36.4,0.7821,0.8379,ns
M3vsM4_12m,tertiles,Relative Mortality,uWUE,Low,22,-0.00118,50,0.3605,0.6795,ns
M3vsM4_12m,tertiles,Relative Disturbance,ETmax,High,22,6e-05,50,0.5388,0.6927,ns
M3vsM4_12m,tertiles,Relative Disturbance,GPPsat,High,22,0.00241,50,0.3975,0.6795,ns
M3vsM4_12m,tertiles,Relative Disturbance,NEPmax,High,22,-0.31878,63.6,0.09158,0.3434,ns
M3vsM4_12m,tertiles,Relative Disturbance,WUE,High,22,-0.06048,63.6,0.01481,0.1568,ns
M3vsM4_12m,tertiles,Relative Disturbance,uWUE,High,22,0.00756,50,0.4228,0.6795,ns
M3vsM4_12m,tertiles,Relative Disturbance,ETmax,Mid,21,0.00016,47.6,0.7673,0.8379,ns
M3vsM4_12m,tertiles,Relative Disturbance,GPPsat,Mid,21,0.31683,47.6,0.5277,0.6927,ns
M3vsM4_12m,tertiles,Relative Disturbance,NEPmax,Mid,21,-0.12529,52.4,0.5139,0.6927,ns
M3vsM4_12m,tertiles,Relative Disturbance,WUE,Mid,21,-0.01739,61.9,0.174,0.4894,ns
M3vsM4_12m,tertiles,Relative Disturbance,uWUE,Mid,21,-0.01037,52.4,0.1406,0.4219,ns
M3vsM4_12m,tertiles,Relative Disturbance,ETmax,Low,22,0.00011,45.5,0.6273,0.7428,ns
M3vsM4_12m,tertiles,Relative Disturbance,GPPsat,Low,22,-0.64404,63.6,0.002138,0.09623,ns
M3vsM4_12m,tertiles,Relative Disturbance,NEPmax,Low,22,-0.30642,68.2,0.02383,0.1653,ns
M3vsM4_12m,tertiles,Relative Disturbance,WUE,Low,22,0.02894,31.8,0.9136,0.9344,ns
M3vsM4_12m,tertiles,Relative Disturbance,uWUE,Low,22,-0.01489,54.5,0.3851,0.6795,ns
M3vsM4_12m,equal_width,Absolute Mortality,ETmax,Mid,21,-0.00097,52.4,0.431,0.6157,ns
M3vsM4_12m,equal_width,Absolute Mortality,GPPsat,Mid,21,0.04647,47.6,0.3257,0.535,ns
M3vsM4_12m,equal_width,Absolute Mortality,NEPmax,Mid,21,-0.32566,66.7,0.03535,0.2708,ns
M3vsM4_12m,equal_width,Absolute Mortality,WUE,Mid,21,-0.06049,66.7,0.01851,0.237,ns
M3vsM4_12m,equal_width,Absolute Mortality,uWUE,Mid,21,0.01516,47.6,0.2435,0.5088,ns
M3vsM4_12m,equal_width,Absolute Mortality,ETmax,Low,41,0.00087,43.9,0.856,0.856,ns
M3vsM4_12m,equal_width,Absolute Mortality,GPPsat,Low,41,-0.50792,58.5,0.0237,0.237,ns
M3vsM4_12m,equal_width,Absolute Mortality,NEPmax,Low,41,-0.13963,58.5,0.1499,0.3749,ns
M3vsM4_12m,equal_width,Absolute Mortality,WUE,Low,41,0.00329,43.9,0.5972,0.7268,ns
M3vsM4_12m,equal_width,Absolute Mortality,uWUE,Low,41,-0.02026,58.5,0.1116,0.3335,ns
M3vsM4_12m,equal_width,Absolute Mortality,ETmax,High,3,-0.00049,66.7,,,""
M3vsM4_12m,equal_width,Absolute Mortality,GPPsat,High,3,0.24941,33.3,,,""
M3vsM4_12m,equal_width,Absolute Mortality,NEPmax,High,3,-0.32793,66.7,,,""
M3vsM4_12m,equal_width,Absolute Mortality,WUE,High,3,-0.01833,66.7,,,""
M3vsM4_12m,equal_width,Absolute Mortality,uWUE,High,3,0.07579,0,,,""
M3vsM4_12m,equal_width,Relative Mortality,ETmax,Mid,26,-0.00041,50,0.5805,0.7268,ns
M3vsM4_12m,equal_width,Relative Mortality,GPPsat,Mid,26,0.00241,50,0.3611,0.535,ns
M3vsM4_12m,equal_width,Relative Mortality,NEPmax,Mid,26,-0.31878,61.5,0.04938,0.2708,ns
M3vsM4_12m,equal_width,Relative Mortality,WUE,Mid,26,-0.02098,57.7,0.08914,0.3209,ns
M3vsM4_12m,equal_width,Relative Mortality,uWUE,Mid,26,-0.01162,57.7,0.1939,0.4563,ns
M3vsM4_12m,equal_width,Relative Mortality,ETmax,Low,32,0.00073,43.8,0.8414,0.856,ns
M3vsM4_12m,equal_width,Relative Mortality,GPPsat,Low,32,-0.52611,59.4,0.005951,0.119,ns
M3vsM4_12m,equal_width,Relative Mortality,NEPmax,Low,32,-0.21757,62.5,0.1251,0.3335,ns
M3vsM4_12m,equal_width,Relative Mortality,WUE,Low,32,0.01218,40.6,0.6899,0.8116,ns
M3vsM4_12m,equal_width,Relative Mortality,uWUE,Low,32,-0.00305,50,0.337,0.535,ns
M3vsM4_12m,equal_width,Relative Mortality,ETmax,High,7,-0.00049,57.1,0.4663,0.6218,ns
M3vsM4_12m,equal_width,Relative Mortality,GPPsat,High,7,0.24941,42.9,0.7229,0.8262,ns
M3vsM4_12m,equal_width,Relative Mortality,NEPmax,High,7,-0.32793,57.1,0.4663,0.6218,ns
M3vsM4_12m,equal_width,Relative Mortality,WUE,High,7,-0.09335,85.7,0.05416,0.2708,ns
M3vsM4_12m,equal_width,Relative Mortality,uWUE,High,7,0.02579,42.9,0.3363,0.535,ns
M3vsM4_12m,equal_width,Relative Disturbance,ETmax,Mid,27,0.00087,40.7,0.8162,0.856,ns
M3vsM4_12m,equal_width,Relative Disturbance,GPPsat,Mid,27,0.13078,44.4,0.5996,0.7268,ns
M3vsM4_12m,equal_width,Relative Disturbance,NEPmax,Mid,27,-0.32566,59.3,0.07994,0.3209,ns
M3vsM4_12m,equal_width,Relative Disturbance,WUE,Mid,27,-0.024,63,0.04292,0.2708,ns
M3vsM4_12m,equal_width,Relative Disturbance,uWUE,Mid,27,-0.01067,55.6,0.2544,0.5088,ns
M3vsM4_12m,equal_width,Relative Disturbance,ETmax,High,9,-0.00317,77.8,0.1181,0.3335,ns
M3vsM4_12m,equal_width,Relative Disturbance,GPPsat,High,9,-0.30437,55.6,0.3611,0.535,ns
M3vsM4_12m,equal_width,Relative Disturbance,NEPmax,High,9,-0.72915,77.8,0.09626,0.3209,ns
M3vsM4_12m,equal_width,Relative Disturbance,WUE,High,9,-0.07712,66.7,0.09626,0.3209,ns
M3vsM4_12m,equal_width,Relative Disturbance,uWUE,High,9,0.02579,44.4,0.3178,0.535,ns
M3vsM4_12m,equal_width,Relative Disturbance,ETmax,Low,29,0.00017,44.8,0.8065,0.856,ns
M3vsM4_12m,equal_width,Relative Disturbance,GPPsat,Low,29,-0.54071,62.1,0.003911,0.119,ns
M3vsM4_12m,equal_width,Relative Disturbance,NEPmax,Low,29,-0.13104,58.6,0.2445,0.5088,ns
M3vsM4_12m,equal_width,Relative Disturbance,WUE,Low,29,0.01631,37.9,0.7555,0.8395,ns
M3vsM4_12m,equal_width,Relative Disturbance,uWUE,Low,29,-0.00953,51.7,0.2944,0.535,ns
M3vsM4_12m,natural_breaks,Absolute Mortality,ETmax,High,14,-0.00227,71.4,0.1732,0.4584,ns
M3vsM4_12m,natural_breaks,Absolute Mortality,GPPsat,High,14,0.29849,42.9,0.5747,0.6989,ns
M3vsM4_12m,natural_breaks,Absolute Mortality,NEPmax,High,14,-0.33015,78.6,0.07439,0.3132,ns
M3vsM4_12m,natural_breaks,Absolute Mortality,WUE,High,14,-0.07692,71.4,0.07439,0.3132,ns
M3vsM4_12m,natural_breaks,Absolute Mortality,uWUE,High,14,0.03149,42.9,0.5,0.678,ns
M3vsM4_12m,natural_breaks,Absolute Mortality,ETmax,Mid,32,0.00155,37.5,0.9598,0.9816,ns
M3vsM4_12m,natural_breaks,Absolute Mortality,GPPsat,Mid,32,-0.46495,62.5,0.06856,0.3132,ns
M3vsM4_12m,natural_breaks,Absolute Mortality,NEPmax,Mid,32,-0.2143,53.1,0.1678,0.4584,ns
M3vsM4_12m,natural_breaks,Absolute Mortality,WUE,Mid,32,-0.01008,53.1,0.2717,0.5685,ns
M3vsM4_12m,natural_breaks,Absolute Mortality,uWUE,Mid,32,-0.01052,53.1,0.2779,0.5685,ns
M3vsM4_12m,natural_breaks,Absolute Mortality,ETmax,Low,19,5e-05,47.4,0.5401,0.678,ns
M3vsM4_12m,natural_breaks,Absolute Mortality,GPPsat,Low,19,0.11959,47.4,0.07656,0.3132,ns
M3vsM4_12m,natural_breaks,Absolute Mortality,NEPmax,Low,19,-0.13963,63.2,0.1524,0.4572,ns
M3vsM4_12m,natural_breaks,Absolute Mortality,WUE,Low,19,0.01631,36.8,0.6489,0.73,ns
M3vsM4_12m,natural_breaks,Absolute Mortality,uWUE,Low,19,-0.02026,57.9,0.1935,0.4837,ns
M3vsM4_12m,natural_breaks,Relative Mortality,ETmax,High,23,-0.00115,56.5,0.2973,0.5816,ns
M3vsM4_12m,natural_breaks,Relative Mortality,GPPsat,High,23,-0.04166,52.2,0.3519,0.6598,ns
M3vsM4_12m,natural_breaks,Relative Mortality,NEPmax,High,23,-0.32793,69.6,0.05185,0.3132,ns
M3vsM4_12m,natural_breaks,Relative Mortality,WUE,High,23,-0.06047,65.2,0.02318,0.2607,ns
M3vsM4_12m,natural_breaks,Relative Mortality,uWUE,High,23,0.02579,47.8,0.4456,0.678,ns
M3vsM4_12m,natural_breaks,Relative Mortality,ETmax,Mid,18,0.00343,27.8,0.9882,0.9882,ns
M3vsM4_12m,natural_breaks,Relative Mortality,GPPsat,Mid,18,0.2238,44.4,0.6031,0.7142,ns
M3vsM4_12m,natural_breaks,Relative Mortality,NEPmax,Mid,18,0.14281,44.4,0.6198,0.7151,ns
M3vsM4_12m,natural_breaks,Relative Mortality,WUE,Mid,18,-0.01494,61.1,0.2295,0.5249,ns
M3vsM4_12m,natural_breaks,Relative Mortality,uWUE,Mid,18,-0.02618,61.1,0.1381,0.444,ns
M3vsM4_12m,natural_breaks,Relative Mortality,ETmax,Low,24,-0.00024,54.2,0.4041,0.6734,ns
M3vsM4_12m,natural_breaks,Relative Mortality,GPPsat,Low,24,-0.64404,62.5,0.001703,0.06652,ns
M3vsM4_12m,natural_breaks,Relative Mortality,NEPmax,Low,24,-0.29941,66.7,0.03707,0.3012,ns
M3vsM4_12m,natural_breaks,Relative Mortality,WUE,Low,24,0.02617,33.3,0.8705,0.9109,ns
M3vsM4_12m,natural_breaks,Relative Mortality,uWUE,Low,24,-0.00118,50,0.3821,0.6734,ns
M3vsM4_12m,natural_breaks,Relative Disturbance,ETmax,High,22,6e-05,50,0.5388,0.678,ns
M3vsM4_12m,natural_breaks,Relative Disturbance,GPPsat,High,22,0.00241,50,0.3975,0.6734,ns
M3vsM4_12m,natural_breaks,Relative Disturbance,NEPmax,High,22,-0.31878,63.6,0.09158,0.317,ns
M3vsM4_12m,natural_breaks,Relative Disturbance,WUE,High,22,-0.06048,63.6,0.01481,0.2221,ns
M3vsM4_12m,natural_breaks,Relative Disturbance,uWUE,High,22,0.00756,50,0.4228,0.678,ns
M3vsM4_12m,natural_breaks,Relative Disturbance,ETmax,Mid,20,0.00088,45,0.8387,0.9109,ns
M3vsM4_12m,natural_breaks,Relative Disturbance,GPPsat,Mid,20,0.05607,50,0.5074,0.678,ns
M3vsM4_12m,natural_breaks,Relative Disturbance,NEPmax,Mid,20,-0.2143,55,0.4628,0.678,ns
M3vsM4_12m,natural_breaks,Relative Disturbance,WUE,Mid,20,-0.01494,60,0.2333,0.5249,ns
M3vsM4_12m,natural_breaks,Relative Disturbance,uWUE,Mid,20,-0.0188,55,0.0865,0.317,ns
M3vsM4_12m,natural_breaks,Relative Disturbance,ETmax,Low,23,5e-05,47.8,0.5424,0.678,ns
M3vsM4_12m,natural_breaks,Relative Disturbance,GPPsat,Low,23,-0.63931,60.9,0.002957,0.06652,ns
M3vsM4_12m,natural_breaks,Relative Disturbance,NEPmax,Low,23,-0.29552,65.2,0.04016,0.3012,ns
M3vsM4_12m,natural_breaks,Relative Disturbance,WUE,Low,23,0.01631,34.8,0.8599,0.9109,ns
M3vsM4_12m,natural_breaks,Relative Disturbance,uWUE,Low,23,-0.00953,52.2,0.4697,0.678,ns
M3vsM4_24m,tertiles,Absolute Mortality,ETmax,High,22,0.00051,50,0.6635,0.807,ns
M3vsM4_24m,tertiles,Absolute Mortality,GPPsat,High,22,-0.03368,54.5,0.4612,0.807,ns
M3vsM4_24m,tertiles,Absolute Mortality,NEPmax,High,22,-0.10796,54.5,0.165,0.4103,ns
M3vsM4_24m,tertiles,Absolute Mortality,WUE,High,22,-0.05367,59.1,0.07658,0.2441,ns
M3vsM4_24m,tertiles,Absolute Mortality,uWUE,High,22,-0.00648,59.1,0.4101,0.8024,ns
M3vsM4_24m,tertiles,Absolute Mortality,ETmax,Mid,21,0.00047,42.9,0.8515,0.8911,ns
M3vsM4_24m,tertiles,Absolute Mortality,GPPsat,Mid,21,0.06907,42.9,0.5277,0.807,ns
M3vsM4_24m,tertiles,Absolute Mortality,NEPmax,Mid,21,-0.10806,52.4,0.3641,0.7447,ns
M3vsM4_24m,tertiles,Absolute Mortality,WUE,Mid,21,-0.01729,57.1,0.2545,0.5454,ns
M3vsM4_24m,tertiles,Absolute Mortality,uWUE,Mid,21,-0.04768,76.2,0.01851,0.1213,ns
M3vsM4_24m,tertiles,Absolute Mortality,ETmax,Low,22,0.00025,50,0.7625,0.8276,ns
M3vsM4_24m,tertiles,Absolute Mortality,GPPsat,Low,22,-0.08952,68.2,0.04265,0.1919,ns
M3vsM4_24m,tertiles,Absolute Mortality,NEPmax,Low,22,-0.29923,63.6,0.01886,0.1213,ns
M3vsM4_24m,tertiles,Absolute Mortality,WUE,Low,22,0.01308,36.4,0.7625,0.8276,ns
M3vsM4_24m,tertiles,Absolute Mortality,uWUE,Low,22,-0.02196,59.1,0.07201,0.2441,ns
M3vsM4_24m,tertiles,Relative Mortality,ETmax,High,22,-6e-05,50,0.6149,0.807,ns
M3vsM4_24m,tertiles,Relative Mortality,GPPsat,High,22,0.0084,50,0.5129,0.807,ns
M3vsM4_24m,tertiles,Relative Mortality,NEPmax,High,22,-0.15181,59.1,0.08135,0.2441,ns
M3vsM4_24m,tertiles,Relative Mortality,WUE,High,22,-0.0694,72.7,0.01742,0.1213,ns
M3vsM4_24m,tertiles,Relative Mortality,uWUE,High,22,-0.02637,72.7,0.1212,0.321,ns
M3vsM4_24m,tertiles,Relative Mortality,ETmax,Mid,21,0.00134,38.1,0.9278,0.9278,ns
M3vsM4_24m,tertiles,Relative Mortality,GPPsat,Mid,21,-0.02256,52.4,0.4861,0.807,ns
M3vsM4_24m,tertiles,Relative Mortality,NEPmax,Mid,21,0.0527,42.9,0.5961,0.807,ns
M3vsM4_24m,tertiles,Relative Mortality,WUE,Mid,21,0.01118,42.9,0.5961,0.807,ns
M3vsM4_24m,tertiles,Relative Mortality,uWUE,Mid,21,-0.02299,57.1,0.212,0.477,ns
M3vsM4_24m,tertiles,Relative Mortality,ETmax,Low,22,-0.00021,54.5,0.6516,0.807,ns
M3vsM4_24m,tertiles,Relative Mortality,GPPsat,Low,22,-0.08952,63.6,0.04265,0.1919,ns
M3vsM4_24m,tertiles,Relative Mortality,NEPmax,Low,22,-0.38106,68.2,0.007447,0.1213,ns
M3vsM4_24m,tertiles,Relative Mortality,WUE,Low,22,0.01427,36.4,0.7724,0.8276,ns
M3vsM4_24m,tertiles,Relative Mortality,uWUE,Low,22,-0.03023,63.6,0.02571,0.1446,ns
M3vsM4_24m,tertiles,Relative Disturbance,ETmax,High,22,-6e-05,50,0.7205,0.8276,ns
M3vsM4_24m,tertiles,Relative Disturbance,GPPsat,High,22,-0.02349,50,0.4741,0.807,ns
M3vsM4_24m,tertiles,Relative Disturbance,NEPmax,High,22,-0.15181,59.1,0.06766,0.2441,ns
M3vsM4_24m,tertiles,Relative Disturbance,WUE,High,22,-0.0694,72.7,0.006805,0.1213,ns
M3vsM4_24m,tertiles,Relative Disturbance,uWUE,High,22,-0.02637,68.2,0.1732,0.4103,ns
M3vsM4_24m,tertiles,Relative Disturbance,ETmax,Mid,21,0.00134,38.1,0.9229,0.9278,ns
M3vsM4_24m,tertiles,Relative Disturbance,GPPsat,Mid,21,0.06907,47.6,0.6489,0.807,ns
M3vsM4_24m,tertiles,Relative Disturbance,NEPmax,Mid,21,0.0527,47.6,0.6359,0.807,ns
M3vsM4_24m,tertiles,Relative Disturbance,WUE,Mid,21,0.01118,42.9,0.6617,0.807,ns
M3vsM4_24m,tertiles,Relative Disturbance,uWUE,Mid,21,-0.02299,61.9,0.08762,0.2464,ns
M3vsM4_24m,tertiles,Relative Disturbance,ETmax,Low,22,-0.00021,54.5,0.6025,0.807,ns
M3vsM4_24m,tertiles,Relative Disturbance,GPPsat,Low,22,-0.11754,68.2,0.01607,0.1213,ns
M3vsM4_24m,tertiles,Relative Disturbance,NEPmax,Low,22,-0.31428,63.6,0.01153,0.1213,ns
M3vsM4_24m,tertiles,Relative Disturbance,WUE,Low,22,0.01427,36.4,0.7625,0.8276,ns
M3vsM4_24m,tertiles,Relative Disturbance,uWUE,Low,22,-0.02196,63.6,0.05226,0.2138,ns
M3vsM4_24m,equal_width,Absolute Mortality,ETmax,Mid,21,-5e-04,61.9,0.3511,0.6019,ns
M3vsM4_24m,equal_width,Absolute Mortality,GPPsat,Mid,21,-0.06557,57.1,0.2545,0.5358,ns
M3vsM4_24m,equal_width,Absolute Mortality,NEPmax,Mid,21,-0.26615,57.1,0.09329,0.272,ns
M3vsM4_24m,equal_width,Absolute Mortality,WUE,Mid,21,-0.04235,66.7,0.05493,0.2197,ns
M3vsM4_24m,equal_width,Absolute Mortality,uWUE,Mid,21,-0.00616,57.1,0.5415,0.6769,ns
M3vsM4_24m,equal_width,Absolute Mortality,ETmax,Low,41,0.00063,43.9,0.9132,0.9437,ns
M3vsM4_24m,equal_width,Absolute Mortality,GPPsat,Low,41,-0.05228,56.1,0.1592,0.3935,ns
M3vsM4_24m,equal_width,Absolute Mortality,NEPmax,Low,41,-0.15874,56.1,0.09099,0.272,ns
M3vsM4_24m,equal_width,Absolute Mortality,WUE,Low,41,0.00878,43.9,0.469,0.6537,ns
M3vsM4_24m,equal_width,Absolute Mortality,uWUE,Low,41,-0.0288,65.9,0.008861,0.2197,ns
M3vsM4_24m,equal_width,Absolute Mortality,ETmax,High,3,0.00377,0,,,""
M3vsM4_24m,equal_width,Absolute Mortality,GPPsat,High,3,0.50754,33.3,,,""
M3vsM4_24m,equal_width,Absolute Mortality,NEPmax,High,3,-0.19556,66.7,,,""
M3vsM4_24m,equal_width,Absolute Mortality,WUE,High,3,0.0193,33.3,,,""
M3vsM4_24m,equal_width,Absolute Mortality,uWUE,High,3,-0.06908,100,,,""
M3vsM4_24m,equal_width,Relative Mortality,ETmax,Mid,26,-0.00025,53.8,0.5101,0.6769,ns
M3vsM4_24m,equal_width,Relative Mortality,GPPsat,Mid,26,-0.01218,53.8,0.4195,0.6537,ns
M3vsM4_24m,equal_width,Relative Mortality,NEPmax,Mid,26,-0.15198,53.8,0.1672,0.3935,ns
M3vsM4_24m,equal_width,Relative Mortality,WUE,Mid,26,-0.01704,53.8,0.3422,0.6019,ns
M3vsM4_24m,equal_width,Relative Mortality,uWUE,Mid,26,-0.00792,57.7,0.4595,0.6537,ns
M3vsM4_24m,equal_width,Relative Mortality,ETmax,Low,32,0.00076,46.9,0.8749,0.9437,ns
M3vsM4_24m,equal_width,Relative Mortality,GPPsat,Low,32,-0.08952,59.4,0.05494,0.2197,ns
M3vsM4_24m,equal_width,Relative Mortality,NEPmax,Low,32,-0.29923,59.4,0.0453,0.2197,ns
M3vsM4_24m,equal_width,Relative Mortality,WUE,Low,32,0.00907,43.8,0.4739,0.6537,ns
M3vsM4_24m,equal_width,Relative Mortality,uWUE,Low,32,-0.02301,62.5,0.02885,0.2197,ns
M3vsM4_24m,equal_width,Relative Mortality,ETmax,High,7,0.00201,28.6,0.9458,0.9458,ns
M3vsM4_24m,equal_width,Relative Mortality,GPPsat,High,7,0.50754,42.9,0.7766,0.8628,ns
M3vsM4_24m,equal_width,Relative Mortality,NEPmax,High,7,-0.02036,57.1,0.3363,0.6019,ns
M3vsM4_24m,equal_width,Relative Mortality,WUE,High,7,-0.13115,71.4,0.05416,0.2197,ns
M3vsM4_24m,equal_width,Relative Mortality,uWUE,High,7,-0.06908,100,0.01125,0.2197,ns
M3vsM4_24m,equal_width,Relative Disturbance,ETmax,Mid,27,0.00026,48.1,0.7378,0.8432,ns
M3vsM4_24m,equal_width,Relative Disturbance,GPPsat,Mid,27,0.05079,48.1,0.7219,0.8432,ns
M3vsM4_24m,equal_width,Relative Disturbance,NEPmax,Mid,27,-0.26615,63,0.09521,0.272,ns
M3vsM4_24m,equal_width,Relative Disturbance,WUE,Mid,27,-0.01678,55.6,0.2468,0.5358,ns
M3vsM4_24m,equal_width,Relative Disturbance,uWUE,Mid,27,-0.00904,55.6,0.3459,0.6019,ns
M3vsM4_24m,equal_width,Relative Disturbance,ETmax,High,9,-0.00078,55.6,0.5936,0.7196,ns
M3vsM4_24m,equal_width,Relative Disturbance,GPPsat,High,9,-0.51866,55.6,0.3611,0.6019,ns
M3vsM4_24m,equal_width,Relative Disturbance,NEPmax,High,9,0.07815,44.4,0.4528,0.6537,ns
M3vsM4_24m,equal_width,Relative Disturbance,WUE,High,9,-0.10587,66.7,0.07757,0.272,ns
M3vsM4_24m,equal_width,Relative Disturbance,uWUE,High,9,-0.02678,88.9,0.02201,0.2197,ns
M3vsM4_24m,equal_width,Relative Disturbance,ETmax,Low,29,0.00134,44.8,0.9201,0.9437,ns
M3vsM4_24m,equal_width,Relative Disturbance,GPPsat,Low,29,-0.09523,62.1,0.05243,0.2197,ns
M3vsM4_24m,equal_width,Relative Disturbance,NEPmax,Low,29,-0.15874,55.2,0.1215,0.3239,ns
M3vsM4_24m,equal_width,Relative Disturbance,WUE,Low,29,0.01118,41.4,0.5259,0.6769,ns
M3vsM4_24m,equal_width,Relative Disturbance,uWUE,Low,29,-0.02304,65.5,0.01998,0.2197,ns
M3vsM4_24m,natural_breaks,Absolute Mortality,ETmax,High,14,0.00041,50,0.5,0.7983,ns
M3vsM4_24m,natural_breaks,Absolute Mortality,GPPsat,High,14,0.03469,42.9,0.7551,0.809,ns
M3vsM4_24m,natural_breaks,Absolute Mortality,NEPmax,High,14,0.02889,50,0.3302,0.6191,ns
M3vsM4_24m,natural_breaks,Absolute Mortality,WUE,High,14,-0.05367,57.1,0.1165,0.3224,ns
M3vsM4_24m,natural_breaks,Absolute Mortality,uWUE,High,14,-0.02637,85.7,0.04504,0.2534,ns
M3vsM4_24m,natural_breaks,Absolute Mortality,ETmax,Mid,32,0.00069,43.8,0.9063,0.9457,ns
M3vsM4_24m,natural_breaks,Absolute Mortality,GPPsat,Mid,32,-0.10548,56.2,0.1725,0.3543,ns
M3vsM4_24m,natural_breaks,Absolute Mortality,NEPmax,Mid,32,-0.34064,59.4,0.129,0.3224,ns
M3vsM4_24m,natural_breaks,Absolute Mortality,WUE,Mid,32,-0.01277,53.1,0.1923,0.3762,ns
M3vsM4_24m,natural_breaks,Absolute Mortality,uWUE,Mid,32,-0.02264,56.2,0.1175,0.3224,ns
M3vsM4_24m,natural_breaks,Absolute Mortality,ETmax,Low,19,-0.00013,52.6,0.7467,0.809,ns
M3vsM4_24m,natural_breaks,Absolute Mortality,GPPsat,Low,19,-0.08381,63.2,0.1257,0.3224,ns
M3vsM4_24m,natural_breaks,Absolute Mortality,NEPmax,Low,19,-0.15874,57.9,0.09546,0.3068,ns
M3vsM4_24m,natural_breaks,Absolute Mortality,WUE,Low,19,0.00695,42.1,0.6032,0.7983,ns
M3vsM4_24m,natural_breaks,Absolute Mortality,uWUE,Low,19,-0.02304,63.2,0.08251,0.2856,ns
M3vsM4_24m,natural_breaks,Relative Mortality,ETmax,High,23,0.00026,47.8,0.7027,0.809,ns
M3vsM4_24m,natural_breaks,Relative Mortality,GPPsat,High,23,-0.00179,52.2,0.4939,0.7983,ns
M3vsM4_24m,natural_breaks,Relative Mortality,NEPmax,High,23,-0.19556,60.9,0.05185,0.2592,ns
M3vsM4_24m,natural_breaks,Relative Mortality,WUE,High,23,-0.06756,69.6,0.01726,0.2155,ns
M3vsM4_24m,natural_breaks,Relative Mortality,uWUE,High,23,-0.02597,69.6,0.147,0.3308,ns
M3vsM4_24m,natural_breaks,Relative Mortality,ETmax,Mid,18,0.00178,33.3,0.951,0.951,ns
M3vsM4_24m,natural_breaks,Relative Mortality,GPPsat,Mid,18,0.00118,50,0.5691,0.7983,ns
M3vsM4_24m,natural_breaks,Relative Mortality,NEPmax,Mid,18,0.06545,44.4,0.6031,0.7983,ns
M3vsM4_24m,natural_breaks,Relative Mortality,WUE,Mid,18,0.00998,44.4,0.6031,0.7983,ns
M3vsM4_24m,natural_breaks,Relative Mortality,uWUE,Mid,18,-0.02589,61.1,0.1381,0.3272,ns
M3vsM4_24m,natural_breaks,Relative Mortality,ETmax,Low,24,-0.00036,58.3,0.5512,0.7983,ns
M3vsM4_24m,natural_breaks,Relative Mortality,GPPsat,Low,24,-0.08952,62.5,0.03707,0.2383,ns
M3vsM4_24m,natural_breaks,Relative Mortality,NEPmax,Low,24,-0.29923,62.5,0.01916,0.2155,ns
M3vsM4_24m,natural_breaks,Relative Mortality,WUE,Low,24,0.01427,37.5,0.7113,0.809,ns
M3vsM4_24m,natural_breaks,Relative Mortality,uWUE,Low,24,-0.02196,62.5,0.03707,0.2383,ns
M3vsM4_24m,natural_breaks,Relative Disturbance,ETmax,High,22,-6e-05,50,0.7205,0.809,ns
M3vsM4_24m,natural_breaks,Relative Disturbance,GPPsat,High,22,-0.02349,50,0.4741,0.7983,ns
M3vsM4_24m,natural_breaks,Relative Disturbance,NEPmax,High,22,-0.15181,59.1,0.06766,0.2628,ns
M3vsM4_24m,natural_breaks,Relative Disturbance,WUE,High,22,-0.0694,72.7,0.006805,0.1756,ns
M3vsM4_24m,natural_breaks,Relative Disturbance,uWUE,High,22,-0.02637,68.2,0.1732,0.3543,ns
M3vsM4_24m,natural_breaks,Relative Disturbance,ETmax,Mid,20,0.00178,35,0.9247,0.9457,ns
M3vsM4_24m,natural_breaks,Relative Disturbance,GPPsat,Mid,20,0.03364,50,0.5959,0.7983,ns
M3vsM4_24m,natural_breaks,Relative Disturbance,NEPmax,Mid,20,0.14538,45,0.6796,0.809,ns
M3vsM4_24m,natural_breaks,Relative Disturbance,WUE,Mid,20,0.01241,40,0.7059,0.809,ns
M3vsM4_24m,natural_breaks,Relative Disturbance,uWUE,Mid,20,-0.02589,65,0.06527,0.2628,ns
M3vsM4_24m,natural_breaks,Relative Disturbance,ETmax,Low,23,-0.00028,56.5,0.5784,0.7983,ns
M3vsM4_24m,natural_breaks,Relative Disturbance,GPPsat,Low,23,-0.09523,65.2,0.02672,0.2383,ns
M3vsM4_24m,natural_breaks,Relative Disturbance,NEPmax,Low,23,-0.36601,65.2,0.007803,0.1756,ns
M3vsM4_24m,natural_breaks,Relative Disturbance,WUE,Low,23,0.01253,39.1,0.7027,0.809,ns
M3vsM4_24m,natural_breaks,Relative Disturbance,uWUE,Low,23,-0.02087,60.9,0.07009,0.2628,ns
M5vsM6_raw_12m,tertiles,Absolute Mortality,ETmax,High,22,-0.00048,68.2,0.1148,0.8925,ns
M5vsM6_raw_12m,tertiles,Absolute Mortality,GPPsat,High,22,0.29973,31.8,0.9511,0.9723,ns
M5vsM6_raw_12m,tertiles,Absolute Mortality,NEPmax,High,22,0.05991,50,0.7915,0.9626,ns
M5vsM6_raw_12m,tertiles,Absolute Mortality,WUE,High,22,-0.01536,54.5,0.1817,0.8925,ns
M5vsM6_raw_12m,tertiles,Absolute Mortality,uWUE,High,22,-0.00261,54.5,0.3247,0.8925,ns
M5vsM6_raw_12m,tertiles,Absolute Mortality,ETmax,Mid,21,0.00052,42.9,0.6617,0.8925,ns
M5vsM6_raw_12m,tertiles,Absolute Mortality,GPPsat,Mid,21,-0.14462,57.1,0.3011,0.8925,ns
M5vsM6_raw_12m,tertiles,Absolute Mortality,NEPmax,Mid,21,-0.06507,57.1,0.6743,0.8925,ns
M5vsM6_raw_12m,tertiles,Absolute Mortality,WUE,Mid,21,-0.0232,61.9,0.4447,0.8925,ns
M5vsM6_raw_12m,tertiles,Absolute Mortality,uWUE,Mid,21,0.01385,33.3,0.9124,0.9723,ns
M5vsM6_raw_12m,tertiles,Absolute Mortality,ETmax,Low,22,0.00073,45.5,0.5772,0.8925,ns
M5vsM6_raw_12m,tertiles,Absolute Mortality,GPPsat,Low,22,0.06818,36.4,0.8183,0.9691,ns
M5vsM6_raw_12m,tertiles,Absolute Mortality,NEPmax,Low,22,0.06578,45.5,0.5772,0.8925,ns
M5vsM6_raw_12m,tertiles,Absolute Mortality,WUE,Low,22,-0.02275,63.6,0.2477,0.8925,ns
M5vsM6_raw_12m,tertiles,Absolute Mortality,uWUE,Low,22,0.0069,45.5,0.5645,0.8925,ns
M5vsM6_raw_12m,tertiles,Relative Mortality,ETmax,High,22,-0.00063,63.6,0.1817,0.8925,ns
M5vsM6_raw_12m,tertiles,Relative Mortality,GPPsat,High,22,0.3703,27.3,0.9723,0.9723,ns
M5vsM6_raw_12m,tertiles,Relative Mortality,NEPmax,High,22,0.25583,40.9,0.9234,0.9723,ns
M5vsM6_raw_12m,tertiles,Relative Mortality,WUE,High,22,-0.02787,59.1,0.09704,0.8925,ns
M5vsM6_raw_12m,tertiles,Relative Mortality,uWUE,High,22,0.00012,50,0.6025,0.8925,ns
M5vsM6_raw_12m,tertiles,Relative Mortality,ETmax,Mid,21,0.00027,47.6,0.6359,0.8925,ns
M5vsM6_raw_12m,tertiles,Relative Mortality,GPPsat,Mid,21,-0.13241,52.4,0.5139,0.8925,ns
M5vsM6_raw_12m,tertiles,Relative Mortality,NEPmax,Mid,21,-0.06399,61.9,0.5553,0.8925,ns
M5vsM6_raw_12m,tertiles,Relative Mortality,WUE,Mid,21,-0.0232,61.9,0.3133,0.8925,ns
M5vsM6_raw_12m,tertiles,Relative Mortality,uWUE,Mid,21,0.00303,42.9,0.6095,0.8925,ns
M5vsM6_raw_12m,tertiles,Relative Mortality,ETmax,Low,22,0.00073,45.5,0.5388,0.8925,ns
M5vsM6_raw_12m,tertiles,Relative Mortality,GPPsat,Low,22,0.01896,45.5,0.5129,0.8925,ns
M5vsM6_raw_12m,tertiles,Relative Mortality,NEPmax,Low,22,-0.02036,50,0.3484,0.8925,ns
M5vsM6_raw_12m,tertiles,Relative Mortality,WUE,Low,22,-0.01559,59.1,0.4612,0.8925,ns
M5vsM6_raw_12m,tertiles,Relative Mortality,uWUE,Low,22,0.00787,40.9,0.7205,0.9264,ns
M5vsM6_raw_12m,tertiles,Relative Disturbance,ETmax,High,22,-0.00133,68.2,0.07658,0.8925,ns
M5vsM6_raw_12m,tertiles,Relative Disturbance,GPPsat,High,22,0.3703,27.3,0.9702,0.9723,ns
M5vsM6_raw_12m,tertiles,Relative Disturbance,NEPmax,High,22,0.22233,45.5,0.8973,0.9723,ns
M5vsM6_raw_12m,tertiles,Relative Disturbance,WUE,High,22,-0.02787,59.1,0.04569,0.8925,ns
M5vsM6_raw_12m,tertiles,Relative Disturbance,uWUE,High,22,0.00012,50,0.5899,0.8925,ns
M5vsM6_raw_12m,tertiles,Relative Disturbance,ETmax,Mid,21,0.00076,38.1,0.9589,0.9723,ns
M5vsM6_raw_12m,tertiles,Relative Disturbance,GPPsat,Mid,21,0.19106,47.6,0.5553,0.8925,ns
M5vsM6_raw_12m,tertiles,Relative Disturbance,NEPmax,Mid,21,-0.00243,57.1,0.6359,0.8925,ns
M5vsM6_raw_12m,tertiles,Relative Disturbance,WUE,Mid,21,-0.0232,61.9,0.3133,0.8925,ns
M5vsM6_raw_12m,tertiles,Relative Disturbance,uWUE,Mid,21,0.01233,38.1,0.7673,0.9591,ns
M5vsM6_raw_12m,tertiles,Relative Disturbance,ETmax,Low,22,0.00032,50,0.3727,0.8925,ns
M5vsM6_raw_12m,tertiles,Relative Disturbance,GPPsat,Low,22,0.00497,50,0.3975,0.8925,ns
M5vsM6_raw_12m,tertiles,Relative Disturbance,NEPmax,Low,22,-0.02036,50,0.4101,0.8925,ns
M5vsM6_raw_12m,tertiles,Relative Disturbance,WUE,Low,22,-0.01559,59.1,0.5772,0.8925,ns
M5vsM6_raw_12m,tertiles,Relative Disturbance,uWUE,Low,22,0.0069,45.5,0.5645,0.8925,ns
M5vsM6_raw_12m,equal_width,Absolute Mortality,ETmax,Mid,21,-0.00035,61.9,0.2021,0.9158,ns
M5vsM6_raw_12m,equal_width,Absolute Mortality,GPPsat,Mid,21,0.24934,38.1,0.8594,0.9364,ns
M5vsM6_raw_12m,equal_width,Absolute Mortality,NEPmax,Mid,21,-0.00684,57.1,0.4447,0.9158,ns
M5vsM6_raw_12m,equal_width,Absolute Mortality,WUE,Mid,21,-0.01239,52.4,0.2658,0.9158,ns
M5vsM6_raw_12m,equal_width,Absolute Mortality,uWUE,Mid,21,-0.00186,52.4,0.5277,0.9158,ns
M5vsM6_raw_12m,equal_width,Absolute Mortality,ETmax,Low,41,7e-04,43.9,0.7244,0.9158,ns
M5vsM6_raw_12m,equal_width,Absolute Mortality,GPPsat,Low,41,0.02213,46.3,0.5464,0.9158,ns
M5vsM6_raw_12m,equal_width,Absolute Mortality,NEPmax,Low,41,0.02096,48.8,0.7457,0.9158,ns
M5vsM6_raw_12m,equal_width,Absolute Mortality,WUE,Low,41,-0.02558,65.9,0.1822,0.9158,ns
M5vsM6_raw_12m,equal_width,Absolute Mortality,uWUE,Low,41,0.00771,41.5,0.7288,0.9158,ns
M5vsM6_raw_12m,equal_width,Absolute Mortality,ETmax,High,3,-0.00175,100,,,""
M5vsM6_raw_12m,equal_width,Absolute Mortality,GPPsat,High,3,0.36107,0,,,""
M5vsM6_raw_12m,equal_width,Absolute Mortality,NEPmax,High,3,0.87088,33.3,,,""
M5vsM6_raw_12m,equal_width,Absolute Mortality,WUE,High,3,0.03647,33.3,,,""
M5vsM6_raw_12m,equal_width,Absolute Mortality,uWUE,High,3,0.00211,33.3,,,""
M5vsM6_raw_12m,equal_width,Relative Mortality,ETmax,Mid,26,-0.00023,61.5,0.3516,0.9158,ns
M5vsM6_raw_12m,equal_width,Relative Mortality,GPPsat,Mid,26,0.28199,38.5,0.9149,0.9364,ns
M5vsM6_raw_12m,equal_width,Relative Mortality,NEPmax,Mid,26,0.05991,50,0.7536,0.9158,ns
M5vsM6_raw_12m,equal_width,Relative Mortality,WUE,Mid,26,-0.00161,50,0.3516,0.9158,ns
M5vsM6_raw_12m,equal_width,Relative Mortality,uWUE,Mid,26,0.01417,42.3,0.7118,0.9158,ns
M5vsM6_raw_12m,equal_width,Relative Mortality,ETmax,Low,32,0.00073,40.6,0.7158,0.9158,ns
M5vsM6_raw_12m,equal_width,Relative Mortality,GPPsat,Low,32,0.00497,50,0.3788,0.9158,ns
M5vsM6_raw_12m,equal_width,Relative Mortality,NEPmax,Low,32,-0.03087,53.1,0.4739,0.9158,ns
M5vsM6_raw_12m,equal_width,Relative Mortality,WUE,Low,32,-0.02156,65.6,0.2717,0.9158,ns
M5vsM6_raw_12m,equal_width,Relative Mortality,uWUE,Low,32,0.0069,43.8,0.7345,0.9158,ns
M5vsM6_raw_12m,equal_width,Relative Mortality,ETmax,High,7,-0.00175,71.4,0.1024,0.9158,ns
M5vsM6_raw_12m,equal_width,Relative Mortality,GPPsat,High,7,0.36107,14.3,0.8976,0.9364,ns
M5vsM6_raw_12m,equal_width,Relative Mortality,NEPmax,High,7,0.52015,42.9,0.8976,0.9364,ns
M5vsM6_raw_12m,equal_width,Relative Mortality,WUE,High,7,-0.05888,71.4,0.05416,0.9158,ns
M5vsM6_raw_12m,equal_width,Relative Mortality,uWUE,High,7,-0.00973,57.1,0.3363,0.9158,ns
M5vsM6_raw_12m,equal_width,Relative Disturbance,ETmax,Mid,27,-0.00011,55.6,0.4191,0.9158,ns
M5vsM6_raw_12m,equal_width,Relative Disturbance,GPPsat,Mid,27,0.21385,37,0.9364,0.9364,ns
M5vsM6_raw_12m,equal_width,Relative Disturbance,NEPmax,Mid,27,-0.00243,55.6,0.6452,0.9158,ns
M5vsM6_raw_12m,equal_width,Relative Disturbance,WUE,Mid,27,-0.01239,55.6,0.2246,0.9158,ns
M5vsM6_raw_12m,equal_width,Relative Disturbance,uWUE,Mid,27,0.00017,48.1,0.5809,0.9158,ns
M5vsM6_raw_12m,equal_width,Relative Disturbance,ETmax,High,9,-0.00175,77.8,0.1181,0.9158,ns
M5vsM6_raw_12m,equal_width,Relative Disturbance,GPPsat,High,9,0.40451,22.2,0.8568,0.9364,ns
M5vsM6_raw_12m,equal_width,Relative Disturbance,NEPmax,High,9,0.13512,44.4,0.8284,0.9364,ns
M5vsM6_raw_12m,equal_width,Relative Disturbance,WUE,High,9,-0.04718,55.6,0.1716,0.9158,ns
M5vsM6_raw_12m,equal_width,Relative Disturbance,uWUE,High,9,0.00211,44.4,0.6822,0.9158,ns
M5vsM6_raw_12m,equal_width,Relative Disturbance,ETmax,Low,29,0.00113,41.4,0.6751,0.9158,ns
M5vsM6_raw_12m,equal_width,Relative Disturbance,GPPsat,Low,29,-0.00586,51.7,0.3171,0.9158,ns
M5vsM6_raw_12m,equal_width,Relative Disturbance,NEPmax,Low,29,0.02096,48.3,0.619,0.9158,ns
M5vsM6_raw_12m,equal_width,Relative Disturbance,WUE,Low,29,-0.0232,65.5,0.287,0.9158,ns
M5vsM6_raw_12m,equal_width,Relative Disturbance,uWUE,Low,29,0.00771,41.4,0.7555,0.9158,ns
M5vsM6_raw_12m,natural_breaks,Absolute Mortality,ETmax,High,14,-0.00063,64.3,0.2449,0.9115,ns
M5vsM6_raw_12m,natural_breaks,Absolute Mortality,GPPsat,High,14,0.30521,35.7,0.7928,0.9784,ns
M5vsM6_raw_12m,natural_breaks,Absolute Mortality,NEPmax,High,14,0.25583,35.7,0.9063,0.9784,ns
M5vsM6_raw_12m,natural_breaks,Absolute Mortality,WUE,High,14,-0.05303,64.3,0.08363,0.9115,ns
M5vsM6_raw_12m,natural_breaks,Absolute Mortality,uWUE,High,14,-0.00654,64.3,0.1732,0.9115,ns
M5vsM6_raw_12m,natural_breaks,Absolute Mortality,ETmax,Mid,32,-1e-04,53.1,0.3647,0.9115,ns
M5vsM6_raw_12m,natural_breaks,Absolute Mortality,GPPsat,Mid,32,-0.00874,50,0.6283,0.9115,ns
M5vsM6_raw_12m,natural_breaks,Absolute Mortality,NEPmax,Mid,32,-0.06337,62.5,0.4814,0.9115,ns
M5vsM6_raw_12m,natural_breaks,Absolute Mortality,WUE,Mid,32,-0.00786,56.2,0.5186,0.9115,ns
M5vsM6_raw_12m,natural_breaks,Absolute Mortality,uWUE,Mid,32,0.01478,34.4,0.9314,0.9784,ns
M5vsM6_raw_12m,natural_breaks,Absolute Mortality,ETmax,Low,19,0.00076,42.1,0.7202,0.926,ns
M5vsM6_raw_12m,natural_breaks,Absolute Mortality,GPPsat,Low,19,0.11388,31.6,0.8743,0.9784,ns
M5vsM6_raw_12m,natural_breaks,Absolute Mortality,NEPmax,Low,19,0.1106,42.1,0.5876,0.9115,ns
M5vsM6_raw_12m,natural_breaks,Absolute Mortality,WUE,Low,19,-0.01992,63.2,0.2283,0.9115,ns
M5vsM6_raw_12m,natural_breaks,Absolute Mortality,uWUE,Low,19,0.00609,47.4,0.556,0.9115,ns
M5vsM6_raw_12m,natural_breaks,Relative Mortality,ETmax,High,23,-0.00092,65.2,0.1615,0.9115,ns
M5vsM6_raw_12m,natural_breaks,Relative Mortality,GPPsat,High,23,0.3637,26.1,0.9784,0.9784,ns
M5vsM6_raw_12m,natural_breaks,Relative Mortality,NEPmax,High,23,0.30954,39.1,0.9414,0.9784,ns
M5vsM6_raw_12m,natural_breaks,Relative Mortality,WUE,High,23,-0.03742,60.9,0.07009,0.9115,ns
M5vsM6_raw_12m,natural_breaks,Relative Mortality,uWUE,High,23,0.00211,47.8,0.6367,0.9115,ns
M5vsM6_raw_12m,natural_breaks,Relative Mortality,ETmax,Mid,18,0.00083,38.9,0.9043,0.9784,ns
M5vsM6_raw_12m,natural_breaks,Relative Mortality,GPPsat,Mid,18,0.02932,50,0.6684,0.9115,ns
M5vsM6_raw_12m,natural_breaks,Relative Mortality,NEPmax,Mid,18,-0.03321,61.1,0.5691,0.9115,ns
M5vsM6_raw_12m,natural_breaks,Relative Mortality,WUE,Mid,18,-0.00247,55.6,0.5691,0.9115,ns
M5vsM6_raw_12m,natural_breaks,Relative Mortality,uWUE,Mid,18,0.0016,44.4,0.6198,0.9115,ns
M5vsM6_raw_12m,natural_breaks,Relative Mortality,ETmax,Low,24,0.00032,50,0.3289,0.9115,ns
M5vsM6_raw_12m,natural_breaks,Relative Mortality,GPPsat,Low,24,0.00497,50,0.2887,0.9115,ns
M5vsM6_raw_12m,natural_breaks,Relative Mortality,NEPmax,Low,24,-0.09372,54.2,0.2602,0.9115,ns
M5vsM6_raw_12m,natural_breaks,Relative Mortality,WUE,Low,24,-0.02276,62.5,0.3289,0.9115,ns
M5vsM6_raw_12m,natural_breaks,Relative Mortality,uWUE,Low,24,0.00787,41.7,0.6607,0.9115,ns
M5vsM6_raw_12m,natural_breaks,Relative Disturbance,ETmax,High,22,-0.00133,68.2,0.07658,0.9115,ns
M5vsM6_raw_12m,natural_breaks,Relative Disturbance,GPPsat,High,22,0.3703,27.3,0.9702,0.9784,ns
M5vsM6_raw_12m,natural_breaks,Relative Disturbance,NEPmax,High,22,0.22233,45.5,0.8973,0.9784,ns
M5vsM6_raw_12m,natural_breaks,Relative Disturbance,WUE,High,22,-0.02787,59.1,0.04569,0.9115,ns
M5vsM6_raw_12m,natural_breaks,Relative Disturbance,uWUE,High,22,0.00012,50,0.5899,0.9115,ns
M5vsM6_raw_12m,natural_breaks,Relative Disturbance,ETmax,Mid,20,0.00064,40,0.9393,0.9784,ns
M5vsM6_raw_12m,natural_breaks,Relative Disturbance,GPPsat,Mid,20,0.02932,50,0.5074,0.9115,ns
M5vsM6_raw_12m,natural_breaks,Relative Disturbance,NEPmax,Mid,20,-0.03321,60,0.5372,0.9115,ns
M5vsM6_raw_12m,natural_breaks,Relative Disturbance,WUE,Mid,20,-0.02439,65,0.2941,0.9115,ns
M5vsM6_raw_12m,natural_breaks,Relative Disturbance,uWUE,Mid,20,0.00768,40,0.6929,0.917,ns
M5vsM6_raw_12m,natural_breaks,Relative Disturbance,ETmax,Low,23,7e-04,47.8,0.398,0.9115,ns
M5vsM6_raw_12m,natural_breaks,Relative Disturbance,GPPsat,Low,23,0.01579,47.8,0.4697,0.9115,ns
M5vsM6_raw_12m,natural_breaks,Relative Disturbance,NEPmax,Low,23,0.02096,47.8,0.5182,0.9115,ns
M5vsM6_raw_12m,natural_breaks,Relative Disturbance,WUE,Low,23,-0.01127,56.5,0.5902,0.9115,ns
M5vsM6_raw_12m,natural_breaks,Relative Disturbance,uWUE,Low,23,0.00771,43.5,0.6367,0.9115,ns
M5vsM6_raw_24m,tertiles,Absolute Mortality,ETmax,High,22,-0.00133,63.6,0.03453,0.5179,ns
M5vsM6_raw_24m,tertiles,Absolute Mortality,GPPsat,High,22,0.18004,31.8,0.9323,0.9323,ns
M5vsM6_raw_24m,tertiles,Absolute Mortality,NEPmax,High,22,-0.05068,54.5,0.3605,0.7156,ns
M5vsM6_raw_24m,tertiles,Absolute Mortality,WUE,High,22,-0.02725,68.2,0.06766,0.5401,ns
M5vsM6_raw_24m,tertiles,Absolute Mortality,uWUE,High,22,0.00575,45.5,0.6273,0.8065,ns
M5vsM6_raw_24m,tertiles,Absolute Mortality,ETmax,Mid,21,0.00036,47.6,0.6095,0.8065,ns
M5vsM6_raw_24m,tertiles,Absolute Mortality,GPPsat,Mid,21,-0.11268,57.1,0.09922,0.5778,ns
M5vsM6_raw_24m,tertiles,Absolute Mortality,NEPmax,Mid,21,-0.06126,57.1,0.2891,0.7146,ns
M5vsM6_raw_24m,tertiles,Absolute Mortality,WUE,Mid,21,-0.01146,57.1,0.2891,0.7146,ns
M5vsM6_raw_24m,tertiles,Absolute Mortality,uWUE,Mid,21,-0.00583,52.4,0.2658,0.7146,ns
M5vsM6_raw_24m,tertiles,Absolute Mortality,ETmax,Low,22,-7e-05,54.5,0.6025,0.8065,ns
M5vsM6_raw_24m,tertiles,Absolute Mortality,GPPsat,Low,22,0.04768,45.5,0.5259,0.8065,ns
M5vsM6_raw_24m,tertiles,Absolute Mortality,NEPmax,Low,22,-0.0873,59.1,0.3017,0.7146,ns
M5vsM6_raw_24m,tertiles,Absolute Mortality,WUE,Low,22,-0.01468,68.2,0.3975,0.7156,ns
M5vsM6_raw_24m,tertiles,Absolute Mortality,uWUE,Low,22,0.00686,40.9,0.9186,0.9323,ns
M5vsM6_raw_24m,tertiles,Relative Mortality,ETmax,High,22,-0.00133,59.1,0.07201,0.5401,ns
M5vsM6_raw_24m,tertiles,Relative Mortality,GPPsat,High,22,0.18004,36.4,0.9136,0.9323,ns
M5vsM6_raw_24m,tertiles,Relative Mortality,NEPmax,High,22,-0.08063,59.1,0.3851,0.7156,ns
M5vsM6_raw_24m,tertiles,Relative Mortality,WUE,High,22,-0.04212,72.7,0.01886,0.4244,ns
M5vsM6_raw_24m,tertiles,Relative Mortality,uWUE,High,22,7e-04,50,0.4871,0.8065,ns
M5vsM6_raw_24m,tertiles,Relative Mortality,ETmax,Mid,21,-0.00015,61.9,0.174,0.7146,ns
M5vsM6_raw_24m,tertiles,Relative Mortality,GPPsat,Mid,21,0.04193,47.6,0.2773,0.7146,ns
M5vsM6_raw_24m,tertiles,Relative Mortality,NEPmax,Mid,21,0.00568,47.6,0.6228,0.8065,ns
M5vsM6_raw_24m,tertiles,Relative Mortality,WUE,Mid,21,0.0216,47.6,0.788,0.9323,ns
M5vsM6_raw_24m,tertiles,Relative Mortality,uWUE,Mid,21,0.00155,47.6,0.5139,0.8065,ns
M5vsM6_raw_24m,tertiles,Relative Mortality,ETmax,Low,22,0.00035,45.5,0.9136,0.9323,ns
M5vsM6_raw_24m,tertiles,Relative Mortality,GPPsat,Low,22,0.00377,50,0.3484,0.7156,ns
M5vsM6_raw_24m,tertiles,Relative Mortality,NEPmax,Low,22,-0.09658,63.6,0.1027,0.5778,ns
M5vsM6_raw_24m,tertiles,Relative Mortality,WUE,Low,22,-0.01744,72.7,0.2085,0.7146,ns
M5vsM6_raw_24m,tertiles,Relative Mortality,uWUE,Low,22,0.00686,40.9,0.8973,0.9323,ns
M5vsM6_raw_24m,tertiles,Relative Disturbance,ETmax,High,22,-0.00153,59.1,0.05958,0.5401,ns
M5vsM6_raw_24m,tertiles,Relative Disturbance,GPPsat,High,22,0.20801,36.4,0.9234,0.9323,ns
M5vsM6_raw_24m,tertiles,Relative Disturbance,NEPmax,High,22,-0.05068,54.5,0.5,0.8065,ns
M5vsM6_raw_24m,tertiles,Relative Disturbance,WUE,High,22,-0.04212,72.7,0.01363,0.4244,ns
M5vsM6_raw_24m,tertiles,Relative Disturbance,uWUE,High,22,-0.01275,54.5,0.3605,0.7156,ns
M5vsM6_raw_24m,tertiles,Relative Disturbance,ETmax,Mid,21,-0.00015,61.9,0.2658,0.7146,ns
M5vsM6_raw_24m,tertiles,Relative Disturbance,GPPsat,Mid,21,0.04193,47.6,0.2021,0.7146,ns
M5vsM6_raw_24m,tertiles,Relative Disturbance,NEPmax,Mid,21,-0.11018,57.1,0.2545,0.7146,ns
M5vsM6_raw_24m,tertiles,Relative Disturbance,WUE,Mid,21,-0.0145,57.1,0.5826,0.8065,ns
M5vsM6_raw_24m,tertiles,Relative Disturbance,uWUE,Mid,21,0.0199,38.1,0.7455,0.9273,ns
M5vsM6_raw_24m,tertiles,Relative Disturbance,ETmax,Low,22,0.00035,45.5,0.8913,0.9323,ns
M5vsM6_raw_24m,tertiles,Relative Disturbance,GPPsat,Low,22,0.00377,50,0.3727,0.7156,ns
M5vsM6_raw_24m,tertiles,Relative Disturbance,NEPmax,Low,22,-0.07276,59.1,0.2375,0.7146,ns
M5vsM6_raw_24m,tertiles,Relative Disturbance,WUE,Low,22,-0.01079,63.6,0.5772,0.8065,ns
M5vsM6_raw_24m,tertiles,Relative Disturbance,uWUE,Low,22,0.00393,45.5,0.7625,0.9273,ns
M5vsM6_raw_24m,equal_width,Absolute Mortality,ETmax,Mid,21,-0.00166,71.4,0.01558,0.3554,ns
M5vsM6_raw_24m,equal_width,Absolute Mortality,GPPsat,Mid,21,0.03943,42.9,0.7673,0.9037,ns
M5vsM6_raw_24m,equal_width,Absolute Mortality,NEPmax,Mid,21,-0.13878,66.7,0.04762,0.4941,ns
M5vsM6_raw_24m,equal_width,Absolute Mortality,WUE,Mid,21,-0.0173,66.7,0.1054,0.5911,ns
M5vsM6_raw_24m,equal_width,Absolute Mortality,uWUE,Mid,21,0.00994,42.9,0.6989,0.9037,ns
M5vsM6_raw_24m,equal_width,Absolute Mortality,ETmax,Low,41,0.00028,48.8,0.8439,0.9037,ns
M5vsM6_raw_24m,equal_width,Absolute Mortality,GPPsat,Low,41,0.03195,48.8,0.2461,0.6689,ns
M5vsM6_raw_24m,equal_width,Absolute Mortality,NEPmax,Low,41,-0.06126,56.1,0.3298,0.6942,ns
M5vsM6_raw_24m,equal_width,Absolute Mortality,WUE,Low,41,-0.0145,63.4,0.2843,0.6689,ns
M5vsM6_raw_24m,equal_width,Absolute Mortality,uWUE,Low,41,0.00598,46.3,0.6934,0.9037,ns
M5vsM6_raw_24m,equal_width,Absolute Mortality,ETmax,High,3,0.00027,33.3,,,""
M5vsM6_raw_24m,equal_width,Absolute Mortality,GPPsat,High,3,0.6795,0,,,""
M5vsM6_raw_24m,equal_width,Absolute Mortality,NEPmax,High,3,0.78837,0,,,""
M5vsM6_raw_24m,equal_width,Absolute Mortality,WUE,High,3,-0.00076,66.7,,,""
M5vsM6_raw_24m,equal_width,Absolute Mortality,uWUE,High,3,-0.00854,66.7,,,""
M5vsM6_raw_24m,equal_width,Relative Mortality,ETmax,Mid,26,-0.00106,65.4,0.05479,0.4941,ns
M5vsM6_raw_24m,equal_width,Relative Mortality,GPPsat,Mid,26,0.04068,42.3,0.813,0.9037,ns
M5vsM6_raw_24m,equal_width,Relative Mortality,NEPmax,Mid,26,-0.11914,61.5,0.161,0.5911,ns
M5vsM6_raw_24m,equal_width,Relative Mortality,WUE,Mid,26,-0.01298,65.4,0.1672,0.5911,ns
M5vsM6_raw_24m,equal_width,Relative Mortality,uWUE,Mid,26,0.01492,42.3,0.6578,0.9037,ns
M5vsM6_raw_24m,equal_width,Relative Mortality,ETmax,Low,32,0.00032,46.9,0.8787,0.9037,ns
M5vsM6_raw_24m,equal_width,Relative Mortality,GPPsat,Low,32,0.00377,50,0.1773,0.5911,ns
M5vsM6_raw_24m,equal_width,Relative Mortality,NEPmax,Low,32,-0.07276,56.2,0.3101,0.6891,ns
M5vsM6_raw_24m,equal_width,Relative Mortality,WUE,Low,32,-0.01468,62.5,0.4369,0.8152,ns
M5vsM6_raw_24m,equal_width,Relative Mortality,uWUE,Low,32,0.00393,46.9,0.7345,0.9037,ns
M5vsM6_raw_24m,equal_width,Relative Mortality,ETmax,High,7,-0.0018,57.1,0.2771,0.6689,ns
M5vsM6_raw_24m,equal_width,Relative Mortality,GPPsat,High,7,0.6795,28.6,0.8641,0.9037,ns
M5vsM6_raw_24m,equal_width,Relative Mortality,NEPmax,High,7,0.15781,42.9,0.7766,0.9037,ns
M5vsM6_raw_24m,equal_width,Relative Mortality,WUE,High,7,-0.1032,71.4,0.07539,0.5026,ns
M5vsM6_raw_24m,equal_width,Relative Mortality,uWUE,High,7,-0.00854,57.1,0.5337,0.9037,ns
M5vsM6_raw_24m,equal_width,Relative Disturbance,ETmax,Mid,27,-0.00132,70.4,0.01777,0.3554,ns
M5vsM6_raw_24m,equal_width,Relative Disturbance,GPPsat,Mid,27,0.03943,48.1,0.5996,0.9037,ns
M5vsM6_raw_24m,equal_width,Relative Disturbance,NEPmax,Mid,27,-0.11018,59.3,0.122,0.5911,ns
M5vsM6_raw_24m,equal_width,Relative Disturbance,WUE,Mid,27,-0.0145,63,0.1653,0.5911,ns
M5vsM6_raw_24m,equal_width,Relative Disturbance,uWUE,Mid,27,0.0199,40.7,0.5996,0.9037,ns
M5vsM6_raw_24m,equal_width,Relative Disturbance,ETmax,High,9,0.00027,44.4,0.5936,0.9037,ns
M5vsM6_raw_24m,equal_width,Relative Disturbance,GPPsat,High,9,0.6795,22.2,0.9037,0.9037,ns
M5vsM6_raw_24m,equal_width,Relative Disturbance,NEPmax,High,9,-0.06176,55.6,0.7232,0.9037,ns
M5vsM6_raw_24m,equal_width,Relative Disturbance,WUE,High,9,-0.09896,77.8,0.06177,0.4941,ns
M5vsM6_raw_24m,equal_width,Relative Disturbance,uWUE,High,9,-0.01696,66.7,0.2768,0.6689,ns
M5vsM6_raw_24m,equal_width,Relative Disturbance,ETmax,Low,29,0.00036,44.8,0.9028,0.9037,ns
M5vsM6_raw_24m,equal_width,Relative Disturbance,GPPsat,Low,29,0.03195,48.3,0.2724,0.6689,ns
M5vsM6_raw_24m,equal_width,Relative Disturbance,NEPmax,Low,29,-0.06126,55.2,0.381,0.7621,ns
M5vsM6_raw_24m,equal_width,Relative Disturbance,WUE,Low,29,-0.01398,62.1,0.4484,0.8152,ns
M5vsM6_raw_24m,equal_width,Relative Disturbance,uWUE,Low,29,0.00598,44.8,0.8503,0.9037,ns
M5vsM6_raw_24m,natural_breaks,Absolute Mortality,ETmax,High,14,4e-05,50,0.3532,0.7819,ns
M5vsM6_raw_24m,natural_breaks,Absolute Mortality,GPPsat,High,14,0.18004,35.7,0.8103,0.9213,ns
M5vsM6_raw_24m,natural_breaks,Absolute Mortality,NEPmax,High,14,-0.08063,57.1,0.4253,0.7819,ns
M5vsM6_raw_24m,natural_breaks,Absolute Mortality,WUE,High,14,-0.10106,71.4,0.05132,0.5362,ns
M5vsM6_raw_24m,natural_breaks,Absolute Mortality,uWUE,High,14,7e-04,50,0.5,0.7819,ns
M5vsM6_raw_24m,natural_breaks,Absolute Mortality,ETmax,Mid,32,-0.00046,59.4,0.1541,0.7471,ns
M5vsM6_raw_24m,natural_breaks,Absolute Mortality,GPPsat,Mid,32,0.01086,50,0.3931,0.7819,ns
M5vsM6_raw_24m,natural_breaks,Absolute Mortality,NEPmax,Mid,32,-0.07276,59.4,0.1586,0.7471,ns
M5vsM6_raw_24m,natural_breaks,Absolute Mortality,WUE,Mid,32,-0.00999,56.2,0.4963,0.7819,ns
M5vsM6_raw_24m,natural_breaks,Absolute Mortality,uWUE,Mid,32,0.00626,43.8,0.5335,0.7819,ns
M5vsM6_raw_24m,natural_breaks,Absolute Mortality,ETmax,Low,19,-2e-05,52.6,0.7065,0.8593,ns
M5vsM6_raw_24m,natural_breaks,Absolute Mortality,GPPsat,Low,19,0.06342,42.1,0.508,0.7819,ns
M5vsM6_raw_24m,natural_breaks,Absolute Mortality,NEPmax,Low,19,-0.01499,52.6,0.556,0.7819,ns
M5vsM6_raw_24m,natural_breaks,Absolute Mortality,WUE,Low,19,-0.01539,73.7,0.1826,0.7471,ns
M5vsM6_raw_24m,natural_breaks,Absolute Mortality,uWUE,Low,19,0.00188,47.4,0.8569,0.9213,ns
M5vsM6_raw_24m,natural_breaks,Relative Mortality,ETmax,High,23,-0.00126,60.9,0.05863,0.5362,ns
M5vsM6_raw_24m,natural_breaks,Relative Mortality,GPPsat,High,23,0.25102,34.8,0.9414,0.9414,ns
M5vsM6_raw_24m,natural_breaks,Relative Mortality,NEPmax,High,23,-0.0995,60.9,0.3407,0.7819,ns
M5vsM6_raw_24m,natural_breaks,Relative Mortality,WUE,High,23,-0.0372,69.6,0.03288,0.5362,ns
M5vsM6_raw_24m,natural_breaks,Relative Mortality,uWUE,High,23,0.00994,47.8,0.5544,0.7819,ns
M5vsM6_raw_24m,natural_breaks,Relative Mortality,ETmax,Mid,18,-0.00014,61.1,0.204,0.765,ns
M5vsM6_raw_24m,natural_breaks,Relative Mortality,GPPsat,Mid,18,0.01212,50,0.243,0.7819,ns
M5vsM6_raw_24m,natural_breaks,Relative Mortality,NEPmax,Mid,18,0.06533,44.4,0.6525,0.8495,ns
M5vsM6_raw_24m,natural_breaks,Relative Mortality,WUE,Mid,18,0.00507,50,0.6684,0.8495,ns
M5vsM6_raw_24m,natural_breaks,Relative Mortality,uWUE,Mid,18,-0.00214,50,0.5,0.7819,ns
M5vsM6_raw_24m,natural_breaks,Relative Mortality,ETmax,Low,24,0.00035,45.8,0.9255,0.9414,ns
M5vsM6_raw_24m,natural_breaks,Relative Mortality,GPPsat,Low,24,0.00377,50,0.2602,0.7819,ns
M5vsM6_raw_24m,natural_breaks,Relative Mortality,NEPmax,Low,24,-0.0873,62.5,0.142,0.7471,ns
M5vsM6_raw_24m,natural_breaks,Relative Mortality,WUE,Low,24,-0.01744,70.8,0.2695,0.7819,ns
M5vsM6_raw_24m,natural_breaks,Relative Mortality,uWUE,Low,24,0.00626,41.7,0.8379,0.9213,ns
M5vsM6_raw_24m,natural_breaks,Relative Disturbance,ETmax,High,22,-0.00153,59.1,0.05958,0.5362,ns
M5vsM6_raw_24m,natural_breaks,Relative Disturbance,GPPsat,High,22,0.20801,36.4,0.9234,0.9414,ns
M5vsM6_raw_24m,natural_breaks,Relative Disturbance,NEPmax,High,22,-0.05068,54.5,0.5,0.7819,ns
M5vsM6_raw_24m,natural_breaks,Relative Disturbance,WUE,High,22,-0.04212,72.7,0.01363,0.5362,ns
M5vsM6_raw_24m,natural_breaks,Relative Disturbance,uWUE,High,22,-0.01275,54.5,0.3605,0.7819,ns
M5vsM6_raw_24m,natural_breaks,Relative Disturbance,ETmax,Mid,20,-0.00014,60,0.3338,0.7819,ns
M5vsM6_raw_24m,natural_breaks,Relative Disturbance,GPPsat,Mid,20,0.01212,50,0.1706,0.7471,ns
M5vsM6_raw_24m,natural_breaks,Relative Disturbance,NEPmax,Mid,20,-0.11776,60,0.1613,0.7471,ns
M5vsM6_raw_24m,natural_breaks,Relative Disturbance,WUE,Mid,20,-0.01298,55,0.6103,0.8322,ns
M5vsM6_raw_24m,natural_breaks,Relative Disturbance,uWUE,Mid,20,0.01354,40,0.6796,0.8495,ns
M5vsM6_raw_24m,natural_breaks,Relative Disturbance,ETmax,Low,23,0.00028,47.8,0.8599,0.9213,ns
M5vsM6_raw_24m,natural_breaks,Relative Disturbance,GPPsat,Low,23,0.03195,47.8,0.4336,0.7819,ns
M5vsM6_raw_24m,natural_breaks,Relative Disturbance,NEPmax,Low,23,-0.06126,56.5,0.3296,0.7819,ns
M5vsM6_raw_24m,natural_breaks,Relative Disturbance,WUE,Low,23,-0.01398,65.2,0.5182,0.7819,ns
M5vsM6_raw_24m,natural_breaks,Relative Disturbance,uWUE,Low,23,0.00598,43.5,0.8459,0.9213,ns
M5vsM6_anom_12m,tertiles,Absolute Mortality,ETmax,High,22,5e-04,45.5,0.5645,0.6865,ns
M5vsM6_anom_12m,tertiles,Absolute Mortality,GPPsat,High,22,-0.0562,54.5,0.3131,0.5862,ns
M5vsM6_anom_12m,tertiles,Absolute Mortality,NEPmax,High,22,-0.66416,72.7,0.03708,0.5448,ns
M5vsM6_anom_12m,tertiles,Absolute Mortality,WUE,High,22,-0.00047,50,0.2581,0.553,ns
M5vsM6_anom_12m,tertiles,Absolute Mortality,uWUE,High,22,-0.0443,54.5,0.3017,0.5862,ns
M5vsM6_anom_12m,tertiles,Absolute Mortality,ETmax,Mid,21,0.00081,47.6,0.5961,0.6885,ns
M5vsM6_anom_12m,tertiles,Absolute Mortality,GPPsat,Mid,21,-0.25609,61.9,0.212,0.5448,ns
M5vsM6_anom_12m,tertiles,Absolute Mortality,NEPmax,Mid,21,-0.7212,57.1,0.6228,0.6885,ns
M5vsM6_anom_12m,tertiles,Absolute Mortality,WUE,Mid,21,0.00921,47.6,0.2435,0.5478,ns
M5vsM6_anom_12m,tertiles,Absolute Mortality,uWUE,Mid,21,-0.01572,57.1,0.3257,0.5862,ns
M5vsM6_anom_12m,tertiles,Absolute Mortality,ETmax,Low,22,-0.00071,54.5,0.6516,0.6981,ns
M5vsM6_anom_12m,tertiles,Absolute Mortality,GPPsat,Low,22,0.1667,40.9,0.5259,0.6865,ns
M5vsM6_anom_12m,tertiles,Absolute Mortality,NEPmax,Low,22,-0.68622,59.1,0.1279,0.5448,ns
M5vsM6_anom_12m,tertiles,Absolute Mortality,WUE,Low,22,-0.00654,54.5,0.3605,0.6239,ns
M5vsM6_anom_12m,tertiles,Absolute Mortality,uWUE,Low,22,-0.01527,59.1,0.1571,0.5448,ns
M5vsM6_anom_12m,tertiles,Relative Mortality,ETmax,High,22,5e-04,45.5,0.3975,0.6591,ns
M5vsM6_anom_12m,tertiles,Relative Mortality,GPPsat,High,22,0.03078,50,0.4101,0.6591,ns
M5vsM6_anom_12m,tertiles,Relative Mortality,NEPmax,High,22,-0.42743,68.2,0.1904,0.5448,ns
M5vsM6_anom_12m,tertiles,Relative Mortality,WUE,High,22,-0.00047,50,0.2179,0.5448,ns
M5vsM6_anom_12m,tertiles,Relative Mortality,uWUE,High,22,0.00872,50,0.5,0.6865,ns
M5vsM6_anom_12m,tertiles,Relative Mortality,ETmax,Mid,21,0.00081,47.6,0.7455,0.7624,ns
M5vsM6_anom_12m,tertiles,Relative Mortality,GPPsat,Mid,21,-0.05533,52.4,0.6867,0.7187,ns
M5vsM6_anom_12m,tertiles,Relative Mortality,NEPmax,Mid,21,-0.7212,57.1,0.5415,0.6865,ns
M5vsM6_anom_12m,tertiles,Relative Mortality,WUE,Mid,21,-0.00621,52.4,0.1652,0.5448,ns
M5vsM6_anom_12m,tertiles,Relative Mortality,uWUE,Mid,21,-0.04425,61.9,0.1567,0.5448,ns
M5vsM6_anom_12m,tertiles,Relative Mortality,ETmax,Low,22,-0.00071,54.5,0.5517,0.6865,ns
M5vsM6_anom_12m,tertiles,Relative Mortality,GPPsat,Low,22,-0.36685,54.5,0.06766,0.5448,ns
M5vsM6_anom_12m,tertiles,Relative Mortality,NEPmax,Low,22,-1.08089,63.6,0.02985,0.5448,ns
M5vsM6_anom_12m,tertiles,Relative Mortality,WUE,Low,22,0.00417,50,0.6273,0.6885,ns
M5vsM6_anom_12m,tertiles,Relative Mortality,uWUE,Low,22,-0.01527,59.1,0.1993,0.5448,ns
M5vsM6_anom_12m,tertiles,Relative Disturbance,ETmax,High,22,0.00107,40.9,0.6273,0.6885,ns
M5vsM6_anom_12m,tertiles,Relative Disturbance,GPPsat,High,22,-0.22754,54.5,0.3247,0.5862,ns
M5vsM6_anom_12m,tertiles,Relative Disturbance,NEPmax,High,22,-0.68949,68.2,0.1904,0.5448,ns
M5vsM6_anom_12m,tertiles,Relative Disturbance,WUE,High,22,-0.00047,50,0.2085,0.5448,ns
M5vsM6_anom_12m,tertiles,Relative Disturbance,uWUE,High,22,0.00872,50,0.4871,0.6865,ns
M5vsM6_anom_12m,tertiles,Relative Disturbance,ETmax,Mid,21,-1e-05,52.4,0.5553,0.6865,ns
M5vsM6_anom_12m,tertiles,Relative Disturbance,GPPsat,Mid,21,0.13302,47.6,0.5415,0.6865,ns
M5vsM6_anom_12m,tertiles,Relative Disturbance,NEPmax,Mid,21,-0.84879,66.7,0.1567,0.5448,ns
M5vsM6_anom_12m,tertiles,Relative Disturbance,WUE,Mid,21,-0.00621,52.4,0.08762,0.5448,ns
M5vsM6_anom_12m,tertiles,Relative Disturbance,uWUE,Mid,21,-0.04425,61.9,0.1485,0.5448,ns
M5vsM6_anom_12m,tertiles,Relative Disturbance,ETmax,Low,22,-0.00074,54.5,0.5388,0.6865,ns
M5vsM6_anom_12m,tertiles,Relative Disturbance,GPPsat,Low,22,-0.21967,54.5,0.2085,0.5448,ns
M5vsM6_anom_12m,tertiles,Relative Disturbance,NEPmax,Low,22,-0.39499,54.5,0.2375,0.5478,ns
M5vsM6_anom_12m,tertiles,Relative Disturbance,WUE,Low,22,0.00541,50,0.7625,0.7625,ns
M5vsM6_anom_12m,tertiles,Relative Disturbance,uWUE,Low,22,-0.01527,59.1,0.2085,0.5448,ns
M5vsM6_anom_12m,equal_width,Absolute Mortality,ETmax,Mid,21,-0.00034,52.4,0.4039,0.5843,ns
M5vsM6_anom_12m,equal_width,Absolute Mortality,GPPsat,Mid,21,-0.39801,61.9,0.1187,0.5158,ns
M5vsM6_anom_12m,equal_width,Absolute Mortality,NEPmax,Mid,21,-0.89945,81,0.004569,0.1828,ns
M5vsM6_anom_12m,equal_width,Absolute Mortality,WUE,Mid,21,-0.00283,52.4,0.1831,0.5426,ns
M5vsM6_anom_12m,equal_width,Absolute Mortality,uWUE,Mid,21,-0.0452,61.9,0.1485,0.5158,ns
M5vsM6_anom_12m,equal_width,Absolute Mortality,ETmax,Low,41,0.00081,48.8,0.7024,0.7394,ns
M5vsM6_anom_12m,equal_width,Absolute Mortality,GPPsat,Low,41,0.07801,48.8,0.3828,0.5843,ns
M5vsM6_anom_12m,equal_width,Absolute Mortality,NEPmax,Low,41,-0.43569,56.1,0.3392,0.5843,ns
M5vsM6_anom_12m,equal_width,Absolute Mortality,WUE,Low,41,-0.00094,51.2,0.2931,0.5843,ns
M5vsM6_anom_12m,equal_width,Absolute Mortality,uWUE,Low,41,-0.01572,58.5,0.1382,0.5158,ns
M5vsM6_anom_12m,equal_width,Absolute Mortality,ETmax,High,3,0.00158,33.3,,,""
M5vsM6_anom_12m,equal_width,Absolute Mortality,GPPsat,High,3,0.38022,33.3,,,""
M5vsM6_anom_12m,equal_width,Absolute Mortality,NEPmax,High,3,1.20742,33.3,,,""
M5vsM6_anom_12m,equal_width,Absolute Mortality,WUE,High,3,0.00532,33.3,,,""
M5vsM6_anom_12m,equal_width,Absolute Mortality,uWUE,High,3,0.06935,0,,,""
M5vsM6_anom_12m,equal_width,Relative Mortality,ETmax,Mid,26,0.00063,46.2,0.4495,0.5843,ns
M5vsM6_anom_12m,equal_width,Relative Mortality,GPPsat,Mid,26,-0.0562,53.8,0.4495,0.5843,ns
M5vsM6_anom_12m,equal_width,Relative Mortality,NEPmax,Mid,26,-0.66416,69.2,0.1067,0.5158,ns
M5vsM6_anom_12m,equal_width,Relative Mortality,WUE,Mid,26,0.01584,46.2,0.3706,0.5843,ns
M5vsM6_anom_12m,equal_width,Relative Mortality,uWUE,Mid,26,-0.03412,61.5,0.1431,0.5158,ns
M5vsM6_anom_12m,equal_width,Relative Mortality,ETmax,Low,32,-0.00031,53.1,0.6562,0.7175,ns
M5vsM6_anom_12m,equal_width,Relative Mortality,GPPsat,Low,32,-0.27301,56.2,0.08466,0.5158,ns
M5vsM6_anom_12m,equal_width,Relative Mortality,NEPmax,Low,32,-0.82897,59.4,0.1139,0.5158,ns
M5vsM6_anom_12m,equal_width,Relative Mortality,WUE,Low,32,-0.00654,53.1,0.3647,0.5843,ns
M5vsM6_anom_12m,equal_width,Relative Mortality,uWUE,Low,32,-0.00649,53.1,0.2655,0.5843,ns
M5vsM6_anom_12m,equal_width,Relative Mortality,ETmax,High,7,0.00055,42.9,0.6637,0.7175,ns
M5vsM6_anom_12m,equal_width,Relative Mortality,GPPsat,High,7,0.21358,28.6,0.7766,0.7766,ns
M5vsM6_anom_12m,equal_width,Relative Mortality,NEPmax,High,7,-0.25564,57.1,0.6001,0.6858,ns
M5vsM6_anom_12m,equal_width,Relative Mortality,WUE,High,7,-0.07625,57.1,0.1359,0.5158,ns
M5vsM6_anom_12m,equal_width,Relative Mortality,uWUE,High,7,-0.04436,57.1,0.5337,0.6469,ns
M5vsM6_anom_12m,equal_width,Relative Disturbance,ETmax,Mid,27,0.00045,48.1,0.4761,0.5951,ns
M5vsM6_anom_12m,equal_width,Relative Disturbance,GPPsat,Mid,27,0.13302,48.1,0.5903,0.6858,ns
M5vsM6_anom_12m,equal_width,Relative Disturbance,NEPmax,Mid,27,-0.84879,70.4,0.108,0.5158,ns
M5vsM6_anom_12m,equal_width,Relative Disturbance,WUE,Mid,27,0.00921,44.4,0.2862,0.5843,ns
M5vsM6_anom_12m,equal_width,Relative Disturbance,uWUE,Mid,27,-0.01572,55.6,0.3284,0.5843,ns
M5vsM6_anom_12m,equal_width,Relative Disturbance,ETmax,High,9,-0.00034,55.6,0.3611,0.5843,ns
M5vsM6_anom_12m,equal_width,Relative Disturbance,GPPsat,High,9,-0.05708,55.6,0.4064,0.5843,ns
M5vsM6_anom_12m,equal_width,Relative Disturbance,NEPmax,High,9,-0.47953,66.7,0.3178,0.5843,ns
M5vsM6_anom_12m,equal_width,Relative Disturbance,WUE,High,9,-0.05787,55.6,0.2035,0.5426,ns
M5vsM6_anom_12m,equal_width,Relative Disturbance,uWUE,High,9,-0.04436,55.6,0.4528,0.5843,ns
M5vsM6_anom_12m,equal_width,Relative Disturbance,ETmax,Low,29,0.00144,48.3,0.7555,0.7749,ns
M5vsM6_anom_12m,equal_width,Relative Disturbance,GPPsat,Low,29,-0.25609,55.2,0.1215,0.5158,ns
M5vsM6_anom_12m,equal_width,Relative Disturbance,NEPmax,Low,29,-0.43569,55.2,0.1995,0.5426,ns
M5vsM6_anom_12m,equal_width,Relative Disturbance,WUE,Low,29,-0.01214,55.2,0.4228,0.5843,ns
M5vsM6_anom_12m,equal_width,Relative Disturbance,uWUE,Low,29,-0.02365,58.6,0.1547,0.5158,ns
M5vsM6_anom_12m,natural_breaks,Absolute Mortality,ETmax,High,14,0.00011,50,0.3078,0.5693,ns
M5vsM6_anom_12m,natural_breaks,Absolute Mortality,GPPsat,High,14,0.12583,42.9,0.55,0.6689,ns
M5vsM6_anom_12m,natural_breaks,Absolute Mortality,NEPmax,High,14,-0.68949,71.4,0.06595,0.5693,ns
M5vsM6_anom_12m,natural_breaks,Absolute Mortality,WUE,High,14,-0.03035,57.1,0.1732,0.5693,ns
M5vsM6_anom_12m,natural_breaks,Absolute Mortality,uWUE,High,14,-0.0056,50,0.4253,0.6529,ns
M5vsM6_anom_12m,natural_breaks,Absolute Mortality,ETmax,Mid,32,0.00113,43.8,0.663,0.7083,ns
M5vsM6_anom_12m,natural_breaks,Absolute Mortality,GPPsat,Mid,32,-0.34397,65.6,0.0818,0.5693,ns
M5vsM6_anom_12m,natural_breaks,Absolute Mortality,NEPmax,Mid,32,-0.93449,65.6,0.1974,0.5693,ns
M5vsM6_anom_12m,natural_breaks,Absolute Mortality,WUE,Mid,32,0.01211,46.9,0.3647,0.6078,ns
M5vsM6_anom_12m,natural_breaks,Absolute Mortality,uWUE,Mid,32,-0.04459,62.5,0.1923,0.5693,ns
M5vsM6_anom_12m,natural_breaks,Absolute Mortality,ETmax,Low,19,-0.00082,57.9,0.6186,0.7057,ns
M5vsM6_anom_12m,natural_breaks,Absolute Mortality,GPPsat,Low,19,0.1729,36.8,0.6925,0.7083,ns
M5vsM6_anom_12m,natural_breaks,Absolute Mortality,NEPmax,Low,19,-0.35429,52.6,0.3218,0.5693,ns
M5vsM6_anom_12m,natural_breaks,Absolute Mortality,WUE,Low,19,-0.01214,52.6,0.3218,0.5693,ns
M5vsM6_anom_12m,natural_breaks,Absolute Mortality,uWUE,Low,19,-0.0061,52.6,0.2935,0.5693,ns
M5vsM6_anom_12m,natural_breaks,Relative Mortality,ETmax,High,23,0.00055,43.5,0.4456,0.6529,ns
M5vsM6_anom_12m,natural_breaks,Relative Mortality,GPPsat,High,23,0.11865,47.8,0.4576,0.6529,ns
M5vsM6_anom_12m,natural_breaks,Relative Mortality,NEPmax,High,23,-0.47953,69.6,0.1615,0.5693,ns
M5vsM6_anom_12m,natural_breaks,Relative Mortality,WUE,High,23,-0.00283,52.2,0.147,0.5693,ns
M5vsM6_anom_12m,natural_breaks,Relative Mortality,uWUE,High,23,-0.01572,52.2,0.4939,0.6529,ns
M5vsM6_anom_12m,natural_breaks,Relative Mortality,ETmax,Mid,18,0.00113,44.4,0.796,0.796,ns
M5vsM6_anom_12m,natural_breaks,Relative Mortality,GPPsat,Mid,18,-0.11929,55.6,0.5,0.6529,ns
M5vsM6_anom_12m,natural_breaks,Relative Mortality,NEPmax,Mid,18,-0.78499,61.1,0.316,0.5693,ns
M5vsM6_anom_12m,natural_breaks,Relative Mortality,WUE,Mid,18,0.0015,50,0.1919,0.5693,ns
M5vsM6_anom_12m,natural_breaks,Relative Mortality,uWUE,Mid,18,-0.05539,66.7,0.09569,0.5693,ns
M5vsM6_anom_12m,natural_breaks,Relative Mortality,ETmax,Low,24,-0.00085,58.3,0.4263,0.6529,ns
M5vsM6_anom_12m,natural_breaks,Relative Mortality,GPPsat,Low,24,-0.27301,54.2,0.1295,0.5693,ns
M5vsM6_anom_12m,natural_breaks,Relative Mortality,NEPmax,Low,24,-0.68622,58.3,0.1357,0.5693,ns
M5vsM6_anom_12m,natural_breaks,Relative Mortality,WUE,Low,24,0.00417,50,0.6915,0.7083,ns
M5vsM6_anom_12m,natural_breaks,Relative Mortality,uWUE,Low,24,-0.00649,54.2,0.3289,0.5693,ns
M5vsM6_anom_12m,natural_breaks,Relative Disturbance,ETmax,High,22,0.00107,40.9,0.6273,0.7057,ns
M5vsM6_anom_12m,natural_breaks,Relative Disturbance,GPPsat,High,22,-0.22754,54.5,0.3247,0.5693,ns
M5vsM6_anom_12m,natural_breaks,Relative Disturbance,NEPmax,High,22,-0.68949,68.2,0.1904,0.5693,ns
M5vsM6_anom_12m,natural_breaks,Relative Disturbance,WUE,High,22,-0.00047,50,0.2085,0.5693,ns
M5vsM6_anom_12m,natural_breaks,Relative Disturbance,uWUE,High,22,0.00872,50,0.4871,0.6529,ns
M5vsM6_anom_12m,natural_breaks,Relative Disturbance,ETmax,Mid,20,4e-04,50,0.5813,0.6884,ns
M5vsM6_anom_12m,natural_breaks,Relative Disturbance,GPPsat,Mid,20,0.03885,50,0.5223,0.6529,ns
M5vsM6_anom_12m,natural_breaks,Relative Disturbance,NEPmax,Mid,20,-0.89276,70,0.1523,0.5693,ns
M5vsM6_anom_12m,natural_breaks,Relative Disturbance,WUE,Mid,20,0.0015,50,0.1198,0.5693,ns
M5vsM6_anom_12m,natural_breaks,Relative Disturbance,uWUE,Mid,20,-0.04818,65,0.1125,0.5693,ns
M5vsM6_anom_12m,natural_breaks,Relative Disturbance,ETmax,Low,23,-0.00088,56.5,0.5182,0.6529,ns
M5vsM6_anom_12m,natural_breaks,Relative Disturbance,GPPsat,Low,23,-0.18325,52.2,0.219,0.5693,ns
M5vsM6_anom_12m,natural_breaks,Relative Disturbance,NEPmax,Low,23,-0.35429,52.2,0.2665,0.5693,ns
M5vsM6_anom_12m,natural_breaks,Relative Disturbance,WUE,Low,23,-0.00094,52.2,0.6921,0.7083,ns
M5vsM6_anom_12m,natural_breaks,Relative Disturbance,uWUE,Low,23,-0.00689,56.5,0.2766,0.5693,ns
M5vsM6_anom_24m,tertiles,Absolute Mortality,ETmax,High,22,-0.00152,54.5,0.4483,0.6104,ns
M5vsM6_anom_24m,tertiles,Absolute Mortality,GPPsat,High,22,-0.42091,63.6,0.3484,0.6104,ns
M5vsM6_anom_24m,tertiles,Absolute Mortality,NEPmax,High,22,-0.4865,63.6,0.09158,0.5458,ns
M5vsM6_anom_24m,tertiles,Absolute Mortality,WUE,High,22,-0.05782,63.6,0.1348,0.6067,ns
M5vsM6_anom_24m,tertiles,Absolute Mortality,uWUE,High,22,-0.02185,54.5,0.4483,0.6104,ns
M5vsM6_anom_24m,tertiles,Absolute Mortality,ETmax,Mid,21,0.00238,47.6,0.7565,0.8106,ns
M5vsM6_anom_24m,tertiles,Absolute Mortality,GPPsat,Mid,21,-0.34329,61.9,0.2222,0.6104,ns
M5vsM6_anom_24m,tertiles,Absolute Mortality,NEPmax,Mid,21,-0.29032,61.9,0.2545,0.6104,ns
M5vsM6_anom_24m,tertiles,Absolute Mortality,WUE,Mid,21,-0.01798,61.9,0.2658,0.6104,ns
M5vsM6_anom_24m,tertiles,Absolute Mortality,uWUE,Mid,21,0.01993,42.9,0.7455,0.8106,ns
M5vsM6_anom_24m,tertiles,Absolute Mortality,ETmax,Low,22,0.00036,50,0.6869,0.8106,ns
M5vsM6_anom_24m,tertiles,Absolute Mortality,GPPsat,Low,22,-0.09525,59.1,0.4612,0.6104,ns
M5vsM6_anom_24m,tertiles,Absolute Mortality,NEPmax,Low,22,-0.77542,68.2,0.05583,0.4187,ns
M5vsM6_anom_24m,tertiles,Absolute Mortality,WUE,Low,22,-0.01038,54.5,0.1993,0.6104,ns
M5vsM6_anom_24m,tertiles,Absolute Mortality,uWUE,Low,22,-4e-05,50,0.4101,0.6104,ns
M5vsM6_anom_24m,tertiles,Relative Mortality,ETmax,High,22,-0.00257,59.1,0.3484,0.6104,ns
M5vsM6_anom_24m,tertiles,Relative Mortality,GPPsat,High,22,-0.42091,63.6,0.3365,0.6104,ns
M5vsM6_anom_24m,tertiles,Relative Mortality,NEPmax,High,22,-0.4865,63.6,0.1494,0.6104,ns
M5vsM6_anom_24m,tertiles,Relative Mortality,WUE,High,22,-0.0484,68.2,0.03212,0.4172,ns
M5vsM6_anom_24m,tertiles,Relative Mortality,uWUE,High,22,-0.01401,54.5,0.3605,0.6104,ns
M5vsM6_anom_24m,tertiles,Relative Mortality,ETmax,Mid,21,0.00439,33.3,0.9646,0.9646,ns
M5vsM6_anom_24m,tertiles,Relative Mortality,GPPsat,Mid,21,0.24588,47.6,0.8813,0.9213,ns
M5vsM6_anom_24m,tertiles,Relative Mortality,NEPmax,Mid,21,-0.28006,57.1,0.4039,0.6104,ns
M5vsM6_anom_24m,tertiles,Relative Mortality,WUE,Mid,21,-0.00383,57.1,0.4174,0.6104,ns
M5vsM6_anom_24m,tertiles,Relative Mortality,uWUE,Mid,21,0.01993,47.6,0.6228,0.7629,ns
M5vsM6_anom_24m,tertiles,Relative Mortality,ETmax,Low,22,-0.00035,59.1,0.3131,0.6104,ns
M5vsM6_anom_24m,tertiles,Relative Mortality,GPPsat,Low,22,-0.34775,72.7,0.03708,0.4172,ns
M5vsM6_anom_24m,tertiles,Relative Mortality,NEPmax,Low,22,-1.18842,72.7,0.01058,0.3068,ns
M5vsM6_anom_24m,tertiles,Relative Mortality,WUE,Low,22,-0.01038,54.5,0.2276,0.6104,ns
M5vsM6_anom_24m,tertiles,Relative Mortality,uWUE,Low,22,0.00527,45.5,0.6273,0.7629,ns
M5vsM6_anom_24m,tertiles,Relative Disturbance,ETmax,High,22,-0.00152,54.5,0.5388,0.6927,ns
M5vsM6_anom_24m,tertiles,Relative Disturbance,GPPsat,High,22,-0.42091,63.6,0.3247,0.6104,ns
M5vsM6_anom_24m,tertiles,Relative Disturbance,NEPmax,High,22,-0.36877,59.1,0.2375,0.6104,ns
M5vsM6_anom_24m,tertiles,Relative Disturbance,WUE,High,22,-0.0484,68.2,0.01363,0.3068,ns
M5vsM6_anom_24m,tertiles,Relative Disturbance,uWUE,High,22,-0.01401,54.5,0.3484,0.6104,ns
M5vsM6_anom_24m,tertiles,Relative Disturbance,ETmax,Mid,21,0.00326,42.9,0.9008,0.9213,ns
M5vsM6_anom_24m,tertiles,Relative Disturbance,GPPsat,Mid,21,-0.00103,52.4,0.7227,0.8106,ns
M5vsM6_anom_24m,tertiles,Relative Disturbance,NEPmax,Mid,21,-0.80825,71.4,0.05493,0.4187,ns
M5vsM6_anom_24m,tertiles,Relative Disturbance,WUE,Mid,21,-0.00383,57.1,0.3511,0.6104,ns
M5vsM6_anom_24m,tertiles,Relative Disturbance,uWUE,Mid,21,0.03752,42.9,0.7565,0.8106,ns
M5vsM6_anom_24m,tertiles,Relative Disturbance,ETmax,Low,22,-0.00015,54.5,0.4612,0.6104,ns
M5vsM6_anom_24m,tertiles,Relative Disturbance,GPPsat,Low,22,-0.24799,68.2,0.1279,0.6067,ns
M5vsM6_anom_24m,tertiles,Relative Disturbance,NEPmax,Low,22,-0.68749,63.6,0.09704,0.5458,ns
M5vsM6_anom_24m,tertiles,Relative Disturbance,WUE,Low,22,-0.01038,54.5,0.3605,0.6104,ns
M5vsM6_anom_24m,tertiles,Relative Disturbance,uWUE,Low,22,-4e-05,50,0.4483,0.6104,ns
M5vsM6_anom_24m,equal_width,Absolute Mortality,ETmax,Mid,21,-0.00351,61.9,0.212,0.4696,ns
M5vsM6_anom_24m,equal_width,Absolute Mortality,GPPsat,Mid,21,-0.61403,71.4,0.1119,0.3999,ns
M5vsM6_anom_24m,equal_width,Absolute Mortality,NEPmax,Mid,21,-0.76749,71.4,0.02379,0.3999,ns
M5vsM6_anom_24m,equal_width,Absolute Mortality,WUE,Mid,21,-0.06842,61.9,0.07707,0.3999,ns
M5vsM6_anom_24m,equal_width,Absolute Mortality,uWUE,Mid,21,2e-05,47.6,0.4585,0.7211,ns
M5vsM6_anom_24m,equal_width,Absolute Mortality,ETmax,Low,41,0.00112,46.3,0.8702,0.8702,ns
M5vsM6_anom_24m,equal_width,Absolute Mortality,GPPsat,Low,41,-0.07229,58.5,0.3439,0.5982,ns
M5vsM6_anom_24m,equal_width,Absolute Mortality,NEPmax,Low,41,-0.54796,63.4,0.09099,0.3999,ns
M5vsM6_anom_24m,equal_width,Absolute Mortality,WUE,Low,41,-0.01397,58.5,0.1499,0.3999,ns
M5vsM6_anom_24m,equal_width,Absolute Mortality,uWUE,Low,41,0.00481,48.8,0.5464,0.7537,ns
M5vsM6_anom_24m,equal_width,Absolute Mortality,ETmax,High,3,0.00063,33.3,,,""
M5vsM6_anom_24m,equal_width,Absolute Mortality,GPPsat,High,3,1.16868,33.3,,,""
M5vsM6_anom_24m,equal_width,Absolute Mortality,NEPmax,High,3,1.36436,33.3,,,""
M5vsM6_anom_24m,equal_width,Absolute Mortality,WUE,High,3,-0.04122,66.7,,,""
M5vsM6_anom_24m,equal_width,Absolute Mortality,uWUE,High,3,-0.02324,66.7,,,""
M5vsM6_anom_24m,equal_width,Relative Mortality,ETmax,Mid,26,-0.00242,53.8,0.4696,0.7211,ns
M5vsM6_anom_24m,equal_width,Relative Mortality,GPPsat,Mid,26,-0.26249,61.5,0.3057,0.5824,ns
M5vsM6_anom_24m,equal_width,Relative Mortality,NEPmax,Mid,26,-0.54618,65.4,0.1163,0.3999,ns
M5vsM6_anom_24m,equal_width,Relative Mortality,WUE,Mid,26,-0.0109,57.7,0.223,0.4696,ns
M5vsM6_anom_24m,equal_width,Relative Mortality,uWUE,Mid,26,0.01269,42.3,0.777,0.8098,ns
M5vsM6_anom_24m,equal_width,Relative Mortality,ETmax,Low,32,4e-04,50,0.7466,0.8098,ns
M5vsM6_anom_24m,equal_width,Relative Mortality,GPPsat,Low,32,-0.24799,65.6,0.1454,0.3999,ns
M5vsM6_anom_24m,equal_width,Relative Mortality,NEPmax,Low,32,-0.68749,65.6,0.03011,0.3999,ns
M5vsM6_anom_24m,equal_width,Relative Mortality,WUE,Low,32,-0.01769,56.2,0.2134,0.4696,ns
M5vsM6_anom_24m,equal_width,Relative Mortality,uWUE,Low,32,0.00527,46.9,0.6353,0.7941,ns
M5vsM6_anom_24m,equal_width,Relative Mortality,ETmax,High,7,0.00063,42.9,0.7229,0.8098,ns
M5vsM6_anom_24m,equal_width,Relative Mortality,GPPsat,High,7,0.47627,42.9,0.7766,0.8098,ns
M5vsM6_anom_24m,equal_width,Relative Mortality,NEPmax,High,7,-0.41267,57.1,0.6637,0.8045,ns
M5vsM6_anom_24m,equal_width,Relative Mortality,WUE,High,7,-0.09732,85.7,0.07539,0.3999,ns
M5vsM6_anom_24m,equal_width,Relative Mortality,uWUE,High,7,-0.0496,85.7,0.1024,0.3999,ns
M5vsM6_anom_24m,equal_width,Relative Disturbance,ETmax,Mid,27,-0.00061,51.9,0.5996,0.7737,ns
M5vsM6_anom_24m,equal_width,Relative Disturbance,GPPsat,Mid,27,-0.32864,59.3,0.5048,0.7211,ns
M5vsM6_anom_24m,equal_width,Relative Disturbance,NEPmax,Mid,27,-0.76749,66.7,0.1269,0.3999,ns
M5vsM6_anom_24m,equal_width,Relative Disturbance,WUE,Mid,27,-0.00383,55.6,0.3284,0.597,ns
M5vsM6_anom_24m,equal_width,Relative Disturbance,uWUE,Mid,27,0.03312,40.7,0.7895,0.8098,ns
M5vsM6_anom_24m,equal_width,Relative Disturbance,ETmax,High,9,-0.00142,55.6,0.4528,0.7211,ns
M5vsM6_anom_24m,equal_width,Relative Disturbance,GPPsat,High,9,-0.01657,55.6,0.5,0.7211,ns
M5vsM6_anom_24m,equal_width,Relative Disturbance,NEPmax,High,9,-0.41267,66.7,0.2386,0.4772,ns
M5vsM6_anom_24m,equal_width,Relative Disturbance,WUE,High,9,-0.09732,77.8,0.06177,0.3999,ns
M5vsM6_anom_24m,equal_width,Relative Disturbance,uWUE,High,9,-0.03455,77.8,0.06177,0.3999,ns
M5vsM6_anom_24m,equal_width,Relative Disturbance,ETmax,Low,29,0.00091,48.3,0.7754,0.8098,ns
M5vsM6_anom_24m,equal_width,Relative Disturbance,GPPsat,Low,29,-0.19365,65.5,0.1497,0.3999,ns
M5vsM6_anom_24m,equal_width,Relative Disturbance,NEPmax,Low,29,-0.63238,62.1,0.05723,0.3999,ns
M5vsM6_anom_24m,equal_width,Relative Disturbance,WUE,Low,29,-0.034,58.6,0.1819,0.4547,ns
M5vsM6_anom_24m,equal_width,Relative Disturbance,uWUE,Low,29,0.00481,48.3,0.5687,0.7582,ns
M5vsM6_anom_24m,natural_breaks,Absolute Mortality,ETmax,High,14,-0.00257,64.3,0.2449,0.5845,ns
M5vsM6_anom_24m,natural_breaks,Absolute Mortality,GPPsat,High,14,-0.26488,57.1,0.525,0.7347,ns
M5vsM6_anom_24m,natural_breaks,Absolute Mortality,NEPmax,High,14,-0.6639,71.4,0.1046,0.4368,ns
M5vsM6_anom_24m,natural_breaks,Absolute Mortality,WUE,High,14,-0.05782,64.3,0.1165,0.4368,ns
M5vsM6_anom_24m,natural_breaks,Absolute Mortality,uWUE,High,14,-0.03352,71.4,0.2256,0.5845,ns
M5vsM6_anom_24m,natural_breaks,Absolute Mortality,ETmax,Mid,32,0.00282,46.9,0.8275,0.866,ns
M5vsM6_anom_24m,natural_breaks,Absolute Mortality,GPPsat,Mid,32,-0.39159,65.6,0.0818,0.4368,ns
M5vsM6_anom_24m,natural_breaks,Absolute Mortality,NEPmax,Mid,32,-0.41914,62.5,0.0876,0.4368,ns
M5vsM6_anom_24m,natural_breaks,Absolute Mortality,WUE,Mid,32,-0.01238,59.4,0.2842,0.5845,ns
M5vsM6_anom_24m,natural_breaks,Absolute Mortality,uWUE,Mid,32,0.01269,43.8,0.7221,0.8123,ns
M5vsM6_anom_24m,natural_breaks,Absolute Mortality,ETmax,Low,19,0.00091,47.4,0.6925,0.8123,ns
M5vsM6_anom_24m,natural_breaks,Absolute Mortality,GPPsat,Low,19,-0.04787,57.9,0.6489,0.8123,ns
M5vsM6_anom_24m,natural_breaks,Absolute Mortality,NEPmax,Low,19,-0.63238,63.2,0.1621,0.521,ns
M5vsM6_anom_24m,natural_breaks,Absolute Mortality,WUE,Low,19,-0.034,57.9,0.08881,0.4368,ns
M5vsM6_anom_24m,natural_breaks,Absolute Mortality,uWUE,Low,19,0.00573,42.1,0.7202,0.8123,ns
M5vsM6_anom_24m,natural_breaks,Relative Mortality,ETmax,High,23,-0.00163,56.5,0.4697,0.7045,ns
M5vsM6_anom_24m,natural_breaks,Relative Mortality,GPPsat,High,23,-0.32864,60.9,0.398,0.6633,ns
M5vsM6_anom_24m,natural_breaks,Relative Mortality,NEPmax,High,23,-0.56032,65.2,0.1335,0.462,ns
M5vsM6_anom_24m,natural_breaks,Relative Mortality,WUE,High,23,-0.04722,65.2,0.04016,0.4368,ns
M5vsM6_anom_24m,natural_breaks,Relative Mortality,uWUE,High,23,-0.02046,56.5,0.2973,0.5845,ns
M5vsM6_anom_24m,natural_breaks,Relative Mortality,ETmax,Mid,18,0.00392,33.3,0.9694,0.9694,ns
M5vsM6_anom_24m,natural_breaks,Relative Mortality,GPPsat,Mid,18,0.10157,50,0.7835,0.8394,ns
M5vsM6_anom_24m,natural_breaks,Relative Mortality,NEPmax,Mid,18,-0.28519,61.1,0.271,0.5845,ns
M5vsM6_anom_24m,natural_breaks,Relative Mortality,WUE,Mid,18,-0.0109,61.1,0.2568,0.5845,ns
M5vsM6_anom_24m,natural_breaks,Relative Mortality,uWUE,Mid,18,0.02872,44.4,0.6684,0.8123,ns
M5vsM6_anom_24m,natural_breaks,Relative Mortality,ETmax,Low,24,-0.00035,58.3,0.3187,0.5845,ns
M5vsM6_anom_24m,natural_breaks,Relative Mortality,GPPsat,Low,24,-0.32281,70.8,0.07864,0.4368,ns
M5vsM6_anom_24m,natural_breaks,Relative Mortality,NEPmax,Low,24,-0.95066,66.7,0.03945,0.4368,ns
M5vsM6_anom_24m,natural_breaks,Relative Mortality,WUE,Low,24,-0.01038,54.2,0.3187,0.5845,ns
M5vsM6_anom_24m,natural_breaks,Relative Mortality,uWUE,Low,24,0.00527,45.8,0.6179,0.8123,ns
M5vsM6_anom_24m,natural_breaks,Relative Disturbance,ETmax,High,22,-0.00152,54.5,0.5388,0.7347,ns
M5vsM6_anom_24m,natural_breaks,Relative Disturbance,GPPsat,High,22,-0.42091,63.6,0.3247,0.5845,ns
M5vsM6_anom_24m,natural_breaks,Relative Disturbance,NEPmax,High,22,-0.36877,59.1,0.2375,0.5845,ns
M5vsM6_anom_24m,natural_breaks,Relative Disturbance,WUE,High,22,-0.0484,68.2,0.01363,0.4368,ns
M5vsM6_anom_24m,natural_breaks,Relative Disturbance,uWUE,High,22,-0.01401,54.5,0.3484,0.603,ns
M5vsM6_anom_24m,natural_breaks,Relative Disturbance,ETmax,Mid,20,0.00333,40,0.9075,0.9281,ns
M5vsM6_anom_24m,natural_breaks,Relative Disturbance,GPPsat,Mid,20,0.02477,50,0.7432,0.8157,ns
M5vsM6_anom_24m,natural_breaks,Relative Disturbance,NEPmax,Mid,20,-0.98349,75,0.05219,0.4368,ns
M5vsM6_anom_24m,natural_breaks,Relative Disturbance,WUE,Mid,20,-0.00284,55,0.4333,0.6724,ns
M5vsM6_anom_24m,natural_breaks,Relative Disturbance,uWUE,Mid,20,0.02872,45,0.7186,0.8123,ns
M5vsM6_anom_24m,natural_breaks,Relative Disturbance,ETmax,Low,23,-0.00019,56.5,0.4216,0.6724,ns
M5vsM6_anom_24m,natural_breaks,Relative Disturbance,GPPsat,Low,23,-0.19365,69.6,0.1148,0.4368,ns
M5vsM6_anom_24m,natural_breaks,Relative Disturbance,NEPmax,Low,23,-0.63238,60.9,0.1034,0.4368,ns
M5vsM6_anom_24m,natural_breaks,Relative Disturbance,WUE,Low,23,-0.01397,56.5,0.2973,0.5845,ns
M5vsM6_anom_24m,natural_breaks,Relative Disturbance,uWUE,Low,23,0.00481,47.8,0.5303,0.7347,ns
M7vsM8_raw_12m,tertiles,Absolute Mortality,ETmax,High,22,-0.00041,50,0.1087,0.3493,ns
M7vsM8_raw_12m,tertiles,Absolute Mortality,GPPsat,High,22,0.14997,40.9,0.7821,0.8283,ns
M7vsM8_raw_12m,tertiles,Absolute Mortality,NEPmax,High,22,0.04017,40.9,0.5129,0.8283,ns
M7vsM8_raw_12m,tertiles,Absolute Mortality,WUE,High,22,-0.02801,68.2,0.03453,0.2342,ns
M7vsM8_raw_12m,tertiles,Absolute Mortality,uWUE,High,22,0.01359,40.9,0.6025,0.8283,ns
M7vsM8_raw_12m,tertiles,Absolute Mortality,ETmax,Mid,21,-0.00016,52.4,0.4585,0.8283,ns
M7vsM8_raw_12m,tertiles,Absolute Mortality,GPPsat,Mid,21,0.05316,42.9,0.6095,0.8283,ns
M7vsM8_raw_12m,tertiles,Absolute Mortality,NEPmax,Mid,21,-0.02701,57.1,0.3011,0.7526,ns
M7vsM8_raw_12m,tertiles,Absolute Mortality,WUE,Mid,21,-0.00351,52.4,0.4861,0.8283,ns
M7vsM8_raw_12m,tertiles,Absolute Mortality,uWUE,Mid,21,-0.01057,52.4,0.5415,0.8283,ns
M7vsM8_raw_12m,tertiles,Absolute Mortality,ETmax,Low,22,0.00027,40.9,0.7095,0.8283,ns
M7vsM8_raw_12m,tertiles,Absolute Mortality,GPPsat,Low,22,-0.16181,68.2,0.03708,0.2342,ns
M7vsM8_raw_12m,tertiles,Absolute Mortality,NEPmax,Low,22,-0.11774,63.6,0.03979,0.2342,ns
M7vsM8_raw_12m,tertiles,Absolute Mortality,WUE,Low,22,-0.00403,59.1,0.3365,0.797,ns
M7vsM8_raw_12m,tertiles,Absolute Mortality,uWUE,Low,22,0.01388,40.9,0.5645,0.8283,ns
M7vsM8_raw_12m,tertiles,Relative Mortality,ETmax,High,22,-0.00151,54.5,0.04889,0.2342,ns
M7vsM8_raw_12m,tertiles,Relative Mortality,GPPsat,High,22,0.03253,50,0.6025,0.8283,ns
M7vsM8_raw_12m,tertiles,Relative Mortality,NEPmax,High,22,0.04017,40.9,0.7205,0.8283,ns
M7vsM8_raw_12m,tertiles,Relative Mortality,WUE,High,22,-0.02805,72.7,0.02383,0.2342,ns
M7vsM8_raw_12m,tertiles,Relative Mortality,uWUE,High,22,0.02282,31.8,0.7205,0.8283,ns
M7vsM8_raw_12m,tertiles,Relative Mortality,ETmax,Mid,21,0.00019,42.9,0.7109,0.8283,ns
M7vsM8_raw_12m,tertiles,Relative Mortality,GPPsat,Mid,21,0.11862,38.1,0.6095,0.8283,ns
M7vsM8_raw_12m,tertiles,Relative Mortality,NEPmax,Mid,21,-0.11619,57.1,0.1652,0.4957,ns
M7vsM8_raw_12m,tertiles,Relative Mortality,WUE,Mid,21,0.01127,47.6,0.5415,0.8283,ns
M7vsM8_raw_12m,tertiles,Relative Mortality,uWUE,Mid,21,-0.01694,76.2,0.04762,0.2342,ns
M7vsM8_raw_12m,tertiles,Relative Mortality,ETmax,Low,22,0.00023,45.5,0.7205,0.8283,ns
M7vsM8_raw_12m,tertiles,Relative Mortality,GPPsat,Low,22,-0.13264,63.6,0.06766,0.2342,ns
M7vsM8_raw_12m,tertiles,Relative Mortality,NEPmax,Low,22,-0.16403,63.6,0.03979,0.2342,ns
M7vsM8_raw_12m,tertiles,Relative Mortality,WUE,Low,22,-0.00366,59.1,0.4101,0.8283,ns
M7vsM8_raw_12m,tertiles,Relative Mortality,uWUE,Low,22,0.02601,27.3,0.8973,0.8973,ns
M7vsM8_raw_12m,tertiles,Relative Disturbance,ETmax,High,22,-0.00206,59.1,0.02383,0.2342,ns
M7vsM8_raw_12m,tertiles,Relative Disturbance,GPPsat,High,22,0.03253,50,0.5645,0.8283,ns
M7vsM8_raw_12m,tertiles,Relative Disturbance,NEPmax,High,22,0.05663,36.4,0.8429,0.8621,ns
M7vsM8_raw_12m,tertiles,Relative Disturbance,WUE,High,22,-0.02805,72.7,0.01607,0.2342,ns
M7vsM8_raw_12m,tertiles,Relative Disturbance,uWUE,High,22,0.01633,36.4,0.6395,0.8283,ns
M7vsM8_raw_12m,tertiles,Relative Disturbance,ETmax,Mid,21,0.00014,42.9,0.7778,0.8283,ns
M7vsM8_raw_12m,tertiles,Relative Disturbance,GPPsat,Mid,21,0.12956,38.1,0.6489,0.8283,ns
M7vsM8_raw_12m,tertiles,Relative Disturbance,NEPmax,Mid,21,-0.18391,66.7,0.06751,0.2342,ns
M7vsM8_raw_12m,tertiles,Relative Disturbance,WUE,Mid,21,-0.01409,57.1,0.2327,0.6545,ns
M7vsM8_raw_12m,tertiles,Relative Disturbance,uWUE,Mid,21,-0.01381,61.9,0.2891,0.7526,ns
M7vsM8_raw_12m,tertiles,Relative Disturbance,ETmax,Low,22,4e-04,40.9,0.7724,0.8283,ns
M7vsM8_raw_12m,tertiles,Relative Disturbance,GPPsat,Low,22,-0.13264,63.6,0.06766,0.2342,ns
M7vsM8_raw_12m,tertiles,Relative Disturbance,NEPmax,Low,22,-0.09674,59.1,0.05226,0.2342,ns
M7vsM8_raw_12m,tertiles,Relative Disturbance,WUE,Low,22,0.00611,50,0.7915,0.8283,ns
M7vsM8_raw_12m,tertiles,Relative Disturbance,uWUE,Low,22,0.02271,36.4,0.6753,0.8283,ns
M7vsM8_raw_12m,equal_width,Absolute Mortality,ETmax,Mid,21,1e-05,47.6,0.1257,0.4599,ns
M7vsM8_raw_12m,equal_width,Absolute Mortality,GPPsat,Mid,21,0.08316,47.6,0.5139,0.7906,ns
M7vsM8_raw_12m,equal_width,Absolute Mortality,NEPmax,Mid,21,-0.18424,52.4,0.133,0.4599,ns
M7vsM8_raw_12m,equal_width,Absolute Mortality,WUE,Mid,21,-0.01558,57.1,0.2435,0.5729,ns
M7vsM8_raw_12m,equal_width,Absolute Mortality,uWUE,Mid,21,0.00748,42.9,0.4861,0.7906,ns
M7vsM8_raw_12m,equal_width,Absolute Mortality,ETmax,Low,41,0.00019,46.3,0.7024,0.8464,ns
M7vsM8_raw_12m,equal_width,Absolute Mortality,GPPsat,Low,41,-0.08239,53.7,0.1592,0.4599,ns
M7vsM8_raw_12m,equal_width,Absolute Mortality,NEPmax,Low,41,-0.07298,58.5,0.08888,0.4599,ns
M7vsM8_raw_12m,equal_width,Absolute Mortality,WUE,Low,41,-0.00425,58.5,0.3158,0.6316,ns
M7vsM8_raw_12m,equal_width,Absolute Mortality,uWUE,Low,41,0.01297,46.3,0.5922,0.8118,ns
M7vsM8_raw_12m,equal_width,Absolute Mortality,ETmax,High,3,-0.00347,66.7,,,""
M7vsM8_raw_12m,equal_width,Absolute Mortality,GPPsat,High,3,0.16532,33.3,,,""
M7vsM8_raw_12m,equal_width,Absolute Mortality,NEPmax,High,3,0.95634,0,,,""
M7vsM8_raw_12m,equal_width,Absolute Mortality,WUE,High,3,-0.11537,100,,,""
M7vsM8_raw_12m,equal_width,Absolute Mortality,uWUE,High,3,0.03974,33.3,,,""
M7vsM8_raw_12m,equal_width,Relative Mortality,ETmax,Mid,26,0.00017,42.3,0.3057,0.6316,ns
M7vsM8_raw_12m,equal_width,Relative Mortality,GPPsat,Mid,26,0.01923,50,0.4899,0.7906,ns
M7vsM8_raw_12m,equal_width,Relative Mortality,NEPmax,Mid,26,-0.15005,57.7,0.1163,0.4599,ns
M7vsM8_raw_12m,equal_width,Relative Mortality,WUE,Mid,26,-0.01628,61.5,0.161,0.4599,ns
M7vsM8_raw_12m,equal_width,Relative Mortality,uWUE,Mid,26,-0.00231,50,0.4696,0.7906,ns
M7vsM8_raw_12m,equal_width,Relative Mortality,ETmax,Low,32,0.00023,46.9,0.7973,0.8612,ns
M7vsM8_raw_12m,equal_width,Relative Mortality,GPPsat,Low,32,-0.02248,50,0.2779,0.6176,ns
M7vsM8_raw_12m,equal_width,Relative Mortality,NEPmax,Low,32,-0.06581,56.2,0.1001,0.4599,ns
M7vsM8_raw_12m,equal_width,Relative Mortality,WUE,Low,32,0.00611,50,0.7406,0.8464,ns
M7vsM8_raw_12m,equal_width,Relative Mortality,uWUE,Low,32,0.01388,40.6,0.6562,0.8464,ns
M7vsM8_raw_12m,equal_width,Relative Mortality,ETmax,High,7,-0.00347,71.4,0.07539,0.4599,ns
M7vsM8_raw_12m,equal_width,Relative Mortality,GPPsat,High,7,-0.06467,57.1,0.5337,0.7906,ns
M7vsM8_raw_12m,equal_width,Relative Mortality,NEPmax,High,7,0.56057,28.6,0.9246,0.9246,ns
M7vsM8_raw_12m,equal_width,Relative Mortality,WUE,High,7,-0.11537,100,0.01125,0.4499,ns
M7vsM8_raw_12m,equal_width,Relative Mortality,uWUE,High,7,0.00053,42.9,0.7229,0.8464,ns
M7vsM8_raw_12m,equal_width,Relative Disturbance,ETmax,Mid,27,-0.00016,51.9,0.1425,0.4599,ns
M7vsM8_raw_12m,equal_width,Relative Disturbance,GPPsat,Mid,27,0.08316,44.4,0.6088,0.8118,ns
M7vsM8_raw_12m,equal_width,Relative Disturbance,NEPmax,Mid,27,-0.18391,59.3,0.06977,0.4599,ns
M7vsM8_raw_12m,equal_width,Relative Disturbance,WUE,Mid,27,-0.01697,63,0.0912,0.4599,ns
M7vsM8_raw_12m,equal_width,Relative Disturbance,uWUE,Mid,27,0.00053,48.1,0.4952,0.7906,ns
M7vsM8_raw_12m,equal_width,Relative Disturbance,ETmax,High,9,-0.00207,55.6,0.1432,0.4599,ns
M7vsM8_raw_12m,equal_width,Relative Disturbance,GPPsat,High,9,-0.06467,55.6,0.4528,0.7906,ns
M7vsM8_raw_12m,equal_width,Relative Disturbance,NEPmax,High,9,0.56057,33.3,0.7965,0.8612,ns
M7vsM8_raw_12m,equal_width,Relative Disturbance,WUE,High,9,-0.10551,88.9,0.02901,0.4599,ns
M7vsM8_raw_12m,equal_width,Relative Disturbance,uWUE,High,9,0.02823,44.4,0.6822,0.8464,ns
M7vsM8_raw_12m,equal_width,Relative Disturbance,ETmax,Low,29,0.00045,41.4,0.8503,0.8721,ns
M7vsM8_raw_12m,equal_width,Relative Disturbance,GPPsat,Low,29,-0.10655,55.2,0.1995,0.4988,ns
M7vsM8_raw_12m,equal_width,Relative Disturbance,NEPmax,Low,29,-0.05865,55.2,0.1877,0.4988,ns
M7vsM8_raw_12m,equal_width,Relative Disturbance,WUE,Low,29,0.01467,48.3,0.8181,0.8612,ns
M7vsM8_raw_12m,equal_width,Relative Disturbance,uWUE,Low,29,0.01343,41.4,0.5687,0.8118,ns
M7vsM8_raw_12m,natural_breaks,Absolute Mortality,ETmax,High,14,-0.00095,50,0.1732,0.5196,ns
M7vsM8_raw_12m,natural_breaks,Absolute Mortality,GPPsat,High,14,0.03497,50,0.5991,0.8221,ns
M7vsM8_raw_12m,natural_breaks,Absolute Mortality,NEPmax,High,14,0.1879,28.6,0.9164,0.9164,ns
M7vsM8_raw_12m,natural_breaks,Absolute Mortality,WUE,High,14,-0.05503,78.6,0.02228,0.2584,ns
M7vsM8_raw_12m,natural_breaks,Absolute Mortality,uWUE,High,14,0.02282,35.7,0.55,0.8221,ns
M7vsM8_raw_12m,natural_breaks,Absolute Mortality,ETmax,Mid,32,-8e-05,50,0.3647,0.8206,ns
M7vsM8_raw_12m,natural_breaks,Absolute Mortality,GPPsat,Mid,32,0.06816,43.8,0.5851,0.8221,ns
M7vsM8_raw_12m,natural_breaks,Absolute Mortality,NEPmax,Mid,32,-0.15005,59.4,0.06376,0.2869,ns
M7vsM8_raw_12m,natural_breaks,Absolute Mortality,WUE,Mid,32,0.00388,50,0.5558,0.8221,ns
M7vsM8_raw_12m,natural_breaks,Absolute Mortality,uWUE,Mid,32,-0.01152,56.2,0.4739,0.8221,ns
M7vsM8_raw_12m,natural_breaks,Absolute Mortality,ETmax,Low,19,0.00035,42.1,0.6637,0.8221,ns
M7vsM8_raw_12m,natural_breaks,Absolute Mortality,GPPsat,Low,19,-0.11698,63.2,0.1025,0.3842,ns
M7vsM8_raw_12m,natural_breaks,Absolute Mortality,NEPmax,Low,19,-0.11929,63.2,0.06065,0.2869,ns
M7vsM8_raw_12m,natural_breaks,Absolute Mortality,WUE,Low,19,-0.00425,63.2,0.2406,0.637,ns
M7vsM8_raw_12m,natural_breaks,Absolute Mortality,uWUE,Low,19,0.02101,31.6,0.6637,0.8221,ns
M7vsM8_raw_12m,natural_breaks,Relative Mortality,ETmax,High,23,-0.00097,52.2,0.05863,0.2869,ns
M7vsM8_raw_12m,natural_breaks,Relative Mortality,GPPsat,High,23,-0.0447,52.2,0.5182,0.8221,ns
M7vsM8_raw_12m,natural_breaks,Relative Mortality,NEPmax,High,23,0.03017,43.5,0.6813,0.8221,ns
M7vsM8_raw_12m,natural_breaks,Relative Mortality,WUE,High,23,-0.03046,73.9,0.01726,0.2584,ns
M7vsM8_raw_12m,natural_breaks,Relative Mortality,uWUE,High,23,0.01969,34.8,0.7234,0.8221,ns
M7vsM8_raw_12m,natural_breaks,Relative Mortality,ETmax,Mid,18,0.00046,44.4,0.729,0.8221,ns
M7vsM8_raw_12m,natural_breaks,Relative Mortality,GPPsat,Mid,18,0.13797,33.3,0.8198,0.8651,ns
M7vsM8_raw_12m,natural_breaks,Relative Mortality,NEPmax,Mid,18,-0.07315,55.6,0.2568,0.637,ns
M7vsM8_raw_12m,natural_breaks,Relative Mortality,WUE,Mid,18,0.01475,44.4,0.5174,0.8221,ns
M7vsM8_raw_12m,natural_breaks,Relative Mortality,uWUE,Mid,18,-0.01665,72.2,0.1198,0.3883,ns
M7vsM8_raw_12m,natural_breaks,Relative Mortality,ETmax,Low,24,0.00023,45.8,0.6915,0.8221,ns
M7vsM8_raw_12m,natural_breaks,Relative Mortality,GPPsat,Low,24,-0.13264,62.5,0.05323,0.2869,ns
M7vsM8_raw_12m,natural_breaks,Relative Mortality,NEPmax,Low,24,-0.16403,62.5,0.02872,0.2584,ns
M7vsM8_raw_12m,natural_breaks,Relative Mortality,WUE,Low,24,-0.00366,58.3,0.5057,0.8221,ns
M7vsM8_raw_12m,natural_breaks,Relative Mortality,uWUE,Low,24,0.02271,33.3,0.749,0.8221,ns
M7vsM8_raw_12m,natural_breaks,Relative Disturbance,ETmax,High,22,-0.00206,59.1,0.02383,0.2584,ns
M7vsM8_raw_12m,natural_breaks,Relative Disturbance,GPPsat,High,22,0.03253,50,0.5645,0.8221,ns
M7vsM8_raw_12m,natural_breaks,Relative Disturbance,NEPmax,High,22,0.05663,36.4,0.8429,0.8651,ns
M7vsM8_raw_12m,natural_breaks,Relative Disturbance,WUE,High,22,-0.02805,72.7,0.01607,0.2584,ns
M7vsM8_raw_12m,natural_breaks,Relative Disturbance,uWUE,High,22,0.01633,36.4,0.6395,0.8221,ns
M7vsM8_raw_12m,natural_breaks,Relative Disturbance,ETmax,Mid,20,7e-05,45,0.6796,0.8221,ns
M7vsM8_raw_12m,natural_breaks,Relative Disturbance,GPPsat,Mid,20,0.10636,40,0.552,0.8221,ns
M7vsM8_raw_12m,natural_breaks,Relative Disturbance,NEPmax,Mid,20,-0.20872,70,0.04128,0.2869,ns
M7vsM8_raw_12m,natural_breaks,Relative Disturbance,WUE,Mid,20,-0.01294,55,0.269,0.637,ns
M7vsM8_raw_12m,natural_breaks,Relative Disturbance,uWUE,Mid,20,-0.01385,65,0.222,0.6245,ns
M7vsM8_raw_12m,natural_breaks,Relative Disturbance,ETmax,Low,23,0.00045,39.1,0.8459,0.8651,ns
M7vsM8_raw_12m,natural_breaks,Relative Disturbance,GPPsat,Low,23,-0.11698,60.9,0.1208,0.3883,ns
M7vsM8_raw_12m,natural_breaks,Relative Disturbance,NEPmax,Low,23,-0.07298,56.5,0.08795,0.3598,ns
M7vsM8_raw_12m,natural_breaks,Relative Disturbance,WUE,Low,23,-0.00245,52.2,0.7335,0.8221,ns
M7vsM8_raw_12m,natural_breaks,Relative Disturbance,uWUE,Low,23,0.02442,34.8,0.7132,0.8221,ns
M7vsM8_raw_24m,tertiles,Absolute Mortality,ETmax,High,22,0.00023,40.9,0.6516,0.8624,ns
M7vsM8_raw_24m,tertiles,Absolute Mortality,GPPsat,High,22,-0.09528,59.1,0.2581,0.6789,ns
M7vsM8_raw_24m,tertiles,Absolute Mortality,NEPmax,High,22,-0.21184,68.2,0.08135,0.4576,ns
M7vsM8_raw_24m,tertiles,Absolute Mortality,WUE,High,22,-0.00299,59.1,0.2687,0.6789,ns
M7vsM8_raw_24m,tertiles,Absolute Mortality,uWUE,High,22,0.03297,27.3,0.9796,0.9796,ns
M7vsM8_raw_24m,tertiles,Absolute Mortality,ETmax,Mid,21,0.00094,38.1,0.9589,0.9796,ns
M7vsM8_raw_24m,tertiles,Absolute Mortality,GPPsat,Mid,21,-0.00226,52.4,0.5,0.7258,ns
M7vsM8_raw_24m,tertiles,Absolute Mortality,NEPmax,Mid,21,0.02597,47.6,0.7109,0.9141,ns
M7vsM8_raw_24m,tertiles,Absolute Mortality,WUE,Mid,21,-0.00988,57.1,0.4447,0.7258,ns
M7vsM8_raw_24m,tertiles,Absolute Mortality,uWUE,Mid,21,-0.03487,66.7,0.1406,0.5593,ns
M7vsM8_raw_24m,tertiles,Absolute Mortality,ETmax,Low,22,-0.00022,63.6,0.3247,0.6958,ns
M7vsM8_raw_24m,tertiles,Absolute Mortality,GPPsat,Low,22,-0.19019,72.7,0.03453,0.222,ns
M7vsM8_raw_24m,tertiles,Absolute Mortality,NEPmax,Low,22,-0.24601,63.6,0.01742,0.222,ns
M7vsM8_raw_24m,tertiles,Absolute Mortality,WUE,Low,22,-0.01,54.5,0.3605,0.6989,ns
M7vsM8_raw_24m,tertiles,Absolute Mortality,uWUE,Low,22,0.00163,50,0.5,0.7258,ns
M7vsM8_raw_24m,tertiles,Relative Mortality,ETmax,High,22,0.00075,36.4,0.8007,0.9588,ns
M7vsM8_raw_24m,tertiles,Relative Mortality,GPPsat,High,22,-0.20787,68.2,0.09158,0.4579,ns
M7vsM8_raw_24m,tertiles,Relative Mortality,NEPmax,High,22,-0.16621,68.2,0.1148,0.5167,ns
M7vsM8_raw_24m,tertiles,Relative Mortality,WUE,High,22,-0.00644,63.6,0.2179,0.6538,ns
M7vsM8_raw_24m,tertiles,Relative Mortality,uWUE,High,22,0.03663,31.8,0.9543,0.9796,ns
M7vsM8_raw_24m,tertiles,Relative Mortality,ETmax,Mid,21,0.00081,38.1,0.9178,0.9796,ns
M7vsM8_raw_24m,tertiles,Relative Mortality,GPPsat,Mid,21,0.06986,42.9,0.7565,0.9457,ns
M7vsM8_raw_24m,tertiles,Relative Mortality,NEPmax,Mid,21,0.02597,47.6,0.5277,0.7421,ns
M7vsM8_raw_24m,tertiles,Relative Mortality,WUE,Mid,21,0.00104,47.6,0.4723,0.7258,ns
M7vsM8_raw_24m,tertiles,Relative Mortality,uWUE,Mid,21,-0.01508,57.1,0.2891,0.6789,ns
M7vsM8_raw_24m,tertiles,Relative Mortality,ETmax,Low,22,-0.00036,68.2,0.3017,0.6789,ns
M7vsM8_raw_24m,tertiles,Relative Mortality,GPPsat,Low,22,-0.19019,72.7,0.02571,0.222,ns
M7vsM8_raw_24m,tertiles,Relative Mortality,NEPmax,Low,22,-0.17904,63.6,0.03453,0.222,ns
M7vsM8_raw_24m,tertiles,Relative Mortality,WUE,Low,22,-0.0153,59.1,0.4228,0.7258,ns
M7vsM8_raw_24m,tertiles,Relative Mortality,uWUE,Low,22,-0.00207,54.5,0.3605,0.6989,ns
M7vsM8_raw_24m,tertiles,Relative Disturbance,ETmax,High,22,4e-04,40.9,0.6273,0.8554,ns
M7vsM8_raw_24m,tertiles,Relative Disturbance,GPPsat,High,22,-0.20787,72.7,0.03453,0.222,ns
M7vsM8_raw_24m,tertiles,Relative Disturbance,NEPmax,High,22,-0.12358,63.6,0.1732,0.5593,ns
M7vsM8_raw_24m,tertiles,Relative Disturbance,WUE,High,22,-0.00644,63.6,0.1494,0.5593,ns
M7vsM8_raw_24m,tertiles,Relative Disturbance,uWUE,High,22,0.02631,31.8,0.9365,0.9796,ns
M7vsM8_raw_24m,tertiles,Relative Disturbance,ETmax,Mid,21,0.00081,38.1,0.9557,0.9796,ns
M7vsM8_raw_24m,tertiles,Relative Disturbance,GPPsat,Mid,21,0.1309,33.3,0.9646,0.9796,ns
M7vsM8_raw_24m,tertiles,Relative Disturbance,NEPmax,Mid,21,-0.02302,52.4,0.4861,0.7258,ns
M7vsM8_raw_24m,tertiles,Relative Disturbance,WUE,Mid,21,-0.01464,57.1,0.174,0.5593,ns
M7vsM8_raw_24m,tertiles,Relative Disturbance,uWUE,Mid,21,-0.01371,52.4,0.2773,0.6789,ns
M7vsM8_raw_24m,tertiles,Relative Disturbance,ETmax,Low,22,-0.00036,63.6,0.3975,0.7156,ns
M7vsM8_raw_24m,tertiles,Relative Disturbance,GPPsat,Low,22,-0.20887,77.3,0.01363,0.222,ns
M7vsM8_raw_24m,tertiles,Relative Disturbance,NEPmax,Low,22,-0.17904,63.6,0.02985,0.222,ns
M7vsM8_raw_24m,tertiles,Relative Disturbance,WUE,Low,22,6e-05,50,0.8096,0.9588,ns
M7vsM8_raw_24m,tertiles,Relative Disturbance,uWUE,Low,22,-0.00567,59.1,0.3727,0.6989,ns
M7vsM8_raw_24m,equal_width,Absolute Mortality,ETmax,Mid,21,0.00015,47.6,0.3257,0.6857,ns
M7vsM8_raw_24m,equal_width,Absolute Mortality,GPPsat,Mid,21,-0.08531,57.1,0.3905,0.6955,ns
M7vsM8_raw_24m,equal_width,Absolute Mortality,NEPmax,Mid,21,-0.2176,66.7,0.04427,0.4405,ns
M7vsM8_raw_24m,equal_width,Absolute Mortality,WUE,Mid,21,-0.00297,61.9,0.2773,0.6317,ns
M7vsM8_raw_24m,equal_width,Absolute Mortality,uWUE,Mid,21,0.02231,33.3,0.9008,0.9246,ns
M7vsM8_raw_24m,equal_width,Absolute Mortality,ETmax,Low,41,0.00033,48.8,0.8756,0.9246,ns
M7vsM8_raw_24m,equal_width,Absolute Mortality,GPPsat,Low,41,-0.09349,63.4,0.04991,0.4405,ns
M7vsM8_raw_24m,equal_width,Absolute Mortality,NEPmax,Low,41,-0.08231,56.1,0.1754,0.6317,ns
M7vsM8_raw_24m,equal_width,Absolute Mortality,WUE,Low,41,-0.01464,56.1,0.2843,0.6317,ns
M7vsM8_raw_24m,equal_width,Absolute Mortality,uWUE,Low,41,-0.01279,58.5,0.144,0.6317,ns
M7vsM8_raw_24m,equal_width,Absolute Mortality,ETmax,High,3,0.00262,33.3,,,""
M7vsM8_raw_24m,equal_width,Absolute Mortality,GPPsat,High,3,-0.42155,66.7,,,""
M7vsM8_raw_24m,equal_width,Absolute Mortality,NEPmax,High,3,-0.20609,66.7,,,""
M7vsM8_raw_24m,equal_width,Absolute Mortality,WUE,High,3,0.07068,33.3,,,""
M7vsM8_raw_24m,equal_width,Absolute Mortality,uWUE,High,3,0.14202,0,,,""
M7vsM8_raw_24m,equal_width,Relative Mortality,ETmax,Mid,26,0.00073,34.6,0.9225,0.9246,ns
M7vsM8_raw_24m,equal_width,Relative Mortality,GPPsat,Mid,26,-0.06415,57.7,0.4797,0.7107,ns
M7vsM8_raw_24m,equal_width,Relative Mortality,NEPmax,Mid,26,-0.12358,65.4,0.08914,0.5942,ns
M7vsM8_raw_24m,equal_width,Relative Mortality,WUE,Mid,26,-0.00237,53.8,0.3998,0.6955,ns
M7vsM8_raw_24m,equal_width,Relative Mortality,uWUE,Mid,26,0.00357,46.2,0.4195,0.6992,ns
M7vsM8_raw_24m,equal_width,Relative Mortality,ETmax,Low,32,-0.00018,56.2,0.6833,0.8282,ns
M7vsM8_raw_24m,equal_width,Relative Mortality,GPPsat,Low,32,-0.13763,62.5,0.05289,0.4405,ns
M7vsM8_raw_24m,equal_width,Relative Mortality,NEPmax,Low,32,-0.0866,56.2,0.129,0.6317,ns
M7vsM8_raw_24m,equal_width,Relative Mortality,WUE,Low,32,-0.0153,56.2,0.4442,0.7107,ns
M7vsM8_raw_24m,equal_width,Relative Mortality,uWUE,Low,32,-0.00567,56.2,0.3931,0.6955,ns
M7vsM8_raw_24m,equal_width,Relative Mortality,ETmax,High,7,-0.00087,57.1,0.4663,0.7107,ns
M7vsM8_raw_24m,equal_width,Relative Mortality,GPPsat,High,7,-0.41532,71.4,0.1763,0.6317,ns
M7vsM8_raw_24m,equal_width,Relative Mortality,NEPmax,High,7,-0.20609,57.1,0.3999,0.6955,ns
M7vsM8_raw_24m,equal_width,Relative Mortality,WUE,High,7,-0.0518,71.4,0.2234,0.6317,ns
M7vsM8_raw_24m,equal_width,Relative Mortality,uWUE,High,7,0.05834,14.3,0.9246,0.9246,ns
M7vsM8_raw_24m,equal_width,Relative Disturbance,ETmax,Mid,27,0.00015,48.1,0.6541,0.8282,ns
M7vsM8_raw_24m,equal_width,Relative Disturbance,GPPsat,Mid,27,-0.05647,55.6,0.6629,0.8282,ns
M7vsM8_raw_24m,equal_width,Relative Disturbance,NEPmax,Mid,27,-0.12633,70.4,0.05506,0.4405,ns
M7vsM8_raw_24m,equal_width,Relative Disturbance,WUE,Mid,27,-0.00258,55.6,0.2392,0.6317,ns
M7vsM8_raw_24m,equal_width,Relative Disturbance,uWUE,Mid,27,0.00521,44.4,0.5239,0.7372,ns
M7vsM8_raw_24m,equal_width,Relative Disturbance,ETmax,High,9,0.00053,33.3,0.7232,0.8508,ns
M7vsM8_raw_24m,equal_width,Relative Disturbance,GPPsat,High,9,-0.31065,66.7,0.1432,0.6317,ns
M7vsM8_raw_24m,equal_width,Relative Disturbance,NEPmax,High,9,-0.20609,55.6,0.2768,0.6317,ns
M7vsM8_raw_24m,equal_width,Relative Disturbance,WUE,High,9,-0.0376,66.7,0.2035,0.6317,ns
M7vsM8_raw_24m,equal_width,Relative Disturbance,uWUE,High,9,0.0303,33.3,0.7614,0.8687,ns
M7vsM8_raw_24m,equal_width,Relative Disturbance,ETmax,Low,29,-3e-05,51.7,0.7818,0.8687,ns
M7vsM8_raw_24m,equal_width,Relative Disturbance,GPPsat,Low,29,-0.19862,65.5,0.03147,0.4405,ns
M7vsM8_raw_24m,equal_width,Relative Disturbance,NEPmax,Low,29,-0.01102,51.7,0.2377,0.6317,ns
M7vsM8_raw_24m,equal_width,Relative Disturbance,WUE,Low,29,-0.01464,55.2,0.6272,0.8282,ns
M7vsM8_raw_24m,equal_width,Relative Disturbance,uWUE,Low,29,-0.00353,55.2,0.5345,0.7372,ns
M7vsM8_raw_24m,natural_breaks,Absolute Mortality,ETmax,High,14,0.00088,35.7,0.7928,0.975,ns
M7vsM8_raw_24m,natural_breaks,Absolute Mortality,GPPsat,High,14,-0.21206,64.3,0.2072,0.5828,ns
M7vsM8_raw_24m,natural_breaks,Absolute Mortality,NEPmax,High,14,-0.10532,57.1,0.3532,0.6499,ns
M7vsM8_raw_24m,natural_breaks,Absolute Mortality,WUE,High,14,-0.0372,71.4,0.1046,0.5232,ns
M7vsM8_raw_24m,natural_breaks,Absolute Mortality,uWUE,High,14,0.03663,21.4,0.9606,0.975,ns
M7vsM8_raw_24m,natural_breaks,Absolute Mortality,ETmax,Mid,32,0.00043,43.8,0.8932,0.975,ns
M7vsM8_raw_24m,natural_breaks,Absolute Mortality,GPPsat,Mid,32,-0.02936,53.1,0.5186,0.778,ns
M7vsM8_raw_24m,natural_breaks,Absolute Mortality,NEPmax,Mid,32,-0.11384,59.4,0.1497,0.5272,ns
M7vsM8_raw_24m,natural_breaks,Absolute Mortality,WUE,Mid,32,-0.00056,50,0.6562,0.8948,ns
M7vsM8_raw_24m,natural_breaks,Absolute Mortality,uWUE,Mid,32,-0.01728,56.2,0.337,0.6499,ns
M7vsM8_raw_24m,natural_breaks,Absolute Mortality,ETmax,Low,19,-0.00047,63.2,0.3075,0.6499,ns
M7vsM8_raw_24m,natural_breaks,Absolute Mortality,GPPsat,Low,19,-0.18177,73.7,0.03065,0.2589,ns
M7vsM8_raw_24m,natural_breaks,Absolute Mortality,NEPmax,Low,19,-0.26718,63.2,0.03355,0.2589,ns
M7vsM8_raw_24m,natural_breaks,Absolute Mortality,WUE,Low,19,-0.01597,57.9,0.2664,0.6051,ns
M7vsM8_raw_24m,natural_breaks,Absolute Mortality,uWUE,Low,19,-0.00061,52.6,0.444,0.689,ns
M7vsM8_raw_24m,natural_breaks,Relative Mortality,ETmax,High,23,0.00097,34.8,0.8385,0.975,ns
M7vsM8_raw_24m,natural_breaks,Relative Mortality,GPPsat,High,23,-0.16715,65.2,0.1335,0.5272,ns
M7vsM8_raw_24m,natural_breaks,Relative Mortality,NEPmax,High,23,-0.20609,69.6,0.09807,0.5232,ns
M7vsM8_raw_24m,natural_breaks,Relative Mortality,WUE,High,23,-0.00301,60.9,0.2374,0.6051,ns
M7vsM8_raw_24m,natural_breaks,Relative Mortality,uWUE,High,23,0.0303,30.4,0.9571,0.975,ns
M7vsM8_raw_24m,natural_breaks,Relative Mortality,ETmax,Mid,18,0.00057,38.9,0.8967,0.975,ns
M7vsM8_raw_24m,natural_breaks,Relative Mortality,GPPsat,Mid,18,0.08746,38.9,0.8967,0.975,ns
M7vsM8_raw_24m,natural_breaks,Relative Mortality,NEPmax,Mid,18,0.06529,44.4,0.729,0.9648,ns
M7vsM8_raw_24m,natural_breaks,Relative Mortality,WUE,Mid,18,-0.01874,55.6,0.2568,0.6051,ns
M7vsM8_raw_24m,natural_breaks,Relative Mortality,uWUE,Mid,18,-0.01728,61.1,0.204,0.5828,ns
M7vsM8_raw_24m,natural_breaks,Relative Mortality,ETmax,Low,24,-0.00036,66.7,0.3605,0.6499,ns
M7vsM8_raw_24m,natural_breaks,Relative Mortality,GPPsat,Low,24,-0.20166,75,0.008523,0.2589,ns
M7vsM8_raw_24m,natural_breaks,Relative Mortality,NEPmax,Low,24,-0.17904,62.5,0.02689,0.2589,ns
M7vsM8_raw_24m,natural_breaks,Relative Mortality,WUE,Low,24,-0.00933,54.2,0.5848,0.849,ns
M7vsM8_raw_24m,natural_breaks,Relative Mortality,uWUE,Low,24,-0.00207,54.2,0.4152,0.6672,ns
M7vsM8_raw_24m,natural_breaks,Relative Disturbance,ETmax,High,22,4e-04,40.9,0.6273,0.8821,ns
M7vsM8_raw_24m,natural_breaks,Relative Disturbance,GPPsat,High,22,-0.20787,72.7,0.03453,0.2589,ns
M7vsM8_raw_24m,natural_breaks,Relative Disturbance,NEPmax,High,22,-0.12358,63.6,0.1732,0.5568,ns
M7vsM8_raw_24m,natural_breaks,Relative Disturbance,WUE,High,22,-0.00644,63.6,0.1494,0.5272,ns
M7vsM8_raw_24m,natural_breaks,Relative Disturbance,uWUE,High,22,0.02631,31.8,0.9365,0.975,ns
M7vsM8_raw_24m,natural_breaks,Relative Disturbance,ETmax,Mid,20,0.00087,35,0.975,0.975,ns
M7vsM8_raw_24m,natural_breaks,Relative Disturbance,GPPsat,Mid,20,0.11798,35,0.9478,0.975,ns
M7vsM8_raw_24m,natural_breaks,Relative Disturbance,NEPmax,Mid,20,-0.06982,55,0.3755,0.6499,ns
M7vsM8_raw_24m,natural_breaks,Relative Disturbance,WUE,Mid,20,-0.02476,60,0.1523,0.5272,ns
M7vsM8_raw_24m,natural_breaks,Relative Disturbance,uWUE,Mid,20,-0.0144,55,0.269,0.6051,ns
M7vsM8_raw_24m,natural_breaks,Relative Disturbance,ETmax,Low,23,-0.00047,65.2,0.3633,0.6499,ns
M7vsM8_raw_24m,natural_breaks,Relative Disturbance,GPPsat,Low,23,-0.2047,73.9,0.02489,0.2589,ns
M7vsM8_raw_24m,natural_breaks,Relative Disturbance,NEPmax,Low,23,-0.09089,60.9,0.0487,0.3131,ns
M7vsM8_raw_24m,natural_breaks,Relative Disturbance,WUE,Low,23,0.00414,47.8,0.8152,0.975,ns
M7vsM8_raw_24m,natural_breaks,Relative Disturbance,uWUE,Low,23,-0.00353,56.5,0.398,0.6633,ns
M7vsM8_anom_12m,tertiles,Absolute Mortality,ETmax,High,22,-0.00163,54.5,0.3247,0.5855,ns
M7vsM8_anom_12m,tertiles,Absolute Mortality,GPPsat,High,22,-0.05028,54.5,0.2905,0.5855,ns
M7vsM8_anom_12m,tertiles,Absolute Mortality,NEPmax,High,22,-0.30636,72.7,0.01058,0.08644,ns
M7vsM8_anom_12m,tertiles,Absolute Mortality,WUE,High,22,-0.03951,63.6,0.1212,0.4547,ns
M7vsM8_anom_12m,tertiles,Absolute Mortality,uWUE,High,22,-0.00834,59.1,0.2276,0.5855,ns
M7vsM8_anom_12m,tertiles,Absolute Mortality,ETmax,Mid,21,0.00187,38.1,0.9067,0.9489,ns
M7vsM8_anom_12m,tertiles,Absolute Mortality,GPPsat,Mid,21,-0.10761,57.1,0.3383,0.5855,ns
M7vsM8_anom_12m,tertiles,Absolute Mortality,NEPmax,Mid,21,0.04327,47.6,0.2327,0.5855,ns
M7vsM8_anom_12m,tertiles,Absolute Mortality,WUE,Mid,21,-0.03361,57.1,0.2222,0.5855,ns
M7vsM8_anom_12m,tertiles,Absolute Mortality,uWUE,Mid,21,0.00657,47.6,0.431,0.6429,ns
M7vsM8_anom_12m,tertiles,Absolute Mortality,ETmax,Low,22,0.00116,45.5,0.8788,0.9415,ns
M7vsM8_anom_12m,tertiles,Absolute Mortality,GPPsat,Low,22,-0.44697,68.2,0.009706,0.08644,ns
M7vsM8_anom_12m,tertiles,Absolute Mortality,NEPmax,Low,22,-0.22743,63.6,0.03212,0.1606,ns
M7vsM8_anom_12m,tertiles,Absolute Mortality,WUE,Low,22,-0.02353,59.1,0.3975,0.6389,ns
M7vsM8_anom_12m,tertiles,Absolute Mortality,uWUE,Low,22,-0.00026,54.5,0.4871,0.6429,ns
M7vsM8_anom_12m,tertiles,Relative Mortality,ETmax,High,22,-0.00089,54.5,0.3131,0.5855,ns
M7vsM8_anom_12m,tertiles,Relative Mortality,GPPsat,High,22,-0.03111,54.5,0.3017,0.5855,ns
M7vsM8_anom_12m,tertiles,Relative Mortality,NEPmax,High,22,-0.30636,72.7,0.01742,0.1061,ns
M7vsM8_anom_12m,tertiles,Relative Mortality,WUE,High,22,-0.05719,68.2,0.07658,0.3133,ns
M7vsM8_anom_12m,tertiles,Relative Mortality,uWUE,High,22,-0.0141,59.1,0.1904,0.5855,ns
M7vsM8_anom_12m,tertiles,Relative Mortality,ETmax,Mid,21,0.00028,47.6,0.7565,0.8511,ns
M7vsM8_anom_12m,tertiles,Relative Mortality,GPPsat,Mid,21,-0.23264,61.9,0.3133,0.5855,ns
M7vsM8_anom_12m,tertiles,Relative Mortality,NEPmax,Mid,21,0.1876,42.9,0.4447,0.6429,ns
M7vsM8_anom_12m,tertiles,Relative Mortality,WUE,Mid,21,-0.02989,57.1,0.2545,0.5855,ns
M7vsM8_anom_12m,tertiles,Relative Mortality,uWUE,Mid,21,-9e-05,52.4,0.5,0.6429,ns
M7vsM8_anom_12m,tertiles,Relative Mortality,ETmax,Low,22,0.0021,36.4,0.9602,0.9602,ns
M7vsM8_anom_12m,tertiles,Relative Mortality,GPPsat,Low,22,-0.37043,63.6,0.01058,0.08644,ns
M7vsM8_anom_12m,tertiles,Relative Mortality,NEPmax,Low,22,-0.31988,68.2,0.006805,0.08644,ns
M7vsM8_anom_12m,tertiles,Relative Mortality,WUE,Low,22,-0.01377,54.5,0.5645,0.666,ns
M7vsM8_anom_12m,tertiles,Relative Mortality,uWUE,Low,22,0.00547,50,0.5645,0.666,ns
M7vsM8_anom_12m,tertiles,Relative Disturbance,ETmax,High,22,-0.00089,54.5,0.3605,0.6008,ns
M7vsM8_anom_12m,tertiles,Relative Disturbance,GPPsat,High,22,-0.05874,59.1,0.2085,0.5855,ns
M7vsM8_anom_12m,tertiles,Relative Disturbance,NEPmax,High,22,-0.30636,72.7,0.01886,0.1061,ns
M7vsM8_anom_12m,tertiles,Relative Disturbance,WUE,High,22,-0.05719,68.2,0.03708,0.1669,ns
M7vsM8_anom_12m,tertiles,Relative Disturbance,uWUE,High,22,-0.00834,59.1,0.2375,0.5855,ns
M7vsM8_anom_12m,tertiles,Relative Disturbance,ETmax,Mid,21,0.00187,42.9,0.788,0.8649,ns
M7vsM8_anom_12m,tertiles,Relative Disturbance,GPPsat,Mid,21,0.01663,47.6,0.5277,0.6596,ns
M7vsM8_anom_12m,tertiles,Relative Disturbance,NEPmax,Mid,21,0.1876,42.9,0.4174,0.6429,ns
M7vsM8_anom_12m,tertiles,Relative Disturbance,WUE,Mid,21,-0.00084,52.4,0.3257,0.5855,ns
M7vsM8_anom_12m,tertiles,Relative Disturbance,uWUE,Mid,21,0.00657,47.6,0.4723,0.6429,ns
M7vsM8_anom_12m,tertiles,Relative Disturbance,ETmax,Low,22,0.00116,40.9,0.9365,0.9578,ns
M7vsM8_anom_12m,tertiles,Relative Disturbance,GPPsat,Low,22,-0.44697,72.7,0.002619,0.08644,ns
M7vsM8_anom_12m,tertiles,Relative Disturbance,NEPmax,Low,22,-0.31988,68.2,0.01153,0.08644,ns
M7vsM8_anom_12m,tertiles,Relative Disturbance,WUE,Low,22,-0.02353,59.1,0.5772,0.666,ns
M7vsM8_anom_12m,tertiles,Relative Disturbance,uWUE,Low,22,-0.00026,54.5,0.4741,0.6429,ns
M7vsM8_anom_12m,equal_width,Absolute Mortality,ETmax,Mid,21,-0.00192,61.9,0.1567,0.3562,ns
M7vsM8_anom_12m,equal_width,Absolute Mortality,GPPsat,Mid,21,-0.03958,57.1,0.1831,0.3562,ns
M7vsM8_anom_12m,equal_width,Absolute Mortality,NEPmax,Mid,21,-0.4411,76.2,0.004126,0.165,ns
M7vsM8_anom_12m,equal_width,Absolute Mortality,WUE,Mid,21,-0.04569,61.9,0.1831,0.3562,ns
M7vsM8_anom_12m,equal_width,Absolute Mortality,uWUE,Mid,21,-0.00777,57.1,0.2222,0.3886,ns
M7vsM8_anom_12m,equal_width,Absolute Mortality,ETmax,Low,41,0.00187,39,0.9837,0.9923,ns
M7vsM8_anom_12m,equal_width,Absolute Mortality,GPPsat,Low,41,-0.29804,61,0.03687,0.2574,ns
M7vsM8_anom_12m,equal_width,Absolute Mortality,NEPmax,Low,41,-0.18423,53.7,0.09977,0.3453,ns
M7vsM8_anom_12m,equal_width,Absolute Mortality,WUE,Low,41,-0.02389,58.5,0.1688,0.3562,ns
M7vsM8_anom_12m,equal_width,Absolute Mortality,uWUE,Low,41,-2e-05,51.2,0.4742,0.6108,ns
M7vsM8_anom_12m,equal_width,Absolute Mortality,ETmax,High,3,0.0013,33.3,,,""
M7vsM8_anom_12m,equal_width,Absolute Mortality,GPPsat,High,3,-0.16396,66.7,,,""
M7vsM8_anom_12m,equal_width,Absolute Mortality,NEPmax,High,3,-0.06735,66.7,,,""
M7vsM8_anom_12m,equal_width,Absolute Mortality,WUE,High,3,-0.03333,66.7,,,""
M7vsM8_anom_12m,equal_width,Absolute Mortality,uWUE,High,3,-0.06427,66.7,,,""
M7vsM8_anom_12m,equal_width,Relative Mortality,ETmax,Mid,26,-0.00163,57.7,0.3238,0.4981,ns
M7vsM8_anom_12m,equal_width,Relative Mortality,GPPsat,Mid,26,-0.03111,53.8,0.187,0.3562,ns
M7vsM8_anom_12m,equal_width,Relative Mortality,NEPmax,Mid,26,-0.29728,61.5,0.05203,0.2708,ns
M7vsM8_anom_12m,equal_width,Relative Mortality,WUE,Mid,26,-0.02183,57.7,0.187,0.3562,ns
M7vsM8_anom_12m,equal_width,Relative Mortality,uWUE,Mid,26,0.00173,50,0.39,0.5777,ns
M7vsM8_anom_12m,equal_width,Relative Mortality,ETmax,Low,32,0.00169,40.6,0.9565,0.9923,ns
M7vsM8_anom_12m,equal_width,Relative Mortality,GPPsat,Low,32,-0.32446,65.6,0.0203,0.2574,ns
M7vsM8_anom_12m,equal_width,Relative Mortality,NEPmax,Low,32,-0.22743,59.4,0.03861,0.2574,ns
M7vsM8_anom_12m,equal_width,Relative Mortality,WUE,Low,32,-0.01377,56.2,0.5037,0.6108,ns
M7vsM8_anom_12m,equal_width,Relative Mortality,uWUE,Low,32,-5e-05,53.1,0.5335,0.6108,ns
M7vsM8_anom_12m,equal_width,Relative Mortality,ETmax,High,7,0.00177,28.6,0.7766,0.8395,ns
M7vsM8_anom_12m,equal_width,Relative Mortality,GPPsat,High,7,-0.07791,57.1,0.6637,0.7374,ns
M7vsM8_anom_12m,equal_width,Relative Mortality,NEPmax,High,7,-0.30105,71.4,0.1359,0.3562,ns
M7vsM8_anom_12m,equal_width,Relative Mortality,WUE,High,7,-0.11982,85.7,0.05416,0.2708,ns
M7vsM8_anom_12m,equal_width,Relative Mortality,uWUE,High,7,-0.06427,71.4,0.2234,0.3886,ns
M7vsM8_anom_12m,equal_width,Relative Disturbance,ETmax,Mid,27,-0.0017,59.3,0.2701,0.4321,ns
M7vsM8_anom_12m,equal_width,Relative Disturbance,GPPsat,Mid,27,-0.02265,51.9,0.5239,0.6108,ns
M7vsM8_anom_12m,equal_width,Relative Disturbance,NEPmax,Mid,27,-0.30105,63,0.03304,0.2574,ns
M7vsM8_anom_12m,equal_width,Relative Disturbance,WUE,Mid,27,-0.04569,59.3,0.1036,0.3453,ns
M7vsM8_anom_12m,equal_width,Relative Disturbance,uWUE,Mid,27,0.00632,48.1,0.4761,0.6108,ns
M7vsM8_anom_12m,equal_width,Relative Disturbance,ETmax,High,9,0.00014,44.4,0.5,0.6108,ns
M7vsM8_anom_12m,equal_width,Relative Disturbance,GPPsat,High,9,-0.16396,66.7,0.1432,0.3562,ns
M7vsM8_anom_12m,equal_width,Relative Disturbance,NEPmax,High,9,-0.4411,77.8,0.06177,0.2745,ns
M7vsM8_anom_12m,equal_width,Relative Disturbance,WUE,High,9,-0.07606,77.8,0.09626,0.3453,ns
M7vsM8_anom_12m,equal_width,Relative Disturbance,uWUE,High,9,-0.00891,66.7,0.2386,0.3977,ns
M7vsM8_anom_12m,equal_width,Relative Disturbance,ETmax,Low,29,0.00231,34.5,0.9923,0.9923,ns
M7vsM8_anom_12m,equal_width,Relative Disturbance,GPPsat,Low,29,-0.36474,65.5,0.01371,0.2574,ns
M7vsM8_anom_12m,equal_width,Relative Disturbance,NEPmax,Low,29,-0.18423,55.2,0.1172,0.3562,ns
M7vsM8_anom_12m,equal_width,Relative Disturbance,WUE,Low,29,-0.00436,55.2,0.5345,0.6108,ns
M7vsM8_anom_12m,equal_width,Relative Disturbance,uWUE,Low,29,-5e-04,55.2,0.4144,0.592,ns
M7vsM8_anom_12m,natural_breaks,Absolute Mortality,ETmax,High,14,-0.00078,50,0.3768,0.6048,ns
M7vsM8_anom_12m,natural_breaks,Absolute Mortality,GPPsat,High,14,0.03541,42.9,0.5747,0.7389,ns
M7vsM8_anom_12m,natural_breaks,Absolute Mortality,NEPmax,High,14,-0.30636,78.6,0.0394,0.1773,ns
M7vsM8_anom_12m,natural_breaks,Absolute Mortality,WUE,High,14,-0.04921,71.4,0.1165,0.3744,ns
M7vsM8_anom_12m,natural_breaks,Absolute Mortality,uWUE,High,14,-0.06427,64.3,0.2256,0.5252,ns
M7vsM8_anom_12m,natural_breaks,Absolute Mortality,ETmax,Mid,32,0.00111,43.8,0.863,0.9118,ns
M7vsM8_anom_12m,natural_breaks,Absolute Mortality,GPPsat,Mid,32,-0.2401,65.6,0.07629,0.2861,ns
M7vsM8_anom_12m,natural_breaks,Absolute Mortality,NEPmax,Mid,32,-0.07227,50,0.09062,0.3137,ns
M7vsM8_anom_12m,natural_breaks,Absolute Mortality,WUE,Mid,32,-0.02839,56.2,0.2189,0.5252,ns
M7vsM8_anom_12m,natural_breaks,Absolute Mortality,uWUE,Mid,32,0.01117,43.8,0.6833,0.7884,ns
M7vsM8_anom_12m,natural_breaks,Absolute Mortality,ETmax,Low,19,8e-04,47.4,0.8174,0.8971,ns
M7vsM8_anom_12m,natural_breaks,Absolute Mortality,GPPsat,Low,19,-0.35087,63.2,0.03666,0.1773,ns
M7vsM8_anom_12m,natural_breaks,Absolute Mortality,NEPmax,Low,19,-0.2535,68.4,0.03666,0.1773,ns
M7vsM8_anom_12m,natural_breaks,Absolute Mortality,WUE,Low,19,-0.02389,57.9,0.4281,0.6215,ns
M7vsM8_anom_12m,natural_breaks,Absolute Mortality,uWUE,Low,19,-0.0028,63.2,0.2533,0.5252,ns
M7vsM8_anom_12m,natural_breaks,Relative Mortality,ETmax,High,23,-0.0017,56.5,0.2766,0.5356,ns
M7vsM8_anom_12m,natural_breaks,Relative Mortality,GPPsat,High,23,-0.03958,56.5,0.2281,0.5252,ns
M7vsM8_anom_12m,natural_breaks,Relative Mortality,NEPmax,High,23,-0.30105,69.6,0.02156,0.1773,ns
M7vsM8_anom_12m,natural_breaks,Relative Mortality,WUE,High,23,-0.06509,69.6,0.0457,0.187,ns
M7vsM8_anom_12m,natural_breaks,Relative Mortality,uWUE,High,23,-0.00891,56.5,0.219,0.5252,ns
M7vsM8_anom_12m,natural_breaks,Relative Mortality,ETmax,Mid,18,0.00209,38.9,0.8712,0.9118,ns
M7vsM8_anom_12m,natural_breaks,Relative Mortality,GPPsat,Mid,18,-0.10922,55.6,0.5,0.692,ns
M7vsM8_anom_12m,natural_breaks,Relative Mortality,NEPmax,Mid,18,-0.12057,50,0.2856,0.5356,ns
M7vsM8_anom_12m,natural_breaks,Relative Mortality,WUE,Mid,18,-0.01723,55.6,0.3006,0.5411,ns
M7vsM8_anom_12m,natural_breaks,Relative Mortality,uWUE,Mid,18,-0.00147,55.6,0.3802,0.6048,ns
M7vsM8_anom_12m,natural_breaks,Relative Mortality,ETmax,Low,24,0.00116,41.7,0.9214,0.9423,ns
M7vsM8_anom_12m,natural_breaks,Relative Mortality,GPPsat,Low,24,-0.37043,66.7,0.004859,0.1093,ns
M7vsM8_anom_12m,natural_breaks,Relative Mortality,NEPmax,Low,24,-0.22743,62.5,0.02689,0.1773,ns
M7vsM8_anom_12m,natural_breaks,Relative Mortality,WUE,Low,24,-0.01377,54.2,0.607,0.7587,ns
M7vsM8_anom_12m,natural_breaks,Relative Mortality,uWUE,Low,24,0.00547,50,0.6288,0.7647,ns
M7vsM8_anom_12m,natural_breaks,Relative Disturbance,ETmax,High,22,-0.00089,54.5,0.3605,0.6048,ns
M7vsM8_anom_12m,natural_breaks,Relative Disturbance,GPPsat,High,22,-0.05874,59.1,0.2085,0.5252,ns
M7vsM8_anom_12m,natural_breaks,Relative Disturbance,NEPmax,High,22,-0.30636,72.7,0.01886,0.1773,ns
M7vsM8_anom_12m,natural_breaks,Relative Disturbance,WUE,High,22,-0.05719,68.2,0.03708,0.1773,ns
M7vsM8_anom_12m,natural_breaks,Relative Disturbance,uWUE,High,22,-0.00834,59.1,0.2375,0.5252,ns
M7vsM8_anom_12m,natural_breaks,Relative Disturbance,ETmax,Mid,20,0.00107,45,0.731,0.8224,ns
M7vsM8_anom_12m,natural_breaks,Relative Disturbance,GPPsat,Mid,20,-0.04549,50,0.5074,0.692,ns
M7vsM8_anom_12m,natural_breaks,Relative Disturbance,NEPmax,Mid,20,0.11399,45,0.3897,0.6048,ns
M7vsM8_anom_12m,natural_breaks,Relative Disturbance,WUE,Mid,20,-0.01723,55,0.2568,0.5252,ns
M7vsM8_anom_12m,natural_breaks,Relative Disturbance,uWUE,Mid,20,0.00324,50,0.4187,0.6215,ns
M7vsM8_anom_12m,natural_breaks,Relative Disturbance,ETmax,Low,23,0.00152,39.1,0.9571,0.9571,ns
M7vsM8_anom_12m,natural_breaks,Relative Disturbance,GPPsat,Low,23,-0.39,69.6,0.003243,0.1093,ns
M7vsM8_anom_12m,natural_breaks,Relative Disturbance,NEPmax,Low,23,-0.2535,65.2,0.01601,0.1773,ns
M7vsM8_anom_12m,natural_breaks,Relative Disturbance,WUE,Low,23,-0.02317,56.5,0.6593,0.7808,ns
M7vsM8_anom_12m,natural_breaks,Relative Disturbance,uWUE,Low,23,-2e-05,52.2,0.5544,0.7338,ns
M7vsM8_anom_24m,tertiles,Absolute Mortality,ETmax,High,22,-0.00119,59.1,0.165,0.3729,ns
M7vsM8_anom_24m,tertiles,Absolute Mortality,GPPsat,High,22,-0.38879,68.2,0.2477,0.4287,ns
M7vsM8_anom_24m,tertiles,Absolute Mortality,NEPmax,High,22,-0.22801,54.5,0.2795,0.4337,ns
M7vsM8_anom_24m,tertiles,Absolute Mortality,WUE,High,22,-0.01512,59.1,0.08135,0.2816,ns
M7vsM8_anom_24m,tertiles,Absolute Mortality,uWUE,High,22,-0.00896,54.5,0.165,0.3729,ns
M7vsM8_anom_24m,tertiles,Absolute Mortality,ETmax,Mid,21,-0.00038,61.9,0.4723,0.5904,ns
M7vsM8_anom_24m,tertiles,Absolute Mortality,GPPsat,Mid,21,-0.35585,61.9,0.174,0.3729,ns
M7vsM8_anom_24m,tertiles,Absolute Mortality,NEPmax,Mid,21,-0.09934,57.1,0.4585,0.5904,ns
M7vsM8_anom_24m,tertiles,Absolute Mortality,WUE,Mid,21,-0.00275,52.4,0.4723,0.5904,ns
M7vsM8_anom_24m,tertiles,Absolute Mortality,uWUE,Mid,21,-0.00864,57.1,0.3011,0.4516,ns
M7vsM8_anom_24m,tertiles,Absolute Mortality,ETmax,Low,22,-0.00056,54.5,0.3365,0.4885,ns
M7vsM8_anom_24m,tertiles,Absolute Mortality,GPPsat,Low,22,-0.12693,68.2,0.03708,0.2384,ns
M7vsM8_anom_24m,tertiles,Absolute Mortality,NEPmax,Low,22,-0.20462,63.6,0.07658,0.2816,ns
M7vsM8_anom_24m,tertiles,Absolute Mortality,WUE,Low,22,-0.0022,54.5,0.6516,0.6767,ns
M7vsM8_anom_24m,tertiles,Absolute Mortality,uWUE,Low,22,-0.03182,77.3,0.01481,0.1787,ns
M7vsM8_anom_24m,tertiles,Relative Mortality,ETmax,High,22,-0.00055,54.5,0.2179,0.4264,ns
M7vsM8_anom_24m,tertiles,Relative Mortality,GPPsat,High,22,-0.38879,68.2,0.1732,0.3729,ns
M7vsM8_anom_24m,tertiles,Relative Mortality,NEPmax,High,22,-0.19714,54.5,0.2687,0.4318,ns
M7vsM8_anom_24m,tertiles,Relative Mortality,WUE,High,22,-0.018,59.1,0.05583,0.2512,ns
M7vsM8_anom_24m,tertiles,Relative Mortality,uWUE,High,22,-0.01065,54.5,0.1732,0.3729,ns
M7vsM8_anom_24m,tertiles,Relative Mortality,ETmax,Mid,21,-0.00043,61.9,0.5961,0.6387,ns
M7vsM8_anom_24m,tertiles,Relative Mortality,GPPsat,Mid,21,-0.14891,61.9,0.2658,0.4318,ns
M7vsM8_anom_24m,tertiles,Relative Mortality,NEPmax,Mid,21,-0.03825,52.4,0.7227,0.7227,ns
M7vsM8_anom_24m,tertiles,Relative Mortality,WUE,Mid,21,-0.00275,52.4,0.5553,0.6387,ns
M7vsM8_anom_24m,tertiles,Relative Mortality,uWUE,Mid,21,-0.02499,61.9,0.1924,0.3936,ns
M7vsM8_anom_24m,tertiles,Relative Mortality,ETmax,Low,22,-0.00171,59.1,0.142,0.3729,ns
M7vsM8_anom_24m,tertiles,Relative Mortality,GPPsat,Low,22,-0.17127,68.2,0.02383,0.1787,ns
M7vsM8_anom_24m,tertiles,Relative Mortality,NEPmax,Low,22,-0.25537,68.2,0.01886,0.1787,ns
M7vsM8_anom_24m,tertiles,Relative Mortality,WUE,Low,22,-0.0022,54.5,0.5772,0.6387,ns
M7vsM8_anom_24m,tertiles,Relative Mortality,uWUE,Low,22,-0.02055,72.7,0.01886,0.1787,ns
M7vsM8_anom_24m,tertiles,Relative Disturbance,ETmax,High,22,-0.00055,54.5,0.2477,0.4287,ns
M7vsM8_anom_24m,tertiles,Relative Disturbance,GPPsat,High,22,-0.38879,68.2,0.1148,0.3691,ns
M7vsM8_anom_24m,tertiles,Relative Disturbance,NEPmax,High,22,-0.13286,54.5,0.3484,0.49,ns
M7vsM8_anom_24m,tertiles,Relative Disturbance,WUE,High,22,-0.018,59.1,0.05583,0.2512,ns
M7vsM8_anom_24m,tertiles,Relative Disturbance,uWUE,High,22,-0.00407,50,0.2276,0.4268,ns
M7vsM8_anom_24m,tertiles,Relative Disturbance,ETmax,Mid,21,-0.00043,57.1,0.6617,0.6767,ns
M7vsM8_anom_24m,tertiles,Relative Disturbance,GPPsat,Mid,21,-0.06271,61.9,0.4723,0.5904,ns
M7vsM8_anom_24m,tertiles,Relative Disturbance,NEPmax,Mid,21,-0.09934,57.1,0.5277,0.6387,ns
M7vsM8_anom_24m,tertiles,Relative Disturbance,WUE,Mid,21,-0.00275,52.4,0.5826,0.6387,ns
M7vsM8_anom_24m,tertiles,Relative Disturbance,uWUE,Mid,21,-0.02499,76.2,0.02379,0.1787,ns
M7vsM8_anom_24m,tertiles,Relative Disturbance,ETmax,Low,22,-0.00181,63.6,0.06352,0.2599,ns
M7vsM8_anom_24m,tertiles,Relative Disturbance,GPPsat,Low,22,-0.28474,68.2,0.008894,0.1787,ns
M7vsM8_anom_24m,tertiles,Relative Disturbance,NEPmax,Low,22,-0.20462,63.6,0.04569,0.2512,ns
M7vsM8_anom_24m,tertiles,Relative Disturbance,WUE,Low,22,-0.0022,54.5,0.5645,0.6387,ns
M7vsM8_anom_24m,tertiles,Relative Disturbance,uWUE,Low,22,-0.01817,63.6,0.142,0.3729,ns
M7vsM8_anom_24m,equal_width,Absolute Mortality,ETmax,Mid,21,-0.00143,61.9,0.09329,0.3392,ns
M7vsM8_anom_24m,equal_width,Absolute Mortality,GPPsat,Mid,21,-0.46527,66.7,0.1652,0.4405,ns
M7vsM8_anom_24m,equal_width,Absolute Mortality,NEPmax,Mid,21,-0.15226,57.1,0.3383,0.485,ns
M7vsM8_anom_24m,equal_width,Absolute Mortality,WUE,Mid,21,-0.01262,61.9,0.0589,0.2618,ns
M7vsM8_anom_24m,equal_width,Absolute Mortality,uWUE,Mid,21,-0.00526,52.4,0.2545,0.4627,ns
M7vsM8_anom_24m,equal_width,Absolute Mortality,ETmax,Low,41,-0.00043,58.5,0.3204,0.485,ns
M7vsM8_anom_24m,equal_width,Absolute Mortality,GPPsat,Low,41,-0.16668,65.9,0.02519,0.1679,ns
M7vsM8_anom_24m,equal_width,Absolute Mortality,NEPmax,Low,41,-0.13329,58.5,0.1624,0.4405,ns
M7vsM8_anom_24m,equal_width,Absolute Mortality,WUE,Low,41,-0.00304,53.7,0.5567,0.5709,ns
M7vsM8_anom_24m,equal_width,Absolute Mortality,uWUE,Low,41,-0.02115,68.3,0.02299,0.1679,ns
M7vsM8_anom_24m,equal_width,Absolute Mortality,ETmax,High,3,0.00114,33.3,,,""
M7vsM8_anom_24m,equal_width,Absolute Mortality,GPPsat,High,3,-0.14553,66.7,,,""
M7vsM8_anom_24m,equal_width,Absolute Mortality,NEPmax,High,3,-0.41246,66.7,,,""
M7vsM8_anom_24m,equal_width,Absolute Mortality,WUE,High,3,0.00153,33.3,,,""
M7vsM8_anom_24m,equal_width,Absolute Mortality,uWUE,High,3,-0.07405,66.7,,,""
M7vsM8_anom_24m,equal_width,Relative Mortality,ETmax,Mid,26,-4e-04,57.7,0.3147,0.485,ns
M7vsM8_anom_24m,equal_width,Relative Mortality,GPPsat,Mid,26,-0.38879,61.5,0.1431,0.4405,ns
M7vsM8_anom_24m,equal_width,Relative Mortality,NEPmax,Mid,26,-0.19741,65.4,0.223,0.4627,ns
M7vsM8_anom_24m,equal_width,Relative Mortality,WUE,Mid,26,-0.0012,50,0.5,0.5405,ns
M7vsM8_anom_24m,equal_width,Relative Mortality,uWUE,Mid,26,-0.00695,53.8,0.4195,0.5114,ns
M7vsM8_anom_24m,equal_width,Relative Mortality,ETmax,Low,32,-0.0013,59.4,0.2534,0.4627,ns
M7vsM8_anom_24m,equal_width,Relative Mortality,GPPsat,Low,32,-0.20337,71.9,0.00947,0.1679,ns
M7vsM8_anom_24m,equal_width,Relative Mortality,NEPmax,Low,32,-0.15444,56.2,0.1872,0.4405,ns
M7vsM8_anom_24m,equal_width,Relative Mortality,WUE,Low,32,-0.00315,56.2,0.4222,0.5114,ns
M7vsM8_anom_24m,equal_width,Relative Mortality,uWUE,Low,32,-0.02815,68.8,0.02221,0.1679,ns
M7vsM8_anom_24m,equal_width,Relative Mortality,ETmax,High,7,-0.00166,57.1,0.3999,0.5114,ns
M7vsM8_anom_24m,equal_width,Relative Mortality,GPPsat,High,7,-0.06045,57.1,0.7766,0.7766,ns
M7vsM8_anom_24m,equal_width,Relative Mortality,NEPmax,High,7,0.14344,42.9,0.5337,0.5618,ns
M7vsM8_anom_24m,equal_width,Relative Mortality,WUE,High,7,-0.1389,71.4,0.1763,0.4405,ns
M7vsM8_anom_24m,equal_width,Relative Mortality,uWUE,High,7,-0.07405,71.4,0.03796,0.1898,ns
M7vsM8_anom_24m,equal_width,Relative Disturbance,ETmax,Mid,27,-0.00043,59.3,0.2392,0.4627,ns
M7vsM8_anom_24m,equal_width,Relative Disturbance,GPPsat,Mid,27,-0.14891,55.6,0.4474,0.5114,ns
M7vsM8_anom_24m,equal_width,Relative Disturbance,NEPmax,Mid,27,-0.24256,66.7,0.1594,0.4405,ns
M7vsM8_anom_24m,equal_width,Relative Disturbance,WUE,Mid,27,0.00035,48.1,0.438,0.5114,ns
M7vsM8_anom_24m,equal_width,Relative Disturbance,uWUE,Mid,27,-0.00864,55.6,0.3638,0.485,ns
M7vsM8_anom_24m,equal_width,Relative Disturbance,ETmax,High,9,-0.00166,55.6,0.2768,0.4814,ns
M7vsM8_anom_24m,equal_width,Relative Disturbance,GPPsat,High,9,-0.46527,77.8,0.2035,0.4522,ns
M7vsM8_anom_24m,equal_width,Relative Disturbance,NEPmax,High,9,0.14344,44.4,0.3611,0.485,ns
M7vsM8_anom_24m,equal_width,Relative Disturbance,WUE,High,9,-0.1088,77.8,0.07757,0.3103,ns
M7vsM8_anom_24m,equal_width,Relative Disturbance,uWUE,High,9,-0.05392,66.7,0.03778,0.1898,ns
M7vsM8_anom_24m,equal_width,Relative Disturbance,ETmax,Low,29,-0.001,58.6,0.3486,0.485,ns
M7vsM8_anom_24m,equal_width,Relative Disturbance,GPPsat,Low,29,-0.23088,72.4,0.006066,0.1679,ns
M7vsM8_anom_24m,equal_width,Relative Disturbance,NEPmax,Low,29,-0.13329,55.2,0.2944,0.485,ns
M7vsM8_anom_24m,equal_width,Relative Disturbance,WUE,Low,29,-0.00304,55.2,0.5,0.5405,ns
M7vsM8_anom_24m,equal_width,Relative Disturbance,uWUE,Low,29,-0.02115,69,0.02333,0.1679,ns
M7vsM8_anom_24m,natural_breaks,Absolute Mortality,ETmax,High,14,-0.00195,64.3,0.1429,0.315,ns
M7vsM8_anom_24m,natural_breaks,Absolute Mortality,GPPsat,High,14,-0.35382,71.4,0.45,0.5786,ns
M7vsM8_anom_24m,natural_breaks,Absolute Mortality,NEPmax,High,14,0.21064,42.9,0.4253,0.5629,ns
M7vsM8_anom_24m,natural_breaks,Absolute Mortality,WUE,High,14,-0.03808,64.3,0.07439,0.315,ns
M7vsM8_anom_24m,natural_breaks,Absolute Mortality,uWUE,High,14,-0.03015,57.1,0.1897,0.3841,ns
M7vsM8_anom_24m,natural_breaks,Absolute Mortality,ETmax,Mid,32,-0.00038,56.2,0.5037,0.6009,ns
M7vsM8_anom_24m,natural_breaks,Absolute Mortality,GPPsat,Mid,32,-0.41245,65.6,0.04711,0.315,ns
M7vsM8_anom_24m,natural_breaks,Absolute Mortality,NEPmax,Mid,32,-0.19741,62.5,0.2027,0.3841,ns
M7vsM8_anom_24m,natural_breaks,Absolute Mortality,WUE,Mid,32,0.00087,46.9,0.6562,0.6836,ns
M7vsM8_anom_24m,natural_breaks,Absolute Mortality,uWUE,Mid,32,-0.00753,56.2,0.2134,0.3841,ns
M7vsM8_anom_24m,natural_breaks,Absolute Mortality,ETmax,Low,19,-0.00197,57.9,0.3218,0.4826,ns
M7vsM8_anom_24m,natural_breaks,Absolute Mortality,GPPsat,Low,19,-0.06271,63.2,0.1176,0.315,ns
M7vsM8_anom_24m,natural_breaks,Absolute Mortality,NEPmax,Low,19,-0.1756,63.2,0.1431,0.315,ns
M7vsM8_anom_24m,natural_breaks,Absolute Mortality,WUE,Low,19,-0.00326,63.2,0.3075,0.4771,ns
M7vsM8_anom_24m,natural_breaks,Absolute Mortality,uWUE,Low,19,-0.03516,78.9,0.02548,0.315,ns
M7vsM8_anom_24m,natural_breaks,Relative Mortality,ETmax,High,23,-0.00043,56.5,0.2101,0.3841,ns
M7vsM8_anom_24m,natural_breaks,Relative Mortality,GPPsat,High,23,-0.31232,69.6,0.147,0.315,ns
M7vsM8_anom_24m,natural_breaks,Relative Mortality,NEPmax,High,23,-0.24256,56.5,0.2566,0.4124,ns
M7vsM8_anom_24m,natural_breaks,Relative Mortality,WUE,High,23,-0.01761,56.5,0.07427,0.315,ns
M7vsM8_anom_24m,natural_breaks,Relative Mortality,uWUE,High,23,-0.01266,56.5,0.147,0.315,ns
M7vsM8_anom_24m,natural_breaks,Relative Mortality,ETmax,Mid,18,-0.00029,55.6,0.7432,0.7432,ns
M7vsM8_anom_24m,natural_breaks,Relative Mortality,GPPsat,Mid,18,-0.07595,55.6,0.3969,0.5413,ns
M7vsM8_anom_24m,natural_breaks,Relative Mortality,NEPmax,Mid,18,-0.06879,55.6,0.6198,0.6802,ns
M7vsM8_anom_24m,natural_breaks,Relative Mortality,WUE,Mid,18,-0.0012,50,0.6684,0.6836,ns
M7vsM8_anom_24m,natural_breaks,Relative Mortality,uWUE,Mid,18,-0.03142,66.7,0.1033,0.315,ns
M7vsM8_anom_24m,natural_breaks,Relative Mortality,ETmax,Low,24,-0.00187,62.5,0.08292,0.315,ns
M7vsM8_anom_24m,natural_breaks,Relative Mortality,GPPsat,Low,24,-0.20337,70.8,0.009208,0.2072,ns
M7vsM8_anom_24m,natural_breaks,Relative Mortality,NEPmax,Low,24,-0.20462,62.5,0.06681,0.315,ns
M7vsM8_anom_24m,natural_breaks,Relative Mortality,WUE,Low,24,-0.00315,58.3,0.3499,0.492,ns
M7vsM8_anom_24m,natural_breaks,Relative Mortality,uWUE,Low,24,-0.01817,66.7,0.08737,0.315,ns
M7vsM8_anom_24m,natural_breaks,Relative Disturbance,ETmax,High,22,-0.00055,54.5,0.2477,0.4124,ns
M7vsM8_anom_24m,natural_breaks,Relative Disturbance,GPPsat,High,22,-0.38879,68.2,0.1148,0.315,ns
M7vsM8_anom_24m,natural_breaks,Relative Disturbance,NEPmax,High,22,-0.13286,54.5,0.3484,0.492,ns
M7vsM8_anom_24m,natural_breaks,Relative Disturbance,WUE,High,22,-0.018,59.1,0.05583,0.315,ns
M7vsM8_anom_24m,natural_breaks,Relative Disturbance,uWUE,High,22,-0.00407,50,0.2276,0.394,ns
M7vsM8_anom_24m,natural_breaks,Relative Disturbance,ETmax,Mid,20,-0.00054,60,0.5667,0.6539,ns
M7vsM8_anom_24m,natural_breaks,Relative Disturbance,GPPsat,Mid,20,-0.06035,60,0.5074,0.6009,ns
M7vsM8_anom_24m,natural_breaks,Relative Disturbance,NEPmax,Mid,20,-0.06879,55,0.5959,0.6703,ns
M7vsM8_anom_24m,natural_breaks,Relative Disturbance,WUE,Mid,20,-0.0045,55,0.4926,0.6009,ns
M7vsM8_anom_24m,natural_breaks,Relative Disturbance,uWUE,Mid,20,-0.02674,75,0.02969,0.315,ns
M7vsM8_anom_24m,natural_breaks,Relative Disturbance,ETmax,Low,23,-0.00165,60.9,0.1401,0.315,ns
M7vsM8_anom_24m,natural_breaks,Relative Disturbance,GPPsat,Low,23,-0.23088,69.6,0.00848,0.2072,ns
M7vsM8_anom_24m,natural_breaks,Relative Disturbance,NEPmax,Low,23,-0.23364,65.2,0.03517,0.315,ns
M7vsM8_anom_24m,natural_breaks,Relative Disturbance,WUE,Low,23,-0.00136,52.2,0.6367,0.6822,ns
M7vsM8_anom_24m,natural_breaks,Relative Disturbance,uWUE,Low,23,-0.01995,65.2,0.1208,0.315,ns
