unit,method,metric,response,category,n,median_dRMSE,pct_sites_improved,p_onesided_wilcoxon,q_BH,sig
M1vsM2_12m,tertiles,Absolute Mortality,ETmax,High,37,-2e-05,51.4,0.1787,0.2298,ns
M1vsM2_12m,tertiles,Absolute Mortality,GPPsat,High,37,-0.80601,73,0.005393,0.02206,*
M1vsM2_12m,tertiles,Absolute Mortality,NEPmax,High,37,-1.29913,62.2,0.002883,0.01442,*
M1vsM2_12m,tertiles,Absolute Mortality,WUE,High,37,-0.05715,62.2,0.08969,0.1382,ns
M1vsM2_12m,tertiles,Absolute Mortality,uWUE,High,37,0.00788,45.9,0.44,0.4715,ns
M1vsM2_12m,tertiles,Absolute Mortality,ETmax,Mid,37,-0.00274,56.8,0.0803,0.1376,ns
M1vsM2_12m,tertiles,Absolute Mortality,GPPsat,Mid,37,-1.20483,75.7,0.008571,0.02724,*
M1vsM2_12m,tertiles,Absolute Mortality,NEPmax,Mid,37,-0.82946,64.9,0.04851,0.09922,ns
M1vsM2_12m,tertiles,Absolute Mortality,WUE,Mid,37,-0.01671,56.8,0.1748,0.2298,ns
M1vsM2_12m,tertiles,Absolute Mortality,uWUE,Mid,37,0.02665,43.2,0.3254,0.3584,ns
M1vsM2_12m,tertiles,Absolute Mortality,ETmax,Low,38,-0.0028,55.3,0.09107,0.1382,ns
M1vsM2_12m,tertiles,Absolute Mortality,GPPsat,Low,38,-0.91863,73.7,0.001698,0.01442,*
M1vsM2_12m,tertiles,Absolute Mortality,NEPmax,Low,38,-1.16644,71.1,0.002238,0.01442,*
M1vsM2_12m,tertiles,Absolute Mortality,WUE,Low,38,-0.0799,60.5,0.09591,0.1392,ns
M1vsM2_12m,tertiles,Absolute Mortality,uWUE,Low,38,-0.04223,68.4,0.03607,0.07728,ns
M1vsM2_12m,tertiles,Relative Mortality,ETmax,High,37,-0.00274,59.5,0.08258,0.1376,ns
M1vsM2_12m,tertiles,Relative Mortality,GPPsat,High,37,-0.93741,73,0.002883,0.01442,*
M1vsM2_12m,tertiles,Relative Mortality,NEPmax,High,37,-1.14574,64.9,0.001408,0.01442,*
M1vsM2_12m,tertiles,Relative Mortality,WUE,High,37,-0.03375,51.4,0.08258,0.1376,ns
M1vsM2_12m,tertiles,Relative Mortality,uWUE,High,37,0.00788,45.9,0.2884,0.3415,ns
M1vsM2_12m,tertiles,Relative Mortality,ETmax,Mid,37,-2e-05,51.4,0.09216,0.1382,ns
M1vsM2_12m,tertiles,Relative Mortality,GPPsat,Mid,37,-1.52352,78.4,0.002753,0.01442,*
M1vsM2_12m,tertiles,Relative Mortality,NEPmax,Mid,37,-1.22861,64.9,0.009684,0.02724,*
M1vsM2_12m,tertiles,Relative Mortality,WUE,Mid,37,-0.07644,73,0.008571,0.02724,*
M1vsM2_12m,tertiles,Relative Mortality,uWUE,Mid,37,-0.08125,67.6,0.0167,0.04176,*
M1vsM2_12m,tertiles,Relative Mortality,ETmax,Low,38,-0.0028,52.6,0.2298,0.2872,ns
M1vsM2_12m,tertiles,Relative Mortality,GPPsat,Low,38,-0.88726,71.1,0.01276,0.03378,*
M1vsM2_12m,tertiles,Relative Mortality,NEPmax,Low,38,-0.89866,68.4,0.01774,0.04202,*
M1vsM2_12m,tertiles,Relative Mortality,WUE,Low,38,-0.01585,55.3,0.7042,0.7202,ns
M1vsM2_12m,tertiles,Relative Mortality,uWUE,Low,38,0.01952,44.7,0.7383,0.7383,ns
M1vsM2_12m,tertiles,Relative Disturbance,ETmax,High,37,-0.00274,59.5,0.07808,0.1376,ns
M1vsM2_12m,tertiles,Relative Disturbance,GPPsat,High,37,-0.8302,70.3,0.004332,0.0195,*
M1vsM2_12m,tertiles,Relative Disturbance,NEPmax,High,37,-1.14574,64.9,0.001886,0.01442,*
M1vsM2_12m,tertiles,Relative Disturbance,WUE,High,37,0.01875,48.6,0.1787,0.2298,ns
M1vsM2_12m,tertiles,Relative Disturbance,uWUE,High,37,0.00788,45.9,0.2731,0.3322,ns
M1vsM2_12m,tertiles,Relative Disturbance,ETmax,Mid,37,-0.00663,62.2,0.008929,0.02724,*
M1vsM2_12m,tertiles,Relative Disturbance,GPPsat,Mid,37,-1.48525,81.1,0.0009425,0.01442,*
M1vsM2_12m,tertiles,Relative Disturbance,NEPmax,Mid,37,-1.49759,70.3,0.001713,0.01442,*
M1vsM2_12m,tertiles,Relative Disturbance,WUE,Mid,37,-0.0681,70.3,0.0093,0.02724,*
M1vsM2_12m,tertiles,Relative Disturbance,uWUE,Mid,37,-0.03081,59.5,0.09986,0.1404,ns
M1vsM2_12m,tertiles,Relative Disturbance,ETmax,Low,38,0.00176,42.1,0.603,0.631,ns
M1vsM2_12m,tertiles,Relative Disturbance,GPPsat,Low,38,-0.56226,71.1,0.01973,0.0444,*
M1vsM2_12m,tertiles,Relative Disturbance,NEPmax,Low,38,-0.55627,63.2,0.07763,0.1376,ns
M1vsM2_12m,tertiles,Relative Disturbance,WUE,Low,38,-0.04149,60.5,0.3265,0.3584,ns
M1vsM2_12m,tertiles,Relative Disturbance,uWUE,Low,38,-0.01051,52.6,0.3059,0.3529,ns
M1vsM2_12m,equal_width,Absolute Mortality,ETmax,Mid,52,-0.00043,53.8,0.09719,0.162,ns
M1vsM2_12m,equal_width,Absolute Mortality,GPPsat,Mid,52,-0.99345,73.1,0.009748,0.04027,*
M1vsM2_12m,equal_width,Absolute Mortality,NEPmax,Mid,52,-0.77037,59.6,0.0121,0.04188,*
M1vsM2_12m,equal_width,Absolute Mortality,WUE,Mid,52,-0.05825,65.4,0.01074,0.04027,*
M1vsM2_12m,equal_width,Absolute Mortality,uWUE,Mid,52,-0.01235,51.9,0.1464,0.2059,ns
M1vsM2_12m,equal_width,Absolute Mortality,ETmax,Low,54,-0.00311,55.6,0.03806,0.1026,ns
M1vsM2_12m,equal_width,Absolute Mortality,GPPsat,Low,54,-1.20577,77.8,1.859e-05,0.0008367,***
M1vsM2_12m,equal_width,Absolute Mortality,NEPmax,Low,54,-1.16644,74.1,0.0001706,0.003838,**
M1vsM2_12m,equal_width,Absolute Mortality,WUE,Low,54,-0.04653,57.4,0.2482,0.3191,ns
M1vsM2_12m,equal_width,Absolute Mortality,uWUE,Low,54,-0.01704,55.6,0.1653,0.2254,ns
M1vsM2_12m,equal_width,Absolute Mortality,ETmax,High,6,-9e-05,50,0.5,0.5357,ns
M1vsM2_12m,equal_width,Absolute Mortality,GPPsat,High,6,-0.18108,50,0.5,0.5357,ns
M1vsM2_12m,equal_width,Absolute Mortality,NEPmax,High,6,-0.33952,50,0.2647,0.3289,ns
M1vsM2_12m,equal_width,Absolute Mortality,WUE,High,6,0.07039,33.3,0.7353,0.7353,ns
M1vsM2_12m,equal_width,Absolute Mortality,uWUE,High,6,0.04805,33.3,0.583,0.5963,ns
M1vsM2_12m,equal_width,Relative Mortality,ETmax,Mid,34,-0.00279,58.8,0.04862,0.115,ns
M1vsM2_12m,equal_width,Relative Mortality,GPPsat,Mid,34,-1.15948,73.5,0.002957,0.01655,*
M1vsM2_12m,equal_width,Relative Mortality,NEPmax,Mid,34,-1.2656,67.6,0.0007365,0.006212,**
M1vsM2_12m,equal_width,Relative Mortality,WUE,Mid,34,-0.01496,50,0.2108,0.279,ns
M1vsM2_12m,equal_width,Relative Mortality,uWUE,Mid,34,0.01376,44.1,0.5,0.5357,ns
M1vsM2_12m,equal_width,Relative Mortality,ETmax,High,8,-0.003,62.5,0.3631,0.419,ns
M1vsM2_12m,equal_width,Relative Mortality,GPPsat,High,8,-0.88224,75,0.09172,0.1587,ns
M1vsM2_12m,equal_width,Relative Mortality,NEPmax,High,8,-0.84124,62.5,0.09172,0.1587,ns
M1vsM2_12m,equal_width,Relative Mortality,WUE,High,8,-0.29287,62.5,0.05366,0.115,ns
M1vsM2_12m,equal_width,Relative Mortality,uWUE,High,8,-0.16983,62.5,0.117,0.1803,ns
M1vsM2_12m,equal_width,Relative Mortality,ETmax,Low,70,-0.00023,51.4,0.0775,0.1453,ns
M1vsM2_12m,equal_width,Relative Mortality,GPPsat,Low,70,-1.00441,74.3,0.0002835,0.004252,**
M1vsM2_12m,equal_width,Relative Mortality,NEPmax,Low,70,-0.89866,65.7,0.00331,0.01655,*
M1vsM2_12m,equal_width,Relative Mortality,WUE,Low,70,-0.05461,64.3,0.07582,0.1453,ns
M1vsM2_12m,equal_width,Relative Mortality,uWUE,Low,70,-0.02089,55.7,0.1118,0.1796,ns
M1vsM2_12m,equal_width,Relative Disturbance,ETmax,Mid,39,-0.00283,59,0.03876,0.1026,ns
M1vsM2_12m,equal_width,Relative Disturbance,GPPsat,Mid,39,-1.15095,74.4,0.001809,0.01163,*
M1vsM2_12m,equal_width,Relative Disturbance,NEPmax,Mid,39,-1.16979,66.7,0.0006485,0.006212,**
M1vsM2_12m,equal_width,Relative Disturbance,WUE,Mid,39,0.01875,46.2,0.2907,0.3443,ns
M1vsM2_12m,equal_width,Relative Disturbance,uWUE,Mid,39,0.01963,43.6,0.5637,0.59,ns
M1vsM2_12m,equal_width,Relative Disturbance,ETmax,High,10,-0.003,60,0.2704,0.3289,ns
M1vsM2_12m,equal_width,Relative Disturbance,GPPsat,High,10,-1.09263,80,0.04157,0.1039,ns
M1vsM2_12m,equal_width,Relative Disturbance,NEPmax,High,10,-2.46,70,0.02639,0.07918,ns
M1vsM2_12m,equal_width,Relative Disturbance,WUE,High,10,-0.29287,70,0.02075,0.06668,ns
M1vsM2_12m,equal_width,Relative Disturbance,uWUE,High,10,-0.25778,70,0.05146,0.115,ns
M1vsM2_12m,equal_width,Relative Disturbance,ETmax,Low,63,-2e-05,50.8,0.1202,0.1803,ns
M1vsM2_12m,equal_width,Relative Disturbance,GPPsat,Low,63,-0.97705,73,0.0008282,0.006212,**
M1vsM2_12m,equal_width,Relative Disturbance,NEPmax,Low,63,-0.64722,65.1,0.01006,0.04027,*
M1vsM2_12m,equal_width,Relative Disturbance,WUE,Low,63,-0.05715,66.7,0.07099,0.1452,ns
M1vsM2_12m,equal_width,Relative Disturbance,uWUE,Low,63,-0.02079,55.6,0.1451,0.2059,ns
M1vsM2_12m,natural_breaks,Absolute Mortality,ETmax,High,29,-0.00283,58.6,0.1351,0.1899,ns
M1vsM2_12m,natural_breaks,Absolute Mortality,GPPsat,High,29,-1.03013,69,0.0153,0.05295,ns
M1vsM2_12m,natural_breaks,Absolute Mortality,NEPmax,High,29,-1.82763,62.1,0.005039,0.02267,*
M1vsM2_12m,natural_breaks,Absolute Mortality,WUE,High,29,-0.06059,55.2,0.1304,0.1893,ns
M1vsM2_12m,natural_breaks,Absolute Mortality,uWUE,High,29,0.01963,41.4,0.3976,0.426,ns
M1vsM2_12m,natural_breaks,Absolute Mortality,ETmax,Mid,46,-0.00043,52.2,0.0895,0.1492,ns
M1vsM2_12m,natural_breaks,Absolute Mortality,GPPsat,Mid,46,-1.15948,78.3,0.002494,0.01603,*
M1vsM2_12m,natural_breaks,Absolute Mortality,NEPmax,Mid,46,-0.81738,65.2,0.03011,0.07528,ns
M1vsM2_12m,natural_breaks,Absolute Mortality,WUE,Mid,46,-0.03548,60.9,0.1471,0.2006,ns
M1vsM2_12m,natural_breaks,Absolute Mortality,uWUE,Mid,46,0.01451,47.8,0.3882,0.426,ns
M1vsM2_12m,natural_breaks,Absolute Mortality,ETmax,Low,37,-0.00213,54.1,0.1109,0.172,ns
M1vsM2_12m,natural_breaks,Absolute Mortality,GPPsat,Low,37,-0.93741,73,0.001886,0.01415,*
M1vsM2_12m,natural_breaks,Absolute Mortality,NEPmax,Low,37,-1.16979,70.3,0.002883,0.01622,*
M1vsM2_12m,natural_breaks,Absolute Mortality,WUE,Low,37,-0.07992,62.2,0.06765,0.1218,ns
M1vsM2_12m,natural_breaks,Absolute Mortality,uWUE,Low,37,-0.04553,67.6,0.03877,0.08539,ns
M1vsM2_12m,natural_breaks,Relative Mortality,ETmax,Mid,45,-0.00357,57.8,0.01692,0.05437,ns
M1vsM2_12m,natural_breaks,Relative Mortality,GPPsat,Mid,45,-1.48525,82.2,0.0002648,0.00604,**
M1vsM2_12m,natural_breaks,Relative Mortality,NEPmax,Mid,45,-1.36811,66.7,0.001442,0.01415,*
M1vsM2_12m,natural_breaks,Relative Mortality,WUE,Mid,45,-0.05971,62.2,0.04208,0.08608,ns
M1vsM2_12m,natural_breaks,Relative Mortality,uWUE,Mid,45,-0.02579,55.6,0.1773,0.2217,ns
M1vsM2_12m,natural_breaks,Relative Mortality,ETmax,High,26,-0.00126,57.7,0.2155,0.2621,ns
M1vsM2_12m,natural_breaks,Relative Mortality,GPPsat,High,26,-0.71735,69.2,0.02109,0.0593,ns
M1vsM2_12m,natural_breaks,Relative Mortality,NEPmax,High,26,-0.88418,65.4,0.006405,0.0262,*
M1vsM2_12m,natural_breaks,Relative Mortality,WUE,High,26,-0.05904,57.7,0.03985,0.08539,ns
M1vsM2_12m,natural_breaks,Relative Mortality,uWUE,High,26,-0.02646,57.7,0.04938,0.09259,ns
M1vsM2_12m,natural_breaks,Relative Mortality,ETmax,Low,41,0.00083,48.8,0.2799,0.3315,ns
M1vsM2_12m,natural_breaks,Relative Mortality,GPPsat,Low,41,-0.8302,68.3,0.01907,0.05721,ns
M1vsM2_12m,natural_breaks,Relative Mortality,NEPmax,Low,41,-0.80531,65.9,0.02925,0.07528,ns
M1vsM2_12m,natural_breaks,Relative Mortality,WUE,Low,41,-0.03706,58.5,0.4897,0.5124,ns
M1vsM2_12m,natural_breaks,Relative Mortality,uWUE,Low,41,0.01528,46.3,0.6221,0.6221,ns
M1vsM2_12m,natural_breaks,Relative Disturbance,ETmax,Mid,49,-0.00663,61.2,0.003727,0.01864,*
M1vsM2_12m,natural_breaks,Relative Disturbance,GPPsat,Mid,49,-1.32223,77.6,0.0002684,0.00604,**
M1vsM2_12m,natural_breaks,Relative Disturbance,NEPmax,Mid,49,-1.36811,67.3,0.0007038,0.01056,*
M1vsM2_12m,natural_breaks,Relative Disturbance,WUE,Mid,49,-0.05715,61.2,0.04637,0.09073,ns
M1vsM2_12m,natural_breaks,Relative Disturbance,uWUE,Mid,49,-0.02099,53.1,0.1723,0.2217,ns
M1vsM2_12m,natural_breaks,Relative Disturbance,ETmax,High,24,-0.00221,62.5,0.1766,0.2217,ns
M1vsM2_12m,natural_breaks,Relative Disturbance,GPPsat,High,24,-1.07832,75,0.008523,0.03196,*
M1vsM2_12m,natural_breaks,Relative Disturbance,NEPmax,High,24,-1.22244,70.8,0.001703,0.01415,*
M1vsM2_12m,natural_breaks,Relative Disturbance,WUE,High,24,-0.05369,54.2,0.08292,0.1435,ns
M1vsM2_12m,natural_breaks,Relative Disturbance,uWUE,High,24,-0.01317,54.2,0.1179,0.1768,ns
M1vsM2_12m,natural_breaks,Relative Disturbance,ETmax,Low,39,0.00153,41,0.6179,0.6221,ns
M1vsM2_12m,natural_breaks,Relative Disturbance,GPPsat,Low,39,-0.49879,69.2,0.03223,0.07633,ns
M1vsM2_12m,natural_breaks,Relative Disturbance,NEPmax,Low,39,-0.53529,61.5,0.1084,0.172,ns
M1vsM2_12m,natural_breaks,Relative Disturbance,WUE,Low,39,-0.04201,61.5,0.3053,0.3522,ns
M1vsM2_12m,natural_breaks,Relative Disturbance,uWUE,Low,39,-0.00702,51.3,0.3821,0.426,ns
M1vsM2_24m,tertiles,Absolute Mortality,ETmax,High,37,-0.00125,62.2,0.06964,0.1205,ns
M1vsM2_24m,tertiles,Absolute Mortality,GPPsat,High,37,-0.46465,62.2,0.01008,0.03025,*
M1vsM2_24m,tertiles,Absolute Mortality,NEPmax,High,37,-1.01097,56.8,0.003623,0.01811,*
M1vsM2_24m,tertiles,Absolute Mortality,WUE,High,37,-0.08418,56.8,0.09216,0.1481,ns
M1vsM2_24m,tertiles,Absolute Mortality,uWUE,High,37,0.00323,48.6,0.393,0.4313,ns
M1vsM2_24m,tertiles,Absolute Mortality,ETmax,Mid,37,-0.00014,51.4,0.4046,0.4335,ns
M1vsM2_24m,tertiles,Absolute Mortality,GPPsat,Mid,37,-1.17534,75.7,0.004944,0.02022,*
M1vsM2_24m,tertiles,Absolute Mortality,NEPmax,Mid,37,-0.803,62.2,0.04273,0.09614,ns
M1vsM2_24m,tertiles,Absolute Mortality,WUE,Mid,37,0.01637,48.6,0.2391,0.2832,ns
M1vsM2_24m,tertiles,Absolute Mortality,uWUE,Mid,37,-0.01908,54.1,0.1949,0.256,ns
M1vsM2_24m,tertiles,Absolute Mortality,ETmax,Low,38,-0.00096,57.9,0.09107,0.1481,ns
M1vsM2_24m,tertiles,Absolute Mortality,GPPsat,Low,38,-0.74052,68.4,0.001698,0.01633,*
M1vsM2_24m,tertiles,Absolute Mortality,NEPmax,Low,38,-0.96493,73.7,0.004522,0.02022,*
M1vsM2_24m,tertiles,Absolute Mortality,WUE,Low,38,-0.07505,68.4,0.06036,0.1181,ns
M1vsM2_24m,tertiles,Absolute Mortality,uWUE,Low,38,-0.0566,65.8,0.04487,0.09615,ns
M1vsM2_24m,tertiles,Relative Mortality,ETmax,High,37,-4e-04,56.8,0.2345,0.2832,ns
M1vsM2_24m,tertiles,Relative Mortality,GPPsat,High,37,-0.95006,67.6,0.001154,0.01633,*
M1vsM2_24m,tertiles,Relative Mortality,NEPmax,High,37,-1.07039,62.2,0.001631,0.01633,*
M1vsM2_24m,tertiles,Relative Mortality,WUE,High,37,-0.05719,56.8,0.06011,0.1181,ns
M1vsM2_24m,tertiles,Relative Mortality,uWUE,High,37,-0.02335,51.4,0.1109,0.1569,ns
M1vsM2_24m,tertiles,Relative Mortality,ETmax,Mid,37,-0.00123,59.5,0.0657,0.1205,ns
M1vsM2_24m,tertiles,Relative Mortality,GPPsat,Mid,37,-0.62962,67.6,0.01136,0.03196,*
M1vsM2_24m,tertiles,Relative Mortality,NEPmax,Mid,37,-1.45625,64.9,0.007263,0.02724,*
M1vsM2_24m,tertiles,Relative Mortality,WUE,Mid,37,-0.10624,67.6,0.01609,0.04022,*
M1vsM2_24m,tertiles,Relative Mortality,uWUE,Mid,37,-0.06214,64.9,0.06765,0.1205,ns
M1vsM2_24m,tertiles,Relative Mortality,ETmax,Low,38,-0.00109,55.3,0.2254,0.2817,ns
M1vsM2_24m,tertiles,Relative Mortality,GPPsat,Low,38,-0.82588,71.1,0.003345,0.01811,*
M1vsM2_24m,tertiles,Relative Mortality,NEPmax,Low,38,-0.60547,65.8,0.03607,0.08542,ns
M1vsM2_24m,tertiles,Relative Mortality,WUE,Low,38,-0.00202,50,0.6086,0.6086,ns
M1vsM2_24m,tertiles,Relative Mortality,uWUE,Low,38,-0.01612,52.6,0.4942,0.5172,ns
M1vsM2_24m,tertiles,Relative Disturbance,ETmax,High,37,-0.00027,54.1,0.1991,0.256,ns
M1vsM2_24m,tertiles,Relative Disturbance,GPPsat,High,37,-0.93663,67.6,0.001979,0.01633,*
M1vsM2_24m,tertiles,Relative Disturbance,NEPmax,High,37,-1.07039,62.2,0.003308,0.01811,*
M1vsM2_24m,tertiles,Relative Disturbance,WUE,High,37,-0.0233,51.4,0.1109,0.1569,ns
M1vsM2_24m,tertiles,Relative Disturbance,uWUE,High,37,-0.02335,51.4,0.1025,0.1569,ns
M1vsM2_24m,tertiles,Relative Disturbance,ETmax,Mid,37,-0.00187,70.3,0.008929,0.03025,*
M1vsM2_24m,tertiles,Relative Disturbance,GPPsat,Mid,37,-1.22778,70.3,0.002177,0.01633,*
M1vsM2_24m,tertiles,Relative Disturbance,NEPmax,Mid,37,-1.63005,73,0.0008955,0.01633,*
M1vsM2_24m,tertiles,Relative Disturbance,WUE,Mid,37,-0.07584,70.3,0.01549,0.04022,*
M1vsM2_24m,tertiles,Relative Disturbance,uWUE,Mid,37,-0.01908,56.8,0.353,0.3972,ns
M1vsM2_24m,tertiles,Relative Disturbance,ETmax,Low,38,0.00075,47.4,0.5861,0.5994,ns
M1vsM2_24m,tertiles,Relative Disturbance,GPPsat,Low,38,-0.68585,68.4,0.009775,0.03025,*
M1vsM2_24m,tertiles,Relative Disturbance,NEPmax,Low,38,-0.30122,57.9,0.1516,0.2067,ns
M1vsM2_24m,tertiles,Relative Disturbance,WUE,Low,38,-0.04014,52.6,0.3423,0.395,ns
M1vsM2_24m,tertiles,Relative Disturbance,uWUE,Low,38,-0.02947,60.5,0.1116,0.1569,ns
M1vsM2_24m,equal_width,Absolute Mortality,ETmax,Mid,52,-0.00123,53.8,0.1972,0.2536,ns
M1vsM2_24m,equal_width,Absolute Mortality,GPPsat,Mid,52,-0.85871,65.4,0.006708,0.03019,*
M1vsM2_24m,equal_width,Absolute Mortality,NEPmax,Mid,52,-0.65313,55.8,0.01673,0.06059,ns
M1vsM2_24m,equal_width,Absolute Mortality,WUE,Mid,52,-0.0845,59.6,0.0175,0.06059,ns
M1vsM2_24m,equal_width,Absolute Mortality,uWUE,Mid,52,-0.01725,53.8,0.1571,0.2333,ns
M1vsM2_24m,equal_width,Absolute Mortality,ETmax,Low,54,-0.0012,59.3,0.04574,0.1144,ns
M1vsM2_24m,equal_width,Absolute Mortality,GPPsat,Low,54,-0.91874,75.9,1.227e-05,0.0005521,***
M1vsM2_24m,equal_width,Absolute Mortality,NEPmax,Low,54,-1.07459,74.1,0.0002521,0.005013,**
M1vsM2_24m,equal_width,Absolute Mortality,WUE,Low,54,-0.05677,57.4,0.1876,0.2483,ns
M1vsM2_24m,equal_width,Absolute Mortality,uWUE,Low,54,-0.02947,59.3,0.09826,0.1704,ns
M1vsM2_24m,equal_width,Absolute Mortality,ETmax,High,6,-0.00021,66.7,0.5,0.5233,ns
M1vsM2_24m,equal_width,Absolute Mortality,GPPsat,High,6,0.23023,33.3,0.6625,0.6625,ns
M1vsM2_24m,equal_width,Absolute Mortality,NEPmax,High,6,-0.40935,50,0.2647,0.3091,ns
M1vsM2_24m,equal_width,Absolute Mortality,WUE,High,6,0.01894,50,0.6625,0.6625,ns
M1vsM2_24m,equal_width,Absolute Mortality,uWUE,High,6,-0.03437,50,0.417,0.4468,ns
M1vsM2_24m,equal_width,Relative Mortality,ETmax,Mid,34,-0.00044,58.8,0.1607,0.2333,ns
M1vsM2_24m,equal_width,Relative Mortality,GPPsat,Mid,34,-1.12061,70.6,0.000878,0.006585,**
M1vsM2_24m,equal_width,Relative Mortality,NEPmax,Mid,34,-1.21887,67.6,0.0003342,0.005013,**
M1vsM2_24m,equal_width,Relative Mortality,WUE,Mid,34,-0.04025,55.9,0.1735,0.244,ns
M1vsM2_24m,equal_width,Relative Mortality,uWUE,Mid,34,-0.01006,50,0.2748,0.3091,ns
M1vsM2_24m,equal_width,Relative Mortality,ETmax,High,8,-0.00253,62.5,0.2643,0.3091,ns
M1vsM2_24m,equal_width,Relative Mortality,GPPsat,High,8,-1.43907,62.5,0.09172,0.1704,ns
M1vsM2_24m,equal_width,Relative Mortality,NEPmax,High,8,-0.77742,62.5,0.1468,0.2333,ns
M1vsM2_24m,equal_width,Relative Mortality,WUE,High,8,-0.281,62.5,0.05366,0.1271,ns
M1vsM2_24m,equal_width,Relative Mortality,uWUE,High,8,-0.23841,62.5,0.07074,0.1516,ns
M1vsM2_24m,equal_width,Relative Mortality,ETmax,Low,70,-0.00096,55.7,0.09795,0.1704,ns
M1vsM2_24m,equal_width,Relative Mortality,GPPsat,Low,70,-0.68591,68.6,0.0006706,0.006036,**
M1vsM2_24m,equal_width,Relative Mortality,NEPmax,Low,70,-0.72207,62.9,0.006229,0.03019,*
M1vsM2_24m,equal_width,Relative Mortality,WUE,Low,70,-0.06012,58.6,0.09202,0.1704,ns
M1vsM2_24m,equal_width,Relative Mortality,uWUE,Low,70,-0.02782,58.6,0.1293,0.2156,ns
M1vsM2_24m,equal_width,Relative Disturbance,ETmax,Mid,39,-0.00049,59,0.06861,0.1516,ns
M1vsM2_24m,equal_width,Relative Disturbance,GPPsat,Mid,39,-1.06589,69.2,0.001147,0.00705,**
M1vsM2_24m,equal_width,Relative Disturbance,NEPmax,Mid,39,-1.10144,66.7,0.0004828,0.005432,**
M1vsM2_24m,equal_width,Relative Disturbance,WUE,Mid,39,-0.0233,53.8,0.2537,0.3091,ns
M1vsM2_24m,equal_width,Relative Disturbance,uWUE,Mid,39,0.00323,48.7,0.3251,0.3568,ns
M1vsM2_24m,equal_width,Relative Disturbance,ETmax,High,10,-0.00223,60,0.2704,0.3091,ns
M1vsM2_24m,equal_width,Relative Disturbance,GPPsat,High,10,-1.84011,70,0.04157,0.11,ns
M1vsM2_24m,equal_width,Relative Disturbance,NEPmax,High,10,-1.22935,70,0.04157,0.11,ns
M1vsM2_24m,equal_width,Relative Disturbance,WUE,High,10,-0.281,70,0.02075,0.06668,ns
M1vsM2_24m,equal_width,Relative Disturbance,uWUE,High,10,-0.31607,70,0.02639,0.07918,ns
M1vsM2_24m,equal_width,Relative Disturbance,ETmax,Low,63,-0.00074,55.6,0.1804,0.246,ns
M1vsM2_24m,equal_width,Relative Disturbance,GPPsat,Low,63,-0.62962,68.3,0.001253,0.00705,**
M1vsM2_24m,equal_width,Relative Disturbance,NEPmax,Low,63,-0.64113,61.9,0.01487,0.06059,ns
M1vsM2_24m,equal_width,Relative Disturbance,WUE,Low,63,-0.06037,58.7,0.09844,0.1704,ns
M1vsM2_24m,equal_width,Relative Disturbance,uWUE,Low,63,-0.02657,58.7,0.1596,0.2333,ns
M1vsM2_24m,natural_breaks,Absolute Mortality,ETmax,High,29,-0.00125,62.1,0.09358,0.1504,ns
M1vsM2_24m,natural_breaks,Absolute Mortality,GPPsat,High,29,-0.46465,58.6,0.02582,0.06116,ns
M1vsM2_24m,natural_breaks,Absolute Mortality,NEPmax,High,29,-1.07849,58.6,0.005362,0.02343,*
M1vsM2_24m,natural_breaks,Absolute Mortality,WUE,High,29,-0.08418,55.2,0.1351,0.2026,ns
M1vsM2_24m,natural_breaks,Absolute Mortality,uWUE,High,29,0.00323,48.3,0.3327,0.3652,ns
M1vsM2_24m,natural_breaks,Absolute Mortality,ETmax,Mid,46,-0.00095,54.3,0.2596,0.3245,ns
M1vsM2_24m,natural_breaks,Absolute Mortality,GPPsat,Mid,46,-1.00797,76.1,0.001481,0.01333,*
M1vsM2_24m,natural_breaks,Absolute Mortality,NEPmax,Mid,46,-0.55817,60.9,0.02338,0.05846,ns
M1vsM2_24m,natural_breaks,Absolute Mortality,WUE,Mid,46,4e-04,50,0.2354,0.3027,ns
M1vsM2_24m,natural_breaks,Absolute Mortality,uWUE,Mid,46,-0.02121,54.3,0.2288,0.3027,ns
M1vsM2_24m,natural_breaks,Absolute Mortality,ETmax,Low,37,-0.00074,56.8,0.1167,0.181,ns
M1vsM2_24m,natural_breaks,Absolute Mortality,GPPsat,Low,37,-0.62962,67.6,0.002283,0.01712,*
M1vsM2_24m,natural_breaks,Absolute Mortality,NEPmax,Low,37,-1.03052,73,0.004944,0.02343,*
M1vsM2_24m,natural_breaks,Absolute Mortality,WUE,Low,37,-0.08684,70.3,0.03397,0.07643,ns
M1vsM2_24m,natural_breaks,Absolute Mortality,uWUE,Low,37,-0.05939,64.9,0.04851,0.09095,ns
M1vsM2_24m,natural_breaks,Relative Mortality,ETmax,Mid,45,-0.00123,60,0.05965,0.1074,ns
M1vsM2_24m,natural_breaks,Relative Mortality,GPPsat,Mid,45,-0.95006,71.1,0.001339,0.01333,*
M1vsM2_24m,natural_breaks,Relative Mortality,NEPmax,Mid,45,-1.47835,66.7,0.00129,0.01333,*
M1vsM2_24m,natural_breaks,Relative Mortality,WUE,Mid,45,-0.06326,60,0.08424,0.1404,ns
M1vsM2_24m,natural_breaks,Relative Mortality,uWUE,Mid,45,-0.01908,55.6,0.3299,0.3652,ns
M1vsM2_24m,natural_breaks,Relative Mortality,ETmax,High,26,-0.00021,53.8,0.2882,0.3505,ns
M1vsM2_24m,natural_breaks,Relative Mortality,GPPsat,High,26,-0.85871,65.4,0.00738,0.02555,*
M1vsM2_24m,natural_breaks,Relative Mortality,NEPmax,High,26,-1.04068,61.5,0.00973,0.03127,*
M1vsM2_24m,natural_breaks,Relative Mortality,WUE,High,26,-0.12151,61.5,0.01751,0.04636,*
M1vsM2_24m,natural_breaks,Relative Mortality,uWUE,High,26,-0.10651,61.5,0.01447,0.04342,*
M1vsM2_24m,natural_breaks,Relative Mortality,ETmax,Low,41,-0.00074,56.1,0.2035,0.2825,ns
M1vsM2_24m,natural_breaks,Relative Mortality,GPPsat,Low,41,-0.80036,68.3,0.005148,0.02343,*
M1vsM2_24m,natural_breaks,Relative Mortality,NEPmax,Low,41,-0.59828,63.4,0.04603,0.09007,ns
M1vsM2_24m,natural_breaks,Relative Mortality,WUE,Low,41,-0.03552,53.7,0.4128,0.4222,ns
M1vsM2_24m,natural_breaks,Relative Mortality,uWUE,Low,41,-0.01682,53.7,0.3584,0.375,ns
M1vsM2_24m,natural_breaks,Relative Disturbance,ETmax,Mid,49,-0.00177,67.3,0.006627,0.02485,*
M1vsM2_24m,natural_breaks,Relative Disturbance,GPPsat,Mid,49,-1.07642,71.4,0.0005143,0.01157,*
M1vsM2_24m,natural_breaks,Relative Disturbance,NEPmax,Mid,49,-1.45625,69.4,0.0002785,0.01157,*
M1vsM2_24m,natural_breaks,Relative Disturbance,WUE,Mid,49,-0.06326,61.2,0.07184,0.1243,ns
M1vsM2_24m,natural_breaks,Relative Disturbance,uWUE,Mid,49,-0.01461,53.1,0.3564,0.375,ns
M1vsM2_24m,natural_breaks,Relative Disturbance,ETmax,High,24,2e-05,50,0.3289,0.3652,ns
M1vsM2_24m,natural_breaks,Relative Disturbance,GPPsat,High,24,-0.94335,66.7,0.005726,0.02343,*
M1vsM2_24m,natural_breaks,Relative Disturbance,NEPmax,High,24,-1.20739,66.7,0.003776,0.02343,*
M1vsM2_24m,natural_breaks,Relative Disturbance,WUE,High,24,-0.0793,58.3,0.03707,0.07944,ns
M1vsM2_24m,natural_breaks,Relative Disturbance,uWUE,High,24,-0.09051,58.3,0.04194,0.08579,ns
M1vsM2_24m,natural_breaks,Relative Disturbance,ETmax,Low,39,0.00048,48.7,0.5747,0.5747,ns
M1vsM2_24m,natural_breaks,Relative Disturbance,GPPsat,Low,39,-0.62949,66.7,0.01609,0.04526,*
M1vsM2_24m,natural_breaks,Relative Disturbance,NEPmax,Low,39,-0.14507,56.4,0.2071,0.2825,ns
M1vsM2_24m,natural_breaks,Relative Disturbance,WUE,Low,39,-0.03046,53.8,0.3201,0.3652,ns
M1vsM2_24m,natural_breaks,Relative Disturbance,uWUE,Low,39,-0.02906,59,0.1525,0.2214,ns
M3vsM4_12m,tertiles,Absolute Mortality,ETmax,High,37,0.00087,40.5,0.8439,0.8439,ns
M3vsM4_12m,tertiles,Absolute Mortality,GPPsat,High,37,-0.9068,73,0.00134,0.02122,*
M3vsM4_12m,tertiles,Absolute Mortality,NEPmax,High,37,-0.67627,67.6,0.006678,0.03338,*
M3vsM4_12m,tertiles,Absolute Mortality,WUE,High,37,-0.02948,56.8,0.4164,0.5064,ns
M3vsM4_12m,tertiles,Absolute Mortality,uWUE,High,37,0.02716,45.9,0.6012,0.6599,ns
M3vsM4_12m,tertiles,Absolute Mortality,ETmax,Mid,37,0.00073,45.9,0.5421,0.6098,ns
M3vsM4_12m,tertiles,Absolute Mortality,GPPsat,Mid,37,-0.64192,70.3,0.01549,0.04524,*
M3vsM4_12m,tertiles,Absolute Mortality,NEPmax,Mid,37,-0.69785,64.9,0.06379,0.1367,ns
M3vsM4_12m,tertiles,Absolute Mortality,WUE,Mid,37,-0.02549,62.2,0.1634,0.2723,ns
M3vsM4_12m,tertiles,Absolute Mortality,uWUE,Mid,37,-0.00244,51.4,0.2884,0.4128,ns
M3vsM4_12m,tertiles,Absolute Mortality,ETmax,Low,38,-0.00027,50,0.08871,0.1736,ns
M3vsM4_12m,tertiles,Absolute Mortality,GPPsat,Low,38,-0.57647,60.5,0.007417,0.03338,*
M3vsM4_12m,tertiles,Absolute Mortality,NEPmax,Low,38,-0.81761,71.1,0.001004,0.02122,*
M3vsM4_12m,tertiles,Absolute Mortality,WUE,Low,38,-0.06224,57.9,0.0984,0.1845,ns
M3vsM4_12m,tertiles,Absolute Mortality,uWUE,Low,38,-0.07618,60.5,0.02191,0.05189,ns
M3vsM4_12m,tertiles,Relative Mortality,ETmax,High,37,2e-05,48.6,0.788,0.8059,ns
M3vsM4_12m,tertiles,Relative Mortality,GPPsat,High,37,-0.58991,73,0.001713,0.02122,*
M3vsM4_12m,tertiles,Relative Mortality,NEPmax,High,37,-0.62148,64.9,0.01182,0.04098,*
M3vsM4_12m,tertiles,Relative Mortality,WUE,High,37,-0.02948,54.1,0.3586,0.4747,ns
M3vsM4_12m,tertiles,Relative Mortality,uWUE,High,37,0.02716,48.6,0.3254,0.4438,ns
M3vsM4_12m,tertiles,Relative Mortality,ETmax,Mid,37,0.00087,40.5,0.3988,0.5064,ns
M3vsM4_12m,tertiles,Relative Mortality,GPPsat,Mid,37,-0.89845,70.3,0.004732,0.02662,*
M3vsM4_12m,tertiles,Relative Mortality,NEPmax,Mid,37,-0.8579,64.9,0.01092,0.04098,*
M3vsM4_12m,tertiles,Relative Mortality,WUE,Mid,37,-0.11616,70.3,0.0201,0.05024,ns
M3vsM4_12m,tertiles,Relative Mortality,uWUE,Mid,37,-0.06636,62.2,0.03512,0.07902,ns
M3vsM4_12m,tertiles,Relative Mortality,ETmax,Low,38,0.00039,47.4,0.2125,0.3188,ns
M3vsM4_12m,tertiles,Relative Mortality,GPPsat,Low,38,-0.7263,60.5,0.01184,0.04098,*
M3vsM4_12m,tertiles,Relative Mortality,NEPmax,Low,38,-0.55217,73.7,0.004152,0.02662,*
M3vsM4_12m,tertiles,Relative Mortality,WUE,Low,38,-0.00403,52.6,0.6306,0.6757,ns
M3vsM4_12m,tertiles,Relative Mortality,uWUE,Low,38,0.01563,47.4,0.4711,0.5579,ns
M3vsM4_12m,tertiles,Relative Disturbance,ETmax,High,37,5e-05,45.9,0.788,0.8059,ns
M3vsM4_12m,tertiles,Relative Disturbance,GPPsat,High,37,-0.59536,70.3,0.003462,0.02597,*
M3vsM4_12m,tertiles,Relative Disturbance,NEPmax,High,37,-0.62148,64.9,0.01609,0.04524,*
M3vsM4_12m,tertiles,Relative Disturbance,WUE,High,37,-0.01756,51.4,0.4105,0.5064,ns
M3vsM4_12m,tertiles,Relative Disturbance,uWUE,High,37,-0.00244,51.4,0.2935,0.4128,ns
M3vsM4_12m,tertiles,Relative Disturbance,ETmax,Mid,37,4e-04,48.6,0.1387,0.24,ns
M3vsM4_12m,tertiles,Relative Disturbance,GPPsat,Mid,37,-0.83523,75.7,0.001886,0.02122,*
M3vsM4_12m,tertiles,Relative Disturbance,NEPmax,Mid,37,-0.8579,67.6,0.002753,0.02477,*
M3vsM4_12m,tertiles,Relative Disturbance,WUE,Mid,37,-0.09054,64.9,0.0849,0.1736,ns
M3vsM4_12m,tertiles,Relative Disturbance,uWUE,Mid,37,0.00077,48.6,0.2076,0.3188,ns
M3vsM4_12m,tertiles,Relative Disturbance,ETmax,Low,38,0.00095,42.1,0.5289,0.6098,ns
M3vsM4_12m,tertiles,Relative Disturbance,GPPsat,Low,38,-0.61812,57.9,0.01712,0.04531,*
M3vsM4_12m,tertiles,Relative Disturbance,NEPmax,Low,38,-0.62261,71.1,0.01276,0.04102,*
M3vsM4_12m,tertiles,Relative Disturbance,WUE,Low,38,-0.01467,60.5,0.1961,0.3152,ns
M3vsM4_12m,tertiles,Relative Disturbance,uWUE,Low,38,-0.01211,57.9,0.1201,0.2161,ns
M3vsM4_12m,equal_width,Absolute Mortality,ETmax,Mid,52,7e-05,50,0.4909,0.6497,ns
M3vsM4_12m,equal_width,Absolute Mortality,GPPsat,Mid,52,-0.59264,67.3,0.03393,0.1174,ns
M3vsM4_12m,equal_width,Absolute Mortality,NEPmax,Mid,52,-0.50438,59.6,0.121,0.2474,ns
M3vsM4_12m,equal_width,Absolute Mortality,WUE,Mid,52,-0.0527,63.5,0.1103,0.2371,ns
M3vsM4_12m,equal_width,Absolute Mortality,uWUE,Mid,52,-0.01091,53.8,0.2664,0.4079,ns
M3vsM4_12m,equal_width,Absolute Mortality,ETmax,Low,54,0.00039,46.3,0.1632,0.3059,ns
M3vsM4_12m,equal_width,Absolute Mortality,GPPsat,Low,54,-0.91516,66.7,9.976e-05,0.001122,**
M3vsM4_12m,equal_width,Absolute Mortality,NEPmax,Low,54,-0.81761,72.2,7.578e-05,0.001122,**
M3vsM4_12m,equal_width,Absolute Mortality,WUE,Low,54,-0.02849,57.4,0.1507,0.2949,ns
M3vsM4_12m,equal_width,Absolute Mortality,uWUE,Low,54,-0.01211,53.7,0.06375,0.1864,ns
M3vsM4_12m,equal_width,Absolute Mortality,ETmax,High,6,0.00685,0,0.9895,0.9895,ns
M3vsM4_12m,equal_width,Absolute Mortality,GPPsat,High,6,-2.56352,83.3,0.02959,0.1109,ns
M3vsM4_12m,equal_width,Absolute Mortality,NEPmax,High,6,-2.3429,100,0.01802,0.0737,ns
M3vsM4_12m,equal_width,Absolute Mortality,WUE,High,6,0.10392,33.3,0.7353,0.8071,ns
M3vsM4_12m,equal_width,Absolute Mortality,uWUE,High,6,0.04545,33.3,0.7992,0.8562,ns
M3vsM4_12m,equal_width,Relative Mortality,ETmax,Mid,34,-0.00025,50,0.6012,0.6763,ns
M3vsM4_12m,equal_width,Relative Mortality,GPPsat,Mid,34,-1.01444,82.4,6.417e-05,0.001122,**
M3vsM4_12m,equal_width,Relative Mortality,NEPmax,Mid,34,-1.32555,73.5,0.0009858,0.007098,**
M3vsM4_12m,equal_width,Relative Mortality,WUE,Mid,34,0.00995,50,0.5476,0.666,ns
M3vsM4_12m,equal_width,Relative Mortality,uWUE,Mid,34,0.02936,44.1,0.5136,0.6563,ns
M3vsM4_12m,equal_width,Relative Mortality,ETmax,High,8,0.00315,37.5,0.8186,0.8567,ns
M3vsM4_12m,equal_width,Relative Mortality,GPPsat,High,8,0.13677,50,0.5832,0.6729,ns
M3vsM4_12m,equal_width,Relative Mortality,NEPmax,High,8,0.168,50,0.3631,0.5107,ns
M3vsM4_12m,equal_width,Relative Mortality,WUE,High,8,-0.11099,75,0.1814,0.3139,ns
M3vsM4_12m,equal_width,Relative Mortality,uWUE,High,8,-0.09592,62.5,0.2643,0.4079,ns
M3vsM4_12m,equal_width,Relative Mortality,ETmax,Low,70,0.00068,44.3,0.2322,0.387,ns
M3vsM4_12m,equal_width,Relative Mortality,GPPsat,Low,70,-0.71908,62.9,0.001104,0.007098,**
M3vsM4_12m,equal_width,Relative Mortality,NEPmax,Low,70,-0.62261,67.1,0.00185,0.01041,*
M3vsM4_12m,equal_width,Relative Mortality,WUE,Low,70,-0.03582,61.4,0.06629,0.1864,ns
M3vsM4_12m,equal_width,Relative Mortality,uWUE,Low,70,-0.01211,55.7,0.06629,0.1864,ns
M3vsM4_12m,equal_width,Relative Disturbance,ETmax,Mid,39,-0.00054,53.8,0.2719,0.4079,ns
M3vsM4_12m,equal_width,Relative Disturbance,GPPsat,Mid,39,-1.14037,82.1,8.006e-05,0.001122,**
M3vsM4_12m,equal_width,Relative Disturbance,NEPmax,Mid,39,-1.32232,71.8,0.001095,0.007098,**
M3vsM4_12m,equal_width,Relative Disturbance,WUE,Mid,39,0.04937,48.7,0.5637,0.6676,ns
M3vsM4_12m,equal_width,Relative Disturbance,uWUE,Mid,39,0.02716,46.2,0.525,0.6563,ns
M3vsM4_12m,equal_width,Relative Disturbance,ETmax,High,10,0.00332,30,0.8894,0.9096,ns
M3vsM4_12m,equal_width,Relative Disturbance,GPPsat,High,10,-0.01671,50,0.4192,0.5717,ns
M3vsM4_12m,equal_width,Relative Disturbance,NEPmax,High,10,-0.28671,60,0.1795,0.3139,ns
M3vsM4_12m,equal_width,Relative Disturbance,WUE,High,10,-0.16693,80,0.1106,0.2371,ns
M3vsM4_12m,equal_width,Relative Disturbance,uWUE,High,10,-0.18746,70,0.1106,0.2371,ns
M3vsM4_12m,equal_width,Relative Disturbance,ETmax,Low,63,0.00089,42.9,0.3622,0.5107,ns
M3vsM4_12m,equal_width,Relative Disturbance,GPPsat,Low,63,-0.61885,61.9,0.002475,0.01237,*
M3vsM4_12m,equal_width,Relative Disturbance,NEPmax,Low,63,-0.56895,66.7,0.00391,0.0176,*
M3vsM4_12m,equal_width,Relative Disturbance,WUE,Low,63,-0.03092,61.9,0.07099,0.1879,ns
M3vsM4_12m,equal_width,Relative Disturbance,uWUE,Low,63,-0.0117,54,0.09492,0.2371,ns
M3vsM4_12m,natural_breaks,Absolute Mortality,ETmax,High,29,0.00165,44.8,0.8181,0.8562,ns
M3vsM4_12m,natural_breaks,Absolute Mortality,GPPsat,High,29,-1.04195,75.9,0.002308,0.02077,*
M3vsM4_12m,natural_breaks,Absolute Mortality,NEPmax,High,29,-0.75109,69,0.01371,0.04745,*
M3vsM4_12m,natural_breaks,Absolute Mortality,WUE,High,29,0.04937,48.3,0.6107,0.687,ns
M3vsM4_12m,natural_breaks,Absolute Mortality,uWUE,High,29,0.04198,44.8,0.6829,0.7316,ns
M3vsM4_12m,natural_breaks,Absolute Mortality,ETmax,Mid,46,8e-04,41.3,0.6768,0.7316,ns
M3vsM4_12m,natural_breaks,Absolute Mortality,GPPsat,Mid,46,-0.71908,69.6,0.005805,0.02981,*
M3vsM4_12m,natural_breaks,Absolute Mortality,NEPmax,Mid,46,-0.68706,65.2,0.02525,0.06313,ns
M3vsM4_12m,natural_breaks,Absolute Mortality,WUE,Mid,46,-0.03339,67.4,0.0495,0.1114,ns
M3vsM4_12m,natural_breaks,Absolute Mortality,uWUE,Mid,46,-0.00584,52.2,0.2063,0.2813,ns
M3vsM4_12m,natural_breaks,Absolute Mortality,ETmax,Low,37,-0.00059,51.4,0.07808,0.1673,ns
M3vsM4_12m,natural_breaks,Absolute Mortality,GPPsat,Low,37,-0.56452,59.5,0.01049,0.04722,*
M3vsM4_12m,natural_breaks,Absolute Mortality,NEPmax,Low,37,-0.77732,70.3,0.001554,0.02077,*
M3vsM4_12m,natural_breaks,Absolute Mortality,WUE,Low,37,-0.05635,56.8,0.1321,0.2378,ns
M3vsM4_12m,natural_breaks,Absolute Mortality,uWUE,Low,37,-0.06857,59.5,0.03397,0.08045,ns
M3vsM4_12m,natural_breaks,Relative Mortality,ETmax,Mid,45,-0.00053,53.3,0.1687,0.2659,ns
M3vsM4_12m,natural_breaks,Relative Mortality,GPPsat,Mid,45,-0.9068,75.6,0.001496,0.02077,*
M3vsM4_12m,natural_breaks,Relative Mortality,NEPmax,Mid,45,-0.85354,62.2,0.02052,0.05772,ns
M3vsM4_12m,natural_breaks,Relative Mortality,WUE,Mid,45,-0.06575,62.2,0.08779,0.1786,ns
M3vsM4_12m,natural_breaks,Relative Mortality,uWUE,Mid,45,-0.00925,53.3,0.1744,0.2659,ns
M3vsM4_12m,natural_breaks,Relative Mortality,ETmax,High,26,0.00315,30.8,0.9716,0.9716,ns
M3vsM4_12m,natural_breaks,Relative Mortality,GPPsat,High,26,-0.50784,69.2,0.005962,0.02981,*
M3vsM4_12m,natural_breaks,Relative Mortality,NEPmax,High,26,-1.2348,73.1,0.003288,0.02466,*
M3vsM4_12m,natural_breaks,Relative Mortality,WUE,High,26,-0.06224,57.7,0.3057,0.3822,ns
M3vsM4_12m,natural_breaks,Relative Mortality,uWUE,High,26,-0.02447,53.8,0.187,0.2659,ns
M3vsM4_12m,natural_breaks,Relative Mortality,ETmax,Low,41,5e-04,46.3,0.1891,0.2659,ns
M3vsM4_12m,natural_breaks,Relative Mortality,GPPsat,Low,41,-0.61738,58.5,0.01167,0.04745,*
M3vsM4_12m,natural_breaks,Relative Mortality,NEPmax,Low,41,-0.53539,70.7,0.004428,0.02846,*
M3vsM4_12m,natural_breaks,Relative Mortality,WUE,Low,41,-0.00711,56.1,0.3584,0.4244,ns
M3vsM4_12m,natural_breaks,Relative Mortality,uWUE,Low,41,-0.00105,51.2,0.2887,0.3821,ns
M3vsM4_12m,natural_breaks,Relative Disturbance,ETmax,Mid,49,-0.00053,51,0.09128,0.1786,ns
M3vsM4_12m,natural_breaks,Relative Disturbance,GPPsat,Mid,49,-0.9068,77.6,0.000289,0.013,*
M3vsM4_12m,natural_breaks,Relative Disturbance,NEPmax,Mid,49,-0.8579,67.3,0.002291,0.02077,*
M3vsM4_12m,natural_breaks,Relative Disturbance,WUE,Mid,49,-0.05635,55.1,0.3025,0.3822,ns
M3vsM4_12m,natural_breaks,Relative Disturbance,uWUE,Mid,49,0.00077,49,0.3236,0.3936,ns
M3vsM4_12m,natural_breaks,Relative Disturbance,ETmax,High,24,0.00193,41.7,0.9255,0.9465,ns
M3vsM4_12m,natural_breaks,Relative Disturbance,GPPsat,High,24,-0.31106,66.7,0.01786,0.05742,ns
M3vsM4_12m,natural_breaks,Relative Disturbance,NEPmax,High,24,-0.88115,66.7,0.0134,0.04745,*
M3vsM4_12m,natural_breaks,Relative Disturbance,WUE,High,24,-0.08458,62.5,0.1766,0.2659,ns
M3vsM4_12m,natural_breaks,Relative Disturbance,uWUE,High,24,-0.0258,54.2,0.1018,0.1909,ns
M3vsM4_12m,natural_breaks,Relative Disturbance,ETmax,Low,39,0.00101,41,0.5747,0.6631,ns
M3vsM4_12m,natural_breaks,Relative Disturbance,GPPsat,Low,39,-0.61738,56.4,0.02496,0.06313,ns
M3vsM4_12m,natural_breaks,Relative Disturbance,NEPmax,Low,39,-0.56895,69.2,0.02046,0.05772,ns
M3vsM4_12m,natural_breaks,Relative Disturbance,WUE,Low,39,-0.02223,61.5,0.1803,0.2659,ns
M3vsM4_12m,natural_breaks,Relative Disturbance,uWUE,Low,39,-0.0117,56.4,0.1696,0.2659,ns
M3vsM4_24m,tertiles,Absolute Mortality,ETmax,High,37,-0.00146,54.1,0.482,0.5164,ns
M3vsM4_24m,tertiles,Absolute Mortality,GPPsat,High,37,-0.65595,64.9,0.006965,0.04439,*
M3vsM4_24m,tertiles,Absolute Mortality,NEPmax,High,37,-0.41378,59.5,0.01008,0.04439,*
M3vsM4_24m,tertiles,Absolute Mortality,WUE,High,37,-0.03032,51.4,0.3364,0.4333,ns
M3vsM4_24m,tertiles,Absolute Mortality,uWUE,High,37,0.01042,45.9,0.5659,0.5788,ns
M3vsM4_24m,tertiles,Absolute Mortality,ETmax,Mid,37,-0.00165,64.9,0.02866,0.06788,ns
M3vsM4_24m,tertiles,Absolute Mortality,GPPsat,Mid,37,-0.98849,70.3,0.008929,0.04439,*
M3vsM4_24m,tertiles,Absolute Mortality,NEPmax,Mid,37,-0.619,67.6,0.06011,0.1127,ns
M3vsM4_24m,tertiles,Absolute Mortality,WUE,Mid,37,-0.00586,54.1,0.2345,0.3471,ns
M3vsM4_24m,tertiles,Absolute Mortality,uWUE,Mid,37,0.03617,48.6,0.393,0.4601,ns
M3vsM4_24m,tertiles,Absolute Mortality,ETmax,Low,38,-0.00062,52.6,0.2342,0.3471,ns
M3vsM4_24m,tertiles,Absolute Mortality,GPPsat,Low,38,-0.25594,63.2,0.02191,0.06162,ns
M3vsM4_24m,tertiles,Absolute Mortality,NEPmax,Low,38,-0.85162,68.4,0.001162,0.03329,*
M3vsM4_24m,tertiles,Absolute Mortality,WUE,Low,38,-0.0792,60.5,0.1144,0.1979,ns
M3vsM4_24m,tertiles,Absolute Mortality,uWUE,Low,38,-0.11295,60.5,0.02779,0.06788,ns
M3vsM4_24m,tertiles,Relative Mortality,ETmax,High,37,-0.00046,51.4,0.3643,0.4431,ns
M3vsM4_24m,tertiles,Relative Mortality,GPPsat,High,37,-0.62948,67.6,0.002883,0.04325,*
M3vsM4_24m,tertiles,Relative Mortality,NEPmax,High,37,-0.49422,64.9,0.009684,0.04439,*
M3vsM4_24m,tertiles,Relative Mortality,WUE,High,37,0.02136,48.6,0.2391,0.3471,ns
M3vsM4_24m,tertiles,Relative Mortality,uWUE,High,37,0.02535,43.2,0.482,0.5164,ns
M3vsM4_24m,tertiles,Relative Mortality,ETmax,Mid,37,-0.00151,62.2,0.09467,0.1704,ns
M3vsM4_24m,tertiles,Relative Mortality,GPPsat,Mid,37,-0.92292,64.9,0.01938,0.05813,ns
M3vsM4_24m,tertiles,Relative Mortality,NEPmax,Mid,37,-0.65911,64.9,0.007573,0.04439,*
M3vsM4_24m,tertiles,Relative Mortality,WUE,Mid,37,-0.11596,64.9,0.04555,0.0976,ns
M3vsM4_24m,tertiles,Relative Mortality,uWUE,Mid,37,-0.08723,62.2,0.05162,0.101,ns
M3vsM4_24m,tertiles,Relative Mortality,ETmax,Low,38,-0.00123,57.9,0.2617,0.3569,ns
M3vsM4_24m,tertiles,Relative Mortality,GPPsat,Low,38,-0.59208,65.8,0.01184,0.04439,*
M3vsM4_24m,tertiles,Relative Mortality,NEPmax,Low,38,-0.75332,65.8,0.0114,0.04439,*
M3vsM4_24m,tertiles,Relative Mortality,WUE,Low,38,-0.0042,52.6,0.5861,0.5861,ns
M3vsM4_24m,tertiles,Relative Mortality,uWUE,Low,38,0.00411,50,0.337,0.4333,ns
M3vsM4_24m,tertiles,Relative Disturbance,ETmax,High,37,-0.00146,54.1,0.4282,0.4817,ns
M3vsM4_24m,tertiles,Relative Disturbance,GPPsat,High,37,-0.65595,64.9,0.004144,0.04439,*
M3vsM4_24m,tertiles,Relative Disturbance,NEPmax,High,37,-0.49422,59.5,0.01938,0.05813,ns
M3vsM4_24m,tertiles,Relative Disturbance,WUE,High,37,0.03452,45.9,0.2534,0.3564,ns
M3vsM4_24m,tertiles,Relative Disturbance,uWUE,High,37,0.02535,43.2,0.3988,0.4601,ns
M3vsM4_24m,tertiles,Relative Disturbance,ETmax,Mid,37,-0.00234,64.9,0.01329,0.046,*
M3vsM4_24m,tertiles,Relative Disturbance,GPPsat,Mid,37,-0.87115,73,0.006401,0.04439,*
M3vsM4_24m,tertiles,Relative Disturbance,NEPmax,Mid,37,-0.87051,70.3,0.001479,0.03329,*
M3vsM4_24m,tertiles,Relative Disturbance,WUE,Mid,37,-0.07197,62.2,0.1525,0.2541,ns
M3vsM4_24m,tertiles,Relative Disturbance,uWUE,Mid,37,-0.00806,51.4,0.3586,0.4431,ns
M3vsM4_24m,tertiles,Relative Disturbance,ETmax,Low,38,-0.00046,52.6,0.5404,0.5656,ns
M3vsM4_24m,tertiles,Relative Disturbance,GPPsat,Low,38,-0.25594,60.5,0.03723,0.08377,ns
M3vsM4_24m,tertiles,Relative Disturbance,NEPmax,Low,38,-0.68062,65.8,0.02779,0.06788,ns
M3vsM4_24m,tertiles,Relative Disturbance,WUE,Low,38,-0.02344,57.9,0.1843,0.2962,ns
M3vsM4_24m,tertiles,Relative Disturbance,uWUE,Low,38,-0.02821,60.5,0.04914,0.1005,ns
M3vsM4_24m,equal_width,Absolute Mortality,ETmax,Mid,52,-0.00155,61.5,0.03826,0.123,ns
M3vsM4_24m,equal_width,Absolute Mortality,GPPsat,Mid,52,-0.39289,59.6,0.06245,0.1517,ns
M3vsM4_24m,equal_width,Absolute Mortality,NEPmax,Mid,52,-0.34906,55.8,0.1323,0.242,ns
M3vsM4_24m,equal_width,Absolute Mortality,WUE,Mid,52,-0.03429,55.8,0.1284,0.242,ns
M3vsM4_24m,equal_width,Absolute Mortality,uWUE,Mid,52,-0.02055,53.8,0.3327,0.4536,ns
M3vsM4_24m,equal_width,Absolute Mortality,ETmax,Low,54,-0.00096,55.6,0.1876,0.2911,ns
M3vsM4_24m,equal_width,Absolute Mortality,GPPsat,Low,54,-0.78736,70.4,0.0002441,0.002746,**
M3vsM4_24m,equal_width,Absolute Mortality,NEPmax,Low,54,-0.85162,70.4,9.318e-05,0.001398,**
M3vsM4_24m,equal_width,Absolute Mortality,WUE,Low,54,-0.02658,57.4,0.1548,0.2488,ns
M3vsM4_24m,equal_width,Absolute Mortality,uWUE,Low,54,-0.00699,53.7,0.06059,0.1517,ns
M3vsM4_24m,equal_width,Absolute Mortality,ETmax,High,6,0.00494,33.3,0.9533,0.9533,ns
M3vsM4_24m,equal_width,Absolute Mortality,GPPsat,High,6,-2.45836,83.3,0.02959,0.1024,ns
M3vsM4_24m,equal_width,Absolute Mortality,NEPmax,High,6,-2.2997,100,0.01802,0.06756,ns
M3vsM4_24m,equal_width,Absolute Mortality,WUE,High,6,0.05,33.3,0.6625,0.7644,ns
M3vsM4_24m,equal_width,Absolute Mortality,uWUE,High,6,0.04687,16.7,0.8527,0.8929,ns
M3vsM4_24m,equal_width,Relative Mortality,ETmax,Mid,34,-0.00167,58.8,0.05217,0.1517,ns
M3vsM4_24m,equal_width,Relative Mortality,GPPsat,Mid,34,-1.03942,82.4,6.417e-05,0.001398,**
M3vsM4_24m,equal_width,Relative Mortality,NEPmax,Mid,34,-1.2529,76.5,0.0007365,0.006491,**
M3vsM4_24m,equal_width,Relative Mortality,WUE,Mid,34,0.02794,47.1,0.3922,0.5191,ns
M3vsM4_24m,equal_width,Relative Mortality,uWUE,Mid,34,0.03284,44.1,0.6529,0.7644,ns
M3vsM4_24m,equal_width,Relative Mortality,ETmax,High,8,0.00358,37.5,0.8532,0.8929,ns
M3vsM4_24m,equal_width,Relative Mortality,GPPsat,High,8,0.4293,25,0.7357,0.8075,ns
M3vsM4_24m,equal_width,Relative Mortality,NEPmax,High,8,0.08335,37.5,0.5279,0.6599,ns
M3vsM4_24m,equal_width,Relative Mortality,WUE,High,8,-0.15498,62.5,0.1468,0.248,ns
M3vsM4_24m,equal_width,Relative Mortality,uWUE,High,8,-0.11366,50,0.312,0.4388,ns
M3vsM4_24m,equal_width,Relative Mortality,ETmax,Low,70,-0.00123,58.6,0.1488,0.248,ns
M3vsM4_24m,equal_width,Relative Mortality,GPPsat,Low,70,-0.59208,62.9,0.006545,0.03272,*
M3vsM4_24m,equal_width,Relative Mortality,NEPmax,Low,70,-0.53293,62.9,0.003678,0.02364,*
M3vsM4_24m,equal_width,Relative Mortality,WUE,Low,70,-0.02874,58.6,0.1233,0.242,ns
M3vsM4_24m,equal_width,Relative Mortality,uWUE,Low,70,-0.01572,55.7,0.06406,0.1517,ns
M3vsM4_24m,equal_width,Relative Disturbance,ETmax,Mid,39,-0.00208,64.1,0.01126,0.05065,ns
M3vsM4_24m,equal_width,Relative Disturbance,GPPsat,Mid,39,-1.06292,82.1,4.801e-05,0.001398,**
M3vsM4_24m,equal_width,Relative Disturbance,NEPmax,Mid,39,-1.21912,71.8,0.0008655,0.006491,**
M3vsM4_24m,equal_width,Relative Disturbance,WUE,Mid,39,0.03452,46.2,0.4583,0.5893,ns
M3vsM4_24m,equal_width,Relative Disturbance,uWUE,Mid,39,0.05055,43.6,0.6996,0.7871,ns
M3vsM4_24m,equal_width,Relative Disturbance,ETmax,High,10,0.00348,30,0.8894,0.9096,ns
M3vsM4_24m,equal_width,Relative Disturbance,GPPsat,High,10,0.30591,30,0.6201,0.7542,ns
M3vsM4_24m,equal_width,Relative Disturbance,NEPmax,High,10,-0.14154,50,0.2704,0.3925,ns
M3vsM4_24m,equal_width,Relative Disturbance,WUE,High,10,-0.19671,70,0.06314,0.1517,ns
M3vsM4_24m,equal_width,Relative Disturbance,uWUE,High,10,-0.24414,60,0.1311,0.242,ns
M3vsM4_24m,equal_width,Relative Disturbance,ETmax,Low,63,-0.00095,57.1,0.2066,0.31,ns
M3vsM4_24m,equal_width,Relative Disturbance,GPPsat,Low,63,-0.58386,61.9,0.01316,0.05382,ns
M3vsM4_24m,equal_width,Relative Disturbance,NEPmax,Low,63,-0.44685,63.5,0.006413,0.03272,*
M3vsM4_24m,equal_width,Relative Disturbance,WUE,Low,63,-0.0286,58.7,0.1344,0.242,ns
M3vsM4_24m,equal_width,Relative Disturbance,uWUE,Low,63,-0.01132,55.6,0.07973,0.1794,ns
M3vsM4_24m,natural_breaks,Absolute Mortality,ETmax,High,29,-0.00146,51.7,0.713,0.7462,ns
M3vsM4_24m,natural_breaks,Absolute Mortality,GPPsat,High,29,-0.84709,72.4,0.004733,0.03549,*
M3vsM4_24m,natural_breaks,Absolute Mortality,NEPmax,High,29,-0.44685,58.6,0.02333,0.06562,ns
M3vsM4_24m,natural_breaks,Absolute Mortality,WUE,High,29,0.03452,44.8,0.457,0.5273,ns
M3vsM4_24m,natural_breaks,Absolute Mortality,uWUE,High,29,0.03587,37.9,0.7555,0.7555,ns
M3vsM4_24m,natural_breaks,Absolute Mortality,ETmax,Mid,46,-0.00158,63,0.01702,0.05472,ns
M3vsM4_24m,natural_breaks,Absolute Mortality,GPPsat,Mid,46,-0.84382,65.2,0.006982,0.04284,*
M3vsM4_24m,natural_breaks,Absolute Mortality,NEPmax,Mid,46,-0.55661,67.4,0.02163,0.06489,ns
M3vsM4_24m,natural_breaks,Absolute Mortality,WUE,Mid,46,-0.02143,58.7,0.1212,0.2182,ns
M3vsM4_24m,natural_breaks,Absolute Mortality,uWUE,Mid,46,-0.0207,54.3,0.219,0.3079,ns
M3vsM4_24m,natural_breaks,Absolute Mortality,ETmax,Low,37,-0.00068,54.1,0.2299,0.3135,ns
M3vsM4_24m,natural_breaks,Absolute Mortality,GPPsat,Low,37,-0.2068,62.2,0.03175,0.07939,ns
M3vsM4_24m,natural_breaks,Absolute Mortality,NEPmax,Low,37,-0.7889,67.6,0.001554,0.0293,*
M3vsM4_24m,natural_breaks,Absolute Mortality,WUE,Low,37,-0.07197,59.5,0.1489,0.2394,ns
M3vsM4_24m,natural_breaks,Absolute Mortality,uWUE,Low,37,-0.11011,59.5,0.04138,0.08867,ns
M3vsM4_24m,natural_breaks,Relative Mortality,ETmax,Mid,45,-0.00176,60,0.03726,0.08824,ns
M3vsM4_24m,natural_breaks,Relative Mortality,GPPsat,Mid,45,-0.92292,71.1,0.007616,0.04284,*
M3vsM4_24m,natural_breaks,Relative Mortality,NEPmax,Mid,45,-0.44685,64.4,0.01599,0.05472,ns
M3vsM4_24m,natural_breaks,Relative Mortality,WUE,Mid,45,-0.03826,55.6,0.163,0.253,ns
M3vsM4_24m,natural_breaks,Relative Mortality,uWUE,Mid,45,-0.02012,53.3,0.3018,0.3841,ns
M3vsM4_24m,natural_breaks,Relative Mortality,ETmax,High,26,-0.00096,53.8,0.5405,0.5908,ns
M3vsM4_24m,natural_breaks,Relative Mortality,GPPsat,High,26,-0.64271,61.5,0.01271,0.04765,*
M3vsM4_24m,natural_breaks,Relative Mortality,NEPmax,High,26,-0.98973,69.2,0.002605,0.0293,*
M3vsM4_24m,natural_breaks,Relative Mortality,WUE,High,26,-0.0698,53.8,0.1319,0.2198,ns
M3vsM4_24m,natural_breaks,Relative Mortality,uWUE,High,26,0.00669,46.2,0.2545,0.3369,ns
M3vsM4_24m,natural_breaks,Relative Mortality,ETmax,Low,41,-0.00111,56.1,0.3158,0.3841,ns
M3vsM4_24m,natural_breaks,Relative Mortality,GPPsat,Low,41,-0.58386,63.4,0.01128,0.04616,*
M3vsM4_24m,natural_breaks,Relative Mortality,NEPmax,Low,41,-0.74223,63.4,0.009176,0.04473,*
M3vsM4_24m,natural_breaks,Relative Mortality,WUE,Low,41,-0.02053,56.1,0.3439,0.4073,ns
M3vsM4_24m,natural_breaks,Relative Mortality,uWUE,Low,41,-0.00266,53.7,0.1688,0.2532,ns
M3vsM4_24m,natural_breaks,Relative Disturbance,ETmax,Mid,49,-0.00259,65.3,0.004712,0.03549,*
M3vsM4_24m,natural_breaks,Relative Disturbance,GPPsat,Mid,49,-0.92292,75.5,0.0005714,0.02571,*
M3vsM4_24m,natural_breaks,Relative Disturbance,NEPmax,Mid,49,-0.87051,67.3,0.002153,0.0293,*
M3vsM4_24m,natural_breaks,Relative Disturbance,WUE,Mid,49,-0.02888,55.1,0.313,0.3841,ns
M3vsM4_24m,natural_breaks,Relative Disturbance,uWUE,Mid,49,0.04125,44.9,0.5514,0.5908,ns
M3vsM4_24m,natural_breaks,Relative Disturbance,ETmax,High,24,0.00054,45.8,0.7398,0.7555,ns
M3vsM4_24m,natural_breaks,Relative Disturbance,GPPsat,High,24,-0.64271,58.3,0.02872,0.07601,ns
M3vsM4_24m,natural_breaks,Relative Disturbance,NEPmax,High,24,-0.71249,62.5,0.009941,0.04473,*
M3vsM4_24m,natural_breaks,Relative Disturbance,WUE,High,24,-0.0698,54.2,0.08737,0.1638,ns
M3vsM4_24m,natural_breaks,Relative Disturbance,uWUE,High,24,-0.03228,54.2,0.1295,0.2198,ns
M3vsM4_24m,natural_breaks,Relative Disturbance,ETmax,Low,39,-0.00068,53.8,0.5139,0.5782,ns
M3vsM4_24m,natural_breaks,Relative Disturbance,GPPsat,Low,39,-0.2068,59,0.06153,0.1259,ns
M3vsM4_24m,natural_breaks,Relative Disturbance,NEPmax,Low,39,-0.619,64.1,0.04116,0.08867,ns
M3vsM4_24m,natural_breaks,Relative Disturbance,WUE,Low,39,-0.02233,56.4,0.2071,0.3007,ns
M3vsM4_24m,natural_breaks,Relative Disturbance,uWUE,Low,39,-0.02012,59,0.06861,0.1342,ns
M5vsM6_raw_12m,tertiles,Absolute Mortality,ETmax,High,37,-0.00141,67.6,0.0167,0.3845,ns
M5vsM6_raw_12m,tertiles,Absolute Mortality,GPPsat,High,37,0.18783,37.8,0.9776,0.9776,ns
M5vsM6_raw_12m,tertiles,Absolute Mortality,NEPmax,High,37,0.09492,43.2,0.4105,0.6597,ns
M5vsM6_raw_12m,tertiles,Absolute Mortality,WUE,High,37,-0.00717,54.1,0.304,0.6218,ns
M5vsM6_raw_12m,tertiles,Absolute Mortality,uWUE,High,37,-0.0156,64.9,0.09216,0.3845,ns
M5vsM6_raw_12m,tertiles,Absolute Mortality,ETmax,Mid,37,-8e-05,51.4,0.6526,0.8637,ns
M5vsM6_raw_12m,tertiles,Absolute Mortality,GPPsat,Mid,37,-0.15083,54.1,0.3814,0.655,ns
M5vsM6_raw_12m,tertiles,Absolute Mortality,NEPmax,Mid,37,-0.11898,54.1,0.1634,0.448,ns
M5vsM6_raw_12m,tertiles,Absolute Mortality,WUE,Mid,37,0.00497,45.9,0.5777,0.7878,ns
M5vsM6_raw_12m,tertiles,Absolute Mortality,uWUE,Mid,37,0.0072,43.2,0.9001,0.9764,ns
M5vsM6_raw_12m,tertiles,Absolute Mortality,ETmax,Low,38,-0.00046,57.9,0.09591,0.3845,ns
M5vsM6_raw_12m,tertiles,Absolute Mortality,GPPsat,Low,38,-0.22195,65.8,0.05063,0.3845,ns
M5vsM6_raw_12m,tertiles,Absolute Mortality,NEPmax,Low,38,-0.20561,60.5,0.05697,0.3845,ns
M5vsM6_raw_12m,tertiles,Absolute Mortality,WUE,Low,38,0.0467,39.5,0.9551,0.9776,ns
M5vsM6_raw_12m,tertiles,Absolute Mortality,uWUE,Low,38,-0.01195,57.9,0.4653,0.7221,ns
M5vsM6_raw_12m,tertiles,Relative Mortality,ETmax,High,37,-0.00087,62.2,0.1634,0.448,ns
M5vsM6_raw_12m,tertiles,Relative Mortality,GPPsat,High,37,0.24304,40.5,0.9625,0.9776,ns
M5vsM6_raw_12m,tertiles,Relative Mortality,NEPmax,High,37,0.19475,43.2,0.7466,0.9332,ns
M5vsM6_raw_12m,tertiles,Relative Mortality,WUE,High,37,0.00631,43.2,0.8545,0.9764,ns
M5vsM6_raw_12m,tertiles,Relative Mortality,uWUE,High,37,0.00651,45.9,0.5,0.75,ns
M5vsM6_raw_12m,tertiles,Relative Mortality,ETmax,Mid,37,-0.00117,56.8,0.08969,0.3845,ns
M5vsM6_raw_12m,tertiles,Relative Mortality,GPPsat,Mid,37,-0.06184,51.4,0.3757,0.655,ns
M5vsM6_raw_12m,tertiles,Relative Mortality,NEPmax,Mid,37,-0.30205,54.1,0.0657,0.3845,ns
M5vsM6_raw_12m,tertiles,Relative Mortality,WUE,Mid,37,-0.02627,56.8,0.1455,0.448,ns
M5vsM6_raw_12m,tertiles,Relative Mortality,uWUE,Mid,37,-0.00836,62.2,0.2076,0.4868,ns
M5vsM6_raw_12m,tertiles,Relative Mortality,ETmax,Low,38,-0.00058,57.9,0.1882,0.4704,ns
M5vsM6_raw_12m,tertiles,Relative Mortality,GPPsat,Low,38,-0.2212,65.8,0.07763,0.3845,ns
M5vsM6_raw_12m,tertiles,Relative Mortality,NEPmax,Low,38,-0.17863,60.5,0.03842,0.3845,ns
M5vsM6_raw_12m,tertiles,Relative Mortality,WUE,Low,38,0.04141,39.5,0.9113,0.9764,ns
M5vsM6_raw_12m,tertiles,Relative Mortality,uWUE,Low,38,-0.0052,57.9,0.5691,0.7878,ns
M5vsM6_raw_12m,tertiles,Relative Disturbance,ETmax,High,37,-0.00087,64.9,0.1025,0.3845,ns
M5vsM6_raw_12m,tertiles,Relative Disturbance,GPPsat,High,37,0.18783,45.9,0.9053,0.9764,ns
M5vsM6_raw_12m,tertiles,Relative Disturbance,NEPmax,High,37,0.22756,43.2,0.7013,0.9016,ns
M5vsM6_raw_12m,tertiles,Relative Disturbance,WUE,High,37,0.02791,40.5,0.8711,0.9764,ns
M5vsM6_raw_12m,tertiles,Relative Disturbance,uWUE,High,37,0.00473,45.9,0.56,0.7878,ns
M5vsM6_raw_12m,tertiles,Relative Disturbance,ETmax,Mid,37,-0.00117,54.1,0.1167,0.4038,ns
M5vsM6_raw_12m,tertiles,Relative Disturbance,GPPsat,Mid,37,-0.06184,51.4,0.3643,0.655,ns
M5vsM6_raw_12m,tertiles,Relative Disturbance,NEPmax,Mid,37,-0.22429,54.1,0.08258,0.3845,ns
M5vsM6_raw_12m,tertiles,Relative Disturbance,WUE,Mid,37,-0.02665,51.4,0.2164,0.4868,ns
M5vsM6_raw_12m,tertiles,Relative Disturbance,uWUE,Mid,37,-0.01194,56.8,0.393,0.655,ns
M5vsM6_raw_12m,tertiles,Relative Disturbance,ETmax,Low,38,-0.00058,57.9,0.2617,0.5608,ns
M5vsM6_raw_12m,tertiles,Relative Disturbance,GPPsat,Low,38,-0.21496,60.5,0.1692,0.448,ns
M5vsM6_raw_12m,tertiles,Relative Disturbance,NEPmax,Low,38,-0.19937,60.5,0.02191,0.3845,ns
M5vsM6_raw_12m,tertiles,Relative Disturbance,WUE,Low,38,0.01118,47.4,0.8484,0.9764,ns
M5vsM6_raw_12m,tertiles,Relative Disturbance,uWUE,Low,38,-0.00829,63.2,0.3423,0.655,ns
M5vsM6_raw_12m,equal_width,Absolute Mortality,ETmax,Mid,52,-0.00075,57.7,0.2181,0.4907,ns
M5vsM6_raw_12m,equal_width,Absolute Mortality,GPPsat,Mid,52,0.16962,42.3,0.9578,0.9856,ns
M5vsM6_raw_12m,equal_width,Absolute Mortality,NEPmax,Mid,52,0.13773,40.4,0.5525,0.9563,ns
M5vsM6_raw_12m,equal_width,Absolute Mortality,WUE,Mid,52,-0.0139,55.8,0.09108,0.3607,ns
M5vsM6_raw_12m,equal_width,Absolute Mortality,uWUE,Mid,52,-0.00829,59.6,0.1362,0.3782,ns
M5vsM6_raw_12m,equal_width,Absolute Mortality,ETmax,Low,54,-0.00058,57.4,0.06593,0.3586,ns
M5vsM6_raw_12m,equal_width,Absolute Mortality,GPPsat,Low,54,-0.24178,64.8,0.01745,0.3069,ns
M5vsM6_raw_12m,equal_width,Absolute Mortality,NEPmax,Low,54,-0.19937,63,0.01469,0.3069,ns
M5vsM6_raw_12m,equal_width,Absolute Mortality,WUE,Low,54,0.0467,37,0.9856,0.9856,ns
M5vsM6_raw_12m,equal_width,Absolute Mortality,uWUE,Low,54,-0.00427,51.9,0.6508,0.9856,ns
M5vsM6_raw_12m,equal_width,Absolute Mortality,ETmax,High,6,-0.00173,83.3,0.1042,0.3607,ns
M5vsM6_raw_12m,equal_width,Absolute Mortality,GPPsat,High,6,0.34178,33.3,0.8958,0.9856,ns
M5vsM6_raw_12m,equal_width,Absolute Mortality,NEPmax,High,6,-0.27468,66.7,0.2008,0.4907,ns
M5vsM6_raw_12m,equal_width,Absolute Mortality,WUE,High,6,0.01209,50,0.7992,0.9856,ns
M5vsM6_raw_12m,equal_width,Absolute Mortality,uWUE,High,6,0.00462,50,0.7353,0.9856,ns
M5vsM6_raw_12m,equal_width,Relative Mortality,ETmax,Mid,34,-0.00122,67.6,0.09691,0.3607,ns
M5vsM6_raw_12m,equal_width,Relative Mortality,GPPsat,Mid,34,0.16014,44.1,0.8176,0.9856,ns
M5vsM6_raw_12m,equal_width,Relative Mortality,NEPmax,Mid,34,-0.15466,52.9,0.2158,0.4907,ns
M5vsM6_raw_12m,equal_width,Relative Mortality,WUE,Mid,34,0.00564,44.1,0.7309,0.9856,ns
M5vsM6_raw_12m,equal_width,Relative Mortality,uWUE,Mid,34,0.00685,47.1,0.8434,0.9856,ns
M5vsM6_raw_12m,equal_width,Relative Mortality,ETmax,High,8,0.00121,37.5,0.5279,0.9502,ns
M5vsM6_raw_12m,equal_width,Relative Mortality,GPPsat,High,8,0.74664,25,0.985,0.9856,ns
M5vsM6_raw_12m,equal_width,Relative Mortality,NEPmax,High,8,0.29545,12.5,0.9293,0.9856,ns
M5vsM6_raw_12m,equal_width,Relative Mortality,WUE,High,8,0.02457,50,0.5279,0.9502,ns
M5vsM6_raw_12m,equal_width,Relative Mortality,uWUE,High,8,-0.06501,62.5,0.09172,0.3607,ns
M5vsM6_raw_12m,equal_width,Relative Mortality,ETmax,Low,70,-0.00058,57.1,0.06554,0.3586,ns
M5vsM6_raw_12m,equal_width,Relative Mortality,GPPsat,Low,70,-0.15433,60,0.07173,0.3586,ns
M5vsM6_raw_12m,equal_width,Relative Mortality,NEPmax,Low,70,-0.19937,57.1,0.02783,0.3131,ns
M5vsM6_raw_12m,equal_width,Relative Mortality,WUE,Low,70,0.00773,47.1,0.7458,0.9856,ns
M5vsM6_raw_12m,equal_width,Relative Mortality,uWUE,Low,70,-0.00829,58.6,0.341,0.6686,ns
M5vsM6_raw_12m,equal_width,Relative Disturbance,ETmax,Mid,39,-0.00141,74.4,0.02046,0.3069,ns
M5vsM6_raw_12m,equal_width,Relative Disturbance,GPPsat,Mid,39,-0.10933,51.3,0.6072,0.9856,ns
M5vsM6_raw_12m,equal_width,Relative Disturbance,NEPmax,Mid,39,-0.19035,53.8,0.1429,0.3782,ns
M5vsM6_raw_12m,equal_width,Relative Disturbance,WUE,Mid,39,0.00497,46.2,0.6799,0.9856,ns
M5vsM6_raw_12m,equal_width,Relative Disturbance,uWUE,Mid,39,0.00651,46.2,0.8571,0.9856,ns
M5vsM6_raw_12m,equal_width,Relative Disturbance,ETmax,High,10,0.0017,30,0.6949,0.9856,ns
M5vsM6_raw_12m,equal_width,Relative Disturbance,GPPsat,High,10,0.52853,30,0.9793,0.9856,ns
M5vsM6_raw_12m,equal_width,Relative Disturbance,NEPmax,High,10,0.29545,20,0.8894,0.9856,ns
M5vsM6_raw_12m,equal_width,Relative Disturbance,WUE,High,10,-0.00445,50,0.3417,0.6686,ns
M5vsM6_raw_12m,equal_width,Relative Disturbance,uWUE,High,10,-0.06501,60,0.06314,0.3586,ns
M5vsM6_raw_12m,equal_width,Relative Disturbance,ETmax,Low,63,-0.00049,54,0.1272,0.3782,ns
M5vsM6_raw_12m,equal_width,Relative Disturbance,GPPsat,Low,63,-0.11757,57.1,0.1272,0.3782,ns
M5vsM6_raw_12m,equal_width,Relative Disturbance,NEPmax,Low,63,-0.19584,57.1,0.03896,0.3506,ns
M5vsM6_raw_12m,equal_width,Relative Disturbance,WUE,Low,63,0.00811,46,0.816,0.9856,ns
M5vsM6_raw_12m,equal_width,Relative Disturbance,uWUE,Low,63,-0.00836,60.3,0.3147,0.6686,ns
M5vsM6_raw_12m,natural_breaks,Absolute Mortality,ETmax,High,29,-0.00141,69,0.03635,0.3605,ns
M5vsM6_raw_12m,natural_breaks,Absolute Mortality,GPPsat,High,29,0.18783,48.3,0.9134,0.9559,ns
M5vsM6_raw_12m,natural_breaks,Absolute Mortality,NEPmax,High,29,0.18054,44.8,0.4741,0.7258,ns
M5vsM6_raw_12m,natural_breaks,Absolute Mortality,WUE,High,29,-0.00372,51.7,0.3486,0.682,ns
M5vsM6_raw_12m,natural_breaks,Absolute Mortality,uWUE,High,29,-0.01602,62.1,0.1304,0.4891,ns
M5vsM6_raw_12m,natural_breaks,Absolute Mortality,ETmax,Mid,46,-0.00053,54.3,0.4306,0.7258,ns
M5vsM6_raw_12m,natural_breaks,Absolute Mortality,GPPsat,Mid,46,0.11874,43.5,0.7,0.9,ns
M5vsM6_raw_12m,natural_breaks,Absolute Mortality,NEPmax,Mid,46,-0.11164,52.2,0.1169,0.4891,ns
M5vsM6_raw_12m,natural_breaks,Absolute Mortality,WUE,Mid,46,0.0027,47.8,0.5392,0.7352,ns
M5vsM6_raw_12m,natural_breaks,Absolute Mortality,uWUE,Mid,46,8e-05,50,0.781,0.9249,ns
M5vsM6_raw_12m,natural_breaks,Absolute Mortality,ETmax,Low,37,-0.00049,56.8,0.09986,0.4891,ns
M5vsM6_raw_12m,natural_breaks,Absolute Mortality,GPPsat,Low,37,-0.24253,67.6,0.04006,0.3605,ns
M5vsM6_raw_12m,natural_breaks,Absolute Mortality,NEPmax,Low,37,-0.2029,59.5,0.06765,0.4349,ns
M5vsM6_raw_12m,natural_breaks,Absolute Mortality,WUE,Low,37,0.04669,40.5,0.9381,0.9594,ns
M5vsM6_raw_12m,natural_breaks,Absolute Mortality,uWUE,Low,37,-0.0112,56.8,0.488,0.7258,ns
M5vsM6_raw_12m,natural_breaks,Relative Mortality,ETmax,Mid,45,-0.00117,60,0.1225,0.4891,ns
M5vsM6_raw_12m,natural_breaks,Relative Mortality,GPPsat,Mid,45,0.16751,44.4,0.765,0.9249,ns
M5vsM6_raw_12m,natural_breaks,Relative Mortality,NEPmax,Mid,45,0.03283,46.7,0.2786,0.6599,ns
M5vsM6_raw_12m,natural_breaks,Relative Mortality,WUE,Mid,45,0.00043,48.9,0.3464,0.682,ns
M5vsM6_raw_12m,natural_breaks,Relative Mortality,uWUE,Mid,45,-0.00823,57.8,0.3177,0.6808,ns
M5vsM6_raw_12m,natural_breaks,Relative Mortality,ETmax,High,26,-0.00075,61.5,0.1163,0.4891,ns
M5vsM6_raw_12m,natural_breaks,Relative Mortality,GPPsat,High,26,0.10176,46.2,0.8837,0.9468,ns
M5vsM6_raw_12m,natural_breaks,Relative Mortality,NEPmax,High,26,0.21116,46.2,0.4899,0.7258,ns
M5vsM6_raw_12m,natural_breaks,Relative Mortality,WUE,High,26,0.01711,46.2,0.777,0.9249,ns
M5vsM6_raw_12m,natural_breaks,Relative Mortality,uWUE,High,26,0.004,46.2,0.4696,0.7258,ns
M5vsM6_raw_12m,natural_breaks,Relative Mortality,ETmax,Low,41,-0.00049,56.1,0.1962,0.5886,ns
M5vsM6_raw_12m,natural_breaks,Relative Mortality,GPPsat,Low,41,-0.24103,65.9,0.03583,0.3605,ns
M5vsM6_raw_12m,natural_breaks,Relative Mortality,NEPmax,Low,41,-0.2029,63.4,0.01249,0.3605,ns
M5vsM6_raw_12m,natural_breaks,Relative Mortality,WUE,Low,41,0.03838,43.9,0.8439,0.9263,ns
M5vsM6_raw_12m,natural_breaks,Relative Mortality,uWUE,Low,41,-0.0073,58.5,0.5,0.7258,ns
M5vsM6_raw_12m,natural_breaks,Relative Disturbance,ETmax,Mid,49,-0.00167,59.2,0.05918,0.4349,ns
M5vsM6_raw_12m,natural_breaks,Relative Disturbance,GPPsat,Mid,49,-0.07713,53.1,0.2369,0.6049,ns
M5vsM6_raw_12m,natural_breaks,Relative Disturbance,NEPmax,Mid,49,-0.20832,53.1,0.1775,0.5704,ns
M5vsM6_raw_12m,natural_breaks,Relative Disturbance,WUE,Mid,49,0.00043,49,0.4368,0.7258,ns
M5vsM6_raw_12m,natural_breaks,Relative Disturbance,uWUE,Mid,49,-0.00533,51,0.5357,0.7352,ns
M5vsM6_raw_12m,natural_breaks,Relative Disturbance,ETmax,High,24,-0.00043,58.3,0.242,0.6049,ns
M5vsM6_raw_12m,natural_breaks,Relative Disturbance,GPPsat,High,24,0.27906,37.5,0.9901,0.9901,ns
M5vsM6_raw_12m,natural_breaks,Relative Disturbance,NEPmax,High,24,0.21116,41.7,0.6501,0.8605,ns
M5vsM6_raw_12m,natural_breaks,Relative Disturbance,WUE,High,24,0.04076,37.5,0.8234,0.9263,ns
M5vsM6_raw_12m,natural_breaks,Relative Disturbance,uWUE,High,24,-0.00191,50,0.4376,0.7258,ns
M5vsM6_raw_12m,natural_breaks,Relative Disturbance,ETmax,Low,39,-0.00068,59,0.2362,0.6049,ns
M5vsM6_raw_12m,natural_breaks,Relative Disturbance,GPPsat,Low,39,-0.18888,61.5,0.1558,0.5394,ns
M5vsM6_raw_12m,natural_breaks,Relative Disturbance,NEPmax,Low,39,-0.19584,59,0.02337,0.3605,ns
M5vsM6_raw_12m,natural_breaks,Relative Disturbance,WUE,Low,39,0.00811,48.7,0.8269,0.9263,ns
M5vsM6_raw_12m,natural_breaks,Relative Disturbance,uWUE,Low,39,-0.00836,64.1,0.3102,0.6808,ns
M5vsM6_raw_24m,tertiles,Absolute Mortality,ETmax,High,37,0.00035,48.6,0.56,0.9794,ns
M5vsM6_raw_24m,tertiles,Absolute Mortality,GPPsat,High,37,0.17434,43.2,0.8975,0.9936,ns
M5vsM6_raw_24m,tertiles,Absolute Mortality,NEPmax,High,37,-0.03961,51.4,0.6186,0.9936,ns
M5vsM6_raw_24m,tertiles,Absolute Mortality,WUE,High,37,-0.00123,51.4,0.37,0.8879,ns
M5vsM6_raw_24m,tertiles,Absolute Mortality,uWUE,High,37,-0.0012,54.1,0.1109,0.7243,ns
M5vsM6_raw_24m,tertiles,Absolute Mortality,ETmax,Mid,37,8e-05,48.6,0.4164,0.8879,ns
M5vsM6_raw_24m,tertiles,Absolute Mortality,GPPsat,Mid,37,0.01107,48.6,0.554,0.9794,ns
M5vsM6_raw_24m,tertiles,Absolute Mortality,NEPmax,Mid,37,0.04575,43.2,0.7013,0.9936,ns
M5vsM6_raw_24m,tertiles,Absolute Mortality,WUE,Mid,37,0.00411,45.9,0.446,0.8879,ns
M5vsM6_raw_24m,tertiles,Absolute Mortality,uWUE,Mid,37,0.00211,45.9,0.7168,0.9936,ns
M5vsM6_raw_24m,tertiles,Absolute Mortality,ETmax,Low,38,-0.00032,55.3,0.2168,0.7243,ns
M5vsM6_raw_24m,tertiles,Absolute Mortality,GPPsat,Low,38,-0.06501,60.5,0.1482,0.7243,ns
M5vsM6_raw_24m,tertiles,Absolute Mortality,NEPmax,Low,38,-0.04524,57.9,0.1921,0.7243,ns
M5vsM6_raw_24m,tertiles,Absolute Mortality,WUE,Low,38,0.02593,26.3,0.9902,0.9936,ns
M5vsM6_raw_24m,tertiles,Absolute Mortality,uWUE,Low,38,-0.0027,52.6,0.8965,0.9936,ns
M5vsM6_raw_24m,tertiles,Relative Mortality,ETmax,High,37,0.00045,43.2,0.6907,0.9936,ns
M5vsM6_raw_24m,tertiles,Relative Mortality,GPPsat,High,37,0.20537,35.1,0.9703,0.9936,ns
M5vsM6_raw_24m,tertiles,Relative Mortality,NEPmax,High,37,0.24312,35.1,0.9936,0.9936,ns
M5vsM6_raw_24m,tertiles,Relative Mortality,WUE,High,37,0.01805,40.5,0.8475,0.9936,ns
M5vsM6_raw_24m,tertiles,Relative Mortality,uWUE,High,37,-0.00071,51.4,0.5659,0.9794,ns
M5vsM6_raw_24m,tertiles,Relative Mortality,ETmax,Mid,37,-0.00016,51.4,0.4046,0.8879,ns
M5vsM6_raw_24m,tertiles,Relative Mortality,GPPsat,Mid,37,-0.04414,59.5,0.2731,0.8193,ns
M5vsM6_raw_24m,tertiles,Relative Mortality,NEPmax,Mid,37,-0.13667,56.8,0.108,0.7243,ns
M5vsM6_raw_24m,tertiles,Relative Mortality,WUE,Mid,37,0.00411,43.2,0.3643,0.8879,ns
M5vsM6_raw_24m,tertiles,Relative Mortality,uWUE,Mid,37,-0.00713,59.5,0.1227,0.7243,ns
M5vsM6_raw_24m,tertiles,Relative Mortality,ETmax,Low,38,-0.00052,57.9,0.07554,0.7243,ns
M5vsM6_raw_24m,tertiles,Relative Mortality,GPPsat,Low,38,-0.07549,57.9,0.155,0.7243,ns
M5vsM6_raw_24m,tertiles,Relative Mortality,NEPmax,Low,38,-0.06601,60.5,0.05373,0.7243,ns
M5vsM6_raw_24m,tertiles,Relative Mortality,WUE,Low,38,0.02253,39.5,0.9089,0.9936,ns
M5vsM6_raw_24m,tertiles,Relative Mortality,uWUE,Low,38,0.01549,42.1,0.9224,0.9936,ns
M5vsM6_raw_24m,tertiles,Relative Disturbance,ETmax,High,37,0.00045,40.5,0.7219,0.9936,ns
M5vsM6_raw_24m,tertiles,Relative Disturbance,GPPsat,High,37,0.09151,40.5,0.9362,0.9936,ns
M5vsM6_raw_24m,tertiles,Relative Disturbance,NEPmax,High,37,0.24312,35.1,0.9813,0.9936,ns
M5vsM6_raw_24m,tertiles,Relative Disturbance,WUE,High,37,0.01934,35.1,0.9127,0.9936,ns
M5vsM6_raw_24m,tertiles,Relative Disturbance,uWUE,High,37,0.00578,45.9,0.8051,0.9936,ns
M5vsM6_raw_24m,tertiles,Relative Disturbance,ETmax,Mid,37,-0.00017,54.1,0.3872,0.8879,ns
M5vsM6_raw_24m,tertiles,Relative Disturbance,GPPsat,Mid,37,-0.06053,59.5,0.1949,0.7243,ns
M5vsM6_raw_24m,tertiles,Relative Disturbance,NEPmax,Mid,37,-0.13243,56.8,0.2253,0.7243,ns
M5vsM6_raw_24m,tertiles,Relative Disturbance,WUE,Mid,37,0.0075,43.2,0.4282,0.8879,ns
M5vsM6_raw_24m,tertiles,Relative Disturbance,uWUE,Mid,37,-0.00713,59.5,0.1991,0.7243,ns
M5vsM6_raw_24m,tertiles,Relative Disturbance,ETmax,Low,38,-0.00052,57.9,0.05373,0.7243,ns
M5vsM6_raw_24m,tertiles,Relative Disturbance,GPPsat,Low,38,-0.03257,52.6,0.4538,0.8879,ns
M5vsM6_raw_24m,tertiles,Relative Disturbance,NEPmax,Low,38,-0.06601,60.5,0.05533,0.7243,ns
M5vsM6_raw_24m,tertiles,Relative Disturbance,WUE,Low,38,0.01985,44.7,0.7288,0.9936,ns
M5vsM6_raw_24m,tertiles,Relative Disturbance,uWUE,Low,38,0.00363,47.4,0.7523,0.9936,ns
M5vsM6_raw_24m,equal_width,Absolute Mortality,ETmax,Mid,52,1e-04,48.1,0.574,0.9818,ns
M5vsM6_raw_24m,equal_width,Absolute Mortality,GPPsat,Mid,52,0.0576,46.2,0.8735,0.9818,ns
M5vsM6_raw_24m,equal_width,Absolute Mortality,NEPmax,Mid,52,0.12479,40.4,0.9329,0.9818,ns
M5vsM6_raw_24m,equal_width,Absolute Mortality,WUE,Mid,52,-0.01735,53.8,0.05916,0.6456,ns
M5vsM6_raw_24m,equal_width,Absolute Mortality,uWUE,Mid,52,-0.0011,53.8,0.1507,0.6456,ns
M5vsM6_raw_24m,equal_width,Absolute Mortality,ETmax,Low,54,-0.00052,55.6,0.197,0.6456,ns
M5vsM6_raw_24m,equal_width,Absolute Mortality,GPPsat,Low,54,-0.04611,57.4,0.1333,0.6456,ns
M5vsM6_raw_24m,equal_width,Absolute Mortality,NEPmax,Low,54,-0.06601,57.4,0.09101,0.6456,ns
M5vsM6_raw_24m,equal_width,Absolute Mortality,WUE,Low,54,0.03078,29.6,0.9971,0.9971,ns
M5vsM6_raw_24m,equal_width,Absolute Mortality,uWUE,Low,54,3e-04,50,0.8893,0.9818,ns
M5vsM6_raw_24m,equal_width,Absolute Mortality,ETmax,High,6,0.00038,33.3,0.5,0.9818,ns
M5vsM6_raw_24m,equal_width,Absolute Mortality,GPPsat,High,6,0.28144,33.3,0.7992,0.9818,ns
M5vsM6_raw_24m,equal_width,Absolute Mortality,NEPmax,High,6,-0.26447,83.3,0.2008,0.6456,ns
M5vsM6_raw_24m,equal_width,Absolute Mortality,WUE,High,6,0.05195,33.3,0.6625,0.9818,ns
M5vsM6_raw_24m,equal_width,Absolute Mortality,uWUE,High,6,0.01339,33.3,0.8527,0.9818,ns
M5vsM6_raw_24m,equal_width,Relative Mortality,ETmax,Mid,34,-0.00023,52.9,0.5205,0.9818,ns
M5vsM6_raw_24m,equal_width,Relative Mortality,GPPsat,Mid,34,0.18245,38.2,0.9421,0.9818,ns
M5vsM6_raw_24m,equal_width,Relative Mortality,NEPmax,Mid,34,0.0741,47.1,0.8475,0.9818,ns
M5vsM6_raw_24m,equal_width,Relative Mortality,WUE,Mid,34,0.01597,41.2,0.7078,0.9818,ns
M5vsM6_raw_24m,equal_width,Relative Mortality,uWUE,Mid,34,0.00469,47.1,0.7689,0.9818,ns
M5vsM6_raw_24m,equal_width,Relative Mortality,ETmax,High,8,0.00136,25,0.7794,0.9818,ns
M5vsM6_raw_24m,equal_width,Relative Mortality,GPPsat,High,8,0.61789,25,0.9083,0.9818,ns
M5vsM6_raw_24m,equal_width,Relative Mortality,NEPmax,High,8,0.28211,12.5,0.96,0.9818,ns
M5vsM6_raw_24m,equal_width,Relative Mortality,WUE,High,8,-0.00181,50,0.6369,0.9818,ns
M5vsM6_raw_24m,equal_width,Relative Mortality,uWUE,High,8,-0.04277,75,0.1814,0.6456,ns
M5vsM6_raw_24m,equal_width,Relative Mortality,ETmax,Low,70,-0.00021,52.9,0.1461,0.6456,ns
M5vsM6_raw_24m,equal_width,Relative Mortality,GPPsat,Low,70,-0.06501,60,0.09396,0.6456,ns
M5vsM6_raw_24m,equal_width,Relative Mortality,NEPmax,Low,70,-0.05467,57.1,0.06118,0.6456,ns
M5vsM6_raw_24m,equal_width,Relative Mortality,WUE,Low,70,0.0177,40,0.8003,0.9818,ns
M5vsM6_raw_24m,equal_width,Relative Mortality,uWUE,Low,70,3e-04,50,0.646,0.9818,ns
M5vsM6_raw_24m,equal_width,Relative Disturbance,ETmax,Mid,39,-0.00047,56.4,0.2277,0.683,ns
M5vsM6_raw_24m,equal_width,Relative Disturbance,GPPsat,Mid,39,0.03516,46.2,0.8046,0.9818,ns
M5vsM6_raw_24m,equal_width,Relative Disturbance,NEPmax,Mid,39,-0.03961,51.3,0.639,0.9818,ns
M5vsM6_raw_24m,equal_width,Relative Disturbance,WUE,Mid,39,0.01307,41,0.6898,0.9818,ns
M5vsM6_raw_24m,equal_width,Relative Disturbance,uWUE,Mid,39,0.0055,46.2,0.8197,0.9818,ns
M5vsM6_raw_24m,equal_width,Relative Disturbance,ETmax,High,10,0.00177,20,0.8689,0.9818,ns
M5vsM6_raw_24m,equal_width,Relative Disturbance,GPPsat,High,10,0.33645,30,0.9232,0.9818,ns
M5vsM6_raw_24m,equal_width,Relative Disturbance,NEPmax,High,10,0.28211,20,0.9485,0.9818,ns
M5vsM6_raw_24m,equal_width,Relative Disturbance,WUE,High,10,-0.00181,50,0.6201,0.9818,ns
M5vsM6_raw_24m,equal_width,Relative Disturbance,uWUE,High,10,-0.01922,70,0.154,0.6456,ns
M5vsM6_raw_24m,equal_width,Relative Disturbance,ETmax,Low,63,-0.00017,52.4,0.1914,0.6456,ns
M5vsM6_raw_24m,equal_width,Relative Disturbance,GPPsat,Low,63,-0.05467,57.1,0.1914,0.6456,ns
M5vsM6_raw_24m,equal_width,Relative Disturbance,NEPmax,Low,63,-0.04915,55.6,0.1148,0.6456,ns
M5vsM6_raw_24m,equal_width,Relative Disturbance,WUE,Low,63,0.01781,39.7,0.8486,0.9818,ns
M5vsM6_raw_24m,equal_width,Relative Disturbance,uWUE,Low,63,-0.00022,50.8,0.6223,0.9818,ns
M5vsM6_raw_24m,natural_breaks,Absolute Mortality,ETmax,High,29,-0.00054,51.7,0.3327,0.9875,ns
M5vsM6_raw_24m,natural_breaks,Absolute Mortality,GPPsat,High,29,0.02072,48.3,0.8347,0.9875,ns
M5vsM6_raw_24m,natural_breaks,Absolute Mortality,NEPmax,High,29,-0.05274,55.2,0.5856,0.9875,ns
M5vsM6_raw_24m,natural_breaks,Absolute Mortality,WUE,High,29,0.01758,44.8,0.5856,0.9875,ns
M5vsM6_raw_24m,natural_breaks,Absolute Mortality,uWUE,High,29,-0.00101,51.7,0.1819,0.8581,ns
M5vsM6_raw_24m,natural_breaks,Absolute Mortality,ETmax,Mid,46,1e-04,47.8,0.5478,0.9875,ns
M5vsM6_raw_24m,natural_breaks,Absolute Mortality,GPPsat,Mid,46,0.0685,43.5,0.781,0.9875,ns
M5vsM6_raw_24m,natural_breaks,Absolute Mortality,NEPmax,Mid,46,0.05193,41.3,0.7679,0.9875,ns
M5vsM6_raw_24m,natural_breaks,Absolute Mortality,WUE,Mid,46,0.0011,50,0.3076,0.9875,ns
M5vsM6_raw_24m,natural_breaks,Absolute Mortality,uWUE,Mid,46,0.00146,47.8,0.6243,0.9875,ns
M5vsM6_raw_24m,natural_breaks,Absolute Mortality,ETmax,Low,37,-0.00017,54.1,0.2681,0.9875,ns
M5vsM6_raw_24m,natural_breaks,Absolute Mortality,GPPsat,Low,37,-0.0695,62.2,0.1025,0.6591,ns
M5vsM6_raw_24m,natural_breaks,Absolute Mortality,NEPmax,Low,37,-0.05661,59.5,0.1634,0.8581,ns
M5vsM6_raw_24m,natural_breaks,Absolute Mortality,WUE,Low,37,0.02523,27,0.9862,0.9875,ns
M5vsM6_raw_24m,natural_breaks,Absolute Mortality,uWUE,Low,37,-0.00517,54.1,0.8613,0.9875,ns
M5vsM6_raw_24m,natural_breaks,Relative Mortality,ETmax,Mid,45,8e-05,48.9,0.6154,0.9875,ns
M5vsM6_raw_24m,natural_breaks,Relative Mortality,GPPsat,Mid,45,0.02072,48.9,0.7473,0.9875,ns
M5vsM6_raw_24m,natural_breaks,Relative Mortality,NEPmax,Mid,45,0.05812,48.9,0.5893,0.9875,ns
M5vsM6_raw_24m,natural_breaks,Relative Mortality,WUE,Mid,45,0.00744,44.4,0.4328,0.9875,ns
M5vsM6_raw_24m,natural_breaks,Relative Mortality,uWUE,Mid,45,-0.00722,60,0.09331,0.6591,ns
M5vsM6_raw_24m,natural_breaks,Relative Mortality,ETmax,High,26,0.00038,46.2,0.4195,0.9875,ns
M5vsM6_raw_24m,natural_breaks,Relative Mortality,GPPsat,High,26,0.14844,38.5,0.9188,0.9875,ns
M5vsM6_raw_24m,natural_breaks,Relative Mortality,NEPmax,High,26,0.15444,38.5,0.948,0.9875,ns
M5vsM6_raw_24m,natural_breaks,Relative Mortality,WUE,High,26,0.0269,38.5,0.8681,0.9875,ns
M5vsM6_raw_24m,natural_breaks,Relative Mortality,uWUE,High,26,0.0024,50,0.667,0.9875,ns
M5vsM6_raw_24m,natural_breaks,Relative Mortality,ETmax,Low,41,-0.00048,56.1,0.09313,0.6591,ns
M5vsM6_raw_24m,natural_breaks,Relative Mortality,GPPsat,Low,41,-0.09855,61,0.07156,0.6591,ns
M5vsM6_raw_24m,natural_breaks,Relative Mortality,NEPmax,Low,41,-0.07541,61,0.03102,0.6591,ns
M5vsM6_raw_24m,natural_breaks,Relative Mortality,WUE,Low,41,0.02226,39,0.8834,0.9875,ns
M5vsM6_raw_24m,natural_breaks,Relative Mortality,uWUE,Low,41,0.01227,41.5,0.9111,0.9875,ns
M5vsM6_raw_24m,natural_breaks,Relative Disturbance,ETmax,Mid,49,-0.00029,55.1,0.3903,0.9875,ns
M5vsM6_raw_24m,natural_breaks,Relative Disturbance,GPPsat,Mid,49,-0.06566,59.2,0.1907,0.8581,ns
M5vsM6_raw_24m,natural_breaks,Relative Disturbance,NEPmax,Mid,49,-0.04915,53.1,0.4802,0.9875,ns
M5vsM6_raw_24m,natural_breaks,Relative Disturbance,WUE,Mid,49,0.01557,38.8,0.6764,0.9875,ns
M5vsM6_raw_24m,natural_breaks,Relative Disturbance,uWUE,Mid,49,-0.00334,57.1,0.306,0.9875,ns
M5vsM6_raw_24m,natural_breaks,Relative Disturbance,ETmax,High,24,0.00104,33.3,0.7923,0.9875,ns
M5vsM6_raw_24m,natural_breaks,Relative Disturbance,GPPsat,High,24,0.33645,29.2,0.9875,0.9875,ns
M5vsM6_raw_24m,natural_breaks,Relative Disturbance,NEPmax,High,24,0.20225,33.3,0.9554,0.9875,ns
M5vsM6_raw_24m,natural_breaks,Relative Disturbance,WUE,High,24,0.01846,41.7,0.7755,0.9875,ns
M5vsM6_raw_24m,natural_breaks,Relative Disturbance,uWUE,High,24,0.01251,41.7,0.784,0.9875,ns
M5vsM6_raw_24m,natural_breaks,Relative Disturbance,ETmax,Low,39,-0.00048,56.4,0.05821,0.6591,ns
M5vsM6_raw_24m,natural_breaks,Relative Disturbance,GPPsat,Low,39,-0.03756,53.8,0.3662,0.9875,ns
M5vsM6_raw_24m,natural_breaks,Relative Disturbance,NEPmax,Low,39,-0.05661,59,0.06325,0.6591,ns
M5vsM6_raw_24m,natural_breaks,Relative Disturbance,WUE,Low,39,0.01781,43.6,0.7327,0.9875,ns
M5vsM6_raw_24m,natural_breaks,Relative Disturbance,uWUE,Low,39,0.00082,48.7,0.6996,0.9875,ns
M5vsM6_anom_12m,tertiles,Absolute Mortality,ETmax,High,37,-0.00068,54.1,0.212,0.2891,ns
M5vsM6_anom_12m,tertiles,Absolute Mortality,GPPsat,High,37,-0.84486,75.7,0.003161,0.01293,*
M5vsM6_anom_12m,tertiles,Absolute Mortality,NEPmax,High,37,-0.74396,64.9,0.002508,0.01128,*
M5vsM6_anom_12m,tertiles,Absolute Mortality,WUE,High,37,-0.04877,56.8,0.07808,0.1405,ns
M5vsM6_anom_12m,tertiles,Absolute Mortality,uWUE,High,37,0.02061,45.9,0.5,0.5357,ns
M5vsM6_anom_12m,tertiles,Absolute Mortality,ETmax,Mid,37,-0.00229,62.2,0.09467,0.1639,ns
M5vsM6_anom_12m,tertiles,Absolute Mortality,GPPsat,Mid,37,-0.78007,67.6,0.006965,0.0213,*
M5vsM6_anom_12m,tertiles,Absolute Mortality,NEPmax,Mid,37,-1.15316,64.9,0.03397,0.06948,ns
M5vsM6_anom_12m,tertiles,Absolute Mortality,WUE,Mid,37,-0.02859,54.1,0.1867,0.2683,ns
M5vsM6_anom_12m,tertiles,Absolute Mortality,uWUE,Mid,37,0.03894,43.2,0.353,0.3875,ns
M5vsM6_anom_12m,tertiles,Absolute Mortality,ETmax,Low,38,-0.00045,50,0.1805,0.2683,ns
M5vsM6_anom_12m,tertiles,Absolute Mortality,GPPsat,Low,38,-0.92973,71.1,0.001279,0.01128,*
M5vsM6_anom_12m,tertiles,Absolute Mortality,NEPmax,Low,38,-1.18598,73.7,0.001406,0.01128,*
M5vsM6_anom_12m,tertiles,Absolute Mortality,WUE,Low,38,-0.03016,60.5,0.1352,0.2152,ns
M5vsM6_anom_12m,tertiles,Absolute Mortality,uWUE,Low,38,-0.07129,63.2,0.03842,0.07518,ns
M5vsM6_anom_12m,tertiles,Relative Mortality,ETmax,High,37,-0.00094,54.1,0.2935,0.3669,ns
M5vsM6_anom_12m,tertiles,Relative Mortality,GPPsat,High,37,-0.80367,70.3,0.001554,0.01128,*
M5vsM6_anom_12m,tertiles,Relative Mortality,NEPmax,High,37,-1.15316,64.9,0.0009918,0.01128,*
M5vsM6_anom_12m,tertiles,Relative Mortality,WUE,High,37,0.01868,48.6,0.108,0.18,ns
M5vsM6_anom_12m,tertiles,Relative Mortality,uWUE,High,37,0.02255,43.2,0.32,0.3875,ns
M5vsM6_anom_12m,tertiles,Relative Mortality,ETmax,Mid,37,-0.00171,59.5,0.02674,0.0573,ns
M5vsM6_anom_12m,tertiles,Relative Mortality,GPPsat,Mid,37,-1.19275,81.1,0.002177,0.01128,*
M5vsM6_anom_12m,tertiles,Relative Mortality,NEPmax,Mid,37,-1.06232,70.3,0.007573,0.0213,*
M5vsM6_anom_12m,tertiles,Relative Mortality,WUE,Mid,37,-0.0899,73,0.005164,0.01787,*
M5vsM6_anom_12m,tertiles,Relative Mortality,uWUE,Mid,37,-0.08432,67.6,0.02161,0.05118,ns
M5vsM6_anom_12m,tertiles,Relative Mortality,ETmax,Low,38,-0.00115,52.6,0.3531,0.3875,ns
M5vsM6_anom_12m,tertiles,Relative Mortality,GPPsat,Low,38,-0.68452,63.2,0.01712,0.04279,*
M5vsM6_anom_12m,tertiles,Relative Mortality,NEPmax,Low,38,-1.03963,68.4,0.01325,0.03507,*
M5vsM6_anom_12m,tertiles,Relative Mortality,WUE,Low,38,0.00443,50,0.7142,0.7142,ns
M5vsM6_anom_12m,tertiles,Relative Mortality,uWUE,Low,38,0.01583,42.1,0.689,0.7047,ns
M5vsM6_anom_12m,tertiles,Relative Disturbance,ETmax,High,37,-0.00094,54.1,0.2486,0.3196,ns
M5vsM6_anom_12m,tertiles,Relative Disturbance,GPPsat,High,37,-0.80367,70.3,0.002283,0.01128,*
M5vsM6_anom_12m,tertiles,Relative Disturbance,NEPmax,High,37,-1.15316,64.9,0.001154,0.01128,*
M5vsM6_anom_12m,tertiles,Relative Disturbance,WUE,High,37,0.02381,45.9,0.1908,0.2683,ns
M5vsM6_anom_12m,tertiles,Relative Disturbance,uWUE,High,37,0.02255,43.2,0.3364,0.3875,ns
M5vsM6_anom_12m,tertiles,Relative Disturbance,ETmax,Mid,37,-0.00503,67.6,0.005164,0.01787,*
M5vsM6_anom_12m,tertiles,Relative Disturbance,GPPsat,Mid,37,-1.19275,81.1,0.0008507,0.01128,*
M5vsM6_anom_12m,tertiles,Relative Disturbance,NEPmax,Mid,37,-1.31359,75.7,0.001979,0.01128,*
M5vsM6_anom_12m,tertiles,Relative Disturbance,WUE,Mid,37,-0.05257,70.3,0.007263,0.0213,*
M5vsM6_anom_12m,tertiles,Relative Disturbance,uWUE,Mid,37,-0.03951,59.5,0.1387,0.2152,ns
M5vsM6_anom_12m,tertiles,Relative Disturbance,ETmax,Low,38,0.00047,44.7,0.6469,0.677,ns
M5vsM6_anom_12m,tertiles,Relative Disturbance,GPPsat,Low,38,-0.56777,63.2,0.02513,0.05653,ns
M5vsM6_anom_12m,tertiles,Relative Disturbance,NEPmax,Low,38,-0.56291,63.2,0.05533,0.1037,ns
M5vsM6_anom_12m,tertiles,Relative Disturbance,WUE,Low,38,-0.01351,55.3,0.3531,0.3875,ns
M5vsM6_anom_12m,tertiles,Relative Disturbance,uWUE,Low,38,-0.00425,50,0.2298,0.3041,ns
M5vsM6_anom_12m,equal_width,Absolute Mortality,ETmax,Mid,52,-0.00095,55.8,0.08813,0.172,ns
M5vsM6_anom_12m,equal_width,Absolute Mortality,GPPsat,Mid,52,-0.82426,67.3,0.008003,0.03274,*
M5vsM6_anom_12m,equal_width,Absolute Mortality,NEPmax,Mid,52,-0.79365,61.5,0.01048,0.03931,*
M5vsM6_anom_12m,equal_width,Absolute Mortality,WUE,Mid,52,-0.05067,59.6,0.01393,0.04821,*
M5vsM6_anom_12m,equal_width,Absolute Mortality,uWUE,Mid,52,-0.01271,53.8,0.1464,0.2126,ns
M5vsM6_anom_12m,equal_width,Absolute Mortality,ETmax,Low,54,-0.00168,55.6,0.0896,0.172,ns
M5vsM6_anom_12m,equal_width,Absolute Mortality,GPPsat,Low,54,-1.0613,75.9,1.93e-05,0.0008686,***
M5vsM6_anom_12m,equal_width,Absolute Mortality,NEPmax,Low,54,-1.21677,75.9,8.121e-05,0.001827,**
M5vsM6_anom_12m,equal_width,Absolute Mortality,WUE,Low,54,-0.0244,57.4,0.2428,0.3121,ns
M5vsM6_anom_12m,equal_width,Absolute Mortality,uWUE,Low,54,-0.00425,50,0.1853,0.2526,ns
M5vsM6_anom_12m,equal_width,Absolute Mortality,ETmax,High,6,0.00095,50,0.7353,0.7353,ns
M5vsM6_anom_12m,equal_width,Absolute Mortality,GPPsat,High,6,-0.36041,66.7,0.417,0.4691,ns
M5vsM6_anom_12m,equal_width,Absolute Mortality,NEPmax,High,6,-0.2969,50,0.2647,0.3309,ns
M5vsM6_anom_12m,equal_width,Absolute Mortality,WUE,High,6,0.05028,33.3,0.6625,0.6776,ns
M5vsM6_anom_12m,equal_width,Absolute Mortality,uWUE,High,6,0.06563,33.3,0.583,0.6129,ns
M5vsM6_anom_12m,equal_width,Relative Mortality,ETmax,Mid,34,-0.00141,61.8,0.1407,0.2111,ns
M5vsM6_anom_12m,equal_width,Relative Mortality,GPPsat,Mid,34,-0.88111,70.6,0.001386,0.007798,**
M5vsM6_anom_12m,equal_width,Relative Mortality,NEPmax,Mid,34,-1.32802,67.6,0.0003786,0.00374,**
M5vsM6_anom_12m,equal_width,Relative Mortality,WUE,Mid,34,0.02098,47.1,0.2417,0.3121,ns
M5vsM6_anom_12m,equal_width,Relative Mortality,uWUE,Mid,34,0.03074,41.2,0.5476,0.6011,ns
M5vsM6_anom_12m,equal_width,Relative Mortality,ETmax,High,8,-0.00339,50,0.4168,0.4691,ns
M5vsM6_anom_12m,equal_width,Relative Mortality,GPPsat,High,8,-1.20604,75,0.09172,0.172,ns
M5vsM6_anom_12m,equal_width,Relative Mortality,NEPmax,High,8,-0.69569,62.5,0.117,0.188,ns
M5vsM6_anom_12m,equal_width,Relative Mortality,WUE,High,8,-0.30965,62.5,0.07074,0.172,ns
M5vsM6_anom_12m,equal_width,Relative Mortality,uWUE,High,8,-0.19965,62.5,0.09172,0.172,ns
M5vsM6_anom_12m,equal_width,Relative Mortality,ETmax,Low,70,-0.00115,52.9,0.09694,0.1745,ns
M5vsM6_anom_12m,equal_width,Relative Mortality,GPPsat,Low,70,-0.79294,71.4,0.0003158,0.00374,**
M5vsM6_anom_12m,equal_width,Relative Mortality,NEPmax,Low,70,-0.84494,68.6,0.002107,0.01053,*
M5vsM6_anom_12m,equal_width,Relative Mortality,WUE,Low,70,-0.03262,61.4,0.07666,0.172,ns
M5vsM6_anom_12m,equal_width,Relative Mortality,uWUE,Low,70,-0.02204,54.3,0.114,0.188,ns
M5vsM6_anom_12m,equal_width,Relative Disturbance,ETmax,Mid,39,-0.00171,61.5,0.1084,0.1876,ns
M5vsM6_anom_12m,equal_width,Relative Disturbance,GPPsat,Mid,39,-0.95856,71.8,0.0009075,0.005834,**
M5vsM6_anom_12m,equal_width,Relative Disturbance,NEPmax,Mid,39,-1.29675,69.2,0.0004156,0.00374,**
M5vsM6_anom_12m,equal_width,Relative Disturbance,WUE,Mid,39,0.02329,46.2,0.3053,0.3713,ns
M5vsM6_anom_12m,equal_width,Relative Disturbance,uWUE,Mid,39,0.03894,41,0.5856,0.6129,ns
M5vsM6_anom_12m,equal_width,Relative Disturbance,ETmax,High,10,-0.00339,50,0.3417,0.4047,ns
M5vsM6_anom_12m,equal_width,Relative Disturbance,GPPsat,High,10,-1.20604,80,0.04157,0.11,ns
M5vsM6_anom_12m,equal_width,Relative Disturbance,NEPmax,High,10,-2.12696,70,0.03327,0.09982,ns
M5vsM6_anom_12m,equal_width,Relative Disturbance,WUE,High,10,-0.30965,70,0.02639,0.08484,ns
M5vsM6_anom_12m,equal_width,Relative Disturbance,uWUE,High,10,-0.25752,70,0.04157,0.11,ns
M5vsM6_anom_12m,equal_width,Relative Disturbance,ETmax,Low,63,-0.00114,52.4,0.1405,0.2111,ns
M5vsM6_anom_12m,equal_width,Relative Disturbance,GPPsat,Low,63,-0.72833,69.8,0.0008678,0.005834,**
M5vsM6_anom_12m,equal_width,Relative Disturbance,NEPmax,Low,63,-0.80503,66.7,0.006052,0.02723,*
M5vsM6_anom_12m,equal_width,Relative Disturbance,WUE,Low,63,-0.03297,61.9,0.08387,0.172,ns
M5vsM6_anom_12m,equal_width,Relative Disturbance,uWUE,Low,63,-0.02064,54,0.1514,0.2129,ns
M5vsM6_anom_12m,natural_breaks,Absolute Mortality,ETmax,High,29,-0.00111,58.6,0.2445,0.3143,ns
M5vsM6_anom_12m,natural_breaks,Absolute Mortality,GPPsat,High,29,-0.95856,72.4,0.009213,0.02764,*
M5vsM6_anom_12m,natural_breaks,Absolute Mortality,NEPmax,High,29,-1.05429,65.5,0.003667,0.0165,*
M5vsM6_anom_12m,natural_breaks,Absolute Mortality,WUE,High,29,-0.04165,51.7,0.1172,0.1818,ns
M5vsM6_anom_12m,natural_breaks,Absolute Mortality,uWUE,High,29,0.02255,44.8,0.4484,0.4921,ns
M5vsM6_anom_12m,natural_breaks,Absolute Mortality,ETmax,Mid,46,-0.00196,58.7,0.06582,0.1185,ns
M5vsM6_anom_12m,natural_breaks,Absolute Mortality,GPPsat,Mid,46,-0.79187,71.7,0.00233,0.01311,*
M5vsM6_anom_12m,natural_breaks,Absolute Mortality,NEPmax,Mid,46,-1.10774,65.2,0.01569,0.04412,*
M5vsM6_anom_12m,natural_breaks,Absolute Mortality,WUE,Mid,46,-0.03043,56.5,0.1601,0.2401,ns
M5vsM6_anom_12m,natural_breaks,Absolute Mortality,uWUE,Mid,46,0.01147,45.7,0.384,0.4474,ns
M5vsM6_anom_12m,natural_breaks,Absolute Mortality,ETmax,Low,37,0.00024,48.6,0.2208,0.2923,ns
M5vsM6_anom_12m,natural_breaks,Absolute Mortality,GPPsat,Low,37,-1.00371,70.3,0.001275,0.009659,**
M5vsM6_anom_12m,natural_breaks,Absolute Mortality,NEPmax,Low,37,-1.17756,73,0.001798,0.01156,*
M5vsM6_anom_12m,natural_breaks,Absolute Mortality,WUE,Low,37,-0.03171,62.2,0.09986,0.1605,ns
M5vsM6_anom_12m,natural_breaks,Absolute Mortality,uWUE,Low,37,-0.07699,62.2,0.04555,0.0976,ns
M5vsM6_anom_12m,natural_breaks,Relative Mortality,ETmax,Mid,45,-0.00303,66.7,0.007155,0.02477,*
M5vsM6_anom_12m,natural_breaks,Relative Mortality,GPPsat,Mid,45,-1.19275,80,0.0001657,0.006745,**
M5vsM6_anom_12m,natural_breaks,Relative Mortality,NEPmax,Mid,45,-1.17756,71.1,0.001153,0.009659,**
M5vsM6_anom_12m,natural_breaks,Relative Mortality,WUE,Mid,45,-0.03227,60,0.04853,0.09927,ns
M5vsM6_anom_12m,natural_breaks,Relative Mortality,uWUE,Mid,45,-0.02343,57.8,0.1744,0.2483,ns
M5vsM6_anom_12m,natural_breaks,Relative Mortality,ETmax,High,26,0.00058,46.2,0.5405,0.5656,ns
M5vsM6_anom_12m,natural_breaks,Relative Mortality,GPPsat,High,26,-0.72652,73.1,0.009088,0.02764,*
M5vsM6_anom_12m,natural_breaks,Relative Mortality,NEPmax,High,26,-1.10372,65.4,0.004448,0.01668,*
M5vsM6_anom_12m,natural_breaks,Relative Mortality,WUE,High,26,-0.05171,57.7,0.04441,0.0976,ns
M5vsM6_anom_12m,natural_breaks,Relative Mortality,uWUE,High,26,-0.00519,50,0.07385,0.1278,ns
M5vsM6_anom_12m,natural_breaks,Relative Mortality,ETmax,Low,41,0.00013,48.8,0.3878,0.4474,ns
M5vsM6_anom_12m,natural_breaks,Relative Mortality,GPPsat,Low,41,-0.64072,61,0.0284,0.07099,ns
M5vsM6_anom_12m,natural_breaks,Relative Mortality,NEPmax,Low,41,-0.88486,65.9,0.01907,0.05048,ns
M5vsM6_anom_12m,natural_breaks,Relative Mortality,WUE,Low,41,-0.00576,53.7,0.4897,0.5246,ns
M5vsM6_anom_12m,natural_breaks,Relative Mortality,uWUE,Low,41,0.01504,43.9,0.5567,0.5693,ns
M5vsM6_anom_12m,natural_breaks,Relative Disturbance,ETmax,Mid,49,-0.00503,63.3,0.004194,0.01668,*
M5vsM6_anom_12m,natural_breaks,Relative Disturbance,GPPsat,Mid,49,-1.15946,75.5,0.0002998,0.006745,**
M5vsM6_anom_12m,natural_breaks,Relative Disturbance,NEPmax,Mid,49,-1.17756,71.4,0.0007285,0.009659,**
M5vsM6_anom_12m,natural_breaks,Relative Disturbance,WUE,Mid,49,-0.03171,59.2,0.05141,0.1006,ns
M5vsM6_anom_12m,natural_breaks,Relative Disturbance,uWUE,Mid,49,-0.01664,55.1,0.1934,0.2637,ns
M5vsM6_anom_12m,natural_breaks,Relative Disturbance,ETmax,High,24,-0.00103,54.2,0.4376,0.4921,ns
M5vsM6_anom_12m,natural_breaks,Relative Disturbance,GPPsat,High,24,-0.96547,79.2,0.00318,0.0159,*
M5vsM6_anom_12m,natural_breaks,Relative Disturbance,NEPmax,High,24,-1.32802,70.8,0.001288,0.009659,**
M5vsM6_anom_12m,natural_breaks,Relative Disturbance,WUE,High,24,-0.05171,54.2,0.06319,0.1185,ns
M5vsM6_anom_12m,natural_breaks,Relative Disturbance,uWUE,High,24,0.02158,45.8,0.1766,0.2483,ns
M5vsM6_anom_12m,natural_breaks,Relative Disturbance,ETmax,Low,39,0.00042,46.2,0.6179,0.6179,ns
M5vsM6_anom_12m,natural_breaks,Relative Disturbance,GPPsat,Low,39,-0.52989,61.5,0.0376,0.08905,ns
M5vsM6_anom_12m,natural_breaks,Relative Disturbance,NEPmax,Low,39,-0.43728,61.5,0.07832,0.1305,ns
M5vsM6_anom_12m,natural_breaks,Relative Disturbance,WUE,Low,39,-0.02126,56.4,0.3352,0.4077,ns
M5vsM6_anom_12m,natural_breaks,Relative Disturbance,uWUE,Low,39,0.00058,48.7,0.3004,0.3755,ns
M5vsM6_anom_24m,tertiles,Absolute Mortality,ETmax,High,37,0.00019,45.9,0.2486,0.3024,ns
M5vsM6_anom_24m,tertiles,Absolute Mortality,GPPsat,High,37,-0.3857,59.5,0.01381,0.0428,*
M5vsM6_anom_24m,tertiles,Absolute Mortality,NEPmax,High,37,-0.86152,62.2,0.002076,0.01612,*
M5vsM6_anom_24m,tertiles,Absolute Mortality,WUE,High,37,-0.06721,56.8,0.09216,0.1536,ns
M5vsM6_anom_24m,tertiles,Absolute Mortality,uWUE,High,37,0.03096,45.9,0.4105,0.4398,ns
M5vsM6_anom_24m,tertiles,Absolute Mortality,ETmax,Mid,37,-0.00064,59.5,0.1787,0.2437,ns
M5vsM6_anom_24m,tertiles,Absolute Mortality,GPPsat,Mid,37,-1.01459,78.4,0.003963,0.01783,*
M5vsM6_anom_24m,tertiles,Absolute Mortality,NEPmax,Mid,37,-0.72786,62.2,0.05005,0.1056,ns
M5vsM6_anom_24m,tertiles,Absolute Mortality,WUE,Mid,37,0.00233,48.6,0.1908,0.2525,ns
M5vsM6_anom_24m,tertiles,Absolute Mortality,uWUE,Mid,37,-0.02464,51.4,0.2299,0.2874,ns
M5vsM6_anom_24m,tertiles,Absolute Mortality,ETmax,Low,38,-0.00191,52.6,0.1009,0.1622,ns
M5vsM6_anom_24m,tertiles,Absolute Mortality,GPPsat,Low,38,-0.85758,65.8,0.002931,0.01649,*
M5vsM6_anom_24m,tertiles,Absolute Mortality,NEPmax,Low,38,-1.00544,73.7,0.001698,0.01612,*
M5vsM6_anom_24m,tertiles,Absolute Mortality,WUE,Low,38,-0.07311,71.1,0.08193,0.1418,ns
M5vsM6_anom_24m,tertiles,Absolute Mortality,uWUE,Low,38,-0.09811,63.2,0.06575,0.1286,ns
M5vsM6_anom_24m,tertiles,Relative Mortality,ETmax,High,37,-4e-05,51.4,0.2884,0.3327,ns
M5vsM6_anom_24m,tertiles,Relative Mortality,GPPsat,High,37,-0.93524,70.3,0.0009918,0.01612,*
M5vsM6_anom_24m,tertiles,Relative Mortality,NEPmax,High,37,-0.86152,67.6,0.001554,0.01612,*
M5vsM6_anom_24m,tertiles,Relative Mortality,WUE,High,37,-0.06261,56.8,0.05162,0.1056,ns
M5vsM6_anom_24m,tertiles,Relative Mortality,uWUE,High,37,-0.04997,51.4,0.1321,0.1918,ns
M5vsM6_anom_24m,tertiles,Relative Mortality,ETmax,Mid,37,-0.00123,54.1,0.05162,0.1056,ns
M5vsM6_anom_24m,tertiles,Relative Mortality,GPPsat,Mid,37,-1.01459,67.6,0.01329,0.0428,*
M5vsM6_anom_24m,tertiles,Relative Mortality,NEPmax,Mid,37,-1.06281,64.9,0.004732,0.01936,*
M5vsM6_anom_24m,tertiles,Relative Mortality,WUE,Mid,37,-0.10453,64.9,0.0201,0.0532,ns
M5vsM6_anom_24m,tertiles,Relative Mortality,uWUE,Mid,37,-0.07532,59.5,0.06964,0.1306,ns
M5vsM6_anom_24m,tertiles,Relative Mortality,ETmax,Low,38,-0.00191,52.6,0.3059,0.3441,ns
M5vsM6_anom_24m,tertiles,Relative Mortality,GPPsat,Low,38,-0.86576,65.8,0.008695,0.0326,*
M5vsM6_anom_24m,tertiles,Relative Mortality,NEPmax,Low,38,-0.64514,65.8,0.01905,0.0532,ns
M5vsM6_anom_24m,tertiles,Relative Mortality,WUE,Low,38,-0.02267,55.3,0.5748,0.5748,ns
M5vsM6_anom_24m,tertiles,Relative Mortality,uWUE,Low,38,-0.00142,50,0.5404,0.5645,ns
M5vsM6_anom_24m,tertiles,Relative Disturbance,ETmax,High,37,-0.00043,54.1,0.2208,0.2839,ns
M5vsM6_anom_24m,tertiles,Relative Disturbance,GPPsat,High,37,-0.81887,67.6,0.002508,0.01612,*
M5vsM6_anom_24m,tertiles,Relative Disturbance,NEPmax,High,37,-0.84774,67.6,0.002508,0.01612,*
M5vsM6_anom_24m,tertiles,Relative Disturbance,WUE,High,37,-0.00153,51.4,0.1109,0.1663,ns
M5vsM6_anom_24m,tertiles,Relative Disturbance,uWUE,High,37,-0.04997,51.4,0.1489,0.2095,ns
M5vsM6_anom_24m,tertiles,Relative Disturbance,ETmax,Mid,37,-0.00327,59.5,0.02322,0.05805,ns
M5vsM6_anom_24m,tertiles,Relative Disturbance,GPPsat,Mid,37,-1.21749,70.3,0.003963,0.01783,*
M5vsM6_anom_24m,tertiles,Relative Disturbance,NEPmax,Mid,37,-1.429,73,0.0005307,0.01612,*
M5vsM6_anom_24m,tertiles,Relative Disturbance,WUE,Mid,37,-0.07049,67.6,0.02966,0.07025,ns
M5vsM6_anom_24m,tertiles,Relative Disturbance,uWUE,Mid,37,-0.02294,51.4,0.353,0.3875,ns
M5vsM6_anom_24m,tertiles,Relative Disturbance,ETmax,Low,38,0.0013,44.7,0.5519,0.5645,ns
M5vsM6_anom_24m,tertiles,Relative Disturbance,GPPsat,Low,38,-0.72578,65.8,0.01427,0.0428,*
M5vsM6_anom_24m,tertiles,Relative Disturbance,NEPmax,Low,38,-0.48471,57.9,0.07976,0.1418,ns
M5vsM6_anom_24m,tertiles,Relative Disturbance,WUE,Low,38,-0.04085,57.9,0.2809,0.3327,ns
M5vsM6_anom_24m,tertiles,Relative Disturbance,uWUE,Low,38,-0.03253,57.9,0.1062,0.1647,ns
M5vsM6_anom_24m,equal_width,Absolute Mortality,ETmax,Mid,52,-0.00024,51.9,0.1616,0.2387,ns
M5vsM6_anom_24m,equal_width,Absolute Mortality,GPPsat,Mid,52,-0.83056,63.5,0.01459,0.0505,ns
M5vsM6_anom_24m,equal_width,Absolute Mortality,NEPmax,Mid,52,-0.83866,59.6,0.01329,0.0505,ns
M5vsM6_anom_24m,equal_width,Absolute Mortality,WUE,Mid,52,-0.08382,59.6,0.01459,0.0505,ns
M5vsM6_anom_24m,equal_width,Absolute Mortality,uWUE,Mid,52,-0.00694,50,0.1683,0.2387,ns
M5vsM6_anom_24m,equal_width,Absolute Mortality,ETmax,Low,54,-0.00271,55.6,0.07523,0.1782,ns
M5vsM6_anom_24m,equal_width,Absolute Mortality,GPPsat,Low,54,-1.1846,74.1,3.233e-05,0.001455,**
M5vsM6_anom_24m,equal_width,Absolute Mortality,NEPmax,Low,54,-1.03363,74.1,0.0001032,0.002322,**
M5vsM6_anom_24m,equal_width,Absolute Mortality,WUE,Low,54,-0.05711,61.1,0.2092,0.2689,ns
M5vsM6_anom_24m,equal_width,Absolute Mortality,uWUE,Low,54,-0.03428,57.4,0.1044,0.1995,ns
M5vsM6_anom_24m,equal_width,Absolute Mortality,ETmax,High,6,0.00187,33.3,0.8527,0.8527,ns
M5vsM6_anom_24m,equal_width,Absolute Mortality,GPPsat,High,6,-0.1297,50,0.5,0.5233,ns
M5vsM6_anom_24m,equal_width,Absolute Mortality,NEPmax,High,6,-0.30487,50,0.2647,0.3219,ns
M5vsM6_anom_24m,equal_width,Absolute Mortality,WUE,High,6,0.02036,33.3,0.7353,0.752,ns
M5vsM6_anom_24m,equal_width,Absolute Mortality,uWUE,High,6,-0.00086,50,0.5,0.5233,ns
M5vsM6_anom_24m,equal_width,Relative Mortality,ETmax,Mid,34,2e-05,50,0.1779,0.2387,ns
M5vsM6_anom_24m,equal_width,Relative Mortality,GPPsat,Mid,34,-1.10567,70.6,0.0005804,0.005224,**
M5vsM6_anom_24m,equal_width,Relative Mortality,NEPmax,Mid,34,-0.99698,70.6,0.0005144,0.005224,**
M5vsM6_anom_24m,equal_width,Relative Mortality,WUE,Mid,34,-0.03548,52.9,0.1607,0.2387,ns
M5vsM6_anom_24m,equal_width,Relative Mortality,uWUE,Mid,34,0.01443,50,0.3222,0.3815,ns
M5vsM6_anom_24m,equal_width,Relative Mortality,ETmax,High,8,-0.0016,62.5,0.3631,0.4085,ns
M5vsM6_anom_24m,equal_width,Relative Mortality,GPPsat,High,8,-1.12828,75,0.09172,0.1965,ns
M5vsM6_anom_24m,equal_width,Relative Mortality,NEPmax,High,8,-0.84555,75,0.09172,0.1965,ns
M5vsM6_anom_24m,equal_width,Relative Mortality,WUE,High,8,-0.29481,75,0.04003,0.11,ns
M5vsM6_anom_24m,equal_width,Relative Mortality,uWUE,High,8,-0.28658,62.5,0.117,0.2025,ns
M5vsM6_anom_24m,equal_width,Relative Mortality,ETmax,Low,70,-0.00118,52.9,0.09795,0.1995,ns
M5vsM6_anom_24m,equal_width,Relative Mortality,GPPsat,Low,70,-0.85758,65.7,0.001591,0.01023,*
M5vsM6_anom_24m,equal_width,Relative Mortality,NEPmax,Low,70,-0.80956,62.9,0.002396,0.01348,*
M5vsM6_anom_24m,equal_width,Relative Mortality,WUE,Low,70,-0.05711,60,0.1074,0.1995,ns
M5vsM6_anom_24m,equal_width,Relative Mortality,uWUE,Low,70,-0.03253,54.3,0.173,0.2387,ns
M5vsM6_anom_24m,equal_width,Relative Disturbance,ETmax,Mid,39,-4e-05,51.3,0.1336,0.2227,ns
M5vsM6_anom_24m,equal_width,Relative Disturbance,GPPsat,Mid,39,-0.99385,66.7,0.0009514,0.007136,**
M5vsM6_anom_24m,equal_width,Relative Disturbance,NEPmax,Mid,39,-0.97024,69.2,0.0004369,0.005224,**
M5vsM6_anom_24m,equal_width,Relative Disturbance,WUE,Mid,39,-0.00835,51.3,0.2405,0.3006,ns
M5vsM6_anom_24m,equal_width,Relative Disturbance,uWUE,Mid,39,0.0518,48.7,0.4089,0.4488,ns
M5vsM6_anom_24m,equal_width,Relative Disturbance,ETmax,High,10,-0.0016,60,0.3417,0.3943,ns
M5vsM6_anom_24m,equal_width,Relative Disturbance,GPPsat,High,10,-1.87492,80,0.04157,0.11,ns
M5vsM6_anom_24m,equal_width,Relative Disturbance,NEPmax,High,10,-1.19883,80,0.02639,0.07918,ns
M5vsM6_anom_24m,equal_width,Relative Disturbance,WUE,High,10,-0.29481,80,0.01616,0.05193,ns
M5vsM6_anom_24m,equal_width,Relative Disturbance,uWUE,High,10,-0.29672,70,0.05146,0.1286,ns
M5vsM6_anom_24m,equal_width,Relative Disturbance,ETmax,Low,63,-0.00123,52.4,0.1451,0.2332,ns
M5vsM6_anom_24m,equal_width,Relative Disturbance,GPPsat,Low,63,-0.8314,66.7,0.002809,0.01405,*
M5vsM6_anom_24m,equal_width,Relative Disturbance,NEPmax,Low,63,-0.72786,61.9,0.007905,0.03557,*
M5vsM6_anom_24m,equal_width,Relative Disturbance,WUE,Low,63,-0.05828,60.3,0.1108,0.1995,ns
M5vsM6_anom_24m,equal_width,Relative Disturbance,uWUE,Low,63,-0.03216,54,0.1804,0.2387,ns
M5vsM6_anom_24m,natural_breaks,Absolute Mortality,ETmax,High,29,-0.00046,51.7,0.2246,0.2972,ns
M5vsM6_anom_24m,natural_breaks,Absolute Mortality,GPPsat,High,29,-0.37031,58.6,0.03635,0.07789,ns
M5vsM6_anom_24m,natural_breaks,Absolute Mortality,NEPmax,High,29,-0.97024,65.5,0.003667,0.0165,*
M5vsM6_anom_24m,natural_breaks,Absolute Mortality,WUE,High,29,-0.07341,55.2,0.113,0.1764,ns
M5vsM6_anom_24m,natural_breaks,Absolute Mortality,uWUE,High,29,0.03096,44.8,0.4228,0.4531,ns
M5vsM6_anom_24m,natural_breaks,Absolute Mortality,ETmax,Mid,46,-0.00047,54.3,0.1548,0.2191,ns
M5vsM6_anom_24m,natural_breaks,Absolute Mortality,GPPsat,Mid,46,-0.96569,76.1,0.001238,0.0145,*
M5vsM6_anom_24m,natural_breaks,Absolute Mortality,NEPmax,Mid,46,-0.61981,60.9,0.02794,0.06618,ns
M5vsM6_anom_24m,natural_breaks,Absolute Mortality,WUE,Mid,46,-0.00301,50,0.2158,0.2942,ns
M5vsM6_anom_24m,natural_breaks,Absolute Mortality,uWUE,Mid,46,-0.02379,52.2,0.2388,0.307,ns
M5vsM6_anom_24m,natural_breaks,Absolute Mortality,ETmax,Low,37,-0.00114,51.4,0.1258,0.1887,ns
M5vsM6_anom_24m,natural_breaks,Absolute Mortality,GPPsat,Low,37,-0.88376,64.9,0.003308,0.0165,*
M5vsM6_anom_24m,natural_breaks,Absolute Mortality,NEPmax,Low,37,-1.06281,73,0.001798,0.01499,*
M5vsM6_anom_24m,natural_breaks,Absolute Mortality,WUE,Low,37,-0.07574,73,0.05162,0.09679,ns
M5vsM6_anom_24m,natural_breaks,Absolute Mortality,uWUE,Low,37,-0.10673,62.2,0.07377,0.1328,ns
M5vsM6_anom_24m,natural_breaks,Relative Mortality,ETmax,Mid,45,-0.00123,53.3,0.0474,0.09275,ns
M5vsM6_anom_24m,natural_breaks,Relative Mortality,GPPsat,Mid,45,-1.21749,68.9,0.001999,0.01499,*
M5vsM6_anom_24m,natural_breaks,Relative Mortality,NEPmax,Mid,45,-1.28921,68.9,0.0007007,0.0145,*
M5vsM6_anom_24m,natural_breaks,Relative Mortality,WUE,Mid,45,-0.06721,57.8,0.08251,0.1428,ns
M5vsM6_anom_24m,natural_breaks,Relative Mortality,uWUE,Mid,45,-0.02294,51.1,0.3218,0.381,ns
M5vsM6_anom_24m,natural_breaks,Relative Mortality,ETmax,High,26,-0.00024,53.8,0.3516,0.4057,ns
M5vsM6_anom_24m,natural_breaks,Relative Mortality,GPPsat,High,26,-0.77237,73.1,0.005546,0.02269,*
M5vsM6_anom_24m,natural_breaks,Relative Mortality,NEPmax,High,26,-0.83866,65.4,0.01041,0.03637,*
M5vsM6_anom_24m,natural_breaks,Relative Mortality,WUE,High,26,-0.10404,61.5,0.02109,0.06298,ns
M5vsM6_anom_24m,natural_breaks,Relative Mortality,uWUE,High,26,-0.09796,61.5,0.0224,0.06298,ns
M5vsM6_anom_24m,natural_breaks,Relative Mortality,ETmax,Low,41,-0.00114,51.2,0.3112,0.3785,ns
M5vsM6_anom_24m,natural_breaks,Relative Mortality,GPPsat,Low,41,-0.8314,63.4,0.01426,0.04585,*
M5vsM6_anom_24m,natural_breaks,Relative Mortality,NEPmax,Low,41,-0.5953,63.4,0.02519,0.06298,ns
M5vsM6_anom_24m,natural_breaks,Relative Mortality,WUE,Low,41,-0.03211,58.5,0.3779,0.4251,ns
M5vsM6_anom_24m,natural_breaks,Relative Mortality,uWUE,Low,41,-0.0119,51.2,0.4128,0.4531,ns
M5vsM6_anom_24m,natural_breaks,Relative Disturbance,ETmax,Mid,49,-0.00359,59.2,0.01051,0.03637,*
M5vsM6_anom_24m,natural_breaks,Relative Disturbance,GPPsat,Mid,49,-1.1602,67.3,0.001289,0.0145,*
M5vsM6_anom_24m,natural_breaks,Relative Disturbance,NEPmax,Mid,49,-1.06281,71.4,0.0001778,0.007999,**
M5vsM6_anom_24m,natural_breaks,Relative Disturbance,WUE,Mid,49,-0.06261,61.2,0.09292,0.1549,ns
M5vsM6_anom_24m,natural_breaks,Relative Disturbance,uWUE,Mid,49,0.00324,49,0.4368,0.4571,ns
M5vsM6_anom_24m,natural_breaks,Relative Disturbance,ETmax,High,24,0.00037,50,0.5057,0.5172,ns
M5vsM6_anom_24m,natural_breaks,Relative Disturbance,GPPsat,High,24,-0.96455,75,0.002915,0.0165,*
M5vsM6_anom_24m,natural_breaks,Relative Disturbance,NEPmax,High,24,-0.85463,70.8,0.00318,0.0165,*
M5vsM6_anom_24m,natural_breaks,Relative Disturbance,WUE,High,24,-0.09679,58.3,0.03267,0.07352,ns
M5vsM6_anom_24m,natural_breaks,Relative Disturbance,uWUE,High,24,-0.06227,58.3,0.04732,0.09275,ns
M5vsM6_anom_24m,natural_breaks,Relative Disturbance,ETmax,Low,39,0.00044,46.2,0.5472,0.5472,ns
M5vsM6_anom_24m,natural_breaks,Relative Disturbance,GPPsat,Low,39,-0.7197,64.1,0.02415,0.06298,ns
M5vsM6_anom_24m,natural_breaks,Relative Disturbance,NEPmax,Low,39,-0.45766,56.4,0.1137,0.1764,ns
M5vsM6_anom_24m,natural_breaks,Relative Disturbance,WUE,Low,39,-0.02576,56.4,0.2812,0.3516,ns
M5vsM6_anom_24m,natural_breaks,Relative Disturbance,uWUE,Low,39,-0.03216,56.4,0.1558,0.2191,ns
M7vsM8_raw_12m,tertiles,Absolute Mortality,ETmax,High,37,-0.00099,56.8,0.353,0.7917,ns
M7vsM8_raw_12m,tertiles,Absolute Mortality,GPPsat,High,37,-0.0552,51.4,0.7168,0.8923,ns
M7vsM8_raw_12m,tertiles,Absolute Mortality,NEPmax,High,37,0.13525,48.6,0.488,0.8133,ns
M7vsM8_raw_12m,tertiles,Absolute Mortality,WUE,High,37,-0.01023,59.5,0.1908,0.749,ns
M7vsM8_raw_12m,tertiles,Absolute Mortality,uWUE,High,37,-0.01141,56.8,0.2033,0.749,ns
M7vsM8_raw_12m,tertiles,Absolute Mortality,ETmax,Mid,37,8e-04,45.9,0.8329,0.8923,ns
M7vsM8_raw_12m,tertiles,Absolute Mortality,GPPsat,Mid,37,-0.05112,51.4,0.4639,0.8133,ns
M7vsM8_raw_12m,tertiles,Absolute Mortality,NEPmax,Mid,37,-0.11727,54.1,0.3146,0.7917,ns
M7vsM8_raw_12m,tertiles,Absolute Mortality,WUE,Mid,37,0.00037,48.6,0.5777,0.8923,ns
M7vsM8_raw_12m,tertiles,Absolute Mortality,uWUE,Mid,37,0.00473,45.9,0.7701,0.8923,ns
M7vsM8_raw_12m,tertiles,Absolute Mortality,ETmax,Low,38,-0.00096,57.9,0.3318,0.7917,ns
M7vsM8_raw_12m,tertiles,Absolute Mortality,GPPsat,Low,38,-0.1399,63.2,0.1009,0.5767,ns
M7vsM8_raw_12m,tertiles,Absolute Mortality,NEPmax,Low,38,-0.2485,63.2,0.04914,0.5767,ns
M7vsM8_raw_12m,tertiles,Absolute Mortality,WUE,Low,38,0.01619,42.1,0.9041,0.9461,ns
M7vsM8_raw_12m,tertiles,Absolute Mortality,uWUE,Low,38,-0.00399,50,0.6469,0.8923,ns
M7vsM8_raw_12m,tertiles,Relative Mortality,ETmax,High,37,0.00104,43.2,0.788,0.8923,ns
M7vsM8_raw_12m,tertiles,Relative Mortality,GPPsat,High,37,0.15047,40.5,0.9362,0.9575,ns
M7vsM8_raw_12m,tertiles,Relative Mortality,NEPmax,High,37,0.17496,43.2,0.8329,0.8923,ns
M7vsM8_raw_12m,tertiles,Relative Mortality,WUE,High,37,-0.00022,51.4,0.6186,0.8923,ns
M7vsM8_raw_12m,tertiles,Relative Mortality,uWUE,High,37,-0.00322,51.4,0.4105,0.7917,ns
M7vsM8_raw_12m,tertiles,Relative Mortality,ETmax,Mid,37,-0.00096,59.5,0.3254,0.7917,ns
M7vsM8_raw_12m,tertiles,Relative Mortality,GPPsat,Mid,37,-0.2545,59.5,0.1908,0.749,ns
M7vsM8_raw_12m,tertiles,Relative Mortality,NEPmax,Mid,37,-0.12173,56.8,0.1025,0.5767,ns
M7vsM8_raw_12m,tertiles,Relative Mortality,WUE,Mid,37,-0.02733,62.2,0.08969,0.5767,ns
M7vsM8_raw_12m,tertiles,Relative Mortality,uWUE,Mid,37,-0.01017,54.1,0.4164,0.7917,ns
M7vsM8_raw_12m,tertiles,Relative Mortality,ETmax,Low,38,-0.00072,57.9,0.2858,0.7917,ns
M7vsM8_raw_12m,tertiles,Relative Mortality,GPPsat,Low,38,-0.14529,65.8,0.05063,0.5767,ns
M7vsM8_raw_12m,tertiles,Relative Mortality,NEPmax,Low,38,-0.21405,65.8,0.03069,0.5767,ns
M7vsM8_raw_12m,tertiles,Relative Mortality,WUE,Low,38,0.02228,36.8,0.9781,0.9781,ns
M7vsM8_raw_12m,tertiles,Relative Mortality,uWUE,Low,38,0.00213,47.4,0.7789,0.8923,ns
M7vsM8_raw_12m,tertiles,Relative Disturbance,ETmax,High,37,0.00104,43.2,0.7319,0.8923,ns
M7vsM8_raw_12m,tertiles,Relative Disturbance,GPPsat,High,37,0.06405,43.2,0.8133,0.8923,ns
M7vsM8_raw_12m,tertiles,Relative Disturbance,NEPmax,High,37,0.17596,43.2,0.7013,0.8923,ns
M7vsM8_raw_12m,tertiles,Relative Disturbance,WUE,High,37,-0.00813,51.4,0.6357,0.8923,ns
M7vsM8_raw_12m,tertiles,Relative Disturbance,uWUE,High,37,-0.00322,51.4,0.4759,0.8133,ns
M7vsM8_raw_12m,tertiles,Relative Disturbance,ETmax,Mid,37,-0.00113,62.2,0.3474,0.7917,ns
M7vsM8_raw_12m,tertiles,Relative Disturbance,GPPsat,Mid,37,-0.11844,59.5,0.2164,0.749,ns
M7vsM8_raw_12m,tertiles,Relative Disturbance,NEPmax,Mid,37,-0.12173,59.5,0.09986,0.5767,ns
M7vsM8_raw_12m,tertiles,Relative Disturbance,WUE,Mid,37,-0.00022,51.4,0.4223,0.7917,ns
M7vsM8_raw_12m,tertiles,Relative Disturbance,uWUE,Mid,37,3e-05,48.6,0.6907,0.8923,ns
M7vsM8_raw_12m,tertiles,Relative Disturbance,ETmax,Low,38,-0.00072,55.3,0.3265,0.7917,ns
M7vsM8_raw_12m,tertiles,Relative Disturbance,GPPsat,Low,38,-0.11401,63.2,0.1201,0.6003,ns
M7vsM8_raw_12m,tertiles,Relative Disturbance,NEPmax,Low,38,-0.13772,63.2,0.08415,0.5767,ns
M7vsM8_raw_12m,tertiles,Relative Disturbance,WUE,Low,38,0.01076,47.4,0.7702,0.8923,ns
M7vsM8_raw_12m,tertiles,Relative Disturbance,uWUE,Low,38,-0.00642,52.6,0.4196,0.7917,ns
M7vsM8_raw_12m,equal_width,Absolute Mortality,ETmax,Mid,52,-0.00057,53.8,0.4224,0.9452,ns
M7vsM8_raw_12m,equal_width,Absolute Mortality,GPPsat,Mid,52,0.04831,48.1,0.82,0.9793,ns
M7vsM8_raw_12m,equal_width,Absolute Mortality,NEPmax,Mid,52,0.15703,42.3,0.8696,0.9793,ns
M7vsM8_raw_12m,equal_width,Absolute Mortality,WUE,Mid,52,-0.01104,59.6,0.09719,0.4149,ns
M7vsM8_raw_12m,equal_width,Absolute Mortality,uWUE,Mid,52,-0.0104,55.8,0.1873,0.6483,ns
M7vsM8_raw_12m,equal_width,Absolute Mortality,ETmax,Low,54,-0.00072,55.6,0.3882,0.9193,ns
M7vsM8_raw_12m,equal_width,Absolute Mortality,GPPsat,Low,54,-0.12416,61.1,0.04492,0.3369,ns
M7vsM8_raw_12m,equal_width,Absolute Mortality,NEPmax,Low,54,-0.26491,66.7,0.006113,0.2751,ns
M7vsM8_raw_12m,equal_width,Absolute Mortality,WUE,Low,54,0.01959,38.9,0.9685,0.9793,ns
M7vsM8_raw_12m,equal_width,Absolute Mortality,uWUE,Low,54,0.00385,46.3,0.8493,0.9793,ns
M7vsM8_raw_12m,equal_width,Absolute Mortality,ETmax,High,6,0.00209,33.3,0.8527,0.9793,ns
M7vsM8_raw_12m,equal_width,Absolute Mortality,GPPsat,High,6,-0.25271,66.7,0.583,0.9717,ns
M7vsM8_raw_12m,equal_width,Absolute Mortality,NEPmax,High,6,-0.48088,66.7,0.1042,0.4149,ns
M7vsM8_raw_12m,equal_width,Absolute Mortality,WUE,High,6,-0.01158,66.7,0.5,0.9452,ns
M7vsM8_raw_12m,equal_width,Absolute Mortality,uWUE,High,6,0.00248,50,0.583,0.9717,ns
M7vsM8_raw_12m,equal_width,Relative Mortality,ETmax,Mid,34,0.00089,44.1,0.7792,0.9793,ns
M7vsM8_raw_12m,equal_width,Relative Mortality,GPPsat,Mid,34,0.07483,44.1,0.7195,0.9793,ns
M7vsM8_raw_12m,equal_width,Relative Mortality,NEPmax,Mid,34,-0.1387,55.9,0.2805,0.789,ns
M7vsM8_raw_12m,equal_width,Relative Mortality,WUE,Mid,34,7e-05,50,0.7019,0.9793,ns
M7vsM8_raw_12m,equal_width,Relative Mortality,uWUE,Mid,34,0.01028,44.1,0.906,0.9793,ns
M7vsM8_raw_12m,equal_width,Relative Mortality,ETmax,High,8,0.00137,50,0.4721,0.9452,ns
M7vsM8_raw_12m,equal_width,Relative Mortality,GPPsat,High,8,0.66842,25,0.9706,0.9793,ns
M7vsM8_raw_12m,equal_width,Relative Mortality,NEPmax,High,8,0.54142,12.5,0.9706,0.9793,ns
M7vsM8_raw_12m,equal_width,Relative Mortality,WUE,High,8,-0.02836,62.5,0.2643,0.789,ns
M7vsM8_raw_12m,equal_width,Relative Mortality,uWUE,High,8,-0.05074,75,0.02116,0.3131,ns
M7vsM8_raw_12m,equal_width,Relative Mortality,ETmax,Low,70,-0.00084,58.6,0.2199,0.7069,ns
M7vsM8_raw_12m,equal_width,Relative Mortality,GPPsat,Low,70,-0.17198,64.3,0.02783,0.3131,ns
M7vsM8_raw_12m,equal_width,Relative Mortality,NEPmax,Low,70,-0.1195,60,0.03483,0.3134,ns
M7vsM8_raw_12m,equal_width,Relative Mortality,WUE,Low,70,0.01076,48.6,0.7109,0.9793,ns
M7vsM8_raw_12m,equal_width,Relative Mortality,uWUE,Low,70,-0.00221,51.4,0.5766,0.9717,ns
M7vsM8_raw_12m,equal_width,Relative Disturbance,ETmax,Mid,39,-0.00132,53.8,0.3004,0.7951,ns
M7vsM8_raw_12m,equal_width,Relative Disturbance,GPPsat,Mid,39,-0.11844,53.8,0.3558,0.8894,ns
M7vsM8_raw_12m,equal_width,Relative Disturbance,NEPmax,Mid,39,-0.1518,56.4,0.1084,0.4149,ns
M7vsM8_raw_12m,equal_width,Relative Disturbance,WUE,Mid,39,0.00037,48.7,0.7045,0.9793,ns
M7vsM8_raw_12m,equal_width,Relative Disturbance,uWUE,Mid,39,0.01371,41,0.9523,0.9793,ns
M7vsM8_raw_12m,equal_width,Relative Disturbance,ETmax,High,10,0.00333,40,0.6201,0.9793,ns
M7vsM8_raw_12m,equal_width,Relative Disturbance,GPPsat,High,10,0.23589,20,0.9793,0.9793,ns
M7vsM8_raw_12m,equal_width,Relative Disturbance,NEPmax,High,10,0.54142,20,0.9667,0.9793,ns
M7vsM8_raw_12m,equal_width,Relative Disturbance,WUE,High,10,-0.04316,70,0.1106,0.4149,ns
M7vsM8_raw_12m,equal_width,Relative Disturbance,uWUE,High,10,-0.04951,80,0.01247,0.2805,ns
M7vsM8_raw_12m,equal_width,Relative Disturbance,ETmax,Low,63,-0.00065,55.6,0.4496,0.9452,ns
M7vsM8_raw_12m,equal_width,Relative Disturbance,GPPsat,Low,63,-0.12921,61.9,0.09038,0.4149,ns
M7vsM8_raw_12m,equal_width,Relative Disturbance,NEPmax,Low,63,-0.11727,60.3,0.07286,0.4149,ns
M7vsM8_raw_12m,equal_width,Relative Disturbance,WUE,Low,63,0.01385,47.6,0.7914,0.9793,ns
M7vsM8_raw_12m,equal_width,Relative Disturbance,uWUE,Low,63,-0.00359,52.4,0.5041,0.9452,ns
M7vsM8_raw_12m,natural_breaks,Absolute Mortality,ETmax,High,29,-7e-04,55.2,0.3728,0.8381,ns
M7vsM8_raw_12m,natural_breaks,Absolute Mortality,GPPsat,High,29,-0.15426,55.2,0.594,0.8855,ns
M7vsM8_raw_12m,natural_breaks,Absolute Mortality,NEPmax,High,29,0.13911,44.8,0.594,0.8855,ns
M7vsM8_raw_12m,natural_breaks,Absolute Mortality,WUE,High,29,-0.00813,55.2,0.3019,0.8303,ns
M7vsM8_raw_12m,natural_breaks,Absolute Mortality,uWUE,High,29,-0.01736,65.5,0.07677,0.642,ns
M7vsM8_raw_12m,natural_breaks,Absolute Mortality,ETmax,Mid,46,-0.00014,50,0.7297,0.8967,ns
M7vsM8_raw_12m,natural_breaks,Absolute Mortality,GPPsat,Mid,46,0.00647,50,0.5651,0.8855,ns
M7vsM8_raw_12m,natural_breaks,Absolute Mortality,NEPmax,Mid,46,-0.12143,54.3,0.2813,0.8303,ns
M7vsM8_raw_12m,natural_breaks,Absolute Mortality,WUE,Mid,46,-0.00037,52.2,0.4478,0.8397,ns
M7vsM8_raw_12m,natural_breaks,Absolute Mortality,uWUE,Mid,46,0.01012,43.5,0.8346,0.9119,ns
M7vsM8_raw_12m,natural_breaks,Absolute Mortality,ETmax,Low,37,-0.00095,56.8,0.3474,0.8303,ns
M7vsM8_raw_12m,natural_breaks,Absolute Mortality,GPPsat,Low,37,-0.11844,62.2,0.1167,0.642,ns
M7vsM8_raw_12m,natural_breaks,Absolute Mortality,NEPmax,Low,37,-0.26389,64.9,0.04851,0.642,ns
M7vsM8_raw_12m,natural_breaks,Absolute Mortality,WUE,Low,37,0.01722,43.2,0.9001,0.9253,ns
M7vsM8_raw_12m,natural_breaks,Absolute Mortality,uWUE,Low,37,0.00129,48.6,0.6691,0.8967,ns
M7vsM8_raw_12m,natural_breaks,Relative Mortality,ETmax,Mid,45,-0.00113,57.8,0.4283,0.8381,ns
M7vsM8_raw_12m,natural_breaks,Relative Mortality,GPPsat,Mid,45,-0.0552,51.1,0.5539,0.8855,ns
M7vsM8_raw_12m,natural_breaks,Relative Mortality,NEPmax,Mid,45,0.01872,48.9,0.4151,0.8381,ns
M7vsM8_raw_12m,natural_breaks,Relative Mortality,WUE,Mid,45,-0.00568,55.6,0.294,0.8303,ns
M7vsM8_raw_12m,natural_breaks,Relative Mortality,uWUE,Mid,45,-0.01141,55.6,0.4195,0.8381,ns
M7vsM8_raw_12m,natural_breaks,Relative Mortality,ETmax,High,26,0.00146,38.5,0.7373,0.8967,ns
M7vsM8_raw_12m,natural_breaks,Relative Mortality,GPPsat,High,26,0.14421,42.3,0.8511,0.9119,ns
M7vsM8_raw_12m,natural_breaks,Relative Mortality,NEPmax,High,26,0.15511,46.2,0.61,0.8855,ns
M7vsM8_raw_12m,natural_breaks,Relative Mortality,WUE,High,26,-0.01158,53.8,0.5304,0.8855,ns
M7vsM8_raw_12m,natural_breaks,Relative Mortality,uWUE,High,26,0.00752,46.2,0.5203,0.8855,ns
M7vsM8_raw_12m,natural_breaks,Relative Mortality,ETmax,Low,41,-0.00079,58.5,0.2843,0.8303,ns
M7vsM8_raw_12m,natural_breaks,Relative Mortality,GPPsat,Low,41,-0.18259,68.3,0.01907,0.4291,ns
M7vsM8_raw_12m,natural_breaks,Relative Mortality,NEPmax,Low,41,-0.26389,68.3,0.01474,0.4291,ns
M7vsM8_raw_12m,natural_breaks,Relative Mortality,WUE,Low,41,0.01524,41.5,0.9047,0.9253,ns
M7vsM8_raw_12m,natural_breaks,Relative Mortality,uWUE,Low,41,0.00129,48.8,0.6796,0.8967,ns
M7vsM8_raw_12m,natural_breaks,Relative Disturbance,ETmax,Mid,49,-0.00132,59.2,0.349,0.8303,ns
M7vsM8_raw_12m,natural_breaks,Relative Disturbance,GPPsat,Mid,49,-0.1952,59.2,0.1284,0.642,ns
M7vsM8_raw_12m,natural_breaks,Relative Disturbance,NEPmax,Mid,49,-0.12173,57.1,0.105,0.642,ns
M7vsM8_raw_12m,natural_breaks,Relative Disturbance,WUE,Mid,49,0.00602,46.9,0.651,0.8967,ns
M7vsM8_raw_12m,natural_breaks,Relative Disturbance,uWUE,Mid,49,0.01101,44.9,0.8401,0.9119,ns
M7vsM8_raw_12m,natural_breaks,Relative Disturbance,ETmax,High,24,0.00146,37.5,0.8159,0.9119,ns
M7vsM8_raw_12m,natural_breaks,Relative Disturbance,GPPsat,High,24,0.17441,33.3,0.9795,0.9795,ns
M7vsM8_raw_12m,natural_breaks,Relative Disturbance,NEPmax,High,24,0.21463,41.7,0.784,0.9119,ns
M7vsM8_raw_12m,natural_breaks,Relative Disturbance,WUE,High,24,-0.01158,58.3,0.3393,0.8303,ns
M7vsM8_raw_12m,natural_breaks,Relative Disturbance,uWUE,High,24,-0.00917,58.3,0.251,0.8303,ns
M7vsM8_raw_12m,natural_breaks,Relative Disturbance,ETmax,Low,39,-0.00065,56.4,0.3151,0.8303,ns
M7vsM8_raw_12m,natural_breaks,Relative Disturbance,GPPsat,Low,39,-0.12921,64.1,0.1033,0.642,ns
M7vsM8_raw_12m,natural_breaks,Relative Disturbance,NEPmax,Low,39,-0.11124,61.5,0.1277,0.642,ns
M7vsM8_raw_12m,natural_breaks,Relative Disturbance,WUE,Low,39,0.00766,48.7,0.7373,0.8967,ns
M7vsM8_raw_12m,natural_breaks,Relative Disturbance,uWUE,Low,39,-0.00926,53.8,0.3506,0.8303,ns
M7vsM8_raw_24m,tertiles,Absolute Mortality,ETmax,High,37,-0.00043,59.5,0.304,0.6327,ns
M7vsM8_raw_24m,tertiles,Absolute Mortality,GPPsat,High,37,0.07832,40.5,0.8742,0.9628,ns
M7vsM8_raw_24m,tertiles,Absolute Mortality,NEPmax,High,37,-0.02503,51.4,0.5361,0.8615,ns
M7vsM8_raw_24m,tertiles,Absolute Mortality,WUE,High,37,-0.01391,62.2,0.2076,0.5633,ns
M7vsM8_raw_24m,tertiles,Absolute Mortality,uWUE,High,37,-0.0127,56.8,0.09467,0.544,ns
M7vsM8_raw_24m,tertiles,Absolute Mortality,ETmax,Mid,37,-3e-05,51.4,0.446,0.7632,ns
M7vsM8_raw_24m,tertiles,Absolute Mortality,GPPsat,Mid,37,0.02137,48.6,0.446,0.7632,ns
M7vsM8_raw_24m,tertiles,Absolute Mortality,NEPmax,Mid,37,0.08031,45.9,0.647,0.9392,ns
M7vsM8_raw_24m,tertiles,Absolute Mortality,WUE,Mid,37,-0.00349,51.4,0.212,0.5633,ns
M7vsM8_raw_24m,tertiles,Absolute Mortality,uWUE,Mid,37,0.00827,40.5,0.8009,0.9628,ns
M7vsM8_raw_24m,tertiles,Absolute Mortality,ETmax,Low,38,-0.00095,60.5,0.129,0.544,ns
M7vsM8_raw_24m,tertiles,Absolute Mortality,GPPsat,Low,38,-0.03516,57.9,0.1449,0.544,ns
M7vsM8_raw_24m,tertiles,Absolute Mortality,NEPmax,Low,38,-0.07786,57.9,0.1482,0.544,ns
M7vsM8_raw_24m,tertiles,Absolute Mortality,WUE,Low,38,0.02257,36.8,0.9628,0.9628,ns
M7vsM8_raw_24m,tertiles,Absolute Mortality,uWUE,Low,38,-0.00059,50,0.8344,0.9628,ns
M7vsM8_raw_24m,tertiles,Relative Mortality,ETmax,High,37,-3e-05,51.4,0.8252,0.9628,ns
M7vsM8_raw_24m,tertiles,Relative Mortality,GPPsat,High,37,0.18347,37.8,0.9324,0.9628,ns
M7vsM8_raw_24m,tertiles,Relative Mortality,NEPmax,High,37,0.20537,40.5,0.9417,0.9628,ns
M7vsM8_raw_24m,tertiles,Relative Mortality,WUE,High,37,-0.00348,56.8,0.4579,0.7632,ns
M7vsM8_raw_24m,tertiles,Relative Mortality,uWUE,High,37,0.00186,48.6,0.4341,0.7632,ns
M7vsM8_raw_24m,tertiles,Relative Mortality,ETmax,Mid,37,-0.00057,62.2,0.1489,0.544,ns
M7vsM8_raw_24m,tertiles,Relative Mortality,GPPsat,Mid,37,-0.0479,51.4,0.2832,0.6327,ns
M7vsM8_raw_24m,tertiles,Relative Mortality,NEPmax,Mid,37,-0.0853,56.8,0.1387,0.544,ns
M7vsM8_raw_24m,tertiles,Relative Mortality,WUE,Mid,37,-0.01395,56.8,0.1561,0.544,ns
M7vsM8_raw_24m,tertiles,Relative Mortality,uWUE,Mid,37,-0.00485,56.8,0.1671,0.544,ns
M7vsM8_raw_24m,tertiles,Relative Mortality,ETmax,Low,38,-9e-04,57.9,0.04626,0.544,ns
M7vsM8_raw_24m,tertiles,Relative Mortality,GPPsat,Low,38,-0.03516,57.9,0.1692,0.544,ns
M7vsM8_raw_24m,tertiles,Relative Mortality,NEPmax,Low,38,-0.10365,57.9,0.0735,0.544,ns
M7vsM8_raw_24m,tertiles,Relative Mortality,WUE,Low,38,0.0146,36.8,0.9379,0.9628,ns
M7vsM8_raw_24m,tertiles,Relative Mortality,uWUE,Low,38,0.00791,42.1,0.8828,0.9628,ns
M7vsM8_raw_24m,tertiles,Relative Disturbance,ETmax,High,37,0.00052,45.9,0.9028,0.9628,ns
M7vsM8_raw_24m,tertiles,Relative Disturbance,GPPsat,High,37,0.13713,43.2,0.8511,0.9628,ns
M7vsM8_raw_24m,tertiles,Relative Disturbance,NEPmax,High,37,0.18891,43.2,0.788,0.9628,ns
M7vsM8_raw_24m,tertiles,Relative Disturbance,WUE,High,37,0.00189,48.6,0.6414,0.9392,ns
M7vsM8_raw_24m,tertiles,Relative Disturbance,uWUE,High,37,0.00428,45.9,0.6186,0.9392,ns
M7vsM8_raw_24m,tertiles,Relative Disturbance,ETmax,Mid,37,-0.00097,62.2,0.1167,0.544,ns
M7vsM8_raw_24m,tertiles,Relative Disturbance,GPPsat,Mid,37,-0.15342,54.1,0.2253,0.5633,ns
M7vsM8_raw_24m,tertiles,Relative Disturbance,NEPmax,Mid,37,-0.0853,56.8,0.2253,0.5633,ns
M7vsM8_raw_24m,tertiles,Relative Disturbance,WUE,Mid,37,-0.01395,56.8,0.2486,0.5888,ns
M7vsM8_raw_24m,tertiles,Relative Disturbance,uWUE,Mid,37,-0.01245,56.8,0.3093,0.6327,ns
M7vsM8_raw_24m,tertiles,Relative Disturbance,ETmax,Low,38,-9e-04,63.2,0.03383,0.544,ns
M7vsM8_raw_24m,tertiles,Relative Disturbance,GPPsat,Low,38,-0.00313,50,0.4196,0.7632,ns
M7vsM8_raw_24m,tertiles,Relative Disturbance,NEPmax,Low,38,-0.09189,55.3,0.155,0.544,ns
M7vsM8_raw_24m,tertiles,Relative Disturbance,WUE,Low,38,0.00277,44.7,0.7476,0.9628,ns
M7vsM8_raw_24m,tertiles,Relative Disturbance,uWUE,Low,38,0.00241,44.7,0.6941,0.9628,ns
M7vsM8_raw_24m,equal_width,Absolute Mortality,ETmax,Mid,52,-0.00045,59.6,0.1849,0.6932,ns
M7vsM8_raw_24m,equal_width,Absolute Mortality,GPPsat,Mid,52,0.11147,36.5,0.8677,0.9524,ns
M7vsM8_raw_24m,equal_width,Absolute Mortality,NEPmax,Mid,52,0.10589,40.4,0.9189,0.9838,ns
M7vsM8_raw_24m,equal_width,Absolute Mortality,WUE,Mid,52,-0.01569,67.3,0.0179,0.5828,ns
M7vsM8_raw_24m,equal_width,Absolute Mortality,uWUE,Mid,52,-0.00089,50,0.2402,0.7205,ns
M7vsM8_raw_24m,equal_width,Absolute Mortality,ETmax,Low,54,-0.00056,55.6,0.2374,0.7205,ns
M7vsM8_raw_24m,equal_width,Absolute Mortality,GPPsat,Low,54,-0.08599,61.1,0.0777,0.5828,ns
M7vsM8_raw_24m,equal_width,Absolute Mortality,NEPmax,Low,54,-0.09189,59.3,0.06484,0.5828,ns
M7vsM8_raw_24m,equal_width,Absolute Mortality,WUE,Low,54,0.01578,35.2,0.9771,0.9838,ns
M7vsM8_raw_24m,equal_width,Absolute Mortality,uWUE,Low,54,0.00095,48.1,0.8282,0.9524,ns
M7vsM8_raw_24m,equal_width,Absolute Mortality,ETmax,High,6,0.00032,50,0.583,0.9524,ns
M7vsM8_raw_24m,equal_width,Absolute Mortality,GPPsat,High,6,0.13805,50,0.7992,0.9524,ns
M7vsM8_raw_24m,equal_width,Absolute Mortality,NEPmax,High,6,-0.35696,83.3,0.1042,0.6223,ns
M7vsM8_raw_24m,equal_width,Absolute Mortality,WUE,High,6,0.03661,33.3,0.7992,0.9524,ns
M7vsM8_raw_24m,equal_width,Absolute Mortality,uWUE,High,6,-0.00421,50,0.5,0.9524,ns
M7vsM8_raw_24m,equal_width,Relative Mortality,ETmax,Mid,34,5e-05,50,0.6338,0.9524,ns
M7vsM8_raw_24m,equal_width,Relative Mortality,GPPsat,Mid,34,0.06119,47.1,0.7309,0.9524,ns
M7vsM8_raw_24m,equal_width,Relative Mortality,NEPmax,Mid,34,0.09744,47.1,0.7792,0.9524,ns
M7vsM8_raw_24m,equal_width,Relative Mortality,WUE,Mid,34,-0.00291,55.9,0.4321,0.926,ns
M7vsM8_raw_24m,equal_width,Relative Mortality,uWUE,Mid,34,0.01588,38.2,0.7583,0.9524,ns
M7vsM8_raw_24m,equal_width,Relative Mortality,ETmax,High,8,-5e-05,62.5,0.5832,0.9524,ns
M7vsM8_raw_24m,equal_width,Relative Mortality,GPPsat,High,8,0.43307,12.5,0.9706,0.9838,ns
M7vsM8_raw_24m,equal_width,Relative Mortality,NEPmax,High,8,0.24733,25,0.8186,0.9524,ns
M7vsM8_raw_24m,equal_width,Relative Mortality,WUE,High,8,-0.03061,62.5,0.4168,0.926,ns
M7vsM8_raw_24m,equal_width,Relative Mortality,uWUE,High,8,-0.03006,75,0.1468,0.6461,ns
M7vsM8_raw_24m,equal_width,Relative Mortality,ETmax,Low,70,-0.00071,60,0.04008,0.5828,ns
M7vsM8_raw_24m,equal_width,Relative Mortality,GPPsat,Low,70,-0.03516,54.3,0.1356,0.6461,ns
M7vsM8_raw_24m,equal_width,Relative Mortality,NEPmax,Low,70,-0.09189,57.1,0.06406,0.5828,ns
M7vsM8_raw_24m,equal_width,Relative Mortality,WUE,Low,70,0.00408,45.7,0.6675,0.9524,ns
M7vsM8_raw_24m,equal_width,Relative Mortality,uWUE,Low,70,-0.0038,51.4,0.5303,0.9524,ns
M7vsM8_raw_24m,equal_width,Relative Disturbance,ETmax,Mid,39,-0.00047,53.8,0.3506,0.926,ns
M7vsM8_raw_24m,equal_width,Relative Disturbance,GPPsat,Mid,39,-0.06357,53.8,0.4308,0.926,ns
M7vsM8_raw_24m,equal_width,Relative Disturbance,NEPmax,Mid,39,-0.00461,51.3,0.5195,0.9524,ns
M7vsM8_raw_24m,equal_width,Relative Disturbance,WUE,Mid,39,-0.00348,56.4,0.3928,0.926,ns
M7vsM8_raw_24m,equal_width,Relative Disturbance,uWUE,Mid,39,0.01732,41,0.8664,0.9524,ns
M7vsM8_raw_24m,equal_width,Relative Disturbance,ETmax,High,10,0.00096,50,0.8205,0.9524,ns
M7vsM8_raw_24m,equal_width,Relative Disturbance,GPPsat,High,10,0.34225,10,0.9838,0.9838,ns
M7vsM8_raw_24m,equal_width,Relative Disturbance,NEPmax,High,10,0.24733,30,0.7926,0.9524,ns
M7vsM8_raw_24m,equal_width,Relative Disturbance,WUE,High,10,-0.03061,60,0.3051,0.8582,ns
M7vsM8_raw_24m,equal_width,Relative Disturbance,uWUE,High,10,-0.03006,70,0.1106,0.6223,ns
M7vsM8_raw_24m,equal_width,Relative Disturbance,ETmax,Low,63,-0.00078,60.3,0.05968,0.5828,ns
M7vsM8_raw_24m,equal_width,Relative Disturbance,GPPsat,Low,63,-0.03411,52.4,0.2288,0.7205,ns
M7vsM8_raw_24m,equal_width,Relative Disturbance,NEPmax,Low,63,-0.0853,55.6,0.1579,0.6461,ns
M7vsM8_raw_24m,equal_width,Relative Disturbance,WUE,Low,63,0.00493,44.4,0.7478,0.9524,ns
M7vsM8_raw_24m,equal_width,Relative Disturbance,uWUE,Low,63,-0.00379,50.8,0.4768,0.9524,ns
M7vsM8_raw_24m,natural_breaks,Absolute Mortality,ETmax,High,29,-0.00032,55.2,0.5172,0.8842,ns
M7vsM8_raw_24m,natural_breaks,Absolute Mortality,GPPsat,High,29,0.067,44.8,0.8065,0.9513,ns
M7vsM8_raw_24m,natural_breaks,Absolute Mortality,NEPmax,High,29,-0.0853,55.2,0.406,0.8842,ns
M7vsM8_raw_24m,natural_breaks,Absolute Mortality,WUE,High,29,-0.00348,55.2,0.5345,0.8842,ns
M7vsM8_raw_24m,natural_breaks,Absolute Mortality,uWUE,High,29,-0.0127,55.2,0.2056,0.7118,ns
M7vsM8_raw_24m,natural_breaks,Absolute Mortality,ETmax,Mid,46,-0.00019,54.3,0.3,0.8842,ns
M7vsM8_raw_24m,natural_breaks,Absolute Mortality,GPPsat,Mid,46,0.03317,45.7,0.616,0.8842,ns
M7vsM8_raw_24m,natural_breaks,Absolute Mortality,NEPmax,Mid,46,0.07241,45.7,0.7333,0.9166,ns
M7vsM8_raw_24m,natural_breaks,Absolute Mortality,WUE,Mid,46,-0.01205,56.5,0.05911,0.6098,ns
M7vsM8_raw_24m,natural_breaks,Absolute Mortality,uWUE,Mid,46,0.00241,45.7,0.5174,0.8842,ns
M7vsM8_raw_24m,natural_breaks,Absolute Mortality,ETmax,Low,37,-0.001,62.2,0.1321,0.6098,ns
M7vsM8_raw_24m,natural_breaks,Absolute Mortality,GPPsat,Low,37,-0.0362,56.8,0.1455,0.6098,ns
M7vsM8_raw_24m,natural_breaks,Absolute Mortality,NEPmax,Low,37,-0.06697,56.8,0.1525,0.6098,ns
M7vsM8_raw_24m,natural_breaks,Absolute Mortality,WUE,Low,37,0.01839,37.8,0.9545,0.9761,ns
M7vsM8_raw_24m,natural_breaks,Absolute Mortality,uWUE,Low,37,5e-05,48.6,0.8579,0.9513,ns
M7vsM8_raw_24m,natural_breaks,Relative Mortality,ETmax,Mid,45,-0.00032,55.6,0.3632,0.8842,ns
M7vsM8_raw_24m,natural_breaks,Relative Mortality,GPPsat,Mid,45,0.05537,48.9,0.5981,0.8842,ns
M7vsM8_raw_24m,natural_breaks,Relative Mortality,NEPmax,Mid,45,0.08584,44.4,0.6943,0.9166,ns
M7vsM8_raw_24m,natural_breaks,Relative Mortality,WUE,Mid,45,-0.01099,62.2,0.1136,0.6098,ns
M7vsM8_raw_24m,natural_breaks,Relative Mortality,uWUE,Mid,45,-0.00485,57.8,0.1393,0.6098,ns
M7vsM8_raw_24m,natural_breaks,Relative Mortality,ETmax,High,26,-0.00025,57.7,0.5706,0.8842,ns
M7vsM8_raw_24m,natural_breaks,Relative Mortality,GPPsat,High,26,0.16697,38.5,0.8569,0.9513,ns
M7vsM8_raw_24m,natural_breaks,Relative Mortality,NEPmax,High,26,0.01416,50,0.6484,0.8842,ns
M7vsM8_raw_24m,natural_breaks,Relative Mortality,WUE,High,26,0.01463,46.2,0.5706,0.8842,ns
M7vsM8_raw_24m,natural_breaks,Relative Mortality,uWUE,High,26,0.00307,46.2,0.5505,0.8842,ns
M7vsM8_raw_24m,natural_breaks,Relative Mortality,ETmax,Low,41,-0.00078,58.5,0.06474,0.6098,ns
M7vsM8_raw_24m,natural_breaks,Relative Mortality,GPPsat,Low,41,-0.03411,56.1,0.1353,0.6098,ns
M7vsM8_raw_24m,natural_breaks,Relative Mortality,NEPmax,Low,41,-0.12593,61,0.03687,0.6098,ns
M7vsM8_raw_24m,natural_breaks,Relative Mortality,WUE,Low,41,0.01246,39,0.909,0.9513,ns
M7vsM8_raw_24m,natural_breaks,Relative Mortality,uWUE,Low,41,0.01133,41.5,0.8834,0.9513,ns
M7vsM8_raw_24m,natural_breaks,Relative Disturbance,ETmax,Mid,49,-0.00078,57.1,0.2219,0.7131,ns
M7vsM8_raw_24m,natural_breaks,Relative Disturbance,GPPsat,Mid,49,-0.1579,57.1,0.1125,0.6098,ns
M7vsM8_raw_24m,natural_breaks,Relative Disturbance,NEPmax,Mid,49,-0.00972,53.1,0.4289,0.8842,ns
M7vsM8_raw_24m,natural_breaks,Relative Disturbance,WUE,Mid,49,-0.00677,57.1,0.3903,0.8842,ns
M7vsM8_raw_24m,natural_breaks,Relative Disturbance,uWUE,Mid,49,-0.00421,55.1,0.4762,0.8842,ns
M7vsM8_raw_24m,natural_breaks,Relative Disturbance,ETmax,High,24,0.00061,45.8,0.8982,0.9513,ns
M7vsM8_raw_24m,natural_breaks,Relative Disturbance,GPPsat,High,24,0.27809,29.2,0.9915,0.9915,ns
M7vsM8_raw_24m,natural_breaks,Relative Disturbance,NEPmax,High,24,0.15112,45.8,0.6395,0.8842,ns
M7vsM8_raw_24m,natural_breaks,Relative Disturbance,WUE,High,24,0.00818,45.8,0.4602,0.8842,ns
M7vsM8_raw_24m,natural_breaks,Relative Disturbance,uWUE,High,24,0.00307,45.8,0.4943,0.8842,ns
M7vsM8_raw_24m,natural_breaks,Relative Disturbance,ETmax,Low,39,-0.00089,64.1,0.03223,0.6098,ns
M7vsM8_raw_24m,natural_breaks,Relative Disturbance,GPPsat,Low,39,-0.02762,51.3,0.3558,0.8842,ns
M7vsM8_raw_24m,natural_breaks,Relative Disturbance,NEPmax,Low,39,-0.08875,53.8,0.1626,0.6098,ns
M7vsM8_raw_24m,natural_breaks,Relative Disturbance,WUE,Low,39,0.00324,43.6,0.7551,0.9184,ns
M7vsM8_raw_24m,natural_breaks,Relative Disturbance,uWUE,Low,39,0.00281,43.6,0.7234,0.9166,ns
M7vsM8_anom_12m,tertiles,Absolute Mortality,ETmax,High,37,0.00143,43.2,0.8646,0.8646,ns
M7vsM8_anom_12m,tertiles,Absolute Mortality,GPPsat,High,37,-0.99685,67.6,0.003963,0.03178,*
M7vsM8_anom_12m,tertiles,Absolute Mortality,NEPmax,High,37,-0.74671,67.6,0.01049,0.03935,*
M7vsM8_anom_12m,tertiles,Absolute Mortality,WUE,High,37,0.01291,48.6,0.4639,0.5636,ns
M7vsM8_anom_12m,tertiles,Absolute Mortality,uWUE,High,37,-0.00505,54.1,0.5895,0.672,ns
M7vsM8_anom_12m,tertiles,Absolute Mortality,ETmax,Mid,37,0.00019,48.6,0.7319,0.8033,ns
M7vsM8_anom_12m,tertiles,Absolute Mortality,GPPsat,Mid,37,-0.69449,70.3,0.007893,0.03935,*
M7vsM8_anom_12m,tertiles,Absolute Mortality,NEPmax,Mid,37,-0.80305,62.2,0.07168,0.1402,ns
M7vsM8_anom_12m,tertiles,Absolute Mortality,WUE,Mid,37,-0.0148,51.4,0.304,0.456,ns
M7vsM8_anom_12m,tertiles,Absolute Mortality,uWUE,Mid,37,0.00285,48.6,0.4341,0.5581,ns
M7vsM8_anom_12m,tertiles,Absolute Mortality,ETmax,Low,38,-0.00257,57.9,0.04914,0.1053,ns
M7vsM8_anom_12m,tertiles,Absolute Mortality,GPPsat,Low,38,-0.52036,63.2,0.01016,0.03935,*
M7vsM8_anom_12m,tertiles,Absolute Mortality,NEPmax,Low,38,-0.93744,71.1,0.0007466,0.02969,*
M7vsM8_anom_12m,tertiles,Absolute Mortality,WUE,Low,38,-0.08704,55.3,0.05865,0.12,ns
M7vsM8_anom_12m,tertiles,Absolute Mortality,uWUE,Low,38,-0.04091,63.2,0.01592,0.04478,*
M7vsM8_anom_12m,tertiles,Relative Mortality,ETmax,High,37,0.00167,48.6,0.8252,0.844,ns
M7vsM8_anom_12m,tertiles,Relative Mortality,GPPsat,High,37,-0.68043,70.3,0.001713,0.02969,*
M7vsM8_anom_12m,tertiles,Relative Mortality,NEPmax,High,37,-0.57591,64.9,0.01435,0.04306,*
M7vsM8_anom_12m,tertiles,Relative Mortality,WUE,High,37,0.01558,45.9,0.4699,0.5636,ns
M7vsM8_anom_12m,tertiles,Relative Mortality,uWUE,High,37,-0.01934,56.8,0.3364,0.4883,ns
M7vsM8_anom_12m,tertiles,Relative Mortality,ETmax,Mid,37,-0.00023,54.1,0.2164,0.3477,ns
M7vsM8_anom_12m,tertiles,Relative Mortality,GPPsat,Mid,37,-0.9414,67.6,0.007573,0.03935,*
M7vsM8_anom_12m,tertiles,Relative Mortality,NEPmax,Mid,37,-0.92835,67.6,0.01229,0.04255,*
M7vsM8_anom_12m,tertiles,Relative Mortality,WUE,Mid,37,-0.12022,64.9,0.02084,0.04936,*
M7vsM8_anom_12m,tertiles,Relative Mortality,uWUE,Mid,37,-0.05849,59.5,0.07808,0.1464,ns
M7vsM8_anom_12m,tertiles,Relative Mortality,ETmax,Low,38,5e-04,47.4,0.4083,0.5567,ns
M7vsM8_anom_12m,tertiles,Relative Mortality,GPPsat,Low,38,-0.64112,63.2,0.01375,0.04306,*
M7vsM8_anom_12m,tertiles,Relative Mortality,NEPmax,Low,38,-0.7157,68.4,0.004522,0.03178,*
M7vsM8_anom_12m,tertiles,Relative Mortality,WUE,Low,38,0.01292,44.7,0.5974,0.672,ns
M7vsM8_anom_12m,tertiles,Relative Mortality,uWUE,Low,38,-0.00421,50,0.4252,0.5581,ns
M7vsM8_anom_12m,tertiles,Relative Disturbance,ETmax,High,37,0.00167,48.6,0.788,0.8247,ns
M7vsM8_anom_12m,tertiles,Relative Disturbance,GPPsat,High,37,-0.79085,70.3,0.001979,0.02969,*
M7vsM8_anom_12m,tertiles,Relative Disturbance,NEPmax,High,37,-0.57591,62.2,0.0201,0.04936,*
M7vsM8_anom_12m,tertiles,Relative Disturbance,WUE,High,37,0.02203,43.2,0.4759,0.5636,ns
M7vsM8_anom_12m,tertiles,Relative Disturbance,uWUE,High,37,-0.01934,56.8,0.304,0.456,ns
M7vsM8_anom_12m,tertiles,Relative Disturbance,ETmax,Mid,37,-7e-04,59.5,0.04851,0.1053,ns
M7vsM8_anom_12m,tertiles,Relative Disturbance,GPPsat,Mid,37,-0.97811,70.3,0.004944,0.03178,*
M7vsM8_anom_12m,tertiles,Relative Disturbance,NEPmax,Mid,37,-0.92835,67.6,0.003623,0.03178,*
M7vsM8_anom_12m,tertiles,Relative Disturbance,WUE,Mid,37,-0.08776,59.5,0.1137,0.1968,ns
M7vsM8_anom_12m,tertiles,Relative Disturbance,uWUE,Mid,37,0.00285,48.6,0.3474,0.4886,ns
M7vsM8_anom_12m,tertiles,Relative Disturbance,ETmax,Low,38,0.00178,42.1,0.7568,0.8109,ns
M7vsM8_anom_12m,tertiles,Relative Disturbance,GPPsat,Low,38,-0.55667,60.5,0.02044,0.04936,*
M7vsM8_anom_12m,tertiles,Relative Disturbance,NEPmax,Low,38,-0.72391,71.1,0.009403,0.03935,*
M7vsM8_anom_12m,tertiles,Relative Disturbance,WUE,Low,38,-0.01777,52.6,0.1656,0.276,ns
M7vsM8_anom_12m,tertiles,Relative Disturbance,uWUE,Low,38,-0.03314,60.5,0.1062,0.1911,ns
M7vsM8_anom_12m,equal_width,Absolute Mortality,ETmax,Mid,52,0.00038,46.2,0.6164,0.7551,ns
M7vsM8_anom_12m,equal_width,Absolute Mortality,GPPsat,Mid,52,-0.52995,59.6,0.07971,0.211,ns
M7vsM8_anom_12m,equal_width,Absolute Mortality,NEPmax,Mid,52,-0.53181,59.6,0.1528,0.2789,ns
M7vsM8_anom_12m,equal_width,Absolute Mortality,WUE,Mid,52,-0.03298,53.8,0.155,0.2789,ns
M7vsM8_anom_12m,equal_width,Absolute Mortality,uWUE,Mid,52,-0.02997,55.8,0.3732,0.5599,ns
M7vsM8_anom_12m,equal_width,Absolute Mortality,ETmax,Low,54,-0.00067,57.4,0.1428,0.2789,ns
M7vsM8_anom_12m,equal_width,Absolute Mortality,GPPsat,Low,54,-0.84349,70.4,6.828e-05,0.001166,**
M7vsM8_anom_12m,equal_width,Absolute Mortality,NEPmax,Low,54,-1.00429,70.4,5.936e-05,0.001166,**
M7vsM8_anom_12m,equal_width,Absolute Mortality,WUE,Low,54,-0.02053,51.9,0.1468,0.2789,ns
M7vsM8_anom_12m,equal_width,Absolute Mortality,uWUE,Low,54,-0.01946,55.6,0.07523,0.211,ns
M7vsM8_anom_12m,equal_width,Absolute Mortality,ETmax,High,6,0.00725,16.7,0.982,0.982,ns
M7vsM8_anom_12m,equal_width,Absolute Mortality,GPPsat,High,6,-2.91388,100,0.01802,0.06756,ns
M7vsM8_anom_12m,equal_width,Absolute Mortality,NEPmax,High,6,-2.66584,100,0.01802,0.06756,ns
M7vsM8_anom_12m,equal_width,Absolute Mortality,WUE,High,6,0.12214,33.3,0.6625,0.7551,ns
M7vsM8_anom_12m,equal_width,Absolute Mortality,uWUE,High,6,0.00145,50,0.583,0.7496,ns
M7vsM8_anom_12m,equal_width,Relative Mortality,ETmax,Mid,34,-0.00051,55.9,0.4659,0.6639,ns
M7vsM8_anom_12m,equal_width,Relative Mortality,GPPsat,Mid,34,-1.19449,79.4,0.0001037,0.001166,**
M7vsM8_anom_12m,equal_width,Relative Mortality,NEPmax,Mid,34,-1.4827,76.5,0.0009858,0.007839,**
M7vsM8_anom_12m,equal_width,Relative Mortality,WUE,Mid,34,0.05614,44.1,0.6466,0.7551,ns
M7vsM8_anom_12m,equal_width,Relative Mortality,uWUE,Mid,34,0.00838,50,0.6717,0.7551,ns
M7vsM8_anom_12m,equal_width,Relative Mortality,ETmax,High,8,0.00299,25,0.8186,0.8567,ns
M7vsM8_anom_12m,equal_width,Relative Mortality,GPPsat,High,8,0.29418,37.5,0.688,0.7551,ns
M7vsM8_anom_12m,equal_width,Relative Mortality,NEPmax,High,8,0.44287,37.5,0.4721,0.6639,ns
M7vsM8_anom_12m,equal_width,Relative Mortality,WUE,High,8,-0.08481,50,0.312,0.5015,ns
M7vsM8_anom_12m,equal_width,Relative Mortality,uWUE,High,8,-0.08562,75,0.1814,0.3139,ns
M7vsM8_anom_12m,equal_width,Relative Mortality,ETmax,Low,70,5e-05,50,0.3282,0.5093,ns
M7vsM8_anom_12m,equal_width,Relative Mortality,GPPsat,Low,70,-0.70482,64.3,0.001475,0.009482,**
M7vsM8_anom_12m,equal_width,Relative Mortality,NEPmax,Low,70,-0.73068,65.7,0.002268,0.01276,*
M7vsM8_anom_12m,equal_width,Relative Mortality,WUE,Low,70,-0.03754,55.7,0.0584,0.2021,ns
M7vsM8_anom_12m,equal_width,Relative Mortality,uWUE,Low,70,-0.02045,55.7,0.08728,0.2182,ns
M7vsM8_anom_12m,equal_width,Relative Disturbance,ETmax,Mid,39,-0.00114,64.1,0.1306,0.2789,ns
M7vsM8_anom_12m,equal_width,Relative Disturbance,GPPsat,Mid,39,-1.39213,79.5,8.951e-05,0.001166,**
M7vsM8_anom_12m,equal_width,Relative Disturbance,NEPmax,Mid,39,-1.35137,71.8,0.001045,0.007839,**
M7vsM8_anom_12m,equal_width,Relative Disturbance,WUE,Mid,39,0.07755,43.6,0.6494,0.7551,ns
M7vsM8_anom_12m,equal_width,Relative Disturbance,uWUE,Mid,39,0.0361,48.7,0.714,0.765,ns
M7vsM8_anom_12m,equal_width,Relative Disturbance,ETmax,High,10,0.0032,20,0.8894,0.9096,ns
M7vsM8_anom_12m,equal_width,Relative Disturbance,GPPsat,High,10,0.21867,40,0.5406,0.7372,ns
M7vsM8_anom_12m,equal_width,Relative Disturbance,NEPmax,High,10,-0.24045,50,0.2378,0.3963,ns
M7vsM8_anom_12m,equal_width,Relative Disturbance,WUE,High,10,-0.15648,60,0.154,0.2789,ns
M7vsM8_anom_12m,equal_width,Relative Disturbance,uWUE,High,10,-0.17902,80,0.07679,0.211,ns
M7vsM8_anom_12m,equal_width,Relative Disturbance,ETmax,Low,63,8e-04,46,0.5585,0.7392,ns
M7vsM8_anom_12m,equal_width,Relative Disturbance,GPPsat,Low,63,-0.56709,63.5,0.004155,0.02078,*
M7vsM8_anom_12m,equal_width,Relative Disturbance,NEPmax,Low,63,-0.72247,66.7,0.005074,0.02284,*
M7vsM8_anom_12m,equal_width,Relative Disturbance,WUE,Low,63,-0.03392,55.6,0.06734,0.211,ns
M7vsM8_anom_12m,equal_width,Relative Disturbance,uWUE,Low,63,-0.01957,55.6,0.1033,0.2446,ns
M7vsM8_anom_12m,natural_breaks,Absolute Mortality,ETmax,High,29,0.00157,48.3,0.8503,0.8899,ns
M7vsM8_anom_12m,natural_breaks,Absolute Mortality,GPPsat,High,29,-1.18857,69,0.004443,0.0307,*
M7vsM8_anom_12m,natural_breaks,Absolute Mortality,NEPmax,High,29,-0.74671,69,0.0153,0.04852,*
M7vsM8_anom_12m,natural_breaks,Absolute Mortality,WUE,High,29,0.0803,44.8,0.6434,0.7424,ns
M7vsM8_anom_12m,natural_breaks,Absolute Mortality,uWUE,High,29,-0.00268,51.7,0.7056,0.7938,ns
M7vsM8_anom_12m,natural_breaks,Absolute Mortality,ETmax,Mid,46,0.00038,45.7,0.7544,0.8275,ns
M7vsM8_anom_12m,natural_breaks,Absolute Mortality,GPPsat,Mid,46,-0.68746,69.6,0.007197,0.03598,*
M7vsM8_anom_12m,natural_breaks,Absolute Mortality,NEPmax,Mid,46,-0.82956,63,0.03242,0.07678,ns
M7vsM8_anom_12m,natural_breaks,Absolute Mortality,WUE,Mid,46,-0.02349,54.3,0.1212,0.2098,ns
M7vsM8_anom_12m,natural_breaks,Absolute Mortality,uWUE,Mid,46,-0.01607,52.2,0.3038,0.4272,ns
M7vsM8_anom_12m,natural_breaks,Absolute Mortality,ETmax,Low,37,-0.00236,56.8,0.05833,0.125,ns
M7vsM8_anom_12m,natural_breaks,Absolute Mortality,GPPsat,Low,37,-0.51635,62.2,0.01278,0.04852,*
M7vsM8_anom_12m,natural_breaks,Absolute Mortality,NEPmax,Low,37,-0.73888,70.3,0.001154,0.02597,*
M7vsM8_anom_12m,natural_breaks,Absolute Mortality,WUE,Low,37,-0.08675,54.1,0.08258,0.1616,ns
M7vsM8_anom_12m,natural_breaks,Absolute Mortality,uWUE,Low,37,-0.03977,62.2,0.02493,0.06598,ns
M7vsM8_anom_12m,natural_breaks,Relative Mortality,ETmax,Mid,45,-0.00064,57.8,0.1393,0.2321,ns
M7vsM8_anom_12m,natural_breaks,Relative Mortality,GPPsat,Mid,45,-0.9414,68.9,0.003994,0.0307,*
M7vsM8_anom_12m,natural_breaks,Relative Mortality,NEPmax,Mid,45,-0.86613,64.4,0.01554,0.04852,*
M7vsM8_anom_12m,natural_breaks,Relative Mortality,WUE,Mid,45,-0.03487,57.8,0.09909,0.1784,ns
M7vsM8_anom_12m,natural_breaks,Relative Mortality,uWUE,Mid,45,-0.00505,51.1,0.3717,0.4646,ns
M7vsM8_anom_12m,natural_breaks,Relative Mortality,ETmax,High,26,0.0021,42.3,0.9109,0.9109,ns
M7vsM8_anom_12m,natural_breaks,Relative Mortality,GPPsat,High,26,-0.73564,73.1,0.002605,0.0307,*
M7vsM8_anom_12m,natural_breaks,Relative Mortality,NEPmax,High,26,-1.06178,69.2,0.005962,0.03353,*
M7vsM8_anom_12m,natural_breaks,Relative Mortality,WUE,High,26,0.01425,46.2,0.3422,0.44,ns
M7vsM8_anom_12m,natural_breaks,Relative Mortality,uWUE,High,26,-0.04323,65.4,0.08914,0.1671,ns
M7vsM8_anom_12m,natural_breaks,Relative Mortality,ETmax,Low,41,0.00087,46.3,0.4382,0.533,ns
M7vsM8_anom_12m,natural_breaks,Relative Mortality,GPPsat,Low,41,-0.56709,61,0.01625,0.04852,*
M7vsM8_anom_12m,natural_breaks,Relative Mortality,NEPmax,Low,41,-0.70894,68.3,0.004776,0.0307,*
M7vsM8_anom_12m,natural_breaks,Relative Mortality,WUE,Low,41,0.00287,48.8,0.3298,0.4364,ns
M7vsM8_anom_12m,natural_breaks,Relative Mortality,uWUE,Low,41,-0.0128,53.7,0.2262,0.3283,ns
M7vsM8_anom_12m,natural_breaks,Relative Disturbance,ETmax,Mid,49,-7e-04,59.2,0.04934,0.111,ns
M7vsM8_anom_12m,natural_breaks,Relative Disturbance,GPPsat,Mid,49,-0.99685,71.4,0.0007038,0.02597,*
M7vsM8_anom_12m,natural_breaks,Relative Disturbance,NEPmax,Mid,49,-0.92835,65.3,0.00321,0.0307,*
M7vsM8_anom_12m,natural_breaks,Relative Disturbance,WUE,Mid,49,0.00287,49,0.3272,0.4364,ns
M7vsM8_anom_12m,natural_breaks,Relative Disturbance,uWUE,Mid,49,0.02721,46.9,0.496,0.5874,ns
M7vsM8_anom_12m,natural_breaks,Relative Disturbance,ETmax,High,24,0.0021,45.8,0.908,0.9109,ns
M7vsM8_anom_12m,natural_breaks,Relative Disturbance,GPPsat,High,24,-0.73564,70.8,0.009208,0.04144,*
M7vsM8_anom_12m,natural_breaks,Relative Disturbance,NEPmax,High,24,-0.66131,66.7,0.01664,0.04852,*
M7vsM8_anom_12m,natural_breaks,Relative Disturbance,WUE,High,24,-0.05106,54.2,0.1841,0.2761,ns
M7vsM8_anom_12m,natural_breaks,Relative Disturbance,uWUE,High,24,-0.04907,66.7,0.07453,0.1524,ns
M7vsM8_anom_12m,natural_breaks,Relative Disturbance,ETmax,Low,39,0.00119,41,0.7723,0.8275,ns
M7vsM8_anom_12m,natural_breaks,Relative Disturbance,GPPsat,Low,39,-0.54625,59,0.0284,0.071,ns
M7vsM8_anom_12m,natural_breaks,Relative Disturbance,NEPmax,Low,39,-0.70894,69.2,0.01725,0.04852,*
M7vsM8_anom_12m,natural_breaks,Relative Disturbance,WUE,Low,39,-0.02073,53.8,0.1558,0.2418,ns
M7vsM8_anom_12m,natural_breaks,Relative Disturbance,uWUE,Low,39,-0.02722,59,0.146,0.2347,ns
M7vsM8_anom_24m,tertiles,Absolute Mortality,ETmax,High,37,0.00067,45.9,0.7561,0.7733,ns
M7vsM8_anom_24m,tertiles,Absolute Mortality,GPPsat,High,37,-0.76327,67.6,0.0093,0.05681,ns
M7vsM8_anom_24m,tertiles,Absolute Mortality,NEPmax,High,37,-0.54972,62.2,0.01136,0.05681,ns
M7vsM8_anom_24m,tertiles,Absolute Mortality,WUE,High,37,0.01584,48.6,0.4164,0.4804,ns
M7vsM8_anom_24m,tertiles,Absolute Mortality,uWUE,High,37,0.0128,48.6,0.488,0.549,ns
M7vsM8_anom_24m,tertiles,Absolute Mortality,ETmax,Mid,37,-7e-05,51.4,0.2884,0.3697,ns
M7vsM8_anom_24m,tertiles,Absolute Mortality,GPPsat,Mid,37,-0.83503,73,0.008226,0.05681,ns
M7vsM8_anom_24m,tertiles,Absolute Mortality,NEPmax,Mid,37,-0.54203,64.9,0.06765,0.1324,ns
M7vsM8_anom_24m,tertiles,Absolute Mortality,WUE,Mid,37,0.00019,48.6,0.2534,0.3564,ns
M7vsM8_anom_24m,tertiles,Absolute Mortality,uWUE,Mid,37,0.0237,45.9,0.2391,0.3471,ns
M7vsM8_anom_24m,tertiles,Absolute Mortality,ETmax,Low,38,-0.00042,52.6,0.1449,0.2608,ns
M7vsM8_anom_24m,tertiles,Absolute Mortality,GPPsat,Low,38,-0.21101,60.5,0.05533,0.1132,ns
M7vsM8_anom_24m,tertiles,Absolute Mortality,NEPmax,Low,38,-0.82308,71.1,0.001341,0.03169,*
M7vsM8_anom_24m,tertiles,Absolute Mortality,WUE,Low,38,-0.07624,60.5,0.08415,0.1578,ns
M7vsM8_anom_24m,tertiles,Absolute Mortality,uWUE,Low,38,-0.07757,65.8,0.01651,0.05715,ns
M7vsM8_anom_24m,tertiles,Relative Mortality,ETmax,High,37,0.00034,45.9,0.8133,0.8133,ns
M7vsM8_anom_24m,tertiles,Relative Mortality,GPPsat,High,37,-0.64283,70.3,0.004732,0.05681,ns
M7vsM8_anom_24m,tertiles,Relative Mortality,NEPmax,High,37,-0.66195,59.5,0.01435,0.05715,ns
M7vsM8_anom_24m,tertiles,Relative Mortality,WUE,High,37,0.02673,45.9,0.3364,0.3983,ns
M7vsM8_anom_24m,tertiles,Relative Mortality,uWUE,High,37,0.0128,48.6,0.3364,0.3983,ns
M7vsM8_anom_24m,tertiles,Relative Mortality,ETmax,Mid,37,-0.00101,56.8,0.1867,0.3112,ns
M7vsM8_anom_24m,tertiles,Relative Mortality,GPPsat,Mid,37,-0.79432,70.3,0.01609,0.05715,ns
M7vsM8_anom_24m,tertiles,Relative Mortality,NEPmax,Mid,37,-0.54972,67.6,0.01092,0.05681,ns
M7vsM8_anom_24m,tertiles,Relative Mortality,WUE,Mid,37,-0.14693,62.2,0.03512,0.0878,ns
M7vsM8_anom_24m,tertiles,Relative Mortality,uWUE,Mid,37,-0.07508,59.5,0.04138,0.0931,ns
M7vsM8_anom_24m,tertiles,Relative Mortality,ETmax,Low,38,3e-05,47.4,0.2084,0.3233,ns
M7vsM8_anom_24m,tertiles,Relative Mortality,GPPsat,Low,38,-0.52618,60.5,0.02599,0.0731,ns
M7vsM8_anom_24m,tertiles,Relative Mortality,NEPmax,Low,38,-0.63018,71.1,0.009043,0.05681,ns
M7vsM8_anom_24m,tertiles,Relative Mortality,WUE,Low,38,-0.00016,50,0.5804,0.6371,ns
M7vsM8_anom_24m,tertiles,Relative Mortality,uWUE,Low,38,-0.01631,52.6,0.2958,0.3697,ns
M7vsM8_anom_24m,tertiles,Relative Disturbance,ETmax,High,37,0.00023,48.6,0.7219,0.7554,ns
M7vsM8_anom_24m,tertiles,Relative Disturbance,GPPsat,High,37,-0.96776,67.6,0.006134,0.05681,ns
M7vsM8_anom_24m,tertiles,Relative Disturbance,NEPmax,High,37,-0.54203,56.8,0.0224,0.06721,ns
M7vsM8_anom_24m,tertiles,Relative Disturbance,WUE,High,37,0.04061,45.9,0.2935,0.3697,ns
M7vsM8_anom_24m,tertiles,Relative Disturbance,uWUE,High,37,0.0128,48.6,0.2299,0.3448,ns
M7vsM8_anom_24m,tertiles,Relative Disturbance,ETmax,Mid,37,-0.00172,62.2,0.03512,0.0878,ns
M7vsM8_anom_24m,tertiles,Relative Disturbance,GPPsat,Mid,37,-0.79844,70.3,0.01278,0.05715,ns
M7vsM8_anom_24m,tertiles,Relative Disturbance,NEPmax,Mid,37,-0.66722,70.3,0.001408,0.03169,*
M7vsM8_anom_24m,tertiles,Relative Disturbance,WUE,Mid,37,-0.04782,56.8,0.1709,0.2959,ns
M7vsM8_anom_24m,tertiles,Relative Disturbance,uWUE,Mid,37,-0.00437,51.4,0.2832,0.3697,ns
M7vsM8_anom_24m,tertiles,Relative Disturbance,ETmax,Low,38,6e-04,39.5,0.6577,0.7046,ns
M7vsM8_anom_24m,tertiles,Relative Disturbance,GPPsat,Low,38,-0.40036,63.2,0.03965,0.0931,ns
M7vsM8_anom_24m,tertiles,Relative Disturbance,NEPmax,Low,38,-0.53148,71.1,0.02191,0.06721,ns
M7vsM8_anom_24m,tertiles,Relative Disturbance,WUE,Low,38,-0.02819,55.3,0.1961,0.3152,ns
M7vsM8_anom_24m,tertiles,Relative Disturbance,uWUE,Low,38,-0.04139,60.5,0.04768,0.1022,ns
M7vsM8_anom_24m,equal_width,Absolute Mortality,ETmax,Mid,52,-0.00112,53.8,0.3195,0.4793,ns
M7vsM8_anom_24m,equal_width,Absolute Mortality,GPPsat,Mid,52,-0.37698,63.5,0.06024,0.1671,ns
M7vsM8_anom_24m,equal_width,Absolute Mortality,NEPmax,Mid,52,-0.26632,55.8,0.1616,0.2908,ns
M7vsM8_anom_24m,equal_width,Absolute Mortality,WUE,Mid,52,-0.03205,53.8,0.1616,0.2908,ns
M7vsM8_anom_24m,equal_width,Absolute Mortality,uWUE,Mid,52,-0.00884,51.9,0.2181,0.3635,ns
M7vsM8_anom_24m,equal_width,Absolute Mortality,ETmax,Low,54,3e-05,48.1,0.1807,0.3128,ns
M7vsM8_anom_24m,equal_width,Absolute Mortality,GPPsat,Low,54,-0.73072,68.5,0.0008126,0.006095,**
M7vsM8_anom_24m,equal_width,Absolute Mortality,NEPmax,Low,54,-0.82308,72.2,8.7e-05,0.001663,**
M7vsM8_anom_24m,equal_width,Absolute Mortality,WUE,Low,54,-0.0222,53.7,0.1507,0.2908,ns
M7vsM8_anom_24m,equal_width,Absolute Mortality,uWUE,Low,54,-0.02124,55.6,0.04574,0.147,ns
M7vsM8_anom_24m,equal_width,Absolute Mortality,ETmax,High,6,0.00495,33.3,0.9533,0.9533,ns
M7vsM8_anom_24m,equal_width,Absolute Mortality,GPPsat,High,6,-2.50772,83.3,0.02959,0.1109,ns
M7vsM8_anom_24m,equal_width,Absolute Mortality,NEPmax,High,6,-2.20397,100,0.01802,0.08107,ns
M7vsM8_anom_24m,equal_width,Absolute Mortality,WUE,High,6,0.07417,33.3,0.7353,0.7699,ns
M7vsM8_anom_24m,equal_width,Absolute Mortality,uWUE,High,6,-0.00257,50,0.5,0.6429,ns
M7vsM8_anom_24m,equal_width,Relative Mortality,ETmax,Mid,34,0.00029,47.1,0.69,0.7573,ns
M7vsM8_anom_24m,equal_width,Relative Mortality,GPPsat,Mid,34,-1.00269,82.4,0.0001109,0.001663,**
M7vsM8_anom_24m,equal_width,Relative Mortality,NEPmax,Mid,34,-1.06338,73.5,0.0006542,0.006095,**
M7vsM8_anom_24m,equal_width,Relative Mortality,WUE,Mid,34,0.04258,41.2,0.5476,0.6676,ns
M7vsM8_anom_24m,equal_width,Relative Mortality,uWUE,Mid,34,0.00422,50,0.4932,0.6429,ns
M7vsM8_anom_24m,equal_width,Relative Mortality,ETmax,High,8,-0.00035,50,0.6369,0.7348,ns
M7vsM8_anom_24m,equal_width,Relative Mortality,GPPsat,High,8,0.72567,37.5,0.688,0.7573,ns
M7vsM8_anom_24m,equal_width,Relative Mortality,NEPmax,High,8,0.20287,25,0.7357,0.7699,ns
M7vsM8_anom_24m,equal_width,Relative Mortality,WUE,High,8,-0.1545,62.5,0.1468,0.2908,ns
M7vsM8_anom_24m,equal_width,Relative Mortality,uWUE,High,8,-0.11439,50,0.312,0.4793,ns
M7vsM8_anom_24m,equal_width,Relative Mortality,ETmax,Low,70,-4e-05,51.4,0.1331,0.2852,ns
M7vsM8_anom_24m,equal_width,Relative Mortality,GPPsat,Low,70,-0.48691,62.9,0.009925,0.04963,*
M7vsM8_anom_24m,equal_width,Relative Mortality,NEPmax,Low,70,-0.44622,67.1,0.003551,0.02283,*
M7vsM8_anom_24m,equal_width,Relative Mortality,WUE,Low,70,-0.03205,57.1,0.101,0.2525,ns
M7vsM8_anom_24m,equal_width,Relative Mortality,uWUE,Low,70,-0.02918,55.7,0.0432,0.147,ns
M7vsM8_anom_24m,equal_width,Relative Disturbance,ETmax,Mid,39,-0.00145,53.8,0.3454,0.5014,ns
M7vsM8_anom_24m,equal_width,Relative Disturbance,GPPsat,Mid,39,-1.03435,79.5,0.0001057,0.001663,**
M7vsM8_anom_24m,equal_width,Relative Disturbance,NEPmax,Mid,39,-1.16913,69.2,0.0007145,0.006095,**
M7vsM8_anom_24m,equal_width,Relative Disturbance,WUE,Mid,39,0.04061,41,0.5637,0.6676,ns
M7vsM8_anom_24m,equal_width,Relative Disturbance,uWUE,Mid,39,0.0128,48.7,0.5637,0.6676,ns
M7vsM8_anom_24m,equal_width,Relative Disturbance,ETmax,High,10,0.00122,40,0.7926,0.8106,ns
M7vsM8_anom_24m,equal_width,Relative Disturbance,GPPsat,High,10,0.25403,50,0.4594,0.6265,ns
M7vsM8_anom_24m,equal_width,Relative Disturbance,NEPmax,High,10,0.10908,40,0.3799,0.5342,ns
M7vsM8_anom_24m,equal_width,Relative Disturbance,WUE,High,10,-0.20692,70,0.06314,0.1671,ns
M7vsM8_anom_24m,equal_width,Relative Disturbance,uWUE,High,10,-0.27722,60,0.1311,0.2852,ns
M7vsM8_anom_24m,equal_width,Relative Disturbance,ETmax,Low,63,2e-05,49.2,0.2414,0.388,ns
M7vsM8_anom_24m,equal_width,Relative Disturbance,GPPsat,Low,63,-0.45487,61.9,0.02189,0.08955,ns
M7vsM8_anom_24m,equal_width,Relative Disturbance,NEPmax,Low,63,-0.37919,68.3,0.007193,0.04046,*
M7vsM8_anom_24m,equal_width,Relative Disturbance,WUE,Low,63,-0.02903,57.1,0.1175,0.2782,ns
M7vsM8_anom_24m,equal_width,Relative Disturbance,uWUE,Low,63,-0.01882,55.6,0.04983,0.1495,ns
M7vsM8_anom_24m,natural_breaks,Absolute Mortality,ETmax,High,29,0.00023,48.3,0.8065,0.844,ns
M7vsM8_anom_24m,natural_breaks,Absolute Mortality,GPPsat,High,29,-0.79844,69,0.01034,0.05205,ns
M7vsM8_anom_24m,natural_breaks,Absolute Mortality,NEPmax,High,29,-0.79321,62.1,0.01615,0.07267,ns
M7vsM8_anom_24m,natural_breaks,Absolute Mortality,WUE,High,29,0.05843,44.8,0.4828,0.5431,ns
M7vsM8_anom_24m,natural_breaks,Absolute Mortality,uWUE,High,29,0.01811,41.4,0.713,0.7639,ns
M7vsM8_anom_24m,natural_breaks,Absolute Mortality,ETmax,Mid,46,2e-05,50,0.2526,0.3247,ns
M7vsM8_anom_24m,natural_breaks,Absolute Mortality,GPPsat,Mid,46,-0.78122,71.7,0.006369,0.05205,ns
M7vsM8_anom_24m,natural_breaks,Absolute Mortality,NEPmax,Mid,46,-0.54588,65.2,0.03404,0.08573,ns
M7vsM8_anom_24m,natural_breaks,Absolute Mortality,WUE,Mid,46,-0.00331,52.2,0.1654,0.2428,ns
M7vsM8_anom_24m,natural_breaks,Absolute Mortality,uWUE,Mid,46,-0.00884,52.2,0.1085,0.1953,ns
M7vsM8_anom_24m,natural_breaks,Absolute Mortality,ETmax,Low,37,0,51.4,0.1634,0.2428,ns
M7vsM8_anom_24m,natural_breaks,Absolute Mortality,GPPsat,Low,37,-0.15922,59.5,0.06193,0.1294,ns
M7vsM8_anom_24m,natural_breaks,Absolute Mortality,NEPmax,Low,37,-0.73785,70.3,0.001979,0.02969,*
M7vsM8_anom_24m,natural_breaks,Absolute Mortality,WUE,Low,37,-0.06526,59.5,0.1137,0.1968,ns
M7vsM8_anom_24m,natural_breaks,Absolute Mortality,uWUE,Low,37,-0.0478,64.9,0.02493,0.0755,ns
M7vsM8_anom_24m,natural_breaks,Relative Mortality,ETmax,Mid,45,-0.00084,53.3,0.2247,0.2975,ns
M7vsM8_anom_24m,natural_breaks,Relative Mortality,GPPsat,Mid,45,-0.79432,71.1,0.01034,0.05205,ns
M7vsM8_anom_24m,natural_breaks,Relative Mortality,NEPmax,Mid,45,-0.54972,64.4,0.01839,0.07523,ns
M7vsM8_anom_24m,natural_breaks,Relative Mortality,WUE,Mid,45,-0.00612,51.1,0.1575,0.2428,ns
M7vsM8_anom_24m,natural_breaks,Relative Mortality,uWUE,Mid,45,-0.00437,51.1,0.2674,0.3342,ns
M7vsM8_anom_24m,natural_breaks,Relative Mortality,ETmax,High,26,0.00042,46.2,0.8569,0.8764,ns
M7vsM8_anom_24m,natural_breaks,Relative Mortality,GPPsat,High,26,-0.79636,69.2,0.01041,0.05205,ns
M7vsM8_anom_24m,natural_breaks,Relative Mortality,NEPmax,High,26,-0.88658,61.5,0.005962,0.05205,ns
M7vsM8_anom_24m,natural_breaks,Relative Mortality,WUE,High,26,-0.06166,53.8,0.1672,0.2428,ns
M7vsM8_anom_24m,natural_breaks,Relative Mortality,uWUE,High,26,-0.02551,53.8,0.0933,0.1825,ns
M7vsM8_anom_24m,natural_breaks,Relative Mortality,ETmax,Low,41,2e-05,48.8,0.1998,0.2725,ns
M7vsM8_anom_24m,natural_breaks,Relative Mortality,GPPsat,Low,41,-0.51896,61,0.02299,0.0755,ns
M7vsM8_anom_24m,natural_breaks,Relative Mortality,NEPmax,Low,41,-0.59315,70.7,0.007692,0.05205,ns
M7vsM8_anom_24m,natural_breaks,Relative Mortality,WUE,Low,41,-0.01705,53.7,0.3345,0.4003,ns
M7vsM8_anom_24m,natural_breaks,Relative Mortality,uWUE,Low,41,-0.01882,56.1,0.1499,0.2428,ns
M7vsM8_anom_24m,natural_breaks,Relative Disturbance,ETmax,Mid,49,-0.00154,61.2,0.02872,0.08078,ns
M7vsM8_anom_24m,natural_breaks,Relative Disturbance,GPPsat,Mid,49,-0.82713,69.4,0.001898,0.02969,*
M7vsM8_anom_24m,natural_breaks,Relative Disturbance,NEPmax,Mid,49,-0.66722,69.4,0.001207,0.02969,*
M7vsM8_anom_24m,natural_breaks,Relative Disturbance,WUE,Mid,49,-5e-04,51,0.3381,0.4003,ns
M7vsM8_anom_24m,natural_breaks,Relative Disturbance,uWUE,Mid,49,0.01542,46.9,0.4683,0.5403,ns
M7vsM8_anom_24m,natural_breaks,Relative Disturbance,ETmax,High,24,8e-04,41.7,0.8877,0.8877,ns
M7vsM8_anom_24m,natural_breaks,Relative Disturbance,GPPsat,High,24,-0.79473,70.8,0.02053,0.0755,ns
M7vsM8_anom_24m,natural_breaks,Relative Disturbance,NEPmax,High,24,-0.67879,54.2,0.02517,0.0755,ns
M7vsM8_anom_24m,natural_breaks,Relative Disturbance,WUE,High,24,-0.06166,54.2,0.107,0.1953,ns
M7vsM8_anom_24m,natural_breaks,Relative Disturbance,uWUE,High,24,-0.0604,58.3,0.05323,0.1261,ns
M7vsM8_anom_24m,natural_breaks,Relative Disturbance,ETmax,Low,39,0.00038,41,0.6597,0.7241,ns
M7vsM8_anom_24m,natural_breaks,Relative Disturbance,GPPsat,Low,39,-0.34586,61.5,0.06325,0.1294,ns
M7vsM8_anom_24m,natural_breaks,Relative Disturbance,NEPmax,Low,39,-0.51325,69.2,0.03429,0.08573,ns
M7vsM8_anom_24m,natural_breaks,Relative Disturbance,WUE,Low,39,-0.02734,53.8,0.1993,0.2725,ns
M7vsM8_anom_24m,natural_breaks,Relative Disturbance,uWUE,Low,39,-0.03954,59,0.06325,0.1294,ns
