unit,method,metric,response,category,n,median_dRMSE,pct_sites_improved,p_onesided_wilcoxon,q_BH,sig
M1vsM2_12m,tertiles,Absolute Mortality,ETmax,High,22,0.00197,40.9,0.5772,0.7421,ns
M1vsM2_12m,tertiles,Absolute Mortality,GPPsat,High,22,-0.45487,54.5,0.2085,0.603,ns
M1vsM2_12m,tertiles,Absolute Mortality,NEPmax,High,22,-0.71441,63.6,0.07658,0.603,ns
M1vsM2_12m,tertiles,Absolute Mortality,WUE,High,22,0.0322,40.9,0.8506,0.8506,ns
M1vsM2_12m,tertiles,Absolute Mortality,uWUE,High,22,-0.01302,54.5,0.5645,0.7421,ns
M1vsM2_12m,tertiles,Absolute Mortality,ETmax,Mid,21,-0.00068,57.1,0.3383,0.603,ns
M1vsM2_12m,tertiles,Absolute Mortality,GPPsat,Mid,21,-0.22705,61.9,0.3011,0.603,ns
M1vsM2_12m,tertiles,Absolute Mortality,NEPmax,Mid,21,-0.33541,52.4,0.3772,0.6287,ns
M1vsM2_12m,tertiles,Absolute Mortality,WUE,Mid,21,-0.04413,61.9,0.3011,0.603,ns
M1vsM2_12m,tertiles,Absolute Mortality,uWUE,Mid,21,0.02354,42.9,0.6489,0.8111,ns
M1vsM2_12m,tertiles,Absolute Mortality,ETmax,Low,22,-0.00116,63.6,0.2179,0.603,ns
M1vsM2_12m,tertiles,Absolute Mortality,GPPsat,Low,22,0.23076,31.8,0.7205,0.8506,ns
M1vsM2_12m,tertiles,Absolute Mortality,NEPmax,Low,22,-0.62939,63.6,0.2581,0.603,ns
M1vsM2_12m,tertiles,Absolute Mortality,WUE,Low,22,-0.00453,50,0.2795,0.603,ns
M1vsM2_12m,tertiles,Absolute Mortality,uWUE,Low,22,-0.0141,54.5,0.09158,0.603,ns
M1vsM2_12m,tertiles,Relative Mortality,ETmax,High,22,0.00059,45.5,0.3247,0.603,ns
M1vsM2_12m,tertiles,Relative Mortality,GPPsat,High,22,-0.16937,50,0.3247,0.603,ns
M1vsM2_12m,tertiles,Relative Mortality,NEPmax,High,22,-0.71441,59.1,0.1571,0.603,ns
M1vsM2_12m,tertiles,Relative Mortality,WUE,High,22,0.01041,45.5,0.7821,0.8506,ns
M1vsM2_12m,tertiles,Relative Mortality,uWUE,High,22,-0.02862,63.6,0.3484,0.603,ns
M1vsM2_12m,tertiles,Relative Mortality,ETmax,Mid,21,0.00076,47.6,0.8348,0.8506,ns
M1vsM2_12m,tertiles,Relative Mortality,GPPsat,Mid,21,-0.01765,52.4,0.6989,0.8501,ns
M1vsM2_12m,tertiles,Relative Mortality,NEPmax,Mid,21,-0.03672,52.4,0.5139,0.7007,ns
M1vsM2_12m,tertiles,Relative Mortality,WUE,Mid,21,-0.0427,61.9,0.174,0.603,ns
M1vsM2_12m,tertiles,Relative Mortality,uWUE,Mid,21,0.02354,38.1,0.7565,0.8506,ns
M1vsM2_12m,tertiles,Relative Mortality,ETmax,Low,22,-0.00171,68.2,0.09158,0.603,ns
M1vsM2_12m,tertiles,Relative Mortality,GPPsat,Low,22,0.11437,45.5,0.1904,0.603,ns
M1vsM2_12m,tertiles,Relative Mortality,NEPmax,Low,22,-0.77452,68.2,0.07201,0.603,ns
M1vsM2_12m,tertiles,Relative Mortality,WUE,Low,22,0.00839,45.5,0.4871,0.7007,ns
M1vsM2_12m,tertiles,Relative Mortality,uWUE,Low,22,-0.00018,50,0.2375,0.603,ns
M1vsM2_12m,tertiles,Relative Disturbance,ETmax,High,22,0.00059,45.5,0.3247,0.603,ns
M1vsM2_12m,tertiles,Relative Disturbance,GPPsat,High,22,-0.16937,50,0.3017,0.603,ns
M1vsM2_12m,tertiles,Relative Disturbance,NEPmax,High,22,-0.40592,54.5,0.2375,0.603,ns
M1vsM2_12m,tertiles,Relative Disturbance,WUE,High,22,0.01041,45.5,0.7625,0.8506,ns
M1vsM2_12m,tertiles,Relative Disturbance,uWUE,High,22,-0.02862,63.6,0.4355,0.6999,ns
M1vsM2_12m,tertiles,Relative Disturbance,ETmax,Mid,21,0.00076,47.6,0.8169,0.8506,ns
M1vsM2_12m,tertiles,Relative Disturbance,GPPsat,Mid,21,-0.22705,57.1,0.5,0.7007,ns
M1vsM2_12m,tertiles,Relative Disturbance,NEPmax,Mid,21,-0.64817,66.7,0.1187,0.603,ns
M1vsM2_12m,tertiles,Relative Disturbance,WUE,Mid,21,-0.0427,61.9,0.212,0.603,ns
M1vsM2_12m,tertiles,Relative Disturbance,uWUE,Mid,21,0.02354,33.3,0.8076,0.8506,ns
M1vsM2_12m,tertiles,Relative Disturbance,ETmax,Low,22,-0.00139,68.2,0.1027,0.603,ns
M1vsM2_12m,tertiles,Relative Disturbance,GPPsat,Low,22,0.16638,40.9,0.4612,0.7007,ns
M1vsM2_12m,tertiles,Relative Disturbance,NEPmax,Low,22,-0.45271,59.1,0.2477,0.603,ns
M1vsM2_12m,tertiles,Relative Disturbance,WUE,Low,22,0.00839,45.5,0.5129,0.7007,ns
M1vsM2_12m,tertiles,Relative Disturbance,uWUE,Low,22,-0.0141,54.5,0.1817,0.603,ns
M1vsM2_12m,equal_width,Absolute Mortality,ETmax,Mid,21,3e-04,47.6,0.3257,0.602,ns
M1vsM2_12m,equal_width,Absolute Mortality,GPPsat,Mid,21,-0.40824,61.9,0.07707,0.602,ns
M1vsM2_12m,equal_width,Absolute Mortality,NEPmax,Mid,21,-0.88616,66.7,0.03535,0.602,ns
M1vsM2_12m,equal_width,Absolute Mortality,WUE,Mid,21,0.00175,47.6,0.6989,0.7766,ns
M1vsM2_12m,equal_width,Absolute Mortality,uWUE,Mid,21,-0.02807,57.1,0.3011,0.602,ns
M1vsM2_12m,equal_width,Absolute Mortality,ETmax,Low,41,-0.00093,61,0.2262,0.602,ns
M1vsM2_12m,equal_width,Absolute Mortality,GPPsat,Low,41,0.19059,43.9,0.4742,0.6322,ns
M1vsM2_12m,equal_width,Absolute Mortality,NEPmax,Low,41,-0.36391,58.5,0.2543,0.602,ns
M1vsM2_12m,equal_width,Absolute Mortality,WUE,Low,41,-0.02055,53.7,0.2071,0.602,ns
M1vsM2_12m,equal_width,Absolute Mortality,uWUE,Low,41,0.01039,46.3,0.4382,0.6044,ns
M1vsM2_12m,equal_width,Absolute Mortality,ETmax,High,3,0.00264,0,,,""
M1vsM2_12m,equal_width,Absolute Mortality,GPPsat,High,3,0.63527,33.3,,,""
M1vsM2_12m,equal_width,Absolute Mortality,NEPmax,High,3,0.66831,33.3,,,""
M1vsM2_12m,equal_width,Absolute Mortality,WUE,High,3,0.07832,33.3,,,""
M1vsM2_12m,equal_width,Absolute Mortality,uWUE,High,3,-0.00225,66.7,,,""
M1vsM2_12m,equal_width,Relative Mortality,ETmax,Mid,26,0.00125,42.3,0.5805,0.706,ns
M1vsM2_12m,equal_width,Relative Mortality,GPPsat,Mid,26,-0.12235,53.8,0.2627,0.602,ns
M1vsM2_12m,equal_width,Relative Mortality,NEPmax,Mid,26,-0.61806,65.4,0.1114,0.602,ns
M1vsM2_12m,equal_width,Relative Mortality,WUE,Mid,26,-0.0295,57.7,0.3057,0.602,ns
M1vsM2_12m,equal_width,Relative Mortality,uWUE,Mid,26,-0.00965,50,0.3803,0.602,ns
M1vsM2_12m,equal_width,Relative Mortality,ETmax,Low,32,-0.00116,65.6,0.1329,0.602,ns
M1vsM2_12m,equal_width,Relative Mortality,GPPsat,Low,32,0.11437,46.9,0.2779,0.602,ns
M1vsM2_12m,equal_width,Relative Mortality,NEPmax,Low,32,-0.66243,62.5,0.1103,0.602,ns
M1vsM2_12m,equal_width,Relative Mortality,WUE,Low,32,-0.00453,50,0.3717,0.602,ns
M1vsM2_12m,equal_width,Relative Mortality,uWUE,Low,32,-0.00018,50,0.297,0.602,ns
M1vsM2_12m,equal_width,Relative Mortality,ETmax,High,7,0.0022,42.9,0.6001,0.706,ns
M1vsM2_12m,equal_width,Relative Mortality,GPPsat,High,7,0.47797,42.9,0.7229,0.7816,ns
M1vsM2_12m,equal_width,Relative Mortality,NEPmax,High,7,0.63619,28.6,0.8237,0.8449,ns
M1vsM2_12m,equal_width,Relative Mortality,WUE,High,7,0.05641,28.6,0.8641,0.8641,ns
M1vsM2_12m,equal_width,Relative Mortality,uWUE,High,7,-0.00225,57.1,0.7766,0.8174,ns
M1vsM2_12m,equal_width,Relative Disturbance,ETmax,Mid,27,3e-04,48.1,0.6362,0.7271,ns
M1vsM2_12m,equal_width,Relative Disturbance,GPPsat,Mid,27,-0.01765,51.9,0.438,0.6044,ns
M1vsM2_12m,equal_width,Relative Disturbance,NEPmax,Mid,27,-0.36391,59.3,0.2319,0.602,ns
M1vsM2_12m,equal_width,Relative Disturbance,WUE,Mid,27,-0.02168,55.6,0.4004,0.602,ns
M1vsM2_12m,equal_width,Relative Disturbance,uWUE,Mid,27,0.02072,44.4,0.5903,0.706,ns
M1vsM2_12m,equal_width,Relative Disturbance,ETmax,High,9,0.0022,44.4,0.4064,0.602,ns
M1vsM2_12m,equal_width,Relative Disturbance,GPPsat,High,9,-0.53186,55.6,0.4064,0.602,ns
M1vsM2_12m,equal_width,Relative Disturbance,NEPmax,High,9,-0.84089,55.6,0.2768,0.602,ns
M1vsM2_12m,equal_width,Relative Disturbance,WUE,High,9,0.00175,44.4,0.5936,0.706,ns
M1vsM2_12m,equal_width,Relative Disturbance,uWUE,High,9,-0.02807,66.7,0.4064,0.602,ns
M1vsM2_12m,equal_width,Relative Disturbance,ETmax,Low,29,-0.00139,62.1,0.1995,0.602,ns
M1vsM2_12m,equal_width,Relative Disturbance,GPPsat,Low,29,0.14218,44.8,0.3486,0.602,ns
M1vsM2_12m,equal_width,Relative Disturbance,NEPmax,Low,29,-0.61061,62.1,0.1351,0.602,ns
M1vsM2_12m,equal_width,Relative Disturbance,WUE,Low,29,0.00694,48.3,0.406,0.602,ns
M1vsM2_12m,equal_width,Relative Disturbance,uWUE,Low,29,-0.01049,51.7,0.2513,0.602,ns
M1vsM2_12m,natural_breaks,Absolute Mortality,ETmax,High,14,0.00125,42.9,0.525,0.6563,ns
M1vsM2_12m,natural_breaks,Absolute Mortality,GPPsat,High,14,-0.23118,50,0.3078,0.5943,ns
M1vsM2_12m,natural_breaks,Absolute Mortality,NEPmax,High,14,-0.86352,64.3,0.08363,0.5943,ns
M1vsM2_12m,natural_breaks,Absolute Mortality,WUE,High,14,0.0322,35.7,0.8103,0.8893,ns
M1vsM2_12m,natural_breaks,Absolute Mortality,uWUE,High,14,-0.02593,64.3,0.3302,0.5943,ns
M1vsM2_12m,natural_breaks,Absolute Mortality,ETmax,Mid,32,-0.00104,56.2,0.3035,0.5943,ns
M1vsM2_12m,natural_breaks,Absolute Mortality,GPPsat,Mid,32,-0.31117,62.5,0.1213,0.5943,ns
M1vsM2_12m,natural_breaks,Absolute Mortality,NEPmax,Mid,32,-0.47593,59.4,0.1329,0.5943,ns
M1vsM2_12m,natural_breaks,Absolute Mortality,WUE,Mid,32,-0.03241,56.2,0.4516,0.6351,ns
M1vsM2_12m,natural_breaks,Absolute Mortality,uWUE,Mid,32,0.02213,43.8,0.6833,0.8091,ns
M1vsM2_12m,natural_breaks,Absolute Mortality,ETmax,Low,19,-0.00034,57.9,0.3662,0.6337,ns
M1vsM2_12m,natural_breaks,Absolute Mortality,GPPsat,Low,19,0.26009,26.3,0.8975,0.9179,ns
M1vsM2_12m,natural_breaks,Absolute Mortality,NEPmax,Low,19,-0.29481,57.9,0.492,0.6563,ns
M1vsM2_12m,natural_breaks,Absolute Mortality,WUE,Low,19,-0.016,52.6,0.2047,0.5943,ns
M1vsM2_12m,natural_breaks,Absolute Mortality,uWUE,Low,19,-0.01049,52.6,0.1621,0.5943,ns
M1vsM2_12m,natural_breaks,Relative Mortality,ETmax,High,23,3e-04,47.8,0.2665,0.5943,ns
M1vsM2_12m,natural_breaks,Relative Mortality,GPPsat,High,23,0.0695,47.8,0.3863,0.6351,ns
M1vsM2_12m,natural_breaks,Relative Mortality,NEPmax,High,23,-0.64817,60.9,0.1401,0.5943,ns
M1vsM2_12m,natural_breaks,Relative Mortality,WUE,High,23,0.00175,47.8,0.6704,0.8091,ns
M1vsM2_12m,natural_breaks,Relative Mortality,uWUE,High,23,-0.02916,65.2,0.2973,0.5943,ns
M1vsM2_12m,natural_breaks,Relative Mortality,ETmax,Mid,18,0.00272,38.9,0.9363,0.9363,ns
M1vsM2_12m,natural_breaks,Relative Mortality,GPPsat,Mid,18,-0.14133,61.1,0.5174,0.6563,ns
M1vsM2_12m,natural_breaks,Relative Mortality,NEPmax,Mid,18,-0.18607,55.6,0.316,0.5943,ns
M1vsM2_12m,natural_breaks,Relative Mortality,WUE,Mid,18,-0.03509,61.1,0.316,0.5943,ns
M1vsM2_12m,natural_breaks,Relative Mortality,uWUE,Mid,18,0.02563,33.3,0.8417,0.9019,ns
M1vsM2_12m,natural_breaks,Relative Mortality,ETmax,Low,24,-0.00171,70.8,0.0564,0.5943,ns
M1vsM2_12m,natural_breaks,Relative Mortality,GPPsat,Low,24,0.16638,41.7,0.2887,0.5943,ns
M1vsM2_12m,natural_breaks,Relative Mortality,NEPmax,Low,24,-0.66243,62.5,0.1997,0.5943,ns
M1vsM2_12m,natural_breaks,Relative Mortality,WUE,Low,24,0.00839,45.8,0.4376,0.6351,ns
M1vsM2_12m,natural_breaks,Relative Mortality,uWUE,Low,24,-0.00018,50,0.2602,0.5943,ns
M1vsM2_12m,natural_breaks,Relative Disturbance,ETmax,High,22,0.00059,45.5,0.3247,0.5943,ns
M1vsM2_12m,natural_breaks,Relative Disturbance,GPPsat,High,22,-0.16937,50,0.3017,0.5943,ns
M1vsM2_12m,natural_breaks,Relative Disturbance,NEPmax,High,22,-0.40592,54.5,0.2375,0.5943,ns
M1vsM2_12m,natural_breaks,Relative Disturbance,WUE,High,22,0.01041,45.5,0.7625,0.8578,ns
M1vsM2_12m,natural_breaks,Relative Disturbance,uWUE,High,22,-0.02862,63.6,0.4355,0.6351,ns
M1vsM2_12m,natural_breaks,Relative Disturbance,ETmax,Mid,20,0.0012,45,0.8875,0.9179,ns
M1vsM2_12m,natural_breaks,Relative Disturbance,GPPsat,Mid,20,-0.23575,60,0.448,0.6351,ns
M1vsM2_12m,natural_breaks,Relative Disturbance,NEPmax,Mid,20,-0.6812,70,0.07532,0.5943,ns
M1vsM2_12m,natural_breaks,Relative Disturbance,WUE,Mid,20,-0.03509,60,0.2568,0.5943,ns
M1vsM2_12m,natural_breaks,Relative Disturbance,uWUE,Mid,20,0.0233,35,0.7551,0.8578,ns
M1vsM2_12m,natural_breaks,Relative Disturbance,ETmax,Low,23,-0.0014,69.6,0.07427,0.5943,ns
M1vsM2_12m,natural_breaks,Relative Disturbance,GPPsat,Low,23,0.19059,39.1,0.5182,0.6563,ns
M1vsM2_12m,natural_breaks,Relative Disturbance,NEPmax,Low,23,-0.29481,56.5,0.3079,0.5943,ns
M1vsM2_12m,natural_breaks,Relative Disturbance,WUE,Low,23,0.00694,47.8,0.4216,0.6351,ns
M1vsM2_12m,natural_breaks,Relative Disturbance,uWUE,Low,23,-0.01049,52.2,0.2281,0.5943,ns
M1vsM2_24m,tertiles,Absolute Mortality,ETmax,High,22,-0.00151,54.5,0.3017,0.7049,ns
M1vsM2_24m,tertiles,Absolute Mortality,GPPsat,High,22,-0.64974,59.1,0.3365,0.7127,ns
M1vsM2_24m,tertiles,Absolute Mortality,NEPmax,High,22,-1.11701,54.5,0.07201,0.5568,ns
M1vsM2_24m,tertiles,Absolute Mortality,WUE,High,22,0.02883,36.4,0.8852,0.9116,ns
M1vsM2_24m,tertiles,Absolute Mortality,uWUE,High,22,0.03231,40.9,0.6395,0.8182,ns
M1vsM2_24m,tertiles,Absolute Mortality,ETmax,Mid,21,-0.00088,57.1,0.5277,0.7615,ns
M1vsM2_24m,tertiles,Absolute Mortality,GPPsat,Mid,21,-0.27474,61.9,0.2773,0.7049,ns
M1vsM2_24m,tertiles,Absolute Mortality,NEPmax,Mid,21,-0.07591,52.4,0.5415,0.7615,ns
M1vsM2_24m,tertiles,Absolute Mortality,WUE,Mid,21,-0.02888,61.9,0.2222,0.6667,ns
M1vsM2_24m,tertiles,Absolute Mortality,uWUE,Mid,21,-0.01463,57.1,0.4723,0.7615,ns
M1vsM2_24m,tertiles,Absolute Mortality,ETmax,Low,22,0.0014,40.9,0.8913,0.9116,ns
M1vsM2_24m,tertiles,Absolute Mortality,GPPsat,Low,22,0.10282,45.5,0.6025,0.8182,ns
M1vsM2_24m,tertiles,Absolute Mortality,NEPmax,Low,22,-0.98552,54.5,0.142,0.5568,ns
M1vsM2_24m,tertiles,Absolute Mortality,WUE,Low,22,-0.03055,54.5,0.1148,0.5568,ns
M1vsM2_24m,tertiles,Absolute Mortality,uWUE,Low,22,-0.03669,72.7,0.02041,0.3358,ns
M1vsM2_24m,tertiles,Relative Mortality,ETmax,High,22,-0.00267,59.1,0.1732,0.5568,ns
M1vsM2_24m,tertiles,Relative Mortality,GPPsat,High,22,-0.36013,59.1,0.4228,0.7615,ns
M1vsM2_24m,tertiles,Relative Mortality,NEPmax,High,22,-0.51518,50,0.1732,0.5568,ns
M1vsM2_24m,tertiles,Relative Mortality,WUE,High,22,-5e-05,50,0.7419,0.8182,ns
M1vsM2_24m,tertiles,Relative Mortality,uWUE,High,22,0.00828,45.5,0.4741,0.7615,ns
M1vsM2_24m,tertiles,Relative Mortality,ETmax,Mid,21,0.00404,38.1,0.9488,0.9488,ns
M1vsM2_24m,tertiles,Relative Mortality,GPPsat,Mid,21,-0.0385,52.4,0.7455,0.8182,ns
M1vsM2_24m,tertiles,Relative Mortality,NEPmax,Mid,21,0.12882,47.6,0.6228,0.8182,ns
M1vsM2_24m,tertiles,Relative Mortality,WUE,Mid,21,0.00299,47.6,0.431,0.7615,ns
M1vsM2_24m,tertiles,Relative Mortality,uWUE,Mid,21,-0.00703,52.4,0.7227,0.8182,ns
M1vsM2_24m,tertiles,Relative Mortality,ETmax,Low,22,-0.00028,54.5,0.4741,0.7615,ns
M1vsM2_24m,tertiles,Relative Mortality,GPPsat,Low,22,-0.19701,54.5,0.1087,0.5568,ns
M1vsM2_24m,tertiles,Relative Mortality,NEPmax,Low,22,-1.43247,63.6,0.02571,0.3358,ns
M1vsM2_24m,tertiles,Relative Mortality,WUE,Low,22,-0.01632,54.5,0.142,0.5568,ns
M1vsM2_24m,tertiles,Relative Mortality,uWUE,Low,22,-0.0333,72.7,0.02985,0.3358,ns
M1vsM2_24m,tertiles,Relative Disturbance,ETmax,High,22,-0.00267,59.1,0.1494,0.5568,ns
M1vsM2_24m,tertiles,Relative Disturbance,GPPsat,High,22,-0.64974,63.6,0.2905,0.7049,ns
M1vsM2_24m,tertiles,Relative Disturbance,NEPmax,High,22,-1.11701,54.5,0.1348,0.5568,ns
M1vsM2_24m,tertiles,Relative Disturbance,WUE,High,22,-5e-05,50,0.6983,0.8182,ns
M1vsM2_24m,tertiles,Relative Disturbance,uWUE,High,22,0.00828,45.5,0.5129,0.7615,ns
M1vsM2_24m,tertiles,Relative Disturbance,ETmax,Mid,21,0.0021,47.6,0.8813,0.9116,ns
M1vsM2_24m,tertiles,Relative Disturbance,GPPsat,Mid,21,-0.03865,57.1,0.5415,0.7615,ns
M1vsM2_24m,tertiles,Relative Disturbance,NEPmax,Mid,21,0.04421,47.6,0.3772,0.738,ns
M1vsM2_24m,tertiles,Relative Disturbance,WUE,Mid,21,-0.01919,52.4,0.3133,0.7049,ns
M1vsM2_24m,tertiles,Relative Disturbance,uWUE,Mid,21,-0.00703,52.4,0.7342,0.8182,ns
M1vsM2_24m,tertiles,Relative Disturbance,ETmax,Low,22,0.00086,45.5,0.7205,0.8182,ns
M1vsM2_24m,tertiles,Relative Disturbance,GPPsat,Low,22,0.10282,45.5,0.3484,0.7127,ns
M1vsM2_24m,tertiles,Relative Disturbance,NEPmax,Low,22,-1.26498,59.1,0.1732,0.5568,ns
M1vsM2_24m,tertiles,Relative Disturbance,WUE,Low,22,-0.00231,50,0.2905,0.7049,ns
M1vsM2_24m,tertiles,Relative Disturbance,uWUE,Low,22,-0.03886,72.7,0.02383,0.3358,ns
M1vsM2_24m,equal_width,Absolute Mortality,ETmax,Mid,21,-0.00239,57.1,0.1831,0.5938,ns
M1vsM2_24m,equal_width,Absolute Mortality,GPPsat,Mid,21,-0.51304,57.1,0.174,0.5938,ns
M1vsM2_24m,equal_width,Absolute Mortality,NEPmax,Mid,21,-1.15943,57.1,0.08762,0.5938,ns
M1vsM2_24m,equal_width,Absolute Mortality,WUE,Mid,21,0.01653,38.1,0.8348,0.9025,ns
M1vsM2_24m,equal_width,Absolute Mortality,uWUE,Mid,21,0.01222,47.6,0.5415,0.706,ns
M1vsM2_24m,equal_width,Absolute Mortality,ETmax,Low,41,0.00124,46.3,0.8756,0.91,ns
M1vsM2_24m,equal_width,Absolute Mortality,GPPsat,Low,41,-0.07964,56.1,0.3535,0.6428,ns
M1vsM2_24m,equal_width,Absolute Mortality,NEPmax,Low,41,-0.15888,53.7,0.2071,0.5938,ns
M1vsM2_24m,equal_width,Absolute Mortality,WUE,Low,41,-0.02725,56.1,0.1469,0.5938,ns
M1vsM2_24m,equal_width,Absolute Mortality,uWUE,Low,41,-0.02106,63.4,0.1067,0.5938,ns
M1vsM2_24m,equal_width,Absolute Mortality,ETmax,High,3,-0.00062,66.7,,,""
M1vsM2_24m,equal_width,Absolute Mortality,GPPsat,High,3,1.23534,33.3,,,""
M1vsM2_24m,equal_width,Absolute Mortality,NEPmax,High,3,0.49883,33.3,,,""
M1vsM2_24m,equal_width,Absolute Mortality,WUE,High,3,-0.09112,66.7,,,""
M1vsM2_24m,equal_width,Absolute Mortality,uWUE,High,3,0.05196,33.3,,,""
M1vsM2_24m,equal_width,Relative Mortality,ETmax,Mid,26,0.00168,46.2,0.4096,0.6554,ns
M1vsM2_24m,equal_width,Relative Mortality,GPPsat,Mid,26,-0.19235,57.7,0.3238,0.6167,ns
M1vsM2_24m,equal_width,Relative Mortality,NEPmax,Mid,26,-0.28317,53.8,0.1374,0.5938,ns
M1vsM2_24m,equal_width,Relative Mortality,WUE,Mid,26,-0.02084,53.8,0.2969,0.5938,ns
M1vsM2_24m,equal_width,Relative Mortality,uWUE,Mid,26,-0.015,57.7,0.2882,0.5938,ns
M1vsM2_24m,equal_width,Relative Mortality,ETmax,Low,32,0.00016,50,0.8322,0.9025,ns
M1vsM2_24m,equal_width,Relative Mortality,GPPsat,Low,32,-0.13328,53.1,0.2717,0.5938,ns
M1vsM2_24m,equal_width,Relative Mortality,NEPmax,Low,32,-0.7649,59.4,0.09371,0.5938,ns
M1vsM2_24m,equal_width,Relative Mortality,WUE,Low,32,-0.01228,53.1,0.2475,0.5938,ns
M1vsM2_24m,equal_width,Relative Mortality,uWUE,Low,32,-0.0245,65.6,0.1586,0.5938,ns
M1vsM2_24m,equal_width,Relative Mortality,ETmax,High,7,-0.00239,71.4,0.2771,0.5938,ns
M1vsM2_24m,equal_width,Relative Mortality,GPPsat,High,7,-0.20722,57.1,0.7766,0.9025,ns
M1vsM2_24m,equal_width,Relative Mortality,NEPmax,High,7,0.75724,28.6,0.8237,0.9025,ns
M1vsM2_24m,equal_width,Relative Mortality,WUE,High,7,0.08496,28.6,0.7766,0.9025,ns
M1vsM2_24m,equal_width,Relative Mortality,uWUE,High,7,0.05991,14.3,0.8976,0.91,ns
M1vsM2_24m,equal_width,Relative Disturbance,ETmax,Mid,27,0.00129,48.1,0.5239,0.706,ns
M1vsM2_24m,equal_width,Relative Disturbance,GPPsat,Mid,27,-0.27474,59.3,0.4474,0.6801,ns
M1vsM2_24m,equal_width,Relative Disturbance,NEPmax,Mid,27,-0.15888,55.6,0.1969,0.5938,ns
M1vsM2_24m,equal_width,Relative Disturbance,WUE,Mid,27,0.00299,48.1,0.4761,0.6801,ns
M1vsM2_24m,equal_width,Relative Disturbance,uWUE,Mid,27,-0.00703,51.9,0.4665,0.6801,ns
M1vsM2_24m,equal_width,Relative Disturbance,ETmax,High,9,-0.00296,77.8,0.07757,0.5938,ns
M1vsM2_24m,equal_width,Relative Disturbance,GPPsat,High,9,-0.20722,55.6,0.5472,0.706,ns
M1vsM2_24m,equal_width,Relative Disturbance,NEPmax,High,9,0.49883,44.4,0.4064,0.6554,ns
M1vsM2_24m,equal_width,Relative Disturbance,WUE,High,9,-0.01447,55.6,0.6389,0.7986,ns
M1vsM2_24m,equal_width,Relative Disturbance,uWUE,High,9,0.05196,44.4,0.4064,0.6554,ns
M1vsM2_24m,equal_width,Relative Disturbance,ETmax,Low,29,0.00124,44.8,0.91,0.91,ns
M1vsM2_24m,equal_width,Relative Disturbance,GPPsat,Low,29,-0.03865,51.7,0.2513,0.5938,ns
M1vsM2_24m,equal_width,Relative Disturbance,NEPmax,Low,29,-1.10606,55.2,0.1259,0.5938,ns
M1vsM2_24m,equal_width,Relative Disturbance,WUE,Low,29,-0.00538,51.7,0.2724,0.5938,ns
M1vsM2_24m,equal_width,Relative Disturbance,uWUE,Low,29,-0.02157,65.5,0.1547,0.5938,ns
M1vsM2_24m,natural_breaks,Absolute Mortality,ETmax,High,14,-0.00301,71.4,0.06595,0.5936,ns
M1vsM2_24m,natural_breaks,Absolute Mortality,GPPsat,High,14,-0.56391,57.1,0.4009,0.6938,ns
M1vsM2_24m,natural_breaks,Absolute Mortality,NEPmax,High,14,-1.17605,57.1,0.0937,0.6436,ns
M1vsM2_24m,natural_breaks,Absolute Mortality,WUE,High,14,0.0437,42.9,0.8103,0.8893,ns
M1vsM2_24m,natural_breaks,Absolute Mortality,uWUE,High,14,0.03231,42.9,0.475,0.7275,ns
M1vsM2_24m,natural_breaks,Absolute Mortality,ETmax,Mid,32,0.00168,46.9,0.7584,0.8751,ns
M1vsM2_24m,natural_breaks,Absolute Mortality,GPPsat,Mid,32,-0.34597,65.6,0.1001,0.6436,ns
M1vsM2_24m,natural_breaks,Absolute Mortality,NEPmax,Mid,32,-0.1174,53.1,0.2301,0.6471,ns
M1vsM2_24m,natural_breaks,Absolute Mortality,WUE,Mid,32,-0.0012,50,0.459,0.7275,ns
M1vsM2_24m,natural_breaks,Absolute Mortality,uWUE,Mid,32,-0.01083,53.1,0.4888,0.7275,ns
M1vsM2_24m,natural_breaks,Absolute Mortality,ETmax,Low,19,0.00124,42.1,0.8569,0.8967,ns
M1vsM2_24m,natural_breaks,Absolute Mortality,GPPsat,Low,19,0.14199,36.8,0.8379,0.8967,ns
M1vsM2_24m,natural_breaks,Absolute Mortality,NEPmax,Low,19,-0.86498,52.6,0.2664,0.6738,ns
M1vsM2_24m,natural_breaks,Absolute Mortality,WUE,Low,19,-0.03385,57.9,0.06564,0.5936,ns
M1vsM2_24m,natural_breaks,Absolute Mortality,uWUE,Low,19,-0.03112,73.7,0.04001,0.5936,ns
M1vsM2_24m,natural_breaks,Relative Mortality,ETmax,High,23,-0.00239,56.5,0.2281,0.6471,ns
M1vsM2_24m,natural_breaks,Relative Mortality,GPPsat,High,23,-0.20722,60.9,0.398,0.6938,ns
M1vsM2_24m,natural_breaks,Relative Mortality,NEPmax,High,23,0.04421,47.8,0.193,0.6471,ns
M1vsM2_24m,natural_breaks,Relative Mortality,WUE,High,23,-0.01447,52.2,0.6481,0.8333,ns
M1vsM2_24m,natural_breaks,Relative Mortality,uWUE,High,23,0.00433,47.8,0.3747,0.6938,ns
M1vsM2_24m,natural_breaks,Relative Mortality,ETmax,Mid,18,0.00307,38.9,0.9115,0.9115,ns
M1vsM2_24m,natural_breaks,Relative Mortality,GPPsat,Mid,18,-0.25132,55.6,0.552,0.7501,ns
M1vsM2_24m,natural_breaks,Relative Mortality,NEPmax,Mid,18,-0.1174,55.6,0.316,0.6938,ns
M1vsM2_24m,natural_breaks,Relative Mortality,WUE,Mid,18,0.00542,44.4,0.5174,0.7275,ns
M1vsM2_24m,natural_breaks,Relative Mortality,uWUE,Mid,18,0.00121,50,0.8081,0.8893,ns
M1vsM2_24m,natural_breaks,Relative Mortality,ETmax,Low,24,-0.00028,54.2,0.5171,0.7275,ns
M1vsM2_24m,natural_breaks,Relative Mortality,GPPsat,Low,24,0.03148,50,0.2695,0.6738,ns
M1vsM2_24m,natural_breaks,Relative Mortality,NEPmax,Low,24,-1.26498,58.3,0.1295,0.6471,ns
M1vsM2_24m,natural_breaks,Relative Mortality,WUE,Low,24,-0.01632,54.2,0.1918,0.6471,ns
M1vsM2_24m,natural_breaks,Relative Mortality,uWUE,Low,24,-0.0333,70.8,0.04732,0.5936,ns
M1vsM2_24m,natural_breaks,Relative Disturbance,ETmax,High,22,-0.00267,59.1,0.1494,0.6471,ns
M1vsM2_24m,natural_breaks,Relative Disturbance,GPPsat,High,22,-0.64974,63.6,0.2905,0.688,ns
M1vsM2_24m,natural_breaks,Relative Disturbance,NEPmax,High,22,-1.11701,54.5,0.1348,0.6471,ns
M1vsM2_24m,natural_breaks,Relative Disturbance,WUE,High,22,-5e-05,50,0.6983,0.8445,ns
M1vsM2_24m,natural_breaks,Relative Disturbance,uWUE,High,22,0.00828,45.5,0.5129,0.7275,ns
M1vsM2_24m,natural_breaks,Relative Disturbance,ETmax,Mid,20,0.00295,45,0.8945,0.9115,ns
M1vsM2_24m,natural_breaks,Relative Disturbance,GPPsat,Mid,20,-0.1332,55,0.5667,0.7501,ns
M1vsM2_24m,natural_breaks,Relative Disturbance,NEPmax,Mid,20,-0.01585,50,0.3475,0.6938,ns
M1vsM2_24m,natural_breaks,Relative Disturbance,WUE,Mid,20,-0.0081,50,0.3897,0.6938,ns
M1vsM2_24m,natural_breaks,Relative Disturbance,uWUE,Mid,20,-0.0112,55,0.6796,0.8445,ns
M1vsM2_24m,natural_breaks,Relative Disturbance,ETmax,Low,23,0.00048,47.8,0.7132,0.8445,ns
M1vsM2_24m,natural_breaks,Relative Disturbance,GPPsat,Low,23,0.10161,47.8,0.3633,0.6938,ns
M1vsM2_24m,natural_breaks,Relative Disturbance,NEPmax,Low,23,-1.10606,56.5,0.1768,0.6471,ns
M1vsM2_24m,natural_breaks,Relative Disturbance,WUE,Low,23,-0.00538,52.2,0.2101,0.6471,ns
M1vsM2_24m,natural_breaks,Relative Disturbance,uWUE,Low,23,-0.03547,69.6,0.04016,0.5936,ns
M3vsM4_12m,tertiles,Absolute Mortality,ETmax,High,22,-0.00016,59.1,0.3851,0.6931,ns
M3vsM4_12m,tertiles,Absolute Mortality,GPPsat,High,22,-0.0494,54.5,0.2276,0.6869,ns
M3vsM4_12m,tertiles,Absolute Mortality,NEPmax,High,22,-0.4315,68.2,0.08635,0.4857,ns
M3vsM4_12m,tertiles,Absolute Mortality,WUE,High,22,0.0181,36.4,0.6869,0.7539,ns
M3vsM4_12m,tertiles,Absolute Mortality,uWUE,High,22,-0.00688,50,0.5129,0.7539,ns
M3vsM4_12m,tertiles,Absolute Mortality,ETmax,Mid,21,0.00023,47.6,0.3511,0.6869,ns
M3vsM4_12m,tertiles,Absolute Mortality,GPPsat,Mid,21,-0.10418,57.1,0.3011,0.6869,ns
M3vsM4_12m,tertiles,Absolute Mortality,NEPmax,Mid,21,-0.30474,66.7,0.3383,0.6869,ns
M3vsM4_12m,tertiles,Absolute Mortality,WUE,Mid,21,-0.01758,57.1,0.4585,0.7539,ns
M3vsM4_12m,tertiles,Absolute Mortality,uWUE,Mid,21,0.03621,47.6,0.6095,0.7539,ns
M3vsM4_12m,tertiles,Absolute Mortality,ETmax,Low,22,0.00091,40.9,0.6516,0.7539,ns
M3vsM4_12m,tertiles,Absolute Mortality,GPPsat,Low,22,-0.13568,59.1,0.05958,0.383,ns
M3vsM4_12m,tertiles,Absolute Mortality,NEPmax,Low,22,-0.48702,68.2,0.05958,0.383,ns
M3vsM4_12m,tertiles,Absolute Mortality,WUE,Low,22,-0.00228,50,0.6025,0.7539,ns
M3vsM4_12m,tertiles,Absolute Mortality,uWUE,Low,22,-0.00781,63.6,0.1904,0.6869,ns
M3vsM4_12m,tertiles,Relative Mortality,ETmax,High,22,-0.00092,63.6,0.2276,0.6869,ns
M3vsM4_12m,tertiles,Relative Mortality,GPPsat,High,22,-0.15316,59.1,0.1279,0.5756,ns
M3vsM4_12m,tertiles,Relative Mortality,NEPmax,High,22,-0.53663,72.7,0.05226,0.383,ns
M3vsM4_12m,tertiles,Relative Mortality,WUE,High,22,0.01613,40.9,0.7095,0.7563,ns
M3vsM4_12m,tertiles,Relative Mortality,uWUE,High,22,-0.02622,59.1,0.3851,0.6931,ns
M3vsM4_12m,tertiles,Relative Mortality,ETmax,Mid,21,0.00023,47.6,0.569,0.7539,ns
M3vsM4_12m,tertiles,Relative Mortality,GPPsat,Mid,21,0.00346,47.6,0.569,0.7539,ns
M3vsM4_12m,tertiles,Relative Mortality,NEPmax,Mid,21,-0.03875,52.4,0.6743,0.7539,ns
M3vsM4_12m,tertiles,Relative Mortality,WUE,Mid,21,-0.01758,57.1,0.2545,0.6869,ns
M3vsM4_12m,tertiles,Relative Mortality,uWUE,Mid,21,0.01672,42.9,0.7227,0.7563,ns
M3vsM4_12m,tertiles,Relative Mortality,ETmax,Low,22,0.00117,36.4,0.6753,0.7539,ns
M3vsM4_12m,tertiles,Relative Mortality,GPPsat,Low,22,-0.3098,63.6,0.02206,0.331,ns
M3vsM4_12m,tertiles,Relative Mortality,NEPmax,Low,22,-0.76252,77.3,0.009706,0.331,ns
M3vsM4_12m,tertiles,Relative Mortality,WUE,Low,22,0.00717,45.5,0.7724,0.7899,ns
M3vsM4_12m,tertiles,Relative Mortality,uWUE,Low,22,-0.00527,59.1,0.2687,0.6869,ns
M3vsM4_12m,tertiles,Relative Disturbance,ETmax,High,22,-0.00087,63.6,0.3131,0.6869,ns
M3vsM4_12m,tertiles,Relative Disturbance,GPPsat,High,22,-0.09886,54.5,0.1993,0.6869,ns
M3vsM4_12m,tertiles,Relative Disturbance,NEPmax,High,22,-0.4958,68.2,0.1087,0.5433,ns
M3vsM4_12m,tertiles,Relative Disturbance,WUE,High,22,0.01613,40.9,0.6273,0.7539,ns
M3vsM4_12m,tertiles,Relative Disturbance,uWUE,High,22,-0.02622,59.1,0.4355,0.7538,ns
M3vsM4_12m,tertiles,Relative Disturbance,ETmax,Mid,21,3e-04,42.9,0.6359,0.7539,ns
M3vsM4_12m,tertiles,Relative Disturbance,GPPsat,Mid,21,0.00346,47.6,0.569,0.7539,ns
M3vsM4_12m,tertiles,Relative Disturbance,NEPmax,Mid,21,-0.19396,61.9,0.3383,0.6869,ns
M3vsM4_12m,tertiles,Relative Disturbance,WUE,Mid,21,-0.02081,57.1,0.3011,0.6869,ns
M3vsM4_12m,tertiles,Relative Disturbance,uWUE,Mid,21,0.00626,42.9,0.6359,0.7539,ns
M3vsM4_12m,tertiles,Relative Disturbance,ETmax,Low,22,0.00117,40.9,0.5517,0.7539,ns
M3vsM4_12m,tertiles,Relative Disturbance,GPPsat,Low,22,-0.35941,68.2,0.01607,0.331,ns
M3vsM4_12m,tertiles,Relative Disturbance,NEPmax,Low,22,-0.64077,72.7,0.03453,0.383,ns
M3vsM4_12m,tertiles,Relative Disturbance,WUE,Low,22,0.00717,45.5,0.8183,0.8183,ns
M3vsM4_12m,tertiles,Relative Disturbance,uWUE,Low,22,-0.00527,59.1,0.3131,0.6869,ns
M3vsM4_12m,equal_width,Absolute Mortality,ETmax,Mid,21,-0.00048,66.7,0.133,0.4276,ns
M3vsM4_12m,equal_width,Absolute Mortality,GPPsat,Mid,21,-0.20214,61.9,0.07217,0.3711,ns
M3vsM4_12m,equal_width,Absolute Mortality,NEPmax,Mid,21,-0.49752,76.2,0.02015,0.3443,ns
M3vsM4_12m,equal_width,Absolute Mortality,WUE,Mid,21,0.00648,42.9,0.5,0.8,ns
M3vsM4_12m,equal_width,Absolute Mortality,uWUE,Mid,21,-0.03066,61.9,0.1485,0.4276,ns
M3vsM4_12m,equal_width,Absolute Mortality,ETmax,Low,41,0.00086,41.5,0.6319,0.8141,ns
M3vsM4_12m,equal_width,Absolute Mortality,GPPsat,Low,41,-0.10418,58.5,0.1021,0.3711,ns
M3vsM4_12m,equal_width,Absolute Mortality,NEPmax,Low,41,-0.30474,65.9,0.08682,0.3711,ns
M3vsM4_12m,equal_width,Absolute Mortality,WUE,Low,41,-0.00473,51.2,0.6608,0.8141,ns
M3vsM4_12m,equal_width,Absolute Mortality,uWUE,Low,41,-0.00495,53.7,0.5464,0.8141,ns
M3vsM4_12m,equal_width,Absolute Mortality,ETmax,High,3,0.00709,33.3,,,""
M3vsM4_12m,equal_width,Absolute Mortality,GPPsat,High,3,0.16787,0,,,""
M3vsM4_12m,equal_width,Absolute Mortality,NEPmax,High,3,0.60701,33.3,,,""
M3vsM4_12m,equal_width,Absolute Mortality,WUE,High,3,0.05168,33.3,,,""
M3vsM4_12m,equal_width,Absolute Mortality,uWUE,High,3,0.03749,0,,,""
M3vsM4_12m,equal_width,Relative Mortality,ETmax,Mid,26,-0.00158,65.4,0.09761,0.3711,ns
M3vsM4_12m,equal_width,Relative Mortality,GPPsat,Mid,26,-0.09886,57.7,0.1737,0.4631,ns
M3vsM4_12m,equal_width,Relative Mortality,NEPmax,Mid,26,-0.52151,73.1,0.03567,0.3567,ns
M3vsM4_12m,equal_width,Relative Mortality,WUE,Mid,26,-0.00733,50,0.2545,0.5989,ns
M3vsM4_12m,equal_width,Relative Mortality,uWUE,Mid,26,-0.00688,50,0.4595,0.7992,ns
M3vsM4_12m,equal_width,Relative Mortality,ETmax,Low,32,0.00117,37.5,0.6698,0.8141,ns
M3vsM4_12m,equal_width,Relative Mortality,GPPsat,Low,32,-0.13806,62.5,0.02535,0.3443,ns
M3vsM4_12m,equal_width,Relative Mortality,NEPmax,Low,32,-0.40112,68.8,0.08466,0.3711,ns
M3vsM4_12m,equal_width,Relative Mortality,WUE,Low,32,0.00094,46.9,0.8275,0.8641,ns
M3vsM4_12m,equal_width,Relative Mortality,uWUE,Low,32,-0.00781,59.4,0.297,0.6254,ns
M3vsM4_12m,equal_width,Relative Mortality,ETmax,High,7,0.0024,42.9,0.8641,0.8641,ns
M3vsM4_12m,equal_width,Relative Mortality,GPPsat,High,7,0.16787,28.6,0.8641,0.8641,ns
M3vsM4_12m,equal_width,Relative Mortality,NEPmax,High,7,0.39858,42.9,0.7766,0.8628,ns
M3vsM4_12m,equal_width,Relative Mortality,WUE,High,7,0.05168,42.9,0.6637,0.8141,ns
M3vsM4_12m,equal_width,Relative Mortality,uWUE,High,7,0.00869,42.9,0.7766,0.8628,ns
M3vsM4_12m,equal_width,Relative Disturbance,ETmax,Mid,27,-0.00152,66.7,0.09934,0.3711,ns
M3vsM4_12m,equal_width,Relative Disturbance,GPPsat,Mid,27,-0.02994,55.6,0.438,0.7963,ns
M3vsM4_12m,equal_width,Relative Disturbance,NEPmax,Mid,27,-0.49752,70.4,0.04516,0.3612,ns
M3vsM4_12m,equal_width,Relative Disturbance,WUE,Mid,27,-0.01758,51.9,0.3197,0.6394,ns
M3vsM4_12m,equal_width,Relative Disturbance,uWUE,Mid,27,0.00626,44.4,0.6716,0.8141,ns
M3vsM4_12m,equal_width,Relative Disturbance,ETmax,High,9,0.0024,44.4,0.6389,0.8141,ns
M3vsM4_12m,equal_width,Relative Disturbance,GPPsat,High,9,0.07484,44.4,0.4064,0.774,ns
M3vsM4_12m,equal_width,Relative Disturbance,NEPmax,High,9,-0.49409,66.7,0.2768,0.6151,ns
M3vsM4_12m,equal_width,Relative Disturbance,WUE,High,9,0.00648,44.4,0.6389,0.8141,ns
M3vsM4_12m,equal_width,Relative Disturbance,uWUE,High,9,-0.02895,55.6,0.5,0.8,ns
M3vsM4_12m,equal_width,Relative Disturbance,ETmax,Low,29,0.00147,34.5,0.7754,0.8628,ns
M3vsM4_12m,equal_width,Relative Disturbance,GPPsat,Low,29,-0.16698,62.1,0.02582,0.3443,ns
M3vsM4_12m,equal_width,Relative Disturbance,NEPmax,Low,29,-0.21156,65.5,0.1497,0.4276,ns
M3vsM4_12m,equal_width,Relative Disturbance,WUE,Low,29,0.00172,44.8,0.8293,0.8641,ns
M3vsM4_12m,equal_width,Relative Disturbance,uWUE,Low,29,-0.01001,62.1,0.2118,0.5296,ns
M3vsM4_12m,natural_breaks,Absolute Mortality,ETmax,High,14,-1e-04,57.1,0.5,0.7381,ns
M3vsM4_12m,natural_breaks,Absolute Mortality,GPPsat,High,14,-0.167,57.1,0.1732,0.6304,ns
M3vsM4_12m,natural_breaks,Absolute Mortality,NEPmax,High,14,-0.60882,71.4,0.07439,0.5579,ns
M3vsM4_12m,natural_breaks,Absolute Mortality,WUE,High,14,0.02908,42.9,0.6698,0.7536,ns
M3vsM4_12m,natural_breaks,Absolute Mortality,uWUE,High,14,-0.0222,57.1,0.3768,0.6782,ns
M3vsM4_12m,natural_breaks,Absolute Mortality,ETmax,Mid,32,-1e-05,50,0.3302,0.6516,ns
M3vsM4_12m,natural_breaks,Absolute Mortality,GPPsat,Mid,32,-0.10666,59.4,0.1773,0.6304,ns
M3vsM4_12m,natural_breaks,Absolute Mortality,NEPmax,Mid,32,-0.33683,68.8,0.1139,0.5695,ns
M3vsM4_12m,natural_breaks,Absolute Mortality,WUE,Mid,32,0.00394,46.9,0.6069,0.7381,ns
M3vsM4_12m,natural_breaks,Absolute Mortality,uWUE,Mid,32,0.0092,46.9,0.5924,0.7381,ns
M3vsM4_12m,natural_breaks,Absolute Mortality,ETmax,Low,19,0.00086,42.1,0.5719,0.7381,ns
M3vsM4_12m,natural_breaks,Absolute Mortality,GPPsat,Low,19,-0.01787,52.6,0.1621,0.6304,ns
M3vsM4_12m,natural_breaks,Absolute Mortality,NEPmax,Low,19,-0.21156,63.2,0.1826,0.6304,ns
M3vsM4_12m,natural_breaks,Absolute Mortality,WUE,Low,19,-0.00473,52.6,0.5241,0.7381,ns
M3vsM4_12m,natural_breaks,Absolute Mortality,uWUE,Low,19,-0.0056,63.2,0.2533,0.6454,ns
M3vsM4_12m,natural_breaks,Relative Mortality,ETmax,High,23,-0.00163,65.2,0.2101,0.6304,ns
M3vsM4_12m,natural_breaks,Relative Mortality,GPPsat,High,23,-0.20214,60.9,0.1034,0.5695,ns
M3vsM4_12m,natural_breaks,Relative Mortality,NEPmax,High,23,-0.57573,73.9,0.03517,0.5276,ns
M3vsM4_12m,natural_breaks,Relative Mortality,WUE,High,23,0.01417,43.5,0.5664,0.7381,ns
M3vsM4_12m,natural_breaks,Relative Mortality,uWUE,High,23,-0.02895,60.9,0.2868,0.6454,ns
M3vsM4_12m,natural_breaks,Relative Mortality,ETmax,Mid,18,0.00066,38.9,0.8081,0.8265,ns
M3vsM4_12m,natural_breaks,Relative Mortality,GPPsat,Mid,18,0.01464,38.9,0.757,0.7981,ns
M3vsM4_12m,natural_breaks,Relative Mortality,NEPmax,Mid,18,-0.0419,55.6,0.552,0.7381,ns
M3vsM4_12m,natural_breaks,Relative Mortality,WUE,Mid,18,-0.01919,55.6,0.271,0.6454,ns
M3vsM4_12m,natural_breaks,Relative Mortality,uWUE,Mid,18,0.02381,38.9,0.757,0.7981,ns
M3vsM4_12m,natural_breaks,Relative Mortality,ETmax,Low,24,0.00091,41.7,0.5057,0.7381,ns
M3vsM4_12m,natural_breaks,Relative Mortality,GPPsat,Low,24,-0.18767,66.7,0.01786,0.5215,ns
M3vsM4_12m,natural_breaks,Relative Mortality,NEPmax,Low,24,-0.48702,70.8,0.04732,0.5277,ns
M3vsM4_12m,natural_breaks,Relative Mortality,WUE,Low,24,0.00717,45.8,0.8308,0.8308,ns
M3vsM4_12m,natural_breaks,Relative Mortality,uWUE,Low,24,-0.00527,58.3,0.3393,0.6516,ns
M3vsM4_12m,natural_breaks,Relative Disturbance,ETmax,High,22,-0.00087,63.6,0.3131,0.6516,ns
M3vsM4_12m,natural_breaks,Relative Disturbance,GPPsat,High,22,-0.09886,54.5,0.1993,0.6304,ns
M3vsM4_12m,natural_breaks,Relative Disturbance,NEPmax,High,22,-0.4958,68.2,0.1087,0.5695,ns
M3vsM4_12m,natural_breaks,Relative Disturbance,WUE,High,22,0.01613,40.9,0.6273,0.7428,ns
M3vsM4_12m,natural_breaks,Relative Disturbance,uWUE,High,22,-0.02622,59.1,0.4355,0.7381,ns
M3vsM4_12m,natural_breaks,Relative Disturbance,ETmax,Mid,20,0.00027,45,0.5959,0.7381,ns
M3vsM4_12m,natural_breaks,Relative Disturbance,GPPsat,Mid,20,-9e-04,50,0.5074,0.7381,ns
M3vsM4_12m,natural_breaks,Relative Disturbance,NEPmax,Mid,20,-0.23068,65,0.2333,0.6454,ns
M3vsM4_12m,natural_breaks,Relative Disturbance,WUE,Mid,20,-0.01919,55,0.3475,0.6516,ns
M3vsM4_12m,natural_breaks,Relative Disturbance,uWUE,Mid,20,0.01149,40,0.6525,0.7528,ns
M3vsM4_12m,natural_breaks,Relative Disturbance,ETmax,Low,23,0.00095,39.1,0.5784,0.7381,ns
M3vsM4_12m,natural_breaks,Relative Disturbance,GPPsat,Low,23,-0.20837,65.2,0.02318,0.5215,ns
M3vsM4_12m,natural_breaks,Relative Disturbance,NEPmax,Low,23,-0.55487,69.6,0.05863,0.5277,ns
M3vsM4_12m,natural_breaks,Relative Disturbance,WUE,Low,23,0.00016,47.8,0.7626,0.7981,ns
M3vsM4_12m,natural_breaks,Relative Disturbance,uWUE,Low,23,-0.0056,60.9,0.2868,0.6454,ns
M3vsM4_24m,tertiles,Absolute Mortality,ETmax,High,22,0.00127,36.4,0.8268,0.9251,ns
M3vsM4_24m,tertiles,Absolute Mortality,GPPsat,High,22,-0.14955,63.6,0.1348,0.8024,ns
M3vsM4_24m,tertiles,Absolute Mortality,NEPmax,High,22,-0.11458,54.5,0.2276,0.8024,ns
M3vsM4_24m,tertiles,Absolute Mortality,WUE,High,22,0.01002,50,0.4871,0.8118,ns
M3vsM4_24m,tertiles,Absolute Mortality,uWUE,High,22,0.00093,50,0.6025,0.8472,ns
M3vsM4_24m,tertiles,Absolute Mortality,ETmax,Mid,21,0.00129,42.9,0.9325,0.9759,ns
M3vsM4_24m,tertiles,Absolute Mortality,GPPsat,Mid,21,0.08182,47.6,0.4585,0.8118,ns
M3vsM4_24m,tertiles,Absolute Mortality,NEPmax,Mid,21,0.39093,42.9,0.6743,0.8737,ns
M3vsM4_24m,tertiles,Absolute Mortality,WUE,Mid,21,-0.02187,57.1,0.3511,0.8024,ns
M3vsM4_24m,tertiles,Absolute Mortality,uWUE,Mid,21,-0.02928,57.1,0.431,0.8082,ns
M3vsM4_24m,tertiles,Absolute Mortality,ETmax,Low,22,0.00111,36.4,0.9136,0.9759,ns
M3vsM4_24m,tertiles,Absolute Mortality,GPPsat,Low,22,0.13933,45.5,0.5645,0.8472,ns
M3vsM4_24m,tertiles,Absolute Mortality,NEPmax,Low,22,-0.51322,68.2,0.02041,0.3062,ns
M3vsM4_24m,tertiles,Absolute Mortality,WUE,Low,22,0.00136,50,0.2795,0.8024,ns
M3vsM4_24m,tertiles,Absolute Mortality,uWUE,Low,22,-0.02063,59.1,0.2276,0.8024,ns
M3vsM4_24m,tertiles,Relative Mortality,ETmax,High,22,0.00024,45.5,0.5899,0.8472,ns
M3vsM4_24m,tertiles,Relative Mortality,GPPsat,High,22,-0.14955,59.1,0.1817,0.8024,ns
M3vsM4_24m,tertiles,Relative Mortality,NEPmax,High,22,0.07606,50,0.2687,0.8024,ns
M3vsM4_24m,tertiles,Relative Mortality,WUE,High,22,-0.00602,54.5,0.4101,0.8024,ns
M3vsM4_24m,tertiles,Relative Mortality,uWUE,High,22,-0.00608,50,0.4101,0.8024,ns
M3vsM4_24m,tertiles,Relative Mortality,ETmax,Mid,21,0.00272,19,0.9978,0.9978,ns
M3vsM4_24m,tertiles,Relative Mortality,GPPsat,Mid,21,0.19597,42.9,0.7227,0.879,ns
M3vsM4_24m,tertiles,Relative Mortality,NEPmax,Mid,21,0.34188,38.1,0.8169,0.9251,ns
M3vsM4_24m,tertiles,Relative Mortality,WUE,Mid,21,-0.00663,52.4,0.3641,0.8024,ns
M3vsM4_24m,tertiles,Relative Mortality,uWUE,Mid,21,-0.00247,52.4,0.6989,0.8737,ns
M3vsM4_24m,tertiles,Relative Mortality,ETmax,Low,22,0.00035,50,0.6869,0.8737,ns
M3vsM4_24m,tertiles,Relative Mortality,GPPsat,Low,22,-0.15093,54.5,0.1904,0.8024,ns
M3vsM4_24m,tertiles,Relative Mortality,NEPmax,Low,22,-0.56878,77.3,0.002138,0.09623,ns
M3vsM4_24m,tertiles,Relative Mortality,WUE,Low,22,0.00114,50,0.2905,0.8024,ns
M3vsM4_24m,tertiles,Relative Mortality,uWUE,Low,22,-0.02612,63.6,0.1279,0.8024,ns
M3vsM4_24m,tertiles,Relative Disturbance,ETmax,High,22,9e-04,40.9,0.7915,0.9251,ns
M3vsM4_24m,tertiles,Relative Disturbance,GPPsat,High,22,-0.08107,59.1,0.2477,0.8024,ns
M3vsM4_24m,tertiles,Relative Disturbance,NEPmax,High,22,0.08231,50,0.2687,0.8024,ns
M3vsM4_24m,tertiles,Relative Disturbance,WUE,High,22,-0.00602,54.5,0.4101,0.8024,ns
M3vsM4_24m,tertiles,Relative Disturbance,uWUE,High,22,0.0036,45.5,0.5129,0.8244,ns
M3vsM4_24m,tertiles,Relative Disturbance,ETmax,Mid,21,0.00269,33.3,0.9557,0.9774,ns
M3vsM4_24m,tertiles,Relative Disturbance,GPPsat,Mid,21,0.12251,47.6,0.4723,0.8118,ns
M3vsM4_24m,tertiles,Relative Disturbance,NEPmax,Mid,21,0.22855,42.9,0.6743,0.8737,ns
M3vsM4_24m,tertiles,Relative Disturbance,WUE,Mid,21,-0.02187,57.1,0.1652,0.8024,ns
M3vsM4_24m,tertiles,Relative Disturbance,uWUE,Mid,21,-0.01187,61.9,0.3383,0.8024,ns
M3vsM4_24m,tertiles,Relative Disturbance,ETmax,Low,22,0.00079,40.9,0.8429,0.9251,ns
M3vsM4_24m,tertiles,Relative Disturbance,GPPsat,Low,22,0.02913,50,0.3727,0.8024,ns
M3vsM4_24m,tertiles,Relative Disturbance,NEPmax,Low,22,-0.56878,72.7,0.01886,0.3062,ns
M3vsM4_24m,tertiles,Relative Disturbance,WUE,Low,22,0.00503,45.5,0.5772,0.8472,ns
M3vsM4_24m,tertiles,Relative Disturbance,uWUE,Low,22,-0.02063,59.1,0.3247,0.8024,ns
M3vsM4_24m,equal_width,Absolute Mortality,ETmax,Mid,21,0.00038,42.9,0.5961,0.7948,ns
M3vsM4_24m,equal_width,Absolute Mortality,GPPsat,Mid,21,-0.16495,66.7,0.05117,0.6214,ns
M3vsM4_24m,equal_width,Absolute Mortality,NEPmax,Mid,21,-0.2059,57.1,0.1119,0.6214,ns
M3vsM4_24m,equal_width,Absolute Mortality,WUE,Mid,21,-0.00023,52.4,0.3383,0.6214,ns
M3vsM4_24m,equal_width,Absolute Mortality,uWUE,Mid,21,-0.01187,57.1,0.2327,0.6214,ns
M3vsM4_24m,equal_width,Absolute Mortality,ETmax,Low,41,0.00129,39,0.9843,0.9843,ns
M3vsM4_24m,equal_width,Absolute Mortality,GPPsat,Low,41,0.14849,46.3,0.5155,0.7364,ns
M3vsM4_24m,equal_width,Absolute Mortality,NEPmax,Low,41,-0.27536,56.1,0.2146,0.6214,ns
M3vsM4_24m,equal_width,Absolute Mortality,WUE,Low,41,-0.00253,51.2,0.3535,0.6214,ns
M3vsM4_24m,equal_width,Absolute Mortality,uWUE,Low,41,-0.01971,56.1,0.3204,0.6214,ns
M3vsM4_24m,equal_width,Absolute Mortality,ETmax,High,3,0.00203,0,,,""
M3vsM4_24m,equal_width,Absolute Mortality,GPPsat,High,3,0.11495,33.3,,,""
M3vsM4_24m,equal_width,Absolute Mortality,NEPmax,High,3,0.30534,33.3,,,""
M3vsM4_24m,equal_width,Absolute Mortality,WUE,High,3,-0.04202,66.7,,,""
M3vsM4_24m,equal_width,Absolute Mortality,uWUE,High,3,0.11807,33.3,,,""
M3vsM4_24m,equal_width,Relative Mortality,ETmax,Mid,26,0.00259,38.5,0.8511,0.9727,ns
M3vsM4_24m,equal_width,Relative Mortality,GPPsat,Mid,26,-0.07772,53.8,0.3516,0.6214,ns
M3vsM4_24m,equal_width,Relative Mortality,NEPmax,Mid,26,0.22502,46.2,0.2385,0.6214,ns
M3vsM4_24m,equal_width,Relative Mortality,WUE,Mid,26,-0.02924,61.5,0.05203,0.6214,ns
M3vsM4_24m,equal_width,Relative Mortality,uWUE,Mid,26,-0.0379,57.7,0.1803,0.6214,ns
M3vsM4_24m,equal_width,Relative Mortality,ETmax,Low,32,0.001,40.6,0.9644,0.9843,ns
M3vsM4_24m,equal_width,Relative Mortality,GPPsat,Low,32,0.02913,50,0.3035,0.6214,ns
M3vsM4_24m,equal_width,Relative Mortality,NEPmax,Low,32,-0.43314,65.6,0.04711,0.6214,ns
M3vsM4_24m,equal_width,Relative Mortality,WUE,Low,32,0.00114,50,0.4888,0.7242,ns
M3vsM4_24m,equal_width,Relative Mortality,uWUE,Low,32,-0.02063,59.4,0.3647,0.6214,ns
M3vsM4_24m,equal_width,Relative Mortality,ETmax,High,7,0.00143,28.6,0.8237,0.9727,ns
M3vsM4_24m,equal_width,Relative Mortality,GPPsat,High,7,-0.02799,57.1,0.4663,0.7174,ns
M3vsM4_24m,equal_width,Relative Mortality,NEPmax,High,7,0.30534,42.9,0.7766,0.9727,ns
M3vsM4_24m,equal_width,Relative Mortality,WUE,High,7,0.05369,28.6,0.8237,0.9727,ns
M3vsM4_24m,equal_width,Relative Mortality,uWUE,High,7,0.04733,28.6,0.9458,0.9843,ns
M3vsM4_24m,equal_width,Relative Disturbance,ETmax,Mid,27,0.00248,37,0.9201,0.9843,ns
M3vsM4_24m,equal_width,Relative Disturbance,GPPsat,Mid,27,-0.13415,55.6,0.3728,0.6214,ns
M3vsM4_24m,equal_width,Relative Disturbance,NEPmax,Mid,27,0.2215,48.1,0.2862,0.6214,ns
M3vsM4_24m,equal_width,Relative Disturbance,WUE,Mid,27,-0.0118,51.9,0.2036,0.6214,ns
M3vsM4_24m,equal_width,Relative Disturbance,uWUE,Mid,27,-0.01187,55.6,0.2392,0.6214,ns
M3vsM4_24m,equal_width,Relative Disturbance,ETmax,High,9,0.00038,44.4,0.3611,0.6214,ns
M3vsM4_24m,equal_width,Relative Disturbance,GPPsat,High,9,-0.02799,55.6,0.3611,0.6214,ns
M3vsM4_24m,equal_width,Relative Disturbance,NEPmax,High,9,-0.07642,55.6,0.2768,0.6214,ns
M3vsM4_24m,equal_width,Relative Disturbance,WUE,High,9,-0.00023,55.6,0.5472,0.7547,ns
M3vsM4_24m,equal_width,Relative Disturbance,uWUE,High,9,0.03228,33.3,0.8284,0.9727,ns
M3vsM4_24m,equal_width,Relative Disturbance,ETmax,Low,29,0.00129,37.9,0.9767,0.9843,ns
M3vsM4_24m,equal_width,Relative Disturbance,GPPsat,Low,29,0.13017,48.3,0.3249,0.6214,ns
M3vsM4_24m,equal_width,Relative Disturbance,NEPmax,Low,29,-0.36957,62.1,0.1172,0.6214,ns
M3vsM4_24m,equal_width,Relative Disturbance,WUE,Low,29,-0.00253,51.7,0.3893,0.6229,ns
M3vsM4_24m,equal_width,Relative Disturbance,uWUE,Low,29,-0.02154,62.1,0.3249,0.6214,ns
M3vsM4_24m,natural_breaks,Absolute Mortality,ETmax,High,14,0.00024,42.9,0.525,0.7621,ns
M3vsM4_24m,natural_breaks,Absolute Mortality,GPPsat,High,14,-0.39112,71.4,0.06595,0.7621,ns
M3vsM4_24m,natural_breaks,Absolute Mortality,NEPmax,High,14,-0.11458,57.1,0.2072,0.7621,ns
M3vsM4_24m,natural_breaks,Absolute Mortality,WUE,High,14,0.00743,50,0.5747,0.8082,ns
M3vsM4_24m,natural_breaks,Absolute Mortality,uWUE,High,14,0.00538,50,0.525,0.7621,ns
M3vsM4_24m,natural_breaks,Absolute Mortality,ETmax,Mid,32,0.00152,37.5,0.9853,0.9955,ns
M3vsM4_24m,natural_breaks,Absolute Mortality,GPPsat,Mid,32,-0.08422,53.1,0.3302,0.7621,ns
M3vsM4_24m,natural_breaks,Absolute Mortality,NEPmax,Mid,32,0.0078,50,0.4076,0.7621,ns
M3vsM4_24m,natural_breaks,Absolute Mortality,WUE,Mid,32,-0.00343,53.1,0.4004,0.7621,ns
M3vsM4_24m,natural_breaks,Absolute Mortality,uWUE,Mid,32,-0.0076,56.2,0.4516,0.7621,ns
M3vsM4_24m,natural_breaks,Absolute Mortality,ETmax,Low,19,0.0014,36.8,0.8902,0.9537,ns
M3vsM4_24m,natural_breaks,Absolute Mortality,GPPsat,Low,19,0.18902,36.8,0.8902,0.9537,ns
M3vsM4_24m,natural_breaks,Absolute Mortality,NEPmax,Low,19,-0.27536,63.2,0.07656,0.7621,ns
M3vsM4_24m,natural_breaks,Absolute Mortality,WUE,Low,19,-0.00253,52.6,0.1342,0.7621,ns
M3vsM4_24m,natural_breaks,Absolute Mortality,uWUE,Low,19,-0.01971,57.9,0.2406,0.7621,ns
M3vsM4_24m,natural_breaks,Relative Mortality,ETmax,High,23,0.00038,43.5,0.6593,0.8241,ns
M3vsM4_24m,natural_breaks,Relative Mortality,GPPsat,High,23,-0.16495,60.9,0.1401,0.7621,ns
M3vsM4_24m,natural_breaks,Relative Mortality,NEPmax,High,23,-0.07642,52.2,0.2281,0.7621,ns
M3vsM4_24m,natural_breaks,Relative Mortality,WUE,High,23,-0.0118,56.5,0.3079,0.7621,ns
M3vsM4_24m,natural_breaks,Relative Mortality,uWUE,High,23,-0.01503,52.2,0.3519,0.7621,ns
M3vsM4_24m,natural_breaks,Relative Mortality,ETmax,Mid,18,0.00273,16.7,0.9955,0.9955,ns
M3vsM4_24m,natural_breaks,Relative Mortality,GPPsat,Mid,18,0.15924,44.4,0.6362,0.818,ns
M3vsM4_24m,natural_breaks,Relative Mortality,NEPmax,Mid,18,0.2862,38.9,0.729,0.8633,ns
M3vsM4_24m,natural_breaks,Relative Mortality,WUE,Mid,18,-0.01425,55.6,0.271,0.7621,ns
M3vsM4_24m,natural_breaks,Relative Mortality,uWUE,Mid,18,-0.0029,55.6,0.6198,0.818,ns
M3vsM4_24m,natural_breaks,Relative Mortality,ETmax,Low,24,0.00036,50,0.6813,0.8286,ns
M3vsM4_24m,natural_breaks,Relative Mortality,GPPsat,Low,24,0.02913,50,0.393,0.7621,ns
M3vsM4_24m,natural_breaks,Relative Mortality,NEPmax,Low,24,-0.51322,70.8,0.02199,0.5601,ns
M3vsM4_24m,natural_breaks,Relative Mortality,WUE,Low,24,0.00503,45.8,0.5057,0.7621,ns
M3vsM4_24m,natural_breaks,Relative Mortality,uWUE,Low,24,-0.02063,58.3,0.3085,0.7621,ns
M3vsM4_24m,natural_breaks,Relative Disturbance,ETmax,High,22,9e-04,40.9,0.7915,0.9133,ns
M3vsM4_24m,natural_breaks,Relative Disturbance,GPPsat,High,22,-0.08107,59.1,0.2477,0.7621,ns
M3vsM4_24m,natural_breaks,Relative Disturbance,NEPmax,High,22,0.08231,50,0.2687,0.7621,ns
M3vsM4_24m,natural_breaks,Relative Disturbance,WUE,High,22,-0.00602,54.5,0.4101,0.7621,ns
M3vsM4_24m,natural_breaks,Relative Disturbance,uWUE,High,22,0.0036,45.5,0.5129,0.7621,ns
M3vsM4_24m,natural_breaks,Relative Disturbance,ETmax,Mid,20,0.00271,30,0.9553,0.9955,ns
M3vsM4_24m,natural_breaks,Relative Disturbance,GPPsat,Mid,20,-0.01232,50,0.4187,0.7621,ns
M3vsM4_24m,natural_breaks,Relative Disturbance,NEPmax,Mid,20,0.22502,45,0.6245,0.818,ns
M3vsM4_24m,natural_breaks,Relative Disturbance,WUE,Mid,20,-0.01425,55,0.2111,0.7621,ns
M3vsM4_24m,natural_breaks,Relative Disturbance,uWUE,Mid,20,-0.0076,60,0.3897,0.7621,ns
M3vsM4_24m,natural_breaks,Relative Disturbance,ETmax,Low,23,0.00076,43.5,0.8152,0.9171,ns
M3vsM4_24m,natural_breaks,Relative Disturbance,GPPsat,Low,23,0.13017,47.8,0.4456,0.7621,ns
M3vsM4_24m,natural_breaks,Relative Disturbance,NEPmax,Low,23,-0.54843,69.6,0.02489,0.5601,ns
M3vsM4_24m,natural_breaks,Relative Disturbance,WUE,Low,23,0.00481,47.8,0.4818,0.7621,ns
M3vsM4_24m,natural_breaks,Relative Disturbance,uWUE,Low,23,-0.02154,60.9,0.2868,0.7621,ns
M5vsM6_raw_12m,tertiles,Absolute Mortality,ETmax,High,22,-0.00062,59.1,0.08635,0.9331,ns
M5vsM6_raw_12m,tertiles,Absolute Mortality,GPPsat,High,22,0.14919,27.3,0.9543,0.9954,ns
M5vsM6_raw_12m,tertiles,Absolute Mortality,NEPmax,High,22,-0.29957,68.2,0.1571,0.9331,ns
M5vsM6_raw_12m,tertiles,Absolute Mortality,WUE,High,22,0.00307,45.5,0.6516,0.9331,ns
M5vsM6_raw_12m,tertiles,Absolute Mortality,uWUE,High,22,0.01273,40.9,0.7915,0.9894,ns
M5vsM6_raw_12m,tertiles,Absolute Mortality,ETmax,Mid,21,-0.00012,57.1,0.4447,0.9331,ns
M5vsM6_raw_12m,tertiles,Absolute Mortality,GPPsat,Mid,21,0.0656,38.1,0.7673,0.9865,ns
M5vsM6_raw_12m,tertiles,Absolute Mortality,NEPmax,Mid,21,-0.01285,52.4,0.4174,0.9331,ns
M5vsM6_raw_12m,tertiles,Absolute Mortality,WUE,Mid,21,-0.01482,57.1,0.5139,0.9331,ns
M5vsM6_raw_12m,tertiles,Absolute Mortality,uWUE,Mid,21,0.02598,28.6,0.9954,0.9954,ns
M5vsM6_raw_12m,tertiles,Absolute Mortality,ETmax,Low,22,-0.00094,59.1,0.5,0.9331,ns
M5vsM6_raw_12m,tertiles,Absolute Mortality,GPPsat,Low,22,-0.01235,50,0.5645,0.9331,ns
M5vsM6_raw_12m,tertiles,Absolute Mortality,NEPmax,Low,22,-0.1931,59.1,0.1027,0.9331,ns
M5vsM6_raw_12m,tertiles,Absolute Mortality,WUE,Low,22,-0.0159,54.5,0.4355,0.9331,ns
M5vsM6_raw_12m,tertiles,Absolute Mortality,uWUE,Low,22,0.00281,45.5,0.5388,0.9331,ns
M5vsM6_raw_12m,tertiles,Relative Mortality,ETmax,High,22,1e-05,50,0.3605,0.9331,ns
M5vsM6_raw_12m,tertiles,Relative Mortality,GPPsat,High,22,0.14589,31.8,0.9511,0.9954,ns
M5vsM6_raw_12m,tertiles,Relative Mortality,NEPmax,High,22,-0.29957,63.6,0.1494,0.9331,ns
M5vsM6_raw_12m,tertiles,Relative Mortality,WUE,High,22,0.0027,50,0.5129,0.9331,ns
M5vsM6_raw_12m,tertiles,Relative Mortality,uWUE,High,22,0.01209,40.9,0.8183,0.9953,ns
M5vsM6_raw_12m,tertiles,Relative Mortality,ETmax,Mid,21,-0.00108,71.4,0.08762,0.9331,ns
M5vsM6_raw_12m,tertiles,Relative Mortality,GPPsat,Mid,21,0.0656,28.6,0.867,0.9954,ns
M5vsM6_raw_12m,tertiles,Relative Mortality,NEPmax,Mid,21,-0.09843,57.1,0.431,0.9331,ns
M5vsM6_raw_12m,tertiles,Relative Mortality,WUE,Mid,21,-0.00654,52.4,0.5826,0.9331,ns
M5vsM6_raw_12m,tertiles,Relative Mortality,uWUE,Mid,21,0.01468,33.3,0.9869,0.9954,ns
M5vsM6_raw_12m,tertiles,Relative Mortality,ETmax,Low,22,-0.00043,54.5,0.6395,0.9331,ns
M5vsM6_raw_12m,tertiles,Relative Mortality,GPPsat,Low,22,-0.04338,54.5,0.3851,0.9331,ns
M5vsM6_raw_12m,tertiles,Relative Mortality,NEPmax,Low,22,-0.1931,59.1,0.09704,0.9331,ns
M5vsM6_raw_12m,tertiles,Relative Mortality,WUE,Low,22,-0.0159,54.5,0.4612,0.9331,ns
M5vsM6_raw_12m,tertiles,Relative Mortality,uWUE,Low,22,0.00666,40.9,0.6983,0.9522,ns
M5vsM6_raw_12m,tertiles,Relative Disturbance,ETmax,High,22,-8e-05,50,0.2375,0.9331,ns
M5vsM6_raw_12m,tertiles,Relative Disturbance,GPPsat,High,22,0.14589,27.3,0.9762,0.9954,ns
M5vsM6_raw_12m,tertiles,Relative Disturbance,NEPmax,High,22,-0.23881,63.6,0.1904,0.9331,ns
M5vsM6_raw_12m,tertiles,Relative Disturbance,WUE,High,22,-0.00373,54.5,0.3484,0.9331,ns
M5vsM6_raw_12m,tertiles,Relative Disturbance,uWUE,High,22,0.01273,36.4,0.8506,0.9954,ns
M5vsM6_raw_12m,tertiles,Relative Disturbance,ETmax,Mid,21,-0.00042,66.7,0.1652,0.9331,ns
M5vsM6_raw_12m,tertiles,Relative Disturbance,GPPsat,Mid,21,0.06322,38.1,0.6228,0.9331,ns
M5vsM6_raw_12m,tertiles,Relative Disturbance,NEPmax,Mid,21,-0.18398,61.9,0.2222,0.9331,ns
M5vsM6_raw_12m,tertiles,Relative Disturbance,WUE,Mid,21,-0.01217,57.1,0.3905,0.9331,ns
M5vsM6_raw_12m,tertiles,Relative Disturbance,uWUE,Mid,21,0.01233,33.3,0.9891,0.9954,ns
M5vsM6_raw_12m,tertiles,Relative Disturbance,ETmax,Low,22,-0.00059,59.1,0.5645,0.9331,ns
M5vsM6_raw_12m,tertiles,Relative Disturbance,GPPsat,Low,22,-0.01015,50,0.5645,0.9331,ns
M5vsM6_raw_12m,tertiles,Relative Disturbance,NEPmax,Low,22,-0.13092,54.5,0.2375,0.9331,ns
M5vsM6_raw_12m,tertiles,Relative Disturbance,WUE,Low,22,0.00713,45.5,0.7313,0.9679,ns
M5vsM6_raw_12m,tertiles,Relative Disturbance,uWUE,Low,22,0.00281,45.5,0.6635,0.9331,ns
M5vsM6_raw_12m,equal_width,Absolute Mortality,ETmax,Mid,21,-4e-04,52.4,0.2435,0.7831,ns
M5vsM6_raw_12m,equal_width,Absolute Mortality,GPPsat,Mid,21,0.12142,33.3,0.8076,0.9888,ns
M5vsM6_raw_12m,equal_width,Absolute Mortality,NEPmax,Mid,21,-0.26312,66.7,0.2021,0.7831,ns
M5vsM6_raw_12m,equal_width,Absolute Mortality,WUE,Mid,21,0.00596,42.9,0.788,0.9888,ns
M5vsM6_raw_12m,equal_width,Absolute Mortality,uWUE,Mid,21,0.01135,38.1,0.7778,0.9888,ns
M5vsM6_raw_12m,equal_width,Absolute Mortality,ETmax,Low,41,-0.00043,61,0.3439,0.8768,ns
M5vsM6_raw_12m,equal_width,Absolute Mortality,GPPsat,Low,41,0.02297,43.9,0.7288,0.9888,ns
M5vsM6_raw_12m,equal_width,Absolute Mortality,NEPmax,Low,41,-0.09843,53.7,0.2109,0.7831,ns
M5vsM6_raw_12m,equal_width,Absolute Mortality,WUE,Low,41,-0.01217,53.7,0.4845,0.969,ns
M5vsM6_raw_12m,equal_width,Absolute Mortality,uWUE,Low,41,0.00836,39,0.9662,0.9888,ns
M5vsM6_raw_12m,equal_width,Absolute Mortality,ETmax,High,3,-0.0043,66.7,,,""
M5vsM6_raw_12m,equal_width,Absolute Mortality,GPPsat,High,3,0.90243,0,,,""
M5vsM6_raw_12m,equal_width,Absolute Mortality,NEPmax,High,3,-0.33601,100,,,""
M5vsM6_raw_12m,equal_width,Absolute Mortality,WUE,High,3,-0.06307,100,,,""
M5vsM6_raw_12m,equal_width,Absolute Mortality,uWUE,High,3,0.02341,33.3,,,""
M5vsM6_raw_12m,equal_width,Relative Mortality,ETmax,Mid,26,-0.00024,53.8,0.2545,0.7831,ns
M5vsM6_raw_12m,equal_width,Relative Mortality,GPPsat,Mid,26,0.11812,30.8,0.9261,0.9888,ns
M5vsM6_raw_12m,equal_width,Relative Mortality,NEPmax,Mid,26,-0.15646,61.5,0.1431,0.7831,ns
M5vsM6_raw_12m,equal_width,Relative Mortality,WUE,Mid,26,0.00307,46.2,0.6943,0.9888,ns
M5vsM6_raw_12m,equal_width,Relative Mortality,uWUE,Mid,26,0.01583,34.6,0.9067,0.9888,ns
M5vsM6_raw_12m,equal_width,Relative Mortality,ETmax,Low,32,-0.00059,62.5,0.4665,0.969,ns
M5vsM6_raw_12m,equal_width,Relative Mortality,GPPsat,Low,32,-0.01235,50,0.3507,0.8768,ns
M5vsM6_raw_12m,equal_width,Relative Mortality,NEPmax,Low,32,-0.18443,56.2,0.1631,0.7831,ns
M5vsM6_raw_12m,equal_width,Relative Mortality,WUE,Low,32,-0.0135,53.1,0.5335,0.9888,ns
M5vsM6_raw_12m,equal_width,Relative Mortality,uWUE,Low,32,0.00807,40.6,0.9063,0.9888,ns
M5vsM6_raw_12m,equal_width,Relative Mortality,ETmax,High,7,-0.00269,57.1,0.2234,0.7831,ns
M5vsM6_raw_12m,equal_width,Relative Mortality,GPPsat,High,7,0.1898,14.3,0.9888,0.9888,ns
M5vsM6_raw_12m,equal_width,Relative Mortality,NEPmax,High,7,-0.33601,71.4,0.4663,0.969,ns
M5vsM6_raw_12m,equal_width,Relative Mortality,WUE,High,7,-0.0207,71.4,0.1359,0.7831,ns
M5vsM6_raw_12m,equal_width,Relative Mortality,uWUE,High,7,0.00558,42.9,0.7766,0.9888,ns
M5vsM6_raw_12m,equal_width,Relative Disturbance,ETmax,Mid,27,-0.00019,55.6,0.2105,0.7831,ns
M5vsM6_raw_12m,equal_width,Relative Disturbance,GPPsat,Mid,27,0.11482,33.3,0.9334,0.9888,ns
M5vsM6_raw_12m,equal_width,Relative Disturbance,NEPmax,Mid,27,-0.18398,59.3,0.2544,0.7831,ns
M5vsM6_raw_12m,equal_width,Relative Disturbance,WUE,Mid,27,0.00596,44.4,0.6629,0.9888,ns
M5vsM6_raw_12m,equal_width,Relative Disturbance,uWUE,Mid,27,0.01135,40.7,0.9236,0.9888,ns
M5vsM6_raw_12m,equal_width,Relative Disturbance,ETmax,High,9,-0.00066,66.7,0.2035,0.7831,ns
M5vsM6_raw_12m,equal_width,Relative Disturbance,GPPsat,High,9,0.1898,22.2,0.9514,0.9888,ns
M5vsM6_raw_12m,equal_width,Relative Disturbance,NEPmax,High,9,-0.37014,88.9,0.0486,0.7831,ns
M5vsM6_raw_12m,equal_width,Relative Disturbance,WUE,High,9,-0.0207,77.8,0.1181,0.7831,ns
M5vsM6_raw_12m,equal_width,Relative Disturbance,uWUE,High,9,0.01411,33.3,0.7614,0.9888,ns
M5vsM6_raw_12m,equal_width,Relative Disturbance,ETmax,Low,29,-0.00074,58.6,0.5687,0.9888,ns
M5vsM6_raw_12m,equal_width,Relative Disturbance,GPPsat,Low,29,0.01858,48.3,0.4228,0.969,ns
M5vsM6_raw_12m,equal_width,Relative Disturbance,NEPmax,Low,29,-0.07697,51.7,0.287,0.82,ns
M5vsM6_raw_12m,equal_width,Relative Disturbance,WUE,Low,29,-0.01963,51.7,0.6107,0.9888,ns
M5vsM6_raw_12m,equal_width,Relative Disturbance,uWUE,Low,29,0.00836,37.9,0.899,0.9888,ns
M5vsM6_raw_12m,natural_breaks,Absolute Mortality,ETmax,High,14,-0.00053,57.1,0.2449,0.9131,ns
M5vsM6_raw_12m,natural_breaks,Absolute Mortality,GPPsat,High,14,0.07642,35.7,0.8268,0.9979,ns
M5vsM6_raw_12m,natural_breaks,Absolute Mortality,NEPmax,High,14,-0.29957,71.4,0.2072,0.9131,ns
M5vsM6_raw_12m,natural_breaks,Absolute Mortality,WUE,High,14,-0.00373,57.1,0.475,0.9131,ns
M5vsM6_raw_12m,natural_breaks,Absolute Mortality,uWUE,High,14,-0.00393,50,0.45,0.9131,ns
M5vsM6_raw_12m,natural_breaks,Absolute Mortality,ETmax,Mid,32,-0.00043,62.5,0.1251,0.9131,ns
M5vsM6_raw_12m,natural_breaks,Absolute Mortality,GPPsat,Mid,32,0.09747,31.2,0.9314,0.9979,ns
M5vsM6_raw_12m,natural_breaks,Absolute Mortality,NEPmax,Mid,32,-0.19924,59.4,0.129,0.9131,ns
M5vsM6_raw_12m,natural_breaks,Absolute Mortality,WUE,Mid,32,0.00307,46.9,0.6899,0.9131,ns
M5vsM6_raw_12m,natural_breaks,Absolute Mortality,uWUE,Mid,32,0.02105,31.2,0.9979,0.9979,ns
M5vsM6_raw_12m,natural_breaks,Absolute Mortality,ETmax,Low,19,-0.00043,52.6,0.6782,0.9131,ns
M5vsM6_raw_12m,natural_breaks,Absolute Mortality,GPPsat,Low,19,-0.04328,52.6,0.508,0.9131,ns
M5vsM6_raw_12m,natural_breaks,Absolute Mortality,NEPmax,Low,19,-0.07697,52.6,0.2798,0.9131,ns
M5vsM6_raw_12m,natural_breaks,Absolute Mortality,WUE,Low,19,-0.01963,57.9,0.3218,0.9131,ns
M5vsM6_raw_12m,natural_breaks,Absolute Mortality,uWUE,Low,19,0.00554,42.1,0.5719,0.9131,ns
M5vsM6_raw_12m,natural_breaks,Relative Mortality,ETmax,High,23,-4e-04,52.2,0.2665,0.9131,ns
M5vsM6_raw_12m,natural_breaks,Relative Mortality,GPPsat,High,23,0.17054,30.4,0.9598,0.9979,ns
M5vsM6_raw_12m,natural_breaks,Relative Mortality,NEPmax,High,23,-0.33601,65.2,0.1208,0.9131,ns
M5vsM6_raw_12m,natural_breaks,Relative Mortality,WUE,High,23,-0.00057,52.2,0.4216,0.9131,ns
M5vsM6_raw_12m,natural_breaks,Relative Mortality,uWUE,High,23,0.01007,43.5,0.7899,0.9873,ns
M5vsM6_raw_12m,natural_breaks,Relative Mortality,ETmax,Mid,18,-3e-04,66.7,0.1802,0.9131,ns
M5vsM6_raw_12m,natural_breaks,Relative Mortality,GPPsat,Mid,18,0.06441,27.8,0.8887,0.9979,ns
M5vsM6_raw_12m,natural_breaks,Relative Mortality,NEPmax,Mid,18,-0.05564,55.6,0.448,0.9131,ns
M5vsM6_raw_12m,natural_breaks,Relative Mortality,WUE,Mid,18,-0.00318,50,0.6362,0.9131,ns
M5vsM6_raw_12m,natural_breaks,Relative Mortality,uWUE,Mid,18,0.01746,27.8,0.9949,0.9979,ns
M5vsM6_raw_12m,natural_breaks,Relative Mortality,ETmax,Low,24,-0.00059,58.3,0.5398,0.9131,ns
M5vsM6_raw_12m,natural_breaks,Relative Mortality,GPPsat,Low,24,-0.04338,54.2,0.3499,0.9131,ns
M5vsM6_raw_12m,natural_breaks,Relative Mortality,NEPmax,Low,24,-0.1931,58.3,0.1357,0.9131,ns
M5vsM6_raw_12m,natural_breaks,Relative Mortality,WUE,Low,24,-0.0159,54.2,0.4602,0.9131,ns
M5vsM6_raw_12m,natural_breaks,Relative Mortality,uWUE,Low,24,0.00666,41.7,0.7113,0.9145,ns
M5vsM6_raw_12m,natural_breaks,Relative Disturbance,ETmax,High,22,-8e-05,50,0.2375,0.9131,ns
M5vsM6_raw_12m,natural_breaks,Relative Disturbance,GPPsat,High,22,0.14589,27.3,0.9762,0.9979,ns
M5vsM6_raw_12m,natural_breaks,Relative Disturbance,NEPmax,High,22,-0.23881,63.6,0.1904,0.9131,ns
M5vsM6_raw_12m,natural_breaks,Relative Disturbance,WUE,High,22,-0.00373,54.5,0.3484,0.9131,ns
M5vsM6_raw_12m,natural_breaks,Relative Disturbance,uWUE,High,22,0.01273,36.4,0.8506,0.9979,ns
M5vsM6_raw_12m,natural_breaks,Relative Disturbance,ETmax,Mid,20,-0.00042,70,0.1198,0.9131,ns
M5vsM6_raw_12m,natural_breaks,Relative Disturbance,GPPsat,Mid,20,0.043,40,0.552,0.9131,ns
M5vsM6_raw_12m,natural_breaks,Relative Disturbance,NEPmax,Mid,20,-0.2036,65,0.1354,0.9131,ns
M5vsM6_raw_12m,natural_breaks,Relative Disturbance,WUE,Mid,20,-0.00936,55,0.4926,0.9131,ns
M5vsM6_raw_12m,natural_breaks,Relative Disturbance,uWUE,Mid,20,0.01351,35,0.9855,0.9979,ns
M5vsM6_raw_12m,natural_breaks,Relative Disturbance,ETmax,Low,23,-0.00044,56.5,0.6367,0.9131,ns
M5vsM6_raw_12m,natural_breaks,Relative Disturbance,GPPsat,Low,23,0.02297,47.8,0.6481,0.9131,ns
M5vsM6_raw_12m,natural_breaks,Relative Disturbance,NEPmax,Low,23,-0.07697,52.2,0.3519,0.9131,ns
M5vsM6_raw_12m,natural_breaks,Relative Disturbance,WUE,Low,23,0.00671,47.8,0.6813,0.9131,ns
M5vsM6_raw_12m,natural_breaks,Relative Disturbance,uWUE,Low,23,0.00554,43.5,0.6813,0.9131,ns
M5vsM6_raw_24m,tertiles,Absolute Mortality,ETmax,High,22,-0.00063,59.1,0.1087,0.6396,ns
M5vsM6_raw_24m,tertiles,Absolute Mortality,GPPsat,High,22,0.00502,50,0.6753,0.9691,ns
M5vsM6_raw_24m,tertiles,Absolute Mortality,NEPmax,High,22,-0.11372,54.5,0.5517,0.8957,ns
M5vsM6_raw_24m,tertiles,Absolute Mortality,WUE,High,22,-0.00252,59.1,0.5645,0.8957,ns
M5vsM6_raw_24m,tertiles,Absolute Mortality,uWUE,High,22,0.00621,45.5,0.5388,0.8957,ns
M5vsM6_raw_24m,tertiles,Absolute Mortality,ETmax,Mid,21,0.00061,23.8,0.9901,0.9901,ns
M5vsM6_raw_24m,tertiles,Absolute Mortality,GPPsat,Mid,21,0.12124,38.1,0.9278,0.9901,ns
M5vsM6_raw_24m,tertiles,Absolute Mortality,NEPmax,Mid,21,0.07127,47.6,0.5415,0.8957,ns
M5vsM6_raw_24m,tertiles,Absolute Mortality,WUE,Mid,21,-0.0172,61.9,0.3257,0.8316,ns
M5vsM6_raw_24m,tertiles,Absolute Mortality,uWUE,Mid,21,0.00567,47.6,0.7979,0.9691,ns
M5vsM6_raw_24m,tertiles,Absolute Mortality,ETmax,Low,22,0.00041,45.5,0.7625,0.9691,ns
M5vsM6_raw_24m,tertiles,Absolute Mortality,GPPsat,Low,22,-0.05619,59.1,0.2276,0.8222,ns
M5vsM6_raw_24m,tertiles,Absolute Mortality,NEPmax,Low,22,-0.11347,63.6,0.08635,0.6396,ns
M5vsM6_raw_24m,tertiles,Absolute Mortality,WUE,Low,22,-0.03137,59.1,0.3017,0.8316,ns
M5vsM6_raw_24m,tertiles,Absolute Mortality,uWUE,Low,22,-0.01574,63.6,0.03979,0.6396,ns
M5vsM6_raw_24m,tertiles,Relative Mortality,ETmax,High,22,-9e-05,54.5,0.2375,0.8222,ns
M5vsM6_raw_24m,tertiles,Relative Mortality,GPPsat,High,22,0.04018,45.5,0.7821,0.9691,ns
M5vsM6_raw_24m,tertiles,Relative Mortality,NEPmax,High,22,-0.03782,50,0.5517,0.8957,ns
M5vsM6_raw_24m,tertiles,Relative Mortality,WUE,High,22,-0.00668,63.6,0.3484,0.8316,ns
M5vsM6_raw_24m,tertiles,Relative Mortality,uWUE,High,22,-0.00968,54.5,0.3365,0.8316,ns
M5vsM6_raw_24m,tertiles,Relative Mortality,ETmax,Mid,21,0.00018,38.1,0.788,0.9691,ns
M5vsM6_raw_24m,tertiles,Relative Mortality,GPPsat,Mid,21,0.12992,33.3,0.972,0.9901,ns
M5vsM6_raw_24m,tertiles,Relative Mortality,NEPmax,Mid,21,-0.122,52.4,0.5277,0.8957,ns
M5vsM6_raw_24m,tertiles,Relative Mortality,WUE,Mid,21,-0.00412,52.4,0.7227,0.9691,ns
M5vsM6_raw_24m,tertiles,Relative Mortality,uWUE,Mid,21,0.01192,38.1,0.9178,0.9901,ns
M5vsM6_raw_24m,tertiles,Relative Mortality,ETmax,Low,22,0.00062,36.4,0.9234,0.9901,ns
M5vsM6_raw_24m,tertiles,Relative Mortality,GPPsat,Low,22,-0.07836,68.2,0.06766,0.6396,ns
M5vsM6_raw_24m,tertiles,Relative Mortality,NEPmax,Low,22,-0.08035,63.6,0.1279,0.6396,ns
M5vsM6_raw_24m,tertiles,Relative Mortality,WUE,Low,22,-0.03306,63.6,0.1571,0.6427,ns
M5vsM6_raw_24m,tertiles,Relative Mortality,uWUE,Low,22,-0.01574,63.6,0.04265,0.6396,ns
M5vsM6_raw_24m,tertiles,Relative Disturbance,ETmax,High,22,-0.00054,59.1,0.1027,0.6396,ns
M5vsM6_raw_24m,tertiles,Relative Disturbance,GPPsat,High,22,-0.0093,50,0.7313,0.9691,ns
M5vsM6_raw_24m,tertiles,Relative Disturbance,NEPmax,High,22,-0.11372,54.5,0.4483,0.8957,ns
M5vsM6_raw_24m,tertiles,Relative Disturbance,WUE,High,22,-0.00339,59.1,0.5517,0.8957,ns
M5vsM6_raw_24m,tertiles,Relative Disturbance,uWUE,High,22,-0.00131,50,0.4483,0.8957,ns
M5vsM6_raw_24m,tertiles,Relative Disturbance,ETmax,Mid,21,0.00077,28.6,0.9781,0.9901,ns
M5vsM6_raw_24m,tertiles,Relative Disturbance,GPPsat,Mid,21,0.12548,33.3,0.9799,0.9901,ns
M5vsM6_raw_24m,tertiles,Relative Disturbance,NEPmax,Mid,21,-0.02184,52.4,0.3511,0.8316,ns
M5vsM6_raw_24m,tertiles,Relative Disturbance,WUE,Mid,21,-0.02292,66.7,0.1485,0.6427,ns
M5vsM6_raw_24m,tertiles,Relative Disturbance,uWUE,Mid,21,0.01192,42.9,0.7673,0.9691,ns
M5vsM6_raw_24m,tertiles,Relative Disturbance,ETmax,Low,22,0.00035,40.9,0.8183,0.9691,ns
M5vsM6_raw_24m,tertiles,Relative Disturbance,GPPsat,Low,22,-0.07836,63.6,0.1148,0.6396,ns
M5vsM6_raw_24m,tertiles,Relative Disturbance,NEPmax,Low,22,-0.08035,59.1,0.3484,0.8316,ns
M5vsM6_raw_24m,tertiles,Relative Disturbance,WUE,Low,22,-0.02207,54.5,0.5772,0.8957,ns
M5vsM6_raw_24m,tertiles,Relative Disturbance,uWUE,Low,22,-0.01574,63.6,0.08635,0.6396,ns
M5vsM6_raw_24m,equal_width,Absolute Mortality,ETmax,Mid,21,-0.00033,57.1,0.1406,0.8,ns
M5vsM6_raw_24m,equal_width,Absolute Mortality,GPPsat,Mid,21,-0.06644,57.1,0.3511,0.8,ns
M5vsM6_raw_24m,equal_width,Absolute Mortality,NEPmax,Mid,21,-0.14743,57.1,0.3133,0.8,ns
M5vsM6_raw_24m,equal_width,Absolute Mortality,WUE,Mid,21,-0.00092,57.1,0.6359,0.9332,ns
M5vsM6_raw_24m,equal_width,Absolute Mortality,uWUE,Mid,21,0.00051,47.6,0.4723,0.8,ns
M5vsM6_raw_24m,equal_width,Absolute Mortality,ETmax,Low,41,0.00061,31.7,0.9933,0.9933,ns
M5vsM6_raw_24m,equal_width,Absolute Mortality,GPPsat,Low,41,0.03897,48.8,0.6465,0.9332,ns
M5vsM6_raw_24m,equal_width,Absolute Mortality,NEPmax,Low,41,-0.02184,53.7,0.3251,0.8,ns
M5vsM6_raw_24m,equal_width,Absolute Mortality,WUE,Low,41,-0.01871,58.5,0.3158,0.8,ns
M5vsM6_raw_24m,equal_width,Absolute Mortality,uWUE,Low,41,-0.01051,56.1,0.2502,0.8,ns
M5vsM6_raw_24m,equal_width,Absolute Mortality,ETmax,High,3,-0.00167,100,,,""
M5vsM6_raw_24m,equal_width,Absolute Mortality,GPPsat,High,3,0.50353,0,,,""
M5vsM6_raw_24m,equal_width,Absolute Mortality,NEPmax,High,3,-0.10983,66.7,,,""
M5vsM6_raw_24m,equal_width,Absolute Mortality,WUE,High,3,-0.01452,100,,,""
M5vsM6_raw_24m,equal_width,Absolute Mortality,uWUE,High,3,0.02998,33.3,,,""
M5vsM6_raw_24m,equal_width,Relative Mortality,ETmax,Mid,26,0.00063,42.3,0.8061,0.9467,ns
M5vsM6_raw_24m,equal_width,Relative Mortality,GPPsat,Mid,26,0.04018,46.2,0.8197,0.9467,ns
M5vsM6_raw_24m,equal_width,Relative Mortality,NEPmax,Mid,26,-0.14773,57.7,0.1548,0.8,ns
M5vsM6_raw_24m,equal_width,Relative Mortality,WUE,Mid,26,-0.00213,53.8,0.5,0.8,ns
M5vsM6_raw_24m,equal_width,Relative Mortality,uWUE,Mid,26,-0.005,50,0.4394,0.8,ns
M5vsM6_raw_24m,equal_width,Relative Mortality,ETmax,Low,32,0.00054,31.2,0.9788,0.9933,ns
M5vsM6_raw_24m,equal_width,Relative Mortality,GPPsat,Low,32,-0.05017,56.2,0.2358,0.8,ns
M5vsM6_raw_24m,equal_width,Relative Mortality,NEPmax,Low,32,-0.04179,56.2,0.3931,0.8,ns
M5vsM6_raw_24m,equal_width,Relative Mortality,WUE,Low,32,-0.02417,62.5,0.3167,0.8,ns
M5vsM6_raw_24m,equal_width,Relative Mortality,uWUE,Low,32,-0.01136,56.2,0.208,0.8,ns
M5vsM6_raw_24m,equal_width,Relative Mortality,ETmax,High,7,-0.0036,100,0.01125,0.4499,ns
M5vsM6_raw_24m,equal_width,Relative Mortality,GPPsat,High,7,0.26509,28.6,0.974,0.9933,ns
M5vsM6_raw_24m,equal_width,Relative Mortality,NEPmax,High,7,0.03418,42.9,0.7766,0.9467,ns
M5vsM6_raw_24m,equal_width,Relative Mortality,WUE,High,7,-0.00751,71.4,0.4663,0.8,ns
M5vsM6_raw_24m,equal_width,Relative Mortality,uWUE,High,7,0.01442,42.9,0.7229,0.9332,ns
M5vsM6_raw_24m,equal_width,Relative Disturbance,ETmax,Mid,27,0.00015,48.1,0.6629,0.9332,ns
M5vsM6_raw_24m,equal_width,Relative Disturbance,GPPsat,Mid,27,0.12548,37,0.9571,0.9933,ns
M5vsM6_raw_24m,equal_width,Relative Disturbance,NEPmax,Mid,27,-0.14743,55.6,0.1125,0.8,ns
M5vsM6_raw_24m,equal_width,Relative Disturbance,WUE,Mid,27,-0.00586,59.3,0.4191,0.8,ns
M5vsM6_raw_24m,equal_width,Relative Disturbance,uWUE,Mid,27,0.00051,48.1,0.4856,0.8,ns
M5vsM6_raw_24m,equal_width,Relative Disturbance,ETmax,High,9,-0.00167,66.7,0.0486,0.8,ns
M5vsM6_raw_24m,equal_width,Relative Disturbance,GPPsat,High,9,-0.06644,55.6,0.8284,0.9467,ns
M5vsM6_raw_24m,equal_width,Relative Disturbance,NEPmax,High,9,-0.10983,55.6,0.7232,0.9332,ns
M5vsM6_raw_24m,equal_width,Relative Disturbance,WUE,High,9,-0.00751,66.7,0.2768,0.8,ns
M5vsM6_raw_24m,equal_width,Relative Disturbance,uWUE,High,9,0.01442,44.4,0.7232,0.9332,ns
M5vsM6_raw_24m,equal_width,Relative Disturbance,ETmax,Low,29,0.00061,31,0.9754,0.9933,ns
M5vsM6_raw_24m,equal_width,Relative Disturbance,GPPsat,Low,29,-0.07703,58.6,0.1447,0.8,ns
M5vsM6_raw_24m,equal_width,Relative Disturbance,NEPmax,Low,29,-0.02184,55.2,0.4828,0.8,ns
M5vsM6_raw_24m,equal_width,Relative Disturbance,WUE,Low,29,-0.01871,58.6,0.4655,0.8,ns
M5vsM6_raw_24m,equal_width,Relative Disturbance,uWUE,Low,29,-0.01432,58.6,0.1819,0.8,ns
M5vsM6_raw_24m,natural_breaks,Absolute Mortality,ETmax,High,14,-0.00048,57.1,0.2256,0.7054,ns
M5vsM6_raw_24m,natural_breaks,Absolute Mortality,GPPsat,High,14,-0.07338,57.1,0.525,0.8667,ns
M5vsM6_raw_24m,natural_breaks,Absolute Mortality,NEPmax,High,14,-0.12893,57.1,0.4009,0.8339,ns
M5vsM6_raw_24m,natural_breaks,Absolute Mortality,WUE,High,14,-0.00815,64.3,0.45,0.8339,ns
M5vsM6_raw_24m,natural_breaks,Absolute Mortality,uWUE,High,14,-0.00968,57.1,0.2072,0.7054,ns
M5vsM6_raw_24m,natural_breaks,Absolute Mortality,ETmax,Mid,32,3e-04,37.5,0.8369,0.9797,ns
M5vsM6_raw_24m,natural_breaks,Absolute Mortality,GPPsat,Mid,32,0.12336,37.5,0.9768,0.9797,ns
M5vsM6_raw_24m,natural_breaks,Absolute Mortality,NEPmax,Mid,32,-0.01396,53.1,0.459,0.8339,ns
M5vsM6_raw_24m,natural_breaks,Absolute Mortality,WUE,Mid,32,-0.00499,56.2,0.5778,0.8667,ns
M5vsM6_raw_24m,natural_breaks,Absolute Mortality,uWUE,Mid,32,0.00625,43.8,0.8026,0.9797,ns
M5vsM6_raw_24m,natural_breaks,Absolute Mortality,ETmax,Low,19,0.00047,42.1,0.8476,0.9797,ns
M5vsM6_raw_24m,natural_breaks,Absolute Mortality,GPPsat,Low,19,-0.07703,63.2,0.1176,0.7054,ns
M5vsM6_raw_24m,natural_breaks,Absolute Mortality,NEPmax,Low,19,-0.09896,57.9,0.2406,0.7054,ns
M5vsM6_raw_24m,natural_breaks,Absolute Mortality,WUE,Low,19,-0.03432,63.2,0.1621,0.7054,ns
M5vsM6_raw_24m,natural_breaks,Absolute Mortality,uWUE,Low,19,-0.01432,63.2,0.07094,0.7054,ns
M5vsM6_raw_24m,natural_breaks,Relative Mortality,ETmax,High,23,-0.00015,56.5,0.1768,0.7054,ns
M5vsM6_raw_24m,natural_breaks,Relative Mortality,GPPsat,High,23,0.04783,43.5,0.853,0.9797,ns
M5vsM6_raw_24m,natural_breaks,Relative Mortality,NEPmax,High,23,-0.10983,52.2,0.4818,0.8339,ns
M5vsM6_raw_24m,natural_breaks,Relative Mortality,WUE,High,23,-0.00751,65.2,0.2665,0.7054,ns
M5vsM6_raw_24m,natural_breaks,Relative Mortality,uWUE,High,23,-0.01624,56.5,0.2665,0.7054,ns
M5vsM6_raw_24m,natural_breaks,Relative Mortality,ETmax,Mid,18,0.00022,33.3,0.8619,0.9797,ns
M5vsM6_raw_24m,natural_breaks,Relative Mortality,GPPsat,Mid,18,0.1277,33.3,0.9797,0.9797,ns
M5vsM6_raw_24m,natural_breaks,Relative Mortality,NEPmax,Mid,18,-0.02537,50,0.5691,0.8667,ns
M5vsM6_raw_24m,natural_breaks,Relative Mortality,WUE,Mid,18,0.00268,50,0.7432,0.9797,ns
M5vsM6_raw_24m,natural_breaks,Relative Mortality,uWUE,Mid,18,0.01742,33.3,0.9723,0.9797,ns
M5vsM6_raw_24m,natural_breaks,Relative Mortality,ETmax,Low,24,0.00054,37.5,0.9214,0.9797,ns
M5vsM6_raw_24m,natural_breaks,Relative Mortality,GPPsat,Low,24,-0.07836,66.7,0.07864,0.7054,ns
M5vsM6_raw_24m,natural_breaks,Relative Mortality,NEPmax,Low,24,-0.08035,62.5,0.1552,0.7054,ns
M5vsM6_raw_24m,natural_breaks,Relative Mortality,WUE,Low,24,-0.0301,62.5,0.242,0.7054,ns
M5vsM6_raw_24m,natural_breaks,Relative Mortality,uWUE,Low,24,-0.01574,62.5,0.05972,0.7054,ns
M5vsM6_raw_24m,natural_breaks,Relative Disturbance,ETmax,High,22,-0.00054,59.1,0.1027,0.7054,ns
M5vsM6_raw_24m,natural_breaks,Relative Disturbance,GPPsat,High,22,-0.0093,50,0.7313,0.9797,ns
M5vsM6_raw_24m,natural_breaks,Relative Disturbance,NEPmax,High,22,-0.11372,54.5,0.4483,0.8339,ns
M5vsM6_raw_24m,natural_breaks,Relative Disturbance,WUE,High,22,-0.00339,59.1,0.5517,0.8667,ns
M5vsM6_raw_24m,natural_breaks,Relative Disturbance,uWUE,High,22,-0.00131,50,0.4483,0.8339,ns
M5vsM6_raw_24m,natural_breaks,Relative Disturbance,ETmax,Mid,20,8e-04,30,0.9703,0.9797,ns
M5vsM6_raw_24m,natural_breaks,Relative Disturbance,GPPsat,Mid,20,0.1277,35,0.9727,0.9797,ns
M5vsM6_raw_24m,natural_breaks,Relative Disturbance,NEPmax,Mid,20,-0.07192,55,0.3338,0.8335,ns
M5vsM6_raw_24m,natural_breaks,Relative Disturbance,WUE,Mid,20,-0.02006,65,0.2333,0.7054,ns
M5vsM6_raw_24m,natural_breaks,Relative Disturbance,uWUE,Mid,20,0.01398,40,0.8726,0.9797,ns
M5vsM6_raw_24m,natural_breaks,Relative Disturbance,ETmax,Low,23,0.00035,39.1,0.8385,0.9797,ns
M5vsM6_raw_24m,natural_breaks,Relative Disturbance,GPPsat,Low,23,-0.07703,60.9,0.1401,0.7054,ns
M5vsM6_raw_24m,natural_breaks,Relative Disturbance,NEPmax,Low,23,-0.06174,56.5,0.3519,0.8335,ns
M5vsM6_raw_24m,natural_breaks,Relative Disturbance,WUE,Low,23,-0.02543,56.5,0.4697,0.8339,ns
M5vsM6_raw_24m,natural_breaks,Relative Disturbance,uWUE,Low,23,-0.01715,65.2,0.05863,0.7054,ns
M5vsM6_anom_12m,tertiles,Absolute Mortality,ETmax,High,22,0.00086,40.9,0.5772,0.6836,ns
M5vsM6_anom_12m,tertiles,Absolute Mortality,GPPsat,High,22,-0.30348,54.5,0.2477,0.5903,ns
M5vsM6_anom_12m,tertiles,Absolute Mortality,NEPmax,High,22,-0.72455,59.1,0.08135,0.5903,ns
M5vsM6_anom_12m,tertiles,Absolute Mortality,WUE,High,22,0.0041,50,0.5517,0.6709,ns
M5vsM6_anom_12m,tertiles,Absolute Mortality,uWUE,High,22,-0.01911,54.5,0.5129,0.6423,ns
M5vsM6_anom_12m,tertiles,Absolute Mortality,ETmax,Mid,21,-0.00133,66.7,0.2222,0.5903,ns
M5vsM6_anom_12m,tertiles,Absolute Mortality,GPPsat,Mid,21,-0.27789,57.1,0.2891,0.5903,ns
M5vsM6_anom_12m,tertiles,Absolute Mortality,NEPmax,Mid,21,-0.2784,52.4,0.3772,0.6418,ns
M5vsM6_anom_12m,tertiles,Absolute Mortality,WUE,Mid,21,-0.04206,57.1,0.3383,0.609,ns
M5vsM6_anom_12m,tertiles,Absolute Mortality,uWUE,Mid,21,0.02477,42.9,0.6867,0.7537,ns
M5vsM6_anom_12m,tertiles,Absolute Mortality,ETmax,Low,22,0.00065,40.9,0.6516,0.7444,ns
M5vsM6_anom_12m,tertiles,Absolute Mortality,GPPsat,Low,22,0.00469,50,0.4612,0.6423,ns
M5vsM6_anom_12m,tertiles,Absolute Mortality,NEPmax,Low,22,-0.76364,63.6,0.2276,0.5903,ns
M5vsM6_anom_12m,tertiles,Absolute Mortality,WUE,Low,22,0.00646,50,0.2905,0.5903,ns
M5vsM6_anom_12m,tertiles,Absolute Mortality,uWUE,Low,22,-0.001,54.5,0.09158,0.5903,ns
M5vsM6_anom_12m,tertiles,Relative Mortality,ETmax,High,22,-0.00063,50,0.3247,0.6089,ns
M5vsM6_anom_12m,tertiles,Relative Mortality,GPPsat,High,22,-0.20516,50,0.3017,0.5903,ns
M5vsM6_anom_12m,tertiles,Relative Mortality,NEPmax,High,22,-0.72455,54.5,0.1571,0.5903,ns
M5vsM6_anom_12m,tertiles,Relative Mortality,WUE,High,22,-0.01007,54.5,0.4741,0.6423,ns
M5vsM6_anom_12m,tertiles,Relative Mortality,uWUE,High,22,-0.03731,63.6,0.3851,0.6418,ns
M5vsM6_anom_12m,tertiles,Relative Mortality,ETmax,Mid,21,0.00092,47.6,0.8076,0.8259,ns
M5vsM6_anom_12m,tertiles,Relative Mortality,GPPsat,Mid,21,-0.01145,52.4,0.6617,0.7444,ns
M5vsM6_anom_12m,tertiles,Relative Mortality,NEPmax,Mid,21,-0.08394,52.4,0.5139,0.6423,ns
M5vsM6_anom_12m,tertiles,Relative Mortality,WUE,Mid,21,-0.04139,57.1,0.174,0.5903,ns
M5vsM6_anom_12m,tertiles,Relative Mortality,uWUE,Mid,21,0.01097,38.1,0.7109,0.7617,ns
M5vsM6_anom_12m,tertiles,Relative Mortality,ETmax,Low,22,-1e-04,50,0.3017,0.5903,ns
M5vsM6_anom_12m,tertiles,Relative Mortality,GPPsat,Low,22,-0.13071,59.1,0.1027,0.5903,ns
M5vsM6_anom_12m,tertiles,Relative Mortality,NEPmax,Low,22,-0.79406,68.2,0.06766,0.5903,ns
M5vsM6_anom_12m,tertiles,Relative Mortality,WUE,Low,22,0.01545,45.5,0.5129,0.6423,ns
M5vsM6_anom_12m,tertiles,Relative Mortality,uWUE,Low,22,-4e-04,50,0.2375,0.5903,ns
M5vsM6_anom_12m,tertiles,Relative Disturbance,ETmax,High,22,-0.00063,50,0.2795,0.5903,ns
M5vsM6_anom_12m,tertiles,Relative Disturbance,GPPsat,High,22,-0.54768,54.5,0.2276,0.5903,ns
M5vsM6_anom_12m,tertiles,Relative Disturbance,NEPmax,High,22,-0.28164,50,0.2477,0.5903,ns
M5vsM6_anom_12m,tertiles,Relative Disturbance,WUE,High,22,-0.01007,54.5,0.4612,0.6423,ns
M5vsM6_anom_12m,tertiles,Relative Disturbance,uWUE,High,22,-0.03731,63.6,0.5,0.6423,ns
M5vsM6_anom_12m,tertiles,Relative Disturbance,ETmax,Mid,21,0.00092,47.6,0.8813,0.8813,ns
M5vsM6_anom_12m,tertiles,Relative Disturbance,GPPsat,Mid,21,-0.01145,52.4,0.4861,0.6423,ns
M5vsM6_anom_12m,tertiles,Relative Disturbance,NEPmax,Mid,21,-0.65138,61.9,0.133,0.5903,ns
M5vsM6_anom_12m,tertiles,Relative Disturbance,WUE,Mid,21,-0.04139,57.1,0.212,0.5903,ns
M5vsM6_anom_12m,tertiles,Relative Disturbance,uWUE,Mid,21,0.01685,33.3,0.7565,0.7917,ns
M5vsM6_anom_12m,tertiles,Relative Disturbance,ETmax,Low,22,-1e-04,50,0.2375,0.5903,ns
M5vsM6_anom_12m,tertiles,Relative Disturbance,GPPsat,Low,22,-0.07939,54.5,0.2687,0.5903,ns
M5vsM6_anom_12m,tertiles,Relative Disturbance,NEPmax,Low,22,-0.64778,63.6,0.2276,0.5903,ns
M5vsM6_anom_12m,tertiles,Relative Disturbance,WUE,Low,22,0.01545,45.5,0.5129,0.6423,ns
M5vsM6_anom_12m,tertiles,Relative Disturbance,uWUE,Low,22,-0.001,54.5,0.1904,0.5903,ns
M5vsM6_anom_12m,equal_width,Absolute Mortality,ETmax,Mid,21,-0.00013,52.4,0.2658,0.6056,ns
M5vsM6_anom_12m,equal_width,Absolute Mortality,GPPsat,Mid,21,-0.49983,61.9,0.09329,0.6056,ns
M5vsM6_anom_12m,equal_width,Absolute Mortality,NEPmax,Mid,21,-0.74672,61.9,0.04762,0.6056,ns
M5vsM6_anom_12m,equal_width,Absolute Mortality,WUE,Mid,21,-0.01109,57.1,0.3511,0.6056,ns
M5vsM6_anom_12m,equal_width,Absolute Mortality,uWUE,Mid,21,-0.03802,57.1,0.3011,0.6056,ns
M5vsM6_anom_12m,equal_width,Absolute Mortality,ETmax,Low,41,-0.00021,51.2,0.4845,0.6056,ns
M5vsM6_anom_12m,equal_width,Absolute Mortality,GPPsat,Low,41,-0.03964,51.2,0.3439,0.6056,ns
M5vsM6_anom_12m,equal_width,Absolute Mortality,NEPmax,Low,41,-0.52203,58.5,0.234,0.6056,ns
M5vsM6_anom_12m,equal_width,Absolute Mortality,WUE,Low,41,-0.00053,51.2,0.3021,0.6056,ns
M5vsM6_anom_12m,equal_width,Absolute Mortality,uWUE,Low,41,0.00507,46.3,0.4433,0.6056,ns
M5vsM6_anom_12m,equal_width,Absolute Mortality,ETmax,High,3,0.00245,0,,,""
M5vsM6_anom_12m,equal_width,Absolute Mortality,GPPsat,High,3,0.71543,33.3,,,""
M5vsM6_anom_12m,equal_width,Absolute Mortality,NEPmax,High,3,0.48554,33.3,,,""
M5vsM6_anom_12m,equal_width,Absolute Mortality,WUE,High,3,0.06281,33.3,,,""
M5vsM6_anom_12m,equal_width,Absolute Mortality,uWUE,High,3,-0.01421,66.7,,,""
M5vsM6_anom_12m,equal_width,Relative Mortality,ETmax,Mid,26,-0.00076,53.8,0.5203,0.6306,ns
M5vsM6_anom_12m,equal_width,Relative Mortality,GPPsat,Mid,26,-0.13099,53.8,0.2307,0.6056,ns
M5vsM6_anom_12m,equal_width,Relative Mortality,NEPmax,Mid,26,-0.66841,61.5,0.1213,0.6056,ns
M5vsM6_anom_12m,equal_width,Relative Mortality,WUE,Mid,26,-0.04172,61.5,0.2627,0.6056,ns
M5vsM6_anom_12m,equal_width,Relative Mortality,uWUE,Mid,26,-0.01006,50,0.4394,0.6056,ns
M5vsM6_anom_12m,equal_width,Relative Mortality,ETmax,Low,32,-1e-04,50,0.4295,0.6056,ns
M5vsM6_anom_12m,equal_width,Relative Mortality,GPPsat,Low,32,-0.11924,56.2,0.2027,0.6056,ns
M5vsM6_anom_12m,equal_width,Relative Mortality,NEPmax,Low,32,-0.71246,62.5,0.1139,0.6056,ns
M5vsM6_anom_12m,equal_width,Relative Mortality,WUE,Low,32,0.01545,46.9,0.4222,0.6056,ns
M5vsM6_anom_12m,equal_width,Relative Mortality,uWUE,Low,32,-4e-04,50,0.2842,0.6056,ns
M5vsM6_anom_12m,equal_width,Relative Mortality,ETmax,High,7,0.00059,28.6,0.7229,0.7415,ns
M5vsM6_anom_12m,equal_width,Relative Mortality,GPPsat,High,7,0.30503,42.9,0.7229,0.7415,ns
M5vsM6_anom_12m,equal_width,Relative Mortality,NEPmax,High,7,0.48554,28.6,0.8237,0.8237,ns
M5vsM6_anom_12m,equal_width,Relative Mortality,WUE,High,7,0.01725,42.9,0.6637,0.7175,ns
M5vsM6_anom_12m,equal_width,Relative Mortality,uWUE,High,7,-0.01421,57.1,0.6637,0.7175,ns
M5vsM6_anom_12m,equal_width,Relative Disturbance,ETmax,Mid,27,-0.00013,51.9,0.6272,0.7168,ns
M5vsM6_anom_12m,equal_width,Relative Disturbance,GPPsat,Mid,27,-0.01145,51.9,0.3371,0.6056,ns
M5vsM6_anom_12m,equal_width,Relative Disturbance,NEPmax,Mid,27,-0.2784,55.6,0.2392,0.6056,ns
M5vsM6_anom_12m,equal_width,Relative Disturbance,WUE,Mid,27,-0.00904,55.6,0.4761,0.6056,ns
M5vsM6_anom_12m,equal_width,Relative Disturbance,uWUE,Mid,27,0.00944,44.4,0.5903,0.6944,ns
M5vsM6_anom_12m,equal_width,Relative Disturbance,ETmax,High,9,0.00059,44.4,0.4064,0.6056,ns
M5vsM6_anom_12m,equal_width,Relative Disturbance,GPPsat,High,9,-0.70192,55.6,0.4064,0.6056,ns
M5vsM6_anom_12m,equal_width,Relative Disturbance,NEPmax,High,9,-1.09169,55.6,0.2768,0.6056,ns
M5vsM6_anom_12m,equal_width,Relative Disturbance,WUE,High,9,-0.02313,55.6,0.3178,0.6056,ns
M5vsM6_anom_12m,equal_width,Relative Disturbance,uWUE,High,9,-0.03802,66.7,0.4528,0.6056,ns
M5vsM6_anom_12m,equal_width,Relative Disturbance,ETmax,Low,29,0,48.3,0.4741,0.6056,ns
M5vsM6_anom_12m,equal_width,Relative Disturbance,GPPsat,Low,29,-0.11913,55.2,0.2583,0.6056,ns
M5vsM6_anom_12m,equal_width,Relative Disturbance,NEPmax,Low,29,-0.65138,62.1,0.1547,0.6056,ns
M5vsM6_anom_12m,equal_width,Relative Disturbance,WUE,Low,29,0.01344,48.3,0.3327,0.6056,ns
M5vsM6_anom_12m,equal_width,Relative Disturbance,uWUE,Low,29,-0.00099,51.7,0.2311,0.6056,ns
M5vsM6_anom_12m,natural_breaks,Absolute Mortality,ETmax,High,14,0.00036,42.9,0.475,0.5937,ns
M5vsM6_anom_12m,natural_breaks,Absolute Mortality,GPPsat,High,14,-0.25301,50,0.3078,0.5311,ns
M5vsM6_anom_12m,natural_breaks,Absolute Mortality,NEPmax,High,14,-1.02597,57.1,0.1046,0.5311,ns
M5vsM6_anom_12m,natural_breaks,Absolute Mortality,WUE,High,14,0.0041,50,0.475,0.5937,ns
M5vsM6_anom_12m,natural_breaks,Absolute Mortality,uWUE,High,14,-0.04249,64.3,0.3078,0.5311,ns
M5vsM6_anom_12m,natural_breaks,Absolute Mortality,ETmax,Mid,32,-0.00136,62.5,0.2842,0.5311,ns
M5vsM6_anom_12m,natural_breaks,Absolute Mortality,GPPsat,Mid,32,-0.2804,59.4,0.1213,0.5311,ns
M5vsM6_anom_12m,natural_breaks,Absolute Mortality,NEPmax,Mid,32,-0.55606,59.4,0.137,0.5311,ns
M5vsM6_anom_12m,natural_breaks,Absolute Mortality,WUE,Mid,32,-0.00686,53.1,0.459,0.5937,ns
M5vsM6_anom_12m,natural_breaks,Absolute Mortality,uWUE,Mid,32,0.0102,43.8,0.6562,0.7571,ns
M5vsM6_anom_12m,natural_breaks,Absolute Mortality,ETmax,Low,19,0.00131,31.6,0.8569,0.8764,ns
M5vsM6_anom_12m,natural_breaks,Absolute Mortality,GPPsat,Low,19,0.04902,47.4,0.6782,0.763,ns
M5vsM6_anom_12m,natural_breaks,Absolute Mortality,NEPmax,Low,19,-0.29856,57.9,0.4599,0.5937,ns
M5vsM6_anom_12m,natural_breaks,Absolute Mortality,WUE,Low,19,-0.00053,52.6,0.2406,0.5311,ns
M5vsM6_anom_12m,natural_breaks,Absolute Mortality,uWUE,Low,19,-0.00099,52.6,0.1826,0.5311,ns
M5vsM6_anom_12m,natural_breaks,Relative Mortality,ETmax,High,23,-0.00139,52.2,0.2868,0.5311,ns
M5vsM6_anom_12m,natural_breaks,Relative Mortality,GPPsat,High,23,0.08951,47.8,0.3187,0.5311,ns
M5vsM6_anom_12m,natural_breaks,Relative Mortality,NEPmax,High,23,-0.75376,56.5,0.127,0.5311,ns
M5vsM6_anom_12m,natural_breaks,Relative Mortality,WUE,High,23,-0.01109,56.5,0.398,0.5937,ns
M5vsM6_anom_12m,natural_breaks,Relative Mortality,uWUE,High,23,-0.03802,65.2,0.3079,0.5311,ns
M5vsM6_anom_12m,natural_breaks,Relative Mortality,ETmax,Mid,18,0.00168,44.4,0.8802,0.8802,ns
M5vsM6_anom_12m,natural_breaks,Relative Mortality,GPPsat,Mid,18,-0.13099,55.6,0.5691,0.674,ns
M5vsM6_anom_12m,natural_breaks,Relative Mortality,NEPmax,Mid,18,-0.18117,55.6,0.316,0.5311,ns
M5vsM6_anom_12m,natural_breaks,Relative Mortality,WUE,Mid,18,-0.02201,55.6,0.2856,0.5311,ns
M5vsM6_anom_12m,natural_breaks,Relative Mortality,uWUE,Mid,18,0.01787,33.3,0.8198,0.8764,ns
M5vsM6_anom_12m,natural_breaks,Relative Mortality,ETmax,Low,24,-1e-04,50,0.279,0.5311,ns
M5vsM6_anom_12m,natural_breaks,Relative Mortality,GPPsat,Low,24,-0.11924,58.3,0.1357,0.5311,ns
M5vsM6_anom_12m,natural_breaks,Relative Mortality,NEPmax,Low,24,-0.78065,62.5,0.1997,0.5311,ns
M5vsM6_anom_12m,natural_breaks,Relative Mortality,WUE,Low,24,0.01545,45.8,0.4715,0.5937,ns
M5vsM6_anom_12m,natural_breaks,Relative Mortality,uWUE,Low,24,-4e-04,50,0.2602,0.5311,ns
M5vsM6_anom_12m,natural_breaks,Relative Disturbance,ETmax,High,22,-0.00063,50,0.2795,0.5311,ns
M5vsM6_anom_12m,natural_breaks,Relative Disturbance,GPPsat,High,22,-0.54768,54.5,0.2276,0.5311,ns
M5vsM6_anom_12m,natural_breaks,Relative Disturbance,NEPmax,High,22,-0.28164,50,0.2477,0.5311,ns
M5vsM6_anom_12m,natural_breaks,Relative Disturbance,WUE,High,22,-0.01007,54.5,0.4612,0.5937,ns
M5vsM6_anom_12m,natural_breaks,Relative Disturbance,uWUE,High,22,-0.03731,63.6,0.5,0.6081,ns
M5vsM6_anom_12m,natural_breaks,Relative Disturbance,ETmax,Mid,20,4e-04,50,0.8563,0.8764,ns
M5vsM6_anom_12m,natural_breaks,Relative Disturbance,GPPsat,Mid,20,-0.13099,55,0.4333,0.5937,ns
M5vsM6_anom_12m,natural_breaks,Relative Disturbance,NEPmax,Mid,20,-0.69905,65,0.0865,0.5311,ns
M5vsM6_anom_12m,natural_breaks,Relative Disturbance,WUE,Mid,20,-0.02201,55,0.2814,0.5311,ns
M5vsM6_anom_12m,natural_breaks,Relative Disturbance,uWUE,Mid,20,0.01391,35,0.7186,0.7887,ns
M5vsM6_anom_12m,natural_breaks,Relative Disturbance,ETmax,Low,23,0,47.8,0.2665,0.5311,ns
M5vsM6_anom_12m,natural_breaks,Relative Disturbance,GPPsat,Low,23,-0.03964,52.2,0.3187,0.5311,ns
M5vsM6_anom_12m,natural_breaks,Relative Disturbance,NEPmax,Low,23,-0.52203,60.9,0.2868,0.5311,ns
M5vsM6_anom_12m,natural_breaks,Relative Disturbance,WUE,Low,23,0.01344,47.8,0.4216,0.5937,ns
M5vsM6_anom_12m,natural_breaks,Relative Disturbance,uWUE,Low,23,-0.00099,52.2,0.219,0.5311,ns
M5vsM6_anom_24m,tertiles,Absolute Mortality,ETmax,High,22,-0.00152,59.1,0.2085,0.6402,ns
M5vsM6_anom_24m,tertiles,Absolute Mortality,GPPsat,High,22,-0.47698,59.1,0.2477,0.6556,ns
M5vsM6_anom_24m,tertiles,Absolute Mortality,NEPmax,High,22,-0.9901,54.5,0.07201,0.5809,ns
M5vsM6_anom_24m,tertiles,Absolute Mortality,WUE,High,22,0.03654,40.9,0.8913,0.9116,ns
M5vsM6_anom_24m,tertiles,Absolute Mortality,uWUE,High,22,-0.00018,50,0.6869,0.8421,ns
M5vsM6_anom_24m,tertiles,Absolute Mortality,ETmax,Mid,21,-0.00066,61.9,0.5415,0.7384,ns
M5vsM6_anom_24m,tertiles,Absolute Mortality,GPPsat,Mid,21,-0.06638,61.9,0.3133,0.6713,ns
M5vsM6_anom_24m,tertiles,Absolute Mortality,NEPmax,Mid,21,-0.11539,57.1,0.5139,0.7384,ns
M5vsM6_anom_24m,tertiles,Absolute Mortality,WUE,Mid,21,-0.01561,61.9,0.2021,0.6402,ns
M5vsM6_anom_24m,tertiles,Absolute Mortality,uWUE,Mid,21,-0.02567,57.1,0.4447,0.7384,ns
M5vsM6_anom_24m,tertiles,Absolute Mortality,ETmax,Low,22,0.00078,40.9,0.8506,0.9073,ns
M5vsM6_anom_24m,tertiles,Absolute Mortality,GPPsat,Low,22,0.04373,45.5,0.6149,0.8139,ns
M5vsM6_anom_24m,tertiles,Absolute Mortality,NEPmax,Low,22,-0.9509,54.5,0.1212,0.5809,ns
M5vsM6_anom_24m,tertiles,Absolute Mortality,WUE,Low,22,-0.01591,59.1,0.2276,0.6402,ns
M5vsM6_anom_24m,tertiles,Absolute Mortality,uWUE,Low,22,-0.02216,68.2,0.08635,0.5809,ns
M5vsM6_anom_24m,tertiles,Relative Mortality,ETmax,High,22,-0.0018,63.6,0.142,0.5809,ns
M5vsM6_anom_24m,tertiles,Relative Mortality,GPPsat,High,22,-0.30862,54.5,0.3605,0.7053,ns
M5vsM6_anom_24m,tertiles,Relative Mortality,NEPmax,High,22,-0.46835,50,0.1817,0.6402,ns
M5vsM6_anom_24m,tertiles,Relative Mortality,WUE,High,22,-0.00114,50,0.7523,0.8421,ns
M5vsM6_anom_24m,tertiles,Relative Mortality,uWUE,High,22,-0.00807,59.1,0.4871,0.7384,ns
M5vsM6_anom_24m,tertiles,Relative Mortality,ETmax,Mid,21,0.00278,42.9,0.9411,0.9411,ns
M5vsM6_anom_24m,tertiles,Relative Mortality,GPPsat,Mid,21,-0.02261,57.1,0.7227,0.8421,ns
M5vsM6_anom_24m,tertiles,Relative Mortality,NEPmax,Mid,21,-0.05813,52.4,0.5277,0.7384,ns
M5vsM6_anom_24m,tertiles,Relative Mortality,WUE,Mid,21,-0.00968,52.4,0.431,0.7384,ns
M5vsM6_anom_24m,tertiles,Relative Mortality,uWUE,Mid,21,0.0033,47.6,0.7673,0.8421,ns
M5vsM6_anom_24m,tertiles,Relative Mortality,ETmax,Low,22,-0.00064,54.5,0.4612,0.7384,ns
M5vsM6_anom_24m,tertiles,Relative Mortality,GPPsat,Low,22,-0.12151,54.5,0.1212,0.5809,ns
M5vsM6_anom_24m,tertiles,Relative Mortality,NEPmax,Low,22,-1.33974,63.6,0.02041,0.5809,ns
M5vsM6_anom_24m,tertiles,Relative Mortality,WUE,Low,22,-0.01511,59.1,0.2687,0.6713,ns
M5vsM6_anom_24m,tertiles,Relative Mortality,uWUE,Low,22,-0.02216,68.2,0.09158,0.5809,ns
M5vsM6_anom_24m,tertiles,Relative Disturbance,ETmax,High,22,-0.0018,63.6,0.1348,0.5809,ns
M5vsM6_anom_24m,tertiles,Relative Disturbance,GPPsat,High,22,-0.47698,59.1,0.2905,0.6713,ns
M5vsM6_anom_24m,tertiles,Relative Disturbance,NEPmax,High,22,-0.9901,54.5,0.142,0.5809,ns
M5vsM6_anom_24m,tertiles,Relative Disturbance,WUE,High,22,-0.00114,50,0.7313,0.8421,ns
M5vsM6_anom_24m,tertiles,Relative Disturbance,uWUE,High,22,-0.00807,59.1,0.4871,0.7384,ns
M5vsM6_anom_24m,tertiles,Relative Disturbance,ETmax,Mid,21,0.00267,47.6,0.867,0.9073,ns
M5vsM6_anom_24m,tertiles,Relative Disturbance,GPPsat,Mid,21,-0.02261,57.1,0.5277,0.7384,ns
M5vsM6_anom_24m,tertiles,Relative Disturbance,NEPmax,Mid,21,-0.05813,52.4,0.3133,0.6713,ns
M5vsM6_anom_24m,tertiles,Relative Disturbance,WUE,Mid,21,-0.01253,57.1,0.2222,0.6402,ns
M5vsM6_anom_24m,tertiles,Relative Disturbance,uWUE,Mid,21,0.0033,47.6,0.6989,0.8421,ns
M5vsM6_anom_24m,tertiles,Relative Disturbance,ETmax,Low,22,0.00018,50,0.6869,0.8421,ns
M5vsM6_anom_24m,tertiles,Relative Disturbance,GPPsat,Low,22,-0.03069,50,0.3605,0.7053,ns
M5vsM6_anom_24m,tertiles,Relative Disturbance,NEPmax,Low,22,-1.22132,59.1,0.1348,0.5809,ns
M5vsM6_anom_24m,tertiles,Relative Disturbance,WUE,Low,22,-0.01086,54.5,0.5129,0.7384,ns
M5vsM6_anom_24m,tertiles,Relative Disturbance,uWUE,Low,22,-0.02376,68.2,0.08635,0.5809,ns
M5vsM6_anom_24m,equal_width,Absolute Mortality,ETmax,Mid,21,-0.00168,57.1,0.1567,0.6254,ns
M5vsM6_anom_24m,equal_width,Absolute Mortality,GPPsat,Mid,21,-0.40526,61.9,0.133,0.6254,ns
M5vsM6_anom_24m,equal_width,Absolute Mortality,NEPmax,Mid,21,-1.1579,57.1,0.09922,0.6254,ns
M5vsM6_anom_24m,equal_width,Absolute Mortality,WUE,Mid,21,0.02777,42.9,0.8076,0.8862,ns
M5vsM6_anom_24m,equal_width,Absolute Mortality,uWUE,Mid,21,0.0033,47.6,0.6095,0.8127,ns
M5vsM6_anom_24m,equal_width,Absolute Mortality,ETmax,Low,41,0.00042,48.8,0.8589,0.8862,ns
M5vsM6_anom_24m,equal_width,Absolute Mortality,GPPsat,Low,41,-0.06638,53.7,0.4179,0.6629,ns
M5vsM6_anom_24m,equal_width,Absolute Mortality,NEPmax,Low,41,-0.24343,56.1,0.1656,0.6254,ns
M5vsM6_anom_24m,equal_width,Absolute Mortality,WUE,Low,41,-0.01461,58.5,0.2109,0.6254,ns
M5vsM6_anom_24m,equal_width,Absolute Mortality,uWUE,Low,41,-0.0235,63.4,0.1298,0.6254,ns
M5vsM6_anom_24m,equal_width,Absolute Mortality,ETmax,High,3,-0.00137,100,,,""
M5vsM6_anom_24m,equal_width,Absolute Mortality,GPPsat,High,3,1.01163,33.3,,,""
M5vsM6_anom_24m,equal_width,Absolute Mortality,NEPmax,High,3,0.62327,33.3,,,""
M5vsM6_anom_24m,equal_width,Absolute Mortality,WUE,High,3,-0.03347,66.7,,,""
M5vsM6_anom_24m,equal_width,Absolute Mortality,uWUE,High,3,-0.02115,66.7,,,""
M5vsM6_anom_24m,equal_width,Relative Mortality,ETmax,Mid,26,0.00271,46.2,0.3238,0.6629,ns
M5vsM6_anom_24m,equal_width,Relative Mortality,GPPsat,Mid,26,-0.04696,57.7,0.3516,0.6629,ns
M5vsM6_anom_24m,equal_width,Relative Mortality,NEPmax,Mid,26,-0.24726,53.8,0.1374,0.6254,ns
M5vsM6_anom_24m,equal_width,Relative Mortality,WUE,Mid,26,-0.01802,57.7,0.2627,0.6629,ns
M5vsM6_anom_24m,equal_width,Relative Mortality,uWUE,Mid,26,-0.01474,57.7,0.2796,0.6629,ns
M5vsM6_anom_24m,equal_width,Relative Mortality,ETmax,Low,32,-0.00017,53.1,0.7584,0.8862,ns
M5vsM6_anom_24m,equal_width,Relative Mortality,GPPsat,Low,32,-0.07599,53.1,0.3101,0.6629,ns
M5vsM6_anom_24m,equal_width,Relative Mortality,NEPmax,Low,32,-0.76892,62.5,0.06613,0.6254,ns
M5vsM6_anom_24m,equal_width,Relative Mortality,WUE,Low,32,-0.01214,56.2,0.3788,0.6629,ns
M5vsM6_anom_24m,equal_width,Relative Mortality,uWUE,Low,32,-0.02216,62.5,0.2189,0.6254,ns
M5vsM6_anom_24m,equal_width,Relative Mortality,ETmax,High,7,-0.00168,85.7,0.1359,0.6254,ns
M5vsM6_anom_24m,equal_width,Relative Mortality,GPPsat,High,7,-0.21198,57.1,0.6637,0.8296,ns
M5vsM6_anom_24m,equal_width,Relative Mortality,NEPmax,High,7,0.68895,28.6,0.8237,0.8862,ns
M5vsM6_anom_24m,equal_width,Relative Mortality,WUE,High,7,0.07796,28.6,0.9458,0.9458,ns
M5vsM6_anom_24m,equal_width,Relative Mortality,uWUE,High,7,0.05667,42.9,0.8641,0.8862,ns
M5vsM6_anom_24m,equal_width,Relative Disturbance,ETmax,Mid,27,0.00267,48.1,0.5335,0.7359,ns
M5vsM6_anom_24m,equal_width,Relative Disturbance,GPPsat,Mid,27,-0.07131,59.3,0.4004,0.6629,ns
M5vsM6_anom_24m,equal_width,Relative Disturbance,NEPmax,Mid,27,-0.24343,55.6,0.2036,0.6254,ns
M5vsM6_anom_24m,equal_width,Relative Disturbance,WUE,Mid,27,-0.00851,51.9,0.4474,0.6629,ns
M5vsM6_anom_24m,equal_width,Relative Disturbance,uWUE,Mid,27,-0.00838,59.3,0.4191,0.6629,ns
M5vsM6_anom_24m,equal_width,Relative Disturbance,ETmax,High,9,-0.00193,88.9,0.03778,0.6254,ns
M5vsM6_anom_24m,equal_width,Relative Disturbance,GPPsat,High,9,-0.21198,55.6,0.5,0.7143,ns
M5vsM6_anom_24m,equal_width,Relative Disturbance,NEPmax,High,9,0.62327,44.4,0.4064,0.6629,ns
M5vsM6_anom_24m,equal_width,Relative Disturbance,WUE,High,9,-0.02945,55.6,0.7614,0.8862,ns
M5vsM6_anom_24m,equal_width,Relative Disturbance,uWUE,High,9,0.0074,44.4,0.6389,0.8243,ns
M5vsM6_anom_24m,equal_width,Relative Disturbance,ETmax,Low,29,0.00042,48.3,0.8503,0.8862,ns
M5vsM6_anom_24m,equal_width,Relative Disturbance,GPPsat,Low,29,-0.06638,51.7,0.3019,0.6629,ns
M5vsM6_anom_24m,equal_width,Relative Disturbance,NEPmax,Low,29,-1.12442,58.6,0.09358,0.6254,ns
M5vsM6_anom_24m,equal_width,Relative Disturbance,WUE,Low,29,-0.00968,55.2,0.4398,0.6629,ns
M5vsM6_anom_24m,equal_width,Relative Disturbance,uWUE,Low,29,-0.0235,62.1,0.1995,0.6254,ns
M5vsM6_anom_24m,natural_breaks,Absolute Mortality,ETmax,High,14,-0.00295,78.6,0.05132,0.5855,ns
M5vsM6_anom_24m,natural_breaks,Absolute Mortality,GPPsat,High,14,-0.38034,57.1,0.3078,0.6595,ns
M5vsM6_anom_24m,natural_breaks,Absolute Mortality,NEPmax,High,14,-1.12074,57.1,0.1046,0.5855,ns
M5vsM6_anom_24m,natural_breaks,Absolute Mortality,WUE,High,14,0.03566,42.9,0.8835,0.9104,ns
M5vsM6_anom_24m,natural_breaks,Absolute Mortality,uWUE,High,14,-0.00049,50,0.6468,0.8156,ns
M5vsM6_anom_24m,natural_breaks,Absolute Mortality,ETmax,Mid,32,-0.00027,53.1,0.7158,0.8438,ns
M5vsM6_anom_24m,natural_breaks,Absolute Mortality,GPPsat,Mid,32,-0.25004,65.6,0.1068,0.5855,ns
M5vsM6_anom_24m,natural_breaks,Absolute Mortality,NEPmax,Mid,32,-0.17941,56.2,0.1872,0.6476,ns
M5vsM6_anom_24m,natural_breaks,Absolute Mortality,WUE,Mid,32,-0.0111,53.1,0.4295,0.6893,ns
M5vsM6_anom_24m,natural_breaks,Absolute Mortality,uWUE,Mid,32,-0.01474,56.2,0.4442,0.6893,ns
M5vsM6_anom_24m,natural_breaks,Absolute Mortality,ETmax,Low,19,0.00091,36.8,0.8902,0.9104,ns
M5vsM6_anom_24m,natural_breaks,Absolute Mortality,GPPsat,Low,19,0.10095,36.8,0.8658,0.9104,ns
M5vsM6_anom_24m,natural_breaks,Absolute Mortality,NEPmax,Low,19,-0.77739,52.6,0.2283,0.6595,ns
M5vsM6_anom_24m,natural_breaks,Absolute Mortality,WUE,Low,19,-0.0172,63.2,0.1342,0.5855,ns
M5vsM6_anom_24m,natural_breaks,Absolute Mortality,uWUE,Low,19,-0.02081,68.4,0.1431,0.5855,ns
M5vsM6_anom_24m,natural_breaks,Relative Mortality,ETmax,High,23,-0.00168,60.9,0.169,0.6338,ns
M5vsM6_anom_24m,natural_breaks,Relative Mortality,GPPsat,High,23,-0.21198,56.5,0.3519,0.6885,ns
M5vsM6_anom_24m,natural_breaks,Relative Mortality,NEPmax,High,23,0.01361,47.8,0.2015,0.6476,ns
M5vsM6_anom_24m,natural_breaks,Relative Mortality,WUE,High,23,-0.00851,52.2,0.6813,0.8286,ns
M5vsM6_anom_24m,natural_breaks,Relative Mortality,uWUE,High,23,-0.00838,60.9,0.4098,0.6893,ns
M5vsM6_anom_24m,natural_breaks,Relative Mortality,ETmax,Mid,18,0.00272,44.4,0.8887,0.9104,ns
M5vsM6_anom_24m,natural_breaks,Relative Mortality,GPPsat,Mid,18,-0.0445,61.1,0.5347,0.7291,ns
M5vsM6_anom_24m,natural_breaks,Relative Mortality,NEPmax,Mid,18,-0.17941,61.1,0.2568,0.6595,ns
M5vsM6_anom_24m,natural_breaks,Relative Mortality,WUE,Mid,18,-0.00111,50,0.4138,0.6893,ns
M5vsM6_anom_24m,natural_breaks,Relative Mortality,uWUE,Mid,18,0.00968,44.4,0.8081,0.9091,ns
M5vsM6_anom_24m,natural_breaks,Relative Mortality,ETmax,Low,24,-0.00064,54.2,0.5285,0.7291,ns
M5vsM6_anom_24m,natural_breaks,Relative Mortality,GPPsat,Low,24,-0.03069,50,0.279,0.6595,ns
M5vsM6_anom_24m,natural_breaks,Relative Mortality,NEPmax,Low,24,-1.22132,58.3,0.107,0.5855,ns
M5vsM6_anom_24m,natural_breaks,Relative Mortality,WUE,Low,24,-0.01511,58.3,0.3499,0.6885,ns
M5vsM6_anom_24m,natural_breaks,Relative Mortality,uWUE,Low,24,-0.02216,66.7,0.1236,0.5855,ns
M5vsM6_anom_24m,natural_breaks,Relative Disturbance,ETmax,High,22,-0.0018,63.6,0.1348,0.5855,ns
M5vsM6_anom_24m,natural_breaks,Relative Disturbance,GPPsat,High,22,-0.47698,59.1,0.2905,0.6595,ns
M5vsM6_anom_24m,natural_breaks,Relative Disturbance,NEPmax,High,22,-0.9901,54.5,0.142,0.5855,ns
M5vsM6_anom_24m,natural_breaks,Relative Disturbance,WUE,High,22,-0.00114,50,0.7313,0.8438,ns
M5vsM6_anom_24m,natural_breaks,Relative Disturbance,uWUE,High,22,-0.00807,59.1,0.4871,0.7291,ns
M5vsM6_anom_24m,natural_breaks,Relative Disturbance,ETmax,Mid,20,0.00272,45,0.9135,0.9135,ns
M5vsM6_anom_24m,natural_breaks,Relative Disturbance,GPPsat,Mid,20,-0.0445,60,0.5223,0.7291,ns
M5vsM6_anom_24m,natural_breaks,Relative Disturbance,NEPmax,Mid,20,-0.08676,55,0.2941,0.6595,ns
M5vsM6_anom_24m,natural_breaks,Relative Disturbance,WUE,Mid,20,-0.0111,55,0.2941,0.6595,ns
M5vsM6_anom_24m,natural_breaks,Relative Disturbance,uWUE,Mid,20,-0.00868,50,0.6525,0.8156,ns
M5vsM6_anom_24m,natural_breaks,Relative Disturbance,ETmax,Low,23,-5e-05,52.2,0.6253,0.8156,ns
M5vsM6_anom_24m,natural_breaks,Relative Disturbance,GPPsat,Low,23,0.02423,47.8,0.3747,0.6893,ns
M5vsM6_anom_24m,natural_breaks,Relative Disturbance,NEPmax,Low,23,-1.12442,56.5,0.1401,0.5855,ns
M5vsM6_anom_24m,natural_breaks,Relative Disturbance,WUE,Low,23,-0.01461,56.5,0.4216,0.6893,ns
M5vsM6_anom_24m,natural_breaks,Relative Disturbance,uWUE,Low,23,-0.0235,65.2,0.1148,0.5855,ns
M7vsM8_raw_12m,tertiles,Absolute Mortality,ETmax,High,22,-0.00058,54.5,0.1993,0.8222,ns
M7vsM8_raw_12m,tertiles,Absolute Mortality,GPPsat,High,22,0.03254,45.5,0.6753,0.8402,ns
M7vsM8_raw_12m,tertiles,Absolute Mortality,NEPmax,High,22,0.06735,45.5,0.3727,0.8222,ns
M7vsM8_raw_12m,tertiles,Absolute Mortality,WUE,High,22,0.00345,45.5,0.7821,0.8443,ns
M7vsM8_raw_12m,tertiles,Absolute Mortality,uWUE,High,22,0.00604,45.5,0.6149,0.8222,ns
M7vsM8_raw_12m,tertiles,Absolute Mortality,ETmax,Mid,21,0.00038,38.1,0.6228,0.8222,ns
M7vsM8_raw_12m,tertiles,Absolute Mortality,GPPsat,Mid,21,-0.01445,52.4,0.3011,0.8222,ns
M7vsM8_raw_12m,tertiles,Absolute Mortality,NEPmax,Mid,21,-0.07143,52.4,0.6095,0.8222,ns
M7vsM8_raw_12m,tertiles,Absolute Mortality,WUE,Mid,21,-0.0129,57.1,0.3011,0.8222,ns
M7vsM8_raw_12m,tertiles,Absolute Mortality,uWUE,Mid,21,0.00525,47.6,0.8946,0.8946,ns
M7vsM8_raw_12m,tertiles,Absolute Mortality,ETmax,Low,22,0.00051,45.5,0.5129,0.8222,ns
M7vsM8_raw_12m,tertiles,Absolute Mortality,GPPsat,Low,22,-0.03678,54.5,0.5388,0.8222,ns
M7vsM8_raw_12m,tertiles,Absolute Mortality,NEPmax,Low,22,-0.15226,72.7,0.05226,0.8222,ns
M7vsM8_raw_12m,tertiles,Absolute Mortality,WUE,Low,22,0.00164,50,0.6395,0.8222,ns
M7vsM8_raw_12m,tertiles,Absolute Mortality,uWUE,Low,22,0.00472,45.5,0.5645,0.8222,ns
M7vsM8_raw_12m,tertiles,Relative Mortality,ETmax,High,22,1e-05,50,0.3017,0.8222,ns
M7vsM8_raw_12m,tertiles,Relative Mortality,GPPsat,High,22,0.03353,45.5,0.5645,0.8222,ns
M7vsM8_raw_12m,tertiles,Relative Mortality,NEPmax,High,22,0.07976,40.9,0.6273,0.8222,ns
M7vsM8_raw_12m,tertiles,Relative Mortality,WUE,High,22,0.00345,45.5,0.7095,0.8402,ns
M7vsM8_raw_12m,tertiles,Relative Mortality,uWUE,High,22,0.00194,50,0.6025,0.8222,ns
M7vsM8_raw_12m,tertiles,Relative Mortality,ETmax,Mid,21,0.00038,42.9,0.3772,0.8222,ns
M7vsM8_raw_12m,tertiles,Relative Mortality,GPPsat,Mid,21,-0.01445,52.4,0.5,0.8222,ns
M7vsM8_raw_12m,tertiles,Relative Mortality,NEPmax,Mid,21,-0.09907,57.1,0.4861,0.8222,ns
M7vsM8_raw_12m,tertiles,Relative Mortality,WUE,Mid,21,-0.0212,61.9,0.3133,0.8222,ns
M7vsM8_raw_12m,tertiles,Relative Mortality,uWUE,Mid,21,0.00525,47.6,0.8594,0.8789,ns
M7vsM8_raw_12m,tertiles,Relative Mortality,ETmax,Low,22,0.00026,45.5,0.5899,0.8222,ns
M7vsM8_raw_12m,tertiles,Relative Mortality,GPPsat,Low,22,-0.03678,54.5,0.4612,0.8222,ns
M7vsM8_raw_12m,tertiles,Relative Mortality,NEPmax,Low,22,-0.13471,72.7,0.04889,0.8222,ns
M7vsM8_raw_12m,tertiles,Relative Mortality,WUE,Low,22,0.0079,45.5,0.7724,0.8443,ns
M7vsM8_raw_12m,tertiles,Relative Mortality,uWUE,Low,22,0.01028,40.9,0.6983,0.8402,ns
M7vsM8_raw_12m,tertiles,Relative Disturbance,ETmax,High,22,1e-05,50,0.2905,0.8222,ns
M7vsM8_raw_12m,tertiles,Relative Disturbance,GPPsat,High,22,0.03353,45.5,0.4612,0.8222,ns
M7vsM8_raw_12m,tertiles,Relative Disturbance,NEPmax,High,22,0.07976,40.9,0.6273,0.8222,ns
M7vsM8_raw_12m,tertiles,Relative Disturbance,WUE,High,22,-0.00176,50,0.5388,0.8222,ns
M7vsM8_raw_12m,tertiles,Relative Disturbance,uWUE,High,22,0.0037,50,0.6395,0.8222,ns
M7vsM8_raw_12m,tertiles,Relative Disturbance,ETmax,Mid,21,0.00038,42.9,0.3772,0.8222,ns
M7vsM8_raw_12m,tertiles,Relative Disturbance,GPPsat,Mid,21,-0.02102,57.1,0.4039,0.8222,ns
M7vsM8_raw_12m,tertiles,Relative Disturbance,NEPmax,Mid,21,-0.09907,61.9,0.2773,0.8222,ns
M7vsM8_raw_12m,tertiles,Relative Disturbance,WUE,Mid,21,-0.0129,57.1,0.2891,0.8222,ns
M7vsM8_raw_12m,tertiles,Relative Disturbance,uWUE,Mid,21,0.00428,47.6,0.788,0.8443,ns
M7vsM8_raw_12m,tertiles,Relative Disturbance,ETmax,Low,22,0.00026,45.5,0.6149,0.8222,ns
M7vsM8_raw_12m,tertiles,Relative Disturbance,GPPsat,Low,22,0.01831,50,0.6149,0.8222,ns
M7vsM8_raw_12m,tertiles,Relative Disturbance,NEPmax,Low,22,-0.13471,68.2,0.1348,0.8222,ns
M7vsM8_raw_12m,tertiles,Relative Disturbance,WUE,Low,22,0.01084,45.5,0.8183,0.8564,ns
M7vsM8_raw_12m,tertiles,Relative Disturbance,uWUE,Low,22,0.01028,40.9,0.7724,0.8443,ns
M7vsM8_raw_12m,equal_width,Absolute Mortality,ETmax,Mid,21,-0.00073,57.1,0.2222,0.8026,ns
M7vsM8_raw_12m,equal_width,Absolute Mortality,GPPsat,Mid,21,0.025,47.6,0.4447,0.8026,ns
M7vsM8_raw_12m,equal_width,Absolute Mortality,NEPmax,Mid,21,0.03781,42.9,0.4723,0.8026,ns
M7vsM8_raw_12m,equal_width,Absolute Mortality,WUE,Mid,21,0.00127,47.6,0.8169,0.8475,ns
M7vsM8_raw_12m,equal_width,Absolute Mortality,uWUE,Mid,21,0.00912,42.9,0.5961,0.8222,ns
M7vsM8_raw_12m,equal_width,Absolute Mortality,ETmax,Low,41,5e-04,41.5,0.5361,0.8026,ns
M7vsM8_raw_12m,equal_width,Absolute Mortality,GPPsat,Low,41,-0.01445,53.7,0.4536,0.8026,ns
M7vsM8_raw_12m,equal_width,Absolute Mortality,NEPmax,Low,41,-0.10127,63.4,0.238,0.8026,ns
M7vsM8_raw_12m,equal_width,Absolute Mortality,WUE,Low,41,-0.00245,51.2,0.5618,0.8026,ns
M7vsM8_raw_12m,equal_width,Absolute Mortality,uWUE,Low,41,0.00525,46.3,0.8647,0.8647,ns
M7vsM8_raw_12m,equal_width,Absolute Mortality,ETmax,High,3,0.00045,33.3,,,""
M7vsM8_raw_12m,equal_width,Absolute Mortality,GPPsat,High,3,0.41108,33.3,,,""
M7vsM8_raw_12m,equal_width,Absolute Mortality,NEPmax,High,3,-0.18463,66.7,,,""
M7vsM8_raw_12m,equal_width,Absolute Mortality,WUE,High,3,-0.00478,66.7,,,""
M7vsM8_raw_12m,equal_width,Absolute Mortality,uWUE,High,3,-0.00041,66.7,,,""
M7vsM8_raw_12m,equal_width,Relative Mortality,ETmax,Mid,26,-0.00018,50,0.187,0.8026,ns
M7vsM8_raw_12m,equal_width,Relative Mortality,GPPsat,Mid,26,0.02255,46.2,0.5505,0.8026,ns
M7vsM8_raw_12m,equal_width,Relative Mortality,NEPmax,Mid,26,-0.07775,53.8,0.1672,0.8026,ns
M7vsM8_raw_12m,equal_width,Relative Mortality,WUE,Mid,26,-0.01476,53.8,0.5203,0.8026,ns
M7vsM8_raw_12m,equal_width,Relative Mortality,uWUE,Mid,26,0.01842,38.5,0.8263,0.8475,ns
M7vsM8_raw_12m,equal_width,Relative Mortality,ETmax,Low,32,0.00042,43.8,0.5261,0.8026,ns
M7vsM8_raw_12m,equal_width,Relative Mortality,GPPsat,Low,32,-0.03678,53.1,0.459,0.8026,ns
M7vsM8_raw_12m,equal_width,Relative Mortality,NEPmax,Low,32,-0.12535,62.5,0.2779,0.8026,ns
M7vsM8_raw_12m,equal_width,Relative Mortality,WUE,Low,32,0.00164,50,0.7221,0.8475,ns
M7vsM8_raw_12m,equal_width,Relative Mortality,uWUE,Low,32,0.0032,46.9,0.7756,0.8475,ns
M7vsM8_raw_12m,equal_width,Relative Mortality,ETmax,High,7,0.00045,42.9,0.6637,0.8475,ns
M7vsM8_raw_12m,equal_width,Relative Mortality,GPPsat,High,7,-0.16407,57.1,0.7766,0.8475,ns
M7vsM8_raw_12m,equal_width,Relative Mortality,NEPmax,High,7,0.1217,42.9,0.8237,0.8475,ns
M7vsM8_raw_12m,equal_width,Relative Mortality,WUE,High,7,0.00563,42.9,0.5337,0.8026,ns
M7vsM8_raw_12m,equal_width,Relative Mortality,uWUE,High,7,-0.00488,71.4,0.2771,0.8026,ns
M7vsM8_raw_12m,equal_width,Relative Disturbance,ETmax,Mid,27,5e-04,44.4,0.3638,0.8026,ns
M7vsM8_raw_12m,equal_width,Relative Disturbance,GPPsat,Mid,27,-0.01445,51.9,0.4665,0.8026,ns
M7vsM8_raw_12m,equal_width,Relative Disturbance,NEPmax,Mid,27,-0.07842,55.6,0.2036,0.8026,ns
M7vsM8_raw_12m,equal_width,Relative Disturbance,WUE,Mid,27,-0.00831,51.9,0.5526,0.8026,ns
M7vsM8_raw_12m,equal_width,Relative Disturbance,uWUE,Mid,27,0.00912,44.4,0.8225,0.8475,ns
M7vsM8_raw_12m,equal_width,Relative Disturbance,ETmax,High,9,-0.00042,55.6,0.2768,0.8026,ns
M7vsM8_raw_12m,equal_width,Relative Disturbance,GPPsat,High,9,-0.16407,55.6,0.5472,0.8026,ns
M7vsM8_raw_12m,equal_width,Relative Disturbance,NEPmax,High,9,-0.11445,55.6,0.3611,0.8026,ns
M7vsM8_raw_12m,equal_width,Relative Disturbance,WUE,High,9,-0.00478,55.6,0.3178,0.8026,ns
M7vsM8_raw_12m,equal_width,Relative Disturbance,uWUE,High,9,-0.00041,55.6,0.5472,0.8026,ns
M7vsM8_raw_12m,equal_width,Relative Disturbance,ETmax,Low,29,0.00035,44.8,0.543,0.8026,ns
M7vsM8_raw_12m,equal_width,Relative Disturbance,GPPsat,Low,29,0.0401,48.3,0.543,0.8026,ns
M7vsM8_raw_12m,equal_width,Relative Disturbance,NEPmax,Low,29,-0.10127,58.6,0.4655,0.8026,ns
M7vsM8_raw_12m,equal_width,Relative Disturbance,WUE,Low,29,0.00573,48.3,0.7689,0.8475,ns
M7vsM8_raw_12m,equal_width,Relative Disturbance,uWUE,Low,29,0.00525,44.8,0.7689,0.8475,ns
M7vsM8_raw_12m,natural_breaks,Absolute Mortality,ETmax,High,14,1e-05,50,0.3302,0.8627,ns
M7vsM8_raw_12m,natural_breaks,Absolute Mortality,GPPsat,High,14,-0.03202,50,0.6922,0.8627,ns
M7vsM8_raw_12m,natural_breaks,Absolute Mortality,NEPmax,High,14,0.12378,35.7,0.8268,0.8653,ns
M7vsM8_raw_12m,natural_breaks,Absolute Mortality,WUE,High,14,0.00345,42.9,0.714,0.8627,ns
M7vsM8_raw_12m,natural_breaks,Absolute Mortality,uWUE,High,14,-0.00264,57.1,0.2449,0.8627,ns
M7vsM8_raw_12m,natural_breaks,Absolute Mortality,ETmax,Mid,32,0.00036,43.8,0.4963,0.8627,ns
M7vsM8_raw_12m,natural_breaks,Absolute Mortality,GPPsat,Mid,32,0.00283,50,0.3788,0.8627,ns
M7vsM8_raw_12m,natural_breaks,Absolute Mortality,NEPmax,Mid,32,-0.08875,59.4,0.1725,0.8627,ns
M7vsM8_raw_12m,natural_breaks,Absolute Mortality,WUE,Mid,32,-0.0106,53.1,0.5484,0.8627,ns
M7vsM8_raw_12m,natural_breaks,Absolute Mortality,uWUE,Mid,32,0.01294,40.6,0.9757,0.9757,ns
M7vsM8_raw_12m,natural_breaks,Absolute Mortality,ETmax,Low,19,0.00051,47.4,0.3662,0.8627,ns
M7vsM8_raw_12m,natural_breaks,Absolute Mortality,GPPsat,Low,19,-0.00349,52.6,0.556,0.8627,ns
M7vsM8_raw_12m,natural_breaks,Absolute Mortality,NEPmax,Low,19,-0.14012,68.4,0.1524,0.8627,ns
M7vsM8_raw_12m,natural_breaks,Absolute Mortality,WUE,Low,19,-0.00245,52.6,0.556,0.8627,ns
M7vsM8_raw_12m,natural_breaks,Absolute Mortality,uWUE,Low,19,0.00115,47.4,0.5401,0.8627,ns
M7vsM8_raw_12m,natural_breaks,Relative Mortality,ETmax,High,23,0.00045,47.8,0.3407,0.8627,ns
M7vsM8_raw_12m,natural_breaks,Relative Mortality,GPPsat,High,23,0.02698,47.8,0.5182,0.8627,ns
M7vsM8_raw_12m,natural_breaks,Relative Mortality,NEPmax,High,23,0.03781,43.5,0.5061,0.8627,ns
M7vsM8_raw_12m,natural_breaks,Relative Mortality,WUE,High,23,0.00127,47.8,0.602,0.8627,ns
M7vsM8_raw_12m,natural_breaks,Relative Mortality,uWUE,High,23,-0.00041,52.2,0.5182,0.8627,ns
M7vsM8_raw_12m,natural_breaks,Relative Mortality,ETmax,Mid,18,0.00044,38.9,0.5347,0.8627,ns
M7vsM8_raw_12m,natural_breaks,Relative Mortality,GPPsat,Mid,18,0.00283,50,0.6031,0.8627,ns
M7vsM8_raw_12m,natural_breaks,Relative Mortality,NEPmax,Mid,18,-0.08875,55.6,0.552,0.8627,ns
M7vsM8_raw_12m,natural_breaks,Relative Mortality,WUE,Mid,18,-0.02035,61.1,0.3969,0.8627,ns
M7vsM8_raw_12m,natural_breaks,Relative Mortality,uWUE,Mid,18,0.00719,44.4,0.8802,0.9002,ns
M7vsM8_raw_12m,natural_breaks,Relative Mortality,ETmax,Low,24,-1e-05,50,0.4041,0.8627,ns
M7vsM8_raw_12m,natural_breaks,Relative Mortality,GPPsat,Low,24,-0.03678,54.2,0.4376,0.8627,ns
M7vsM8_raw_12m,natural_breaks,Relative Mortality,NEPmax,Low,24,-0.13471,70.8,0.07059,0.8627,ns
M7vsM8_raw_12m,natural_breaks,Relative Mortality,WUE,Low,24,0.0079,45.8,0.758,0.8627,ns
M7vsM8_raw_12m,natural_breaks,Relative Mortality,uWUE,Low,24,0.01028,41.7,0.7669,0.8627,ns
M7vsM8_raw_12m,natural_breaks,Relative Disturbance,ETmax,High,22,1e-05,50,0.2905,0.8627,ns
M7vsM8_raw_12m,natural_breaks,Relative Disturbance,GPPsat,High,22,0.03353,45.5,0.4612,0.8627,ns
M7vsM8_raw_12m,natural_breaks,Relative Disturbance,NEPmax,High,22,0.07976,40.9,0.6273,0.8627,ns
M7vsM8_raw_12m,natural_breaks,Relative Disturbance,WUE,High,22,-0.00176,50,0.5388,0.8627,ns
M7vsM8_raw_12m,natural_breaks,Relative Disturbance,uWUE,High,22,0.0037,50,0.6395,0.8627,ns
M7vsM8_raw_12m,natural_breaks,Relative Disturbance,ETmax,Mid,20,0.00036,45,0.269,0.8627,ns
M7vsM8_raw_12m,natural_breaks,Relative Disturbance,GPPsat,Mid,20,-0.03905,60,0.2941,0.8627,ns
M7vsM8_raw_12m,natural_breaks,Relative Disturbance,NEPmax,Mid,20,-0.11424,65,0.222,0.8627,ns
M7vsM8_raw_12m,natural_breaks,Relative Disturbance,WUE,Mid,20,-0.01619,55,0.2941,0.8627,ns
M7vsM8_raw_12m,natural_breaks,Relative Disturbance,uWUE,Mid,20,0.00476,45,0.8198,0.8653,ns
M7vsM8_raw_12m,natural_breaks,Relative Disturbance,ETmax,Low,23,0.00051,43.5,0.6813,0.8627,ns
M7vsM8_raw_12m,natural_breaks,Relative Disturbance,GPPsat,Low,23,0.0401,47.8,0.7132,0.8627,ns
M7vsM8_raw_12m,natural_breaks,Relative Disturbance,NEPmax,Low,23,-0.12931,65.2,0.2015,0.8627,ns
M7vsM8_raw_12m,natural_breaks,Relative Disturbance,WUE,Low,23,0.00573,47.8,0.807,0.8653,ns
M7vsM8_raw_12m,natural_breaks,Relative Disturbance,uWUE,Low,23,0.00829,43.5,0.7531,0.8627,ns
M7vsM8_raw_24m,tertiles,Absolute Mortality,ETmax,High,22,-4e-05,54.5,0.3365,0.8412,ns
M7vsM8_raw_24m,tertiles,Absolute Mortality,GPPsat,High,22,0.08666,31.8,0.858,0.9655,ns
M7vsM8_raw_24m,tertiles,Absolute Mortality,NEPmax,High,22,0.02694,50,0.6273,0.9409,ns
M7vsM8_raw_24m,tertiles,Absolute Mortality,WUE,High,22,0.01468,40.9,0.8506,0.9655,ns
M7vsM8_raw_24m,tertiles,Absolute Mortality,uWUE,High,22,-0.01484,63.6,0.2375,0.7126,ns
M7vsM8_raw_24m,tertiles,Absolute Mortality,ETmax,Mid,21,0.00127,38.1,0.9278,0.9655,ns
M7vsM8_raw_24m,tertiles,Absolute Mortality,GPPsat,Mid,21,-0.01043,52.4,0.6228,0.9409,ns
M7vsM8_raw_24m,tertiles,Absolute Mortality,NEPmax,Mid,21,-0.0559,52.4,0.4723,0.8767,ns
M7vsM8_raw_24m,tertiles,Absolute Mortality,WUE,Mid,21,-0.00959,61.9,0.1831,0.5885,ns
M7vsM8_raw_24m,tertiles,Absolute Mortality,uWUE,Mid,21,0.01599,38.1,0.8813,0.9655,ns
M7vsM8_raw_24m,tertiles,Absolute Mortality,ETmax,Low,22,0.00035,45.5,0.835,0.9655,ns
M7vsM8_raw_24m,tertiles,Absolute Mortality,GPPsat,Low,22,-0.06875,63.6,0.06766,0.5885,ns
M7vsM8_raw_24m,tertiles,Absolute Mortality,NEPmax,Low,22,-0.17016,68.2,0.05226,0.5885,ns
M7vsM8_raw_24m,tertiles,Absolute Mortality,WUE,Low,22,-0.01628,54.5,0.1027,0.5885,ns
M7vsM8_raw_24m,tertiles,Absolute Mortality,uWUE,Low,22,-0.0024,50,0.1148,0.5885,ns
M7vsM8_raw_24m,tertiles,Relative Mortality,ETmax,High,22,1e-05,50,0.3605,0.8487,ns
M7vsM8_raw_24m,tertiles,Relative Mortality,GPPsat,High,22,0.05798,36.4,0.8973,0.9655,ns
M7vsM8_raw_24m,tertiles,Relative Mortality,NEPmax,High,22,0.08932,45.5,0.5899,0.9409,ns
M7vsM8_raw_24m,tertiles,Relative Mortality,WUE,High,22,2e-05,50,0.6273,0.9409,ns
M7vsM8_raw_24m,tertiles,Relative Mortality,uWUE,High,22,-0.02423,68.2,0.1732,0.5885,ns
M7vsM8_raw_24m,tertiles,Relative Mortality,ETmax,Mid,21,-1e-05,52.4,0.6989,0.9531,ns
M7vsM8_raw_24m,tertiles,Relative Mortality,GPPsat,Mid,21,-0.0184,52.4,0.5415,0.9373,ns
M7vsM8_raw_24m,tertiles,Relative Mortality,NEPmax,Mid,21,-0.08878,61.9,0.3772,0.8487,ns
M7vsM8_raw_24m,tertiles,Relative Mortality,WUE,Mid,21,-0.00244,52.4,0.4585,0.8767,ns
M7vsM8_raw_24m,tertiles,Relative Mortality,uWUE,Mid,21,0.01599,33.3,0.9557,0.9655,ns
M7vsM8_raw_24m,tertiles,Relative Mortality,ETmax,Low,22,0.00092,36.4,0.9655,0.9655,ns
M7vsM8_raw_24m,tertiles,Relative Mortality,GPPsat,Low,22,-0.05173,59.1,0.1348,0.5885,ns
M7vsM8_raw_24m,tertiles,Relative Mortality,NEPmax,Low,22,-0.12192,63.6,0.142,0.5885,ns
M7vsM8_raw_24m,tertiles,Relative Mortality,WUE,Low,22,-0.01101,54.5,0.08135,0.5885,ns
M7vsM8_raw_24m,tertiles,Relative Mortality,uWUE,Low,22,-0.0024,50,0.1279,0.5885,ns
M7vsM8_raw_24m,tertiles,Relative Disturbance,ETmax,High,22,4e-05,50,0.4355,0.8767,ns
M7vsM8_raw_24m,tertiles,Relative Disturbance,GPPsat,High,22,0.02712,40.9,0.7625,0.9655,ns
M7vsM8_raw_24m,tertiles,Relative Disturbance,NEPmax,High,22,0.02694,50,0.4871,0.8767,ns
M7vsM8_raw_24m,tertiles,Relative Disturbance,WUE,High,22,0.00724,45.5,0.6869,0.9531,ns
M7vsM8_raw_24m,tertiles,Relative Disturbance,uWUE,High,22,-0.01616,68.2,0.1817,0.5885,ns
M7vsM8_raw_24m,tertiles,Relative Disturbance,ETmax,Mid,21,-0.00028,52.4,0.6743,0.9531,ns
M7vsM8_raw_24m,tertiles,Relative Disturbance,GPPsat,Mid,21,0.03832,42.9,0.826,0.9655,ns
M7vsM8_raw_24m,tertiles,Relative Disturbance,NEPmax,Mid,21,-0.08878,61.9,0.2891,0.7652,ns
M7vsM8_raw_24m,tertiles,Relative Disturbance,WUE,Mid,21,-0.00959,66.7,0.08762,0.5885,ns
M7vsM8_raw_24m,tertiles,Relative Disturbance,uWUE,Mid,21,0.01599,33.3,0.9278,0.9655,ns
M7vsM8_raw_24m,tertiles,Relative Disturbance,ETmax,Low,22,0.00092,36.4,0.9629,0.9655,ns
M7vsM8_raw_24m,tertiles,Relative Disturbance,GPPsat,Low,22,-0.06875,63.6,0.07658,0.5885,ns
M7vsM8_raw_24m,tertiles,Relative Disturbance,NEPmax,Low,22,-0.11492,59.1,0.2581,0.7258,ns
M7vsM8_raw_24m,tertiles,Relative Disturbance,WUE,Low,22,0.00223,45.5,0.4101,0.8767,ns
M7vsM8_raw_24m,tertiles,Relative Disturbance,uWUE,Low,22,-0.0024,50,0.1732,0.5885,ns
M7vsM8_raw_24m,equal_width,Absolute Mortality,ETmax,Mid,21,-1e-05,52.4,0.3011,0.669,ns
M7vsM8_raw_24m,equal_width,Absolute Mortality,GPPsat,Mid,21,0.0233,42.9,0.6359,0.94,ns
M7vsM8_raw_24m,equal_width,Absolute Mortality,NEPmax,Mid,21,-0.00155,52.4,0.3772,0.7123,ns
M7vsM8_raw_24m,equal_width,Absolute Mortality,WUE,Mid,21,0.01375,47.6,0.7342,0.94,ns
M7vsM8_raw_24m,equal_width,Absolute Mortality,uWUE,Mid,21,-0.01462,61.9,0.2435,0.669,ns
M7vsM8_raw_24m,equal_width,Absolute Mortality,ETmax,Low,41,0.00076,39,0.9815,0.9827,ns
M7vsM8_raw_24m,equal_width,Absolute Mortality,GPPsat,Low,41,-0.03466,56.1,0.2799,0.669,ns
M7vsM8_raw_24m,equal_width,Absolute Mortality,NEPmax,Low,41,-0.10522,58.5,0.1998,0.669,ns
M7vsM8_raw_24m,equal_width,Absolute Mortality,WUE,Low,41,-0.00959,56.1,0.1044,0.669,ns
M7vsM8_raw_24m,equal_width,Absolute Mortality,uWUE,Low,41,0.0016,43.9,0.5258,0.8764,ns
M7vsM8_raw_24m,equal_width,Absolute Mortality,ETmax,High,3,-0.00088,100,,,""
M7vsM8_raw_24m,equal_width,Absolute Mortality,GPPsat,High,3,0.18318,0,,,""
M7vsM8_raw_24m,equal_width,Absolute Mortality,NEPmax,High,3,-0.123,66.7,,,""
M7vsM8_raw_24m,equal_width,Absolute Mortality,WUE,High,3,0.00072,33.3,,,""
M7vsM8_raw_24m,equal_width,Absolute Mortality,uWUE,High,3,-0.03225,66.7,,,""
M7vsM8_raw_24m,equal_width,Relative Mortality,ETmax,Mid,26,3e-04,42.3,0.799,0.94,ns
M7vsM8_raw_24m,equal_width,Relative Mortality,GPPsat,Mid,26,0.02696,46.2,0.7615,0.94,ns
M7vsM8_raw_24m,equal_width,Relative Mortality,NEPmax,Mid,26,-0.04552,61.5,0.1737,0.669,ns
M7vsM8_raw_24m,equal_width,Relative Mortality,WUE,Mid,26,-0.00644,57.7,0.4096,0.7123,ns
M7vsM8_raw_24m,equal_width,Relative Mortality,uWUE,Mid,26,-0.00022,50,0.5505,0.8808,ns
M7vsM8_raw_24m,equal_width,Relative Mortality,ETmax,Low,32,0.00067,40.6,0.9547,0.9827,ns
M7vsM8_raw_24m,equal_width,Relative Mortality,GPPsat,Low,32,-0.05173,59.4,0.09062,0.669,ns
M7vsM8_raw_24m,equal_width,Relative Mortality,NEPmax,Low,32,-0.11222,56.2,0.2655,0.669,ns
M7vsM8_raw_24m,equal_width,Relative Mortality,WUE,Low,32,-0.00759,53.1,0.1586,0.669,ns
M7vsM8_raw_24m,equal_width,Relative Mortality,uWUE,Low,32,0.00049,46.9,0.3788,0.7123,ns
M7vsM8_raw_24m,equal_width,Relative Mortality,ETmax,High,7,-0.00089,85.7,0.05416,0.669,ns
M7vsM8_raw_24m,equal_width,Relative Mortality,GPPsat,High,7,0.08829,14.3,0.9827,0.9827,ns
M7vsM8_raw_24m,equal_width,Relative Mortality,NEPmax,High,7,0.13272,42.9,0.7229,0.94,ns
M7vsM8_raw_24m,equal_width,Relative Mortality,WUE,High,7,0.01693,28.6,0.7766,0.94,ns
M7vsM8_raw_24m,equal_width,Relative Mortality,uWUE,High,7,-0.01724,71.4,0.1359,0.669,ns
M7vsM8_raw_24m,equal_width,Relative Disturbance,ETmax,Mid,27,-1e-05,51.9,0.6716,0.94,ns
M7vsM8_raw_24m,equal_width,Relative Disturbance,GPPsat,Mid,27,0.03063,44.4,0.8347,0.952,ns
M7vsM8_raw_24m,equal_width,Relative Disturbance,NEPmax,Mid,27,-0.03513,59.3,0.2319,0.669,ns
M7vsM8_raw_24m,equal_width,Relative Disturbance,WUE,Mid,27,-0.01043,59.3,0.2944,0.669,ns
M7vsM8_raw_24m,equal_width,Relative Disturbance,uWUE,Mid,27,0.00181,44.4,0.5996,0.9224,ns
M7vsM8_raw_24m,equal_width,Relative Disturbance,ETmax,High,9,-6e-05,55.6,0.2035,0.669,ns
M7vsM8_raw_24m,equal_width,Relative Disturbance,GPPsat,High,9,0.08829,22.2,0.8568,0.952,ns
M7vsM8_raw_24m,equal_width,Relative Disturbance,NEPmax,High,9,-0.123,55.6,0.3611,0.7123,ns
M7vsM8_raw_24m,equal_width,Relative Disturbance,WUE,High,9,0.01375,33.3,0.7232,0.94,ns
M7vsM8_raw_24m,equal_width,Relative Disturbance,uWUE,High,9,-0.01724,66.7,0.2768,0.669,ns
M7vsM8_raw_24m,equal_width,Relative Disturbance,ETmax,Low,29,0.00126,37.9,0.9619,0.9827,ns
M7vsM8_raw_24m,equal_width,Relative Disturbance,GPPsat,Low,29,-0.06487,62.1,0.06785,0.669,ns
M7vsM8_raw_24m,equal_width,Relative Disturbance,NEPmax,Low,29,-0.10522,55.2,0.3976,0.7123,ns
M7vsM8_raw_24m,equal_width,Relative Disturbance,WUE,Low,29,-0.00559,51.7,0.2513,0.669,ns
M7vsM8_raw_24m,equal_width,Relative Disturbance,uWUE,Low,29,-0.00486,51.7,0.2445,0.669,ns
M7vsM8_raw_24m,natural_breaks,Absolute Mortality,ETmax,High,14,1e-05,50,0.4009,0.8549,ns
M7vsM8_raw_24m,natural_breaks,Absolute Mortality,GPPsat,High,14,0.08666,28.6,0.8571,0.9796,ns
M7vsM8_raw_24m,natural_breaks,Absolute Mortality,NEPmax,High,14,0.08932,42.9,0.7349,0.9697,ns
M7vsM8_raw_24m,natural_breaks,Absolute Mortality,WUE,High,14,0.01534,35.7,0.8708,0.9796,ns
M7vsM8_raw_24m,natural_breaks,Absolute Mortality,uWUE,High,14,-0.02475,71.4,0.1292,0.5821,ns
M7vsM8_raw_24m,natural_breaks,Absolute Mortality,ETmax,Mid,32,0.00061,43.8,0.9153,0.9917,ns
M7vsM8_raw_24m,natural_breaks,Absolute Mortality,GPPsat,Mid,32,0.02696,46.9,0.7973,0.9697,ns
M7vsM8_raw_24m,natural_breaks,Absolute Mortality,NEPmax,Mid,32,-0.07234,59.4,0.2534,0.7127,ns
M7vsM8_raw_24m,natural_breaks,Absolute Mortality,WUE,Mid,32,-0.00759,56.2,0.297,0.717,ns
M7vsM8_raw_24m,natural_breaks,Absolute Mortality,uWUE,Mid,32,0.00808,43.8,0.792,0.9697,ns
M7vsM8_raw_24m,natural_breaks,Absolute Mortality,ETmax,Low,19,0.00019,47.4,0.7837,0.9697,ns
M7vsM8_raw_24m,natural_breaks,Absolute Mortality,GPPsat,Low,19,-0.07264,68.4,0.02548,0.5821,ns
M7vsM8_raw_24m,natural_breaks,Absolute Mortality,NEPmax,Low,19,-0.14558,63.2,0.1431,0.5821,ns
M7vsM8_raw_24m,natural_breaks,Absolute Mortality,WUE,Low,19,-0.02013,57.9,0.06065,0.5821,ns
M7vsM8_raw_24m,natural_breaks,Absolute Mortality,uWUE,Low,19,6e-05,47.4,0.2283,0.7127,ns
M7vsM8_raw_24m,natural_breaks,Relative Mortality,ETmax,High,23,-6e-05,52.2,0.3187,0.717,ns
M7vsM8_raw_24m,natural_breaks,Relative Mortality,GPPsat,High,23,0.03094,39.1,0.8385,0.9796,ns
M7vsM8_raw_24m,natural_breaks,Relative Mortality,NEPmax,High,23,0.05543,47.8,0.4697,0.8549,ns
M7vsM8_raw_24m,natural_breaks,Relative Mortality,WUE,High,23,-0.00068,52.2,0.4939,0.8549,ns
M7vsM8_raw_24m,natural_breaks,Relative Mortality,uWUE,High,23,-0.03122,69.6,0.1401,0.5821,ns
M7vsM8_raw_24m,natural_breaks,Relative Mortality,ETmax,Mid,18,0.00023,50,0.684,0.9697,ns
M7vsM8_raw_24m,natural_breaks,Relative Mortality,GPPsat,Mid,18,0.00611,50,0.6198,0.9697,ns
M7vsM8_raw_24m,natural_breaks,Relative Mortality,NEPmax,Mid,18,-0.07234,61.1,0.448,0.8549,ns
M7vsM8_raw_24m,natural_breaks,Relative Mortality,WUE,Mid,18,-0.00031,50,0.5174,0.8623,ns
M7vsM8_raw_24m,natural_breaks,Relative Mortality,uWUE,Mid,18,0.02284,27.8,0.9917,0.9917,ns
M7vsM8_raw_24m,natural_breaks,Relative Mortality,ETmax,Low,24,0.00092,37.5,0.9713,0.9917,ns
M7vsM8_raw_24m,natural_breaks,Relative Mortality,GPPsat,Low,24,-0.05173,58.3,0.142,0.5821,ns
M7vsM8_raw_24m,natural_breaks,Relative Mortality,NEPmax,Low,24,-0.12192,62.5,0.1552,0.5821,ns
M7vsM8_raw_24m,natural_breaks,Relative Mortality,WUE,Low,24,-0.01101,54.2,0.1123,0.5821,ns
M7vsM8_raw_24m,natural_breaks,Relative Mortality,uWUE,Low,24,-0.0024,50,0.1552,0.5821,ns
M7vsM8_raw_24m,natural_breaks,Relative Disturbance,ETmax,High,22,4e-05,50,0.4355,0.8549,ns
M7vsM8_raw_24m,natural_breaks,Relative Disturbance,GPPsat,High,22,0.02712,40.9,0.7625,0.9697,ns
M7vsM8_raw_24m,natural_breaks,Relative Disturbance,NEPmax,High,22,0.02694,50,0.4871,0.8549,ns
M7vsM8_raw_24m,natural_breaks,Relative Disturbance,WUE,High,22,0.00724,45.5,0.6869,0.9697,ns
M7vsM8_raw_24m,natural_breaks,Relative Disturbance,uWUE,High,22,-0.01616,68.2,0.1817,0.6288,ns
M7vsM8_raw_24m,natural_breaks,Relative Disturbance,ETmax,Mid,20,9e-05,50,0.7432,0.9697,ns
M7vsM8_raw_24m,natural_breaks,Relative Disturbance,GPPsat,Mid,20,0.03447,45,0.7432,0.9697,ns
M7vsM8_raw_24m,natural_breaks,Relative Disturbance,NEPmax,Mid,20,-0.104,65,0.2449,0.7127,ns
M7vsM8_raw_24m,natural_breaks,Relative Disturbance,WUE,Mid,20,-0.00759,65,0.1437,0.5821,ns
M7vsM8_raw_24m,natural_breaks,Relative Disturbance,uWUE,Mid,20,0.02284,30,0.9587,0.9917,ns
M7vsM8_raw_24m,natural_breaks,Relative Disturbance,ETmax,Low,23,0.00058,39.1,0.9448,0.9917,ns
M7vsM8_raw_24m,natural_breaks,Relative Disturbance,GPPsat,Low,23,-0.06487,60.9,0.1335,0.5821,ns
M7vsM8_raw_24m,natural_breaks,Relative Disturbance,NEPmax,Low,23,-0.10522,56.5,0.3079,0.717,ns
M7vsM8_raw_24m,natural_breaks,Relative Disturbance,WUE,Low,23,0.00197,47.8,0.3079,0.717,ns
M7vsM8_raw_24m,natural_breaks,Relative Disturbance,uWUE,Low,23,-0.00486,52.2,0.1208,0.5821,ns
M7vsM8_anom_12m,tertiles,Absolute Mortality,ETmax,High,22,9e-05,50,0.6516,0.7787,ns
M7vsM8_anom_12m,tertiles,Absolute Mortality,GPPsat,High,22,0.0047,50,0.3017,0.6709,ns
M7vsM8_anom_12m,tertiles,Absolute Mortality,NEPmax,High,22,-0.45733,63.6,0.1027,0.5136,ns
M7vsM8_anom_12m,tertiles,Absolute Mortality,WUE,High,22,0.02087,40.9,0.6635,0.7787,ns
M7vsM8_anom_12m,tertiles,Absolute Mortality,uWUE,High,22,-0.01391,54.5,0.4228,0.7046,ns
M7vsM8_anom_12m,tertiles,Absolute Mortality,ETmax,Mid,21,-0.00089,57.1,0.569,0.7787,ns
M7vsM8_anom_12m,tertiles,Absolute Mortality,GPPsat,Mid,21,-0.22359,57.1,0.3383,0.6709,ns
M7vsM8_anom_12m,tertiles,Absolute Mortality,NEPmax,Mid,21,-0.50869,66.7,0.2658,0.6709,ns
M7vsM8_anom_12m,tertiles,Absolute Mortality,WUE,Mid,21,-0.00872,61.9,0.4174,0.7046,ns
M7vsM8_anom_12m,tertiles,Absolute Mortality,uWUE,Mid,21,0.00621,47.6,0.6095,0.7787,ns
M7vsM8_anom_12m,tertiles,Absolute Mortality,ETmax,Low,22,0.00074,40.9,0.7821,0.7998,ns
M7vsM8_anom_12m,tertiles,Absolute Mortality,GPPsat,Low,22,-0.20811,59.1,0.09158,0.5136,ns
M7vsM8_anom_12m,tertiles,Absolute Mortality,NEPmax,Low,22,-0.61488,68.2,0.03212,0.3666,ns
M7vsM8_anom_12m,tertiles,Absolute Mortality,WUE,Low,22,-0.02095,59.1,0.3605,0.6709,ns
M7vsM8_anom_12m,tertiles,Absolute Mortality,uWUE,Low,22,-0.02437,54.5,0.09158,0.5136,ns
M7vsM8_anom_12m,tertiles,Relative Mortality,ETmax,High,22,-0.00161,63.6,0.3727,0.6709,ns
M7vsM8_anom_12m,tertiles,Relative Mortality,GPPsat,High,22,-0.12079,50,0.2276,0.6709,ns
M7vsM8_anom_12m,tertiles,Relative Mortality,NEPmax,High,22,-0.54448,68.2,0.04889,0.3666,ns
M7vsM8_anom_12m,tertiles,Relative Mortality,WUE,High,22,0.02087,45.5,0.7625,0.7979,ns
M7vsM8_anom_12m,tertiles,Relative Mortality,uWUE,High,22,-0.02549,59.1,0.3131,0.6709,ns
M7vsM8_anom_12m,tertiles,Relative Mortality,ETmax,Mid,21,0.00052,42.9,0.7455,0.7979,ns
M7vsM8_anom_12m,tertiles,Relative Mortality,GPPsat,Mid,21,-0.11372,57.1,0.4861,0.7558,ns
M7vsM8_anom_12m,tertiles,Relative Mortality,NEPmax,Mid,21,-0.11152,52.4,0.5826,0.7787,ns
M7vsM8_anom_12m,tertiles,Relative Mortality,WUE,Mid,21,-0.01868,61.9,0.133,0.5442,ns
M7vsM8_anom_12m,tertiles,Relative Mortality,uWUE,Mid,21,0.00621,47.6,0.6989,0.7787,ns
M7vsM8_anom_12m,tertiles,Relative Mortality,ETmax,Low,22,0.00074,40.9,0.835,0.835,ns
M7vsM8_anom_12m,tertiles,Relative Mortality,GPPsat,Low,22,-0.37405,59.1,0.04569,0.3666,ns
M7vsM8_anom_12m,tertiles,Relative Mortality,NEPmax,Low,22,-0.94762,77.3,0.01254,0.3666,ns
M7vsM8_anom_12m,tertiles,Relative Mortality,WUE,Low,22,-0.01451,54.5,0.5899,0.7787,ns
M7vsM8_anom_12m,tertiles,Relative Mortality,uWUE,Low,22,-0.01034,50,0.165,0.5593,ns
M7vsM8_anom_12m,tertiles,Relative Disturbance,ETmax,High,22,-0.00143,59.1,0.4871,0.7558,ns
M7vsM8_anom_12m,tertiles,Relative Disturbance,GPPsat,High,22,0.03373,45.5,0.3605,0.6709,ns
M7vsM8_anom_12m,tertiles,Relative Disturbance,NEPmax,High,22,-0.3637,63.6,0.1212,0.5442,ns
M7vsM8_anom_12m,tertiles,Relative Disturbance,WUE,High,22,0.02087,45.5,0.6983,0.7787,ns
M7vsM8_anom_12m,tertiles,Relative Disturbance,uWUE,High,22,-0.02549,59.1,0.3247,0.6709,ns
M7vsM8_anom_12m,tertiles,Relative Disturbance,ETmax,Mid,21,0.00074,42.9,0.6489,0.7787,ns
M7vsM8_anom_12m,tertiles,Relative Disturbance,GPPsat,Mid,21,-0.11372,57.1,0.3257,0.6709,ns
M7vsM8_anom_12m,tertiles,Relative Disturbance,NEPmax,Mid,21,-0.50869,61.9,0.2773,0.6709,ns
M7vsM8_anom_12m,tertiles,Relative Disturbance,WUE,Mid,21,-0.01868,61.9,0.174,0.5593,ns
M7vsM8_anom_12m,tertiles,Relative Disturbance,uWUE,Mid,21,0.02226,42.9,0.6617,0.7787,ns
M7vsM8_anom_12m,tertiles,Relative Disturbance,ETmax,Low,22,0.00044,45.5,0.7095,0.7787,ns
M7vsM8_anom_12m,tertiles,Relative Disturbance,GPPsat,Low,22,-0.30863,63.6,0.04889,0.3666,ns
M7vsM8_anom_12m,tertiles,Relative Disturbance,NEPmax,Low,22,-0.7762,72.7,0.02772,0.3666,ns
M7vsM8_anom_12m,tertiles,Relative Disturbance,WUE,Low,22,-0.01451,54.5,0.6273,0.7787,ns
M7vsM8_anom_12m,tertiles,Relative Disturbance,uWUE,Low,22,-0.02437,54.5,0.1732,0.5593,ns
M7vsM8_anom_12m,equal_width,Absolute Mortality,ETmax,Mid,21,-0.00151,61.9,0.2435,0.5838,ns
M7vsM8_anom_12m,equal_width,Absolute Mortality,GPPsat,Mid,21,-0.26766,61.9,0.07707,0.3853,ns
M7vsM8_anom_12m,equal_width,Absolute Mortality,NEPmax,Mid,21,-0.68301,71.4,0.03273,0.3464,ns
M7vsM8_anom_12m,equal_width,Absolute Mortality,WUE,Mid,21,0.0193,47.6,0.3641,0.6068,ns
M7vsM8_anom_12m,equal_width,Absolute Mortality,uWUE,Mid,21,-0.04137,66.7,0.09329,0.4146,ns
M7vsM8_anom_12m,equal_width,Absolute Mortality,ETmax,Low,41,0.00043,46.3,0.762,0.8997,ns
M7vsM8_anom_12m,equal_width,Absolute Mortality,GPPsat,Low,41,-0.165,56.1,0.1382,0.4402,ns
M7vsM8_anom_12m,equal_width,Absolute Mortality,NEPmax,Low,41,-0.50869,65.9,0.05405,0.3464,ns
M7vsM8_anom_12m,equal_width,Absolute Mortality,WUE,Low,41,-0.00935,58.5,0.4897,0.7254,ns
M7vsM8_anom_12m,equal_width,Absolute Mortality,uWUE,Low,41,0.00018,48.8,0.4128,0.6351,ns
M7vsM8_anom_12m,equal_width,Absolute Mortality,ETmax,High,3,0.01024,0,,,""
M7vsM8_anom_12m,equal_width,Absolute Mortality,GPPsat,High,3,0.27541,0,,,""
M7vsM8_anom_12m,equal_width,Absolute Mortality,NEPmax,High,3,0.35672,33.3,,,""
M7vsM8_anom_12m,equal_width,Absolute Mortality,WUE,High,3,0.08773,33.3,,,""
M7vsM8_anom_12m,equal_width,Absolute Mortality,uWUE,High,3,0.04787,0,,,""
M7vsM8_anom_12m,equal_width,Relative Mortality,ETmax,Mid,26,-0.00089,57.7,0.2545,0.5838,ns
M7vsM8_anom_12m,equal_width,Relative Mortality,GPPsat,Mid,26,-0.22211,57.7,0.1431,0.4402,ns
M7vsM8_anom_12m,equal_width,Relative Mortality,NEPmax,Mid,26,-0.66851,69.2,0.03567,0.3464,ns
M7vsM8_anom_12m,equal_width,Relative Mortality,WUE,Mid,26,-0.00842,57.7,0.2627,0.5838,ns
M7vsM8_anom_12m,equal_width,Relative Mortality,uWUE,Mid,26,-0.03473,61.5,0.1265,0.4402,ns
M7vsM8_anom_12m,equal_width,Relative Mortality,ETmax,Low,32,0.00074,43.8,0.8322,0.8997,ns
M7vsM8_anom_12m,equal_width,Relative Mortality,GPPsat,Low,32,-0.23832,62.5,0.04711,0.3464,ns
M7vsM8_anom_12m,equal_width,Relative Mortality,NEPmax,Low,32,-0.74579,68.8,0.04354,0.3464,ns
M7vsM8_anom_12m,equal_width,Relative Mortality,WUE,Low,32,-0.01918,56.2,0.5778,0.7915,ns
M7vsM8_anom_12m,equal_width,Relative Mortality,uWUE,Low,32,-0.00991,50,0.3167,0.597,ns
M7vsM8_anom_12m,equal_width,Relative Mortality,ETmax,High,7,0.00032,42.9,0.8237,0.8997,ns
M7vsM8_anom_12m,equal_width,Relative Mortality,GPPsat,High,7,0.27541,14.3,0.9458,0.9458,ns
M7vsM8_anom_12m,equal_width,Relative Mortality,NEPmax,High,7,0.35672,42.9,0.7766,0.8997,ns
M7vsM8_anom_12m,equal_width,Relative Mortality,WUE,High,7,0.04632,28.6,0.8237,0.8997,ns
M7vsM8_anom_12m,equal_width,Relative Mortality,uWUE,High,7,0.02944,28.6,0.9246,0.9458,ns
M7vsM8_anom_12m,equal_width,Relative Disturbance,ETmax,Mid,27,-0.00134,55.6,0.3284,0.597,ns
M7vsM8_anom_12m,equal_width,Relative Disturbance,GPPsat,Mid,27,-0.1909,55.6,0.3284,0.597,ns
M7vsM8_anom_12m,equal_width,Relative Disturbance,NEPmax,Mid,27,-0.654,66.7,0.06062,0.3464,ns
M7vsM8_anom_12m,equal_width,Relative Disturbance,WUE,Mid,27,-0.00824,55.6,0.2862,0.597,ns
M7vsM8_anom_12m,equal_width,Relative Disturbance,uWUE,Mid,27,-0.00494,55.6,0.382,0.6112,ns
M7vsM8_anom_12m,equal_width,Relative Disturbance,ETmax,High,9,-0.00151,66.7,0.3611,0.6068,ns
M7vsM8_anom_12m,equal_width,Relative Disturbance,GPPsat,High,9,0.07539,33.3,0.5936,0.7915,ns
M7vsM8_anom_12m,equal_width,Relative Disturbance,NEPmax,High,9,-0.26066,66.7,0.2386,0.5838,ns
M7vsM8_anom_12m,equal_width,Relative Disturbance,WUE,High,9,0.02208,44.4,0.5472,0.7816,ns
M7vsM8_anom_12m,equal_width,Relative Disturbance,uWUE,High,9,0.01741,44.4,0.6822,0.8528,ns
M7vsM8_anom_12m,equal_width,Relative Disturbance,ETmax,Low,29,0.00124,37.9,0.9428,0.9458,ns
M7vsM8_anom_12m,equal_width,Relative Disturbance,GPPsat,Low,29,-0.25304,62.1,0.05015,0.3464,ns
M7vsM8_anom_12m,equal_width,Relative Disturbance,NEPmax,Low,29,-0.32922,65.5,0.1089,0.4355,ns
M7vsM8_anom_12m,equal_width,Relative Disturbance,WUE,Low,29,-0.01868,55.2,0.6594,0.8508,ns
M7vsM8_anom_12m,equal_width,Relative Disturbance,uWUE,Low,29,-0.02087,51.7,0.1995,0.5701,ns
M7vsM8_anom_12m,natural_breaks,Absolute Mortality,ETmax,High,14,-0.00082,57.1,0.5747,0.7528,ns
M7vsM8_anom_12m,natural_breaks,Absolute Mortality,GPPsat,High,14,0.03373,42.9,0.3302,0.6191,ns
M7vsM8_anom_12m,natural_breaks,Absolute Mortality,NEPmax,High,14,-0.84696,71.4,0.07439,0.5579,ns
M7vsM8_anom_12m,natural_breaks,Absolute Mortality,WUE,High,14,0.03838,35.7,0.8103,0.848,ns
M7vsM8_anom_12m,natural_breaks,Absolute Mortality,uWUE,High,14,-0.00274,50,0.525,0.7528,ns
M7vsM8_anom_12m,natural_breaks,Absolute Mortality,ETmax,Mid,32,-0.00016,50,0.4888,0.7528,ns
M7vsM8_anom_12m,natural_breaks,Absolute Mortality,GPPsat,Mid,32,-0.20725,62.5,0.1773,0.5638,ns
M7vsM8_anom_12m,natural_breaks,Absolute Mortality,NEPmax,Mid,32,-0.58028,65.6,0.1034,0.5638,ns
M7vsM8_anom_12m,natural_breaks,Absolute Mortality,WUE,Mid,32,-0.00842,56.2,0.4076,0.7055,ns
M7vsM8_anom_12m,natural_breaks,Absolute Mortality,uWUE,Mid,32,-0.00302,53.1,0.4442,0.7404,ns
M7vsM8_anom_12m,natural_breaks,Absolute Mortality,ETmax,Low,19,0.00074,42.1,0.8476,0.8669,ns
M7vsM8_anom_12m,natural_breaks,Absolute Mortality,GPPsat,Low,19,-0.11372,52.6,0.2283,0.57,ns
M7vsM8_anom_12m,natural_breaks,Absolute Mortality,NEPmax,Low,19,-0.17168,63.2,0.1098,0.5638,ns
M7vsM8_anom_12m,natural_breaks,Absolute Mortality,WUE,Low,19,-0.02223,63.2,0.2533,0.57,ns
M7vsM8_anom_12m,natural_breaks,Absolute Mortality,uWUE,Low,19,-0.02087,52.6,0.1431,0.5638,ns
M7vsM8_anom_12m,natural_breaks,Relative Mortality,ETmax,High,23,-0.00171,65.2,0.2973,0.6081,ns
M7vsM8_anom_12m,natural_breaks,Relative Mortality,GPPsat,High,23,-0.25331,52.2,0.1768,0.5638,ns
M7vsM8_anom_12m,natural_breaks,Relative Mortality,NEPmax,High,23,-0.654,69.6,0.03288,0.5142,ns
M7vsM8_anom_12m,natural_breaks,Relative Mortality,WUE,High,23,0.01965,47.8,0.6481,0.7528,ns
M7vsM8_anom_12m,natural_breaks,Relative Mortality,uWUE,High,23,-0.02809,60.9,0.2469,0.57,ns
M7vsM8_anom_12m,natural_breaks,Relative Mortality,ETmax,Mid,18,0.00207,33.3,0.9307,0.9307,ns
M7vsM8_anom_12m,natural_breaks,Relative Mortality,GPPsat,Mid,18,0.0037,50,0.6525,0.7528,ns
M7vsM8_anom_12m,natural_breaks,Relative Mortality,NEPmax,Mid,18,-0.13453,55.6,0.5347,0.7528,ns
M7vsM8_anom_12m,natural_breaks,Relative Mortality,WUE,Mid,18,-0.0137,61.1,0.1802,0.5638,ns
M7vsM8_anom_12m,natural_breaks,Relative Mortality,uWUE,Mid,18,0.01669,44.4,0.7432,0.7965,ns
M7vsM8_anom_12m,natural_breaks,Relative Mortality,ETmax,Low,24,0.00043,45.8,0.6179,0.7528,ns
M7vsM8_anom_12m,natural_breaks,Relative Mortality,GPPsat,Low,24,-0.30863,62.5,0.03707,0.5142,ns
M7vsM8_anom_12m,natural_breaks,Relative Mortality,NEPmax,Low,24,-0.87012,70.8,0.03267,0.5142,ns
M7vsM8_anom_12m,natural_breaks,Relative Mortality,WUE,Low,24,-0.01451,54.2,0.6501,0.7528,ns
M7vsM8_anom_12m,natural_breaks,Relative Mortality,uWUE,Low,24,-0.01034,50,0.2245,0.57,ns
M7vsM8_anom_12m,natural_breaks,Relative Disturbance,ETmax,High,22,-0.00143,59.1,0.4871,0.7528,ns
M7vsM8_anom_12m,natural_breaks,Relative Disturbance,GPPsat,High,22,0.03373,45.5,0.3605,0.6489,ns
M7vsM8_anom_12m,natural_breaks,Relative Disturbance,NEPmax,High,22,-0.3637,63.6,0.1212,0.5638,ns
M7vsM8_anom_12m,natural_breaks,Relative Disturbance,WUE,High,22,0.02087,45.5,0.6983,0.7856,ns
M7vsM8_anom_12m,natural_breaks,Relative Disturbance,uWUE,High,22,-0.02549,59.1,0.3247,0.6191,ns
M7vsM8_anom_12m,natural_breaks,Relative Disturbance,ETmax,Mid,20,0.00109,45,0.6245,0.7528,ns
M7vsM8_anom_12m,natural_breaks,Relative Disturbance,GPPsat,Mid,20,-0.15231,60,0.2814,0.603,ns
M7vsM8_anom_12m,natural_breaks,Relative Disturbance,NEPmax,Mid,20,-0.58134,65,0.2005,0.5638,ns
M7vsM8_anom_12m,natural_breaks,Relative Disturbance,WUE,Mid,20,-0.0137,60,0.2005,0.5638,ns
M7vsM8_anom_12m,natural_breaks,Relative Disturbance,uWUE,Mid,20,0.01639,45,0.6245,0.7528,ns
M7vsM8_anom_12m,natural_breaks,Relative Disturbance,ETmax,Low,23,0.00074,43.5,0.7434,0.7965,ns
M7vsM8_anom_12m,natural_breaks,Relative Disturbance,GPPsat,Low,23,-0.25304,60.9,0.06227,0.5579,ns
M7vsM8_anom_12m,natural_breaks,Relative Disturbance,NEPmax,Low,23,-0.65187,69.6,0.0457,0.5142,ns
M7vsM8_anom_12m,natural_breaks,Relative Disturbance,WUE,Low,23,-0.01968,56.5,0.5902,0.7528,ns
M7vsM8_anom_12m,natural_breaks,Relative Disturbance,uWUE,Low,23,-0.02087,52.2,0.193,0.5638,ns
M7vsM8_anom_24m,tertiles,Absolute Mortality,ETmax,High,22,0.00012,50,0.6395,0.7925,ns
M7vsM8_anom_24m,tertiles,Absolute Mortality,GPPsat,High,22,-0.20147,59.1,0.09704,0.7534,ns
M7vsM8_anom_24m,tertiles,Absolute Mortality,NEPmax,High,22,-0.01032,50,0.2581,0.7534,ns
M7vsM8_anom_24m,tertiles,Absolute Mortality,WUE,High,22,0.00716,45.5,0.5259,0.7821,ns
M7vsM8_anom_24m,tertiles,Absolute Mortality,uWUE,High,22,0.0154,45.5,0.6516,0.7925,ns
M7vsM8_anom_24m,tertiles,Absolute Mortality,ETmax,Mid,21,0.00055,38.1,0.9325,0.9537,ns
M7vsM8_anom_24m,tertiles,Absolute Mortality,GPPsat,Mid,21,0.11615,47.6,0.5,0.7821,ns
M7vsM8_anom_24m,tertiles,Absolute Mortality,NEPmax,Mid,21,0.22928,42.9,0.6095,0.7925,ns
M7vsM8_anom_24m,tertiles,Absolute Mortality,WUE,Mid,21,-0.03034,61.9,0.3641,0.7534,ns
M7vsM8_anom_24m,tertiles,Absolute Mortality,uWUE,Mid,21,-0.04468,61.9,0.3772,0.7534,ns
M7vsM8_anom_24m,tertiles,Absolute Mortality,ETmax,Low,22,0.00094,31.8,0.8788,0.9515,ns
M7vsM8_anom_24m,tertiles,Absolute Mortality,GPPsat,Low,22,0.12518,45.5,0.5388,0.7821,ns
M7vsM8_anom_24m,tertiles,Absolute Mortality,NEPmax,Low,22,-0.49363,68.2,0.02772,0.4157,ns
M7vsM8_anom_24m,tertiles,Absolute Mortality,WUE,Low,22,-0.01497,54.5,0.2085,0.7534,ns
M7vsM8_anom_24m,tertiles,Absolute Mortality,uWUE,Low,22,-0.00859,54.5,0.2581,0.7534,ns
M7vsM8_anom_24m,tertiles,Relative Mortality,ETmax,High,22,-0.00087,54.5,0.3851,0.7534,ns
M7vsM8_anom_24m,tertiles,Relative Mortality,GPPsat,High,22,-0.18236,54.5,0.1732,0.7534,ns
M7vsM8_anom_24m,tertiles,Relative Mortality,NEPmax,High,22,0.03852,45.5,0.3365,0.7534,ns
M7vsM8_anom_24m,tertiles,Relative Mortality,WUE,High,22,-0.01486,54.5,0.2581,0.7534,ns
M7vsM8_anom_24m,tertiles,Relative Mortality,uWUE,High,22,-0.03417,59.1,0.3484,0.7534,ns
M7vsM8_anom_24m,tertiles,Relative Mortality,ETmax,Mid,21,0.00278,28.6,0.9881,0.9881,ns
M7vsM8_anom_24m,tertiles,Relative Mortality,GPPsat,Mid,21,0.11615,42.9,0.5961,0.7925,ns
M7vsM8_anom_24m,tertiles,Relative Mortality,NEPmax,Mid,21,0.35285,38.1,0.7778,0.8798,ns
M7vsM8_anom_24m,tertiles,Relative Mortality,WUE,Mid,21,-0.00378,52.4,0.4585,0.7821,ns
M7vsM8_anom_24m,tertiles,Relative Mortality,uWUE,Mid,21,0.00588,47.6,0.7455,0.8798,ns
M7vsM8_anom_24m,tertiles,Relative Mortality,ETmax,Low,22,4e-04,36.4,0.7821,0.8798,ns
M7vsM8_anom_24m,tertiles,Relative Mortality,GPPsat,Low,22,-0.12502,54.5,0.2375,0.7534,ns
M7vsM8_anom_24m,tertiles,Relative Mortality,NEPmax,Low,22,-0.53759,77.3,0.002368,0.1065,ns
M7vsM8_anom_24m,tertiles,Relative Mortality,WUE,Low,22,-0.01497,54.5,0.3851,0.7534,ns
M7vsM8_anom_24m,tertiles,Relative Mortality,uWUE,Low,22,-0.00859,54.5,0.2375,0.7534,ns
M7vsM8_anom_24m,tertiles,Relative Disturbance,ETmax,High,22,-0.00018,50,0.5259,0.7821,ns
M7vsM8_anom_24m,tertiles,Relative Disturbance,GPPsat,High,22,-0.07741,54.5,0.2276,0.7534,ns
M7vsM8_anom_24m,tertiles,Relative Disturbance,NEPmax,High,22,0.03852,45.5,0.3365,0.7534,ns
M7vsM8_anom_24m,tertiles,Relative Disturbance,WUE,High,22,-0.01486,54.5,0.2687,0.7534,ns
M7vsM8_anom_24m,tertiles,Relative Disturbance,uWUE,High,22,-0.01278,54.5,0.4612,0.7821,ns
M7vsM8_anom_24m,tertiles,Relative Disturbance,ETmax,Mid,21,0.00181,38.1,0.8881,0.9515,ns
M7vsM8_anom_24m,tertiles,Relative Disturbance,GPPsat,Mid,21,0.05086,47.6,0.4447,0.7821,ns
M7vsM8_anom_24m,tertiles,Relative Disturbance,NEPmax,Mid,21,0.21424,42.9,0.6489,0.7925,ns
M7vsM8_anom_24m,tertiles,Relative Disturbance,WUE,Mid,21,-0.01321,57.1,0.2545,0.7534,ns
M7vsM8_anom_24m,tertiles,Relative Disturbance,uWUE,Mid,21,0.00588,47.6,0.5139,0.7821,ns
M7vsM8_anom_24m,tertiles,Relative Disturbance,ETmax,Low,22,0.00094,31.8,0.9136,0.9537,ns
M7vsM8_anom_24m,tertiles,Relative Disturbance,GPPsat,Low,22,0.00337,50,0.3365,0.7534,ns
M7vsM8_anom_24m,tertiles,Relative Disturbance,NEPmax,Low,22,-0.53759,72.7,0.01607,0.3615,ns
M7vsM8_anom_24m,tertiles,Relative Disturbance,WUE,Low,22,0.00969,50,0.5899,0.7925,ns
M7vsM8_anom_24m,tertiles,Relative Disturbance,uWUE,Low,22,-0.01526,59.1,0.2905,0.7534,ns
M7vsM8_anom_24m,equal_width,Absolute Mortality,ETmax,Mid,21,-0.00011,52.4,0.4585,0.6792,ns
M7vsM8_anom_24m,equal_width,Absolute Mortality,GPPsat,Mid,21,-0.30642,61.9,0.05117,0.6383,ns
M7vsM8_anom_24m,equal_width,Absolute Mortality,NEPmax,Mid,21,-0.25449,57.1,0.1257,0.6383,ns
M7vsM8_anom_24m,equal_width,Absolute Mortality,WUE,Mid,21,0.00043,47.6,0.3772,0.6383,ns
M7vsM8_anom_24m,equal_width,Absolute Mortality,uWUE,Mid,21,-0.00285,52.4,0.2658,0.6383,ns
M7vsM8_anom_24m,equal_width,Absolute Mortality,ETmax,Low,41,0.00055,34.1,0.9699,0.98,ns
M7vsM8_anom_24m,equal_width,Absolute Mortality,GPPsat,Low,41,0.09009,48.8,0.4948,0.6897,ns
M7vsM8_anom_24m,equal_width,Absolute Mortality,NEPmax,Low,41,-0.27696,56.1,0.1721,0.6383,ns
M7vsM8_anom_24m,equal_width,Absolute Mortality,WUE,Low,41,-0.01321,56.1,0.3251,0.6383,ns
M7vsM8_anom_24m,equal_width,Absolute Mortality,uWUE,Low,41,-0.01338,56.1,0.3392,0.6383,ns
M7vsM8_anom_24m,equal_width,Absolute Mortality,ETmax,High,3,0.00312,33.3,,,""
M7vsM8_anom_24m,equal_width,Absolute Mortality,GPPsat,High,3,0.14163,0,,,""
M7vsM8_anom_24m,equal_width,Absolute Mortality,NEPmax,High,3,0.45338,0,,,""
M7vsM8_anom_24m,equal_width,Absolute Mortality,WUE,High,3,-0.04178,66.7,,,""
M7vsM8_anom_24m,equal_width,Absolute Mortality,uWUE,High,3,0.1117,33.3,,,""
M7vsM8_anom_24m,equal_width,Relative Mortality,ETmax,Mid,26,0.00041,46.2,0.7118,0.9037,ns
M7vsM8_anom_24m,equal_width,Relative Mortality,GPPsat,Mid,26,-0.00372,50,0.3057,0.6383,ns
M7vsM8_anom_24m,equal_width,Relative Mortality,NEPmax,Mid,26,0.04427,50,0.2082,0.6383,ns
M7vsM8_anom_24m,equal_width,Relative Mortality,WUE,Mid,26,-0.01945,61.5,0.1213,0.6383,ns
M7vsM8_anom_24m,equal_width,Relative Mortality,uWUE,Mid,26,-0.04855,57.7,0.1548,0.6383,ns
M7vsM8_anom_24m,equal_width,Relative Mortality,ETmax,Low,32,0.00094,31.2,0.9547,0.98,ns
M7vsM8_anom_24m,equal_width,Relative Mortality,GPPsat,Low,32,-0.05599,53.1,0.3035,0.6383,ns
M7vsM8_anom_24m,equal_width,Relative Mortality,NEPmax,Low,32,-0.463,65.6,0.05289,0.6383,ns
M7vsM8_anom_24m,equal_width,Relative Mortality,WUE,Low,32,-0.00813,53.1,0.4149,0.6383,ns
M7vsM8_anom_24m,equal_width,Relative Mortality,uWUE,Low,32,-0.013,56.2,0.3931,0.6383,ns
M7vsM8_anom_24m,equal_width,Relative Mortality,ETmax,High,7,-0.00071,57.1,0.7229,0.9037,ns
M7vsM8_anom_24m,equal_width,Relative Mortality,GPPsat,High,7,0.02421,42.9,0.5337,0.7116,ns
M7vsM8_anom_24m,equal_width,Relative Mortality,NEPmax,High,7,0.45338,14.3,0.9246,0.98,ns
M7vsM8_anom_24m,equal_width,Relative Mortality,WUE,High,7,0.02525,28.6,0.7766,0.9103,ns
M7vsM8_anom_24m,equal_width,Relative Mortality,uWUE,High,7,0.03712,28.6,0.9458,0.98,ns
M7vsM8_anom_24m,equal_width,Relative Disturbance,ETmax,Mid,27,0.00035,44.4,0.7456,0.9037,ns
M7vsM8_anom_24m,equal_width,Relative Disturbance,GPPsat,Mid,27,-0.0583,51.9,0.3197,0.6383,ns
M7vsM8_anom_24m,equal_width,Relative Disturbance,NEPmax,Mid,27,0.06756,48.1,0.2701,0.6383,ns
M7vsM8_anom_24m,equal_width,Relative Disturbance,WUE,Mid,27,-0.00599,55.6,0.2701,0.6383,ns
M7vsM8_anom_24m,equal_width,Relative Disturbance,uWUE,Mid,27,-0.01262,55.6,0.3112,0.6383,ns
M7vsM8_anom_24m,equal_width,Relative Disturbance,ETmax,High,9,-0.0011,66.7,0.3178,0.6383,ns
M7vsM8_anom_24m,equal_width,Relative Disturbance,GPPsat,High,9,0.02421,44.4,0.4064,0.6383,ns
M7vsM8_anom_24m,equal_width,Relative Disturbance,NEPmax,High,9,0.00948,44.4,0.3611,0.6383,ns
M7vsM8_anom_24m,equal_width,Relative Disturbance,WUE,High,9,0.00043,44.4,0.5,0.6897,ns
M7vsM8_anom_24m,equal_width,Relative Disturbance,uWUE,High,9,0.03572,33.3,0.7965,0.9103,ns
M7vsM8_anom_24m,equal_width,Relative Disturbance,ETmax,Low,29,0.00164,27.6,0.98,0.98,ns
M7vsM8_anom_24m,equal_width,Relative Disturbance,GPPsat,Low,29,-0.02863,51.7,0.3171,0.6383,ns
M7vsM8_anom_24m,equal_width,Relative Disturbance,NEPmax,Low,29,-0.39742,62.1,0.1351,0.6383,ns
M7vsM8_anom_24m,equal_width,Relative Disturbance,WUE,Low,29,-0.01321,55.2,0.3647,0.6383,ns
M7vsM8_anom_24m,equal_width,Relative Disturbance,uWUE,Low,29,-0.01713,58.6,0.3095,0.6383,ns
M7vsM8_anom_24m,natural_breaks,Absolute Mortality,ETmax,High,14,-0.00091,57.1,0.475,0.7097,ns
M7vsM8_anom_24m,natural_breaks,Absolute Mortality,GPPsat,High,14,-0.41731,64.3,0.07439,0.7097,ns
M7vsM8_anom_24m,natural_breaks,Absolute Mortality,NEPmax,High,14,-0.01032,50,0.3078,0.7097,ns
M7vsM8_anom_24m,natural_breaks,Absolute Mortality,WUE,High,14,-0.00492,50,0.3532,0.7097,ns
M7vsM8_anom_24m,natural_breaks,Absolute Mortality,uWUE,High,14,0.01463,50,0.525,0.7097,ns
M7vsM8_anom_24m,natural_breaks,Absolute Mortality,ETmax,Mid,32,0.00051,37.5,0.9529,0.9745,ns
M7vsM8_anom_24m,natural_breaks,Absolute Mortality,GPPsat,Mid,32,-0.06258,53.1,0.2534,0.7097,ns
M7vsM8_anom_24m,natural_breaks,Absolute Mortality,NEPmax,Mid,32,0.01267,50,0.3302,0.7097,ns
M7vsM8_anom_24m,natural_breaks,Absolute Mortality,WUE,Mid,32,-0.00488,53.1,0.5335,0.7097,ns
M7vsM8_anom_24m,natural_breaks,Absolute Mortality,uWUE,Mid,32,-0.02609,56.2,0.4814,0.7097,ns
M7vsM8_anom_24m,natural_breaks,Absolute Mortality,ETmax,Low,19,0.00144,31.6,0.8278,0.9313,ns
M7vsM8_anom_24m,natural_breaks,Absolute Mortality,GPPsat,Low,19,0.18059,36.8,0.8824,0.9454,ns
M7vsM8_anom_24m,natural_breaks,Absolute Mortality,NEPmax,Low,19,-0.39742,63.2,0.08881,0.7097,ns
M7vsM8_anom_24m,natural_breaks,Absolute Mortality,WUE,Low,19,-0.02689,57.9,0.08251,0.7097,ns
M7vsM8_anom_24m,natural_breaks,Absolute Mortality,uWUE,Low,19,-0.00381,52.6,0.2798,0.7097,ns
M7vsM8_anom_24m,natural_breaks,Relative Mortality,ETmax,High,23,-0.00071,52.2,0.4456,0.7097,ns
M7vsM8_anom_24m,natural_breaks,Relative Mortality,GPPsat,High,23,-0.30642,56.5,0.127,0.7097,ns
M7vsM8_anom_24m,natural_breaks,Relative Mortality,NEPmax,High,23,0.00948,47.8,0.2665,0.7097,ns
M7vsM8_anom_24m,natural_breaks,Relative Mortality,WUE,High,23,-0.02373,56.5,0.1848,0.7097,ns
M7vsM8_anom_24m,natural_breaks,Relative Mortality,uWUE,High,23,-0.04563,60.9,0.2868,0.7097,ns
M7vsM8_anom_24m,natural_breaks,Relative Mortality,ETmax,Mid,18,0.00305,27.8,0.9907,0.9907,ns
M7vsM8_anom_24m,natural_breaks,Relative Mortality,GPPsat,Mid,18,0.0835,44.4,0.552,0.7097,ns
M7vsM8_anom_24m,natural_breaks,Relative Mortality,NEPmax,Mid,18,0.29106,38.9,0.684,0.832,ns
M7vsM8_anom_24m,natural_breaks,Relative Mortality,WUE,Mid,18,-0.00849,55.6,0.3802,0.7097,ns
M7vsM8_anom_24m,natural_breaks,Relative Mortality,uWUE,Mid,18,0.00718,44.4,0.7705,0.889,ns
M7vsM8_anom_24m,natural_breaks,Relative Mortality,ETmax,Low,24,4e-04,37.5,0.749,0.887,ns
M7vsM8_anom_24m,natural_breaks,Relative Mortality,GPPsat,Low,24,0.00337,50,0.393,0.7097,ns
M7vsM8_anom_24m,natural_breaks,Relative Mortality,NEPmax,Low,24,-0.49363,70.8,0.02353,0.5601,ns
M7vsM8_anom_24m,natural_breaks,Relative Mortality,WUE,Low,24,0.00969,50,0.5398,0.7097,ns
M7vsM8_anom_24m,natural_breaks,Relative Mortality,uWUE,Low,24,-0.00859,54.2,0.3187,0.7097,ns
M7vsM8_anom_24m,natural_breaks,Relative Disturbance,ETmax,High,22,-0.00018,50,0.5259,0.7097,ns
M7vsM8_anom_24m,natural_breaks,Relative Disturbance,GPPsat,High,22,-0.07741,54.5,0.2276,0.7097,ns
M7vsM8_anom_24m,natural_breaks,Relative Disturbance,NEPmax,High,22,0.03852,45.5,0.3365,0.7097,ns
M7vsM8_anom_24m,natural_breaks,Relative Disturbance,WUE,High,22,-0.01486,54.5,0.2687,0.7097,ns
M7vsM8_anom_24m,natural_breaks,Relative Disturbance,uWUE,High,22,-0.01278,54.5,0.4612,0.7097,ns
M7vsM8_anom_24m,natural_breaks,Relative Disturbance,ETmax,Mid,20,0.00182,35,0.9298,0.9731,ns
M7vsM8_anom_24m,natural_breaks,Relative Disturbance,GPPsat,Mid,20,0.01111,50,0.3475,0.7097,ns
M7vsM8_anom_24m,natural_breaks,Relative Disturbance,NEPmax,Mid,20,0.16645,45,0.5959,0.7448,ns
M7vsM8_anom_24m,natural_breaks,Relative Disturbance,WUE,Mid,20,-0.00849,55,0.3204,0.7097,ns
M7vsM8_anom_24m,natural_breaks,Relative Disturbance,uWUE,Mid,20,-0.00337,50,0.5074,0.7097,ns
M7vsM8_anom_24m,natural_breaks,Relative Disturbance,ETmax,Low,23,0.00044,34.8,0.8599,0.9438,ns
M7vsM8_anom_24m,natural_breaks,Relative Disturbance,GPPsat,Low,23,0.09009,47.8,0.4456,0.7097,ns
M7vsM8_anom_24m,natural_breaks,Relative Disturbance,NEPmax,Low,23,-0.52487,69.6,0.02489,0.5601,ns
M7vsM8_anom_24m,natural_breaks,Relative Disturbance,WUE,Low,23,-0.00305,52.2,0.4939,0.7097,ns
M7vsM8_anom_24m,natural_breaks,Relative Disturbance,uWUE,Low,23,-0.01338,56.5,0.2973,0.7097,ns
