unit,method,metric,response,category,n,median_dRMSE,pct_sites_improved,p_onesided_wilcoxon,q_BH,sig
M1vsM2_12m,tertiles,Absolute Mortality,ETmax,High,22,0.00216,36.4,0.6753,0.9147,ns
M1vsM2_12m,tertiles,Absolute Mortality,GPPsat,High,22,-0.76315,63.6,0.1571,0.7316,ns
M1vsM2_12m,tertiles,Absolute Mortality,NEPmax,High,22,-0.81984,68.2,0.08135,0.7316,ns
M1vsM2_12m,tertiles,Absolute Mortality,WUE,High,22,0.00758,40.9,0.5388,0.9147,ns
M1vsM2_12m,tertiles,Absolute Mortality,uWUE,High,22,-0.00102,50,0.7724,0.9147,ns
M1vsM2_12m,tertiles,Absolute Mortality,ETmax,Mid,21,0.00271,28.6,0.9673,0.9815,ns
M1vsM2_12m,tertiles,Absolute Mortality,GPPsat,Mid,21,-0.34575,66.7,0.1652,0.7316,ns
M1vsM2_12m,tertiles,Absolute Mortality,NEPmax,Mid,21,0.02773,47.6,0.5961,0.9147,ns
M1vsM2_12m,tertiles,Absolute Mortality,WUE,Mid,21,-0.02293,57.1,0.1652,0.7316,ns
M1vsM2_12m,tertiles,Absolute Mortality,uWUE,Mid,21,-0.01036,52.4,0.3257,0.912,ns
M1vsM2_12m,tertiles,Absolute Mortality,ETmax,Low,22,0.00038,45.5,0.5388,0.9147,ns
M1vsM2_12m,tertiles,Absolute Mortality,GPPsat,Low,22,0.27365,40.9,0.7523,0.9147,ns
M1vsM2_12m,tertiles,Absolute Mortality,NEPmax,Low,22,-0.59535,54.5,0.1732,0.7316,ns
M1vsM2_12m,tertiles,Absolute Mortality,WUE,Low,22,0.01642,40.9,0.8913,0.9548,ns
M1vsM2_12m,tertiles,Absolute Mortality,uWUE,Low,22,0.00166,50,0.5517,0.9147,ns
M1vsM2_12m,tertiles,Relative Mortality,ETmax,High,22,0.00216,36.4,0.6635,0.9147,ns
M1vsM2_12m,tertiles,Relative Mortality,GPPsat,High,22,-0.68713,68.2,0.165,0.7316,ns
M1vsM2_12m,tertiles,Relative Mortality,NEPmax,High,22,-1.03982,68.2,0.142,0.7316,ns
M1vsM2_12m,tertiles,Relative Mortality,WUE,High,22,-0.0044,50,0.2276,0.7316,ns
M1vsM2_12m,tertiles,Relative Mortality,uWUE,High,22,-0.01033,54.5,0.5899,0.9147,ns
M1vsM2_12m,tertiles,Relative Mortality,ETmax,Mid,21,0.00274,28.6,0.9815,0.9815,ns
M1vsM2_12m,tertiles,Relative Mortality,GPPsat,Mid,21,0.01707,47.6,0.7455,0.9147,ns
M1vsM2_12m,tertiles,Relative Mortality,NEPmax,Mid,21,0.15836,38.1,0.867,0.9548,ns
M1vsM2_12m,tertiles,Relative Mortality,WUE,Mid,21,0.01325,47.6,0.3641,0.912,ns
M1vsM2_12m,tertiles,Relative Mortality,uWUE,Mid,21,0.00717,42.9,0.7109,0.9147,ns
M1vsM2_12m,tertiles,Relative Mortality,ETmax,Low,22,0.00038,45.5,0.4871,0.9147,ns
M1vsM2_12m,tertiles,Relative Mortality,GPPsat,Low,22,-0.09442,54.5,0.2179,0.7316,ns
M1vsM2_12m,tertiles,Relative Mortality,NEPmax,Low,22,-0.72435,63.6,0.05583,0.7316,ns
M1vsM2_12m,tertiles,Relative Mortality,WUE,Low,22,0.01642,40.9,0.8788,0.9548,ns
M1vsM2_12m,tertiles,Relative Mortality,uWUE,Low,22,-0.00692,54.5,0.3851,0.912,ns
M1vsM2_12m,tertiles,Relative Disturbance,ETmax,High,22,0.00216,31.8,0.6983,0.9147,ns
M1vsM2_12m,tertiles,Relative Disturbance,GPPsat,High,22,-0.68713,68.2,0.1571,0.7316,ns
M1vsM2_12m,tertiles,Relative Disturbance,NEPmax,High,22,-0.81984,63.6,0.2179,0.7316,ns
M1vsM2_12m,tertiles,Relative Disturbance,WUE,High,22,-0.0044,50,0.2276,0.7316,ns
M1vsM2_12m,tertiles,Relative Disturbance,uWUE,High,22,-0.00161,50,0.6395,0.9147,ns
M1vsM2_12m,tertiles,Relative Disturbance,ETmax,Mid,21,0.00224,42.9,0.9124,0.9548,ns
M1vsM2_12m,tertiles,Relative Disturbance,GPPsat,Mid,21,-0.04975,57.1,0.4585,0.9147,ns
M1vsM2_12m,tertiles,Relative Disturbance,NEPmax,Mid,21,0.02773,47.6,0.431,0.9147,ns
M1vsM2_12m,tertiles,Relative Disturbance,WUE,Mid,21,0.01325,47.6,0.2773,0.8319,ns
M1vsM2_12m,tertiles,Relative Disturbance,uWUE,Mid,21,0.00292,47.6,0.6489,0.9147,ns
M1vsM2_12m,tertiles,Relative Disturbance,ETmax,Low,22,0.00083,36.4,0.7523,0.9147,ns
M1vsM2_12m,tertiles,Relative Disturbance,GPPsat,Low,22,0.16736,45.5,0.4741,0.9147,ns
M1vsM2_12m,tertiles,Relative Disturbance,NEPmax,Low,22,-0.72435,59.1,0.1494,0.7316,ns
M1vsM2_12m,tertiles,Relative Disturbance,WUE,Low,22,0.01642,40.9,0.9084,0.9548,ns
M1vsM2_12m,tertiles,Relative Disturbance,uWUE,Low,22,-0.00692,54.5,0.3727,0.912,ns
M1vsM2_12m,equal_width,Absolute Mortality,ETmax,Mid,21,0.00153,33.3,0.6867,0.8757,ns
M1vsM2_12m,equal_width,Absolute Mortality,GPPsat,Mid,21,-0.79588,66.7,0.05493,0.8757,ns
M1vsM2_12m,equal_width,Absolute Mortality,NEPmax,Mid,21,-1.02392,76.2,0.01558,0.6233,ns
M1vsM2_12m,equal_width,Absolute Mortality,WUE,Mid,21,0.00375,42.9,0.3511,0.8757,ns
M1vsM2_12m,equal_width,Absolute Mortality,uWUE,Mid,21,-0.00512,57.1,0.3772,0.8757,ns
M1vsM2_12m,equal_width,Absolute Mortality,ETmax,Low,41,0.0013,39,0.8729,0.8953,ns
M1vsM2_12m,equal_width,Absolute Mortality,GPPsat,Low,41,-0.04975,53.7,0.4742,0.8757,ns
M1vsM2_12m,equal_width,Absolute Mortality,NEPmax,Low,41,0.02773,48.8,0.3681,0.8757,ns
M1vsM2_12m,equal_width,Absolute Mortality,WUE,Low,41,0.00969,48.8,0.5972,0.8757,ns
M1vsM2_12m,equal_width,Absolute Mortality,uWUE,Low,41,-8e-05,51.2,0.4179,0.8757,ns
M1vsM2_12m,equal_width,Absolute Mortality,ETmax,High,3,0.00388,33.3,,,""
M1vsM2_12m,equal_width,Absolute Mortality,GPPsat,High,3,0.99022,33.3,,,""
M1vsM2_12m,equal_width,Absolute Mortality,NEPmax,High,3,1.47775,33.3,,,""
M1vsM2_12m,equal_width,Absolute Mortality,WUE,High,3,0.07673,33.3,,,""
M1vsM2_12m,equal_width,Absolute Mortality,uWUE,High,3,0.1021,0,,,""
M1vsM2_12m,equal_width,Relative Mortality,ETmax,Mid,26,0.002,38.5,0.6578,0.8757,ns
M1vsM2_12m,equal_width,Relative Mortality,GPPsat,Mid,26,-0.1007,57.7,0.2307,0.8757,ns
M1vsM2_12m,equal_width,Relative Mortality,NEPmax,Mid,26,-0.18612,53.8,0.1489,0.8757,ns
M1vsM2_12m,equal_width,Relative Mortality,WUE,Mid,26,-0.0044,50,0.1213,0.8757,ns
M1vsM2_12m,equal_width,Relative Mortality,uWUE,Mid,26,-0.00102,50,0.6002,0.8757,ns
M1vsM2_12m,equal_width,Relative Mortality,ETmax,Low,32,0.00083,40.6,0.7584,0.8757,ns
M1vsM2_12m,equal_width,Relative Mortality,GPPsat,Low,32,-0.09442,56.2,0.2717,0.8757,ns
M1vsM2_12m,equal_width,Relative Mortality,NEPmax,Low,32,-0.44921,59.4,0.1213,0.8757,ns
M1vsM2_12m,equal_width,Relative Mortality,WUE,Low,32,0.00994,46.9,0.7811,0.8757,ns
M1vsM2_12m,equal_width,Relative Mortality,uWUE,Low,32,0.00166,50,0.4442,0.8757,ns
M1vsM2_12m,equal_width,Relative Mortality,ETmax,High,7,0.00279,14.3,0.9246,0.9246,ns
M1vsM2_12m,equal_width,Relative Mortality,GPPsat,High,7,-0.64384,57.1,0.6637,0.8757,ns
M1vsM2_12m,equal_width,Relative Mortality,NEPmax,High,7,-0.43436,57.1,0.7229,0.8757,ns
M1vsM2_12m,equal_width,Relative Mortality,WUE,High,7,0.03549,28.6,0.6637,0.8757,ns
M1vsM2_12m,equal_width,Relative Mortality,uWUE,High,7,-0.00512,57.1,0.7766,0.8757,ns
M1vsM2_12m,equal_width,Relative Disturbance,ETmax,Mid,27,0.00186,37,0.8347,0.8787,ns
M1vsM2_12m,equal_width,Relative Disturbance,GPPsat,Mid,27,-0.13673,63,0.2622,0.8757,ns
M1vsM2_12m,equal_width,Relative Disturbance,NEPmax,Mid,27,-0.119,51.9,0.2175,0.8757,ns
M1vsM2_12m,equal_width,Relative Disturbance,WUE,Mid,27,0.00375,44.4,0.1425,0.8757,ns
M1vsM2_12m,equal_width,Relative Disturbance,uWUE,Mid,27,0.0019,48.1,0.7219,0.8757,ns
M1vsM2_12m,equal_width,Relative Disturbance,ETmax,High,9,0.00247,33.3,0.5936,0.8757,ns
M1vsM2_12m,equal_width,Relative Disturbance,GPPsat,High,9,-0.64384,55.6,0.4064,0.8757,ns
M1vsM2_12m,equal_width,Relative Disturbance,NEPmax,High,9,-1.02392,66.7,0.3611,0.8757,ns
M1vsM2_12m,equal_width,Relative Disturbance,WUE,High,9,0.01294,44.4,0.6389,0.8757,ns
M1vsM2_12m,equal_width,Relative Disturbance,uWUE,High,9,-0.00512,55.6,0.5936,0.8757,ns
M1vsM2_12m,equal_width,Relative Disturbance,ETmax,Low,29,0.00093,37.9,0.8181,0.8787,ns
M1vsM2_12m,equal_width,Relative Disturbance,GPPsat,Low,29,-0.04975,51.7,0.3171,0.8757,ns
M1vsM2_12m,equal_width,Relative Disturbance,NEPmax,Low,29,-0.37359,58.6,0.1707,0.8757,ns
M1vsM2_12m,equal_width,Relative Disturbance,WUE,Low,29,0.00969,48.3,0.7882,0.8757,ns
M1vsM2_12m,equal_width,Relative Disturbance,uWUE,Low,29,-8e-05,51.7,0.3976,0.8757,ns
M1vsM2_12m,natural_breaks,Absolute Mortality,ETmax,High,14,0.00216,35.7,0.6232,0.8547,ns
M1vsM2_12m,natural_breaks,Absolute Mortality,GPPsat,High,14,-0.83965,64.3,0.1732,0.8547,ns
M1vsM2_12m,natural_breaks,Absolute Mortality,NEPmax,High,14,-1.03982,78.6,0.0937,0.8547,ns
M1vsM2_12m,natural_breaks,Absolute Mortality,WUE,High,14,0.00944,35.7,0.6698,0.8547,ns
M1vsM2_12m,natural_breaks,Absolute Mortality,uWUE,High,14,0.00545,42.9,0.8268,0.954,ns
M1vsM2_12m,natural_breaks,Absolute Mortality,ETmax,Mid,32,0.00248,34.4,0.9385,0.9599,ns
M1vsM2_12m,natural_breaks,Absolute Mortality,GPPsat,Mid,32,-0.38074,65.6,0.1068,0.8547,ns
M1vsM2_12m,natural_breaks,Absolute Mortality,NEPmax,Mid,32,0.0133,50,0.3167,0.8547,ns
M1vsM2_12m,natural_breaks,Absolute Mortality,WUE,Mid,32,-0.01344,53.1,0.2189,0.8547,ns
M1vsM2_12m,natural_breaks,Absolute Mortality,uWUE,Mid,32,-0.00715,53.1,0.5335,0.8547,ns
M1vsM2_12m,natural_breaks,Absolute Mortality,ETmax,Low,19,0.00042,42.1,0.556,0.8547,ns
M1vsM2_12m,natural_breaks,Absolute Mortality,GPPsat,Low,19,0.36818,36.8,0.9045,0.9599,ns
M1vsM2_12m,natural_breaks,Absolute Mortality,NEPmax,Low,19,-0.37359,52.6,0.3363,0.8547,ns
M1vsM2_12m,natural_breaks,Absolute Mortality,WUE,Low,19,0.01019,42.1,0.8065,0.954,ns
M1vsM2_12m,natural_breaks,Absolute Mortality,uWUE,Low,19,-8e-05,52.6,0.3218,0.8547,ns
M1vsM2_12m,natural_breaks,Relative Mortality,ETmax,High,23,0.00186,39.1,0.6593,0.8547,ns
M1vsM2_12m,natural_breaks,Relative Mortality,GPPsat,High,23,-0.64384,65.2,0.1768,0.8547,ns
M1vsM2_12m,natural_breaks,Relative Mortality,NEPmax,High,23,-1.02392,65.2,0.1335,0.8547,ns
M1vsM2_12m,natural_breaks,Relative Mortality,WUE,High,23,0.00276,47.8,0.2766,0.8547,ns
M1vsM2_12m,natural_breaks,Relative Mortality,uWUE,High,23,-0.00512,52.2,0.7027,0.8547,ns
M1vsM2_12m,natural_breaks,Relative Mortality,ETmax,Mid,18,0.00342,27.8,0.9774,0.9774,ns
M1vsM2_12m,natural_breaks,Relative Mortality,GPPsat,Mid,18,-0.09071,55.6,0.4309,0.8547,ns
M1vsM2_12m,natural_breaks,Relative Mortality,NEPmax,Mid,18,0.09304,44.4,0.684,0.8547,ns
M1vsM2_12m,natural_breaks,Relative Mortality,WUE,Mid,18,0.00235,50,0.3006,0.8547,ns
M1vsM2_12m,natural_breaks,Relative Mortality,uWUE,Mid,18,-0.00051,50,0.5174,0.8547,ns
M1vsM2_12m,natural_breaks,Relative Mortality,ETmax,Low,24,0.00058,41.7,0.5624,0.8547,ns
M1vsM2_12m,natural_breaks,Relative Mortality,GPPsat,Low,24,0.05292,50,0.4488,0.8547,ns
M1vsM2_12m,natural_breaks,Relative Mortality,NEPmax,Low,24,-0.57822,58.3,0.1485,0.8547,ns
M1vsM2_12m,natural_breaks,Relative Mortality,WUE,Low,24,0.01642,41.7,0.8877,0.9599,ns
M1vsM2_12m,natural_breaks,Relative Mortality,uWUE,Low,24,0.00166,50,0.5057,0.8547,ns
M1vsM2_12m,natural_breaks,Relative Disturbance,ETmax,High,22,0.00216,31.8,0.6983,0.8547,ns
M1vsM2_12m,natural_breaks,Relative Disturbance,GPPsat,High,22,-0.68713,68.2,0.1571,0.8547,ns
M1vsM2_12m,natural_breaks,Relative Disturbance,NEPmax,High,22,-0.81984,63.6,0.2179,0.8547,ns
M1vsM2_12m,natural_breaks,Relative Disturbance,WUE,High,22,-0.0044,50,0.2276,0.8547,ns
M1vsM2_12m,natural_breaks,Relative Disturbance,uWUE,High,22,-0.00161,50,0.6395,0.8547,ns
M1vsM2_12m,natural_breaks,Relative Disturbance,ETmax,Mid,20,0.00248,40,0.9347,0.9599,ns
M1vsM2_12m,natural_breaks,Relative Disturbance,GPPsat,Mid,20,-0.09071,55,0.4926,0.8547,ns
M1vsM2_12m,natural_breaks,Relative Disturbance,NEPmax,Mid,20,0.0133,50,0.3897,0.8547,ns
M1vsM2_12m,natural_breaks,Relative Disturbance,WUE,Mid,20,0.01522,45,0.3755,0.8547,ns
M1vsM2_12m,natural_breaks,Relative Disturbance,uWUE,Mid,20,-0.00051,50,0.5959,0.8547,ns
M1vsM2_12m,natural_breaks,Relative Disturbance,ETmax,Low,23,0.00073,39.1,0.6921,0.8547,ns
M1vsM2_12m,natural_breaks,Relative Disturbance,GPPsat,Low,23,0.1556,47.8,0.4818,0.8547,ns
M1vsM2_12m,natural_breaks,Relative Disturbance,NEPmax,Low,23,-0.63161,56.5,0.1541,0.8547,ns
M1vsM2_12m,natural_breaks,Relative Disturbance,WUE,Low,23,0.01019,43.5,0.853,0.9596,ns
M1vsM2_12m,natural_breaks,Relative Disturbance,uWUE,Low,23,-8e-05,52.2,0.4336,0.8547,ns
M1vsM2_24m,tertiles,Absolute Mortality,ETmax,High,22,-0.00067,54.5,0.2085,0.4938,ns
M1vsM2_24m,tertiles,Absolute Mortality,GPPsat,High,22,-0.5431,72.7,0.08135,0.4938,ns
M1vsM2_24m,tertiles,Absolute Mortality,NEPmax,High,22,-0.90537,72.7,0.06766,0.4938,ns
M1vsM2_24m,tertiles,Absolute Mortality,WUE,High,22,-0.02289,59.1,0.1904,0.4938,ns
M1vsM2_24m,tertiles,Absolute Mortality,uWUE,High,22,0.01225,40.9,0.7724,0.9394,ns
M1vsM2_24m,tertiles,Absolute Mortality,ETmax,Mid,21,0.00099,38.1,0.9278,0.9891,ns
M1vsM2_24m,tertiles,Absolute Mortality,GPPsat,Mid,21,-0.26019,66.7,0.2773,0.5942,ns
M1vsM2_24m,tertiles,Absolute Mortality,NEPmax,Mid,21,-0.03962,52.4,0.5553,0.9394,ns
M1vsM2_24m,tertiles,Absolute Mortality,WUE,Mid,21,-0.01825,57.1,0.174,0.4938,ns
M1vsM2_24m,tertiles,Absolute Mortality,uWUE,Mid,21,-0.00096,52.4,0.7109,0.9394,ns
M1vsM2_24m,tertiles,Absolute Mortality,ETmax,Low,22,0.00057,45.5,0.6273,0.9394,ns
M1vsM2_24m,tertiles,Absolute Mortality,GPPsat,Low,22,0.2187,40.9,0.6149,0.9394,ns
M1vsM2_24m,tertiles,Absolute Mortality,NEPmax,Low,22,-0.52323,63.6,0.1212,0.4938,ns
M1vsM2_24m,tertiles,Absolute Mortality,WUE,Low,22,3e-05,50,0.5645,0.9394,ns
M1vsM2_24m,tertiles,Absolute Mortality,uWUE,Low,22,0.03041,31.8,0.9762,0.9891,ns
M1vsM2_24m,tertiles,Relative Mortality,ETmax,High,22,-0.0015,59.1,0.1494,0.4938,ns
M1vsM2_24m,tertiles,Relative Mortality,GPPsat,High,22,-0.5431,77.3,0.07201,0.4938,ns
M1vsM2_24m,tertiles,Relative Mortality,NEPmax,High,22,-0.90537,68.2,0.1148,0.4938,ns
M1vsM2_24m,tertiles,Relative Mortality,WUE,High,22,-0.02696,68.2,0.1148,0.4938,ns
M1vsM2_24m,tertiles,Relative Mortality,uWUE,High,22,0.00624,45.5,0.5899,0.9394,ns
M1vsM2_24m,tertiles,Relative Mortality,ETmax,Mid,21,0.00201,28.6,0.9891,0.9891,ns
M1vsM2_24m,tertiles,Relative Mortality,GPPsat,Mid,21,0.16841,47.6,0.7565,0.9394,ns
M1vsM2_24m,tertiles,Relative Mortality,NEPmax,Mid,21,-0.03962,52.4,0.7673,0.9394,ns
M1vsM2_24m,tertiles,Relative Mortality,WUE,Mid,21,-0.00969,52.4,0.2545,0.5726,ns
M1vsM2_24m,tertiles,Relative Mortality,uWUE,Mid,21,0.00754,47.6,0.867,0.9891,ns
M1vsM2_24m,tertiles,Relative Mortality,ETmax,Low,22,-5e-05,50,0.4483,0.8772,ns
M1vsM2_24m,tertiles,Relative Mortality,GPPsat,Low,22,-0.20609,54.5,0.1732,0.4938,ns
M1vsM2_24m,tertiles,Relative Mortality,NEPmax,Low,22,-0.76889,68.2,0.03708,0.4938,ns
M1vsM2_24m,tertiles,Relative Mortality,WUE,Low,22,0.00674,45.5,0.6516,0.9394,ns
M1vsM2_24m,tertiles,Relative Mortality,uWUE,Low,22,0.03531,31.8,0.9702,0.9891,ns
M1vsM2_24m,tertiles,Relative Disturbance,ETmax,High,22,-0.00067,54.5,0.2085,0.4938,ns
M1vsM2_24m,tertiles,Relative Disturbance,GPPsat,High,22,-0.5431,77.3,0.07201,0.4938,ns
M1vsM2_24m,tertiles,Relative Disturbance,NEPmax,High,22,-0.84715,63.6,0.1904,0.4938,ns
M1vsM2_24m,tertiles,Relative Disturbance,WUE,High,22,-0.02134,63.6,0.1348,0.4938,ns
M1vsM2_24m,tertiles,Relative Disturbance,uWUE,High,22,0.01153,40.9,0.6753,0.9394,ns
M1vsM2_24m,tertiles,Relative Disturbance,ETmax,Mid,21,0.00039,42.9,0.8813,0.9891,ns
M1vsM2_24m,tertiles,Relative Disturbance,GPPsat,Mid,21,-0.203,57.1,0.3641,0.7447,ns
M1vsM2_24m,tertiles,Relative Disturbance,NEPmax,Mid,21,-0.15367,66.7,0.2021,0.4938,ns
M1vsM2_24m,tertiles,Relative Disturbance,WUE,Mid,21,-0.0101,57.1,0.1187,0.4938,ns
M1vsM2_24m,tertiles,Relative Disturbance,uWUE,Mid,21,-0.00096,52.4,0.8076,0.9563,ns
M1vsM2_24m,tertiles,Relative Disturbance,ETmax,Low,22,0.00097,40.9,0.6983,0.9394,ns
M1vsM2_24m,tertiles,Relative Disturbance,GPPsat,Low,22,0.19676,45.5,0.4871,0.9132,ns
M1vsM2_24m,tertiles,Relative Disturbance,NEPmax,Low,22,-0.76889,59.1,0.1279,0.4938,ns
M1vsM2_24m,tertiles,Relative Disturbance,WUE,Low,22,0.00674,45.5,0.6869,0.9394,ns
M1vsM2_24m,tertiles,Relative Disturbance,uWUE,Low,22,0.0316,31.8,0.9602,0.9891,ns
M1vsM2_24m,equal_width,Absolute Mortality,ETmax,Mid,21,-0.00073,57.1,0.07707,0.5094,ns
M1vsM2_24m,equal_width,Absolute Mortality,GPPsat,Mid,21,-0.57797,76.2,0.01851,0.3703,ns
M1vsM2_24m,equal_width,Absolute Mortality,NEPmax,Mid,21,-0.90799,81,0.0109,0.3703,ns
M1vsM2_24m,equal_width,Absolute Mortality,WUE,Mid,21,-0.02241,66.7,0.05493,0.5094,ns
M1vsM2_24m,equal_width,Absolute Mortality,uWUE,Mid,21,0.00754,47.6,0.6095,0.8407,ns
M1vsM2_24m,equal_width,Absolute Mortality,ETmax,Low,41,0.00099,41.5,0.9025,0.9707,ns
M1vsM2_24m,equal_width,Absolute Mortality,GPPsat,Low,41,-0.15615,53.7,0.469,0.7405,ns
M1vsM2_24m,equal_width,Absolute Mortality,NEPmax,Low,41,-0.15367,56.1,0.2712,0.7223,ns
M1vsM2_24m,equal_width,Absolute Mortality,WUE,Low,41,-0.00188,51.2,0.3345,0.7223,ns
M1vsM2_24m,equal_width,Absolute Mortality,uWUE,Low,41,0.02251,41.5,0.9707,0.9707,ns
M1vsM2_24m,equal_width,Absolute Mortality,ETmax,High,3,0.00411,33.3,,,""
M1vsM2_24m,equal_width,Absolute Mortality,GPPsat,High,3,0.77806,33.3,,,""
M1vsM2_24m,equal_width,Absolute Mortality,NEPmax,High,3,1.38757,33.3,,,""
M1vsM2_24m,equal_width,Absolute Mortality,WUE,High,3,0.0735,33.3,,,""
M1vsM2_24m,equal_width,Absolute Mortality,uWUE,High,3,0.03599,0,,,""
M1vsM2_24m,equal_width,Relative Mortality,ETmax,Mid,26,0.00011,46.2,0.5304,0.7857,ns
M1vsM2_24m,equal_width,Relative Mortality,GPPsat,Mid,26,-0.26633,65.4,0.1374,0.512,ns
M1vsM2_24m,equal_width,Relative Mortality,NEPmax,Mid,26,-0.4237,65.4,0.08914,0.5094,ns
M1vsM2_24m,equal_width,Relative Mortality,WUE,Mid,26,-0.02103,65.4,0.05479,0.5094,ns
M1vsM2_24m,equal_width,Relative Mortality,uWUE,Mid,26,0.00473,46.2,0.8511,0.9707,ns
M1vsM2_24m,equal_width,Relative Mortality,ETmax,Low,32,0.00097,40.6,0.792,0.96,ns
M1vsM2_24m,equal_width,Relative Mortality,GPPsat,Low,32,-0.17957,56.2,0.2475,0.707,ns
M1vsM2_24m,equal_width,Relative Mortality,NEPmax,Low,32,-0.49764,62.5,0.08466,0.5094,ns
M1vsM2_24m,equal_width,Relative Mortality,WUE,Low,32,3e-05,50,0.4814,0.7405,ns
M1vsM2_24m,equal_width,Relative Mortality,uWUE,Low,32,0.03041,37.5,0.9629,0.9707,ns
M1vsM2_24m,equal_width,Relative Mortality,ETmax,High,7,-0.00226,71.4,0.3363,0.7223,ns
M1vsM2_24m,equal_width,Relative Mortality,GPPsat,High,7,-0.53273,57.1,0.7229,0.9037,ns
M1vsM2_24m,equal_width,Relative Mortality,NEPmax,High,7,-0.58394,57.1,0.7229,0.9037,ns
M1vsM2_24m,equal_width,Relative Mortality,WUE,High,7,0.01383,42.9,0.4663,0.7405,ns
M1vsM2_24m,equal_width,Relative Mortality,uWUE,High,7,0.01057,42.9,0.6637,0.8849,ns
M1vsM2_24m,equal_width,Relative Disturbance,ETmax,Mid,27,1e-04,48.1,0.562,0.8029,ns
M1vsM2_24m,equal_width,Relative Disturbance,GPPsat,Mid,27,-0.26019,66.7,0.1536,0.512,ns
M1vsM2_24m,equal_width,Relative Disturbance,NEPmax,Mid,27,-0.16598,66.7,0.148,0.512,ns
M1vsM2_24m,equal_width,Relative Disturbance,WUE,Mid,27,-0.01825,59.3,0.122,0.512,ns
M1vsM2_24m,equal_width,Relative Disturbance,uWUE,Mid,27,0.01248,40.7,0.9394,0.9707,ns
M1vsM2_24m,equal_width,Relative Disturbance,ETmax,High,9,-0.00226,66.7,0.2386,0.707,ns
M1vsM2_24m,equal_width,Relative Disturbance,GPPsat,High,9,-0.53273,66.7,0.3611,0.7223,ns
M1vsM2_24m,equal_width,Relative Disturbance,NEPmax,High,9,-0.92416,66.7,0.3611,0.7223,ns
M1vsM2_24m,equal_width,Relative Disturbance,WUE,High,9,-0.05011,55.6,0.4064,0.7388,ns
M1vsM2_24m,equal_width,Relative Disturbance,uWUE,High,9,-0.00217,55.6,0.4064,0.7388,ns
M1vsM2_24m,equal_width,Relative Disturbance,ETmax,Low,29,0.00099,37.9,0.8649,0.9707,ns
M1vsM2_24m,equal_width,Relative Disturbance,GPPsat,Low,29,-0.01308,51.7,0.3486,0.7223,ns
M1vsM2_24m,equal_width,Relative Disturbance,NEPmax,Low,29,-0.51063,58.6,0.1304,0.512,ns
M1vsM2_24m,equal_width,Relative Disturbance,WUE,Low,29,-0.00188,51.7,0.4741,0.7405,ns
M1vsM2_24m,equal_width,Relative Disturbance,uWUE,Low,29,0.0298,37.9,0.9349,0.9707,ns
M1vsM2_24m,natural_breaks,Absolute Mortality,ETmax,High,14,-0.00233,71.4,0.05828,0.5451,ns
M1vsM2_24m,natural_breaks,Absolute Mortality,GPPsat,High,14,-0.5431,78.6,0.0937,0.5451,ns
M1vsM2_24m,natural_breaks,Absolute Mortality,NEPmax,High,14,-1.20126,78.6,0.08363,0.5451,ns
M1vsM2_24m,natural_breaks,Absolute Mortality,WUE,High,14,-0.03504,57.1,0.2651,0.6253,ns
M1vsM2_24m,natural_breaks,Absolute Mortality,uWUE,High,14,0.0042,50,0.525,0.8396,ns
M1vsM2_24m,natural_breaks,Absolute Mortality,ETmax,Mid,32,0.00118,37.5,0.9451,0.9836,ns
M1vsM2_24m,natural_breaks,Absolute Mortality,GPPsat,Mid,32,-0.26633,65.6,0.1454,0.5451,ns
M1vsM2_24m,natural_breaks,Absolute Mortality,NEPmax,Mid,32,-0.12614,59.4,0.2779,0.6253,ns
M1vsM2_24m,natural_breaks,Absolute Mortality,WUE,Mid,32,-0.01408,59.4,0.1923,0.5769,ns
M1vsM2_24m,natural_breaks,Absolute Mortality,uWUE,Mid,32,0.01001,43.8,0.9408,0.9836,ns
M1vsM2_24m,natural_breaks,Absolute Mortality,ETmax,Low,19,0.00096,42.1,0.6338,0.8643,ns
M1vsM2_24m,natural_breaks,Absolute Mortality,GPPsat,Low,19,0.26898,36.8,0.8065,0.9708,ns
M1vsM2_24m,natural_breaks,Absolute Mortality,NEPmax,Low,19,-0.39195,57.9,0.2664,0.6253,ns
M1vsM2_24m,natural_breaks,Absolute Mortality,WUE,Low,19,0.00193,47.4,0.4281,0.7754,ns
M1vsM2_24m,natural_breaks,Absolute Mortality,uWUE,Low,19,0.0298,31.6,0.9291,0.9836,ns
M1vsM2_24m,natural_breaks,Relative Mortality,ETmax,High,23,-0.00073,60.9,0.1401,0.5451,ns
M1vsM2_24m,natural_breaks,Relative Mortality,GPPsat,High,23,-0.53273,73.9,0.09291,0.5451,ns
M1vsM2_24m,natural_breaks,Relative Mortality,NEPmax,High,23,-0.88659,69.6,0.1034,0.5451,ns
M1vsM2_24m,natural_breaks,Relative Mortality,WUE,High,23,-0.02304,69.6,0.1034,0.5451,ns
M1vsM2_24m,natural_breaks,Relative Mortality,uWUE,High,23,0.00192,47.8,0.5784,0.8396,ns
M1vsM2_24m,natural_breaks,Relative Mortality,ETmax,Mid,18,0.00231,27.8,0.9836,0.9836,ns
M1vsM2_24m,natural_breaks,Relative Mortality,GPPsat,Mid,18,-0.17957,55.6,0.448,0.7754,ns
M1vsM2_24m,natural_breaks,Relative Mortality,NEPmax,Mid,18,-0.06016,55.6,0.6031,0.8481,ns
M1vsM2_24m,natural_breaks,Relative Mortality,WUE,Mid,18,-0.00079,50,0.316,0.677,ns
M1vsM2_24m,natural_breaks,Relative Mortality,uWUE,Mid,18,0.00329,50,0.8198,0.9708,ns
M1vsM2_24m,natural_breaks,Relative Mortality,ETmax,Low,24,0.00057,45.8,0.5398,0.8396,ns
M1vsM2_24m,natural_breaks,Relative Mortality,GPPsat,Low,24,0.05573,50,0.4152,0.7754,ns
M1vsM2_24m,natural_breaks,Relative Mortality,NEPmax,Low,24,-0.59786,62.5,0.1123,0.5451,ns
M1vsM2_24m,natural_breaks,Relative Mortality,WUE,Low,24,0.00674,45.8,0.5737,0.8396,ns
M1vsM2_24m,natural_breaks,Relative Mortality,uWUE,Low,24,0.03221,29.2,0.978,0.9836,ns
M1vsM2_24m,natural_breaks,Relative Disturbance,ETmax,High,22,-0.00067,54.5,0.2085,0.5864,ns
M1vsM2_24m,natural_breaks,Relative Disturbance,GPPsat,High,22,-0.5431,77.3,0.07201,0.5451,ns
M1vsM2_24m,natural_breaks,Relative Disturbance,NEPmax,High,22,-0.84715,63.6,0.1904,0.5769,ns
M1vsM2_24m,natural_breaks,Relative Disturbance,WUE,High,22,-0.02134,63.6,0.1348,0.5451,ns
M1vsM2_24m,natural_breaks,Relative Disturbance,uWUE,High,22,0.01153,40.9,0.6753,0.8682,ns
M1vsM2_24m,natural_breaks,Relative Disturbance,ETmax,Mid,20,0.00066,40,0.9075,0.9836,ns
M1vsM2_24m,natural_breaks,Relative Disturbance,GPPsat,Mid,20,-0.17957,55,0.4187,0.7754,ns
M1vsM2_24m,natural_breaks,Relative Disturbance,NEPmax,Mid,20,-0.12614,65,0.2449,0.6253,ns
M1vsM2_24m,natural_breaks,Relative Disturbance,WUE,Mid,20,-0.00989,55,0.1902,0.5769,ns
M1vsM2_24m,natural_breaks,Relative Disturbance,uWUE,Mid,20,-0.00431,55,0.7667,0.9584,ns
M1vsM2_24m,natural_breaks,Relative Disturbance,ETmax,Low,23,0.00096,43.5,0.6704,0.8682,ns
M1vsM2_24m,natural_breaks,Relative Disturbance,GPPsat,Low,23,0.12454,47.8,0.4456,0.7754,ns
M1vsM2_24m,natural_breaks,Relative Disturbance,NEPmax,Low,23,-0.65451,60.9,0.1208,0.5451,ns
M1vsM2_24m,natural_breaks,Relative Disturbance,WUE,Low,23,0.00193,47.8,0.5784,0.8396,ns
M1vsM2_24m,natural_breaks,Relative Disturbance,uWUE,Low,23,0.03101,30.4,0.9648,0.9836,ns
M3vsM4_12m,tertiles,Absolute Mortality,ETmax,High,22,0.00044,45.5,0.6983,0.8763,ns
M3vsM4_12m,tertiles,Absolute Mortality,GPPsat,High,22,-0.24113,63.6,0.09158,0.4547,ns
M3vsM4_12m,tertiles,Absolute Mortality,NEPmax,High,22,-0.53993,72.7,0.01886,0.3857,ns
M3vsM4_12m,tertiles,Absolute Mortality,WUE,High,22,0.00373,45.5,0.4612,0.7412,ns
M3vsM4_12m,tertiles,Absolute Mortality,uWUE,High,22,-0.01327,63.6,0.1148,0.4547,ns
M3vsM4_12m,tertiles,Absolute Mortality,ETmax,Mid,21,0.00201,33.3,0.9524,0.9557,ns
M3vsM4_12m,tertiles,Absolute Mortality,GPPsat,Mid,21,-0.05758,52.4,0.3641,0.7073,ns
M3vsM4_12m,tertiles,Absolute Mortality,NEPmax,Mid,21,-0.02347,52.4,0.3641,0.7073,ns
M3vsM4_12m,tertiles,Absolute Mortality,WUE,Mid,21,-0.00545,52.4,0.3772,0.7073,ns
M3vsM4_12m,tertiles,Absolute Mortality,uWUE,Mid,21,0.00529,47.6,0.4174,0.7184,ns
M3vsM4_12m,tertiles,Absolute Mortality,ETmax,Low,22,1e-05,50,0.6149,0.8647,ns
M3vsM4_12m,tertiles,Absolute Mortality,GPPsat,Low,22,-0.06505,54.5,0.2276,0.5938,ns
M3vsM4_12m,tertiles,Absolute Mortality,NEPmax,Low,22,-0.38347,68.2,0.03453,0.3884,ns
M3vsM4_12m,tertiles,Absolute Mortality,WUE,Low,22,0.00079,50,0.5645,0.8194,ns
M3vsM4_12m,tertiles,Absolute Mortality,uWUE,Low,22,0.01091,45.5,0.7915,0.8788,ns
M3vsM4_12m,tertiles,Relative Mortality,ETmax,High,22,-1e-05,50,0.6983,0.8763,ns
M3vsM4_12m,tertiles,Relative Mortality,GPPsat,High,22,-0.18259,59.1,0.1027,0.4547,ns
M3vsM4_12m,tertiles,Relative Mortality,NEPmax,High,22,-0.37236,63.6,0.07658,0.4547,ns
M3vsM4_12m,tertiles,Relative Mortality,WUE,High,22,-0.0042,50,0.2375,0.5938,ns
M3vsM4_12m,tertiles,Relative Mortality,uWUE,High,22,-0.00875,54.5,0.1904,0.5938,ns
M3vsM4_12m,tertiles,Relative Mortality,ETmax,Mid,21,0.0016,33.3,0.9557,0.9557,ns
M3vsM4_12m,tertiles,Relative Mortality,GPPsat,Mid,21,-0.1287,52.4,0.431,0.7184,ns
M3vsM4_12m,tertiles,Relative Mortality,NEPmax,Mid,21,-0.08024,61.9,0.3257,0.7073,ns
M3vsM4_12m,tertiles,Relative Mortality,WUE,Mid,21,-0.00545,57.1,0.4861,0.7543,ns
M3vsM4_12m,tertiles,Relative Mortality,uWUE,Mid,21,-0.00288,52.4,0.5139,0.7708,ns
M3vsM4_12m,tertiles,Relative Mortality,ETmax,Low,22,3e-04,45.5,0.6516,0.8763,ns
M3vsM4_12m,tertiles,Relative Mortality,GPPsat,Low,22,-0.07829,59.1,0.1212,0.4547,ns
M3vsM4_12m,tertiles,Relative Mortality,NEPmax,Low,22,-0.51048,68.2,0.008894,0.3857,ns
M3vsM4_12m,tertiles,Relative Mortality,WUE,Low,22,0.01065,40.9,0.7095,0.8763,ns
M3vsM4_12m,tertiles,Relative Mortality,uWUE,Low,22,-6e-05,50,0.7205,0.8763,ns
M3vsM4_12m,tertiles,Relative Disturbance,ETmax,High,22,0.00044,45.5,0.7821,0.8788,ns
M3vsM4_12m,tertiles,Relative Disturbance,GPPsat,High,22,-0.09314,59.1,0.1212,0.4547,ns
M3vsM4_12m,tertiles,Relative Disturbance,NEPmax,High,22,-0.37236,63.6,0.08635,0.4547,ns
M3vsM4_12m,tertiles,Relative Disturbance,WUE,High,22,-0.0042,50,0.1904,0.5938,ns
M3vsM4_12m,tertiles,Relative Disturbance,uWUE,High,22,-0.01291,59.1,0.1212,0.4547,ns
M3vsM4_12m,tertiles,Relative Disturbance,ETmax,Mid,21,0.0012,42.9,0.8881,0.9294,ns
M3vsM4_12m,tertiles,Relative Disturbance,GPPsat,Mid,21,-0.17467,57.1,0.2222,0.5938,ns
M3vsM4_12m,tertiles,Relative Disturbance,NEPmax,Mid,21,-0.14414,61.9,0.2222,0.5938,ns
M3vsM4_12m,tertiles,Relative Disturbance,WUE,Mid,21,-0.00545,57.1,0.431,0.7184,ns
M3vsM4_12m,tertiles,Relative Disturbance,uWUE,Mid,21,-0.00288,52.4,0.3772,0.7073,ns
M3vsM4_12m,tertiles,Relative Disturbance,ETmax,Low,22,0.00051,40.9,0.7915,0.8788,ns
M3vsM4_12m,tertiles,Relative Disturbance,GPPsat,Low,22,-0.06505,54.5,0.2687,0.6363,ns
M3vsM4_12m,tertiles,Relative Disturbance,NEPmax,Low,22,-0.51048,68.2,0.02571,0.3857,ns
M3vsM4_12m,tertiles,Relative Disturbance,WUE,Low,22,0.01065,40.9,0.8007,0.8788,ns
M3vsM4_12m,tertiles,Relative Disturbance,uWUE,Low,22,0.01091,45.5,0.8429,0.9031,ns
M3vsM4_12m,equal_width,Absolute Mortality,ETmax,Mid,21,0.00031,47.6,0.5,0.7952,ns
M3vsM4_12m,equal_width,Absolute Mortality,GPPsat,Mid,21,-0.30759,71.4,0.03027,0.2988,ns
M3vsM4_12m,equal_width,Absolute Mortality,NEPmax,Mid,21,-0.82485,81,0.003353,0.1341,ns
M3vsM4_12m,equal_width,Absolute Mortality,WUE,Mid,21,-0.01206,52.4,0.2773,0.5838,ns
M3vsM4_12m,equal_width,Absolute Mortality,uWUE,Mid,21,-0.01523,61.9,0.2021,0.5389,ns
M3vsM4_12m,equal_width,Absolute Mortality,ETmax,Low,41,0.00059,41.5,0.9192,0.9483,ns
M3vsM4_12m,equal_width,Absolute Mortality,GPPsat,Low,41,-0.0387,51.2,0.2627,0.5838,ns
M3vsM4_12m,equal_width,Absolute Mortality,NEPmax,Low,41,-0.26318,58.5,0.1092,0.4366,ns
M3vsM4_12m,equal_width,Absolute Mortality,WUE,Low,41,-0.00313,51.2,0.469,0.7952,ns
M3vsM4_12m,equal_width,Absolute Mortality,uWUE,Low,41,0.00572,46.3,0.7157,0.7952,ns
M3vsM4_12m,equal_width,Absolute Mortality,ETmax,High,3,0.00556,33.3,,,""
M3vsM4_12m,equal_width,Absolute Mortality,GPPsat,High,3,0.01056,33.3,,,""
M3vsM4_12m,equal_width,Absolute Mortality,NEPmax,High,3,0.42915,33.3,,,""
M3vsM4_12m,equal_width,Absolute Mortality,WUE,High,3,0.02666,0,,,""
M3vsM4_12m,equal_width,Absolute Mortality,uWUE,High,3,-0.0106,66.7,,,""
M3vsM4_12m,equal_width,Relative Mortality,ETmax,Mid,26,0.00044,46.2,0.6762,0.7952,ns
M3vsM4_12m,equal_width,Relative Mortality,GPPsat,Mid,26,-0.24113,61.5,0.09761,0.4338,ns
M3vsM4_12m,equal_width,Relative Mortality,NEPmax,Mid,26,-0.4062,73.1,0.03373,0.2988,ns
M3vsM4_12m,equal_width,Relative Mortality,WUE,Mid,26,-0.01286,57.7,0.2385,0.5629,ns
M3vsM4_12m,equal_width,Relative Mortality,uWUE,Mid,26,-0.00489,53.8,0.39,0.7428,ns
M3vsM4_12m,equal_width,Relative Mortality,ETmax,Low,32,0.00051,40.6,0.8275,0.8946,ns
M3vsM4_12m,equal_width,Relative Mortality,GPPsat,Low,32,-0.07829,56.2,0.129,0.4502,ns
M3vsM4_12m,equal_width,Relative Mortality,NEPmax,Low,32,-0.37827,62.5,0.03414,0.2988,ns
M3vsM4_12m,equal_width,Relative Mortality,WUE,Low,32,0.00646,46.9,0.663,0.7952,ns
M3vsM4_12m,equal_width,Relative Mortality,uWUE,Low,32,0.01091,46.9,0.7094,0.7952,ns
M3vsM4_12m,equal_width,Relative Mortality,ETmax,High,7,0.0014,42.9,0.9246,0.9483,ns
M3vsM4_12m,equal_width,Relative Mortality,GPPsat,High,7,0.01056,42.9,0.6637,0.7952,ns
M3vsM4_12m,equal_width,Relative Mortality,NEPmax,High,7,0.09972,42.9,0.6001,0.7952,ns
M3vsM4_12m,equal_width,Relative Mortality,WUE,High,7,0.01514,28.6,0.6001,0.7952,ns
M3vsM4_12m,equal_width,Relative Mortality,uWUE,High,7,-0.0251,71.4,0.05416,0.2988,ns
M3vsM4_12m,equal_width,Relative Disturbance,ETmax,Mid,27,0.00031,48.1,0.6088,0.7952,ns
M3vsM4_12m,equal_width,Relative Disturbance,GPPsat,Mid,27,-0.1287,55.6,0.1653,0.4904,ns
M3vsM4_12m,equal_width,Relative Disturbance,NEPmax,Mid,27,-0.3565,70.4,0.05779,0.2988,ns
M3vsM4_12m,equal_width,Relative Disturbance,WUE,Mid,27,-0.01206,55.6,0.2392,0.5629,ns
M3vsM4_12m,equal_width,Relative Disturbance,uWUE,Mid,27,-0.00288,51.9,0.562,0.7952,ns
M3vsM4_12m,equal_width,Relative Disturbance,ETmax,High,9,-0.00042,55.6,0.6389,0.7952,ns
M3vsM4_12m,equal_width,Relative Disturbance,GPPsat,High,9,-0.04213,55.6,0.3178,0.6356,ns
M3vsM4_12m,equal_width,Relative Disturbance,NEPmax,High,9,-0.69164,55.6,0.1716,0.4904,ns
M3vsM4_12m,equal_width,Relative Disturbance,WUE,High,9,0.01514,33.3,0.5,0.7952,ns
M3vsM4_12m,equal_width,Relative Disturbance,uWUE,High,9,-0.0106,66.7,0.0486,0.2988,ns
M3vsM4_12m,equal_width,Relative Disturbance,ETmax,Low,29,0.00063,34.5,0.9562,0.9562,ns
M3vsM4_12m,equal_width,Relative Disturbance,GPPsat,Low,29,-0.0914,58.6,0.1351,0.4502,ns
M3vsM4_12m,equal_width,Relative Disturbance,NEPmax,Low,29,-0.34422,62.1,0.05975,0.2988,ns
M3vsM4_12m,equal_width,Relative Disturbance,WUE,Low,29,0.00472,48.3,0.6751,0.7952,ns
M3vsM4_12m,equal_width,Relative Disturbance,uWUE,Low,29,0.00572,48.3,0.6514,0.7952,ns
M3vsM4_12m,natural_breaks,Absolute Mortality,ETmax,High,14,-6e-05,50,0.6232,0.8248,ns
M3vsM4_12m,natural_breaks,Absolute Mortality,GPPsat,High,14,-0.32372,64.3,0.1165,0.469,ns
M3vsM4_12m,natural_breaks,Absolute Mortality,NEPmax,High,14,-0.75824,71.4,0.02983,0.469,ns
M3vsM4_12m,natural_breaks,Absolute Mortality,WUE,High,14,0.00544,35.7,0.5991,0.8248,ns
M3vsM4_12m,natural_breaks,Absolute Mortality,uWUE,High,14,-0.00875,57.1,0.2256,0.5077,ns
M3vsM4_12m,natural_breaks,Absolute Mortality,ETmax,Mid,32,0.00103,37.5,0.951,0.9694,ns
M3vsM4_12m,natural_breaks,Absolute Mortality,GPPsat,Mid,32,-0.15169,59.4,0.1251,0.469,ns
M3vsM4_12m,natural_breaks,Absolute Mortality,NEPmax,Mid,32,-0.23423,62.5,0.09371,0.469,ns
M3vsM4_12m,natural_breaks,Absolute Mortality,WUE,Mid,32,-0.00876,53.1,0.4369,0.7561,ns
M3vsM4_12m,natural_breaks,Absolute Mortality,uWUE,Mid,32,-0.0071,53.1,0.4665,0.7757,ns
M3vsM4_12m,natural_breaks,Absolute Mortality,ETmax,Low,19,0.00018,47.4,0.6186,0.8248,ns
M3vsM4_12m,natural_breaks,Absolute Mortality,GPPsat,Low,19,0.02324,47.4,0.508,0.7835,ns
M3vsM4_12m,natural_breaks,Absolute Mortality,NEPmax,Low,19,-0.26318,63.2,0.1098,0.469,ns
M3vsM4_12m,natural_breaks,Absolute Mortality,WUE,Low,19,-0.00313,52.6,0.4281,0.7561,ns
M3vsM4_12m,natural_breaks,Absolute Mortality,uWUE,Low,19,0.00572,47.4,0.6637,0.8296,ns
M3vsM4_12m,natural_breaks,Relative Mortality,ETmax,High,23,-0.00033,52.2,0.6481,0.8296,ns
M3vsM4_12m,natural_breaks,Relative Mortality,GPPsat,High,23,-0.30759,60.9,0.07864,0.469,ns
M3vsM4_12m,natural_breaks,Relative Mortality,NEPmax,High,23,-0.38821,65.2,0.06227,0.469,ns
M3vsM4_12m,natural_breaks,Relative Mortality,WUE,High,23,-0.01206,52.2,0.1848,0.4831,ns
M3vsM4_12m,natural_breaks,Relative Mortality,uWUE,High,23,-0.0069,52.2,0.2665,0.571,ns
M3vsM4_12m,natural_breaks,Relative Mortality,ETmax,Mid,18,0.00258,27.8,0.9694,0.9694,ns
M3vsM4_12m,natural_breaks,Relative Mortality,GPPsat,Mid,18,-0.15169,55.6,0.204,0.4831,ns
M3vsM4_12m,natural_breaks,Relative Mortality,NEPmax,Mid,18,-0.11219,66.7,0.204,0.4831,ns
M3vsM4_12m,natural_breaks,Relative Mortality,WUE,Mid,18,-0.00429,55.6,0.4826,0.7757,ns
M3vsM4_12m,natural_breaks,Relative Mortality,uWUE,Mid,18,-0.01356,61.1,0.204,0.4831,ns
M3vsM4_12m,natural_breaks,Relative Mortality,ETmax,Low,24,3e-04,45.8,0.6179,0.8248,ns
M3vsM4_12m,natural_breaks,Relative Mortality,GPPsat,Low,24,-0.05193,54.2,0.3187,0.6235,ns
M3vsM4_12m,natural_breaks,Relative Mortality,NEPmax,Low,24,-0.38347,62.5,0.03707,0.469,ns
M3vsM4_12m,natural_breaks,Relative Mortality,WUE,Low,24,0.01065,41.7,0.758,0.8747,ns
M3vsM4_12m,natural_breaks,Relative Mortality,uWUE,Low,24,0.01091,45.8,0.858,0.9193,ns
M3vsM4_12m,natural_breaks,Relative Disturbance,ETmax,High,22,0.00044,45.5,0.7821,0.8798,ns
M3vsM4_12m,natural_breaks,Relative Disturbance,GPPsat,High,22,-0.09314,59.1,0.1212,0.469,ns
M3vsM4_12m,natural_breaks,Relative Disturbance,NEPmax,High,22,-0.37236,63.6,0.08635,0.469,ns
M3vsM4_12m,natural_breaks,Relative Disturbance,WUE,High,22,-0.0042,50,0.1904,0.4831,ns
M3vsM4_12m,natural_breaks,Relative Disturbance,uWUE,High,22,-0.01291,59.1,0.1212,0.469,ns
M3vsM4_12m,natural_breaks,Relative Disturbance,ETmax,Mid,20,0.0014,40,0.9011,0.943,ns
M3vsM4_12m,natural_breaks,Relative Disturbance,GPPsat,Mid,20,-0.2544,60,0.2005,0.4831,ns
M3vsM4_12m,natural_breaks,Relative Disturbance,NEPmax,Mid,20,-0.16816,65,0.1706,0.4831,ns
M3vsM4_12m,natural_breaks,Relative Disturbance,WUE,Mid,20,-0.00429,55,0.5223,0.7835,ns
M3vsM4_12m,natural_breaks,Relative Disturbance,uWUE,Mid,20,0.00609,50,0.3755,0.7041,ns
M3vsM4_12m,natural_breaks,Relative Disturbance,ETmax,Low,23,0.00043,43.5,0.7434,0.8747,ns
M3vsM4_12m,natural_breaks,Relative Disturbance,GPPsat,Low,23,-0.0387,52.2,0.3187,0.6235,ns
M3vsM4_12m,natural_breaks,Relative Disturbance,NEPmax,Low,23,-0.42273,65.2,0.03517,0.469,ns
M3vsM4_12m,natural_breaks,Relative Disturbance,WUE,Low,23,0.00821,43.5,0.7335,0.8747,ns
M3vsM4_12m,natural_breaks,Relative Disturbance,uWUE,Low,23,0.00572,47.8,0.8232,0.9035,ns
M3vsM4_24m,tertiles,Absolute Mortality,ETmax,High,22,-0.00102,72.7,0.09704,0.522,ns
M3vsM4_24m,tertiles,Absolute Mortality,GPPsat,High,22,-0.2588,59.1,0.1027,0.522,ns
M3vsM4_24m,tertiles,Absolute Mortality,NEPmax,High,22,-0.33703,63.6,0.04889,0.522,ns
M3vsM4_24m,tertiles,Absolute Mortality,WUE,High,22,-0.00601,59.1,0.2179,0.5448,ns
M3vsM4_24m,tertiles,Absolute Mortality,uWUE,High,22,-0.00525,63.6,0.1993,0.5448,ns
M3vsM4_24m,tertiles,Absolute Mortality,ETmax,Mid,21,0.00121,42.9,0.9619,0.9619,ns
M3vsM4_24m,tertiles,Absolute Mortality,GPPsat,Mid,21,-0.18481,57.1,0.4174,0.6957,ns
M3vsM4_24m,tertiles,Absolute Mortality,NEPmax,Mid,21,0.1093,47.6,0.5415,0.7861,ns
M3vsM4_24m,tertiles,Absolute Mortality,WUE,Mid,21,-0.01234,52.4,0.431,0.6957,ns
M3vsM4_24m,tertiles,Absolute Mortality,uWUE,Mid,21,-0.00376,57.1,0.4039,0.6957,ns
M3vsM4_24m,tertiles,Absolute Mortality,ETmax,Low,22,3e-04,45.5,0.6983,0.8647,ns
M3vsM4_24m,tertiles,Absolute Mortality,GPPsat,Low,22,0.00724,50,0.3131,0.6127,ns
M3vsM4_24m,tertiles,Absolute Mortality,NEPmax,Low,22,-0.18429,68.2,0.1027,0.522,ns
M3vsM4_24m,tertiles,Absolute Mortality,WUE,Low,22,0.00345,45.5,0.5,0.75,ns
M3vsM4_24m,tertiles,Absolute Mortality,uWUE,Low,22,0.00963,40.9,0.903,0.9235,ns
M3vsM4_24m,tertiles,Relative Mortality,ETmax,High,22,-0.00065,68.2,0.2687,0.5913,ns
M3vsM4_24m,tertiles,Relative Mortality,GPPsat,High,22,-0.3105,59.1,0.1494,0.522,ns
M3vsM4_24m,tertiles,Relative Mortality,NEPmax,High,22,-0.32833,63.6,0.06766,0.522,ns
M3vsM4_24m,tertiles,Relative Mortality,WUE,High,22,-0.01055,59.1,0.1571,0.522,ns
M3vsM4_24m,tertiles,Relative Mortality,uWUE,High,22,-0.00566,68.2,0.1212,0.522,ns
M3vsM4_24m,tertiles,Relative Mortality,ETmax,Mid,21,0.00076,42.9,0.8946,0.9235,ns
M3vsM4_24m,tertiles,Relative Mortality,GPPsat,Mid,21,-0.06557,57.1,0.4447,0.6957,ns
M3vsM4_24m,tertiles,Relative Mortality,NEPmax,Mid,21,0.1093,47.6,0.7455,0.8828,ns
M3vsM4_24m,tertiles,Relative Mortality,WUE,Mid,21,-0.00405,52.4,0.4174,0.6957,ns
M3vsM4_24m,tertiles,Relative Mortality,uWUE,Mid,21,-0.0013,52.4,0.7109,0.8647,ns
M3vsM4_24m,tertiles,Relative Mortality,ETmax,Low,22,-6e-05,50,0.6149,0.8139,ns
M3vsM4_24m,tertiles,Relative Mortality,GPPsat,Low,22,0.00724,50,0.2179,0.5448,ns
M3vsM4_24m,tertiles,Relative Mortality,NEPmax,Low,22,-0.31387,68.2,0.02772,0.522,ns
M3vsM4_24m,tertiles,Relative Mortality,WUE,Low,22,0.00629,45.5,0.5899,0.8044,ns
M3vsM4_24m,tertiles,Relative Mortality,uWUE,Low,22,0.00963,40.9,0.858,0.9235,ns
M3vsM4_24m,tertiles,Relative Disturbance,ETmax,High,22,-0.00065,68.2,0.2795,0.5913,ns
M3vsM4_24m,tertiles,Relative Disturbance,GPPsat,High,22,-0.13312,59.1,0.1732,0.522,ns
M3vsM4_24m,tertiles,Relative Disturbance,NEPmax,High,22,-0.26193,59.1,0.142,0.522,ns
M3vsM4_24m,tertiles,Relative Disturbance,WUE,High,22,-0.01055,59.1,0.1148,0.522,ns
M3vsM4_24m,tertiles,Relative Disturbance,uWUE,High,22,-0.00566,63.6,0.1279,0.522,ns
M3vsM4_24m,tertiles,Relative Disturbance,ETmax,Mid,21,5e-04,47.6,0.6867,0.8647,ns
M3vsM4_24m,tertiles,Relative Disturbance,GPPsat,Mid,21,-0.25518,57.1,0.174,0.522,ns
M3vsM4_24m,tertiles,Relative Disturbance,NEPmax,Mid,21,-0.18018,52.4,0.2773,0.5913,ns
M3vsM4_24m,tertiles,Relative Disturbance,WUE,Mid,21,-0.01234,57.1,0.2891,0.5913,ns
M3vsM4_24m,tertiles,Relative Disturbance,uWUE,Mid,21,-0.00376,57.1,0.569,0.8001,ns
M3vsM4_24m,tertiles,Relative Disturbance,ETmax,Low,22,0.00051,45.5,0.835,0.9235,ns
M3vsM4_24m,tertiles,Relative Disturbance,GPPsat,Low,22,0.03392,50,0.4483,0.6957,ns
M3vsM4_24m,tertiles,Relative Disturbance,NEPmax,Low,22,-0.31387,68.2,0.1087,0.522,ns
M3vsM4_24m,tertiles,Relative Disturbance,WUE,Low,22,0.01409,40.9,0.8007,0.9235,ns
M3vsM4_24m,tertiles,Relative Disturbance,uWUE,Low,22,0.01066,40.9,0.903,0.9235,ns
M3vsM4_24m,equal_width,Absolute Mortality,ETmax,Mid,21,-0.00107,81,0.01193,0.2469,ns
M3vsM4_24m,equal_width,Absolute Mortality,GPPsat,Mid,21,-0.43618,71.4,0.01851,0.2469,ns
M3vsM4_24m,equal_width,Absolute Mortality,NEPmax,Mid,21,-0.60716,66.7,0.01851,0.2469,ns
M3vsM4_24m,equal_width,Absolute Mortality,WUE,Mid,21,-0.00798,61.9,0.1831,0.4237,ns
M3vsM4_24m,equal_width,Absolute Mortality,uWUE,Mid,21,-0.00525,61.9,0.2021,0.4237,ns
M3vsM4_24m,equal_width,Absolute Mortality,ETmax,Low,41,0.00093,41.5,0.9487,0.9487,ns
M3vsM4_24m,equal_width,Absolute Mortality,GPPsat,Low,41,-0.00877,51.2,0.3112,0.5187,ns
M3vsM4_24m,equal_width,Absolute Mortality,NEPmax,Low,41,-0.13334,56.1,0.2543,0.4624,ns
M3vsM4_24m,equal_width,Absolute Mortality,WUE,Low,41,0.00076,48.8,0.4331,0.6663,ns
M3vsM4_24m,equal_width,Absolute Mortality,uWUE,Low,41,0.0028,48.8,0.8246,0.9214,ns
M3vsM4_24m,equal_width,Absolute Mortality,ETmax,High,3,0.00608,33.3,,,""
M3vsM4_24m,equal_width,Absolute Mortality,GPPsat,High,3,0.60005,0,,,""
M3vsM4_24m,equal_width,Absolute Mortality,NEPmax,High,3,-0.17733,66.7,,,""
M3vsM4_24m,equal_width,Absolute Mortality,WUE,High,3,0.00936,33.3,,,""
M3vsM4_24m,equal_width,Absolute Mortality,uWUE,High,3,-0.02637,66.7,,,""
M3vsM4_24m,equal_width,Relative Mortality,ETmax,Mid,26,-9e-04,69.2,0.1548,0.4237,ns
M3vsM4_24m,equal_width,Relative Mortality,GPPsat,Mid,26,-0.26436,61.5,0.1489,0.4237,ns
M3vsM4_24m,equal_width,Relative Mortality,NEPmax,Mid,26,-0.30936,65.4,0.04441,0.4237,ns
M3vsM4_24m,equal_width,Relative Mortality,WUE,Mid,26,-0.01273,61.5,0.1939,0.4237,ns
M3vsM4_24m,equal_width,Relative Mortality,uWUE,Mid,26,-0.00451,57.7,0.4294,0.6663,ns
M3vsM4_24m,equal_width,Relative Mortality,ETmax,Low,32,0.00107,40.6,0.9031,0.9487,ns
M3vsM4_24m,equal_width,Relative Mortality,GPPsat,Low,32,-0.10286,56.2,0.1497,0.4237,ns
M3vsM4_24m,equal_width,Relative Mortality,NEPmax,Low,32,-0.15676,59.4,0.1411,0.4237,ns
M3vsM4_24m,equal_width,Relative Mortality,WUE,Low,32,0.00629,43.8,0.6766,0.8763,ns
M3vsM4_24m,equal_width,Relative Mortality,uWUE,Low,32,0.00963,43.8,0.8897,0.9487,ns
M3vsM4_24m,equal_width,Relative Mortality,ETmax,High,7,-4e-05,57.1,0.7229,0.8763,ns
M3vsM4_24m,equal_width,Relative Mortality,GPPsat,High,7,0.07655,28.6,0.8237,0.9214,ns
M3vsM4_24m,equal_width,Relative Mortality,NEPmax,High,7,0.2294,42.9,0.7229,0.8763,ns
M3vsM4_24m,equal_width,Relative Mortality,WUE,High,7,-0.00291,57.1,0.2771,0.4818,ns
M3vsM4_24m,equal_width,Relative Mortality,uWUE,High,7,-0.04699,85.7,0.07539,0.4237,ns
M3vsM4_24m,equal_width,Relative Disturbance,ETmax,Mid,27,-0.00086,66.7,0.1653,0.4237,ns
M3vsM4_24m,equal_width,Relative Disturbance,GPPsat,Mid,27,-0.25518,63,0.1536,0.4237,ns
M3vsM4_24m,equal_width,Relative Disturbance,NEPmax,Mid,27,-0.25812,59.3,0.08733,0.4237,ns
M3vsM4_24m,equal_width,Relative Disturbance,WUE,Mid,27,-0.00798,55.6,0.1838,0.4237,ns
M3vsM4_24m,equal_width,Relative Disturbance,uWUE,Mid,27,-0.00376,55.6,0.5715,0.7883,ns
M3vsM4_24m,equal_width,Relative Disturbance,ETmax,High,9,-3e-04,66.7,0.5,0.7143,ns
M3vsM4_24m,equal_width,Relative Disturbance,GPPsat,High,9,0.07655,44.4,0.4528,0.6709,ns
M3vsM4_24m,equal_width,Relative Disturbance,NEPmax,High,9,-0.35599,66.7,0.2035,0.4237,ns
M3vsM4_24m,equal_width,Relative Disturbance,WUE,High,9,-0.01312,66.7,0.2035,0.4237,ns
M3vsM4_24m,equal_width,Relative Disturbance,uWUE,High,9,-0.02637,77.8,0.06177,0.4237,ns
M3vsM4_24m,equal_width,Relative Disturbance,ETmax,Low,29,0.00122,37.9,0.9452,0.9487,ns
M3vsM4_24m,equal_width,Relative Disturbance,GPPsat,Low,29,-0.00877,51.7,0.2445,0.4624,ns
M3vsM4_24m,equal_width,Relative Disturbance,NEPmax,Low,29,-0.13334,58.6,0.2118,0.4237,ns
M3vsM4_24m,equal_width,Relative Disturbance,WUE,Low,29,0.00615,44.8,0.713,0.8763,ns
M3vsM4_24m,equal_width,Relative Disturbance,uWUE,Low,29,0.003,44.8,0.8293,0.9214,ns
M3vsM4_24m,natural_breaks,Absolute Mortality,ETmax,High,14,-0.00102,78.6,0.1429,0.5197,ns
M3vsM4_24m,natural_breaks,Absolute Mortality,GPPsat,High,14,-0.27929,57.1,0.1576,0.5197,ns
M3vsM4_24m,natural_breaks,Absolute Mortality,NEPmax,High,14,-0.66123,71.4,0.04504,0.5197,ns
M3vsM4_24m,natural_breaks,Absolute Mortality,WUE,High,14,-0.00105,50,0.3078,0.6021,ns
M3vsM4_24m,natural_breaks,Absolute Mortality,uWUE,High,14,-0.02408,71.4,0.0937,0.5197,ns
M3vsM4_24m,natural_breaks,Absolute Mortality,ETmax,Mid,32,0.00027,50,0.871,0.9118,ns
M3vsM4_24m,natural_breaks,Absolute Mortality,GPPsat,Mid,32,-0.26436,62.5,0.1175,0.5197,ns
M3vsM4_24m,natural_breaks,Absolute Mortality,NEPmax,Mid,32,-0.22761,53.1,0.2779,0.5717,ns
M3vsM4_24m,natural_breaks,Absolute Mortality,WUE,Mid,32,-0.01016,56.2,0.459,0.7288,ns
M3vsM4_24m,natural_breaks,Absolute Mortality,uWUE,Mid,32,-0.00116,53.1,0.6899,0.8108,ns
M3vsM4_24m,natural_breaks,Absolute Mortality,ETmax,Low,19,5e-04,42.1,0.6782,0.8108,ns
M3vsM4_24m,natural_breaks,Absolute Mortality,GPPsat,Low,19,0.07661,42.1,0.6637,0.8108,ns
M3vsM4_24m,natural_breaks,Absolute Mortality,NEPmax,Low,19,-0.13334,63.2,0.2406,0.5717,ns
M3vsM4_24m,natural_breaks,Absolute Mortality,WUE,Low,19,0.00076,47.4,0.4124,0.6874,ns
M3vsM4_24m,natural_breaks,Absolute Mortality,uWUE,Low,19,0.003,42.1,0.8174,0.9118,ns
M3vsM4_24m,natural_breaks,Relative Mortality,ETmax,High,23,-0.00069,69.6,0.2281,0.5717,ns
M3vsM4_24m,natural_breaks,Relative Mortality,GPPsat,High,23,-0.43618,60.9,0.1148,0.5197,ns
M3vsM4_24m,natural_breaks,Relative Mortality,NEPmax,High,23,-0.30066,65.2,0.06227,0.5197,ns
M3vsM4_24m,natural_breaks,Relative Mortality,WUE,High,23,-0.01312,60.9,0.109,0.5197,ns
M3vsM4_24m,natural_breaks,Relative Mortality,uWUE,High,23,-0.00525,65.2,0.2015,0.5666,ns
M3vsM4_24m,natural_breaks,Relative Mortality,ETmax,Mid,18,0.00099,44.4,0.8712,0.9118,ns
M3vsM4_24m,natural_breaks,Relative Mortality,GPPsat,Mid,18,-0.16037,61.1,0.2568,0.5717,ns
M3vsM4_24m,natural_breaks,Relative Mortality,NEPmax,Mid,18,-0.03544,50,0.5174,0.751,ns
M3vsM4_24m,natural_breaks,Relative Mortality,WUE,Mid,18,-0.0082,55.6,0.3638,0.6499,ns
M3vsM4_24m,natural_breaks,Relative Mortality,uWUE,Mid,18,-0.00384,61.1,0.3475,0.6499,ns
M3vsM4_24m,natural_breaks,Relative Mortality,ETmax,Low,24,3e-04,45.8,0.7014,0.8108,ns
M3vsM4_24m,natural_breaks,Relative Mortality,GPPsat,Low,24,0.04993,45.8,0.4943,0.7415,ns
M3vsM4_24m,natural_breaks,Relative Mortality,NEPmax,Low,24,-0.16086,62.5,0.1357,0.5197,ns
M3vsM4_24m,natural_breaks,Relative Mortality,WUE,Low,24,0.01182,41.7,0.7014,0.8108,ns
M3vsM4_24m,natural_breaks,Relative Mortality,uWUE,Low,24,0.01728,37.5,0.9403,0.9403,ns
M3vsM4_24m,natural_breaks,Relative Disturbance,ETmax,High,22,-0.00065,68.2,0.2795,0.5717,ns
M3vsM4_24m,natural_breaks,Relative Disturbance,GPPsat,High,22,-0.13312,59.1,0.1732,0.5197,ns
M3vsM4_24m,natural_breaks,Relative Disturbance,NEPmax,High,22,-0.26193,59.1,0.142,0.5197,ns
M3vsM4_24m,natural_breaks,Relative Disturbance,WUE,High,22,-0.01055,59.1,0.1148,0.5197,ns
M3vsM4_24m,natural_breaks,Relative Disturbance,uWUE,High,22,-0.00566,63.6,0.1279,0.5197,ns
M3vsM4_24m,natural_breaks,Relative Disturbance,ETmax,Mid,20,0.00028,50,0.6796,0.8108,ns
M3vsM4_24m,natural_breaks,Relative Disturbance,GPPsat,Mid,20,-0.26436,60,0.1706,0.5197,ns
M3vsM4_24m,natural_breaks,Relative Disturbance,NEPmax,Mid,20,-0.2061,55,0.2568,0.5717,ns
M3vsM4_24m,natural_breaks,Relative Disturbance,WUE,Mid,20,-0.0082,55,0.3755,0.6499,ns
M3vsM4_24m,natural_breaks,Relative Disturbance,uWUE,Mid,20,-0.00384,60,0.5372,0.7554,ns
M3vsM4_24m,natural_breaks,Relative Disturbance,ETmax,Low,23,5e-04,43.5,0.831,0.9118,ns
M3vsM4_24m,natural_breaks,Relative Disturbance,GPPsat,Low,23,0.02325,47.8,0.4697,0.7288,ns
M3vsM4_24m,natural_breaks,Relative Disturbance,NEPmax,Low,23,-0.18839,65.2,0.1208,0.5197,ns
M3vsM4_24m,natural_breaks,Relative Disturbance,WUE,Low,23,0.00643,43.5,0.7027,0.8108,ns
M3vsM4_24m,natural_breaks,Relative Disturbance,uWUE,Low,23,0.01625,39.1,0.9071,0.9277,ns
M5vsM6_raw_12m,tertiles,Absolute Mortality,ETmax,High,22,8e-04,45.5,0.8183,0.9938,ns
M5vsM6_raw_12m,tertiles,Absolute Mortality,GPPsat,High,22,-0.30067,63.6,0.2795,0.9938,ns
M5vsM6_raw_12m,tertiles,Absolute Mortality,NEPmax,High,22,-0.34594,63.6,0.1348,0.9938,ns
M5vsM6_raw_12m,tertiles,Absolute Mortality,WUE,High,22,-0.00894,59.1,0.2905,0.9938,ns
M5vsM6_raw_12m,tertiles,Absolute Mortality,uWUE,High,22,-0.01669,54.5,0.5259,0.9938,ns
M5vsM6_raw_12m,tertiles,Absolute Mortality,ETmax,Mid,21,0.0032,33.3,0.9909,0.9938,ns
M5vsM6_raw_12m,tertiles,Absolute Mortality,GPPsat,Mid,21,-0.01521,52.4,0.9124,0.9938,ns
M5vsM6_raw_12m,tertiles,Absolute Mortality,NEPmax,Mid,21,0.2349,47.6,0.8813,0.9938,ns
M5vsM6_raw_12m,tertiles,Absolute Mortality,WUE,Mid,21,0.0106,33.3,0.9008,0.9938,ns
M5vsM6_raw_12m,tertiles,Absolute Mortality,uWUE,Mid,21,0.00172,47.6,0.8076,0.9938,ns
M5vsM6_raw_12m,tertiles,Absolute Mortality,ETmax,Low,22,0.00114,36.4,0.8788,0.9938,ns
M5vsM6_raw_12m,tertiles,Absolute Mortality,GPPsat,Low,22,0.24889,36.4,0.9234,0.9938,ns
M5vsM6_raw_12m,tertiles,Absolute Mortality,NEPmax,Low,22,0.03379,45.5,0.5388,0.9938,ns
M5vsM6_raw_12m,tertiles,Absolute Mortality,WUE,Low,22,0.01852,31.8,0.9543,0.9938,ns
M5vsM6_raw_12m,tertiles,Absolute Mortality,uWUE,Low,22,0.04019,27.3,0.9938,0.9938,ns
M5vsM6_raw_12m,tertiles,Relative Mortality,ETmax,High,22,8e-04,45.5,0.7915,0.9938,ns
M5vsM6_raw_12m,tertiles,Relative Mortality,GPPsat,High,22,-0.30067,68.2,0.2581,0.9938,ns
M5vsM6_raw_12m,tertiles,Relative Mortality,NEPmax,High,22,-0.56317,59.1,0.1993,0.9938,ns
M5vsM6_raw_12m,tertiles,Relative Mortality,WUE,High,22,0.00333,50,0.4612,0.9938,ns
M5vsM6_raw_12m,tertiles,Relative Mortality,uWUE,High,22,-0.01694,59.1,0.4228,0.9938,ns
M5vsM6_raw_12m,tertiles,Relative Mortality,ETmax,Mid,21,0.0032,28.6,0.9925,0.9938,ns
M5vsM6_raw_12m,tertiles,Relative Mortality,GPPsat,Mid,21,0.75049,33.3,0.9909,0.9938,ns
M5vsM6_raw_12m,tertiles,Relative Mortality,NEPmax,Mid,21,0.13988,47.6,0.9229,0.9938,ns
M5vsM6_raw_12m,tertiles,Relative Mortality,WUE,Mid,21,0.00993,38.1,0.9278,0.9938,ns
M5vsM6_raw_12m,tertiles,Relative Mortality,uWUE,Mid,21,0.01386,38.1,0.9278,0.9938,ns
M5vsM6_raw_12m,tertiles,Relative Mortality,ETmax,Low,22,0.00157,40.9,0.8913,0.9938,ns
M5vsM6_raw_12m,tertiles,Relative Mortality,GPPsat,Low,22,0.01588,50,0.6025,0.9938,ns
M5vsM6_raw_12m,tertiles,Relative Mortality,NEPmax,Low,22,-0.04253,50,0.3365,0.9938,ns
M5vsM6_raw_12m,tertiles,Relative Mortality,WUE,Low,22,0.01737,36.4,0.8852,0.9938,ns
M5vsM6_raw_12m,tertiles,Relative Mortality,uWUE,Low,22,0.03484,31.8,0.9875,0.9938,ns
M5vsM6_raw_12m,tertiles,Relative Disturbance,ETmax,High,22,8e-04,45.5,0.7915,0.9938,ns
M5vsM6_raw_12m,tertiles,Relative Disturbance,GPPsat,High,22,-0.12121,63.6,0.3017,0.9938,ns
M5vsM6_raw_12m,tertiles,Relative Disturbance,NEPmax,High,22,-0.32647,54.5,0.2795,0.9938,ns
M5vsM6_raw_12m,tertiles,Relative Disturbance,WUE,High,22,-0.00473,54.5,0.4101,0.9938,ns
M5vsM6_raw_12m,tertiles,Relative Disturbance,uWUE,High,22,-0.00154,54.5,0.5259,0.9938,ns
M5vsM6_raw_12m,tertiles,Relative Disturbance,ETmax,Mid,21,0.00336,38.1,0.983,0.9938,ns
M5vsM6_raw_12m,tertiles,Relative Disturbance,GPPsat,Mid,21,0.54278,47.6,0.9411,0.9938,ns
M5vsM6_raw_12m,tertiles,Relative Disturbance,NEPmax,Mid,21,-0.04244,52.4,0.6228,0.9938,ns
M5vsM6_raw_12m,tertiles,Relative Disturbance,WUE,Mid,21,0.00993,38.1,0.8348,0.9938,ns
M5vsM6_raw_12m,tertiles,Relative Disturbance,uWUE,Mid,21,0.00798,42.9,0.8743,0.9938,ns
M5vsM6_raw_12m,tertiles,Relative Disturbance,ETmax,Low,22,0.00185,31.8,0.9365,0.9938,ns
M5vsM6_raw_12m,tertiles,Relative Disturbance,GPPsat,Low,22,0.15998,40.9,0.8973,0.9938,ns
M5vsM6_raw_12m,tertiles,Relative Disturbance,NEPmax,Low,22,-0.02074,50,0.6635,0.9938,ns
M5vsM6_raw_12m,tertiles,Relative Disturbance,WUE,Low,22,0.01908,31.8,0.9679,0.9938,ns
M5vsM6_raw_12m,tertiles,Relative Disturbance,uWUE,Low,22,0.03484,31.8,0.9852,0.9938,ns
M5vsM6_raw_12m,equal_width,Absolute Mortality,ETmax,Mid,21,-0.00012,52.4,0.6743,0.9905,ns
M5vsM6_raw_12m,equal_width,Absolute Mortality,GPPsat,Mid,21,-0.4611,66.7,0.133,0.9905,ns
M5vsM6_raw_12m,equal_width,Absolute Mortality,NEPmax,Mid,21,-0.53258,71.4,0.03814,0.9905,ns
M5vsM6_raw_12m,equal_width,Absolute Mortality,WUE,Mid,21,-0.00887,61.9,0.2222,0.9905,ns
M5vsM6_raw_12m,equal_width,Absolute Mortality,uWUE,Mid,21,-0.0321,61.9,0.3905,0.9905,ns
M5vsM6_raw_12m,equal_width,Absolute Mortality,ETmax,Low,41,0.00185,34.1,0.9902,0.9905,ns
M5vsM6_raw_12m,equal_width,Absolute Mortality,GPPsat,Low,41,0.21237,43.9,0.969,0.9905,ns
M5vsM6_raw_12m,equal_width,Absolute Mortality,NEPmax,Low,41,0.13988,43.9,0.8756,0.9905,ns
M5vsM6_raw_12m,equal_width,Absolute Mortality,WUE,Low,41,0.01738,31.7,0.9732,0.9905,ns
M5vsM6_raw_12m,equal_width,Absolute Mortality,uWUE,Low,41,0.03271,36.6,0.9905,0.9905,ns
M5vsM6_raw_12m,equal_width,Absolute Mortality,ETmax,High,3,0.00585,0,,,""
M5vsM6_raw_12m,equal_width,Absolute Mortality,GPPsat,High,3,1.37594,33.3,,,""
M5vsM6_raw_12m,equal_width,Absolute Mortality,NEPmax,High,3,0.56457,33.3,,,""
M5vsM6_raw_12m,equal_width,Absolute Mortality,WUE,High,3,0.08579,33.3,,,""
M5vsM6_raw_12m,equal_width,Absolute Mortality,uWUE,High,3,0.03944,0,,,""
M5vsM6_raw_12m,equal_width,Relative Mortality,ETmax,Mid,26,0,50,0.7536,0.9905,ns
M5vsM6_raw_12m,equal_width,Relative Mortality,GPPsat,Mid,26,-0.00687,50,0.6943,0.9905,ns
M5vsM6_raw_12m,equal_width,Relative Mortality,NEPmax,Mid,26,-0.21035,57.7,0.2796,0.9905,ns
M5vsM6_raw_12m,equal_width,Relative Mortality,WUE,Mid,26,0.00333,50,0.5203,0.9905,ns
M5vsM6_raw_12m,equal_width,Relative Mortality,uWUE,Mid,26,-0.00154,53.8,0.7615,0.9905,ns
M5vsM6_raw_12m,equal_width,Relative Mortality,ETmax,Low,32,0.00185,34.4,0.9757,0.9905,ns
M5vsM6_raw_12m,equal_width,Relative Mortality,GPPsat,Low,32,0.01588,50,0.7866,0.9905,ns
M5vsM6_raw_12m,equal_width,Relative Mortality,NEPmax,Low,32,-0.04253,50,0.614,0.9905,ns
M5vsM6_raw_12m,equal_width,Relative Mortality,WUE,Low,32,0.01737,34.4,0.951,0.9905,ns
M5vsM6_raw_12m,equal_width,Relative Mortality,uWUE,Low,32,0.03484,34.4,0.9895,0.9905,ns
M5vsM6_raw_12m,equal_width,Relative Mortality,ETmax,High,7,0.0024,14.3,0.9888,0.9905,ns
M5vsM6_raw_12m,equal_width,Relative Mortality,GPPsat,High,7,-0.00101,57.1,0.7766,0.9905,ns
M5vsM6_raw_12m,equal_width,Relative Mortality,NEPmax,High,7,0.00468,42.9,0.7229,0.9905,ns
M5vsM6_raw_12m,equal_width,Relative Mortality,WUE,High,7,0.02039,42.9,0.7229,0.9905,ns
M5vsM6_raw_12m,equal_width,Relative Mortality,uWUE,High,7,0.00044,42.9,0.5337,0.9905,ns
M5vsM6_raw_12m,equal_width,Relative Disturbance,ETmax,Mid,27,0.00013,48.1,0.8964,0.9905,ns
M5vsM6_raw_12m,equal_width,Relative Disturbance,GPPsat,Mid,27,0.00147,48.1,0.868,0.9905,ns
M5vsM6_raw_12m,equal_width,Relative Disturbance,NEPmax,Mid,27,-0.10707,55.6,0.4761,0.9905,ns
M5vsM6_raw_12m,equal_width,Relative Disturbance,WUE,Mid,27,0.00713,48.1,0.6088,0.9905,ns
M5vsM6_raw_12m,equal_width,Relative Disturbance,uWUE,Mid,27,0.00172,44.4,0.9201,0.9905,ns
M5vsM6_raw_12m,equal_width,Relative Disturbance,ETmax,High,9,0.00091,33.3,0.8568,0.9905,ns
M5vsM6_raw_12m,equal_width,Relative Disturbance,GPPsat,High,9,-0.10218,66.7,0.5,0.9905,ns
M5vsM6_raw_12m,equal_width,Relative Disturbance,NEPmax,High,9,-0.97556,55.6,0.3611,0.9905,ns
M5vsM6_raw_12m,equal_width,Relative Disturbance,WUE,High,9,0.01263,44.4,0.6389,0.9905,ns
M5vsM6_raw_12m,equal_width,Relative Disturbance,uWUE,High,9,-0.03637,66.7,0.2035,0.9905,ns
M5vsM6_raw_12m,equal_width,Relative Disturbance,ETmax,Low,29,0.00201,31,0.981,0.9905,ns
M5vsM6_raw_12m,equal_width,Relative Disturbance,GPPsat,Low,29,0.05319,48.3,0.8005,0.9905,ns
M5vsM6_raw_12m,equal_width,Relative Disturbance,NEPmax,Low,29,0.012,48.3,0.713,0.9905,ns
M5vsM6_raw_12m,equal_width,Relative Disturbance,WUE,Low,29,0.01738,34.5,0.9476,0.9905,ns
M5vsM6_raw_12m,equal_width,Relative Disturbance,uWUE,Low,29,0.03271,34.5,0.981,0.9905,ns
M5vsM6_raw_12m,natural_breaks,Absolute Mortality,ETmax,High,14,8e-04,42.9,0.7744,0.9933,ns
M5vsM6_raw_12m,natural_breaks,Absolute Mortality,GPPsat,High,14,-0.60366,78.6,0.1732,0.9933,ns
M5vsM6_raw_12m,natural_breaks,Absolute Mortality,NEPmax,High,14,-0.88347,64.3,0.1292,0.9933,ns
M5vsM6_raw_12m,natural_breaks,Absolute Mortality,WUE,High,14,0.00608,50,0.45,0.9933,ns
M5vsM6_raw_12m,natural_breaks,Absolute Mortality,uWUE,High,14,-0.0355,57.1,0.3532,0.9933,ns
M5vsM6_raw_12m,natural_breaks,Absolute Mortality,ETmax,Mid,32,0.00219,37.5,0.989,0.9933,ns
M5vsM6_raw_12m,natural_breaks,Absolute Mortality,GPPsat,Mid,32,-0.00687,50,0.8322,0.9933,ns
M5vsM6_raw_12m,natural_breaks,Absolute Mortality,NEPmax,Mid,32,-0.07475,53.1,0.6833,0.9933,ns
M5vsM6_raw_12m,natural_breaks,Absolute Mortality,WUE,Mid,32,0.00764,43.8,0.871,0.9933,ns
M5vsM6_raw_12m,natural_breaks,Absolute Mortality,uWUE,Mid,32,0.01092,43.8,0.9673,0.9933,ns
M5vsM6_raw_12m,natural_breaks,Absolute Mortality,ETmax,Low,19,0.00116,36.8,0.8743,0.9933,ns
M5vsM6_raw_12m,natural_breaks,Absolute Mortality,GPPsat,Low,19,0.2854,31.6,0.9768,0.9933,ns
M5vsM6_raw_12m,natural_breaks,Absolute Mortality,NEPmax,Low,19,0.05558,42.1,0.7336,0.9933,ns
M5vsM6_raw_12m,natural_breaks,Absolute Mortality,WUE,Low,19,0.01738,31.6,0.8824,0.9933,ns
M5vsM6_raw_12m,natural_breaks,Absolute Mortality,uWUE,Low,19,0.03271,31.6,0.9745,0.9933,ns
M5vsM6_raw_12m,natural_breaks,Relative Mortality,ETmax,High,23,0.00068,43.5,0.7985,0.9933,ns
M5vsM6_raw_12m,natural_breaks,Relative Mortality,GPPsat,High,23,-0.14024,65.2,0.3407,0.9933,ns
M5vsM6_raw_12m,natural_breaks,Relative Mortality,NEPmax,High,23,-0.36033,56.5,0.2015,0.9933,ns
M5vsM6_raw_12m,natural_breaks,Relative Mortality,WUE,High,23,0.00713,47.8,0.5664,0.9933,ns
M5vsM6_raw_12m,natural_breaks,Relative Mortality,uWUE,High,23,-0.00179,56.5,0.5664,0.9933,ns
M5vsM6_raw_12m,natural_breaks,Relative Mortality,ETmax,Mid,18,0.00346,33.3,0.9926,0.9933,ns
M5vsM6_raw_12m,natural_breaks,Relative Mortality,GPPsat,Mid,18,0.59142,38.9,0.9553,0.9933,ns
M5vsM6_raw_12m,natural_breaks,Relative Mortality,NEPmax,Mid,18,-0.07475,55.6,0.7835,0.9933,ns
M5vsM6_raw_12m,natural_breaks,Relative Mortality,WUE,Mid,18,0.0073,44.4,0.757,0.9933,ns
M5vsM6_raw_12m,natural_breaks,Relative Mortality,uWUE,Mid,18,0.00485,44.4,0.7835,0.9933,ns
M5vsM6_raw_12m,natural_breaks,Relative Mortality,ETmax,Low,24,0.00141,37.5,0.9032,0.9933,ns
M5vsM6_raw_12m,natural_breaks,Relative Mortality,GPPsat,Low,24,0.08039,45.8,0.8159,0.9933,ns
M5vsM6_raw_12m,natural_breaks,Relative Mortality,NEPmax,Low,24,0.03379,45.8,0.607,0.9933,ns
M5vsM6_raw_12m,natural_breaks,Relative Mortality,WUE,Low,24,0.01908,33.3,0.9436,0.9933,ns
M5vsM6_raw_12m,natural_breaks,Relative Mortality,uWUE,Low,24,0.04002,29.2,0.9933,0.9933,ns
M5vsM6_raw_12m,natural_breaks,Relative Disturbance,ETmax,High,22,8e-04,45.5,0.7915,0.9933,ns
M5vsM6_raw_12m,natural_breaks,Relative Disturbance,GPPsat,High,22,-0.12121,63.6,0.3017,0.9933,ns
M5vsM6_raw_12m,natural_breaks,Relative Disturbance,NEPmax,High,22,-0.32647,54.5,0.2795,0.9933,ns
M5vsM6_raw_12m,natural_breaks,Relative Disturbance,WUE,High,22,-0.00473,54.5,0.4101,0.9933,ns
M5vsM6_raw_12m,natural_breaks,Relative Disturbance,uWUE,High,22,-0.00154,54.5,0.5259,0.9933,ns
M5vsM6_raw_12m,natural_breaks,Relative Disturbance,ETmax,Mid,20,0.00346,35,0.988,0.9933,ns
M5vsM6_raw_12m,natural_breaks,Relative Disturbance,GPPsat,Mid,20,0.59142,45,0.9517,0.9933,ns
M5vsM6_raw_12m,natural_breaks,Relative Disturbance,NEPmax,Mid,20,-0.07475,55,0.6386,0.9933,ns
M5vsM6_raw_12m,natural_breaks,Relative Disturbance,WUE,Mid,20,0.01398,35,0.9075,0.9933,ns
M5vsM6_raw_12m,natural_breaks,Relative Disturbance,uWUE,Mid,20,0.00485,45,0.8387,0.9933,ns
M5vsM6_raw_12m,natural_breaks,Relative Disturbance,ETmax,Low,23,0.00169,34.8,0.9257,0.9933,ns
M5vsM6_raw_12m,natural_breaks,Relative Disturbance,GPPsat,Low,23,0.10759,43.5,0.8792,0.9933,ns
M5vsM6_raw_12m,natural_breaks,Relative Disturbance,NEPmax,Low,23,0.012,47.8,0.6593,0.9933,ns
M5vsM6_raw_12m,natural_breaks,Relative Disturbance,WUE,Low,23,0.01738,34.8,0.9448,0.9933,ns
M5vsM6_raw_12m,natural_breaks,Relative Disturbance,uWUE,Low,23,0.03698,30.4,0.9892,0.9933,ns
M5vsM6_raw_24m,tertiles,Absolute Mortality,ETmax,High,22,-0.00036,54.5,0.4355,0.9918,ns
M5vsM6_raw_24m,tertiles,Absolute Mortality,GPPsat,High,22,-0.29365,68.2,0.1817,0.9918,ns
M5vsM6_raw_24m,tertiles,Absolute Mortality,NEPmax,High,22,-0.39097,68.2,0.1148,0.9918,ns
M5vsM6_raw_24m,tertiles,Absolute Mortality,WUE,High,22,-0.00264,50,0.4871,0.9918,ns
M5vsM6_raw_24m,tertiles,Absolute Mortality,uWUE,High,22,0.01354,36.4,0.9511,0.9918,ns
M5vsM6_raw_24m,tertiles,Absolute Mortality,ETmax,Mid,21,0.00099,42.9,0.9524,0.9918,ns
M5vsM6_raw_24m,tertiles,Absolute Mortality,GPPsat,Mid,21,0.02349,47.6,0.6228,0.9918,ns
M5vsM6_raw_24m,tertiles,Absolute Mortality,NEPmax,Mid,21,-0.05246,52.4,0.7778,0.9918,ns
M5vsM6_raw_24m,tertiles,Absolute Mortality,WUE,Mid,21,-0.00099,52.4,0.5415,0.9918,ns
M5vsM6_raw_24m,tertiles,Absolute Mortality,uWUE,Mid,21,0.00727,42.9,0.8515,0.9918,ns
M5vsM6_raw_24m,tertiles,Absolute Mortality,ETmax,Low,22,0.00101,45.5,0.8268,0.9918,ns
M5vsM6_raw_24m,tertiles,Absolute Mortality,GPPsat,Low,22,0.29281,40.9,0.7523,0.9918,ns
M5vsM6_raw_24m,tertiles,Absolute Mortality,NEPmax,Low,22,-0.48398,59.1,0.1904,0.9918,ns
M5vsM6_raw_24m,tertiles,Absolute Mortality,WUE,Low,22,0.0191,36.4,0.9852,0.9918,ns
M5vsM6_raw_24m,tertiles,Absolute Mortality,uWUE,Low,22,0.00716,45.5,0.8973,0.9918,ns
M5vsM6_raw_24m,tertiles,Relative Mortality,ETmax,High,22,-0.00047,59.1,0.2581,0.9918,ns
M5vsM6_raw_24m,tertiles,Relative Mortality,GPPsat,High,22,-0.29365,68.2,0.165,0.9918,ns
M5vsM6_raw_24m,tertiles,Relative Mortality,NEPmax,High,22,-0.51311,68.2,0.1904,0.9918,ns
M5vsM6_raw_24m,tertiles,Relative Mortality,WUE,High,22,0.00076,50,0.4483,0.9918,ns
M5vsM6_raw_24m,tertiles,Relative Mortality,uWUE,High,22,0.00922,40.9,0.903,0.9918,ns
M5vsM6_raw_24m,tertiles,Relative Mortality,ETmax,Mid,21,0.00171,33.3,0.9918,0.9918,ns
M5vsM6_raw_24m,tertiles,Relative Mortality,GPPsat,Mid,21,0.38114,38.1,0.9278,0.9918,ns
M5vsM6_raw_24m,tertiles,Relative Mortality,NEPmax,Mid,21,0.02122,47.6,0.8743,0.9918,ns
M5vsM6_raw_24m,tertiles,Relative Mortality,WUE,Mid,21,0.00487,47.6,0.7979,0.9918,ns
M5vsM6_raw_24m,tertiles,Relative Mortality,uWUE,Mid,21,0.01855,33.3,0.9178,0.9918,ns
M5vsM6_raw_24m,tertiles,Relative Mortality,ETmax,Low,22,2e-04,50,0.7821,0.9918,ns
M5vsM6_raw_24m,tertiles,Relative Mortality,GPPsat,Low,22,0.00515,50,0.3017,0.9918,ns
M5vsM6_raw_24m,tertiles,Relative Mortality,NEPmax,Low,22,-0.68468,63.6,0.05958,0.9918,ns
M5vsM6_raw_24m,tertiles,Relative Mortality,WUE,Low,22,0.01107,40.9,0.928,0.9918,ns
M5vsM6_raw_24m,tertiles,Relative Mortality,uWUE,Low,22,0.00268,50,0.8652,0.9918,ns
M5vsM6_raw_24m,tertiles,Relative Disturbance,ETmax,High,22,-0.00036,54.5,0.3365,0.9918,ns
M5vsM6_raw_24m,tertiles,Relative Disturbance,GPPsat,High,22,-0.36778,68.2,0.165,0.9918,ns
M5vsM6_raw_24m,tertiles,Relative Disturbance,NEPmax,High,22,-0.38681,63.6,0.3365,0.9918,ns
M5vsM6_raw_24m,tertiles,Relative Disturbance,WUE,High,22,-0.00439,54.5,0.3484,0.9918,ns
M5vsM6_raw_24m,tertiles,Relative Disturbance,uWUE,High,22,0.00922,40.9,0.928,0.9918,ns
M5vsM6_raw_24m,tertiles,Relative Disturbance,ETmax,Mid,21,0.00099,47.6,0.9524,0.9918,ns
M5vsM6_raw_24m,tertiles,Relative Disturbance,GPPsat,Mid,21,-0.02611,52.4,0.6617,0.9918,ns
M5vsM6_raw_24m,tertiles,Relative Disturbance,NEPmax,Mid,21,-0.07009,57.1,0.3511,0.9918,ns
M5vsM6_raw_24m,tertiles,Relative Disturbance,WUE,Mid,21,0.00487,47.6,0.8076,0.9918,ns
M5vsM6_raw_24m,tertiles,Relative Disturbance,uWUE,Mid,21,0.01855,33.3,0.9008,0.9918,ns
M5vsM6_raw_24m,tertiles,Relative Disturbance,ETmax,Low,22,0.00101,40.9,0.8652,0.9918,ns
M5vsM6_raw_24m,tertiles,Relative Disturbance,GPPsat,Low,22,0.36877,36.4,0.7205,0.9918,ns
M5vsM6_raw_24m,tertiles,Relative Disturbance,NEPmax,Low,22,-0.55183,59.1,0.2581,0.9918,ns
M5vsM6_raw_24m,tertiles,Relative Disturbance,WUE,Low,22,0.01413,36.4,0.9723,0.9918,ns
M5vsM6_raw_24m,tertiles,Relative Disturbance,uWUE,Low,22,0.00268,50,0.858,0.9918,ns
M5vsM6_raw_24m,equal_width,Absolute Mortality,ETmax,Mid,21,-0.00056,61.9,0.1485,0.986,ns
M5vsM6_raw_24m,equal_width,Absolute Mortality,GPPsat,Mid,21,-0.49109,71.4,0.05117,0.986,ns
M5vsM6_raw_24m,equal_width,Absolute Mortality,NEPmax,Mid,21,-0.46817,76.2,0.01851,0.7406,ns
M5vsM6_raw_24m,equal_width,Absolute Mortality,WUE,Mid,21,-0.00778,52.4,0.3511,0.986,ns
M5vsM6_raw_24m,equal_width,Absolute Mortality,uWUE,Mid,21,0.01118,42.9,0.8743,0.986,ns
M5vsM6_raw_24m,equal_width,Absolute Mortality,ETmax,Low,41,0.00141,41.5,0.9809,0.986,ns
M5vsM6_raw_24m,equal_width,Absolute Mortality,GPPsat,Low,41,0.16096,43.9,0.7699,0.986,ns
M5vsM6_raw_24m,equal_width,Absolute Mortality,NEPmax,Low,41,-0.07009,53.7,0.5567,0.986,ns
M5vsM6_raw_24m,equal_width,Absolute Mortality,WUE,Low,41,0.01051,43.9,0.9552,0.986,ns
M5vsM6_raw_24m,equal_width,Absolute Mortality,uWUE,Low,41,0.00727,43.9,0.9302,0.986,ns
M5vsM6_raw_24m,equal_width,Absolute Mortality,ETmax,High,3,0.00286,33.3,,,""
M5vsM6_raw_24m,equal_width,Absolute Mortality,GPPsat,High,3,1.23786,33.3,,,""
M5vsM6_raw_24m,equal_width,Absolute Mortality,NEPmax,High,3,1.11065,33.3,,,""
M5vsM6_raw_24m,equal_width,Absolute Mortality,WUE,High,3,0.06865,33.3,,,""
M5vsM6_raw_24m,equal_width,Absolute Mortality,uWUE,High,3,0.05426,0,,,""
M5vsM6_raw_24m,equal_width,Relative Mortality,ETmax,Mid,26,-0.00047,57.7,0.5405,0.986,ns
M5vsM6_raw_24m,equal_width,Relative Mortality,GPPsat,Mid,26,-0.07668,53.8,0.3803,0.986,ns
M5vsM6_raw_24m,equal_width,Relative Mortality,NEPmax,Mid,26,-0.30331,61.5,0.1672,0.986,ns
M5vsM6_raw_24m,equal_width,Relative Mortality,WUE,Mid,26,-0.00439,53.8,0.1803,0.986,ns
M5vsM6_raw_24m,equal_width,Relative Mortality,uWUE,Mid,26,0.00765,42.3,0.8569,0.986,ns
M5vsM6_raw_24m,equal_width,Relative Mortality,ETmax,Low,32,0.0012,40.6,0.9451,0.986,ns
M5vsM6_raw_24m,equal_width,Relative Mortality,GPPsat,Low,32,0.00515,50,0.4888,0.986,ns
M5vsM6_raw_24m,equal_width,Relative Mortality,NEPmax,Low,32,-0.24039,59.4,0.2416,0.986,ns
M5vsM6_raw_24m,equal_width,Relative Mortality,WUE,Low,32,0.01119,40.6,0.9853,0.986,ns
M5vsM6_raw_24m,equal_width,Relative Mortality,uWUE,Low,32,0.00716,46.9,0.9289,0.986,ns
M5vsM6_raw_24m,equal_width,Relative Mortality,ETmax,High,7,0.00043,42.9,0.7766,0.986,ns
M5vsM6_raw_24m,equal_width,Relative Mortality,GPPsat,High,7,-0.10854,57.1,0.7766,0.986,ns
M5vsM6_raw_24m,equal_width,Relative Mortality,NEPmax,High,7,-0.21612,57.1,0.7766,0.986,ns
M5vsM6_raw_24m,equal_width,Relative Mortality,WUE,High,7,0.03973,42.9,0.7229,0.986,ns
M5vsM6_raw_24m,equal_width,Relative Mortality,uWUE,High,7,0.0269,14.3,0.974,0.986,ns
M5vsM6_raw_24m,equal_width,Relative Disturbance,ETmax,Mid,27,-2e-04,51.9,0.7681,0.986,ns
M5vsM6_raw_24m,equal_width,Relative Disturbance,GPPsat,Mid,27,-0.02611,51.9,0.5526,0.986,ns
M5vsM6_raw_24m,equal_width,Relative Disturbance,NEPmax,Mid,27,-0.18936,63,0.2544,0.986,ns
M5vsM6_raw_24m,equal_width,Relative Disturbance,WUE,Mid,27,-0.00099,51.9,0.3728,0.986,ns
M5vsM6_raw_24m,equal_width,Relative Disturbance,uWUE,Mid,27,0.01855,29.6,0.986,0.986,ns
M5vsM6_raw_24m,equal_width,Relative Disturbance,ETmax,High,9,-0.0013,66.7,0.3178,0.986,ns
M5vsM6_raw_24m,equal_width,Relative Disturbance,GPPsat,High,9,-0.24446,66.7,0.4064,0.986,ns
M5vsM6_raw_24m,equal_width,Relative Disturbance,NEPmax,High,9,-0.82037,66.7,0.4064,0.986,ns
M5vsM6_raw_24m,equal_width,Relative Disturbance,WUE,High,9,-0.02638,55.6,0.5936,0.986,ns
M5vsM6_raw_24m,equal_width,Relative Disturbance,uWUE,High,9,0.00604,44.4,0.7614,0.986,ns
M5vsM6_raw_24m,equal_width,Relative Disturbance,ETmax,Low,29,0.00141,37.9,0.9601,0.986,ns
M5vsM6_raw_24m,equal_width,Relative Disturbance,GPPsat,Low,29,0.11562,48.3,0.543,0.986,ns
M5vsM6_raw_24m,equal_width,Relative Disturbance,NEPmax,Low,29,-0.28346,55.2,0.3327,0.986,ns
M5vsM6_raw_24m,equal_width,Relative Disturbance,WUE,Low,29,0.01163,37.9,0.9855,0.986,ns
M5vsM6_raw_24m,equal_width,Relative Disturbance,uWUE,Low,29,-0.00121,51.7,0.8293,0.986,ns
M5vsM6_raw_24m,natural_breaks,Absolute Mortality,ETmax,High,14,-0.00093,71.4,0.1292,0.9895,ns
M5vsM6_raw_24m,natural_breaks,Absolute Mortality,GPPsat,High,14,-0.29365,71.4,0.1732,0.9895,ns
M5vsM6_raw_24m,natural_breaks,Absolute Mortality,NEPmax,High,14,-0.64427,78.6,0.1165,0.9895,ns
M5vsM6_raw_24m,natural_breaks,Absolute Mortality,WUE,High,14,-0.01708,57.1,0.475,0.9895,ns
M5vsM6_raw_24m,natural_breaks,Absolute Mortality,uWUE,High,14,0.00927,42.9,0.8103,0.9895,ns
M5vsM6_raw_24m,natural_breaks,Absolute Mortality,ETmax,Mid,32,0.00172,40.6,0.9673,0.9895,ns
M5vsM6_raw_24m,natural_breaks,Absolute Mortality,GPPsat,Mid,32,-0.07668,53.1,0.4295,0.9895,ns
M5vsM6_raw_24m,natural_breaks,Absolute Mortality,NEPmax,Mid,32,-0.06128,53.1,0.541,0.9895,ns
M5vsM6_raw_24m,natural_breaks,Absolute Mortality,WUE,Mid,32,0.00282,46.9,0.6766,0.9895,ns
M5vsM6_raw_24m,natural_breaks,Absolute Mortality,uWUE,Mid,32,0.01288,37.5,0.9778,0.9895,ns
M5vsM6_raw_24m,natural_breaks,Absolute Mortality,ETmax,Low,19,0.00141,42.1,0.8065,0.9895,ns
M5vsM6_raw_24m,natural_breaks,Absolute Mortality,GPPsat,Low,19,0.3564,36.8,0.8743,0.9895,ns
M5vsM6_raw_24m,natural_breaks,Absolute Mortality,NEPmax,Low,19,-0.45938,57.9,0.3218,0.9895,ns
M5vsM6_raw_24m,natural_breaks,Absolute Mortality,WUE,Low,19,0.01663,36.8,0.9745,0.9895,ns
M5vsM6_raw_24m,natural_breaks,Absolute Mortality,uWUE,Low,19,0.00656,47.4,0.8569,0.9895,ns
M5vsM6_raw_24m,natural_breaks,Relative Mortality,ETmax,High,23,-0.00056,60.9,0.2374,0.9895,ns
M5vsM6_raw_24m,natural_breaks,Relative Mortality,GPPsat,High,23,-0.24446,65.2,0.2281,0.9895,ns
M5vsM6_raw_24m,natural_breaks,Relative Mortality,NEPmax,High,23,-0.46817,65.2,0.193,0.9895,ns
M5vsM6_raw_24m,natural_breaks,Relative Mortality,WUE,High,23,0.00251,47.8,0.4818,0.9895,ns
M5vsM6_raw_24m,natural_breaks,Relative Mortality,uWUE,High,23,0.01118,39.1,0.912,0.9895,ns
M5vsM6_raw_24m,natural_breaks,Relative Mortality,ETmax,Mid,18,0.00225,33.3,0.9895,0.9895,ns
M5vsM6_raw_24m,natural_breaks,Relative Mortality,GPPsat,Mid,18,0.15236,44.4,0.7705,0.9895,ns
M5vsM6_raw_24m,natural_breaks,Relative Mortality,NEPmax,Mid,18,-0.06128,55.6,0.6684,0.9895,ns
M5vsM6_raw_24m,natural_breaks,Relative Mortality,WUE,Mid,18,-0.00647,55.6,0.5174,0.9895,ns
M5vsM6_raw_24m,natural_breaks,Relative Mortality,uWUE,Mid,18,0.0113,38.9,0.8198,0.9895,ns
M5vsM6_raw_24m,natural_breaks,Relative Mortality,ETmax,Low,24,0.00101,45.8,0.8234,0.9895,ns
M5vsM6_raw_24m,natural_breaks,Relative Mortality,GPPsat,Low,24,0.17242,45.8,0.5624,0.9895,ns
M5vsM6_raw_24m,natural_breaks,Relative Mortality,NEPmax,Low,24,-0.49067,58.3,0.2331,0.9895,ns
M5vsM6_raw_24m,natural_breaks,Relative Mortality,WUE,Low,24,0.01413,37.5,0.9748,0.9895,ns
M5vsM6_raw_24m,natural_breaks,Relative Mortality,uWUE,Low,24,0.00716,45.8,0.9403,0.9895,ns
M5vsM6_raw_24m,natural_breaks,Relative Disturbance,ETmax,High,22,-0.00036,54.5,0.3365,0.9895,ns
M5vsM6_raw_24m,natural_breaks,Relative Disturbance,GPPsat,High,22,-0.36778,68.2,0.165,0.9895,ns
M5vsM6_raw_24m,natural_breaks,Relative Disturbance,NEPmax,High,22,-0.38681,63.6,0.3365,0.9895,ns
M5vsM6_raw_24m,natural_breaks,Relative Disturbance,WUE,High,22,-0.00439,54.5,0.3484,0.9895,ns
M5vsM6_raw_24m,natural_breaks,Relative Disturbance,uWUE,High,22,0.00922,40.9,0.928,0.9895,ns
M5vsM6_raw_24m,natural_breaks,Relative Disturbance,ETmax,Mid,20,0.00168,45,0.9619,0.9895,ns
M5vsM6_raw_24m,natural_breaks,Relative Disturbance,GPPsat,Mid,20,-0.00131,50,0.6929,0.9895,ns
M5vsM6_raw_24m,natural_breaks,Relative Disturbance,NEPmax,Mid,20,-0.06128,55,0.4041,0.9895,ns
M5vsM6_raw_24m,natural_breaks,Relative Disturbance,WUE,Mid,20,0.00782,45,0.8387,0.9895,ns
M5vsM6_raw_24m,natural_breaks,Relative Disturbance,uWUE,Mid,20,0.01656,35,0.8563,0.9895,ns
M5vsM6_raw_24m,natural_breaks,Relative Disturbance,ETmax,Low,23,0.00062,43.5,0.8599,0.9895,ns
M5vsM6_raw_24m,natural_breaks,Relative Disturbance,GPPsat,Low,23,0.3564,39.1,0.7335,0.9895,ns
M5vsM6_raw_24m,natural_breaks,Relative Disturbance,NEPmax,Low,23,-0.52195,60.9,0.2469,0.9895,ns
M5vsM6_raw_24m,natural_breaks,Relative Disturbance,WUE,Low,23,0.01163,39.1,0.9624,0.9895,ns
M5vsM6_raw_24m,natural_breaks,Relative Disturbance,uWUE,Low,23,0.00656,47.8,0.9071,0.9895,ns
M5vsM6_anom_12m,tertiles,Absolute Mortality,ETmax,High,22,-0.00088,54.5,0.2581,0.8534,ns
M5vsM6_anom_12m,tertiles,Absolute Mortality,GPPsat,High,22,-0.72274,63.6,0.2085,0.8534,ns
M5vsM6_anom_12m,tertiles,Absolute Mortality,NEPmax,High,22,-1.06166,63.6,0.05958,0.8534,ns
M5vsM6_anom_12m,tertiles,Absolute Mortality,WUE,High,22,-0.00517,50,0.4101,0.8534,ns
M5vsM6_anom_12m,tertiles,Absolute Mortality,uWUE,High,22,-0.00761,50,0.4741,0.8534,ns
M5vsM6_anom_12m,tertiles,Absolute Mortality,ETmax,Mid,21,0.00209,38.1,0.9451,0.9543,ns
M5vsM6_anom_12m,tertiles,Absolute Mortality,GPPsat,Mid,21,-0.04631,52.4,0.4585,0.8534,ns
M5vsM6_anom_12m,tertiles,Absolute Mortality,NEPmax,Mid,21,0.03124,47.6,0.7565,0.9543,ns
M5vsM6_anom_12m,tertiles,Absolute Mortality,WUE,Mid,21,0.0035,47.6,0.3641,0.8534,ns
M5vsM6_anom_12m,tertiles,Absolute Mortality,uWUE,Mid,21,-0.00332,52.4,0.4447,0.8534,ns
M5vsM6_anom_12m,tertiles,Absolute Mortality,ETmax,Low,22,0.00176,45.5,0.6025,0.9543,ns
M5vsM6_anom_12m,tertiles,Absolute Mortality,GPPsat,Low,22,0.22733,36.4,0.7821,0.9543,ns
M5vsM6_anom_12m,tertiles,Absolute Mortality,NEPmax,Low,22,-0.34362,54.5,0.2085,0.8534,ns
M5vsM6_anom_12m,tertiles,Absolute Mortality,WUE,Low,22,0.0144,40.9,0.8183,0.9543,ns
M5vsM6_anom_12m,tertiles,Absolute Mortality,uWUE,Low,22,0.02946,27.3,0.9543,0.9543,ns
M5vsM6_anom_12m,tertiles,Relative Mortality,ETmax,High,22,-0.00049,54.5,0.3131,0.8534,ns
M5vsM6_anom_12m,tertiles,Relative Mortality,GPPsat,High,22,-0.53384,68.2,0.2085,0.8534,ns
M5vsM6_anom_12m,tertiles,Relative Mortality,NEPmax,High,22,-1.06166,63.6,0.09158,0.8534,ns
M5vsM6_anom_12m,tertiles,Relative Mortality,WUE,High,22,0.00219,45.5,0.4612,0.8534,ns
M5vsM6_anom_12m,tertiles,Relative Mortality,uWUE,High,22,-0.0042,50,0.3727,0.8534,ns
M5vsM6_anom_12m,tertiles,Relative Mortality,ETmax,Mid,21,0.00222,33.3,0.9524,0.9543,ns
M5vsM6_anom_12m,tertiles,Relative Mortality,GPPsat,Mid,21,0.44329,33.3,0.9067,0.9543,ns
M5vsM6_anom_12m,tertiles,Relative Mortality,NEPmax,Mid,21,0.16529,38.1,0.8743,0.9543,ns
M5vsM6_anom_12m,tertiles,Relative Mortality,WUE,Mid,21,-0.01204,57.1,0.2658,0.8534,ns
M5vsM6_anom_12m,tertiles,Relative Mortality,uWUE,Mid,21,8e-04,47.6,0.6743,0.9543,ns
M5vsM6_anom_12m,tertiles,Relative Mortality,ETmax,Low,22,0.00055,50,0.6025,0.9543,ns
M5vsM6_anom_12m,tertiles,Relative Mortality,GPPsat,Low,22,0.03926,50,0.2581,0.8534,ns
M5vsM6_anom_12m,tertiles,Relative Mortality,NEPmax,Low,22,-0.83657,63.6,0.04889,0.8534,ns
M5vsM6_anom_12m,tertiles,Relative Mortality,WUE,Low,22,0.0255,36.4,0.8096,0.9543,ns
M5vsM6_anom_12m,tertiles,Relative Mortality,uWUE,Low,22,0.0157,31.8,0.8788,0.9543,ns
M5vsM6_anom_12m,tertiles,Relative Disturbance,ETmax,High,22,-0.00049,54.5,0.3247,0.8534,ns
M5vsM6_anom_12m,tertiles,Relative Disturbance,GPPsat,High,22,-0.53384,68.2,0.2179,0.8534,ns
M5vsM6_anom_12m,tertiles,Relative Disturbance,NEPmax,High,22,-0.92818,59.1,0.142,0.8534,ns
M5vsM6_anom_12m,tertiles,Relative Disturbance,WUE,High,22,-0.00517,50,0.3605,0.8534,ns
M5vsM6_anom_12m,tertiles,Relative Disturbance,uWUE,High,22,0.00421,45.5,0.4483,0.8534,ns
M5vsM6_anom_12m,tertiles,Relative Disturbance,ETmax,Mid,21,0.00222,42.9,0.8594,0.9543,ns
M5vsM6_anom_12m,tertiles,Relative Disturbance,GPPsat,Mid,21,0.19254,42.9,0.6867,0.9543,ns
M5vsM6_anom_12m,tertiles,Relative Disturbance,NEPmax,Mid,21,-0.14607,52.4,0.3772,0.8534,ns
M5vsM6_anom_12m,tertiles,Relative Disturbance,WUE,Mid,21,-0.00239,52.4,0.1924,0.8534,ns
M5vsM6_anom_12m,tertiles,Relative Disturbance,uWUE,Mid,21,-0.00332,52.4,0.6867,0.9543,ns
M5vsM6_anom_12m,tertiles,Relative Disturbance,ETmax,Low,22,0.00158,40.9,0.7724,0.9543,ns
M5vsM6_anom_12m,tertiles,Relative Disturbance,GPPsat,Low,22,0.15253,40.9,0.5259,0.9102,ns
M5vsM6_anom_12m,tertiles,Relative Disturbance,NEPmax,Low,22,-0.68811,54.5,0.1732,0.8534,ns
M5vsM6_anom_12m,tertiles,Relative Disturbance,WUE,Low,22,0.0255,36.4,0.9136,0.9543,ns
M5vsM6_anom_12m,tertiles,Relative Disturbance,uWUE,Low,22,0.0157,31.8,0.8721,0.9543,ns
M5vsM6_anom_12m,equal_width,Absolute Mortality,ETmax,Mid,21,-6e-04,57.1,0.174,0.8675,ns
M5vsM6_anom_12m,equal_width,Absolute Mortality,GPPsat,Mid,21,-0.892,66.7,0.06751,0.8675,ns
M5vsM6_anom_12m,equal_width,Absolute Mortality,NEPmax,Mid,21,-1.0609,71.4,0.01193,0.4774,ns
M5vsM6_anom_12m,equal_width,Absolute Mortality,WUE,Mid,21,-0.01204,52.4,0.1924,0.8675,ns
M5vsM6_anom_12m,equal_width,Absolute Mortality,uWUE,Mid,21,-0.02399,57.1,0.2773,0.8675,ns
M5vsM6_anom_12m,equal_width,Absolute Mortality,ETmax,Low,41,0.00209,41.5,0.8675,0.8675,ns
M5vsM6_anom_12m,equal_width,Absolute Mortality,GPPsat,Low,41,0.14945,43.9,0.6655,0.8675,ns
M5vsM6_anom_12m,equal_width,Absolute Mortality,NEPmax,Low,41,0.03124,48.8,0.469,0.8675,ns
M5vsM6_anom_12m,equal_width,Absolute Mortality,WUE,Low,41,0.0075,43.9,0.6655,0.8675,ns
M5vsM6_anom_12m,equal_width,Absolute Mortality,uWUE,Low,41,0.01553,39,0.856,0.8675,ns
M5vsM6_anom_12m,equal_width,Absolute Mortality,ETmax,High,3,0.0065,33.3,,,""
M5vsM6_anom_12m,equal_width,Absolute Mortality,GPPsat,High,3,1.47422,33.3,,,""
M5vsM6_anom_12m,equal_width,Absolute Mortality,NEPmax,High,3,1.11227,33.3,,,""
M5vsM6_anom_12m,equal_width,Absolute Mortality,WUE,High,3,0.11188,33.3,,,""
M5vsM6_anom_12m,equal_width,Absolute Mortality,uWUE,High,3,0.03489,0,,,""
M5vsM6_anom_12m,equal_width,Relative Mortality,ETmax,Mid,26,5e-05,50,0.5203,0.8675,ns
M5vsM6_anom_12m,equal_width,Relative Mortality,GPPsat,Mid,26,0.07311,50,0.39,0.8675,ns
M5vsM6_anom_12m,equal_width,Relative Mortality,NEPmax,Mid,26,-0.4356,53.8,0.1374,0.8675,ns
M5vsM6_anom_12m,equal_width,Relative Mortality,WUE,Mid,26,-0.00722,53.8,0.161,0.8675,ns
M5vsM6_anom_12m,equal_width,Relative Mortality,uWUE,Mid,26,-0.00126,50,0.61,0.8675,ns
M5vsM6_anom_12m,equal_width,Relative Mortality,ETmax,Low,32,0.00158,43.8,0.7221,0.8675,ns
M5vsM6_anom_12m,equal_width,Relative Mortality,GPPsat,Low,32,0.03926,50,0.3577,0.8675,ns
M5vsM6_anom_12m,equal_width,Relative Mortality,NEPmax,Low,32,-0.41261,59.4,0.1411,0.8675,ns
M5vsM6_anom_12m,equal_width,Relative Mortality,WUE,Low,32,0.006,43.8,0.7345,0.8675,ns
M5vsM6_anom_12m,equal_width,Relative Mortality,uWUE,Low,32,0.0157,37.5,0.8275,0.8675,ns
M5vsM6_anom_12m,equal_width,Relative Mortality,ETmax,High,7,0.00036,42.9,0.7766,0.8675,ns
M5vsM6_anom_12m,equal_width,Relative Mortality,GPPsat,High,7,-0.47926,57.1,0.7766,0.8675,ns
M5vsM6_anom_12m,equal_width,Relative Mortality,NEPmax,High,7,0.27775,42.9,0.7229,0.8675,ns
M5vsM6_anom_12m,equal_width,Relative Mortality,WUE,High,7,0.04298,28.6,0.8237,0.8675,ns
M5vsM6_anom_12m,equal_width,Relative Mortality,uWUE,High,7,0.00762,42.9,0.4663,0.8675,ns
M5vsM6_anom_12m,equal_width,Relative Disturbance,ETmax,Mid,27,-0.00038,51.9,0.6272,0.8675,ns
M5vsM6_anom_12m,equal_width,Relative Disturbance,GPPsat,Mid,27,-0.04631,51.9,0.457,0.8675,ns
M5vsM6_anom_12m,equal_width,Relative Disturbance,NEPmax,Mid,27,-0.37952,51.9,0.2036,0.8675,ns
M5vsM6_anom_12m,equal_width,Relative Disturbance,WUE,Mid,27,-0.00239,51.9,0.2246,0.8675,ns
M5vsM6_anom_12m,equal_width,Relative Disturbance,uWUE,Mid,27,0.01553,44.4,0.8097,0.8675,ns
M5vsM6_anom_12m,equal_width,Relative Disturbance,ETmax,High,9,0.00036,44.4,0.4528,0.8675,ns
M5vsM6_anom_12m,equal_width,Relative Disturbance,GPPsat,High,9,-0.47926,55.6,0.4528,0.8675,ns
M5vsM6_anom_12m,equal_width,Relative Disturbance,NEPmax,High,9,-1.48787,55.6,0.3178,0.8675,ns
M5vsM6_anom_12m,equal_width,Relative Disturbance,WUE,High,9,0.00267,33.3,0.8284,0.8675,ns
M5vsM6_anom_12m,equal_width,Relative Disturbance,uWUE,High,9,-0.02399,55.6,0.2386,0.8675,ns
M5vsM6_anom_12m,equal_width,Relative Disturbance,ETmax,Low,29,0.00187,41.4,0.7623,0.8675,ns
M5vsM6_anom_12m,equal_width,Relative Disturbance,GPPsat,Low,29,0.08614,48.3,0.406,0.8675,ns
M5vsM6_anom_12m,equal_width,Relative Disturbance,NEPmax,Low,29,-0.28858,58.6,0.2056,0.8675,ns
M5vsM6_anom_12m,equal_width,Relative Disturbance,WUE,Low,29,0.00449,44.8,0.6829,0.8675,ns
M5vsM6_anom_12m,equal_width,Relative Disturbance,uWUE,Low,29,0.01073,37.9,0.7487,0.8675,ns
M5vsM6_anom_12m,natural_breaks,Absolute Mortality,ETmax,High,14,-0.00125,57.1,0.1897,0.904,ns
M5vsM6_anom_12m,natural_breaks,Absolute Mortality,GPPsat,High,14,-0.72274,64.3,0.2256,0.904,ns
M5vsM6_anom_12m,natural_breaks,Absolute Mortality,NEPmax,High,14,-1.57744,71.4,0.08363,0.904,ns
M5vsM6_anom_12m,natural_breaks,Absolute Mortality,WUE,High,14,0.00437,35.7,0.6922,0.9247,ns
M5vsM6_anom_12m,natural_breaks,Absolute Mortality,uWUE,High,14,-0.00818,50,0.5,0.904,ns
M5vsM6_anom_12m,natural_breaks,Absolute Mortality,ETmax,Mid,32,0.00198,40.6,0.9237,0.9247,ns
M5vsM6_anom_12m,natural_breaks,Absolute Mortality,GPPsat,Mid,32,-0.10471,56.2,0.2475,0.904,ns
M5vsM6_anom_12m,natural_breaks,Absolute Mortality,NEPmax,Mid,32,-0.0639,50,0.3438,0.904,ns
M5vsM6_anom_12m,natural_breaks,Absolute Mortality,WUE,Mid,32,-0.00722,53.1,0.3647,0.904,ns
M5vsM6_anom_12m,natural_breaks,Absolute Mortality,uWUE,Mid,32,0.00527,46.9,0.6833,0.9247,ns
M5vsM6_anom_12m,natural_breaks,Absolute Mortality,ETmax,Low,19,0.0013,47.4,0.5401,0.904,ns
M5vsM6_anom_12m,natural_breaks,Absolute Mortality,GPPsat,Low,19,0.29473,31.6,0.9175,0.9247,ns
M5vsM6_anom_12m,natural_breaks,Absolute Mortality,NEPmax,Low,19,-0.14607,52.6,0.3814,0.904,ns
M5vsM6_anom_12m,natural_breaks,Absolute Mortality,WUE,Low,19,0.0075,42.1,0.6925,0.9247,ns
M5vsM6_anom_12m,natural_breaks,Absolute Mortality,uWUE,Low,19,0.02066,31.6,0.8569,0.9247,ns
M5vsM6_anom_12m,natural_breaks,Relative Mortality,ETmax,High,23,-0.00038,52.2,0.3863,0.904,ns
M5vsM6_anom_12m,natural_breaks,Relative Mortality,GPPsat,High,23,-0.51419,65.2,0.2374,0.904,ns
M5vsM6_anom_12m,natural_breaks,Relative Mortality,NEPmax,High,23,-1.0609,60.9,0.09291,0.904,ns
M5vsM6_anom_12m,natural_breaks,Relative Mortality,WUE,High,23,0.00267,43.5,0.5424,0.904,ns
M5vsM6_anom_12m,natural_breaks,Relative Mortality,uWUE,High,23,0.00762,47.8,0.5182,0.904,ns
M5vsM6_anom_12m,natural_breaks,Relative Mortality,ETmax,Mid,18,0.00241,38.9,0.9247,0.9247,ns
M5vsM6_anom_12m,natural_breaks,Relative Mortality,GPPsat,Mid,18,0.20825,38.9,0.7432,0.9247,ns
M5vsM6_anom_12m,natural_breaks,Relative Mortality,NEPmax,Mid,18,0.09827,44.4,0.6994,0.9247,ns
M5vsM6_anom_12m,natural_breaks,Relative Mortality,WUE,Mid,18,-0.01788,61.1,0.1288,0.904,ns
M5vsM6_anom_12m,natural_breaks,Relative Mortality,uWUE,Mid,18,-0.00333,55.6,0.4826,0.904,ns
M5vsM6_anom_12m,natural_breaks,Relative Mortality,ETmax,Low,24,0.00129,45.8,0.6607,0.9247,ns
M5vsM6_anom_12m,natural_breaks,Relative Mortality,GPPsat,Low,24,0.11564,45.8,0.4943,0.904,ns
M5vsM6_anom_12m,natural_breaks,Relative Mortality,NEPmax,Low,24,-0.68811,58.3,0.1485,0.904,ns
M5vsM6_anom_12m,natural_breaks,Relative Mortality,WUE,Low,24,0.0255,37.5,0.858,0.9247,ns
M5vsM6_anom_12m,natural_breaks,Relative Mortality,uWUE,Low,24,0.02658,29.2,0.9214,0.9247,ns
M5vsM6_anom_12m,natural_breaks,Relative Disturbance,ETmax,High,22,-0.00049,54.5,0.3247,0.904,ns
M5vsM6_anom_12m,natural_breaks,Relative Disturbance,GPPsat,High,22,-0.53384,68.2,0.2179,0.904,ns
M5vsM6_anom_12m,natural_breaks,Relative Disturbance,NEPmax,High,22,-0.92818,59.1,0.142,0.904,ns
M5vsM6_anom_12m,natural_breaks,Relative Disturbance,WUE,High,22,-0.00517,50,0.3605,0.904,ns
M5vsM6_anom_12m,natural_breaks,Relative Disturbance,uWUE,High,22,0.00421,45.5,0.4483,0.904,ns
M5vsM6_anom_12m,natural_breaks,Relative Disturbance,ETmax,Mid,20,0.00248,40,0.9075,0.9247,ns
M5vsM6_anom_12m,natural_breaks,Relative Disturbance,GPPsat,Mid,20,0.20825,40,0.6796,0.9247,ns
M5vsM6_anom_12m,natural_breaks,Relative Disturbance,NEPmax,Mid,20,-0.0639,50,0.4041,0.904,ns
M5vsM6_anom_12m,natural_breaks,Relative Disturbance,WUE,Mid,20,0.00055,50,0.2941,0.904,ns
M5vsM6_anom_12m,natural_breaks,Relative Disturbance,uWUE,Mid,20,-0.00333,55,0.6662,0.9247,ns
M5vsM6_anom_12m,natural_breaks,Relative Disturbance,ETmax,Low,23,0.0013,43.5,0.7234,0.9247,ns
M5vsM6_anom_12m,natural_breaks,Relative Disturbance,GPPsat,Low,23,0.14513,43.5,0.5424,0.904,ns
M5vsM6_anom_12m,natural_breaks,Relative Disturbance,NEPmax,Low,23,-0.54118,56.5,0.1768,0.904,ns
M5vsM6_anom_12m,natural_breaks,Relative Disturbance,WUE,Low,23,0.0213,39.1,0.8599,0.9247,ns
M5vsM6_anom_12m,natural_breaks,Relative Disturbance,uWUE,Low,23,0.02066,30.4,0.8966,0.9247,ns
M5vsM6_anom_24m,tertiles,Absolute Mortality,ETmax,High,22,-0.00107,54.5,0.2687,0.6172,ns
M5vsM6_anom_24m,tertiles,Absolute Mortality,GPPsat,High,22,-0.74982,68.2,0.1348,0.6172,ns
M5vsM6_anom_24m,tertiles,Absolute Mortality,NEPmax,High,22,-0.73925,72.7,0.08635,0.6172,ns
M5vsM6_anom_24m,tertiles,Absolute Mortality,WUE,High,22,-0.01976,59.1,0.2795,0.6172,ns
M5vsM6_anom_24m,tertiles,Absolute Mortality,uWUE,High,22,-0.00872,68.2,0.2795,0.6172,ns
M5vsM6_anom_24m,tertiles,Absolute Mortality,ETmax,Mid,21,0.00121,42.9,0.8813,0.9781,ns
M5vsM6_anom_24m,tertiles,Absolute Mortality,GPPsat,Mid,21,-0.22073,66.7,0.2021,0.6172,ns
M5vsM6_anom_24m,tertiles,Absolute Mortality,NEPmax,Mid,21,-0.15494,57.1,0.6867,0.9781,ns
M5vsM6_anom_24m,tertiles,Absolute Mortality,WUE,Mid,21,0.00562,47.6,0.2435,0.6172,ns
M5vsM6_anom_24m,tertiles,Absolute Mortality,uWUE,Mid,21,0.00701,42.9,0.6095,0.9458,ns
M5vsM6_anom_24m,tertiles,Absolute Mortality,ETmax,Low,22,0.00071,40.9,0.6516,0.9774,ns
M5vsM6_anom_24m,tertiles,Absolute Mortality,GPPsat,Low,22,0.1711,31.8,0.7205,0.9781,ns
M5vsM6_anom_24m,tertiles,Absolute Mortality,NEPmax,Low,22,-0.65711,59.1,0.1348,0.6172,ns
M5vsM6_anom_24m,tertiles,Absolute Mortality,WUE,Low,22,0.01087,31.8,0.9442,0.9781,ns
M5vsM6_anom_24m,tertiles,Absolute Mortality,uWUE,Low,22,0.00998,36.4,0.8788,0.9781,ns
M5vsM6_anom_24m,tertiles,Relative Mortality,ETmax,High,22,-0.00124,59.1,0.1904,0.6172,ns
M5vsM6_anom_24m,tertiles,Relative Mortality,GPPsat,High,22,-0.74982,72.7,0.1571,0.6172,ns
M5vsM6_anom_24m,tertiles,Relative Mortality,NEPmax,High,22,-0.82569,72.7,0.1279,0.6172,ns
M5vsM6_anom_24m,tertiles,Relative Mortality,WUE,High,22,-0.01991,54.5,0.1571,0.6172,ns
M5vsM6_anom_24m,tertiles,Relative Mortality,uWUE,High,22,-0.01301,63.6,0.2905,0.6172,ns
M5vsM6_anom_24m,tertiles,Relative Mortality,ETmax,Mid,21,0.00179,33.3,0.9781,0.9781,ns
M5vsM6_anom_24m,tertiles,Relative Mortality,GPPsat,Mid,21,0.03604,47.6,0.7342,0.9781,ns
M5vsM6_anom_24m,tertiles,Relative Mortality,NEPmax,Mid,21,0.03119,47.6,0.8348,0.9781,ns
M5vsM6_anom_24m,tertiles,Relative Mortality,WUE,Mid,21,-0.00756,52.4,0.5,0.8654,ns
M5vsM6_anom_24m,tertiles,Relative Mortality,uWUE,Mid,21,0.00701,42.9,0.8169,0.9781,ns
M5vsM6_anom_24m,tertiles,Relative Mortality,ETmax,Low,22,0.00024,45.5,0.4483,0.807,ns
M5vsM6_anom_24m,tertiles,Relative Mortality,GPPsat,Low,22,0.06779,45.5,0.2179,0.6172,ns
M5vsM6_anom_24m,tertiles,Relative Mortality,NEPmax,Low,22,-0.95868,68.2,0.03212,0.6172,ns
M5vsM6_anom_24m,tertiles,Relative Mortality,WUE,Low,22,0.01087,31.8,0.903,0.9781,ns
M5vsM6_anom_24m,tertiles,Relative Mortality,uWUE,Low,22,0.00478,40.9,0.8183,0.9781,ns
M5vsM6_anom_24m,tertiles,Relative Disturbance,ETmax,High,22,-0.00124,59.1,0.2477,0.6172,ns
M5vsM6_anom_24m,tertiles,Relative Disturbance,GPPsat,High,22,-0.74982,72.7,0.165,0.6172,ns
M5vsM6_anom_24m,tertiles,Relative Disturbance,NEPmax,High,22,-0.73925,68.2,0.2477,0.6172,ns
M5vsM6_anom_24m,tertiles,Relative Disturbance,WUE,High,22,-0.01991,59.1,0.08135,0.6172,ns
M5vsM6_anom_24m,tertiles,Relative Disturbance,uWUE,High,22,-0.01301,63.6,0.3017,0.6172,ns
M5vsM6_anom_24m,tertiles,Relative Disturbance,ETmax,Mid,21,0.00121,33.3,0.9369,0.9781,ns
M5vsM6_anom_24m,tertiles,Relative Disturbance,GPPsat,Mid,21,-0.00017,52.4,0.4039,0.7573,ns
M5vsM6_anom_24m,tertiles,Relative Disturbance,NEPmax,Mid,21,-0.23974,61.9,0.2545,0.6172,ns
M5vsM6_anom_24m,tertiles,Relative Disturbance,WUE,Mid,21,-0.00756,52.4,0.3905,0.7573,ns
M5vsM6_anom_24m,tertiles,Relative Disturbance,uWUE,Mid,21,0.00701,42.9,0.7979,0.9781,ns
M5vsM6_anom_24m,tertiles,Relative Disturbance,ETmax,Low,22,0.00071,45.5,0.5772,0.9277,ns
M5vsM6_anom_24m,tertiles,Relative Disturbance,GPPsat,Low,22,0.08983,40.9,0.5388,0.898,ns
M5vsM6_anom_24m,tertiles,Relative Disturbance,NEPmax,Low,22,-0.95868,59.1,0.1212,0.6172,ns
M5vsM6_anom_24m,tertiles,Relative Disturbance,WUE,Low,22,0.01472,27.3,0.9679,0.9781,ns
M5vsM6_anom_24m,tertiles,Relative Disturbance,uWUE,Low,22,0.00478,40.9,0.835,0.9781,ns
M5vsM6_anom_24m,equal_width,Absolute Mortality,ETmax,Mid,21,-0.00115,57.1,0.1119,0.4933,ns
M5vsM6_anom_24m,equal_width,Absolute Mortality,GPPsat,Mid,21,-1.01645,71.4,0.02796,0.3728,ns
M5vsM6_anom_24m,equal_width,Absolute Mortality,NEPmax,Mid,21,-0.82551,81,0.01193,0.3728,ns
M5vsM6_anom_24m,equal_width,Absolute Mortality,WUE,Mid,21,-0.02124,61.9,0.09329,0.4933,ns
M5vsM6_anom_24m,equal_width,Absolute Mortality,uWUE,Mid,21,-0.00636,66.7,0.2891,0.6838,ns
M5vsM6_anom_24m,equal_width,Absolute Mortality,ETmax,Low,41,0.00102,41.5,0.8501,0.9211,ns
M5vsM6_anom_24m,equal_width,Absolute Mortality,GPPsat,Low,41,0.05584,48.8,0.5103,0.8004,ns
M5vsM6_anom_24m,equal_width,Absolute Mortality,NEPmax,Low,41,-0.23974,56.1,0.3439,0.7643,ns
M5vsM6_anom_24m,equal_width,Absolute Mortality,WUE,Low,41,0.00779,39,0.7777,0.9145,ns
M5vsM6_anom_24m,equal_width,Absolute Mortality,uWUE,Low,41,0.00612,41.5,0.8002,0.9145,ns
M5vsM6_anom_24m,equal_width,Absolute Mortality,ETmax,High,3,0.00316,33.3,,,""
M5vsM6_anom_24m,equal_width,Absolute Mortality,GPPsat,High,3,1.21172,33.3,,,""
M5vsM6_anom_24m,equal_width,Absolute Mortality,NEPmax,High,3,1.66691,33.3,,,""
M5vsM6_anom_24m,equal_width,Absolute Mortality,WUE,High,3,0.12415,33.3,,,""
M5vsM6_anom_24m,equal_width,Absolute Mortality,uWUE,High,3,0.01331,33.3,,,""
M5vsM6_anom_24m,equal_width,Relative Mortality,ETmax,Mid,26,0.00018,50,0.4394,0.8004,ns
M5vsM6_anom_24m,equal_width,Relative Mortality,GPPsat,Mid,26,-0.2788,65.4,0.1319,0.4933,ns
M5vsM6_anom_24m,equal_width,Relative Mortality,NEPmax,Mid,26,-0.4464,65.4,0.1067,0.4933,ns
M5vsM6_anom_24m,equal_width,Relative Mortality,WUE,Mid,26,-0.01976,61.5,0.0224,0.3728,ns
M5vsM6_anom_24m,equal_width,Relative Mortality,uWUE,Mid,26,-0.00279,53.8,0.5203,0.8004,ns
M5vsM6_anom_24m,equal_width,Relative Mortality,ETmax,Low,32,0.00101,40.6,0.7406,0.9145,ns
M5vsM6_anom_24m,equal_width,Relative Mortality,GPPsat,Low,32,0.06138,46.9,0.2906,0.6838,ns
M5vsM6_anom_24m,equal_width,Relative Mortality,NEPmax,Low,32,-0.43927,62.5,0.1034,0.4933,ns
M5vsM6_anom_24m,equal_width,Relative Mortality,WUE,Low,32,0.01472,34.4,0.9408,0.9428,ns
M5vsM6_anom_24m,equal_width,Relative Mortality,uWUE,Low,32,0.00747,40.6,0.8861,0.9327,ns
M5vsM6_anom_24m,equal_width,Relative Mortality,ETmax,High,7,-0.00115,57.1,0.4663,0.8004,ns
M5vsM6_anom_24m,equal_width,Relative Mortality,GPPsat,High,7,-0.41887,57.1,0.7766,0.9145,ns
M5vsM6_anom_24m,equal_width,Relative Mortality,NEPmax,High,7,-0.51325,57.1,0.7766,0.9145,ns
M5vsM6_anom_24m,equal_width,Relative Mortality,WUE,High,7,0.00053,42.9,0.6001,0.889,ns
M5vsM6_anom_24m,equal_width,Relative Mortality,uWUE,High,7,-0.01326,71.4,0.2771,0.6838,ns
M5vsM6_anom_24m,equal_width,Relative Disturbance,ETmax,Mid,27,0.00051,48.1,0.6541,0.9145,ns
M5vsM6_anom_24m,equal_width,Relative Disturbance,GPPsat,Mid,27,-0.25817,63,0.1969,0.5813,ns
M5vsM6_anom_24m,equal_width,Relative Disturbance,NEPmax,Mid,27,-0.23981,66.7,0.148,0.4933,ns
M5vsM6_anom_24m,equal_width,Relative Disturbance,WUE,Mid,27,-0.01771,55.6,0.06977,0.4933,ns
M5vsM6_anom_24m,equal_width,Relative Disturbance,uWUE,Mid,27,0.003,44.4,0.852,0.9211,ns
M5vsM6_anom_24m,equal_width,Relative Disturbance,ETmax,High,9,-0.00115,66.7,0.2035,0.5813,ns
M5vsM6_anom_24m,equal_width,Relative Disturbance,GPPsat,High,9,-0.41887,66.7,0.4064,0.8004,ns
M5vsM6_anom_24m,equal_width,Relative Disturbance,NEPmax,High,9,-0.95007,66.7,0.5,0.8004,ns
M5vsM6_anom_24m,equal_width,Relative Disturbance,WUE,High,9,-0.03538,55.6,0.4528,0.8004,ns
M5vsM6_anom_24m,equal_width,Relative Disturbance,uWUE,High,9,-0.02293,77.8,0.1181,0.4933,ns
M5vsM6_anom_24m,equal_width,Relative Disturbance,ETmax,Low,29,0.00102,37.9,0.7555,0.9145,ns
M5vsM6_anom_24m,equal_width,Relative Disturbance,GPPsat,Low,29,0.06865,44.8,0.3728,0.7849,ns
M5vsM6_anom_24m,equal_width,Relative Disturbance,NEPmax,Low,29,-0.48509,58.6,0.1447,0.4933,ns
M5vsM6_anom_24m,equal_width,Relative Disturbance,WUE,Low,29,0.0115,34.5,0.9428,0.9428,ns
M5vsM6_anom_24m,equal_width,Relative Disturbance,uWUE,Low,29,0.00344,44.8,0.7882,0.9145,ns
M5vsM6_anom_24m,natural_breaks,Absolute Mortality,ETmax,High,14,-0.00144,71.4,0.05828,0.6829,ns
M5vsM6_anom_24m,natural_breaks,Absolute Mortality,GPPsat,High,14,-0.82678,71.4,0.2072,0.6829,ns
M5vsM6_anom_24m,natural_breaks,Absolute Mortality,NEPmax,High,14,-1.0862,78.6,0.1046,0.6829,ns
M5vsM6_anom_24m,natural_breaks,Absolute Mortality,WUE,High,14,-0.02846,57.1,0.3532,0.6998,ns
M5vsM6_anom_24m,natural_breaks,Absolute Mortality,uWUE,High,14,-0.01416,71.4,0.286,0.6829,ns
M5vsM6_anom_24m,natural_breaks,Absolute Mortality,ETmax,Mid,32,0.00135,40.6,0.8671,0.9694,ns
M5vsM6_anom_24m,natural_breaks,Absolute Mortality,GPPsat,Mid,32,-0.28208,65.6,0.1103,0.6829,ns
M5vsM6_anom_24m,natural_breaks,Absolute Mortality,NEPmax,Mid,32,-0.19734,59.4,0.3577,0.6998,ns
M5vsM6_anom_24m,natural_breaks,Absolute Mortality,WUE,Mid,32,-0.0108,53.1,0.2475,0.6829,ns
M5vsM6_anom_24m,natural_breaks,Absolute Mortality,uWUE,Mid,32,0.00278,43.8,0.792,0.9694,ns
M5vsM6_anom_24m,natural_breaks,Absolute Mortality,ETmax,Low,19,0.00102,36.8,0.6338,0.8947,ns
M5vsM6_anom_24m,natural_breaks,Absolute Mortality,GPPsat,Low,19,0.23117,26.3,0.8824,0.9694,ns
M5vsM6_anom_24m,natural_breaks,Absolute Mortality,NEPmax,Low,19,-0.48509,57.9,0.2664,0.6829,ns
M5vsM6_anom_24m,natural_breaks,Absolute Mortality,WUE,Low,19,0.0115,26.3,0.9564,0.9694,ns
M5vsM6_anom_24m,natural_breaks,Absolute Mortality,uWUE,Low,19,0.00612,42.1,0.8065,0.9694,ns
M5vsM6_anom_24m,natural_breaks,Relative Mortality,ETmax,High,23,-0.00115,60.9,0.1848,0.6829,ns
M5vsM6_anom_24m,natural_breaks,Relative Mortality,GPPsat,High,23,-0.63712,69.6,0.1768,0.6829,ns
M5vsM6_anom_24m,natural_breaks,Relative Mortality,NEPmax,High,23,-0.82551,69.6,0.1148,0.6829,ns
M5vsM6_anom_24m,natural_breaks,Relative Mortality,WUE,High,23,-0.01829,56.5,0.1335,0.6829,ns
M5vsM6_anom_24m,natural_breaks,Relative Mortality,uWUE,High,23,-0.01275,60.9,0.3187,0.6829,ns
M5vsM6_anom_24m,natural_breaks,Relative Mortality,ETmax,Mid,18,0.002,27.8,0.9694,0.9694,ns
M5vsM6_anom_24m,natural_breaks,Relative Mortality,GPPsat,Mid,18,-0.04321,55.6,0.3969,0.7145,ns
M5vsM6_anom_24m,natural_breaks,Relative Mortality,NEPmax,Mid,18,-0.10908,55.6,0.6684,0.9115,ns
M5vsM6_anom_24m,natural_breaks,Relative Mortality,WUE,Mid,18,-0.01264,55.6,0.3006,0.6829,ns
M5vsM6_anom_24m,natural_breaks,Relative Mortality,uWUE,Mid,18,6e-05,50,0.6362,0.8947,ns
M5vsM6_anom_24m,natural_breaks,Relative Mortality,ETmax,Low,24,0.00024,45.8,0.5171,0.831,ns
M5vsM6_anom_24m,natural_breaks,Relative Mortality,GPPsat,Low,24,0.07321,41.7,0.4376,0.7573,ns
M5vsM6_anom_24m,natural_breaks,Relative Mortality,NEPmax,Low,24,-0.7411,62.5,0.1018,0.6829,ns
M5vsM6_anom_24m,natural_breaks,Relative Mortality,WUE,Low,24,0.01472,29.2,0.9581,0.9694,ns
M5vsM6_anom_24m,natural_breaks,Relative Mortality,uWUE,Low,24,0.01187,37.5,0.9126,0.9694,ns
M5vsM6_anom_24m,natural_breaks,Relative Disturbance,ETmax,High,22,-0.00124,59.1,0.2477,0.6829,ns
M5vsM6_anom_24m,natural_breaks,Relative Disturbance,GPPsat,High,22,-0.74982,72.7,0.165,0.6829,ns
M5vsM6_anom_24m,natural_breaks,Relative Disturbance,NEPmax,High,22,-0.73925,68.2,0.2477,0.6829,ns
M5vsM6_anom_24m,natural_breaks,Relative Disturbance,WUE,High,22,-0.01991,59.1,0.08135,0.6829,ns
M5vsM6_anom_24m,natural_breaks,Relative Disturbance,uWUE,High,22,-0.01301,63.6,0.3017,0.6829,ns
M5vsM6_anom_24m,natural_breaks,Relative Disturbance,ETmax,Mid,20,0.00147,35,0.9347,0.9694,ns
M5vsM6_anom_24m,natural_breaks,Relative Disturbance,GPPsat,Mid,20,-0.04321,55,0.3897,0.7145,ns
M5vsM6_anom_24m,natural_breaks,Relative Disturbance,NEPmax,Mid,20,-0.19734,60,0.3071,0.6829,ns
M5vsM6_anom_24m,natural_breaks,Relative Disturbance,WUE,Mid,20,0.00011,50,0.4628,0.7714,ns
M5vsM6_anom_24m,natural_breaks,Relative Disturbance,uWUE,Mid,20,0.00479,45,0.7186,0.9511,ns
M5vsM6_anom_24m,natural_breaks,Relative Disturbance,ETmax,Low,23,4e-04,43.5,0.602,0.8947,ns
M5vsM6_anom_24m,natural_breaks,Relative Disturbance,GPPsat,Low,23,0.07777,39.1,0.5664,0.8789,ns
M5vsM6_anom_24m,natural_breaks,Relative Disturbance,NEPmax,Low,23,-0.75276,60.9,0.1208,0.6829,ns
M5vsM6_anom_24m,natural_breaks,Relative Disturbance,WUE,Low,23,0.0115,30.4,0.9482,0.9694,ns
M5vsM6_anom_24m,natural_breaks,Relative Disturbance,uWUE,Low,23,0.00612,39.1,0.8852,0.9694,ns
M7vsM8_raw_12m,tertiles,Absolute Mortality,ETmax,High,22,0.00031,50,0.7205,0.9811,ns
M7vsM8_raw_12m,tertiles,Absolute Mortality,GPPsat,High,22,-0.11854,54.5,0.2375,0.9811,ns
M7vsM8_raw_12m,tertiles,Absolute Mortality,NEPmax,High,22,-0.37865,63.6,0.03212,0.9811,ns
M7vsM8_raw_12m,tertiles,Absolute Mortality,WUE,High,22,0.01237,50,0.8007,0.9811,ns
M7vsM8_raw_12m,tertiles,Absolute Mortality,uWUE,High,22,0.00139,50,0.5772,0.9811,ns
M7vsM8_raw_12m,tertiles,Absolute Mortality,ETmax,Mid,21,0.00104,38.1,0.9229,0.9811,ns
M7vsM8_raw_12m,tertiles,Absolute Mortality,GPPsat,Mid,21,0.15142,47.6,0.6095,0.9811,ns
M7vsM8_raw_12m,tertiles,Absolute Mortality,NEPmax,Mid,21,0.09871,42.9,0.7109,0.9811,ns
M7vsM8_raw_12m,tertiles,Absolute Mortality,WUE,Mid,21,-0.00383,52.4,0.5277,0.9811,ns
M7vsM8_raw_12m,tertiles,Absolute Mortality,uWUE,Mid,21,-0.00835,57.1,0.3511,0.9811,ns
M7vsM8_raw_12m,tertiles,Absolute Mortality,ETmax,Low,22,7e-05,50,0.6516,0.9811,ns
M7vsM8_raw_12m,tertiles,Absolute Mortality,GPPsat,Low,22,-0.0511,59.1,0.3365,0.9811,ns
M7vsM8_raw_12m,tertiles,Absolute Mortality,NEPmax,Low,22,-0.20991,54.5,0.165,0.9811,ns
M7vsM8_raw_12m,tertiles,Absolute Mortality,WUE,Low,22,0.01377,36.4,0.9323,0.9811,ns
M7vsM8_raw_12m,tertiles,Absolute Mortality,uWUE,Low,22,0.01814,36.4,0.9655,0.9811,ns
M7vsM8_raw_12m,tertiles,Relative Mortality,ETmax,High,22,0.00021,50,0.5,0.9811,ns
M7vsM8_raw_12m,tertiles,Relative Mortality,GPPsat,High,22,-0.0104,50,0.3975,0.9811,ns
M7vsM8_raw_12m,tertiles,Relative Mortality,NEPmax,High,22,-0.37865,63.6,0.04889,0.9811,ns
M7vsM8_raw_12m,tertiles,Relative Mortality,WUE,High,22,-0.01328,54.5,0.5899,0.9811,ns
M7vsM8_raw_12m,tertiles,Relative Mortality,uWUE,High,22,-0.00499,59.1,0.4228,0.9811,ns
M7vsM8_raw_12m,tertiles,Relative Mortality,ETmax,Mid,21,0.00136,38.1,0.9646,0.9811,ns
M7vsM8_raw_12m,tertiles,Relative Mortality,GPPsat,Mid,21,0.12383,47.6,0.6617,0.9811,ns
M7vsM8_raw_12m,tertiles,Relative Mortality,NEPmax,Mid,21,0.073,42.9,0.7109,0.9811,ns
M7vsM8_raw_12m,tertiles,Relative Mortality,WUE,Mid,21,0.00283,47.6,0.7673,0.9811,ns
M7vsM8_raw_12m,tertiles,Relative Mortality,uWUE,Mid,21,0.00414,42.9,0.8169,0.9811,ns
M7vsM8_raw_12m,tertiles,Relative Mortality,ETmax,Low,22,0.00042,50,0.6983,0.9811,ns
M7vsM8_raw_12m,tertiles,Relative Mortality,GPPsat,Low,22,-0.0511,63.6,0.1732,0.9811,ns
M7vsM8_raw_12m,tertiles,Relative Mortality,NEPmax,Low,22,-0.20991,54.5,0.1087,0.9811,ns
M7vsM8_raw_12m,tertiles,Relative Mortality,WUE,Low,22,0.01377,36.4,0.9404,0.9811,ns
M7vsM8_raw_12m,tertiles,Relative Mortality,uWUE,Low,22,0.00963,40.9,0.8852,0.9811,ns
M7vsM8_raw_12m,tertiles,Relative Disturbance,ETmax,High,22,0.00021,50,0.5772,0.9811,ns
M7vsM8_raw_12m,tertiles,Relative Disturbance,GPPsat,High,22,0.00821,50,0.4101,0.9811,ns
M7vsM8_raw_12m,tertiles,Relative Disturbance,NEPmax,High,22,-0.2303,59.1,0.09158,0.9811,ns
M7vsM8_raw_12m,tertiles,Relative Disturbance,WUE,High,22,-0.01328,54.5,0.5899,0.9811,ns
M7vsM8_raw_12m,tertiles,Relative Disturbance,uWUE,High,22,-0.00037,54.5,0.5129,0.9811,ns
M7vsM8_raw_12m,tertiles,Relative Disturbance,ETmax,Mid,21,0.00034,42.9,0.8813,0.9811,ns
M7vsM8_raw_12m,tertiles,Relative Disturbance,GPPsat,Mid,21,-0.00551,52.4,0.431,0.9811,ns
M7vsM8_raw_12m,tertiles,Relative Disturbance,NEPmax,Mid,21,0.00396,47.6,0.431,0.9811,ns
M7vsM8_raw_12m,tertiles,Relative Disturbance,WUE,Mid,21,-0.00052,52.4,0.5139,0.9811,ns
M7vsM8_raw_12m,tertiles,Relative Disturbance,uWUE,Mid,21,0.00309,47.6,0.569,0.9811,ns
M7vsM8_raw_12m,tertiles,Relative Disturbance,ETmax,Low,22,0.00114,45.5,0.858,0.9811,ns
M7vsM8_raw_12m,tertiles,Relative Disturbance,GPPsat,Low,22,-0.0511,59.1,0.3851,0.9811,ns
M7vsM8_raw_12m,tertiles,Relative Disturbance,NEPmax,Low,22,-0.20991,54.5,0.2085,0.9811,ns
M7vsM8_raw_12m,tertiles,Relative Disturbance,WUE,Low,22,0.01817,31.8,0.9811,0.9811,ns
M7vsM8_raw_12m,tertiles,Relative Disturbance,uWUE,Low,22,0.0139,40.9,0.9234,0.9811,ns
M7vsM8_raw_12m,equal_width,Absolute Mortality,ETmax,Mid,21,-8e-05,52.4,0.5,0.9765,ns
M7vsM8_raw_12m,equal_width,Absolute Mortality,GPPsat,Mid,21,-0.20144,57.1,0.09922,0.9765,ns
M7vsM8_raw_12m,equal_width,Absolute Mortality,NEPmax,Mid,21,-0.51002,71.4,0.006165,0.2466,ns
M7vsM8_raw_12m,equal_width,Absolute Mortality,WUE,Mid,21,-0.00052,52.4,0.569,0.9765,ns
M7vsM8_raw_12m,equal_width,Absolute Mortality,uWUE,Mid,21,0.00309,47.6,0.7342,0.9765,ns
M7vsM8_raw_12m,equal_width,Absolute Mortality,ETmax,Low,41,0.00104,43.9,0.9445,0.9765,ns
M7vsM8_raw_12m,equal_width,Absolute Mortality,GPPsat,Low,41,-0.0214,53.7,0.5155,0.9765,ns
M7vsM8_raw_12m,equal_width,Absolute Mortality,NEPmax,Low,41,0.05667,46.3,0.4742,0.9765,ns
M7vsM8_raw_12m,equal_width,Absolute Mortality,WUE,Low,41,0.0035,43.9,0.8834,0.9765,ns
M7vsM8_raw_12m,equal_width,Absolute Mortality,uWUE,Low,41,0.00414,46.3,0.8212,0.9765,ns
M7vsM8_raw_12m,equal_width,Absolute Mortality,ETmax,High,3,0.00158,33.3,,,""
M7vsM8_raw_12m,equal_width,Absolute Mortality,GPPsat,High,3,0.34584,33.3,,,""
M7vsM8_raw_12m,equal_width,Absolute Mortality,NEPmax,High,3,0.28224,33.3,,,""
M7vsM8_raw_12m,equal_width,Absolute Mortality,WUE,High,3,0.06972,33.3,,,""
M7vsM8_raw_12m,equal_width,Absolute Mortality,uWUE,High,3,-0.02923,66.7,,,""
M7vsM8_raw_12m,equal_width,Relative Mortality,ETmax,Mid,26,0.00024,46.2,0.6853,0.9765,ns
M7vsM8_raw_12m,equal_width,Relative Mortality,GPPsat,Mid,26,-0.02152,50,0.3422,0.9765,ns
M7vsM8_raw_12m,equal_width,Relative Mortality,NEPmax,Mid,26,-0.22415,57.7,0.05767,0.9765,ns
M7vsM8_raw_12m,equal_width,Relative Mortality,WUE,Mid,26,-0.0054,57.7,0.3147,0.9765,ns
M7vsM8_raw_12m,equal_width,Relative Mortality,uWUE,Mid,26,0.00125,50,0.777,0.9765,ns
M7vsM8_raw_12m,equal_width,Relative Mortality,ETmax,Low,32,0.00114,46.9,0.8589,0.9765,ns
M7vsM8_raw_12m,equal_width,Relative Mortality,GPPsat,Low,32,-0.0511,59.4,0.2534,0.9765,ns
M7vsM8_raw_12m,equal_width,Relative Mortality,NEPmax,Low,32,-0.17284,53.1,0.2594,0.9765,ns
M7vsM8_raw_12m,equal_width,Relative Mortality,WUE,Low,32,0.01817,34.4,0.9823,0.9823,ns
M7vsM8_raw_12m,equal_width,Relative Mortality,uWUE,Low,32,0.00533,43.8,0.8589,0.9765,ns
M7vsM8_raw_12m,equal_width,Relative Mortality,ETmax,High,7,7e-04,42.9,0.8976,0.9765,ns
M7vsM8_raw_12m,equal_width,Relative Mortality,GPPsat,High,7,0.34584,42.9,0.8237,0.9765,ns
M7vsM8_raw_12m,equal_width,Relative Mortality,NEPmax,High,7,0.19866,42.9,0.5337,0.9765,ns
M7vsM8_raw_12m,equal_width,Relative Mortality,WUE,High,7,-0.01421,57.1,0.7766,0.9765,ns
M7vsM8_raw_12m,equal_width,Relative Mortality,uWUE,High,7,-0.0273,57.1,0.3363,0.9765,ns
M7vsM8_raw_12m,equal_width,Relative Disturbance,ETmax,Mid,27,-0.00023,51.9,0.5335,0.9765,ns
M7vsM8_raw_12m,equal_width,Relative Disturbance,GPPsat,Mid,27,0.08662,48.1,0.4665,0.9765,ns
M7vsM8_raw_12m,equal_width,Relative Disturbance,NEPmax,Mid,27,-0.18091,55.6,0.108,0.9765,ns
M7vsM8_raw_12m,equal_width,Relative Disturbance,WUE,Mid,27,-0.00052,51.9,0.5239,0.9765,ns
M7vsM8_raw_12m,equal_width,Relative Disturbance,uWUE,Mid,27,0.00309,44.4,0.8287,0.9765,ns
M7vsM8_raw_12m,equal_width,Relative Disturbance,ETmax,High,9,7e-04,44.4,0.7965,0.9765,ns
M7vsM8_raw_12m,equal_width,Relative Disturbance,GPPsat,High,9,-0.10741,55.6,0.4064,0.9765,ns
M7vsM8_raw_12m,equal_width,Relative Disturbance,NEPmax,High,9,-0.75184,55.6,0.1432,0.9765,ns
M7vsM8_raw_12m,equal_width,Relative Disturbance,WUE,High,9,-0.01421,55.6,0.7232,0.9765,ns
M7vsM8_raw_12m,equal_width,Relative Disturbance,uWUE,High,9,-0.01105,66.7,0.2386,0.9765,ns
M7vsM8_raw_12m,equal_width,Relative Disturbance,ETmax,Low,29,0.00159,41.4,0.9428,0.9765,ns
M7vsM8_raw_12m,equal_width,Relative Disturbance,GPPsat,Low,29,-0.04151,58.6,0.3327,0.9765,ns
M7vsM8_raw_12m,equal_width,Relative Disturbance,NEPmax,Low,29,-0.16478,51.7,0.3406,0.9765,ns
M7vsM8_raw_12m,equal_width,Relative Disturbance,WUE,Low,29,0.00989,37.9,0.952,0.9765,ns
M7vsM8_raw_12m,equal_width,Relative Disturbance,uWUE,Low,29,0.0054,44.8,0.8649,0.9765,ns
M7vsM8_raw_12m,natural_breaks,Absolute Mortality,ETmax,High,14,0.00031,50,0.6468,0.9399,ns
M7vsM8_raw_12m,natural_breaks,Absolute Mortality,GPPsat,High,14,-0.15443,57.1,0.2651,0.9399,ns
M7vsM8_raw_12m,natural_breaks,Absolute Mortality,NEPmax,High,14,-0.74951,71.4,0.02582,0.7397,ns
M7vsM8_raw_12m,natural_breaks,Absolute Mortality,WUE,High,14,-0.01328,57.1,0.6232,0.9399,ns
M7vsM8_raw_12m,natural_breaks,Absolute Mortality,uWUE,High,14,-0.01918,64.3,0.3302,0.9399,ns
M7vsM8_raw_12m,natural_breaks,Absolute Mortality,ETmax,Mid,32,0.00077,40.6,0.9264,0.9731,ns
M7vsM8_raw_12m,natural_breaks,Absolute Mortality,GPPsat,Mid,32,-0.06758,53.1,0.3167,0.9399,ns
M7vsM8_raw_12m,natural_breaks,Absolute Mortality,NEPmax,Mid,32,-0.06662,50,0.386,0.9399,ns
M7vsM8_raw_12m,natural_breaks,Absolute Mortality,WUE,Mid,32,0.00116,50,0.7584,0.9731,ns
M7vsM8_raw_12m,natural_breaks,Absolute Mortality,uWUE,Mid,32,0.00295,46.9,0.7699,0.9731,ns
M7vsM8_raw_12m,natural_breaks,Absolute Mortality,ETmax,Low,19,-2e-04,52.6,0.6338,0.9399,ns
M7vsM8_raw_12m,natural_breaks,Absolute Mortality,GPPsat,Low,19,-0.0214,52.6,0.6186,0.9399,ns
M7vsM8_raw_12m,natural_breaks,Absolute Mortality,NEPmax,Low,19,0.0427,47.4,0.3814,0.9399,ns
M7vsM8_raw_12m,natural_breaks,Absolute Mortality,WUE,Low,19,0.01764,31.6,0.944,0.9731,ns
M7vsM8_raw_12m,natural_breaks,Absolute Mortality,uWUE,Low,19,0.01387,36.8,0.9291,0.9731,ns
M7vsM8_raw_12m,natural_breaks,Relative Mortality,ETmax,High,23,0.00034,47.8,0.5303,0.9399,ns
M7vsM8_raw_12m,natural_breaks,Relative Mortality,GPPsat,High,23,-0.10741,52.2,0.3633,0.9399,ns
M7vsM8_raw_12m,natural_breaks,Relative Mortality,NEPmax,High,23,-0.51002,65.2,0.03288,0.7397,ns
M7vsM8_raw_12m,natural_breaks,Relative Mortality,WUE,High,23,-0.01421,56.5,0.5544,0.9399,ns
M7vsM8_raw_12m,natural_breaks,Relative Mortality,uWUE,High,23,-0.00043,56.5,0.5424,0.9399,ns
M7vsM8_raw_12m,natural_breaks,Relative Mortality,ETmax,Mid,18,0.00185,38.9,0.9629,0.9731,ns
M7vsM8_raw_12m,natural_breaks,Relative Mortality,GPPsat,Mid,18,-0.07554,50,0.3969,0.9399,ns
M7vsM8_raw_12m,natural_breaks,Relative Mortality,NEPmax,Mid,18,0.03848,44.4,0.5347,0.9399,ns
M7vsM8_raw_12m,natural_breaks,Relative Mortality,WUE,Mid,18,0.00116,50,0.6684,0.9399,ns
M7vsM8_raw_12m,natural_breaks,Relative Mortality,uWUE,Mid,18,-0.00041,50,0.5347,0.9399,ns
M7vsM8_raw_12m,natural_breaks,Relative Mortality,ETmax,Low,24,0.00042,50,0.6915,0.9429,ns
M7vsM8_raw_12m,natural_breaks,Relative Mortality,GPPsat,Low,24,-0.03145,58.3,0.4376,0.9399,ns
M7vsM8_raw_12m,natural_breaks,Relative Mortality,NEPmax,Low,24,-0.07756,50,0.3187,0.9399,ns
M7vsM8_raw_12m,natural_breaks,Relative Mortality,WUE,Low,24,0.01817,33.3,0.9731,0.9731,ns
M7vsM8_raw_12m,natural_breaks,Relative Mortality,uWUE,Low,24,0.01814,37.5,0.9527,0.9731,ns
M7vsM8_raw_12m,natural_breaks,Relative Disturbance,ETmax,High,22,0.00021,50,0.5772,0.9399,ns
M7vsM8_raw_12m,natural_breaks,Relative Disturbance,GPPsat,High,22,0.00821,50,0.4101,0.9399,ns
M7vsM8_raw_12m,natural_breaks,Relative Disturbance,NEPmax,High,22,-0.2303,59.1,0.09158,0.9399,ns
M7vsM8_raw_12m,natural_breaks,Relative Disturbance,WUE,High,22,-0.01328,54.5,0.5899,0.9399,ns
M7vsM8_raw_12m,natural_breaks,Relative Disturbance,uWUE,High,22,-0.00037,54.5,0.5129,0.9399,ns
M7vsM8_raw_12m,natural_breaks,Relative Disturbance,ETmax,Mid,20,0.00085,40,0.9011,0.9731,ns
M7vsM8_raw_12m,natural_breaks,Relative Disturbance,GPPsat,Mid,20,-0.08483,55,0.4041,0.9399,ns
M7vsM8_raw_12m,natural_breaks,Relative Disturbance,NEPmax,Mid,20,-0.08041,50,0.3755,0.9399,ns
M7vsM8_raw_12m,natural_breaks,Relative Disturbance,WUE,Mid,20,0.00116,50,0.6525,0.9399,ns
M7vsM8_raw_12m,natural_breaks,Relative Disturbance,uWUE,Mid,20,-0.00041,50,0.5372,0.9399,ns
M7vsM8_raw_12m,natural_breaks,Relative Disturbance,ETmax,Low,23,0.00104,47.8,0.831,0.9731,ns
M7vsM8_raw_12m,natural_breaks,Relative Disturbance,GPPsat,Low,23,-0.04151,56.5,0.4456,0.9399,ns
M7vsM8_raw_12m,natural_breaks,Relative Disturbance,NEPmax,Low,23,-0.19781,52.2,0.2374,0.9399,ns
M7vsM8_raw_12m,natural_breaks,Relative Disturbance,WUE,Low,23,0.01764,34.8,0.9648,0.9731,ns
M7vsM8_raw_12m,natural_breaks,Relative Disturbance,uWUE,Low,23,0.01387,39.1,0.9377,0.9731,ns
M7vsM8_raw_24m,tertiles,Absolute Mortality,ETmax,High,22,0.00024,40.9,0.3484,0.9013,ns
M7vsM8_raw_24m,tertiles,Absolute Mortality,GPPsat,High,22,-0.20287,59.1,0.2085,0.9013,ns
M7vsM8_raw_24m,tertiles,Absolute Mortality,NEPmax,High,22,-0.38664,63.6,0.06352,0.8102,ns
M7vsM8_raw_24m,tertiles,Absolute Mortality,WUE,High,22,0.00388,45.5,0.4228,0.974,ns
M7vsM8_raw_24m,tertiles,Absolute Mortality,uWUE,High,22,-0.00901,63.6,0.1817,0.9013,ns
M7vsM8_raw_24m,tertiles,Absolute Mortality,ETmax,Mid,21,0.00074,23.8,0.9524,0.974,ns
M7vsM8_raw_24m,tertiles,Absolute Mortality,GPPsat,Mid,21,0.03487,42.9,0.7227,0.974,ns
M7vsM8_raw_24m,tertiles,Absolute Mortality,NEPmax,Mid,21,-0.076,52.4,0.5139,0.974,ns
M7vsM8_raw_24m,tertiles,Absolute Mortality,WUE,Mid,21,0.01107,38.1,0.7673,0.974,ns
M7vsM8_raw_24m,tertiles,Absolute Mortality,uWUE,Mid,21,0.00802,47.6,0.6489,0.974,ns
M7vsM8_raw_24m,tertiles,Absolute Mortality,ETmax,Low,22,-2e-05,50,0.5388,0.974,ns
M7vsM8_raw_24m,tertiles,Absolute Mortality,GPPsat,Low,22,0.13652,45.5,0.6395,0.974,ns
M7vsM8_raw_24m,tertiles,Absolute Mortality,NEPmax,Low,22,-0.19159,59.1,0.1571,0.9013,ns
M7vsM8_raw_24m,tertiles,Absolute Mortality,WUE,Low,22,0.01674,40.9,0.9323,0.974,ns
M7vsM8_raw_24m,tertiles,Absolute Mortality,uWUE,Low,22,0.02006,31.8,0.9477,0.974,ns
M7vsM8_raw_24m,tertiles,Relative Mortality,ETmax,High,22,0.00024,40.9,0.3484,0.9013,ns
M7vsM8_raw_24m,tertiles,Relative Mortality,GPPsat,High,22,-0.02631,50,0.2905,0.9013,ns
M7vsM8_raw_24m,tertiles,Relative Mortality,NEPmax,High,22,-0.28935,63.6,0.09704,0.8733,ns
M7vsM8_raw_24m,tertiles,Relative Mortality,WUE,High,22,0.00732,40.9,0.3605,0.9013,ns
M7vsM8_raw_24m,tertiles,Relative Mortality,uWUE,High,22,-0.01293,63.6,0.07201,0.8102,ns
M7vsM8_raw_24m,tertiles,Relative Mortality,ETmax,Mid,21,0.00049,33.3,0.8946,0.974,ns
M7vsM8_raw_24m,tertiles,Relative Mortality,GPPsat,Mid,21,-0.15004,52.4,0.7455,0.974,ns
M7vsM8_raw_24m,tertiles,Relative Mortality,NEPmax,Mid,21,0.03399,47.6,0.6359,0.974,ns
M7vsM8_raw_24m,tertiles,Relative Mortality,WUE,Mid,21,0.00486,42.9,0.7979,0.974,ns
M7vsM8_raw_24m,tertiles,Relative Mortality,uWUE,Mid,21,0.01511,47.6,0.8169,0.974,ns
M7vsM8_raw_24m,tertiles,Relative Mortality,ETmax,Low,22,0.00012,40.9,0.7205,0.974,ns
M7vsM8_raw_24m,tertiles,Relative Mortality,GPPsat,Low,22,0.04418,45.5,0.4871,0.974,ns
M7vsM8_raw_24m,tertiles,Relative Mortality,NEPmax,Low,22,-0.32967,63.6,0.03979,0.8102,ns
M7vsM8_raw_24m,tertiles,Relative Mortality,WUE,Low,22,0.01583,40.9,0.8973,0.974,ns
M7vsM8_raw_24m,tertiles,Relative Mortality,uWUE,Low,22,0.02257,31.8,0.9477,0.974,ns
M7vsM8_raw_24m,tertiles,Relative Disturbance,ETmax,High,22,0.00024,40.9,0.3365,0.9013,ns
M7vsM8_raw_24m,tertiles,Relative Disturbance,GPPsat,High,22,-0.02631,50,0.3247,0.9013,ns
M7vsM8_raw_24m,tertiles,Relative Disturbance,NEPmax,High,22,-0.17681,59.1,0.1732,0.9013,ns
M7vsM8_raw_24m,tertiles,Relative Disturbance,WUE,High,22,0.00732,40.9,0.2795,0.9013,ns
M7vsM8_raw_24m,tertiles,Relative Disturbance,uWUE,High,22,-0.01293,63.6,0.06352,0.8102,ns
M7vsM8_raw_24m,tertiles,Relative Disturbance,ETmax,Mid,21,0.00035,33.3,0.826,0.974,ns
M7vsM8_raw_24m,tertiles,Relative Disturbance,GPPsat,Mid,21,-0.15004,52.4,0.5,0.974,ns
M7vsM8_raw_24m,tertiles,Relative Disturbance,NEPmax,Mid,21,-0.076,52.4,0.2222,0.9013,ns
M7vsM8_raw_24m,tertiles,Relative Disturbance,WUE,Mid,21,0.00256,47.6,0.5961,0.974,ns
M7vsM8_raw_24m,tertiles,Relative Disturbance,uWUE,Mid,21,0.01511,47.6,0.8348,0.974,ns
M7vsM8_raw_24m,tertiles,Relative Disturbance,ETmax,Low,22,0.00012,40.9,0.8506,0.974,ns
M7vsM8_raw_24m,tertiles,Relative Disturbance,GPPsat,Low,22,0.17861,45.5,0.6869,0.974,ns
M7vsM8_raw_24m,tertiles,Relative Disturbance,NEPmax,Low,22,-0.32967,63.6,0.165,0.9013,ns
M7vsM8_raw_24m,tertiles,Relative Disturbance,WUE,Low,22,0.02023,36.4,0.9762,0.9762,ns
M7vsM8_raw_24m,tertiles,Relative Disturbance,uWUE,Low,22,0.02006,31.8,0.9323,0.974,ns
M7vsM8_raw_24m,equal_width,Absolute Mortality,ETmax,Mid,21,0,47.6,0.1831,0.7481,ns
M7vsM8_raw_24m,equal_width,Absolute Mortality,GPPsat,Mid,21,-0.25721,66.7,0.0589,0.4712,ns
M7vsM8_raw_24m,equal_width,Absolute Mortality,NEPmax,Mid,21,-0.55337,71.4,0.01193,0.2439,ns
M7vsM8_raw_24m,equal_width,Absolute Mortality,WUE,Mid,21,0.00088,47.6,0.5139,0.9279,ns
M7vsM8_raw_24m,equal_width,Absolute Mortality,uWUE,Mid,21,-0.00692,57.1,0.3383,0.9021,ns
M7vsM8_raw_24m,equal_width,Absolute Mortality,ETmax,Low,41,0.00026,36.6,0.9369,0.9831,ns
M7vsM8_raw_24m,equal_width,Absolute Mortality,GPPsat,Low,41,0.06389,43.9,0.762,0.9831,ns
M7vsM8_raw_24m,equal_width,Absolute Mortality,NEPmax,Low,41,-0.076,53.7,0.3021,0.9021,ns
M7vsM8_raw_24m,equal_width,Absolute Mortality,WUE,Low,41,0.01235,39,0.9248,0.9831,ns
M7vsM8_raw_24m,equal_width,Absolute Mortality,uWUE,Low,41,0.01894,39,0.9319,0.9831,ns
M7vsM8_raw_24m,equal_width,Absolute Mortality,ETmax,High,3,0.00276,0,,,""
M7vsM8_raw_24m,equal_width,Absolute Mortality,GPPsat,High,3,0.54725,0,,,""
M7vsM8_raw_24m,equal_width,Absolute Mortality,NEPmax,High,3,0.20055,33.3,,,""
M7vsM8_raw_24m,equal_width,Absolute Mortality,WUE,High,3,0.00688,33.3,,,""
M7vsM8_raw_24m,equal_width,Absolute Mortality,uWUE,High,3,-0.06074,100,,,""
M7vsM8_raw_24m,equal_width,Relative Mortality,ETmax,Mid,26,0.00041,42.3,0.5,0.9279,ns
M7vsM8_raw_24m,equal_width,Relative Mortality,GPPsat,Mid,26,-0.21612,57.7,0.187,0.7481,ns
M7vsM8_raw_24m,equal_width,Relative Mortality,NEPmax,Mid,26,-0.33815,61.5,0.05203,0.4712,ns
M7vsM8_raw_24m,equal_width,Relative Mortality,WUE,Mid,26,0.00371,46.2,0.4294,0.9279,ns
M7vsM8_raw_24m,equal_width,Relative Mortality,uWUE,Mid,26,0.00027,50,0.6197,0.9534,ns
M7vsM8_raw_24m,equal_width,Relative Mortality,ETmax,Low,32,0.00019,37.5,0.8275,0.9831,ns
M7vsM8_raw_24m,equal_width,Relative Mortality,GPPsat,Low,32,0.04418,46.9,0.5335,0.9279,ns
M7vsM8_raw_24m,equal_width,Relative Mortality,NEPmax,Low,32,-0.19559,59.4,0.1175,0.6716,ns
M7vsM8_raw_24m,equal_width,Relative Mortality,WUE,Low,32,0.01742,37.5,0.9831,0.9831,ns
M7vsM8_raw_24m,equal_width,Relative Mortality,uWUE,Low,32,0.02006,37.5,0.9385,0.9831,ns
M7vsM8_raw_24m,equal_width,Relative Mortality,ETmax,High,7,0.00087,28.6,0.8237,0.9831,ns
M7vsM8_raw_24m,equal_width,Relative Mortality,GPPsat,High,7,0.54725,28.6,0.8641,0.9831,ns
M7vsM8_raw_24m,equal_width,Relative Mortality,NEPmax,High,7,0.20055,42.9,0.8237,0.9831,ns
M7vsM8_raw_24m,equal_width,Relative Mortality,WUE,High,7,0.00088,42.9,0.2771,0.9021,ns
M7vsM8_raw_24m,equal_width,Relative Mortality,uWUE,High,7,-0.06074,85.7,0.02596,0.3461,ns
M7vsM8_raw_24m,equal_width,Relative Disturbance,ETmax,Mid,27,0.00049,40.7,0.5996,0.9534,ns
M7vsM8_raw_24m,equal_width,Relative Disturbance,GPPsat,Mid,27,-0.07849,51.9,0.4474,0.9279,ns
M7vsM8_raw_24m,equal_width,Relative Disturbance,NEPmax,Mid,27,-0.2161,59.3,0.09521,0.6347,ns
M7vsM8_raw_24m,equal_width,Relative Disturbance,WUE,Mid,27,0.00486,44.4,0.4761,0.9279,ns
M7vsM8_raw_24m,equal_width,Relative Disturbance,uWUE,Mid,27,0.00802,48.1,0.7754,0.9831,ns
M7vsM8_raw_24m,equal_width,Relative Disturbance,ETmax,High,9,0,44.4,0.3178,0.9021,ns
M7vsM8_raw_24m,equal_width,Relative Disturbance,GPPsat,High,9,0.17353,44.4,0.4064,0.9279,ns
M7vsM8_raw_24m,equal_width,Relative Disturbance,NEPmax,High,9,-0.08757,55.6,0.3611,0.9029,ns
M7vsM8_raw_24m,equal_width,Relative Disturbance,WUE,High,9,0.00088,44.4,0.2768,0.9021,ns
M7vsM8_raw_24m,equal_width,Relative Disturbance,uWUE,High,9,-0.0577,77.8,0.0122,0.2439,ns
M7vsM8_raw_24m,equal_width,Relative Disturbance,ETmax,Low,29,2e-04,34.5,0.9293,0.9831,ns
M7vsM8_raw_24m,equal_width,Relative Disturbance,GPPsat,Low,29,0.03487,48.3,0.5602,0.9336,ns
M7vsM8_raw_24m,equal_width,Relative Disturbance,NEPmax,Low,29,-0.16707,58.6,0.1762,0.7481,ns
M7vsM8_raw_24m,equal_width,Relative Disturbance,WUE,Low,29,0.0175,37.9,0.982,0.9831,ns
M7vsM8_raw_24m,equal_width,Relative Disturbance,uWUE,Low,29,0.01894,37.9,0.9134,0.9831,ns
M7vsM8_raw_24m,natural_breaks,Absolute Mortality,ETmax,High,14,8e-05,42.9,0.286,0.7571,ns
M7vsM8_raw_24m,natural_breaks,Absolute Mortality,GPPsat,High,14,-0.01766,50,0.3078,0.7571,ns
M7vsM8_raw_24m,natural_breaks,Absolute Mortality,NEPmax,High,14,-0.55603,71.4,0.08363,0.7571,ns
M7vsM8_raw_24m,natural_breaks,Absolute Mortality,WUE,High,14,0.00732,35.7,0.45,0.8805,ns
M7vsM8_raw_24m,natural_breaks,Absolute Mortality,uWUE,High,14,-0.03945,64.3,0.1046,0.7571,ns
M7vsM8_raw_24m,natural_breaks,Absolute Mortality,ETmax,Mid,32,0.0011,28.1,0.9339,0.9694,ns
M7vsM8_raw_24m,natural_breaks,Absolute Mortality,GPPsat,Mid,32,-0.17347,56.2,0.2906,0.7571,ns
M7vsM8_raw_24m,natural_breaks,Absolute Mortality,NEPmax,Mid,32,-0.21113,56.2,0.2189,0.7571,ns
M7vsM8_raw_24m,natural_breaks,Absolute Mortality,WUE,Mid,32,0.00762,43.8,0.6766,0.9694,ns
M7vsM8_raw_24m,natural_breaks,Absolute Mortality,uWUE,Mid,32,-0.00374,53.1,0.7525,0.9694,ns
M7vsM8_raw_24m,natural_breaks,Absolute Mortality,ETmax,Low,19,-7e-05,52.6,0.4124,0.8436,ns
M7vsM8_raw_24m,natural_breaks,Absolute Mortality,GPPsat,Low,19,0.30371,36.8,0.8743,0.9694,ns
M7vsM8_raw_24m,natural_breaks,Absolute Mortality,NEPmax,Low,19,-0.04642,52.6,0.3363,0.7571,ns
M7vsM8_raw_24m,natural_breaks,Absolute Mortality,WUE,Low,19,0.02114,42.1,0.9393,0.9694,ns
M7vsM8_raw_24m,natural_breaks,Absolute Mortality,uWUE,Low,19,0.02118,26.3,0.9484,0.9694,ns
M7vsM8_raw_24m,natural_breaks,Relative Mortality,ETmax,High,23,0.00016,43.5,0.3079,0.7571,ns
M7vsM8_raw_24m,natural_breaks,Relative Mortality,GPPsat,High,23,-0.07849,52.2,0.2374,0.7571,ns
M7vsM8_raw_24m,natural_breaks,Relative Mortality,NEPmax,High,23,-0.2161,65.2,0.0832,0.7571,ns
M7vsM8_raw_24m,natural_breaks,Relative Mortality,WUE,High,23,0.00688,43.5,0.2665,0.7571,ns
M7vsM8_raw_24m,natural_breaks,Relative Mortality,uWUE,High,23,-0.01068,65.2,0.05863,0.7571,ns
M7vsM8_raw_24m,natural_breaks,Relative Mortality,ETmax,Mid,18,0.00062,27.8,0.9183,0.9694,ns
M7vsM8_raw_24m,natural_breaks,Relative Mortality,GPPsat,Mid,18,-0.17347,55.6,0.5347,0.9625,ns
M7vsM8_raw_24m,natural_breaks,Relative Mortality,NEPmax,Mid,18,-0.021,50,0.3969,0.8436,ns
M7vsM8_raw_24m,natural_breaks,Relative Mortality,WUE,Mid,18,0.00371,44.4,0.729,0.9694,ns
M7vsM8_raw_24m,natural_breaks,Relative Mortality,uWUE,Mid,18,0.00576,50,0.7144,0.9694,ns
M7vsM8_raw_24m,natural_breaks,Relative Mortality,ETmax,Low,24,0.00012,41.7,0.7398,0.9694,ns
M7vsM8_raw_24m,natural_breaks,Relative Mortality,GPPsat,Low,24,0.13652,41.7,0.7398,0.9694,ns
M7vsM8_raw_24m,natural_breaks,Relative Mortality,NEPmax,Low,24,-0.22668,58.3,0.1766,0.7571,ns
M7vsM8_raw_24m,natural_breaks,Relative Mortality,WUE,Low,24,0.02023,37.5,0.9554,0.9694,ns
M7vsM8_raw_24m,natural_breaks,Relative Mortality,uWUE,Low,24,0.02257,29.2,0.9694,0.9694,ns
M7vsM8_raw_24m,natural_breaks,Relative Disturbance,ETmax,High,22,0.00024,40.9,0.3365,0.7571,ns
M7vsM8_raw_24m,natural_breaks,Relative Disturbance,GPPsat,High,22,-0.02631,50,0.3247,0.7571,ns
M7vsM8_raw_24m,natural_breaks,Relative Disturbance,NEPmax,High,22,-0.17681,59.1,0.1732,0.7571,ns
M7vsM8_raw_24m,natural_breaks,Relative Disturbance,WUE,High,22,0.00732,40.9,0.2795,0.7571,ns
M7vsM8_raw_24m,natural_breaks,Relative Disturbance,uWUE,High,22,-0.01293,63.6,0.06352,0.7571,ns
M7vsM8_raw_24m,natural_breaks,Relative Disturbance,ETmax,Mid,20,0.00038,35,0.8098,0.9694,ns
M7vsM8_raw_24m,natural_breaks,Relative Disturbance,GPPsat,Mid,20,-0.18965,55,0.4926,0.9235,ns
M7vsM8_raw_24m,natural_breaks,Relative Disturbance,NEPmax,Mid,20,-0.14605,55,0.1802,0.7571,ns
M7vsM8_raw_24m,natural_breaks,Relative Disturbance,WUE,Mid,20,0.00371,45,0.7059,0.9694,ns
M7vsM8_raw_24m,natural_breaks,Relative Disturbance,uWUE,Mid,20,0.00576,50,0.778,0.9694,ns
M7vsM8_raw_24m,natural_breaks,Relative Disturbance,ETmax,Low,23,0.00019,39.1,0.8599,0.9694,ns
M7vsM8_raw_24m,natural_breaks,Relative Disturbance,GPPsat,Low,23,0.21954,43.5,0.7234,0.9694,ns
M7vsM8_raw_24m,natural_breaks,Relative Disturbance,NEPmax,Low,23,-0.28628,60.9,0.1768,0.7571,ns
M7vsM8_raw_24m,natural_breaks,Relative Disturbance,WUE,Low,23,0.01932,39.1,0.9543,0.9694,ns
M7vsM8_raw_24m,natural_breaks,Relative Disturbance,uWUE,Low,23,0.02118,30.4,0.9543,0.9694,ns
M7vsM8_anom_12m,tertiles,Absolute Mortality,ETmax,High,22,0.00026,40.9,0.6516,0.7998,ns
M7vsM8_anom_12m,tertiles,Absolute Mortality,GPPsat,High,22,-0.32847,63.6,0.1148,0.6427,ns
M7vsM8_anom_12m,tertiles,Absolute Mortality,NEPmax,High,22,-0.48048,72.7,0.01607,0.3615,ns
M7vsM8_anom_12m,tertiles,Absolute Mortality,WUE,High,22,-0.01469,59.1,0.2687,0.7049,ns
M7vsM8_anom_12m,tertiles,Absolute Mortality,uWUE,High,22,0.00991,40.9,0.6273,0.7998,ns
M7vsM8_anom_12m,tertiles,Absolute Mortality,ETmax,Mid,21,-5e-05,57.1,0.7109,0.7998,ns
M7vsM8_anom_12m,tertiles,Absolute Mortality,GPPsat,Mid,21,0.07848,47.6,0.4174,0.7317,ns
M7vsM8_anom_12m,tertiles,Absolute Mortality,NEPmax,Mid,21,0.01398,47.6,0.6228,0.7998,ns
M7vsM8_anom_12m,tertiles,Absolute Mortality,WUE,Mid,21,-0.00552,52.4,0.3133,0.7049,ns
M7vsM8_anom_12m,tertiles,Absolute Mortality,uWUE,Mid,21,-0.01845,66.7,0.2021,0.6496,ns
M7vsM8_anom_12m,tertiles,Absolute Mortality,ETmax,Low,22,-3e-05,50,0.5,0.7459,ns
M7vsM8_anom_12m,tertiles,Absolute Mortality,GPPsat,Low,22,-0.01874,50,0.3017,0.7049,ns
M7vsM8_anom_12m,tertiles,Absolute Mortality,NEPmax,Low,22,-0.41723,68.2,0.04265,0.4704,ns
M7vsM8_anom_12m,tertiles,Absolute Mortality,WUE,Low,22,-0.00986,54.5,0.6516,0.7998,ns
M7vsM8_anom_12m,tertiles,Absolute Mortality,uWUE,Low,22,0.01415,45.5,0.7419,0.8143,ns
M7vsM8_anom_12m,tertiles,Relative Mortality,ETmax,High,22,-3e-05,50,0.3365,0.7182,ns
M7vsM8_anom_12m,tertiles,Relative Mortality,GPPsat,High,22,-0.20449,63.6,0.1494,0.6427,ns
M7vsM8_anom_12m,tertiles,Relative Mortality,NEPmax,High,22,-0.48048,63.6,0.04265,0.4704,ns
M7vsM8_anom_12m,tertiles,Relative Mortality,WUE,High,22,-0.01912,63.6,0.1027,0.6427,ns
M7vsM8_anom_12m,tertiles,Relative Mortality,uWUE,High,22,-0.01358,54.5,0.3851,0.722,ns
M7vsM8_anom_12m,tertiles,Relative Mortality,ETmax,Mid,21,0.00085,47.6,0.9557,0.9557,ns
M7vsM8_anom_12m,tertiles,Relative Mortality,GPPsat,Mid,21,0.14877,47.6,0.5139,0.7459,ns
M7vsM8_anom_12m,tertiles,Relative Mortality,NEPmax,Mid,21,-0.04079,57.1,0.5553,0.7809,ns
M7vsM8_anom_12m,tertiles,Relative Mortality,WUE,Mid,21,-0.00552,52.4,0.3511,0.7182,ns
M7vsM8_anom_12m,tertiles,Relative Mortality,uWUE,Mid,21,0.00077,47.6,0.7109,0.7998,ns
M7vsM8_anom_12m,tertiles,Relative Mortality,ETmax,Low,22,0.00018,50,0.4871,0.7459,ns
M7vsM8_anom_12m,tertiles,Relative Mortality,GPPsat,Low,22,-0.01874,50,0.1732,0.6496,ns
M7vsM8_anom_12m,tertiles,Relative Mortality,NEPmax,Low,22,-0.55175,68.2,0.01254,0.3615,ns
M7vsM8_anom_12m,tertiles,Relative Mortality,WUE,Low,22,-0.00243,50,0.7915,0.835,ns
M7vsM8_anom_12m,tertiles,Relative Mortality,uWUE,Low,22,0.0028,50,0.4228,0.7317,ns
M7vsM8_anom_12m,tertiles,Relative Disturbance,ETmax,High,22,0.00011,45.5,0.5129,0.7459,ns
M7vsM8_anom_12m,tertiles,Relative Disturbance,GPPsat,High,22,-0.15071,59.1,0.1993,0.6496,ns
M7vsM8_anom_12m,tertiles,Relative Disturbance,NEPmax,High,22,-0.35275,59.1,0.07201,0.5401,ns
M7vsM8_anom_12m,tertiles,Relative Disturbance,WUE,High,22,-0.01912,59.1,0.1571,0.6427,ns
M7vsM8_anom_12m,tertiles,Relative Disturbance,uWUE,High,22,-0.01358,54.5,0.3851,0.722,ns
M7vsM8_anom_12m,tertiles,Relative Disturbance,ETmax,Mid,21,-0.00053,57.1,0.7979,0.835,ns
M7vsM8_anom_12m,tertiles,Relative Disturbance,GPPsat,Mid,21,-0.25324,52.4,0.2773,0.7049,ns
M7vsM8_anom_12m,tertiles,Relative Disturbance,NEPmax,Mid,21,-0.06995,61.9,0.3011,0.7049,ns
M7vsM8_anom_12m,tertiles,Relative Disturbance,WUE,Mid,21,-0.01311,61.9,0.133,0.6427,ns
M7vsM8_anom_12m,tertiles,Relative Disturbance,uWUE,Mid,21,0.00077,47.6,0.4861,0.7459,ns
M7vsM8_anom_12m,tertiles,Relative Disturbance,ETmax,Low,22,0.00055,45.5,0.6635,0.7998,ns
M7vsM8_anom_12m,tertiles,Relative Disturbance,GPPsat,Low,22,-0.01874,50,0.3131,0.7049,ns
M7vsM8_anom_12m,tertiles,Relative Disturbance,NEPmax,Low,22,-0.55175,68.2,0.05226,0.4704,ns
M7vsM8_anom_12m,tertiles,Relative Disturbance,WUE,Low,22,0.00336,45.5,0.8721,0.8919,ns
M7vsM8_anom_12m,tertiles,Relative Disturbance,uWUE,Low,22,0.0028,50,0.6983,0.7998,ns
M7vsM8_anom_12m,equal_width,Absolute Mortality,ETmax,Mid,21,9e-05,47.6,0.4174,0.7259,ns
M7vsM8_anom_12m,equal_width,Absolute Mortality,GPPsat,Mid,21,-0.46159,71.4,0.03273,0.3188,ns
M7vsM8_anom_12m,equal_width,Absolute Mortality,NEPmax,Mid,21,-0.58895,76.2,0.003353,0.1341,ns
M7vsM8_anom_12m,equal_width,Absolute Mortality,WUE,Mid,21,-0.01484,61.9,0.1054,0.4469,ns
M7vsM8_anom_12m,equal_width,Absolute Mortality,uWUE,Mid,21,0.01096,38.1,0.7673,0.8588,ns
M7vsM8_anom_12m,equal_width,Absolute Mortality,ETmax,Low,41,-4e-05,51.2,0.733,0.8588,ns
M7vsM8_anom_12m,equal_width,Absolute Mortality,GPPsat,Low,41,0.02549,46.3,0.3681,0.6914,ns
M7vsM8_anom_12m,equal_width,Absolute Mortality,NEPmax,Low,41,-0.11545,58.5,0.1788,0.4469,ns
M7vsM8_anom_12m,equal_width,Absolute Mortality,WUE,Low,41,-0.0077,53.7,0.531,0.7906,ns
M7vsM8_anom_12m,equal_width,Absolute Mortality,uWUE,Low,41,-0.01424,56.1,0.3681,0.6914,ns
M7vsM8_anom_12m,equal_width,Absolute Mortality,ETmax,High,3,0.0043,33.3,,,""
M7vsM8_anom_12m,equal_width,Absolute Mortality,GPPsat,High,3,0.20426,33.3,,,""
M7vsM8_anom_12m,equal_width,Absolute Mortality,NEPmax,High,3,0.38529,33.3,,,""
M7vsM8_anom_12m,equal_width,Absolute Mortality,WUE,High,3,0.07065,33.3,,,""
M7vsM8_anom_12m,equal_width,Absolute Mortality,uWUE,High,3,-0.03451,66.7,,,""
M7vsM8_anom_12m,equal_width,Relative Mortality,ETmax,Mid,26,-9e-05,50,0.3803,0.6914,ns
M7vsM8_anom_12m,equal_width,Relative Mortality,GPPsat,Mid,26,-0.28447,61.5,0.1672,0.4469,ns
M7vsM8_anom_12m,equal_width,Relative Mortality,NEPmax,Mid,26,-0.30814,61.5,0.03985,0.3188,ns
M7vsM8_anom_12m,equal_width,Relative Mortality,WUE,Mid,26,-0.02764,69.2,0.02109,0.3165,ns
M7vsM8_anom_12m,equal_width,Relative Mortality,uWUE,Mid,26,0.00482,46.2,0.7373,0.8588,ns
M7vsM8_anom_12m,equal_width,Relative Mortality,ETmax,Low,32,0.00019,50,0.703,0.8588,ns
M7vsM8_anom_12m,equal_width,Relative Mortality,GPPsat,Low,32,-0.01874,50,0.1725,0.4469,ns
M7vsM8_anom_12m,equal_width,Relative Mortality,NEPmax,Low,32,-0.18083,65.6,0.0818,0.4469,ns
M7vsM8_anom_12m,equal_width,Relative Mortality,WUE,Low,32,0.00336,46.9,0.8414,0.863,ns
M7vsM8_anom_12m,equal_width,Relative Mortality,uWUE,Low,32,0.0028,50,0.5335,0.7906,ns
M7vsM8_anom_12m,equal_width,Relative Mortality,ETmax,High,7,0.00151,42.9,0.9246,0.9246,ns
M7vsM8_anom_12m,equal_width,Relative Mortality,GPPsat,High,7,0.20426,42.9,0.7766,0.8588,ns
M7vsM8_anom_12m,equal_width,Relative Mortality,NEPmax,High,7,-0.14688,57.1,0.5337,0.7906,ns
M7vsM8_anom_12m,equal_width,Relative Mortality,WUE,High,7,0.00178,42.9,0.6001,0.8573,ns
M7vsM8_anom_12m,equal_width,Relative Mortality,uWUE,High,7,-0.04186,71.4,0.1359,0.4469,ns
M7vsM8_anom_12m,equal_width,Relative Disturbance,ETmax,Mid,27,-0.00026,55.6,0.2701,0.6001,ns
M7vsM8_anom_12m,equal_width,Relative Disturbance,GPPsat,Mid,27,-0.25324,59.3,0.1775,0.4469,ns
M7vsM8_anom_12m,equal_width,Relative Disturbance,NEPmax,Mid,27,-0.16383,63,0.05779,0.3852,ns
M7vsM8_anom_12m,equal_width,Relative Disturbance,WUE,Mid,27,-0.01912,66.7,0.02374,0.3165,ns
M7vsM8_anom_12m,equal_width,Relative Disturbance,uWUE,Mid,27,0.00887,44.4,0.7608,0.8588,ns
M7vsM8_anom_12m,equal_width,Relative Disturbance,ETmax,High,9,0.00151,44.4,0.7614,0.8588,ns
M7vsM8_anom_12m,equal_width,Relative Disturbance,GPPsat,High,9,-0.14182,55.6,0.3611,0.6914,ns
M7vsM8_anom_12m,equal_width,Relative Disturbance,NEPmax,High,9,-0.5786,66.7,0.1716,0.4469,ns
M7vsM8_anom_12m,equal_width,Relative Disturbance,WUE,High,9,0.00178,44.4,0.7614,0.8588,ns
M7vsM8_anom_12m,equal_width,Relative Disturbance,uWUE,High,9,-0.03451,66.7,0.1432,0.4469,ns
M7vsM8_anom_12m,equal_width,Relative Disturbance,ETmax,Low,29,0.00069,44.8,0.8401,0.863,ns
M7vsM8_anom_12m,equal_width,Relative Disturbance,GPPsat,Low,29,0.01854,48.3,0.2513,0.5914,ns
M7vsM8_anom_12m,equal_width,Relative Disturbance,NEPmax,Low,29,-0.19783,62.1,0.1304,0.4469,ns
M7vsM8_anom_12m,equal_width,Relative Disturbance,WUE,Low,29,0.00285,48.3,0.7944,0.8588,ns
M7vsM8_anom_12m,equal_width,Relative Disturbance,uWUE,Low,29,-0.00753,51.7,0.5086,0.7906,ns
M7vsM8_anom_12m,natural_breaks,Absolute Mortality,ETmax,High,14,-1e-05,50,0.5,0.6936,ns
M7vsM8_anom_12m,natural_breaks,Absolute Mortality,GPPsat,High,14,-0.32847,64.3,0.1732,0.655,ns
M7vsM8_anom_12m,natural_breaks,Absolute Mortality,NEPmax,High,14,-0.76334,78.6,0.01915,0.5898,ns
M7vsM8_anom_12m,natural_breaks,Absolute Mortality,WUE,High,14,-0.00953,57.1,0.3078,0.6595,ns
M7vsM8_anom_12m,natural_breaks,Absolute Mortality,uWUE,High,14,-0.002,50,0.4253,0.6936,ns
M7vsM8_anom_12m,natural_breaks,Absolute Mortality,ETmax,Mid,32,3e-05,50,0.8026,0.8696,ns
M7vsM8_anom_12m,natural_breaks,Absolute Mortality,GPPsat,Mid,32,-0.20642,56.2,0.129,0.655,ns
M7vsM8_anom_12m,natural_breaks,Absolute Mortality,NEPmax,Mid,32,-0.05537,56.2,0.2301,0.655,ns
M7vsM8_anom_12m,natural_breaks,Absolute Mortality,WUE,Mid,32,-0.01257,56.2,0.2594,0.655,ns
M7vsM8_anom_12m,natural_breaks,Absolute Mortality,uWUE,Mid,32,-0.01322,53.1,0.5112,0.6936,ns
M7vsM8_anom_12m,natural_breaks,Absolute Mortality,ETmax,Low,19,0.00042,47.4,0.5241,0.6936,ns
M7vsM8_anom_12m,natural_breaks,Absolute Mortality,GPPsat,Low,19,0.02549,42.1,0.5876,0.7345,ns
M7vsM8_anom_12m,natural_breaks,Absolute Mortality,NEPmax,Low,19,-0.15355,63.2,0.1431,0.655,ns
M7vsM8_anom_12m,natural_breaks,Absolute Mortality,WUE,Low,19,-0.0077,52.6,0.6338,0.7506,ns
M7vsM8_anom_12m,natural_breaks,Absolute Mortality,uWUE,Low,19,0.01313,47.4,0.5401,0.6944,ns
M7vsM8_anom_12m,natural_breaks,Relative Mortality,ETmax,High,23,-0.00015,52.2,0.2766,0.655,ns
M7vsM8_anom_12m,natural_breaks,Relative Mortality,GPPsat,High,23,-0.24938,65.2,0.127,0.655,ns
M7vsM8_anom_12m,natural_breaks,Relative Mortality,NEPmax,High,23,-0.5786,65.2,0.02866,0.5898,ns
M7vsM8_anom_12m,natural_breaks,Relative Mortality,WUE,High,23,-0.01926,65.2,0.07864,0.5898,ns
M7vsM8_anom_12m,natural_breaks,Relative Mortality,uWUE,High,23,-0.0122,52.2,0.4576,0.6936,ns
M7vsM8_anom_12m,natural_breaks,Relative Mortality,ETmax,Mid,18,0.00195,44.4,0.9629,0.9629,ns
M7vsM8_anom_12m,natural_breaks,Relative Mortality,GPPsat,Mid,18,-0.05224,50,0.271,0.655,ns
M7vsM8_anom_12m,natural_breaks,Relative Mortality,NEPmax,Mid,18,-0.05537,61.1,0.3638,0.6936,ns
M7vsM8_anom_12m,natural_breaks,Relative Mortality,WUE,Mid,18,-0.00932,55.6,0.3006,0.6595,ns
M7vsM8_anom_12m,natural_breaks,Relative Mortality,uWUE,Mid,18,-0.01563,55.6,0.4138,0.6936,ns
M7vsM8_anom_12m,natural_breaks,Relative Mortality,ETmax,Low,24,0.00018,50,0.4943,0.6936,ns
M7vsM8_anom_12m,natural_breaks,Relative Mortality,GPPsat,Low,24,0.02201,45.8,0.4041,0.6936,ns
M7vsM8_anom_12m,natural_breaks,Relative Mortality,NEPmax,Low,24,-0.39739,62.5,0.07453,0.5898,ns
M7vsM8_anom_12m,natural_breaks,Relative Mortality,WUE,Low,24,0.00336,45.8,0.8705,0.8902,ns
M7vsM8_anom_12m,natural_breaks,Relative Mortality,uWUE,Low,24,0.01415,45.8,0.6607,0.7623,ns
M7vsM8_anom_12m,natural_breaks,Relative Disturbance,ETmax,High,22,0.00011,45.5,0.5129,0.6936,ns
M7vsM8_anom_12m,natural_breaks,Relative Disturbance,GPPsat,High,22,-0.15071,59.1,0.1993,0.655,ns
M7vsM8_anom_12m,natural_breaks,Relative Disturbance,NEPmax,High,22,-0.35275,59.1,0.07201,0.5898,ns
M7vsM8_anom_12m,natural_breaks,Relative Disturbance,WUE,High,22,-0.01912,59.1,0.1571,0.655,ns
M7vsM8_anom_12m,natural_breaks,Relative Disturbance,uWUE,High,22,-0.01358,54.5,0.3851,0.6936,ns
M7vsM8_anom_12m,natural_breaks,Relative Disturbance,ETmax,Mid,20,-0.00029,55,0.8294,0.8696,ns
M7vsM8_anom_12m,natural_breaks,Relative Disturbance,GPPsat,Mid,20,-0.28447,55,0.2333,0.655,ns
M7vsM8_anom_12m,natural_breaks,Relative Disturbance,NEPmax,Mid,20,-0.0927,65,0.2333,0.655,ns
M7vsM8_anom_12m,natural_breaks,Relative Disturbance,WUE,Mid,20,-0.00932,60,0.1902,0.655,ns
M7vsM8_anom_12m,natural_breaks,Relative Disturbance,uWUE,Mid,20,-0.00674,50,0.4628,0.6936,ns
M7vsM8_anom_12m,natural_breaks,Relative Disturbance,ETmax,Low,23,0.00042,47.8,0.6137,0.7464,ns
M7vsM8_anom_12m,natural_breaks,Relative Disturbance,GPPsat,Low,23,0.01854,47.8,0.3633,0.6936,ns
M7vsM8_anom_12m,natural_breaks,Relative Disturbance,NEPmax,Low,23,-0.53191,65.2,0.06227,0.5898,ns
M7vsM8_anom_12m,natural_breaks,Relative Disturbance,WUE,Low,23,0.00285,47.8,0.831,0.8696,ns
M7vsM8_anom_12m,natural_breaks,Relative Disturbance,uWUE,Low,23,0.01313,47.8,0.7132,0.8023,ns
M7vsM8_anom_24m,tertiles,Absolute Mortality,ETmax,High,22,-0.00042,68.2,0.1027,0.4445,ns
M7vsM8_anom_24m,tertiles,Absolute Mortality,GPPsat,High,22,-0.33102,63.6,0.1087,0.4445,ns
M7vsM8_anom_24m,tertiles,Absolute Mortality,NEPmax,High,22,-0.50795,63.6,0.04889,0.44,ns
M7vsM8_anom_24m,tertiles,Absolute Mortality,WUE,High,22,-0.01183,59.1,0.1732,0.5109,ns
M7vsM8_anom_24m,tertiles,Absolute Mortality,uWUE,High,22,-0.01518,72.7,0.04889,0.44,ns
M7vsM8_anom_24m,tertiles,Absolute Mortality,ETmax,Mid,21,0.00049,42.9,0.8594,0.9208,ns
M7vsM8_anom_24m,tertiles,Absolute Mortality,GPPsat,Mid,21,-0.09188,52.4,0.5,0.6735,ns
M7vsM8_anom_24m,tertiles,Absolute Mortality,NEPmax,Mid,21,-0.21861,57.1,0.4174,0.6735,ns
M7vsM8_anom_24m,tertiles,Absolute Mortality,WUE,Mid,21,-0.00084,52.4,0.569,0.692,ns
M7vsM8_anom_24m,tertiles,Absolute Mortality,uWUE,Mid,21,-0.00943,52.4,0.4039,0.6735,ns
M7vsM8_anom_24m,tertiles,Absolute Mortality,ETmax,Low,22,-0.00033,59.1,0.2687,0.5257,ns
M7vsM8_anom_24m,tertiles,Absolute Mortality,GPPsat,Low,22,-0.00711,50,0.3131,0.5845,ns
M7vsM8_anom_24m,tertiles,Absolute Mortality,NEPmax,Low,22,-0.18972,63.6,0.1087,0.4445,ns
M7vsM8_anom_24m,tertiles,Absolute Mortality,WUE,Low,22,0.00978,36.4,0.8913,0.9328,ns
M7vsM8_anom_24m,tertiles,Absolute Mortality,uWUE,Low,22,0.00133,50,0.6516,0.733,ns
M7vsM8_anom_24m,tertiles,Relative Mortality,ETmax,High,22,-0.00032,54.5,0.2375,0.5257,ns
M7vsM8_anom_24m,tertiles,Relative Mortality,GPPsat,High,22,-0.21238,59.1,0.165,0.5109,ns
M7vsM8_anom_24m,tertiles,Relative Mortality,NEPmax,High,22,-0.40478,59.1,0.08135,0.4445,ns
M7vsM8_anom_24m,tertiles,Relative Mortality,WUE,High,22,-0.02008,59.1,0.1817,0.5109,ns
M7vsM8_anom_24m,tertiles,Relative Mortality,uWUE,High,22,-0.02327,72.7,0.02985,0.44,ns
M7vsM8_anom_24m,tertiles,Relative Mortality,ETmax,Mid,21,-0.00023,57.1,0.5,0.6735,ns
M7vsM8_anom_24m,tertiles,Relative Mortality,GPPsat,Mid,21,-0.11791,57.1,0.5277,0.6735,ns
M7vsM8_anom_24m,tertiles,Relative Mortality,NEPmax,Mid,21,-0.23506,57.1,0.5277,0.6735,ns
M7vsM8_anom_24m,tertiles,Relative Mortality,WUE,Mid,21,-0.00391,57.1,0.4861,0.6735,ns
M7vsM8_anom_24m,tertiles,Relative Mortality,uWUE,Mid,21,0.00011,47.6,0.6743,0.7401,ns
M7vsM8_anom_24m,tertiles,Relative Mortality,ETmax,Low,22,-0.00032,59.1,0.3247,0.5845,ns
M7vsM8_anom_24m,tertiles,Relative Mortality,GPPsat,Low,22,-0.00711,50,0.2581,0.5257,ns
M7vsM8_anom_24m,tertiles,Relative Mortality,NEPmax,Low,22,-0.35449,68.2,0.02571,0.44,ns
M7vsM8_anom_24m,tertiles,Relative Mortality,WUE,Low,22,0.00978,31.8,0.9186,0.9395,ns
M7vsM8_anom_24m,tertiles,Relative Mortality,uWUE,Low,22,-0.0038,54.5,0.5259,0.6735,ns
M7vsM8_anom_24m,tertiles,Relative Disturbance,ETmax,High,22,-0.00032,54.5,0.2477,0.5257,ns
M7vsM8_anom_24m,tertiles,Relative Disturbance,GPPsat,High,22,-0.20873,59.1,0.2179,0.5257,ns
M7vsM8_anom_24m,tertiles,Relative Disturbance,NEPmax,High,22,-0.18683,54.5,0.165,0.5109,ns
M7vsM8_anom_24m,tertiles,Relative Disturbance,WUE,High,22,-0.02008,63.6,0.1027,0.4445,ns
M7vsM8_anom_24m,tertiles,Relative Disturbance,uWUE,High,22,-0.02327,77.3,0.01742,0.44,ns
M7vsM8_anom_24m,tertiles,Relative Disturbance,ETmax,Mid,21,-0.00032,66.7,0.2435,0.5257,ns
M7vsM8_anom_24m,tertiles,Relative Disturbance,GPPsat,Mid,21,-0.11791,57.1,0.212,0.5257,ns
M7vsM8_anom_24m,tertiles,Relative Disturbance,NEPmax,Mid,21,-0.23917,66.7,0.08762,0.4445,ns
M7vsM8_anom_24m,tertiles,Relative Disturbance,WUE,Mid,21,-0.00084,52.4,0.5277,0.6735,ns
M7vsM8_anom_24m,tertiles,Relative Disturbance,uWUE,Mid,21,0.00567,42.9,0.6489,0.733,ns
M7vsM8_anom_24m,tertiles,Relative Disturbance,ETmax,Low,22,0.00012,50,0.5388,0.6735,ns
M7vsM8_anom_24m,tertiles,Relative Disturbance,GPPsat,Low,22,-0.00711,50,0.4483,0.6735,ns
M7vsM8_anom_24m,tertiles,Relative Disturbance,NEPmax,Low,22,-0.34765,63.6,0.1279,0.4797,ns
M7vsM8_anom_24m,tertiles,Relative Disturbance,WUE,Low,22,0.00978,31.8,0.9655,0.9655,ns
M7vsM8_anom_24m,tertiles,Relative Disturbance,uWUE,Low,22,-0.0038,54.5,0.6025,0.7134,ns
M7vsM8_anom_24m,equal_width,Absolute Mortality,ETmax,Mid,21,-0.00045,71.4,0.03273,0.2618,ns
M7vsM8_anom_24m,equal_width,Absolute Mortality,GPPsat,Mid,21,-0.45151,76.2,0.01306,0.1306,ns
M7vsM8_anom_24m,equal_width,Absolute Mortality,NEPmax,Mid,21,-0.59222,76.2,0.0109,0.1306,ns
M7vsM8_anom_24m,equal_width,Absolute Mortality,WUE,Mid,21,-0.01974,61.9,0.1406,0.384,ns
M7vsM8_anom_24m,equal_width,Absolute Mortality,uWUE,Mid,21,-0.01327,66.7,0.1257,0.384,ns
M7vsM8_anom_24m,equal_width,Absolute Mortality,ETmax,Low,41,-0.00019,51.2,0.6022,0.7528,ns
M7vsM8_anom_24m,equal_width,Absolute Mortality,GPPsat,Low,41,0.01807,48.8,0.4639,0.6627,ns
M7vsM8_anom_24m,equal_width,Absolute Mortality,NEPmax,Low,41,-0.20493,58.5,0.1499,0.384,ns
M7vsM8_anom_24m,equal_width,Absolute Mortality,WUE,Low,41,0.00443,43.9,0.847,0.9157,ns
M7vsM8_anom_24m,equal_width,Absolute Mortality,uWUE,Low,41,-0.00164,51.2,0.5872,0.7528,ns
M7vsM8_anom_24m,equal_width,Absolute Mortality,ETmax,High,3,0.00439,33.3,,,""
M7vsM8_anom_24m,equal_width,Absolute Mortality,GPPsat,High,3,0.52409,0,,,""
M7vsM8_anom_24m,equal_width,Absolute Mortality,NEPmax,High,3,0.28659,0,,,""
M7vsM8_anom_24m,equal_width,Absolute Mortality,WUE,High,3,0.03317,33.3,,,""
M7vsM8_anom_24m,equal_width,Absolute Mortality,uWUE,High,3,-0.0707,100,,,""
M7vsM8_anom_24m,equal_width,Relative Mortality,ETmax,Mid,26,-0.00022,57.7,0.1939,0.4309,ns
M7vsM8_anom_24m,equal_width,Relative Mortality,GPPsat,Mid,26,-0.3637,65.4,0.08511,0.3404,ns
M7vsM8_anom_24m,equal_width,Relative Mortality,NEPmax,Mid,26,-0.47972,65.4,0.05479,0.3404,ns
M7vsM8_anom_24m,equal_width,Relative Mortality,WUE,Mid,26,-0.02008,65.4,0.08122,0.3404,ns
M7vsM8_anom_24m,equal_width,Relative Mortality,uWUE,Mid,26,-0.01051,57.7,0.2385,0.5021,ns
M7vsM8_anom_24m,equal_width,Relative Mortality,ETmax,Low,32,-0.00032,56.2,0.3931,0.5824,ns
M7vsM8_anom_24m,equal_width,Relative Mortality,GPPsat,Low,32,-0.06209,53.1,0.2594,0.5144,ns
M7vsM8_anom_24m,equal_width,Relative Mortality,NEPmax,Low,32,-0.22684,65.6,0.06856,0.3404,ns
M7vsM8_anom_24m,equal_width,Relative Mortality,WUE,Low,32,0.00929,37.5,0.9614,0.9614,ns
M7vsM8_anom_24m,equal_width,Relative Mortality,uWUE,Low,32,0.00133,50,0.7345,0.8161,ns
M7vsM8_anom_24m,equal_width,Relative Mortality,ETmax,High,7,-0.00042,57.1,0.5337,0.7116,ns
M7vsM8_anom_24m,equal_width,Relative Mortality,GPPsat,High,7,0.36745,28.6,0.8976,0.9448,ns
M7vsM8_anom_24m,equal_width,Relative Mortality,NEPmax,High,7,0.22563,28.6,0.7229,0.8161,ns
M7vsM8_anom_24m,equal_width,Relative Mortality,WUE,High,7,0.03053,42.9,0.3363,0.5605,ns
M7vsM8_anom_24m,equal_width,Relative Mortality,uWUE,High,7,-0.04289,100,0.01125,0.1306,ns
M7vsM8_anom_24m,equal_width,Relative Disturbance,ETmax,Mid,27,-0.00022,55.6,0.2701,0.5144,ns
M7vsM8_anom_24m,equal_width,Relative Disturbance,GPPsat,Mid,27,-0.32737,63,0.1536,0.384,ns
M7vsM8_anom_24m,equal_width,Relative Disturbance,NEPmax,Mid,27,-0.33048,66.7,0.07304,0.3404,ns
M7vsM8_anom_24m,equal_width,Relative Disturbance,WUE,Mid,27,-0.01746,63,0.108,0.384,ns
M7vsM8_anom_24m,equal_width,Relative Disturbance,uWUE,Mid,27,-0.00943,51.9,0.3728,0.5736,ns
M7vsM8_anom_24m,equal_width,Relative Disturbance,ETmax,High,9,-0.00136,77.8,0.1716,0.4038,ns
M7vsM8_anom_24m,equal_width,Relative Disturbance,GPPsat,High,9,0.14958,44.4,0.5,0.6897,ns
M7vsM8_anom_24m,equal_width,Relative Disturbance,NEPmax,High,9,0.00287,44.4,0.3178,0.5527,ns
M7vsM8_anom_24m,equal_width,Relative Disturbance,WUE,High,9,0.01557,44.4,0.3611,0.5736,ns
M7vsM8_anom_24m,equal_width,Relative Disturbance,uWUE,High,9,-0.04237,100,0.004576,0.1306,ns
M7vsM8_anom_24m,equal_width,Relative Disturbance,ETmax,Low,29,-0.00019,51.7,0.6353,0.7701,ns
M7vsM8_anom_24m,equal_width,Relative Disturbance,GPPsat,Low,29,-0.03229,51.7,0.2944,0.5353,ns
M7vsM8_anom_24m,equal_width,Relative Disturbance,NEPmax,Low,29,-0.20493,62.1,0.1304,0.384,ns
M7vsM8_anom_24m,equal_width,Relative Disturbance,WUE,Low,29,0.00972,37.9,0.9562,0.9614,ns
M7vsM8_anom_24m,equal_width,Relative Disturbance,uWUE,Low,29,-0.00164,51.7,0.6673,0.7851,ns
M7vsM8_anom_24m,natural_breaks,Absolute Mortality,ETmax,High,14,-0.00089,71.4,0.1292,0.4537,ns
M7vsM8_anom_24m,natural_breaks,Absolute Mortality,GPPsat,High,14,-0.04659,57.1,0.2256,0.5344,ns
M7vsM8_anom_24m,natural_breaks,Absolute Mortality,NEPmax,High,14,-0.59824,64.3,0.05828,0.4537,ns
M7vsM8_anom_24m,natural_breaks,Absolute Mortality,WUE,High,14,0.0066,50,0.4009,0.622,ns
M7vsM8_anom_24m,natural_breaks,Absolute Mortality,uWUE,High,14,-0.02973,78.6,0.04504,0.4537,ns
M7vsM8_anom_24m,natural_breaks,Absolute Mortality,ETmax,Mid,32,0.00013,50,0.6069,0.7422,ns
M7vsM8_anom_24m,natural_breaks,Absolute Mortality,GPPsat,Mid,32,-0.31017,62.5,0.1329,0.4537,ns
M7vsM8_anom_24m,natural_breaks,Absolute Mortality,NEPmax,Mid,32,-0.28482,62.5,0.1411,0.4537,ns
M7vsM8_anom_24m,natural_breaks,Absolute Mortality,WUE,Mid,32,-0.00396,56.2,0.3234,0.5598,ns
M7vsM8_anom_24m,natural_breaks,Absolute Mortality,uWUE,Mid,32,-0.01051,53.1,0.4516,0.6774,ns
M7vsM8_anom_24m,natural_breaks,Absolute Mortality,ETmax,Low,19,-0.00032,57.9,0.3814,0.622,ns
M7vsM8_anom_24m,natural_breaks,Absolute Mortality,GPPsat,Low,19,0.17144,42.1,0.6782,0.7444,ns
M7vsM8_anom_24m,natural_breaks,Absolute Mortality,NEPmax,Low,19,-0.13573,57.9,0.2935,0.5598,ns
M7vsM8_anom_24m,natural_breaks,Absolute Mortality,WUE,Low,19,0.00984,36.8,0.8975,0.9368,ns
M7vsM8_anom_24m,natural_breaks,Absolute Mortality,uWUE,Low,19,-0.00164,52.6,0.556,0.7149,ns
M7vsM8_anom_24m,natural_breaks,Relative Mortality,ETmax,High,23,-0.00042,56.5,0.1768,0.4972,ns
M7vsM8_anom_24m,natural_breaks,Relative Mortality,GPPsat,High,23,-0.33467,60.9,0.1148,0.4537,ns
M7vsM8_anom_24m,natural_breaks,Relative Mortality,NEPmax,High,23,-0.4613,60.9,0.06227,0.4537,ns
M7vsM8_anom_24m,natural_breaks,Relative Mortality,WUE,High,23,-0.02042,60.9,0.1401,0.4537,ns
M7vsM8_anom_24m,natural_breaks,Relative Mortality,uWUE,High,23,-0.01863,69.6,0.04016,0.4537,ns
M7vsM8_anom_24m,natural_breaks,Relative Mortality,ETmax,Mid,18,-0.00015,55.6,0.6525,0.7444,ns
M7vsM8_anom_24m,natural_breaks,Relative Mortality,GPPsat,Mid,18,-0.20545,61.1,0.316,0.5598,ns
M7vsM8_anom_24m,natural_breaks,Relative Mortality,NEPmax,Mid,18,-0.23712,61.1,0.3006,0.5598,ns
M7vsM8_anom_24m,natural_breaks,Relative Mortality,WUE,Mid,18,-0.00237,55.6,0.5347,0.7077,ns
M7vsM8_anom_24m,natural_breaks,Relative Mortality,uWUE,Mid,18,-0.01051,55.6,0.3969,0.622,ns
M7vsM8_anom_24m,natural_breaks,Relative Mortality,ETmax,Low,24,-0.00032,58.3,0.279,0.5598,ns
M7vsM8_anom_24m,natural_breaks,Relative Mortality,GPPsat,Low,24,0.03642,45.8,0.5057,0.7077,ns
M7vsM8_anom_24m,natural_breaks,Relative Mortality,NEPmax,Low,24,-0.21177,62.5,0.1357,0.4537,ns
M7vsM8_anom_24m,natural_breaks,Relative Mortality,WUE,Low,24,0.00978,33.3,0.9368,0.9368,ns
M7vsM8_anom_24m,natural_breaks,Relative Mortality,uWUE,Low,24,0.00133,50,0.7398,0.7927,ns
M7vsM8_anom_24m,natural_breaks,Relative Disturbance,ETmax,High,22,-0.00032,54.5,0.2477,0.5573,ns
M7vsM8_anom_24m,natural_breaks,Relative Disturbance,GPPsat,High,22,-0.20873,59.1,0.2179,0.5344,ns
M7vsM8_anom_24m,natural_breaks,Relative Disturbance,NEPmax,High,22,-0.18683,54.5,0.165,0.4951,ns
M7vsM8_anom_24m,natural_breaks,Relative Disturbance,WUE,High,22,-0.02008,63.6,0.1027,0.4537,ns
M7vsM8_anom_24m,natural_breaks,Relative Disturbance,uWUE,High,22,-0.02327,77.3,0.01742,0.4537,ns
M7vsM8_anom_24m,natural_breaks,Relative Disturbance,ETmax,Mid,20,-0.00028,65,0.269,0.5598,ns
M7vsM8_anom_24m,natural_breaks,Relative Disturbance,GPPsat,Mid,20,-0.20545,60,0.1902,0.5034,ns
M7vsM8_anom_24m,natural_breaks,Relative Disturbance,NEPmax,Mid,20,-0.28482,70,0.0865,0.4537,ns
M7vsM8_anom_24m,natural_breaks,Relative Disturbance,WUE,Mid,20,0.00047,50,0.6662,0.7444,ns
M7vsM8_anom_24m,natural_breaks,Relative Disturbance,uWUE,Mid,20,0.00289,45,0.6103,0.7422,ns
M7vsM8_anom_24m,natural_breaks,Relative Disturbance,ETmax,Low,23,-0.00019,52.2,0.5303,0.7077,ns
M7vsM8_anom_24m,natural_breaks,Relative Disturbance,GPPsat,Low,23,0.01807,47.8,0.4818,0.6994,ns
M7vsM8_anom_24m,natural_breaks,Relative Disturbance,NEPmax,Low,23,-0.20493,60.9,0.1401,0.4537,ns
M7vsM8_anom_24m,natural_breaks,Relative Disturbance,WUE,Low,23,0.00972,34.8,0.9339,0.9368,ns
M7vsM8_anom_24m,natural_breaks,Relative Disturbance,uWUE,Low,23,-0.00164,52.2,0.6481,0.7444,ns
