unit,method,metric,response,category,n,median_dRMSE,pct_sites_improved,p_onesided_wilcoxon,q_BH,sig
M1vsM2_12m,tertiles,Absolute Mortality,ETmax,High,22,0.00048,45.5,0.4871,0.8352,ns
M1vsM2_12m,tertiles,Absolute Mortality,GPPsat,High,22,-0.61993,59.1,0.2085,0.8352,ns
M1vsM2_12m,tertiles,Absolute Mortality,NEPmax,High,22,-0.73045,72.7,0.05583,0.8352,ns
M1vsM2_12m,tertiles,Absolute Mortality,WUE,High,22,-0.00453,54.5,0.5388,0.8352,ns
M1vsM2_12m,tertiles,Absolute Mortality,uWUE,High,22,-0.00151,50,0.7821,0.8584,ns
M1vsM2_12m,tertiles,Absolute Mortality,ETmax,Mid,21,0.00043,47.6,0.8076,0.8652,ns
M1vsM2_12m,tertiles,Absolute Mortality,GPPsat,Mid,21,-0.3806,66.7,0.3383,0.8352,ns
M1vsM2_12m,tertiles,Absolute Mortality,NEPmax,Mid,21,0.02415,47.6,0.5553,0.8352,ns
M1vsM2_12m,tertiles,Absolute Mortality,WUE,Mid,21,-0.00695,57.1,0.4174,0.8352,ns
M1vsM2_12m,tertiles,Absolute Mortality,uWUE,Mid,21,-0.00829,57.1,0.3905,0.8352,ns
M1vsM2_12m,tertiles,Absolute Mortality,ETmax,Low,22,0.00083,40.9,0.6149,0.8352,ns
M1vsM2_12m,tertiles,Absolute Mortality,GPPsat,Low,22,0.29861,36.4,0.7724,0.8584,ns
M1vsM2_12m,tertiles,Absolute Mortality,NEPmax,Low,22,-0.82899,63.6,0.1148,0.8352,ns
M1vsM2_12m,tertiles,Absolute Mortality,WUE,Low,22,-0.01579,59.1,0.3727,0.8352,ns
M1vsM2_12m,tertiles,Absolute Mortality,uWUE,Low,22,-0.00812,59.1,0.4612,0.8352,ns
M1vsM2_12m,tertiles,Relative Mortality,ETmax,High,22,-0.00089,54.5,0.3365,0.8352,ns
M1vsM2_12m,tertiles,Relative Mortality,GPPsat,High,22,-0.64632,63.6,0.1993,0.8352,ns
M1vsM2_12m,tertiles,Relative Mortality,NEPmax,High,22,-0.96208,68.2,0.1571,0.8352,ns
M1vsM2_12m,tertiles,Relative Mortality,WUE,High,22,-0.00453,54.5,0.6753,0.8352,ns
M1vsM2_12m,tertiles,Relative Mortality,uWUE,High,22,-0.0113,54.5,0.6273,0.8352,ns
M1vsM2_12m,tertiles,Relative Mortality,ETmax,Mid,21,0.00118,28.6,0.9881,0.9881,ns
M1vsM2_12m,tertiles,Relative Mortality,GPPsat,Mid,21,0.48417,47.6,0.867,0.9073,ns
M1vsM2_12m,tertiles,Relative Mortality,NEPmax,Mid,21,0.02415,47.6,0.569,0.8352,ns
M1vsM2_12m,tertiles,Relative Mortality,WUE,Mid,21,-0.02339,66.7,0.1406,0.8352,ns
M1vsM2_12m,tertiles,Relative Mortality,uWUE,Mid,21,0.01023,47.6,0.6617,0.8352,ns
M1vsM2_12m,tertiles,Relative Mortality,ETmax,Low,22,-1e-05,50,0.4228,0.8352,ns
M1vsM2_12m,tertiles,Relative Mortality,GPPsat,Low,22,-0.05878,50,0.3017,0.8352,ns
M1vsM2_12m,tertiles,Relative Mortality,NEPmax,Low,22,-0.82899,68.2,0.03453,0.8352,ns
M1vsM2_12m,tertiles,Relative Mortality,WUE,Low,22,0.00202,50,0.5772,0.8352,ns
M1vsM2_12m,tertiles,Relative Mortality,uWUE,Low,22,-0.01123,63.6,0.3605,0.8352,ns
M1vsM2_12m,tertiles,Relative Disturbance,ETmax,High,22,-0.00089,54.5,0.2905,0.8352,ns
M1vsM2_12m,tertiles,Relative Disturbance,GPPsat,High,22,-0.61993,63.6,0.2085,0.8352,ns
M1vsM2_12m,tertiles,Relative Disturbance,NEPmax,High,22,-0.73045,68.2,0.1904,0.8352,ns
M1vsM2_12m,tertiles,Relative Disturbance,WUE,High,22,-0.00453,54.5,0.6395,0.8352,ns
M1vsM2_12m,tertiles,Relative Disturbance,uWUE,High,22,-0.00151,50,0.7205,0.8532,ns
M1vsM2_12m,tertiles,Relative Disturbance,ETmax,Mid,21,0.00118,28.6,0.9815,0.9881,ns
M1vsM2_12m,tertiles,Relative Disturbance,GPPsat,Mid,21,-0.14227,57.1,0.6867,0.8352,ns
M1vsM2_12m,tertiles,Relative Disturbance,NEPmax,Mid,21,-0.36348,52.4,0.2658,0.8352,ns
M1vsM2_12m,tertiles,Relative Disturbance,WUE,Mid,21,-0.02339,66.7,0.05493,0.8352,ns
M1vsM2_12m,tertiles,Relative Disturbance,uWUE,Mid,21,-0.00562,52.4,0.4861,0.8352,ns
M1vsM2_12m,tertiles,Relative Disturbance,ETmax,Low,22,0.00027,50,0.5388,0.8352,ns
M1vsM2_12m,tertiles,Relative Disturbance,GPPsat,Low,22,0.10089,40.9,0.5259,0.8352,ns
M1vsM2_12m,tertiles,Relative Disturbance,NEPmax,Low,22,-0.82899,63.6,0.1087,0.8352,ns
M1vsM2_12m,tertiles,Relative Disturbance,WUE,Low,22,0.00202,50,0.7625,0.8584,ns
M1vsM2_12m,tertiles,Relative Disturbance,uWUE,Low,22,-0.01123,63.6,0.4355,0.8352,ns
M1vsM2_12m,equal_width,Absolute Mortality,ETmax,Mid,21,-0.00028,52.4,0.2891,0.7225,ns
M1vsM2_12m,equal_width,Absolute Mortality,GPPsat,Mid,21,-0.80708,61.9,0.06751,0.6809,ns
M1vsM2_12m,equal_width,Absolute Mortality,NEPmax,Mid,21,-1.08739,81,0.007486,0.2995,ns
M1vsM2_12m,equal_width,Absolute Mortality,WUE,Mid,21,-0.00532,57.1,0.3905,0.7225,ns
M1vsM2_12m,equal_width,Absolute Mortality,uWUE,Mid,21,-0.00562,52.4,0.6743,0.8395,ns
M1vsM2_12m,equal_width,Absolute Mortality,ETmax,Low,41,7e-04,41.5,0.8589,0.8641,ns
M1vsM2_12m,equal_width,Absolute Mortality,GPPsat,Low,41,-0.08633,51.2,0.6072,0.8376,ns
M1vsM2_12m,equal_width,Absolute Mortality,NEPmax,Low,41,-0.36348,53.7,0.2543,0.7225,ns
M1vsM2_12m,equal_width,Absolute Mortality,WUE,Low,41,-0.01329,58.5,0.3112,0.7225,ns
M1vsM2_12m,equal_width,Absolute Mortality,uWUE,Low,41,-0.01009,58.5,0.3392,0.7225,ns
M1vsM2_12m,equal_width,Absolute Mortality,ETmax,High,3,0.00278,33.3,,,""
M1vsM2_12m,equal_width,Absolute Mortality,GPPsat,High,3,0.97605,33.3,,,""
M1vsM2_12m,equal_width,Absolute Mortality,NEPmax,High,3,1.49795,33.3,,,""
M1vsM2_12m,equal_width,Absolute Mortality,WUE,High,3,0.04375,33.3,,,""
M1vsM2_12m,equal_width,Absolute Mortality,uWUE,High,3,0.08117,33.3,,,""
M1vsM2_12m,equal_width,Relative Mortality,ETmax,Mid,26,8e-05,50,0.4696,0.7225,ns
M1vsM2_12m,equal_width,Relative Mortality,GPPsat,Mid,26,-0.23988,57.7,0.2545,0.7225,ns
M1vsM2_12m,equal_width,Relative Mortality,NEPmax,Mid,26,-0.52101,65.4,0.08511,0.6809,ns
M1vsM2_12m,equal_width,Relative Mortality,WUE,Mid,26,-0.00947,53.8,0.4294,0.7225,ns
M1vsM2_12m,equal_width,Relative Mortality,uWUE,Mid,26,-0.00865,53.8,0.5706,0.8376,ns
M1vsM2_12m,equal_width,Relative Mortality,ETmax,Low,32,0.00079,43.8,0.7345,0.8395,ns
M1vsM2_12m,equal_width,Relative Mortality,GPPsat,Low,32,-0.15538,53.1,0.337,0.7225,ns
M1vsM2_12m,equal_width,Relative Mortality,NEPmax,Low,32,-0.62899,59.4,0.07107,0.6809,ns
M1vsM2_12m,equal_width,Relative Mortality,WUE,Low,32,-0.01012,59.4,0.3577,0.7225,ns
M1vsM2_12m,equal_width,Relative Mortality,uWUE,Low,32,-0.00919,59.4,0.4516,0.7225,ns
M1vsM2_12m,equal_width,Relative Mortality,ETmax,High,7,0.00278,28.6,0.8641,0.8641,ns
M1vsM2_12m,equal_width,Relative Mortality,GPPsat,High,7,0.58284,42.9,0.7766,0.8395,ns
M1vsM2_12m,equal_width,Relative Mortality,NEPmax,High,7,-0.52978,57.1,0.7766,0.8395,ns
M1vsM2_12m,equal_width,Relative Mortality,WUE,High,7,-0.00532,57.1,0.6637,0.8395,ns
M1vsM2_12m,equal_width,Relative Mortality,uWUE,High,7,0.00791,42.9,0.7229,0.8395,ns
M1vsM2_12m,equal_width,Relative Disturbance,ETmax,Mid,27,0.00061,40.7,0.7456,0.8395,ns
M1vsM2_12m,equal_width,Relative Disturbance,GPPsat,Mid,27,-0.27145,63,0.3112,0.7225,ns
M1vsM2_12m,equal_width,Relative Disturbance,NEPmax,Mid,27,-0.36348,59.3,0.1775,0.7225,ns
M1vsM2_12m,equal_width,Relative Disturbance,WUE,Mid,27,-0.00212,51.9,0.457,0.7225,ns
M1vsM2_12m,equal_width,Relative Disturbance,uWUE,Mid,27,0.01023,48.1,0.8464,0.8641,ns
M1vsM2_12m,equal_width,Relative Disturbance,ETmax,High,9,-0.00138,55.6,0.3611,0.7225,ns
M1vsM2_12m,equal_width,Relative Disturbance,GPPsat,High,9,0.28793,44.4,0.5936,0.8376,ns
M1vsM2_12m,equal_width,Relative Disturbance,NEPmax,High,9,-0.83676,66.7,0.4528,0.7225,ns
M1vsM2_12m,equal_width,Relative Disturbance,WUE,High,9,-0.01059,66.7,0.4528,0.7225,ns
M1vsM2_12m,equal_width,Relative Disturbance,uWUE,High,9,-0.01093,55.6,0.4528,0.7225,ns
M1vsM2_12m,equal_width,Relative Disturbance,ETmax,Low,29,0.00096,44.8,0.7487,0.8395,ns
M1vsM2_12m,equal_width,Relative Disturbance,GPPsat,Low,29,0.02471,48.3,0.3976,0.7225,ns
M1vsM2_12m,equal_width,Relative Disturbance,NEPmax,Low,29,-0.81631,62.1,0.0737,0.6809,ns
M1vsM2_12m,equal_width,Relative Disturbance,WUE,Low,29,-0.01329,58.6,0.4144,0.7225,ns
M1vsM2_12m,equal_width,Relative Disturbance,uWUE,Low,29,-0.01238,62.1,0.2944,0.7225,ns
M1vsM2_12m,natural_breaks,Absolute Mortality,ETmax,High,14,-0.00047,50,0.3532,0.8106,ns
M1vsM2_12m,natural_breaks,Absolute Mortality,GPPsat,High,14,-0.66531,57.1,0.2449,0.8106,ns
M1vsM2_12m,natural_breaks,Absolute Mortality,NEPmax,High,14,-1.00084,71.4,0.1292,0.8106,ns
M1vsM2_12m,natural_breaks,Absolute Mortality,WUE,High,14,-0.00453,57.1,0.6698,0.8106,ns
M1vsM2_12m,natural_breaks,Absolute Mortality,uWUE,High,14,-0.00151,50,0.7551,0.8287,ns
M1vsM2_12m,natural_breaks,Absolute Mortality,ETmax,Mid,32,0.00056,43.8,0.8227,0.8814,ns
M1vsM2_12m,natural_breaks,Absolute Mortality,GPPsat,Mid,32,-0.38767,65.6,0.1872,0.8106,ns
M1vsM2_12m,natural_breaks,Absolute Mortality,NEPmax,Mid,32,-0.39647,59.4,0.1411,0.8106,ns
M1vsM2_12m,natural_breaks,Absolute Mortality,WUE,Mid,32,-0.00453,53.1,0.4665,0.8106,ns
M1vsM2_12m,natural_breaks,Absolute Mortality,uWUE,Mid,32,-0.00588,56.2,0.4739,0.8106,ns
M1vsM2_12m,natural_breaks,Absolute Mortality,ETmax,Low,19,0.00096,42.1,0.6338,0.8106,ns
M1vsM2_12m,natural_breaks,Absolute Mortality,GPPsat,Low,19,0.46976,31.6,0.9234,0.9664,ns
M1vsM2_12m,natural_breaks,Absolute Mortality,NEPmax,Low,19,-0.73284,57.9,0.2935,0.8106,ns
M1vsM2_12m,natural_breaks,Absolute Mortality,WUE,Low,19,-0.01829,63.2,0.2664,0.8106,ns
M1vsM2_12m,natural_breaks,Absolute Mortality,uWUE,Low,19,-0.01741,57.9,0.3814,0.8106,ns
M1vsM2_12m,natural_breaks,Relative Mortality,ETmax,High,23,-0.00041,52.2,0.3519,0.8106,ns
M1vsM2_12m,natural_breaks,Relative Mortality,GPPsat,High,23,-0.48556,60.9,0.219,0.8106,ns
M1vsM2_12m,natural_breaks,Relative Mortality,NEPmax,High,23,-1.05474,69.6,0.1335,0.8106,ns
M1vsM2_12m,natural_breaks,Relative Mortality,WUE,High,23,-0.00532,56.5,0.6367,0.8106,ns
M1vsM2_12m,natural_breaks,Relative Mortality,uWUE,High,23,-0.01093,52.2,0.6813,0.8106,ns
M1vsM2_12m,natural_breaks,Relative Mortality,ETmax,Mid,18,0.00136,27.8,0.9853,0.9853,ns
M1vsM2_12m,natural_breaks,Relative Mortality,GPPsat,Mid,18,-0.13113,55.6,0.6684,0.8106,ns
M1vsM2_12m,natural_breaks,Relative Mortality,NEPmax,Mid,18,-0.03747,50,0.5,0.8106,ns
M1vsM2_12m,natural_breaks,Relative Mortality,WUE,Mid,18,-0.02655,66.7,0.1113,0.8106,ns
M1vsM2_12m,natural_breaks,Relative Mortality,uWUE,Mid,18,-0.00696,55.6,0.3316,0.8106,ns
M1vsM2_12m,natural_breaks,Relative Mortality,ETmax,Low,24,-1e-05,50,0.4488,0.8106,ns
M1vsM2_12m,natural_breaks,Relative Mortality,GPPsat,Low,24,0.04951,45.8,0.5171,0.8106,ns
M1vsM2_12m,natural_breaks,Relative Mortality,NEPmax,Low,24,-0.77457,62.5,0.09199,0.8106,ns
M1vsM2_12m,natural_breaks,Relative Mortality,WUE,Low,24,0.00202,50,0.6179,0.8106,ns
M1vsM2_12m,natural_breaks,Relative Mortality,uWUE,Low,24,-0.00812,58.3,0.6395,0.8106,ns
M1vsM2_12m,natural_breaks,Relative Disturbance,ETmax,High,22,-0.00089,54.5,0.2905,0.8106,ns
M1vsM2_12m,natural_breaks,Relative Disturbance,GPPsat,High,22,-0.61993,63.6,0.2085,0.8106,ns
M1vsM2_12m,natural_breaks,Relative Disturbance,NEPmax,High,22,-0.73045,68.2,0.1904,0.8106,ns
M1vsM2_12m,natural_breaks,Relative Disturbance,WUE,High,22,-0.00453,54.5,0.6395,0.8106,ns
M1vsM2_12m,natural_breaks,Relative Disturbance,uWUE,High,22,-0.00151,50,0.7205,0.8106,ns
M1vsM2_12m,natural_breaks,Relative Disturbance,ETmax,Mid,20,0.00136,30,0.9771,0.9853,ns
M1vsM2_12m,natural_breaks,Relative Disturbance,GPPsat,Mid,20,-0.13113,55,0.7186,0.8106,ns
M1vsM2_12m,natural_breaks,Relative Disturbance,NEPmax,Mid,20,-0.39662,55,0.2568,0.8106,ns
M1vsM2_12m,natural_breaks,Relative Disturbance,WUE,Mid,20,-0.02249,65,0.08076,0.8106,ns
M1vsM2_12m,natural_breaks,Relative Disturbance,uWUE,Mid,20,-0.00696,55,0.4041,0.8106,ns
M1vsM2_12m,natural_breaks,Relative Disturbance,ETmax,Low,23,0.00041,47.8,0.5424,0.8106,ns
M1vsM2_12m,natural_breaks,Relative Disturbance,GPPsat,Low,23,0.07432,43.5,0.5061,0.8106,ns
M1vsM2_12m,natural_breaks,Relative Disturbance,NEPmax,Low,23,-0.81631,60.9,0.1148,0.8106,ns
M1vsM2_12m,natural_breaks,Relative Disturbance,WUE,Low,23,-0.00531,52.2,0.7027,0.8106,ns
M1vsM2_12m,natural_breaks,Relative Disturbance,uWUE,Low,23,-0.01009,60.9,0.5061,0.8106,ns
M1vsM2_24m,tertiles,Absolute Mortality,ETmax,High,22,-0.00023,54.5,0.3017,0.8549,ns
M1vsM2_24m,tertiles,Absolute Mortality,GPPsat,High,22,-0.66662,68.2,0.1817,0.8549,ns
M1vsM2_24m,tertiles,Absolute Mortality,NEPmax,High,22,-0.93848,68.2,0.05583,0.7382,ns
M1vsM2_24m,tertiles,Absolute Mortality,WUE,High,22,0.00162,50,0.7915,0.8549,ns
M1vsM2_24m,tertiles,Absolute Mortality,uWUE,High,22,0.01745,40.9,0.7095,0.8549,ns
M1vsM2_24m,tertiles,Absolute Mortality,ETmax,Mid,21,0.00176,42.9,0.8515,0.8911,ns
M1vsM2_24m,tertiles,Absolute Mortality,GPPsat,Mid,21,-0.32337,61.9,0.3641,0.8549,ns
M1vsM2_24m,tertiles,Absolute Mortality,NEPmax,Mid,21,-0.16966,61.9,0.5415,0.8549,ns
M1vsM2_24m,tertiles,Absolute Mortality,WUE,Mid,21,-0.00158,52.4,0.3383,0.8549,ns
M1vsM2_24m,tertiles,Absolute Mortality,uWUE,Mid,21,0.0056,38.1,0.4585,0.8549,ns
M1vsM2_24m,tertiles,Absolute Mortality,ETmax,Low,22,0.00103,45.5,0.6516,0.8549,ns
M1vsM2_24m,tertiles,Absolute Mortality,GPPsat,Low,22,0.13776,40.9,0.6753,0.8549,ns
M1vsM2_24m,tertiles,Absolute Mortality,NEPmax,Low,22,-0.60176,68.2,0.09704,0.7382,ns
M1vsM2_24m,tertiles,Absolute Mortality,WUE,Low,22,0.00196,45.5,0.5388,0.8549,ns
M1vsM2_24m,tertiles,Absolute Mortality,uWUE,Low,22,0.00507,45.5,0.7625,0.8549,ns
M1vsM2_24m,tertiles,Relative Mortality,ETmax,High,22,-0.00049,59.1,0.2375,0.8549,ns
M1vsM2_24m,tertiles,Relative Mortality,GPPsat,High,22,-0.69156,72.7,0.1027,0.7382,ns
M1vsM2_24m,tertiles,Relative Mortality,NEPmax,High,22,-0.93848,72.7,0.1148,0.7382,ns
M1vsM2_24m,tertiles,Relative Mortality,WUE,High,22,0.00444,45.5,0.7523,0.8549,ns
M1vsM2_24m,tertiles,Relative Mortality,uWUE,High,22,0.00868,40.9,0.6983,0.8549,ns
M1vsM2_24m,tertiles,Relative Mortality,ETmax,Mid,21,0.00176,38.1,0.9557,0.9557,ns
M1vsM2_24m,tertiles,Relative Mortality,GPPsat,Mid,21,0.30932,42.9,0.9124,0.9331,ns
M1vsM2_24m,tertiles,Relative Mortality,NEPmax,Mid,21,-0.04062,52.4,0.7342,0.8549,ns
M1vsM2_24m,tertiles,Relative Mortality,WUE,Mid,21,-0.00324,61.9,0.2327,0.8549,ns
M1vsM2_24m,tertiles,Relative Mortality,uWUE,Mid,21,0.01362,33.3,0.6359,0.8549,ns
M1vsM2_24m,tertiles,Relative Mortality,ETmax,Low,22,0.00103,45.5,0.5772,0.8549,ns
M1vsM2_24m,tertiles,Relative Mortality,GPPsat,Low,22,-0.24822,54.5,0.1904,0.8549,ns
M1vsM2_24m,tertiles,Relative Mortality,NEPmax,Low,22,-0.73962,72.7,0.03212,0.7382,ns
M1vsM2_24m,tertiles,Relative Mortality,WUE,Low,22,0.00477,40.9,0.6516,0.8549,ns
M1vsM2_24m,tertiles,Relative Mortality,uWUE,Low,22,-0.00459,50,0.6273,0.8549,ns
M1vsM2_24m,tertiles,Relative Disturbance,ETmax,High,22,-0.00023,54.5,0.3247,0.8549,ns
M1vsM2_24m,tertiles,Relative Disturbance,GPPsat,High,22,-0.69156,72.7,0.1087,0.7382,ns
M1vsM2_24m,tertiles,Relative Disturbance,NEPmax,High,22,-0.77562,68.2,0.1571,0.8549,ns
M1vsM2_24m,tertiles,Relative Disturbance,WUE,High,22,0.00162,50,0.6273,0.8549,ns
M1vsM2_24m,tertiles,Relative Disturbance,uWUE,High,22,0.01461,36.4,0.7313,0.8549,ns
M1vsM2_24m,tertiles,Relative Disturbance,ETmax,Mid,21,-5e-05,52.4,0.7979,0.8549,ns
M1vsM2_24m,tertiles,Relative Disturbance,GPPsat,Mid,21,0.15035,47.6,0.7673,0.8549,ns
M1vsM2_24m,tertiles,Relative Disturbance,NEPmax,Mid,21,-0.1278,66.7,0.2773,0.8549,ns
M1vsM2_24m,tertiles,Relative Disturbance,WUE,Mid,21,-0.00324,57.1,0.3511,0.8549,ns
M1vsM2_24m,tertiles,Relative Disturbance,uWUE,Mid,21,0.01245,38.1,0.5553,0.8549,ns
M1vsM2_24m,tertiles,Relative Disturbance,ETmax,Low,22,0.00165,36.4,0.7625,0.8549,ns
M1vsM2_24m,tertiles,Relative Disturbance,GPPsat,Low,22,-0.11895,50,0.4355,0.8549,ns
M1vsM2_24m,tertiles,Relative Disturbance,NEPmax,Low,22,-0.90545,63.6,0.09704,0.7382,ns
M1vsM2_24m,tertiles,Relative Disturbance,WUE,Low,22,0.00477,40.9,0.6983,0.8549,ns
M1vsM2_24m,tertiles,Relative Disturbance,uWUE,Low,22,-0.00459,50,0.6516,0.8549,ns
M1vsM2_24m,equal_width,Absolute Mortality,ETmax,Mid,21,-0.00059,61.9,0.1187,0.791,ns
M1vsM2_24m,equal_width,Absolute Mortality,GPPsat,Mid,21,-0.68131,71.4,0.04762,0.737,ns
M1vsM2_24m,equal_width,Absolute Mortality,NEPmax,Mid,21,-1.09543,76.2,0.007486,0.2995,ns
M1vsM2_24m,equal_width,Absolute Mortality,WUE,Mid,21,-0.00524,57.1,0.5553,0.8474,ns
M1vsM2_24m,equal_width,Absolute Mortality,uWUE,Mid,21,0.00084,47.6,0.3133,0.8234,ns
M1vsM2_24m,equal_width,Absolute Mortality,ETmax,Low,41,0.00148,41.5,0.8956,0.9186,ns
M1vsM2_24m,equal_width,Absolute Mortality,GPPsat,Low,41,-0.02447,51.2,0.572,0.8474,ns
M1vsM2_24m,equal_width,Absolute Mortality,NEPmax,Low,41,-0.19096,63.4,0.1926,0.8234,ns
M1vsM2_24m,equal_width,Absolute Mortality,WUE,Low,41,0.00016,48.8,0.4028,0.8234,ns
M1vsM2_24m,equal_width,Absolute Mortality,uWUE,Low,41,0.0056,41.5,0.6796,0.8763,ns
M1vsM2_24m,equal_width,Absolute Mortality,ETmax,High,3,0.00202,33.3,,,""
M1vsM2_24m,equal_width,Absolute Mortality,GPPsat,High,3,1.15971,33.3,,,""
M1vsM2_24m,equal_width,Absolute Mortality,NEPmax,High,3,2.28408,33.3,,,""
M1vsM2_24m,equal_width,Absolute Mortality,WUE,High,3,0.04863,0,,,""
M1vsM2_24m,equal_width,Absolute Mortality,uWUE,High,3,0.06537,0,,,""
M1vsM2_24m,equal_width,Relative Mortality,ETmax,Mid,26,-0.00054,53.8,0.333,0.8234,ns
M1vsM2_24m,equal_width,Relative Mortality,GPPsat,Mid,26,-0.32859,61.5,0.1939,0.8234,ns
M1vsM2_24m,equal_width,Relative Mortality,NEPmax,Mid,26,-0.22979,65.4,0.0933,0.7464,ns
M1vsM2_24m,equal_width,Relative Mortality,WUE,Mid,26,-0.00241,57.7,0.3516,0.8234,ns
M1vsM2_24m,equal_width,Relative Mortality,uWUE,Mid,26,0.00903,38.5,0.5,0.8383,ns
M1vsM2_24m,equal_width,Relative Mortality,ETmax,Low,32,0.00136,40.6,0.8227,0.9095,ns
M1vsM2_24m,equal_width,Relative Mortality,GPPsat,Low,32,-0.12809,53.1,0.3507,0.8234,ns
M1vsM2_24m,equal_width,Relative Mortality,NEPmax,Low,32,-0.43233,68.8,0.06613,0.737,ns
M1vsM2_24m,equal_width,Relative Mortality,WUE,Low,32,0.00196,46.9,0.4369,0.8234,ns
M1vsM2_24m,equal_width,Relative Mortality,uWUE,Low,32,0.00507,46.9,0.6833,0.8763,ns
M1vsM2_24m,equal_width,Relative Mortality,ETmax,High,7,-5e-05,57.1,0.6637,0.8763,ns
M1vsM2_24m,equal_width,Relative Mortality,GPPsat,High,7,-0.29286,57.1,0.7229,0.8763,ns
M1vsM2_24m,equal_width,Relative Mortality,NEPmax,High,7,-0.58337,57.1,0.7229,0.8763,ns
M1vsM2_24m,equal_width,Relative Mortality,WUE,High,7,0.0316,28.6,0.9246,0.9246,ns
M1vsM2_24m,equal_width,Relative Mortality,uWUE,High,7,0.02129,28.6,0.8641,0.9095,ns
M1vsM2_24m,equal_width,Relative Disturbance,ETmax,Mid,27,-0.00014,51.9,0.5239,0.8383,ns
M1vsM2_24m,equal_width,Relative Disturbance,GPPsat,Mid,27,-0.32337,63,0.2468,0.8234,ns
M1vsM2_24m,equal_width,Relative Disturbance,NEPmax,Mid,27,-0.17415,63,0.1903,0.8234,ns
M1vsM2_24m,equal_width,Relative Disturbance,WUE,Mid,27,-0.00112,51.9,0.5144,0.8383,ns
M1vsM2_24m,equal_width,Relative Disturbance,uWUE,Mid,27,0.01362,29.6,0.8225,0.9095,ns
M1vsM2_24m,equal_width,Relative Disturbance,ETmax,High,9,-0.00069,66.7,0.3178,0.8234,ns
M1vsM2_24m,equal_width,Relative Disturbance,GPPsat,High,9,-0.29286,66.7,0.4528,0.8234,ns
M1vsM2_24m,equal_width,Relative Disturbance,NEPmax,High,9,-0.76972,66.7,0.3178,0.8234,ns
M1vsM2_24m,equal_width,Relative Disturbance,WUE,High,9,0.00452,44.4,0.8284,0.9095,ns
M1vsM2_24m,equal_width,Relative Disturbance,uWUE,High,9,-0.02353,55.6,0.4528,0.8234,ns
M1vsM2_24m,equal_width,Relative Disturbance,ETmax,Low,29,0.00148,37.9,0.8503,0.9095,ns
M1vsM2_24m,equal_width,Relative Disturbance,GPPsat,Low,29,0.02682,48.3,0.4313,0.8234,ns
M1vsM2_24m,equal_width,Relative Disturbance,NEPmax,Low,29,-0.46136,69,0.0737,0.737,ns
M1vsM2_24m,equal_width,Relative Disturbance,WUE,Low,29,0.00016,48.3,0.4398,0.8234,ns
M1vsM2_24m,equal_width,Relative Disturbance,uWUE,Low,29,0.00012,48.3,0.6594,0.8763,ns
M1vsM2_24m,natural_breaks,Absolute Mortality,ETmax,High,14,-0.00064,71.4,0.1292,0.7602,ns
M1vsM2_24m,natural_breaks,Absolute Mortality,GPPsat,High,14,-0.67688,71.4,0.1576,0.7602,ns
M1vsM2_24m,natural_breaks,Absolute Mortality,NEPmax,High,14,-1.23441,78.6,0.0937,0.7602,ns
M1vsM2_24m,natural_breaks,Absolute Mortality,WUE,High,14,0.0237,35.7,0.9487,0.9487,ns
M1vsM2_24m,natural_breaks,Absolute Mortality,uWUE,High,14,0.01106,42.9,0.6922,0.8769,ns
M1vsM2_24m,natural_breaks,Absolute Mortality,ETmax,Mid,32,0.00109,40.6,0.8275,0.8769,ns
M1vsM2_24m,natural_breaks,Absolute Mortality,GPPsat,Mid,32,-0.4066,62.5,0.2189,0.7602,ns
M1vsM2_24m,natural_breaks,Absolute Mortality,NEPmax,Mid,32,-0.14873,62.5,0.2534,0.7602,ns
M1vsM2_24m,natural_breaks,Absolute Mortality,WUE,Mid,32,-0.00323,59.4,0.2416,0.7602,ns
M1vsM2_24m,natural_breaks,Absolute Mortality,uWUE,Mid,32,0.00903,37.5,0.5261,0.8769,ns
M1vsM2_24m,natural_breaks,Absolute Mortality,ETmax,Low,19,0.00125,42.1,0.7065,0.8769,ns
M1vsM2_24m,natural_breaks,Absolute Mortality,GPPsat,Low,19,0.15035,36.8,0.8379,0.8769,ns
M1vsM2_24m,natural_breaks,Absolute Mortality,NEPmax,Low,19,-0.5388,63.2,0.2406,0.7602,ns
M1vsM2_24m,natural_breaks,Absolute Mortality,WUE,Low,19,0.00376,42.1,0.3968,0.8769,ns
M1vsM2_24m,natural_breaks,Absolute Mortality,uWUE,Low,19,0.01003,47.4,0.7837,0.8769,ns
M1vsM2_24m,natural_breaks,Relative Mortality,ETmax,High,23,-0.00059,60.9,0.219,0.7602,ns
M1vsM2_24m,natural_breaks,Relative Mortality,GPPsat,High,23,-0.68131,69.6,0.127,0.7602,ns
M1vsM2_24m,natural_breaks,Relative Mortality,NEPmax,High,23,-0.78153,73.9,0.09807,0.7602,ns
M1vsM2_24m,natural_breaks,Relative Mortality,WUE,High,23,0.00437,47.8,0.7434,0.8769,ns
M1vsM2_24m,natural_breaks,Relative Mortality,uWUE,High,23,0.01388,39.1,0.7234,0.8769,ns
M1vsM2_24m,natural_breaks,Relative Mortality,ETmax,Mid,18,0.00101,38.9,0.9307,0.9487,ns
M1vsM2_24m,natural_breaks,Relative Mortality,GPPsat,Mid,18,0.09078,50,0.729,0.8769,ns
M1vsM2_24m,natural_breaks,Relative Mortality,NEPmax,Mid,18,-0.08421,55.6,0.5691,0.8769,ns
M1vsM2_24m,natural_breaks,Relative Mortality,WUE,Mid,18,-0.00423,61.1,0.2295,0.7602,ns
M1vsM2_24m,natural_breaks,Relative Mortality,uWUE,Mid,18,0.00903,38.9,0.448,0.8769,ns
M1vsM2_24m,natural_breaks,Relative Mortality,ETmax,Low,24,0.00136,41.7,0.6711,0.8769,ns
M1vsM2_24m,natural_breaks,Relative Mortality,GPPsat,Low,24,-0.10245,50,0.4376,0.8769,ns
M1vsM2_24m,natural_breaks,Relative Mortality,NEPmax,Low,24,-0.60176,66.7,0.08737,0.7602,ns
M1vsM2_24m,natural_breaks,Relative Mortality,WUE,Low,24,0.00477,41.7,0.6288,0.8769,ns
M1vsM2_24m,natural_breaks,Relative Mortality,uWUE,Low,24,0.00507,45.8,0.784,0.8769,ns
M1vsM2_24m,natural_breaks,Relative Disturbance,ETmax,High,22,-0.00023,54.5,0.3247,0.8596,ns
M1vsM2_24m,natural_breaks,Relative Disturbance,GPPsat,High,22,-0.69156,72.7,0.1087,0.7602,ns
M1vsM2_24m,natural_breaks,Relative Disturbance,NEPmax,High,22,-0.77562,68.2,0.1571,0.7602,ns
M1vsM2_24m,natural_breaks,Relative Disturbance,WUE,High,22,0.00162,50,0.6273,0.8769,ns
M1vsM2_24m,natural_breaks,Relative Disturbance,uWUE,High,22,0.01461,36.4,0.7313,0.8769,ns
M1vsM2_24m,natural_breaks,Relative Disturbance,ETmax,Mid,20,0.00011,50,0.8294,0.8769,ns
M1vsM2_24m,natural_breaks,Relative Disturbance,GPPsat,Mid,20,0.09078,50,0.7551,0.8769,ns
M1vsM2_24m,natural_breaks,Relative Disturbance,NEPmax,Mid,20,-0.14873,65,0.3071,0.8596,ns
M1vsM2_24m,natural_breaks,Relative Disturbance,WUE,Mid,20,-0.00323,55,0.4333,0.8769,ns
M1vsM2_24m,natural_breaks,Relative Disturbance,uWUE,Mid,20,0.00903,40,0.5074,0.8769,ns
M1vsM2_24m,natural_breaks,Relative Disturbance,ETmax,Low,23,0.00148,39.1,0.7531,0.8769,ns
M1vsM2_24m,natural_breaks,Relative Disturbance,GPPsat,Low,23,0.02682,47.8,0.4456,0.8769,ns
M1vsM2_24m,natural_breaks,Relative Disturbance,NEPmax,Low,23,-0.81451,65.2,0.08795,0.7602,ns
M1vsM2_24m,natural_breaks,Relative Disturbance,WUE,Low,23,0.00376,43.5,0.602,0.8769,ns
M1vsM2_24m,natural_breaks,Relative Disturbance,uWUE,Low,23,0.00012,47.8,0.7132,0.8769,ns
M3vsM4_12m,tertiles,Absolute Mortality,ETmax,High,22,0.00125,27.3,0.858,0.9136,ns
M3vsM4_12m,tertiles,Absolute Mortality,GPPsat,High,22,-0.26274,63.6,0.1279,0.5039,ns
M3vsM4_12m,tertiles,Absolute Mortality,NEPmax,High,22,-0.33069,54.5,0.1571,0.5039,ns
M3vsM4_12m,tertiles,Absolute Mortality,WUE,High,22,-0.02135,68.2,0.1904,0.5039,ns
M3vsM4_12m,tertiles,Absolute Mortality,uWUE,High,22,0.00659,40.9,0.6516,0.8885,ns
M3vsM4_12m,tertiles,Absolute Mortality,ETmax,Mid,21,0.00191,38.1,0.8743,0.9136,ns
M3vsM4_12m,tertiles,Absolute Mortality,GPPsat,Mid,21,-0.09505,57.1,0.2021,0.5052,ns
M3vsM4_12m,tertiles,Absolute Mortality,NEPmax,Mid,21,-0.07427,57.1,0.3133,0.632,ns
M3vsM4_12m,tertiles,Absolute Mortality,WUE,Mid,21,0.01322,28.6,0.8515,0.9136,ns
M3vsM4_12m,tertiles,Absolute Mortality,uWUE,Mid,21,-0.01583,66.7,0.08762,0.5039,ns
M3vsM4_12m,tertiles,Absolute Mortality,ETmax,Low,22,-0.00046,54.5,0.3484,0.632,ns
M3vsM4_12m,tertiles,Absolute Mortality,GPPsat,Low,22,-0.06932,54.5,0.165,0.5039,ns
M3vsM4_12m,tertiles,Absolute Mortality,NEPmax,Low,22,-0.36098,72.7,0.04569,0.5039,ns
M3vsM4_12m,tertiles,Absolute Mortality,WUE,Low,22,-0.00321,54.5,0.7419,0.9023,ns
M3vsM4_12m,tertiles,Absolute Mortality,uWUE,Low,22,-0.00023,50,0.6395,0.8885,ns
M3vsM4_12m,tertiles,Relative Mortality,ETmax,High,22,0.00125,31.8,0.7915,0.9133,ns
M3vsM4_12m,tertiles,Relative Mortality,GPPsat,High,22,-0.32064,59.1,0.1571,0.5039,ns
M3vsM4_12m,tertiles,Relative Mortality,NEPmax,High,22,-0.33069,59.1,0.142,0.5039,ns
M3vsM4_12m,tertiles,Relative Mortality,WUE,High,22,-0.02135,68.2,0.1732,0.5039,ns
M3vsM4_12m,tertiles,Relative Mortality,uWUE,High,22,-0.00256,50,0.3975,0.688,ns
M3vsM4_12m,tertiles,Relative Mortality,ETmax,Mid,21,0.00089,42.9,0.7109,0.8887,ns
M3vsM4_12m,tertiles,Relative Mortality,GPPsat,Mid,21,-0.09505,52.4,0.3511,0.632,ns
M3vsM4_12m,tertiles,Relative Mortality,NEPmax,Mid,21,-0.07427,52.4,0.5,0.8036,ns
M3vsM4_12m,tertiles,Relative Mortality,WUE,Mid,21,0.00682,42.9,0.6867,0.8887,ns
M3vsM4_12m,tertiles,Relative Mortality,uWUE,Mid,21,-0.001,52.4,0.3383,0.632,ns
M3vsM4_12m,tertiles,Relative Mortality,ETmax,Low,22,0.00076,45.5,0.5645,0.8658,ns
M3vsM4_12m,tertiles,Relative Mortality,GPPsat,Low,22,-0.13508,63.6,0.05226,0.5039,ns
M3vsM4_12m,tertiles,Relative Mortality,NEPmax,Low,22,-0.3454,72.7,0.02383,0.5039,ns
M3vsM4_12m,tertiles,Relative Mortality,WUE,Low,22,0.01597,40.9,0.9136,0.9136,ns
M3vsM4_12m,tertiles,Relative Mortality,uWUE,Low,22,-0.00359,54.5,0.5772,0.8658,ns
M3vsM4_12m,tertiles,Relative Disturbance,ETmax,High,22,0.00141,27.3,0.9136,0.9136,ns
M3vsM4_12m,tertiles,Relative Disturbance,GPPsat,High,22,-0.28085,59.1,0.165,0.5039,ns
M3vsM4_12m,tertiles,Relative Disturbance,NEPmax,High,22,-0.18549,54.5,0.1904,0.5039,ns
M3vsM4_12m,tertiles,Relative Disturbance,WUE,High,22,-0.02135,68.2,0.165,0.5039,ns
M3vsM4_12m,tertiles,Relative Disturbance,uWUE,High,22,-0.00256,50,0.4612,0.7687,ns
M3vsM4_12m,tertiles,Relative Disturbance,ETmax,Mid,21,-0.00031,52.4,0.3011,0.632,ns
M3vsM4_12m,tertiles,Relative Disturbance,GPPsat,Mid,21,-0.09505,57.1,0.2222,0.5263,ns
M3vsM4_12m,tertiles,Relative Disturbance,NEPmax,Mid,21,-0.2605,57.1,0.2773,0.6239,ns
M3vsM4_12m,tertiles,Relative Disturbance,WUE,Mid,21,0.01218,42.9,0.6228,0.8885,ns
M3vsM4_12m,tertiles,Relative Disturbance,uWUE,Mid,21,-0.00193,57.1,0.09922,0.5039,ns
M3vsM4_12m,tertiles,Relative Disturbance,ETmax,Low,22,0.00089,40.9,0.6983,0.8887,ns
M3vsM4_12m,tertiles,Relative Disturbance,GPPsat,Low,22,-0.1342,59.1,0.1027,0.5039,ns
M3vsM4_12m,tertiles,Relative Disturbance,NEPmax,Low,22,-0.3454,72.7,0.05958,0.5039,ns
M3vsM4_12m,tertiles,Relative Disturbance,WUE,Low,22,0.01016,40.9,0.9136,0.9136,ns
M3vsM4_12m,tertiles,Relative Disturbance,uWUE,Low,22,0.00166,50,0.7915,0.9133,ns
M3vsM4_12m,equal_width,Absolute Mortality,ETmax,Mid,21,0.001,33.3,0.6228,0.8296,ns
M3vsM4_12m,equal_width,Absolute Mortality,GPPsat,Mid,21,-0.30253,66.7,0.0589,0.3425,ns
M3vsM4_12m,equal_width,Absolute Mortality,NEPmax,Mid,21,-0.30063,61.9,0.07707,0.3425,ns
M3vsM4_12m,equal_width,Absolute Mortality,WUE,Mid,21,-0.0249,61.9,0.3772,0.6829,ns
M3vsM4_12m,equal_width,Absolute Mortality,uWUE,Mid,21,0.00517,42.9,0.5415,0.7816,ns
M3vsM4_12m,equal_width,Absolute Mortality,ETmax,Low,41,0.00085,46.3,0.6513,0.8296,ns
M3vsM4_12m,equal_width,Absolute Mortality,GPPsat,Low,41,-0.07679,56.1,0.1044,0.3479,ns
M3vsM4_12m,equal_width,Absolute Mortality,NEPmax,Low,41,-0.30064,63.4,0.07156,0.3425,ns
M3vsM4_12m,equal_width,Absolute Mortality,WUE,Low,41,0.01218,41.5,0.8702,0.9623,ns
M3vsM4_12m,equal_width,Absolute Mortality,uWUE,Low,41,-0.00518,58.5,0.2502,0.5887,ns
M3vsM4_12m,equal_width,Absolute Mortality,ETmax,High,3,0.00403,0,,,""
M3vsM4_12m,equal_width,Absolute Mortality,GPPsat,High,3,0.11092,33.3,,,""
M3vsM4_12m,equal_width,Absolute Mortality,NEPmax,High,3,1.03346,33.3,,,""
M3vsM4_12m,equal_width,Absolute Mortality,WUE,High,3,-0.02071,100,,,""
M3vsM4_12m,equal_width,Absolute Mortality,uWUE,High,3,0.03754,33.3,,,""
M3vsM4_12m,equal_width,Relative Mortality,ETmax,Mid,26,0.00095,42.3,0.3706,0.6829,ns
M3vsM4_12m,equal_width,Relative Mortality,GPPsat,Mid,26,-0.26274,65.4,0.03985,0.3425,ns
M3vsM4_12m,equal_width,Relative Mortality,NEPmax,Mid,26,-0.28056,61.5,0.05479,0.3425,ns
M3vsM4_12m,equal_width,Relative Mortality,WUE,Mid,26,-0.02945,57.7,0.3803,0.6829,ns
M3vsM4_12m,equal_width,Relative Mortality,uWUE,Mid,26,-0.00825,53.8,0.2385,0.5887,ns
M3vsM4_12m,equal_width,Relative Mortality,ETmax,Low,32,0.00072,46.9,0.663,0.8296,ns
M3vsM4_12m,equal_width,Relative Mortality,GPPsat,Low,32,-0.13508,59.4,0.0509,0.3425,ns
M3vsM4_12m,equal_width,Relative Mortality,NEPmax,Low,32,-0.40437,68.8,0.04185,0.3425,ns
M3vsM4_12m,equal_width,Relative Mortality,WUE,Low,32,0.0127,40.6,0.9264,0.9623,ns
M3vsM4_12m,equal_width,Relative Mortality,uWUE,Low,32,-0.00197,56.2,0.4004,0.6829,ns
M3vsM4_12m,equal_width,Relative Mortality,ETmax,High,7,0.00187,0,0.9929,0.9929,ns
M3vsM4_12m,equal_width,Relative Mortality,GPPsat,High,7,0.22848,28.6,0.8976,0.9623,ns
M3vsM4_12m,equal_width,Relative Mortality,NEPmax,High,7,0.96517,28.6,0.6637,0.8296,ns
M3vsM4_12m,equal_width,Relative Mortality,WUE,High,7,-0.00246,71.4,0.1359,0.3818,ns
M3vsM4_12m,equal_width,Relative Mortality,uWUE,High,7,0.01078,28.6,0.7766,0.9272,ns
M3vsM4_12m,equal_width,Relative Disturbance,ETmax,Mid,27,0.00089,44.4,0.3638,0.6829,ns
M3vsM4_12m,equal_width,Relative Disturbance,GPPsat,Mid,27,-0.22295,63,0.04749,0.3425,ns
M3vsM4_12m,equal_width,Relative Disturbance,NEPmax,Mid,27,-0.2605,59.3,0.09521,0.3479,ns
M3vsM4_12m,equal_width,Relative Disturbance,WUE,Mid,27,-0.00449,51.9,0.4474,0.6884,ns
M3vsM4_12m,equal_width,Relative Disturbance,uWUE,Mid,27,-0.00193,51.9,0.4097,0.6829,ns
M3vsM4_12m,equal_width,Relative Disturbance,ETmax,High,9,0.00137,22.2,0.9382,0.9623,ns
M3vsM4_12m,equal_width,Relative Disturbance,GPPsat,High,9,0.11092,44.4,0.5472,0.7816,ns
M3vsM4_12m,equal_width,Relative Disturbance,NEPmax,High,9,-1.03565,55.6,0.1432,0.3818,ns
M3vsM4_12m,equal_width,Relative Disturbance,WUE,High,9,-0.02071,77.8,0.1181,0.3633,ns
M3vsM4_12m,equal_width,Relative Disturbance,uWUE,High,9,0.00322,44.4,0.4064,0.6829,ns
M3vsM4_12m,equal_width,Relative Disturbance,ETmax,Low,29,0.00093,41.4,0.7882,0.9272,ns
M3vsM4_12m,equal_width,Relative Disturbance,GPPsat,Low,29,-0.07679,58.6,0.07073,0.3425,ns
M3vsM4_12m,equal_width,Relative Disturbance,NEPmax,Low,29,-0.33955,65.5,0.09725,0.3479,ns
M3vsM4_12m,equal_width,Relative Disturbance,WUE,Low,29,0.01322,41.4,0.9028,0.9623,ns
M3vsM4_12m,equal_width,Relative Disturbance,uWUE,Low,29,-0.002,55.2,0.4398,0.6884,ns
M3vsM4_12m,natural_breaks,Absolute Mortality,ETmax,High,14,0.00141,21.4,0.8571,0.9068,ns
M3vsM4_12m,natural_breaks,Absolute Mortality,GPPsat,High,14,-0.36602,57.1,0.2651,0.5303,ns
M3vsM4_12m,natural_breaks,Absolute Mortality,NEPmax,High,14,-0.63839,64.3,0.1292,0.4753,ns
M3vsM4_12m,natural_breaks,Absolute Mortality,WUE,High,14,-0.0126,71.4,0.1429,0.4753,ns
M3vsM4_12m,natural_breaks,Absolute Mortality,uWUE,High,14,0.00659,35.7,0.6922,0.8615,ns
M3vsM4_12m,natural_breaks,Absolute Mortality,ETmax,Mid,32,0.00106,40.6,0.7466,0.8615,ns
M3vsM4_12m,natural_breaks,Absolute Mortality,GPPsat,Mid,32,-0.2116,65.6,0.03011,0.4753,ns
M3vsM4_12m,natural_breaks,Absolute Mortality,NEPmax,Mid,32,-0.07231,56.2,0.2134,0.4925,ns
M3vsM4_12m,natural_breaks,Absolute Mortality,WUE,Mid,32,0.0095,40.6,0.7466,0.8615,ns
M3vsM4_12m,natural_breaks,Absolute Mortality,uWUE,Mid,32,-0.01556,59.4,0.2189,0.4925,ns
M3vsM4_12m,natural_breaks,Absolute Mortality,ETmax,Low,19,-0.00019,52.6,0.4281,0.7226,ns
M3vsM4_12m,natural_breaks,Absolute Mortality,GPPsat,Low,19,0.04661,47.4,0.4281,0.7226,ns
M3vsM4_12m,natural_breaks,Absolute Mortality,NEPmax,Low,19,-0.33955,68.4,0.08881,0.4753,ns
M3vsM4_12m,natural_breaks,Absolute Mortality,WUE,Low,19,-0.00375,52.6,0.7467,0.8615,ns
M3vsM4_12m,natural_breaks,Absolute Mortality,uWUE,Low,19,-0.001,52.6,0.5241,0.8132,ns
M3vsM4_12m,natural_breaks,Relative Mortality,ETmax,High,23,0.00112,34.8,0.6921,0.8615,ns
M3vsM4_12m,natural_breaks,Relative Mortality,GPPsat,High,23,-0.33876,60.9,0.1208,0.4753,ns
M3vsM4_12m,natural_breaks,Relative Mortality,NEPmax,High,23,-0.36075,60.9,0.127,0.4753,ns
M3vsM4_12m,natural_breaks,Relative Mortality,WUE,High,23,-0.02199,69.6,0.1335,0.4753,ns
M3vsM4_12m,natural_breaks,Relative Mortality,uWUE,High,23,0.00322,47.8,0.4336,0.7226,ns
M3vsM4_12m,natural_breaks,Relative Mortality,ETmax,Mid,18,0.00095,38.9,0.8081,0.887,ns
M3vsM4_12m,natural_breaks,Relative Mortality,GPPsat,Mid,18,-0.09944,55.6,0.2165,0.4925,ns
M3vsM4_12m,natural_breaks,Relative Mortality,NEPmax,Mid,18,-0.16738,55.6,0.271,0.5303,ns
M3vsM4_12m,natural_breaks,Relative Mortality,WUE,Mid,18,0.0127,38.9,0.7432,0.8615,ns
M3vsM4_12m,natural_breaks,Relative Mortality,uWUE,Mid,18,-0.00504,61.1,0.169,0.4753,ns
M3vsM4_12m,natural_breaks,Relative Mortality,ETmax,Low,24,0.00076,45.8,0.5848,0.8615,ns
M3vsM4_12m,natural_breaks,Relative Mortality,GPPsat,Low,24,-0.07591,58.3,0.1621,0.4753,ns
M3vsM4_12m,natural_breaks,Relative Mortality,NEPmax,Low,24,-0.26912,66.7,0.1123,0.4753,ns
M3vsM4_12m,natural_breaks,Relative Mortality,WUE,Low,24,0.01016,41.7,0.908,0.9136,ns
M3vsM4_12m,natural_breaks,Relative Mortality,uWUE,Low,24,-0.00073,50,0.7113,0.8615,ns
M3vsM4_12m,natural_breaks,Relative Disturbance,ETmax,High,22,0.00141,27.3,0.9136,0.9136,ns
M3vsM4_12m,natural_breaks,Relative Disturbance,GPPsat,High,22,-0.28085,59.1,0.165,0.4753,ns
M3vsM4_12m,natural_breaks,Relative Disturbance,NEPmax,High,22,-0.18549,54.5,0.1904,0.4925,ns
M3vsM4_12m,natural_breaks,Relative Disturbance,WUE,High,22,-0.02135,68.2,0.165,0.4753,ns
M3vsM4_12m,natural_breaks,Relative Disturbance,uWUE,High,22,-0.00256,50,0.4612,0.7412,ns
M3vsM4_12m,natural_breaks,Relative Disturbance,ETmax,Mid,20,0.00029,50,0.4041,0.7226,ns
M3vsM4_12m,natural_breaks,Relative Disturbance,GPPsat,Mid,20,-0.09944,60,0.1437,0.4753,ns
M3vsM4_12m,natural_breaks,Relative Disturbance,NEPmax,Mid,20,-0.28057,60,0.2333,0.5,ns
M3vsM4_12m,natural_breaks,Relative Disturbance,WUE,Mid,20,0.0127,40,0.6929,0.8615,ns
M3vsM4_12m,natural_breaks,Relative Disturbance,uWUE,Mid,20,-0.00504,60,0.09253,0.4753,ns
M3vsM4_12m,natural_breaks,Relative Disturbance,ETmax,Low,23,0.00085,43.5,0.6253,0.8615,ns
M3vsM4_12m,natural_breaks,Relative Disturbance,GPPsat,Low,23,-0.07502,56.5,0.1401,0.4753,ns
M3vsM4_12m,natural_breaks,Relative Disturbance,NEPmax,Low,23,-0.33955,69.6,0.07864,0.4753,ns
M3vsM4_12m,natural_breaks,Relative Disturbance,WUE,Low,23,0.0044,43.5,0.8665,0.9068,ns
M3vsM4_12m,natural_breaks,Relative Disturbance,uWUE,Low,23,0.00053,47.8,0.781,0.8786,ns
M3vsM4_24m,tertiles,Absolute Mortality,ETmax,High,22,-0.00033,54.5,0.2687,0.5672,ns
M3vsM4_24m,tertiles,Absolute Mortality,GPPsat,High,22,-0.22293,68.2,0.07201,0.3241,ns
M3vsM4_24m,tertiles,Absolute Mortality,NEPmax,High,22,-0.28357,59.1,0.04569,0.3241,ns
M3vsM4_24m,tertiles,Absolute Mortality,WUE,High,22,-0.00158,54.5,0.4741,0.625,ns
M3vsM4_24m,tertiles,Absolute Mortality,uWUE,High,22,-0.00961,63.6,0.4483,0.6114,ns
M3vsM4_24m,tertiles,Absolute Mortality,ETmax,Mid,21,0.00077,38.1,0.9008,0.9008,ns
M3vsM4_24m,tertiles,Absolute Mortality,GPPsat,Mid,21,-0.20943,71.4,0.1652,0.4647,ns
M3vsM4_24m,tertiles,Absolute Mortality,NEPmax,Mid,21,-0.43219,57.1,0.1567,0.4647,ns
M3vsM4_24m,tertiles,Absolute Mortality,WUE,Mid,21,-0.00093,52.4,0.3772,0.6114,ns
M3vsM4_24m,tertiles,Absolute Mortality,uWUE,Mid,21,-0.00261,52.4,0.2773,0.5672,ns
M3vsM4_24m,tertiles,Absolute Mortality,ETmax,Low,22,0.00019,50,0.6025,0.7327,ns
M3vsM4_24m,tertiles,Absolute Mortality,GPPsat,Low,22,-0.15666,63.6,0.08635,0.3498,ns
M3vsM4_24m,tertiles,Absolute Mortality,NEPmax,Low,22,-0.35259,68.2,0.02985,0.3241,ns
M3vsM4_24m,tertiles,Absolute Mortality,WUE,Low,22,-0.0053,59.1,0.2477,0.5573,ns
M3vsM4_24m,tertiles,Absolute Mortality,uWUE,Low,22,0.00624,45.5,0.8652,0.8848,ns
M3vsM4_24m,tertiles,Relative Mortality,ETmax,High,22,-1e-05,50,0.3851,0.6114,ns
M3vsM4_24m,tertiles,Relative Mortality,GPPsat,High,22,-0.30971,72.7,0.05226,0.3241,ns
M3vsM4_24m,tertiles,Relative Mortality,NEPmax,High,22,-0.3728,63.6,0.04889,0.3241,ns
M3vsM4_24m,tertiles,Relative Mortality,WUE,High,22,0.00173,50,0.4355,0.6114,ns
M3vsM4_24m,tertiles,Relative Mortality,uWUE,High,22,-0.00795,59.1,0.3365,0.6057,ns
M3vsM4_24m,tertiles,Relative Mortality,ETmax,Mid,21,-0.00012,52.4,0.7227,0.8227,ns
M3vsM4_24m,tertiles,Relative Mortality,GPPsat,Mid,21,-0.04581,61.9,0.3772,0.6114,ns
M3vsM4_24m,tertiles,Relative Mortality,NEPmax,Mid,21,-0.17491,52.4,0.3133,0.6057,ns
M3vsM4_24m,tertiles,Relative Mortality,WUE,Mid,21,-0.00752,66.7,0.1831,0.4811,ns
M3vsM4_24m,tertiles,Relative Mortality,uWUE,Mid,21,-0.00185,52.4,0.4174,0.6114,ns
M3vsM4_24m,tertiles,Relative Mortality,ETmax,Low,22,0.00051,40.9,0.7313,0.8227,ns
M3vsM4_24m,tertiles,Relative Mortality,GPPsat,Low,22,-0.15598,68.2,0.03453,0.3241,ns
M3vsM4_24m,tertiles,Relative Mortality,NEPmax,Low,22,-0.39383,68.2,0.01254,0.3241,ns
M3vsM4_24m,tertiles,Relative Mortality,WUE,Low,22,3e-04,50,0.4871,0.625,ns
M3vsM4_24m,tertiles,Relative Mortality,uWUE,Low,22,0.00129,50,0.7821,0.8564,ns
M3vsM4_24m,tertiles,Relative Disturbance,ETmax,High,22,-1e-05,50,0.4228,0.6114,ns
M3vsM4_24m,tertiles,Relative Disturbance,GPPsat,High,22,-0.2384,72.7,0.05958,0.3241,ns
M3vsM4_24m,tertiles,Relative Disturbance,NEPmax,High,22,-0.28357,59.1,0.07201,0.3241,ns
M3vsM4_24m,tertiles,Relative Disturbance,WUE,High,22,0.00173,50,0.3247,0.6057,ns
M3vsM4_24m,tertiles,Relative Disturbance,uWUE,High,22,-0.00578,54.5,0.4355,0.6114,ns
M3vsM4_24m,tertiles,Relative Disturbance,ETmax,Mid,21,-0.00023,57.1,0.5,0.625,ns
M3vsM4_24m,tertiles,Relative Disturbance,GPPsat,Mid,21,-0.04581,66.7,0.1924,0.4811,ns
M3vsM4_24m,tertiles,Relative Disturbance,NEPmax,Mid,21,-0.20754,61.9,0.09329,0.3498,ns
M3vsM4_24m,tertiles,Relative Disturbance,WUE,Mid,21,-0.00752,71.4,0.1187,0.3814,ns
M3vsM4_24m,tertiles,Relative Disturbance,uWUE,Mid,21,-0.00352,57.1,0.2222,0.5263,ns
M3vsM4_24m,tertiles,Relative Disturbance,ETmax,Low,22,0.00107,36.4,0.8183,0.8564,ns
M3vsM4_24m,tertiles,Relative Disturbance,GPPsat,Low,22,-0.15598,63.6,0.1148,0.3814,ns
M3vsM4_24m,tertiles,Relative Disturbance,NEPmax,Low,22,-0.39383,63.6,0.03708,0.3241,ns
M3vsM4_24m,tertiles,Relative Disturbance,WUE,Low,22,0.00487,45.5,0.6753,0.7997,ns
M3vsM4_24m,tertiles,Relative Disturbance,uWUE,Low,22,0.00129,50,0.8183,0.8564,ns
M3vsM4_24m,equal_width,Absolute Mortality,ETmax,Mid,21,-6e-04,61.9,0.05493,0.2197,ns
M3vsM4_24m,equal_width,Absolute Mortality,GPPsat,Mid,21,-0.36925,76.2,0.0109,0.109,ns
M3vsM4_24m,equal_width,Absolute Mortality,NEPmax,Mid,21,-0.4996,66.7,0.007486,0.109,ns
M3vsM4_24m,equal_width,Absolute Mortality,WUE,Mid,21,-0.00014,52.4,0.4723,0.6897,ns
M3vsM4_24m,equal_width,Absolute Mortality,uWUE,Mid,21,-0.01529,66.7,0.2773,0.5838,ns
M3vsM4_24m,equal_width,Absolute Mortality,ETmax,Low,41,0.00052,41.5,0.9192,0.9192,ns
M3vsM4_24m,equal_width,Absolute Mortality,GPPsat,Low,41,-0.13959,65.9,0.0953,0.2932,ns
M3vsM4_24m,equal_width,Absolute Mortality,NEPmax,Low,41,-0.34535,61,0.03583,0.1992,ns
M3vsM4_24m,equal_width,Absolute Mortality,WUE,Low,41,-0.00389,56.1,0.2301,0.5752,ns
M3vsM4_24m,equal_width,Absolute Mortality,uWUE,Low,41,0.00099,48.8,0.6979,0.8213,ns
M3vsM4_24m,equal_width,Absolute Mortality,ETmax,High,3,0.0021,33.3,,,""
M3vsM4_24m,equal_width,Absolute Mortality,GPPsat,High,3,0.4246,33.3,,,""
M3vsM4_24m,equal_width,Absolute Mortality,NEPmax,High,3,0.32802,33.3,,,""
M3vsM4_24m,equal_width,Absolute Mortality,WUE,High,3,-0.00301,66.7,,,""
M3vsM4_24m,equal_width,Absolute Mortality,uWUE,High,3,0.01409,33.3,,,""
M3vsM4_24m,equal_width,Relative Mortality,ETmax,Mid,26,-0.00039,53.8,0.3611,0.628,ns
M3vsM4_24m,equal_width,Relative Mortality,GPPsat,Mid,26,-0.30971,73.1,0.03985,0.1992,ns
M3vsM4_24m,equal_width,Relative Mortality,NEPmax,Mid,26,-0.41374,61.5,0.00973,0.109,ns
M3vsM4_24m,equal_width,Relative Mortality,WUE,Mid,26,-0.00241,53.8,0.2711,0.5838,ns
M3vsM4_24m,equal_width,Relative Mortality,uWUE,Mid,26,-0.00795,61.5,0.1548,0.4424,ns
M3vsM4_24m,equal_width,Relative Mortality,ETmax,Low,32,5e-04,43.8,0.8077,0.8556,ns
M3vsM4_24m,equal_width,Relative Mortality,GPPsat,Low,32,-0.13892,68.8,0.05494,0.2197,ns
M3vsM4_24m,equal_width,Relative Mortality,NEPmax,Low,32,-0.35259,65.6,0.02426,0.1618,ns
M3vsM4_24m,equal_width,Relative Mortality,WUE,Low,32,-0.00355,53.1,0.4369,0.6897,ns
M3vsM4_24m,equal_width,Relative Mortality,uWUE,Low,32,0.00484,46.9,0.8128,0.8556,ns
M3vsM4_24m,equal_width,Relative Mortality,ETmax,High,7,0.00043,42.9,0.7766,0.8556,ns
M3vsM4_24m,equal_width,Relative Mortality,GPPsat,High,7,0.14183,42.9,0.7766,0.8556,ns
M3vsM4_24m,equal_width,Relative Mortality,NEPmax,High,7,0.25928,42.9,0.6637,0.8213,ns
M3vsM4_24m,equal_width,Relative Mortality,WUE,High,7,-0.00301,71.4,0.3363,0.628,ns
M3vsM4_24m,equal_width,Relative Mortality,uWUE,High,7,-0.00338,57.1,0.6637,0.8213,ns
M3vsM4_24m,equal_width,Relative Disturbance,ETmax,Mid,27,-0.00067,55.6,0.3459,0.628,ns
M3vsM4_24m,equal_width,Relative Disturbance,GPPsat,Mid,27,-0.22663,77.8,0.02242,0.1618,ns
M3vsM4_24m,equal_width,Relative Disturbance,NEPmax,Mid,27,-0.43219,63,0.009579,0.109,ns
M3vsM4_24m,equal_width,Relative Disturbance,WUE,Mid,27,-0.00234,59.3,0.1838,0.4902,ns
M3vsM4_24m,equal_width,Relative Disturbance,uWUE,Mid,27,-0.00185,51.9,0.4856,0.6897,ns
M3vsM4_24m,equal_width,Relative Disturbance,ETmax,High,9,0.00013,44.4,0.5,0.6897,ns
M3vsM4_24m,equal_width,Relative Disturbance,GPPsat,High,9,0.14183,44.4,0.4528,0.6897,ns
M3vsM4_24m,equal_width,Relative Disturbance,NEPmax,High,9,-0.27623,55.6,0.2768,0.5838,ns
M3vsM4_24m,equal_width,Relative Disturbance,WUE,High,9,-0.00301,55.6,0.4528,0.6897,ns
M3vsM4_24m,equal_width,Relative Disturbance,uWUE,High,9,-0.01104,66.7,0.3178,0.628,ns
M3vsM4_24m,equal_width,Relative Disturbance,ETmax,Low,29,0.00052,41.4,0.8785,0.9011,ns
M3vsM4_24m,equal_width,Relative Disturbance,GPPsat,Low,29,-0.13959,65.5,0.08656,0.2885,ns
M3vsM4_24m,equal_width,Relative Disturbance,NEPmax,Low,29,-0.20754,62.1,0.06236,0.2268,ns
M3vsM4_24m,equal_width,Relative Disturbance,WUE,Low,29,-0.00476,51.7,0.5172,0.6897,ns
M3vsM4_24m,equal_width,Relative Disturbance,uWUE,Low,29,-0.00161,51.7,0.6981,0.8213,ns
M3vsM4_24m,natural_breaks,Absolute Mortality,ETmax,High,14,-0.00033,57.1,0.2072,0.444,ns
M3vsM4_24m,natural_breaks,Absolute Mortality,GPPsat,High,14,-0.16053,64.3,0.1429,0.444,ns
M3vsM4_24m,natural_breaks,Absolute Mortality,NEPmax,High,14,-0.47714,71.4,0.05828,0.3073,ns
M3vsM4_24m,natural_breaks,Absolute Mortality,WUE,High,14,0.00173,50,0.7349,0.8537,ns
M3vsM4_24m,natural_breaks,Absolute Mortality,uWUE,High,14,-0.00938,64.3,0.45,0.6137,ns
M3vsM4_24m,natural_breaks,Absolute Mortality,ETmax,Mid,32,0.00046,43.8,0.8459,0.8705,ns
M3vsM4_24m,natural_breaks,Absolute Mortality,GPPsat,Mid,32,-0.23707,75,0.03707,0.3073,ns
M3vsM4_24m,natural_breaks,Absolute Mortality,NEPmax,Mid,32,-0.23291,53.1,0.06146,0.3073,ns
M3vsM4_24m,natural_breaks,Absolute Mortality,WUE,Mid,32,-0.00241,53.1,0.2475,0.464,ns
M3vsM4_24m,natural_breaks,Absolute Mortality,uWUE,Mid,32,-0.00223,53.1,0.386,0.579,ns
M3vsM4_24m,natural_breaks,Absolute Mortality,ETmax,Low,19,0.00049,47.4,0.556,0.695,ns
M3vsM4_24m,natural_breaks,Absolute Mortality,GPPsat,Low,19,-0.09209,57.9,0.2406,0.464,ns
M3vsM4_24m,natural_breaks,Absolute Mortality,NEPmax,Low,19,-0.34535,68.4,0.06065,0.3073,ns
M3vsM4_24m,natural_breaks,Absolute Mortality,WUE,Low,19,-0.00583,63.2,0.1935,0.444,ns
M3vsM4_24m,natural_breaks,Absolute Mortality,uWUE,Low,19,0.00828,47.4,0.7837,0.8601,ns
M3vsM4_24m,natural_breaks,Relative Mortality,ETmax,High,23,-0.00011,52.2,0.3187,0.5114,ns
M3vsM4_24m,natural_breaks,Relative Mortality,GPPsat,High,23,-0.36925,73.9,0.03288,0.3073,ns
M3vsM4_24m,natural_breaks,Relative Mortality,NEPmax,High,23,-0.39529,65.2,0.03517,0.3073,ns
M3vsM4_24m,natural_breaks,Relative Mortality,WUE,High,23,-0.00014,52.2,0.3296,0.5114,ns
M3vsM4_24m,natural_breaks,Relative Mortality,uWUE,High,23,-0.00773,60.9,0.3079,0.5114,ns
M3vsM4_24m,natural_breaks,Relative Mortality,ETmax,Mid,18,0.00015,50,0.7705,0.8601,ns
M3vsM4_24m,natural_breaks,Relative Mortality,GPPsat,Mid,18,-0.0927,66.7,0.204,0.444,ns
M3vsM4_24m,natural_breaks,Relative Mortality,NEPmax,Mid,18,-0.19122,55.6,0.1802,0.444,ns
M3vsM4_24m,natural_breaks,Relative Mortality,WUE,Mid,18,-0.00614,66.7,0.2295,0.464,ns
M3vsM4_24m,natural_breaks,Relative Mortality,uWUE,Mid,18,-0.00563,55.6,0.2856,0.5114,ns
M3vsM4_24m,natural_breaks,Relative Mortality,ETmax,Low,24,0.00051,41.7,0.7398,0.8537,ns
M3vsM4_24m,natural_breaks,Relative Mortality,GPPsat,Low,24,-0.11517,62.5,0.1621,0.444,ns
M3vsM4_24m,natural_breaks,Relative Mortality,NEPmax,Low,24,-0.35259,62.5,0.04194,0.3073,ns
M3vsM4_24m,natural_breaks,Relative Mortality,WUE,Low,24,3e-04,50,0.5171,0.6716,ns
M3vsM4_24m,natural_breaks,Relative Mortality,uWUE,Low,24,0.00511,45.8,0.8705,0.8705,ns
M3vsM4_24m,natural_breaks,Relative Disturbance,ETmax,High,22,-1e-05,50,0.4228,0.6125,ns
M3vsM4_24m,natural_breaks,Relative Disturbance,GPPsat,High,22,-0.2384,72.7,0.05958,0.3073,ns
M3vsM4_24m,natural_breaks,Relative Disturbance,NEPmax,High,22,-0.28357,59.1,0.07201,0.3241,ns
M3vsM4_24m,natural_breaks,Relative Disturbance,WUE,High,22,0.00173,50,0.3247,0.5114,ns
M3vsM4_24m,natural_breaks,Relative Disturbance,uWUE,High,22,-0.00578,54.5,0.4355,0.6125,ns
M3vsM4_24m,natural_breaks,Relative Disturbance,ETmax,Mid,20,-0.00039,55,0.5223,0.6716,ns
M3vsM4_24m,natural_breaks,Relative Disturbance,GPPsat,Mid,20,-0.0927,70,0.1437,0.444,ns
M3vsM4_24m,natural_breaks,Relative Disturbance,NEPmax,Mid,20,-0.30141,60,0.09253,0.3785,ns
M3vsM4_24m,natural_breaks,Relative Disturbance,WUE,Mid,20,-0.00614,70,0.1613,0.444,ns
M3vsM4_24m,natural_breaks,Relative Disturbance,uWUE,Mid,20,-0.00562,60,0.1802,0.444,ns
M3vsM4_24m,natural_breaks,Relative Disturbance,ETmax,Low,23,0.00106,39.1,0.8232,0.8705,ns
M3vsM4_24m,natural_breaks,Relative Disturbance,GPPsat,Low,23,-0.13824,60.9,0.147,0.444,ns
M3vsM4_24m,natural_breaks,Relative Disturbance,NEPmax,Low,23,-0.35982,65.2,0.03517,0.3073,ns
M3vsM4_24m,natural_breaks,Relative Disturbance,WUE,Low,23,0.00294,47.8,0.5784,0.7034,ns
M3vsM4_24m,natural_breaks,Relative Disturbance,uWUE,Low,23,0.00419,47.8,0.8599,0.8705,ns
M5vsM6_raw_12m,tertiles,Absolute Mortality,ETmax,High,22,0.00014,45.5,0.3365,0.9715,ns
M5vsM6_raw_12m,tertiles,Absolute Mortality,GPPsat,High,22,0.12499,31.8,0.8721,0.9715,ns
M5vsM6_raw_12m,tertiles,Absolute Mortality,NEPmax,High,22,-0.08236,59.1,0.3365,0.9715,ns
M5vsM6_raw_12m,tertiles,Absolute Mortality,WUE,High,22,-0.00302,54.5,0.3605,0.9715,ns
M5vsM6_raw_12m,tertiles,Absolute Mortality,uWUE,High,22,0.0139,31.8,0.9442,0.9852,ns
M5vsM6_raw_12m,tertiles,Absolute Mortality,ETmax,Mid,21,-1e-05,52.4,0.431,0.9715,ns
M5vsM6_raw_12m,tertiles,Absolute Mortality,GPPsat,Mid,21,0.0861,38.1,0.8946,0.9715,ns
M5vsM6_raw_12m,tertiles,Absolute Mortality,NEPmax,Mid,21,0.15134,33.3,0.8076,0.9715,ns
M5vsM6_raw_12m,tertiles,Absolute Mortality,WUE,Mid,21,0.01088,47.6,0.8169,0.9715,ns
M5vsM6_raw_12m,tertiles,Absolute Mortality,uWUE,Mid,21,0.01642,28.6,0.9067,0.9715,ns
M5vsM6_raw_12m,tertiles,Absolute Mortality,ETmax,Low,22,-0.00041,63.6,0.3605,0.9715,ns
M5vsM6_raw_12m,tertiles,Absolute Mortality,GPPsat,Low,22,0.00875,50,0.2687,0.9715,ns
M5vsM6_raw_12m,tertiles,Absolute Mortality,NEPmax,Low,22,-0.0354,54.5,0.2375,0.9715,ns
M5vsM6_raw_12m,tertiles,Absolute Mortality,WUE,Low,22,-0.00614,63.6,0.1279,0.9715,ns
M5vsM6_raw_12m,tertiles,Absolute Mortality,uWUE,Low,22,-0.00037,50,0.6395,0.9715,ns
M5vsM6_raw_12m,tertiles,Relative Mortality,ETmax,High,22,0.00014,45.5,0.4483,0.9715,ns
M5vsM6_raw_12m,tertiles,Relative Mortality,GPPsat,High,22,0.12041,31.8,0.8913,0.9715,ns
M5vsM6_raw_12m,tertiles,Relative Mortality,NEPmax,High,22,0.02168,45.5,0.7205,0.9715,ns
M5vsM6_raw_12m,tertiles,Relative Mortality,WUE,High,22,0.0038,50,0.5517,0.9715,ns
M5vsM6_raw_12m,tertiles,Relative Mortality,uWUE,High,22,0.01554,27.3,0.9702,0.9852,ns
M5vsM6_raw_12m,tertiles,Relative Mortality,ETmax,Mid,21,-0.00013,57.1,0.1485,0.9715,ns
M5vsM6_raw_12m,tertiles,Relative Mortality,GPPsat,Mid,21,0.0861,38.1,0.788,0.9715,ns
M5vsM6_raw_12m,tertiles,Relative Mortality,NEPmax,Mid,21,0.0515,47.6,0.5,0.9715,ns
M5vsM6_raw_12m,tertiles,Relative Mortality,WUE,Mid,21,-0.00375,52.4,0.7342,0.9715,ns
M5vsM6_raw_12m,tertiles,Relative Mortality,uWUE,Mid,21,0.01437,33.3,0.8515,0.9715,ns
M5vsM6_raw_12m,tertiles,Relative Mortality,ETmax,Low,22,-0.00036,59.1,0.4741,0.9715,ns
M5vsM6_raw_12m,tertiles,Relative Mortality,GPPsat,Low,22,0.0153,50,0.3851,0.9715,ns
M5vsM6_raw_12m,tertiles,Relative Mortality,NEPmax,Low,22,-0.0354,54.5,0.2687,0.9715,ns
M5vsM6_raw_12m,tertiles,Relative Mortality,WUE,Low,22,-0.00984,63.6,0.08135,0.9715,ns
M5vsM6_raw_12m,tertiles,Relative Mortality,uWUE,Low,22,0.00161,50,0.6025,0.9715,ns
M5vsM6_raw_12m,tertiles,Relative Disturbance,ETmax,High,22,0.00014,45.5,0.4612,0.9715,ns
M5vsM6_raw_12m,tertiles,Relative Disturbance,GPPsat,High,22,0.12041,31.8,0.8913,0.9715,ns
M5vsM6_raw_12m,tertiles,Relative Disturbance,NEPmax,High,22,0.02168,45.5,0.7419,0.9715,ns
M5vsM6_raw_12m,tertiles,Relative Disturbance,WUE,High,22,0.0038,50,0.6273,0.9715,ns
M5vsM6_raw_12m,tertiles,Relative Disturbance,uWUE,High,22,0.01554,27.3,0.9852,0.9852,ns
M5vsM6_raw_12m,tertiles,Relative Disturbance,ETmax,Mid,21,-0.00044,61.9,0.06751,0.9715,ns
M5vsM6_raw_12m,tertiles,Relative Disturbance,GPPsat,Mid,21,0.05886,38.1,0.7565,0.9715,ns
M5vsM6_raw_12m,tertiles,Relative Disturbance,NEPmax,Mid,21,0.06603,42.9,0.7565,0.9715,ns
M5vsM6_raw_12m,tertiles,Relative Disturbance,WUE,Mid,21,-0.00942,61.9,0.3011,0.9715,ns
M5vsM6_raw_12m,tertiles,Relative Disturbance,uWUE,Mid,21,0.01642,33.3,0.8594,0.9715,ns
M5vsM6_raw_12m,tertiles,Relative Disturbance,ETmax,Low,22,-7e-05,54.5,0.6025,0.9715,ns
M5vsM6_raw_12m,tertiles,Relative Disturbance,GPPsat,Low,22,0.01056,50,0.4741,0.9715,ns
M5vsM6_raw_12m,tertiles,Relative Disturbance,NEPmax,Low,22,-0.12692,59.1,0.1087,0.9715,ns
M5vsM6_raw_12m,tertiles,Relative Disturbance,WUE,Low,22,-0.00405,54.5,0.3727,0.9715,ns
M5vsM6_raw_12m,tertiles,Relative Disturbance,uWUE,Low,22,-0.00245,50,0.4355,0.9715,ns
M5vsM6_raw_12m,equal_width,Absolute Mortality,ETmax,Mid,21,1e-04,47.6,0.3383,0.9701,ns
M5vsM6_raw_12m,equal_width,Absolute Mortality,GPPsat,Mid,21,0.0861,33.3,0.8076,0.9701,ns
M5vsM6_raw_12m,equal_width,Absolute Mortality,NEPmax,Mid,21,-0.10133,61.9,0.1652,0.9701,ns
M5vsM6_raw_12m,equal_width,Absolute Mortality,WUE,Mid,21,-0.00287,52.4,0.3905,0.9701,ns
M5vsM6_raw_12m,equal_width,Absolute Mortality,uWUE,Mid,21,0.01437,33.3,0.9278,0.9701,ns
M5vsM6_raw_12m,equal_width,Absolute Mortality,ETmax,Low,41,-0.00034,58.5,0.3112,0.9701,ns
M5vsM6_raw_12m,equal_width,Absolute Mortality,GPPsat,Low,41,0.04224,46.3,0.6022,0.9701,ns
M5vsM6_raw_12m,equal_width,Absolute Mortality,NEPmax,Low,41,0.10336,43.9,0.6934,0.9701,ns
M5vsM6_raw_12m,equal_width,Absolute Mortality,WUE,Low,41,-0.00459,58.5,0.3112,0.9701,ns
M5vsM6_raw_12m,equal_width,Absolute Mortality,uWUE,Low,41,0.01019,41.5,0.7854,0.9701,ns
M5vsM6_raw_12m,equal_width,Absolute Mortality,ETmax,High,3,0.00023,33.3,,,""
M5vsM6_raw_12m,equal_width,Absolute Mortality,GPPsat,High,3,0.39718,0,,,""
M5vsM6_raw_12m,equal_width,Absolute Mortality,NEPmax,High,3,0.45378,33.3,,,""
M5vsM6_raw_12m,equal_width,Absolute Mortality,WUE,High,3,0.02252,33.3,,,""
M5vsM6_raw_12m,equal_width,Absolute Mortality,uWUE,High,3,0.01373,0,,,""
M5vsM6_raw_12m,equal_width,Relative Mortality,ETmax,Mid,26,-0.00071,61.5,0.05767,0.9701,ns
M5vsM6_raw_12m,equal_width,Relative Mortality,GPPsat,Mid,26,0.17761,34.6,0.9261,0.9701,ns
M5vsM6_raw_12m,equal_width,Relative Mortality,NEPmax,Mid,26,-0.0634,57.7,0.2969,0.9701,ns
M5vsM6_raw_12m,equal_width,Relative Mortality,WUE,Mid,26,0.01234,46.2,0.5304,0.9701,ns
M5vsM6_raw_12m,equal_width,Relative Mortality,uWUE,Mid,26,0.01569,30.8,0.8569,0.9701,ns
M5vsM6_raw_12m,equal_width,Relative Mortality,ETmax,Low,32,-7e-05,53.1,0.614,0.9701,ns
M5vsM6_raw_12m,equal_width,Relative Mortality,GPPsat,Low,32,0.0153,50,0.3788,0.9701,ns
M5vsM6_raw_12m,equal_width,Relative Mortality,NEPmax,Low,32,0.1018,43.8,0.6423,0.9701,ns
M5vsM6_raw_12m,equal_width,Relative Mortality,WUE,Low,32,-0.00614,62.5,0.2534,0.9701,ns
M5vsM6_raw_12m,equal_width,Relative Mortality,uWUE,Low,32,0.00379,43.8,0.7756,0.9701,ns
M5vsM6_raw_12m,equal_width,Relative Mortality,ETmax,High,7,0.00023,28.6,0.7229,0.9701,ns
M5vsM6_raw_12m,equal_width,Relative Mortality,GPPsat,High,7,0.10252,14.3,0.8976,0.9701,ns
M5vsM6_raw_12m,equal_width,Relative Mortality,NEPmax,High,7,0.04265,42.9,0.7229,0.9701,ns
M5vsM6_raw_12m,equal_width,Relative Mortality,WUE,High,7,-0.00287,57.1,0.5337,0.9701,ns
M5vsM6_raw_12m,equal_width,Relative Mortality,uWUE,High,7,0.01373,28.6,0.9458,0.9701,ns
M5vsM6_raw_12m,equal_width,Relative Disturbance,ETmax,Mid,27,-0.00055,59.3,0.03304,0.9701,ns
M5vsM6_raw_12m,equal_width,Relative Disturbance,GPPsat,Mid,27,0.10252,33.3,0.9236,0.9701,ns
M5vsM6_raw_12m,equal_width,Relative Disturbance,NEPmax,Mid,27,0.00071,48.1,0.6088,0.9701,ns
M5vsM6_raw_12m,equal_width,Relative Disturbance,WUE,Mid,27,-0.00317,55.6,0.382,0.9701,ns
M5vsM6_raw_12m,equal_width,Relative Disturbance,uWUE,Mid,27,0.01019,37,0.7895,0.9701,ns
M5vsM6_raw_12m,equal_width,Relative Disturbance,ETmax,High,9,4e-04,33.3,0.7965,0.9701,ns
M5vsM6_raw_12m,equal_width,Relative Disturbance,GPPsat,High,9,0.14746,22.2,0.7965,0.9701,ns
M5vsM6_raw_12m,equal_width,Relative Disturbance,NEPmax,High,9,-0.11343,66.7,0.4064,0.9701,ns
M5vsM6_raw_12m,equal_width,Relative Disturbance,WUE,High,9,0.01046,44.4,0.7232,0.9701,ns
M5vsM6_raw_12m,equal_width,Relative Disturbance,uWUE,High,9,0.02691,11.1,0.9878,0.9878,ns
M5vsM6_raw_12m,equal_width,Relative Disturbance,ETmax,Low,29,-0.00012,55.2,0.5856,0.9701,ns
M5vsM6_raw_12m,equal_width,Relative Disturbance,GPPsat,Low,29,-0.01165,51.7,0.381,0.9701,ns
M5vsM6_raw_12m,equal_width,Relative Disturbance,NEPmax,Low,29,0.10024,44.8,0.5172,0.9701,ns
M5vsM6_raw_12m,equal_width,Relative Disturbance,WUE,Low,29,-0.00768,58.6,0.3249,0.9701,ns
M5vsM6_raw_12m,equal_width,Relative Disturbance,uWUE,Low,29,0.00489,44.8,0.7276,0.9701,ns
M5vsM6_raw_12m,natural_breaks,Absolute Mortality,ETmax,High,14,0.00032,28.6,0.8268,0.9895,ns
M5vsM6_raw_12m,natural_breaks,Absolute Mortality,GPPsat,High,14,0.04971,42.9,0.45,0.9463,ns
M5vsM6_raw_12m,natural_breaks,Absolute Mortality,NEPmax,High,14,-0.03134,50,0.5991,0.9463,ns
M5vsM6_raw_12m,natural_breaks,Absolute Mortality,WUE,High,14,-0.01117,64.3,0.1897,0.9463,ns
M5vsM6_raw_12m,natural_breaks,Absolute Mortality,uWUE,High,14,0.00674,42.9,0.6922,0.9463,ns
M5vsM6_raw_12m,natural_breaks,Absolute Mortality,ETmax,Mid,32,-0.00049,59.4,0.1001,0.9463,ns
M5vsM6_raw_12m,natural_breaks,Absolute Mortality,GPPsat,Mid,32,0.17761,31.2,0.9895,0.9895,ns
M5vsM6_raw_12m,natural_breaks,Absolute Mortality,NEPmax,Mid,32,0.0847,46.9,0.614,0.9463,ns
M5vsM6_raw_12m,natural_breaks,Absolute Mortality,WUE,Mid,32,0.01234,46.9,0.8932,0.9895,ns
M5vsM6_raw_12m,natural_breaks,Absolute Mortality,uWUE,Mid,32,0.01672,25,0.9879,0.9895,ns
M5vsM6_raw_12m,natural_breaks,Absolute Mortality,ETmax,Low,19,-0.00037,63.2,0.3363,0.9463,ns
M5vsM6_raw_12m,natural_breaks,Absolute Mortality,GPPsat,Low,19,-0.02474,52.6,0.1935,0.9463,ns
M5vsM6_raw_12m,natural_breaks,Absolute Mortality,NEPmax,Low,19,-0.02404,52.6,0.2935,0.9463,ns
M5vsM6_raw_12m,natural_breaks,Absolute Mortality,WUE,Low,19,-0.00459,63.2,0.1025,0.9463,ns
M5vsM6_raw_12m,natural_breaks,Absolute Mortality,uWUE,Low,19,-0.00167,52.6,0.5876,0.9463,ns
M5vsM6_raw_12m,natural_breaks,Relative Mortality,ETmax,High,23,1e-04,47.8,0.3747,0.9463,ns
M5vsM6_raw_12m,natural_breaks,Relative Mortality,GPPsat,High,23,0.13829,30.4,0.9168,0.9895,ns
M5vsM6_raw_12m,natural_breaks,Relative Mortality,NEPmax,High,23,0.00071,47.8,0.6921,0.9463,ns
M5vsM6_raw_12m,natural_breaks,Relative Mortality,WUE,High,23,-0.00287,52.2,0.4456,0.9463,ns
M5vsM6_raw_12m,natural_breaks,Relative Mortality,uWUE,High,23,0.01701,26.1,0.9784,0.9895,ns
M5vsM6_raw_12m,natural_breaks,Relative Mortality,ETmax,Mid,18,-1e-05,50,0.2856,0.9463,ns
M5vsM6_raw_12m,natural_breaks,Relative Mortality,GPPsat,Mid,18,0.08259,38.9,0.757,0.9463,ns
M5vsM6_raw_12m,natural_breaks,Relative Mortality,NEPmax,Mid,18,0.09179,38.9,0.7144,0.9463,ns
M5vsM6_raw_12m,natural_breaks,Relative Mortality,WUE,Mid,18,0.00357,50,0.757,0.9463,ns
M5vsM6_raw_12m,natural_breaks,Relative Mortality,uWUE,Mid,18,0.00885,38.9,0.7432,0.9463,ns
M5vsM6_raw_12m,natural_breaks,Relative Mortality,ETmax,Low,24,-0.00036,62.5,0.3821,0.9463,ns
M5vsM6_raw_12m,natural_breaks,Relative Mortality,GPPsat,Low,24,0.0153,50,0.3821,0.9463,ns
M5vsM6_raw_12m,natural_breaks,Relative Mortality,NEPmax,Low,24,-0.07521,58.3,0.1552,0.9463,ns
M5vsM6_raw_12m,natural_breaks,Relative Mortality,WUE,Low,24,-0.00614,62.5,0.1357,0.9463,ns
M5vsM6_raw_12m,natural_breaks,Relative Mortality,uWUE,Low,24,0.00291,45.8,0.6501,0.9463,ns
M5vsM6_raw_12m,natural_breaks,Relative Disturbance,ETmax,High,22,0.00014,45.5,0.4612,0.9463,ns
M5vsM6_raw_12m,natural_breaks,Relative Disturbance,GPPsat,High,22,0.12041,31.8,0.8913,0.9895,ns
M5vsM6_raw_12m,natural_breaks,Relative Disturbance,NEPmax,High,22,0.02168,45.5,0.7419,0.9463,ns
M5vsM6_raw_12m,natural_breaks,Relative Disturbance,WUE,High,22,0.0038,50,0.6273,0.9463,ns
M5vsM6_raw_12m,natural_breaks,Relative Disturbance,uWUE,High,22,0.01554,27.3,0.9852,0.9895,ns
M5vsM6_raw_12m,natural_breaks,Relative Disturbance,ETmax,Mid,20,-0.00043,60,0.09888,0.9463,ns
M5vsM6_raw_12m,natural_breaks,Relative Disturbance,GPPsat,Mid,20,0.06066,40,0.731,0.9463,ns
M5vsM6_raw_12m,natural_breaks,Relative Disturbance,NEPmax,Mid,20,0.05877,45,0.7059,0.9463,ns
M5vsM6_raw_12m,natural_breaks,Relative Disturbance,WUE,Mid,20,-0.00658,60,0.3897,0.9463,ns
M5vsM6_raw_12m,natural_breaks,Relative Disturbance,uWUE,Mid,20,0.01706,30,0.8477,0.9895,ns
M5vsM6_raw_12m,natural_breaks,Relative Disturbance,ETmax,Low,23,-0.00012,56.5,0.5061,0.9463,ns
M5vsM6_raw_12m,natural_breaks,Relative Disturbance,GPPsat,Low,23,0.04586,47.8,0.4939,0.9463,ns
M5vsM6_raw_12m,natural_breaks,Relative Disturbance,NEPmax,Low,23,-0.10365,56.5,0.1401,0.9463,ns
M5vsM6_raw_12m,natural_breaks,Relative Disturbance,WUE,Low,23,-0.00459,56.5,0.2973,0.9463,ns
M5vsM6_raw_12m,natural_breaks,Relative Disturbance,uWUE,Low,23,-0.00167,52.2,0.4216,0.9463,ns
M5vsM6_raw_24m,tertiles,Absolute Mortality,ETmax,High,22,-0.00024,59.1,0.2687,0.806,ns
M5vsM6_raw_24m,tertiles,Absolute Mortality,GPPsat,High,22,0.1526,31.8,0.8973,0.9742,ns
M5vsM6_raw_24m,tertiles,Absolute Mortality,NEPmax,High,22,0.01841,45.5,0.2085,0.806,ns
M5vsM6_raw_24m,tertiles,Absolute Mortality,WUE,High,22,-0.01162,59.1,0.1494,0.806,ns
M5vsM6_raw_24m,tertiles,Absolute Mortality,uWUE,High,22,0.01008,36.4,0.8268,0.9742,ns
M5vsM6_raw_24m,tertiles,Absolute Mortality,ETmax,Mid,21,0.00026,42.9,0.826,0.9742,ns
M5vsM6_raw_24m,tertiles,Absolute Mortality,GPPsat,Mid,21,-0.00496,52.4,0.7778,0.9742,ns
M5vsM6_raw_24m,tertiles,Absolute Mortality,NEPmax,Mid,21,0.05206,42.9,0.6989,0.9742,ns
M5vsM6_raw_24m,tertiles,Absolute Mortality,WUE,Mid,21,0.00516,38.1,0.7565,0.9742,ns
M5vsM6_raw_24m,tertiles,Absolute Mortality,uWUE,Mid,21,0.01094,28.6,0.9697,0.9742,ns
M5vsM6_raw_24m,tertiles,Absolute Mortality,ETmax,Low,22,-0.00017,50,0.4612,0.9,ns
M5vsM6_raw_24m,tertiles,Absolute Mortality,GPPsat,Low,22,-0.02468,54.5,0.1904,0.806,ns
M5vsM6_raw_24m,tertiles,Absolute Mortality,NEPmax,Low,22,-0.1118,68.2,0.02206,0.806,ns
M5vsM6_raw_24m,tertiles,Absolute Mortality,WUE,Low,22,-0.00954,59.1,0.2375,0.806,ns
M5vsM6_raw_24m,tertiles,Absolute Mortality,uWUE,Low,22,0.0033,40.9,0.8913,0.9742,ns
M5vsM6_raw_24m,tertiles,Relative Mortality,ETmax,High,22,0.00023,50,0.5,0.9,ns
M5vsM6_raw_24m,tertiles,Relative Mortality,GPPsat,High,22,0.17071,36.4,0.9404,0.9742,ns
M5vsM6_raw_24m,tertiles,Relative Mortality,NEPmax,High,22,0.01841,45.5,0.2085,0.806,ns
M5vsM6_raw_24m,tertiles,Relative Mortality,WUE,High,22,-0.01146,54.5,0.2581,0.806,ns
M5vsM6_raw_24m,tertiles,Relative Mortality,uWUE,High,22,0.01402,27.3,0.8973,0.9742,ns
M5vsM6_raw_24m,tertiles,Relative Mortality,ETmax,Mid,21,-4e-05,61.9,0.2545,0.806,ns
M5vsM6_raw_24m,tertiles,Relative Mortality,GPPsat,Mid,21,0.04842,47.6,0.6095,0.9742,ns
M5vsM6_raw_24m,tertiles,Relative Mortality,NEPmax,Mid,21,-0.00617,52.4,0.431,0.9,ns
M5vsM6_raw_24m,tertiles,Relative Mortality,WUE,Mid,21,0.00516,42.9,0.7227,0.9742,ns
M5vsM6_raw_24m,tertiles,Relative Mortality,uWUE,Mid,21,0.0082,42.9,0.8813,0.9742,ns
M5vsM6_raw_24m,tertiles,Relative Mortality,ETmax,Low,22,0.00019,40.9,0.6753,0.9742,ns
M5vsM6_raw_24m,tertiles,Relative Mortality,GPPsat,Low,22,-0.02399,54.5,0.2905,0.817,ns
M5vsM6_raw_24m,tertiles,Relative Mortality,NEPmax,Low,22,-0.05087,59.1,0.1494,0.806,ns
M5vsM6_raw_24m,tertiles,Relative Mortality,WUE,Low,22,-0.00989,59.1,0.1494,0.806,ns
M5vsM6_raw_24m,tertiles,Relative Mortality,uWUE,Low,22,0.0033,36.4,0.9442,0.9742,ns
M5vsM6_raw_24m,tertiles,Relative Disturbance,ETmax,High,22,0.00023,50,0.4612,0.9,ns
M5vsM6_raw_24m,tertiles,Relative Disturbance,GPPsat,High,22,0.1526,36.4,0.9404,0.9742,ns
M5vsM6_raw_24m,tertiles,Relative Disturbance,NEPmax,High,22,0.01841,45.5,0.2375,0.806,ns
M5vsM6_raw_24m,tertiles,Relative Disturbance,WUE,High,22,-0.01558,54.5,0.2477,0.806,ns
M5vsM6_raw_24m,tertiles,Relative Disturbance,uWUE,High,22,0.00962,31.8,0.8506,0.9742,ns
M5vsM6_raw_24m,tertiles,Relative Disturbance,ETmax,Mid,21,-0.00046,66.7,0.08222,0.806,ns
M5vsM6_raw_24m,tertiles,Relative Disturbance,GPPsat,Mid,21,-0.02768,57.1,0.4039,0.9,ns
M5vsM6_raw_24m,tertiles,Relative Disturbance,NEPmax,Mid,21,-0.00617,52.4,0.4174,0.9,ns
M5vsM6_raw_24m,tertiles,Relative Disturbance,WUE,Mid,21,-0.00321,52.4,0.3905,0.9,ns
M5vsM6_raw_24m,tertiles,Relative Disturbance,uWUE,Mid,21,0.01301,33.3,0.9742,0.9742,ns
M5vsM6_raw_24m,tertiles,Relative Disturbance,ETmax,Low,22,0.00048,36.4,0.8429,0.9742,ns
M5vsM6_raw_24m,tertiles,Relative Disturbance,GPPsat,Low,22,0.0164,45.5,0.4871,0.9,ns
M5vsM6_raw_24m,tertiles,Relative Disturbance,NEPmax,Low,22,-0.05087,59.1,0.142,0.806,ns
M5vsM6_raw_24m,tertiles,Relative Disturbance,WUE,Low,22,-0.00322,50,0.4228,0.9,ns
M5vsM6_raw_24m,tertiles,Relative Disturbance,uWUE,Low,22,0.0013,40.9,0.835,0.9742,ns
M5vsM6_raw_24m,equal_width,Absolute Mortality,ETmax,Mid,21,-0.00039,66.7,0.1485,0.8956,ns
M5vsM6_raw_24m,equal_width,Absolute Mortality,GPPsat,Mid,21,0.13921,33.3,0.8076,0.9788,ns
M5vsM6_raw_24m,equal_width,Absolute Mortality,NEPmax,Mid,21,0.02612,47.6,0.1567,0.8956,ns
M5vsM6_raw_24m,equal_width,Absolute Mortality,WUE,Mid,21,-0.0136,61.9,0.08762,0.8956,ns
M5vsM6_raw_24m,equal_width,Absolute Mortality,uWUE,Mid,21,0.01306,38.1,0.7565,0.9788,ns
M5vsM6_raw_24m,equal_width,Absolute Mortality,ETmax,Low,41,0.00021,43.9,0.7415,0.9788,ns
M5vsM6_raw_24m,equal_width,Absolute Mortality,GPPsat,Low,41,-0.02029,56.1,0.3632,0.9471,ns
M5vsM6_raw_24m,equal_width,Absolute Mortality,NEPmax,Low,41,-0.03721,56.1,0.2627,0.9471,ns
M5vsM6_raw_24m,equal_width,Absolute Mortality,WUE,Low,41,-0.00321,51.2,0.4229,0.9788,ns
M5vsM6_raw_24m,equal_width,Absolute Mortality,uWUE,Low,41,0.00618,36.6,0.9716,0.9788,ns
M5vsM6_raw_24m,equal_width,Absolute Mortality,ETmax,High,3,6e-04,33.3,,,""
M5vsM6_raw_24m,equal_width,Absolute Mortality,GPPsat,High,3,0.39321,0,,,""
M5vsM6_raw_24m,equal_width,Absolute Mortality,NEPmax,High,3,0.0107,33.3,,,""
M5vsM6_raw_24m,equal_width,Absolute Mortality,WUE,High,3,0.011,0,,,""
M5vsM6_raw_24m,equal_width,Absolute Mortality,uWUE,High,3,0.0309,0,,,""
M5vsM6_raw_24m,equal_width,Relative Mortality,ETmax,Mid,26,-0.00051,65.4,0.0933,0.8956,ns
M5vsM6_raw_24m,equal_width,Relative Mortality,GPPsat,Mid,26,0.07673,42.3,0.8735,0.9788,ns
M5vsM6_raw_24m,equal_width,Relative Mortality,NEPmax,Mid,26,-0.06304,53.8,0.06066,0.8956,ns
M5vsM6_raw_24m,equal_width,Relative Mortality,WUE,Mid,26,-0.00948,53.8,0.3516,0.9471,ns
M5vsM6_raw_24m,equal_width,Relative Mortality,uWUE,Mid,26,0.01303,30.8,0.8735,0.9788,ns
M5vsM6_raw_24m,equal_width,Relative Mortality,ETmax,Low,32,0.00023,40.6,0.8026,0.9788,ns
M5vsM6_raw_24m,equal_width,Relative Mortality,GPPsat,Low,32,-0.02399,53.1,0.3167,0.9471,ns
M5vsM6_raw_24m,equal_width,Relative Mortality,NEPmax,Low,32,-0.05087,56.2,0.3788,0.9471,ns
M5vsM6_raw_24m,equal_width,Relative Mortality,WUE,Low,32,-0.00486,53.1,0.3647,0.9471,ns
M5vsM6_raw_24m,equal_width,Relative Mortality,uWUE,Low,32,0.0052,37.5,0.9788,0.9788,ns
M5vsM6_raw_24m,equal_width,Relative Mortality,ETmax,High,7,0.00056,42.9,0.6637,0.9788,ns
M5vsM6_raw_24m,equal_width,Relative Mortality,GPPsat,High,7,0.29737,28.6,0.8976,0.9788,ns
M5vsM6_raw_24m,equal_width,Relative Mortality,NEPmax,High,7,0.02612,28.6,0.7766,0.9788,ns
M5vsM6_raw_24m,equal_width,Relative Mortality,WUE,High,7,0.00493,42.9,0.4663,0.9788,ns
M5vsM6_raw_24m,equal_width,Relative Mortality,uWUE,High,7,0.00029,42.9,0.6001,0.9788,ns
M5vsM6_raw_24m,equal_width,Relative Disturbance,ETmax,Mid,27,-0.00047,74.1,0.01484,0.5937,ns
M5vsM6_raw_24m,equal_width,Relative Disturbance,GPPsat,Mid,27,0.04842,44.4,0.878,0.9788,ns
M5vsM6_raw_24m,equal_width,Relative Disturbance,NEPmax,Mid,27,-0.00617,51.9,0.1125,0.8956,ns
M5vsM6_raw_24m,equal_width,Relative Disturbance,WUE,Mid,27,-0.00964,59.3,0.1903,0.9043,ns
M5vsM6_raw_24m,equal_width,Relative Disturbance,uWUE,Mid,27,0.00618,40.7,0.7378,0.9788,ns
M5vsM6_raw_24m,equal_width,Relative Disturbance,ETmax,High,9,6e-04,33.3,0.7965,0.9788,ns
M5vsM6_raw_24m,equal_width,Relative Disturbance,GPPsat,High,9,0.32372,33.3,0.7965,0.9788,ns
M5vsM6_raw_24m,equal_width,Relative Disturbance,NEPmax,High,9,-0.12046,55.6,0.2035,0.9043,ns
M5vsM6_raw_24m,equal_width,Relative Disturbance,WUE,High,9,0.00559,44.4,0.5,0.9788,ns
M5vsM6_raw_24m,equal_width,Relative Disturbance,uWUE,High,9,0.0309,22.2,0.9382,0.9788,ns
M5vsM6_raw_24m,equal_width,Relative Disturbance,ETmax,Low,29,0.00037,34.5,0.8951,0.9788,ns
M5vsM6_raw_24m,equal_width,Relative Disturbance,GPPsat,Low,29,-0.02768,51.7,0.3171,0.9471,ns
M5vsM6_raw_24m,equal_width,Relative Disturbance,NEPmax,Low,29,-0.01589,51.7,0.5602,0.9788,ns
M5vsM6_raw_24m,equal_width,Relative Disturbance,WUE,Low,29,6e-05,48.3,0.4741,0.9788,ns
M5vsM6_raw_24m,equal_width,Relative Disturbance,uWUE,Low,29,0.00559,34.5,0.9754,0.9788,ns
M5vsM6_raw_24m,natural_breaks,Absolute Mortality,ETmax,High,14,0.00058,42.9,0.714,0.9741,ns
M5vsM6_raw_24m,natural_breaks,Absolute Mortality,GPPsat,High,14,0.12202,42.9,0.714,0.9741,ns
M5vsM6_raw_24m,natural_breaks,Absolute Mortality,NEPmax,High,14,-0.05488,50,0.2256,0.8569,ns
M5vsM6_raw_24m,natural_breaks,Absolute Mortality,WUE,High,14,-0.01879,57.1,0.1576,0.8569,ns
M5vsM6_raw_24m,natural_breaks,Absolute Mortality,uWUE,High,14,0.00123,42.9,0.5,0.8654,ns
M5vsM6_raw_24m,natural_breaks,Absolute Mortality,ETmax,Mid,32,-2e-05,53.1,0.4739,0.8654,ns
M5vsM6_raw_24m,natural_breaks,Absolute Mortality,GPPsat,Mid,32,0.07673,43.8,0.9237,0.9842,ns
M5vsM6_raw_24m,natural_breaks,Absolute Mortality,NEPmax,Mid,32,0.039,46.9,0.4442,0.8654,ns
M5vsM6_raw_24m,natural_breaks,Absolute Mortality,WUE,Mid,32,0.00036,46.9,0.6965,0.9741,ns
M5vsM6_raw_24m,natural_breaks,Absolute Mortality,uWUE,Mid,32,0.01197,25,0.9983,0.9983,ns
M5vsM6_raw_24m,natural_breaks,Absolute Mortality,ETmax,Low,19,-0.00038,52.6,0.3218,0.8654,ns
M5vsM6_raw_24m,natural_breaks,Absolute Mortality,GPPsat,Low,19,-0.02029,52.6,0.2047,0.8569,ns
M5vsM6_raw_24m,natural_breaks,Absolute Mortality,NEPmax,Low,19,-0.06453,63.2,0.08881,0.8569,ns
M5vsM6_raw_24m,natural_breaks,Absolute Mortality,WUE,Low,19,-0.00651,57.9,0.2163,0.8569,ns
M5vsM6_raw_24m,natural_breaks,Absolute Mortality,uWUE,Low,19,0.00178,47.4,0.7953,0.9842,ns
M5vsM6_raw_24m,natural_breaks,Relative Mortality,ETmax,High,23,-1e-04,52.2,0.4336,0.8654,ns
M5vsM6_raw_24m,natural_breaks,Relative Mortality,GPPsat,High,23,0.13921,39.1,0.9299,0.9842,ns
M5vsM6_raw_24m,natural_breaks,Relative Mortality,NEPmax,High,23,0.0107,47.8,0.147,0.8569,ns
M5vsM6_raw_24m,natural_breaks,Relative Mortality,WUE,High,23,-0.01257,56.5,0.2281,0.8569,ns
M5vsM6_raw_24m,natural_breaks,Relative Mortality,uWUE,High,23,0.01499,26.1,0.9168,0.9842,ns
M5vsM6_raw_24m,natural_breaks,Relative Mortality,ETmax,Mid,18,-4e-05,61.1,0.2856,0.8569,ns
M5vsM6_raw_24m,natural_breaks,Relative Mortality,GPPsat,Mid,18,0.06649,44.4,0.6994,0.9741,ns
M5vsM6_raw_24m,natural_breaks,Relative Mortality,NEPmax,Mid,18,0.01218,50,0.552,0.92,ns
M5vsM6_raw_24m,natural_breaks,Relative Mortality,WUE,Mid,18,0.0026,44.4,0.7144,0.9741,ns
M5vsM6_raw_24m,natural_breaks,Relative Mortality,uWUE,Mid,18,0.00689,44.4,0.8619,0.9842,ns
M5vsM6_raw_24m,natural_breaks,Relative Mortality,ETmax,Low,24,0.00019,41.7,0.7014,0.9741,ns
M5vsM6_raw_24m,natural_breaks,Relative Mortality,GPPsat,Low,24,-0.02399,54.2,0.2695,0.8569,ns
M5vsM6_raw_24m,natural_breaks,Relative Mortality,NEPmax,Low,24,-0.05087,58.3,0.1692,0.8569,ns
M5vsM6_raw_24m,natural_breaks,Relative Mortality,WUE,Low,24,-0.00486,54.2,0.2077,0.8569,ns
M5vsM6_raw_24m,natural_breaks,Relative Mortality,uWUE,Low,24,0.0033,37.5,0.9255,0.9842,ns
M5vsM6_raw_24m,natural_breaks,Relative Disturbance,ETmax,High,22,0.00023,50,0.4612,0.8654,ns
M5vsM6_raw_24m,natural_breaks,Relative Disturbance,GPPsat,High,22,0.1526,36.4,0.9404,0.9842,ns
M5vsM6_raw_24m,natural_breaks,Relative Disturbance,NEPmax,High,22,0.01841,45.5,0.2375,0.8569,ns
M5vsM6_raw_24m,natural_breaks,Relative Disturbance,WUE,High,22,-0.01558,54.5,0.2477,0.8569,ns
M5vsM6_raw_24m,natural_breaks,Relative Disturbance,uWUE,High,22,0.00962,31.8,0.8506,0.9842,ns
M5vsM6_raw_24m,natural_breaks,Relative Disturbance,ETmax,Mid,20,-0.00025,65,0.1354,0.8569,ns
M5vsM6_raw_24m,natural_breaks,Relative Disturbance,GPPsat,Mid,20,-0.02399,55,0.4926,0.8654,ns
M5vsM6_raw_24m,natural_breaks,Relative Disturbance,NEPmax,Mid,20,-0.0465,55,0.3475,0.8654,ns
M5vsM6_raw_24m,natural_breaks,Relative Disturbance,WUE,Mid,20,-0.00159,50,0.4777,0.8654,ns
M5vsM6_raw_24m,natural_breaks,Relative Disturbance,uWUE,Mid,20,0.01815,30,0.975,0.9972,ns
M5vsM6_raw_24m,natural_breaks,Relative Disturbance,ETmax,Low,23,0.00037,39.1,0.7531,0.9842,ns
M5vsM6_raw_24m,natural_breaks,Relative Disturbance,GPPsat,Low,23,0.00461,47.8,0.4216,0.8654,ns
M5vsM6_raw_24m,natural_breaks,Relative Disturbance,NEPmax,Low,23,-0.03721,56.5,0.2015,0.8569,ns
M5vsM6_raw_24m,natural_breaks,Relative Disturbance,WUE,Low,23,-0.00651,52.2,0.3407,0.8654,ns
M5vsM6_raw_24m,natural_breaks,Relative Disturbance,uWUE,Low,23,0.00083,43.5,0.807,0.9842,ns
M5vsM6_anom_12m,tertiles,Absolute Mortality,ETmax,High,22,0.00045,36.4,0.5645,0.8117,ns
M5vsM6_anom_12m,tertiles,Absolute Mortality,GPPsat,High,22,-0.40166,59.1,0.2795,0.688,ns
M5vsM6_anom_12m,tertiles,Absolute Mortality,NEPmax,High,22,-0.7824,59.1,0.1148,0.688,ns
M5vsM6_anom_12m,tertiles,Absolute Mortality,WUE,High,22,-0.01443,59.1,0.3247,0.7073,ns
M5vsM6_anom_12m,tertiles,Absolute Mortality,uWUE,High,22,0.00778,45.5,0.7915,0.848,ns
M5vsM6_anom_12m,tertiles,Absolute Mortality,ETmax,Mid,21,0.00045,38.1,0.7778,0.848,ns
M5vsM6_anom_12m,tertiles,Absolute Mortality,GPPsat,Mid,21,-0.3714,66.7,0.2773,0.688,ns
M5vsM6_anom_12m,tertiles,Absolute Mortality,NEPmax,Mid,21,-0.31874,57.1,0.3641,0.7073,ns
M5vsM6_anom_12m,tertiles,Absolute Mortality,WUE,Mid,21,-0.00199,57.1,0.2435,0.688,ns
M5vsM6_anom_12m,tertiles,Absolute Mortality,uWUE,Mid,21,-0.01484,61.9,0.3772,0.7073,ns
M5vsM6_anom_12m,tertiles,Absolute Mortality,ETmax,Low,22,0.00206,36.4,0.7205,0.8463,ns
M5vsM6_anom_12m,tertiles,Absolute Mortality,GPPsat,Low,22,0.22832,45.5,0.7523,0.8463,ns
M5vsM6_anom_12m,tertiles,Absolute Mortality,NEPmax,Low,22,-0.81618,63.6,0.1212,0.688,ns
M5vsM6_anom_12m,tertiles,Absolute Mortality,WUE,Low,22,0.00149,50,0.4871,0.7694,ns
M5vsM6_anom_12m,tertiles,Absolute Mortality,uWUE,Low,22,-0.01057,54.5,0.3605,0.7073,ns
M5vsM6_anom_12m,tertiles,Relative Mortality,ETmax,High,22,0.00045,40.9,0.5129,0.7694,ns
M5vsM6_anom_12m,tertiles,Relative Mortality,GPPsat,High,22,-0.562,63.6,0.2085,0.688,ns
M5vsM6_anom_12m,tertiles,Relative Mortality,NEPmax,High,22,-0.96958,59.1,0.2477,0.688,ns
M5vsM6_anom_12m,tertiles,Relative Mortality,WUE,High,22,-0.00699,59.1,0.2179,0.688,ns
M5vsM6_anom_12m,tertiles,Relative Mortality,uWUE,High,22,2e-04,50,0.6635,0.8463,ns
M5vsM6_anom_12m,tertiles,Relative Mortality,ETmax,Mid,21,0.00103,23.8,0.9762,0.9762,ns
M5vsM6_anom_12m,tertiles,Relative Mortality,GPPsat,Mid,21,0.25011,47.6,0.8433,0.8825,ns
M5vsM6_anom_12m,tertiles,Relative Mortality,NEPmax,Mid,21,-0.29077,52.4,0.3383,0.7073,ns
M5vsM6_anom_12m,tertiles,Relative Mortality,WUE,Mid,21,-0.00883,57.1,0.2222,0.688,ns
M5vsM6_anom_12m,tertiles,Relative Mortality,uWUE,Mid,21,-0.00826,52.4,0.7455,0.8463,ns
M5vsM6_anom_12m,tertiles,Relative Mortality,ETmax,Low,22,0.00131,45.5,0.4483,0.7694,ns
M5vsM6_anom_12m,tertiles,Relative Mortality,GPPsat,Low,22,-0.14311,59.1,0.2581,0.688,ns
M5vsM6_anom_12m,tertiles,Relative Mortality,NEPmax,Low,22,-0.89581,68.2,0.03979,0.688,ns
M5vsM6_anom_12m,tertiles,Relative Mortality,WUE,Low,22,0.00149,50,0.5772,0.8117,ns
M5vsM6_anom_12m,tertiles,Relative Mortality,uWUE,Low,22,-0.01424,59.1,0.1494,0.688,ns
M5vsM6_anom_12m,tertiles,Relative Disturbance,ETmax,High,22,0.00057,36.4,0.6149,0.8385,ns
M5vsM6_anom_12m,tertiles,Relative Disturbance,GPPsat,High,22,-0.40166,63.6,0.2179,0.688,ns
M5vsM6_anom_12m,tertiles,Relative Disturbance,NEPmax,High,22,-0.62816,54.5,0.2905,0.688,ns
M5vsM6_anom_12m,tertiles,Relative Disturbance,WUE,High,22,-0.00146,54.5,0.2795,0.688,ns
M5vsM6_anom_12m,tertiles,Relative Disturbance,uWUE,High,22,0.01217,45.5,0.7523,0.8463,ns
M5vsM6_anom_12m,tertiles,Relative Disturbance,ETmax,Mid,21,0.00045,33.3,0.8946,0.9149,ns
M5vsM6_anom_12m,tertiles,Relative Disturbance,GPPsat,Mid,21,-0.07287,57.1,0.6359,0.8417,ns
M5vsM6_anom_12m,tertiles,Relative Disturbance,NEPmax,Mid,21,-0.46328,57.1,0.1485,0.688,ns
M5vsM6_anom_12m,tertiles,Relative Disturbance,WUE,Mid,21,-0.01687,61.9,0.09329,0.688,ns
M5vsM6_anom_12m,tertiles,Relative Disturbance,uWUE,Mid,21,-0.01035,57.1,0.5,0.7694,ns
M5vsM6_anom_12m,tertiles,Relative Disturbance,ETmax,Low,22,0.00143,40.9,0.5129,0.7694,ns
M5vsM6_anom_12m,tertiles,Relative Disturbance,GPPsat,Low,22,0.0123,50,0.5,0.7694,ns
M5vsM6_anom_12m,tertiles,Relative Disturbance,NEPmax,Low,22,-0.8386,68.2,0.1148,0.688,ns
M5vsM6_anom_12m,tertiles,Relative Disturbance,WUE,Low,22,0.00149,50,0.6869,0.8463,ns
M5vsM6_anom_12m,tertiles,Relative Disturbance,uWUE,Low,22,-0.01424,59.1,0.2905,0.688,ns
M5vsM6_anom_12m,equal_width,Absolute Mortality,ETmax,Mid,21,0.00043,38.1,0.569,0.8429,ns
M5vsM6_anom_12m,equal_width,Absolute Mortality,GPPsat,Mid,21,-0.78007,61.9,0.09329,0.6507,ns
M5vsM6_anom_12m,equal_width,Absolute Mortality,NEPmax,Mid,21,-1.11052,66.7,0.01558,0.6233,ns
M5vsM6_anom_12m,equal_width,Absolute Mortality,WUE,Mid,21,-0.0195,66.7,0.08762,0.6507,ns
M5vsM6_anom_12m,equal_width,Absolute Mortality,uWUE,Mid,21,-0.01035,52.4,0.5553,0.8429,ns
M5vsM6_anom_12m,equal_width,Absolute Mortality,ETmax,Low,41,0.00142,36.6,0.8501,0.8862,ns
M5vsM6_anom_12m,equal_width,Absolute Mortality,GPPsat,Low,41,-0.07287,56.1,0.5516,0.8429,ns
M5vsM6_anom_12m,equal_width,Absolute Mortality,NEPmax,Low,41,-0.42157,58.5,0.1788,0.7628,ns
M5vsM6_anom_12m,equal_width,Absolute Mortality,WUE,Low,41,-0.00037,53.7,0.3584,0.7964,ns
M5vsM6_anom_12m,equal_width,Absolute Mortality,uWUE,Low,41,-0.01388,58.5,0.267,0.7628,ns
M5vsM6_anom_12m,equal_width,Absolute Mortality,ETmax,High,3,0.00202,33.3,,,""
M5vsM6_anom_12m,equal_width,Absolute Mortality,GPPsat,High,3,1.22808,33.3,,,""
M5vsM6_anom_12m,equal_width,Absolute Mortality,NEPmax,High,3,1.63965,33.3,,,""
M5vsM6_anom_12m,equal_width,Absolute Mortality,WUE,High,3,0.03211,0,,,""
M5vsM6_anom_12m,equal_width,Absolute Mortality,uWUE,High,3,0.07275,0,,,""
M5vsM6_anom_12m,equal_width,Relative Mortality,ETmax,Mid,26,0.00033,42.3,0.667,0.8528,ns
M5vsM6_anom_12m,equal_width,Relative Mortality,GPPsat,Mid,26,-0.2719,57.7,0.2307,0.7628,ns
M5vsM6_anom_12m,equal_width,Relative Mortality,NEPmax,Mid,26,-0.75526,57.7,0.09761,0.6507,ns
M5vsM6_anom_12m,equal_width,Relative Mortality,WUE,Mid,26,-0.00699,61.5,0.1213,0.6858,ns
M5vsM6_anom_12m,equal_width,Relative Mortality,uWUE,Mid,26,-0.01065,57.7,0.5101,0.8429,ns
M5vsM6_anom_12m,equal_width,Relative Mortality,ETmax,Low,32,0.00106,37.5,0.6698,0.8528,ns
M5vsM6_anom_12m,equal_width,Relative Mortality,GPPsat,Low,32,-0.14311,59.4,0.3101,0.7964,ns
M5vsM6_anom_12m,equal_width,Relative Mortality,NEPmax,Low,32,-0.62329,65.6,0.05494,0.6507,ns
M5vsM6_anom_12m,equal_width,Relative Mortality,WUE,Low,32,-0.00331,53.1,0.4222,0.8429,ns
M5vsM6_anom_12m,equal_width,Relative Mortality,uWUE,Low,32,-0.01298,56.2,0.3577,0.7964,ns
M5vsM6_anom_12m,equal_width,Relative Mortality,ETmax,High,7,0.00202,14.3,0.8976,0.8976,ns
M5vsM6_anom_12m,equal_width,Relative Mortality,GPPsat,High,7,0.49913,42.9,0.8641,0.8862,ns
M5vsM6_anom_12m,equal_width,Relative Mortality,NEPmax,High,7,0.26602,42.9,0.8237,0.8862,ns
M5vsM6_anom_12m,equal_width,Relative Mortality,WUE,High,7,0.02257,42.9,0.6637,0.8528,ns
M5vsM6_anom_12m,equal_width,Relative Mortality,uWUE,High,7,0.02737,28.6,0.8641,0.8862,ns
M5vsM6_anom_12m,equal_width,Relative Disturbance,ETmax,Mid,27,0.00091,37,0.8464,0.8862,ns
M5vsM6_anom_12m,equal_width,Relative Disturbance,GPPsat,Mid,27,-0.34393,63,0.2544,0.7628,ns
M5vsM6_anom_12m,equal_width,Relative Disturbance,NEPmax,Mid,27,-0.46328,55.6,0.1372,0.6858,ns
M5vsM6_anom_12m,equal_width,Relative Disturbance,WUE,Mid,27,-0.00031,51.9,0.2319,0.7628,ns
M5vsM6_anom_12m,equal_width,Relative Disturbance,uWUE,Mid,27,-0.00826,51.9,0.7608,0.8862,ns
M5vsM6_anom_12m,equal_width,Relative Disturbance,ETmax,High,9,0.00046,33.3,0.4528,0.8429,ns
M5vsM6_anom_12m,equal_width,Relative Disturbance,GPPsat,High,9,0.18713,44.4,0.6822,0.8528,ns
M5vsM6_anom_12m,equal_width,Relative Disturbance,NEPmax,High,9,-0.82864,55.6,0.5472,0.8429,ns
M5vsM6_anom_12m,equal_width,Relative Disturbance,WUE,High,9,-0.00094,55.6,0.5472,0.8429,ns
M5vsM6_anom_12m,equal_width,Relative Disturbance,uWUE,High,9,0.01074,44.4,0.6389,0.8528,ns
M5vsM6_anom_12m,equal_width,Relative Disturbance,ETmax,Low,29,0.00142,37.9,0.713,0.8643,ns
M5vsM6_anom_12m,equal_width,Relative Disturbance,GPPsat,Low,29,-0.03146,55.2,0.381,0.8022,ns
M5vsM6_anom_12m,equal_width,Relative Disturbance,NEPmax,Low,29,-0.65457,65.5,0.09002,0.6507,ns
M5vsM6_anom_12m,equal_width,Relative Disturbance,WUE,Low,29,-0.00883,58.6,0.3406,0.7964,ns
M5vsM6_anom_12m,equal_width,Relative Disturbance,uWUE,Low,29,-0.01388,58.6,0.2653,0.7628,ns
M5vsM6_anom_12m,natural_breaks,Absolute Mortality,ETmax,High,14,0.00045,42.9,0.4009,0.72,ns
M5vsM6_anom_12m,natural_breaks,Absolute Mortality,GPPsat,High,14,-0.48727,57.1,0.286,0.7075,ns
M5vsM6_anom_12m,natural_breaks,Absolute Mortality,NEPmax,High,14,-1.01969,64.3,0.2072,0.7075,ns
M5vsM6_anom_12m,natural_breaks,Absolute Mortality,WUE,High,14,-0.0089,57.1,0.4009,0.72,ns
M5vsM6_anom_12m,natural_breaks,Absolute Mortality,uWUE,High,14,0.01906,42.9,0.8571,0.9183,ns
M5vsM6_anom_12m,natural_breaks,Absolute Mortality,ETmax,Mid,32,0.00068,34.4,0.8227,0.9029,ns
M5vsM6_anom_12m,natural_breaks,Absolute Mortality,GPPsat,Mid,32,-0.40364,65.6,0.1586,0.7075,ns
M5vsM6_anom_12m,natural_breaks,Absolute Mortality,NEPmax,Mid,32,-0.44242,59.4,0.09062,0.7075,ns
M5vsM6_anom_12m,natural_breaks,Absolute Mortality,WUE,Mid,32,-0.00115,53.1,0.3302,0.7075,ns
M5vsM6_anom_12m,natural_breaks,Absolute Mortality,uWUE,Mid,32,-0.01152,56.2,0.4442,0.72,ns
M5vsM6_anom_12m,natural_breaks,Absolute Mortality,ETmax,Low,19,0.00144,36.8,0.7594,0.8543,ns
M5vsM6_anom_12m,natural_breaks,Absolute Mortality,GPPsat,Low,19,0.41163,42.1,0.9045,0.9457,ns
M5vsM6_anom_12m,natural_breaks,Absolute Mortality,NEPmax,Low,19,-0.65457,57.9,0.3218,0.7075,ns
M5vsM6_anom_12m,natural_breaks,Absolute Mortality,WUE,Low,19,-0.00624,57.9,0.2533,0.7075,ns
M5vsM6_anom_12m,natural_breaks,Absolute Mortality,uWUE,Low,19,-0.01388,57.9,0.2664,0.7075,ns
M5vsM6_anom_12m,natural_breaks,Relative Mortality,ETmax,High,23,0.00046,39.1,0.5902,0.7724,ns
M5vsM6_anom_12m,natural_breaks,Relative Mortality,GPPsat,High,23,-0.34393,60.9,0.2281,0.7075,ns
M5vsM6_anom_12m,natural_breaks,Relative Mortality,NEPmax,High,23,-1.11052,60.9,0.2101,0.7075,ns
M5vsM6_anom_12m,natural_breaks,Relative Mortality,WUE,High,23,-0.00199,56.5,0.2665,0.7075,ns
M5vsM6_anom_12m,natural_breaks,Relative Mortality,uWUE,High,23,0.01074,47.8,0.7434,0.8543,ns
M5vsM6_anom_12m,natural_breaks,Relative Mortality,ETmax,Mid,18,0.00097,22.2,0.9774,0.9774,ns
M5vsM6_anom_12m,natural_breaks,Relative Mortality,GPPsat,Mid,18,-0.11567,55.6,0.6031,0.7724,ns
M5vsM6_anom_12m,natural_breaks,Relative Mortality,NEPmax,Mid,18,-0.15556,50,0.316,0.7075,ns
M5vsM6_anom_12m,natural_breaks,Relative Mortality,WUE,Mid,18,-0.01474,61.1,0.148,0.7075,ns
M5vsM6_anom_12m,natural_breaks,Relative Mortality,uWUE,Mid,18,-0.01152,61.1,0.3802,0.72,ns
M5vsM6_anom_12m,natural_breaks,Relative Mortality,ETmax,Low,24,0.00131,45.8,0.4376,0.72,ns
M5vsM6_anom_12m,natural_breaks,Relative Mortality,GPPsat,Low,24,-0.04664,54.2,0.4829,0.7244,ns
M5vsM6_anom_12m,natural_breaks,Relative Mortality,NEPmax,Low,24,-0.81618,66.7,0.08737,0.7075,ns
M5vsM6_anom_12m,natural_breaks,Relative Mortality,WUE,Low,24,0.00149,50,0.6179,0.7724,ns
M5vsM6_anom_12m,natural_breaks,Relative Mortality,uWUE,Low,24,-0.01057,54.2,0.4041,0.72,ns
M5vsM6_anom_12m,natural_breaks,Relative Disturbance,ETmax,High,22,0.00057,36.4,0.6149,0.7724,ns
M5vsM6_anom_12m,natural_breaks,Relative Disturbance,GPPsat,High,22,-0.40166,63.6,0.2179,0.7075,ns
M5vsM6_anom_12m,natural_breaks,Relative Disturbance,NEPmax,High,22,-0.62816,54.5,0.2905,0.7075,ns
M5vsM6_anom_12m,natural_breaks,Relative Disturbance,WUE,High,22,-0.00146,54.5,0.2795,0.7075,ns
M5vsM6_anom_12m,natural_breaks,Relative Disturbance,uWUE,High,22,0.01217,45.5,0.7523,0.8543,ns
M5vsM6_anom_12m,natural_breaks,Relative Disturbance,ETmax,Mid,20,0.00068,30,0.9247,0.9457,ns
M5vsM6_anom_12m,natural_breaks,Relative Disturbance,GPPsat,Mid,20,-0.11567,55,0.6662,0.8102,ns
M5vsM6_anom_12m,natural_breaks,Relative Disturbance,NEPmax,Mid,20,-0.52765,60,0.1437,0.7075,ns
M5vsM6_anom_12m,natural_breaks,Relative Disturbance,WUE,Mid,20,-0.01285,60,0.1354,0.7075,ns
M5vsM6_anom_12m,natural_breaks,Relative Disturbance,uWUE,Mid,20,-0.01065,60,0.448,0.72,ns
M5vsM6_anom_12m,natural_breaks,Relative Disturbance,ETmax,Low,23,0.00142,43.5,0.5182,0.7522,ns
M5vsM6_anom_12m,natural_breaks,Relative Disturbance,GPPsat,Low,23,-0.02041,52.2,0.4818,0.7244,ns
M5vsM6_anom_12m,natural_breaks,Relative Disturbance,NEPmax,Low,23,-0.75897,65.2,0.109,0.7075,ns
M5vsM6_anom_12m,natural_breaks,Relative Disturbance,WUE,Low,23,-0.00037,52.2,0.5902,0.7724,ns
M5vsM6_anom_12m,natural_breaks,Relative Disturbance,uWUE,Low,23,-0.01388,56.5,0.3187,0.7075,ns
M5vsM6_anom_24m,tertiles,Absolute Mortality,ETmax,High,22,-0.00045,54.5,0.2795,0.8384,ns
M5vsM6_anom_24m,tertiles,Absolute Mortality,GPPsat,High,22,-0.61236,68.2,0.1732,0.7819,ns
M5vsM6_anom_24m,tertiles,Absolute Mortality,NEPmax,High,22,-0.86197,72.7,0.05583,0.7584,ns
M5vsM6_anom_24m,tertiles,Absolute Mortality,WUE,High,22,0.0128,45.5,0.858,0.9178,ns
M5vsM6_anom_24m,tertiles,Absolute Mortality,uWUE,High,22,0.00681,45.5,0.6025,0.9023,ns
M5vsM6_anom_24m,tertiles,Absolute Mortality,ETmax,Mid,21,0.00072,38.1,0.7778,0.9092,ns
M5vsM6_anom_24m,tertiles,Absolute Mortality,GPPsat,Mid,21,-0.15745,61.9,0.3641,0.9023,ns
M5vsM6_anom_24m,tertiles,Absolute Mortality,NEPmax,Mid,21,-0.07403,52.4,0.5415,0.9023,ns
M5vsM6_anom_24m,tertiles,Absolute Mortality,WUE,Mid,21,-0.00172,52.4,0.431,0.9023,ns
M5vsM6_anom_24m,tertiles,Absolute Mortality,uWUE,Mid,21,-0.00398,61.9,0.2327,0.8056,ns
M5vsM6_anom_24m,tertiles,Absolute Mortality,ETmax,Low,22,0.00061,45.5,0.5645,0.9023,ns
M5vsM6_anom_24m,tertiles,Absolute Mortality,GPPsat,Low,22,0.18472,40.9,0.6869,0.9023,ns
M5vsM6_anom_24m,tertiles,Absolute Mortality,NEPmax,Low,22,-0.67119,72.7,0.1348,0.7584,ns
M5vsM6_anom_24m,tertiles,Absolute Mortality,WUE,Low,22,0.00187,36.4,0.7095,0.9023,ns
M5vsM6_anom_24m,tertiles,Absolute Mortality,uWUE,Low,22,0.00409,36.4,0.8788,0.9178,ns
M5vsM6_anom_24m,tertiles,Relative Mortality,ETmax,High,22,-0.00083,59.1,0.1993,0.7819,ns
M5vsM6_anom_24m,tertiles,Relative Mortality,GPPsat,High,22,-0.67372,72.7,0.1148,0.7584,ns
M5vsM6_anom_24m,tertiles,Relative Mortality,NEPmax,High,22,-0.86197,72.7,0.07658,0.7584,ns
M5vsM6_anom_24m,tertiles,Relative Mortality,WUE,High,22,0.0128,45.5,0.7419,0.9023,ns
M5vsM6_anom_24m,tertiles,Relative Mortality,uWUE,High,22,0.00681,45.5,0.6273,0.9023,ns
M5vsM6_anom_24m,tertiles,Relative Mortality,ETmax,Mid,21,0.00072,38.1,0.9124,0.9178,ns
M5vsM6_anom_24m,tertiles,Relative Mortality,GPPsat,Mid,21,0.24038,42.9,0.9178,0.9178,ns
M5vsM6_anom_24m,tertiles,Relative Mortality,NEPmax,Mid,21,0.008,47.6,0.6989,0.9023,ns
M5vsM6_anom_24m,tertiles,Relative Mortality,WUE,Mid,21,-0.00192,52.4,0.4447,0.9023,ns
M5vsM6_anom_24m,tertiles,Relative Mortality,uWUE,Mid,21,-0.0038,57.1,0.3511,0.9023,ns
M5vsM6_anom_24m,tertiles,Relative Mortality,ETmax,Low,22,0.00061,40.9,0.5,0.9023,ns
M5vsM6_anom_24m,tertiles,Relative Mortality,GPPsat,Low,22,-0.19821,54.5,0.2085,0.7819,ns
M5vsM6_anom_24m,tertiles,Relative Mortality,NEPmax,Low,22,-0.78751,77.3,0.04889,0.7584,ns
M5vsM6_anom_24m,tertiles,Relative Mortality,WUE,Low,22,0.00323,36.4,0.8096,0.9108,ns
M5vsM6_anom_24m,tertiles,Relative Mortality,uWUE,Low,22,0.00252,40.9,0.7419,0.9023,ns
M5vsM6_anom_24m,tertiles,Relative Disturbance,ETmax,High,22,-0.00045,54.5,0.2581,0.8295,ns
M5vsM6_anom_24m,tertiles,Relative Disturbance,GPPsat,High,22,-0.64548,72.7,0.1212,0.7584,ns
M5vsM6_anom_24m,tertiles,Relative Disturbance,NEPmax,High,22,-0.80454,68.2,0.1148,0.7584,ns
M5vsM6_anom_24m,tertiles,Relative Disturbance,WUE,High,22,0.0128,45.5,0.6635,0.9023,ns
M5vsM6_anom_24m,tertiles,Relative Disturbance,uWUE,High,22,0.01359,40.9,0.7313,0.9023,ns
M5vsM6_anom_24m,tertiles,Relative Disturbance,ETmax,Mid,21,-2e-04,52.4,0.6743,0.9023,ns
M5vsM6_anom_24m,tertiles,Relative Disturbance,GPPsat,Mid,21,0.12336,47.6,0.788,0.9092,ns
M5vsM6_anom_24m,tertiles,Relative Disturbance,NEPmax,Mid,21,-0.07808,61.9,0.1831,0.7819,ns
M5vsM6_anom_24m,tertiles,Relative Disturbance,WUE,Mid,21,-0.00192,52.4,0.4585,0.9023,ns
M5vsM6_anom_24m,tertiles,Relative Disturbance,uWUE,Mid,21,-0.00398,57.1,0.3641,0.9023,ns
M5vsM6_anom_24m,tertiles,Relative Disturbance,ETmax,Low,22,0.00077,31.8,0.7313,0.9023,ns
M5vsM6_anom_24m,tertiles,Relative Disturbance,GPPsat,Low,22,-0.05956,50,0.3975,0.9023,ns
M5vsM6_anom_24m,tertiles,Relative Disturbance,NEPmax,Low,22,-0.83393,68.2,0.1348,0.7584,ns
M5vsM6_anom_24m,tertiles,Relative Disturbance,WUE,Low,22,0.00323,36.4,0.835,0.9164,ns
M5vsM6_anom_24m,tertiles,Relative Disturbance,uWUE,Low,22,0.00138,45.5,0.5899,0.9023,ns
M5vsM6_anom_24m,equal_width,Absolute Mortality,ETmax,Mid,21,-8e-04,61.9,0.1054,0.5815,ns
M5vsM6_anom_24m,equal_width,Absolute Mortality,GPPsat,Mid,21,-0.68468,71.4,0.03814,0.5815,ns
M5vsM6_anom_24m,equal_width,Absolute Mortality,NEPmax,Mid,21,-0.89749,81,0.006165,0.2466,ns
M5vsM6_anom_24m,equal_width,Absolute Mortality,WUE,Mid,21,-0.00381,52.4,0.7109,0.8687,ns
M5vsM6_anom_24m,equal_width,Absolute Mortality,uWUE,Mid,21,-0.01436,57.1,0.1652,0.6684,ns
M5vsM6_anom_24m,equal_width,Absolute Mortality,ETmax,Low,41,0.00073,39,0.8038,0.869,ns
M5vsM6_anom_24m,equal_width,Absolute Mortality,GPPsat,Low,41,-0.00991,51.2,0.5413,0.8687,ns
M5vsM6_anom_24m,equal_width,Absolute Mortality,NEPmax,Low,41,-0.22472,61,0.1822,0.6684,ns
M5vsM6_anom_24m,equal_width,Absolute Mortality,WUE,Low,41,0.00063,43.9,0.5361,0.8687,ns
M5vsM6_anom_24m,equal_width,Absolute Mortality,uWUE,Low,41,0.00201,46.3,0.6608,0.8687,ns
M5vsM6_anom_24m,equal_width,Absolute Mortality,ETmax,High,3,0.00187,33.3,,,""
M5vsM6_anom_24m,equal_width,Absolute Mortality,GPPsat,High,3,1.47005,33.3,,,""
M5vsM6_anom_24m,equal_width,Absolute Mortality,NEPmax,High,3,2.24373,33.3,,,""
M5vsM6_anom_24m,equal_width,Absolute Mortality,WUE,High,3,0.03134,0,,,""
M5vsM6_anom_24m,equal_width,Absolute Mortality,uWUE,High,3,0.03589,0,,,""
M5vsM6_anom_24m,equal_width,Relative Mortality,ETmax,Mid,26,-0.00055,53.8,0.2796,0.8602,ns
M5vsM6_anom_24m,equal_width,Relative Mortality,GPPsat,Mid,26,-0.5054,61.5,0.1163,0.5815,ns
M5vsM6_anom_24m,equal_width,Relative Mortality,NEPmax,Mid,26,-0.51111,69.2,0.04684,0.5815,ns
M5vsM6_anom_24m,equal_width,Relative Mortality,WUE,Mid,26,-0.00182,53.8,0.61,0.8687,ns
M5vsM6_anom_24m,equal_width,Relative Mortality,uWUE,Mid,26,-0.00611,57.7,0.2155,0.7185,ns
M5vsM6_anom_24m,equal_width,Relative Mortality,ETmax,Low,32,0.00072,37.5,0.7642,0.8687,ns
M5vsM6_anom_24m,equal_width,Relative Mortality,GPPsat,Low,32,-0.02527,53.1,0.4076,0.8687,ns
M5vsM6_anom_24m,equal_width,Relative Mortality,NEPmax,Low,32,-0.32673,65.6,0.0818,0.5815,ns
M5vsM6_anom_24m,equal_width,Relative Mortality,WUE,Low,32,0.00301,40.6,0.5851,0.8687,ns
M5vsM6_anom_24m,equal_width,Relative Mortality,uWUE,Low,32,0.00252,43.8,0.6833,0.8687,ns
M5vsM6_anom_24m,equal_width,Relative Mortality,ETmax,High,7,-6e-04,57.1,0.6637,0.8687,ns
M5vsM6_anom_24m,equal_width,Relative Mortality,GPPsat,High,7,-0.18429,57.1,0.7766,0.8687,ns
M5vsM6_anom_24m,equal_width,Relative Mortality,NEPmax,High,7,-0.61933,57.1,0.7229,0.8687,ns
M5vsM6_anom_24m,equal_width,Relative Mortality,WUE,High,7,0.03085,28.6,0.8976,0.8976,ns
M5vsM6_anom_24m,equal_width,Relative Mortality,uWUE,High,7,0.02719,28.6,0.8641,0.8862,ns
M5vsM6_anom_24m,equal_width,Relative Disturbance,ETmax,Mid,27,9e-05,48.1,0.438,0.8687,ns
M5vsM6_anom_24m,equal_width,Relative Disturbance,GPPsat,Mid,27,-0.22027,63,0.1838,0.6684,ns
M5vsM6_anom_24m,equal_width,Relative Disturbance,NEPmax,Mid,27,-0.22472,66.7,0.08733,0.5815,ns
M5vsM6_anom_24m,equal_width,Relative Disturbance,WUE,Mid,27,0.00311,48.1,0.6888,0.8687,ns
M5vsM6_anom_24m,equal_width,Relative Disturbance,uWUE,Mid,27,0.00046,48.1,0.5239,0.8687,ns
M5vsM6_anom_24m,equal_width,Relative Disturbance,ETmax,High,9,-0.00143,66.7,0.3178,0.8687,ns
M5vsM6_anom_24m,equal_width,Relative Disturbance,GPPsat,High,9,-0.37967,66.7,0.4528,0.8687,ns
M5vsM6_anom_24m,equal_width,Relative Disturbance,NEPmax,High,9,-0.82644,66.7,0.3611,0.8687,ns
M5vsM6_anom_24m,equal_width,Relative Disturbance,WUE,High,9,0.01224,44.4,0.8284,0.872,ns
M5vsM6_anom_24m,equal_width,Relative Disturbance,uWUE,High,9,-0.00825,55.6,0.5472,0.8687,ns
M5vsM6_anom_24m,equal_width,Relative Disturbance,ETmax,Low,29,0.00073,37.9,0.7818,0.8687,ns
M5vsM6_anom_24m,equal_width,Relative Disturbance,GPPsat,Low,29,0.05705,48.3,0.4228,0.8687,ns
M5vsM6_anom_24m,equal_width,Relative Disturbance,NEPmax,Low,29,-0.38447,65.5,0.101,0.5815,ns
M5vsM6_anom_24m,equal_width,Relative Disturbance,WUE,Low,29,0.00063,41.4,0.6107,0.8687,ns
M5vsM6_anom_24m,equal_width,Relative Disturbance,uWUE,Low,29,0.00201,44.8,0.6272,0.8687,ns
M5vsM6_anom_24m,natural_breaks,Absolute Mortality,ETmax,High,14,-0.00124,71.4,0.1429,0.6494,ns
M5vsM6_anom_24m,natural_breaks,Absolute Mortality,GPPsat,High,14,-0.66875,71.4,0.1732,0.6494,ns
M5vsM6_anom_24m,natural_breaks,Absolute Mortality,NEPmax,High,14,-1.18449,78.6,0.1046,0.6494,ns
M5vsM6_anom_24m,natural_breaks,Absolute Mortality,WUE,High,14,0.02689,35.7,0.9487,0.9487,ns
M5vsM6_anom_24m,natural_breaks,Absolute Mortality,uWUE,High,14,0.00681,42.9,0.6232,0.8605,ns
M5vsM6_anom_24m,natural_breaks,Absolute Mortality,ETmax,Mid,32,0.00048,37.5,0.7525,0.8605,ns
M5vsM6_anom_24m,natural_breaks,Absolute Mortality,GPPsat,Mid,32,-0.45114,62.5,0.1725,0.6494,ns
M5vsM6_anom_24m,natural_breaks,Absolute Mortality,NEPmax,Mid,32,-0.1257,59.4,0.1631,0.6494,ns
M5vsM6_anom_24m,natural_breaks,Absolute Mortality,WUE,Mid,32,-0.00082,50,0.4665,0.8605,ns
M5vsM6_anom_24m,natural_breaks,Absolute Mortality,uWUE,Mid,32,-0.0024,56.2,0.3035,0.8044,ns
M5vsM6_anom_24m,natural_breaks,Absolute Mortality,ETmax,Low,19,0.00073,42.1,0.6637,0.8605,ns
M5vsM6_anom_24m,natural_breaks,Absolute Mortality,GPPsat,Low,19,0.24608,36.8,0.8658,0.906,ns
M5vsM6_anom_24m,natural_breaks,Absolute Mortality,NEPmax,Low,19,-0.48667,68.4,0.3218,0.8044,ns
M5vsM6_anom_24m,natural_breaks,Absolute Mortality,WUE,Low,19,0.00063,42.1,0.5241,0.8605,ns
M5vsM6_anom_24m,natural_breaks,Absolute Mortality,uWUE,Low,19,0.00304,36.8,0.8569,0.906,ns
M5vsM6_anom_24m,natural_breaks,Relative Mortality,ETmax,High,23,-0.00106,60.9,0.1541,0.6494,ns
M5vsM6_anom_24m,natural_breaks,Relative Mortality,GPPsat,High,23,-0.66276,69.6,0.1208,0.6494,ns
M5vsM6_anom_24m,natural_breaks,Relative Mortality,NEPmax,High,23,-0.82644,73.9,0.06609,0.6494,ns
M5vsM6_anom_24m,natural_breaks,Relative Mortality,WUE,High,23,0.01224,43.5,0.7531,0.8605,ns
M5vsM6_anom_24m,natural_breaks,Relative Mortality,uWUE,High,23,0.01078,43.5,0.6481,0.8605,ns
M5vsM6_anom_24m,natural_breaks,Relative Mortality,ETmax,Mid,18,0.00058,38.9,0.8887,0.9089,ns
M5vsM6_anom_24m,natural_breaks,Relative Mortality,GPPsat,Mid,18,0.09704,50,0.757,0.8605,ns
M5vsM6_anom_24m,natural_breaks,Relative Mortality,NEPmax,Mid,18,-0.00907,50,0.5862,0.8605,ns
M5vsM6_anom_24m,natural_breaks,Relative Mortality,WUE,Mid,18,-0.00287,55.6,0.4309,0.8605,ns
M5vsM6_anom_24m,natural_breaks,Relative Mortality,uWUE,Mid,18,-0.00979,61.1,0.271,0.8044,ns
M5vsM6_anom_24m,natural_breaks,Relative Mortality,ETmax,Low,24,0.00072,37.5,0.6179,0.8605,ns
M5vsM6_anom_24m,natural_breaks,Relative Mortality,GPPsat,Low,24,-0.05956,50,0.4376,0.8605,ns
M5vsM6_anom_24m,natural_breaks,Relative Mortality,NEPmax,Low,24,-0.61424,70.8,0.1236,0.6494,ns
M5vsM6_anom_24m,natural_breaks,Relative Mortality,WUE,Low,24,0.00323,37.5,0.7669,0.8605,ns
M5vsM6_anom_24m,natural_breaks,Relative Mortality,uWUE,Low,24,0.00252,41.7,0.784,0.8605,ns
M5vsM6_anom_24m,natural_breaks,Relative Disturbance,ETmax,High,22,-0.00045,54.5,0.2581,0.8044,ns
M5vsM6_anom_24m,natural_breaks,Relative Disturbance,GPPsat,High,22,-0.64548,72.7,0.1212,0.6494,ns
M5vsM6_anom_24m,natural_breaks,Relative Disturbance,NEPmax,High,22,-0.80454,68.2,0.1148,0.6494,ns
M5vsM6_anom_24m,natural_breaks,Relative Disturbance,WUE,High,22,0.0128,45.5,0.6635,0.8605,ns
M5vsM6_anom_24m,natural_breaks,Relative Disturbance,uWUE,High,22,0.01359,40.9,0.7313,0.8605,ns
M5vsM6_anom_24m,natural_breaks,Relative Disturbance,ETmax,Mid,20,-6e-05,50,0.7059,0.8605,ns
M5vsM6_anom_24m,natural_breaks,Relative Disturbance,GPPsat,Mid,20,0.09704,50,0.778,0.8605,ns
M5vsM6_anom_24m,natural_breaks,Relative Disturbance,NEPmax,Mid,20,-0.07605,60,0.2449,0.8044,ns
M5vsM6_anom_24m,natural_breaks,Relative Disturbance,WUE,Mid,20,0.00059,50,0.5813,0.8605,ns
M5vsM6_anom_24m,natural_breaks,Relative Disturbance,uWUE,Mid,20,-0.00979,60,0.3071,0.8044,ns
M5vsM6_anom_24m,natural_breaks,Relative Disturbance,ETmax,Low,23,0.00073,34.8,0.6813,0.8605,ns
M5vsM6_anom_24m,natural_breaks,Relative Disturbance,GPPsat,Low,23,0.05705,47.8,0.4098,0.8605,ns
M5vsM6_anom_24m,natural_breaks,Relative Disturbance,NEPmax,Low,23,-0.83322,69.6,0.1208,0.6494,ns
M5vsM6_anom_24m,natural_breaks,Relative Disturbance,WUE,Low,23,0.00063,39.1,0.7434,0.8605,ns
M5vsM6_anom_24m,natural_breaks,Relative Disturbance,uWUE,Low,23,0.00201,43.5,0.6813,0.8605,ns
M7vsM8_raw_12m,tertiles,Absolute Mortality,ETmax,High,22,-0.00054,59.1,0.1904,0.7617,ns
M7vsM8_raw_12m,tertiles,Absolute Mortality,GPPsat,High,22,0.0859,40.9,0.4483,0.7617,ns
M7vsM8_raw_12m,tertiles,Absolute Mortality,NEPmax,High,22,-0.00736,54.5,0.142,0.7617,ns
M7vsM8_raw_12m,tertiles,Absolute Mortality,WUE,High,22,0.0015,45.5,0.5388,0.7617,ns
M7vsM8_raw_12m,tertiles,Absolute Mortality,uWUE,High,22,0.00347,45.5,0.6635,0.7617,ns
M7vsM8_raw_12m,tertiles,Absolute Mortality,ETmax,Mid,21,0.00056,47.6,0.5553,0.7617,ns
M7vsM8_raw_12m,tertiles,Absolute Mortality,GPPsat,Mid,21,0.03474,47.6,0.4447,0.7617,ns
M7vsM8_raw_12m,tertiles,Absolute Mortality,NEPmax,Mid,21,0.0804,47.6,0.7109,0.7617,ns
M7vsM8_raw_12m,tertiles,Absolute Mortality,WUE,Mid,21,-0.00462,52.4,0.5553,0.7617,ns
M7vsM8_raw_12m,tertiles,Absolute Mortality,uWUE,Mid,21,-0.00359,57.1,0.3383,0.7617,ns
M7vsM8_raw_12m,tertiles,Absolute Mortality,ETmax,Low,22,-0.00042,54.5,0.4871,0.7617,ns
M7vsM8_raw_12m,tertiles,Absolute Mortality,GPPsat,Low,22,-0.03236,54.5,0.1732,0.7617,ns
M7vsM8_raw_12m,tertiles,Absolute Mortality,NEPmax,Low,22,-0.02365,54.5,0.2905,0.7617,ns
M7vsM8_raw_12m,tertiles,Absolute Mortality,WUE,Low,22,-0.00368,54.5,0.3365,0.7617,ns
M7vsM8_raw_12m,tertiles,Absolute Mortality,uWUE,Low,22,1e-04,50,0.7821,0.816,ns
M7vsM8_raw_12m,tertiles,Relative Mortality,ETmax,High,22,-0.00063,63.6,0.142,0.7617,ns
M7vsM8_raw_12m,tertiles,Relative Mortality,GPPsat,High,22,-0.05802,50,0.2905,0.7617,ns
M7vsM8_raw_12m,tertiles,Relative Mortality,NEPmax,High,22,-0.00736,54.5,0.1212,0.7617,ns
M7vsM8_raw_12m,tertiles,Relative Mortality,WUE,High,22,0.0015,45.5,0.4741,0.7617,ns
M7vsM8_raw_12m,tertiles,Relative Mortality,uWUE,High,22,-0.00089,54.5,0.5772,0.7617,ns
M7vsM8_raw_12m,tertiles,Relative Mortality,ETmax,Mid,21,0.00056,42.9,0.7979,0.816,ns
M7vsM8_raw_12m,tertiles,Relative Mortality,GPPsat,Mid,21,0.07272,33.3,0.6743,0.7617,ns
M7vsM8_raw_12m,tertiles,Relative Mortality,NEPmax,Mid,21,0.14311,38.1,0.8433,0.8433,ns
M7vsM8_raw_12m,tertiles,Relative Mortality,WUE,Mid,21,0.00586,47.6,0.6359,0.7617,ns
M7vsM8_raw_12m,tertiles,Relative Mortality,uWUE,Mid,21,0.00063,42.9,0.6359,0.7617,ns
M7vsM8_raw_12m,tertiles,Relative Mortality,ETmax,Low,22,-0.00042,54.5,0.4101,0.7617,ns
M7vsM8_raw_12m,tertiles,Relative Mortality,GPPsat,Low,22,-0.05878,59.1,0.1817,0.7617,ns
M7vsM8_raw_12m,tertiles,Relative Mortality,NEPmax,Low,22,-0.0471,63.6,0.1212,0.7617,ns
M7vsM8_raw_12m,tertiles,Relative Mortality,WUE,Low,22,-0.00757,59.1,0.3247,0.7617,ns
M7vsM8_raw_12m,tertiles,Relative Mortality,uWUE,Low,22,-0.0015,54.5,0.6516,0.7617,ns
M7vsM8_raw_12m,tertiles,Relative Disturbance,ETmax,High,22,-0.00063,63.6,0.1348,0.7617,ns
M7vsM8_raw_12m,tertiles,Relative Disturbance,GPPsat,High,22,-0.05802,50,0.3365,0.7617,ns
M7vsM8_raw_12m,tertiles,Relative Disturbance,NEPmax,High,22,0.01556,50,0.2375,0.7617,ns
M7vsM8_raw_12m,tertiles,Relative Disturbance,WUE,High,22,-0.00163,50,0.4355,0.7617,ns
M7vsM8_raw_12m,tertiles,Relative Disturbance,uWUE,High,22,0.00306,50,0.6516,0.7617,ns
M7vsM8_raw_12m,tertiles,Relative Disturbance,ETmax,Mid,21,-2e-04,52.4,0.431,0.7617,ns
M7vsM8_raw_12m,tertiles,Relative Disturbance,GPPsat,Mid,21,0.03474,38.1,0.5277,0.7617,ns
M7vsM8_raw_12m,tertiles,Relative Disturbance,NEPmax,Mid,21,0.0804,47.6,0.6989,0.7617,ns
M7vsM8_raw_12m,tertiles,Relative Disturbance,WUE,Mid,21,-0.00462,52.4,0.3011,0.7617,ns
M7vsM8_raw_12m,tertiles,Relative Disturbance,uWUE,Mid,21,0.00063,42.9,0.6228,0.7617,ns
M7vsM8_raw_12m,tertiles,Relative Disturbance,ETmax,Low,22,0.00039,45.5,0.6635,0.7617,ns
M7vsM8_raw_12m,tertiles,Relative Disturbance,GPPsat,Low,22,-0.04654,54.5,0.3017,0.7617,ns
M7vsM8_raw_12m,tertiles,Relative Disturbance,NEPmax,Low,22,-0.0858,59.1,0.1348,0.7617,ns
M7vsM8_raw_12m,tertiles,Relative Disturbance,WUE,Low,22,0.00156,50,0.6869,0.7617,ns
M7vsM8_raw_12m,tertiles,Relative Disturbance,uWUE,Low,22,-0.00183,59.1,0.4871,0.7617,ns
M7vsM8_raw_12m,equal_width,Absolute Mortality,ETmax,Mid,21,-0.00062,61.9,0.1652,0.7818,ns
M7vsM8_raw_12m,equal_width,Absolute Mortality,GPPsat,Mid,21,0.09611,47.6,0.2773,0.7818,ns
M7vsM8_raw_12m,equal_width,Absolute Mortality,NEPmax,Mid,21,-0.01099,57.1,0.09329,0.7818,ns
M7vsM8_raw_12m,equal_width,Absolute Mortality,WUE,Mid,21,-0.00516,52.4,0.2658,0.7818,ns
M7vsM8_raw_12m,equal_width,Absolute Mortality,uWUE,Mid,21,0.00632,42.9,0.6867,0.7818,ns
M7vsM8_raw_12m,equal_width,Absolute Mortality,ETmax,Low,41,-0.00017,51.2,0.5464,0.7818,ns
M7vsM8_raw_12m,equal_width,Absolute Mortality,GPPsat,Low,41,-0.02012,51.2,0.1998,0.7818,ns
M7vsM8_raw_12m,equal_width,Absolute Mortality,NEPmax,Low,41,-0.0105,51.2,0.5207,0.7818,ns
M7vsM8_raw_12m,equal_width,Absolute Mortality,WUE,Low,41,-0.00461,53.7,0.3928,0.7818,ns
M7vsM8_raw_12m,equal_width,Absolute Mortality,uWUE,Low,41,-0.00234,56.1,0.4028,0.7818,ns
M7vsM8_raw_12m,equal_width,Absolute Mortality,ETmax,High,3,0.00071,33.3,,,""
M7vsM8_raw_12m,equal_width,Absolute Mortality,GPPsat,High,3,0.07569,0,,,""
M7vsM8_raw_12m,equal_width,Absolute Mortality,NEPmax,High,3,0.1557,33.3,,,""
M7vsM8_raw_12m,equal_width,Absolute Mortality,WUE,High,3,0.05278,0,,,""
M7vsM8_raw_12m,equal_width,Absolute Mortality,uWUE,High,3,0.03932,33.3,,,""
M7vsM8_raw_12m,equal_width,Relative Mortality,ETmax,Mid,26,-0.00069,69.2,0.02379,0.5613,ns
M7vsM8_raw_12m,equal_width,Relative Mortality,GPPsat,Mid,26,0.08441,42.3,0.5203,0.7818,ns
M7vsM8_raw_12m,equal_width,Relative Mortality,NEPmax,Mid,26,0.05762,46.2,0.2627,0.7818,ns
M7vsM8_raw_12m,equal_width,Relative Mortality,WUE,Mid,26,-0.00706,57.7,0.223,0.7818,ns
M7vsM8_raw_12m,equal_width,Relative Mortality,uWUE,Mid,26,0.00022,50,0.5805,0.7818,ns
M7vsM8_raw_12m,equal_width,Relative Mortality,ETmax,Low,32,0.00039,46.9,0.7466,0.7859,ns
M7vsM8_raw_12m,equal_width,Relative Mortality,GPPsat,Low,32,-0.03236,53.1,0.1974,0.7818,ns
M7vsM8_raw_12m,equal_width,Relative Mortality,NEPmax,Low,32,-0.03322,56.2,0.4222,0.7818,ns
M7vsM8_raw_12m,equal_width,Relative Mortality,WUE,Low,32,0.00156,50,0.6493,0.7818,ns
M7vsM8_raw_12m,equal_width,Relative Mortality,uWUE,Low,32,-0.00023,50,0.6423,0.7818,ns
M7vsM8_raw_12m,equal_width,Relative Mortality,ETmax,High,7,0.00071,28.6,0.7766,0.7965,ns
M7vsM8_raw_12m,equal_width,Relative Mortality,GPPsat,High,7,0.01908,42.9,0.4663,0.7818,ns
M7vsM8_raw_12m,equal_width,Relative Mortality,NEPmax,High,7,-0.01099,57.1,0.3363,0.7818,ns
M7vsM8_raw_12m,equal_width,Relative Mortality,WUE,High,7,0.00518,28.6,0.6637,0.7818,ns
M7vsM8_raw_12m,equal_width,Relative Mortality,uWUE,High,7,-0.00159,57.1,0.5337,0.7818,ns
M7vsM8_raw_12m,equal_width,Relative Disturbance,ETmax,Mid,27,-0.00056,66.7,0.02807,0.5613,ns
M7vsM8_raw_12m,equal_width,Relative Disturbance,GPPsat,Mid,27,0.02651,48.1,0.4285,0.7818,ns
M7vsM8_raw_12m,equal_width,Relative Disturbance,NEPmax,Mid,27,0.05167,44.4,0.457,0.7818,ns
M7vsM8_raw_12m,equal_width,Relative Disturbance,WUE,Mid,27,-0.00896,59.3,0.1125,0.7818,ns
M7vsM8_raw_12m,equal_width,Relative Disturbance,uWUE,Mid,27,-0.00471,51.9,0.3027,0.7818,ns
M7vsM8_raw_12m,equal_width,Relative Disturbance,ETmax,High,9,0.00103,33.3,0.7232,0.7818,ns
M7vsM8_raw_12m,equal_width,Relative Disturbance,GPPsat,High,9,0.01908,44.4,0.3178,0.7818,ns
M7vsM8_raw_12m,equal_width,Relative Disturbance,NEPmax,High,9,-0.16729,66.7,0.1181,0.7818,ns
M7vsM8_raw_12m,equal_width,Relative Disturbance,WUE,High,9,0.01494,33.3,0.7232,0.7818,ns
M7vsM8_raw_12m,equal_width,Relative Disturbance,uWUE,High,9,0.01549,44.4,0.8284,0.8284,ns
M7vsM8_raw_12m,equal_width,Relative Disturbance,ETmax,Low,29,0.00015,48.3,0.6594,0.7818,ns
M7vsM8_raw_12m,equal_width,Relative Disturbance,GPPsat,Low,29,0.02205,48.3,0.3486,0.7818,ns
M7vsM8_raw_12m,equal_width,Relative Disturbance,NEPmax,Low,29,-0.02965,55.2,0.4144,0.7818,ns
M7vsM8_raw_12m,equal_width,Relative Disturbance,WUE,Low,29,0.00586,48.3,0.6905,0.7818,ns
M7vsM8_raw_12m,equal_width,Relative Disturbance,uWUE,Low,29,-0.00067,51.7,0.6353,0.7818,ns
M7vsM8_raw_12m,natural_breaks,Absolute Mortality,ETmax,High,14,0.00053,42.9,0.6698,0.7572,ns
M7vsM8_raw_12m,natural_breaks,Absolute Mortality,GPPsat,High,14,-0.07579,50,0.2449,0.7572,ns
M7vsM8_raw_12m,natural_breaks,Absolute Mortality,NEPmax,High,14,-0.00736,57.1,0.3302,0.7572,ns
M7vsM8_raw_12m,natural_breaks,Absolute Mortality,WUE,High,14,-0.00374,50,0.3078,0.7572,ns
M7vsM8_raw_12m,natural_breaks,Absolute Mortality,uWUE,High,14,-0.00631,64.3,0.2449,0.7572,ns
M7vsM8_raw_12m,natural_breaks,Absolute Mortality,ETmax,Mid,32,-0.00027,56.2,0.2027,0.7572,ns
M7vsM8_raw_12m,natural_breaks,Absolute Mortality,GPPsat,Mid,32,0.06006,40.6,0.6899,0.7572,ns
M7vsM8_raw_12m,natural_breaks,Absolute Mortality,NEPmax,Mid,32,-0.03505,53.1,0.2301,0.7572,ns
M7vsM8_raw_12m,natural_breaks,Absolute Mortality,WUE,Mid,32,-0.00155,50,0.6766,0.7572,ns
M7vsM8_raw_12m,natural_breaks,Absolute Mortality,uWUE,Mid,32,0.00399,43.8,0.792,0.8141,ns
M7vsM8_raw_12m,natural_breaks,Absolute Mortality,ETmax,Low,19,-0.00049,57.9,0.3662,0.7572,ns
M7vsM8_raw_12m,natural_breaks,Absolute Mortality,GPPsat,Low,19,-0.04459,57.9,0.1621,0.7572,ns
M7vsM8_raw_12m,natural_breaks,Absolute Mortality,NEPmax,Low,19,0.03629,47.4,0.5876,0.7572,ns
M7vsM8_raw_12m,natural_breaks,Absolute Mortality,WUE,Low,19,-0.00275,52.6,0.3814,0.7572,ns
M7vsM8_raw_12m,natural_breaks,Absolute Mortality,uWUE,Low,19,-0.00067,52.6,0.6489,0.7572,ns
M7vsM8_raw_12m,natural_breaks,Relative Mortality,ETmax,High,23,-0.00056,65.2,0.127,0.7572,ns
M7vsM8_raw_12m,natural_breaks,Relative Mortality,GPPsat,High,23,0.01908,47.8,0.3079,0.7572,ns
M7vsM8_raw_12m,natural_breaks,Relative Mortality,NEPmax,High,23,-0.01099,56.5,0.07427,0.7572,ns
M7vsM8_raw_12m,natural_breaks,Relative Mortality,WUE,High,23,0.00148,47.8,0.3633,0.7572,ns
M7vsM8_raw_12m,natural_breaks,Relative Mortality,uWUE,High,23,-0.00019,52.2,0.6593,0.7572,ns
M7vsM8_raw_12m,natural_breaks,Relative Mortality,ETmax,Mid,18,0.00061,38.9,0.796,0.8141,ns
M7vsM8_raw_12m,natural_breaks,Relative Mortality,GPPsat,Mid,18,0.08441,33.3,0.729,0.781,ns
M7vsM8_raw_12m,natural_breaks,Relative Mortality,NEPmax,Mid,18,0.18761,33.3,0.9363,0.9363,ns
M7vsM8_raw_12m,natural_breaks,Relative Mortality,WUE,Mid,18,0.00062,50,0.6198,0.7572,ns
M7vsM8_raw_12m,natural_breaks,Relative Mortality,uWUE,Mid,18,0.00042,44.4,0.4826,0.7572,ns
M7vsM8_raw_12m,natural_breaks,Relative Mortality,ETmax,Low,24,-0.00042,54.2,0.4041,0.7572,ns
M7vsM8_raw_12m,natural_breaks,Relative Mortality,GPPsat,Low,24,-0.05878,58.3,0.1552,0.7572,ns
M7vsM8_raw_12m,natural_breaks,Relative Mortality,NEPmax,Low,24,-0.0471,62.5,0.1179,0.7572,ns
M7vsM8_raw_12m,natural_breaks,Relative Mortality,WUE,Low,24,-0.00368,54.2,0.4829,0.7572,ns
M7vsM8_raw_12m,natural_breaks,Relative Mortality,uWUE,Low,24,-0.001,54.2,0.6607,0.7572,ns
M7vsM8_raw_12m,natural_breaks,Relative Disturbance,ETmax,High,22,-0.00063,63.6,0.1348,0.7572,ns
M7vsM8_raw_12m,natural_breaks,Relative Disturbance,GPPsat,High,22,-0.05802,50,0.3365,0.7572,ns
M7vsM8_raw_12m,natural_breaks,Relative Disturbance,NEPmax,High,22,0.01556,50,0.2375,0.7572,ns
M7vsM8_raw_12m,natural_breaks,Relative Disturbance,WUE,High,22,-0.00163,50,0.4355,0.7572,ns
M7vsM8_raw_12m,natural_breaks,Relative Disturbance,uWUE,High,22,0.00306,50,0.6516,0.7572,ns
M7vsM8_raw_12m,natural_breaks,Relative Disturbance,ETmax,Mid,20,-9e-05,50,0.552,0.7572,ns
M7vsM8_raw_12m,natural_breaks,Relative Disturbance,GPPsat,Mid,20,0.03062,40,0.4777,0.7572,ns
M7vsM8_raw_12m,natural_breaks,Relative Disturbance,NEPmax,Mid,20,0.02538,50,0.6245,0.7572,ns
M7vsM8_raw_12m,natural_breaks,Relative Disturbance,WUE,Mid,20,-0.00157,50,0.3897,0.7572,ns
M7vsM8_raw_12m,natural_breaks,Relative Disturbance,uWUE,Mid,20,0.00042,45,0.6103,0.7572,ns
M7vsM8_raw_12m,natural_breaks,Relative Disturbance,ETmax,Low,23,0.00015,47.8,0.5664,0.7572,ns
M7vsM8_raw_12m,natural_breaks,Relative Disturbance,GPPsat,Low,23,-0.02012,52.2,0.3519,0.7572,ns
M7vsM8_raw_12m,natural_breaks,Relative Disturbance,NEPmax,Low,23,-0.0368,56.5,0.2374,0.7572,ns
M7vsM8_raw_12m,natural_breaks,Relative Disturbance,WUE,Low,23,-0.00275,52.2,0.6137,0.7572,ns
M7vsM8_raw_12m,natural_breaks,Relative Disturbance,uWUE,Low,23,-0.00133,56.5,0.4818,0.7572,ns
M7vsM8_raw_24m,tertiles,Absolute Mortality,ETmax,High,22,-0.00045,54.5,0.1904,0.9,ns
M7vsM8_raw_24m,tertiles,Absolute Mortality,GPPsat,High,22,0.03546,45.5,0.4871,0.9,ns
M7vsM8_raw_24m,tertiles,Absolute Mortality,NEPmax,High,22,0.05875,45.5,0.4101,0.9,ns
M7vsM8_raw_24m,tertiles,Absolute Mortality,WUE,High,22,-0.01197,63.6,0.1904,0.9,ns
M7vsM8_raw_24m,tertiles,Absolute Mortality,uWUE,High,22,0.00613,45.5,0.7915,0.9133,ns
M7vsM8_raw_24m,tertiles,Absolute Mortality,ETmax,Mid,21,0.00045,42.9,0.9229,0.9659,ns
M7vsM8_raw_24m,tertiles,Absolute Mortality,GPPsat,Mid,21,-0.02614,57.1,0.7455,0.9067,ns
M7vsM8_raw_24m,tertiles,Absolute Mortality,NEPmax,Mid,21,0.00313,47.6,0.6228,0.9067,ns
M7vsM8_raw_24m,tertiles,Absolute Mortality,WUE,Mid,21,-0.00117,61.9,0.6743,0.9067,ns
M7vsM8_raw_24m,tertiles,Absolute Mortality,uWUE,Mid,21,0.00731,33.3,0.8348,0.9162,ns
M7vsM8_raw_24m,tertiles,Absolute Mortality,ETmax,Low,22,-0.00065,54.5,0.3851,0.9,ns
M7vsM8_raw_24m,tertiles,Absolute Mortality,GPPsat,Low,22,-0.08354,68.2,0.05958,0.9,ns
M7vsM8_raw_24m,tertiles,Absolute Mortality,NEPmax,Low,22,0.01618,36.4,0.6635,0.9067,ns
M7vsM8_raw_24m,tertiles,Absolute Mortality,WUE,Low,22,-0.00387,54.5,0.4228,0.9,ns
M7vsM8_raw_24m,tertiles,Absolute Mortality,uWUE,Low,22,0.0016,45.5,0.5,0.9,ns
M7vsM8_raw_24m,tertiles,Relative Mortality,ETmax,High,22,-0.00016,50,0.4741,0.9,ns
M7vsM8_raw_24m,tertiles,Relative Mortality,GPPsat,High,22,-0.04742,54.5,0.2795,0.9,ns
M7vsM8_raw_24m,tertiles,Relative Mortality,NEPmax,High,22,0.0777,45.5,0.4483,0.9,ns
M7vsM8_raw_24m,tertiles,Relative Mortality,WUE,High,22,-0.01093,59.1,0.2276,0.9,ns
M7vsM8_raw_24m,tertiles,Relative Mortality,uWUE,High,22,0.00613,45.5,0.7821,0.9133,ns
M7vsM8_raw_24m,tertiles,Relative Mortality,ETmax,Mid,21,-0.00026,57.1,0.3905,0.9,ns
M7vsM8_raw_24m,tertiles,Relative Mortality,GPPsat,Mid,21,-0.01557,52.4,0.6617,0.9067,ns
M7vsM8_raw_24m,tertiles,Relative Mortality,NEPmax,Mid,21,-0.06522,61.9,0.1406,0.9,ns
M7vsM8_raw_24m,tertiles,Relative Mortality,WUE,Mid,21,-0.00155,61.9,0.569,0.9067,ns
M7vsM8_raw_24m,tertiles,Relative Mortality,uWUE,Mid,21,0.00707,42.9,0.6743,0.9067,ns
M7vsM8_raw_24m,tertiles,Relative Mortality,ETmax,Low,22,0.00011,45.5,0.6273,0.9067,ns
M7vsM8_raw_24m,tertiles,Relative Mortality,GPPsat,Low,22,-0.06052,63.6,0.1993,0.9,ns
M7vsM8_raw_24m,tertiles,Relative Mortality,NEPmax,Low,22,0.12298,22.7,0.9779,0.9779,ns
M7vsM8_raw_24m,tertiles,Relative Mortality,WUE,Low,22,-0.00387,59.1,0.3017,0.9,ns
M7vsM8_raw_24m,tertiles,Relative Mortality,uWUE,Low,22,0.00366,36.4,0.7205,0.9067,ns
M7vsM8_raw_24m,tertiles,Relative Disturbance,ETmax,High,22,-0.00016,50,0.4741,0.9,ns
M7vsM8_raw_24m,tertiles,Relative Disturbance,GPPsat,High,22,0.01099,50,0.3975,0.9,ns
M7vsM8_raw_24m,tertiles,Relative Disturbance,NEPmax,High,22,0.03108,50,0.2905,0.9,ns
M7vsM8_raw_24m,tertiles,Relative Disturbance,WUE,High,22,-0.01093,59.1,0.2375,0.9,ns
M7vsM8_raw_24m,tertiles,Relative Disturbance,uWUE,High,22,0.00254,50,0.7313,0.9067,ns
M7vsM8_raw_24m,tertiles,Relative Disturbance,ETmax,Mid,21,-0.00027,61.9,0.1119,0.9,ns
M7vsM8_raw_24m,tertiles,Relative Disturbance,GPPsat,Mid,21,-0.04638,61.9,0.3257,0.9,ns
M7vsM8_raw_24m,tertiles,Relative Disturbance,NEPmax,Mid,21,-0.04114,52.4,0.3905,0.9,ns
M7vsM8_raw_24m,tertiles,Relative Disturbance,WUE,Mid,21,-0.00351,71.4,0.174,0.9,ns
M7vsM8_raw_24m,tertiles,Relative Disturbance,uWUE,Mid,21,0.00707,33.3,0.826,0.9162,ns
M7vsM8_raw_24m,tertiles,Relative Disturbance,ETmax,Low,22,0.00021,40.9,0.8721,0.9344,ns
M7vsM8_raw_24m,tertiles,Relative Disturbance,GPPsat,Low,22,-0.04002,59.1,0.4355,0.9,ns
M7vsM8_raw_24m,tertiles,Relative Disturbance,NEPmax,Low,22,0.10534,27.3,0.9511,0.9727,ns
M7vsM8_raw_24m,tertiles,Relative Disturbance,WUE,Low,22,-9e-04,50,0.7205,0.9067,ns
M7vsM8_raw_24m,tertiles,Relative Disturbance,uWUE,Low,22,0.0025,40.9,0.5259,0.9067,ns
M7vsM8_raw_24m,equal_width,Absolute Mortality,ETmax,Mid,21,-0.00045,57.1,0.133,0.8788,ns
M7vsM8_raw_24m,equal_width,Absolute Mortality,GPPsat,Mid,21,0.03013,47.6,0.3257,0.8788,ns
M7vsM8_raw_24m,equal_width,Absolute Mortality,NEPmax,Mid,21,-0.05632,52.4,0.1924,0.8788,ns
M7vsM8_raw_24m,equal_width,Absolute Mortality,WUE,Mid,21,-0.01434,66.7,0.07707,0.7757,ns
M7vsM8_raw_24m,equal_width,Absolute Mortality,uWUE,Mid,21,0.00686,42.9,0.7565,0.8788,ns
M7vsM8_raw_24m,equal_width,Absolute Mortality,ETmax,Low,41,0.00016,46.3,0.758,0.8788,ns
M7vsM8_raw_24m,equal_width,Absolute Mortality,GPPsat,Low,41,-0.05086,63.4,0.2756,0.8788,ns
M7vsM8_raw_24m,equal_width,Absolute Mortality,NEPmax,Low,41,0.01718,39,0.7777,0.8788,ns
M7vsM8_raw_24m,equal_width,Absolute Mortality,WUE,Low,41,-0.00199,58.5,0.5258,0.8788,ns
M7vsM8_raw_24m,equal_width,Absolute Mortality,uWUE,Low,41,0.00289,41.5,0.6416,0.8788,ns
M7vsM8_raw_24m,equal_width,Absolute Mortality,ETmax,High,3,-0.00045,66.7,,,""
M7vsM8_raw_24m,equal_width,Absolute Mortality,GPPsat,High,3,0.04079,33.3,,,""
M7vsM8_raw_24m,equal_width,Absolute Mortality,NEPmax,High,3,0.0813,33.3,,,""
M7vsM8_raw_24m,equal_width,Absolute Mortality,WUE,High,3,0.02573,33.3,,,""
M7vsM8_raw_24m,equal_width,Absolute Mortality,uWUE,High,3,0.00838,33.3,,,""
M7vsM8_raw_24m,equal_width,Relative Mortality,ETmax,Mid,26,-4e-04,61.5,0.067,0.7757,ns
M7vsM8_raw_24m,equal_width,Relative Mortality,GPPsat,Mid,26,-0.02726,53.8,0.4394,0.8788,ns
M7vsM8_raw_24m,equal_width,Relative Mortality,NEPmax,Mid,26,-0.01173,50,0.2882,0.8788,ns
M7vsM8_raw_24m,equal_width,Relative Mortality,WUE,Mid,26,-0.00655,65.4,0.1803,0.8788,ns
M7vsM8_raw_24m,equal_width,Relative Mortality,uWUE,Mid,26,0.0078,42.3,0.6853,0.8788,ns
M7vsM8_raw_24m,equal_width,Relative Mortality,ETmax,Low,32,0.00018,43.8,0.8369,0.8788,ns
M7vsM8_raw_24m,equal_width,Relative Mortality,GPPsat,Low,32,-0.03921,62.5,0.2906,0.8788,ns
M7vsM8_raw_24m,equal_width,Relative Mortality,NEPmax,Low,32,0.05734,34.4,0.8546,0.8788,ns
M7vsM8_raw_24m,equal_width,Relative Mortality,WUE,Low,32,-0.00177,56.2,0.5705,0.8788,ns
M7vsM8_raw_24m,equal_width,Relative Mortality,uWUE,Low,32,0.00378,37.5,0.8026,0.8788,ns
M7vsM8_raw_24m,equal_width,Relative Mortality,ETmax,High,7,9e-05,42.9,0.6001,0.8788,ns
M7vsM8_raw_24m,equal_width,Relative Mortality,GPPsat,High,7,0.03013,42.9,0.4663,0.8788,ns
M7vsM8_raw_24m,equal_width,Relative Mortality,NEPmax,High,7,-0.01194,57.1,0.4663,0.8788,ns
M7vsM8_raw_24m,equal_width,Relative Mortality,WUE,High,7,-0.00751,57.1,0.3999,0.8788,ns
M7vsM8_raw_24m,equal_width,Relative Mortality,uWUE,High,7,-0.00436,57.1,0.5337,0.8788,ns
M7vsM8_raw_24m,equal_width,Relative Disturbance,ETmax,Mid,27,-0.00034,59.3,0.03674,0.7757,ns
M7vsM8_raw_24m,equal_width,Relative Disturbance,GPPsat,Mid,27,-0.01557,55.6,0.5809,0.8788,ns
M7vsM8_raw_24m,equal_width,Relative Disturbance,NEPmax,Mid,27,0.0362,48.1,0.5526,0.8788,ns
M7vsM8_raw_24m,equal_width,Relative Disturbance,WUE,Mid,27,-0.00624,66.7,0.09934,0.7947,ns
M7vsM8_raw_24m,equal_width,Relative Disturbance,uWUE,Mid,27,0.0054,44.4,0.5239,0.8788,ns
M7vsM8_raw_24m,equal_width,Relative Disturbance,ETmax,High,9,0.00128,44.4,0.7232,0.8788,ns
M7vsM8_raw_24m,equal_width,Relative Disturbance,GPPsat,High,9,-0.0887,55.6,0.2035,0.8788,ns
M7vsM8_raw_24m,equal_width,Relative Disturbance,NEPmax,High,9,-0.15276,66.7,0.07757,0.7757,ns
M7vsM8_raw_24m,equal_width,Relative Disturbance,WUE,High,9,-0.00751,55.6,0.5936,0.8788,ns
M7vsM8_raw_24m,equal_width,Relative Disturbance,uWUE,High,9,0.00838,44.4,0.8568,0.8788,ns
M7vsM8_raw_24m,equal_width,Relative Disturbance,ETmax,Low,29,2e-04,44.8,0.8553,0.8788,ns
M7vsM8_raw_24m,equal_width,Relative Disturbance,GPPsat,Low,29,-0.02756,58.6,0.406,0.8788,ns
M7vsM8_raw_24m,equal_width,Relative Disturbance,NEPmax,Low,29,0.09749,31,0.9134,0.9134,ns
M7vsM8_raw_24m,equal_width,Relative Disturbance,WUE,Low,29,-0.00155,55.2,0.6514,0.8788,ns
M7vsM8_raw_24m,equal_width,Relative Disturbance,uWUE,Low,29,0.00467,37.9,0.7944,0.8788,ns
M7vsM8_raw_24m,natural_breaks,Absolute Mortality,ETmax,High,14,-0.00018,50,0.5,0.8333,ns
M7vsM8_raw_24m,natural_breaks,Absolute Mortality,GPPsat,High,14,-0.10463,57.1,0.2651,0.8333,ns
M7vsM8_raw_24m,natural_breaks,Absolute Mortality,NEPmax,High,14,0.03468,50,0.5,0.8333,ns
M7vsM8_raw_24m,natural_breaks,Absolute Mortality,WUE,High,14,-0.01913,64.3,0.1576,0.8333,ns
M7vsM8_raw_24m,natural_breaks,Absolute Mortality,uWUE,High,14,-0.00365,57.1,0.475,0.8333,ns
M7vsM8_raw_24m,natural_breaks,Absolute Mortality,ETmax,Mid,32,0.00012,46.9,0.6965,0.8995,ns
M7vsM8_raw_24m,natural_breaks,Absolute Mortality,GPPsat,Mid,32,0.02783,50,0.8275,0.9082,ns
M7vsM8_raw_24m,natural_breaks,Absolute Mortality,NEPmax,Mid,32,-0.01219,50,0.3931,0.8333,ns
M7vsM8_raw_24m,natural_breaks,Absolute Mortality,WUE,Mid,32,-0.00136,62.5,0.5335,0.8575,ns
M7vsM8_raw_24m,natural_breaks,Absolute Mortality,uWUE,Mid,32,0.00791,34.4,0.8932,0.9347,ns
M7vsM8_raw_24m,natural_breaks,Absolute Mortality,ETmax,Low,19,-8e-04,57.9,0.2798,0.8333,ns
M7vsM8_raw_24m,natural_breaks,Absolute Mortality,GPPsat,Low,19,-0.09852,68.4,0.04361,0.8333,ns
M7vsM8_raw_24m,natural_breaks,Absolute Mortality,NEPmax,Low,19,0.11318,26.3,0.8658,0.9276,ns
M7vsM8_raw_24m,natural_breaks,Absolute Mortality,WUE,Low,19,-0.00199,52.6,0.4599,0.8333,ns
M7vsM8_raw_24m,natural_breaks,Absolute Mortality,uWUE,Low,19,0.00467,42.1,0.6489,0.8995,ns
M7vsM8_raw_24m,natural_breaks,Relative Mortality,ETmax,High,23,-0.00034,52.2,0.4216,0.8333,ns
M7vsM8_raw_24m,natural_breaks,Relative Mortality,GPPsat,High,23,-0.0867,56.5,0.219,0.8333,ns
M7vsM8_raw_24m,natural_breaks,Relative Mortality,NEPmax,High,23,0.07411,47.8,0.3187,0.8333,ns
M7vsM8_raw_24m,natural_breaks,Relative Mortality,WUE,High,23,-0.01434,60.9,0.169,0.8333,ns
M7vsM8_raw_24m,natural_breaks,Relative Mortality,uWUE,High,23,0.0054,47.8,0.7234,0.8995,ns
M7vsM8_raw_24m,natural_breaks,Relative Mortality,ETmax,Mid,18,-0.00025,55.6,0.3969,0.8333,ns
M7vsM8_raw_24m,natural_breaks,Relative Mortality,GPPsat,Mid,18,0.04722,50,0.796,0.8995,ns
M7vsM8_raw_24m,natural_breaks,Relative Mortality,NEPmax,Mid,18,-0.0504,55.6,0.2856,0.8333,ns
M7vsM8_raw_24m,natural_breaks,Relative Mortality,WUE,Mid,18,-0.00253,66.7,0.4653,0.8333,ns
M7vsM8_raw_24m,natural_breaks,Relative Mortality,uWUE,Mid,18,0.0078,38.9,0.7705,0.8995,ns
M7vsM8_raw_24m,natural_breaks,Relative Mortality,ETmax,Low,24,0.00011,45.8,0.6915,0.8995,ns
M7vsM8_raw_24m,natural_breaks,Relative Mortality,GPPsat,Low,24,-0.06052,62.5,0.216,0.8333,ns
M7vsM8_raw_24m,natural_breaks,Relative Mortality,NEPmax,Low,24,0.10534,29.2,0.9332,0.9544,ns
M7vsM8_raw_24m,natural_breaks,Relative Mortality,WUE,Low,24,-0.00158,54.2,0.4715,0.8333,ns
M7vsM8_raw_24m,natural_breaks,Relative Mortality,uWUE,Low,24,0.00366,37.5,0.6501,0.8995,ns
M7vsM8_raw_24m,natural_breaks,Relative Disturbance,ETmax,High,22,-0.00016,50,0.4741,0.8333,ns
M7vsM8_raw_24m,natural_breaks,Relative Disturbance,GPPsat,High,22,0.01099,50,0.3975,0.8333,ns
M7vsM8_raw_24m,natural_breaks,Relative Disturbance,NEPmax,High,22,0.03108,50,0.2905,0.8333,ns
M7vsM8_raw_24m,natural_breaks,Relative Disturbance,WUE,High,22,-0.01093,59.1,0.2375,0.8333,ns
M7vsM8_raw_24m,natural_breaks,Relative Disturbance,uWUE,High,22,0.00254,50,0.7313,0.8995,ns
M7vsM8_raw_24m,natural_breaks,Relative Disturbance,ETmax,Mid,20,-0.00027,60,0.1706,0.8333,ns
M7vsM8_raw_24m,natural_breaks,Relative Disturbance,GPPsat,Mid,20,-0.04862,65,0.2941,0.8333,ns
M7vsM8_raw_24m,natural_breaks,Relative Disturbance,NEPmax,Mid,20,-0.0504,55,0.3338,0.8333,ns
M7vsM8_raw_24m,natural_breaks,Relative Disturbance,WUE,Mid,20,-0.00253,70,0.222,0.8333,ns
M7vsM8_raw_24m,natural_breaks,Relative Disturbance,uWUE,Mid,20,0.00719,35,0.7995,0.8995,ns
M7vsM8_raw_24m,natural_breaks,Relative Disturbance,ETmax,Low,23,2e-04,43.5,0.7985,0.8995,ns
M7vsM8_raw_24m,natural_breaks,Relative Disturbance,GPPsat,Low,23,-0.02756,56.5,0.4576,0.8333,ns
M7vsM8_raw_24m,natural_breaks,Relative Disturbance,NEPmax,Low,23,0.11318,26.1,0.9671,0.9671,ns
M7vsM8_raw_24m,natural_breaks,Relative Disturbance,WUE,Low,23,-0.00199,52.2,0.6253,0.8995,ns
M7vsM8_raw_24m,natural_breaks,Relative Disturbance,uWUE,Low,23,0.00265,39.1,0.5664,0.8789,ns
M7vsM8_anom_12m,tertiles,Absolute Mortality,ETmax,High,22,-0.00044,54.5,0.1817,0.5612,ns
M7vsM8_anom_12m,tertiles,Absolute Mortality,GPPsat,High,22,-0.21561,72.7,0.1571,0.5612,ns
M7vsM8_anom_12m,tertiles,Absolute Mortality,NEPmax,High,22,-0.19619,59.1,0.1571,0.5612,ns
M7vsM8_anom_12m,tertiles,Absolute Mortality,WUE,High,22,-0.01495,59.1,0.3975,0.7156,ns
M7vsM8_anom_12m,tertiles,Absolute Mortality,uWUE,High,22,-0.0063,54.5,0.6395,0.8106,ns
M7vsM8_anom_12m,tertiles,Absolute Mortality,ETmax,Mid,21,0.00151,38.1,0.9229,0.9439,ns
M7vsM8_anom_12m,tertiles,Absolute Mortality,GPPsat,Mid,21,-0.14588,61.9,0.1831,0.5612,ns
M7vsM8_anom_12m,tertiles,Absolute Mortality,NEPmax,Mid,21,0.00435,42.9,0.4585,0.7368,ns
M7vsM8_anom_12m,tertiles,Absolute Mortality,WUE,Mid,21,0.0144,38.1,0.6743,0.8106,ns
M7vsM8_anom_12m,tertiles,Absolute Mortality,uWUE,Mid,21,-0.01084,61.9,0.1652,0.5612,ns
M7vsM8_anom_12m,tertiles,Absolute Mortality,ETmax,Low,22,0.00014,50,0.5259,0.8008,ns
M7vsM8_anom_12m,tertiles,Absolute Mortality,GPPsat,Low,22,-0.10404,59.1,0.1279,0.5612,ns
M7vsM8_anom_12m,tertiles,Absolute Mortality,NEPmax,Low,22,-0.23258,59.1,0.08635,0.5612,ns
M7vsM8_anom_12m,tertiles,Absolute Mortality,WUE,Low,22,0.0056,45.5,0.6983,0.8106,ns
M7vsM8_anom_12m,tertiles,Absolute Mortality,uWUE,Low,22,-0.00767,50,0.4483,0.7368,ns
M7vsM8_anom_12m,tertiles,Relative Mortality,ETmax,High,22,-0.00068,54.5,0.1148,0.5612,ns
M7vsM8_anom_12m,tertiles,Relative Mortality,GPPsat,High,22,-0.265,72.7,0.1904,0.5612,ns
M7vsM8_anom_12m,tertiles,Relative Mortality,NEPmax,High,22,-0.08646,50,0.2276,0.569,ns
M7vsM8_anom_12m,tertiles,Relative Mortality,WUE,High,22,-0.01633,63.6,0.3247,0.6826,ns
M7vsM8_anom_12m,tertiles,Relative Mortality,uWUE,High,22,-0.00918,59.1,0.5899,0.8044,ns
M7vsM8_anom_12m,tertiles,Relative Mortality,ETmax,Mid,21,0.00121,38.1,0.9557,0.9557,ns
M7vsM8_anom_12m,tertiles,Relative Mortality,GPPsat,Mid,21,-0.10308,57.1,0.3641,0.6826,ns
M7vsM8_anom_12m,tertiles,Relative Mortality,NEPmax,Mid,21,-0.10892,52.4,0.5415,0.8008,ns
M7vsM8_anom_12m,tertiles,Relative Mortality,WUE,Mid,21,0.0144,33.3,0.6867,0.8106,ns
M7vsM8_anom_12m,tertiles,Relative Mortality,uWUE,Mid,21,-0.00275,52.4,0.3383,0.6826,ns
M7vsM8_anom_12m,tertiles,Relative Mortality,ETmax,Low,22,0.00014,50,0.5517,0.8008,ns
M7vsM8_anom_12m,tertiles,Relative Mortality,GPPsat,Low,22,-0.15662,63.6,0.04889,0.5612,ns
M7vsM8_anom_12m,tertiles,Relative Mortality,NEPmax,Low,22,-0.23258,59.1,0.05583,0.5612,ns
M7vsM8_anom_12m,tertiles,Relative Mortality,WUE,Low,22,0.01142,45.5,0.8007,0.8564,ns
M7vsM8_anom_12m,tertiles,Relative Mortality,uWUE,Low,22,-0.00879,54.5,0.3605,0.6826,ns
M7vsM8_anom_12m,tertiles,Relative Disturbance,ETmax,High,22,-0.00027,50,0.2085,0.5612,ns
M7vsM8_anom_12m,tertiles,Relative Disturbance,GPPsat,High,22,-0.24596,72.7,0.1993,0.5612,ns
M7vsM8_anom_12m,tertiles,Relative Disturbance,NEPmax,High,22,-0.05423,50,0.2581,0.6112,ns
M7vsM8_anom_12m,tertiles,Relative Disturbance,WUE,High,22,-0.01633,63.6,0.3131,0.6826,ns
M7vsM8_anom_12m,tertiles,Relative Disturbance,uWUE,High,22,-0.0063,54.5,0.7205,0.8106,ns
M7vsM8_anom_12m,tertiles,Relative Disturbance,ETmax,Mid,21,0.00036,47.6,0.7109,0.8106,ns
M7vsM8_anom_12m,tertiles,Relative Disturbance,GPPsat,Mid,21,-0.12269,57.1,0.212,0.5612,ns
M7vsM8_anom_12m,tertiles,Relative Disturbance,NEPmax,Mid,21,-0.219,52.4,0.4174,0.7224,ns
M7vsM8_anom_12m,tertiles,Relative Disturbance,WUE,Mid,21,0.01456,38.1,0.6095,0.8067,ns
M7vsM8_anom_12m,tertiles,Relative Disturbance,uWUE,Mid,21,-0.01084,61.9,0.0589,0.5612,ns
M7vsM8_anom_12m,tertiles,Relative Disturbance,ETmax,Low,22,0.00193,45.5,0.8183,0.8564,ns
M7vsM8_anom_12m,tertiles,Relative Disturbance,GPPsat,Low,22,-0.15662,63.6,0.1087,0.5612,ns
M7vsM8_anom_12m,tertiles,Relative Disturbance,NEPmax,Low,22,-0.33638,59.1,0.08135,0.5612,ns
M7vsM8_anom_12m,tertiles,Relative Disturbance,WUE,Low,22,0.00967,40.9,0.7821,0.8564,ns
M7vsM8_anom_12m,tertiles,Relative Disturbance,uWUE,Low,22,-0.00671,50,0.5772,0.8044,ns
M7vsM8_anom_12m,equal_width,Absolute Mortality,ETmax,Mid,21,-0.00032,52.4,0.1567,0.5272,ns
M7vsM8_anom_12m,equal_width,Absolute Mortality,GPPsat,Mid,21,-0.27077,76.2,0.06751,0.4501,ns
M7vsM8_anom_12m,equal_width,Absolute Mortality,NEPmax,Mid,21,-0.28328,66.7,0.0589,0.4501,ns
M7vsM8_anom_12m,equal_width,Absolute Mortality,WUE,Mid,21,-0.01588,57.1,0.4585,0.7053,ns
M7vsM8_anom_12m,equal_width,Absolute Mortality,uWUE,Mid,21,-0.00852,57.1,0.5826,0.7915,ns
M7vsM8_anom_12m,equal_width,Absolute Mortality,ETmax,Low,41,0.00071,43.9,0.8808,0.9246,ns
M7vsM8_anom_12m,equal_width,Absolute Mortality,GPPsat,Low,41,-0.12269,58.5,0.1116,0.5272,ns
M7vsM8_anom_12m,equal_width,Absolute Mortality,NEPmax,Low,41,0.00238,48.8,0.2109,0.5272,ns
M7vsM8_anom_12m,equal_width,Absolute Mortality,WUE,Low,41,0.01132,41.5,0.733,0.8885,ns
M7vsM8_anom_12m,equal_width,Absolute Mortality,uWUE,Low,41,-0.01084,56.1,0.1998,0.5272,ns
M7vsM8_anom_12m,equal_width,Absolute Mortality,ETmax,High,3,-0.00056,66.7,,,""
M7vsM8_anom_12m,equal_width,Absolute Mortality,GPPsat,High,3,-0.19853,66.7,,,""
M7vsM8_anom_12m,equal_width,Absolute Mortality,NEPmax,High,3,0.43505,33.3,,,""
M7vsM8_anom_12m,equal_width,Absolute Mortality,WUE,High,3,-0.01402,66.7,,,""
M7vsM8_anom_12m,equal_width,Absolute Mortality,uWUE,High,3,0.033,33.3,,,""
M7vsM8_anom_12m,equal_width,Relative Mortality,ETmax,Mid,26,0.00015,46.2,0.2796,0.6212,ns
M7vsM8_anom_12m,equal_width,Relative Mortality,GPPsat,Mid,26,-0.265,73.1,0.02379,0.4501,ns
M7vsM8_anom_12m,equal_width,Relative Mortality,NEPmax,Mid,26,-0.25114,61.5,0.03567,0.4501,ns
M7vsM8_anom_12m,equal_width,Relative Mortality,WUE,Mid,26,-0.01633,57.7,0.3422,0.6504,ns
M7vsM8_anom_12m,equal_width,Relative Mortality,uWUE,Mid,26,-0.00968,57.7,0.2385,0.5612,ns
M7vsM8_anom_12m,equal_width,Relative Mortality,ETmax,Low,32,0.0011,46.9,0.8503,0.9246,ns
M7vsM8_anom_12m,equal_width,Relative Mortality,GPPsat,Low,32,-0.13429,62.5,0.06376,0.4501,ns
M7vsM8_anom_12m,equal_width,Relative Mortality,NEPmax,Low,32,-0.15569,53.1,0.1822,0.5272,ns
M7vsM8_anom_12m,equal_width,Relative Mortality,WUE,Low,32,0.01296,34.4,0.9063,0.9246,ns
M7vsM8_anom_12m,equal_width,Relative Mortality,uWUE,Low,32,-0.00969,56.2,0.3577,0.6504,ns
M7vsM8_anom_12m,equal_width,Relative Mortality,ETmax,High,7,-0.00056,57.1,0.5337,0.7624,ns
M7vsM8_anom_12m,equal_width,Relative Mortality,GPPsat,High,7,0.48389,42.9,0.9246,0.9246,ns
M7vsM8_anom_12m,equal_width,Relative Mortality,NEPmax,High,7,0.75171,28.6,0.6637,0.8296,ns
M7vsM8_anom_12m,equal_width,Relative Mortality,WUE,High,7,-0.0172,71.4,0.3363,0.6504,ns
M7vsM8_anom_12m,equal_width,Relative Mortality,uWUE,High,7,0.033,42.9,0.8976,0.9246,ns
M7vsM8_anom_12m,equal_width,Relative Disturbance,ETmax,Mid,27,0.00027,44.4,0.4856,0.7194,ns
M7vsM8_anom_12m,equal_width,Relative Disturbance,GPPsat,Mid,27,-0.18247,74.1,0.03674,0.4501,ns
M7vsM8_anom_12m,equal_width,Relative Disturbance,NEPmax,Mid,27,-0.17338,55.6,0.1775,0.5272,ns
M7vsM8_anom_12m,equal_width,Relative Disturbance,WUE,Mid,27,-0.01053,51.9,0.4474,0.7053,ns
M7vsM8_anom_12m,equal_width,Relative Disturbance,uWUE,Mid,27,-0.00408,51.9,0.4004,0.6773,ns
M7vsM8_anom_12m,equal_width,Relative Disturbance,ETmax,High,9,-0.00081,66.7,0.1432,0.5272,ns
M7vsM8_anom_12m,equal_width,Relative Disturbance,GPPsat,High,9,-0.19853,55.6,0.5936,0.7915,ns
M7vsM8_anom_12m,equal_width,Relative Disturbance,NEPmax,High,9,-0.92315,55.6,0.2035,0.5272,ns
M7vsM8_anom_12m,equal_width,Relative Disturbance,WUE,High,9,-0.01678,66.7,0.4064,0.6773,ns
M7vsM8_anom_12m,equal_width,Relative Disturbance,uWUE,High,9,-0.00984,55.6,0.6389,0.8243,ns
M7vsM8_anom_12m,equal_width,Relative Disturbance,ETmax,Low,29,0.00183,44.8,0.8741,0.9246,ns
M7vsM8_anom_12m,equal_width,Relative Disturbance,GPPsat,Low,29,-0.11702,58.6,0.113,0.5272,ns
M7vsM8_anom_12m,equal_width,Relative Disturbance,NEPmax,Low,29,-0.11167,51.7,0.1877,0.5272,ns
M7vsM8_anom_12m,equal_width,Relative Disturbance,WUE,Low,29,0.01132,37.9,0.7944,0.9246,ns
M7vsM8_anom_12m,equal_width,Relative Disturbance,uWUE,Low,29,-0.01663,58.6,0.3566,0.6504,ns
M7vsM8_anom_12m,natural_breaks,Absolute Mortality,ETmax,High,14,-0.00068,57.1,0.1732,0.5519,ns
M7vsM8_anom_12m,natural_breaks,Absolute Mortality,GPPsat,High,14,-0.26156,64.3,0.4253,0.7361,ns
M7vsM8_anom_12m,natural_breaks,Absolute Mortality,NEPmax,High,14,-0.45719,57.1,0.1732,0.5519,ns
M7vsM8_anom_12m,natural_breaks,Absolute Mortality,WUE,High,14,-0.01495,57.1,0.525,0.8052,ns
M7vsM8_anom_12m,natural_breaks,Absolute Mortality,uWUE,High,14,-0.00696,57.1,0.6698,0.8052,ns
M7vsM8_anom_12m,natural_breaks,Absolute Mortality,ETmax,Mid,32,0.00094,40.6,0.9094,0.9301,ns
M7vsM8_anom_12m,natural_breaks,Absolute Mortality,GPPsat,Mid,32,-0.16445,71.9,0.03414,0.5519,ns
M7vsM8_anom_12m,natural_breaks,Absolute Mortality,NEPmax,Mid,32,-0.05327,50,0.2842,0.6395,ns
M7vsM8_anom_12m,natural_breaks,Absolute Mortality,WUE,Mid,32,0.00978,46.9,0.5484,0.8052,ns
M7vsM8_anom_12m,natural_breaks,Absolute Mortality,uWUE,Mid,32,-0.00563,56.2,0.3035,0.6405,ns
M7vsM8_anom_12m,natural_breaks,Absolute Mortality,ETmax,Low,19,-9e-05,52.6,0.4759,0.7649,ns
M7vsM8_anom_12m,natural_breaks,Absolute Mortality,GPPsat,Low,19,-0.00017,52.6,0.3511,0.6506,ns
M7vsM8_anom_12m,natural_breaks,Absolute Mortality,NEPmax,Low,19,-0.1997,57.9,0.1621,0.5519,ns
M7vsM8_anom_12m,natural_breaks,Absolute Mortality,WUE,Low,19,0.00632,42.1,0.7336,0.8052,ns
M7vsM8_anom_12m,natural_breaks,Absolute Mortality,uWUE,Low,19,-0.01663,52.6,0.3363,0.6506,ns
M7vsM8_anom_12m,natural_breaks,Relative Mortality,ETmax,High,23,-0.00056,52.2,0.1335,0.5519,ns
M7vsM8_anom_12m,natural_breaks,Relative Mortality,GPPsat,High,23,-0.27077,73.9,0.147,0.5519,ns
M7vsM8_anom_12m,natural_breaks,Relative Mortality,NEPmax,High,23,-0.17338,52.2,0.1848,0.5519,ns
M7vsM8_anom_12m,natural_breaks,Relative Mortality,WUE,High,23,-0.01678,65.2,0.2566,0.6112,ns
M7vsM8_anom_12m,natural_breaks,Relative Mortality,uWUE,High,23,-0.00852,56.5,0.5664,0.8052,ns
M7vsM8_anom_12m,natural_breaks,Relative Mortality,ETmax,Mid,18,0.00124,38.9,0.9629,0.9629,ns
M7vsM8_anom_12m,natural_breaks,Relative Mortality,GPPsat,Mid,18,-0.11288,61.1,0.204,0.5519,ns
M7vsM8_anom_12m,natural_breaks,Relative Mortality,NEPmax,Mid,18,-0.16396,55.6,0.448,0.7467,ns
M7vsM8_anom_12m,natural_breaks,Relative Mortality,WUE,Mid,18,0.01513,33.3,0.7144,0.8052,ns
M7vsM8_anom_12m,natural_breaks,Relative Mortality,uWUE,Mid,18,-0.01905,61.1,0.1033,0.5519,ns
M7vsM8_anom_12m,natural_breaks,Relative Mortality,ETmax,Low,24,0.00014,50,0.607,0.8052,ns
M7vsM8_anom_12m,natural_breaks,Relative Mortality,GPPsat,Low,24,-0.06444,58.3,0.1766,0.5519,ns
M7vsM8_anom_12m,natural_breaks,Relative Mortality,NEPmax,Low,24,-0.15569,54.2,0.1552,0.5519,ns
M7vsM8_anom_12m,natural_breaks,Relative Mortality,WUE,Low,24,0.00967,41.7,0.8003,0.8575,ns
M7vsM8_anom_12m,natural_breaks,Relative Mortality,uWUE,Low,24,0.00113,50,0.5848,0.8052,ns
M7vsM8_anom_12m,natural_breaks,Relative Disturbance,ETmax,High,22,-0.00027,50,0.2085,0.5519,ns
M7vsM8_anom_12m,natural_breaks,Relative Disturbance,GPPsat,High,22,-0.24596,72.7,0.1993,0.5519,ns
M7vsM8_anom_12m,natural_breaks,Relative Disturbance,NEPmax,High,22,-0.05423,50,0.2581,0.6112,ns
M7vsM8_anom_12m,natural_breaks,Relative Disturbance,WUE,High,22,-0.01633,63.6,0.3131,0.6405,ns
M7vsM8_anom_12m,natural_breaks,Relative Disturbance,uWUE,High,22,-0.0063,54.5,0.7205,0.8052,ns
M7vsM8_anom_12m,natural_breaks,Relative Disturbance,ETmax,Mid,20,0.00019,50,0.7059,0.8052,ns
M7vsM8_anom_12m,natural_breaks,Relative Disturbance,GPPsat,Mid,20,-0.13429,60,0.1613,0.5519,ns
M7vsM8_anom_12m,natural_breaks,Relative Disturbance,NEPmax,Mid,20,-0.2205,55,0.3614,0.6506,ns
M7vsM8_anom_12m,natural_breaks,Relative Disturbance,WUE,Mid,20,0.01513,35,0.6929,0.8052,ns
M7vsM8_anom_12m,natural_breaks,Relative Disturbance,uWUE,Mid,20,-0.01905,65,0.0323,0.5519,ns
M7vsM8_anom_12m,natural_breaks,Relative Disturbance,ETmax,Low,23,0.00183,43.5,0.8232,0.8615,ns
M7vsM8_anom_12m,natural_breaks,Relative Disturbance,GPPsat,Low,23,-0.11702,60.9,0.1401,0.5519,ns
M7vsM8_anom_12m,natural_breaks,Relative Disturbance,NEPmax,Low,23,-0.1997,56.5,0.09807,0.5519,ns
M7vsM8_anom_12m,natural_breaks,Relative Disturbance,WUE,Low,23,0.00803,43.5,0.7132,0.8052,ns
M7vsM8_anom_12m,natural_breaks,Relative Disturbance,uWUE,Low,23,0.00321,47.8,0.6481,0.8052,ns
M7vsM8_anom_24m,tertiles,Absolute Mortality,ETmax,High,22,0.00022,36.4,0.7419,0.806,ns
M7vsM8_anom_24m,tertiles,Absolute Mortality,GPPsat,High,22,-0.36224,68.2,0.07201,0.3601,ns
M7vsM8_anom_24m,tertiles,Absolute Mortality,NEPmax,High,22,-0.48882,68.2,0.01254,0.1666,ns
M7vsM8_anom_24m,tertiles,Absolute Mortality,WUE,High,22,0.00217,50,0.6395,0.806,ns
M7vsM8_anom_24m,tertiles,Absolute Mortality,uWUE,High,22,-0.00555,50,0.6395,0.806,ns
M7vsM8_anom_24m,tertiles,Absolute Mortality,ETmax,Mid,21,0.00023,47.6,0.7227,0.806,ns
M7vsM8_anom_24m,tertiles,Absolute Mortality,GPPsat,Mid,21,-0.14189,66.7,0.1567,0.5038,ns
M7vsM8_anom_24m,tertiles,Absolute Mortality,NEPmax,Mid,21,0.03128,47.6,0.5139,0.806,ns
M7vsM8_anom_24m,tertiles,Absolute Mortality,WUE,Mid,21,0.00133,42.9,0.5961,0.806,ns
M7vsM8_anom_24m,tertiles,Absolute Mortality,uWUE,Mid,21,-0.00464,52.4,0.2021,0.5684,ns
M7vsM8_anom_24m,tertiles,Absolute Mortality,ETmax,Low,22,6e-05,45.5,0.5388,0.806,ns
M7vsM8_anom_24m,tertiles,Absolute Mortality,GPPsat,Low,22,-0.18127,63.6,0.1148,0.4351,ns
M7vsM8_anom_24m,tertiles,Absolute Mortality,NEPmax,Low,22,-0.4298,72.7,0.01254,0.1666,ns
M7vsM8_anom_24m,tertiles,Absolute Mortality,WUE,Low,22,0.00164,45.5,0.5,0.806,ns
M7vsM8_anom_24m,tertiles,Absolute Mortality,uWUE,Low,22,0.00442,40.9,0.7523,0.806,ns
M7vsM8_anom_24m,tertiles,Relative Mortality,ETmax,High,22,0.00022,36.4,0.7205,0.806,ns
M7vsM8_anom_24m,tertiles,Relative Mortality,GPPsat,High,22,-0.36224,72.7,0.07201,0.3601,ns
M7vsM8_anom_24m,tertiles,Relative Mortality,NEPmax,High,22,-0.44742,68.2,0.02772,0.2494,ns
M7vsM8_anom_24m,tertiles,Relative Mortality,WUE,High,22,0.00217,50,0.5772,0.806,ns
M7vsM8_anom_24m,tertiles,Relative Mortality,uWUE,High,22,-0.00555,50,0.4741,0.806,ns
M7vsM8_anom_24m,tertiles,Relative Mortality,ETmax,Mid,21,-0.00034,52.4,0.6867,0.806,ns
M7vsM8_anom_24m,tertiles,Relative Mortality,GPPsat,Mid,21,-0.14705,61.9,0.3133,0.7714,ns
M7vsM8_anom_24m,tertiles,Relative Mortality,NEPmax,Mid,21,0.03128,47.6,0.4585,0.806,ns
M7vsM8_anom_24m,tertiles,Relative Mortality,WUE,Mid,21,0.00033,47.6,0.4447,0.806,ns
M7vsM8_anom_24m,tertiles,Relative Mortality,uWUE,Mid,21,-0.00672,52.4,0.3772,0.806,ns
M7vsM8_anom_24m,tertiles,Relative Mortality,ETmax,Low,22,0.00017,40.9,0.6025,0.806,ns
M7vsM8_anom_24m,tertiles,Relative Mortality,GPPsat,Low,22,-0.15292,63.6,0.06766,0.3601,ns
M7vsM8_anom_24m,tertiles,Relative Mortality,NEPmax,Low,22,-0.4298,72.7,0.01153,0.1666,ns
M7vsM8_anom_24m,tertiles,Relative Mortality,WUE,Low,22,0.00463,40.9,0.7095,0.806,ns
M7vsM8_anom_24m,tertiles,Relative Mortality,uWUE,Low,22,0.00384,40.9,0.7095,0.806,ns
M7vsM8_anom_24m,tertiles,Relative Disturbance,ETmax,High,22,0.00022,36.4,0.7724,0.8083,ns
M7vsM8_anom_24m,tertiles,Relative Disturbance,GPPsat,High,22,-0.3163,72.7,0.08135,0.3661,ns
M7vsM8_anom_24m,tertiles,Relative Disturbance,NEPmax,High,22,-0.34329,63.6,0.04889,0.3601,ns
M7vsM8_anom_24m,tertiles,Relative Disturbance,WUE,High,22,0.00217,50,0.5259,0.806,ns
M7vsM8_anom_24m,tertiles,Relative Disturbance,uWUE,High,22,0.0055,45.5,0.5388,0.806,ns
M7vsM8_anom_24m,tertiles,Relative Disturbance,ETmax,Mid,21,-0.00042,57.1,0.3133,0.7714,ns
M7vsM8_anom_24m,tertiles,Relative Disturbance,GPPsat,Mid,21,-0.14705,61.9,0.1257,0.4351,ns
M7vsM8_anom_24m,tertiles,Relative Disturbance,NEPmax,Mid,21,-0.39644,52.4,0.3641,0.806,ns
M7vsM8_anom_24m,tertiles,Relative Disturbance,WUE,Mid,21,0.00033,47.6,0.3257,0.7714,ns
M7vsM8_anom_24m,tertiles,Relative Disturbance,uWUE,Mid,21,-0.00803,61.9,0.1187,0.4351,ns
M7vsM8_anom_24m,tertiles,Relative Disturbance,ETmax,Low,22,0.00085,36.4,0.7419,0.806,ns
M7vsM8_anom_24m,tertiles,Relative Disturbance,GPPsat,Low,22,-0.15292,63.6,0.1993,0.5684,ns
M7vsM8_anom_24m,tertiles,Relative Disturbance,NEPmax,Low,22,-0.4298,72.7,0.01481,0.1666,ns
M7vsM8_anom_24m,tertiles,Relative Disturbance,WUE,Low,22,0.00776,40.9,0.8183,0.8369,ns
M7vsM8_anom_24m,tertiles,Relative Disturbance,uWUE,Low,22,0.00442,36.4,0.8429,0.8429,ns
M7vsM8_anom_24m,equal_width,Absolute Mortality,ETmax,Mid,21,2e-05,47.6,0.2773,0.7395,ns
M7vsM8_anom_24m,equal_width,Absolute Mortality,GPPsat,Mid,21,-0.3675,71.4,0.03273,0.2854,ns
M7vsM8_anom_24m,equal_width,Absolute Mortality,NEPmax,Mid,21,-0.54652,76.2,0.003722,0.1489,ns
M7vsM8_anom_24m,equal_width,Absolute Mortality,WUE,Mid,21,-0.00058,52.4,0.5415,0.8023,ns
M7vsM8_anom_24m,equal_width,Absolute Mortality,uWUE,Mid,21,0.00034,47.6,0.5415,0.8023,ns
M7vsM8_anom_24m,equal_width,Absolute Mortality,ETmax,Low,41,0.00023,43.9,0.8038,0.8496,ns
M7vsM8_anom_24m,equal_width,Absolute Mortality,GPPsat,Low,41,-0.14705,63.4,0.1192,0.4236,ns
M7vsM8_anom_24m,equal_width,Absolute Mortality,NEPmax,Low,41,-0.27333,58.5,0.1271,0.4236,ns
M7vsM8_anom_24m,equal_width,Absolute Mortality,WUE,Low,41,0.00116,46.3,0.5103,0.8023,ns
M7vsM8_anom_24m,equal_width,Absolute Mortality,uWUE,Low,41,0.00342,46.3,0.4845,0.8023,ns
M7vsM8_anom_24m,equal_width,Absolute Mortality,ETmax,High,3,0.00313,0,,,""
M7vsM8_anom_24m,equal_width,Absolute Mortality,GPPsat,High,3,-0.22784,66.7,,,""
M7vsM8_anom_24m,equal_width,Absolute Mortality,NEPmax,High,3,0.06522,33.3,,,""
M7vsM8_anom_24m,equal_width,Absolute Mortality,WUE,High,3,0.01657,0,,,""
M7vsM8_anom_24m,equal_width,Absolute Mortality,uWUE,High,3,-0.03826,66.7,,,""
M7vsM8_anom_24m,equal_width,Relative Mortality,ETmax,Mid,26,-3e-05,50,0.39,0.8023,ns
M7vsM8_anom_24m,equal_width,Relative Mortality,GPPsat,Mid,26,-0.23547,73.1,0.03567,0.2854,ns
M7vsM8_anom_24m,equal_width,Relative Mortality,NEPmax,Mid,26,-0.45111,69.2,0.03009,0.2854,ns
M7vsM8_anom_24m,equal_width,Relative Mortality,WUE,Mid,26,-0.00064,50,0.4195,0.8023,ns
M7vsM8_anom_24m,equal_width,Relative Mortality,uWUE,Mid,26,-0.01256,57.7,0.1939,0.5541,ns
M7vsM8_anom_24m,equal_width,Relative Mortality,ETmax,Low,32,6e-05,46.9,0.6069,0.8282,ns
M7vsM8_anom_24m,equal_width,Relative Mortality,GPPsat,Low,32,-0.17793,65.6,0.0818,0.3272,ns
M7vsM8_anom_24m,equal_width,Relative Mortality,NEPmax,Low,32,-0.3321,62.5,0.04711,0.3141,ns
M7vsM8_anom_24m,equal_width,Relative Mortality,WUE,Low,32,0.00463,43.8,0.6212,0.8282,ns
M7vsM8_anom_24m,equal_width,Relative Mortality,uWUE,Low,32,0.00442,40.6,0.7345,0.8496,ns
M7vsM8_anom_24m,equal_width,Relative Mortality,ETmax,High,7,0.00216,0,0.9929,0.9929,ns
M7vsM8_anom_24m,equal_width,Relative Mortality,GPPsat,High,7,0.23692,42.9,0.7766,0.8496,ns
M7vsM8_anom_24m,equal_width,Relative Mortality,NEPmax,High,7,0.06522,42.9,0.3999,0.8023,ns
M7vsM8_anom_24m,equal_width,Relative Mortality,WUE,High,7,0.01139,42.9,0.8237,0.8496,ns
M7vsM8_anom_24m,equal_width,Relative Mortality,uWUE,High,7,0.01936,42.9,0.7766,0.8496,ns
M7vsM8_anom_24m,equal_width,Relative Disturbance,ETmax,Mid,27,0.00018,44.4,0.5048,0.8023,ns
M7vsM8_anom_24m,equal_width,Relative Disturbance,GPPsat,Mid,27,-0.19533,74.1,0.02656,0.2854,ns
M7vsM8_anom_24m,equal_width,Relative Disturbance,NEPmax,Mid,27,-0.43112,63,0.06062,0.3272,ns
M7vsM8_anom_24m,equal_width,Relative Disturbance,WUE,Mid,27,0.00033,48.1,0.438,0.8023,ns
M7vsM8_anom_24m,equal_width,Relative Disturbance,uWUE,Mid,27,0.00034,48.1,0.4952,0.8023,ns
M7vsM8_anom_24m,equal_width,Relative Disturbance,ETmax,High,9,0.00025,33.3,0.8284,0.8496,ns
M7vsM8_anom_24m,equal_width,Relative Disturbance,GPPsat,High,9,-0.22784,55.6,0.4528,0.8023,ns
M7vsM8_anom_24m,equal_width,Relative Disturbance,NEPmax,High,9,-0.54652,66.7,0.07757,0.3272,ns
M7vsM8_anom_24m,equal_width,Relative Disturbance,WUE,High,9,0.01139,44.4,0.7232,0.8496,ns
M7vsM8_anom_24m,equal_width,Relative Disturbance,uWUE,High,9,-0.03826,55.6,0.4064,0.8023,ns
M7vsM8_anom_24m,equal_width,Relative Disturbance,ETmax,Low,29,1e-04,44.8,0.7203,0.8496,ns
M7vsM8_anom_24m,equal_width,Relative Disturbance,GPPsat,Low,29,-0.16396,62.1,0.1447,0.4452,ns
M7vsM8_anom_24m,equal_width,Relative Disturbance,NEPmax,Low,29,-0.27333,62.1,0.07994,0.3272,ns
M7vsM8_anom_24m,equal_width,Relative Disturbance,WUE,Low,29,0.00714,44.8,0.6514,0.8406,ns
M7vsM8_anom_24m,equal_width,Relative Disturbance,uWUE,Low,29,0.00342,44.8,0.6107,0.8282,ns
M7vsM8_anom_24m,natural_breaks,Absolute Mortality,ETmax,High,14,0.00042,28.6,0.7744,0.8297,ns
M7vsM8_anom_24m,natural_breaks,Absolute Mortality,GPPsat,High,14,-0.50741,64.3,0.1429,0.4948,ns
M7vsM8_anom_24m,natural_breaks,Absolute Mortality,NEPmax,High,14,-0.69792,71.4,0.014,0.2791,ns
M7vsM8_anom_24m,natural_breaks,Absolute Mortality,WUE,High,14,0.01398,42.9,0.8571,0.8665,ns
M7vsM8_anom_24m,natural_breaks,Absolute Mortality,uWUE,High,14,0.00396,50,0.6698,0.8297,ns
M7vsM8_anom_24m,natural_breaks,Absolute Mortality,ETmax,Mid,32,0.00015,46.9,0.7642,0.8297,ns
M7vsM8_anom_24m,natural_breaks,Absolute Mortality,GPPsat,Mid,32,-0.17761,71.9,0.0314,0.2916,ns
M7vsM8_anom_24m,natural_breaks,Absolute Mortality,NEPmax,Mid,32,-0.11286,56.2,0.2358,0.6643,ns
M7vsM8_anom_24m,natural_breaks,Absolute Mortality,WUE,Mid,32,-0.00041,50,0.4076,0.7392,ns
M7vsM8_anom_24m,natural_breaks,Absolute Mortality,uWUE,Mid,32,-0.00215,50,0.3507,0.7392,ns
M7vsM8_anom_24m,natural_breaks,Absolute Mortality,ETmax,Low,19,2e-05,47.4,0.4599,0.7392,ns
M7vsM8_anom_24m,natural_breaks,Absolute Mortality,GPPsat,Low,19,-0.09742,57.9,0.3218,0.7392,ns
M7vsM8_anom_24m,natural_breaks,Absolute Mortality,NEPmax,Low,19,-0.39086,68.4,0.03355,0.2916,ns
M7vsM8_anom_24m,natural_breaks,Absolute Mortality,WUE,Low,19,0.00211,42.1,0.4599,0.7392,ns
M7vsM8_anom_24m,natural_breaks,Absolute Mortality,uWUE,Low,19,0.00425,42.1,0.6032,0.8277,ns
M7vsM8_anom_24m,natural_breaks,Relative Mortality,ETmax,High,23,0.00023,34.8,0.7531,0.8297,ns
M7vsM8_anom_24m,natural_breaks,Relative Mortality,GPPsat,High,23,-0.3675,73.9,0.05185,0.2916,ns
M7vsM8_anom_24m,natural_breaks,Relative Mortality,NEPmax,High,23,-0.46371,69.6,0.01861,0.2791,ns
M7vsM8_anom_24m,natural_breaks,Relative Mortality,WUE,High,23,-0.00058,52.2,0.4576,0.7392,ns
M7vsM8_anom_24m,natural_breaks,Relative Mortality,uWUE,High,23,-0.00672,52.2,0.4576,0.7392,ns
M7vsM8_anom_24m,natural_breaks,Relative Mortality,ETmax,Mid,18,-0.00038,55.6,0.6525,0.8297,ns
M7vsM8_anom_24m,natural_breaks,Relative Mortality,GPPsat,Mid,18,-0.16947,66.7,0.1288,0.4828,ns
M7vsM8_anom_24m,natural_breaks,Relative Mortality,NEPmax,Mid,18,-0.18258,50,0.3802,0.7392,ns
M7vsM8_anom_24m,natural_breaks,Relative Mortality,WUE,Mid,18,0.00083,44.4,0.5174,0.7821,ns
M7vsM8_anom_24m,natural_breaks,Relative Mortality,uWUE,Mid,18,-0.01086,55.6,0.243,0.6643,ns
M7vsM8_anom_24m,natural_breaks,Relative Mortality,ETmax,Low,24,0.00017,41.7,0.607,0.8277,ns
M7vsM8_anom_24m,natural_breaks,Relative Mortality,GPPsat,Low,24,-0.11965,58.3,0.251,0.6643,ns
M7vsM8_anom_24m,natural_breaks,Relative Mortality,NEPmax,Low,24,-0.3321,66.7,0.04194,0.2916,ns
M7vsM8_anom_24m,natural_breaks,Relative Mortality,WUE,Low,24,0.00463,41.7,0.7113,0.8297,ns
M7vsM8_anom_24m,natural_breaks,Relative Mortality,uWUE,Low,24,0.00442,37.5,0.8082,0.8458,ns
M7vsM8_anom_24m,natural_breaks,Relative Disturbance,ETmax,High,22,0.00022,36.4,0.7724,0.8297,ns
M7vsM8_anom_24m,natural_breaks,Relative Disturbance,GPPsat,High,22,-0.3163,72.7,0.08135,0.4068,ns
M7vsM8_anom_24m,natural_breaks,Relative Disturbance,NEPmax,High,22,-0.34329,63.6,0.04889,0.2916,ns
M7vsM8_anom_24m,natural_breaks,Relative Disturbance,WUE,High,22,0.00217,50,0.5259,0.7821,ns
M7vsM8_anom_24m,natural_breaks,Relative Disturbance,uWUE,High,22,0.0055,45.5,0.5388,0.7821,ns
M7vsM8_anom_24m,natural_breaks,Relative Disturbance,ETmax,Mid,20,-0.00038,55,0.3614,0.7392,ns
M7vsM8_anom_24m,natural_breaks,Relative Disturbance,GPPsat,Mid,20,-0.16947,65,0.1055,0.4317,ns
M7vsM8_anom_24m,natural_breaks,Relative Disturbance,NEPmax,Mid,20,-0.41747,55,0.3614,0.7392,ns
M7vsM8_anom_24m,natural_breaks,Relative Disturbance,WUE,Mid,20,0.00075,45,0.4041,0.7392,ns
M7vsM8_anom_24m,natural_breaks,Relative Disturbance,uWUE,Mid,20,-0.00973,65,0.09253,0.4164,ns
M7vsM8_anom_24m,natural_breaks,Relative Disturbance,ETmax,Low,23,0.00061,39.1,0.7335,0.8297,ns
M7vsM8_anom_24m,natural_breaks,Relative Disturbance,GPPsat,Low,23,-0.14189,60.9,0.2281,0.6643,ns
M7vsM8_anom_24m,natural_breaks,Relative Disturbance,NEPmax,Low,23,-0.39086,69.6,0.01601,0.2791,ns
M7vsM8_anom_24m,natural_breaks,Relative Disturbance,WUE,Low,23,0.00714,43.5,0.7434,0.8297,ns
M7vsM8_anom_24m,natural_breaks,Relative Disturbance,uWUE,Low,23,0.00459,34.8,0.8665,0.8665,ns
